datetime,open,high,low,close,volume
2025-12-22 09:30:00,1.65,1.6573,1.64,1.64,467
2025-12-22 09:31:00,1.6599,1.6599,1.64,1.65,38
2025-12-22 09:32:00,1.655,1.67,1.655,1.664,84
2025-12-22 09:33:00,1.67,1.679,1.665,1.674,296
2025-12-22 09:34:00,1.68,1.7,1.68,1.695,280
2025-12-22 09:35:00,1.695,1.695,1.69,1.695,63
2025-12-22 09:36:00,1.694,1.7,1.694,1.7,101
2025-12-22 09:37:00,1.7,1.704,1.695,1.704,133
2025-12-22 09:38:00,1.704,1.704,1.704,1.704,1
2025-12-22 09:39:00,1.7,1.7,1.694,1.694,106
2025-12-22 09:40:00,1.695,1.695,1.694,1.695,8
2025-12-22 09:41:00,1.69,1.694,1.69,1.69,105
2025-12-22 09:42:00,1.684,1.6899,1.684,1.6899,3
2025-12-22 09:43:00,1.685,1.695,1.685,1.694,96
2025-12-22 09:44:00,1.695,1.695,1.69,1.69,7
2025-12-22 09:45:00,1.69,1.695,1.69,1.695,10
2025-12-22 09:46:00,1.695,1.695,1.69,1.69,6
2025-12-22 09:47:00,1.694,1.7,1.694,1.7,2
2025-12-22 09:48:00,1.6935,1.695,1.6935,1.695,84
2025-12-22 09:49:00,1.6924,1.695,1.69,1.694,178
2025-12-22 09:50:00,1.695,1.695,1.69,1.695,32
2025-12-22 09:51:00,1.695,1.695,1.6901,1.694,41
2025-12-22 09:52:00,1.69,1.694,1.69,1.694,2
2025-12-22 09:53:00,1.7,1.7,1.7,1.7,16
2025-12-22 09:54:00,1.69,1.6936,1.69,1.69,26
2025-12-22 09:55:00,1.695,1.695,1.695,1.695,4
2025-12-22 09:56:00,1.6901,1.695,1.6901,1.695,28
2025-12-22 09:57:00,1.695,1.7,1.69,1.6993,170
2025-12-22 09:58:00,1.6935,1.7,1.6935,1.7,22
2025-12-22 09:59:00,1.7,1.7,1.695,1.695,6
2025-12-22 10:00:00,1.7,1.71,1.7,1.705,212
2025-12-22 10:01:00,1.71,1.71,1.705,1.71,5
2025-12-22 10:02:00,1.71,1.71,1.705,1.71,42
2025-12-22 10:03:00,1.705,1.71,1.705,1.71,6
2025-12-22 10:04:00,1.71,1.72,1.71,1.711,244
2025-12-22 10:05:00,1.72,1.72,1.715,1.72,26
2025-12-22 10:06:00,1.72,1.72,1.715,1.72,7
2025-12-22 10:07:00,1.72,1.72,1.71,1.71,35
2025-12-22 10:08:00,1.71,1.72,1.71,1.72,23
2025-12-22 10:09:00,1.72,1.72,1.72,1.72,4
2025-12-22 10:10:00,1.72,1.72,1.715,1.72,4
2025-12-22 10:11:00,1.72,1.72,1.705,1.705,101
2025-12-22 10:12:00,1.71,1.71,1.71,1.71,1
2025-12-22 10:13:00,1.705,1.71,1.705,1.705,34
2025-12-22 10:14:00,1.709,1.709,1.7001,1.705,33
2025-12-22 10:15:00,1.705,1.71,1.7,1.705,109
2025-12-22 10:16:00,1.71,1.71,1.705,1.705,8
2025-12-22 10:17:00,1.7011,1.71,1.7011,1.71,39
2025-12-22 10:18:00,1.71,1.71,1.705,1.705,66
2025-12-22 10:19:00,1.7007,1.71,1.7007,1.71,28
2025-12-22 10:20:00,1.71,1.71,1.7,1.71,9
2025-12-22 10:21:00,1.705,1.71,1.7015,1.71,158
2025-12-22 10:22:00,1.71,1.71,1.705,1.71,7
2025-12-22 10:23:00,1.705,1.71,1.7,1.71,66
2025-12-22 10:24:00,1.705,1.71,1.7,1.7,21
2025-12-22 10:25:00,1.7,1.71,1.695,1.695,292
2025-12-22 10:26:00,1.6956,1.7,1.695,1.7,7
2025-12-22 10:27:00,1.7,1.7,1.695,1.695,10
2025-12-22 10:28:00,1.695,1.695,1.695,1.695,0
2025-12-22 10:29:00,1.695,1.695,1.695,1.695,2
2025-12-22 10:30:00,1.695,1.695,1.695,1.695,3
2025-12-22 10:31:00,1.7,1.7,1.69,1.7,33
2025-12-22 10:32:00,1.695,1.695,1.695,1.695,12
2025-12-22 10:33:00,1.695,1.6998,1.695,1.695,16
2025-12-22 10:34:00,1.695,1.7,1.695,1.7,20
2025-12-22 10:35:00,1.695,1.7,1.695,1.7,2
2025-12-22 10:36:00,1.7,1.7,1.7,1.7,5
2025-12-22 10:37:00,1.695,1.7,1.695,1.7,5
2025-12-22 10:38:00,1.695,1.7,1.69,1.699,55
2025-12-22 10:39:00,1.7,1.7,1.695,1.695,5
2025-12-22 10:40:00,1.7,1.7,1.695,1.7,12
2025-12-22 10:41:00,1.7,1.7,1.7,1.7,4
2025-12-22 10:42:00,1.7,1.705,1.7,1.705,74
2025-12-22 10:43:00,1.705,1.705,1.705,1.705,2
2025-12-22 10:44:00,1.705,1.709,1.705,1.705,20
2025-12-22 10:45:00,1.705,1.705,1.705,1.705,3
2025-12-22 10:46:00,1.705,1.705,1.705,1.705,0
2025-12-22 10:47:00,1.71,1.71,1.705,1.71,12
2025-12-22 10:48:00,1.71,1.71,1.71,1.71,1
2025-12-22 10:49:00,1.71,1.71,1.71,1.71,1
2025-12-22 10:50:00,1.71,1.71,1.705,1.705,11
2025-12-22 10:51:00,1.7085,1.71,1.7085,1.7089,16
2025-12-22 10:52:00,1.71,1.71,1.7035,1.7086,42
2025-12-22 10:53:00,1.71,1.71,1.705,1.705,2
2025-12-22 10:54:00,1.705,1.705,1.705,1.705,3
2025-12-22 10:55:00,1.705,1.71,1.705,1.705,17
2025-12-22 10:56:00,1.71,1.72,1.71,1.715,88
2025-12-22 10:57:00,1.72,1.72,1.72,1.72,4
2025-12-22 10:58:00,1.72,1.72,1.715,1.72,11
2025-12-22 10:59:00,1.715,1.715,1.715,1.715,2
2025-12-22 11:00:00,1.715,1.715,1.715,1.715,9
2025-12-22 11:01:00,1.72,1.72,1.715,1.72,103
2025-12-22 11:02:00,1.714,1.72,1.714,1.72,202
2025-12-22 11:03:00,1.72,1.72,1.715,1.72,349
2025-12-22 11:04:00,1.72,1.72,1.7122,1.72,206
2025-12-22 11:05:00,1.72,1.72,1.715,1.715,127
2025-12-22 11:06:00,1.72,1.725,1.715,1.715,428
2025-12-22 11:07:00,1.72,1.72,1.72,1.72,3
2025-12-22 11:08:00,1.72,1.72,1.72,1.72,0
2025-12-22 11:09:00,1.72,1.73,1.715,1.725,113
2025-12-22 11:10:00,1.725,1.725,1.715,1.715,687
2025-12-22 11:11:00,1.71,1.715,1.71,1.715,63
2025-12-22 11:12:00,1.715,1.715,1.7001,1.7011,182
2025-12-22 11:13:00,1.7022,1.7022,1.7,1.7011,33
2025-12-22 11:14:00,1.705,1.7089,1.7012,1.7012,9
2025-12-22 11:15:00,1.7012,1.7012,1.7012,1.7012,0
2025-12-22 11:16:00,1.71,1.71,1.705,1.705,4
2025-12-22 11:17:00,1.71,1.71,1.71,1.71,1
2025-12-22 11:18:00,1.71,1.71,1.71,1.71,0
2025-12-22 11:19:00,1.705,1.7092,1.705,1.7092,18
2025-12-22 11:20:00,1.7092,1.7092,1.7092,1.7092,0
2025-12-22 11:21:00,1.705,1.71,1.7,1.71,6
2025-12-22 11:22:00,1.705,1.705,1.7,1.705,19
2025-12-22 11:23:00,1.705,1.715,1.705,1.705,501
2025-12-22 11:24:00,1.705,1.71,1.7,1.71,25
2025-12-22 11:25:00,1.705,1.705,1.705,1.705,1
2025-12-22 11:26:00,1.71,1.71,1.705,1.705,6
2025-12-22 11:27:00,1.705,1.705,1.705,1.705,6
2025-12-22 11:28:00,1.705,1.705,1.7,1.7,109
2025-12-22 11:29:00,1.7,1.7,1.7,1.7,2
2025-12-22 11:30:00,1.7,1.7,1.7,1.7,14
2025-12-22 11:31:00,1.7,1.705,1.7,1.7,16
2025-12-22 11:32:00,1.7,1.705,1.7,1.7,257
2025-12-22 11:33:00,1.7,1.705,1.7,1.705,46
2025-12-22 11:34:00,1.705,1.7081,1.7,1.705,18
2025-12-22 11:35:00,1.7,1.705,1.7,1.705,53
2025-12-22 11:36:00,1.705,1.7088,1.705,1.705,5
2025-12-22 11:37:00,1.7,1.7,1.7,1.7,1
2025-12-22 11:38:00,1.7,1.705,1.7,1.7,6
2025-12-22 11:39:00,1.7,1.71,1.7,1.71,31
2025-12-22 11:40:00,1.71,1.71,1.7,1.7001,68
2025-12-22 11:41:00,1.7029,1.71,1.7029,1.7069,24
2025-12-22 11:42:00,1.7069,1.7069,1.7069,1.7069,0
2025-12-22 11:43:00,1.71,1.71,1.71,1.71,3
2025-12-22 11:44:00,1.705,1.705,1.7,1.7,10
2025-12-22 11:45:00,1.705,1.705,1.69,1.695,234
2025-12-22 11:46:00,1.7,1.7,1.695,1.695,6
2025-12-22 11:47:00,1.6905,1.7,1.6905,1.7,25
2025-12-22 11:48:00,1.7,1.7,1.695,1.695,5
2025-12-22 11:49:00,1.7,1.7,1.695,1.695,16
2025-12-22 11:50:00,1.695,1.7,1.695,1.7,19
2025-12-22 11:51:00,1.7,1.7,1.695,1.695,6
2025-12-22 11:52:00,1.7,1.7,1.6942,1.6942,7
2025-12-22 11:53:00,1.695,1.7,1.695,1.695,7
2025-12-22 11:54:00,1.695,1.695,1.69,1.695,292
2025-12-22 11:55:00,1.695,1.7,1.695,1.7,5
2025-12-22 11:56:00,1.7,1.7,1.695,1.7,7
2025-12-22 11:57:00,1.7,1.7,1.695,1.7,66
2025-12-22 11:58:00,1.7,1.7,1.695,1.7,54
2025-12-22 11:59:00,1.7,1.7,1.69,1.695,70
2025-12-22 12:00:00,1.69,1.7,1.69,1.7,74
2025-12-22 12:01:00,1.695,1.7,1.695,1.7,5
2025-12-22 12:02:00,1.7,1.7,1.695,1.7,20
2025-12-22 12:03:00,1.695,1.7,1.695,1.695,6
2025-12-22 12:04:00,1.7,1.7,1.695,1.7,14
2025-12-22 12:05:00,1.695,1.7,1.695,1.695,20
2025-12-22 12:06:00,1.7,1.7,1.695,1.695,10
2025-12-22 12:07:00,1.7,1.7,1.695,1.7,255
2025-12-22 12:08:00,1.7,1.7,1.6901,1.6901,67
2025-12-22 12:09:00,1.7,1.7,1.695,1.695,10
2025-12-22 12:10:00,1.6986,1.7,1.69,1.7,14
2025-12-22 12:11:00,1.6999,1.7,1.6999,1.7,9
2025-12-22 12:12:00,1.695,1.7,1.695,1.7,13
2025-12-22 12:13:00,1.7,1.7,1.695,1.695,12
2025-12-22 12:14:00,1.7,1.7,1.695,1.6964,15
2025-12-22 12:15:00,1.7,1.7,1.695,1.7,12
2025-12-22 12:16:00,1.7,1.7,1.695,1.695,8
2025-12-22 12:17:00,1.7,1.7,1.695,1.7,17
2025-12-22 12:18:00,1.695,1.695,1.695,1.695,32
2025-12-22 12:19:00,1.7,1.7,1.69,1.7,9
2025-12-22 12:20:00,1.695,1.7,1.695,1.7,14
2025-12-22 12:21:00,1.695,1.7,1.695,1.7,34
2025-12-22 12:22:00,1.7,1.7,1.6936,1.695,51
2025-12-22 12:23:00,1.695,1.7,1.6907,1.695,26
2025-12-22 12:24:00,1.695,1.7,1.69,1.695,22
2025-12-22 12:25:00,1.695,1.7,1.695,1.6958,30
2025-12-22 12:26:00,1.7,1.7,1.695,1.7,25
2025-12-22 12:27:00,1.7,1.7,1.695,1.695,11
2025-12-22 12:28:00,1.7,1.7,1.695,1.695,5
2025-12-22 12:29:00,1.695,1.7,1.695,1.7,7
2025-12-22 12:30:00,1.6912,1.695,1.6912,1.695,63
2025-12-22 12:31:00,1.7,1.7,1.695,1.695,25
2025-12-22 12:32:00,1.695,1.7,1.695,1.695,6
2025-12-22 12:33:00,1.699,1.699,1.695,1.695,14
2025-12-22 12:34:00,1.7,1.7,1.695,1.695,3
2025-12-22 12:35:00,1.6942,1.7,1.6942,1.695,41
2025-12-22 12:36:00,1.695,1.7,1.69,1.7,36
2025-12-22 12:37:00,1.695,1.7,1.695,1.7,3
2025-12-22 12:38:00,1.69,1.695,1.69,1.695,13
2025-12-22 12:39:00,1.69,1.695,1.69,1.695,103
2025-12-22 12:40:00,1.695,1.695,1.69,1.69,59
2025-12-22 12:41:00,1.695,1.7,1.695,1.7,2
2025-12-22 12:42:00,1.695,1.695,1.69,1.69,5
2025-12-22 12:43:00,1.695,1.7,1.695,1.7,4
2025-12-22 12:44:00,1.695,1.695,1.695,1.695,4
2025-12-22 12:45:00,1.695,1.695,1.69,1.695,14
2025-12-22 12:46:00,1.69,1.695,1.69,1.69,5
2025-12-22 12:47:00,1.695,1.695,1.695,1.695,4
2025-12-22 12:48:00,1.695,1.7,1.695,1.695,5
2025-12-22 12:49:00,1.69,1.7,1.69,1.69,4
2025-12-22 12:50:00,1.7,1.7,1.695,1.695,2
2025-12-22 12:51:00,1.7,1.7,1.69,1.69,33
2025-12-22 12:52:00,1.7,1.7,1.69,1.7,5
2025-12-22 12:53:00,1.6964,1.6964,1.69,1.695,36
2025-12-22 12:54:00,1.695,1.695,1.69,1.69,2
2025-12-22 12:55:00,1.695,1.695,1.695,1.695,4
2025-12-22 12:56:00,1.695,1.695,1.69,1.69,14
2025-12-22 12:57:00,1.695,1.7,1.695,1.695,14
2025-12-22 12:58:00,1.7,1.7,1.695,1.6964,21
2025-12-22 12:59:00,1.695,1.6993,1.69,1.69,13
2025-12-22 13:00:00,1.695,1.695,1.69,1.6901,15
2025-12-22 13:01:00,1.69,1.695,1.69,1.69,28
2025-12-22 13:02:00,1.695,1.695,1.6902,1.695,11
2025-12-22 13:03:00,1.695,1.695,1.695,1.695,5
2025-12-22 13:04:00,1.695,1.695,1.695,1.695,3
2025-12-22 13:05:00,1.69,1.69,1.68,1.685,146
2025-12-22 13:06:00,1.685,1.69,1.685,1.685,7
2025-12-22 13:07:00,1.685,1.685,1.685,1.685,7
2025-12-22 13:08:00,1.68,1.685,1.68,1.68,34
2025-12-22 13:09:00,1.6801,1.6801,1.6801,1.6801,1
2025-12-22 13:10:00,1.6801,1.6801,1.6801,1.6801,0
2025-12-22 13:11:00,1.6801,1.6801,1.6801,1.6801,0
2025-12-22 13:12:00,1.6808,1.6808,1.68,1.68,49
2025-12-22 13:13:00,1.68,1.685,1.68,1.68,23
2025-12-22 13:14:00,1.68,1.68,1.68,1.68,12
2025-12-22 13:15:00,1.6808,1.685,1.68,1.6811,115
2025-12-22 13:16:00,1.68,1.6834,1.68,1.6834,5
2025-12-22 13:17:00,1.6806,1.6806,1.68,1.68,21
2025-12-22 13:18:00,1.6899,1.6899,1.68,1.68,36
2025-12-22 13:19:00,1.69,1.69,1.69,1.69,2
2025-12-22 13:20:00,1.69,1.69,1.68,1.68,4
2025-12-22 13:21:00,1.68,1.69,1.68,1.69,4
2025-12-22 13:22:00,1.69,1.69,1.68,1.68,4
2025-12-22 13:23:00,1.69,1.69,1.68,1.68,132
2025-12-22 13:24:00,1.68,1.69,1.68,1.68,15
2025-12-22 13:25:00,1.69,1.69,1.68,1.68,4
2025-12-22 13:26:00,1.681,1.69,1.68,1.69,8
2025-12-22 13:27:00,1.68,1.69,1.68,1.69,3
2025-12-22 13:28:00,1.68,1.69,1.68,1.69,3
2025-12-22 13:29:00,1.69,1.69,1.68,1.68,41
2025-12-22 13:30:00,1.685,1.69,1.685,1.69,4
2025-12-22 13:31:00,1.69,1.69,1.68,1.68,3
2025-12-22 13:32:00,1.69,1.69,1.69,1.69,2
2025-12-22 13:33:00,1.69,1.69,1.68,1.69,4
2025-12-22 13:34:00,1.69,1.69,1.69,1.69,2
2025-12-22 13:35:00,1.68,1.685,1.67,1.675,475
2025-12-22 13:36:00,1.675,1.6764,1.675,1.6764,6
2025-12-22 13:37:00,1.68,1.69,1.675,1.685,427
2025-12-22 13:38:00,1.685,1.685,1.685,1.685,5
2025-12-22 13:39:00,1.685,1.685,1.685,1.685,23
2025-12-22 13:40:00,1.6854,1.6854,1.6854,1.6854,20
2025-12-22 13:41:00,1.685,1.69,1.685,1.6864,40
2025-12-22 13:42:00,1.6889,1.6889,1.685,1.6851,14
2025-12-22 13:43:00,1.685,1.685,1.685,1.685,1
2025-12-22 13:44:00,1.685,1.6899,1.685,1.6899,2
2025-12-22 13:45:00,1.685,1.6899,1.685,1.6899,40
2025-12-22 13:46:00,1.69,1.69,1.69,1.69,6
2025-12-22 13:47:00,1.685,1.69,1.685,1.69,3
2025-12-22 13:48:00,1.69,1.69,1.685,1.69,6
2025-12-22 13:49:00,1.69,1.7,1.69,1.7,322
2025-12-22 13:50:00,1.7,1.7,1.7,1.7,2
2025-12-22 13:51:00,1.6999,1.7,1.695,1.7,105
2025-12-22 13:52:00,1.6901,1.7,1.6901,1.695,56
2025-12-22 13:53:00,1.695,1.7,1.6935,1.7,20
2025-12-22 13:54:00,1.7,1.7,1.69,1.695,47
2025-12-22 13:55:00,1.7,1.7,1.69,1.7,9
2025-12-22 13:56:00,1.69,1.695,1.69,1.69,6
2025-12-22 13:57:00,1.69,1.69,1.69,1.69,0
2025-12-22 13:58:00,1.69,1.695,1.69,1.695,61
2025-12-22 13:59:00,1.7,1.7,1.69,1.69,4
2025-12-22 14:00:00,1.6998,1.6998,1.69,1.695,345
2025-12-22 14:01:00,1.695,1.695,1.69,1.695,12
2025-12-22 14:02:00,1.695,1.695,1.695,1.695,0
2025-12-22 14:03:00,1.695,1.695,1.69,1.69,3
2025-12-22 14:04:00,1.69,1.7,1.69,1.7,5
2025-12-22 14:05:00,1.69,1.7,1.69,1.69,57
2025-12-22 14:06:00,1.7,1.7,1.7,1.7,2
2025-12-22 14:07:00,1.7,1.7,1.695,1.695,3
2025-12-22 14:08:00,1.7,1.7,1.69,1.7,49
2025-12-22 14:09:00,1.7,1.7,1.69,1.69,21
2025-12-22 14:10:00,1.7,1.7,1.695,1.7,4
2025-12-22 14:11:00,1.69,1.7,1.69,1.69,21
2025-12-22 14:12:00,1.695,1.695,1.695,1.695,2
2025-12-22 14:13:00,1.6901,1.7,1.6901,1.7,20
2025-12-22 14:14:00,1.695,1.7,1.69,1.69,37
2025-12-22 14:15:00,1.69,1.7,1.69,1.7,6
2025-12-22 14:16:00,1.695,1.7,1.695,1.695,4
2025-12-22 14:17:00,1.7,1.7,1.69,1.69,13
2025-12-22 14:18:00,1.695,1.7,1.695,1.6999,9
2025-12-22 14:19:00,1.69,1.7,1.69,1.7,4
2025-12-22 14:20:00,1.69,1.6976,1.69,1.695,130
2025-12-22 14:21:00,1.7,1.7,1.695,1.695,4
2025-12-22 14:22:00,1.695,1.695,1.695,1.695,0
2025-12-22 14:23:00,1.695,1.695,1.695,1.695,7
2025-12-22 14:24:00,1.69,1.7,1.69,1.7,3
2025-12-22 14:25:00,1.695,1.7,1.695,1.7,3
2025-12-22 14:26:00,1.695,1.7,1.69,1.69,5
2025-12-22 14:27:00,1.7,1.7,1.69,1.7,41
2025-12-22 14:28:00,1.7,1.7,1.69,1.695,6
2025-12-22 14:29:00,1.7,1.7,1.7,1.7,3
2025-12-22 14:30:00,1.695,1.7,1.69,1.7,5
2025-12-22 14:31:00,1.695,1.7,1.695,1.7,3
2025-12-22 14:32:00,1.69,1.7,1.69,1.69,5
2025-12-22 14:33:00,1.69,1.69,1.685,1.685,198
2025-12-22 14:34:00,1.685,1.685,1.685,1.685,1
2025-12-22 14:35:00,1.685,1.685,1.685,1.685,13
2025-12-22 14:36:00,1.685,1.685,1.685,1.685,0
2025-12-22 14:37:00,1.685,1.685,1.685,1.685,1
2025-12-22 14:38:00,1.685,1.685,1.685,1.685,3
2025-12-22 14:39:00,1.685,1.69,1.685,1.69,4
2025-12-22 14:40:00,1.6893,1.6893,1.685,1.685,6
2025-12-22 14:41:00,1.685,1.685,1.68,1.685,9
2025-12-22 14:42:00,1.685,1.69,1.685,1.69,3
2025-12-22 14:43:00,1.69,1.69,1.685,1.69,3
2025-12-22 14:44:00,1.69,1.69,1.685,1.69,4
2025-12-22 14:45:00,1.69,1.69,1.68,1.685,8
2025-12-22 14:46:00,1.69,1.69,1.6863,1.69,63
2025-12-22 14:47:00,1.685,1.69,1.685,1.69,15
2025-12-22 14:48:00,1.685,1.69,1.68,1.685,15
2025-12-22 14:49:00,1.6864,1.69,1.685,1.69,39
2025-12-22 14:50:00,1.68,1.69,1.68,1.69,19
2025-12-22 14:51:00,1.69,1.69,1.69,1.69,3
2025-12-22 14:52:00,1.69,1.69,1.685,1.685,10
2025-12-22 14:53:00,1.685,1.69,1.6803,1.69,53
2025-12-22 14:54:00,1.68,1.685,1.68,1.68,75
2025-12-22 14:55:00,1.685,1.685,1.67,1.675,359
2025-12-22 14:56:00,1.67,1.675,1.67,1.67,4
2025-12-22 14:57:00,1.675,1.675,1.675,1.675,11
2025-12-22 14:58:00,1.675,1.675,1.675,1.675,8
2025-12-22 14:59:00,1.675,1.675,1.675,1.675,0
2025-12-22 15:00:00,1.6765,1.6765,1.67,1.67,54
2025-12-22 15:01:00,1.675,1.675,1.675,1.675,12
2025-12-22 15:02:00,1.675,1.68,1.675,1.68,8
2025-12-22 15:03:00,1.675,1.675,1.675,1.675,2
2025-12-22 15:04:00,1.675,1.675,1.675,1.675,1
2025-12-22 15:05:00,1.675,1.675,1.675,1.675,3
2025-12-22 15:06:00,1.675,1.675,1.6711,1.675,8
2025-12-22 15:07:00,1.675,1.675,1.675,1.675,2
2025-12-22 15:08:00,1.675,1.675,1.67,1.675,10
2025-12-22 15:09:00,1.675,1.675,1.67,1.675,6
2025-12-22 15:10:00,1.68,1.68,1.68,1.68,2
2025-12-22 15:11:00,1.68,1.68,1.675,1.675,5
2025-12-22 15:12:00,1.68,1.68,1.675,1.68,5
2025-12-22 15:13:00,1.68,1.68,1.67,1.67,5
2025-12-22 15:14:00,1.675,1.68,1.675,1.675,11
2025-12-22 15:15:00,1.68,1.68,1.675,1.675,7
2025-12-22 15:16:00,1.675,1.68,1.675,1.68,4
2025-12-22 15:17:00,1.68,1.68,1.67,1.67,15
2025-12-22 15:18:00,1.675,1.675,1.66,1.665,443
2025-12-22 15:19:00,1.665,1.665,1.665,1.665,2
2025-12-22 15:20:00,1.665,1.67,1.66,1.665,184
2025-12-22 15:21:00,1.665,1.665,1.665,1.665,22
2025-12-22 15:22:00,1.665,1.665,1.665,1.665,23
2025-12-22 15:23:00,1.665,1.665,1.665,1.665,5
2025-12-22 15:24:00,1.665,1.665,1.66,1.665,23
2025-12-22 15:25:00,1.665,1.68,1.665,1.675,747
2025-12-22 15:26:00,1.675,1.675,1.6744,1.675,10
2025-12-22 15:27:00,1.675,1.675,1.675,1.675,18
2025-12-22 15:28:00,1.675,1.6793,1.675,1.675,12
2025-12-22 15:29:00,1.675,1.675,1.67,1.675,7
2025-12-22 15:30:00,1.675,1.6789,1.67,1.675,242
2025-12-22 15:31:00,1.67,1.67,1.67,1.67,13
2025-12-22 15:32:00,1.6771,1.68,1.67,1.675,276
2025-12-22 15:33:00,1.67,1.675,1.67,1.67,19
2025-12-22 15:34:00,1.67,1.67,1.67,1.67,7
2025-12-22 15:35:00,1.67,1.675,1.67,1.675,41
2025-12-22 15:36:00,1.675,1.675,1.675,1.675,15
2025-12-22 15:37:00,1.675,1.68,1.675,1.68,9
2025-12-22 15:38:00,1.675,1.675,1.675,1.675,26
2025-12-22 15:39:00,1.675,1.675,1.67,1.675,13
2025-12-22 15:40:00,1.67,1.675,1.67,1.67,14
2025-12-22 15:41:00,1.67,1.675,1.67,1.675,9
2025-12-22 15:42:00,1.67,1.675,1.67,1.67,33
2025-12-22 15:43:00,1.67,1.675,1.67,1.67,19
2025-12-22 15:44:00,1.67,1.675,1.67,1.675,28
2025-12-22 15:45:00,1.67,1.68,1.67,1.67,25
2025-12-22 15:46:00,1.67,1.68,1.67,1.67,120
2025-12-22 15:47:00,1.67,1.675,1.67,1.67,56
2025-12-22 15:48:00,1.67,1.675,1.67,1.67,29
2025-12-22 15:49:00,1.67,1.675,1.67,1.67,50
2025-12-22 15:50:00,1.67,1.67,1.66,1.66,166
2025-12-22 15:51:00,1.66,1.66,1.66,1.66,2
2025-12-22 15:52:00,1.66,1.665,1.66,1.665,34
2025-12-22 15:53:00,1.66,1.665,1.66,1.665,75
2025-12-22 15:54:00,1.665,1.665,1.66,1.665,265
2025-12-22 15:55:00,1.665,1.67,1.66,1.665,527
2025-12-22 15:56:00,1.665,1.67,1.65,1.655,1218
2025-12-22 15:57:00,1.655,1.655,1.65,1.65,132
2025-12-22 15:58:00,1.65,1.66,1.65,1.655,587
2025-12-22 15:59:00,1.655,1.655,1.65,1.65,663
2025-12-23 09:30:00,1.68,1.68,1.63,1.635,1506
2025-12-23 09:31:00,1.635,1.635,1.62,1.63,265
2025-12-23 09:32:00,1.625,1.63,1.62,1.62,55
2025-12-23 09:33:00,1.62,1.63,1.62,1.625,111
2025-12-23 09:34:00,1.62,1.63,1.62,1.625,684
2025-12-23 09:35:00,1.625,1.63,1.62,1.63,54
2025-12-23 09:36:00,1.625,1.625,1.62,1.625,62
2025-12-23 09:37:00,1.62,1.63,1.62,1.62,33
2025-12-23 09:38:00,1.625,1.63,1.62,1.62,21
2025-12-23 09:39:00,1.625,1.63,1.61,1.615,1164
2025-12-23 09:40:00,1.615,1.62,1.615,1.615,1477
2025-12-23 09:41:00,1.615,1.62,1.605,1.605,2181
2025-12-23 09:42:00,1.6086,1.62,1.605,1.62,838
2025-12-23 09:43:00,1.62,1.63,1.62,1.625,119
2025-12-23 09:44:00,1.625,1.63,1.62,1.6299,721
2025-12-23 09:45:00,1.6293,1.64,1.628,1.64,180
2025-12-23 09:46:00,1.6399,1.64,1.63,1.64,226
2025-12-23 09:47:00,1.64,1.64,1.635,1.64,129
2025-12-23 09:48:00,1.635,1.64,1.635,1.64,43
2025-12-23 09:49:00,1.64,1.64,1.635,1.64,11
2025-12-23 09:50:00,1.64,1.64,1.635,1.635,4
2025-12-23 09:51:00,1.635,1.64,1.6302,1.6399,42
2025-12-23 09:52:00,1.63,1.64,1.63,1.63,13
2025-12-23 09:53:00,1.63,1.64,1.63,1.63,64
2025-12-23 09:54:00,1.63,1.64,1.63,1.63,115
2025-12-23 09:55:00,1.64,1.65,1.63,1.65,409
2025-12-23 09:56:00,1.645,1.655,1.645,1.655,250
2025-12-23 09:57:00,1.655,1.66,1.6503,1.66,261
2025-12-23 09:58:00,1.6555,1.66,1.655,1.655,297
2025-12-23 09:59:00,1.655,1.66,1.65,1.66,121
2025-12-23 10:00:00,1.66,1.66,1.6544,1.66,314
2025-12-23 10:01:00,1.655,1.66,1.655,1.655,92
2025-12-23 10:02:00,1.655,1.66,1.65,1.655,54
2025-12-23 10:03:00,1.65,1.66,1.65,1.65,32
2025-12-23 10:04:00,1.655,1.655,1.65,1.65,16
2025-12-23 10:05:00,1.65,1.66,1.65,1.66,147
2025-12-23 10:06:00,1.655,1.655,1.65,1.65,11
2025-12-23 10:07:00,1.65,1.66,1.65,1.66,69
2025-12-23 10:08:00,1.65,1.66,1.65,1.655,8
2025-12-23 10:09:00,1.65,1.66,1.65,1.65,16
2025-12-23 10:10:00,1.65,1.655,1.65,1.65,6
2025-12-23 10:11:00,1.66,1.66,1.65,1.66,20
2025-12-23 10:12:00,1.65,1.655,1.65,1.65,20
2025-12-23 10:13:00,1.66,1.66,1.65,1.65,16
2025-12-23 10:14:00,1.65,1.66,1.65,1.66,24
2025-12-23 10:15:00,1.65,1.66,1.65,1.655,123
2025-12-23 10:16:00,1.65,1.65,1.65,1.65,3
2025-12-23 10:17:00,1.65,1.655,1.65,1.655,5
2025-12-23 10:18:00,1.65,1.655,1.65,1.65,102
2025-12-23 10:19:00,1.65,1.655,1.65,1.65,7
2025-12-23 10:20:00,1.65,1.65,1.65,1.65,5
2025-12-23 10:21:00,1.65,1.655,1.65,1.65,20
2025-12-23 10:22:00,1.65,1.65,1.65,1.65,4
2025-12-23 10:23:00,1.65,1.65,1.65,1.65,23
2025-12-23 10:24:00,1.65,1.65,1.64,1.64,303
2025-12-23 10:25:00,1.6455,1.6455,1.64,1.64,4
2025-12-23 10:26:00,1.64,1.645,1.64,1.64,5
2025-12-23 10:27:00,1.64,1.645,1.64,1.64,5
2025-12-23 10:28:00,1.6422,1.6422,1.64,1.64,5
2025-12-23 10:29:00,1.64,1.64,1.64,1.64,4
2025-12-23 10:30:00,1.64,1.645,1.64,1.641,5
2025-12-23 10:31:00,1.64,1.64,1.64,1.64,2
2025-12-23 10:32:00,1.645,1.645,1.64,1.64,33
2025-12-23 10:33:00,1.64,1.64,1.64,1.64,4
2025-12-23 10:34:00,1.645,1.645,1.64,1.64,6
2025-12-23 10:35:00,1.64,1.64,1.64,1.64,5
2025-12-23 10:36:00,1.64,1.645,1.64,1.64,6
2025-12-23 10:37:00,1.64,1.645,1.64,1.64,13
2025-12-23 10:38:00,1.64,1.64,1.64,1.64,5
2025-12-23 10:39:00,1.64,1.64,1.64,1.64,4
2025-12-23 10:40:00,1.64,1.645,1.64,1.64,5
2025-12-23 10:41:00,1.645,1.645,1.64,1.64,23
2025-12-23 10:42:00,1.64,1.64,1.64,1.64,14
2025-12-23 10:43:00,1.645,1.645,1.64,1.64,6
2025-12-23 10:44:00,1.64,1.645,1.64,1.64,6
2025-12-23 10:45:00,1.64,1.6497,1.64,1.6497,65
2025-12-23 10:46:00,1.64,1.645,1.64,1.64,204
2025-12-23 10:47:00,1.64,1.6499,1.64,1.64,54
2025-12-23 10:48:00,1.645,1.645,1.64,1.64,50
2025-12-23 10:49:00,1.64,1.65,1.64,1.645,19
2025-12-23 10:50:00,1.64,1.645,1.64,1.645,5
2025-12-23 10:51:00,1.64,1.645,1.64,1.645,35
2025-12-23 10:52:00,1.64,1.645,1.64,1.64,15
2025-12-23 10:53:00,1.64,1.65,1.64,1.64,26
2025-12-23 10:54:00,1.64,1.645,1.64,1.64,43
2025-12-23 10:55:00,1.64,1.65,1.64,1.64,4
2025-12-23 10:56:00,1.64,1.65,1.64,1.64,21
2025-12-23 10:57:00,1.645,1.645,1.64,1.64,6
2025-12-23 10:58:00,1.645,1.645,1.64,1.64,6
2025-12-23 10:59:00,1.64,1.645,1.64,1.64,4
2025-12-23 11:00:00,1.64,1.64,1.64,1.64,3
2025-12-23 11:01:00,1.645,1.65,1.64,1.64,26
2025-12-23 11:02:00,1.64,1.65,1.64,1.64,5
2025-12-23 11:03:00,1.64,1.65,1.64,1.64,19
2025-12-23 11:04:00,1.645,1.65,1.64,1.64,13
2025-12-23 11:05:00,1.645,1.645,1.64,1.645,13
2025-12-23 11:06:00,1.64,1.65,1.64,1.65,7
2025-12-23 11:07:00,1.64,1.645,1.64,1.64,5
2025-12-23 11:08:00,1.64,1.645,1.64,1.64,10
2025-12-23 11:09:00,1.64,1.645,1.64,1.64,9
2025-12-23 11:10:00,1.64,1.64,1.64,1.64,3
2025-12-23 11:11:00,1.6488,1.65,1.64,1.64,16
2025-12-23 11:12:00,1.64,1.64,1.64,1.64,3
2025-12-23 11:13:00,1.64,1.6444,1.64,1.64,5
2025-12-23 11:14:00,1.64,1.645,1.64,1.64,5
2025-12-23 11:15:00,1.64,1.645,1.64,1.645,4
2025-12-23 11:16:00,1.64,1.645,1.64,1.64,12
2025-12-23 11:17:00,1.645,1.65,1.64,1.64,36
2025-12-23 11:18:00,1.64,1.645,1.64,1.64,9
2025-12-23 11:19:00,1.64,1.64,1.64,1.64,4
2025-12-23 11:20:00,1.64,1.64,1.64,1.64,3
2025-12-23 11:21:00,1.64,1.65,1.64,1.645,8
2025-12-23 11:22:00,1.64,1.65,1.64,1.6405,15
2025-12-23 11:23:00,1.64,1.645,1.64,1.64,6
2025-12-23 11:24:00,1.64,1.6456,1.64,1.645,44
2025-12-23 11:25:00,1.645,1.645,1.63,1.635,259
2025-12-23 11:26:00,1.63,1.64,1.63,1.635,8
2025-12-23 11:27:00,1.635,1.635,1.63,1.635,12
2025-12-23 11:28:00,1.635,1.635,1.63,1.63,4
2025-12-23 11:29:00,1.63,1.635,1.63,1.63,4
2025-12-23 11:30:00,1.63,1.635,1.63,1.635,16
2025-12-23 11:31:00,1.63,1.635,1.63,1.635,7
2025-12-23 11:32:00,1.63,1.63,1.63,1.63,3
2025-12-23 11:33:00,1.63,1.635,1.63,1.635,20
2025-12-23 11:34:00,1.6301,1.635,1.62,1.62,569
2025-12-23 11:35:00,1.62,1.63,1.62,1.62,15
2025-12-23 11:36:00,1.62,1.625,1.62,1.62,3
2025-12-23 11:37:00,1.62,1.625,1.62,1.625,42
2025-12-23 11:38:00,1.62,1.63,1.62,1.63,351
2025-12-23 11:39:00,1.635,1.635,1.635,1.635,38
2025-12-23 11:40:00,1.635,1.635,1.635,1.635,2
2025-12-23 11:41:00,1.635,1.635,1.635,1.635,3
2025-12-23 11:42:00,1.635,1.635,1.635,1.635,5
2025-12-23 11:43:00,1.635,1.635,1.635,1.635,0
2025-12-23 11:44:00,1.635,1.635,1.635,1.635,0
2025-12-23 11:45:00,1.635,1.635,1.635,1.635,22
2025-12-23 11:46:00,1.635,1.635,1.635,1.635,10
2025-12-23 11:47:00,1.635,1.635,1.635,1.635,17
2025-12-23 11:48:00,1.635,1.635,1.635,1.635,3
2025-12-23 11:49:00,1.635,1.635,1.63,1.63,7
2025-12-23 11:50:00,1.63,1.635,1.63,1.635,5
2025-12-23 11:51:00,1.63,1.635,1.63,1.63,4
2025-12-23 11:52:00,1.63,1.63,1.63,1.63,3
2025-12-23 11:53:00,1.63,1.63,1.63,1.63,3
2025-12-23 11:54:00,1.64,1.64,1.63,1.63,15
2025-12-23 11:55:00,1.63,1.63,1.63,1.63,3
2025-12-23 11:56:00,1.635,1.635,1.63,1.63,6
2025-12-23 11:57:00,1.63,1.635,1.63,1.63,3
2025-12-23 11:58:00,1.63,1.64,1.63,1.63,26
2025-12-23 11:59:00,1.63,1.635,1.63,1.63,22
2025-12-23 12:00:00,1.63,1.6398,1.63,1.63,13
2025-12-23 12:01:00,1.63,1.63,1.63,1.63,3
2025-12-23 12:02:00,1.63,1.6398,1.63,1.63,25
2025-12-23 12:03:00,1.63,1.6398,1.63,1.63,15
2025-12-23 12:04:00,1.63,1.635,1.63,1.63,4
2025-12-23 12:05:00,1.63,1.6398,1.63,1.63,15
2025-12-23 12:06:00,1.63,1.635,1.63,1.63,4
2025-12-23 12:07:00,1.63,1.6398,1.63,1.6398,13
2025-12-23 12:08:00,1.63,1.6398,1.63,1.63,15
2025-12-23 12:09:00,1.63,1.635,1.63,1.63,24
2025-12-23 12:10:00,1.63,1.635,1.63,1.635,3
2025-12-23 12:11:00,1.63,1.635,1.63,1.635,11
2025-12-23 12:12:00,1.63,1.63,1.63,1.63,11
2025-12-23 12:13:00,1.63,1.63,1.63,1.63,24
2025-12-23 12:14:00,1.63,1.635,1.63,1.63,5
2025-12-23 12:15:00,1.63,1.63,1.63,1.63,13
2025-12-23 12:16:00,1.63,1.6336,1.63,1.6307,120
2025-12-23 12:17:00,1.635,1.635,1.63,1.63,4
2025-12-23 12:18:00,1.63,1.63,1.63,1.63,3
2025-12-23 12:19:00,1.63,1.635,1.63,1.635,7
2025-12-23 12:20:00,1.63,1.63,1.63,1.63,4
2025-12-23 12:21:00,1.63,1.63,1.63,1.63,4
2025-12-23 12:22:00,1.63,1.6392,1.63,1.6392,270
2025-12-23 12:23:00,1.63,1.635,1.63,1.63,17
2025-12-23 12:24:00,1.63,1.64,1.63,1.64,28
2025-12-23 12:25:00,1.63,1.635,1.63,1.63,6
2025-12-23 12:26:00,1.635,1.635,1.63,1.63,18
2025-12-23 12:27:00,1.63,1.63,1.63,1.63,2
2025-12-23 12:28:00,1.63,1.635,1.63,1.63,17
2025-12-23 12:29:00,1.63,1.635,1.63,1.635,3
2025-12-23 12:30:00,1.63,1.635,1.63,1.635,3
2025-12-23 12:31:00,1.63,1.63,1.63,1.63,3
2025-12-23 12:32:00,1.63,1.635,1.63,1.63,5
2025-12-23 12:33:00,1.63,1.63,1.63,1.63,2
2025-12-23 12:34:00,1.63,1.63,1.63,1.63,3
2025-12-23 12:35:00,1.635,1.64,1.63,1.63,12
2025-12-23 12:36:00,1.635,1.635,1.63,1.63,34
2025-12-23 12:37:00,1.63,1.635,1.63,1.63,12
2025-12-23 12:38:00,1.63,1.6342,1.63,1.63,8
2025-12-23 12:39:00,1.635,1.635,1.63,1.63,4
2025-12-23 12:40:00,1.63,1.635,1.63,1.63,4
2025-12-23 12:41:00,1.63,1.63,1.63,1.63,2
2025-12-23 12:42:00,1.635,1.635,1.63,1.63,25
2025-12-23 12:43:00,1.63,1.63,1.63,1.63,2
2025-12-23 12:44:00,1.63,1.63,1.63,1.63,3
2025-12-23 12:45:00,1.63,1.64,1.63,1.64,12
2025-12-23 12:46:00,1.63,1.635,1.63,1.63,5
2025-12-23 12:47:00,1.63,1.635,1.63,1.63,13
2025-12-23 12:48:00,1.63,1.635,1.63,1.63,4
2025-12-23 12:49:00,1.63,1.635,1.63,1.63,18
2025-12-23 12:50:00,1.63,1.635,1.63,1.63,75
2025-12-23 12:51:00,1.63,1.635,1.63,1.63,5
2025-12-23 12:52:00,1.63,1.635,1.63,1.63,6
2025-12-23 12:53:00,1.63,1.63,1.63,1.63,3
2025-12-23 12:54:00,1.63,1.635,1.63,1.635,9
2025-12-23 12:55:00,1.63,1.635,1.63,1.63,22
2025-12-23 12:56:00,1.63,1.63,1.62,1.63,543
2025-12-23 12:57:00,1.63,1.63,1.6299,1.63,24
2025-12-23 12:58:00,1.63,1.63,1.625,1.63,15
2025-12-23 12:59:00,1.63,1.63,1.62,1.63,161
2025-12-23 13:00:00,1.63,1.63,1.63,1.63,0
2025-12-23 13:01:00,1.63,1.635,1.63,1.635,6
2025-12-23 13:02:00,1.635,1.635,1.635,1.635,0
2025-12-23 13:03:00,1.635,1.64,1.635,1.64,4
2025-12-23 13:04:00,1.63,1.63,1.63,1.63,4
2025-12-23 13:05:00,1.63,1.63,1.63,1.63,0
2025-12-23 13:06:00,1.635,1.635,1.63,1.63,6
2025-12-23 13:07:00,1.63,1.63,1.63,1.63,0
2025-12-23 13:08:00,1.63,1.63,1.63,1.63,5
2025-12-23 13:09:00,1.635,1.635,1.635,1.635,301
2025-12-23 13:10:00,1.64,1.64,1.63,1.635,33
2025-12-23 13:11:00,1.635,1.65,1.635,1.65,519
2025-12-23 13:12:00,1.65,1.65,1.65,1.65,3
2025-12-23 13:13:00,1.645,1.65,1.645,1.65,4
2025-12-23 13:14:00,1.65,1.65,1.65,1.65,0
2025-12-23 13:15:00,1.645,1.65,1.645,1.65,5
2025-12-23 13:16:00,1.65,1.65,1.645,1.645,8
2025-12-23 13:17:00,1.65,1.655,1.645,1.655,188
2025-12-23 13:18:00,1.655,1.655,1.655,1.655,1
2025-12-23 13:19:00,1.65,1.66,1.65,1.66,5
2025-12-23 13:20:00,1.65,1.655,1.65,1.655,24
2025-12-23 13:21:00,1.655,1.655,1.655,1.655,0
2025-12-23 13:22:00,1.65,1.66,1.65,1.66,210
2025-12-23 13:23:00,1.655,1.655,1.655,1.655,3
2025-12-23 13:24:00,1.6596,1.6596,1.655,1.655,108
2025-12-23 13:25:00,1.66,1.66,1.655,1.655,125
2025-12-23 13:26:00,1.655,1.655,1.655,1.655,2
2025-12-23 13:27:00,1.655,1.655,1.655,1.655,1
2025-12-23 13:28:00,1.655,1.655,1.655,1.655,2
2025-12-23 13:29:00,1.66,1.66,1.655,1.655,2
2025-12-23 13:30:00,1.66,1.66,1.655,1.655,134
2025-12-23 13:31:00,1.655,1.655,1.655,1.655,1
2025-12-23 13:32:00,1.655,1.66,1.65,1.65,69
2025-12-23 13:33:00,1.65,1.655,1.65,1.65,484
2025-12-23 13:34:00,1.655,1.655,1.6532,1.655,42
2025-12-23 13:35:00,1.655,1.655,1.655,1.655,1
2025-12-23 13:36:00,1.655,1.655,1.655,1.655,0
2025-12-23 13:37:00,1.655,1.655,1.655,1.655,1
2025-12-23 13:38:00,1.655,1.655,1.655,1.655,342
2025-12-23 13:39:00,1.655,1.66,1.655,1.655,7
2025-12-23 13:40:00,1.655,1.655,1.655,1.655,2
2025-12-23 13:41:00,1.655,1.655,1.655,1.655,3
2025-12-23 13:42:00,1.655,1.655,1.655,1.655,1
2025-12-23 13:43:00,1.655,1.655,1.655,1.655,1
2025-12-23 13:44:00,1.655,1.655,1.655,1.655,3
2025-12-23 13:45:00,1.66,1.66,1.65,1.655,64
2025-12-23 13:46:00,1.66,1.66,1.65,1.65,2
2025-12-23 13:47:00,1.66,1.66,1.65,1.655,6
2025-12-23 13:48:00,1.6548,1.6548,1.65,1.65,2
2025-12-23 13:49:00,1.65,1.65,1.65,1.65,0
2025-12-23 13:50:00,1.65,1.65,1.65,1.65,14
2025-12-23 13:51:00,1.655,1.655,1.65,1.65,16
2025-12-23 13:52:00,1.66,1.66,1.66,1.66,1
2025-12-23 13:53:00,1.655,1.655,1.65,1.65,31
2025-12-23 13:54:00,1.6556,1.6565,1.65,1.6565,15
2025-12-23 13:55:00,1.65,1.655,1.65,1.65,4
2025-12-23 13:56:00,1.65,1.65,1.65,1.65,0
2025-12-23 13:57:00,1.655,1.655,1.655,1.655,2
2025-12-23 13:58:00,1.655,1.655,1.655,1.655,12
2025-12-23 13:59:00,1.6501,1.66,1.6501,1.66,41
2025-12-23 14:00:00,1.655,1.655,1.655,1.655,3
2025-12-23 14:01:00,1.66,1.66,1.66,1.66,1
2025-12-23 14:02:00,1.65,1.655,1.65,1.65,13
2025-12-23 14:03:00,1.655,1.655,1.655,1.655,2
2025-12-23 14:04:00,1.655,1.655,1.655,1.655,11
2025-12-23 14:05:00,1.655,1.655,1.655,1.655,0
2025-12-23 14:06:00,1.66,1.66,1.655,1.655,2
2025-12-23 14:07:00,1.655,1.655,1.655,1.655,18
2025-12-23 14:08:00,1.655,1.655,1.655,1.655,1
2025-12-23 14:09:00,1.655,1.655,1.655,1.655,0
2025-12-23 14:10:00,1.65,1.655,1.65,1.655,10
2025-12-23 14:11:00,1.655,1.655,1.655,1.655,2
2025-12-23 14:12:00,1.655,1.66,1.655,1.66,5
2025-12-23 14:13:00,1.655,1.66,1.655,1.66,14
2025-12-23 14:14:00,1.655,1.655,1.655,1.655,1
2025-12-23 14:15:00,1.66,1.66,1.66,1.66,1
2025-12-23 14:16:00,1.66,1.66,1.66,1.66,1
2025-12-23 14:17:00,1.655,1.66,1.655,1.66,2
2025-12-23 14:18:00,1.65,1.65,1.65,1.65,1
2025-12-23 14:19:00,1.655,1.66,1.65,1.66,91
2025-12-23 14:20:00,1.655,1.655,1.655,1.655,1
2025-12-23 14:21:00,1.655,1.655,1.65,1.65,4
2025-12-23 14:22:00,1.655,1.655,1.655,1.655,8
2025-12-23 14:23:00,1.655,1.655,1.655,1.655,1
2025-12-23 14:24:00,1.655,1.655,1.65,1.65,4
2025-12-23 14:25:00,1.65,1.66,1.65,1.66,11
2025-12-23 14:26:00,1.655,1.655,1.655,1.655,2
2025-12-23 14:27:00,1.655,1.655,1.65,1.65,68
2025-12-23 14:28:00,1.655,1.655,1.655,1.655,1
2025-12-23 14:29:00,1.65,1.65,1.65,1.65,1
2025-12-23 14:30:00,1.655,1.6599,1.655,1.6599,2
2025-12-23 14:31:00,1.6599,1.6599,1.6599,1.6599,0
2025-12-23 14:32:00,1.65,1.66,1.65,1.66,200
2025-12-23 14:33:00,1.655,1.655,1.6545,1.6545,2
2025-12-23 14:34:00,1.6561,1.6561,1.655,1.655,21
2025-12-23 14:35:00,1.655,1.655,1.655,1.655,20
2025-12-23 14:36:00,1.65,1.655,1.65,1.655,2
2025-12-23 14:37:00,1.65,1.65,1.65,1.65,1
2025-12-23 14:38:00,1.655,1.66,1.655,1.66,22
2025-12-23 14:39:00,1.655,1.655,1.655,1.655,1
2025-12-23 14:40:00,1.655,1.655,1.655,1.655,5
2025-12-23 14:41:00,1.655,1.66,1.655,1.66,14
2025-12-23 14:42:00,1.655,1.655,1.655,1.655,4
2025-12-23 14:43:00,1.655,1.655,1.655,1.655,2
2025-12-23 14:44:00,1.66,1.66,1.655,1.655,15
2025-12-23 14:45:00,1.66,1.66,1.655,1.655,2
2025-12-23 14:46:00,1.655,1.66,1.655,1.655,4
2025-12-23 14:47:00,1.655,1.655,1.655,1.655,0
2025-12-23 14:48:00,1.655,1.66,1.655,1.66,6
2025-12-23 14:49:00,1.6557,1.6557,1.655,1.655,81
2025-12-23 14:50:00,1.655,1.66,1.65,1.66,155
2025-12-23 14:51:00,1.66,1.66,1.655,1.655,13
2025-12-23 14:52:00,1.655,1.655,1.655,1.655,2
2025-12-23 14:53:00,1.655,1.655,1.655,1.655,1
2025-12-23 14:54:00,1.655,1.655,1.655,1.655,2
2025-12-23 14:55:00,1.655,1.655,1.6542,1.655,51
2025-12-23 14:56:00,1.66,1.66,1.66,1.66,1
2025-12-23 14:57:00,1.655,1.655,1.655,1.655,3
2025-12-23 14:58:00,1.6507,1.655,1.6507,1.655,6
2025-12-23 14:59:00,1.66,1.66,1.655,1.655,12
2025-12-23 15:00:00,1.655,1.66,1.655,1.655,30
2025-12-23 15:01:00,1.655,1.655,1.655,1.655,11
2025-12-23 15:02:00,1.66,1.66,1.655,1.655,13
2025-12-23 15:03:00,1.655,1.655,1.655,1.655,0
2025-12-23 15:04:00,1.655,1.66,1.65,1.65,7
2025-12-23 15:05:00,1.655,1.655,1.65,1.655,5
2025-12-23 15:06:00,1.655,1.655,1.65,1.65,24
2025-12-23 15:07:00,1.66,1.66,1.655,1.655,2
2025-12-23 15:08:00,1.655,1.655,1.655,1.655,0
2025-12-23 15:09:00,1.655,1.66,1.655,1.655,6
2025-12-23 15:10:00,1.655,1.66,1.655,1.66,3
2025-12-23 15:11:00,1.66,1.66,1.655,1.655,3
2025-12-23 15:12:00,1.6502,1.66,1.6502,1.655,16
2025-12-23 15:13:00,1.655,1.66,1.655,1.66,3
2025-12-23 15:14:00,1.66,1.66,1.66,1.66,0
2025-12-23 15:15:00,1.66,1.66,1.66,1.66,1
2025-12-23 15:16:00,1.655,1.66,1.655,1.655,10
2025-12-23 15:17:00,1.66,1.66,1.66,1.66,2
2025-12-23 15:18:00,1.66,1.66,1.655,1.655,39
2025-12-23 15:19:00,1.655,1.655,1.655,1.655,7
2025-12-23 15:20:00,1.66,1.66,1.655,1.655,8
2025-12-23 15:21:00,1.66,1.66,1.655,1.655,2
2025-12-23 15:22:00,1.66,1.66,1.65,1.65,5
2025-12-23 15:23:00,1.66,1.66,1.65,1.65,3
2025-12-23 15:24:00,1.66,1.66,1.65,1.655,5
2025-12-23 15:25:00,1.655,1.655,1.65,1.655,212
2025-12-23 15:26:00,1.66,1.66,1.65,1.65,62
2025-12-23 15:27:00,1.66,1.66,1.65,1.66,4
2025-12-23 15:28:00,1.66,1.66,1.65,1.65,2
2025-12-23 15:29:00,1.65,1.66,1.65,1.66,2
2025-12-23 15:30:00,1.65,1.66,1.65,1.655,122
2025-12-23 15:31:00,1.655,1.66,1.655,1.655,16
2025-12-23 15:32:00,1.655,1.66,1.65,1.66,7
2025-12-23 15:33:00,1.655,1.655,1.655,1.655,2
2025-12-23 15:34:00,1.6549,1.66,1.65,1.655,31
2025-12-23 15:35:00,1.66,1.66,1.655,1.655,5
2025-12-23 15:36:00,1.66,1.66,1.65,1.655,6
2025-12-23 15:37:00,1.655,1.6564,1.655,1.655,21
2025-12-23 15:38:00,1.66,1.66,1.655,1.655,4
2025-12-23 15:39:00,1.655,1.66,1.65,1.6597,50
2025-12-23 15:40:00,1.655,1.66,1.65,1.65,4
2025-12-23 15:41:00,1.66,1.66,1.66,1.66,1
2025-12-23 15:42:00,1.655,1.66,1.65,1.655,14
2025-12-23 15:43:00,1.655,1.66,1.65,1.65,20
2025-12-23 15:44:00,1.655,1.665,1.655,1.6612,621
2025-12-23 15:45:00,1.66,1.67,1.66,1.665,112
2025-12-23 15:46:00,1.67,1.67,1.6601,1.665,132
2025-12-23 15:47:00,1.665,1.67,1.66,1.665,7
2025-12-23 15:48:00,1.665,1.67,1.665,1.67,3
2025-12-23 15:49:00,1.665,1.665,1.66,1.665,15
2025-12-23 15:50:00,1.66,1.67,1.66,1.665,19
2025-12-23 15:51:00,1.665,1.665,1.66,1.665,42
2025-12-23 15:52:00,1.665,1.665,1.66,1.665,41
2025-12-23 15:53:00,1.665,1.665,1.66,1.665,105
2025-12-23 15:54:00,1.665,1.665,1.6542,1.655,274
2025-12-23 15:55:00,1.655,1.655,1.655,1.655,37
2025-12-23 15:56:00,1.655,1.655,1.65,1.655,86
2025-12-23 15:57:00,1.655,1.655,1.655,1.655,22
2025-12-23 15:58:00,1.655,1.66,1.65,1.655,205
2025-12-23 15:59:00,1.655,1.66,1.65,1.66,535
2025-12-24 09:30:00,1.65,1.655,1.64,1.65,124
2025-12-24 09:31:00,1.66,1.66,1.65,1.65,7
2025-12-24 09:32:00,1.6493,1.65,1.645,1.645,27
2025-12-24 09:33:00,1.6415,1.6415,1.6415,1.6415,3
2025-12-24 09:34:00,1.64,1.645,1.64,1.645,48
2025-12-24 09:35:00,1.645,1.645,1.645,1.645,1
2025-12-24 09:36:00,1.645,1.645,1.645,1.645,5
2025-12-24 09:37:00,1.645,1.645,1.645,1.645,0
2025-12-24 09:38:00,1.645,1.645,1.645,1.645,0
2025-12-24 09:39:00,1.64,1.65,1.64,1.65,21
2025-12-24 09:40:00,1.645,1.65,1.64,1.65,29
2025-12-24 09:41:00,1.65,1.65,1.644,1.644,21
2025-12-24 09:42:00,1.6441,1.65,1.6441,1.645,34
2025-12-24 09:43:00,1.65,1.65,1.645,1.645,2
2025-12-24 09:44:00,1.65,1.65,1.645,1.645,3
2025-12-24 09:45:00,1.65,1.65,1.65,1.65,17
2025-12-24 09:46:00,1.65,1.66,1.65,1.655,291
2025-12-24 09:47:00,1.655,1.68,1.655,1.68,715
2025-12-24 09:48:00,1.68,1.685,1.675,1.68,434
2025-12-24 09:49:00,1.68,1.681,1.675,1.681,202
2025-12-24 09:50:00,1.685,1.69,1.685,1.69,160
2025-12-24 09:51:00,1.69,1.69,1.685,1.69,330
2025-12-24 09:52:00,1.69,1.69,1.686,1.69,206
2025-12-24 09:53:00,1.6845,1.69,1.6845,1.69,313
2025-12-24 09:54:00,1.69,1.695,1.685,1.685,167
2025-12-24 09:55:00,1.6827,1.6899,1.682,1.682,105
2025-12-24 09:56:00,1.68,1.68,1.675,1.675,34
2025-12-24 09:57:00,1.675,1.675,1.675,1.675,1
2025-12-24 09:58:00,1.67,1.67,1.67,1.67,2
2025-12-24 09:59:00,1.675,1.6775,1.6712,1.6768,45
2025-12-24 10:00:00,1.675,1.675,1.675,1.675,2
2025-12-24 10:01:00,1.675,1.675,1.675,1.675,11
2025-12-24 10:02:00,1.675,1.675,1.671,1.675,20
2025-12-24 10:03:00,1.675,1.675,1.675,1.675,3
2025-12-24 10:04:00,1.675,1.675,1.67,1.67,7
2025-12-24 10:05:00,1.6755,1.6755,1.67,1.675,34
2025-12-24 10:06:00,1.67,1.68,1.67,1.67,8
2025-12-24 10:07:00,1.67,1.67,1.67,1.67,0
2025-12-24 10:08:00,1.675,1.675,1.675,1.675,72
2025-12-24 10:09:00,1.675,1.675,1.675,1.675,2
2025-12-24 10:10:00,1.675,1.685,1.675,1.685,97
2025-12-24 10:11:00,1.68,1.685,1.68,1.685,10
2025-12-24 10:12:00,1.685,1.685,1.685,1.685,30
2025-12-24 10:13:00,1.685,1.685,1.6841,1.685,14
2025-12-24 10:14:00,1.685,1.685,1.685,1.685,3
2025-12-24 10:15:00,1.685,1.685,1.685,1.685,1
2025-12-24 10:16:00,1.685,1.685,1.685,1.685,0
2025-12-24 10:17:00,1.69,1.69,1.685,1.685,9
2025-12-24 10:18:00,1.68,1.685,1.68,1.685,3
2025-12-24 10:19:00,1.685,1.685,1.685,1.685,0
2025-12-24 10:20:00,1.685,1.685,1.685,1.685,2
2025-12-24 10:21:00,1.6817,1.6817,1.6817,1.6817,25
2025-12-24 10:22:00,1.682,1.685,1.675,1.675,107
2025-12-24 10:23:00,1.675,1.675,1.675,1.675,1
2025-12-24 10:24:00,1.676,1.676,1.676,1.676,3
2025-12-24 10:25:00,1.675,1.675,1.675,1.675,10
2025-12-24 10:26:00,1.68,1.68,1.68,1.68,20
2025-12-24 10:27:00,1.68,1.68,1.68,1.68,0
2025-12-24 10:28:00,1.68,1.685,1.68,1.685,108
2025-12-24 10:29:00,1.685,1.69,1.6845,1.69,48
2025-12-24 10:30:00,1.685,1.69,1.685,1.69,9
2025-12-24 10:31:00,1.685,1.685,1.6801,1.6801,6
2025-12-24 10:32:00,1.685,1.685,1.685,1.685,11
2025-12-24 10:33:00,1.69,1.695,1.68,1.685,1554
2025-12-24 10:34:00,1.685,1.685,1.685,1.685,0
2025-12-24 10:35:00,1.685,1.685,1.685,1.685,0
2025-12-24 10:36:00,1.685,1.687,1.685,1.685,108
2025-12-24 10:37:00,1.685,1.685,1.685,1.685,0
2025-12-24 10:38:00,1.685,1.685,1.685,1.685,0
2025-12-24 10:39:00,1.685,1.685,1.685,1.685,0
2025-12-24 10:40:00,1.685,1.69,1.685,1.685,44
2025-12-24 10:41:00,1.6888,1.7,1.6888,1.7,190
2025-12-24 10:42:00,1.6921,1.7,1.6921,1.7,29
2025-12-24 10:43:00,1.7,1.71,1.7,1.7002,563
2025-12-24 10:44:00,1.705,1.705,1.695,1.6998,300
2025-12-24 10:45:00,1.695,1.7,1.695,1.695,83
2025-12-24 10:46:00,1.695,1.6998,1.6926,1.695,66
2025-12-24 10:47:00,1.695,1.695,1.695,1.695,2
2025-12-24 10:48:00,1.6917,1.6917,1.6917,1.6917,8
2025-12-24 10:49:00,1.6914,1.695,1.69,1.695,181
2025-12-24 10:50:00,1.695,1.695,1.695,1.695,0
2025-12-24 10:51:00,1.695,1.695,1.695,1.695,3
2025-12-24 10:52:00,1.695,1.695,1.69,1.69,9
2025-12-24 10:53:00,1.69,1.69,1.69,1.69,2
2025-12-24 10:54:00,1.695,1.695,1.69,1.69,4
2025-12-24 10:55:00,1.69,1.69,1.69,1.69,1
2025-12-24 10:56:00,1.6901,1.6999,1.69,1.69,27
2025-12-24 10:57:00,1.69,1.695,1.69,1.69,105
2025-12-24 10:58:00,1.695,1.695,1.69,1.695,20
2025-12-24 10:59:00,1.695,1.695,1.695,1.695,8
2025-12-24 11:00:00,1.69,1.69,1.69,1.69,3
2025-12-24 11:01:00,1.69,1.69,1.69,1.69,1
2025-12-24 11:02:00,1.69,1.695,1.69,1.69,43
2025-12-24 11:03:00,1.69,1.695,1.69,1.695,63
2025-12-24 11:04:00,1.695,1.695,1.695,1.695,0
2025-12-24 11:05:00,1.6907,1.6907,1.6907,1.6907,4
2025-12-24 11:06:00,1.6938,1.6938,1.6938,1.6938,9
2025-12-24 11:07:00,1.69,1.6969,1.69,1.6969,87
2025-12-24 11:08:00,1.69,1.691,1.69,1.69,9
2025-12-24 11:09:00,1.6901,1.695,1.6901,1.695,60
2025-12-24 11:10:00,1.695,1.695,1.69,1.69,12
2025-12-24 11:11:00,1.69,1.69,1.69,1.69,0
2025-12-24 11:12:00,1.69,1.69,1.69,1.69,2
2025-12-24 11:13:00,1.69,1.69,1.69,1.69,0
2025-12-24 11:14:00,1.69,1.69,1.69,1.69,23
2025-12-24 11:15:00,1.69,1.7,1.69,1.6965,41
2025-12-24 11:16:00,1.6965,1.6965,1.6965,1.6965,0
2025-12-24 11:17:00,1.695,1.695,1.6907,1.6907,40
2025-12-24 11:18:00,1.695,1.695,1.695,1.695,10
2025-12-24 11:19:00,1.69,1.69,1.69,1.69,2
2025-12-24 11:20:00,1.69,1.69,1.69,1.69,3
2025-12-24 11:21:00,1.695,1.695,1.695,1.695,4
2025-12-24 11:22:00,1.69,1.7,1.69,1.695,101
2025-12-24 11:23:00,1.695,1.695,1.695,1.695,1
2025-12-24 11:24:00,1.695,1.695,1.695,1.695,4
2025-12-24 11:25:00,1.695,1.695,1.695,1.695,0
2025-12-24 11:26:00,1.695,1.695,1.69,1.69,23
2025-12-24 11:27:00,1.69,1.69,1.69,1.69,5
2025-12-24 11:28:00,1.6931,1.6931,1.6931,1.6931,20
2025-12-24 11:29:00,1.7,1.7,1.69,1.69,4
2025-12-24 11:30:00,1.69,1.69,1.69,1.69,15
2025-12-24 11:31:00,1.69,1.69,1.69,1.69,0
2025-12-24 11:32:00,1.69,1.69,1.69,1.69,0
2025-12-24 11:33:00,1.69,1.69,1.69,1.69,0
2025-12-24 11:34:00,1.69,1.69,1.69,1.69,21
2025-12-24 11:35:00,1.69,1.69,1.69,1.69,0
2025-12-24 11:36:00,1.69,1.69,1.69,1.69,0
2025-12-24 11:37:00,1.69,1.695,1.69,1.695,29
2025-12-24 11:38:00,1.695,1.695,1.6915,1.6945,22
2025-12-24 11:39:00,1.69,1.69,1.69,1.69,3
2025-12-24 11:40:00,1.69,1.69,1.69,1.69,0
2025-12-24 11:41:00,1.69,1.69,1.69,1.69,0
2025-12-24 11:42:00,1.6943,1.695,1.6943,1.695,2
2025-12-24 11:43:00,1.695,1.7,1.695,1.7,17
2025-12-24 11:44:00,1.7,1.7,1.695,1.695,2
2025-12-24 11:45:00,1.695,1.695,1.695,1.695,37
2025-12-24 11:46:00,1.695,1.705,1.695,1.705,739
2025-12-24 11:47:00,1.705,1.705,1.705,1.705,53
2025-12-24 11:48:00,1.705,1.705,1.695,1.695,139
2025-12-24 11:49:00,1.7,1.7,1.695,1.7,66
2025-12-24 11:50:00,1.695,1.7,1.695,1.695,25
2025-12-24 11:51:00,1.695,1.695,1.695,1.695,1
2025-12-24 11:52:00,1.695,1.7,1.695,1.7,69
2025-12-24 11:53:00,1.7,1.7,1.7,1.7,11
2025-12-24 11:54:00,1.7,1.7,1.7,1.7,4
2025-12-24 11:55:00,1.695,1.7,1.695,1.7,278
2025-12-24 11:56:00,1.7,1.7,1.695,1.7,53
2025-12-24 11:57:00,1.695,1.7,1.695,1.7,9
2025-12-24 11:58:00,1.695,1.7,1.695,1.695,9
2025-12-24 11:59:00,1.7,1.7,1.695,1.7,10
2025-12-24 12:00:00,1.695,1.7,1.695,1.7,9
2025-12-24 12:01:00,1.695,1.705,1.695,1.705,200
2025-12-24 12:02:00,1.705,1.705,1.7007,1.7007,34
2025-12-24 12:03:00,1.705,1.705,1.705,1.705,2
2025-12-24 12:04:00,1.705,1.705,1.705,1.705,0
2025-12-24 12:05:00,1.71,1.71,1.71,1.71,5
2025-12-24 12:06:00,1.71,1.71,1.71,1.71,0
2025-12-24 12:07:00,1.7,1.7,1.7,1.7,1
2025-12-24 12:08:00,1.7,1.7,1.7,1.7,21
2025-12-24 12:09:00,1.7,1.7002,1.7,1.7,228
2025-12-24 12:10:00,1.695,1.695,1.69,1.695,20
2025-12-24 12:11:00,1.69,1.69,1.69,1.69,6
2025-12-24 12:12:00,1.69,1.695,1.69,1.6918,8
2025-12-24 12:13:00,1.69,1.69,1.69,1.69,8
2025-12-24 12:14:00,1.69,1.69,1.69,1.69,7
2025-12-24 12:15:00,1.695,1.695,1.695,1.695,15
2025-12-24 12:16:00,1.695,1.695,1.695,1.695,0
2025-12-24 12:17:00,1.695,1.695,1.69,1.69,41
2025-12-24 12:18:00,1.69,1.69,1.69,1.69,7
2025-12-24 12:19:00,1.69,1.695,1.69,1.695,31
2025-12-24 12:20:00,1.69,1.695,1.69,1.69,14
2025-12-24 12:21:00,1.69,1.69,1.69,1.69,4
2025-12-24 12:22:00,1.69,1.69,1.69,1.69,4
2025-12-24 12:23:00,1.69,1.69,1.69,1.69,1
2025-12-24 12:24:00,1.69,1.69,1.685,1.685,304
2025-12-24 12:25:00,1.685,1.7,1.685,1.7,401
2025-12-24 12:26:00,1.695,1.695,1.695,1.695,1
2025-12-24 12:27:00,1.69,1.695,1.69,1.695,24
2025-12-24 12:28:00,1.695,1.695,1.695,1.695,1
2025-12-24 12:29:00,1.69,1.69,1.69,1.69,2
2025-12-24 12:30:00,1.69,1.69,1.69,1.69,0
2025-12-24 12:31:00,1.695,1.695,1.695,1.695,6
2025-12-24 12:32:00,1.695,1.695,1.695,1.695,0
2025-12-24 12:33:00,1.695,1.695,1.695,1.695,0
2025-12-24 12:34:00,1.695,1.695,1.695,1.695,0
2025-12-24 12:35:00,1.695,1.695,1.695,1.695,6
2025-12-24 12:36:00,1.695,1.695,1.695,1.695,0
2025-12-24 12:37:00,1.695,1.695,1.695,1.695,4
2025-12-24 12:38:00,1.695,1.695,1.695,1.695,7
2025-12-24 12:39:00,1.695,1.7,1.694,1.695,345
2025-12-24 12:40:00,1.7,1.7,1.695,1.695,6
2025-12-24 12:41:00,1.7,1.7,1.7,1.7,1
2025-12-24 12:42:00,1.695,1.7,1.695,1.695,41
2025-12-24 12:43:00,1.7,1.7,1.695,1.7,16
2025-12-24 12:44:00,1.695,1.7,1.695,1.7,64
2025-12-24 12:45:00,1.7,1.7,1.7,1.7,10
2025-12-24 12:46:00,1.7,1.7,1.7,1.7,18
2025-12-24 12:47:00,1.695,1.7,1.695,1.7,59
2025-12-24 12:48:00,1.695,1.695,1.69,1.69,8
2025-12-24 12:49:00,1.695,1.695,1.69,1.695,108
2025-12-24 12:50:00,1.695,1.695,1.69,1.69,128
2025-12-24 12:51:00,1.69,1.69,1.69,1.69,2
2025-12-24 12:52:00,1.69,1.695,1.69,1.695,4
2025-12-24 12:53:00,1.695,1.695,1.69,1.695,54
2025-12-24 12:54:00,1.69,1.695,1.69,1.695,5
2025-12-24 12:55:00,1.69,1.695,1.69,1.695,7
2025-12-24 12:56:00,1.695,1.695,1.69,1.69,55
2025-12-24 12:57:00,1.695,1.7,1.69,1.695,73
2025-12-24 12:58:00,1.695,1.7,1.69,1.69,150
2025-12-24 12:59:00,1.695,1.7,1.69,1.7,310
2025-12-26 09:30:00,1.68,1.68,1.67,1.676,105
2025-12-26 09:31:00,1.67,1.68,1.67,1.6701,89
2025-12-26 09:32:00,1.675,1.675,1.675,1.675,1
2025-12-26 09:33:00,1.67,1.67,1.67,1.67,1
2025-12-26 09:34:00,1.67,1.67,1.67,1.67,2
2025-12-26 09:35:00,1.67,1.67,1.67,1.67,1
2025-12-26 09:36:00,1.68,1.68,1.67,1.67,2
2025-12-26 09:37:00,1.67,1.68,1.665,1.6701,922
2025-12-26 09:38:00,1.67,1.675,1.67,1.675,5
2025-12-26 09:39:00,1.675,1.675,1.675,1.675,5
2025-12-26 09:40:00,1.67,1.6788,1.67,1.6788,3
2025-12-26 09:41:00,1.67,1.675,1.67,1.675,19
2025-12-26 09:42:00,1.67,1.67,1.67,1.67,1
2025-12-26 09:43:00,1.67,1.6757,1.67,1.6757,21
2025-12-26 09:44:00,1.677,1.6787,1.677,1.6787,23
2025-12-26 09:45:00,1.67,1.6722,1.67,1.67,10
2025-12-26 09:46:00,1.675,1.675,1.67,1.67,4
2025-12-26 09:47:00,1.67,1.675,1.665,1.665,26
2025-12-26 09:48:00,1.665,1.665,1.665,1.665,1
2025-12-26 09:49:00,1.66,1.665,1.66,1.665,103
2025-12-26 09:50:00,1.665,1.665,1.665,1.665,0
2025-12-26 09:51:00,1.665,1.665,1.66,1.665,32
2025-12-26 09:52:00,1.665,1.665,1.665,1.665,4
2025-12-26 09:53:00,1.665,1.665,1.665,1.665,3
2025-12-26 09:54:00,1.665,1.665,1.665,1.665,0
2025-12-26 09:55:00,1.665,1.665,1.665,1.665,1
2025-12-26 09:56:00,1.665,1.665,1.665,1.665,1
2025-12-26 09:57:00,1.665,1.665,1.665,1.665,1
2025-12-26 09:58:00,1.665,1.665,1.665,1.665,2
2025-12-26 09:59:00,1.665,1.665,1.665,1.665,4
2025-12-26 10:00:00,1.665,1.665,1.66,1.66,3
2025-12-26 10:01:00,1.66,1.66,1.66,1.66,0
2025-12-26 10:02:00,1.665,1.67,1.66,1.6663,154
2025-12-26 10:03:00,1.6663,1.6663,1.6663,1.6663,0
2025-12-26 10:04:00,1.67,1.67,1.665,1.67,184
2025-12-26 10:05:00,1.67,1.67,1.67,1.67,5
2025-12-26 10:06:00,1.6702,1.672,1.6612,1.6612,148
2025-12-26 10:07:00,1.6603,1.6698,1.6603,1.6698,16
2025-12-26 10:08:00,1.6698,1.6698,1.6698,1.6698,0
2025-12-26 10:09:00,1.6698,1.6698,1.6698,1.6698,0
2025-12-26 10:10:00,1.665,1.665,1.665,1.665,12
2025-12-26 10:11:00,1.665,1.665,1.665,1.665,0
2025-12-26 10:12:00,1.665,1.665,1.665,1.665,0
2025-12-26 10:13:00,1.6622,1.6622,1.66,1.6622,52
2025-12-26 10:14:00,1.665,1.669,1.665,1.665,6
2025-12-26 10:15:00,1.665,1.665,1.665,1.665,3
2025-12-26 10:16:00,1.6601,1.665,1.66,1.665,142
2025-12-26 10:17:00,1.665,1.665,1.665,1.665,1
2025-12-26 10:18:00,1.665,1.665,1.665,1.665,0
2025-12-26 10:19:00,1.67,1.67,1.665,1.665,2
2025-12-26 10:20:00,1.665,1.665,1.665,1.665,0
2025-12-26 10:21:00,1.665,1.665,1.665,1.665,0
2025-12-26 10:22:00,1.665,1.6696,1.665,1.665,9
2025-12-26 10:23:00,1.6699,1.6699,1.665,1.665,81
2025-12-26 10:24:00,1.665,1.665,1.665,1.665,0
2025-12-26 10:25:00,1.665,1.665,1.66,1.665,25
2025-12-26 10:26:00,1.665,1.67,1.665,1.67,5
2025-12-26 10:27:00,1.665,1.665,1.665,1.665,2
2025-12-26 10:28:00,1.6614,1.6614,1.6614,1.6614,1
2025-12-26 10:29:00,1.66,1.66,1.66,1.66,1
2025-12-26 10:30:00,1.665,1.665,1.665,1.665,3
2025-12-26 10:31:00,1.665,1.665,1.665,1.665,0
2025-12-26 10:32:00,1.665,1.665,1.665,1.665,1
2025-12-26 10:33:00,1.665,1.665,1.665,1.665,1
2025-12-26 10:34:00,1.6656,1.6656,1.665,1.665,2
2025-12-26 10:35:00,1.665,1.665,1.665,1.665,1
2025-12-26 10:36:00,1.66,1.66,1.66,1.66,1
2025-12-26 10:37:00,1.66,1.66,1.66,1.66,0
2025-12-26 10:38:00,1.665,1.665,1.66,1.665,15
2025-12-26 10:39:00,1.665,1.665,1.665,1.665,1
2025-12-26 10:40:00,1.66,1.665,1.66,1.665,53
2025-12-26 10:41:00,1.66,1.665,1.66,1.66,20
2025-12-26 10:42:00,1.66,1.66,1.66,1.66,1
2025-12-26 10:43:00,1.66,1.66,1.66,1.66,0
2025-12-26 10:44:00,1.6618,1.6618,1.66,1.66,3
2025-12-26 10:45:00,1.66,1.66,1.66,1.66,0
2025-12-26 10:46:00,1.66,1.66,1.66,1.66,2
2025-12-26 10:47:00,1.6652,1.6652,1.665,1.665,51
2025-12-26 10:48:00,1.665,1.67,1.665,1.67,28
2025-12-26 10:49:00,1.67,1.679,1.67,1.679,219
2025-12-26 10:50:00,1.675,1.675,1.675,1.675,1
2025-12-26 10:51:00,1.675,1.675,1.675,1.675,0
2025-12-26 10:52:00,1.675,1.675,1.675,1.675,0
2025-12-26 10:53:00,1.675,1.675,1.675,1.675,0
2025-12-26 10:54:00,1.675,1.675,1.6703,1.6703,33
2025-12-26 10:55:00,1.6703,1.6703,1.6703,1.6703,0
2025-12-26 10:56:00,1.67,1.67,1.67,1.67,1
2025-12-26 10:57:00,1.677,1.677,1.677,1.677,1
2025-12-26 10:58:00,1.677,1.677,1.677,1.677,0
2025-12-26 10:59:00,1.675,1.675,1.675,1.675,3
2025-12-26 11:00:00,1.6797,1.6797,1.6797,1.6797,15
2025-12-26 11:01:00,1.675,1.675,1.675,1.675,1
2025-12-26 11:02:00,1.68,1.68,1.68,1.68,1
2025-12-26 11:03:00,1.68,1.68,1.68,1.68,0
2025-12-26 11:04:00,1.6799,1.6799,1.6799,1.6799,1
2025-12-26 11:05:00,1.6799,1.6799,1.6799,1.6799,0
2025-12-26 11:06:00,1.675,1.675,1.675,1.675,1
2025-12-26 11:07:00,1.675,1.675,1.675,1.675,23
2025-12-26 11:08:00,1.68,1.68,1.675,1.68,19
2025-12-26 11:09:00,1.675,1.675,1.675,1.675,2
2025-12-26 11:10:00,1.675,1.675,1.675,1.675,0
2025-12-26 11:11:00,1.67,1.675,1.67,1.67,8
2025-12-26 11:12:00,1.67,1.675,1.67,1.675,9
2025-12-26 11:13:00,1.675,1.675,1.675,1.675,0
2025-12-26 11:14:00,1.675,1.675,1.675,1.675,0
2025-12-26 11:15:00,1.675,1.675,1.675,1.675,21
2025-12-26 11:16:00,1.67,1.6704,1.67,1.67,134
2025-12-26 11:17:00,1.67,1.67,1.67,1.67,14
2025-12-26 11:18:00,1.67,1.67,1.67,1.67,14
2025-12-26 11:19:00,1.67,1.67,1.67,1.67,14
2025-12-26 11:20:00,1.67,1.67,1.67,1.67,10
2025-12-26 11:21:00,1.67,1.67,1.67,1.67,42
2025-12-26 11:22:00,1.67,1.67,1.67,1.67,141
2025-12-26 11:23:00,1.67,1.67,1.67,1.67,8
2025-12-26 11:24:00,1.6733,1.6733,1.66,1.66,182
2025-12-26 11:25:00,1.6601,1.665,1.66,1.66,37
2025-12-26 11:26:00,1.66,1.66,1.66,1.66,16
2025-12-26 11:27:00,1.66,1.66,1.66,1.66,10
2025-12-26 11:28:00,1.66,1.66,1.66,1.66,19
2025-12-26 11:29:00,1.66,1.66,1.66,1.66,11
2025-12-26 11:30:00,1.66,1.66,1.66,1.66,10
2025-12-26 11:31:00,1.66,1.665,1.66,1.66,15
2025-12-26 11:32:00,1.66,1.665,1.66,1.66,15
2025-12-26 11:33:00,1.665,1.665,1.66,1.66,16
2025-12-26 11:34:00,1.66,1.665,1.66,1.66,16
2025-12-26 11:35:00,1.66,1.66,1.66,1.66,3
2025-12-26 11:36:00,1.665,1.67,1.665,1.665,141
2025-12-26 11:37:00,1.665,1.665,1.66,1.665,12
2025-12-26 11:38:00,1.66,1.665,1.66,1.665,13
2025-12-26 11:39:00,1.665,1.665,1.665,1.665,0
2025-12-26 11:40:00,1.66,1.66,1.66,1.66,16
2025-12-26 11:41:00,1.665,1.665,1.665,1.665,2
2025-12-26 11:42:00,1.662,1.67,1.66,1.66,21
2025-12-26 11:43:00,1.66,1.665,1.66,1.66,13
2025-12-26 11:44:00,1.66,1.67,1.66,1.66,17
2025-12-26 11:45:00,1.66,1.665,1.66,1.66,38
2025-12-26 11:46:00,1.665,1.6699,1.66,1.6699,190
2025-12-26 11:47:00,1.66,1.665,1.66,1.66,14
2025-12-26 11:48:00,1.66,1.665,1.66,1.66,14
2025-12-26 11:49:00,1.66,1.665,1.66,1.66,13
2025-12-26 11:50:00,1.66,1.66,1.66,1.66,13
2025-12-26 11:51:00,1.66,1.66,1.66,1.66,12
2025-12-26 11:52:00,1.66,1.67,1.66,1.66,19
2025-12-26 11:53:00,1.66,1.665,1.66,1.66,11
2025-12-26 11:54:00,1.66,1.6689,1.66,1.66,87
2025-12-26 11:55:00,1.66,1.665,1.66,1.66,16
2025-12-26 11:56:00,1.66,1.66,1.66,1.66,11
2025-12-26 11:57:00,1.6602,1.6656,1.66,1.66,64
2025-12-26 11:58:00,1.66,1.6689,1.66,1.66,186
2025-12-26 11:59:00,1.66,1.67,1.66,1.66,65
2025-12-26 12:00:00,1.66,1.67,1.66,1.66,56
2025-12-26 12:01:00,1.66,1.66,1.66,1.66,11
2025-12-26 12:02:00,1.66,1.666,1.66,1.666,13
2025-12-26 12:03:00,1.66,1.665,1.66,1.66,17
2025-12-26 12:04:00,1.66,1.665,1.66,1.66,13
2025-12-26 12:05:00,1.66,1.665,1.66,1.66,31
2025-12-26 12:06:00,1.66,1.66,1.66,1.66,11
2025-12-26 12:07:00,1.665,1.665,1.66,1.66,11
2025-12-26 12:08:00,1.66,1.662,1.66,1.662,9
2025-12-26 12:09:00,1.66,1.6601,1.66,1.66,249
2025-12-26 12:10:00,1.66,1.66,1.65,1.65,399
2025-12-26 12:11:00,1.65,1.6548,1.65,1.65,48
2025-12-26 12:12:00,1.65,1.65,1.65,1.65,14
2025-12-26 12:13:00,1.65,1.65,1.65,1.65,11
2025-12-26 12:14:00,1.655,1.655,1.65,1.65,23
2025-12-26 12:15:00,1.65,1.655,1.65,1.655,18
2025-12-26 12:16:00,1.655,1.655,1.65,1.65,10
2025-12-26 12:17:00,1.65,1.651,1.65,1.65,26
2025-12-26 12:18:00,1.65,1.655,1.65,1.655,20
2025-12-26 12:19:00,1.65,1.655,1.65,1.655,15
2025-12-26 12:20:00,1.65,1.655,1.65,1.655,22
2025-12-26 12:21:00,1.655,1.655,1.65,1.655,15
2025-12-26 12:22:00,1.65,1.655,1.65,1.65,16
2025-12-26 12:23:00,1.655,1.655,1.65,1.655,57
2025-12-26 12:24:00,1.65,1.655,1.65,1.65,20
2025-12-26 12:25:00,1.655,1.655,1.65,1.655,19
2025-12-26 12:26:00,1.655,1.655,1.65,1.65,31
2025-12-26 12:27:00,1.65,1.66,1.65,1.65,124
2025-12-26 12:28:00,1.655,1.66,1.65,1.655,48
2025-12-26 12:29:00,1.655,1.655,1.65,1.655,10
2025-12-26 12:30:00,1.655,1.655,1.65,1.655,14
2025-12-26 12:31:00,1.65,1.6554,1.65,1.65,66
2025-12-26 12:32:00,1.655,1.655,1.65,1.655,22
2025-12-26 12:33:00,1.655,1.66,1.65,1.66,67
2025-12-26 12:34:00,1.66,1.66,1.65,1.655,32
2025-12-26 12:35:00,1.65,1.655,1.65,1.655,18
2025-12-26 12:36:00,1.65,1.66,1.65,1.65,19
2025-12-26 12:37:00,1.655,1.655,1.65,1.655,25
2025-12-26 12:38:00,1.655,1.66,1.65,1.655,18
2025-12-26 12:39:00,1.65,1.66,1.65,1.655,20
2025-12-26 12:40:00,1.65,1.655,1.65,1.655,13
2025-12-26 12:41:00,1.655,1.655,1.65,1.65,18
2025-12-26 12:42:00,1.655,1.66,1.65,1.65,18
2025-12-26 12:43:00,1.655,1.655,1.65,1.65,16
2025-12-26 12:44:00,1.655,1.655,1.65,1.655,26
2025-12-26 12:45:00,1.65,1.66,1.65,1.655,15
2025-12-26 12:46:00,1.655,1.655,1.65,1.65,16
2025-12-26 12:47:00,1.655,1.655,1.65,1.655,16
2025-12-26 12:48:00,1.65,1.655,1.65,1.65,13
2025-12-26 12:49:00,1.655,1.655,1.65,1.655,16
2025-12-26 12:50:00,1.65,1.66,1.65,1.65,72
2025-12-26 12:51:00,1.655,1.655,1.65,1.655,12
2025-12-26 12:52:00,1.65,1.655,1.65,1.655,21
2025-12-26 12:53:00,1.655,1.655,1.65,1.65,29
2025-12-26 12:54:00,1.655,1.655,1.65,1.655,12
2025-12-26 12:55:00,1.655,1.655,1.65,1.65,11
2025-12-26 12:56:00,1.655,1.66,1.65,1.65,12
2025-12-26 12:57:00,1.655,1.655,1.65,1.655,28
2025-12-26 12:58:00,1.65,1.655,1.65,1.65,20
2025-12-26 12:59:00,1.66,1.66,1.65,1.65,23
2025-12-26 13:00:00,1.66,1.66,1.65,1.65,14
2025-12-26 13:01:00,1.65,1.66,1.65,1.655,16
2025-12-26 13:02:00,1.65,1.66,1.65,1.66,14
2025-12-26 13:03:00,1.655,1.655,1.65,1.65,12
2025-12-26 13:04:00,1.655,1.655,1.65,1.655,67
2025-12-26 13:05:00,1.65,1.655,1.65,1.655,19
2025-12-26 13:06:00,1.66,1.66,1.65,1.655,15
2025-12-26 13:07:00,1.65,1.655,1.65,1.655,9
2025-12-26 13:08:00,1.655,1.655,1.65,1.655,45
2025-12-26 13:09:00,1.65,1.66,1.65,1.65,14
2025-12-26 13:10:00,1.65,1.65,1.65,1.65,15
2025-12-26 13:11:00,1.65,1.65,1.65,1.65,11
2025-12-26 13:12:00,1.65,1.655,1.65,1.65,20
2025-12-26 13:13:00,1.655,1.655,1.65,1.65,13
2025-12-26 13:14:00,1.65,1.655,1.65,1.655,9
2025-12-26 13:15:00,1.65,1.66,1.65,1.65,11
2025-12-26 13:16:00,1.65,1.66,1.65,1.65,10
2025-12-26 13:17:00,1.65,1.65,1.65,1.65,9
2025-12-26 13:18:00,1.65,1.66,1.65,1.65,22
2025-12-26 13:19:00,1.65,1.65,1.65,1.65,3
2025-12-26 13:20:00,1.65,1.655,1.65,1.655,12
2025-12-26 13:21:00,1.65,1.655,1.65,1.655,3
2025-12-26 13:22:00,1.65,1.65,1.65,1.65,1
2025-12-26 13:23:00,1.65,1.65,1.65,1.65,0
2025-12-26 13:24:00,1.655,1.655,1.655,1.655,1
2025-12-26 13:25:00,1.65,1.655,1.65,1.65,17
2025-12-26 13:26:00,1.65,1.65,1.65,1.65,16
2025-12-26 13:27:00,1.65,1.66,1.65,1.66,39
2025-12-26 13:28:00,1.65,1.65,1.65,1.65,15
2025-12-26 13:29:00,1.65,1.6583,1.65,1.65,25
2025-12-26 13:30:00,1.65,1.655,1.65,1.65,200
2025-12-26 13:31:00,1.65,1.655,1.65,1.65,28
2025-12-26 13:32:00,1.65,1.652,1.65,1.6501,44
2025-12-26 13:33:00,1.65,1.65,1.65,1.65,24
2025-12-26 13:34:00,1.65,1.65,1.65,1.65,21
2025-12-26 13:35:00,1.65,1.65,1.65,1.65,21
2025-12-26 13:36:00,1.65,1.65,1.65,1.65,17
2025-12-26 13:37:00,1.65,1.65,1.65,1.65,27
2025-12-26 13:38:00,1.65,1.66,1.64,1.645,439
2025-12-26 13:39:00,1.645,1.645,1.645,1.645,27
2025-12-26 13:40:00,1.65,1.655,1.65,1.6506,772
2025-12-26 13:41:00,1.6506,1.6506,1.6506,1.6506,0
2025-12-26 13:42:00,1.6506,1.6506,1.6506,1.6506,0
2025-12-26 13:43:00,1.6562,1.6562,1.6562,1.6562,1
2025-12-26 13:44:00,1.6501,1.66,1.65,1.66,36
2025-12-26 13:45:00,1.66,1.66,1.66,1.66,24
2025-12-26 13:46:00,1.66,1.66,1.655,1.655,136
2025-12-26 13:47:00,1.6582,1.6599,1.6582,1.6599,22
2025-12-26 13:48:00,1.655,1.655,1.655,1.655,1
2025-12-26 13:49:00,1.65,1.655,1.65,1.655,2
2025-12-26 13:50:00,1.655,1.655,1.65,1.65,22
2025-12-26 13:51:00,1.65,1.65,1.65,1.65,19
2025-12-26 13:52:00,1.65,1.655,1.65,1.655,34
2025-12-26 13:53:00,1.65,1.655,1.65,1.655,24
2025-12-26 13:54:00,1.65,1.655,1.65,1.65,19
2025-12-26 13:55:00,1.65,1.655,1.65,1.65,48
2025-12-26 13:56:00,1.65,1.65,1.65,1.65,18
2025-12-26 13:57:00,1.65,1.655,1.65,1.65,29
2025-12-26 13:58:00,1.65,1.6551,1.65,1.65,65
2025-12-26 13:59:00,1.65,1.655,1.65,1.65,22
2025-12-26 14:00:00,1.655,1.655,1.65,1.65,14
2025-12-26 14:01:00,1.65,1.65,1.65,1.65,53
2025-12-26 14:02:00,1.65,1.655,1.65,1.65,28
2025-12-26 14:03:00,1.65,1.6589,1.65,1.65,21
2025-12-26 14:04:00,1.65,1.65,1.65,1.65,19
2025-12-26 14:05:00,1.65,1.66,1.65,1.66,22
2025-12-26 14:06:00,1.65,1.65,1.65,1.65,31
2025-12-26 14:07:00,1.65,1.656,1.65,1.656,44
2025-12-26 14:08:00,1.65,1.65,1.65,1.65,20
2025-12-26 14:09:00,1.6599,1.6599,1.65,1.65,160
2025-12-26 14:10:00,1.65,1.655,1.65,1.65,22
2025-12-26 14:11:00,1.65,1.65,1.65,1.65,17
2025-12-26 14:12:00,1.65,1.655,1.65,1.655,17
2025-12-26 14:13:00,1.65,1.6502,1.65,1.65,28
2025-12-26 14:14:00,1.65,1.65,1.65,1.65,30
2025-12-26 14:15:00,1.65,1.65,1.65,1.65,17
2025-12-26 14:16:00,1.65,1.655,1.65,1.65,39
2025-12-26 14:17:00,1.65,1.65,1.65,1.65,19
2025-12-26 14:18:00,1.65,1.65,1.65,1.65,21
2025-12-26 14:19:00,1.65,1.654,1.65,1.65,22
2025-12-26 14:20:00,1.65,1.65,1.65,1.65,21
2025-12-26 14:21:00,1.655,1.655,1.65,1.65,12
2025-12-26 14:22:00,1.655,1.655,1.65,1.65,35
2025-12-26 14:23:00,1.65,1.65,1.64,1.64,124
2025-12-26 14:24:00,1.645,1.645,1.64,1.64,15
2025-12-26 14:25:00,1.6441,1.645,1.64,1.64,62
2025-12-26 14:26:00,1.64,1.645,1.64,1.64,18
2025-12-26 14:27:00,1.64,1.645,1.64,1.64,25
2025-12-26 14:28:00,1.64,1.645,1.64,1.64,31
2025-12-26 14:29:00,1.64,1.645,1.64,1.64,20
2025-12-26 14:30:00,1.645,1.645,1.64,1.645,17
2025-12-26 14:31:00,1.64,1.645,1.64,1.645,19
2025-12-26 14:32:00,1.64,1.645,1.64,1.64,23
2025-12-26 14:33:00,1.64,1.645,1.64,1.645,21
2025-12-26 14:34:00,1.64,1.645,1.64,1.64,63
2025-12-26 14:35:00,1.645,1.645,1.64,1.64,187
2025-12-26 14:36:00,1.64,1.645,1.64,1.645,25
2025-12-26 14:37:00,1.64,1.645,1.64,1.64,41
2025-12-26 14:38:00,1.645,1.645,1.64,1.64,34
2025-12-26 14:39:00,1.645,1.65,1.64,1.645,108
2025-12-26 14:40:00,1.645,1.65,1.64,1.645,47
2025-12-26 14:41:00,1.645,1.65,1.64,1.645,29
2025-12-26 14:42:00,1.645,1.645,1.64,1.645,16
2025-12-26 14:43:00,1.645,1.645,1.64,1.645,29
2025-12-26 14:44:00,1.64,1.645,1.64,1.645,23
2025-12-26 14:45:00,1.645,1.65,1.64,1.64,26
2025-12-26 14:46:00,1.64,1.645,1.64,1.64,28
2025-12-26 14:47:00,1.645,1.65,1.64,1.645,52
2025-12-26 14:48:00,1.645,1.645,1.64,1.64,26
2025-12-26 14:49:00,1.645,1.645,1.64,1.64,19
2025-12-26 14:50:00,1.645,1.65,1.64,1.645,38
2025-12-26 14:51:00,1.645,1.6471,1.64,1.6471,32
2025-12-26 14:52:00,1.64,1.65,1.64,1.645,78
2025-12-26 14:53:00,1.645,1.6452,1.64,1.64,29
2025-12-26 14:54:00,1.64,1.645,1.64,1.645,21
2025-12-26 14:55:00,1.64,1.645,1.64,1.645,35
2025-12-26 14:56:00,1.64,1.645,1.64,1.645,79
2025-12-26 14:57:00,1.64,1.65,1.64,1.645,25
2025-12-26 14:58:00,1.64,1.65,1.64,1.64,19
2025-12-26 14:59:00,1.64,1.64,1.64,1.64,37
2025-12-26 15:00:00,1.64,1.645,1.64,1.645,80
2025-12-26 15:01:00,1.64,1.64,1.64,1.64,49
2025-12-26 15:02:00,1.64,1.645,1.64,1.645,25
2025-12-26 15:03:00,1.64,1.64,1.635,1.635,326
2025-12-26 15:04:00,1.635,1.6498,1.635,1.6498,959
2025-12-26 15:05:00,1.65,1.65,1.6438,1.646,223
2025-12-26 15:06:00,1.6405,1.6405,1.6405,1.6405,99
2025-12-26 15:07:00,1.65,1.65,1.65,1.65,1
2025-12-26 15:08:00,1.65,1.65,1.65,1.65,0
2025-12-26 15:09:00,1.645,1.645,1.645,1.645,29
2025-12-26 15:10:00,1.645,1.645,1.645,1.645,2
2025-12-26 15:11:00,1.645,1.645,1.645,1.645,1
2025-12-26 15:12:00,1.645,1.645,1.645,1.645,0
2025-12-26 15:13:00,1.645,1.645,1.645,1.645,1
2025-12-26 15:14:00,1.64,1.645,1.64,1.64,21
2025-12-26 15:15:00,1.648,1.648,1.64,1.64,30
2025-12-26 15:16:00,1.645,1.645,1.64,1.64,27
2025-12-26 15:17:00,1.64,1.6494,1.64,1.645,34
2025-12-26 15:18:00,1.645,1.65,1.64,1.64,37
2025-12-26 15:19:00,1.645,1.645,1.64,1.64,29
2025-12-26 15:20:00,1.645,1.65,1.64,1.64,25
2025-12-26 15:21:00,1.64,1.65,1.64,1.64,24
2025-12-26 15:22:00,1.645,1.65,1.64,1.64,28
2025-12-26 15:23:00,1.6401,1.645,1.64,1.64,224
2025-12-26 15:24:00,1.64,1.645,1.64,1.64,26
2025-12-26 15:25:00,1.64,1.645,1.64,1.64,141
2025-12-26 15:26:00,1.645,1.65,1.64,1.6499,32
2025-12-26 15:27:00,1.64,1.64,1.64,1.64,27
2025-12-26 15:28:00,1.64,1.65,1.64,1.645,51
2025-12-26 15:29:00,1.64,1.65,1.64,1.645,23
2025-12-26 15:30:00,1.64,1.645,1.64,1.64,99
2025-12-26 15:31:00,1.64,1.645,1.64,1.64,29
2025-12-26 15:32:00,1.645,1.645,1.64,1.64,25
2025-12-26 15:33:00,1.645,1.645,1.64,1.64,37
2025-12-26 15:34:00,1.65,1.65,1.64,1.645,126
2025-12-26 15:35:00,1.645,1.6477,1.64,1.645,46
2025-12-26 15:36:00,1.64,1.645,1.64,1.645,42
2025-12-26 15:37:00,1.64,1.65,1.64,1.64,36
2025-12-26 15:38:00,1.64,1.66,1.64,1.66,1043
2025-12-26 15:39:00,1.655,1.66,1.655,1.655,144
2025-12-26 15:40:00,1.655,1.66,1.655,1.66,42
2025-12-26 15:41:00,1.66,1.67,1.66,1.665,655
2025-12-26 15:42:00,1.66,1.666,1.66,1.666,38
2025-12-26 15:43:00,1.67,1.67,1.66,1.66,37
2025-12-26 15:44:00,1.66,1.66,1.66,1.66,0
2025-12-26 15:45:00,1.67,1.67,1.665,1.665,5
2025-12-26 15:46:00,1.665,1.665,1.665,1.665,12
2025-12-26 15:47:00,1.665,1.665,1.663,1.665,22
2025-12-26 15:48:00,1.6644,1.67,1.6644,1.665,24
2025-12-26 15:49:00,1.665,1.67,1.66,1.66,53
2025-12-26 15:50:00,1.665,1.6699,1.66,1.66,75
2025-12-26 15:51:00,1.66,1.6602,1.66,1.66,23
2025-12-26 15:52:00,1.665,1.665,1.655,1.655,368
2025-12-26 15:53:00,1.655,1.66,1.655,1.655,28
2025-12-26 15:54:00,1.655,1.655,1.65,1.655,26
2025-12-26 15:55:00,1.655,1.655,1.655,1.655,14
2025-12-26 15:56:00,1.66,1.66,1.65,1.655,49
2025-12-26 15:57:00,1.655,1.66,1.655,1.655,45
2025-12-26 15:58:00,1.65,1.66,1.65,1.655,287
2025-12-26 15:59:00,1.655,1.66,1.65,1.655,426
2025-12-29 09:30:00,1.65,1.65,1.62,1.635,608
2025-12-29 09:31:00,1.64,1.65,1.64,1.642,213
2025-12-29 09:32:00,1.644,1.644,1.644,1.644,4
2025-12-29 09:33:00,1.644,1.644,1.644,1.644,4
2025-12-29 09:34:00,1.644,1.645,1.644,1.645,24
2025-12-29 09:35:00,1.644,1.655,1.644,1.65,82
2025-12-29 09:36:00,1.6591,1.6591,1.654,1.654,5
2025-12-29 09:37:00,1.654,1.654,1.654,1.654,4
2025-12-29 09:38:00,1.655,1.655,1.65,1.65,16
2025-12-29 09:39:00,1.65,1.65,1.63,1.645,1214
2025-12-29 09:40:00,1.645,1.65,1.64,1.65,33
2025-12-29 09:41:00,1.65,1.65,1.63,1.635,212
2025-12-29 09:42:00,1.64,1.65,1.64,1.645,292
2025-12-29 09:43:00,1.6453,1.6453,1.641,1.641,100
2025-12-29 09:44:00,1.645,1.65,1.645,1.645,102
2025-12-29 09:45:00,1.65,1.65,1.65,1.65,3
2025-12-29 09:46:00,1.6489,1.649,1.6406,1.645,45
2025-12-29 09:47:00,1.65,1.65,1.65,1.65,1
2025-12-29 09:48:00,1.6498,1.6499,1.645,1.6494,26
2025-12-29 09:49:00,1.65,1.65,1.6445,1.6445,20
2025-12-29 09:50:00,1.65,1.65,1.645,1.645,22
2025-12-29 09:51:00,1.645,1.6468,1.645,1.6468,17
2025-12-29 09:52:00,1.65,1.65,1.6427,1.645,22
2025-12-29 09:53:00,1.6407,1.65,1.6407,1.6454,56
2025-12-29 09:54:00,1.645,1.645,1.641,1.641,1062
2025-12-29 09:55:00,1.65,1.65,1.64,1.64,24
2025-12-29 09:56:00,1.64,1.65,1.64,1.65,3
2025-12-29 09:57:00,1.645,1.645,1.645,1.645,2
2025-12-29 09:58:00,1.645,1.65,1.645,1.65,11
2025-12-29 09:59:00,1.645,1.65,1.645,1.65,11
2025-12-29 10:00:00,1.64,1.6401,1.635,1.639,1994
2025-12-29 10:01:00,1.639,1.639,1.639,1.639,0
2025-12-29 10:02:00,1.635,1.6356,1.63,1.6301,433
2025-12-29 10:03:00,1.635,1.635,1.635,1.635,4
2025-12-29 10:04:00,1.635,1.635,1.635,1.635,2
2025-12-29 10:05:00,1.63,1.63,1.62,1.62,512
2025-12-29 10:06:00,1.63,1.63,1.62,1.625,4
2025-12-29 10:07:00,1.625,1.63,1.62,1.6214,17
2025-12-29 10:08:00,1.6203,1.625,1.62,1.625,23
2025-12-29 10:09:00,1.625,1.63,1.62,1.625,6
2025-12-29 10:10:00,1.625,1.625,1.62,1.62,3
2025-12-29 10:11:00,1.62,1.63,1.62,1.62,295
2025-12-29 10:12:00,1.62,1.625,1.62,1.625,9
2025-12-29 10:13:00,1.62,1.63,1.62,1.62,10
2025-12-29 10:14:00,1.625,1.63,1.62,1.63,7
2025-12-29 10:15:00,1.625,1.628,1.62,1.625,47
2025-12-29 10:16:00,1.62,1.63,1.62,1.625,24
2025-12-29 10:17:00,1.62,1.63,1.62,1.62,19
2025-12-29 10:18:00,1.625,1.63,1.62,1.62,18
2025-12-29 10:19:00,1.625,1.63,1.62,1.62,13
2025-12-29 10:20:00,1.625,1.625,1.625,1.625,2
2025-12-29 10:21:00,1.62,1.625,1.62,1.62,9
2025-12-29 10:22:00,1.625,1.625,1.625,1.625,3
2025-12-29 10:23:00,1.6298,1.6298,1.625,1.625,21
2025-12-29 10:24:00,1.6244,1.625,1.6244,1.625,16
2025-12-29 10:25:00,1.625,1.625,1.62,1.625,6
2025-12-29 10:26:00,1.625,1.6255,1.62,1.62,202
2025-12-29 10:27:00,1.62,1.62,1.62,1.62,2
2025-12-29 10:28:00,1.62,1.62,1.62,1.62,5
2025-12-29 10:29:00,1.62,1.62,1.615,1.615,196
2025-12-29 10:30:00,1.615,1.615,1.615,1.615,8
2025-12-29 10:31:00,1.615,1.6166,1.61,1.61,8
2025-12-29 10:32:00,1.615,1.625,1.61,1.625,511
2025-12-29 10:33:00,1.625,1.625,1.625,1.625,62
2025-12-29 10:34:00,1.625,1.625,1.625,1.625,14
2025-12-29 10:35:00,1.625,1.63,1.625,1.625,22
2025-12-29 10:36:00,1.625,1.625,1.62,1.625,29
2025-12-29 10:37:00,1.62,1.62,1.61,1.61,285
2025-12-29 10:38:00,1.62,1.62,1.61,1.6152,87
2025-12-29 10:39:00,1.6193,1.6193,1.615,1.615,16
2025-12-29 10:40:00,1.615,1.615,1.615,1.615,11
2025-12-29 10:41:00,1.615,1.615,1.6107,1.6107,2
2025-12-29 10:42:00,1.6107,1.6107,1.6107,1.6107,0
2025-12-29 10:43:00,1.615,1.62,1.61,1.615,15
2025-12-29 10:44:00,1.615,1.615,1.61,1.61,5
2025-12-29 10:45:00,1.615,1.6196,1.615,1.615,23
2025-12-29 10:46:00,1.615,1.615,1.615,1.615,10
2025-12-29 10:47:00,1.62,1.62,1.61,1.61,5
2025-12-29 10:48:00,1.62,1.62,1.61,1.62,306
2025-12-29 10:49:00,1.615,1.625,1.615,1.625,233
2025-12-29 10:50:00,1.625,1.625,1.625,1.625,2
2025-12-29 10:51:00,1.6299,1.6299,1.625,1.625,31
2025-12-29 10:52:00,1.625,1.625,1.625,1.625,2
2025-12-29 10:53:00,1.625,1.63,1.625,1.625,5
2025-12-29 10:54:00,1.625,1.625,1.625,1.625,51
2025-12-29 10:55:00,1.63,1.63,1.625,1.625,8
2025-12-29 10:56:00,1.625,1.625,1.625,1.625,2
2025-12-29 10:57:00,1.625,1.625,1.625,1.625,24
2025-12-29 10:58:00,1.625,1.625,1.625,1.625,1
2025-12-29 10:59:00,1.625,1.63,1.625,1.63,2
2025-12-29 11:00:00,1.62,1.63,1.62,1.6201,54
2025-12-29 11:01:00,1.62,1.63,1.62,1.63,11
2025-12-29 11:02:00,1.6204,1.63,1.62,1.62,13
2025-12-29 11:03:00,1.625,1.625,1.62,1.62,25
2025-12-29 11:04:00,1.62,1.62,1.62,1.62,1
2025-12-29 11:05:00,1.62,1.6282,1.62,1.6282,22
2025-12-29 11:06:00,1.63,1.63,1.62,1.6219,63
2025-12-29 11:07:00,1.62,1.625,1.62,1.62,38
2025-12-29 11:08:00,1.62,1.621,1.615,1.615,309
2025-12-29 11:09:00,1.615,1.615,1.615,1.615,0
2025-12-29 11:10:00,1.6107,1.6107,1.6107,1.6107,6
2025-12-29 11:11:00,1.6168,1.6168,1.614,1.614,63
2025-12-29 11:12:00,1.615,1.615,1.615,1.615,7
2025-12-29 11:13:00,1.615,1.615,1.615,1.615,1
2025-12-29 11:14:00,1.615,1.615,1.615,1.615,6
2025-12-29 11:15:00,1.615,1.615,1.615,1.615,9
2025-12-29 11:16:00,1.615,1.6199,1.615,1.615,194
2025-12-29 11:17:00,1.615,1.616,1.615,1.615,22
2025-12-29 11:18:00,1.615,1.615,1.615,1.615,3
2025-12-29 11:19:00,1.615,1.625,1.615,1.625,860
2025-12-29 11:20:00,1.6285,1.6299,1.6285,1.6299,11
2025-12-29 11:21:00,1.6252,1.6252,1.625,1.625,61
2025-12-29 11:22:00,1.625,1.625,1.625,1.625,10
2025-12-29 11:23:00,1.625,1.63,1.6201,1.63,39
2025-12-29 11:24:00,1.625,1.63,1.625,1.625,18
2025-12-29 11:25:00,1.625,1.625,1.625,1.625,1
2025-12-29 11:26:00,1.625,1.625,1.625,1.625,2
2025-12-29 11:27:00,1.625,1.625,1.625,1.625,1
2025-12-29 11:28:00,1.6243,1.6243,1.62,1.62,11
2025-12-29 11:29:00,1.625,1.625,1.62,1.625,18
2025-12-29 11:30:00,1.6252,1.6252,1.62,1.625,54
2025-12-29 11:31:00,1.63,1.63,1.625,1.625,3
2025-12-29 11:32:00,1.63,1.63,1.63,1.63,57
2025-12-29 11:33:00,1.625,1.625,1.625,1.625,1
2025-12-29 11:34:00,1.625,1.625,1.625,1.625,2
2025-12-29 11:35:00,1.625,1.63,1.6226,1.6226,67
2025-12-29 11:36:00,1.625,1.629,1.625,1.625,17
2025-12-29 11:37:00,1.625,1.6256,1.625,1.625,6
2025-12-29 11:38:00,1.625,1.63,1.625,1.625,58
2025-12-29 11:39:00,1.625,1.625,1.625,1.625,3
2025-12-29 11:40:00,1.625,1.625,1.625,1.625,2
2025-12-29 11:41:00,1.625,1.63,1.625,1.6298,22
2025-12-29 11:42:00,1.625,1.64,1.625,1.64,381
2025-12-29 11:43:00,1.64,1.645,1.64,1.645,70
2025-12-29 11:44:00,1.645,1.645,1.645,1.645,47
2025-12-29 11:45:00,1.65,1.65,1.645,1.645,2
2025-12-29 11:46:00,1.645,1.65,1.645,1.645,23
2025-12-29 11:47:00,1.645,1.645,1.64,1.6401,269
2025-12-29 11:48:00,1.64,1.64,1.635,1.635,286
2025-12-29 11:49:00,1.6301,1.635,1.6301,1.635,202
2025-12-29 11:50:00,1.635,1.635,1.63,1.63,9
2025-12-29 11:51:00,1.63,1.63,1.63,1.63,4
2025-12-29 11:52:00,1.63,1.636,1.63,1.635,9
2025-12-29 11:53:00,1.635,1.635,1.635,1.635,2
2025-12-29 11:54:00,1.635,1.635,1.635,1.635,3
2025-12-29 11:55:00,1.635,1.635,1.63,1.635,16
2025-12-29 11:56:00,1.63,1.635,1.63,1.635,48
2025-12-29 11:57:00,1.635,1.6399,1.635,1.635,29
2025-12-29 11:58:00,1.635,1.635,1.635,1.635,8
2025-12-29 11:59:00,1.635,1.635,1.635,1.635,5
2025-12-29 12:00:00,1.635,1.635,1.63,1.635,303
2025-12-29 12:01:00,1.635,1.64,1.635,1.635,5
2025-12-29 12:02:00,1.635,1.64,1.635,1.635,44
2025-12-29 12:03:00,1.635,1.64,1.635,1.635,13
2025-12-29 12:04:00,1.635,1.645,1.63,1.64,644
2025-12-29 12:05:00,1.64,1.645,1.64,1.645,4
2025-12-29 12:06:00,1.64,1.645,1.64,1.643,51
2025-12-29 12:07:00,1.6425,1.6425,1.63,1.635,791
2025-12-29 12:08:00,1.635,1.64,1.635,1.64,65
2025-12-29 12:09:00,1.635,1.635,1.635,1.635,3
2025-12-29 12:10:00,1.635,1.635,1.635,1.635,16
2025-12-29 12:11:00,1.63,1.63,1.63,1.63,327
2025-12-29 12:12:00,1.635,1.635,1.635,1.635,13
2025-12-29 12:13:00,1.635,1.635,1.635,1.635,82
2025-12-29 12:14:00,1.635,1.64,1.635,1.64,14
2025-12-29 12:15:00,1.635,1.64,1.635,1.635,43
2025-12-29 12:16:00,1.635,1.635,1.635,1.635,0
2025-12-29 12:17:00,1.635,1.635,1.635,1.635,10
2025-12-29 12:18:00,1.635,1.635,1.635,1.635,1
2025-12-29 12:19:00,1.635,1.635,1.635,1.635,1
2025-12-29 12:20:00,1.6314,1.635,1.6314,1.635,6
2025-12-29 12:21:00,1.64,1.64,1.635,1.635,26
2025-12-29 12:22:00,1.635,1.6355,1.635,1.6355,13
2025-12-29 12:23:00,1.635,1.64,1.635,1.635,41
2025-12-29 12:24:00,1.635,1.635,1.635,1.635,7
2025-12-29 12:25:00,1.635,1.635,1.635,1.635,5
2025-12-29 12:26:00,1.635,1.64,1.635,1.635,29
2025-12-29 12:27:00,1.6379,1.64,1.6301,1.6301,99
2025-12-29 12:28:00,1.635,1.64,1.635,1.64,4
2025-12-29 12:29:00,1.64,1.64,1.64,1.64,0
2025-12-29 12:30:00,1.6301,1.64,1.6301,1.635,265
2025-12-29 12:31:00,1.64,1.645,1.64,1.645,63
2025-12-29 12:32:00,1.645,1.645,1.6407,1.6411,60
2025-12-29 12:33:00,1.645,1.645,1.645,1.645,5
2025-12-29 12:34:00,1.645,1.645,1.645,1.645,0
2025-12-29 12:35:00,1.645,1.645,1.645,1.645,2
2025-12-29 12:36:00,1.645,1.645,1.645,1.645,0
2025-12-29 12:37:00,1.645,1.645,1.645,1.645,2
2025-12-29 12:38:00,1.6401,1.6401,1.6401,1.6401,40
2025-12-29 12:39:00,1.645,1.645,1.64,1.64,78
2025-12-29 12:40:00,1.64,1.64,1.64,1.64,0
2025-12-29 12:41:00,1.64,1.64,1.64,1.64,4
2025-12-29 12:42:00,1.645,1.65,1.64,1.64,32
2025-12-29 12:43:00,1.64,1.64,1.64,1.64,2
2025-12-29 12:44:00,1.64,1.64,1.64,1.64,4
2025-12-29 12:45:00,1.64,1.645,1.64,1.64,84
2025-12-29 12:46:00,1.64,1.65,1.64,1.64,6
2025-12-29 12:47:00,1.64,1.65,1.64,1.65,3
2025-12-29 12:48:00,1.64,1.645,1.64,1.645,8
2025-12-29 12:49:00,1.64,1.645,1.64,1.645,16
2025-12-29 12:50:00,1.64,1.645,1.64,1.64,22
2025-12-29 12:51:00,1.645,1.65,1.64,1.64,10
2025-12-29 12:52:00,1.645,1.645,1.64,1.64,7
2025-12-29 12:53:00,1.64,1.645,1.64,1.645,3
2025-12-29 12:54:00,1.64,1.645,1.64,1.64,3
2025-12-29 12:55:00,1.645,1.65,1.64,1.64,11
2025-12-29 12:56:00,1.645,1.65,1.64,1.645,6
2025-12-29 12:57:00,1.64,1.6438,1.64,1.64,3
2025-12-29 12:58:00,1.645,1.645,1.64,1.645,11
2025-12-29 12:59:00,1.64,1.645,1.64,1.64,3
2025-12-29 13:00:00,1.645,1.645,1.64,1.6403,9
2025-12-29 13:01:00,1.64,1.6499,1.64,1.64,12
2025-12-29 13:02:00,1.64,1.64,1.64,1.64,2
2025-12-29 13:03:00,1.64,1.65,1.64,1.65,8
2025-12-29 13:04:00,1.64,1.6435,1.64,1.6435,3
2025-12-29 13:05:00,1.64,1.65,1.64,1.65,12
2025-12-29 13:06:00,1.65,1.65,1.64,1.64,175
2025-12-29 13:07:00,1.6407,1.6407,1.64,1.64,2
2025-12-29 13:08:00,1.64,1.645,1.64,1.645,3
2025-12-29 13:09:00,1.645,1.645,1.64,1.645,4
2025-12-29 13:10:00,1.64,1.645,1.64,1.645,65
2025-12-29 13:11:00,1.64,1.6453,1.64,1.6453,3
2025-12-29 13:12:00,1.645,1.65,1.64,1.645,11
2025-12-29 13:13:00,1.64,1.64,1.64,1.64,2
2025-12-29 13:14:00,1.645,1.645,1.64,1.64,2
2025-12-29 13:15:00,1.64,1.65,1.64,1.64,13
2025-12-29 13:16:00,1.64,1.645,1.64,1.645,20
2025-12-29 13:17:00,1.64,1.645,1.64,1.645,6
2025-12-29 13:18:00,1.64,1.65,1.64,1.65,13
2025-12-29 13:19:00,1.64,1.65,1.64,1.65,25
2025-12-29 13:20:00,1.65,1.65,1.65,1.65,10
2025-12-29 13:21:00,1.65,1.65,1.65,1.65,8
2025-12-29 13:22:00,1.65,1.65,1.645,1.645,30
2025-12-29 13:23:00,1.6498,1.6498,1.645,1.645,17
2025-12-29 13:24:00,1.65,1.65,1.65,1.65,3
2025-12-29 13:25:00,1.65,1.65,1.645,1.65,7
2025-12-29 13:26:00,1.6498,1.65,1.64,1.65,20
2025-12-29 13:27:00,1.65,1.65,1.64,1.65,10
2025-12-29 13:28:00,1.65,1.65,1.64,1.65,8
2025-12-29 13:29:00,1.645,1.65,1.645,1.65,62
2025-12-29 13:30:00,1.645,1.65,1.645,1.645,11
2025-12-29 13:31:00,1.645,1.65,1.64,1.64,3
2025-12-29 13:32:00,1.645,1.65,1.645,1.65,2
2025-12-29 13:33:00,1.65,1.655,1.65,1.655,187
2025-12-29 13:34:00,1.655,1.655,1.655,1.655,4
2025-12-29 13:35:00,1.66,1.66,1.655,1.655,4
2025-12-29 13:36:00,1.655,1.6599,1.655,1.655,18
2025-12-29 13:37:00,1.655,1.655,1.65,1.65,77
2025-12-29 13:38:00,1.655,1.655,1.655,1.655,51
2025-12-29 13:39:00,1.655,1.66,1.65,1.655,26
2025-12-29 13:40:00,1.65,1.655,1.65,1.655,6
2025-12-29 13:41:00,1.655,1.655,1.655,1.655,0
2025-12-29 13:42:00,1.655,1.655,1.65,1.65,13
2025-12-29 13:43:00,1.6501,1.656,1.65,1.656,48
2025-12-29 13:44:00,1.66,1.66,1.65,1.65,2
2025-12-29 13:45:00,1.65,1.655,1.65,1.655,4
2025-12-29 13:46:00,1.65,1.655,1.65,1.65,37
2025-12-29 13:47:00,1.65,1.65,1.65,1.65,38
2025-12-29 13:48:00,1.655,1.655,1.65,1.65,79
2025-12-29 13:49:00,1.655,1.655,1.65,1.655,6
2025-12-29 13:50:00,1.65,1.65,1.65,1.65,20
2025-12-29 13:51:00,1.65,1.65,1.65,1.65,1
2025-12-29 13:52:00,1.655,1.655,1.65,1.655,5
2025-12-29 13:53:00,1.655,1.655,1.655,1.655,0
2025-12-29 13:54:00,1.65,1.65,1.65,1.65,1
2025-12-29 13:55:00,1.655,1.655,1.655,1.655,3
2025-12-29 13:56:00,1.655,1.655,1.65,1.65,31
2025-12-29 13:57:00,1.65,1.655,1.65,1.655,35
2025-12-29 13:58:00,1.65,1.655,1.65,1.655,6
2025-12-29 13:59:00,1.655,1.655,1.65,1.655,4
2025-12-29 14:00:00,1.655,1.655,1.655,1.655,1
2025-12-29 14:01:00,1.655,1.655,1.64,1.64,2311
2025-12-29 14:02:00,1.64,1.64,1.63,1.635,141
2025-12-29 14:03:00,1.63,1.635,1.63,1.635,5
2025-12-29 14:04:00,1.635,1.635,1.635,1.635,3
2025-12-29 14:05:00,1.635,1.635,1.635,1.635,4
2025-12-29 14:06:00,1.635,1.635,1.635,1.635,7
2025-12-29 14:07:00,1.635,1.6399,1.6335,1.635,54
2025-12-29 14:08:00,1.635,1.635,1.635,1.635,15
2025-12-29 14:09:00,1.635,1.635,1.625,1.635,2635
2025-12-29 14:10:00,1.63,1.6301,1.62,1.62,346
2025-12-29 14:11:00,1.625,1.63,1.62,1.63,18
2025-12-29 14:12:00,1.625,1.63,1.625,1.63,5
2025-12-29 14:13:00,1.625,1.63,1.625,1.625,17
2025-12-29 14:14:00,1.625,1.625,1.625,1.625,34
2025-12-29 14:15:00,1.625,1.63,1.625,1.63,4
2025-12-29 14:16:00,1.63,1.63,1.63,1.63,0
2025-12-29 14:17:00,1.625,1.625,1.625,1.625,1
2025-12-29 14:18:00,1.63,1.63,1.6272,1.6272,30
2025-12-29 14:19:00,1.628,1.628,1.628,1.628,39
2025-12-29 14:20:00,1.625,1.625,1.62,1.625,10
2025-12-29 14:21:00,1.62,1.63,1.62,1.63,32
2025-12-29 14:22:00,1.63,1.63,1.625,1.625,5
2025-12-29 14:23:00,1.625,1.625,1.625,1.625,102
2025-12-29 14:24:00,1.63,1.63,1.63,1.63,1
2025-12-29 14:25:00,1.63,1.63,1.63,1.63,0
2025-12-29 14:26:00,1.63,1.63,1.625,1.625,104
2025-12-29 14:27:00,1.625,1.625,1.62,1.625,45
2025-12-29 14:28:00,1.63,1.63,1.625,1.625,35
2025-12-29 14:29:00,1.6239,1.625,1.6239,1.625,23
2025-12-29 14:30:00,1.625,1.63,1.625,1.63,2
2025-12-29 14:31:00,1.625,1.625,1.625,1.625,2
2025-12-29 14:32:00,1.625,1.63,1.625,1.63,3
2025-12-29 14:33:00,1.63,1.63,1.63,1.63,0
2025-12-29 14:34:00,1.625,1.625,1.625,1.625,4
2025-12-29 14:35:00,1.6236,1.6236,1.62,1.62,4
2025-12-29 14:36:00,1.625,1.625,1.62,1.62,2
2025-12-29 14:37:00,1.62,1.625,1.615,1.62,948
2025-12-29 14:38:00,1.615,1.625,1.615,1.625,796
2025-12-29 14:39:00,1.62,1.62,1.62,1.62,1
2025-12-29 14:40:00,1.62,1.625,1.62,1.62,5
2025-12-29 14:41:00,1.62,1.62,1.62,1.62,2
2025-12-29 14:42:00,1.62,1.62,1.62,1.62,1
2025-12-29 14:43:00,1.62,1.625,1.62,1.62,26
2025-12-29 14:44:00,1.62,1.62,1.62,1.62,4
2025-12-29 14:45:00,1.625,1.6256,1.62,1.62,5
2025-12-29 14:46:00,1.625,1.625,1.62,1.625,12
2025-12-29 14:47:00,1.62,1.625,1.62,1.625,21
2025-12-29 14:48:00,1.62,1.62,1.62,1.62,2
2025-12-29 14:49:00,1.62,1.625,1.62,1.62,11
2025-12-29 14:50:00,1.625,1.625,1.62,1.625,38
2025-12-29 14:51:00,1.62,1.625,1.62,1.625,4
2025-12-29 14:52:00,1.62,1.62,1.62,1.62,2
2025-12-29 14:53:00,1.62,1.62,1.62,1.62,2
2025-12-29 14:54:00,1.63,1.63,1.62,1.625,8
2025-12-29 14:55:00,1.625,1.625,1.62,1.62,12
2025-12-29 14:56:00,1.62,1.625,1.62,1.625,5
2025-12-29 14:57:00,1.62,1.625,1.62,1.62,4
2025-12-29 14:58:00,1.62,1.625,1.62,1.62,7
2025-12-29 14:59:00,1.62,1.62,1.62,1.62,2
2025-12-29 15:00:00,1.62,1.6258,1.62,1.62,35
2025-12-29 15:01:00,1.624,1.625,1.62,1.62,15
2025-12-29 15:02:00,1.6272,1.6272,1.62,1.62,11
2025-12-29 15:03:00,1.62,1.625,1.62,1.625,11
2025-12-29 15:04:00,1.625,1.625,1.62,1.625,10
2025-12-29 15:05:00,1.62,1.62,1.62,1.62,2
2025-12-29 15:06:00,1.62,1.63,1.62,1.62,3
2025-12-29 15:07:00,1.62,1.6243,1.62,1.62,14
2025-12-29 15:08:00,1.62,1.63,1.62,1.62,3
2025-12-29 15:09:00,1.62,1.625,1.62,1.625,6
2025-12-29 15:10:00,1.622,1.625,1.622,1.625,82
2025-12-29 15:11:00,1.625,1.625,1.625,1.625,0
2025-12-29 15:12:00,1.625,1.625,1.625,1.625,4
2025-12-29 15:13:00,1.62,1.625,1.62,1.625,4
2025-12-29 15:14:00,1.63,1.63,1.625,1.625,39
2025-12-29 15:15:00,1.63,1.63,1.62,1.62,5
2025-12-29 15:16:00,1.625,1.625,1.62,1.62,3
2025-12-29 15:17:00,1.62,1.625,1.62,1.625,19
2025-12-29 15:18:00,1.62,1.62,1.62,1.62,2
2025-12-29 15:19:00,1.625,1.625,1.625,1.625,1
2025-12-29 15:20:00,1.62,1.625,1.62,1.625,3
2025-12-29 15:21:00,1.63,1.63,1.6237,1.6237,34
2025-12-29 15:22:00,1.625,1.625,1.625,1.625,4
2025-12-29 15:23:00,1.625,1.625,1.625,1.625,4
2025-12-29 15:24:00,1.625,1.625,1.625,1.625,1
2025-12-29 15:25:00,1.62,1.625,1.62,1.62,3
2025-12-29 15:26:00,1.625,1.625,1.62,1.62,9
2025-12-29 15:27:00,1.625,1.625,1.625,1.625,1
2025-12-29 15:28:00,1.625,1.625,1.6201,1.625,26
2025-12-29 15:29:00,1.625,1.625,1.625,1.625,0
2025-12-29 15:30:00,1.625,1.625,1.625,1.625,3
2025-12-29 15:31:00,1.625,1.625,1.625,1.625,1
2025-12-29 15:32:00,1.62,1.625,1.62,1.625,6
2025-12-29 15:33:00,1.62,1.625,1.62,1.62,10
2025-12-29 15:34:00,1.625,1.625,1.62,1.625,20
2025-12-29 15:35:00,1.62,1.625,1.62,1.62,7
2025-12-29 15:36:00,1.62,1.6294,1.62,1.6294,4
2025-12-29 15:37:00,1.625,1.625,1.62,1.625,44
2025-12-29 15:38:00,1.6211,1.625,1.6211,1.625,27
2025-12-29 15:39:00,1.625,1.625,1.625,1.625,30
2025-12-29 15:40:00,1.625,1.625,1.625,1.625,9
2025-12-29 15:41:00,1.625,1.625,1.6235,1.625,78
2025-12-29 15:42:00,1.63,1.63,1.62,1.625,139
2025-12-29 15:43:00,1.625,1.6299,1.62,1.625,44
2025-12-29 15:44:00,1.625,1.63,1.6202,1.625,48
2025-12-29 15:45:00,1.625,1.625,1.625,1.625,15
2025-12-29 15:46:00,1.625,1.625,1.62,1.625,31
2025-12-29 15:47:00,1.625,1.625,1.625,1.625,10
2025-12-29 15:48:00,1.625,1.625,1.625,1.625,28
2025-12-29 15:49:00,1.625,1.625,1.625,1.625,23
2025-12-29 15:50:00,1.625,1.625,1.625,1.625,32
2025-12-29 15:51:00,1.62,1.625,1.62,1.625,27
2025-12-29 15:52:00,1.625,1.625,1.62,1.625,694
2025-12-29 15:53:00,1.625,1.625,1.6221,1.6221,11
2025-12-29 15:54:00,1.62,1.625,1.62,1.625,75
2025-12-29 15:55:00,1.625,1.625,1.6222,1.625,122
2025-12-29 15:56:00,1.625,1.6299,1.62,1.62,78
2025-12-29 15:57:00,1.62,1.63,1.62,1.62,147
2025-12-29 15:58:00,1.62,1.63,1.62,1.625,431
2025-12-29 15:59:00,1.625,1.63,1.62,1.625,442
2025-12-30 09:30:00,1.62,1.62,1.6,1.6001,443
2025-12-30 09:31:00,1.605,1.605,1.605,1.605,51
2025-12-30 09:32:00,1.6,1.605,1.6,1.6043,724
2025-12-30 09:33:00,1.6,1.61,1.6,1.605,14
2025-12-30 09:34:00,1.605,1.62,1.605,1.61,186
2025-12-30 09:35:00,1.615,1.62,1.615,1.62,122
2025-12-30 09:36:00,1.615,1.62,1.615,1.62,111
2025-12-30 09:37:00,1.6199,1.62,1.615,1.615,138
2025-12-30 09:38:00,1.62,1.62,1.615,1.6198,19
2025-12-30 09:39:00,1.6177,1.6255,1.6177,1.6255,231
2025-12-30 09:40:00,1.6248,1.6248,1.6248,1.6248,10
2025-12-30 09:41:00,1.6248,1.6248,1.6248,1.6248,0
2025-12-30 09:42:00,1.625,1.625,1.625,1.625,1
2025-12-30 09:43:00,1.6201,1.6201,1.6201,1.6201,35
2025-12-30 09:44:00,1.6201,1.6201,1.6201,1.6201,0
2025-12-30 09:45:00,1.6261,1.6261,1.625,1.625,120
2025-12-30 09:46:00,1.625,1.64,1.625,1.64,962
2025-12-30 09:47:00,1.646,1.646,1.64,1.64,2
2025-12-30 09:48:00,1.64,1.64,1.64,1.64,2
2025-12-30 09:49:00,1.64,1.64,1.635,1.635,230
2025-12-30 09:50:00,1.635,1.635,1.635,1.635,0
2025-12-30 09:51:00,1.6397,1.6397,1.6397,1.6397,2
2025-12-30 09:52:00,1.64,1.64,1.639,1.64,23
2025-12-30 09:53:00,1.64,1.64,1.635,1.64,49
2025-12-30 09:54:00,1.6365,1.64,1.635,1.64,177
2025-12-30 09:55:00,1.635,1.64,1.635,1.635,36
2025-12-30 09:56:00,1.64,1.64,1.63,1.64,45
2025-12-30 09:57:00,1.6344,1.6388,1.6344,1.6388,5
2025-12-30 09:58:00,1.639,1.639,1.63,1.635,26
2025-12-30 09:59:00,1.63,1.635,1.63,1.63,48
2025-12-30 10:00:00,1.63,1.63,1.63,1.63,3
2025-12-30 10:01:00,1.63,1.63,1.63,1.63,1
2025-12-30 10:02:00,1.63,1.63,1.62,1.625,236
2025-12-30 10:03:00,1.625,1.625,1.62,1.62,8
2025-12-30 10:04:00,1.62,1.625,1.62,1.625,154
2025-12-30 10:05:00,1.625,1.63,1.62,1.62,42
2025-12-30 10:06:00,1.62,1.6207,1.62,1.62,4
2025-12-30 10:07:00,1.62,1.62,1.62,1.62,4
2025-12-30 10:08:00,1.62,1.625,1.62,1.62,10
2025-12-30 10:09:00,1.62,1.62,1.62,1.62,2
2025-12-30 10:10:00,1.62,1.62,1.62,1.62,3
2025-12-30 10:11:00,1.62,1.62,1.62,1.62,2
2025-12-30 10:12:00,1.62,1.6293,1.62,1.62,14
2025-12-30 10:13:00,1.62,1.6283,1.62,1.625,63
2025-12-30 10:14:00,1.625,1.635,1.625,1.635,309
2025-12-30 10:15:00,1.6301,1.635,1.6301,1.635,174
2025-12-30 10:16:00,1.6301,1.635,1.6301,1.6307,310
2025-12-30 10:17:00,1.63,1.635,1.63,1.635,51
2025-12-30 10:18:00,1.635,1.635,1.635,1.635,0
2025-12-30 10:19:00,1.635,1.635,1.635,1.635,0
2025-12-30 10:20:00,1.63,1.63,1.63,1.63,1
2025-12-30 10:21:00,1.63,1.63,1.62,1.63,510
2025-12-30 10:22:00,1.625,1.6255,1.625,1.6255,10
2025-12-30 10:23:00,1.62,1.62,1.62,1.62,1
2025-12-30 10:24:00,1.62,1.625,1.62,1.62,7
2025-12-30 10:25:00,1.62,1.62,1.62,1.62,4
2025-12-30 10:26:00,1.62,1.625,1.62,1.62,5
2025-12-30 10:27:00,1.62,1.625,1.62,1.62,5
2025-12-30 10:28:00,1.62,1.62,1.62,1.62,2
2025-12-30 10:29:00,1.62,1.62,1.62,1.62,5
2025-12-30 10:30:00,1.62,1.62,1.615,1.615,160
2025-12-30 10:31:00,1.615,1.615,1.61,1.615,15
2025-12-30 10:32:00,1.6156,1.6156,1.61,1.61,7
2025-12-30 10:33:00,1.615,1.615,1.61,1.61,15
2025-12-30 10:34:00,1.615,1.62,1.61,1.615,371
2025-12-30 10:35:00,1.62,1.625,1.618,1.6239,551
2025-12-30 10:36:00,1.625,1.63,1.625,1.625,192
2025-12-30 10:37:00,1.625,1.625,1.625,1.625,0
2025-12-30 10:38:00,1.625,1.625,1.625,1.625,7
2025-12-30 10:39:00,1.625,1.625,1.625,1.625,1
2025-12-30 10:40:00,1.625,1.63,1.625,1.63,3
2025-12-30 10:41:00,1.62,1.62,1.62,1.62,1
2025-12-30 10:42:00,1.625,1.625,1.62,1.62,10
2025-12-30 10:43:00,1.625,1.625,1.625,1.625,1
2025-12-30 10:44:00,1.625,1.625,1.625,1.625,2
2025-12-30 10:45:00,1.625,1.63,1.62,1.62,40
2025-12-30 10:46:00,1.62,1.625,1.62,1.62,20
2025-12-30 10:47:00,1.62,1.62,1.62,1.62,12
2025-12-30 10:48:00,1.62,1.6261,1.62,1.62,56
2025-12-30 10:49:00,1.62,1.6275,1.62,1.62,6
2025-12-30 10:50:00,1.62,1.6271,1.62,1.62,80
2025-12-30 10:51:00,1.62,1.62,1.62,1.62,1
2025-12-30 10:52:00,1.62,1.62,1.62,1.62,5
2025-12-30 10:53:00,1.625,1.625,1.62,1.62,5
2025-12-30 10:54:00,1.62,1.62,1.62,1.62,34
2025-12-30 10:55:00,1.625,1.625,1.62,1.62,2
2025-12-30 10:56:00,1.62,1.625,1.62,1.62,113
2025-12-30 10:57:00,1.62,1.625,1.62,1.625,42
2025-12-30 10:58:00,1.625,1.625,1.62,1.62,17
2025-12-30 10:59:00,1.62,1.625,1.62,1.62,6
2025-12-30 11:00:00,1.62,1.625,1.62,1.62,5
2025-12-30 11:01:00,1.62,1.625,1.62,1.62,15
2025-12-30 11:02:00,1.62,1.625,1.62,1.62,4
2025-12-30 11:03:00,1.62,1.625,1.62,1.62,7
2025-12-30 11:04:00,1.62,1.625,1.62,1.6221,74
2025-12-30 11:05:00,1.62,1.62,1.62,1.62,4
2025-12-30 11:06:00,1.62,1.625,1.62,1.625,4
2025-12-30 11:07:00,1.625,1.625,1.62,1.62,15
2025-12-30 11:08:00,1.62,1.62,1.62,1.62,14
2025-12-30 11:09:00,1.62,1.62,1.62,1.62,8
2025-12-30 11:10:00,1.625,1.625,1.62,1.62,5
2025-12-30 11:11:00,1.62,1.62,1.62,1.62,1
2025-12-30 11:12:00,1.62,1.62,1.62,1.62,13
2025-12-30 11:13:00,1.62,1.625,1.62,1.62,42
2025-12-30 11:14:00,1.62,1.625,1.62,1.62,36
2025-12-30 11:15:00,1.62,1.6211,1.62,1.62,5
2025-12-30 11:16:00,1.62,1.62,1.62,1.62,4
2025-12-30 11:17:00,1.625,1.625,1.62,1.62,6
2025-12-30 11:18:00,1.62,1.64,1.62,1.635,589
2025-12-30 11:19:00,1.635,1.635,1.635,1.635,19
2025-12-30 11:20:00,1.635,1.635,1.635,1.635,0
2025-12-30 11:21:00,1.635,1.635,1.635,1.635,3
2025-12-30 11:22:00,1.635,1.635,1.635,1.635,0
2025-12-30 11:23:00,1.636,1.636,1.63,1.635,44
2025-12-30 11:24:00,1.635,1.635,1.635,1.635,0
2025-12-30 11:25:00,1.635,1.635,1.635,1.635,1
2025-12-30 11:26:00,1.63,1.635,1.63,1.635,2
2025-12-30 11:27:00,1.63,1.635,1.63,1.63,230
2025-12-30 11:28:00,1.63,1.63,1.624,1.625,132
2025-12-30 11:29:00,1.625,1.625,1.625,1.625,1
2025-12-30 11:30:00,1.62,1.625,1.62,1.62,130
2025-12-30 11:31:00,1.62,1.63,1.62,1.63,393
2025-12-30 11:32:00,1.63,1.63,1.63,1.63,0
2025-12-30 11:33:00,1.63,1.63,1.63,1.63,0
2025-12-30 11:34:00,1.63,1.63,1.625,1.63,24
2025-12-30 11:35:00,1.63,1.63,1.625,1.625,60
2025-12-30 11:36:00,1.625,1.63,1.625,1.63,65
2025-12-30 11:37:00,1.63,1.63,1.625,1.625,11
2025-12-30 11:38:00,1.625,1.63,1.62,1.625,14
2025-12-30 11:39:00,1.625,1.625,1.625,1.625,6
2025-12-30 11:40:00,1.625,1.625,1.625,1.625,7
2025-12-30 11:41:00,1.625,1.63,1.625,1.625,104
2025-12-30 11:42:00,1.62,1.625,1.62,1.62,17
2025-12-30 11:43:00,1.62,1.63,1.62,1.62,20
2025-12-30 11:44:00,1.63,1.63,1.62,1.62,7
2025-12-30 11:45:00,1.625,1.63,1.62,1.62,32
2025-12-30 11:46:00,1.63,1.63,1.62,1.625,191
2025-12-30 11:47:00,1.62,1.63,1.62,1.625,24
2025-12-30 11:48:00,1.625,1.63,1.62,1.63,12
2025-12-30 11:49:00,1.62,1.63,1.62,1.63,15
2025-12-30 11:50:00,1.62,1.63,1.62,1.625,7
2025-12-30 11:51:00,1.625,1.63,1.625,1.63,18
2025-12-30 11:52:00,1.62,1.625,1.62,1.625,82
2025-12-30 11:53:00,1.62,1.625,1.62,1.62,9
2025-12-30 11:54:00,1.62,1.62,1.62,1.62,2
2025-12-30 11:55:00,1.62,1.62,1.615,1.615,287
2025-12-30 11:56:00,1.615,1.615,1.61,1.61,9
2025-12-30 11:57:00,1.611,1.615,1.61,1.61,76
2025-12-30 11:58:00,1.61,1.61,1.61,1.61,3
2025-12-30 11:59:00,1.6102,1.6102,1.61,1.61,12
2025-12-30 12:00:00,1.61,1.615,1.61,1.615,24
2025-12-30 12:01:00,1.61,1.615,1.61,1.615,14
2025-12-30 12:02:00,1.61,1.615,1.61,1.615,18
2025-12-30 12:03:00,1.61,1.61,1.61,1.61,3
2025-12-30 12:04:00,1.6161,1.6161,1.61,1.61,12
2025-12-30 12:05:00,1.61,1.6145,1.61,1.6145,5
2025-12-30 12:06:00,1.61,1.6199,1.61,1.61,34
2025-12-30 12:07:00,1.61,1.615,1.61,1.61,3
2025-12-30 12:08:00,1.61,1.61,1.61,1.61,3
2025-12-30 12:09:00,1.61,1.6193,1.61,1.61,7
2025-12-30 12:10:00,1.61,1.615,1.61,1.61,4
2025-12-30 12:11:00,1.615,1.615,1.61,1.61,32
2025-12-30 12:12:00,1.61,1.61,1.61,1.61,3
2025-12-30 12:13:00,1.61,1.615,1.61,1.615,5
2025-12-30 12:14:00,1.61,1.61,1.61,1.61,4
2025-12-30 12:15:00,1.61,1.6189,1.61,1.61,9
2025-12-30 12:16:00,1.61,1.61,1.61,1.61,0
2025-12-30 12:17:00,1.61,1.615,1.61,1.615,3
2025-12-30 12:18:00,1.61,1.61,1.61,1.61,2
2025-12-30 12:19:00,1.61,1.61,1.61,1.61,0
2025-12-30 12:20:00,1.6115,1.615,1.6115,1.615,14
2025-12-30 12:21:00,1.61,1.61,1.61,1.61,2
2025-12-30 12:22:00,1.61,1.61,1.61,1.61,3
2025-12-30 12:23:00,1.61,1.61,1.61,1.61,3
2025-12-30 12:24:00,1.61,1.615,1.61,1.615,67
2025-12-30 12:25:00,1.61,1.61,1.61,1.61,4
2025-12-30 12:26:00,1.61,1.615,1.61,1.615,3
2025-12-30 12:27:00,1.61,1.6172,1.61,1.61,7
2025-12-30 12:28:00,1.61,1.61,1.61,1.61,17
2025-12-30 12:29:00,1.61,1.61,1.61,1.61,3
2025-12-30 12:30:00,1.61,1.615,1.61,1.61,5
2025-12-30 12:31:00,1.61,1.61,1.61,1.61,3
2025-12-30 12:32:00,1.61,1.61,1.61,1.61,3
2025-12-30 12:33:00,1.615,1.615,1.61,1.6101,147
2025-12-30 12:34:00,1.61,1.6101,1.61,1.61,218
2025-12-30 12:35:00,1.61,1.61,1.61,1.61,7
2025-12-30 12:36:00,1.61,1.615,1.61,1.61,3
2025-12-30 12:37:00,1.61,1.615,1.61,1.61,4
2025-12-30 12:38:00,1.61,1.61,1.61,1.61,13
2025-12-30 12:39:00,1.61,1.61,1.61,1.61,3
2025-12-30 12:40:00,1.61,1.61,1.61,1.61,16
2025-12-30 12:41:00,1.61,1.61,1.61,1.61,3
2025-12-30 12:42:00,1.61,1.61,1.61,1.61,1
2025-12-30 12:43:00,1.61,1.61,1.6,1.605,199
2025-12-30 12:44:00,1.605,1.605,1.6,1.6,39
2025-12-30 12:45:00,1.6,1.605,1.6,1.6,5
2025-12-30 12:46:00,1.6099,1.61,1.605,1.605,114
2025-12-30 12:47:00,1.605,1.605,1.6,1.605,6
2025-12-30 12:48:00,1.6,1.61,1.6,1.6,23
2025-12-30 12:49:00,1.6013,1.61,1.6,1.605,48
2025-12-30 12:50:00,1.6,1.6,1.6,1.6,3
2025-12-30 12:51:00,1.608,1.615,1.608,1.615,359
2025-12-30 12:52:00,1.62,1.62,1.61,1.61,7
2025-12-30 12:53:00,1.615,1.615,1.61,1.61,3
2025-12-30 12:54:00,1.61,1.61,1.61,1.61,0
2025-12-30 12:55:00,1.615,1.615,1.615,1.615,22
2025-12-30 12:56:00,1.615,1.615,1.615,1.615,0
2025-12-30 12:57:00,1.615,1.615,1.615,1.615,0
2025-12-30 12:58:00,1.615,1.615,1.615,1.615,1
2025-12-30 12:59:00,1.615,1.615,1.615,1.615,1
2025-12-30 13:00:00,1.6134,1.6134,1.6134,1.6134,8
2025-12-30 13:01:00,1.61,1.615,1.61,1.615,2
2025-12-30 13:02:00,1.615,1.615,1.61,1.61,3
2025-12-30 13:03:00,1.61,1.61,1.61,1.61,8
2025-12-30 13:04:00,1.6161,1.6161,1.61,1.61,11
2025-12-30 13:05:00,1.61,1.615,1.61,1.61,4
2025-12-30 13:06:00,1.61,1.6188,1.61,1.615,48
2025-12-30 13:07:00,1.61,1.61,1.61,1.61,2
2025-12-30 13:08:00,1.61,1.615,1.61,1.61,11
2025-12-30 13:09:00,1.61,1.61,1.61,1.61,2
2025-12-30 13:10:00,1.61,1.615,1.61,1.615,17
2025-12-30 13:11:00,1.61,1.61,1.61,1.61,2
2025-12-30 13:12:00,1.61,1.615,1.61,1.61,9
2025-12-30 13:13:00,1.61,1.615,1.61,1.61,9
2025-12-30 13:14:00,1.61,1.6107,1.61,1.61,9
2025-12-30 13:15:00,1.615,1.615,1.61,1.61,10
2025-12-30 13:16:00,1.61,1.61,1.61,1.61,12
2025-12-30 13:17:00,1.61,1.615,1.61,1.61,6
2025-12-30 13:18:00,1.6145,1.6145,1.61,1.61,13
2025-12-30 13:19:00,1.61,1.61,1.61,1.61,1
2025-12-30 13:20:00,1.61,1.61,1.61,1.61,5
2025-12-30 13:21:00,1.61,1.615,1.61,1.61,4
2025-12-30 13:22:00,1.61,1.615,1.61,1.61,7
2025-12-30 13:23:00,1.61,1.615,1.61,1.61,3
2025-12-30 13:24:00,1.61,1.615,1.61,1.61,3
2025-12-30 13:25:00,1.61,1.61,1.61,1.61,2
2025-12-30 13:26:00,1.61,1.615,1.61,1.61,32
2025-12-30 13:27:00,1.6138,1.615,1.61,1.615,52
2025-12-30 13:28:00,1.61,1.61,1.61,1.61,54
2025-12-30 13:29:00,1.61,1.61,1.61,1.61,5
2025-12-30 13:30:00,1.61,1.61,1.61,1.61,2
2025-12-30 13:31:00,1.61,1.61,1.61,1.61,3
2025-12-30 13:32:00,1.61,1.61,1.61,1.61,6
2025-12-30 13:33:00,1.61,1.61,1.61,1.61,3
2025-12-30 13:34:00,1.61,1.615,1.61,1.61,4
2025-12-30 13:35:00,1.61,1.6101,1.605,1.605,194
2025-12-30 13:36:00,1.605,1.61,1.6,1.605,587
2025-12-30 13:37:00,1.6,1.6001,1.6,1.6001,12
2025-12-30 13:38:00,1.6,1.605,1.6,1.605,32
2025-12-30 13:39:00,1.6,1.6,1.6,1.6,2
2025-12-30 13:40:00,1.6,1.605,1.6,1.6,9
2025-12-30 13:41:00,1.6,1.6,1.6,1.6,2
2025-12-30 13:42:00,1.6,1.6053,1.6,1.6045,28
2025-12-30 13:43:00,1.6,1.6,1.6,1.6,3
2025-12-30 13:44:00,1.6,1.605,1.59,1.605,1017
2025-12-30 13:45:00,1.6,1.605,1.6,1.605,4
2025-12-30 13:46:00,1.6024,1.605,1.6024,1.605,37
2025-12-30 13:47:00,1.605,1.605,1.6,1.6,2
2025-12-30 13:48:00,1.6,1.6,1.6,1.6,0
2025-12-30 13:49:00,1.6,1.6,1.6,1.6,0
2025-12-30 13:50:00,1.6,1.6,1.6,1.6,0
2025-12-30 13:51:00,1.6022,1.6022,1.6,1.6,11
2025-12-30 13:52:00,1.6003,1.605,1.6003,1.6007,156
2025-12-30 13:53:00,1.605,1.605,1.605,1.605,1
2025-12-30 13:54:00,1.605,1.6084,1.605,1.6084,23
2025-12-30 13:55:00,1.6,1.6,1.6,1.6,1
2025-12-30 13:56:00,1.605,1.605,1.6,1.6,24
2025-12-30 13:57:00,1.6,1.6032,1.6,1.6,7
2025-12-30 13:58:00,1.6,1.6,1.6,1.6,19
2025-12-30 13:59:00,1.6,1.6091,1.6,1.6,215
2025-12-30 14:00:00,1.6,1.61,1.6,1.6,7
2025-12-30 14:01:00,1.6,1.605,1.6,1.6,8
2025-12-30 14:02:00,1.6,1.6,1.6,1.6,18
2025-12-30 14:03:00,1.6,1.605,1.59,1.59,179
2025-12-30 14:04:00,1.595,1.595,1.595,1.595,23
2025-12-30 14:05:00,1.59,1.595,1.59,1.595,54
2025-12-30 14:06:00,1.6,1.6,1.5943,1.595,18
2025-12-30 14:07:00,1.6,1.6,1.59,1.6,45
2025-12-30 14:08:00,1.59,1.6,1.59,1.6,7
2025-12-30 14:09:00,1.6,1.6,1.59,1.6,19
2025-12-30 14:10:00,1.6,1.6,1.59,1.595,9
2025-12-30 14:11:00,1.595,1.595,1.59,1.595,18
2025-12-30 14:12:00,1.59,1.6,1.59,1.595,8
2025-12-30 14:13:00,1.595,1.6,1.59,1.595,61
2025-12-30 14:14:00,1.59,1.6,1.59,1.59,9
2025-12-30 14:15:00,1.59,1.6,1.59,1.6,8
2025-12-30 14:16:00,1.59,1.6,1.59,1.595,16
2025-12-30 14:17:00,1.59,1.595,1.59,1.59,48
2025-12-30 14:18:00,1.59,1.595,1.59,1.595,12
2025-12-30 14:19:00,1.59,1.595,1.59,1.595,9
2025-12-30 14:20:00,1.595,1.595,1.59,1.595,68
2025-12-30 14:21:00,1.595,1.6,1.59,1.59,8
2025-12-30 14:22:00,1.59,1.595,1.59,1.595,7
2025-12-30 14:23:00,1.595,1.595,1.59,1.59,18
2025-12-30 14:24:00,1.59,1.595,1.59,1.59,54
2025-12-30 14:25:00,1.5979,1.5979,1.59,1.595,116
2025-12-30 14:26:00,1.595,1.595,1.59,1.59,32
2025-12-30 14:27:00,1.59,1.5905,1.59,1.59,13
2025-12-30 14:28:00,1.59,1.595,1.59,1.59,156
2025-12-30 14:29:00,1.59,1.595,1.59,1.595,3
2025-12-30 14:30:00,1.59,1.59,1.59,1.59,2
2025-12-30 14:31:00,1.59,1.59,1.59,1.59,2
2025-12-30 14:32:00,1.59,1.59,1.59,1.59,3
2025-12-30 14:33:00,1.59,1.595,1.59,1.59,47
2025-12-30 14:34:00,1.59,1.59,1.59,1.59,4
2025-12-30 14:35:00,1.59,1.59,1.59,1.59,1
2025-12-30 14:36:00,1.59,1.595,1.59,1.59,58
2025-12-30 14:37:00,1.59,1.59,1.59,1.59,9
2025-12-30 14:38:00,1.59,1.595,1.59,1.595,11
2025-12-30 14:39:00,1.595,1.595,1.59,1.59,16
2025-12-30 14:40:00,1.59,1.5902,1.59,1.59,15
2025-12-30 14:41:00,1.59,1.595,1.59,1.59,15
2025-12-30 14:42:00,1.59,1.59,1.59,1.59,11
2025-12-30 14:43:00,1.59,1.596,1.59,1.59,45
2025-12-30 14:44:00,1.6,1.6,1.59,1.59,31
2025-12-30 14:45:00,1.595,1.595,1.585,1.585,534
2025-12-30 14:46:00,1.585,1.5898,1.58,1.585,468
2025-12-30 14:47:00,1.5801,1.585,1.58,1.58,802
2025-12-30 14:48:00,1.59,1.59,1.58,1.58,326
2025-12-30 14:49:00,1.585,1.585,1.58,1.58,4
2025-12-30 14:50:00,1.58,1.58,1.58,1.58,2
2025-12-30 14:51:00,1.585,1.5899,1.58,1.58,4
2025-12-30 14:52:00,1.58,1.5897,1.58,1.585,16
2025-12-30 14:53:00,1.58,1.585,1.58,1.58,55
2025-12-30 14:54:00,1.58,1.58,1.58,1.58,11
2025-12-30 14:55:00,1.58,1.5888,1.58,1.5888,14
2025-12-30 14:56:00,1.58,1.585,1.58,1.58,16
2025-12-30 14:57:00,1.58,1.58,1.58,1.58,3
2025-12-30 14:58:00,1.58,1.585,1.58,1.585,14
2025-12-30 14:59:00,1.585,1.585,1.58,1.585,7
2025-12-30 15:00:00,1.58,1.59,1.58,1.58,15
2025-12-30 15:01:00,1.58,1.589,1.58,1.58,225
2025-12-30 15:02:00,1.58,1.59,1.58,1.585,86
2025-12-30 15:03:00,1.585,1.59,1.58,1.58,72
2025-12-30 15:04:00,1.58,1.58,1.58,1.58,0
2025-12-30 15:05:00,1.585,1.585,1.585,1.585,2
2025-12-30 15:06:00,1.581,1.585,1.581,1.585,81
2025-12-30 15:07:00,1.58,1.585,1.58,1.585,7
2025-12-30 15:08:00,1.585,1.585,1.58,1.58,5
2025-12-30 15:09:00,1.58,1.585,1.58,1.58,5
2025-12-30 15:10:00,1.585,1.5899,1.58,1.585,14
2025-12-30 15:11:00,1.58,1.586,1.58,1.585,11
2025-12-30 15:12:00,1.585,1.585,1.58,1.58,15
2025-12-30 15:13:00,1.58,1.58,1.58,1.58,4
2025-12-30 15:14:00,1.585,1.59,1.58,1.58,215
2025-12-30 15:15:00,1.58,1.59,1.58,1.59,207
2025-12-30 15:16:00,1.59,1.59,1.585,1.585,111
2025-12-30 15:17:00,1.59,1.595,1.585,1.595,904
2025-12-30 15:18:00,1.595,1.595,1.595,1.595,1
2025-12-30 15:19:00,1.595,1.599,1.59,1.595,80
2025-12-30 15:20:00,1.596,1.596,1.59,1.59,4
2025-12-30 15:21:00,1.59,1.59,1.59,1.59,6
2025-12-30 15:22:00,1.595,1.595,1.595,1.595,4
2025-12-30 15:23:00,1.595,1.595,1.595,1.595,1
2025-12-30 15:24:00,1.59,1.595,1.59,1.595,5
2025-12-30 15:25:00,1.59,1.595,1.59,1.595,20
2025-12-30 15:26:00,1.59,1.595,1.59,1.595,19
2025-12-30 15:27:00,1.59,1.59,1.59,1.59,13
2025-12-30 15:28:00,1.59,1.5903,1.59,1.5903,17
2025-12-30 15:29:00,1.595,1.595,1.59,1.59,4
2025-12-30 15:30:00,1.59,1.595,1.59,1.59,18
2025-12-30 15:31:00,1.595,1.595,1.59,1.59,8
2025-12-30 15:32:00,1.59,1.595,1.59,1.59,7
2025-12-30 15:33:00,1.59,1.595,1.59,1.59,29
2025-12-30 15:34:00,1.59,1.6,1.59,1.59,30
2025-12-30 15:35:00,1.59,1.595,1.59,1.59,287
2025-12-30 15:36:00,1.5975,1.5975,1.59,1.59,8
2025-12-30 15:37:00,1.5939,1.5939,1.59,1.59,9
2025-12-30 15:38:00,1.59,1.595,1.59,1.59,23
2025-12-30 15:39:00,1.595,1.595,1.59,1.59,10
2025-12-30 15:40:00,1.59,1.595,1.59,1.59,25
2025-12-30 15:41:00,1.59,1.595,1.59,1.59,118
2025-12-30 15:42:00,1.59,1.595,1.59,1.59,7
2025-12-30 15:43:00,1.59,1.6,1.59,1.59,20
2025-12-30 15:44:00,1.59,1.5961,1.59,1.59,47
2025-12-30 15:45:00,1.59,1.595,1.59,1.59,16
2025-12-30 15:46:00,1.59,1.5999,1.59,1.59,94
2025-12-30 15:47:00,1.59,1.595,1.59,1.595,12
2025-12-30 15:48:00,1.59,1.5957,1.59,1.59,27
2025-12-30 15:49:00,1.59,1.595,1.59,1.59,33
2025-12-30 15:50:00,1.595,1.595,1.59,1.59,60
2025-12-30 15:51:00,1.59,1.595,1.59,1.59,37
2025-12-30 15:52:00,1.5958,1.5958,1.59,1.595,38
2025-12-30 15:53:00,1.59,1.5957,1.59,1.595,39
2025-12-30 15:54:00,1.59,1.595,1.58,1.58,613
2025-12-30 15:55:00,1.585,1.585,1.58,1.58,137
2025-12-30 15:56:00,1.58,1.585,1.58,1.58,111
2025-12-30 15:57:00,1.58,1.5899,1.58,1.58,114
2025-12-30 15:58:00,1.58,1.5855,1.58,1.58,193
2025-12-30 15:59:00,1.59,1.59,1.58,1.585,517
2025-12-31 09:30:00,1.59,1.61,1.59,1.6,505
2025-12-31 09:31:00,1.6,1.61,1.6,1.61,2
2025-12-31 09:32:00,1.61,1.61,1.61,1.61,3
2025-12-31 09:33:00,1.6095,1.61,1.6002,1.6002,28
2025-12-31 09:34:00,1.605,1.6088,1.605,1.6088,6
2025-12-31 09:35:00,1.605,1.605,1.605,1.605,2
2025-12-31 09:36:00,1.6017,1.605,1.6017,1.605,10
2025-12-31 09:37:00,1.605,1.61,1.605,1.61,139
2025-12-31 09:38:00,1.605,1.605,1.605,1.605,5
2025-12-31 09:39:00,1.605,1.605,1.605,1.605,9
2025-12-31 09:40:00,1.605,1.6061,1.605,1.605,55
2025-12-31 09:41:00,1.6005,1.6005,1.6005,1.6005,18
2025-12-31 09:42:00,1.605,1.61,1.605,1.605,89
2025-12-31 09:43:00,1.605,1.605,1.605,1.605,1
2025-12-31 09:44:00,1.61,1.61,1.605,1.6086,7
2025-12-31 09:45:00,1.605,1.6099,1.6,1.6099,64
2025-12-31 09:46:00,1.6039,1.605,1.595,1.595,87
2025-12-31 09:47:00,1.595,1.6,1.59,1.595,78
2025-12-31 09:48:00,1.595,1.6,1.59,1.59,70
2025-12-31 09:49:00,1.59,1.59,1.59,1.59,0
2025-12-31 09:50:00,1.5993,1.5993,1.5993,1.5993,3
2025-12-31 09:51:00,1.5999,1.5999,1.595,1.595,14
2025-12-31 09:52:00,1.595,1.6,1.595,1.6,275
2025-12-31 09:53:00,1.6,1.6,1.6,1.6,6
2025-12-31 09:54:00,1.6,1.6,1.6,1.6,6
2025-12-31 09:55:00,1.595,1.595,1.595,1.595,1
2025-12-31 09:56:00,1.5901,1.595,1.59,1.595,374
2025-12-31 09:57:00,1.5999,1.5999,1.5999,1.5999,3
2025-12-31 09:58:00,1.5999,1.5999,1.5999,1.5999,0
2025-12-31 09:59:00,1.595,1.6,1.595,1.595,11
2025-12-31 10:00:00,1.595,1.595,1.595,1.595,12
2025-12-31 10:01:00,1.595,1.595,1.595,1.595,6
2025-12-31 10:02:00,1.59,1.595,1.59,1.595,10
2025-12-31 10:03:00,1.595,1.595,1.595,1.595,6
2025-12-31 10:04:00,1.595,1.595,1.595,1.595,0
2025-12-31 10:05:00,1.595,1.595,1.595,1.595,6
2025-12-31 10:06:00,1.595,1.595,1.595,1.595,0
2025-12-31 10:07:00,1.59,1.6,1.59,1.595,34
2025-12-31 10:08:00,1.595,1.595,1.59,1.5947,10
2025-12-31 10:09:00,1.595,1.595,1.5945,1.5945,7
2025-12-31 10:10:00,1.5945,1.5945,1.5945,1.5945,0
2025-12-31 10:11:00,1.5903,1.595,1.59,1.59,201
2025-12-31 10:12:00,1.595,1.6,1.595,1.6,61
2025-12-31 10:13:00,1.595,1.595,1.595,1.595,20
2025-12-31 10:14:00,1.595,1.595,1.595,1.595,0
2025-12-31 10:15:00,1.595,1.595,1.595,1.595,2
2025-12-31 10:16:00,1.599,1.5995,1.595,1.5995,22
2025-12-31 10:17:00,1.595,1.595,1.59,1.595,11
2025-12-31 10:18:00,1.5961,1.5961,1.5961,1.5961,20
2025-12-31 10:19:00,1.595,1.595,1.595,1.595,6
2025-12-31 10:20:00,1.595,1.599,1.59,1.599,13
2025-12-31 10:21:00,1.5965,1.6,1.5965,1.6,190
2025-12-31 10:22:00,1.595,1.6,1.595,1.6,8
2025-12-31 10:23:00,1.5999,1.5999,1.5961,1.5973,90
2025-12-31 10:24:00,1.595,1.5979,1.595,1.5979,16
2025-12-31 10:25:00,1.6,1.6,1.595,1.595,9
2025-12-31 10:26:00,1.595,1.595,1.595,1.595,0
2025-12-31 10:27:00,1.595,1.595,1.595,1.595,5
2025-12-31 10:28:00,1.5911,1.595,1.5911,1.595,26
2025-12-31 10:29:00,1.595,1.595,1.59,1.595,55
2025-12-31 10:30:00,1.595,1.6,1.59,1.6,114
2025-12-31 10:31:00,1.595,1.5955,1.595,1.595,7
2025-12-31 10:32:00,1.595,1.595,1.595,1.595,7
2025-12-31 10:33:00,1.595,1.6,1.595,1.595,9
2025-12-31 10:34:00,1.595,1.595,1.595,1.595,5
2025-12-31 10:35:00,1.6,1.6,1.595,1.595,8
2025-12-31 10:36:00,1.595,1.595,1.595,1.595,7
2025-12-31 10:37:00,1.595,1.595,1.595,1.595,3
2025-12-31 10:38:00,1.595,1.595,1.595,1.595,11
2025-12-31 10:39:00,1.595,1.595,1.595,1.595,5
2025-12-31 10:40:00,1.595,1.595,1.59,1.59,89
2025-12-31 10:41:00,1.59,1.595,1.59,1.595,24
2025-12-31 10:42:00,1.59,1.59,1.59,1.59,3
2025-12-31 10:43:00,1.59,1.59,1.59,1.59,3
2025-12-31 10:44:00,1.59,1.59,1.59,1.59,3
2025-12-31 10:45:00,1.59,1.6,1.59,1.59,6
2025-12-31 10:46:00,1.59,1.595,1.585,1.595,557
2025-12-31 10:47:00,1.595,1.595,1.595,1.595,5
2025-12-31 10:48:00,1.595,1.595,1.595,1.595,13
2025-12-31 10:49:00,1.595,1.595,1.595,1.595,0
2025-12-31 10:50:00,1.595,1.595,1.595,1.595,1
2025-12-31 10:51:00,1.6,1.62,1.595,1.615,905
2025-12-31 10:52:00,1.615,1.615,1.61,1.61,102
2025-12-31 10:53:00,1.6114,1.615,1.6114,1.615,4
2025-12-31 10:54:00,1.615,1.615,1.615,1.615,0
2025-12-31 10:55:00,1.615,1.616,1.615,1.615,25
2025-12-31 10:56:00,1.615,1.615,1.615,1.615,1
2025-12-31 10:57:00,1.6101,1.615,1.6101,1.615,2
2025-12-31 10:58:00,1.615,1.615,1.615,1.615,0
2025-12-31 10:59:00,1.615,1.615,1.6143,1.6143,12
2025-12-31 11:00:00,1.6111,1.615,1.6111,1.615,5
2025-12-31 11:01:00,1.615,1.615,1.615,1.615,1
2025-12-31 11:02:00,1.615,1.615,1.615,1.615,7
2025-12-31 11:03:00,1.615,1.615,1.615,1.615,0
2025-12-31 11:04:00,1.615,1.615,1.615,1.615,1
2025-12-31 11:05:00,1.6101,1.6101,1.6101,1.6101,27
2025-12-31 11:06:00,1.615,1.615,1.615,1.615,2
2025-12-31 11:07:00,1.61,1.62,1.61,1.615,4
2025-12-31 11:08:00,1.615,1.615,1.615,1.615,0
2025-12-31 11:09:00,1.615,1.615,1.6136,1.615,18
2025-12-31 11:10:00,1.61,1.61,1.61,1.61,1
2025-12-31 11:11:00,1.615,1.615,1.615,1.615,2
2025-12-31 11:12:00,1.62,1.62,1.615,1.615,3
2025-12-31 11:13:00,1.61,1.615,1.61,1.615,371
2025-12-31 11:14:00,1.61,1.61,1.61,1.61,1
2025-12-31 11:15:00,1.62,1.62,1.62,1.62,10
2025-12-31 11:16:00,1.615,1.615,1.615,1.615,7
2025-12-31 11:17:00,1.61,1.61,1.605,1.605,196
2025-12-31 11:18:00,1.605,1.605,1.605,1.605,1
2025-12-31 11:19:00,1.61,1.61,1.61,1.61,110
2025-12-31 11:20:00,1.615,1.615,1.611,1.611,40
2025-12-31 11:21:00,1.611,1.611,1.611,1.611,0
2025-12-31 11:22:00,1.615,1.615,1.615,1.615,1
2025-12-31 11:23:00,1.615,1.615,1.615,1.615,0
2025-12-31 11:24:00,1.615,1.615,1.615,1.615,0
2025-12-31 11:25:00,1.615,1.615,1.615,1.615,0
2025-12-31 11:26:00,1.615,1.615,1.615,1.615,50
2025-12-31 11:27:00,1.615,1.615,1.615,1.615,0
2025-12-31 11:28:00,1.6101,1.615,1.61,1.615,721
2025-12-31 11:29:00,1.615,1.615,1.615,1.615,0
2025-12-31 11:30:00,1.62,1.62,1.61,1.61,3
2025-12-31 11:31:00,1.615,1.615,1.615,1.615,1
2025-12-31 11:32:00,1.615,1.615,1.615,1.615,0
2025-12-31 11:33:00,1.615,1.615,1.615,1.615,21
2025-12-31 11:34:00,1.61,1.61,1.61,1.61,20
2025-12-31 11:35:00,1.61,1.62,1.61,1.62,4
2025-12-31 11:36:00,1.615,1.615,1.61,1.615,15
2025-12-31 11:37:00,1.615,1.615,1.615,1.615,49
2025-12-31 11:38:00,1.615,1.615,1.615,1.615,2
2025-12-31 11:39:00,1.615,1.615,1.615,1.615,0
2025-12-31 11:40:00,1.615,1.615,1.615,1.615,0
2025-12-31 11:41:00,1.615,1.615,1.615,1.615,0
2025-12-31 11:42:00,1.62,1.62,1.61,1.615,23
2025-12-31 11:43:00,1.615,1.615,1.615,1.615,0
2025-12-31 11:44:00,1.6155,1.6155,1.615,1.615,2
2025-12-31 11:45:00,1.615,1.62,1.615,1.615,5
2025-12-31 11:46:00,1.615,1.615,1.615,1.615,5
2025-12-31 11:47:00,1.615,1.615,1.615,1.615,16
2025-12-31 11:48:00,1.62,1.62,1.62,1.62,1
2025-12-31 11:49:00,1.6101,1.6101,1.6101,1.6101,5
2025-12-31 11:50:00,1.6101,1.6101,1.6101,1.6101,0
2025-12-31 11:51:00,1.615,1.615,1.615,1.615,4
2025-12-31 11:52:00,1.615,1.615,1.615,1.615,0
2025-12-31 11:53:00,1.615,1.62,1.615,1.62,31
2025-12-31 11:54:00,1.6155,1.62,1.6155,1.62,3
2025-12-31 11:55:00,1.62,1.62,1.62,1.62,0
2025-12-31 11:56:00,1.615,1.615,1.615,1.615,1
2025-12-31 11:57:00,1.615,1.615,1.615,1.615,5
2025-12-31 11:58:00,1.615,1.615,1.615,1.615,9
2025-12-31 11:59:00,1.61,1.615,1.61,1.615,101
2025-12-31 12:00:00,1.615,1.615,1.615,1.615,23
2025-12-31 12:01:00,1.62,1.62,1.62,1.62,1
2025-12-31 12:02:00,1.615,1.615,1.615,1.615,2
2025-12-31 12:03:00,1.615,1.615,1.615,1.615,13
2025-12-31 12:04:00,1.62,1.62,1.615,1.615,5
2025-12-31 12:05:00,1.62,1.62,1.615,1.615,8
2025-12-31 12:06:00,1.615,1.615,1.615,1.615,0
2025-12-31 12:07:00,1.615,1.62,1.615,1.615,6
2025-12-31 12:08:00,1.615,1.615,1.611,1.611,45
2025-12-31 12:09:00,1.611,1.611,1.611,1.611,0
2025-12-31 12:10:00,1.611,1.611,1.611,1.611,0
2025-12-31 12:11:00,1.615,1.615,1.615,1.615,6
2025-12-31 12:12:00,1.62,1.62,1.62,1.62,50
2025-12-31 12:13:00,1.615,1.62,1.615,1.62,6
2025-12-31 12:14:00,1.61,1.615,1.61,1.615,3
2025-12-31 12:15:00,1.615,1.615,1.615,1.615,9
2025-12-31 12:16:00,1.615,1.615,1.615,1.615,15
2025-12-31 12:17:00,1.615,1.615,1.615,1.615,0
2025-12-31 12:18:00,1.615,1.615,1.615,1.615,19
2025-12-31 12:19:00,1.615,1.615,1.615,1.615,22
2025-12-31 12:20:00,1.615,1.62,1.615,1.62,24
2025-12-31 12:21:00,1.62,1.62,1.62,1.62,1
2025-12-31 12:22:00,1.615,1.62,1.615,1.615,17
2025-12-31 12:23:00,1.615,1.62,1.61,1.615,984
2025-12-31 12:24:00,1.615,1.615,1.615,1.615,4
2025-12-31 12:25:00,1.6112,1.615,1.6112,1.615,34
2025-12-31 12:26:00,1.6103,1.615,1.6103,1.615,18
2025-12-31 12:27:00,1.62,1.62,1.62,1.62,1
2025-12-31 12:28:00,1.6107,1.6107,1.6107,1.6107,1
2025-12-31 12:29:00,1.62,1.62,1.615,1.615,44
2025-12-31 12:30:00,1.62,1.62,1.62,1.62,100
2025-12-31 12:31:00,1.62,1.62,1.62,1.62,0
2025-12-31 12:32:00,1.615,1.615,1.61,1.615,160
2025-12-31 12:33:00,1.615,1.615,1.615,1.615,2
2025-12-31 12:34:00,1.62,1.62,1.62,1.62,1
2025-12-31 12:35:00,1.62,1.62,1.615,1.615,3
2025-12-31 12:36:00,1.62,1.62,1.615,1.62,135
2025-12-31 12:37:00,1.62,1.62,1.62,1.62,7
2025-12-31 12:38:00,1.6101,1.615,1.6101,1.615,37
2025-12-31 12:39:00,1.62,1.63,1.614,1.625,485
2025-12-31 12:40:00,1.624,1.63,1.624,1.63,6
2025-12-31 12:41:00,1.625,1.63,1.6212,1.63,72
2025-12-31 12:42:00,1.6239,1.6239,1.6201,1.6201,40
2025-12-31 12:43:00,1.63,1.63,1.63,1.63,4
2025-12-31 12:44:00,1.62,1.6289,1.62,1.625,115
2025-12-31 12:45:00,1.625,1.625,1.625,1.625,1
2025-12-31 12:46:00,1.625,1.63,1.625,1.625,6
2025-12-31 12:47:00,1.62,1.63,1.62,1.6216,75
2025-12-31 12:48:00,1.6216,1.6216,1.6216,1.6216,0
2025-12-31 12:49:00,1.62,1.62,1.615,1.615,294
2025-12-31 12:50:00,1.615,1.615,1.615,1.615,25
2025-12-31 12:51:00,1.615,1.615,1.615,1.615,0
2025-12-31 12:52:00,1.62,1.62,1.62,1.62,4
2025-12-31 12:53:00,1.615,1.62,1.61,1.615,193
2025-12-31 12:54:00,1.62,1.62,1.615,1.615,11
2025-12-31 12:55:00,1.62,1.62,1.62,1.62,12
2025-12-31 12:56:00,1.6155,1.62,1.615,1.62,30
2025-12-31 12:57:00,1.62,1.62,1.615,1.62,14
2025-12-31 12:58:00,1.62,1.62,1.615,1.615,12
2025-12-31 12:59:00,1.62,1.62,1.615,1.62,13
2025-12-31 13:00:00,1.62,1.62,1.615,1.62,11
2025-12-31 13:01:00,1.62,1.62,1.615,1.615,10
2025-12-31 13:02:00,1.62,1.62,1.61,1.62,13
2025-12-31 13:03:00,1.62,1.62,1.615,1.62,25
2025-12-31 13:04:00,1.615,1.615,1.615,1.615,5
2025-12-31 13:05:00,1.615,1.615,1.615,1.615,0
2025-12-31 13:06:00,1.62,1.62,1.615,1.615,16
2025-12-31 13:07:00,1.615,1.6162,1.61,1.61,51
2025-12-31 13:08:00,1.62,1.62,1.62,1.62,19
2025-12-31 13:09:00,1.615,1.615,1.61,1.615,43
2025-12-31 13:10:00,1.62,1.62,1.62,1.62,4
2025-12-31 13:11:00,1.615,1.62,1.615,1.615,93
2025-12-31 13:12:00,1.62,1.62,1.62,1.62,3
2025-12-31 13:13:00,1.6198,1.62,1.615,1.615,75
2025-12-31 13:14:00,1.62,1.62,1.62,1.62,74
2025-12-31 13:15:00,1.62,1.62,1.615,1.62,9
2025-12-31 13:16:00,1.62,1.62,1.6199,1.62,255
2025-12-31 13:17:00,1.615,1.62,1.615,1.62,4
2025-12-31 13:18:00,1.62,1.62,1.615,1.615,6
2025-12-31 13:19:00,1.61,1.62,1.61,1.615,12
2025-12-31 13:20:00,1.615,1.615,1.615,1.615,3
2025-12-31 13:21:00,1.6198,1.6198,1.615,1.615,3
2025-12-31 13:22:00,1.62,1.62,1.615,1.615,41
2025-12-31 13:23:00,1.62,1.62,1.615,1.62,98
2025-12-31 13:24:00,1.617,1.62,1.614,1.614,6
2025-12-31 13:25:00,1.615,1.62,1.615,1.62,6
2025-12-31 13:26:00,1.615,1.62,1.615,1.615,7
2025-12-31 13:27:00,1.62,1.62,1.62,1.62,6
2025-12-31 13:28:00,1.62,1.62,1.615,1.6176,18
2025-12-31 13:29:00,1.62,1.62,1.62,1.62,1
2025-12-31 13:30:00,1.61,1.615,1.61,1.615,10
2025-12-31 13:31:00,1.62,1.62,1.62,1.62,26
2025-12-31 13:32:00,1.62,1.62,1.615,1.615,68
2025-12-31 13:33:00,1.62,1.62,1.615,1.615,2
2025-12-31 13:34:00,1.62,1.62,1.615,1.62,16
2025-12-31 13:35:00,1.62,1.62,1.6133,1.615,62
2025-12-31 13:36:00,1.62,1.62,1.615,1.615,16
2025-12-31 13:37:00,1.62,1.62,1.62,1.62,10
2025-12-31 13:38:00,1.615,1.62,1.615,1.62,3
2025-12-31 13:39:00,1.62,1.62,1.614,1.615,69
2025-12-31 13:40:00,1.62,1.62,1.62,1.62,24
2025-12-31 13:41:00,1.62,1.62,1.615,1.615,7
2025-12-31 13:42:00,1.62,1.62,1.62,1.62,1
2025-12-31 13:43:00,1.616,1.62,1.614,1.615,19
2025-12-31 13:44:00,1.62,1.62,1.615,1.62,27
2025-12-31 13:45:00,1.62,1.62,1.62,1.62,23
2025-12-31 13:46:00,1.615,1.62,1.615,1.62,8
2025-12-31 13:47:00,1.618,1.62,1.618,1.62,18
2025-12-31 13:48:00,1.615,1.615,1.615,1.615,3
2025-12-31 13:49:00,1.615,1.62,1.615,1.62,10
2025-12-31 13:50:00,1.62,1.62,1.62,1.62,1
2025-12-31 13:51:00,1.62,1.62,1.62,1.62,10
2025-12-31 13:52:00,1.61,1.62,1.61,1.62,17
2025-12-31 13:53:00,1.615,1.615,1.615,1.615,2
2025-12-31 13:54:00,1.62,1.62,1.62,1.62,45
2025-12-31 13:55:00,1.615,1.62,1.615,1.62,59
2025-12-31 13:56:00,1.62,1.62,1.615,1.615,4
2025-12-31 13:57:00,1.615,1.615,1.615,1.615,0
2025-12-31 13:58:00,1.615,1.62,1.615,1.615,7
2025-12-31 13:59:00,1.62,1.62,1.62,1.62,6
2025-12-31 14:00:00,1.62,1.625,1.62,1.625,307
2025-12-31 14:01:00,1.625,1.63,1.625,1.63,14
2025-12-31 14:02:00,1.625,1.63,1.62,1.63,8
2025-12-31 14:03:00,1.6232,1.625,1.6232,1.625,47
2025-12-31 14:04:00,1.625,1.625,1.62,1.62,30
2025-12-31 14:05:00,1.625,1.625,1.625,1.625,2
2025-12-31 14:06:00,1.625,1.625,1.62,1.625,9
2025-12-31 14:07:00,1.625,1.625,1.62,1.62,116
2025-12-31 14:08:00,1.6244,1.625,1.62,1.625,110
2025-12-31 14:09:00,1.62,1.63,1.62,1.62,34
2025-12-31 14:10:00,1.62,1.625,1.62,1.62,76
2025-12-31 14:11:00,1.62,1.622,1.61,1.61,274
2025-12-31 14:12:00,1.61,1.615,1.61,1.615,3
2025-12-31 14:13:00,1.615,1.615,1.615,1.615,1
2025-12-31 14:14:00,1.61,1.615,1.61,1.615,7
2025-12-31 14:15:00,1.6161,1.6161,1.61,1.61,5
2025-12-31 14:16:00,1.615,1.615,1.615,1.615,1
2025-12-31 14:17:00,1.61,1.61,1.61,1.61,2
2025-12-31 14:18:00,1.6102,1.6102,1.6102,1.6102,10
2025-12-31 14:19:00,1.615,1.615,1.61,1.61,3
2025-12-31 14:20:00,1.61,1.61,1.61,1.61,0
2025-12-31 14:21:00,1.615,1.615,1.61,1.61,4
2025-12-31 14:22:00,1.615,1.615,1.615,1.615,1
2025-12-31 14:23:00,1.61,1.61,1.61,1.61,2
2025-12-31 14:24:00,1.61,1.61,1.61,1.61,0
2025-12-31 14:25:00,1.615,1.615,1.61,1.615,15
2025-12-31 14:26:00,1.615,1.615,1.61,1.61,20
2025-12-31 14:27:00,1.615,1.615,1.61,1.61,3
2025-12-31 14:28:00,1.615,1.62,1.615,1.62,2
2025-12-31 14:29:00,1.61,1.615,1.61,1.615,18
2025-12-31 14:30:00,1.615,1.615,1.615,1.615,1
2025-12-31 14:31:00,1.61,1.62,1.61,1.61,302
2025-12-31 14:32:00,1.615,1.62,1.61,1.6128,240
2025-12-31 14:33:00,1.615,1.615,1.615,1.615,18
2025-12-31 14:34:00,1.615,1.62,1.61,1.61,6
2025-12-31 14:35:00,1.615,1.615,1.615,1.615,2
2025-12-31 14:36:00,1.615,1.62,1.61,1.61,108
2025-12-31 14:37:00,1.62,1.62,1.61,1.61,104
2025-12-31 14:38:00,1.615,1.615,1.61,1.61,3
2025-12-31 14:39:00,1.615,1.615,1.615,1.615,1
2025-12-31 14:40:00,1.615,1.62,1.61,1.62,11
2025-12-31 14:41:00,1.615,1.615,1.615,1.615,6
2025-12-31 14:42:00,1.615,1.615,1.61,1.615,7
2025-12-31 14:43:00,1.615,1.615,1.615,1.615,0
2025-12-31 14:44:00,1.61,1.615,1.61,1.615,4
2025-12-31 14:45:00,1.615,1.615,1.615,1.615,0
2025-12-31 14:46:00,1.61,1.615,1.61,1.615,2
2025-12-31 14:47:00,1.62,1.62,1.62,1.62,1
2025-12-31 14:48:00,1.61,1.615,1.61,1.615,3
2025-12-31 14:49:00,1.615,1.615,1.61,1.61,25
2025-12-31 14:50:00,1.61,1.615,1.6,1.605,572
2025-12-31 14:51:00,1.605,1.605,1.6,1.6,316
2025-12-31 14:52:00,1.605,1.605,1.605,1.605,2
2025-12-31 14:53:00,1.6,1.6,1.6,1.6,31
2025-12-31 14:54:00,1.605,1.605,1.605,1.605,1
2025-12-31 14:55:00,1.605,1.605,1.6,1.6,4
2025-12-31 14:56:00,1.6,1.605,1.6,1.605,225
2025-12-31 14:57:00,1.605,1.605,1.6,1.605,4
2025-12-31 14:58:00,1.6051,1.6051,1.605,1.605,6
2025-12-31 14:59:00,1.605,1.605,1.6,1.605,5
2025-12-31 15:00:00,1.605,1.605,1.605,1.605,6
2025-12-31 15:01:00,1.6,1.605,1.6,1.605,18
2025-12-31 15:02:00,1.605,1.605,1.6,1.6,11
2025-12-31 15:03:00,1.605,1.605,1.6,1.6001,9
2025-12-31 15:04:00,1.605,1.61,1.6,1.605,21
2025-12-31 15:05:00,1.6,1.605,1.6,1.605,12
2025-12-31 15:06:00,1.605,1.605,1.6,1.6,3
2025-12-31 15:07:00,1.6,1.605,1.595,1.595,268
2025-12-31 15:08:00,1.595,1.595,1.59,1.59,3
2025-12-31 15:09:00,1.6,1.6,1.6,1.6,1
2025-12-31 15:10:00,1.59,1.59,1.59,1.59,1
2025-12-31 15:11:00,1.595,1.595,1.595,1.595,1
2025-12-31 15:12:00,1.59,1.595,1.59,1.595,3
2025-12-31 15:13:00,1.595,1.595,1.5902,1.595,5
2025-12-31 15:14:00,1.595,1.6,1.59,1.595,223
2025-12-31 15:15:00,1.6,1.6,1.595,1.595,26
2025-12-31 15:16:00,1.6,1.6,1.595,1.595,147
2025-12-31 15:17:00,1.6,1.6,1.6,1.6,5
2025-12-31 15:18:00,1.6,1.6,1.595,1.6,5
2025-12-31 15:19:00,1.595,1.6,1.595,1.6,10
2025-12-31 15:20:00,1.6,1.6,1.595,1.6,46
2025-12-31 15:21:00,1.6,1.6,1.595,1.6,6
2025-12-31 15:22:00,1.6,1.6,1.595,1.595,22
2025-12-31 15:23:00,1.6,1.6,1.595,1.595,17
2025-12-31 15:24:00,1.595,1.595,1.595,1.595,1
2025-12-31 15:25:00,1.6,1.6,1.5996,1.5996,69
2025-12-31 15:26:00,1.6,1.6,1.595,1.6,40
2025-12-31 15:27:00,1.6,1.6,1.5931,1.5931,14
2025-12-31 15:28:00,1.6,1.6,1.6,1.6,15
2025-12-31 15:29:00,1.6,1.6,1.595,1.6,16
2025-12-31 15:30:00,1.6,1.6,1.595,1.6,7
2025-12-31 15:31:00,1.5975,1.6,1.5975,1.6,51
2025-12-31 15:32:00,1.6,1.6,1.595,1.6,25
2025-12-31 15:33:00,1.6,1.6,1.6,1.6,20
2025-12-31 15:34:00,1.6,1.6,1.6,1.6,137
2025-12-31 15:35:00,1.6,1.6,1.595,1.595,9
2025-12-31 15:36:00,1.6,1.6,1.6,1.6,11
2025-12-31 15:37:00,1.6,1.6,1.595,1.6,19
2025-12-31 15:38:00,1.6,1.6,1.595,1.595,17
2025-12-31 15:39:00,1.6,1.6,1.595,1.6,14
2025-12-31 15:40:00,1.6,1.6,1.6,1.6,62
2025-12-31 15:41:00,1.6,1.605,1.595,1.605,77
2025-12-31 15:42:00,1.605,1.605,1.6,1.605,13
2025-12-31 15:43:00,1.605,1.605,1.605,1.605,2
2025-12-31 15:44:00,1.605,1.605,1.6,1.6,16
2025-12-31 15:45:00,1.605,1.605,1.6001,1.605,20
2025-12-31 15:46:00,1.605,1.605,1.6,1.605,24
2025-12-31 15:47:00,1.605,1.605,1.605,1.605,13
2025-12-31 15:48:00,1.605,1.605,1.6,1.605,15
2025-12-31 15:49:00,1.6001,1.61,1.6,1.61,428
2025-12-31 15:50:00,1.605,1.605,1.6,1.605,130
2025-12-31 15:51:00,1.6,1.605,1.6,1.6,159
2025-12-31 15:52:00,1.6,1.605,1.6,1.6,92
2025-12-31 15:53:00,1.6,1.602,1.595,1.595,409
2025-12-31 15:54:00,1.595,1.595,1.59,1.59,4
2025-12-31 15:55:00,1.5901,1.605,1.5901,1.605,675
2025-12-31 15:56:00,1.6002,1.605,1.6,1.605,124
2025-12-31 15:57:00,1.605,1.6099,1.6,1.605,169
2025-12-31 15:58:00,1.6,1.61,1.6,1.605,109
2025-12-31 15:59:00,1.605,1.61,1.6,1.605,515
2026-01-02 09:30:00,1.63,1.63,1.61,1.61,300
2026-01-02 09:31:00,1.61,1.61,1.61,1.61,25
2026-01-02 09:32:00,1.61,1.61,1.6,1.6012,513
2026-01-02 09:33:00,1.6012,1.6012,1.6012,1.6012,0
2026-01-02 09:34:00,1.6,1.609,1.59,1.59,163
2026-01-02 09:35:00,1.59,1.59,1.58,1.5861,134
2026-01-02 09:36:00,1.58,1.5899,1.58,1.58,47
2026-01-02 09:37:00,1.58,1.59,1.58,1.59,205
2026-01-02 09:38:00,1.5944,1.5944,1.5944,1.5944,20
2026-01-02 09:39:00,1.5944,1.5944,1.5944,1.5944,0
2026-01-02 09:40:00,1.595,1.595,1.59,1.59,40
2026-01-02 09:41:00,1.5994,1.5994,1.58,1.585,170
2026-01-02 09:42:00,1.59,1.595,1.585,1.595,109
2026-01-02 09:43:00,1.595,1.6,1.595,1.598,264
2026-01-02 09:44:00,1.595,1.6,1.595,1.595,38
2026-01-02 09:45:00,1.595,1.595,1.585,1.585,83
2026-01-02 09:46:00,1.5844,1.5844,1.58,1.58,2
2026-01-02 09:47:00,1.58,1.58,1.58,1.58,1
2026-01-02 09:48:00,1.585,1.59,1.5841,1.59,272
2026-01-02 09:49:00,1.594,1.5998,1.594,1.595,24
2026-01-02 09:50:00,1.595,1.595,1.595,1.595,0
2026-01-02 09:51:00,1.595,1.595,1.595,1.595,7
2026-01-02 09:52:00,1.595,1.5987,1.5919,1.5919,27
2026-01-02 09:53:00,1.595,1.595,1.5922,1.5922,21
2026-01-02 09:54:00,1.595,1.595,1.595,1.595,3
2026-01-02 09:55:00,1.595,1.6,1.595,1.6,304
2026-01-02 09:56:00,1.6,1.605,1.595,1.6048,102
2026-01-02 09:57:00,1.605,1.605,1.605,1.605,10
2026-01-02 09:58:00,1.605,1.605,1.605,1.605,0
2026-01-02 09:59:00,1.605,1.605,1.605,1.605,2
2026-01-02 10:00:00,1.6044,1.605,1.6001,1.6001,19
2026-01-02 10:01:00,1.609,1.61,1.609,1.61,200
2026-01-02 10:02:00,1.605,1.605,1.6,1.6,3
2026-01-02 10:03:00,1.6025,1.605,1.6025,1.605,9
2026-01-02 10:04:00,1.6,1.6,1.6,1.6,84
2026-01-02 10:05:00,1.6,1.6,1.59,1.59,150
2026-01-02 10:06:00,1.59,1.595,1.59,1.59,12
2026-01-02 10:07:00,1.595,1.595,1.585,1.585,184
2026-01-02 10:08:00,1.59,1.595,1.59,1.595,208
2026-01-02 10:09:00,1.599,1.599,1.599,1.599,1
2026-01-02 10:10:00,1.595,1.595,1.59,1.595,24
2026-01-02 10:11:00,1.59,1.59,1.585,1.585,78
2026-01-02 10:12:00,1.5844,1.5844,1.58,1.58,25
2026-01-02 10:13:00,1.585,1.585,1.5805,1.5805,25
2026-01-02 10:14:00,1.585,1.585,1.58,1.58,13
2026-01-02 10:15:00,1.585,1.585,1.58,1.58,29
2026-01-02 10:16:00,1.58,1.58,1.58,1.58,73
2026-01-02 10:17:00,1.58,1.58,1.57,1.575,319
2026-01-02 10:18:00,1.575,1.575,1.575,1.575,30
2026-01-02 10:19:00,1.58,1.585,1.575,1.585,302
2026-01-02 10:20:00,1.5811,1.5811,1.5811,1.5811,1
2026-01-02 10:21:00,1.5811,1.5811,1.5811,1.5811,0
2026-01-02 10:22:00,1.5811,1.5811,1.5811,1.5811,0
2026-01-02 10:23:00,1.58,1.58,1.57,1.575,68
2026-01-02 10:24:00,1.575,1.58,1.57,1.575,8
2026-01-02 10:25:00,1.575,1.575,1.57,1.575,19
2026-01-02 10:26:00,1.58,1.585,1.575,1.585,279
2026-01-02 10:27:00,1.585,1.585,1.585,1.585,0
2026-01-02 10:28:00,1.585,1.585,1.585,1.585,0
2026-01-02 10:29:00,1.585,1.585,1.585,1.585,0
2026-01-02 10:30:00,1.5801,1.585,1.5801,1.585,67
2026-01-02 10:31:00,1.5801,1.585,1.58,1.58,15
2026-01-02 10:32:00,1.58,1.585,1.58,1.585,10
2026-01-02 10:33:00,1.585,1.585,1.58,1.585,7
2026-01-02 10:34:00,1.585,1.585,1.585,1.585,75
2026-01-02 10:35:00,1.585,1.585,1.585,1.585,8
2026-01-02 10:36:00,1.588,1.588,1.585,1.585,14
2026-01-02 10:37:00,1.5801,1.585,1.58,1.58,31
2026-01-02 10:38:00,1.585,1.585,1.585,1.585,10
2026-01-02 10:39:00,1.58,1.585,1.58,1.585,3
2026-01-02 10:40:00,1.58,1.59,1.58,1.59,3
2026-01-02 10:41:00,1.58,1.585,1.58,1.585,165
2026-01-02 10:42:00,1.585,1.585,1.58,1.58,2
2026-01-02 10:43:00,1.585,1.59,1.585,1.585,77
2026-01-02 10:44:00,1.585,1.585,1.58,1.5832,42
2026-01-02 10:45:00,1.585,1.585,1.585,1.585,1
2026-01-02 10:46:00,1.585,1.585,1.585,1.585,20
2026-01-02 10:47:00,1.585,1.59,1.585,1.5893,8
2026-01-02 10:48:00,1.589,1.59,1.585,1.585,33
2026-01-02 10:49:00,1.5829,1.5898,1.5829,1.5898,33
2026-01-02 10:50:00,1.585,1.5898,1.5806,1.588,38
2026-01-02 10:51:00,1.585,1.59,1.585,1.59,2
2026-01-02 10:52:00,1.585,1.585,1.58,1.585,37
2026-01-02 10:53:00,1.5899,1.59,1.585,1.59,58
2026-01-02 10:54:00,1.585,1.595,1.585,1.595,345
2026-01-02 10:55:00,1.5959,1.5959,1.59,1.595,242
2026-01-02 10:56:00,1.595,1.595,1.595,1.595,1
2026-01-02 10:57:00,1.595,1.595,1.595,1.595,5
2026-01-02 10:58:00,1.595,1.595,1.595,1.595,10
2026-01-02 10:59:00,1.59,1.59,1.59,1.59,10
2026-01-02 11:00:00,1.5901,1.5901,1.585,1.585,206
2026-01-02 11:01:00,1.59,1.59,1.59,1.59,1
2026-01-02 11:02:00,1.59,1.59,1.59,1.59,0
2026-01-02 11:03:00,1.585,1.585,1.585,1.585,1
2026-01-02 11:04:00,1.585,1.59,1.585,1.585,45
2026-01-02 11:05:00,1.585,1.585,1.58,1.5807,13
2026-01-02 11:06:00,1.585,1.585,1.58,1.58,12
2026-01-02 11:07:00,1.585,1.585,1.585,1.585,111
2026-01-02 11:08:00,1.585,1.585,1.58,1.585,12
2026-01-02 11:09:00,1.585,1.585,1.58,1.585,28
2026-01-02 11:10:00,1.585,1.585,1.585,1.585,1
2026-01-02 11:11:00,1.585,1.585,1.58,1.585,96
2026-01-02 11:12:00,1.585,1.585,1.585,1.585,1
2026-01-02 11:13:00,1.58,1.59,1.58,1.585,6
2026-01-02 11:14:00,1.585,1.585,1.585,1.585,6
2026-01-02 11:15:00,1.5802,1.5802,1.5802,1.5802,20
2026-01-02 11:16:00,1.5802,1.5802,1.5802,1.5802,0
2026-01-02 11:17:00,1.59,1.59,1.59,1.59,14
2026-01-02 11:18:00,1.59,1.59,1.585,1.585,53
2026-01-02 11:19:00,1.585,1.585,1.585,1.585,2
2026-01-02 11:20:00,1.585,1.585,1.585,1.585,7
2026-01-02 11:21:00,1.58,1.585,1.58,1.585,4
2026-01-02 11:22:00,1.585,1.59,1.585,1.59,2
2026-01-02 11:23:00,1.585,1.585,1.58,1.58,14
2026-01-02 11:24:00,1.58,1.58,1.58,1.58,1
2026-01-02 11:25:00,1.585,1.585,1.585,1.585,2
2026-01-02 11:26:00,1.585,1.585,1.585,1.585,32
2026-01-02 11:27:00,1.585,1.585,1.585,1.585,0
2026-01-02 11:28:00,1.585,1.585,1.585,1.585,1
2026-01-02 11:29:00,1.5807,1.5887,1.5807,1.585,41
2026-01-02 11:30:00,1.585,1.5878,1.585,1.585,57
2026-01-02 11:31:00,1.585,1.585,1.585,1.585,5
2026-01-02 11:32:00,1.58,1.585,1.58,1.58,5
2026-01-02 11:33:00,1.58,1.585,1.58,1.585,3
2026-01-02 11:34:00,1.58,1.58,1.58,1.58,17
2026-01-02 11:35:00,1.58,1.58,1.58,1.58,4
2026-01-02 11:36:00,1.58,1.58,1.58,1.58,2
2026-01-02 11:37:00,1.585,1.585,1.58,1.585,15
2026-01-02 11:38:00,1.585,1.585,1.58,1.58,3
2026-01-02 11:39:00,1.58,1.585,1.58,1.585,22
2026-01-02 11:40:00,1.585,1.585,1.585,1.585,0
2026-01-02 11:41:00,1.585,1.585,1.58,1.58,3
2026-01-02 11:42:00,1.58,1.58,1.57,1.575,574
2026-01-02 11:43:00,1.58,1.5871,1.58,1.5871,339
2026-01-02 11:44:00,1.58,1.58,1.58,1.58,131
2026-01-02 11:45:00,1.57,1.5756,1.57,1.575,18
2026-01-02 11:46:00,1.575,1.575,1.575,1.575,20
2026-01-02 11:47:00,1.5732,1.5796,1.57,1.575,76
2026-01-02 11:48:00,1.575,1.575,1.575,1.575,12
2026-01-02 11:49:00,1.575,1.575,1.575,1.575,0
2026-01-02 11:50:00,1.575,1.575,1.575,1.575,1
2026-01-02 11:51:00,1.575,1.575,1.575,1.575,0
2026-01-02 11:52:00,1.5744,1.5744,1.5744,1.5744,9
2026-01-02 11:53:00,1.575,1.575,1.57,1.57,2
2026-01-02 11:54:00,1.575,1.575,1.57,1.575,3
2026-01-02 11:55:00,1.575,1.575,1.57,1.57,3
2026-01-02 11:56:00,1.57,1.57,1.57,1.57,1
2026-01-02 11:57:00,1.57,1.575,1.57,1.575,30
2026-01-02 11:58:00,1.57,1.575,1.57,1.575,12
2026-01-02 11:59:00,1.57,1.575,1.57,1.57,20
2026-01-02 12:00:00,1.575,1.575,1.575,1.575,18
2026-01-02 12:01:00,1.575,1.575,1.575,1.575,1
2026-01-02 12:02:00,1.575,1.575,1.575,1.575,11
2026-01-02 12:03:00,1.575,1.575,1.57,1.57,14
2026-01-02 12:04:00,1.57,1.57,1.57,1.57,0
2026-01-02 12:05:00,1.575,1.575,1.575,1.575,1
2026-01-02 12:06:00,1.57,1.57,1.57,1.57,12
2026-01-02 12:07:00,1.575,1.575,1.57,1.57,20
2026-01-02 12:08:00,1.57,1.57,1.57,1.57,3
2026-01-02 12:09:00,1.57,1.57,1.57,1.57,1
2026-01-02 12:10:00,1.57,1.575,1.57,1.57,484
2026-01-02 12:11:00,1.57,1.572,1.56,1.56,338
2026-01-02 12:12:00,1.565,1.565,1.56,1.565,14
2026-01-02 12:13:00,1.565,1.57,1.565,1.565,29
2026-01-02 12:14:00,1.565,1.565,1.56,1.565,8
2026-01-02 12:15:00,1.565,1.565,1.565,1.565,3
2026-01-02 12:16:00,1.565,1.565,1.56,1.565,22
2026-01-02 12:17:00,1.565,1.575,1.565,1.575,490
2026-01-02 12:18:00,1.57,1.575,1.57,1.575,36
2026-01-02 12:19:00,1.5751,1.5751,1.575,1.575,16
2026-01-02 12:20:00,1.575,1.575,1.575,1.575,4
2026-01-02 12:21:00,1.5794,1.5794,1.5701,1.5701,3
2026-01-02 12:22:00,1.5701,1.5701,1.5701,1.5701,0
2026-01-02 12:23:00,1.58,1.58,1.58,1.58,1
2026-01-02 12:24:00,1.58,1.58,1.58,1.58,0
2026-01-02 12:25:00,1.58,1.58,1.58,1.58,0
2026-01-02 12:26:00,1.57,1.57,1.57,1.57,2
2026-01-02 12:27:00,1.57,1.57,1.57,1.57,0
2026-01-02 12:28:00,1.57,1.57,1.57,1.57,0
2026-01-02 12:29:00,1.58,1.58,1.575,1.575,3
2026-01-02 12:30:00,1.57,1.575,1.57,1.575,4
2026-01-02 12:31:00,1.57,1.57,1.57,1.57,2
2026-01-02 12:32:00,1.57,1.575,1.57,1.57,11
2026-01-02 12:33:00,1.57,1.575,1.57,1.575,23
2026-01-02 12:34:00,1.57,1.576,1.57,1.57,54
2026-01-02 12:35:00,1.5711,1.576,1.57,1.5701,30
2026-01-02 12:36:00,1.57,1.5782,1.57,1.5701,63
2026-01-02 12:37:00,1.57,1.579,1.57,1.575,48
2026-01-02 12:38:00,1.57,1.575,1.57,1.57,92
2026-01-02 12:39:00,1.575,1.575,1.57,1.5711,37
2026-01-02 12:40:00,1.57,1.58,1.57,1.575,75
2026-01-02 12:41:00,1.57,1.5757,1.57,1.575,52
2026-01-02 12:42:00,1.57,1.5739,1.57,1.57,47
2026-01-02 12:43:00,1.5702,1.575,1.57,1.5701,59
2026-01-02 12:44:00,1.57,1.575,1.57,1.5711,39
2026-01-02 12:45:00,1.57,1.5711,1.57,1.5711,30
2026-01-02 12:46:00,1.57,1.575,1.57,1.57,31
2026-01-02 12:47:00,1.57,1.575,1.57,1.575,43
2026-01-02 12:48:00,1.57,1.575,1.57,1.57,55
2026-01-02 12:49:00,1.571,1.579,1.57,1.575,47
2026-01-02 12:50:00,1.57,1.58,1.57,1.5711,51
2026-01-02 12:51:00,1.57,1.575,1.57,1.57,52
2026-01-02 12:52:00,1.5711,1.58,1.57,1.58,46
2026-01-02 12:53:00,1.575,1.575,1.57,1.57,39
2026-01-02 12:54:00,1.575,1.575,1.57,1.5701,47
2026-01-02 12:55:00,1.57,1.5732,1.57,1.571,35
2026-01-02 12:56:00,1.57,1.571,1.57,1.5701,47
2026-01-02 12:57:00,1.57,1.5768,1.57,1.5768,30
2026-01-02 12:58:00,1.57,1.575,1.57,1.5701,22
2026-01-02 12:59:00,1.575,1.575,1.575,1.575,2
2026-01-02 13:00:00,1.575,1.575,1.575,1.575,2
2026-01-02 13:01:00,1.575,1.575,1.57,1.57,24
2026-01-02 13:02:00,1.57,1.575,1.57,1.5701,75
2026-01-02 13:03:00,1.5711,1.575,1.57,1.5701,81
2026-01-02 13:04:00,1.5711,1.575,1.57,1.575,63
2026-01-02 13:05:00,1.5701,1.5701,1.5701,1.5701,1
2026-01-02 13:06:00,1.575,1.5761,1.57,1.5761,98
2026-01-02 13:07:00,1.57,1.57,1.57,1.57,2
2026-01-02 13:08:00,1.57,1.57,1.57,1.57,0
2026-01-02 13:09:00,1.57,1.575,1.57,1.575,2
2026-01-02 13:10:00,1.57,1.57,1.565,1.57,615
2026-01-02 13:11:00,1.57,1.57,1.565,1.57,33
2026-01-02 13:12:00,1.5689,1.57,1.565,1.565,92
2026-01-02 13:13:00,1.57,1.57,1.57,1.57,4
2026-01-02 13:14:00,1.565,1.565,1.565,1.565,3
2026-01-02 13:15:00,1.56,1.5684,1.56,1.565,4
2026-01-02 13:16:00,1.56,1.56,1.56,1.56,1
2026-01-02 13:17:00,1.565,1.565,1.565,1.565,1
2026-01-02 13:18:00,1.565,1.565,1.565,1.565,0
2026-01-02 13:19:00,1.57,1.57,1.57,1.57,5
2026-01-02 13:20:00,1.565,1.57,1.565,1.57,45
2026-01-02 13:21:00,1.57,1.57,1.57,1.57,1
2026-01-02 13:22:00,1.57,1.575,1.565,1.574,503
2026-01-02 13:23:00,1.575,1.575,1.57,1.57,10
2026-01-02 13:24:00,1.575,1.575,1.575,1.575,2
2026-01-02 13:25:00,1.5701,1.58,1.57,1.57,56
2026-01-02 13:26:00,1.57,1.57,1.57,1.57,0
2026-01-02 13:27:00,1.575,1.575,1.57,1.57,5
2026-01-02 13:28:00,1.58,1.58,1.57,1.5701,17
2026-01-02 13:29:00,1.5701,1.575,1.57,1.5711,75
2026-01-02 13:30:00,1.57,1.5739,1.57,1.57,20
2026-01-02 13:31:00,1.57,1.5732,1.57,1.57,8
2026-01-02 13:32:00,1.57,1.5734,1.57,1.57,293
2026-01-02 13:33:00,1.5734,1.5738,1.5601,1.5601,289
2026-01-02 13:34:00,1.565,1.565,1.56,1.5635,23
2026-01-02 13:35:00,1.56,1.56,1.56,1.56,2
2026-01-02 13:36:00,1.5699,1.5699,1.565,1.565,22
2026-01-02 13:37:00,1.5666,1.5666,1.56,1.565,137
2026-01-02 13:38:00,1.565,1.565,1.565,1.565,8
2026-01-02 13:39:00,1.565,1.565,1.565,1.565,51
2026-01-02 13:40:00,1.565,1.565,1.565,1.565,27
2026-01-02 13:41:00,1.565,1.565,1.565,1.565,0
2026-01-02 13:42:00,1.565,1.565,1.565,1.565,0
2026-01-02 13:43:00,1.565,1.565,1.565,1.565,19
2026-01-02 13:44:00,1.565,1.565,1.565,1.565,12
2026-01-02 13:45:00,1.565,1.565,1.56,1.565,30
2026-01-02 13:46:00,1.565,1.565,1.565,1.565,0
2026-01-02 13:47:00,1.565,1.565,1.565,1.565,2
2026-01-02 13:48:00,1.565,1.5652,1.56,1.56,19
2026-01-02 13:49:00,1.565,1.57,1.565,1.57,17
2026-01-02 13:50:00,1.56,1.565,1.56,1.56,417
2026-01-02 13:51:00,1.565,1.5693,1.56,1.565,92
2026-01-02 13:52:00,1.56,1.565,1.56,1.565,2
2026-01-02 13:53:00,1.56,1.56,1.56,1.56,1
2026-01-02 13:54:00,1.56,1.56,1.56,1.56,1
2026-01-02 13:55:00,1.56,1.56,1.56,1.56,1
2026-01-02 13:56:00,1.56,1.565,1.56,1.56,75
2026-01-02 13:57:00,1.56,1.5694,1.56,1.56,45
2026-01-02 13:58:00,1.565,1.5668,1.56,1.56,26
2026-01-02 13:59:00,1.56,1.565,1.56,1.56,5
2026-01-02 14:00:00,1.56,1.5684,1.56,1.56,19
2026-01-02 14:01:00,1.56,1.565,1.56,1.56,4
2026-01-02 14:02:00,1.565,1.565,1.56,1.565,10
2026-01-02 14:03:00,1.565,1.57,1.56,1.565,61
2026-01-02 14:04:00,1.56,1.565,1.56,1.56,23
2026-01-02 14:05:00,1.565,1.565,1.56,1.565,18
2026-01-02 14:06:00,1.565,1.565,1.565,1.565,6
2026-01-02 14:07:00,1.565,1.565,1.56,1.56,3
2026-01-02 14:08:00,1.565,1.565,1.56,1.565,6
2026-01-02 14:09:00,1.565,1.565,1.56,1.565,51
2026-01-02 14:10:00,1.56,1.57,1.56,1.565,18
2026-01-02 14:11:00,1.565,1.565,1.565,1.565,1
2026-01-02 14:12:00,1.565,1.57,1.565,1.566,90
2026-01-02 14:13:00,1.565,1.57,1.565,1.57,968
2026-01-02 14:14:00,1.57,1.57,1.568,1.57,13
2026-01-02 14:15:00,1.57,1.57,1.564,1.57,59
2026-01-02 14:16:00,1.565,1.57,1.565,1.565,6
2026-01-02 14:17:00,1.57,1.57,1.565,1.565,4
2026-01-02 14:18:00,1.5697,1.5697,1.565,1.565,3
2026-01-02 14:19:00,1.565,1.5699,1.565,1.5699,15
2026-01-02 14:20:00,1.565,1.565,1.565,1.565,2
2026-01-02 14:21:00,1.565,1.57,1.565,1.565,5
2026-01-02 14:22:00,1.565,1.565,1.565,1.565,3
2026-01-02 14:23:00,1.565,1.565,1.565,1.565,8
2026-01-02 14:24:00,1.565,1.57,1.565,1.565,289
2026-01-02 14:25:00,1.565,1.57,1.565,1.57,204
2026-01-02 14:26:00,1.57,1.57,1.5649,1.57,46
2026-01-02 14:27:00,1.57,1.57,1.56,1.57,6
2026-01-02 14:28:00,1.57,1.57,1.57,1.57,1
2026-01-02 14:29:00,1.565,1.565,1.565,1.565,4
2026-01-02 14:30:00,1.565,1.565,1.565,1.565,3
2026-01-02 14:31:00,1.57,1.57,1.56,1.57,198
2026-01-02 14:32:00,1.565,1.57,1.56,1.57,10
2026-01-02 14:33:00,1.565,1.57,1.56,1.565,9
2026-01-02 14:34:00,1.57,1.57,1.56,1.565,45
2026-01-02 14:35:00,1.57,1.57,1.56,1.56,6
2026-01-02 14:36:00,1.57,1.57,1.565,1.565,16
2026-01-02 14:37:00,1.565,1.57,1.565,1.57,24
2026-01-02 14:38:00,1.565,1.58,1.565,1.58,344
2026-01-02 14:39:00,1.575,1.575,1.57,1.57,43
2026-01-02 14:40:00,1.57,1.57,1.57,1.57,0
2026-01-02 14:41:00,1.575,1.575,1.575,1.575,3
2026-01-02 14:42:00,1.575,1.575,1.575,1.575,0
2026-01-02 14:43:00,1.575,1.575,1.575,1.575,0
2026-01-02 14:44:00,1.57,1.58,1.57,1.58,3
2026-01-02 14:45:00,1.57,1.575,1.57,1.57,8
2026-01-02 14:46:00,1.57,1.57,1.57,1.57,3
2026-01-02 14:47:00,1.575,1.575,1.57,1.575,10
2026-01-02 14:48:00,1.57,1.57,1.57,1.57,23
2026-01-02 14:49:00,1.575,1.575,1.57,1.575,6
2026-01-02 14:50:00,1.57,1.58,1.57,1.57,33
2026-01-02 14:51:00,1.575,1.575,1.57,1.575,26
2026-01-02 14:52:00,1.57,1.575,1.57,1.57,46
2026-01-02 14:53:00,1.57,1.575,1.57,1.57,8
2026-01-02 14:54:00,1.57,1.575,1.57,1.57,14
2026-01-02 14:55:00,1.575,1.58,1.57,1.575,35
2026-01-02 14:56:00,1.57,1.575,1.57,1.57,5
2026-01-02 14:57:00,1.575,1.575,1.57,1.57,2
2026-01-02 14:58:00,1.575,1.58,1.57,1.575,8
2026-01-02 14:59:00,1.57,1.575,1.57,1.575,12
2026-01-02 15:00:00,1.575,1.575,1.57,1.574,25
2026-01-02 15:01:00,1.57,1.575,1.57,1.575,14
2026-01-02 15:02:00,1.575,1.575,1.57,1.575,15
2026-01-02 15:03:00,1.57,1.575,1.57,1.57,23
2026-01-02 15:04:00,1.5742,1.575,1.57,1.57,23
2026-01-02 15:05:00,1.575,1.575,1.57,1.57,13
2026-01-02 15:06:00,1.575,1.575,1.57,1.57,8
2026-01-02 15:07:00,1.57,1.575,1.57,1.57,24
2026-01-02 15:08:00,1.57,1.575,1.57,1.57,4
2026-01-02 15:09:00,1.57,1.575,1.57,1.57,5
2026-01-02 15:10:00,1.57,1.575,1.57,1.575,5
2026-01-02 15:11:00,1.575,1.575,1.57,1.57,79
2026-01-02 15:12:00,1.57,1.58,1.57,1.5735,14
2026-01-02 15:13:00,1.57,1.575,1.57,1.57,3
2026-01-02 15:14:00,1.57,1.575,1.57,1.57,4
2026-01-02 15:15:00,1.575,1.58,1.57,1.575,7
2026-01-02 15:16:00,1.575,1.575,1.57,1.575,21
2026-01-02 15:17:00,1.57,1.575,1.57,1.57,84
2026-01-02 15:18:00,1.58,1.58,1.57,1.575,8
2026-01-02 15:19:00,1.575,1.58,1.575,1.58,18
2026-01-02 15:20:00,1.575,1.575,1.575,1.575,8
2026-01-02 15:21:00,1.575,1.575,1.57,1.575,42
2026-01-02 15:22:00,1.575,1.575,1.57,1.57,16
2026-01-02 15:23:00,1.57,1.5799,1.57,1.57,38
2026-01-02 15:24:00,1.57,1.58,1.57,1.57,25
2026-01-02 15:25:00,1.575,1.58,1.57,1.57,36
2026-01-02 15:26:00,1.575,1.5799,1.57,1.5799,44
2026-01-02 15:27:00,1.57,1.58,1.57,1.575,14
2026-01-02 15:28:00,1.57,1.58,1.57,1.57,4
2026-01-02 15:29:00,1.58,1.58,1.57,1.575,24
2026-01-02 15:30:00,1.575,1.575,1.575,1.575,2
2026-01-02 15:31:00,1.575,1.58,1.57,1.57,173
2026-01-02 15:32:00,1.5701,1.575,1.57,1.57,22
2026-01-02 15:33:00,1.58,1.58,1.57,1.57,58
2026-01-02 15:34:00,1.575,1.575,1.57,1.575,66
2026-01-02 15:35:00,1.575,1.575,1.565,1.565,625
2026-01-02 15:36:00,1.565,1.565,1.565,1.565,2
2026-01-02 15:37:00,1.56,1.57,1.56,1.56,28
2026-01-02 15:38:00,1.56,1.565,1.56,1.56,7
2026-01-02 15:39:00,1.56,1.565,1.56,1.56,14
2026-01-02 15:40:00,1.56,1.565,1.56,1.56,255
2026-01-02 15:41:00,1.56,1.56,1.56,1.56,33
2026-01-02 15:42:00,1.56,1.565,1.56,1.56,17
2026-01-02 15:43:00,1.56,1.565,1.56,1.565,4
2026-01-02 15:44:00,1.565,1.5655,1.56,1.56,14
2026-01-02 15:45:00,1.565,1.565,1.56,1.56,9
2026-01-02 15:46:00,1.565,1.57,1.56,1.56,45
2026-01-02 15:47:00,1.565,1.565,1.56,1.565,360
2026-01-02 15:48:00,1.5611,1.5687,1.5601,1.565,14
2026-01-02 15:49:00,1.5699,1.5699,1.56,1.565,305
2026-01-02 15:50:00,1.565,1.565,1.56,1.565,13
2026-01-02 15:51:00,1.56,1.565,1.56,1.56,52
2026-01-02 15:52:00,1.565,1.5699,1.56,1.56,44
2026-01-02 15:53:00,1.565,1.5687,1.56,1.56,74
2026-01-02 15:54:00,1.56,1.56,1.56,1.56,269
2026-01-02 15:55:00,1.56,1.565,1.55,1.555,494
2026-01-02 15:56:00,1.5538,1.5575,1.55,1.55,268
2026-01-02 15:57:00,1.55,1.555,1.55,1.55,75
2026-01-02 15:58:00,1.55,1.5591,1.55,1.55,172
2026-01-02 15:59:00,1.555,1.56,1.55,1.556,451
2026-01-05 09:30:00,1.55,1.55,1.54,1.54,650
2026-01-05 09:31:00,1.545,1.5556,1.545,1.5556,83
2026-01-05 09:32:00,1.555,1.56,1.555,1.56,137
2026-01-05 09:33:00,1.56,1.56,1.555,1.56,32
2026-01-05 09:34:00,1.56,1.56,1.56,1.56,0
2026-01-05 09:35:00,1.56,1.56,1.5513,1.5599,30
2026-01-05 09:36:00,1.5579,1.56,1.5579,1.56,31
2026-01-05 09:37:00,1.555,1.555,1.555,1.555,26
2026-01-05 09:38:00,1.5519,1.5598,1.5519,1.5598,16
2026-01-05 09:39:00,1.5512,1.5512,1.5501,1.5501,57
2026-01-05 09:40:00,1.558,1.558,1.5555,1.5555,6
2026-01-05 09:41:00,1.555,1.555,1.555,1.555,11
2026-01-05 09:42:00,1.555,1.555,1.555,1.555,23
2026-01-05 09:43:00,1.555,1.555,1.5549,1.555,101
2026-01-05 09:44:00,1.555,1.565,1.555,1.565,188
2026-01-05 09:45:00,1.5636,1.5655,1.56,1.565,242
2026-01-05 09:46:00,1.565,1.565,1.565,1.565,1
2026-01-05 09:47:00,1.565,1.565,1.565,1.565,5
2026-01-05 09:48:00,1.565,1.565,1.565,1.565,40
2026-01-05 09:49:00,1.565,1.565,1.565,1.565,0
2026-01-05 09:50:00,1.564,1.565,1.56,1.56,149
2026-01-05 09:51:00,1.55,1.555,1.55,1.5501,16
2026-01-05 09:52:00,1.5539,1.56,1.55,1.555,415
2026-01-05 09:53:00,1.555,1.555,1.555,1.555,2
2026-01-05 09:54:00,1.555,1.555,1.55,1.55,11
2026-01-05 09:55:00,1.55,1.5505,1.55,1.5505,22
2026-01-05 09:56:00,1.555,1.555,1.555,1.555,43
2026-01-05 09:57:00,1.555,1.555,1.555,1.555,10
2026-01-05 09:58:00,1.555,1.555,1.55,1.555,18
2026-01-05 09:59:00,1.555,1.555,1.555,1.555,2
2026-01-05 10:00:00,1.555,1.555,1.555,1.555,10
2026-01-05 10:01:00,1.555,1.555,1.55,1.555,113
2026-01-05 10:02:00,1.555,1.555,1.555,1.555,2
2026-01-05 10:03:00,1.555,1.555,1.555,1.555,2
2026-01-05 10:04:00,1.555,1.555,1.555,1.555,0
2026-01-05 10:05:00,1.555,1.555,1.555,1.555,0
2026-01-05 10:06:00,1.555,1.555,1.555,1.555,0
2026-01-05 10:07:00,1.55,1.555,1.55,1.555,15
2026-01-05 10:08:00,1.555,1.555,1.545,1.545,317
2026-01-05 10:09:00,1.545,1.545,1.545,1.545,2
2026-01-05 10:10:00,1.545,1.545,1.545,1.545,6
2026-01-05 10:11:00,1.549,1.5497,1.549,1.5497,71
2026-01-05 10:12:00,1.545,1.5451,1.545,1.5451,44
2026-01-05 10:13:00,1.545,1.55,1.545,1.55,239
2026-01-05 10:14:00,1.545,1.545,1.545,1.545,5
2026-01-05 10:15:00,1.5448,1.545,1.5448,1.545,32
2026-01-05 10:16:00,1.545,1.545,1.545,1.545,24
2026-01-05 10:17:00,1.545,1.55,1.545,1.545,26
2026-01-05 10:18:00,1.5499,1.5499,1.545,1.545,77
2026-01-05 10:19:00,1.545,1.545,1.5401,1.5401,28
2026-01-05 10:20:00,1.545,1.545,1.545,1.545,5
2026-01-05 10:21:00,1.545,1.545,1.545,1.545,2
2026-01-05 10:22:00,1.545,1.545,1.545,1.545,2
2026-01-05 10:23:00,1.55,1.55,1.545,1.545,55
2026-01-05 10:24:00,1.545,1.545,1.54,1.54,89
2026-01-05 10:25:00,1.54,1.54,1.535,1.535,256
2026-01-05 10:26:00,1.535,1.535,1.535,1.535,5
2026-01-05 10:27:00,1.53,1.54,1.53,1.54,6
2026-01-05 10:28:00,1.53,1.53,1.53,1.53,13
2026-01-05 10:29:00,1.535,1.535,1.535,1.535,101
2026-01-05 10:30:00,1.535,1.5399,1.5332,1.5332,53
2026-01-05 10:31:00,1.5332,1.535,1.53,1.535,35
2026-01-05 10:32:00,1.53,1.53,1.525,1.525,445
2026-01-05 10:33:00,1.525,1.5265,1.5203,1.525,33
2026-01-05 10:34:00,1.525,1.525,1.525,1.525,2
2026-01-05 10:35:00,1.525,1.54,1.525,1.54,399
2026-01-05 10:36:00,1.53,1.5345,1.53,1.5345,26
2026-01-05 10:37:00,1.535,1.535,1.5314,1.535,67
2026-01-05 10:38:00,1.5302,1.5302,1.5302,1.5302,20
2026-01-05 10:39:00,1.5345,1.5345,1.5345,1.5345,5
2026-01-05 10:40:00,1.5345,1.5345,1.5345,1.5345,0
2026-01-05 10:41:00,1.535,1.535,1.535,1.535,11
2026-01-05 10:42:00,1.5354,1.5354,1.5354,1.5354,1
2026-01-05 10:43:00,1.53,1.5394,1.53,1.5394,2
2026-01-05 10:44:00,1.53,1.5368,1.53,1.535,41
2026-01-05 10:45:00,1.535,1.535,1.535,1.535,28
2026-01-05 10:46:00,1.5348,1.535,1.5348,1.535,4
2026-01-05 10:47:00,1.54,1.54,1.53,1.535,112
2026-01-05 10:48:00,1.535,1.535,1.535,1.535,0
2026-01-05 10:49:00,1.5337,1.5337,1.5302,1.5302,165
2026-01-05 10:50:00,1.53,1.5301,1.525,1.525,478
2026-01-05 10:51:00,1.53,1.53,1.52,1.525,120
2026-01-05 10:52:00,1.525,1.525,1.525,1.525,10
2026-01-05 10:53:00,1.525,1.525,1.525,1.525,17
2026-01-05 10:54:00,1.525,1.525,1.52,1.525,241
2026-01-05 10:55:00,1.52,1.52,1.515,1.515,472
2026-01-05 10:56:00,1.52,1.525,1.52,1.525,232
2026-01-05 10:57:00,1.525,1.525,1.525,1.525,20
2026-01-05 10:58:00,1.525,1.525,1.525,1.525,0
2026-01-05 10:59:00,1.525,1.525,1.525,1.525,16
2026-01-05 11:00:00,1.525,1.525,1.525,1.525,10
2026-01-05 11:01:00,1.525,1.525,1.525,1.525,12
2026-01-05 11:02:00,1.52,1.52,1.52,1.52,26
2026-01-05 11:03:00,1.52,1.52,1.52,1.52,0
2026-01-05 11:04:00,1.525,1.525,1.525,1.525,5
2026-01-05 11:05:00,1.525,1.525,1.525,1.525,12
2026-01-05 11:06:00,1.5299,1.53,1.525,1.5265,27
2026-01-05 11:07:00,1.52,1.52,1.52,1.52,6
2026-01-05 11:08:00,1.525,1.525,1.52,1.525,74
2026-01-05 11:09:00,1.525,1.525,1.525,1.525,0
2026-01-05 11:10:00,1.525,1.525,1.525,1.525,0
2026-01-05 11:11:00,1.525,1.525,1.525,1.525,15
2026-01-05 11:12:00,1.525,1.525,1.525,1.525,3
2026-01-05 11:13:00,1.5204,1.525,1.5204,1.525,2
2026-01-05 11:14:00,1.525,1.529,1.52,1.52,50
2026-01-05 11:15:00,1.525,1.525,1.525,1.525,6
2026-01-05 11:16:00,1.525,1.525,1.525,1.525,1
2026-01-05 11:17:00,1.525,1.525,1.525,1.525,1
2026-01-05 11:18:00,1.525,1.525,1.525,1.525,1
2026-01-05 11:19:00,1.525,1.525,1.525,1.525,2
2026-01-05 11:20:00,1.5288,1.5288,1.52,1.52,3
2026-01-05 11:21:00,1.525,1.525,1.525,1.525,10
2026-01-05 11:22:00,1.52,1.52,1.52,1.52,35
2026-01-05 11:23:00,1.52,1.5288,1.52,1.5288,2
2026-01-05 11:24:00,1.52,1.52,1.52,1.52,10
2026-01-05 11:25:00,1.52,1.529,1.52,1.52,13
2026-01-05 11:26:00,1.52,1.52,1.52,1.52,2
2026-01-05 11:27:00,1.52,1.525,1.52,1.5245,3
2026-01-05 11:28:00,1.525,1.525,1.525,1.525,1
2026-01-05 11:29:00,1.525,1.525,1.525,1.525,2
2026-01-05 11:30:00,1.52,1.525,1.52,1.525,5
2026-01-05 11:31:00,1.525,1.5294,1.525,1.5294,2
2026-01-05 11:32:00,1.525,1.525,1.52,1.52,10
2026-01-05 11:33:00,1.524,1.525,1.515,1.515,179
2026-01-05 11:34:00,1.515,1.515,1.515,1.515,12
2026-01-05 11:35:00,1.515,1.515,1.515,1.515,2
2026-01-05 11:36:00,1.515,1.515,1.515,1.515,2
2026-01-05 11:37:00,1.515,1.515,1.514,1.514,12
2026-01-05 11:38:00,1.515,1.515,1.515,1.515,3
2026-01-05 11:39:00,1.5199,1.5199,1.5199,1.5199,1
2026-01-05 11:40:00,1.5189,1.5189,1.5189,1.5189,2
2026-01-05 11:41:00,1.516,1.516,1.515,1.515,5
2026-01-05 11:42:00,1.515,1.515,1.515,1.515,2
2026-01-05 11:43:00,1.5106,1.5106,1.5106,1.5106,3
2026-01-05 11:44:00,1.5101,1.5199,1.5101,1.515,164
2026-01-05 11:45:00,1.515,1.515,1.515,1.515,7
2026-01-05 11:46:00,1.5189,1.5189,1.51,1.514,8
2026-01-05 11:47:00,1.514,1.514,1.514,1.514,0
2026-01-05 11:48:00,1.514,1.514,1.514,1.514,0
2026-01-05 11:49:00,1.515,1.515,1.515,1.515,2
2026-01-05 11:50:00,1.515,1.515,1.51,1.51,61
2026-01-05 11:51:00,1.515,1.515,1.515,1.515,11
2026-01-05 11:52:00,1.515,1.52,1.5101,1.5163,57
2026-01-05 11:53:00,1.518,1.52,1.515,1.515,8
2026-01-05 11:54:00,1.515,1.515,1.515,1.515,0
2026-01-05 11:55:00,1.5101,1.525,1.5101,1.525,552
2026-01-05 11:56:00,1.5209,1.5265,1.52,1.52,166
2026-01-05 11:57:00,1.525,1.525,1.52,1.52,46
2026-01-05 11:58:00,1.52,1.52,1.52,1.52,0
2026-01-05 11:59:00,1.52,1.52,1.52,1.52,1
2026-01-05 12:00:00,1.525,1.5299,1.52,1.5299,39
2026-01-05 12:01:00,1.52,1.52,1.52,1.52,21
2026-01-05 12:02:00,1.52,1.53,1.52,1.53,14
2026-01-05 12:03:00,1.52,1.525,1.52,1.525,5
2026-01-05 12:04:00,1.52,1.525,1.52,1.525,4
2026-01-05 12:05:00,1.52,1.529,1.52,1.52,41
2026-01-05 12:06:00,1.525,1.525,1.52,1.525,6
2026-01-05 12:07:00,1.52,1.52,1.52,1.52,2
2026-01-05 12:08:00,1.525,1.525,1.52,1.52,23
2026-01-05 12:09:00,1.52,1.525,1.52,1.52,12
2026-01-05 12:10:00,1.52,1.52,1.52,1.52,1
2026-01-05 12:11:00,1.52,1.525,1.52,1.525,6
2026-01-05 12:12:00,1.52,1.52,1.52,1.52,2
2026-01-05 12:13:00,1.52,1.525,1.52,1.525,52
2026-01-05 12:14:00,1.52,1.525,1.52,1.52,5
2026-01-05 12:15:00,1.5235,1.5235,1.52,1.52,6
2026-01-05 12:16:00,1.52,1.525,1.52,1.52,6
2026-01-05 12:17:00,1.52,1.5243,1.52,1.5243,12
2026-01-05 12:18:00,1.525,1.525,1.52,1.525,19
2026-01-05 12:19:00,1.52,1.525,1.52,1.525,5
2026-01-05 12:20:00,1.525,1.525,1.52,1.52,3
2026-01-05 12:21:00,1.5261,1.5261,1.52,1.525,11
2026-01-05 12:22:00,1.52,1.525,1.52,1.525,7
2026-01-05 12:23:00,1.525,1.525,1.525,1.525,0
2026-01-05 12:24:00,1.52,1.525,1.52,1.52,24
2026-01-05 12:25:00,1.525,1.525,1.525,1.525,11
2026-01-05 12:26:00,1.52,1.525,1.52,1.525,11
2026-01-05 12:27:00,1.52,1.525,1.52,1.525,5
2026-01-05 12:28:00,1.52,1.525,1.52,1.5248,25
2026-01-05 12:29:00,1.52,1.525,1.52,1.52,52
2026-01-05 12:30:00,1.525,1.525,1.52,1.52,15
2026-01-05 12:31:00,1.52,1.52,1.52,1.52,0
2026-01-05 12:32:00,1.52,1.525,1.52,1.52,11
2026-01-05 12:33:00,1.52,1.525,1.52,1.525,2
2026-01-05 12:34:00,1.52,1.5232,1.52,1.5232,4
2026-01-05 12:35:00,1.525,1.53,1.52,1.53,6
2026-01-05 12:36:00,1.525,1.525,1.52,1.52,11
2026-01-05 12:37:00,1.52,1.525,1.52,1.52,6
2026-01-05 12:38:00,1.525,1.525,1.52,1.52,106
2026-01-05 12:39:00,1.525,1.5299,1.525,1.525,62
2026-01-05 12:40:00,1.52,1.525,1.52,1.525,15
2026-01-05 12:41:00,1.52,1.52,1.52,1.52,1
2026-01-05 12:42:00,1.52,1.525,1.52,1.52,8
2026-01-05 12:43:00,1.52,1.525,1.52,1.525,11
2026-01-05 12:44:00,1.52,1.5299,1.52,1.52,10
2026-01-05 12:45:00,1.5201,1.525,1.52,1.52,6
2026-01-05 12:46:00,1.525,1.525,1.52,1.525,9
2026-01-05 12:47:00,1.52,1.525,1.52,1.525,8
2026-01-05 12:48:00,1.5245,1.525,1.52,1.525,11
2026-01-05 12:49:00,1.52,1.525,1.52,1.525,9
2026-01-05 12:50:00,1.52,1.525,1.52,1.525,21
2026-01-05 12:51:00,1.52,1.525,1.52,1.52,13
2026-01-05 12:52:00,1.52,1.525,1.52,1.52,53
2026-01-05 12:53:00,1.526,1.526,1.52,1.52,9
2026-01-05 12:54:00,1.52,1.525,1.52,1.525,34
2026-01-05 12:55:00,1.52,1.525,1.52,1.525,7
2026-01-05 12:56:00,1.525,1.525,1.52,1.52,3
2026-01-05 12:57:00,1.525,1.525,1.525,1.525,1
2026-01-05 12:58:00,1.52,1.53,1.52,1.525,15
2026-01-05 12:59:00,1.525,1.5255,1.52,1.5255,25
2026-01-05 13:00:00,1.525,1.525,1.52,1.52,8
2026-01-05 13:01:00,1.525,1.525,1.52,1.525,6
2026-01-05 13:02:00,1.52,1.525,1.52,1.525,8
2026-01-05 13:03:00,1.52,1.525,1.52,1.525,25
2026-01-05 13:04:00,1.525,1.525,1.52,1.525,9
2026-01-05 13:05:00,1.52,1.525,1.52,1.525,7
2026-01-05 13:06:00,1.52,1.53,1.52,1.53,38
2026-01-05 13:07:00,1.52,1.525,1.52,1.52,16
2026-01-05 13:08:00,1.525,1.525,1.52,1.52,8
2026-01-05 13:09:00,1.525,1.525,1.52,1.525,56
2026-01-05 13:10:00,1.52,1.525,1.52,1.525,122
2026-01-05 13:11:00,1.53,1.53,1.52,1.52,82
2026-01-05 13:12:00,1.525,1.525,1.52,1.52,3
2026-01-05 13:13:00,1.525,1.525,1.525,1.525,155
2026-01-05 13:14:00,1.52,1.525,1.52,1.525,12
2026-01-05 13:15:00,1.52,1.52,1.52,1.52,28
2026-01-05 13:16:00,1.528,1.528,1.52,1.5251,57
2026-01-05 13:17:00,1.525,1.525,1.52,1.52,6
2026-01-05 13:18:00,1.52,1.525,1.52,1.525,17
2026-01-05 13:19:00,1.52,1.52,1.52,1.52,2
2026-01-05 13:20:00,1.525,1.525,1.52,1.52,6
2026-01-05 13:21:00,1.52,1.525,1.52,1.525,134
2026-01-05 13:22:00,1.52,1.525,1.52,1.52,6
2026-01-05 13:23:00,1.52,1.525,1.52,1.52,48
2026-01-05 13:24:00,1.52,1.52,1.52,1.52,46
2026-01-05 13:25:00,1.525,1.525,1.525,1.525,1
2026-01-05 13:26:00,1.52,1.52,1.52,1.52,63
2026-01-05 13:27:00,1.5268,1.5275,1.525,1.5275,49
2026-01-05 13:28:00,1.52,1.52,1.52,1.52,1
2026-01-05 13:29:00,1.52,1.52,1.52,1.52,2
2026-01-05 13:30:00,1.5273,1.5273,1.52,1.52,20
2026-01-05 13:31:00,1.52,1.52,1.52,1.52,4
2026-01-05 13:32:00,1.52,1.525,1.515,1.515,616
2026-01-05 13:33:00,1.515,1.515,1.515,1.515,1
2026-01-05 13:34:00,1.5199,1.5199,1.5199,1.5199,2
2026-01-05 13:35:00,1.51,1.515,1.51,1.515,2
2026-01-05 13:36:00,1.51,1.51,1.51,1.51,1
2026-01-05 13:37:00,1.515,1.515,1.51,1.51,25
2026-01-05 13:38:00,1.515,1.515,1.515,1.515,4
2026-01-05 13:39:00,1.515,1.515,1.51,1.51,19
2026-01-05 13:40:00,1.515,1.515,1.515,1.515,1
2026-01-05 13:41:00,1.5101,1.5145,1.51,1.5145,41
2026-01-05 13:42:00,1.51,1.515,1.51,1.515,31
2026-01-05 13:43:00,1.515,1.515,1.51,1.51,2
2026-01-05 13:44:00,1.514,1.514,1.51,1.51,11
2026-01-05 13:45:00,1.5191,1.5191,1.515,1.515,153
2026-01-05 13:46:00,1.515,1.515,1.515,1.515,0
2026-01-05 13:47:00,1.515,1.515,1.514,1.514,14
2026-01-05 13:48:00,1.514,1.514,1.514,1.514,0
2026-01-05 13:49:00,1.515,1.515,1.515,1.515,5
2026-01-05 13:50:00,1.515,1.515,1.515,1.515,0
2026-01-05 13:51:00,1.515,1.515,1.51,1.51,14
2026-01-05 13:52:00,1.51,1.515,1.51,1.515,2
2026-01-05 13:53:00,1.515,1.515,1.51,1.515,13
2026-01-05 13:54:00,1.515,1.515,1.51,1.515,3
2026-01-05 13:55:00,1.51,1.51,1.51,1.51,1
2026-01-05 13:56:00,1.51,1.515,1.51,1.515,54
2026-01-05 13:57:00,1.5194,1.5194,1.51,1.51,4
2026-01-05 13:58:00,1.5199,1.5199,1.515,1.515,78
2026-01-05 13:59:00,1.51,1.515,1.51,1.515,42
2026-01-05 14:00:00,1.51,1.51,1.51,1.51,1
2026-01-05 14:01:00,1.515,1.5199,1.51,1.515,42
2026-01-05 14:02:00,1.51,1.515,1.51,1.515,19
2026-01-05 14:03:00,1.51,1.515,1.51,1.515,7
2026-01-05 14:04:00,1.5113,1.515,1.51,1.51,149
2026-01-05 14:05:00,1.515,1.515,1.51,1.51,10
2026-01-05 14:06:00,1.515,1.515,1.51,1.515,30
2026-01-05 14:07:00,1.515,1.515,1.51,1.51,29
2026-01-05 14:08:00,1.51,1.51,1.51,1.51,5
2026-01-05 14:09:00,1.51,1.51,1.51,1.51,2
2026-01-05 14:10:00,1.51,1.5199,1.51,1.51,52
2026-01-05 14:11:00,1.515,1.515,1.51,1.51,69
2026-01-05 14:12:00,1.515,1.515,1.51,1.51,32
2026-01-05 14:13:00,1.51,1.5144,1.51,1.5144,54
2026-01-05 14:14:00,1.51,1.51,1.51,1.51,1
2026-01-05 14:15:00,1.51,1.51,1.51,1.51,2
2026-01-05 14:16:00,1.51,1.51,1.51,1.51,3
2026-01-05 14:17:00,1.51,1.5194,1.51,1.515,19
2026-01-05 14:18:00,1.51,1.515,1.51,1.51,3
2026-01-05 14:19:00,1.51,1.51,1.51,1.51,4
2026-01-05 14:20:00,1.51,1.51,1.51,1.51,2
2026-01-05 14:21:00,1.515,1.515,1.51,1.51,13
2026-01-05 14:22:00,1.515,1.515,1.51,1.515,3
2026-01-05 14:23:00,1.51,1.51,1.51,1.51,13
2026-01-05 14:24:00,1.51,1.515,1.51,1.515,208
2026-01-05 14:25:00,1.51,1.5101,1.51,1.5101,61
2026-01-05 14:26:00,1.515,1.515,1.51,1.51,11
2026-01-05 14:27:00,1.51,1.51,1.51,1.51,1
2026-01-05 14:28:00,1.51,1.51,1.51,1.51,2
2026-01-05 14:29:00,1.515,1.515,1.51,1.51,3
2026-01-05 14:30:00,1.52,1.52,1.51,1.51,34
2026-01-05 14:31:00,1.51,1.515,1.51,1.51,113
2026-01-05 14:32:00,1.51,1.51,1.51,1.51,9
2026-01-05 14:33:00,1.51,1.51,1.51,1.51,2
2026-01-05 14:34:00,1.51,1.51,1.51,1.51,20
2026-01-05 14:35:00,1.51,1.52,1.51,1.51,21
2026-01-05 14:36:00,1.51,1.515,1.51,1.51,8
2026-01-05 14:37:00,1.515,1.515,1.51,1.515,3
2026-01-05 14:38:00,1.51,1.5194,1.51,1.51,34
2026-01-05 14:39:00,1.515,1.515,1.51,1.51,79
2026-01-05 14:40:00,1.51,1.5132,1.51,1.51,14
2026-01-05 14:41:00,1.51,1.51,1.51,1.51,8
2026-01-05 14:42:00,1.51,1.52,1.51,1.51,23
2026-01-05 14:43:00,1.51,1.51,1.51,1.51,43
2026-01-05 14:44:00,1.51,1.51,1.51,1.51,6
2026-01-05 14:45:00,1.515,1.515,1.51,1.51,12
2026-01-05 14:46:00,1.51,1.5128,1.51,1.51,98
2026-01-05 14:47:00,1.51,1.51,1.51,1.51,2
2026-01-05 14:48:00,1.51,1.5199,1.51,1.5199,9
2026-01-05 14:49:00,1.51,1.51,1.51,1.51,10
2026-01-05 14:50:00,1.515,1.515,1.51,1.51,20
2026-01-05 14:51:00,1.51,1.51,1.51,1.51,7
2026-01-05 14:52:00,1.515,1.515,1.51,1.51,12
2026-01-05 14:53:00,1.51,1.51,1.51,1.51,40
2026-01-05 14:54:00,1.51,1.51,1.51,1.51,2
2026-01-05 14:55:00,1.5102,1.515,1.5102,1.515,4
2026-01-05 14:56:00,1.51,1.51,1.51,1.51,11
2026-01-05 14:57:00,1.515,1.515,1.51,1.51,13
2026-01-05 14:58:00,1.51,1.51,1.51,1.51,4
2026-01-05 14:59:00,1.51,1.515,1.51,1.515,4
2026-01-05 15:00:00,1.515,1.515,1.51,1.51,5
2026-01-05 15:01:00,1.51,1.51,1.51,1.51,3
2026-01-05 15:02:00,1.51,1.5111,1.51,1.51,10
2026-01-05 15:03:00,1.51,1.515,1.51,1.51,4
2026-01-05 15:04:00,1.51,1.515,1.51,1.51,9
2026-01-05 15:05:00,1.51,1.51,1.51,1.51,0
2026-01-05 15:06:00,1.51,1.51,1.51,1.51,3
2026-01-05 15:07:00,1.51,1.51,1.51,1.51,1
2026-01-05 15:08:00,1.515,1.515,1.51,1.51,320
2026-01-05 15:09:00,1.51,1.51,1.51,1.51,37
2026-01-05 15:10:00,1.515,1.515,1.51,1.51,12
2026-01-05 15:11:00,1.51,1.5101,1.51,1.51,57
2026-01-05 15:12:00,1.51,1.515,1.51,1.515,2
2026-01-05 15:13:00,1.515,1.515,1.51,1.51,46
2026-01-05 15:14:00,1.515,1.515,1.51,1.51,26
2026-01-05 15:15:00,1.51,1.51,1.51,1.51,1
2026-01-05 15:16:00,1.5107,1.515,1.51,1.515,20
2026-01-05 15:17:00,1.51,1.515,1.51,1.51,6
2026-01-05 15:18:00,1.51,1.51,1.5,1.505,670
2026-01-05 15:19:00,1.5,1.5,1.5,1.5,2
2026-01-05 15:20:00,1.505,1.51,1.5,1.5,153
2026-01-05 15:21:00,1.505,1.505,1.5,1.505,10
2026-01-05 15:22:00,1.508,1.5094,1.5,1.5,33
2026-01-05 15:23:00,1.5,1.51,1.5,1.5,116
2026-01-05 15:24:00,1.505,1.505,1.5,1.5,3
2026-01-05 15:25:00,1.5006,1.505,1.5,1.5,206
2026-01-05 15:26:00,1.5,1.505,1.5,1.505,70
2026-01-05 15:27:00,1.5,1.51,1.5,1.5,10
2026-01-05 15:28:00,1.5,1.51,1.5,1.505,60
2026-01-05 15:29:00,1.5,1.51,1.5,1.5,33
2026-01-05 15:30:00,1.5,1.505,1.5,1.5,6
2026-01-05 15:31:00,1.5,1.5,1.5,1.5,1
2026-01-05 15:32:00,1.5,1.51,1.5,1.5,9
2026-01-05 15:33:00,1.5,1.505,1.5,1.505,26
2026-01-05 15:34:00,1.505,1.505,1.5,1.505,16
2026-01-05 15:35:00,1.5,1.505,1.5,1.505,34
2026-01-05 15:36:00,1.505,1.51,1.5,1.5,51
2026-01-05 15:37:00,1.51,1.51,1.5,1.5,19
2026-01-05 15:38:00,1.5,1.505,1.5,1.5,116
2026-01-05 15:39:00,1.5,1.51,1.5,1.505,38
2026-01-05 15:40:00,1.5,1.505,1.5,1.5,14
2026-01-05 15:41:00,1.505,1.51,1.5,1.5,17
2026-01-05 15:42:00,1.51,1.51,1.5,1.5,86
2026-01-05 15:43:00,1.51,1.51,1.5,1.5,4
2026-01-05 15:44:00,1.505,1.505,1.5,1.5,34
2026-01-05 15:45:00,1.505,1.505,1.5,1.505,95
2026-01-05 15:46:00,1.5061,1.51,1.5,1.5,54
2026-01-05 15:47:00,1.51,1.51,1.5,1.5,73
2026-01-05 15:48:00,1.505,1.51,1.5,1.505,139
2026-01-05 15:49:00,1.505,1.51,1.5,1.5,124
2026-01-05 15:50:00,1.5069,1.51,1.5,1.505,46
2026-01-05 15:51:00,1.5099,1.515,1.505,1.51,543
2026-01-05 15:52:00,1.51,1.51,1.51,1.51,5
2026-01-05 15:53:00,1.51,1.51,1.51,1.51,11
2026-01-05 15:54:00,1.515,1.515,1.51,1.515,21
2026-01-05 15:55:00,1.51,1.52,1.51,1.51,39
2026-01-05 15:56:00,1.51,1.5168,1.51,1.51,98
2026-01-05 15:57:00,1.515,1.515,1.51,1.515,155
2026-01-05 15:58:00,1.51,1.5199,1.51,1.51,147
2026-01-05 15:59:00,1.51,1.515,1.5,1.505,870
2026-01-06 09:30:00,1.5,1.52,1.495,1.495,878
2026-01-06 09:31:00,1.495,1.5,1.495,1.4956,13
2026-01-06 09:32:00,1.496,1.496,1.495,1.495,5
2026-01-06 09:33:00,1.492,1.4999,1.485,1.485,138
2026-01-06 09:34:00,1.4899,1.49,1.48,1.49,90
2026-01-06 09:35:00,1.485,1.49,1.4809,1.485,145
2026-01-06 09:36:00,1.49,1.49,1.485,1.485,3
2026-01-06 09:37:00,1.485,1.49,1.4801,1.485,86
2026-01-06 09:38:00,1.484,1.485,1.4811,1.485,19
2026-01-06 09:39:00,1.4812,1.485,1.48,1.48,201
2026-01-06 09:40:00,1.48,1.485,1.48,1.48,10
2026-01-06 09:41:00,1.48,1.486,1.48,1.485,14
2026-01-06 09:42:00,1.48,1.485,1.48,1.48,10
2026-01-06 09:43:00,1.485,1.485,1.48,1.48,36
2026-01-06 09:44:00,1.4884,1.4884,1.48,1.485,46
2026-01-06 09:45:00,1.48,1.49,1.48,1.485,199
2026-01-06 09:46:00,1.4801,1.49,1.4801,1.486,88
2026-01-06 09:47:00,1.49,1.5,1.485,1.5,744
2026-01-06 09:48:00,1.498,1.5,1.495,1.495,38
2026-01-06 09:49:00,1.495,1.5,1.495,1.5,12
2026-01-06 09:50:00,1.4911,1.498,1.4911,1.498,184
2026-01-06 09:51:00,1.495,1.495,1.495,1.495,35
2026-01-06 09:52:00,1.495,1.495,1.49,1.49,82
2026-01-06 09:53:00,1.4989,1.4989,1.49,1.49,4
2026-01-06 09:54:00,1.49,1.49,1.49,1.49,13
2026-01-06 09:55:00,1.495,1.495,1.485,1.485,254
2026-01-06 09:56:00,1.49,1.5,1.49,1.495,275
2026-01-06 09:57:00,1.495,1.495,1.495,1.495,4
2026-01-06 09:58:00,1.49,1.5,1.49,1.495,105
2026-01-06 09:59:00,1.495,1.5,1.495,1.495,46
2026-01-06 10:00:00,1.4903,1.5,1.4903,1.495,23
2026-01-06 10:01:00,1.495,1.495,1.495,1.495,5
2026-01-06 10:02:00,1.495,1.495,1.495,1.495,59
2026-01-06 10:03:00,1.495,1.495,1.49,1.495,83
2026-01-06 10:04:00,1.495,1.5,1.4914,1.5,20
2026-01-06 10:05:00,1.495,1.5,1.495,1.5,40
2026-01-06 10:06:00,1.495,1.5,1.495,1.495,25
2026-01-06 10:07:00,1.5,1.5,1.492,1.492,221
2026-01-06 10:08:00,1.5,1.5,1.4901,1.4901,76
2026-01-06 10:09:00,1.4979,1.51,1.4979,1.505,442
2026-01-06 10:10:00,1.5,1.505,1.5,1.5,24
2026-01-06 10:11:00,1.505,1.505,1.495,1.495,247
2026-01-06 10:12:00,1.5,1.5,1.5,1.5,111
2026-01-06 10:13:00,1.5,1.5,1.4904,1.495,19
2026-01-06 10:14:00,1.4997,1.5,1.4997,1.5,135
2026-01-06 10:15:00,1.5,1.51,1.5,1.505,152
2026-01-06 10:16:00,1.505,1.51,1.505,1.505,10
2026-01-06 10:17:00,1.507,1.51,1.505,1.505,129
2026-01-06 10:18:00,1.505,1.505,1.505,1.505,51
2026-01-06 10:19:00,1.505,1.5099,1.505,1.505,64
2026-01-06 10:20:00,1.505,1.505,1.5,1.5,86
2026-01-06 10:21:00,1.505,1.505,1.505,1.505,1
2026-01-06 10:22:00,1.505,1.505,1.505,1.505,1
2026-01-06 10:23:00,1.505,1.51,1.505,1.51,37
2026-01-06 10:24:00,1.505,1.505,1.505,1.505,18
2026-01-06 10:25:00,1.5099,1.51,1.505,1.505,261
2026-01-06 10:26:00,1.505,1.51,1.505,1.51,27
2026-01-06 10:27:00,1.505,1.51,1.5048,1.505,21
2026-01-06 10:28:00,1.505,1.51,1.505,1.505,18
2026-01-06 10:29:00,1.505,1.51,1.505,1.505,31
2026-01-06 10:30:00,1.505,1.51,1.505,1.51,532
2026-01-06 10:31:00,1.51,1.51,1.505,1.5068,27
2026-01-06 10:32:00,1.505,1.51,1.5,1.51,10
2026-01-06 10:33:00,1.51,1.51,1.505,1.505,5
2026-01-06 10:34:00,1.5,1.51,1.5,1.51,13
2026-01-06 10:35:00,1.51,1.51,1.5,1.5014,18
2026-01-06 10:36:00,1.505,1.505,1.5,1.505,12
2026-01-06 10:37:00,1.5,1.505,1.5,1.5,48
2026-01-06 10:38:00,1.505,1.505,1.5,1.5,3
2026-01-06 10:39:00,1.5001,1.51,1.5,1.505,69
2026-01-06 10:40:00,1.5,1.51,1.5,1.5,9
2026-01-06 10:41:00,1.51,1.51,1.5,1.5,45
2026-01-06 10:42:00,1.505,1.5089,1.5,1.505,25
2026-01-06 10:43:00,1.5,1.505,1.5,1.505,7
2026-01-06 10:44:00,1.505,1.505,1.5,1.5,11
2026-01-06 10:45:00,1.5,1.505,1.5,1.5,324
2026-01-06 10:46:00,1.5,1.5001,1.495,1.5001,221
2026-01-06 10:47:00,1.495,1.5,1.49,1.49,83
2026-01-06 10:48:00,1.495,1.495,1.49,1.49,10
2026-01-06 10:49:00,1.49,1.495,1.49,1.495,3
2026-01-06 10:50:00,1.49,1.495,1.49,1.495,9
2026-01-06 10:51:00,1.49,1.5,1.49,1.5,26
2026-01-06 10:52:00,1.49,1.5,1.49,1.49,11
2026-01-06 10:53:00,1.5,1.5,1.49,1.49,7
2026-01-06 10:54:00,1.495,1.495,1.49,1.49,22
2026-01-06 10:55:00,1.49,1.5,1.49,1.49,58
2026-01-06 10:56:00,1.495,1.495,1.485,1.49,249
2026-01-06 10:57:00,1.485,1.495,1.485,1.49,337
2026-01-06 10:58:00,1.49,1.495,1.49,1.495,93
2026-01-06 10:59:00,1.49,1.49,1.49,1.49,1
2026-01-06 11:00:00,1.495,1.495,1.49,1.4914,28
2026-01-06 11:01:00,1.49,1.49,1.49,1.49,1
2026-01-06 11:02:00,1.49,1.495,1.49,1.495,5
2026-01-06 11:03:00,1.495,1.495,1.495,1.495,0
2026-01-06 11:04:00,1.49,1.4914,1.49,1.49,104
2026-01-06 11:05:00,1.49,1.4914,1.49,1.4914,4
2026-01-06 11:06:00,1.49,1.49,1.485,1.485,78
2026-01-06 11:07:00,1.49,1.49,1.48,1.48,61
2026-01-06 11:08:00,1.48,1.485,1.48,1.485,5
2026-01-06 11:09:00,1.48,1.49,1.48,1.49,2
2026-01-06 11:10:00,1.49,1.49,1.48,1.48,4
2026-01-06 11:11:00,1.485,1.49,1.485,1.485,9
2026-01-06 11:12:00,1.4889,1.49,1.486,1.49,31
2026-01-06 11:13:00,1.49,1.49,1.48,1.48,60
2026-01-06 11:14:00,1.485,1.485,1.485,1.485,4
2026-01-06 11:15:00,1.4865,1.4865,1.4865,1.4865,5
2026-01-06 11:16:00,1.485,1.485,1.48,1.485,26
2026-01-06 11:17:00,1.485,1.485,1.485,1.485,7
2026-01-06 11:18:00,1.485,1.485,1.485,1.485,3
2026-01-06 11:19:00,1.48,1.485,1.48,1.485,14
2026-01-06 11:20:00,1.485,1.485,1.485,1.485,0
2026-01-06 11:21:00,1.485,1.485,1.485,1.485,17
2026-01-06 11:22:00,1.4898,1.4898,1.48,1.48,56
2026-01-06 11:23:00,1.485,1.485,1.485,1.485,8
2026-01-06 11:24:00,1.485,1.485,1.485,1.485,1
2026-01-06 11:25:00,1.485,1.485,1.485,1.485,11
2026-01-06 11:26:00,1.48,1.485,1.48,1.485,4
2026-01-06 11:27:00,1.485,1.486,1.485,1.485,33
2026-01-06 11:28:00,1.485,1.485,1.485,1.485,1
2026-01-06 11:29:00,1.49,1.49,1.49,1.49,20
2026-01-06 11:30:00,1.485,1.485,1.48,1.48,18
2026-01-06 11:31:00,1.485,1.485,1.48,1.48,3
2026-01-06 11:32:00,1.485,1.488,1.485,1.488,16
2026-01-06 11:33:00,1.485,1.4856,1.4846,1.4856,34
2026-01-06 11:34:00,1.4819,1.485,1.4819,1.485,16
2026-01-06 11:35:00,1.48,1.48,1.48,1.48,1
2026-01-06 11:36:00,1.485,1.485,1.4846,1.485,41
2026-01-06 11:37:00,1.485,1.485,1.485,1.485,0
2026-01-06 11:38:00,1.48,1.485,1.48,1.48,96
2026-01-06 11:39:00,1.48,1.485,1.48,1.48,23
2026-01-06 11:40:00,1.48,1.48,1.48,1.48,3
2026-01-06 11:41:00,1.485,1.485,1.48,1.48,11
2026-01-06 11:42:00,1.485,1.485,1.48,1.48,4
2026-01-06 11:43:00,1.48,1.485,1.48,1.48,13
2026-01-06 11:44:00,1.48,1.485,1.48,1.485,15
2026-01-06 11:45:00,1.48,1.485,1.47,1.475,464
2026-01-06 11:46:00,1.475,1.4799,1.474,1.4799,24
2026-01-06 11:47:00,1.475,1.475,1.4748,1.4749,57
2026-01-06 11:48:00,1.47,1.475,1.47,1.475,15
2026-01-06 11:49:00,1.48,1.48,1.475,1.475,3
2026-01-06 11:50:00,1.475,1.48,1.475,1.48,90
2026-01-06 11:51:00,1.4701,1.475,1.4701,1.475,305
2026-01-06 11:52:00,1.475,1.475,1.475,1.475,12
2026-01-06 11:53:00,1.47,1.475,1.47,1.475,9
2026-01-06 11:54:00,1.475,1.4767,1.475,1.475,21
2026-01-06 11:55:00,1.47,1.47,1.47,1.47,3
2026-01-06 11:56:00,1.47,1.4703,1.465,1.47,427
2026-01-06 11:57:00,1.465,1.47,1.465,1.47,273
2026-01-06 11:58:00,1.4697,1.4697,1.4697,1.4697,30
2026-01-06 11:59:00,1.4697,1.4697,1.4697,1.4697,0
2026-01-06 12:00:00,1.4648,1.465,1.4648,1.465,35
2026-01-06 12:01:00,1.4659,1.47,1.4659,1.47,16
2026-01-06 12:02:00,1.4657,1.4657,1.465,1.465,70
2026-01-06 12:03:00,1.47,1.47,1.47,1.47,33
2026-01-06 12:04:00,1.47,1.47,1.4686,1.4686,2
2026-01-06 12:05:00,1.4699,1.47,1.4699,1.47,40
2026-01-06 12:06:00,1.4649,1.47,1.4649,1.4699,158
2026-01-06 12:07:00,1.47,1.47,1.47,1.47,2
2026-01-06 12:08:00,1.47,1.47,1.47,1.47,2
2026-01-06 12:09:00,1.47,1.47,1.47,1.47,26
2026-01-06 12:10:00,1.465,1.47,1.465,1.465,25
2026-01-06 12:11:00,1.465,1.465,1.465,1.465,1
2026-01-06 12:12:00,1.465,1.465,1.465,1.465,1
2026-01-06 12:13:00,1.465,1.465,1.465,1.465,0
2026-01-06 12:14:00,1.465,1.465,1.46,1.465,58
2026-01-06 12:15:00,1.465,1.465,1.465,1.465,22
2026-01-06 12:16:00,1.4654,1.4654,1.4654,1.4654,5
2026-01-06 12:17:00,1.465,1.465,1.465,1.465,25
2026-01-06 12:18:00,1.464,1.4699,1.46,1.4699,94
2026-01-06 12:19:00,1.465,1.465,1.465,1.465,21
2026-01-06 12:20:00,1.465,1.465,1.46,1.465,21
2026-01-06 12:21:00,1.4688,1.4688,1.4688,1.4688,1
2026-01-06 12:22:00,1.465,1.465,1.465,1.465,24
2026-01-06 12:23:00,1.47,1.47,1.465,1.465,12
2026-01-06 12:24:00,1.465,1.465,1.465,1.465,0
2026-01-06 12:25:00,1.465,1.465,1.465,1.465,5
2026-01-06 12:26:00,1.46,1.4655,1.46,1.465,46
2026-01-06 12:27:00,1.465,1.465,1.465,1.465,14
2026-01-06 12:28:00,1.465,1.4665,1.46,1.46,10
2026-01-06 12:29:00,1.469,1.469,1.465,1.465,35
2026-01-06 12:30:00,1.465,1.47,1.465,1.465,20
2026-01-06 12:31:00,1.465,1.465,1.465,1.465,0
2026-01-06 12:32:00,1.465,1.47,1.46,1.47,79
2026-01-06 12:33:00,1.4695,1.4699,1.465,1.465,14
2026-01-06 12:34:00,1.465,1.465,1.46,1.465,13
2026-01-06 12:35:00,1.465,1.47,1.465,1.47,13
2026-01-06 12:36:00,1.466,1.47,1.466,1.47,21
2026-01-06 12:37:00,1.465,1.47,1.465,1.47,144
2026-01-06 12:38:00,1.4699,1.47,1.465,1.465,55
2026-01-06 12:39:00,1.4686,1.4686,1.468,1.468,52
2026-01-06 12:40:00,1.465,1.465,1.465,1.465,14
2026-01-06 12:41:00,1.465,1.465,1.4643,1.465,14
2026-01-06 12:42:00,1.465,1.47,1.465,1.47,9
2026-01-06 12:43:00,1.47,1.47,1.4667,1.47,28
2026-01-06 12:44:00,1.465,1.47,1.4602,1.465,21
2026-01-06 12:45:00,1.465,1.465,1.465,1.465,0
2026-01-06 12:46:00,1.465,1.4691,1.46,1.4691,8
2026-01-06 12:47:00,1.46,1.46,1.46,1.46,1
2026-01-06 12:48:00,1.47,1.47,1.47,1.47,1
2026-01-06 12:49:00,1.47,1.4799,1.4695,1.47,444
2026-01-06 12:50:00,1.475,1.475,1.47,1.47,12
2026-01-06 12:51:00,1.47,1.48,1.47,1.47,12
2026-01-06 12:52:00,1.47,1.475,1.47,1.4715,31
2026-01-06 12:53:00,1.475,1.475,1.475,1.475,1
2026-01-06 12:54:00,1.4757,1.4757,1.4757,1.4757,10
2026-01-06 12:55:00,1.475,1.475,1.47,1.47,11
2026-01-06 12:56:00,1.475,1.48,1.475,1.475,71
2026-01-06 12:57:00,1.475,1.475,1.475,1.475,3
2026-01-06 12:58:00,1.48,1.48,1.48,1.48,50
2026-01-06 12:59:00,1.475,1.48,1.475,1.48,103
2026-01-06 13:00:00,1.47,1.475,1.47,1.475,7
2026-01-06 13:01:00,1.47,1.4701,1.47,1.47,11
2026-01-06 13:02:00,1.47,1.475,1.47,1.475,86
2026-01-06 13:03:00,1.47,1.47,1.465,1.465,77
2026-01-06 13:04:00,1.465,1.465,1.465,1.465,20
2026-01-06 13:05:00,1.4646,1.465,1.4604,1.4604,31
2026-01-06 13:06:00,1.46,1.46,1.46,1.46,1
2026-01-06 13:07:00,1.4688,1.47,1.4646,1.465,135
2026-01-06 13:08:00,1.4658,1.4677,1.4645,1.4645,22
2026-01-06 13:09:00,1.4645,1.4645,1.4645,1.4645,0
2026-01-06 13:10:00,1.465,1.465,1.465,1.465,1
2026-01-06 13:11:00,1.465,1.465,1.465,1.465,2
2026-01-06 13:12:00,1.465,1.465,1.4601,1.4601,8
2026-01-06 13:13:00,1.465,1.465,1.46,1.46,82
2026-01-06 13:14:00,1.46,1.4689,1.46,1.4689,6
2026-01-06 13:15:00,1.465,1.465,1.46,1.465,52
2026-01-06 13:16:00,1.465,1.465,1.465,1.465,3
2026-01-06 13:17:00,1.465,1.465,1.465,1.465,2
2026-01-06 13:18:00,1.465,1.465,1.46,1.465,8
2026-01-06 13:19:00,1.465,1.47,1.46,1.465,49
2026-01-06 13:20:00,1.465,1.465,1.46,1.465,62
2026-01-06 13:21:00,1.46,1.465,1.46,1.465,11
2026-01-06 13:22:00,1.465,1.465,1.465,1.465,4
2026-01-06 13:23:00,1.465,1.465,1.465,1.465,32
2026-01-06 13:24:00,1.465,1.4666,1.46,1.4666,30
2026-01-06 13:25:00,1.465,1.465,1.465,1.465,34
2026-01-06 13:26:00,1.465,1.4688,1.46,1.46,78
2026-01-06 13:27:00,1.465,1.465,1.465,1.465,4
2026-01-06 13:28:00,1.465,1.465,1.46,1.465,11
2026-01-06 13:29:00,1.4642,1.47,1.46,1.46,45
2026-01-06 13:30:00,1.465,1.465,1.465,1.465,7
2026-01-06 13:31:00,1.465,1.47,1.46,1.47,17
2026-01-06 13:32:00,1.465,1.4655,1.465,1.4651,33
2026-01-06 13:33:00,1.46,1.465,1.46,1.465,4
2026-01-06 13:34:00,1.4689,1.4699,1.4644,1.4644,19
2026-01-06 13:35:00,1.4699,1.4699,1.4699,1.4699,7
2026-01-06 13:36:00,1.465,1.47,1.46,1.47,107
2026-01-06 13:37:00,1.465,1.465,1.465,1.465,5
2026-01-06 13:38:00,1.465,1.465,1.465,1.465,1
2026-01-06 13:39:00,1.465,1.465,1.465,1.465,4
2026-01-06 13:40:00,1.465,1.47,1.46,1.46,152
2026-01-06 13:41:00,1.465,1.465,1.465,1.465,2
2026-01-06 13:42:00,1.465,1.465,1.465,1.465,15
2026-01-06 13:43:00,1.47,1.47,1.465,1.465,7
2026-01-06 13:44:00,1.465,1.4666,1.46,1.465,60
2026-01-06 13:45:00,1.465,1.4699,1.46,1.465,69
2026-01-06 13:46:00,1.465,1.4667,1.46,1.4667,44
2026-01-06 13:47:00,1.47,1.47,1.47,1.47,2
2026-01-06 13:48:00,1.465,1.465,1.465,1.465,9
2026-01-06 13:49:00,1.46,1.465,1.46,1.465,5
2026-01-06 13:50:00,1.465,1.4699,1.46,1.465,77
2026-01-06 13:51:00,1.46,1.47,1.46,1.47,4
2026-01-06 13:52:00,1.465,1.465,1.46,1.465,56
2026-01-06 13:53:00,1.465,1.465,1.465,1.465,1
2026-01-06 13:54:00,1.465,1.465,1.465,1.465,18
2026-01-06 13:55:00,1.465,1.465,1.465,1.465,0
2026-01-06 13:56:00,1.4699,1.4699,1.465,1.465,2
2026-01-06 13:57:00,1.465,1.465,1.465,1.465,0
2026-01-06 13:58:00,1.465,1.465,1.465,1.465,6
2026-01-06 13:59:00,1.465,1.47,1.465,1.465,244
2026-01-06 14:00:00,1.465,1.47,1.465,1.4685,146
2026-01-06 14:01:00,1.465,1.47,1.465,1.465,15
2026-01-06 14:02:00,1.465,1.47,1.465,1.465,4
2026-01-06 14:03:00,1.465,1.465,1.465,1.465,7
2026-01-06 14:04:00,1.465,1.4699,1.465,1.465,35
2026-01-06 14:05:00,1.465,1.465,1.465,1.465,5
2026-01-06 14:06:00,1.465,1.4694,1.465,1.465,25
2026-01-06 14:07:00,1.465,1.47,1.465,1.465,18
2026-01-06 14:08:00,1.465,1.47,1.465,1.47,12
2026-01-06 14:09:00,1.465,1.465,1.465,1.465,9
2026-01-06 14:10:00,1.465,1.465,1.465,1.465,20
2026-01-06 14:11:00,1.465,1.465,1.465,1.465,11
2026-01-06 14:12:00,1.465,1.466,1.46,1.465,13
2026-01-06 14:13:00,1.47,1.47,1.465,1.465,11
2026-01-06 14:14:00,1.465,1.47,1.465,1.465,17
2026-01-06 14:15:00,1.465,1.465,1.465,1.465,21
2026-01-06 14:16:00,1.465,1.465,1.465,1.465,1
2026-01-06 14:17:00,1.465,1.47,1.465,1.47,64
2026-01-06 14:18:00,1.465,1.47,1.465,1.465,18
2026-01-06 14:19:00,1.47,1.47,1.465,1.47,11
2026-01-06 14:20:00,1.465,1.465,1.465,1.465,1
2026-01-06 14:21:00,1.465,1.465,1.465,1.465,16
2026-01-06 14:22:00,1.465,1.465,1.465,1.465,5
2026-01-06 14:23:00,1.465,1.47,1.465,1.465,66
2026-01-06 14:24:00,1.465,1.47,1.46,1.465,16
2026-01-06 14:25:00,1.465,1.465,1.465,1.465,6
2026-01-06 14:26:00,1.465,1.4653,1.465,1.4653,7
2026-01-06 14:27:00,1.465,1.47,1.46,1.46,50
2026-01-06 14:28:00,1.4693,1.47,1.465,1.4674,221
2026-01-06 14:29:00,1.465,1.47,1.4621,1.4621,31
2026-01-06 14:30:00,1.47,1.47,1.465,1.465,5
2026-01-06 14:31:00,1.465,1.465,1.465,1.465,10
2026-01-06 14:32:00,1.465,1.465,1.46,1.4639,90
2026-01-06 14:33:00,1.47,1.475,1.465,1.47,393
2026-01-06 14:34:00,1.475,1.48,1.465,1.465,208
2026-01-06 14:35:00,1.465,1.465,1.46,1.46,2
2026-01-06 14:36:00,1.465,1.465,1.4645,1.4645,13
2026-01-06 14:37:00,1.465,1.465,1.465,1.465,50
2026-01-06 14:38:00,1.4651,1.4699,1.46,1.4699,9
2026-01-06 14:39:00,1.465,1.4656,1.46,1.4632,59
2026-01-06 14:40:00,1.465,1.465,1.465,1.465,26
2026-01-06 14:41:00,1.4638,1.465,1.4638,1.465,54
2026-01-06 14:42:00,1.465,1.465,1.4601,1.4601,32
2026-01-06 14:43:00,1.47,1.47,1.4612,1.4612,55
2026-01-06 14:44:00,1.465,1.465,1.46,1.465,85
2026-01-06 14:45:00,1.46,1.46,1.46,1.46,2
2026-01-06 14:46:00,1.46,1.465,1.46,1.46,98
2026-01-06 14:47:00,1.4697,1.4697,1.4697,1.4697,1
2026-01-06 14:48:00,1.469,1.469,1.46,1.46,6
2026-01-06 14:49:00,1.465,1.465,1.465,1.465,1
2026-01-06 14:50:00,1.465,1.465,1.465,1.465,0
2026-01-06 14:51:00,1.46,1.465,1.46,1.465,9
2026-01-06 14:52:00,1.4643,1.4643,1.46,1.46,20
2026-01-06 14:53:00,1.4626,1.4626,1.46,1.46,58
2026-01-06 14:54:00,1.465,1.465,1.46,1.46,6
2026-01-06 14:55:00,1.46,1.46,1.46,1.46,0
2026-01-06 14:56:00,1.4601,1.465,1.4601,1.465,53
2026-01-06 14:57:00,1.46,1.465,1.46,1.465,24
2026-01-06 14:58:00,1.4646,1.465,1.46,1.465,6
2026-01-06 14:59:00,1.4604,1.4605,1.46,1.46,29
2026-01-06 15:00:00,1.465,1.47,1.46,1.465,66
2026-01-06 15:01:00,1.47,1.47,1.465,1.465,53
2026-01-06 15:02:00,1.465,1.465,1.46,1.465,16
2026-01-06 15:03:00,1.465,1.465,1.465,1.465,2
2026-01-06 15:04:00,1.46,1.46,1.46,1.46,28
2026-01-06 15:05:00,1.465,1.47,1.46,1.4601,17
2026-01-06 15:06:00,1.46,1.4625,1.46,1.4625,21
2026-01-06 15:07:00,1.465,1.465,1.46,1.465,35
2026-01-06 15:08:00,1.46,1.465,1.46,1.46,48
2026-01-06 15:09:00,1.47,1.47,1.46,1.46,8
2026-01-06 15:10:00,1.46,1.46,1.46,1.46,6
2026-01-06 15:11:00,1.465,1.465,1.46,1.46,66
2026-01-06 15:12:00,1.46,1.465,1.46,1.46,18
2026-01-06 15:13:00,1.465,1.47,1.46,1.46,230
2026-01-06 15:14:00,1.46,1.46,1.46,1.46,2
2026-01-06 15:15:00,1.46,1.46,1.46,1.46,37
2026-01-06 15:16:00,1.46,1.46,1.46,1.46,3
2026-01-06 15:17:00,1.46,1.464,1.46,1.464,29
2026-01-06 15:18:00,1.46,1.46,1.46,1.46,2
2026-01-06 15:19:00,1.4684,1.4684,1.4684,1.4684,1
2026-01-06 15:20:00,1.46,1.465,1.46,1.465,44
2026-01-06 15:21:00,1.465,1.465,1.46,1.46,14
2026-01-06 15:22:00,1.465,1.465,1.465,1.465,1
2026-01-06 15:23:00,1.465,1.465,1.465,1.465,9
2026-01-06 15:24:00,1.464,1.464,1.464,1.464,2
2026-01-06 15:25:00,1.465,1.465,1.4646,1.465,34
2026-01-06 15:26:00,1.465,1.465,1.46,1.465,15
2026-01-06 15:27:00,1.46,1.4623,1.46,1.4623,7
2026-01-06 15:28:00,1.46,1.46,1.46,1.46,18
2026-01-06 15:29:00,1.465,1.465,1.46,1.465,29
2026-01-06 15:30:00,1.465,1.47,1.46,1.465,347
2026-01-06 15:31:00,1.465,1.465,1.46,1.465,15
2026-01-06 15:32:00,1.46,1.465,1.46,1.465,11
2026-01-06 15:33:00,1.465,1.465,1.46,1.465,15
2026-01-06 15:34:00,1.465,1.47,1.46,1.465,14
2026-01-06 15:35:00,1.465,1.47,1.4649,1.47,91
2026-01-06 15:36:00,1.465,1.47,1.465,1.465,19
2026-01-06 15:37:00,1.465,1.465,1.465,1.465,6
2026-01-06 15:38:00,1.465,1.465,1.465,1.465,9
2026-01-06 15:39:00,1.46,1.47,1.46,1.47,318
2026-01-06 15:40:00,1.47,1.48,1.47,1.48,440
2026-01-06 15:41:00,1.4799,1.48,1.4711,1.48,332
2026-01-06 15:42:00,1.48,1.49,1.48,1.485,417
2026-01-06 15:43:00,1.4801,1.49,1.4801,1.485,691
2026-01-06 15:44:00,1.4873,1.49,1.4846,1.485,55
2026-01-06 15:45:00,1.485,1.49,1.48,1.485,142
2026-01-06 15:46:00,1.485,1.485,1.481,1.485,32
2026-01-06 15:47:00,1.485,1.49,1.48,1.485,110
2026-01-06 15:48:00,1.485,1.49,1.48,1.485,30
2026-01-06 15:49:00,1.485,1.49,1.48,1.48,28
2026-01-06 15:50:00,1.49,1.49,1.4712,1.475,522
2026-01-06 15:51:00,1.475,1.48,1.475,1.475,139
2026-01-06 15:52:00,1.475,1.475,1.475,1.475,19
2026-01-06 15:53:00,1.475,1.48,1.475,1.475,236
2026-01-06 15:54:00,1.475,1.475,1.475,1.475,67
2026-01-06 15:55:00,1.475,1.48,1.47,1.475,125
2026-01-06 15:56:00,1.475,1.475,1.475,1.475,89
2026-01-06 15:57:00,1.475,1.475,1.47,1.475,115
2026-01-06 15:58:00,1.475,1.4754,1.47,1.47,176
2026-01-06 15:59:00,1.475,1.48,1.465,1.465,1077
2026-01-07 09:30:00,1.48,1.495,1.48,1.485,580
2026-01-07 09:31:00,1.485,1.52,1.485,1.515,844
2026-01-07 09:32:00,1.5165,1.5165,1.5,1.5,68
2026-01-07 09:33:00,1.505,1.5088,1.505,1.5055,66
2026-01-07 09:34:00,1.505,1.505,1.505,1.505,10
2026-01-07 09:35:00,1.5099,1.5099,1.5073,1.5073,13
2026-01-07 09:36:00,1.51,1.51,1.51,1.51,20
2026-01-07 09:37:00,1.515,1.515,1.515,1.515,9
2026-01-07 09:38:00,1.515,1.515,1.515,1.515,0
2026-01-07 09:39:00,1.5109,1.5196,1.5108,1.5196,76
2026-01-07 09:40:00,1.515,1.53,1.515,1.525,420
2026-01-07 09:41:00,1.524,1.525,1.524,1.525,21
2026-01-07 09:42:00,1.52,1.52,1.5188,1.5188,184
2026-01-07 09:43:00,1.5102,1.5102,1.5102,1.5102,10
2026-01-07 09:44:00,1.5113,1.515,1.51,1.51,38
2026-01-07 09:45:00,1.515,1.515,1.515,1.515,12
2026-01-07 09:46:00,1.515,1.515,1.5145,1.515,31
2026-01-07 09:47:00,1.51,1.51,1.51,1.51,88
2026-01-07 09:48:00,1.51,1.515,1.51,1.515,74
2026-01-07 09:49:00,1.515,1.52,1.515,1.515,67
2026-01-07 09:50:00,1.515,1.515,1.515,1.515,0
2026-01-07 09:51:00,1.52,1.535,1.52,1.535,370
2026-01-07 09:52:00,1.535,1.535,1.53,1.53,61
2026-01-07 09:53:00,1.52,1.52,1.52,1.52,21
2026-01-07 09:54:00,1.525,1.525,1.5201,1.525,15
2026-01-07 09:55:00,1.525,1.525,1.525,1.525,5
2026-01-07 09:56:00,1.525,1.525,1.52,1.525,38
2026-01-07 09:57:00,1.52,1.52,1.515,1.515,87
2026-01-07 09:58:00,1.5182,1.52,1.5173,1.52,123
2026-01-07 09:59:00,1.52,1.52,1.5101,1.5154,77
2026-01-07 10:00:00,1.515,1.5199,1.515,1.5199,11
2026-01-07 10:01:00,1.52,1.52,1.515,1.515,7
2026-01-07 10:02:00,1.5177,1.5177,1.5177,1.5177,34
2026-01-07 10:03:00,1.5177,1.5177,1.5177,1.5177,0
2026-01-07 10:04:00,1.515,1.5199,1.515,1.5199,2
2026-01-07 10:05:00,1.5146,1.52,1.5146,1.52,27
2026-01-07 10:06:00,1.52,1.52,1.5101,1.515,27
2026-01-07 10:07:00,1.52,1.525,1.52,1.525,75
2026-01-07 10:08:00,1.525,1.525,1.525,1.525,60
2026-01-07 10:09:00,1.5299,1.5299,1.525,1.525,196
2026-01-07 10:10:00,1.525,1.525,1.525,1.525,1
2026-01-07 10:11:00,1.52,1.52,1.51,1.515,466
2026-01-07 10:12:00,1.5101,1.515,1.5101,1.515,21
2026-01-07 10:13:00,1.515,1.515,1.515,1.515,2
2026-01-07 10:14:00,1.51,1.515,1.51,1.515,2
2026-01-07 10:15:00,1.5183,1.5183,1.51,1.515,4
2026-01-07 10:16:00,1.515,1.5157,1.51,1.5157,16
2026-01-07 10:17:00,1.515,1.5169,1.51,1.5169,33
2026-01-07 10:18:00,1.515,1.52,1.515,1.52,7
2026-01-07 10:19:00,1.515,1.515,1.5146,1.515,7
2026-01-07 10:20:00,1.515,1.515,1.5101,1.5101,11
2026-01-07 10:21:00,1.5116,1.515,1.5116,1.515,24
2026-01-07 10:22:00,1.51,1.51,1.505,1.505,133
2026-01-07 10:23:00,1.505,1.505,1.505,1.505,22
2026-01-07 10:24:00,1.505,1.505,1.5,1.505,13
2026-01-07 10:25:00,1.505,1.505,1.505,1.505,15
2026-01-07 10:26:00,1.5097,1.51,1.505,1.51,43
2026-01-07 10:27:00,1.51,1.51,1.51,1.51,0
2026-01-07 10:28:00,1.5086,1.5086,1.5086,1.5086,10
2026-01-07 10:29:00,1.5088,1.5088,1.5027,1.5027,24
2026-01-07 10:30:00,1.505,1.505,1.505,1.505,1
2026-01-07 10:31:00,1.51,1.51,1.51,1.51,1
2026-01-07 10:32:00,1.51,1.51,1.51,1.51,3
2026-01-07 10:33:00,1.51,1.51,1.505,1.505,7
2026-01-07 10:34:00,1.51,1.51,1.5046,1.505,19
2026-01-07 10:35:00,1.51,1.51,1.51,1.51,1
2026-01-07 10:36:00,1.51,1.51,1.51,1.51,1
2026-01-07 10:37:00,1.51,1.51,1.505,1.505,2
2026-01-07 10:38:00,1.51,1.51,1.505,1.505,2
2026-01-07 10:39:00,1.505,1.51,1.505,1.505,62
2026-01-07 10:40:00,1.51,1.51,1.505,1.51,24
2026-01-07 10:41:00,1.505,1.51,1.505,1.505,3
2026-01-07 10:42:00,1.505,1.505,1.505,1.505,1
2026-01-07 10:43:00,1.505,1.505,1.505,1.505,2
2026-01-07 10:44:00,1.505,1.505,1.505,1.505,5
2026-01-07 10:45:00,1.505,1.505,1.505,1.505,4
2026-01-07 10:46:00,1.505,1.505,1.5,1.5,4
2026-01-07 10:47:00,1.505,1.51,1.505,1.51,2
2026-01-07 10:48:00,1.505,1.505,1.505,1.505,16
2026-01-07 10:49:00,1.505,1.505,1.5,1.5,4
2026-01-07 10:50:00,1.505,1.505,1.5001,1.5001,14
2026-01-07 10:51:00,1.505,1.505,1.5,1.505,14
2026-01-07 10:52:00,1.505,1.505,1.5,1.5,2
2026-01-07 10:53:00,1.505,1.505,1.5,1.5,2
2026-01-07 10:54:00,1.505,1.505,1.5,1.505,5
2026-01-07 10:55:00,1.505,1.51,1.505,1.505,7
2026-01-07 10:56:00,1.505,1.505,1.505,1.505,2
2026-01-07 10:57:00,1.505,1.505,1.505,1.505,3
2026-01-07 10:58:00,1.505,1.505,1.505,1.505,14
2026-01-07 10:59:00,1.505,1.505,1.505,1.505,2
2026-01-07 11:00:00,1.505,1.505,1.505,1.505,11
2026-01-07 11:01:00,1.505,1.51,1.505,1.505,24
2026-01-07 11:02:00,1.505,1.51,1.505,1.505,4
2026-01-07 11:03:00,1.505,1.505,1.505,1.505,19
2026-01-07 11:04:00,1.505,1.505,1.505,1.505,2
2026-01-07 11:05:00,1.505,1.505,1.505,1.505,1
2026-01-07 11:06:00,1.505,1.505,1.5,1.5,11
2026-01-07 11:07:00,1.505,1.505,1.5,1.505,8
2026-01-07 11:08:00,1.51,1.51,1.505,1.505,2
2026-01-07 11:09:00,1.505,1.51,1.5,1.51,7
2026-01-07 11:10:00,1.505,1.505,1.5046,1.5046,7
2026-01-07 11:11:00,1.505,1.505,1.505,1.505,6
2026-01-07 11:12:00,1.505,1.505,1.5,1.5,7
2026-01-07 11:13:00,1.505,1.51,1.505,1.51,115
2026-01-07 11:14:00,1.51,1.51,1.505,1.51,4
2026-01-07 11:15:00,1.505,1.51,1.505,1.51,4
2026-01-07 11:16:00,1.51,1.51,1.505,1.506,24
2026-01-07 11:17:00,1.505,1.51,1.5,1.51,33
2026-01-07 11:18:00,1.5056,1.5056,1.505,1.505,16
2026-01-07 11:19:00,1.505,1.505,1.505,1.505,4
2026-01-07 11:20:00,1.505,1.5099,1.505,1.505,110
2026-01-07 11:21:00,1.505,1.505,1.505,1.505,0
2026-01-07 11:22:00,1.51,1.51,1.505,1.505,7
2026-01-07 11:23:00,1.505,1.505,1.505,1.505,1
2026-01-07 11:24:00,1.505,1.505,1.505,1.505,14
2026-01-07 11:25:00,1.51,1.51,1.505,1.505,2
2026-01-07 11:26:00,1.505,1.505,1.505,1.505,0
2026-01-07 11:27:00,1.51,1.51,1.505,1.51,7
2026-01-07 11:28:00,1.51,1.51,1.51,1.51,0
2026-01-07 11:29:00,1.505,1.505,1.505,1.505,7
2026-01-07 11:30:00,1.501,1.505,1.5,1.505,7
2026-01-07 11:31:00,1.51,1.51,1.51,1.51,5
2026-01-07 11:32:00,1.505,1.505,1.505,1.505,2
2026-01-07 11:33:00,1.51,1.51,1.505,1.505,13
2026-01-07 11:34:00,1.51,1.51,1.505,1.505,6
2026-01-07 11:35:00,1.51,1.51,1.51,1.51,14
2026-01-07 11:36:00,1.51,1.51,1.51,1.51,1
2026-01-07 11:37:00,1.51,1.51,1.505,1.505,11
2026-01-07 11:38:00,1.51,1.51,1.51,1.51,3
2026-01-07 11:39:00,1.5,1.51,1.5,1.51,36
2026-01-07 11:40:00,1.5046,1.5046,1.5046,1.5046,3
2026-01-07 11:41:00,1.51,1.51,1.506,1.5099,9
2026-01-07 11:42:00,1.51,1.515,1.51,1.515,718
2026-01-07 11:43:00,1.515,1.515,1.515,1.515,7
2026-01-07 11:44:00,1.515,1.515,1.515,1.515,15
2026-01-07 11:45:00,1.515,1.515,1.515,1.515,10
2026-01-07 11:46:00,1.515,1.515,1.515,1.515,1
2026-01-07 11:47:00,1.52,1.52,1.515,1.515,218
2026-01-07 11:48:00,1.515,1.515,1.515,1.515,0
2026-01-07 11:49:00,1.5157,1.52,1.5157,1.52,3
2026-01-07 11:50:00,1.52,1.52,1.52,1.52,3
2026-01-07 11:51:00,1.515,1.515,1.515,1.515,2
2026-01-07 11:52:00,1.515,1.515,1.515,1.515,2
2026-01-07 11:53:00,1.515,1.515,1.515,1.515,2
2026-01-07 11:54:00,1.515,1.515,1.515,1.515,3
2026-01-07 11:55:00,1.515,1.515,1.515,1.515,6
2026-01-07 11:56:00,1.5187,1.5187,1.5187,1.5187,4
2026-01-07 11:57:00,1.5151,1.5151,1.515,1.515,23
2026-01-07 11:58:00,1.515,1.515,1.515,1.515,0
2026-01-07 11:59:00,1.52,1.52,1.52,1.52,2
2026-01-07 12:00:00,1.52,1.52,1.52,1.52,4
2026-01-07 12:01:00,1.52,1.52,1.52,1.52,0
2026-01-07 12:02:00,1.52,1.52,1.515,1.515,11
2026-01-07 12:03:00,1.52,1.52,1.515,1.52,11
2026-01-07 12:04:00,1.52,1.52,1.52,1.52,0
2026-01-07 12:05:00,1.515,1.515,1.515,1.515,9
2026-01-07 12:06:00,1.5175,1.5175,1.515,1.515,9
2026-01-07 12:07:00,1.515,1.5189,1.515,1.515,24
2026-01-07 12:08:00,1.515,1.515,1.515,1.515,0
2026-01-07 12:09:00,1.515,1.515,1.515,1.515,2
2026-01-07 12:10:00,1.515,1.515,1.515,1.515,12
2026-01-07 12:11:00,1.515,1.515,1.515,1.515,6
2026-01-07 12:12:00,1.515,1.52,1.515,1.515,6
2026-01-07 12:13:00,1.515,1.515,1.515,1.515,15
2026-01-07 12:14:00,1.515,1.515,1.515,1.515,2
2026-01-07 12:15:00,1.515,1.515,1.515,1.515,46
2026-01-07 12:16:00,1.52,1.52,1.515,1.5191,21
2026-01-07 12:17:00,1.515,1.515,1.51,1.515,13
2026-01-07 12:18:00,1.515,1.515,1.515,1.515,5
2026-01-07 12:19:00,1.515,1.515,1.51,1.51,17
2026-01-07 12:20:00,1.51,1.51,1.51,1.51,0
2026-01-07 12:21:00,1.515,1.52,1.51,1.515,650
2026-01-07 12:22:00,1.515,1.515,1.51,1.51,36
2026-01-07 12:23:00,1.51,1.51,1.51,1.51,33
2026-01-07 12:24:00,1.515,1.515,1.505,1.5065,197
2026-01-07 12:25:00,1.505,1.505,1.5048,1.505,294
2026-01-07 12:26:00,1.505,1.505,1.505,1.505,46
2026-01-07 12:27:00,1.505,1.505,1.5,1.5,9
2026-01-07 12:28:00,1.505,1.505,1.505,1.505,11
2026-01-07 12:29:00,1.505,1.505,1.505,1.505,0
2026-01-07 12:30:00,1.5,1.505,1.5,1.5,14
2026-01-07 12:31:00,1.505,1.505,1.505,1.505,60
2026-01-07 12:32:00,1.505,1.505,1.505,1.505,11
2026-01-07 12:33:00,1.505,1.505,1.505,1.505,1
2026-01-07 12:34:00,1.505,1.51,1.505,1.51,37
2026-01-07 12:35:00,1.51,1.515,1.51,1.515,489
2026-01-07 12:36:00,1.515,1.515,1.515,1.515,3
2026-01-07 12:37:00,1.515,1.515,1.515,1.515,10
2026-01-07 12:38:00,1.52,1.52,1.515,1.515,53
2026-01-07 12:39:00,1.515,1.515,1.515,1.515,0
2026-01-07 12:40:00,1.515,1.515,1.515,1.515,15
2026-01-07 12:41:00,1.515,1.515,1.515,1.515,25
2026-01-07 12:42:00,1.515,1.515,1.515,1.515,21
2026-01-07 12:43:00,1.515,1.515,1.515,1.515,24
2026-01-07 12:44:00,1.519,1.519,1.515,1.515,14
2026-01-07 12:45:00,1.515,1.515,1.51,1.515,787
2026-01-07 12:46:00,1.5145,1.515,1.51,1.515,29
2026-01-07 12:47:00,1.515,1.515,1.515,1.515,1
2026-01-07 12:48:00,1.51,1.515,1.51,1.515,34
2026-01-07 12:49:00,1.515,1.515,1.515,1.515,4
2026-01-07 12:50:00,1.51,1.515,1.51,1.515,24
2026-01-07 12:51:00,1.515,1.515,1.505,1.505,373
2026-01-07 12:52:00,1.5,1.505,1.5,1.5,18
2026-01-07 12:53:00,1.505,1.505,1.5,1.505,11
2026-01-07 12:54:00,1.5,1.505,1.5,1.505,11
2026-01-07 12:55:00,1.5,1.5,1.5,1.5,127
2026-01-07 12:56:00,1.5,1.5,1.495,1.495,158
2026-01-07 12:57:00,1.495,1.496,1.49,1.49,31
2026-01-07 12:58:00,1.495,1.495,1.49,1.49,11
2026-01-07 12:59:00,1.49,1.49,1.49,1.49,1
2026-01-07 13:00:00,1.495,1.4954,1.49,1.4954,26
2026-01-07 13:01:00,1.49,1.4901,1.49,1.4901,24
2026-01-07 13:02:00,1.49,1.4913,1.49,1.4913,9
2026-01-07 13:03:00,1.491,1.495,1.49,1.49,16
2026-01-07 13:04:00,1.49,1.49,1.49,1.49,0
2026-01-07 13:05:00,1.49,1.49,1.49,1.49,15
2026-01-07 13:06:00,1.49,1.495,1.49,1.495,9
2026-01-07 13:07:00,1.49,1.496,1.49,1.496,13
2026-01-07 13:08:00,1.49,1.49,1.485,1.49,72
2026-01-07 13:09:00,1.49,1.49,1.485,1.4899,386
2026-01-07 13:10:00,1.485,1.485,1.485,1.485,30
2026-01-07 13:11:00,1.485,1.485,1.485,1.485,0
2026-01-07 13:12:00,1.485,1.485,1.485,1.485,0
2026-01-07 13:13:00,1.4874,1.4874,1.48,1.48,3
2026-01-07 13:14:00,1.485,1.4898,1.4845,1.4845,24
2026-01-07 13:15:00,1.4854,1.49,1.485,1.485,56
2026-01-07 13:16:00,1.485,1.4851,1.485,1.4851,14
2026-01-07 13:17:00,1.4851,1.4851,1.4851,1.4851,0
2026-01-07 13:18:00,1.485,1.485,1.485,1.485,3
2026-01-07 13:19:00,1.49,1.49,1.485,1.49,16
2026-01-07 13:20:00,1.49,1.49,1.49,1.49,1
2026-01-07 13:21:00,1.49,1.49,1.49,1.49,0
2026-01-07 13:22:00,1.485,1.49,1.485,1.485,63
2026-01-07 13:23:00,1.4876,1.495,1.485,1.495,258
2026-01-07 13:24:00,1.495,1.495,1.49,1.495,25
2026-01-07 13:25:00,1.495,1.495,1.495,1.495,1
2026-01-07 13:26:00,1.495,1.495,1.495,1.495,1
2026-01-07 13:27:00,1.495,1.495,1.495,1.495,2
2026-01-07 13:28:00,1.495,1.495,1.495,1.495,0
2026-01-07 13:29:00,1.495,1.495,1.495,1.495,0
2026-01-07 13:30:00,1.495,1.495,1.495,1.495,1
2026-01-07 13:31:00,1.5,1.5,1.49,1.495,5
2026-01-07 13:32:00,1.495,1.495,1.495,1.495,2
2026-01-07 13:33:00,1.4982,1.4982,1.4982,1.4982,9
2026-01-07 13:34:00,1.492,1.5,1.492,1.5,5
2026-01-07 13:35:00,1.495,1.495,1.49,1.49,19
2026-01-07 13:36:00,1.49,1.495,1.49,1.495,10
2026-01-07 13:37:00,1.495,1.495,1.495,1.495,0
2026-01-07 13:38:00,1.49,1.495,1.49,1.495,12
2026-01-07 13:39:00,1.495,1.495,1.49,1.49,14
2026-01-07 13:40:00,1.49,1.49,1.49,1.49,0
2026-01-07 13:41:00,1.49,1.495,1.49,1.495,24
2026-01-07 13:42:00,1.4971,1.4983,1.495,1.4983,16
2026-01-07 13:43:00,1.49,1.49,1.49,1.49,7
2026-01-07 13:44:00,1.495,1.495,1.495,1.495,17
2026-01-07 13:45:00,1.495,1.495,1.49,1.49,15
2026-01-07 13:46:00,1.4989,1.4989,1.4989,1.4989,30
2026-01-07 13:47:00,1.49,1.49,1.49,1.49,15
2026-01-07 13:48:00,1.495,1.495,1.49,1.49,3
2026-01-07 13:49:00,1.49,1.49,1.49,1.49,1
2026-01-07 13:50:00,1.49,1.49,1.49,1.49,0
2026-01-07 13:51:00,1.495,1.495,1.495,1.495,2
2026-01-07 13:52:00,1.495,1.495,1.49,1.49,5
2026-01-07 13:53:00,1.495,1.495,1.495,1.495,8
2026-01-07 13:54:00,1.495,1.495,1.495,1.495,11
2026-01-07 13:55:00,1.49,1.495,1.49,1.49,46
2026-01-07 13:56:00,1.49,1.49,1.49,1.49,18
2026-01-07 13:57:00,1.49,1.49,1.49,1.49,0
2026-01-07 13:58:00,1.49,1.49,1.49,1.49,0
2026-01-07 13:59:00,1.495,1.495,1.49,1.49,8
2026-01-07 14:00:00,1.495,1.4968,1.49,1.4968,38
2026-01-07 14:01:00,1.4968,1.4968,1.4968,1.4968,0
2026-01-07 14:02:00,1.495,1.495,1.495,1.495,12
2026-01-07 14:03:00,1.495,1.495,1.495,1.495,1
2026-01-07 14:04:00,1.495,1.495,1.495,1.495,1
2026-01-07 14:05:00,1.49,1.5,1.49,1.5,9
2026-01-07 14:06:00,1.495,1.4997,1.495,1.4997,13
2026-01-07 14:07:00,1.495,1.4953,1.495,1.4953,22
2026-01-07 14:08:00,1.4953,1.4953,1.4953,1.4953,0
2026-01-07 14:09:00,1.495,1.495,1.495,1.495,1
2026-01-07 14:10:00,1.495,1.4998,1.495,1.4998,2
2026-01-07 14:11:00,1.495,1.495,1.495,1.495,3
2026-01-07 14:12:00,1.4994,1.5,1.49,1.49,34
2026-01-07 14:13:00,1.49,1.4999,1.49,1.49,34
2026-01-07 14:14:00,1.495,1.498,1.495,1.495,103
2026-01-07 14:15:00,1.495,1.495,1.49,1.4901,7
2026-01-07 14:16:00,1.495,1.5,1.49,1.5,16
2026-01-07 14:17:00,1.49,1.499,1.49,1.495,15
2026-01-07 14:18:00,1.49,1.495,1.49,1.49,4
2026-01-07 14:19:00,1.495,1.5,1.495,1.495,9
2026-01-07 14:20:00,1.495,1.495,1.49,1.49,5
2026-01-07 14:21:00,1.495,1.5,1.49,1.5,18
2026-01-07 14:22:00,1.495,1.495,1.495,1.495,4
2026-01-07 14:23:00,1.495,1.495,1.49,1.495,4
2026-01-07 14:24:00,1.49,1.4998,1.49,1.4998,17
2026-01-07 14:25:00,1.49,1.49,1.49,1.49,2
2026-01-07 14:26:00,1.5,1.5,1.495,1.495,4
2026-01-07 14:27:00,1.495,1.495,1.495,1.495,16
2026-01-07 14:28:00,1.49,1.496,1.49,1.496,5
2026-01-07 14:29:00,1.495,1.495,1.495,1.495,6
2026-01-07 14:30:00,1.49,1.5,1.49,1.495,56
2026-01-07 14:31:00,1.495,1.495,1.49,1.495,29
2026-01-07 14:32:00,1.49,1.495,1.49,1.495,5
2026-01-07 14:33:00,1.495,1.5,1.495,1.5,3
2026-01-07 14:34:00,1.495,1.495,1.495,1.495,1
2026-01-07 14:35:00,1.5,1.5,1.49,1.495,6
2026-01-07 14:36:00,1.495,1.495,1.495,1.495,2
2026-01-07 14:37:00,1.495,1.495,1.49,1.49,8
2026-01-07 14:38:00,1.495,1.495,1.495,1.495,10
2026-01-07 14:39:00,1.4956,1.5,1.495,1.4999,17
2026-01-07 14:40:00,1.495,1.495,1.495,1.495,1
2026-01-07 14:41:00,1.499,1.505,1.495,1.5,1160
2026-01-07 14:42:00,1.505,1.505,1.5001,1.5001,10
2026-01-07 14:43:00,1.505,1.505,1.5044,1.5044,8
2026-01-07 14:44:00,1.505,1.51,1.505,1.505,50
2026-01-07 14:45:00,1.505,1.5099,1.505,1.5099,6
2026-01-07 14:46:00,1.505,1.505,1.505,1.505,23
2026-01-07 14:47:00,1.508,1.51,1.505,1.505,271
2026-01-07 14:48:00,1.51,1.52,1.51,1.52,1125
2026-01-07 14:49:00,1.52,1.52,1.515,1.515,18
2026-01-07 14:50:00,1.52,1.525,1.52,1.525,222
2026-01-07 14:51:00,1.53,1.53,1.53,1.53,1
2026-01-07 14:52:00,1.53,1.53,1.525,1.53,3
2026-01-07 14:53:00,1.53,1.54,1.53,1.53,376
2026-01-07 14:54:00,1.535,1.535,1.535,1.535,1
2026-01-07 14:55:00,1.535,1.54,1.535,1.54,6
2026-01-07 14:56:00,1.54,1.55,1.54,1.55,1429
2026-01-07 14:57:00,1.55,1.55,1.545,1.55,33
2026-01-07 14:58:00,1.5489,1.56,1.5489,1.56,713
2026-01-07 14:59:00,1.56,1.565,1.555,1.555,591
2026-01-07 15:00:00,1.555,1.56,1.55,1.5534,257
2026-01-07 15:01:00,1.555,1.555,1.555,1.555,1
2026-01-07 15:02:00,1.56,1.56,1.5506,1.555,87
2026-01-07 15:03:00,1.56,1.56,1.5501,1.5501,169
2026-01-07 15:04:00,1.555,1.555,1.555,1.555,15
2026-01-07 15:05:00,1.555,1.56,1.54,1.545,332
2026-01-07 15:06:00,1.544,1.545,1.544,1.545,81
2026-01-07 15:07:00,1.545,1.55,1.545,1.545,73
2026-01-07 15:08:00,1.545,1.55,1.54,1.54,19
2026-01-07 15:09:00,1.54,1.55,1.54,1.545,46
2026-01-07 15:10:00,1.545,1.55,1.545,1.55,21
2026-01-07 15:11:00,1.5401,1.55,1.5401,1.545,69
2026-01-07 15:12:00,1.545,1.545,1.54,1.54,6
2026-01-07 15:13:00,1.545,1.545,1.545,1.545,3
2026-01-07 15:14:00,1.545,1.545,1.545,1.545,1
2026-01-07 15:15:00,1.545,1.545,1.53,1.53,274
2026-01-07 15:16:00,1.535,1.535,1.535,1.535,1
2026-01-07 15:17:00,1.535,1.535,1.53,1.535,24
2026-01-07 15:18:00,1.535,1.535,1.535,1.535,3
2026-01-07 15:19:00,1.5314,1.535,1.5314,1.535,2
2026-01-07 15:20:00,1.535,1.54,1.535,1.54,5
2026-01-07 15:21:00,1.535,1.54,1.535,1.54,4
2026-01-07 15:22:00,1.54,1.54,1.53,1.53,119
2026-01-07 15:23:00,1.535,1.535,1.52,1.525,240
2026-01-07 15:24:00,1.525,1.525,1.52,1.525,43
2026-01-07 15:25:00,1.52,1.525,1.52,1.525,13
2026-01-07 15:26:00,1.5227,1.525,1.52,1.52,5
2026-01-07 15:27:00,1.525,1.525,1.52,1.52,2
2026-01-07 15:28:00,1.52,1.525,1.52,1.525,6
2026-01-07 15:29:00,1.525,1.525,1.52,1.52,2
2026-01-07 15:30:00,1.525,1.53,1.52,1.52,237
2026-01-07 15:31:00,1.525,1.525,1.52,1.52,6
2026-01-07 15:32:00,1.525,1.525,1.525,1.525,24
2026-01-07 15:33:00,1.52,1.525,1.52,1.525,50
2026-01-07 15:34:00,1.525,1.525,1.52,1.525,10
2026-01-07 15:35:00,1.525,1.525,1.52,1.525,13
2026-01-07 15:36:00,1.525,1.525,1.52,1.525,23
2026-01-07 15:37:00,1.525,1.525,1.525,1.525,4
2026-01-07 15:38:00,1.525,1.525,1.52,1.525,15
2026-01-07 15:39:00,1.5267,1.5267,1.52,1.52,15
2026-01-07 15:40:00,1.525,1.525,1.52,1.525,8
2026-01-07 15:41:00,1.525,1.525,1.52,1.52,12
2026-01-07 15:42:00,1.525,1.525,1.52,1.525,7
2026-01-07 15:43:00,1.525,1.525,1.5202,1.525,14
2026-01-07 15:44:00,1.525,1.525,1.52,1.525,24
2026-01-07 15:45:00,1.525,1.525,1.525,1.525,6
2026-01-07 15:46:00,1.525,1.525,1.525,1.525,2
2026-01-07 15:47:00,1.525,1.525,1.52,1.525,147
2026-01-07 15:48:00,1.525,1.525,1.52,1.52,3
2026-01-07 15:49:00,1.52,1.53,1.52,1.53,76
2026-01-07 15:50:00,1.53,1.53,1.52,1.53,17
2026-01-07 15:51:00,1.53,1.53,1.52,1.53,8
2026-01-07 15:52:00,1.53,1.53,1.525,1.525,30
2026-01-07 15:53:00,1.53,1.53,1.525,1.525,7
2026-01-07 15:54:00,1.53,1.53,1.525,1.525,29
2026-01-07 15:55:00,1.525,1.525,1.52,1.52,34
2026-01-07 15:56:00,1.525,1.526,1.52,1.525,45
2026-01-07 15:57:00,1.525,1.525,1.52,1.52,109
2026-01-07 15:58:00,1.52,1.53,1.52,1.53,394
2026-01-07 15:59:00,1.53,1.54,1.525,1.54,526
2026-01-08 09:30:00,1.52,1.525,1.5,1.505,592
2026-01-08 09:31:00,1.505,1.51,1.505,1.51,199
2026-01-08 09:32:00,1.515,1.52,1.515,1.519,18
2026-01-08 09:33:00,1.5173,1.5173,1.515,1.515,52
2026-01-08 09:34:00,1.515,1.515,1.515,1.515,92
2026-01-08 09:35:00,1.515,1.52,1.515,1.52,100
2026-01-08 09:36:00,1.52,1.52,1.52,1.52,0
2026-01-08 09:37:00,1.5294,1.5294,1.525,1.525,21
2026-01-08 09:38:00,1.52,1.528,1.52,1.528,37
2026-01-08 09:39:00,1.52,1.5299,1.52,1.525,52
2026-01-08 09:40:00,1.525,1.53,1.525,1.53,11
2026-01-08 09:41:00,1.5254,1.5254,1.515,1.515,263
2026-01-08 09:42:00,1.515,1.515,1.515,1.515,8
2026-01-08 09:43:00,1.51,1.515,1.51,1.51,109
2026-01-08 09:44:00,1.51,1.51,1.51,1.51,23
2026-01-08 09:45:00,1.515,1.515,1.51,1.51,55
2026-01-08 09:46:00,1.51,1.515,1.51,1.5115,56
2026-01-08 09:47:00,1.51,1.515,1.51,1.515,15
2026-01-08 09:48:00,1.515,1.5165,1.51,1.51,8
2026-01-08 09:49:00,1.515,1.515,1.51,1.515,12
2026-01-08 09:50:00,1.515,1.515,1.515,1.515,12
2026-01-08 09:51:00,1.515,1.515,1.515,1.515,11
2026-01-08 09:52:00,1.51,1.51,1.51,1.51,5
2026-01-08 09:53:00,1.51,1.5155,1.51,1.515,17
2026-01-08 09:54:00,1.51,1.51,1.5,1.5,99
2026-01-08 09:55:00,1.5,1.505,1.495,1.505,528
2026-01-08 09:56:00,1.51,1.51,1.51,1.51,1
2026-01-08 09:57:00,1.505,1.51,1.505,1.505,144
2026-01-08 09:58:00,1.5006,1.51,1.5006,1.51,79
2026-01-08 09:59:00,1.51,1.51,1.51,1.51,0
2026-01-08 10:00:00,1.505,1.508,1.505,1.505,28
2026-01-08 10:01:00,1.505,1.505,1.505,1.505,0
2026-01-08 10:02:00,1.505,1.505,1.505,1.505,4
2026-01-08 10:03:00,1.505,1.505,1.505,1.505,15
2026-01-08 10:04:00,1.505,1.505,1.505,1.505,0
2026-01-08 10:05:00,1.5095,1.5095,1.5,1.5,17
2026-01-08 10:06:00,1.505,1.505,1.505,1.505,8
2026-01-08 10:07:00,1.505,1.5055,1.505,1.5055,13
2026-01-08 10:08:00,1.505,1.51,1.5,1.505,41
2026-01-08 10:09:00,1.5098,1.5098,1.505,1.5098,31
2026-01-08 10:10:00,1.509,1.509,1.509,1.509,20
2026-01-08 10:11:00,1.505,1.505,1.505,1.505,5
2026-01-08 10:12:00,1.505,1.51,1.505,1.505,71
2026-01-08 10:13:00,1.505,1.505,1.505,1.505,6
2026-01-08 10:14:00,1.505,1.51,1.505,1.51,16
2026-01-08 10:15:00,1.505,1.505,1.505,1.505,16
2026-01-08 10:16:00,1.505,1.505,1.505,1.505,5
2026-01-08 10:17:00,1.505,1.51,1.505,1.51,14
2026-01-08 10:18:00,1.505,1.505,1.505,1.505,5
2026-01-08 10:19:00,1.505,1.51,1.505,1.51,25
2026-01-08 10:20:00,1.505,1.505,1.505,1.505,8
2026-01-08 10:21:00,1.505,1.5099,1.505,1.5099,39
2026-01-08 10:22:00,1.5046,1.505,1.5046,1.505,10
2026-01-08 10:23:00,1.505,1.505,1.505,1.505,6
2026-01-08 10:24:00,1.5,1.505,1.5,1.505,8
2026-01-08 10:25:00,1.505,1.51,1.505,1.51,7
2026-01-08 10:26:00,1.505,1.51,1.5,1.5,17
2026-01-08 10:27:00,1.505,1.505,1.505,1.505,15
2026-01-08 10:28:00,1.506,1.5099,1.505,1.505,13
2026-01-08 10:29:00,1.505,1.51,1.5,1.505,142
2026-01-08 10:30:00,1.505,1.51,1.505,1.505,143
2026-01-08 10:31:00,1.5,1.51,1.5,1.505,59
2026-01-08 10:32:00,1.505,1.5084,1.5,1.5075,660
2026-01-08 10:33:00,1.505,1.505,1.505,1.505,7
2026-01-08 10:34:00,1.5099,1.5099,1.5,1.505,24
2026-01-08 10:35:00,1.505,1.505,1.505,1.505,7
2026-01-08 10:36:00,1.505,1.509,1.505,1.505,23
2026-01-08 10:37:00,1.51,1.51,1.505,1.51,7
2026-01-08 10:38:00,1.505,1.505,1.505,1.505,7
2026-01-08 10:39:00,1.5061,1.51,1.5,1.505,155
2026-01-08 10:40:00,1.51,1.51,1.505,1.51,193
2026-01-08 10:41:00,1.5097,1.5097,1.505,1.505,123
2026-01-08 10:42:00,1.51,1.51,1.505,1.51,10
2026-01-08 10:43:00,1.5088,1.5088,1.505,1.505,6
2026-01-08 10:44:00,1.505,1.51,1.505,1.51,39
2026-01-08 10:45:00,1.505,1.52,1.505,1.515,584
2026-01-08 10:46:00,1.515,1.52,1.51,1.52,135
2026-01-08 10:47:00,1.515,1.5198,1.51,1.515,216
2026-01-08 10:48:00,1.515,1.519,1.51,1.515,35
2026-01-08 10:49:00,1.515,1.515,1.515,1.515,42
2026-01-08 10:50:00,1.515,1.515,1.515,1.515,0
2026-01-08 10:51:00,1.5119,1.5119,1.5119,1.5119,9
2026-01-08 10:52:00,1.515,1.515,1.515,1.515,1
2026-01-08 10:53:00,1.515,1.515,1.515,1.515,0
2026-01-08 10:54:00,1.515,1.515,1.515,1.515,0
2026-01-08 10:55:00,1.515,1.515,1.515,1.515,4
2026-01-08 10:56:00,1.515,1.515,1.515,1.515,0
2026-01-08 10:57:00,1.515,1.515,1.515,1.515,0
2026-01-08 10:58:00,1.515,1.515,1.515,1.515,1
2026-01-08 10:59:00,1.515,1.515,1.515,1.515,2
2026-01-08 11:00:00,1.515,1.52,1.515,1.52,2
2026-01-08 11:01:00,1.52,1.52,1.52,1.52,0
2026-01-08 11:02:00,1.51,1.51,1.51,1.51,8
2026-01-08 11:03:00,1.515,1.515,1.51,1.51,3
2026-01-08 11:04:00,1.52,1.52,1.51,1.51,11
2026-01-08 11:05:00,1.51,1.51,1.51,1.51,0
2026-01-08 11:06:00,1.515,1.515,1.51,1.51,72
2026-01-08 11:07:00,1.515,1.515,1.51,1.51,32
2026-01-08 11:08:00,1.51,1.515,1.51,1.515,27
2026-01-08 11:09:00,1.51,1.51,1.51,1.51,16
2026-01-08 11:10:00,1.51,1.51,1.51,1.51,5
2026-01-08 11:11:00,1.515,1.515,1.51,1.51,38
2026-01-08 11:12:00,1.515,1.515,1.515,1.515,45
2026-01-08 11:13:00,1.515,1.515,1.51,1.51,7
2026-01-08 11:14:00,1.515,1.515,1.51,1.51,79
2026-01-08 11:15:00,1.51,1.51,1.51,1.51,11
2026-01-08 11:16:00,1.51,1.515,1.51,1.51,19
2026-01-08 11:17:00,1.51,1.5123,1.51,1.51,22
2026-01-08 11:18:00,1.51,1.5101,1.51,1.51,21
2026-01-08 11:19:00,1.51,1.51,1.51,1.51,9
2026-01-08 11:20:00,1.51,1.51,1.51,1.51,4
2026-01-08 11:21:00,1.51,1.51,1.51,1.51,17
2026-01-08 11:22:00,1.51,1.51,1.51,1.51,11
2026-01-08 11:23:00,1.51,1.51,1.51,1.51,30
2026-01-08 11:24:00,1.515,1.515,1.5,1.5,473
2026-01-08 11:25:00,1.5,1.505,1.5,1.5,15
2026-01-08 11:26:00,1.5,1.5,1.5,1.5,4
2026-01-08 11:27:00,1.5,1.5,1.5,1.5,7
2026-01-08 11:28:00,1.5,1.5,1.5,1.5,12
2026-01-08 11:29:00,1.505,1.506,1.505,1.506,7
2026-01-08 11:30:00,1.5,1.506,1.5,1.5,35
2026-01-08 11:31:00,1.5,1.5,1.495,1.5,1058
2026-01-08 11:32:00,1.495,1.4992,1.495,1.495,76
2026-01-08 11:33:00,1.495,1.4988,1.495,1.495,6
2026-01-08 11:34:00,1.49,1.49,1.49,1.49,10
2026-01-08 11:35:00,1.4988,1.4988,1.49,1.498,60
2026-01-08 11:36:00,1.5,1.5,1.495,1.495,32
2026-01-08 11:37:00,1.495,1.495,1.495,1.495,1
2026-01-08 11:38:00,1.495,1.495,1.49,1.495,46
2026-01-08 11:39:00,1.5,1.5,1.5,1.5,3
2026-01-08 11:40:00,1.4998,1.5,1.49,1.495,135
2026-01-08 11:41:00,1.495,1.495,1.495,1.495,1
2026-01-08 11:42:00,1.495,1.495,1.495,1.495,11
2026-01-08 11:43:00,1.495,1.495,1.4939,1.4939,11
2026-01-08 11:44:00,1.495,1.495,1.4903,1.495,19
2026-01-08 11:45:00,1.495,1.495,1.49,1.49,33
2026-01-08 11:46:00,1.495,1.5,1.49,1.495,157
2026-01-08 11:47:00,1.495,1.495,1.495,1.495,3
2026-01-08 11:48:00,1.495,1.5,1.49,1.495,169
2026-01-08 11:49:00,1.495,1.495,1.4903,1.495,27
2026-01-08 11:50:00,1.495,1.495,1.495,1.495,4
2026-01-08 11:51:00,1.495,1.495,1.4902,1.4902,38
2026-01-08 11:52:00,1.495,1.495,1.49,1.49,38
2026-01-08 11:53:00,1.4903,1.4903,1.4903,1.4903,20
2026-01-08 11:54:00,1.495,1.495,1.49,1.49,7
2026-01-08 11:55:00,1.49,1.49,1.49,1.49,2
2026-01-08 11:56:00,1.49,1.49,1.49,1.49,3
2026-01-08 11:57:00,1.4945,1.4997,1.4945,1.495,16
2026-01-08 11:58:00,1.495,1.495,1.495,1.495,4
2026-01-08 11:59:00,1.4998,1.4998,1.495,1.495,23
2026-01-08 12:00:00,1.495,1.5,1.495,1.495,16
2026-01-08 12:01:00,1.495,1.495,1.49,1.49,6
2026-01-08 12:02:00,1.49,1.49,1.49,1.49,0
2026-01-08 12:03:00,1.495,1.495,1.495,1.495,6
2026-01-08 12:04:00,1.495,1.495,1.49,1.49,4
2026-01-08 12:05:00,1.5,1.5,1.49,1.49,2
2026-01-08 12:06:00,1.49,1.49,1.49,1.49,0
2026-01-08 12:07:00,1.495,1.5,1.495,1.495,20
2026-01-08 12:08:00,1.495,1.51,1.495,1.505,699
2026-01-08 12:09:00,1.505,1.505,1.505,1.505,0
2026-01-08 12:10:00,1.505,1.505,1.505,1.505,1
2026-01-08 12:11:00,1.5046,1.505,1.5045,1.505,74
2026-01-08 12:12:00,1.505,1.505,1.505,1.505,31
2026-01-08 12:13:00,1.5,1.505,1.5,1.505,8
2026-01-08 12:14:00,1.505,1.505,1.505,1.505,0
2026-01-08 12:15:00,1.505,1.505,1.505,1.505,2
2026-01-08 12:16:00,1.505,1.505,1.505,1.505,1
2026-01-08 12:17:00,1.5046,1.5046,1.5046,1.5046,9
2026-01-08 12:18:00,1.505,1.505,1.505,1.505,2
2026-01-08 12:19:00,1.505,1.51,1.505,1.51,5
2026-01-08 12:20:00,1.505,1.505,1.505,1.505,1
2026-01-08 12:21:00,1.505,1.505,1.505,1.505,0
2026-01-08 12:22:00,1.505,1.505,1.5,1.5,51
2026-01-08 12:23:00,1.505,1.505,1.505,1.505,2
2026-01-08 12:24:00,1.505,1.505,1.505,1.505,0
2026-01-08 12:25:00,1.506,1.506,1.505,1.505,2
2026-01-08 12:26:00,1.505,1.505,1.505,1.505,0
2026-01-08 12:27:00,1.505,1.505,1.505,1.505,100
2026-01-08 12:28:00,1.5,1.5,1.5,1.5,1
2026-01-08 12:29:00,1.5,1.5034,1.5,1.5034,21
2026-01-08 12:30:00,1.5,1.5099,1.5,1.5099,9
2026-01-08 12:31:00,1.5,1.505,1.5,1.5,23
2026-01-08 12:32:00,1.5,1.5099,1.5,1.5,12
2026-01-08 12:33:00,1.5,1.505,1.5,1.5,9
2026-01-08 12:34:00,1.5,1.505,1.5,1.505,2
2026-01-08 12:35:00,1.505,1.505,1.5,1.5,2
2026-01-08 12:36:00,1.505,1.505,1.5,1.5,2
2026-01-08 12:37:00,1.5,1.5,1.5,1.5,1
2026-01-08 12:38:00,1.5,1.5,1.5,1.5,1
2026-01-08 12:39:00,1.5,1.5,1.5,1.5,1
2026-01-08 12:40:00,1.505,1.505,1.505,1.505,2
2026-01-08 12:41:00,1.505,1.505,1.5,1.505,12
2026-01-08 12:42:00,1.5,1.5,1.5,1.5,1
2026-01-08 12:43:00,1.505,1.5056,1.5,1.5,4
2026-01-08 12:44:00,1.5,1.505,1.5,1.5,12
2026-01-08 12:45:00,1.5,1.5,1.5,1.5,1
2026-01-08 12:46:00,1.5,1.505,1.5,1.505,4
2026-01-08 12:47:00,1.5,1.5011,1.5,1.5,6
2026-01-08 12:48:00,1.5,1.5,1.5,1.5,0
2026-01-08 12:49:00,1.5,1.5,1.5,1.5,5
2026-01-08 12:50:00,1.505,1.505,1.5,1.5,9
2026-01-08 12:51:00,1.5,1.5,1.5,1.5,0
2026-01-08 12:52:00,1.505,1.5084,1.5,1.5084,8
2026-01-08 12:53:00,1.5,1.505,1.5,1.505,2
2026-01-08 12:54:00,1.5,1.5,1.5,1.5,1
2026-01-08 12:55:00,1.505,1.51,1.505,1.505,25
2026-01-08 12:56:00,1.505,1.505,1.505,1.505,2
2026-01-08 12:57:00,1.505,1.505,1.505,1.505,0
2026-01-08 12:58:00,1.51,1.51,1.505,1.505,30
2026-01-08 12:59:00,1.505,1.505,1.505,1.505,24
2026-01-08 13:00:00,1.505,1.505,1.505,1.505,6
2026-01-08 13:01:00,1.5055,1.5055,1.505,1.505,23
2026-01-08 13:02:00,1.505,1.505,1.505,1.505,0
2026-01-08 13:03:00,1.5,1.5,1.5,1.5,1
2026-01-08 13:04:00,1.51,1.51,1.505,1.505,5
2026-01-08 13:05:00,1.5,1.505,1.5,1.505,4
2026-01-08 13:06:00,1.51,1.51,1.505,1.505,3
2026-01-08 13:07:00,1.505,1.505,1.505,1.505,1
2026-01-08 13:08:00,1.505,1.505,1.505,1.505,1
2026-01-08 13:09:00,1.505,1.505,1.5,1.5,2
2026-01-08 13:10:00,1.5,1.5,1.5,1.5,2
2026-01-08 13:11:00,1.5,1.5,1.5,1.5,20
2026-01-08 13:12:00,1.5,1.51,1.5,1.505,307
2026-01-08 13:13:00,1.5,1.5,1.5,1.5,1
2026-01-08 13:14:00,1.505,1.505,1.5,1.5,8
2026-01-08 13:15:00,1.5,1.5099,1.5,1.505,114
2026-01-08 13:16:00,1.5,1.505,1.5,1.5045,21
2026-01-08 13:17:00,1.5089,1.5089,1.505,1.505,15
2026-01-08 13:18:00,1.51,1.51,1.5,1.5,18
2026-01-08 13:19:00,1.5,1.5,1.5,1.5,0
2026-01-08 13:20:00,1.505,1.505,1.505,1.505,2
2026-01-08 13:21:00,1.505,1.506,1.505,1.506,36
2026-01-08 13:22:00,1.51,1.51,1.5097,1.5097,151
2026-01-08 13:23:00,1.505,1.51,1.505,1.51,502
2026-01-08 13:24:00,1.51,1.51,1.51,1.51,0
2026-01-08 13:25:00,1.5,1.5,1.5,1.5,50
2026-01-08 13:26:00,1.5,1.5,1.5,1.5,0
2026-01-08 13:27:00,1.505,1.505,1.505,1.505,6
2026-01-08 13:28:00,1.505,1.505,1.505,1.505,0
2026-01-08 13:29:00,1.505,1.505,1.505,1.505,18
2026-01-08 13:30:00,1.505,1.505,1.505,1.505,0
2026-01-08 13:31:00,1.505,1.505,1.505,1.505,0
2026-01-08 13:32:00,1.505,1.505,1.505,1.505,3
2026-01-08 13:33:00,1.505,1.51,1.505,1.51,2
2026-01-08 13:34:00,1.5094,1.51,1.5094,1.51,2
2026-01-08 13:35:00,1.505,1.505,1.505,1.505,14
2026-01-08 13:36:00,1.509,1.509,1.5,1.5013,35
2026-01-08 13:37:00,1.5013,1.5013,1.5013,1.5013,0
2026-01-08 13:38:00,1.51,1.51,1.505,1.505,188
2026-01-08 13:39:00,1.51,1.51,1.5001,1.505,16
2026-01-08 13:40:00,1.505,1.505,1.505,1.505,0
2026-01-08 13:41:00,1.505,1.505,1.505,1.505,0
2026-01-08 13:42:00,1.5054,1.51,1.5054,1.51,3
2026-01-08 13:43:00,1.51,1.51,1.51,1.51,0
2026-01-08 13:44:00,1.509,1.509,1.509,1.509,1
2026-01-08 13:45:00,1.505,1.505,1.5,1.505,8
2026-01-08 13:46:00,1.5,1.5025,1.5,1.5025,30
2026-01-08 13:47:00,1.5,1.505,1.5,1.505,6
2026-01-08 13:48:00,1.5046,1.505,1.5,1.5,10
2026-01-08 13:49:00,1.5001,1.5001,1.5001,1.5001,10
2026-01-08 13:50:00,1.5055,1.5055,1.5036,1.505,21
2026-01-08 13:51:00,1.5,1.5,1.5,1.5,8
2026-01-08 13:52:00,1.505,1.505,1.505,1.505,5
2026-01-08 13:53:00,1.5031,1.5031,1.5,1.5,12
2026-01-08 13:54:00,1.5,1.5,1.5,1.5,0
2026-01-08 13:55:00,1.5,1.5,1.5,1.5,1
2026-01-08 13:56:00,1.5,1.5,1.5,1.5,4
2026-01-08 13:57:00,1.5,1.5,1.495,1.495,962
2026-01-08 13:58:00,1.495,1.505,1.495,1.5013,176
2026-01-08 13:59:00,1.505,1.505,1.505,1.505,14
2026-01-08 14:00:00,1.505,1.505,1.505,1.505,15
2026-01-08 14:01:00,1.5044,1.5044,1.5044,1.5044,8
2026-01-08 14:02:00,1.505,1.51,1.505,1.5097,20
2026-01-08 14:03:00,1.5099,1.5099,1.505,1.505,16
2026-01-08 14:04:00,1.5046,1.505,1.5046,1.505,18
2026-01-08 14:05:00,1.5097,1.5097,1.5097,1.5097,9
2026-01-08 14:06:00,1.505,1.505,1.505,1.505,1
2026-01-08 14:07:00,1.505,1.505,1.505,1.505,3
2026-01-08 14:08:00,1.505,1.505,1.505,1.505,3
2026-01-08 14:09:00,1.505,1.505,1.505,1.505,0
2026-01-08 14:10:00,1.505,1.505,1.505,1.505,39
2026-01-08 14:11:00,1.505,1.505,1.505,1.505,4
2026-01-08 14:12:00,1.504,1.505,1.504,1.505,27
2026-01-08 14:13:00,1.505,1.505,1.505,1.505,10
2026-01-08 14:14:00,1.505,1.505,1.505,1.505,1
2026-01-08 14:15:00,1.505,1.51,1.5045,1.505,21
2026-01-08 14:16:00,1.505,1.505,1.5,1.5046,19
2026-01-08 14:17:00,1.505,1.5097,1.5,1.505,55
2026-01-08 14:18:00,1.505,1.505,1.5046,1.505,20
2026-01-08 14:19:00,1.504,1.504,1.5,1.5,10
2026-01-08 14:20:00,1.5001,1.505,1.5001,1.505,9
2026-01-08 14:21:00,1.5046,1.505,1.5046,1.505,10
2026-01-08 14:22:00,1.5099,1.5099,1.505,1.505,10
2026-01-08 14:23:00,1.505,1.505,1.505,1.505,1
2026-01-08 14:24:00,1.505,1.505,1.505,1.505,22
2026-01-08 14:25:00,1.505,1.505,1.505,1.505,2
2026-01-08 14:26:00,1.505,1.505,1.505,1.505,1
2026-01-08 14:27:00,1.505,1.505,1.505,1.505,10
2026-01-08 14:28:00,1.505,1.505,1.505,1.505,1
2026-01-08 14:29:00,1.505,1.505,1.505,1.505,3
2026-01-08 14:30:00,1.505,1.505,1.505,1.505,6
2026-01-08 14:31:00,1.505,1.505,1.505,1.505,13
2026-01-08 14:32:00,1.505,1.505,1.505,1.505,0
2026-01-08 14:33:00,1.505,1.505,1.505,1.505,0
2026-01-08 14:34:00,1.5,1.505,1.5,1.505,18
2026-01-08 14:35:00,1.5088,1.5099,1.5,1.5099,22
2026-01-08 14:36:00,1.5099,1.5099,1.505,1.5099,27
2026-01-08 14:37:00,1.5,1.5046,1.5,1.5046,10
2026-01-08 14:38:00,1.5046,1.5046,1.5046,1.5046,0
2026-01-08 14:39:00,1.5,1.505,1.5,1.505,19
2026-01-08 14:40:00,1.505,1.505,1.505,1.505,0
2026-01-08 14:41:00,1.5,1.5095,1.5,1.5095,27
2026-01-08 14:42:00,1.5091,1.5099,1.5,1.505,30
2026-01-08 14:43:00,1.505,1.51,1.505,1.51,3
2026-01-08 14:44:00,1.51,1.51,1.505,1.5099,12
2026-01-08 14:45:00,1.505,1.505,1.505,1.505,7
2026-01-08 14:46:00,1.505,1.505,1.5,1.5,2
2026-01-08 14:47:00,1.505,1.505,1.5,1.5,13
2026-01-08 14:48:00,1.505,1.51,1.5,1.505,178
2026-01-08 14:49:00,1.51,1.51,1.51,1.51,1
2026-01-08 14:50:00,1.5,1.5099,1.5,1.5099,20
2026-01-08 14:51:00,1.5,1.5,1.5,1.5,1
2026-01-08 14:52:00,1.5,1.5,1.5,1.5,101
2026-01-08 14:53:00,1.5025,1.5025,1.5,1.5,5
2026-01-08 14:54:00,1.5,1.5082,1.5,1.5,39
2026-01-08 14:55:00,1.5,1.505,1.5,1.5,75
2026-01-08 14:56:00,1.5,1.505,1.5,1.505,39
2026-01-08 14:57:00,1.5071,1.5071,1.5,1.505,25
2026-01-08 14:58:00,1.505,1.505,1.5,1.505,16
2026-01-08 14:59:00,1.5,1.5099,1.5,1.5099,29
2026-01-08 15:00:00,1.5046,1.505,1.5046,1.505,31
2026-01-08 15:01:00,1.505,1.505,1.505,1.505,2
2026-01-08 15:02:00,1.505,1.505,1.5,1.505,43
2026-01-08 15:03:00,1.505,1.5051,1.505,1.505,38
2026-01-08 15:04:00,1.5035,1.5035,1.5,1.5028,13
2026-01-08 15:05:00,1.5,1.5055,1.5,1.5,41
2026-01-08 15:06:00,1.5,1.5,1.5,1.5,26
2026-01-08 15:07:00,1.5,1.51,1.5,1.5,35
2026-01-08 15:08:00,1.5046,1.5046,1.5046,1.5046,9
2026-01-08 15:09:00,1.5,1.505,1.5,1.5,23
2026-01-08 15:10:00,1.505,1.505,1.5,1.505,26
2026-01-08 15:11:00,1.5,1.505,1.5,1.505,22
2026-01-08 15:12:00,1.505,1.5055,1.5,1.505,29
2026-01-08 15:13:00,1.5,1.5,1.5,1.5,8
2026-01-08 15:14:00,1.505,1.505,1.5,1.5,109
2026-01-08 15:15:00,1.5,1.505,1.5,1.5,10
2026-01-08 15:16:00,1.5,1.5,1.5,1.5,10
2026-01-08 15:17:00,1.505,1.505,1.5,1.5,16
2026-01-08 15:18:00,1.5,1.5081,1.5,1.5,16
2026-01-08 15:19:00,1.5,1.505,1.5,1.505,4
2026-01-08 15:20:00,1.5,1.5,1.5,1.5,18
2026-01-08 15:21:00,1.505,1.505,1.5,1.5,13
2026-01-08 15:22:00,1.5,1.5,1.5,1.5,69
2026-01-08 15:23:00,1.5,1.5,1.5,1.5,20
2026-01-08 15:24:00,1.5,1.505,1.5,1.505,2
2026-01-08 15:25:00,1.5,1.505,1.5,1.505,20
2026-01-08 15:26:00,1.5,1.5,1.5,1.5,3
2026-01-08 15:27:00,1.505,1.505,1.505,1.505,10
2026-01-08 15:28:00,1.5,1.506,1.5,1.505,62
2026-01-08 15:29:00,1.5,1.5098,1.5,1.5,55
2026-01-08 15:30:00,1.5,1.505,1.5,1.5,29
2026-01-08 15:31:00,1.5,1.505,1.5,1.505,46
2026-01-08 15:32:00,1.5,1.505,1.5,1.5,22
2026-01-08 15:33:00,1.505,1.5099,1.5,1.5099,31
2026-01-08 15:34:00,1.5,1.505,1.5,1.5,62
2026-01-08 15:35:00,1.5071,1.5071,1.5,1.5,19
2026-01-08 15:36:00,1.5,1.5,1.5,1.5,8
2026-01-08 15:37:00,1.505,1.505,1.5,1.505,7
2026-01-08 15:38:00,1.505,1.505,1.5,1.505,22
2026-01-08 15:39:00,1.505,1.505,1.5,1.5,14
2026-01-08 15:40:00,1.505,1.51,1.505,1.51,693
2026-01-08 15:41:00,1.51,1.51,1.505,1.51,20
2026-01-08 15:42:00,1.51,1.515,1.5096,1.515,549
2026-01-08 15:43:00,1.515,1.515,1.515,1.515,18
2026-01-08 15:44:00,1.515,1.515,1.51,1.515,8
2026-01-08 15:45:00,1.51,1.515,1.51,1.515,21
2026-01-08 15:46:00,1.515,1.515,1.51,1.51,24
2026-01-08 15:47:00,1.51,1.5189,1.51,1.5189,17
2026-01-08 15:48:00,1.515,1.515,1.51,1.51,47
2026-01-08 15:49:00,1.51,1.515,1.51,1.515,68
2026-01-08 15:50:00,1.515,1.515,1.5,1.5001,379
2026-01-08 15:51:00,1.5,1.505,1.5,1.5,61
2026-01-08 15:52:00,1.5,1.5,1.4901,1.495,277
2026-01-08 15:53:00,1.495,1.4998,1.49,1.495,116
2026-01-08 15:54:00,1.4951,1.5,1.49,1.495,200
2026-01-08 15:55:00,1.495,1.4999,1.49,1.49,159
2026-01-08 15:56:00,1.49,1.5,1.49,1.495,414
2026-01-08 15:57:00,1.495,1.5,1.49,1.495,1018
2026-01-08 15:58:00,1.495,1.5,1.49,1.495,532
2026-01-08 15:59:00,1.495,1.5,1.49,1.5,910
2026-01-09 09:30:00,1.5,1.505,1.5,1.5,285
2026-01-09 09:31:00,1.505,1.515,1.505,1.515,110
2026-01-09 09:32:00,1.515,1.515,1.515,1.515,4
2026-01-09 09:33:00,1.515,1.515,1.515,1.515,5
2026-01-09 09:34:00,1.52,1.52,1.515,1.515,143
2026-01-09 09:35:00,1.52,1.525,1.52,1.525,100
2026-01-09 09:36:00,1.52,1.5215,1.52,1.5215,113
2026-01-09 09:37:00,1.525,1.525,1.52,1.525,55
2026-01-09 09:38:00,1.52,1.5201,1.52,1.52,51
2026-01-09 09:39:00,1.52,1.52,1.52,1.52,4
2026-01-09 09:40:00,1.52,1.525,1.52,1.525,15
2026-01-09 09:41:00,1.52,1.5299,1.52,1.52,60
2026-01-09 09:42:00,1.52,1.5235,1.52,1.5235,27
2026-01-09 09:43:00,1.52,1.525,1.52,1.52,71
2026-01-09 09:44:00,1.52,1.525,1.52,1.525,3
2026-01-09 09:45:00,1.52,1.52,1.5,1.5,306
2026-01-09 09:46:00,1.5,1.5,1.5,1.5,2
2026-01-09 09:47:00,1.5,1.505,1.5,1.5,157
2026-01-09 09:48:00,1.5,1.5094,1.495,1.495,84
2026-01-09 09:49:00,1.495,1.4988,1.49,1.495,17
2026-01-09 09:50:00,1.495,1.495,1.495,1.495,11
2026-01-09 09:51:00,1.4902,1.4902,1.4902,1.4902,20
2026-01-09 09:52:00,1.4961,1.4961,1.4961,1.4961,20
2026-01-09 09:53:00,1.49,1.5,1.49,1.5,58
2026-01-09 09:54:00,1.495,1.495,1.495,1.495,3
2026-01-09 09:55:00,1.495,1.495,1.495,1.495,20
2026-01-09 09:56:00,1.495,1.495,1.495,1.495,1
2026-01-09 09:57:00,1.495,1.495,1.495,1.495,0
2026-01-09 09:58:00,1.4997,1.4997,1.495,1.495,153
2026-01-09 09:59:00,1.495,1.495,1.495,1.495,42
2026-01-09 10:00:00,1.495,1.495,1.495,1.495,10
2026-01-09 10:01:00,1.495,1.495,1.495,1.495,0
2026-01-09 10:02:00,1.5,1.5,1.495,1.5,19
2026-01-09 10:03:00,1.5,1.5,1.495,1.5,119
2026-01-09 10:04:00,1.4902,1.5,1.4902,1.495,22
2026-01-09 10:05:00,1.495,1.5,1.495,1.495,16
2026-01-09 10:06:00,1.495,1.495,1.49,1.495,34
2026-01-09 10:07:00,1.495,1.5,1.49,1.495,18
2026-01-09 10:08:00,1.5,1.5,1.49,1.495,17
2026-01-09 10:09:00,1.495,1.495,1.4901,1.495,34
2026-01-09 10:10:00,1.49,1.5,1.49,1.5,15
2026-01-09 10:11:00,1.495,1.495,1.49,1.495,38
2026-01-09 10:12:00,1.495,1.495,1.48,1.49,444
2026-01-09 10:13:00,1.485,1.4854,1.485,1.4854,4
2026-01-09 10:14:00,1.485,1.4899,1.4802,1.4802,48
2026-01-09 10:15:00,1.485,1.49,1.48,1.49,33
2026-01-09 10:16:00,1.485,1.4879,1.485,1.485,70
2026-01-09 10:17:00,1.485,1.4884,1.485,1.4884,29
2026-01-09 10:18:00,1.48,1.48,1.48,1.48,1
2026-01-09 10:19:00,1.485,1.4851,1.481,1.485,68
2026-01-09 10:20:00,1.4801,1.4898,1.48,1.48,123
2026-01-09 10:21:00,1.48,1.48,1.48,1.48,0
2026-01-09 10:22:00,1.48,1.48,1.48,1.48,1
2026-01-09 10:23:00,1.485,1.485,1.485,1.485,26
2026-01-09 10:24:00,1.49,1.49,1.485,1.485,61
2026-01-09 10:25:00,1.485,1.4855,1.485,1.485,69
2026-01-09 10:26:00,1.485,1.49,1.4846,1.489,82
2026-01-09 10:27:00,1.49,1.5,1.485,1.5,351
2026-01-09 10:28:00,1.5,1.5,1.4996,1.4996,16
2026-01-09 10:29:00,1.5,1.5,1.5,1.5,4
2026-01-09 10:30:00,1.495,1.5,1.4946,1.4998,186
2026-01-09 10:31:00,1.4998,1.5,1.495,1.495,22
2026-01-09 10:32:00,1.4999,1.5,1.495,1.5,55
2026-01-09 10:33:00,1.495,1.5,1.495,1.5,22
2026-01-09 10:34:00,1.4946,1.4946,1.4945,1.4945,19
2026-01-09 10:35:00,1.5,1.5,1.4955,1.4999,305
2026-01-09 10:36:00,1.5,1.505,1.5,1.505,162
2026-01-09 10:37:00,1.505,1.5055,1.5,1.505,41
2026-01-09 10:38:00,1.505,1.505,1.5,1.505,11
2026-01-09 10:39:00,1.505,1.505,1.5032,1.5032,34
2026-01-09 10:40:00,1.505,1.505,1.5036,1.505,20
2026-01-09 10:41:00,1.505,1.505,1.5003,1.5003,46
2026-01-09 10:42:00,1.505,1.505,1.5,1.505,49
2026-01-09 10:43:00,1.51,1.51,1.505,1.505,5
2026-01-09 10:44:00,1.505,1.505,1.5001,1.5001,526
2026-01-09 10:45:00,1.505,1.505,1.5029,1.5029,36
2026-01-09 10:46:00,1.505,1.505,1.505,1.505,3
2026-01-09 10:47:00,1.51,1.51,1.502,1.505,23
2026-01-09 10:48:00,1.5099,1.5099,1.502,1.502,9
2026-01-09 10:49:00,1.505,1.505,1.505,1.505,4
2026-01-09 10:50:00,1.505,1.5097,1.5004,1.5004,160
2026-01-09 10:51:00,1.505,1.51,1.5,1.505,72
2026-01-09 10:52:00,1.505,1.505,1.505,1.505,10
2026-01-09 10:53:00,1.5,1.505,1.5,1.505,5
2026-01-09 10:54:00,1.505,1.505,1.505,1.505,4
2026-01-09 10:55:00,1.505,1.505,1.505,1.505,5
2026-01-09 10:56:00,1.505,1.505,1.505,1.505,9
2026-01-09 10:57:00,1.505,1.505,1.5,1.505,13
2026-01-09 10:58:00,1.505,1.505,1.505,1.505,3
2026-01-09 10:59:00,1.505,1.505,1.5,1.505,12
2026-01-09 11:00:00,1.505,1.505,1.5,1.505,34
2026-01-09 11:01:00,1.505,1.505,1.505,1.505,7
2026-01-09 11:02:00,1.505,1.505,1.5,1.505,15
2026-01-09 11:03:00,1.505,1.505,1.505,1.505,4
2026-01-09 11:04:00,1.505,1.51,1.505,1.505,24
2026-01-09 11:05:00,1.505,1.51,1.505,1.51,6
2026-01-09 11:06:00,1.505,1.5058,1.5045,1.505,21
2026-01-09 11:07:00,1.505,1.5099,1.5046,1.505,24
2026-01-09 11:08:00,1.505,1.505,1.5046,1.505,25
2026-01-09 11:09:00,1.51,1.51,1.5046,1.505,68
2026-01-09 11:10:00,1.505,1.505,1.5,1.5046,22
2026-01-09 11:11:00,1.5099,1.51,1.5035,1.5046,70
2026-01-09 11:12:00,1.51,1.51,1.505,1.51,12
2026-01-09 11:13:00,1.51,1.51,1.5,1.51,134
2026-01-09 11:14:00,1.505,1.51,1.505,1.51,19
2026-01-09 11:15:00,1.51,1.51,1.5035,1.51,25
2026-01-09 11:16:00,1.51,1.51,1.505,1.51,17
2026-01-09 11:17:00,1.51,1.51,1.505,1.51,14
2026-01-09 11:18:00,1.51,1.51,1.505,1.505,11
2026-01-09 11:19:00,1.51,1.51,1.505,1.505,9
2026-01-09 11:20:00,1.505,1.51,1.505,1.505,57
2026-01-09 11:21:00,1.51,1.52,1.51,1.5199,958
2026-01-09 11:22:00,1.515,1.52,1.515,1.52,14
2026-01-09 11:23:00,1.51,1.515,1.51,1.515,9
2026-01-09 11:24:00,1.515,1.515,1.515,1.515,3
2026-01-09 11:25:00,1.515,1.5159,1.515,1.515,32
2026-01-09 11:26:00,1.515,1.52,1.515,1.515,11
2026-01-09 11:27:00,1.515,1.515,1.515,1.515,4
2026-01-09 11:28:00,1.515,1.515,1.51,1.515,45
2026-01-09 11:29:00,1.515,1.515,1.515,1.515,35
2026-01-09 11:30:00,1.515,1.52,1.515,1.515,36
2026-01-09 11:31:00,1.515,1.52,1.515,1.515,10
2026-01-09 11:32:00,1.515,1.52,1.5145,1.515,23
2026-01-09 11:33:00,1.52,1.52,1.51,1.51,34
2026-01-09 11:34:00,1.515,1.515,1.51,1.51,267
2026-01-09 11:35:00,1.5169,1.5199,1.51,1.515,61
2026-01-09 11:36:00,1.515,1.5199,1.51,1.51,19
2026-01-09 11:37:00,1.51,1.515,1.51,1.514,43
2026-01-09 11:38:00,1.515,1.515,1.515,1.515,26
2026-01-09 11:39:00,1.515,1.515,1.515,1.515,5
2026-01-09 11:40:00,1.515,1.515,1.515,1.515,13
2026-01-09 11:41:00,1.515,1.52,1.515,1.515,8
2026-01-09 11:42:00,1.515,1.52,1.515,1.515,13
2026-01-09 11:43:00,1.515,1.52,1.515,1.5198,25
2026-01-09 11:44:00,1.52,1.52,1.515,1.515,13
2026-01-09 11:45:00,1.52,1.52,1.515,1.52,22
2026-01-09 11:46:00,1.52,1.52,1.515,1.515,19
2026-01-09 11:47:00,1.515,1.52,1.515,1.515,11
2026-01-09 11:48:00,1.515,1.515,1.515,1.515,11
2026-01-09 11:49:00,1.515,1.5173,1.51,1.515,19
2026-01-09 11:50:00,1.515,1.52,1.515,1.515,20
2026-01-09 11:51:00,1.515,1.5199,1.51,1.515,24
2026-01-09 11:52:00,1.515,1.52,1.51,1.51,30
2026-01-09 11:53:00,1.515,1.515,1.515,1.515,9
2026-01-09 11:54:00,1.515,1.515,1.51,1.515,10
2026-01-09 11:55:00,1.515,1.515,1.51,1.515,37
2026-01-09 11:56:00,1.515,1.515,1.51,1.51,6
2026-01-09 11:57:00,1.515,1.515,1.51,1.51,50
2026-01-09 11:58:00,1.515,1.515,1.515,1.515,3
2026-01-09 11:59:00,1.515,1.5199,1.51,1.515,35
2026-01-09 12:00:00,1.515,1.52,1.51,1.515,19
2026-01-09 12:01:00,1.515,1.515,1.515,1.515,7
2026-01-09 12:02:00,1.515,1.515,1.515,1.515,9
2026-01-09 12:03:00,1.515,1.525,1.515,1.52,184
2026-01-09 12:04:00,1.525,1.525,1.525,1.525,4
2026-01-09 12:05:00,1.525,1.525,1.525,1.525,4
2026-01-09 12:06:00,1.525,1.525,1.525,1.525,6
2026-01-09 12:07:00,1.525,1.525,1.5212,1.525,9
2026-01-09 12:08:00,1.525,1.53,1.525,1.525,12
2026-01-09 12:09:00,1.525,1.525,1.525,1.525,24
2026-01-09 12:10:00,1.525,1.525,1.525,1.525,10
2026-01-09 12:11:00,1.525,1.525,1.525,1.525,10
2026-01-09 12:12:00,1.525,1.525,1.525,1.525,3
2026-01-09 12:13:00,1.52,1.525,1.52,1.525,16
2026-01-09 12:14:00,1.525,1.525,1.525,1.525,4
2026-01-09 12:15:00,1.525,1.525,1.525,1.525,27
2026-01-09 12:16:00,1.52,1.525,1.52,1.525,2
2026-01-09 12:17:00,1.525,1.525,1.5242,1.525,31
2026-01-09 12:18:00,1.525,1.525,1.5242,1.5242,34
2026-01-09 12:19:00,1.525,1.525,1.5201,1.5201,35
2026-01-09 12:20:00,1.525,1.528,1.525,1.525,18
2026-01-09 12:21:00,1.525,1.53,1.525,1.53,5
2026-01-09 12:22:00,1.525,1.53,1.525,1.525,6
2026-01-09 12:23:00,1.53,1.53,1.525,1.525,2
2026-01-09 12:24:00,1.53,1.53,1.53,1.53,117
2026-01-09 12:25:00,1.525,1.53,1.525,1.525,3
2026-01-09 12:26:00,1.53,1.53,1.525,1.53,6
2026-01-09 12:27:00,1.5291,1.53,1.5291,1.53,10
2026-01-09 12:28:00,1.53,1.53,1.53,1.53,1
2026-01-09 12:29:00,1.53,1.53,1.53,1.53,4
2026-01-09 12:30:00,1.53,1.53,1.53,1.53,0
2026-01-09 12:31:00,1.53,1.53,1.53,1.53,6
2026-01-09 12:32:00,1.53,1.54,1.525,1.54,332
2026-01-09 12:33:00,1.535,1.54,1.535,1.54,54
2026-01-09 12:34:00,1.5399,1.54,1.535,1.535,60
2026-01-09 12:35:00,1.5399,1.54,1.5399,1.54,14
2026-01-09 12:36:00,1.535,1.535,1.535,1.535,86
2026-01-09 12:37:00,1.535,1.535,1.5346,1.5346,71
2026-01-09 12:38:00,1.535,1.54,1.535,1.535,6
2026-01-09 12:39:00,1.535,1.535,1.535,1.535,9
2026-01-09 12:40:00,1.535,1.5399,1.535,1.535,15
2026-01-09 12:41:00,1.535,1.54,1.535,1.535,7
2026-01-09 12:42:00,1.535,1.5394,1.535,1.535,33
2026-01-09 12:43:00,1.535,1.535,1.535,1.535,24
2026-01-09 12:44:00,1.535,1.535,1.53,1.535,85
2026-01-09 12:45:00,1.535,1.535,1.535,1.535,10
2026-01-09 12:46:00,1.535,1.535,1.535,1.535,9
2026-01-09 12:47:00,1.54,1.54,1.535,1.535,76
2026-01-09 12:48:00,1.535,1.54,1.535,1.535,21
2026-01-09 12:49:00,1.535,1.535,1.53,1.535,27
2026-01-09 12:50:00,1.54,1.54,1.535,1.535,9
2026-01-09 12:51:00,1.5389,1.54,1.535,1.535,177
2026-01-09 12:52:00,1.535,1.54,1.535,1.54,91
2026-01-09 12:53:00,1.535,1.54,1.535,1.54,13
2026-01-09 12:54:00,1.535,1.54,1.535,1.54,3
2026-01-09 12:55:00,1.535,1.535,1.535,1.535,16
2026-01-09 12:56:00,1.535,1.535,1.535,1.535,36
2026-01-09 12:57:00,1.535,1.535,1.535,1.535,8
2026-01-09 12:58:00,1.535,1.5399,1.535,1.535,44
2026-01-09 12:59:00,1.54,1.54,1.535,1.54,696
2026-01-09 13:00:00,1.54,1.54,1.535,1.535,67
2026-01-09 13:01:00,1.535,1.535,1.535,1.535,104
2026-01-09 13:02:00,1.5353,1.5353,1.535,1.535,10
2026-01-09 13:03:00,1.535,1.535,1.535,1.535,53
2026-01-09 13:04:00,1.535,1.54,1.535,1.54,16
2026-01-09 13:05:00,1.535,1.535,1.53,1.535,89
2026-01-09 13:06:00,1.535,1.535,1.535,1.535,12
2026-01-09 13:07:00,1.535,1.54,1.535,1.535,22
2026-01-09 13:08:00,1.535,1.535,1.535,1.535,12
2026-01-09 13:09:00,1.53,1.535,1.53,1.535,11
2026-01-09 13:10:00,1.535,1.535,1.535,1.535,82
2026-01-09 13:11:00,1.535,1.54,1.535,1.535,10
2026-01-09 13:12:00,1.535,1.535,1.535,1.535,8
2026-01-09 13:13:00,1.535,1.535,1.5301,1.535,39
2026-01-09 13:14:00,1.53,1.54,1.53,1.535,75
2026-01-09 13:15:00,1.535,1.535,1.53,1.535,8
2026-01-09 13:16:00,1.535,1.535,1.53,1.53,12
2026-01-09 13:17:00,1.535,1.54,1.535,1.535,63
2026-01-09 13:18:00,1.53,1.54,1.53,1.53,14
2026-01-09 13:19:00,1.535,1.535,1.53,1.535,16
2026-01-09 13:20:00,1.535,1.535,1.535,1.535,8
2026-01-09 13:21:00,1.535,1.535,1.53,1.535,15
2026-01-09 13:22:00,1.535,1.54,1.535,1.535,20
2026-01-09 13:23:00,1.535,1.54,1.535,1.54,5
2026-01-09 13:24:00,1.54,1.54,1.535,1.54,12
2026-01-09 13:25:00,1.535,1.54,1.53,1.54,12
2026-01-09 13:26:00,1.535,1.54,1.53,1.535,11
2026-01-09 13:27:00,1.535,1.54,1.535,1.54,11
2026-01-09 13:28:00,1.535,1.54,1.53,1.53,9
2026-01-09 13:29:00,1.54,1.54,1.535,1.535,14
2026-01-09 13:30:00,1.54,1.54,1.5302,1.535,81
2026-01-09 13:31:00,1.535,1.54,1.53,1.54,12
2026-01-09 13:32:00,1.535,1.54,1.535,1.535,13
2026-01-09 13:33:00,1.5357,1.54,1.535,1.535,25
2026-01-09 13:34:00,1.535,1.54,1.535,1.535,32
2026-01-09 13:35:00,1.535,1.54,1.535,1.535,57
2026-01-09 13:36:00,1.54,1.54,1.535,1.535,18
2026-01-09 13:37:00,1.535,1.535,1.535,1.535,16
2026-01-09 13:38:00,1.54,1.54,1.535,1.535,5
2026-01-09 13:39:00,1.535,1.535,1.535,1.535,12
2026-01-09 13:40:00,1.53,1.535,1.53,1.53,25
2026-01-09 13:41:00,1.53,1.535,1.53,1.535,18
2026-01-09 13:42:00,1.54,1.54,1.535,1.535,4
2026-01-09 13:43:00,1.54,1.54,1.535,1.535,10
2026-01-09 13:44:00,1.535,1.54,1.535,1.54,9
2026-01-09 13:45:00,1.54,1.54,1.535,1.5354,37
2026-01-09 13:46:00,1.54,1.54,1.535,1.535,15
2026-01-09 13:47:00,1.535,1.54,1.535,1.54,13
2026-01-09 13:48:00,1.535,1.535,1.5344,1.5344,17
2026-01-09 13:49:00,1.535,1.535,1.535,1.535,9
2026-01-09 13:50:00,1.53,1.5313,1.52,1.52,441
2026-01-09 13:51:00,1.5219,1.5219,1.52,1.52,13
2026-01-09 13:52:00,1.525,1.525,1.525,1.525,1
2026-01-09 13:53:00,1.525,1.525,1.525,1.525,1
2026-01-09 13:54:00,1.525,1.5268,1.52,1.5268,14
2026-01-09 13:55:00,1.525,1.525,1.525,1.525,1
2026-01-09 13:56:00,1.53,1.53,1.52,1.52,32
2026-01-09 13:57:00,1.525,1.5252,1.52,1.525,16
2026-01-09 13:58:00,1.525,1.525,1.52,1.52,25
2026-01-09 13:59:00,1.52,1.5268,1.52,1.5268,166
2026-01-09 14:00:00,1.525,1.525,1.525,1.525,53
2026-01-09 14:01:00,1.525,1.525,1.52,1.52,57
2026-01-09 14:02:00,1.52,1.52,1.52,1.52,2
2026-01-09 14:03:00,1.52,1.53,1.52,1.53,11
2026-01-09 14:04:00,1.53,1.53,1.52,1.53,3
2026-01-09 14:05:00,1.53,1.53,1.52,1.53,11
2026-01-09 14:06:00,1.52,1.525,1.52,1.525,2
2026-01-09 14:07:00,1.525,1.525,1.525,1.525,2
2026-01-09 14:08:00,1.52,1.525,1.52,1.525,11
2026-01-09 14:09:00,1.52,1.525,1.52,1.525,7
2026-01-09 14:10:00,1.52,1.525,1.52,1.525,31
2026-01-09 14:11:00,1.52,1.53,1.52,1.525,16
2026-01-09 14:12:00,1.525,1.53,1.525,1.53,8
2026-01-09 14:13:00,1.52,1.53,1.52,1.52,16
2026-01-09 14:14:00,1.53,1.53,1.52,1.53,3
2026-01-09 14:15:00,1.52,1.52,1.52,1.52,8
2026-01-09 14:16:00,1.52,1.525,1.52,1.525,2
2026-01-09 14:17:00,1.525,1.525,1.52,1.525,7
2026-01-09 14:18:00,1.52,1.52,1.52,1.52,10
2026-01-09 14:19:00,1.52,1.53,1.52,1.53,3
2026-01-09 14:20:00,1.52,1.53,1.52,1.525,4
2026-01-09 14:21:00,1.52,1.52,1.52,1.52,1
2026-01-09 14:22:00,1.52,1.52,1.52,1.52,122
2026-01-09 14:23:00,1.52,1.525,1.52,1.525,2
2026-01-09 14:24:00,1.525,1.53,1.52,1.52,3
2026-01-09 14:25:00,1.525,1.525,1.52,1.52,3
2026-01-09 14:26:00,1.525,1.525,1.52,1.52,2
2026-01-09 14:27:00,1.52,1.525,1.52,1.525,33
2026-01-09 14:28:00,1.52,1.525,1.52,1.52,8
2026-01-09 14:29:00,1.52,1.5299,1.52,1.525,59
2026-01-09 14:30:00,1.5201,1.5201,1.51,1.51,647
2026-01-09 14:31:00,1.51,1.515,1.51,1.515,89
2026-01-09 14:32:00,1.515,1.515,1.51,1.51,8
2026-01-09 14:33:00,1.51,1.51,1.51,1.51,0
2026-01-09 14:34:00,1.515,1.515,1.515,1.515,1
2026-01-09 14:35:00,1.515,1.515,1.515,1.515,0
2026-01-09 14:36:00,1.51,1.515,1.51,1.515,9
2026-01-09 14:37:00,1.515,1.515,1.515,1.515,4
2026-01-09 14:38:00,1.515,1.52,1.515,1.52,2
2026-01-09 14:39:00,1.52,1.52,1.515,1.515,117
2026-01-09 14:40:00,1.515,1.52,1.515,1.52,2
2026-01-09 14:41:00,1.5132,1.515,1.51,1.51,59
2026-01-09 14:42:00,1.51,1.515,1.51,1.51,50
2026-01-09 14:43:00,1.52,1.52,1.515,1.515,11
2026-01-09 14:44:00,1.52,1.52,1.51,1.515,11
2026-01-09 14:45:00,1.51,1.52,1.51,1.52,6
2026-01-09 14:46:00,1.5137,1.52,1.51,1.51,78
2026-01-09 14:47:00,1.515,1.515,1.51,1.51,18
2026-01-09 14:48:00,1.51,1.51,1.51,1.51,2
2026-01-09 14:49:00,1.515,1.52,1.51,1.515,33
2026-01-09 14:50:00,1.51,1.52,1.51,1.52,7
2026-01-09 14:51:00,1.51,1.52,1.51,1.52,6
2026-01-09 14:52:00,1.52,1.52,1.51,1.52,7
2026-01-09 14:53:00,1.51,1.52,1.51,1.52,33
2026-01-09 14:54:00,1.52,1.52,1.51,1.51,6
2026-01-09 14:55:00,1.52,1.52,1.51,1.515,143
2026-01-09 14:56:00,1.51,1.52,1.51,1.51,4
2026-01-09 14:57:00,1.52,1.52,1.51,1.511,13
2026-01-09 14:58:00,1.51,1.52,1.51,1.515,62
2026-01-09 14:59:00,1.51,1.52,1.51,1.52,15
2026-01-09 15:00:00,1.51,1.52,1.51,1.52,3
2026-01-09 15:01:00,1.515,1.52,1.5127,1.52,13
2026-01-09 15:02:00,1.515,1.52,1.515,1.515,50
2026-01-09 15:03:00,1.52,1.52,1.51,1.51,3
2026-01-09 15:04:00,1.51,1.51,1.51,1.51,2
2026-01-09 15:05:00,1.51,1.52,1.51,1.52,3
2026-01-09 15:06:00,1.51,1.52,1.51,1.51,11
2026-01-09 15:07:00,1.52,1.52,1.51,1.52,5
2026-01-09 15:08:00,1.51,1.52,1.51,1.52,31
2026-01-09 15:09:00,1.514,1.52,1.51,1.51,22
2026-01-09 15:10:00,1.51,1.52,1.51,1.51,77
2026-01-09 15:11:00,1.52,1.52,1.52,1.52,3
2026-01-09 15:12:00,1.5101,1.52,1.51,1.51,16
2026-01-09 15:13:00,1.51,1.52,1.51,1.52,10
2026-01-09 15:14:00,1.51,1.52,1.51,1.52,4
2026-01-09 15:15:00,1.51,1.52,1.51,1.515,3
2026-01-09 15:16:00,1.52,1.52,1.51,1.5115,12
2026-01-09 15:17:00,1.52,1.52,1.51,1.515,17
2026-01-09 15:18:00,1.5146,1.52,1.51,1.51,46
2026-01-09 15:19:00,1.51,1.52,1.51,1.51,7
2026-01-09 15:20:00,1.5146,1.52,1.51,1.51,23
2026-01-09 15:21:00,1.51,1.52,1.51,1.515,74
2026-01-09 15:22:00,1.515,1.52,1.51,1.51,19
2026-01-09 15:23:00,1.51,1.52,1.51,1.51,64
2026-01-09 15:24:00,1.51,1.52,1.51,1.515,401
2026-01-09 15:25:00,1.51,1.52,1.51,1.52,4
2026-01-09 15:26:00,1.5194,1.52,1.5194,1.52,5
2026-01-09 15:27:00,1.51,1.52,1.51,1.52,6
2026-01-09 15:28:00,1.51,1.52,1.51,1.52,6
2026-01-09 15:29:00,1.52,1.52,1.51,1.51,47
2026-01-09 15:30:00,1.52,1.52,1.51,1.52,10
2026-01-09 15:31:00,1.52,1.52,1.51,1.52,15
2026-01-09 15:32:00,1.51,1.52,1.51,1.52,4
2026-01-09 15:33:00,1.52,1.52,1.51,1.52,9
2026-01-09 15:34:00,1.515,1.515,1.5146,1.515,40
2026-01-09 15:35:00,1.52,1.52,1.52,1.52,11
2026-01-09 15:36:00,1.5145,1.52,1.5145,1.515,24
2026-01-09 15:37:00,1.515,1.515,1.51,1.51,20
2026-01-09 15:38:00,1.515,1.52,1.51,1.52,720
2026-01-09 15:39:00,1.515,1.52,1.515,1.52,37
2026-01-09 15:40:00,1.51,1.52,1.51,1.52,6
2026-01-09 15:41:00,1.515,1.515,1.515,1.515,90
2026-01-09 15:42:00,1.515,1.515,1.515,1.515,7
2026-01-09 15:43:00,1.51,1.52,1.51,1.52,9
2026-01-09 15:44:00,1.52,1.52,1.52,1.52,5
2026-01-09 15:45:00,1.515,1.52,1.515,1.515,180
2026-01-09 15:46:00,1.515,1.52,1.515,1.515,53
2026-01-09 15:47:00,1.515,1.52,1.515,1.52,586
2026-01-09 15:48:00,1.52,1.52,1.515,1.52,13
2026-01-09 15:49:00,1.515,1.52,1.515,1.515,11
2026-01-09 15:50:00,1.52,1.52,1.514,1.52,36
2026-01-09 15:51:00,1.52,1.52,1.515,1.52,46
2026-01-09 15:52:00,1.52,1.52,1.5101,1.52,77
2026-01-09 15:53:00,1.52,1.53,1.52,1.525,1255
2026-01-09 15:54:00,1.53,1.53,1.525,1.53,38
2026-01-09 15:55:00,1.525,1.53,1.52,1.53,456
2026-01-09 15:56:00,1.53,1.53,1.5201,1.525,511
2026-01-09 15:57:00,1.53,1.53,1.5201,1.5201,88
2026-01-09 15:58:00,1.525,1.53,1.52,1.525,1081
2026-01-09 15:59:00,1.525,1.53,1.52,1.525,993
2026-01-12 09:30:00,1.49,1.49,1.45,1.45,2468
2026-01-12 09:31:00,1.45,1.45,1.44,1.445,364
2026-01-12 09:32:00,1.44,1.445,1.43,1.435,382
2026-01-12 09:33:00,1.435,1.435,1.43,1.43,256
2026-01-12 09:34:00,1.43,1.43,1.4,1.4005,1208
2026-01-12 09:35:00,1.4,1.41,1.4,1.4097,736
2026-01-12 09:36:00,1.4088,1.41,1.4,1.405,392
2026-01-12 09:37:00,1.4099,1.41,1.4001,1.4066,320
2026-01-12 09:38:00,1.405,1.41,1.4,1.4,1015
2026-01-12 09:39:00,1.4097,1.4097,1.4,1.405,58
2026-01-12 09:40:00,1.405,1.41,1.4045,1.41,305
2026-01-12 09:41:00,1.415,1.415,1.4,1.405,545
2026-01-12 09:42:00,1.405,1.41,1.4045,1.405,410
2026-01-12 09:43:00,1.41,1.41,1.4,1.4008,486
2026-01-12 09:44:00,1.4094,1.4094,1.39,1.3902,544
2026-01-12 09:45:00,1.3946,1.395,1.38,1.385,182
2026-01-12 09:46:00,1.3894,1.3894,1.38,1.385,149
2026-01-12 09:47:00,1.38,1.385,1.38,1.3806,72
2026-01-12 09:48:00,1.38,1.39,1.38,1.3898,522
2026-01-12 09:49:00,1.385,1.389,1.38,1.3888,114
2026-01-12 09:50:00,1.385,1.39,1.38,1.385,457
2026-01-12 09:51:00,1.385,1.3899,1.3801,1.385,179
2026-01-12 09:52:00,1.385,1.395,1.3845,1.395,503
2026-01-12 09:53:00,1.395,1.41,1.3943,1.409,407
2026-01-12 09:54:00,1.41,1.42,1.41,1.415,274
2026-01-12 09:55:00,1.4199,1.4199,1.4012,1.405,559
2026-01-12 09:56:00,1.4087,1.4199,1.405,1.4145,254
2026-01-12 09:57:00,1.415,1.42,1.4116,1.4142,112
2026-01-12 09:58:00,1.42,1.42,1.4146,1.415,232
2026-01-12 09:59:00,1.4199,1.42,1.41,1.415,240
2026-01-12 10:00:00,1.415,1.4199,1.41,1.415,131
2026-01-12 10:01:00,1.41,1.41,1.4,1.4,264
2026-01-12 10:02:00,1.405,1.405,1.4,1.4,36
2026-01-12 10:03:00,1.405,1.405,1.4,1.4,50
2026-01-12 10:04:00,1.405,1.41,1.4,1.405,61
2026-01-12 10:05:00,1.405,1.409,1.4,1.405,71
2026-01-12 10:06:00,1.4068,1.4068,1.39,1.395,1096
2026-01-12 10:07:00,1.395,1.3997,1.39,1.395,111
2026-01-12 10:08:00,1.3946,1.3998,1.39,1.399,85
2026-01-12 10:09:00,1.3934,1.3934,1.385,1.385,445
2026-01-12 10:10:00,1.3898,1.39,1.38,1.38,362
2026-01-12 10:11:00,1.385,1.3894,1.38,1.385,47
2026-01-12 10:12:00,1.385,1.3899,1.38,1.3899,175
2026-01-12 10:13:00,1.38,1.385,1.38,1.385,6
2026-01-12 10:14:00,1.385,1.39,1.38,1.385,312
2026-01-12 10:15:00,1.3846,1.385,1.3846,1.385,73
2026-01-12 10:16:00,1.39,1.3999,1.39,1.395,344
2026-01-12 10:17:00,1.395,1.4,1.39,1.3994,70
2026-01-12 10:18:00,1.395,1.4,1.3911,1.395,30
2026-01-12 10:19:00,1.395,1.3998,1.391,1.3998,281
2026-01-12 10:20:00,1.395,1.4,1.39,1.396,86
2026-01-12 10:21:00,1.3937,1.395,1.39,1.395,58
2026-01-12 10:22:00,1.39,1.395,1.39,1.395,25
2026-01-12 10:23:00,1.39,1.395,1.39,1.395,238
2026-01-12 10:24:00,1.4,1.4,1.3946,1.3999,181
2026-01-12 10:25:00,1.395,1.4,1.394,1.3987,295
2026-01-12 10:26:00,1.395,1.4,1.39,1.395,194
2026-01-12 10:27:00,1.4,1.4,1.3947,1.395,55
2026-01-12 10:28:00,1.4,1.4,1.3901,1.3901,106
2026-01-12 10:29:00,1.3994,1.4,1.3902,1.3906,92
2026-01-12 10:30:00,1.395,1.395,1.395,1.395,10
2026-01-12 10:31:00,1.395,1.395,1.39,1.3912,26
2026-01-12 10:32:00,1.3959,1.3959,1.39,1.3901,72
2026-01-12 10:33:00,1.395,1.395,1.395,1.395,62
2026-01-12 10:34:00,1.39,1.3987,1.39,1.39,293
2026-01-12 10:35:00,1.4,1.4,1.38,1.385,450
2026-01-12 10:36:00,1.38,1.39,1.38,1.3848,76
2026-01-12 10:37:00,1.3821,1.39,1.38,1.3811,62
2026-01-12 10:38:00,1.385,1.39,1.38,1.385,135
2026-01-12 10:39:00,1.38,1.3898,1.38,1.3898,38
2026-01-12 10:40:00,1.385,1.385,1.38,1.38,29
2026-01-12 10:41:00,1.385,1.39,1.38,1.3801,47
2026-01-12 10:42:00,1.385,1.3855,1.385,1.385,47
2026-01-12 10:43:00,1.385,1.3875,1.385,1.385,22
2026-01-12 10:44:00,1.385,1.39,1.385,1.385,24
2026-01-12 10:45:00,1.3875,1.3875,1.385,1.385,23
2026-01-12 10:46:00,1.385,1.3899,1.38,1.38,38
2026-01-12 10:47:00,1.385,1.385,1.38,1.385,27
2026-01-12 10:48:00,1.385,1.385,1.38,1.385,35
2026-01-12 10:49:00,1.385,1.39,1.38,1.38,34
2026-01-12 10:50:00,1.3859,1.3859,1.38,1.38,4
2026-01-12 10:51:00,1.38,1.385,1.38,1.385,35
2026-01-12 10:52:00,1.385,1.3898,1.38,1.38,14
2026-01-12 10:53:00,1.385,1.385,1.3801,1.385,1038
2026-01-12 10:54:00,1.385,1.3887,1.38,1.3868,347
2026-01-12 10:55:00,1.385,1.39,1.375,1.375,1488
2026-01-12 10:56:00,1.375,1.38,1.375,1.375,66
2026-01-12 10:57:00,1.375,1.38,1.37,1.37,373
2026-01-12 10:58:00,1.375,1.3762,1.37,1.375,479
2026-01-12 10:59:00,1.375,1.3786,1.3701,1.3701,30
2026-01-12 11:00:00,1.38,1.38,1.37,1.375,43
2026-01-12 11:01:00,1.3706,1.375,1.37,1.37,47
2026-01-12 11:02:00,1.375,1.3799,1.3703,1.3714,78
2026-01-12 11:03:00,1.375,1.3795,1.37,1.375,839
2026-01-12 11:04:00,1.37,1.375,1.37,1.375,111
2026-01-12 11:05:00,1.379,1.379,1.37,1.375,23
2026-01-12 11:06:00,1.375,1.3789,1.37,1.3789,53
2026-01-12 11:07:00,1.3711,1.3787,1.37,1.375,166
2026-01-12 11:08:00,1.375,1.38,1.375,1.38,102
2026-01-12 11:09:00,1.375,1.3759,1.373,1.375,81
2026-01-12 11:10:00,1.37,1.375,1.37,1.37,39
2026-01-12 11:11:00,1.3796,1.3796,1.37,1.3785,7
2026-01-12 11:12:00,1.375,1.3763,1.37,1.37,109
2026-01-12 11:13:00,1.375,1.375,1.37,1.3701,43
2026-01-12 11:14:00,1.3702,1.375,1.37,1.375,47
2026-01-12 11:15:00,1.375,1.379,1.37,1.375,87
2026-01-12 11:16:00,1.375,1.375,1.375,1.375,16
2026-01-12 11:17:00,1.3799,1.3799,1.37,1.3701,59
2026-01-12 11:18:00,1.375,1.3793,1.375,1.375,18
2026-01-12 11:19:00,1.3799,1.3799,1.37,1.37,22
2026-01-12 11:20:00,1.375,1.375,1.37,1.375,97
2026-01-12 11:21:00,1.37,1.376,1.37,1.3703,418
2026-01-12 11:22:00,1.37,1.375,1.37,1.37,100
2026-01-12 11:23:00,1.375,1.375,1.37,1.375,140
2026-01-12 11:24:00,1.37,1.3799,1.37,1.3795,95
2026-01-12 11:25:00,1.37,1.379,1.37,1.375,115
2026-01-12 11:26:00,1.3787,1.3787,1.375,1.3759,7
2026-01-12 11:27:00,1.375,1.38,1.375,1.377,453
2026-01-12 11:28:00,1.375,1.3759,1.375,1.375,27
2026-01-12 11:29:00,1.375,1.3794,1.375,1.3794,17
2026-01-12 11:30:00,1.375,1.3799,1.37,1.3759,43
2026-01-12 11:31:00,1.3745,1.38,1.3745,1.375,169
2026-01-12 11:32:00,1.375,1.38,1.3701,1.3775,130
2026-01-12 11:33:00,1.3747,1.38,1.3747,1.375,68
2026-01-12 11:34:00,1.375,1.38,1.375,1.38,279
2026-01-12 11:35:00,1.3765,1.38,1.375,1.3775,616
2026-01-12 11:36:00,1.3788,1.38,1.375,1.38,109
2026-01-12 11:37:00,1.3756,1.38,1.375,1.3799,596
2026-01-12 11:38:00,1.3765,1.38,1.3705,1.38,309
2026-01-12 11:39:00,1.38,1.38,1.375,1.375,203
2026-01-12 11:40:00,1.375,1.39,1.375,1.385,1671
2026-01-12 11:41:00,1.385,1.3898,1.3849,1.385,56
2026-01-12 11:42:00,1.3899,1.39,1.385,1.39,85
2026-01-12 11:43:00,1.39,1.39,1.385,1.385,6
2026-01-12 11:44:00,1.385,1.39,1.385,1.3894,13
2026-01-12 11:45:00,1.385,1.39,1.385,1.385,95
2026-01-12 11:46:00,1.39,1.39,1.385,1.385,8
2026-01-12 11:47:00,1.385,1.385,1.385,1.385,41
2026-01-12 11:48:00,1.385,1.3872,1.38,1.385,185
2026-01-12 11:49:00,1.385,1.3894,1.38,1.38,41
2026-01-12 11:50:00,1.39,1.39,1.385,1.385,22
2026-01-12 11:51:00,1.385,1.385,1.385,1.385,10
2026-01-12 11:52:00,1.385,1.385,1.3844,1.3844,36
2026-01-12 11:53:00,1.385,1.385,1.38,1.385,54
2026-01-12 11:54:00,1.39,1.39,1.3806,1.3806,252
2026-01-12 11:55:00,1.3898,1.3898,1.38,1.385,69
2026-01-12 11:56:00,1.3801,1.3805,1.375,1.375,710
2026-01-12 11:57:00,1.38,1.38,1.375,1.375,10
2026-01-12 11:58:00,1.375,1.38,1.3708,1.3708,40
2026-01-12 11:59:00,1.375,1.375,1.375,1.375,1
2026-01-12 12:00:00,1.38,1.38,1.37,1.375,30
2026-01-12 12:01:00,1.375,1.375,1.375,1.375,54
2026-01-12 12:02:00,1.37,1.375,1.37,1.3701,52
2026-01-12 12:03:00,1.37,1.38,1.37,1.38,370
2026-01-12 12:04:00,1.375,1.385,1.375,1.38,373
2026-01-12 12:05:00,1.38,1.385,1.38,1.385,11
2026-01-12 12:06:00,1.385,1.385,1.385,1.385,0
2026-01-12 12:07:00,1.3899,1.3899,1.3801,1.3801,44
2026-01-12 12:08:00,1.385,1.385,1.385,1.385,2
2026-01-12 12:09:00,1.385,1.385,1.3707,1.3707,657
2026-01-12 12:10:00,1.3798,1.3798,1.36,1.3698,1790
2026-01-12 12:11:00,1.3601,1.375,1.3601,1.3701,311
2026-01-12 12:12:00,1.3743,1.38,1.3701,1.375,300
2026-01-12 12:13:00,1.38,1.38,1.371,1.371,105
2026-01-12 12:14:00,1.375,1.38,1.375,1.38,43
2026-01-12 12:15:00,1.3798,1.38,1.37,1.375,91
2026-01-12 12:16:00,1.375,1.38,1.374,1.38,111
2026-01-12 12:17:00,1.3745,1.375,1.3745,1.375,18
2026-01-12 12:18:00,1.38,1.38,1.375,1.375,4
2026-01-12 12:19:00,1.375,1.375,1.375,1.375,22
2026-01-12 12:20:00,1.38,1.38,1.375,1.375,7
2026-01-12 12:21:00,1.375,1.38,1.375,1.378,219
2026-01-12 12:22:00,1.375,1.375,1.375,1.375,18
2026-01-12 12:23:00,1.38,1.38,1.375,1.375,32
2026-01-12 12:24:00,1.375,1.38,1.37,1.375,566
2026-01-12 12:25:00,1.38,1.3896,1.38,1.385,281
2026-01-12 12:26:00,1.385,1.385,1.38,1.38,12
2026-01-12 12:27:00,1.3837,1.385,1.3837,1.385,4
2026-01-12 12:28:00,1.382,1.385,1.38,1.385,161
2026-01-12 12:29:00,1.3822,1.3861,1.3801,1.3861,14
2026-01-12 12:30:00,1.3899,1.3899,1.385,1.3899,154
2026-01-12 12:31:00,1.39,1.39,1.385,1.385,371
2026-01-12 12:32:00,1.385,1.39,1.385,1.39,27
2026-01-12 12:33:00,1.385,1.39,1.385,1.39,136
2026-01-12 12:34:00,1.385,1.39,1.3804,1.385,71
2026-01-12 12:35:00,1.3803,1.385,1.3803,1.3842,47
2026-01-12 12:36:00,1.3848,1.3863,1.38,1.385,302
2026-01-12 12:37:00,1.385,1.385,1.385,1.385,9
2026-01-12 12:38:00,1.385,1.385,1.385,1.385,6
2026-01-12 12:39:00,1.385,1.3899,1.38,1.3801,38
2026-01-12 12:40:00,1.385,1.385,1.385,1.385,13
2026-01-12 12:41:00,1.39,1.39,1.3801,1.39,40
2026-01-12 12:42:00,1.385,1.3899,1.385,1.3899,21
2026-01-12 12:43:00,1.385,1.39,1.3806,1.39,18
2026-01-12 12:44:00,1.3899,1.3899,1.385,1.385,156
2026-01-12 12:45:00,1.385,1.39,1.385,1.385,14
2026-01-12 12:46:00,1.385,1.385,1.385,1.385,11
2026-01-12 12:47:00,1.385,1.3894,1.385,1.385,16
2026-01-12 12:48:00,1.38,1.385,1.38,1.38,106
2026-01-12 12:49:00,1.38,1.385,1.38,1.385,15
2026-01-12 12:50:00,1.385,1.385,1.385,1.385,14
2026-01-12 12:51:00,1.3846,1.385,1.3846,1.385,21
2026-01-12 12:52:00,1.385,1.39,1.38,1.3899,100
2026-01-12 12:53:00,1.3899,1.3899,1.3801,1.385,67
2026-01-12 12:54:00,1.385,1.39,1.3846,1.385,61
2026-01-12 12:55:00,1.388,1.39,1.38,1.3871,82
2026-01-12 12:56:00,1.385,1.39,1.3847,1.3847,71
2026-01-12 12:57:00,1.3899,1.39,1.385,1.385,121
2026-01-12 12:58:00,1.385,1.385,1.385,1.385,1
2026-01-12 12:59:00,1.3899,1.39,1.384,1.3894,62
2026-01-12 13:00:00,1.39,1.39,1.385,1.385,56
2026-01-12 13:01:00,1.3899,1.39,1.385,1.39,60
2026-01-12 13:02:00,1.3899,1.39,1.3849,1.39,93
2026-01-12 13:03:00,1.39,1.39,1.385,1.3894,44
2026-01-12 13:04:00,1.3899,1.39,1.3847,1.3891,35
2026-01-12 13:05:00,1.39,1.39,1.38,1.385,139
2026-01-12 13:06:00,1.385,1.385,1.385,1.385,25
2026-01-12 13:07:00,1.385,1.385,1.385,1.385,10
2026-01-12 13:08:00,1.385,1.385,1.38,1.38,18
2026-01-12 13:09:00,1.39,1.39,1.385,1.385,8
2026-01-12 13:10:00,1.3898,1.39,1.3806,1.385,55
2026-01-12 13:11:00,1.385,1.385,1.385,1.385,17
2026-01-12 13:12:00,1.39,1.39,1.38,1.385,62
2026-01-12 13:13:00,1.385,1.39,1.385,1.3898,58
2026-01-12 13:14:00,1.385,1.39,1.385,1.385,16
2026-01-12 13:15:00,1.385,1.385,1.385,1.385,2
2026-01-12 13:16:00,1.39,1.39,1.385,1.39,24
2026-01-12 13:17:00,1.385,1.39,1.385,1.39,8
2026-01-12 13:18:00,1.39,1.39,1.384,1.3849,46
2026-01-12 13:19:00,1.385,1.39,1.3848,1.385,33
2026-01-12 13:20:00,1.384,1.39,1.384,1.385,107
2026-01-12 13:21:00,1.3899,1.3899,1.385,1.385,19
2026-01-12 13:22:00,1.39,1.39,1.3849,1.3899,163
2026-01-12 13:23:00,1.39,1.39,1.385,1.39,73
2026-01-12 13:24:00,1.385,1.39,1.3849,1.39,53
2026-01-12 13:25:00,1.3898,1.39,1.385,1.39,19
2026-01-12 13:26:00,1.3801,1.39,1.3801,1.39,96
2026-01-12 13:27:00,1.39,1.42,1.385,1.415,2677
2026-01-12 13:28:00,1.4101,1.42,1.41,1.42,466
2026-01-12 13:29:00,1.4194,1.4194,1.415,1.415,8
2026-01-12 13:30:00,1.41,1.42,1.41,1.415,72
2026-01-12 13:31:00,1.4101,1.4101,1.4101,1.4101,50
2026-01-12 13:32:00,1.415,1.415,1.415,1.415,30
2026-01-12 13:33:00,1.415,1.415,1.415,1.415,50
2026-01-12 13:34:00,1.415,1.42,1.415,1.415,50
2026-01-12 13:35:00,1.419,1.4194,1.41,1.4194,153
2026-01-12 13:36:00,1.415,1.42,1.415,1.4151,23
2026-01-12 13:37:00,1.415,1.415,1.415,1.415,4
2026-01-12 13:38:00,1.415,1.42,1.415,1.415,388
2026-01-12 13:39:00,1.415,1.42,1.415,1.415,9
2026-01-12 13:40:00,1.42,1.42,1.418,1.4194,103
2026-01-12 13:41:00,1.42,1.42,1.4199,1.4199,8
2026-01-12 13:42:00,1.4198,1.42,1.415,1.42,92
2026-01-12 13:43:00,1.415,1.42,1.415,1.42,21
2026-01-12 13:44:00,1.42,1.42,1.415,1.415,11
2026-01-12 13:45:00,1.42,1.42,1.415,1.415,91
2026-01-12 13:46:00,1.42,1.42,1.415,1.415,275
2026-01-12 13:47:00,1.42,1.42,1.415,1.42,9
2026-01-12 13:48:00,1.415,1.42,1.415,1.42,9
2026-01-12 13:49:00,1.415,1.42,1.415,1.42,307
2026-01-12 13:50:00,1.42,1.42,1.415,1.415,11
2026-01-12 13:51:00,1.415,1.42,1.4101,1.415,52
2026-01-12 13:52:00,1.4199,1.42,1.415,1.415,74
2026-01-12 13:53:00,1.415,1.425,1.415,1.425,128
2026-01-12 13:54:00,1.425,1.4287,1.425,1.4287,19
2026-01-12 13:55:00,1.43,1.43,1.425,1.4258,28
2026-01-12 13:56:00,1.43,1.43,1.425,1.425,10
2026-01-12 13:57:00,1.4299,1.43,1.425,1.4285,83
2026-01-12 13:58:00,1.425,1.43,1.4245,1.4245,74
2026-01-12 13:59:00,1.425,1.43,1.4201,1.4201,114
2026-01-12 14:00:00,1.425,1.43,1.425,1.425,16
2026-01-12 14:01:00,1.43,1.43,1.425,1.4299,30
2026-01-12 14:02:00,1.425,1.44,1.425,1.44,168
2026-01-12 14:03:00,1.44,1.45,1.4359,1.4464,121
2026-01-12 14:04:00,1.44,1.445,1.44,1.445,27
2026-01-12 14:05:00,1.445,1.445,1.445,1.445,3
2026-01-12 14:06:00,1.4449,1.45,1.4425,1.4425,58
2026-01-12 14:07:00,1.445,1.445,1.44,1.4404,466
2026-01-12 14:08:00,1.4427,1.445,1.44,1.44,371
2026-01-12 14:09:00,1.4415,1.4415,1.4402,1.4402,15
2026-01-12 14:10:00,1.445,1.445,1.43,1.435,442
2026-01-12 14:11:00,1.4394,1.44,1.43,1.43,409
2026-01-12 14:12:00,1.4301,1.435,1.4301,1.435,30
2026-01-12 14:13:00,1.43,1.4301,1.43,1.43,5
2026-01-12 14:14:00,1.4301,1.4301,1.43,1.43,32
2026-01-12 14:15:00,1.435,1.44,1.43,1.4301,14
2026-01-12 14:16:00,1.4301,1.435,1.4301,1.4301,10
2026-01-12 14:17:00,1.4301,1.4301,1.4301,1.4301,3
2026-01-12 14:18:00,1.43,1.435,1.43,1.435,3
2026-01-12 14:19:00,1.435,1.435,1.4301,1.4301,12
2026-01-12 14:20:00,1.43,1.4382,1.43,1.43,117
2026-01-12 14:21:00,1.435,1.435,1.425,1.425,135
2026-01-12 14:22:00,1.425,1.425,1.425,1.425,14
2026-01-12 14:23:00,1.4201,1.4201,1.4201,1.4201,394
2026-01-12 14:24:00,1.4201,1.4201,1.4201,1.4201,4
2026-01-12 14:25:00,1.4201,1.4201,1.4201,1.4201,0
2026-01-12 14:26:00,1.4201,1.4201,1.4201,1.4201,4
2026-01-12 14:27:00,1.425,1.425,1.425,1.425,3
2026-01-12 14:28:00,1.425,1.425,1.42,1.42,128
2026-01-12 14:29:00,1.4201,1.425,1.4201,1.425,23
2026-01-12 14:30:00,1.425,1.425,1.425,1.425,12
2026-01-12 14:31:00,1.425,1.43,1.425,1.425,112
2026-01-12 14:32:00,1.425,1.43,1.425,1.425,20
2026-01-12 14:33:00,1.425,1.425,1.4225,1.425,43
2026-01-12 14:34:00,1.425,1.425,1.425,1.425,6
2026-01-12 14:35:00,1.425,1.43,1.42,1.43,357
2026-01-12 14:36:00,1.42,1.42,1.42,1.42,1
2026-01-12 14:37:00,1.425,1.425,1.425,1.425,8
2026-01-12 14:38:00,1.4201,1.425,1.4201,1.425,42
2026-01-12 14:39:00,1.425,1.4265,1.425,1.4265,9
2026-01-12 14:40:00,1.42,1.4203,1.42,1.4203,105
2026-01-12 14:41:00,1.425,1.425,1.42,1.425,21
2026-01-12 14:42:00,1.4225,1.4225,1.4225,1.4225,3
2026-01-12 14:43:00,1.4201,1.425,1.4201,1.425,22
2026-01-12 14:44:00,1.425,1.425,1.4202,1.425,268
2026-01-12 14:45:00,1.425,1.425,1.4201,1.425,15
2026-01-12 14:46:00,1.425,1.425,1.4201,1.4201,17
2026-01-12 14:47:00,1.425,1.425,1.41,1.41,785
2026-01-12 14:48:00,1.41,1.415,1.41,1.41,123
2026-01-12 14:49:00,1.41,1.41,1.41,1.41,0
2026-01-12 14:50:00,1.415,1.415,1.415,1.415,9
2026-01-12 14:51:00,1.41,1.41,1.41,1.41,9
2026-01-12 14:52:00,1.41,1.415,1.41,1.415,216
2026-01-12 14:53:00,1.41,1.41,1.41,1.41,52
2026-01-12 14:54:00,1.415,1.415,1.41,1.4115,103
2026-01-12 14:55:00,1.4101,1.4101,1.4101,1.4101,35
2026-01-12 14:56:00,1.415,1.415,1.415,1.415,1
2026-01-12 14:57:00,1.4101,1.4101,1.41,1.4101,19
2026-01-12 14:58:00,1.4106,1.415,1.4106,1.415,34
2026-01-12 14:59:00,1.4101,1.4166,1.41,1.41,50
2026-01-12 15:00:00,1.4199,1.4199,1.415,1.415,3
2026-01-12 15:01:00,1.415,1.415,1.4101,1.4101,15
2026-01-12 15:02:00,1.4101,1.42,1.41,1.42,10
2026-01-12 15:03:00,1.4101,1.415,1.4101,1.4101,67
2026-01-12 15:04:00,1.41,1.4101,1.41,1.4101,37
2026-01-12 15:05:00,1.41,1.41,1.405,1.405,313
2026-01-12 15:06:00,1.4001,1.405,1.4,1.4,137
2026-01-12 15:07:00,1.4001,1.405,1.4001,1.405,45
2026-01-12 15:08:00,1.405,1.405,1.405,1.405,10
2026-01-12 15:09:00,1.405,1.405,1.405,1.405,9
2026-01-12 15:10:00,1.4001,1.405,1.4001,1.405,35
2026-01-12 15:11:00,1.4059,1.4099,1.405,1.405,53
2026-01-12 15:12:00,1.405,1.405,1.405,1.405,2
2026-01-12 15:13:00,1.405,1.405,1.405,1.405,18
2026-01-12 15:14:00,1.405,1.405,1.4,1.4,2
2026-01-12 15:15:00,1.405,1.41,1.4001,1.405,100
2026-01-12 15:16:00,1.4,1.405,1.4,1.405,4
2026-01-12 15:17:00,1.405,1.41,1.4,1.405,34
2026-01-12 15:18:00,1.4,1.41,1.4,1.405,27
2026-01-12 15:19:00,1.405,1.41,1.405,1.405,6
2026-01-12 15:20:00,1.405,1.405,1.405,1.405,43
2026-01-12 15:21:00,1.41,1.41,1.405,1.407,482
2026-01-12 15:22:00,1.405,1.41,1.405,1.4059,22
2026-01-12 15:23:00,1.405,1.4098,1.405,1.405,10
2026-01-12 15:24:00,1.405,1.41,1.4001,1.41,557
2026-01-12 15:25:00,1.405,1.41,1.4,1.4,31
2026-01-12 15:26:00,1.405,1.405,1.4,1.405,9
2026-01-12 15:27:00,1.4001,1.405,1.4,1.4,16
2026-01-12 15:28:00,1.405,1.4099,1.4001,1.405,198
2026-01-12 15:29:00,1.405,1.405,1.4046,1.405,21
2026-01-12 15:30:00,1.4001,1.405,1.4001,1.405,51
2026-01-12 15:31:00,1.401,1.401,1.401,1.401,3
2026-01-12 15:32:00,1.4001,1.41,1.4001,1.41,11
2026-01-12 15:33:00,1.41,1.41,1.4001,1.4001,228
2026-01-12 15:34:00,1.4001,1.4001,1.4001,1.4001,7
2026-01-12 15:35:00,1.4001,1.405,1.4,1.4,26
2026-01-12 15:36:00,1.4001,1.4001,1.4001,1.4001,7
2026-01-12 15:37:00,1.4,1.405,1.4,1.405,35
2026-01-12 15:38:00,1.405,1.405,1.405,1.405,3
2026-01-12 15:39:00,1.405,1.4089,1.4001,1.405,37
2026-01-12 15:40:00,1.405,1.41,1.4,1.405,517
2026-01-12 15:41:00,1.41,1.41,1.405,1.41,73
2026-01-12 15:42:00,1.4,1.42,1.4,1.415,543
2026-01-12 15:43:00,1.415,1.42,1.415,1.415,163
2026-01-12 15:44:00,1.415,1.42,1.4113,1.42,464
2026-01-12 15:45:00,1.42,1.42,1.415,1.415,50
2026-01-12 15:46:00,1.41,1.415,1.41,1.415,43
2026-01-12 15:47:00,1.415,1.415,1.41,1.415,125
2026-01-12 15:48:00,1.4101,1.42,1.41,1.415,72
2026-01-12 15:49:00,1.4101,1.42,1.41,1.415,259
2026-01-12 15:50:00,1.41,1.415,1.41,1.415,134
2026-01-12 15:51:00,1.415,1.415,1.41,1.41,31
2026-01-12 15:52:00,1.415,1.42,1.4101,1.4101,66
2026-01-12 15:53:00,1.415,1.42,1.4101,1.4101,40
2026-01-12 15:54:00,1.415,1.419,1.41,1.415,79
2026-01-12 15:55:00,1.4101,1.42,1.4101,1.415,162
2026-01-12 15:56:00,1.415,1.42,1.41,1.41,190
2026-01-12 15:57:00,1.4106,1.415,1.4,1.4001,1344
2026-01-12 15:58:00,1.4,1.4,1.39,1.395,454
2026-01-12 15:59:00,1.39,1.4,1.39,1.4,231
2026-01-13 09:30:00,1.41,1.41,1.4,1.4037,394
2026-01-13 09:31:00,1.405,1.405,1.4,1.405,240
2026-01-13 09:32:00,1.4005,1.4069,1.4,1.4,44
2026-01-13 09:33:00,1.4,1.4,1.36,1.365,816
2026-01-13 09:34:00,1.365,1.37,1.3601,1.3698,781
2026-01-13 09:35:00,1.365,1.37,1.365,1.3687,184
2026-01-13 09:36:00,1.3696,1.37,1.365,1.365,152
2026-01-13 09:37:00,1.3699,1.3699,1.3601,1.365,247
2026-01-13 09:38:00,1.365,1.37,1.3636,1.365,154
2026-01-13 09:39:00,1.365,1.37,1.3646,1.3699,136
2026-01-13 09:40:00,1.365,1.37,1.365,1.37,59
2026-01-13 09:41:00,1.365,1.37,1.36,1.3645,520
2026-01-13 09:42:00,1.36,1.37,1.36,1.365,110
2026-01-13 09:43:00,1.3601,1.365,1.36,1.365,83
2026-01-13 09:44:00,1.36,1.37,1.36,1.36,210
2026-01-13 09:45:00,1.36,1.36,1.36,1.36,0
2026-01-13 09:46:00,1.365,1.3699,1.36,1.36,240
2026-01-13 09:47:00,1.36,1.36,1.36,1.36,0
2026-01-13 09:48:00,1.37,1.37,1.35,1.3501,1492
2026-01-13 09:49:00,1.3501,1.36,1.3501,1.36,52
2026-01-13 09:50:00,1.3599,1.3599,1.3599,1.3599,4
2026-01-13 09:51:00,1.355,1.355,1.35,1.355,135
2026-01-13 09:52:00,1.3599,1.3599,1.35,1.355,345
2026-01-13 09:53:00,1.355,1.3559,1.3525,1.355,18
2026-01-13 09:54:00,1.35,1.3597,1.35,1.355,229
2026-01-13 09:55:00,1.36,1.36,1.355,1.355,23
2026-01-13 09:56:00,1.355,1.3599,1.35,1.3576,217
2026-01-13 09:57:00,1.36,1.36,1.3501,1.3501,10
2026-01-13 09:58:00,1.3545,1.36,1.3501,1.3501,30
2026-01-13 09:59:00,1.36,1.36,1.3501,1.36,269
2026-01-13 10:00:00,1.35,1.3554,1.35,1.35,35
2026-01-13 10:01:00,1.36,1.36,1.35,1.355,69
2026-01-13 10:02:00,1.3501,1.355,1.3501,1.355,117
2026-01-13 10:03:00,1.36,1.36,1.35,1.35,217
2026-01-13 10:04:00,1.3518,1.356,1.3501,1.355,83
2026-01-13 10:05:00,1.355,1.355,1.355,1.355,2
2026-01-13 10:06:00,1.3508,1.355,1.3501,1.355,22
2026-01-13 10:07:00,1.355,1.3599,1.35,1.3548,81
2026-01-13 10:08:00,1.35,1.355,1.3301,1.345,1530
2026-01-13 10:09:00,1.345,1.345,1.34,1.345,29
2026-01-13 10:10:00,1.345,1.345,1.343,1.343,12
2026-01-13 10:11:00,1.3499,1.35,1.33,1.33,327
2026-01-13 10:12:00,1.3301,1.3332,1.33,1.3332,206
2026-01-13 10:13:00,1.3301,1.3365,1.3301,1.3363,98
2026-01-13 10:14:00,1.3301,1.34,1.33,1.33,546
2026-01-13 10:15:00,1.335,1.335,1.335,1.335,10
2026-01-13 10:16:00,1.335,1.335,1.33,1.335,230
2026-01-13 10:17:00,1.335,1.3355,1.33,1.33,209
2026-01-13 10:18:00,1.3346,1.335,1.3314,1.335,21
2026-01-13 10:19:00,1.3301,1.335,1.32,1.325,778
2026-01-13 10:20:00,1.325,1.33,1.31,1.3199,1767
2026-01-13 10:21:00,1.32,1.3375,1.3166,1.335,842
2026-01-13 10:22:00,1.335,1.34,1.335,1.335,115
2026-01-13 10:23:00,1.3301,1.3359,1.3301,1.335,111
2026-01-13 10:24:00,1.33,1.3399,1.33,1.335,135
2026-01-13 10:25:00,1.335,1.34,1.335,1.34,18
2026-01-13 10:26:00,1.34,1.34,1.3346,1.335,49
2026-01-13 10:27:00,1.335,1.34,1.335,1.3389,61
2026-01-13 10:28:00,1.33,1.34,1.33,1.335,10
2026-01-13 10:29:00,1.33,1.34,1.33,1.34,49
2026-01-13 10:30:00,1.335,1.35,1.335,1.345,498
2026-01-13 10:31:00,1.345,1.3495,1.34,1.345,95
2026-01-13 10:32:00,1.345,1.345,1.345,1.345,10
2026-01-13 10:33:00,1.35,1.35,1.345,1.345,30
2026-01-13 10:34:00,1.35,1.35,1.348,1.35,13
2026-01-13 10:35:00,1.35,1.35,1.3401,1.35,15
2026-01-13 10:36:00,1.345,1.35,1.345,1.345,24
2026-01-13 10:37:00,1.345,1.35,1.3402,1.35,23
2026-01-13 10:38:00,1.3498,1.35,1.345,1.35,66
2026-01-13 10:39:00,1.35,1.35,1.345,1.35,8
2026-01-13 10:40:00,1.345,1.35,1.345,1.345,83
2026-01-13 10:41:00,1.345,1.345,1.345,1.345,5
2026-01-13 10:42:00,1.345,1.345,1.345,1.345,18
2026-01-13 10:43:00,1.345,1.345,1.345,1.345,5
2026-01-13 10:44:00,1.345,1.35,1.345,1.35,91
2026-01-13 10:45:00,1.3494,1.35,1.3426,1.3489,94
2026-01-13 10:46:00,1.345,1.345,1.3425,1.3425,21
2026-01-13 10:47:00,1.34,1.3435,1.34,1.3425,14
2026-01-13 10:48:00,1.345,1.345,1.34,1.345,6
2026-01-13 10:49:00,1.34,1.35,1.334,1.334,424
2026-01-13 10:50:00,1.33,1.34,1.33,1.34,25
2026-01-13 10:51:00,1.34,1.34,1.3302,1.335,7
2026-01-13 10:52:00,1.335,1.335,1.335,1.335,24
2026-01-13 10:53:00,1.33,1.335,1.33,1.333,128
2026-01-13 10:54:00,1.335,1.34,1.3301,1.335,137
2026-01-13 10:55:00,1.335,1.34,1.33,1.33,127
2026-01-13 10:56:00,1.335,1.3399,1.33,1.3347,32
2026-01-13 10:57:00,1.335,1.34,1.33,1.34,126
2026-01-13 10:58:00,1.335,1.335,1.33,1.335,32
2026-01-13 10:59:00,1.335,1.34,1.335,1.335,44
2026-01-13 11:00:00,1.335,1.34,1.33,1.335,130
2026-01-13 11:01:00,1.335,1.335,1.33,1.33,51
2026-01-13 11:02:00,1.335,1.3386,1.3301,1.335,21
2026-01-13 11:03:00,1.335,1.34,1.33,1.34,106
2026-01-13 11:04:00,1.33,1.335,1.33,1.335,21
2026-01-13 11:05:00,1.33,1.3399,1.33,1.3301,58
2026-01-13 11:06:00,1.335,1.335,1.33,1.33,127
2026-01-13 11:07:00,1.33,1.34,1.33,1.335,109
2026-01-13 11:08:00,1.33,1.335,1.33,1.33,178
2026-01-13 11:09:00,1.335,1.3395,1.33,1.3303,106
2026-01-13 11:10:00,1.33,1.3301,1.33,1.3301,66
2026-01-13 11:11:00,1.33,1.33,1.33,1.33,10
2026-01-13 11:12:00,1.33,1.33,1.3208,1.325,168
2026-01-13 11:13:00,1.32,1.325,1.32,1.3201,320
2026-01-13 11:14:00,1.325,1.33,1.32,1.325,69
2026-01-13 11:15:00,1.32,1.33,1.32,1.3255,59
2026-01-13 11:16:00,1.3259,1.3259,1.32,1.325,28
2026-01-13 11:17:00,1.32,1.33,1.32,1.325,62
2026-01-13 11:18:00,1.3264,1.33,1.32,1.32,57
2026-01-13 11:19:00,1.325,1.3287,1.32,1.325,70
2026-01-13 11:20:00,1.3246,1.325,1.32,1.32,31
2026-01-13 11:21:00,1.325,1.325,1.32,1.3201,30
2026-01-13 11:22:00,1.325,1.33,1.315,1.33,1185
2026-01-13 11:23:00,1.33,1.33,1.32,1.32,233
2026-01-13 11:24:00,1.325,1.3268,1.32,1.325,109
2026-01-13 11:25:00,1.325,1.325,1.325,1.325,2
2026-01-13 11:26:00,1.325,1.3254,1.325,1.3254,18
2026-01-13 11:27:00,1.32,1.325,1.32,1.325,19
2026-01-13 11:28:00,1.3299,1.33,1.3201,1.33,227
2026-01-13 11:29:00,1.33,1.33,1.32,1.325,204
2026-01-13 11:30:00,1.325,1.325,1.325,1.325,30
2026-01-13 11:31:00,1.325,1.325,1.325,1.325,5
2026-01-13 11:32:00,1.33,1.33,1.32,1.33,80
2026-01-13 11:33:00,1.33,1.33,1.325,1.33,321
2026-01-13 11:34:00,1.33,1.33,1.325,1.33,33
2026-01-13 11:35:00,1.325,1.33,1.325,1.33,616
2026-01-13 11:36:00,1.325,1.3299,1.32,1.3204,663
2026-01-13 11:37:00,1.325,1.325,1.325,1.325,4
2026-01-13 11:38:00,1.325,1.325,1.32,1.32,17
2026-01-13 11:39:00,1.32,1.322,1.315,1.315,77
2026-01-13 11:40:00,1.315,1.32,1.315,1.32,356
2026-01-13 11:41:00,1.32,1.32,1.31,1.315,632
2026-01-13 11:42:00,1.32,1.32,1.315,1.32,65
2026-01-13 11:43:00,1.315,1.32,1.31,1.32,133
2026-01-13 11:44:00,1.32,1.32,1.315,1.32,44
2026-01-13 11:45:00,1.315,1.32,1.315,1.3199,94
2026-01-13 11:46:00,1.315,1.3299,1.315,1.325,198
2026-01-13 11:47:00,1.325,1.3255,1.325,1.325,25
2026-01-13 11:48:00,1.33,1.33,1.325,1.33,23
2026-01-13 11:49:00,1.33,1.33,1.3245,1.33,47
2026-01-13 11:50:00,1.33,1.33,1.325,1.33,35
2026-01-13 11:51:00,1.33,1.33,1.3246,1.33,17
2026-01-13 11:52:00,1.325,1.33,1.325,1.33,50
2026-01-13 11:53:00,1.33,1.33,1.3247,1.33,55
2026-01-13 11:54:00,1.33,1.33,1.33,1.33,17
2026-01-13 11:55:00,1.325,1.33,1.3201,1.33,65
2026-01-13 11:56:00,1.33,1.33,1.325,1.33,57
2026-01-13 11:57:00,1.33,1.33,1.3211,1.325,90
2026-01-13 11:58:00,1.33,1.33,1.325,1.33,8
2026-01-13 11:59:00,1.325,1.33,1.325,1.33,71
2026-01-13 12:00:00,1.33,1.33,1.325,1.3255,16
2026-01-13 12:01:00,1.325,1.33,1.325,1.33,18
2026-01-13 12:02:00,1.325,1.335,1.325,1.335,102
2026-01-13 12:03:00,1.335,1.335,1.335,1.335,10
2026-01-13 12:04:00,1.335,1.3387,1.3325,1.335,15
2026-01-13 12:05:00,1.3365,1.3365,1.335,1.335,5
2026-01-13 12:06:00,1.33,1.335,1.33,1.335,9
2026-01-13 12:07:00,1.3351,1.3351,1.33,1.335,13
2026-01-13 12:08:00,1.3325,1.335,1.3325,1.335,3
2026-01-13 12:09:00,1.335,1.335,1.33,1.335,477
2026-01-13 12:10:00,1.335,1.335,1.33,1.335,18
2026-01-13 12:11:00,1.335,1.3395,1.33,1.335,9
2026-01-13 12:12:00,1.335,1.335,1.33,1.335,10
2026-01-13 12:13:00,1.33,1.3359,1.33,1.3325,34
2026-01-13 12:14:00,1.335,1.34,1.33,1.335,10
2026-01-13 12:15:00,1.3301,1.34,1.3301,1.335,91
2026-01-13 12:16:00,1.3311,1.335,1.3311,1.335,31
2026-01-13 12:17:00,1.335,1.335,1.335,1.335,73
2026-01-13 12:18:00,1.3386,1.3386,1.33,1.335,40
2026-01-13 12:19:00,1.335,1.335,1.3325,1.335,7
2026-01-13 12:20:00,1.3364,1.3399,1.335,1.335,281
2026-01-13 12:21:00,1.335,1.34,1.335,1.335,22
2026-01-13 12:22:00,1.34,1.34,1.335,1.34,4
2026-01-13 12:23:00,1.34,1.345,1.335,1.345,203
2026-01-13 12:24:00,1.345,1.35,1.345,1.345,5
2026-01-13 12:25:00,1.345,1.345,1.345,1.345,1
2026-01-13 12:26:00,1.345,1.345,1.34,1.345,20
2026-01-13 12:27:00,1.346,1.35,1.3401,1.345,117
2026-01-13 12:28:00,1.345,1.345,1.3401,1.345,67
2026-01-13 12:29:00,1.345,1.345,1.34,1.345,3
2026-01-13 12:30:00,1.34,1.35,1.34,1.345,179
2026-01-13 12:31:00,1.345,1.345,1.34,1.345,54
2026-01-13 12:32:00,1.3425,1.345,1.3425,1.345,7
2026-01-13 12:33:00,1.345,1.3499,1.34,1.345,123
2026-01-13 12:34:00,1.345,1.345,1.345,1.345,4
2026-01-13 12:35:00,1.345,1.345,1.34,1.34,13
2026-01-13 12:36:00,1.345,1.345,1.34,1.345,15
2026-01-13 12:37:00,1.3401,1.345,1.335,1.34,2458
2026-01-13 12:38:00,1.335,1.335,1.335,1.335,1
2026-01-13 12:39:00,1.33,1.33,1.33,1.33,2
2026-01-13 12:40:00,1.34,1.34,1.33,1.33,17
2026-01-13 12:41:00,1.34,1.34,1.34,1.34,4
2026-01-13 12:42:00,1.33,1.33,1.33,1.33,8
2026-01-13 12:43:00,1.3387,1.3387,1.33,1.33,4
2026-01-13 12:44:00,1.335,1.335,1.33,1.335,4
2026-01-13 12:45:00,1.335,1.3399,1.33,1.335,17
2026-01-13 12:46:00,1.335,1.335,1.33,1.335,51
2026-01-13 12:47:00,1.335,1.3395,1.33,1.335,71
2026-01-13 12:48:00,1.34,1.34,1.3301,1.335,101
2026-01-13 12:49:00,1.335,1.335,1.33,1.335,17
2026-01-13 12:50:00,1.335,1.3355,1.335,1.335,21
2026-01-13 12:51:00,1.335,1.335,1.3325,1.335,31
2026-01-13 12:52:00,1.335,1.34,1.335,1.335,14
2026-01-13 12:53:00,1.335,1.335,1.335,1.335,8
2026-01-13 12:54:00,1.335,1.335,1.3325,1.335,8
2026-01-13 12:55:00,1.335,1.335,1.335,1.335,6
2026-01-13 12:56:00,1.335,1.335,1.33,1.33,10
2026-01-13 12:57:00,1.335,1.335,1.33,1.335,6
2026-01-13 12:58:00,1.335,1.335,1.33,1.33,6
2026-01-13 12:59:00,1.335,1.335,1.3301,1.3325,25
2026-01-13 13:00:00,1.335,1.335,1.33,1.335,34
2026-01-13 13:01:00,1.335,1.34,1.33,1.335,827
2026-01-13 13:02:00,1.335,1.34,1.33,1.335,26
2026-01-13 13:03:00,1.335,1.335,1.3325,1.3325,5
2026-01-13 13:04:00,1.335,1.335,1.3346,1.335,17
2026-01-13 13:05:00,1.335,1.335,1.33,1.33,20
2026-01-13 13:06:00,1.3375,1.3395,1.335,1.335,15
2026-01-13 13:07:00,1.335,1.34,1.335,1.335,19
2026-01-13 13:08:00,1.335,1.3395,1.335,1.3395,6
2026-01-13 13:09:00,1.335,1.335,1.3325,1.3325,7
2026-01-13 13:10:00,1.335,1.335,1.335,1.335,5
2026-01-13 13:11:00,1.335,1.335,1.335,1.335,17
2026-01-13 13:12:00,1.335,1.335,1.3325,1.335,5
2026-01-13 13:13:00,1.335,1.335,1.335,1.335,7
2026-01-13 13:14:00,1.34,1.34,1.335,1.335,10
2026-01-13 13:15:00,1.335,1.335,1.335,1.335,4
2026-01-13 13:16:00,1.335,1.335,1.335,1.335,1
2026-01-13 13:17:00,1.335,1.335,1.335,1.335,28
2026-01-13 13:18:00,1.34,1.34,1.335,1.335,33
2026-01-13 13:19:00,1.335,1.335,1.335,1.335,5
2026-01-13 13:20:00,1.335,1.335,1.335,1.335,8
2026-01-13 13:21:00,1.335,1.335,1.3325,1.3325,6
2026-01-13 13:22:00,1.335,1.335,1.33,1.335,97
2026-01-13 13:23:00,1.335,1.34,1.335,1.335,11
2026-01-13 13:24:00,1.335,1.335,1.335,1.335,8
2026-01-13 13:25:00,1.34,1.34,1.335,1.335,3
2026-01-13 13:26:00,1.335,1.335,1.335,1.335,12
2026-01-13 13:27:00,1.335,1.335,1.335,1.335,2
2026-01-13 13:28:00,1.3351,1.3353,1.335,1.335,5
2026-01-13 13:29:00,1.335,1.335,1.335,1.335,5
2026-01-13 13:30:00,1.335,1.335,1.335,1.335,3
2026-01-13 13:31:00,1.335,1.335,1.335,1.335,6
2026-01-13 13:32:00,1.335,1.3399,1.33,1.33,123
2026-01-13 13:33:00,1.335,1.34,1.335,1.335,42
2026-01-13 13:34:00,1.335,1.34,1.33,1.335,17
2026-01-13 13:35:00,1.3314,1.34,1.3314,1.339,9
2026-01-13 13:36:00,1.335,1.335,1.335,1.335,3
2026-01-13 13:37:00,1.335,1.3399,1.335,1.3354,33
2026-01-13 13:38:00,1.335,1.34,1.335,1.34,2
2026-01-13 13:39:00,1.335,1.335,1.335,1.335,4
2026-01-13 13:40:00,1.335,1.34,1.335,1.34,6
2026-01-13 13:41:00,1.34,1.34,1.335,1.335,8
2026-01-13 13:42:00,1.335,1.335,1.335,1.335,20
2026-01-13 13:43:00,1.335,1.335,1.3346,1.335,18
2026-01-13 13:44:00,1.335,1.335,1.335,1.335,5
2026-01-13 13:45:00,1.335,1.335,1.335,1.335,2
2026-01-13 13:46:00,1.34,1.34,1.335,1.335,7
2026-01-13 13:47:00,1.335,1.335,1.335,1.335,15
2026-01-13 13:48:00,1.335,1.335,1.335,1.335,1
2026-01-13 13:49:00,1.335,1.3399,1.3346,1.335,80
2026-01-13 13:50:00,1.3348,1.34,1.3342,1.3342,7
2026-01-13 13:51:00,1.3394,1.34,1.335,1.335,150
2026-01-13 13:52:00,1.335,1.34,1.335,1.335,117
2026-01-13 13:53:00,1.34,1.35,1.34,1.35,253
2026-01-13 13:54:00,1.345,1.35,1.345,1.35,691
2026-01-13 13:55:00,1.345,1.35,1.345,1.35,13
2026-01-13 13:56:00,1.35,1.35,1.3401,1.35,68
2026-01-13 13:57:00,1.35,1.35,1.345,1.345,4
2026-01-13 13:58:00,1.345,1.35,1.345,1.345,4
2026-01-13 13:59:00,1.35,1.35,1.345,1.345,12
2026-01-13 14:00:00,1.35,1.36,1.345,1.355,839
2026-01-13 14:01:00,1.355,1.36,1.35,1.355,27
2026-01-13 14:02:00,1.355,1.355,1.3524,1.355,24
2026-01-13 14:03:00,1.355,1.355,1.35,1.35,19
2026-01-13 14:04:00,1.355,1.36,1.35,1.35,14
2026-01-13 14:05:00,1.35,1.36,1.35,1.36,273
2026-01-13 14:06:00,1.36,1.36,1.355,1.355,56
2026-01-13 14:07:00,1.355,1.355,1.3525,1.355,16
2026-01-13 14:08:00,1.355,1.355,1.355,1.355,28
2026-01-13 14:09:00,1.355,1.36,1.3532,1.355,8
2026-01-13 14:10:00,1.355,1.355,1.355,1.355,8
2026-01-13 14:11:00,1.355,1.36,1.355,1.355,4
2026-01-13 14:12:00,1.355,1.355,1.3525,1.355,7
2026-01-13 14:13:00,1.355,1.355,1.355,1.355,13
2026-01-13 14:14:00,1.355,1.36,1.355,1.355,17
2026-01-13 14:15:00,1.355,1.355,1.355,1.355,7
2026-01-13 14:16:00,1.355,1.36,1.355,1.355,10
2026-01-13 14:17:00,1.355,1.355,1.3501,1.355,15
2026-01-13 14:18:00,1.355,1.355,1.355,1.355,8
2026-01-13 14:19:00,1.355,1.36,1.355,1.355,7
2026-01-13 14:20:00,1.35,1.36,1.35,1.355,32
2026-01-13 14:21:00,1.355,1.36,1.3503,1.355,18
2026-01-13 14:22:00,1.355,1.36,1.355,1.355,30
2026-01-13 14:23:00,1.3586,1.3586,1.35,1.355,17
2026-01-13 14:24:00,1.355,1.36,1.355,1.355,7
2026-01-13 14:25:00,1.355,1.36,1.355,1.355,10
2026-01-13 14:26:00,1.355,1.355,1.355,1.355,12
2026-01-13 14:27:00,1.355,1.355,1.355,1.355,7
2026-01-13 14:28:00,1.355,1.3585,1.3525,1.355,11
2026-01-13 14:29:00,1.355,1.36,1.3527,1.355,7
2026-01-13 14:30:00,1.355,1.36,1.355,1.355,13
2026-01-13 14:31:00,1.355,1.355,1.35,1.355,73
2026-01-13 14:32:00,1.355,1.355,1.355,1.355,34
2026-01-13 14:33:00,1.355,1.355,1.355,1.355,16
2026-01-13 14:34:00,1.355,1.36,1.355,1.355,9
2026-01-13 14:35:00,1.355,1.3599,1.355,1.355,23
2026-01-13 14:36:00,1.3599,1.3599,1.355,1.355,17
2026-01-13 14:37:00,1.36,1.36,1.355,1.355,22
2026-01-13 14:38:00,1.355,1.36,1.355,1.36,5
2026-01-13 14:39:00,1.355,1.36,1.355,1.355,5
2026-01-13 14:40:00,1.355,1.36,1.35,1.355,73
2026-01-13 14:41:00,1.355,1.355,1.355,1.355,7
2026-01-13 14:42:00,1.355,1.36,1.355,1.355,10
2026-01-13 14:43:00,1.355,1.3568,1.355,1.355,16
2026-01-13 14:44:00,1.36,1.36,1.355,1.36,17
2026-01-13 14:45:00,1.36,1.36,1.355,1.355,15
2026-01-13 14:46:00,1.355,1.36,1.355,1.36,624
2026-01-13 14:47:00,1.36,1.36,1.36,1.36,19
2026-01-13 14:48:00,1.36,1.36,1.35,1.355,12
2026-01-13 14:49:00,1.355,1.36,1.355,1.36,19
2026-01-13 14:50:00,1.355,1.36,1.355,1.36,13
2026-01-13 14:51:00,1.36,1.37,1.355,1.365,165
2026-01-13 14:52:00,1.365,1.37,1.36,1.365,19
2026-01-13 14:53:00,1.365,1.37,1.365,1.365,43
2026-01-13 14:54:00,1.3609,1.37,1.3609,1.365,71
2026-01-13 14:55:00,1.365,1.365,1.365,1.365,9
2026-01-13 14:56:00,1.365,1.365,1.365,1.365,8
2026-01-13 14:57:00,1.365,1.37,1.3649,1.365,18
2026-01-13 14:58:00,1.37,1.37,1.365,1.365,9
2026-01-13 14:59:00,1.3685,1.3685,1.365,1.365,22
2026-01-13 15:00:00,1.37,1.37,1.3645,1.365,37
2026-01-13 15:01:00,1.368,1.37,1.365,1.37,72
2026-01-13 15:02:00,1.365,1.37,1.365,1.365,8
2026-01-13 15:03:00,1.37,1.37,1.365,1.365,5
2026-01-13 15:04:00,1.365,1.37,1.365,1.37,3
2026-01-13 15:05:00,1.365,1.37,1.365,1.365,104
2026-01-13 15:06:00,1.365,1.37,1.3646,1.365,29
2026-01-13 15:07:00,1.37,1.38,1.365,1.38,699
2026-01-13 15:08:00,1.38,1.38,1.38,1.38,9
2026-01-13 15:09:00,1.375,1.38,1.375,1.38,62
2026-01-13 15:10:00,1.38,1.38,1.375,1.375,128
2026-01-13 15:11:00,1.38,1.38,1.37,1.37,18
2026-01-13 15:12:00,1.375,1.38,1.375,1.38,44
2026-01-13 15:13:00,1.38,1.385,1.38,1.385,70
2026-01-13 15:14:00,1.3833,1.3864,1.3833,1.385,56
2026-01-13 15:15:00,1.38,1.39,1.375,1.3864,1177
2026-01-13 15:16:00,1.3888,1.39,1.385,1.385,28
2026-01-13 15:17:00,1.385,1.385,1.3825,1.385,18
2026-01-13 15:18:00,1.385,1.385,1.385,1.385,16
2026-01-13 15:19:00,1.385,1.39,1.385,1.39,11
2026-01-13 15:20:00,1.385,1.39,1.38,1.385,89
2026-01-13 15:21:00,1.385,1.385,1.385,1.385,14
2026-01-13 15:22:00,1.39,1.39,1.385,1.385,89
2026-01-13 15:23:00,1.385,1.39,1.385,1.39,13
2026-01-13 15:24:00,1.3846,1.39,1.3846,1.385,33
2026-01-13 15:25:00,1.385,1.39,1.385,1.385,34
2026-01-13 15:26:00,1.381,1.39,1.381,1.39,7
2026-01-13 15:27:00,1.385,1.39,1.385,1.385,28
2026-01-13 15:28:00,1.3854,1.3854,1.385,1.385,11
2026-01-13 15:29:00,1.385,1.385,1.385,1.385,13
2026-01-13 15:30:00,1.39,1.39,1.3801,1.385,16
2026-01-13 15:31:00,1.385,1.385,1.385,1.385,0
2026-01-13 15:32:00,1.385,1.39,1.385,1.385,24
2026-01-13 15:33:00,1.385,1.39,1.3821,1.385,49
2026-01-13 15:34:00,1.385,1.385,1.385,1.385,13
2026-01-13 15:35:00,1.385,1.385,1.3824,1.385,39
2026-01-13 15:36:00,1.385,1.39,1.385,1.39,28
2026-01-13 15:37:00,1.3825,1.3899,1.3825,1.385,31
2026-01-13 15:38:00,1.385,1.385,1.3846,1.385,51
2026-01-13 15:39:00,1.385,1.39,1.385,1.385,40
2026-01-13 15:40:00,1.385,1.39,1.385,1.385,29
2026-01-13 15:41:00,1.385,1.385,1.385,1.385,30
2026-01-13 15:42:00,1.385,1.385,1.385,1.385,37
2026-01-13 15:43:00,1.385,1.385,1.3825,1.385,13
2026-01-13 15:44:00,1.38,1.39,1.38,1.385,54
2026-01-13 15:45:00,1.385,1.39,1.38,1.385,160
2026-01-13 15:46:00,1.3825,1.385,1.38,1.385,63
2026-01-13 15:47:00,1.385,1.385,1.38,1.385,23
2026-01-13 15:48:00,1.385,1.39,1.38,1.3825,113
2026-01-13 15:49:00,1.385,1.39,1.38,1.385,81
2026-01-13 15:50:00,1.385,1.385,1.38,1.385,148
2026-01-13 15:51:00,1.385,1.39,1.38,1.385,116
2026-01-13 15:52:00,1.39,1.39,1.3823,1.385,153
2026-01-13 15:53:00,1.385,1.39,1.38,1.385,129
2026-01-13 15:54:00,1.385,1.39,1.385,1.385,179
2026-01-13 15:55:00,1.39,1.39,1.38,1.385,294
2026-01-13 15:56:00,1.385,1.39,1.38,1.38,174
2026-01-13 15:57:00,1.385,1.39,1.38,1.385,227
2026-01-13 15:58:00,1.385,1.39,1.38,1.38,325
2026-01-13 15:59:00,1.385,1.39,1.38,1.385,1235
2026-01-14 09:30:00,1.37,1.395,1.37,1.395,979
2026-01-14 09:31:00,1.39,1.3997,1.385,1.385,217
2026-01-14 09:32:00,1.3804,1.3804,1.37,1.37,199
2026-01-14 09:33:00,1.375,1.375,1.37,1.37,48
2026-01-14 09:34:00,1.37,1.375,1.36,1.36,132
2026-01-14 09:35:00,1.36,1.37,1.36,1.365,72
2026-01-14 09:36:00,1.365,1.365,1.365,1.365,21
2026-01-14 09:37:00,1.3684,1.3684,1.36,1.365,19
2026-01-14 09:38:00,1.364,1.365,1.35,1.3612,467
2026-01-14 09:39:00,1.365,1.365,1.36,1.361,38
2026-01-14 09:40:00,1.36,1.365,1.36,1.36,147
2026-01-14 09:41:00,1.36,1.36,1.36,1.36,14
2026-01-14 09:42:00,1.36,1.3654,1.36,1.36,43
2026-01-14 09:43:00,1.36,1.365,1.355,1.365,179
2026-01-14 09:44:00,1.36,1.365,1.36,1.36,24
2026-01-14 09:45:00,1.365,1.365,1.36,1.365,33
2026-01-14 09:46:00,1.365,1.37,1.36,1.37,140
2026-01-14 09:47:00,1.375,1.38,1.375,1.38,555
2026-01-14 09:48:00,1.379,1.4,1.375,1.395,589
2026-01-14 09:49:00,1.395,1.4,1.395,1.4,130
2026-01-14 09:50:00,1.3999,1.4,1.395,1.395,36
2026-01-14 09:51:00,1.4,1.4,1.39,1.4,207
2026-01-14 09:52:00,1.3986,1.3986,1.3901,1.395,42
2026-01-14 09:53:00,1.3912,1.4,1.3912,1.395,67
2026-01-14 09:54:00,1.395,1.41,1.3932,1.405,513
2026-01-14 09:55:00,1.405,1.405,1.404,1.404,17
2026-01-14 09:56:00,1.405,1.41,1.405,1.41,109
2026-01-14 09:57:00,1.4085,1.41,1.405,1.405,113
2026-01-14 09:58:00,1.41,1.41,1.405,1.41,122
2026-01-14 09:59:00,1.41,1.42,1.41,1.415,153
2026-01-14 10:00:00,1.415,1.415,1.415,1.415,17
2026-01-14 10:01:00,1.415,1.415,1.415,1.415,0
2026-01-14 10:02:00,1.415,1.415,1.415,1.415,0
2026-01-14 10:03:00,1.415,1.415,1.415,1.415,12
2026-01-14 10:04:00,1.4106,1.415,1.41,1.415,84
2026-01-14 10:05:00,1.41,1.4194,1.41,1.415,154
2026-01-14 10:06:00,1.4184,1.42,1.405,1.405,315
2026-01-14 10:07:00,1.405,1.405,1.4001,1.4001,9
2026-01-14 10:08:00,1.405,1.405,1.405,1.405,2
2026-01-14 10:09:00,1.405,1.4055,1.39,1.39,571
2026-01-14 10:10:00,1.39,1.395,1.39,1.39,37
2026-01-14 10:11:00,1.395,1.3999,1.39,1.39,15
2026-01-14 10:12:00,1.39,1.395,1.39,1.395,9
2026-01-14 10:13:00,1.395,1.395,1.395,1.395,20
2026-01-14 10:14:00,1.395,1.395,1.395,1.395,5
2026-01-14 10:15:00,1.395,1.395,1.395,1.395,38
2026-01-14 10:16:00,1.395,1.395,1.395,1.395,8
2026-01-14 10:17:00,1.395,1.395,1.395,1.395,9
2026-01-14 10:18:00,1.395,1.395,1.395,1.395,15
2026-01-14 10:19:00,1.39,1.39,1.39,1.39,4
2026-01-14 10:20:00,1.39,1.3987,1.39,1.39,9
2026-01-14 10:21:00,1.39,1.3906,1.39,1.39,58
2026-01-14 10:22:00,1.395,1.395,1.39,1.3926,36
2026-01-14 10:23:00,1.39,1.39,1.39,1.39,3
2026-01-14 10:24:00,1.39,1.395,1.39,1.395,14
2026-01-14 10:25:00,1.39,1.4,1.39,1.4,27
2026-01-14 10:26:00,1.4,1.4,1.39,1.3939,19
2026-01-14 10:27:00,1.395,1.4,1.39,1.39,50
2026-01-14 10:28:00,1.39,1.4,1.39,1.39,16
2026-01-14 10:29:00,1.4,1.4,1.39,1.395,8
2026-01-14 10:30:00,1.39,1.395,1.39,1.39,5
2026-01-14 10:31:00,1.39,1.39,1.39,1.39,7
2026-01-14 10:32:00,1.39,1.395,1.39,1.395,5
2026-01-14 10:33:00,1.39,1.39,1.39,1.39,8
2026-01-14 10:34:00,1.39,1.395,1.39,1.395,6
2026-01-14 10:35:00,1.39,1.39,1.385,1.385,311
2026-01-14 10:36:00,1.385,1.385,1.385,1.385,0
2026-01-14 10:37:00,1.38,1.39,1.37,1.38,1272
2026-01-14 10:38:00,1.3701,1.38,1.37,1.38,1359
2026-01-14 10:39:00,1.37,1.38,1.37,1.375,518
2026-01-14 10:40:00,1.3701,1.375,1.3701,1.375,20
2026-01-14 10:41:00,1.375,1.375,1.37,1.375,7
2026-01-14 10:42:00,1.375,1.375,1.37,1.37,34
2026-01-14 10:43:00,1.37,1.37,1.365,1.365,385
2026-01-14 10:44:00,1.36,1.365,1.36,1.365,23
2026-01-14 10:45:00,1.37,1.37,1.365,1.365,2
2026-01-14 10:46:00,1.365,1.365,1.365,1.365,6
2026-01-14 10:47:00,1.365,1.3687,1.3602,1.3687,4
2026-01-14 10:48:00,1.365,1.365,1.365,1.365,2
2026-01-14 10:49:00,1.365,1.365,1.365,1.365,32
2026-01-14 10:50:00,1.36,1.36,1.36,1.36,4
2026-01-14 10:51:00,1.36,1.365,1.36,1.3613,10
2026-01-14 10:52:00,1.365,1.3658,1.36,1.36,32
2026-01-14 10:53:00,1.365,1.365,1.36,1.365,4
2026-01-14 10:54:00,1.365,1.365,1.36,1.365,16
2026-01-14 10:55:00,1.365,1.375,1.365,1.375,282
2026-01-14 10:56:00,1.375,1.38,1.375,1.375,20
2026-01-14 10:57:00,1.375,1.375,1.375,1.375,5
2026-01-14 10:58:00,1.375,1.375,1.375,1.375,24
2026-01-14 10:59:00,1.375,1.375,1.375,1.375,7
2026-01-14 11:00:00,1.375,1.375,1.375,1.375,13
2026-01-14 11:01:00,1.375,1.38,1.3748,1.3748,34
2026-01-14 11:02:00,1.375,1.375,1.375,1.375,14
2026-01-14 11:03:00,1.375,1.375,1.375,1.375,2
2026-01-14 11:04:00,1.375,1.375,1.3725,1.3725,63
2026-01-14 11:05:00,1.37,1.375,1.37,1.375,4
2026-01-14 11:06:00,1.37,1.375,1.37,1.375,2
2026-01-14 11:07:00,1.375,1.375,1.37,1.37,5
2026-01-14 11:08:00,1.375,1.375,1.365,1.365,291
2026-01-14 11:09:00,1.365,1.365,1.36,1.365,13
2026-01-14 11:10:00,1.3601,1.3601,1.36,1.36,53
2026-01-14 11:11:00,1.36,1.36,1.36,1.36,11
2026-01-14 11:12:00,1.365,1.365,1.36,1.36,494
2026-01-14 11:13:00,1.365,1.37,1.36,1.36,36
2026-01-14 11:14:00,1.365,1.365,1.365,1.365,15
2026-01-14 11:15:00,1.36,1.365,1.36,1.36,11
2026-01-14 11:16:00,1.365,1.365,1.36,1.36,131
2026-01-14 11:17:00,1.36,1.365,1.36,1.3646,69
2026-01-14 11:18:00,1.36,1.362,1.36,1.36,17
2026-01-14 11:19:00,1.365,1.365,1.36,1.36,16
2026-01-14 11:20:00,1.36,1.36,1.36,1.36,13
2026-01-14 11:21:00,1.36,1.365,1.36,1.365,13
2026-01-14 11:22:00,1.36,1.365,1.36,1.365,6
2026-01-14 11:23:00,1.36,1.36,1.36,1.36,9
2026-01-14 11:24:00,1.36,1.36,1.36,1.36,8
2026-01-14 11:25:00,1.36,1.36,1.36,1.36,4
2026-01-14 11:26:00,1.36,1.36,1.36,1.36,19
2026-01-14 11:27:00,1.36,1.365,1.36,1.365,6
2026-01-14 11:28:00,1.36,1.365,1.36,1.36,9
2026-01-14 11:29:00,1.36,1.365,1.36,1.365,6
2026-01-14 11:30:00,1.365,1.365,1.36,1.36,5
2026-01-14 11:31:00,1.36,1.365,1.36,1.365,6
2026-01-14 11:32:00,1.36,1.365,1.36,1.365,6
2026-01-14 11:33:00,1.36,1.365,1.36,1.36,66
2026-01-14 11:34:00,1.36,1.365,1.36,1.36,13
2026-01-14 11:35:00,1.36,1.365,1.36,1.36,8
2026-01-14 11:36:00,1.36,1.365,1.36,1.36,66
2026-01-14 11:37:00,1.36,1.36,1.36,1.36,9
2026-01-14 11:38:00,1.36,1.36,1.36,1.36,5
2026-01-14 11:39:00,1.36,1.3606,1.355,1.3601,205
2026-01-14 11:40:00,1.35,1.35,1.35,1.35,23
2026-01-14 11:41:00,1.3502,1.36,1.35,1.355,337
2026-01-14 11:42:00,1.355,1.355,1.3434,1.345,780
2026-01-14 11:43:00,1.345,1.345,1.345,1.345,5
2026-01-14 11:44:00,1.345,1.35,1.345,1.35,186
2026-01-14 11:45:00,1.35,1.35,1.35,1.35,0
2026-01-14 11:46:00,1.355,1.355,1.355,1.355,4
2026-01-14 11:47:00,1.3558,1.3558,1.355,1.355,10
2026-01-14 11:48:00,1.35,1.355,1.35,1.35,6
2026-01-14 11:49:00,1.355,1.355,1.35,1.3501,86
2026-01-14 11:50:00,1.35,1.355,1.35,1.35,39
2026-01-14 11:51:00,1.355,1.355,1.3504,1.3504,21
2026-01-14 11:52:00,1.35,1.35,1.35,1.35,4
2026-01-14 11:53:00,1.35,1.355,1.35,1.355,6
2026-01-14 11:54:00,1.355,1.355,1.35,1.355,16
2026-01-14 11:55:00,1.355,1.355,1.35,1.35,15
2026-01-14 11:56:00,1.35,1.35,1.345,1.3499,462
2026-01-14 11:57:00,1.345,1.35,1.3405,1.35,95
2026-01-14 11:58:00,1.345,1.35,1.3428,1.35,111
2026-01-14 11:59:00,1.3452,1.35,1.345,1.345,32
2026-01-14 12:00:00,1.3499,1.35,1.3499,1.3499,39
2026-01-14 12:01:00,1.3454,1.35,1.3446,1.3485,60
2026-01-14 12:02:00,1.345,1.35,1.345,1.35,53
2026-01-14 12:03:00,1.35,1.355,1.345,1.355,168
2026-01-14 12:04:00,1.355,1.355,1.355,1.355,0
2026-01-14 12:05:00,1.355,1.355,1.355,1.355,0
2026-01-14 12:06:00,1.355,1.355,1.355,1.355,151
2026-01-14 12:07:00,1.35,1.3587,1.35,1.3587,6
2026-01-14 12:08:00,1.355,1.355,1.35,1.35,4
2026-01-14 12:09:00,1.35,1.35,1.35,1.35,8
2026-01-14 12:10:00,1.35,1.36,1.35,1.36,5
2026-01-14 12:11:00,1.355,1.355,1.355,1.355,6
2026-01-14 12:12:00,1.355,1.36,1.355,1.36,13
2026-01-14 12:13:00,1.36,1.36,1.36,1.36,0
2026-01-14 12:14:00,1.355,1.355,1.355,1.355,3
2026-01-14 12:15:00,1.355,1.355,1.355,1.355,1
2026-01-14 12:16:00,1.355,1.355,1.35,1.355,6
2026-01-14 12:17:00,1.35,1.355,1.35,1.35,3
2026-01-14 12:18:00,1.355,1.355,1.35,1.355,117
2026-01-14 12:19:00,1.35,1.355,1.35,1.355,3
2026-01-14 12:20:00,1.35,1.355,1.35,1.35,15
2026-01-14 12:21:00,1.35,1.35,1.35,1.35,3
2026-01-14 12:22:00,1.35,1.3501,1.35,1.35,138
2026-01-14 12:23:00,1.35,1.355,1.35,1.355,2
2026-01-14 12:24:00,1.355,1.355,1.35,1.35,6
2026-01-14 12:25:00,1.355,1.355,1.35,1.355,159
2026-01-14 12:26:00,1.35,1.355,1.35,1.355,4
2026-01-14 12:27:00,1.35,1.355,1.35,1.35,24
2026-01-14 12:28:00,1.35,1.355,1.35,1.35,29
2026-01-14 12:29:00,1.35,1.355,1.35,1.3514,23
2026-01-14 12:30:00,1.3527,1.36,1.35,1.35,99
2026-01-14 12:31:00,1.355,1.355,1.35,1.35,27
2026-01-14 12:32:00,1.355,1.355,1.35,1.35,5
2026-01-14 12:33:00,1.35,1.35,1.35,1.35,0
2026-01-14 12:34:00,1.35,1.355,1.35,1.355,4
2026-01-14 12:35:00,1.355,1.355,1.355,1.355,0
2026-01-14 12:36:00,1.355,1.355,1.35,1.355,16
2026-01-14 12:37:00,1.3558,1.3558,1.35,1.355,27
2026-01-14 12:38:00,1.35,1.355,1.35,1.35,8
2026-01-14 12:39:00,1.35,1.3568,1.35,1.355,11
2026-01-14 12:40:00,1.355,1.355,1.355,1.355,13
2026-01-14 12:41:00,1.35,1.35,1.35,1.35,11
2026-01-14 12:42:00,1.355,1.355,1.355,1.355,75
2026-01-14 12:43:00,1.35,1.355,1.35,1.355,2
2026-01-14 12:44:00,1.35,1.355,1.35,1.35,3
2026-01-14 12:45:00,1.355,1.355,1.35,1.355,41
2026-01-14 12:46:00,1.355,1.355,1.355,1.355,1
2026-01-14 12:47:00,1.355,1.355,1.355,1.355,7
2026-01-14 12:48:00,1.355,1.355,1.355,1.355,5
2026-01-14 12:49:00,1.3501,1.355,1.35,1.35,52
2026-01-14 12:50:00,1.355,1.3551,1.355,1.3551,12
2026-01-14 12:51:00,1.355,1.36,1.355,1.355,10
2026-01-14 12:52:00,1.3599,1.36,1.355,1.36,43
2026-01-14 12:53:00,1.36,1.36,1.355,1.36,206
2026-01-14 12:54:00,1.36,1.36,1.36,1.36,5
2026-01-14 12:55:00,1.36,1.37,1.36,1.365,135
2026-01-14 12:56:00,1.365,1.365,1.365,1.365,3
2026-01-14 12:57:00,1.3614,1.3614,1.3614,1.3614,1
2026-01-14 12:58:00,1.365,1.365,1.365,1.365,121
2026-01-14 12:59:00,1.365,1.37,1.365,1.37,4
2026-01-14 13:00:00,1.37,1.37,1.37,1.37,8
2026-01-14 13:01:00,1.37,1.37,1.37,1.37,5
2026-01-14 13:02:00,1.37,1.37,1.37,1.37,7
2026-01-14 13:03:00,1.37,1.37,1.37,1.37,4
2026-01-14 13:04:00,1.37,1.37,1.37,1.37,1
2026-01-14 13:05:00,1.37,1.37,1.36,1.36,80
2026-01-14 13:06:00,1.37,1.37,1.37,1.37,4
2026-01-14 13:07:00,1.37,1.37,1.37,1.37,1
2026-01-14 13:08:00,1.37,1.37,1.37,1.37,5
2026-01-14 13:09:00,1.37,1.37,1.37,1.37,39
2026-01-14 13:10:00,1.365,1.37,1.365,1.365,3
2026-01-14 13:11:00,1.365,1.365,1.365,1.365,2
2026-01-14 13:12:00,1.365,1.37,1.365,1.37,6
2026-01-14 13:13:00,1.37,1.37,1.37,1.37,0
2026-01-14 13:14:00,1.3699,1.37,1.365,1.37,22
2026-01-14 13:15:00,1.37,1.37,1.37,1.37,1
2026-01-14 13:16:00,1.37,1.37,1.37,1.37,2
2026-01-14 13:17:00,1.37,1.37,1.37,1.37,2
2026-01-14 13:18:00,1.3699,1.37,1.365,1.37,490
2026-01-14 13:19:00,1.37,1.37,1.365,1.365,2
2026-01-14 13:20:00,1.3697,1.37,1.3697,1.37,19
2026-01-14 13:21:00,1.37,1.37,1.37,1.37,1
2026-01-14 13:22:00,1.37,1.37,1.37,1.37,2
2026-01-14 13:23:00,1.365,1.365,1.365,1.365,2
2026-01-14 13:24:00,1.37,1.37,1.37,1.37,2
2026-01-14 13:25:00,1.37,1.37,1.365,1.365,42
2026-01-14 13:26:00,1.365,1.37,1.365,1.365,4
2026-01-14 13:27:00,1.365,1.365,1.365,1.365,11
2026-01-14 13:28:00,1.365,1.365,1.365,1.365,3
2026-01-14 13:29:00,1.365,1.365,1.365,1.365,2
2026-01-14 13:30:00,1.365,1.365,1.365,1.365,56
2026-01-14 13:31:00,1.365,1.37,1.365,1.37,2
2026-01-14 13:32:00,1.365,1.365,1.365,1.365,1
2026-01-14 13:33:00,1.365,1.37,1.365,1.37,5
2026-01-14 13:34:00,1.365,1.3663,1.365,1.365,56
2026-01-14 13:35:00,1.365,1.365,1.365,1.365,26
2026-01-14 13:36:00,1.365,1.365,1.36,1.365,27
2026-01-14 13:37:00,1.365,1.365,1.365,1.365,7
2026-01-14 13:38:00,1.365,1.365,1.365,1.365,1
2026-01-14 13:39:00,1.365,1.365,1.36,1.365,76
2026-01-14 13:40:00,1.362,1.362,1.362,1.362,1
2026-01-14 13:41:00,1.37,1.37,1.37,1.37,1
2026-01-14 13:42:00,1.365,1.365,1.36,1.36,4
2026-01-14 13:43:00,1.36,1.365,1.36,1.36,11
2026-01-14 13:44:00,1.36,1.36,1.35,1.355,361
2026-01-14 13:45:00,1.355,1.355,1.3542,1.355,17
2026-01-14 13:46:00,1.355,1.36,1.3542,1.355,49
2026-01-14 13:47:00,1.355,1.36,1.355,1.355,67
2026-01-14 13:48:00,1.36,1.36,1.36,1.36,4
2026-01-14 13:49:00,1.35,1.355,1.35,1.355,24
2026-01-14 13:50:00,1.355,1.355,1.35,1.355,47
2026-01-14 13:51:00,1.36,1.36,1.355,1.355,5
2026-01-14 13:52:00,1.36,1.36,1.355,1.355,2
2026-01-14 13:53:00,1.36,1.36,1.3501,1.36,8
2026-01-14 13:54:00,1.36,1.36,1.355,1.36,9
2026-01-14 13:55:00,1.36,1.36,1.355,1.36,6
2026-01-14 13:56:00,1.36,1.365,1.355,1.3645,196
2026-01-14 13:57:00,1.365,1.365,1.365,1.365,3
2026-01-14 13:58:00,1.365,1.365,1.365,1.365,3
2026-01-14 13:59:00,1.365,1.37,1.3601,1.37,65
2026-01-14 14:00:00,1.37,1.37,1.365,1.365,6
2026-01-14 14:01:00,1.37,1.37,1.365,1.365,2
2026-01-14 14:02:00,1.3622,1.37,1.36,1.37,52
2026-01-14 14:03:00,1.365,1.365,1.365,1.365,48
2026-01-14 14:04:00,1.365,1.365,1.365,1.365,1
2026-01-14 14:05:00,1.3698,1.37,1.36,1.365,37
2026-01-14 14:06:00,1.365,1.365,1.365,1.365,6
2026-01-14 14:07:00,1.365,1.365,1.3645,1.365,12
2026-01-14 14:08:00,1.365,1.37,1.365,1.3665,8
2026-01-14 14:09:00,1.365,1.365,1.36,1.365,17
2026-01-14 14:10:00,1.365,1.365,1.365,1.365,9
2026-01-14 14:11:00,1.365,1.365,1.365,1.365,20
2026-01-14 14:12:00,1.365,1.37,1.365,1.365,4
2026-01-14 14:13:00,1.365,1.365,1.365,1.365,5
2026-01-14 14:14:00,1.365,1.365,1.365,1.365,1
2026-01-14 14:15:00,1.365,1.37,1.365,1.37,9
2026-01-14 14:16:00,1.365,1.365,1.365,1.365,11
2026-01-14 14:17:00,1.365,1.365,1.365,1.365,2
2026-01-14 14:18:00,1.365,1.365,1.365,1.365,1
2026-01-14 14:19:00,1.3699,1.3699,1.3699,1.3699,8
2026-01-14 14:20:00,1.37,1.37,1.365,1.365,7
2026-01-14 14:21:00,1.365,1.365,1.365,1.365,11
2026-01-14 14:22:00,1.365,1.365,1.365,1.365,1
2026-01-14 14:23:00,1.37,1.37,1.365,1.365,2
2026-01-14 14:24:00,1.365,1.365,1.36,1.36,44
2026-01-14 14:25:00,1.365,1.365,1.365,1.365,2
2026-01-14 14:26:00,1.365,1.365,1.364,1.3646,45
2026-01-14 14:27:00,1.36,1.36,1.36,1.36,1
2026-01-14 14:28:00,1.37,1.37,1.37,1.37,1
2026-01-14 14:29:00,1.3647,1.3647,1.3647,1.3647,1
2026-01-14 14:30:00,1.37,1.37,1.365,1.365,2
2026-01-14 14:31:00,1.365,1.365,1.365,1.365,18
2026-01-14 14:32:00,1.365,1.365,1.365,1.365,11
2026-01-14 14:33:00,1.365,1.365,1.3637,1.3637,26
2026-01-14 14:34:00,1.365,1.365,1.365,1.365,1
2026-01-14 14:35:00,1.365,1.365,1.365,1.365,3
2026-01-14 14:36:00,1.365,1.365,1.365,1.365,80
2026-01-14 14:37:00,1.37,1.37,1.365,1.365,9
2026-01-14 14:38:00,1.365,1.365,1.365,1.365,11
2026-01-14 14:39:00,1.365,1.365,1.36,1.365,9
2026-01-14 14:40:00,1.365,1.3685,1.365,1.3685,4
2026-01-14 14:41:00,1.365,1.365,1.365,1.365,6
2026-01-14 14:42:00,1.365,1.37,1.36,1.37,71
2026-01-14 14:43:00,1.365,1.365,1.365,1.365,1
2026-01-14 14:44:00,1.365,1.37,1.365,1.365,15
2026-01-14 14:45:00,1.3699,1.3699,1.365,1.365,8
2026-01-14 14:46:00,1.365,1.365,1.365,1.365,1
2026-01-14 14:47:00,1.365,1.365,1.36,1.3632,176
2026-01-14 14:48:00,1.365,1.37,1.3601,1.37,38
2026-01-14 14:49:00,1.365,1.365,1.365,1.365,1
2026-01-14 14:50:00,1.37,1.37,1.365,1.365,2
2026-01-14 14:51:00,1.37,1.37,1.36,1.36,2
2026-01-14 14:52:00,1.36,1.365,1.36,1.36,20
2026-01-14 14:53:00,1.36,1.36,1.36,1.36,0
2026-01-14 14:54:00,1.365,1.365,1.355,1.355,290
2026-01-14 14:55:00,1.355,1.36,1.355,1.355,71
2026-01-14 14:56:00,1.355,1.355,1.355,1.355,11
2026-01-14 14:57:00,1.36,1.36,1.355,1.36,147
2026-01-14 14:58:00,1.36,1.36,1.355,1.355,36
2026-01-14 14:59:00,1.3506,1.36,1.3506,1.36,64
2026-01-14 15:00:00,1.355,1.36,1.355,1.3566,62
2026-01-14 15:01:00,1.3566,1.3566,1.3566,1.3566,0
2026-01-14 15:02:00,1.36,1.36,1.355,1.36,75
2026-01-14 15:03:00,1.355,1.36,1.35,1.35,14
2026-01-14 15:04:00,1.355,1.36,1.355,1.355,14
2026-01-14 15:05:00,1.355,1.36,1.355,1.355,5
2026-01-14 15:06:00,1.36,1.36,1.355,1.355,9
2026-01-14 15:07:00,1.355,1.36,1.355,1.36,4
2026-01-14 15:08:00,1.36,1.37,1.36,1.365,241
2026-01-14 15:09:00,1.365,1.37,1.365,1.365,14
2026-01-14 15:10:00,1.36,1.3687,1.36,1.3687,11
2026-01-14 15:11:00,1.365,1.365,1.365,1.365,26
2026-01-14 15:12:00,1.365,1.365,1.365,1.365,1
2026-01-14 15:13:00,1.365,1.365,1.365,1.365,6
2026-01-14 15:14:00,1.365,1.365,1.365,1.365,1
2026-01-14 15:15:00,1.37,1.37,1.365,1.365,20
2026-01-14 15:16:00,1.365,1.365,1.365,1.365,10
2026-01-14 15:17:00,1.365,1.365,1.365,1.365,33
2026-01-14 15:18:00,1.365,1.365,1.36,1.365,10
2026-01-14 15:19:00,1.365,1.365,1.36,1.365,9
2026-01-14 15:20:00,1.365,1.37,1.365,1.37,46
2026-01-14 15:21:00,1.37,1.37,1.36,1.36,7
2026-01-14 15:22:00,1.365,1.365,1.36,1.365,91
2026-01-14 15:23:00,1.365,1.365,1.365,1.365,17
2026-01-14 15:24:00,1.365,1.365,1.365,1.365,5
2026-01-14 15:25:00,1.365,1.37,1.365,1.37,28
2026-01-14 15:26:00,1.365,1.37,1.365,1.365,10
2026-01-14 15:27:00,1.365,1.365,1.365,1.365,7
2026-01-14 15:28:00,1.36,1.3655,1.36,1.365,12
2026-01-14 15:29:00,1.365,1.365,1.365,1.365,15
2026-01-14 15:30:00,1.365,1.365,1.36,1.36,218
2026-01-14 15:31:00,1.365,1.37,1.36,1.365,20
2026-01-14 15:32:00,1.37,1.37,1.365,1.365,3
2026-01-14 15:33:00,1.365,1.365,1.36,1.365,5
2026-01-14 15:34:00,1.365,1.365,1.365,1.365,13
2026-01-14 15:35:00,1.365,1.365,1.36,1.36,541
2026-01-14 15:36:00,1.365,1.37,1.3625,1.365,33
2026-01-14 15:37:00,1.37,1.37,1.36,1.36,66
2026-01-14 15:38:00,1.365,1.37,1.36,1.365,28
2026-01-14 15:39:00,1.365,1.365,1.365,1.365,10
2026-01-14 15:40:00,1.3601,1.365,1.3601,1.365,56
2026-01-14 15:41:00,1.365,1.37,1.36,1.365,81
2026-01-14 15:42:00,1.36,1.37,1.36,1.365,44
2026-01-14 15:43:00,1.3658,1.37,1.365,1.365,155
2026-01-14 15:44:00,1.365,1.365,1.365,1.365,1
2026-01-14 15:45:00,1.365,1.37,1.365,1.365,26
2026-01-14 15:46:00,1.365,1.37,1.3632,1.365,16
2026-01-14 15:47:00,1.365,1.365,1.365,1.365,22
2026-01-14 15:48:00,1.365,1.37,1.365,1.365,9
2026-01-14 15:49:00,1.365,1.37,1.365,1.37,39
2026-01-14 15:50:00,1.365,1.37,1.365,1.365,91
2026-01-14 15:51:00,1.3692,1.37,1.36,1.365,61
2026-01-14 15:52:00,1.37,1.38,1.37,1.38,730
2026-01-14 15:53:00,1.375,1.38,1.375,1.375,83
2026-01-14 15:54:00,1.38,1.39,1.38,1.38,427
2026-01-14 15:55:00,1.3819,1.39,1.38,1.385,525
2026-01-14 15:56:00,1.385,1.39,1.38,1.38,51
2026-01-14 15:57:00,1.385,1.39,1.3801,1.385,176
2026-01-14 15:58:00,1.385,1.39,1.38,1.3825,1403
2026-01-14 15:59:00,1.385,1.385,1.37,1.375,1214
2026-01-15 09:30:00,1.38,1.3899,1.38,1.385,238
2026-01-15 09:31:00,1.385,1.39,1.385,1.39,117
2026-01-15 09:32:00,1.39,1.39,1.365,1.365,263
2026-01-15 09:33:00,1.365,1.365,1.365,1.365,1
2026-01-15 09:34:00,1.365,1.365,1.365,1.365,0
2026-01-15 09:35:00,1.36,1.36,1.36,1.36,43
2026-01-15 09:36:00,1.355,1.3584,1.35,1.35,14
2026-01-15 09:37:00,1.35,1.355,1.35,1.355,19
2026-01-15 09:38:00,1.355,1.355,1.355,1.355,14
2026-01-15 09:39:00,1.35,1.3599,1.35,1.35,155
2026-01-15 09:40:00,1.35,1.3567,1.35,1.355,46
2026-01-15 09:41:00,1.355,1.3587,1.355,1.3587,84
2026-01-15 09:42:00,1.355,1.36,1.355,1.36,67
2026-01-15 09:43:00,1.36,1.37,1.3598,1.365,233
2026-01-15 09:44:00,1.365,1.37,1.3612,1.3699,417
2026-01-15 09:45:00,1.37,1.39,1.3699,1.39,446
2026-01-15 09:46:00,1.39,1.39,1.38,1.385,297
2026-01-15 09:47:00,1.385,1.385,1.385,1.385,24
2026-01-15 09:48:00,1.385,1.385,1.385,1.385,0
2026-01-15 09:49:00,1.385,1.385,1.385,1.385,0
2026-01-15 09:50:00,1.3833,1.3833,1.38,1.38,11
2026-01-15 09:51:00,1.3801,1.3801,1.38,1.38,29
2026-01-15 09:52:00,1.38,1.38,1.38,1.38,29
2026-01-15 09:53:00,1.38,1.385,1.38,1.38,13
2026-01-15 09:54:00,1.38,1.38,1.37,1.37,303
2026-01-15 09:55:00,1.37,1.37,1.37,1.37,28
2026-01-15 09:56:00,1.37,1.37,1.37,1.37,24
2026-01-15 09:57:00,1.37,1.37,1.365,1.365,162
2026-01-15 09:58:00,1.365,1.3674,1.365,1.365,52
2026-01-15 09:59:00,1.3601,1.3601,1.36,1.36,226
2026-01-15 10:00:00,1.365,1.37,1.365,1.365,8
2026-01-15 10:01:00,1.365,1.365,1.365,1.365,2
2026-01-15 10:02:00,1.37,1.37,1.365,1.365,12
2026-01-15 10:03:00,1.365,1.365,1.365,1.365,1
2026-01-15 10:04:00,1.365,1.365,1.365,1.365,0
2026-01-15 10:05:00,1.365,1.365,1.365,1.365,1
2026-01-15 10:06:00,1.36,1.365,1.36,1.365,20
2026-01-15 10:07:00,1.365,1.365,1.36,1.365,6
2026-01-15 10:08:00,1.36,1.37,1.36,1.3645,25
2026-01-15 10:09:00,1.3699,1.3699,1.3699,1.3699,372
2026-01-15 10:10:00,1.3616,1.365,1.3616,1.365,7
2026-01-15 10:11:00,1.36,1.365,1.36,1.365,2
2026-01-15 10:12:00,1.36,1.365,1.36,1.365,29
2026-01-15 10:13:00,1.365,1.365,1.365,1.365,0
2026-01-15 10:14:00,1.365,1.365,1.365,1.365,0
2026-01-15 10:15:00,1.365,1.365,1.365,1.365,0
2026-01-15 10:16:00,1.365,1.365,1.365,1.365,2
2026-01-15 10:17:00,1.3658,1.3658,1.3658,1.3658,1
2026-01-15 10:18:00,1.365,1.365,1.365,1.365,7
2026-01-15 10:19:00,1.365,1.3695,1.365,1.3695,14
2026-01-15 10:20:00,1.3695,1.3695,1.3695,1.3695,0
2026-01-15 10:21:00,1.3646,1.3646,1.3646,1.3646,9
2026-01-15 10:22:00,1.36,1.36,1.36,1.36,1
2026-01-15 10:23:00,1.36,1.36,1.36,1.36,0
2026-01-15 10:24:00,1.3655,1.3655,1.3655,1.3655,9
2026-01-15 10:25:00,1.3651,1.3651,1.3651,1.3651,30
2026-01-15 10:26:00,1.36,1.36,1.36,1.36,30
2026-01-15 10:27:00,1.36,1.36,1.36,1.36,0
2026-01-15 10:28:00,1.365,1.365,1.365,1.365,2
2026-01-15 10:29:00,1.365,1.365,1.36,1.365,64
2026-01-15 10:30:00,1.365,1.365,1.36,1.36,58
2026-01-15 10:31:00,1.36,1.36,1.36,1.36,1
2026-01-15 10:32:00,1.36,1.3694,1.36,1.3694,2
2026-01-15 10:33:00,1.36,1.36,1.36,1.36,1
2026-01-15 10:34:00,1.36,1.365,1.36,1.365,8
2026-01-15 10:35:00,1.365,1.365,1.365,1.365,0
2026-01-15 10:36:00,1.365,1.365,1.365,1.365,0
2026-01-15 10:37:00,1.365,1.365,1.365,1.365,10
2026-01-15 10:38:00,1.3651,1.3651,1.365,1.365,11
2026-01-15 10:39:00,1.365,1.3699,1.365,1.365,14
2026-01-15 10:40:00,1.365,1.365,1.36,1.365,400
2026-01-15 10:41:00,1.365,1.365,1.365,1.365,1
2026-01-15 10:42:00,1.37,1.37,1.365,1.365,211
2026-01-15 10:43:00,1.365,1.369,1.365,1.365,16
2026-01-15 10:44:00,1.3601,1.365,1.3601,1.365,112
2026-01-15 10:45:00,1.3699,1.3699,1.3699,1.3699,31
2026-01-15 10:46:00,1.37,1.37,1.37,1.37,100
2026-01-15 10:47:00,1.3685,1.3685,1.3601,1.365,92
2026-01-15 10:48:00,1.37,1.37,1.37,1.37,4
2026-01-15 10:49:00,1.37,1.37,1.37,1.37,0
2026-01-15 10:50:00,1.365,1.365,1.365,1.365,1
2026-01-15 10:51:00,1.365,1.365,1.365,1.365,0
2026-01-15 10:52:00,1.37,1.37,1.37,1.37,1
2026-01-15 10:53:00,1.37,1.37,1.37,1.37,0
2026-01-15 10:54:00,1.3694,1.3694,1.3694,1.3694,5
2026-01-15 10:55:00,1.365,1.365,1.365,1.365,6
2026-01-15 10:56:00,1.37,1.38,1.365,1.38,334
2026-01-15 10:57:00,1.3701,1.375,1.37,1.37,22
2026-01-15 10:58:00,1.375,1.375,1.375,1.375,1
2026-01-15 10:59:00,1.37,1.38,1.37,1.38,203
2026-01-15 11:00:00,1.38,1.38,1.38,1.38,8
2026-01-15 11:01:00,1.38,1.38,1.37,1.3706,43
2026-01-15 11:02:00,1.375,1.375,1.37,1.37,48
2026-01-15 11:03:00,1.37,1.38,1.37,1.37,106
2026-01-15 11:04:00,1.375,1.375,1.37,1.37,4
2026-01-15 11:05:00,1.37,1.37,1.37,1.37,23
2026-01-15 11:06:00,1.37,1.38,1.37,1.38,31
2026-01-15 11:07:00,1.37,1.37,1.365,1.365,124
2026-01-15 11:08:00,1.3673,1.3673,1.365,1.365,3
2026-01-15 11:09:00,1.365,1.365,1.36,1.36,5
2026-01-15 11:10:00,1.365,1.365,1.365,1.365,3
2026-01-15 11:11:00,1.36,1.3653,1.36,1.365,31
2026-01-15 11:12:00,1.365,1.365,1.365,1.365,3
2026-01-15 11:13:00,1.36,1.365,1.36,1.365,5
2026-01-15 11:14:00,1.365,1.37,1.365,1.365,7
2026-01-15 11:15:00,1.365,1.365,1.36,1.36,39
2026-01-15 11:16:00,1.365,1.365,1.365,1.365,4
2026-01-15 11:17:00,1.365,1.37,1.36,1.37,11
2026-01-15 11:18:00,1.365,1.365,1.365,1.365,10
2026-01-15 11:19:00,1.365,1.365,1.36,1.365,8
2026-01-15 11:20:00,1.365,1.365,1.365,1.365,1
2026-01-15 11:21:00,1.36,1.365,1.36,1.365,16
2026-01-15 11:22:00,1.365,1.365,1.365,1.365,1
2026-01-15 11:23:00,1.36,1.365,1.36,1.365,13
2026-01-15 11:24:00,1.365,1.365,1.365,1.365,12
2026-01-15 11:25:00,1.36,1.365,1.36,1.365,5
2026-01-15 11:26:00,1.365,1.365,1.365,1.365,3
2026-01-15 11:27:00,1.36,1.365,1.36,1.365,101
2026-01-15 11:28:00,1.365,1.365,1.36,1.365,32
2026-01-15 11:29:00,1.36,1.3694,1.36,1.3694,13
2026-01-15 11:30:00,1.3622,1.3622,1.36,1.36,4
2026-01-15 11:31:00,1.36,1.365,1.36,1.365,6
2026-01-15 11:32:00,1.37,1.37,1.36,1.37,52
2026-01-15 11:33:00,1.36,1.365,1.36,1.365,17
2026-01-15 11:34:00,1.365,1.365,1.365,1.365,1
2026-01-15 11:35:00,1.36,1.36,1.36,1.36,5
2026-01-15 11:36:00,1.365,1.365,1.36,1.36,30
2026-01-15 11:37:00,1.36,1.3646,1.36,1.3606,15
2026-01-15 11:38:00,1.36,1.36,1.36,1.36,8
2026-01-15 11:39:00,1.36,1.36,1.36,1.36,12
2026-01-15 11:40:00,1.36,1.3699,1.36,1.36,13
2026-01-15 11:41:00,1.3601,1.365,1.36,1.36,115
2026-01-15 11:42:00,1.3601,1.365,1.35,1.35,466
2026-01-15 11:43:00,1.355,1.355,1.355,1.355,3
2026-01-15 11:44:00,1.35,1.35,1.35,1.35,4
2026-01-15 11:45:00,1.355,1.355,1.35,1.35,3
2026-01-15 11:46:00,1.355,1.355,1.35,1.35,6
2026-01-15 11:47:00,1.355,1.355,1.355,1.355,4
2026-01-15 11:48:00,1.355,1.3554,1.35,1.355,20
2026-01-15 11:49:00,1.355,1.355,1.355,1.355,0
2026-01-15 11:50:00,1.355,1.355,1.35,1.355,34
2026-01-15 11:51:00,1.355,1.36,1.3545,1.3545,80
2026-01-15 11:52:00,1.3555,1.3555,1.35,1.355,34
2026-01-15 11:53:00,1.355,1.3599,1.355,1.3599,18
2026-01-15 11:54:00,1.3599,1.3599,1.35,1.355,33
2026-01-15 11:55:00,1.35,1.3559,1.35,1.35,22
2026-01-15 11:56:00,1.3599,1.3599,1.35,1.3544,42
2026-01-15 11:57:00,1.355,1.3598,1.355,1.355,21
2026-01-15 11:58:00,1.3501,1.3599,1.35,1.35,81
2026-01-15 11:59:00,1.35,1.3599,1.35,1.3599,130
2026-01-15 12:00:00,1.355,1.3599,1.355,1.3599,29
2026-01-15 12:01:00,1.355,1.36,1.3545,1.3563,44
2026-01-15 12:02:00,1.355,1.3599,1.3546,1.3599,22
2026-01-15 12:03:00,1.36,1.36,1.35,1.355,9
2026-01-15 12:04:00,1.355,1.355,1.35,1.355,8
2026-01-15 12:05:00,1.355,1.355,1.355,1.355,3
2026-01-15 12:06:00,1.35,1.35,1.35,1.35,4
2026-01-15 12:07:00,1.355,1.355,1.355,1.355,6
2026-01-15 12:08:00,1.36,1.36,1.3506,1.3599,17
2026-01-15 12:09:00,1.35,1.36,1.35,1.355,28
2026-01-15 12:10:00,1.35,1.36,1.35,1.36,49
2026-01-15 12:11:00,1.3598,1.37,1.3598,1.37,194
2026-01-15 12:12:00,1.3699,1.3699,1.36,1.365,6
2026-01-15 12:13:00,1.37,1.37,1.365,1.37,76
2026-01-15 12:14:00,1.365,1.365,1.36,1.36,5
2026-01-15 12:15:00,1.3646,1.3646,1.3646,1.3646,5
2026-01-15 12:16:00,1.365,1.365,1.36,1.365,11
2026-01-15 12:17:00,1.365,1.365,1.365,1.365,27
2026-01-15 12:18:00,1.365,1.365,1.36,1.36,8
2026-01-15 12:19:00,1.36,1.36,1.36,1.36,0
2026-01-15 12:20:00,1.365,1.365,1.36,1.365,8
2026-01-15 12:21:00,1.365,1.365,1.365,1.365,2
2026-01-15 12:22:00,1.37,1.37,1.36,1.36,5
2026-01-15 12:23:00,1.365,1.365,1.365,1.365,2
2026-01-15 12:24:00,1.365,1.365,1.36,1.36,10
2026-01-15 12:25:00,1.365,1.365,1.365,1.365,3
2026-01-15 12:26:00,1.3654,1.3654,1.36,1.36,12
2026-01-15 12:27:00,1.365,1.365,1.36,1.365,35
2026-01-15 12:28:00,1.3612,1.3612,1.36,1.36,5
2026-01-15 12:29:00,1.365,1.365,1.365,1.365,4
2026-01-15 12:30:00,1.365,1.365,1.36,1.365,6
2026-01-15 12:31:00,1.365,1.365,1.365,1.365,5
2026-01-15 12:32:00,1.36,1.365,1.36,1.365,7
2026-01-15 12:33:00,1.37,1.37,1.365,1.365,4
2026-01-15 12:34:00,1.36,1.365,1.36,1.365,17
2026-01-15 12:35:00,1.365,1.365,1.365,1.365,6
2026-01-15 12:36:00,1.36,1.36,1.36,1.36,4
2026-01-15 12:37:00,1.365,1.365,1.365,1.365,3
2026-01-15 12:38:00,1.365,1.365,1.36,1.365,7
2026-01-15 12:39:00,1.365,1.365,1.365,1.365,7
2026-01-15 12:40:00,1.365,1.365,1.36,1.36,5
2026-01-15 12:41:00,1.365,1.37,1.365,1.365,624
2026-01-15 12:42:00,1.365,1.365,1.36,1.365,9
2026-01-15 12:43:00,1.37,1.37,1.37,1.37,1
2026-01-15 12:44:00,1.36,1.365,1.36,1.365,7
2026-01-15 12:45:00,1.365,1.3661,1.365,1.3661,11
2026-01-15 12:46:00,1.36,1.365,1.36,1.365,7
2026-01-15 12:47:00,1.365,1.365,1.365,1.365,1
2026-01-15 12:48:00,1.36,1.365,1.36,1.365,8
2026-01-15 12:49:00,1.365,1.3698,1.365,1.3698,8
2026-01-15 12:50:00,1.36,1.365,1.36,1.365,10
2026-01-15 12:51:00,1.365,1.365,1.365,1.365,1
2026-01-15 12:52:00,1.36,1.37,1.36,1.37,8
2026-01-15 12:53:00,1.3641,1.3641,1.3641,1.3641,35
2026-01-15 12:54:00,1.36,1.36,1.36,1.36,12
2026-01-15 12:55:00,1.36,1.37,1.36,1.36,10
2026-01-15 12:56:00,1.36,1.365,1.36,1.365,22
2026-01-15 12:57:00,1.36,1.36,1.36,1.36,2
2026-01-15 12:58:00,1.3602,1.365,1.36,1.365,60
2026-01-15 12:59:00,1.36,1.365,1.36,1.365,19
2026-01-15 13:00:00,1.36,1.36,1.36,1.36,6
2026-01-15 13:01:00,1.365,1.365,1.365,1.365,3
2026-01-15 13:02:00,1.36,1.36,1.355,1.355,332
2026-01-15 13:03:00,1.355,1.3599,1.355,1.3599,3
2026-01-15 13:04:00,1.35,1.3599,1.35,1.355,13
2026-01-15 13:05:00,1.355,1.355,1.355,1.355,2
2026-01-15 13:06:00,1.35,1.355,1.35,1.355,6
2026-01-15 13:07:00,1.355,1.355,1.35,1.35,5
2026-01-15 13:08:00,1.3545,1.355,1.3545,1.355,5
2026-01-15 13:09:00,1.36,1.36,1.35,1.35,19
2026-01-15 13:10:00,1.355,1.36,1.355,1.36,59
2026-01-15 13:11:00,1.355,1.36,1.35,1.35,8
2026-01-15 13:12:00,1.355,1.355,1.355,1.355,11
2026-01-15 13:13:00,1.355,1.36,1.35,1.355,10
2026-01-15 13:14:00,1.355,1.355,1.355,1.355,2
2026-01-15 13:15:00,1.355,1.355,1.35,1.355,9
2026-01-15 13:16:00,1.355,1.355,1.355,1.355,3
2026-01-15 13:17:00,1.355,1.355,1.35,1.35,7
2026-01-15 13:18:00,1.3546,1.3599,1.3546,1.355,26
2026-01-15 13:19:00,1.355,1.355,1.35,1.35,25
2026-01-15 13:20:00,1.36,1.36,1.3546,1.355,19
2026-01-15 13:21:00,1.355,1.36,1.35,1.355,43
2026-01-15 13:22:00,1.3599,1.36,1.3549,1.3549,41
2026-01-15 13:23:00,1.355,1.355,1.35,1.355,38
2026-01-15 13:24:00,1.36,1.36,1.3549,1.36,37
2026-01-15 13:25:00,1.355,1.3555,1.35,1.35,48
2026-01-15 13:26:00,1.3599,1.3599,1.3599,1.3599,14
2026-01-15 13:27:00,1.355,1.355,1.35,1.355,10
2026-01-15 13:28:00,1.355,1.355,1.355,1.355,12
2026-01-15 13:29:00,1.355,1.36,1.35,1.355,15
2026-01-15 13:30:00,1.3501,1.355,1.3501,1.355,13
2026-01-15 13:31:00,1.355,1.355,1.35,1.355,20
2026-01-15 13:32:00,1.355,1.355,1.355,1.355,6
2026-01-15 13:33:00,1.355,1.355,1.35,1.35,7
2026-01-15 13:34:00,1.355,1.355,1.35,1.355,7
2026-01-15 13:35:00,1.355,1.355,1.35,1.35,5
2026-01-15 13:36:00,1.355,1.355,1.355,1.355,4
2026-01-15 13:37:00,1.355,1.36,1.35,1.36,42
2026-01-15 13:38:00,1.355,1.355,1.355,1.355,3
2026-01-15 13:39:00,1.35,1.36,1.35,1.355,7
2026-01-15 13:40:00,1.355,1.355,1.355,1.355,6
2026-01-15 13:41:00,1.355,1.3599,1.35,1.355,16
2026-01-15 13:42:00,1.36,1.36,1.36,1.36,2
2026-01-15 13:43:00,1.36,1.36,1.35,1.355,9
2026-01-15 13:44:00,1.355,1.3557,1.355,1.3557,12
2026-01-15 13:45:00,1.3549,1.36,1.35,1.35,27
2026-01-15 13:46:00,1.3564,1.3585,1.3549,1.3549,29
2026-01-15 13:47:00,1.355,1.3555,1.35,1.35,24
2026-01-15 13:48:00,1.35,1.35,1.35,1.35,0
2026-01-15 13:49:00,1.355,1.36,1.35,1.35,9
2026-01-15 13:50:00,1.355,1.355,1.355,1.355,4
2026-01-15 13:51:00,1.355,1.355,1.35,1.355,6
2026-01-15 13:52:00,1.355,1.3699,1.355,1.365,302
2026-01-15 13:53:00,1.365,1.37,1.36,1.37,40
2026-01-15 13:54:00,1.3601,1.3656,1.3601,1.3656,22
2026-01-15 13:55:00,1.36,1.36,1.36,1.36,3
2026-01-15 13:56:00,1.365,1.365,1.365,1.365,39
2026-01-15 13:57:00,1.365,1.365,1.36,1.365,11
2026-01-15 13:58:00,1.365,1.365,1.365,1.365,3
2026-01-15 13:59:00,1.365,1.365,1.36,1.365,106
2026-01-15 14:00:00,1.365,1.37,1.365,1.37,13
2026-01-15 14:01:00,1.36,1.365,1.36,1.365,6
2026-01-15 14:02:00,1.365,1.365,1.365,1.365,20
2026-01-15 14:03:00,1.36,1.36,1.36,1.36,4
2026-01-15 14:04:00,1.365,1.37,1.365,1.3663,63
2026-01-15 14:05:00,1.37,1.37,1.36,1.36,10
2026-01-15 14:06:00,1.365,1.365,1.365,1.365,6
2026-01-15 14:07:00,1.365,1.365,1.36,1.365,16
2026-01-15 14:08:00,1.365,1.365,1.365,1.365,3
2026-01-15 14:09:00,1.36,1.365,1.36,1.365,8
2026-01-15 14:10:00,1.365,1.365,1.365,1.365,1
2026-01-15 14:11:00,1.36,1.365,1.36,1.365,7
2026-01-15 14:12:00,1.365,1.365,1.365,1.365,7
2026-01-15 14:13:00,1.36,1.365,1.36,1.365,18
2026-01-15 14:14:00,1.3699,1.37,1.365,1.37,184
2026-01-15 14:15:00,1.36,1.37,1.36,1.365,194
2026-01-15 14:16:00,1.37,1.37,1.37,1.37,2
2026-01-15 14:17:00,1.36,1.365,1.36,1.365,7
2026-01-15 14:18:00,1.37,1.37,1.365,1.365,2
2026-01-15 14:19:00,1.365,1.3652,1.36,1.36,16
2026-01-15 14:20:00,1.3686,1.3686,1.365,1.365,10
2026-01-15 14:21:00,1.36,1.365,1.36,1.365,7
2026-01-15 14:22:00,1.365,1.3698,1.365,1.3698,5
2026-01-15 14:23:00,1.36,1.365,1.36,1.365,5
2026-01-15 14:24:00,1.365,1.365,1.365,1.365,4
2026-01-15 14:25:00,1.36,1.365,1.36,1.365,5
2026-01-15 14:26:00,1.365,1.365,1.365,1.365,4
2026-01-15 14:27:00,1.36,1.37,1.36,1.37,8
2026-01-15 14:28:00,1.365,1.365,1.36,1.36,8
2026-01-15 14:29:00,1.3694,1.3694,1.365,1.365,15
2026-01-15 14:30:00,1.365,1.37,1.36,1.36,11
2026-01-15 14:31:00,1.365,1.365,1.365,1.365,9
2026-01-15 14:32:00,1.3654,1.3654,1.36,1.36,6
2026-01-15 14:33:00,1.365,1.365,1.365,1.365,8
2026-01-15 14:34:00,1.3652,1.3652,1.36,1.36,5
2026-01-15 14:35:00,1.365,1.365,1.365,1.365,4
2026-01-15 14:36:00,1.365,1.3699,1.36,1.36,16
2026-01-15 14:37:00,1.365,1.365,1.355,1.36,465
2026-01-15 14:38:00,1.355,1.355,1.35,1.35,7
2026-01-15 14:39:00,1.355,1.355,1.3546,1.355,66
2026-01-15 14:40:00,1.3599,1.3599,1.35,1.3599,29
2026-01-15 14:41:00,1.355,1.355,1.355,1.355,8
2026-01-15 14:42:00,1.35,1.355,1.35,1.355,7
2026-01-15 14:43:00,1.355,1.355,1.3502,1.3546,65
2026-01-15 14:44:00,1.355,1.355,1.35,1.355,13
2026-01-15 14:45:00,1.355,1.355,1.35,1.35,3
2026-01-15 14:46:00,1.355,1.355,1.35,1.355,10
2026-01-15 14:47:00,1.355,1.355,1.355,1.355,2
2026-01-15 14:48:00,1.35,1.355,1.35,1.35,18
2026-01-15 14:49:00,1.355,1.355,1.35,1.35,4
2026-01-15 14:50:00,1.35,1.355,1.35,1.355,13
2026-01-15 14:51:00,1.36,1.36,1.35,1.35,16
2026-01-15 14:52:00,1.355,1.355,1.35,1.35,7
2026-01-15 14:53:00,1.355,1.355,1.35,1.35,12
2026-01-15 14:54:00,1.355,1.355,1.35,1.35,5
2026-01-15 14:55:00,1.35,1.355,1.35,1.3506,13
2026-01-15 14:56:00,1.3599,1.3599,1.35,1.35,41
2026-01-15 14:57:00,1.3502,1.355,1.3502,1.355,13
2026-01-15 14:58:00,1.35,1.3598,1.35,1.3598,31
2026-01-15 14:59:00,1.36,1.36,1.36,1.36,1
2026-01-15 15:00:00,1.35,1.35,1.35,1.35,8
2026-01-15 15:01:00,1.35,1.3575,1.35,1.35,21
2026-01-15 15:02:00,1.35,1.355,1.35,1.35,109
2026-01-15 15:03:00,1.35,1.35,1.35,1.35,4
2026-01-15 15:04:00,1.35,1.3599,1.35,1.3599,5
2026-01-15 15:05:00,1.35,1.35,1.35,1.35,4
2026-01-15 15:06:00,1.355,1.355,1.35,1.35,11
2026-01-15 15:07:00,1.355,1.355,1.355,1.355,3
2026-01-15 15:08:00,1.35,1.35,1.35,1.35,8
2026-01-15 15:09:00,1.36,1.36,1.35,1.35,17
2026-01-15 15:10:00,1.35,1.35,1.35,1.35,22
2026-01-15 15:11:00,1.355,1.355,1.35,1.35,4
2026-01-15 15:12:00,1.35,1.35,1.35,1.35,4
2026-01-15 15:13:00,1.355,1.355,1.35,1.35,7
2026-01-15 15:14:00,1.355,1.355,1.35,1.35,10
2026-01-15 15:15:00,1.35,1.35,1.35,1.35,30
2026-01-15 15:16:00,1.35,1.35,1.34,1.345,992
2026-01-15 15:17:00,1.34,1.345,1.34,1.345,11
2026-01-15 15:18:00,1.34,1.34,1.34,1.34,5
2026-01-15 15:19:00,1.34,1.34,1.34,1.34,1
2026-01-15 15:20:00,1.34,1.345,1.34,1.345,832
2026-01-15 15:21:00,1.34,1.3401,1.34,1.34,64
2026-01-15 15:22:00,1.34,1.3499,1.34,1.3499,11
2026-01-15 15:23:00,1.34,1.345,1.34,1.345,411
2026-01-15 15:24:00,1.345,1.345,1.345,1.345,14
2026-01-15 15:25:00,1.34,1.34,1.34,1.34,7
2026-01-15 15:26:00,1.3432,1.3499,1.34,1.34,82
2026-01-15 15:27:00,1.34,1.345,1.34,1.345,5
2026-01-15 15:28:00,1.3463,1.3463,1.34,1.345,65
2026-01-15 15:29:00,1.34,1.345,1.34,1.34,26
2026-01-15 15:30:00,1.3438,1.345,1.34,1.3401,56
2026-01-15 15:31:00,1.34,1.345,1.34,1.34,22
2026-01-15 15:32:00,1.34,1.345,1.34,1.345,9
2026-01-15 15:33:00,1.345,1.35,1.34,1.34,34
2026-01-15 15:34:00,1.3401,1.345,1.34,1.34,33
2026-01-15 15:35:00,1.34,1.345,1.34,1.345,7
2026-01-15 15:36:00,1.34,1.345,1.34,1.34,11
2026-01-15 15:37:00,1.34,1.345,1.34,1.345,9
2026-01-15 15:38:00,1.34,1.3401,1.34,1.34,14
2026-01-15 15:39:00,1.345,1.345,1.34,1.34,78
2026-01-15 15:40:00,1.34,1.345,1.34,1.345,17
2026-01-15 15:41:00,1.345,1.345,1.34,1.34,12
2026-01-15 15:42:00,1.345,1.345,1.34,1.345,13
2026-01-15 15:43:00,1.345,1.345,1.34,1.34,11
2026-01-15 15:44:00,1.34,1.3467,1.34,1.34,11
2026-01-15 15:45:00,1.345,1.349,1.34,1.345,11
2026-01-15 15:46:00,1.345,1.3452,1.34,1.3452,133
2026-01-15 15:47:00,1.345,1.3469,1.34,1.34,72
2026-01-15 15:48:00,1.345,1.35,1.34,1.345,93
2026-01-15 15:49:00,1.345,1.3495,1.34,1.34,32
2026-01-15 15:50:00,1.3499,1.3499,1.34,1.345,71
2026-01-15 15:51:00,1.345,1.345,1.34,1.34,26
2026-01-15 15:52:00,1.345,1.345,1.34,1.345,761
2026-01-15 15:53:00,1.345,1.35,1.34,1.35,12
2026-01-15 15:54:00,1.34,1.3499,1.34,1.34,202
2026-01-15 15:55:00,1.34,1.35,1.34,1.3466,147
2026-01-15 15:56:00,1.345,1.35,1.34,1.345,110
2026-01-15 15:57:00,1.34,1.35,1.34,1.34,796
2026-01-15 15:58:00,1.34,1.3499,1.34,1.34,88
2026-01-15 15:59:00,1.34,1.35,1.33,1.33,1744
2026-01-16 09:30:00,1.34,1.345,1.34,1.345,928
2026-01-16 09:31:00,1.345,1.345,1.3403,1.345,68
2026-01-16 09:32:00,1.345,1.345,1.345,1.345,0
2026-01-16 09:33:00,1.345,1.345,1.345,1.345,0
2026-01-16 09:34:00,1.34,1.345,1.34,1.345,136
2026-01-16 09:35:00,1.34,1.345,1.34,1.3439,71
2026-01-16 09:36:00,1.345,1.345,1.335,1.335,56
2026-01-16 09:37:00,1.335,1.34,1.335,1.34,14
2026-01-16 09:38:00,1.34,1.34,1.335,1.34,19
2026-01-16 09:39:00,1.3386,1.34,1.3386,1.34,228
2026-01-16 09:40:00,1.345,1.35,1.345,1.35,14
2026-01-16 09:41:00,1.345,1.35,1.3401,1.35,26
2026-01-16 09:42:00,1.35,1.35,1.34,1.34,24
2026-01-16 09:43:00,1.3446,1.348,1.34,1.345,35
2026-01-16 09:44:00,1.35,1.35,1.345,1.345,19
2026-01-16 09:45:00,1.345,1.35,1.3401,1.3401,19
2026-01-16 09:46:00,1.35,1.35,1.345,1.35,356
2026-01-16 09:47:00,1.35,1.36,1.3499,1.355,394
2026-01-16 09:48:00,1.3599,1.365,1.3599,1.365,186
2026-01-16 09:49:00,1.365,1.37,1.365,1.37,35
2026-01-16 09:50:00,1.37,1.37,1.37,1.37,6
2026-01-16 09:51:00,1.37,1.3775,1.37,1.37,375
2026-01-16 09:52:00,1.375,1.3799,1.37,1.375,281
2026-01-16 09:53:00,1.375,1.3787,1.375,1.3787,103
2026-01-16 09:54:00,1.37,1.375,1.37,1.37,66
2026-01-16 09:55:00,1.375,1.376,1.375,1.376,20
2026-01-16 09:56:00,1.3773,1.3773,1.37,1.37,103
2026-01-16 09:57:00,1.375,1.375,1.375,1.375,2
2026-01-16 09:58:00,1.375,1.375,1.3714,1.375,19
2026-01-16 09:59:00,1.375,1.3787,1.37,1.372,85
2026-01-16 10:00:00,1.375,1.375,1.37,1.375,52
2026-01-16 10:01:00,1.37,1.375,1.37,1.375,9
2026-01-16 10:02:00,1.375,1.375,1.375,1.375,21
2026-01-16 10:03:00,1.375,1.38,1.37,1.38,15
2026-01-16 10:04:00,1.38,1.38,1.38,1.38,5
2026-01-16 10:05:00,1.38,1.4,1.38,1.4,392
2026-01-16 10:06:00,1.395,1.4,1.395,1.4,13
2026-01-16 10:07:00,1.4,1.4,1.3906,1.4,36
2026-01-16 10:08:00,1.4,1.4,1.3913,1.4,132
2026-01-16 10:09:00,1.4,1.41,1.4,1.405,232
2026-01-16 10:10:00,1.405,1.405,1.4,1.405,40
2026-01-16 10:11:00,1.4054,1.4054,1.385,1.385,727
2026-01-16 10:12:00,1.38,1.38,1.38,1.38,2
2026-01-16 10:13:00,1.3884,1.3886,1.38,1.385,74
2026-01-16 10:14:00,1.385,1.3853,1.3801,1.385,44
2026-01-16 10:15:00,1.385,1.39,1.385,1.385,29
2026-01-16 10:16:00,1.385,1.39,1.38,1.39,13
2026-01-16 10:17:00,1.385,1.39,1.385,1.385,5
2026-01-16 10:18:00,1.385,1.3899,1.385,1.385,19
2026-01-16 10:19:00,1.385,1.385,1.385,1.385,10
2026-01-16 10:20:00,1.39,1.39,1.385,1.385,7
2026-01-16 10:21:00,1.39,1.39,1.38,1.3801,131
2026-01-16 10:22:00,1.385,1.385,1.38,1.38,32
2026-01-16 10:23:00,1.385,1.385,1.385,1.385,53
2026-01-16 10:24:00,1.385,1.39,1.38,1.385,29
2026-01-16 10:25:00,1.38,1.39,1.38,1.385,32
2026-01-16 10:26:00,1.385,1.39,1.38,1.38,68
2026-01-16 10:27:00,1.385,1.385,1.385,1.385,97
2026-01-16 10:28:00,1.385,1.385,1.38,1.385,22
2026-01-16 10:29:00,1.385,1.385,1.38,1.385,9
2026-01-16 10:30:00,1.385,1.385,1.385,1.385,66
2026-01-16 10:31:00,1.39,1.39,1.385,1.39,83
2026-01-16 10:32:00,1.39,1.39,1.385,1.385,40
2026-01-16 10:33:00,1.39,1.39,1.385,1.385,15
2026-01-16 10:34:00,1.39,1.39,1.3816,1.385,47
2026-01-16 10:35:00,1.38,1.38,1.37,1.38,131
2026-01-16 10:36:00,1.38,1.38,1.3748,1.3748,23
2026-01-16 10:37:00,1.375,1.38,1.3746,1.3746,9
2026-01-16 10:38:00,1.38,1.38,1.38,1.38,6
2026-01-16 10:39:00,1.38,1.38,1.37,1.375,159
2026-01-16 10:40:00,1.37,1.375,1.37,1.375,11
2026-01-16 10:41:00,1.375,1.375,1.365,1.365,212
2026-01-16 10:42:00,1.37,1.37,1.37,1.37,4
2026-01-16 10:43:00,1.37,1.37,1.365,1.365,4
2026-01-16 10:44:00,1.365,1.365,1.365,1.365,53
2026-01-16 10:45:00,1.365,1.37,1.365,1.37,14
2026-01-16 10:46:00,1.37,1.37,1.37,1.37,4
2026-01-16 10:47:00,1.37,1.37,1.365,1.365,11
2026-01-16 10:48:00,1.365,1.365,1.365,1.365,3
2026-01-16 10:49:00,1.3654,1.37,1.365,1.37,18
2026-01-16 10:50:00,1.37,1.37,1.365,1.37,266
2026-01-16 10:51:00,1.37,1.37,1.365,1.37,5
2026-01-16 10:52:00,1.37,1.37,1.37,1.37,11
2026-01-16 10:53:00,1.365,1.37,1.365,1.37,16
2026-01-16 10:54:00,1.365,1.37,1.365,1.37,78
2026-01-16 10:55:00,1.37,1.37,1.37,1.37,4
2026-01-16 10:56:00,1.37,1.37,1.365,1.37,176
2026-01-16 10:57:00,1.365,1.365,1.365,1.365,6
2026-01-16 10:58:00,1.365,1.37,1.365,1.365,14
2026-01-16 10:59:00,1.365,1.365,1.365,1.365,8
2026-01-16 11:00:00,1.364,1.365,1.364,1.365,16
2026-01-16 11:01:00,1.365,1.365,1.365,1.365,12
2026-01-16 11:02:00,1.365,1.365,1.365,1.365,4
2026-01-16 11:03:00,1.365,1.365,1.365,1.365,6
2026-01-16 11:04:00,1.365,1.365,1.365,1.365,7
2026-01-16 11:05:00,1.37,1.37,1.365,1.37,27
2026-01-16 11:06:00,1.365,1.37,1.365,1.37,19
2026-01-16 11:07:00,1.365,1.365,1.365,1.365,3
2026-01-16 11:08:00,1.365,1.365,1.36,1.365,16
2026-01-16 11:09:00,1.365,1.37,1.365,1.365,58
2026-01-16 11:10:00,1.365,1.365,1.365,1.365,0
2026-01-16 11:11:00,1.37,1.37,1.37,1.37,1
2026-01-16 11:12:00,1.365,1.37,1.365,1.365,60
2026-01-16 11:13:00,1.365,1.3686,1.365,1.3686,4
2026-01-16 11:14:00,1.365,1.365,1.365,1.365,7
2026-01-16 11:15:00,1.365,1.37,1.365,1.365,14
2026-01-16 11:16:00,1.365,1.37,1.365,1.37,11
2026-01-16 11:17:00,1.3601,1.37,1.3601,1.37,52
2026-01-16 11:18:00,1.365,1.37,1.365,1.37,16
2026-01-16 11:19:00,1.37,1.37,1.37,1.37,2
2026-01-16 11:20:00,1.3686,1.3686,1.3601,1.3601,7
2026-01-16 11:21:00,1.365,1.365,1.365,1.365,2
2026-01-16 11:22:00,1.365,1.365,1.365,1.365,0
2026-01-16 11:23:00,1.365,1.365,1.365,1.365,14
2026-01-16 11:24:00,1.365,1.37,1.36,1.365,94
2026-01-16 11:25:00,1.365,1.365,1.355,1.36,186
2026-01-16 11:26:00,1.36,1.36,1.36,1.36,0
2026-01-16 11:27:00,1.36,1.36,1.36,1.36,0
2026-01-16 11:28:00,1.36,1.36,1.36,1.36,0
2026-01-16 11:29:00,1.355,1.355,1.355,1.355,7
2026-01-16 11:30:00,1.355,1.355,1.355,1.355,0
2026-01-16 11:31:00,1.36,1.36,1.36,1.36,2
2026-01-16 11:32:00,1.358,1.36,1.355,1.36,12
2026-01-16 11:33:00,1.36,1.36,1.36,1.36,1
2026-01-16 11:34:00,1.36,1.36,1.36,1.36,2
2026-01-16 11:35:00,1.36,1.36,1.36,1.36,5
2026-01-16 11:36:00,1.36,1.36,1.36,1.36,1
2026-01-16 11:37:00,1.36,1.36,1.36,1.36,1
2026-01-16 11:38:00,1.36,1.36,1.358,1.358,2
2026-01-16 11:39:00,1.3586,1.36,1.355,1.36,8
2026-01-16 11:40:00,1.36,1.36,1.3546,1.36,45
2026-01-16 11:41:00,1.36,1.37,1.36,1.37,96
2026-01-16 11:42:00,1.3699,1.37,1.3699,1.37,4
2026-01-16 11:43:00,1.37,1.37,1.37,1.37,10
2026-01-16 11:44:00,1.37,1.37,1.37,1.37,251
2026-01-16 11:45:00,1.37,1.37,1.37,1.37,8
2026-01-16 11:46:00,1.37,1.37,1.365,1.365,8
2026-01-16 11:47:00,1.37,1.37,1.37,1.37,1
2026-01-16 11:48:00,1.37,1.37,1.37,1.37,15
2026-01-16 11:49:00,1.37,1.37,1.37,1.37,4
2026-01-16 11:50:00,1.37,1.37,1.37,1.37,2
2026-01-16 11:51:00,1.37,1.37,1.37,1.37,0
2026-01-16 11:52:00,1.37,1.37,1.37,1.37,3
2026-01-16 11:53:00,1.37,1.37,1.37,1.37,2
2026-01-16 11:54:00,1.37,1.37,1.365,1.365,11
2026-01-16 11:55:00,1.365,1.365,1.365,1.365,13
2026-01-16 11:56:00,1.365,1.37,1.365,1.365,8
2026-01-16 11:57:00,1.37,1.37,1.37,1.37,2
2026-01-16 11:58:00,1.37,1.37,1.365,1.365,6
2026-01-16 11:59:00,1.365,1.365,1.365,1.365,14
2026-01-16 12:00:00,1.365,1.365,1.365,1.365,4
2026-01-16 12:01:00,1.37,1.37,1.365,1.365,6
2026-01-16 12:02:00,1.365,1.365,1.365,1.365,1
2026-01-16 12:03:00,1.365,1.365,1.365,1.365,10
2026-01-16 12:04:00,1.37,1.37,1.365,1.365,4
2026-01-16 12:05:00,1.37,1.37,1.365,1.3698,6
2026-01-16 12:06:00,1.37,1.37,1.365,1.365,3
2026-01-16 12:07:00,1.365,1.37,1.365,1.365,53
2026-01-16 12:08:00,1.365,1.37,1.3646,1.365,19
2026-01-16 12:09:00,1.37,1.37,1.3697,1.37,37
2026-01-16 12:10:00,1.3646,1.37,1.3646,1.365,42
2026-01-16 12:11:00,1.37,1.37,1.37,1.37,1
2026-01-16 12:12:00,1.37,1.37,1.37,1.37,4
2026-01-16 12:13:00,1.37,1.37,1.37,1.37,108
2026-01-16 12:14:00,1.37,1.37,1.37,1.37,2
2026-01-16 12:15:00,1.37,1.37,1.365,1.37,4
2026-01-16 12:16:00,1.37,1.37,1.37,1.37,3
2026-01-16 12:17:00,1.37,1.37,1.37,1.37,1
2026-01-16 12:18:00,1.37,1.37,1.365,1.365,49
2026-01-16 12:19:00,1.37,1.37,1.365,1.365,4
2026-01-16 12:20:00,1.365,1.37,1.365,1.365,6
2026-01-16 12:21:00,1.37,1.37,1.36,1.365,219
2026-01-16 12:22:00,1.37,1.37,1.36,1.365,4
2026-01-16 12:23:00,1.36,1.37,1.36,1.365,14
2026-01-16 12:24:00,1.37,1.37,1.365,1.365,3
2026-01-16 12:25:00,1.365,1.37,1.365,1.365,3
2026-01-16 12:26:00,1.365,1.37,1.365,1.365,27
2026-01-16 12:27:00,1.365,1.37,1.365,1.37,3
2026-01-16 12:28:00,1.365,1.37,1.365,1.37,9
2026-01-16 12:29:00,1.37,1.37,1.3605,1.365,26
2026-01-16 12:30:00,1.365,1.37,1.36,1.365,49
2026-01-16 12:31:00,1.37,1.37,1.365,1.365,5
2026-01-16 12:32:00,1.365,1.37,1.365,1.365,3
2026-01-16 12:33:00,1.365,1.37,1.365,1.365,5
2026-01-16 12:34:00,1.365,1.37,1.365,1.37,2
2026-01-16 12:35:00,1.365,1.37,1.365,1.37,10
2026-01-16 12:36:00,1.365,1.37,1.36,1.37,27
2026-01-16 12:37:00,1.365,1.365,1.36,1.36,20
2026-01-16 12:38:00,1.36,1.365,1.36,1.364,105
2026-01-16 12:39:00,1.36,1.365,1.36,1.365,11
2026-01-16 12:40:00,1.365,1.365,1.36,1.365,3
2026-01-16 12:41:00,1.37,1.37,1.365,1.365,6
2026-01-16 12:42:00,1.365,1.365,1.3646,1.365,12
2026-01-16 12:43:00,1.37,1.37,1.36,1.365,31
2026-01-16 12:44:00,1.36,1.365,1.36,1.365,2
2026-01-16 12:45:00,1.37,1.37,1.365,1.365,3
2026-01-16 12:46:00,1.365,1.365,1.3601,1.365,15
2026-01-16 12:47:00,1.3646,1.365,1.36,1.365,14
2026-01-16 12:48:00,1.365,1.365,1.365,1.365,0
2026-01-16 12:49:00,1.365,1.365,1.3646,1.365,13
2026-01-16 12:50:00,1.37,1.37,1.365,1.365,5
2026-01-16 12:51:00,1.37,1.37,1.365,1.365,3
2026-01-16 12:52:00,1.365,1.37,1.365,1.365,4
2026-01-16 12:53:00,1.365,1.365,1.36,1.365,15
2026-01-16 12:54:00,1.36,1.365,1.36,1.365,14
2026-01-16 12:55:00,1.365,1.365,1.365,1.365,3
2026-01-16 12:56:00,1.365,1.365,1.3613,1.3613,4
2026-01-16 12:57:00,1.365,1.365,1.365,1.365,4
2026-01-16 12:58:00,1.365,1.365,1.365,1.365,3
2026-01-16 12:59:00,1.365,1.365,1.36,1.36,23
2026-01-16 13:00:00,1.36,1.36,1.355,1.36,163
2026-01-16 13:01:00,1.3558,1.3558,1.355,1.355,2
2026-01-16 13:02:00,1.355,1.355,1.355,1.355,3
2026-01-16 13:03:00,1.355,1.355,1.355,1.355,0
2026-01-16 13:04:00,1.36,1.36,1.355,1.36,114
2026-01-16 13:05:00,1.3599,1.3699,1.3549,1.365,433
2026-01-16 13:06:00,1.37,1.37,1.365,1.365,18
2026-01-16 13:07:00,1.365,1.37,1.3601,1.3601,18
2026-01-16 13:08:00,1.37,1.37,1.365,1.37,11
2026-01-16 13:09:00,1.37,1.37,1.37,1.37,2
2026-01-16 13:10:00,1.37,1.37,1.37,1.37,3
2026-01-16 13:11:00,1.37,1.37,1.37,1.37,10
2026-01-16 13:12:00,1.365,1.37,1.3645,1.3645,23
2026-01-16 13:13:00,1.365,1.37,1.36,1.365,203
2026-01-16 13:14:00,1.3657,1.3657,1.3657,1.3657,5
2026-01-16 13:15:00,1.36,1.365,1.36,1.365,328
2026-01-16 13:16:00,1.365,1.365,1.36,1.36,3
2026-01-16 13:17:00,1.36,1.37,1.36,1.36,103
2026-01-16 13:18:00,1.365,1.365,1.365,1.365,2
2026-01-16 13:19:00,1.365,1.365,1.365,1.365,2
2026-01-16 13:20:00,1.365,1.3699,1.364,1.3699,65
2026-01-16 13:21:00,1.365,1.37,1.365,1.37,5
2026-01-16 13:22:00,1.36,1.37,1.36,1.36,425
2026-01-16 13:23:00,1.37,1.37,1.36,1.365,4
2026-01-16 13:24:00,1.365,1.365,1.365,1.365,1
2026-01-16 13:25:00,1.37,1.37,1.365,1.37,5
2026-01-16 13:26:00,1.37,1.37,1.36,1.36,457
2026-01-16 13:27:00,1.365,1.37,1.36,1.36,27
2026-01-16 13:28:00,1.37,1.37,1.36,1.37,141
2026-01-16 13:29:00,1.365,1.37,1.365,1.37,5
2026-01-16 13:30:00,1.37,1.37,1.365,1.37,5
2026-01-16 13:31:00,1.365,1.37,1.365,1.37,4
2026-01-16 13:32:00,1.37,1.37,1.365,1.37,4
2026-01-16 13:33:00,1.365,1.37,1.3649,1.365,40
2026-01-16 13:34:00,1.365,1.37,1.36,1.37,17
2026-01-16 13:35:00,1.365,1.37,1.36,1.3699,27
2026-01-16 13:36:00,1.37,1.37,1.3625,1.37,6
2026-01-16 13:37:00,1.37,1.37,1.365,1.37,3
2026-01-16 13:38:00,1.365,1.37,1.3601,1.3601,66
2026-01-16 13:39:00,1.365,1.37,1.36,1.365,14
2026-01-16 13:40:00,1.365,1.37,1.365,1.37,6
2026-01-16 13:41:00,1.365,1.365,1.36,1.365,27
2026-01-16 13:42:00,1.365,1.37,1.365,1.365,4
2026-01-16 13:43:00,1.365,1.365,1.365,1.365,1
2026-01-16 13:44:00,1.365,1.365,1.365,1.365,3
2026-01-16 13:45:00,1.365,1.37,1.365,1.37,6
2026-01-16 13:46:00,1.365,1.37,1.365,1.365,22
2026-01-16 13:47:00,1.365,1.365,1.365,1.365,7
2026-01-16 13:48:00,1.365,1.365,1.365,1.365,7
2026-01-16 13:49:00,1.365,1.365,1.365,1.365,1
2026-01-16 13:50:00,1.37,1.37,1.365,1.365,29
2026-01-16 13:51:00,1.37,1.37,1.365,1.37,3
2026-01-16 13:52:00,1.365,1.37,1.365,1.365,6
2026-01-16 13:53:00,1.36,1.365,1.36,1.365,33
2026-01-16 13:54:00,1.36,1.365,1.36,1.365,80
2026-01-16 13:55:00,1.36,1.36,1.36,1.36,1
2026-01-16 13:56:00,1.36,1.365,1.36,1.365,59
2026-01-16 13:57:00,1.36,1.36,1.35,1.355,480
2026-01-16 13:58:00,1.3599,1.36,1.355,1.355,22
2026-01-16 13:59:00,1.3546,1.355,1.3546,1.355,10
2026-01-16 14:00:00,1.355,1.355,1.355,1.355,4
2026-01-16 14:01:00,1.355,1.36,1.355,1.3598,21
2026-01-16 14:02:00,1.36,1.36,1.358,1.3586,81
2026-01-16 14:03:00,1.36,1.36,1.355,1.355,19
2026-01-16 14:04:00,1.36,1.36,1.3546,1.3567,100
2026-01-16 14:05:00,1.355,1.36,1.355,1.36,41
2026-01-16 14:06:00,1.36,1.365,1.3596,1.3637,330
2026-01-16 14:07:00,1.365,1.365,1.365,1.365,9
2026-01-16 14:08:00,1.3601,1.365,1.3601,1.365,35
2026-01-16 14:09:00,1.365,1.365,1.365,1.365,1
2026-01-16 14:10:00,1.365,1.365,1.365,1.365,1
2026-01-16 14:11:00,1.365,1.365,1.365,1.365,1
2026-01-16 14:12:00,1.3631,1.365,1.36,1.365,101
2026-01-16 14:13:00,1.365,1.365,1.365,1.365,2
2026-01-16 14:14:00,1.365,1.365,1.365,1.365,8
2026-01-16 14:15:00,1.365,1.365,1.365,1.365,3
2026-01-16 14:16:00,1.365,1.365,1.365,1.365,2
2026-01-16 14:17:00,1.365,1.365,1.36,1.365,25
2026-01-16 14:18:00,1.365,1.365,1.365,1.365,9
2026-01-16 14:19:00,1.36,1.365,1.36,1.365,6
2026-01-16 14:20:00,1.365,1.365,1.365,1.365,4
2026-01-16 14:21:00,1.365,1.37,1.36,1.365,349
2026-01-16 14:22:00,1.37,1.37,1.36,1.365,306
2026-01-16 14:23:00,1.37,1.37,1.37,1.37,1
2026-01-16 14:24:00,1.365,1.37,1.36,1.37,305
2026-01-16 14:25:00,1.365,1.365,1.36,1.365,43
2026-01-16 14:26:00,1.365,1.37,1.365,1.365,206
2026-01-16 14:27:00,1.365,1.37,1.365,1.37,4
2026-01-16 14:28:00,1.365,1.37,1.365,1.365,11
2026-01-16 14:29:00,1.365,1.37,1.365,1.365,4
2026-01-16 14:30:00,1.37,1.37,1.365,1.37,5
2026-01-16 14:31:00,1.365,1.37,1.365,1.37,17
2026-01-16 14:32:00,1.3686,1.37,1.365,1.37,5
2026-01-16 14:33:00,1.37,1.37,1.365,1.365,15
2026-01-16 14:34:00,1.37,1.37,1.365,1.37,8
2026-01-16 14:35:00,1.37,1.37,1.365,1.37,23
2026-01-16 14:36:00,1.37,1.37,1.365,1.37,5
2026-01-16 14:37:00,1.37,1.37,1.365,1.37,5
2026-01-16 14:38:00,1.37,1.37,1.365,1.365,13
2026-01-16 14:39:00,1.365,1.37,1.365,1.37,5
2026-01-16 14:40:00,1.37,1.37,1.365,1.37,14
2026-01-16 14:41:00,1.37,1.37,1.365,1.37,6
2026-01-16 14:42:00,1.37,1.37,1.365,1.365,2
2026-01-16 14:43:00,1.365,1.37,1.365,1.365,4
2026-01-16 14:44:00,1.37,1.37,1.365,1.365,16
2026-01-16 14:45:00,1.365,1.37,1.365,1.365,24
2026-01-16 14:46:00,1.365,1.365,1.365,1.365,2
2026-01-16 14:47:00,1.365,1.365,1.365,1.365,7
2026-01-16 14:48:00,1.37,1.37,1.365,1.365,2
2026-01-16 14:49:00,1.365,1.37,1.36,1.365,11
2026-01-16 14:50:00,1.365,1.37,1.365,1.365,3
2026-01-16 14:51:00,1.37,1.37,1.365,1.365,6
2026-01-16 14:52:00,1.37,1.37,1.365,1.365,13
2026-01-16 14:53:00,1.37,1.37,1.3646,1.365,8
2026-01-16 14:54:00,1.365,1.37,1.365,1.365,11
2026-01-16 14:55:00,1.365,1.37,1.365,1.365,6
2026-01-16 14:56:00,1.365,1.365,1.365,1.365,4
2026-01-16 14:57:00,1.365,1.365,1.36,1.365,40
2026-01-16 14:58:00,1.365,1.365,1.365,1.365,2
2026-01-16 14:59:00,1.365,1.37,1.3646,1.365,15
2026-01-16 15:00:00,1.3646,1.37,1.36,1.365,18
2026-01-16 15:01:00,1.365,1.37,1.365,1.365,7
2026-01-16 15:02:00,1.365,1.37,1.365,1.365,5
2026-01-16 15:03:00,1.365,1.3698,1.365,1.365,103
2026-01-16 15:04:00,1.37,1.37,1.365,1.365,5
2026-01-16 15:05:00,1.365,1.37,1.365,1.366,73
2026-01-16 15:06:00,1.37,1.37,1.365,1.37,17
2026-01-16 15:07:00,1.365,1.37,1.365,1.365,7
2026-01-16 15:08:00,1.365,1.37,1.365,1.365,7
2026-01-16 15:09:00,1.37,1.37,1.36,1.365,66
2026-01-16 15:10:00,1.365,1.37,1.365,1.37,16
2026-01-16 15:11:00,1.365,1.37,1.365,1.37,6
2026-01-16 15:12:00,1.365,1.37,1.365,1.365,7
2026-01-16 15:13:00,1.365,1.37,1.365,1.365,7
2026-01-16 15:14:00,1.365,1.37,1.365,1.365,7
2026-01-16 15:15:00,1.365,1.37,1.365,1.365,107
2026-01-16 15:16:00,1.365,1.37,1.365,1.365,3
2026-01-16 15:17:00,1.365,1.37,1.365,1.37,15
2026-01-16 15:18:00,1.365,1.37,1.3646,1.365,18
2026-01-16 15:19:00,1.365,1.37,1.3626,1.365,35
2026-01-16 15:20:00,1.37,1.37,1.365,1.37,8
2026-01-16 15:21:00,1.365,1.37,1.365,1.365,11
2026-01-16 15:22:00,1.37,1.37,1.36,1.3646,12
2026-01-16 15:23:00,1.36,1.37,1.36,1.36,127
2026-01-16 15:24:00,1.365,1.37,1.365,1.365,32
2026-01-16 15:25:00,1.365,1.37,1.365,1.365,52
2026-01-16 15:26:00,1.37,1.37,1.365,1.365,16
2026-01-16 15:27:00,1.36,1.37,1.36,1.365,9
2026-01-16 15:28:00,1.365,1.37,1.365,1.365,9
2026-01-16 15:29:00,1.365,1.37,1.365,1.365,28
2026-01-16 15:30:00,1.37,1.37,1.365,1.365,27
2026-01-16 15:31:00,1.365,1.37,1.365,1.3657,79
2026-01-16 15:32:00,1.365,1.37,1.365,1.365,36
2026-01-16 15:33:00,1.365,1.37,1.365,1.37,26
2026-01-16 15:34:00,1.365,1.37,1.3637,1.3637,68
2026-01-16 15:35:00,1.365,1.37,1.365,1.365,25
2026-01-16 15:36:00,1.365,1.37,1.365,1.37,24
2026-01-16 15:37:00,1.37,1.37,1.365,1.365,12
2026-01-16 15:38:00,1.37,1.37,1.365,1.37,28
2026-01-16 15:39:00,1.37,1.37,1.365,1.37,128
2026-01-16 15:40:00,1.37,1.37,1.36,1.37,43
2026-01-16 15:41:00,1.37,1.37,1.365,1.37,47
2026-01-16 15:42:00,1.37,1.37,1.37,1.37,37
2026-01-16 15:43:00,1.37,1.37,1.365,1.37,61
2026-01-16 15:44:00,1.37,1.37,1.365,1.37,22
2026-01-16 15:45:00,1.37,1.375,1.365,1.375,497
2026-01-16 15:46:00,1.38,1.38,1.375,1.38,32
2026-01-16 15:47:00,1.38,1.38,1.375,1.38,83
2026-01-16 15:48:00,1.38,1.38,1.375,1.38,49
2026-01-16 15:49:00,1.38,1.38,1.375,1.375,119
2026-01-16 15:50:00,1.38,1.38,1.37,1.3797,266
2026-01-16 15:51:00,1.38,1.38,1.37,1.375,325
2026-01-16 15:52:00,1.375,1.375,1.3601,1.365,695
2026-01-16 15:53:00,1.365,1.37,1.365,1.365,209
2026-01-16 15:54:00,1.365,1.37,1.365,1.37,62
2026-01-16 15:55:00,1.36,1.37,1.36,1.365,402
2026-01-16 15:56:00,1.365,1.37,1.3613,1.37,243
2026-01-16 15:57:00,1.37,1.37,1.3601,1.37,129
2026-01-16 15:58:00,1.365,1.375,1.36,1.365,937
2026-01-16 15:59:00,1.365,1.37,1.36,1.36,1059
2026-01-20 09:30:00,1.32,1.33,1.31,1.31,957
2026-01-20 09:31:00,1.315,1.315,1.3,1.305,477
2026-01-20 09:32:00,1.305,1.305,1.3,1.3,232
2026-01-20 09:33:00,1.305,1.305,1.3001,1.3001,321
2026-01-20 09:34:00,1.305,1.32,1.3001,1.315,471
2026-01-20 09:35:00,1.315,1.3199,1.3,1.305,232
2026-01-20 09:36:00,1.31,1.31,1.3,1.3053,243
2026-01-20 09:37:00,1.31,1.315,1.31,1.315,107
2026-01-20 09:38:00,1.32,1.32,1.32,1.32,12
2026-01-20 09:39:00,1.315,1.325,1.315,1.325,171
2026-01-20 09:40:00,1.325,1.325,1.325,1.325,5
2026-01-20 09:41:00,1.3223,1.325,1.31,1.3106,104
2026-01-20 09:42:00,1.31,1.315,1.31,1.31,8
2026-01-20 09:43:00,1.31,1.32,1.31,1.32,74
2026-01-20 09:44:00,1.32,1.32,1.31,1.3135,54
2026-01-20 09:45:00,1.315,1.32,1.3102,1.32,125
2026-01-20 09:46:00,1.3199,1.3199,1.315,1.315,420
2026-01-20 09:47:00,1.315,1.32,1.315,1.315,5
2026-01-20 09:48:00,1.315,1.3186,1.31,1.3186,465
2026-01-20 09:49:00,1.31,1.315,1.31,1.31,28
2026-01-20 09:50:00,1.31,1.31,1.31,1.31,3
2026-01-20 09:51:00,1.315,1.315,1.315,1.315,5
2026-01-20 09:52:00,1.3101,1.3101,1.31,1.31,36
2026-01-20 09:53:00,1.315,1.315,1.315,1.315,5
2026-01-20 09:54:00,1.31,1.315,1.305,1.305,292
2026-01-20 09:55:00,1.3088,1.31,1.305,1.3086,23
2026-01-20 09:56:00,1.31,1.31,1.305,1.31,154
2026-01-20 09:57:00,1.31,1.31,1.3084,1.3084,14
2026-01-20 09:58:00,1.31,1.31,1.3045,1.3099,56
2026-01-20 09:59:00,1.31,1.31,1.3046,1.31,20
2026-01-20 10:00:00,1.31,1.31,1.3058,1.3097,27
2026-01-20 10:01:00,1.31,1.31,1.305,1.31,61
2026-01-20 10:02:00,1.305,1.31,1.305,1.31,26
2026-01-20 10:03:00,1.305,1.308,1.305,1.308,20
2026-01-20 10:04:00,1.305,1.32,1.305,1.32,483
2026-01-20 10:05:00,1.3199,1.32,1.3199,1.32,2
2026-01-20 10:06:00,1.3117,1.32,1.3117,1.315,108
2026-01-20 10:07:00,1.315,1.315,1.315,1.315,14
2026-01-20 10:08:00,1.31,1.3163,1.31,1.315,96
2026-01-20 10:09:00,1.32,1.32,1.315,1.315,102
2026-01-20 10:10:00,1.315,1.315,1.31,1.31,13
2026-01-20 10:11:00,1.3163,1.3185,1.315,1.315,27
2026-01-20 10:12:00,1.3199,1.3199,1.315,1.315,11
2026-01-20 10:13:00,1.315,1.32,1.315,1.3185,51
2026-01-20 10:14:00,1.315,1.32,1.315,1.315,127
2026-01-20 10:15:00,1.315,1.315,1.315,1.315,2
2026-01-20 10:16:00,1.315,1.315,1.315,1.315,8
2026-01-20 10:17:00,1.315,1.315,1.315,1.315,11
2026-01-20 10:18:00,1.315,1.32,1.315,1.32,31
2026-01-20 10:19:00,1.315,1.3185,1.315,1.3185,3
2026-01-20 10:20:00,1.315,1.315,1.315,1.315,18
2026-01-20 10:21:00,1.3199,1.32,1.315,1.32,63
2026-01-20 10:22:00,1.32,1.32,1.319,1.32,44
2026-01-20 10:23:00,1.32,1.32,1.3106,1.32,134
2026-01-20 10:24:00,1.32,1.32,1.32,1.32,4
2026-01-20 10:25:00,1.32,1.335,1.32,1.335,182
2026-01-20 10:26:00,1.33,1.335,1.33,1.335,2
2026-01-20 10:27:00,1.3325,1.335,1.33,1.335,198
2026-01-20 10:28:00,1.33,1.335,1.33,1.33,5
2026-01-20 10:29:00,1.33,1.33,1.33,1.33,1
2026-01-20 10:30:00,1.33,1.33,1.33,1.33,1
2026-01-20 10:31:00,1.33,1.33,1.33,1.33,1
2026-01-20 10:32:00,1.33,1.33,1.33,1.33,14
2026-01-20 10:33:00,1.335,1.335,1.335,1.335,10
2026-01-20 10:34:00,1.3345,1.3345,1.3345,1.3345,3
2026-01-20 10:35:00,1.3399,1.3399,1.335,1.335,53
2026-01-20 10:36:00,1.335,1.335,1.335,1.335,1
2026-01-20 10:37:00,1.335,1.335,1.335,1.335,0
2026-01-20 10:38:00,1.335,1.3375,1.335,1.3375,6
2026-01-20 10:39:00,1.3375,1.3375,1.3375,1.3375,0
2026-01-20 10:40:00,1.33,1.33,1.33,1.33,1
2026-01-20 10:41:00,1.335,1.335,1.33,1.335,16
2026-01-20 10:42:00,1.335,1.335,1.335,1.335,4
2026-01-20 10:43:00,1.335,1.335,1.335,1.335,20
2026-01-20 10:44:00,1.335,1.335,1.335,1.335,6
2026-01-20 10:45:00,1.335,1.335,1.335,1.335,4
2026-01-20 10:46:00,1.335,1.335,1.335,1.335,1
2026-01-20 10:47:00,1.335,1.3355,1.335,1.335,5
2026-01-20 10:48:00,1.3395,1.34,1.33,1.335,119
2026-01-20 10:49:00,1.34,1.34,1.34,1.34,1
2026-01-20 10:50:00,1.335,1.34,1.335,1.34,230
2026-01-20 10:51:00,1.34,1.34,1.34,1.34,0
2026-01-20 10:52:00,1.34,1.34,1.34,1.34,0
2026-01-20 10:53:00,1.335,1.34,1.335,1.335,50
2026-01-20 10:54:00,1.33,1.34,1.33,1.34,207
2026-01-20 10:55:00,1.335,1.34,1.3314,1.34,43
2026-01-20 10:56:00,1.34,1.345,1.34,1.345,458
2026-01-20 10:57:00,1.345,1.35,1.3446,1.345,122
2026-01-20 10:58:00,1.345,1.35,1.345,1.35,17
2026-01-20 10:59:00,1.35,1.355,1.3488,1.355,94
2026-01-20 11:00:00,1.355,1.359,1.355,1.355,68
2026-01-20 11:01:00,1.355,1.355,1.355,1.355,14
2026-01-20 11:02:00,1.359,1.359,1.355,1.355,69
2026-01-20 11:03:00,1.355,1.355,1.355,1.355,10
2026-01-20 11:04:00,1.359,1.36,1.359,1.36,54
2026-01-20 11:05:00,1.355,1.355,1.35,1.355,111
2026-01-20 11:06:00,1.36,1.36,1.355,1.355,126
2026-01-20 11:07:00,1.355,1.355,1.35,1.35,132
2026-01-20 11:08:00,1.355,1.355,1.355,1.355,7
2026-01-20 11:09:00,1.355,1.355,1.3532,1.355,45
2026-01-20 11:10:00,1.355,1.355,1.355,1.355,12
2026-01-20 11:11:00,1.355,1.355,1.355,1.355,6
2026-01-20 11:12:00,1.355,1.36,1.355,1.355,24
2026-01-20 11:13:00,1.355,1.355,1.355,1.355,1
2026-01-20 11:14:00,1.355,1.36,1.355,1.355,25
2026-01-20 11:15:00,1.355,1.355,1.355,1.355,3
2026-01-20 11:16:00,1.355,1.355,1.355,1.355,10
2026-01-20 11:17:00,1.355,1.355,1.355,1.355,0
2026-01-20 11:18:00,1.3513,1.355,1.3513,1.355,5
2026-01-20 11:19:00,1.355,1.36,1.355,1.355,89
2026-01-20 11:20:00,1.355,1.355,1.355,1.355,1
2026-01-20 11:21:00,1.355,1.355,1.355,1.355,3
2026-01-20 11:22:00,1.355,1.355,1.355,1.355,0
2026-01-20 11:23:00,1.355,1.355,1.355,1.355,37
2026-01-20 11:24:00,1.3594,1.3594,1.355,1.355,4
2026-01-20 11:25:00,1.355,1.355,1.355,1.355,1
2026-01-20 11:26:00,1.355,1.36,1.355,1.355,15
2026-01-20 11:27:00,1.355,1.355,1.355,1.355,1
2026-01-20 11:28:00,1.355,1.355,1.35,1.355,106
2026-01-20 11:29:00,1.355,1.355,1.355,1.355,1
2026-01-20 11:30:00,1.355,1.355,1.355,1.355,0
2026-01-20 11:31:00,1.355,1.355,1.355,1.355,1
2026-01-20 11:32:00,1.3501,1.36,1.35,1.355,178
2026-01-20 11:33:00,1.355,1.355,1.355,1.355,0
2026-01-20 11:34:00,1.355,1.355,1.355,1.355,1
2026-01-20 11:35:00,1.355,1.355,1.355,1.355,2
2026-01-20 11:36:00,1.355,1.36,1.355,1.355,5
2026-01-20 11:37:00,1.355,1.355,1.355,1.355,0
2026-01-20 11:38:00,1.3586,1.36,1.355,1.355,24
2026-01-20 11:39:00,1.355,1.355,1.355,1.355,0
2026-01-20 11:40:00,1.355,1.355,1.355,1.355,11
2026-01-20 11:41:00,1.3582,1.3582,1.3565,1.3565,5
2026-01-20 11:42:00,1.355,1.355,1.3501,1.355,28
2026-01-20 11:43:00,1.355,1.355,1.35,1.35,4
2026-01-20 11:44:00,1.35,1.35,1.35,1.35,0
2026-01-20 11:45:00,1.355,1.355,1.34,1.345,835
2026-01-20 11:46:00,1.34,1.35,1.34,1.34,360
2026-01-20 11:47:00,1.3401,1.3458,1.3401,1.3458,63
2026-01-20 11:48:00,1.3458,1.3458,1.3458,1.3458,0
2026-01-20 11:49:00,1.345,1.345,1.34,1.34,2
2026-01-20 11:50:00,1.34,1.34,1.34,1.34,0
2026-01-20 11:51:00,1.3401,1.35,1.3401,1.35,208
2026-01-20 11:52:00,1.345,1.345,1.345,1.345,3
2026-01-20 11:53:00,1.345,1.345,1.345,1.345,85
2026-01-20 11:54:00,1.345,1.345,1.345,1.345,8
2026-01-20 11:55:00,1.345,1.345,1.345,1.345,1
2026-01-20 11:56:00,1.345,1.345,1.345,1.345,3
2026-01-20 11:57:00,1.345,1.345,1.345,1.345,1
2026-01-20 11:58:00,1.35,1.35,1.345,1.345,47
2026-01-20 11:59:00,1.35,1.35,1.345,1.345,3
2026-01-20 12:00:00,1.345,1.35,1.345,1.35,160
2026-01-20 12:01:00,1.345,1.35,1.345,1.3499,194
2026-01-20 12:02:00,1.3499,1.35,1.3499,1.35,23
2026-01-20 12:03:00,1.35,1.35,1.35,1.35,6
2026-01-20 12:04:00,1.35,1.35,1.3484,1.3484,6
2026-01-20 12:05:00,1.35,1.35,1.35,1.35,9
2026-01-20 12:06:00,1.3499,1.35,1.345,1.345,65
2026-01-20 12:07:00,1.35,1.355,1.34,1.355,89
2026-01-20 12:08:00,1.355,1.355,1.35,1.35,6
2026-01-20 12:09:00,1.355,1.355,1.35,1.35,42
2026-01-20 12:10:00,1.35,1.35,1.35,1.35,1
2026-01-20 12:11:00,1.355,1.355,1.35,1.355,25
2026-01-20 12:12:00,1.355,1.355,1.355,1.355,65
2026-01-20 12:13:00,1.355,1.355,1.355,1.355,2
2026-01-20 12:14:00,1.355,1.355,1.355,1.355,3
2026-01-20 12:15:00,1.355,1.355,1.3509,1.355,3
2026-01-20 12:16:00,1.355,1.355,1.355,1.355,4
2026-01-20 12:17:00,1.355,1.355,1.355,1.355,0
2026-01-20 12:18:00,1.3599,1.36,1.355,1.358,105
2026-01-20 12:19:00,1.355,1.36,1.355,1.36,11
2026-01-20 12:20:00,1.3586,1.36,1.3586,1.36,37
2026-01-20 12:21:00,1.36,1.36,1.36,1.36,2
2026-01-20 12:22:00,1.355,1.355,1.3546,1.3546,6
2026-01-20 12:23:00,1.355,1.355,1.355,1.355,1
2026-01-20 12:24:00,1.36,1.36,1.355,1.355,34
2026-01-20 12:25:00,1.355,1.355,1.355,1.355,0
2026-01-20 12:26:00,1.36,1.36,1.36,1.36,50
2026-01-20 12:27:00,1.355,1.355,1.35,1.355,58
2026-01-20 12:28:00,1.355,1.355,1.3545,1.3545,23
2026-01-20 12:29:00,1.355,1.355,1.355,1.355,10
2026-01-20 12:30:00,1.355,1.355,1.35,1.35,40
2026-01-20 12:31:00,1.35,1.35,1.35,1.35,0
2026-01-20 12:32:00,1.35,1.35,1.35,1.35,1
2026-01-20 12:33:00,1.35,1.35,1.35,1.35,1
2026-01-20 12:34:00,1.35,1.35,1.35,1.35,0
2026-01-20 12:35:00,1.35,1.355,1.35,1.355,99
2026-01-20 12:36:00,1.355,1.355,1.3549,1.3549,7
2026-01-20 12:37:00,1.355,1.36,1.355,1.355,22
2026-01-20 12:38:00,1.355,1.355,1.355,1.355,24
2026-01-20 12:39:00,1.355,1.355,1.35,1.3501,362
2026-01-20 12:40:00,1.35,1.35,1.35,1.35,13
2026-01-20 12:41:00,1.3502,1.3502,1.35,1.35,6
2026-01-20 12:42:00,1.35,1.35,1.35,1.35,14
2026-01-20 12:43:00,1.35,1.35,1.35,1.35,9
2026-01-20 12:44:00,1.35,1.35,1.35,1.35,2
2026-01-20 12:45:00,1.35,1.35,1.345,1.345,93
2026-01-20 12:46:00,1.34,1.345,1.34,1.345,16
2026-01-20 12:47:00,1.345,1.345,1.34,1.34,14
2026-01-20 12:48:00,1.345,1.345,1.345,1.345,1
2026-01-20 12:49:00,1.345,1.345,1.3401,1.345,82
2026-01-20 12:50:00,1.345,1.345,1.345,1.345,17
2026-01-20 12:51:00,1.345,1.345,1.345,1.345,5
2026-01-20 12:52:00,1.345,1.345,1.345,1.345,24
2026-01-20 12:53:00,1.345,1.345,1.345,1.345,0
2026-01-20 12:54:00,1.3401,1.345,1.34,1.34,286
2026-01-20 12:55:00,1.345,1.345,1.34,1.345,32
2026-01-20 12:56:00,1.34,1.34,1.34,1.34,1
2026-01-20 12:57:00,1.35,1.35,1.34,1.345,7
2026-01-20 12:58:00,1.345,1.345,1.345,1.345,16
2026-01-20 12:59:00,1.345,1.345,1.34,1.34,16
2026-01-20 13:00:00,1.345,1.345,1.34,1.345,11
2026-01-20 13:01:00,1.34,1.34,1.34,1.34,1
2026-01-20 13:02:00,1.34,1.345,1.34,1.345,3
2026-01-20 13:03:00,1.34,1.345,1.34,1.345,2
2026-01-20 13:04:00,1.34,1.34,1.34,1.34,7
2026-01-20 13:05:00,1.34,1.34,1.34,1.34,21
2026-01-20 13:06:00,1.345,1.3499,1.345,1.3499,10
2026-01-20 13:07:00,1.345,1.345,1.345,1.345,8
2026-01-20 13:08:00,1.345,1.345,1.345,1.345,1
2026-01-20 13:09:00,1.3415,1.3465,1.3415,1.345,33
2026-01-20 13:10:00,1.345,1.345,1.345,1.345,1
2026-01-20 13:11:00,1.345,1.345,1.345,1.345,0
2026-01-20 13:12:00,1.345,1.345,1.345,1.345,18
2026-01-20 13:13:00,1.34,1.34,1.34,1.34,1
2026-01-20 13:14:00,1.345,1.345,1.345,1.345,1
2026-01-20 13:15:00,1.345,1.345,1.345,1.345,1
2026-01-20 13:16:00,1.3449,1.345,1.3449,1.345,9
2026-01-20 13:17:00,1.345,1.345,1.345,1.345,2
2026-01-20 13:18:00,1.345,1.345,1.345,1.345,7
2026-01-20 13:19:00,1.345,1.345,1.345,1.345,0
2026-01-20 13:20:00,1.345,1.345,1.345,1.345,0
2026-01-20 13:21:00,1.345,1.345,1.345,1.345,3
2026-01-20 13:22:00,1.345,1.345,1.345,1.345,0
2026-01-20 13:23:00,1.345,1.3457,1.345,1.345,36
2026-01-20 13:24:00,1.345,1.345,1.345,1.345,0
2026-01-20 13:25:00,1.3494,1.3494,1.3494,1.3494,1
2026-01-20 13:26:00,1.345,1.345,1.34,1.345,4
2026-01-20 13:27:00,1.345,1.3458,1.345,1.345,50
2026-01-20 13:28:00,1.345,1.345,1.345,1.345,0
2026-01-20 13:29:00,1.345,1.345,1.345,1.345,3
2026-01-20 13:30:00,1.345,1.345,1.345,1.345,1
2026-01-20 13:31:00,1.345,1.345,1.345,1.345,3
2026-01-20 13:32:00,1.345,1.345,1.34,1.345,79
2026-01-20 13:33:00,1.345,1.345,1.345,1.345,0
2026-01-20 13:34:00,1.34,1.345,1.34,1.345,2
2026-01-20 13:35:00,1.345,1.35,1.34,1.34,27
2026-01-20 13:36:00,1.345,1.345,1.345,1.345,4
2026-01-20 13:37:00,1.345,1.3486,1.34,1.34,7
2026-01-20 13:38:00,1.34,1.345,1.34,1.34,4
2026-01-20 13:39:00,1.3454,1.3454,1.34,1.34,4
2026-01-20 13:40:00,1.34,1.345,1.34,1.34,4
2026-01-20 13:41:00,1.34,1.345,1.34,1.345,4
2026-01-20 13:42:00,1.34,1.34,1.34,1.34,1
2026-01-20 13:43:00,1.34,1.34,1.34,1.34,0
2026-01-20 13:44:00,1.3415,1.3415,1.3415,1.3415,1
2026-01-20 13:45:00,1.34,1.345,1.34,1.345,2
2026-01-20 13:46:00,1.34,1.345,1.34,1.345,4
2026-01-20 13:47:00,1.345,1.345,1.345,1.345,0
2026-01-20 13:48:00,1.345,1.345,1.3401,1.345,10
2026-01-20 13:49:00,1.345,1.345,1.345,1.345,0
2026-01-20 13:50:00,1.34,1.34,1.335,1.335,202
2026-01-20 13:51:00,1.335,1.335,1.3303,1.3303,4
2026-01-20 13:52:00,1.335,1.335,1.33,1.335,22
2026-01-20 13:53:00,1.3344,1.3344,1.3344,1.3344,10
2026-01-20 13:54:00,1.335,1.335,1.335,1.335,5
2026-01-20 13:55:00,1.335,1.335,1.335,1.335,15
2026-01-20 13:56:00,1.335,1.335,1.335,1.335,0
2026-01-20 13:57:00,1.335,1.335,1.335,1.335,3
2026-01-20 13:58:00,1.335,1.335,1.335,1.335,11
2026-01-20 13:59:00,1.335,1.335,1.335,1.335,103
2026-01-20 14:00:00,1.335,1.335,1.335,1.335,13
2026-01-20 14:01:00,1.335,1.335,1.335,1.335,0
2026-01-20 14:02:00,1.335,1.335,1.335,1.335,4
2026-01-20 14:03:00,1.335,1.335,1.335,1.335,0
2026-01-20 14:04:00,1.335,1.335,1.33,1.335,13
2026-01-20 14:05:00,1.33,1.335,1.33,1.335,18
2026-01-20 14:06:00,1.3399,1.3399,1.335,1.335,12
2026-01-20 14:07:00,1.33,1.35,1.33,1.345,543
2026-01-20 14:08:00,1.345,1.35,1.345,1.35,133
2026-01-20 14:09:00,1.3449,1.35,1.3449,1.35,45
2026-01-20 14:10:00,1.35,1.35,1.3445,1.3497,26
2026-01-20 14:11:00,1.35,1.35,1.35,1.35,2
2026-01-20 14:12:00,1.35,1.35,1.3458,1.35,84
2026-01-20 14:13:00,1.35,1.35,1.3458,1.35,83
2026-01-20 14:14:00,1.35,1.36,1.35,1.355,105
2026-01-20 14:15:00,1.355,1.355,1.355,1.355,1
2026-01-20 14:16:00,1.355,1.355,1.355,1.355,0
2026-01-20 14:17:00,1.355,1.355,1.355,1.355,2
2026-01-20 14:18:00,1.355,1.355,1.3542,1.355,13
2026-01-20 14:19:00,1.355,1.355,1.355,1.355,3
2026-01-20 14:20:00,1.35,1.355,1.35,1.355,42
2026-01-20 14:21:00,1.355,1.355,1.355,1.355,4
2026-01-20 14:22:00,1.3547,1.355,1.3547,1.355,25
2026-01-20 14:23:00,1.355,1.3599,1.355,1.355,52
2026-01-20 14:24:00,1.3547,1.36,1.3547,1.355,32
2026-01-20 14:25:00,1.35,1.355,1.35,1.355,12
2026-01-20 14:26:00,1.35,1.35,1.35,1.35,1
2026-01-20 14:27:00,1.35,1.355,1.35,1.355,2
2026-01-20 14:28:00,1.355,1.355,1.355,1.355,1
2026-01-20 14:29:00,1.35,1.35,1.35,1.35,1
2026-01-20 14:30:00,1.36,1.36,1.345,1.345,456
2026-01-20 14:31:00,1.345,1.35,1.345,1.35,41
2026-01-20 14:32:00,1.345,1.349,1.345,1.349,9
2026-01-20 14:33:00,1.3401,1.35,1.3401,1.345,253
2026-01-20 14:34:00,1.345,1.345,1.335,1.335,460
2026-01-20 14:35:00,1.335,1.335,1.335,1.335,6
2026-01-20 14:36:00,1.33,1.33,1.33,1.33,15
2026-01-20 14:37:00,1.33,1.33,1.33,1.33,0
2026-01-20 14:38:00,1.33,1.33,1.33,1.33,0
2026-01-20 14:39:00,1.335,1.34,1.335,1.335,6
2026-01-20 14:40:00,1.335,1.34,1.33,1.34,105
2026-01-20 14:41:00,1.34,1.34,1.335,1.3386,6
2026-01-20 14:42:00,1.331,1.34,1.331,1.34,8
2026-01-20 14:43:00,1.34,1.34,1.34,1.34,15
2026-01-20 14:44:00,1.34,1.34,1.335,1.335,2
2026-01-20 14:45:00,1.34,1.35,1.34,1.345,368
2026-01-20 14:46:00,1.3446,1.345,1.34,1.345,46
2026-01-20 14:47:00,1.35,1.35,1.345,1.3451,27
2026-01-20 14:48:00,1.3499,1.3499,1.3445,1.3445,53
2026-01-20 14:49:00,1.3498,1.3498,1.344,1.344,58
2026-01-20 14:50:00,1.345,1.345,1.341,1.341,31
2026-01-20 14:51:00,1.345,1.345,1.34,1.34,29
2026-01-20 14:52:00,1.345,1.345,1.34,1.345,13
2026-01-20 14:53:00,1.345,1.345,1.345,1.345,13
2026-01-20 14:54:00,1.345,1.3499,1.345,1.3451,34
2026-01-20 14:55:00,1.3401,1.3455,1.335,1.335,490
2026-01-20 14:56:00,1.3348,1.3399,1.3345,1.3399,47
2026-01-20 14:57:00,1.335,1.335,1.335,1.335,33
2026-01-20 14:58:00,1.3399,1.34,1.335,1.3379,50
2026-01-20 14:59:00,1.335,1.34,1.335,1.34,34
2026-01-20 15:00:00,1.3352,1.34,1.335,1.34,30
2026-01-20 15:01:00,1.3374,1.3399,1.335,1.3354,103
2026-01-20 15:02:00,1.34,1.34,1.33,1.33,24
2026-01-20 15:03:00,1.3346,1.34,1.33,1.3359,63
2026-01-20 15:04:00,1.3361,1.34,1.335,1.34,35
2026-01-20 15:05:00,1.34,1.34,1.34,1.34,12
2026-01-20 15:06:00,1.3346,1.34,1.3346,1.34,21
2026-01-20 15:07:00,1.335,1.335,1.335,1.335,24
2026-01-20 15:08:00,1.3359,1.34,1.33,1.34,31
2026-01-20 15:09:00,1.335,1.34,1.335,1.3399,33
2026-01-20 15:10:00,1.335,1.34,1.3301,1.335,46
2026-01-20 15:11:00,1.3355,1.34,1.3355,1.3399,27
2026-01-20 15:12:00,1.3398,1.34,1.33,1.34,22
2026-01-20 15:13:00,1.33,1.3354,1.33,1.3354,12
2026-01-20 15:14:00,1.335,1.34,1.335,1.3376,24
2026-01-20 15:15:00,1.34,1.34,1.3345,1.3345,28
2026-01-20 15:16:00,1.34,1.34,1.335,1.34,58
2026-01-20 15:17:00,1.335,1.34,1.335,1.34,11
2026-01-20 15:18:00,1.3381,1.34,1.336,1.3399,77
2026-01-20 15:19:00,1.335,1.34,1.335,1.3399,38
2026-01-20 15:20:00,1.335,1.34,1.3349,1.335,29
2026-01-20 15:21:00,1.3397,1.34,1.335,1.335,32
2026-01-20 15:22:00,1.34,1.34,1.34,1.34,20
2026-01-20 15:23:00,1.34,1.34,1.335,1.335,33
2026-01-20 15:24:00,1.3399,1.34,1.3301,1.3357,58
2026-01-20 15:25:00,1.335,1.34,1.335,1.335,40
2026-01-20 15:26:00,1.3399,1.3399,1.3354,1.3354,28
2026-01-20 15:27:00,1.335,1.335,1.335,1.335,16
2026-01-20 15:28:00,1.33,1.3399,1.33,1.3399,29
2026-01-20 15:29:00,1.3354,1.34,1.3354,1.3389,38
2026-01-20 15:30:00,1.3397,1.34,1.3397,1.34,23
2026-01-20 15:31:00,1.335,1.34,1.335,1.34,2
2026-01-20 15:32:00,1.34,1.34,1.34,1.34,0
2026-01-20 15:33:00,1.34,1.34,1.34,1.34,0
2026-01-20 15:34:00,1.34,1.34,1.34,1.34,10
2026-01-20 15:35:00,1.3399,1.34,1.3399,1.34,17
2026-01-20 15:36:00,1.34,1.34,1.34,1.34,0
2026-01-20 15:37:00,1.335,1.335,1.33,1.3301,294
2026-01-20 15:38:00,1.3301,1.335,1.33,1.33,113
2026-01-20 15:39:00,1.33,1.335,1.33,1.335,13
2026-01-20 15:40:00,1.33,1.33,1.33,1.33,12
2026-01-20 15:41:00,1.33,1.335,1.33,1.335,34
2026-01-20 15:42:00,1.33,1.335,1.33,1.33,19
2026-01-20 15:43:00,1.335,1.335,1.33,1.33,52
2026-01-20 15:44:00,1.33,1.335,1.33,1.335,24
2026-01-20 15:45:00,1.335,1.335,1.33,1.3301,35
2026-01-20 15:46:00,1.335,1.34,1.33,1.335,232
2026-01-20 15:47:00,1.335,1.34,1.335,1.335,29
2026-01-20 15:48:00,1.335,1.335,1.33,1.335,15
2026-01-20 15:49:00,1.3347,1.335,1.33,1.33,66
2026-01-20 15:50:00,1.33,1.335,1.33,1.33,64
2026-01-20 15:51:00,1.335,1.3399,1.33,1.33,61
2026-01-20 15:52:00,1.33,1.335,1.33,1.335,53
2026-01-20 15:53:00,1.335,1.335,1.3301,1.335,24
2026-01-20 15:54:00,1.335,1.335,1.33,1.335,65
2026-01-20 15:55:00,1.338,1.34,1.33,1.335,18
2026-01-20 15:56:00,1.33,1.335,1.33,1.3306,8
2026-01-20 15:57:00,1.335,1.3351,1.335,1.3351,19
2026-01-20 15:58:00,1.34,1.34,1.335,1.335,61
2026-01-20 15:59:00,1.335,1.35,1.33,1.345,747
2026-01-21 09:30:00,1.35,1.35,1.34,1.34,92
2026-01-21 09:31:00,1.345,1.345,1.345,1.345,4
2026-01-21 09:32:00,1.3401,1.3401,1.3401,1.3401,10
2026-01-21 09:33:00,1.345,1.345,1.345,1.345,1
2026-01-21 09:34:00,1.345,1.345,1.34,1.3412,291
2026-01-21 09:35:00,1.34,1.34,1.33,1.335,177
2026-01-21 09:36:00,1.335,1.335,1.33,1.335,53
2026-01-21 09:37:00,1.3338,1.3338,1.33,1.33,3
2026-01-21 09:38:00,1.335,1.335,1.335,1.335,9
2026-01-21 09:39:00,1.335,1.34,1.335,1.34,86
2026-01-21 09:40:00,1.335,1.34,1.335,1.34,93
2026-01-21 09:41:00,1.345,1.345,1.345,1.345,5
2026-01-21 09:42:00,1.345,1.345,1.345,1.345,0
2026-01-21 09:43:00,1.345,1.345,1.3442,1.3442,73
2026-01-21 09:44:00,1.345,1.345,1.345,1.345,8
2026-01-21 09:45:00,1.345,1.345,1.345,1.345,0
2026-01-21 09:46:00,1.345,1.345,1.345,1.345,2
2026-01-21 09:47:00,1.345,1.345,1.345,1.345,5
2026-01-21 09:48:00,1.345,1.345,1.3446,1.345,20
2026-01-21 09:49:00,1.345,1.345,1.345,1.345,6
2026-01-21 09:50:00,1.342,1.345,1.342,1.345,30
2026-01-21 09:51:00,1.345,1.345,1.345,1.345,1
2026-01-21 09:52:00,1.3446,1.3446,1.3446,1.3446,7
2026-01-21 09:53:00,1.345,1.35,1.3414,1.3414,70
2026-01-21 09:54:00,1.345,1.345,1.345,1.345,1
2026-01-21 09:55:00,1.345,1.345,1.345,1.345,0
2026-01-21 09:56:00,1.345,1.3499,1.34,1.3499,16
2026-01-21 09:57:00,1.35,1.35,1.35,1.35,20
2026-01-21 09:58:00,1.345,1.3475,1.345,1.345,6
2026-01-21 09:59:00,1.345,1.345,1.345,1.345,12
2026-01-21 10:00:00,1.345,1.345,1.345,1.345,0
2026-01-21 10:01:00,1.345,1.345,1.345,1.345,1
2026-01-21 10:02:00,1.345,1.345,1.345,1.345,0
2026-01-21 10:03:00,1.345,1.345,1.345,1.345,6
2026-01-21 10:04:00,1.3495,1.3495,1.3495,1.3495,5
2026-01-21 10:05:00,1.345,1.348,1.3445,1.345,52
2026-01-21 10:06:00,1.3401,1.3401,1.3401,1.3401,119
2026-01-21 10:07:00,1.345,1.345,1.345,1.345,1
2026-01-21 10:08:00,1.3494,1.3494,1.3494,1.3494,1
2026-01-21 10:09:00,1.345,1.345,1.345,1.345,33
2026-01-21 10:10:00,1.345,1.345,1.345,1.345,14
2026-01-21 10:11:00,1.345,1.345,1.345,1.345,0
2026-01-21 10:12:00,1.345,1.345,1.345,1.345,3
2026-01-21 10:13:00,1.345,1.3497,1.345,1.3497,44
2026-01-21 10:14:00,1.345,1.345,1.345,1.345,4
2026-01-21 10:15:00,1.345,1.349,1.345,1.345,12
2026-01-21 10:16:00,1.345,1.345,1.345,1.345,20
2026-01-21 10:17:00,1.345,1.345,1.34,1.345,14
2026-01-21 10:18:00,1.345,1.345,1.345,1.345,2
2026-01-21 10:19:00,1.345,1.345,1.345,1.345,3
2026-01-21 10:20:00,1.345,1.345,1.345,1.345,3
2026-01-21 10:21:00,1.345,1.35,1.345,1.35,2
2026-01-21 10:22:00,1.345,1.345,1.345,1.345,6
2026-01-21 10:23:00,1.345,1.345,1.345,1.345,3
2026-01-21 10:24:00,1.345,1.345,1.345,1.345,3
2026-01-21 10:25:00,1.345,1.345,1.345,1.345,1
2026-01-21 10:26:00,1.345,1.345,1.345,1.345,1
2026-01-21 10:27:00,1.345,1.345,1.345,1.345,3
2026-01-21 10:28:00,1.345,1.345,1.345,1.345,10
2026-01-21 10:29:00,1.345,1.35,1.34,1.34,21
2026-01-21 10:30:00,1.34,1.34,1.34,1.34,10
2026-01-21 10:31:00,1.34,1.34,1.34,1.34,0
2026-01-21 10:32:00,1.3401,1.3401,1.34,1.34,6
2026-01-21 10:33:00,1.345,1.3499,1.345,1.345,43
2026-01-21 10:34:00,1.345,1.345,1.34,1.34,4
2026-01-21 10:35:00,1.345,1.345,1.345,1.345,6
2026-01-21 10:36:00,1.34,1.345,1.34,1.345,2
2026-01-21 10:37:00,1.34,1.345,1.34,1.34,17
2026-01-21 10:38:00,1.345,1.345,1.3401,1.3401,15
2026-01-21 10:39:00,1.3424,1.345,1.3424,1.345,77
2026-01-21 10:40:00,1.345,1.35,1.34,1.34,63
2026-01-21 10:41:00,1.345,1.345,1.3441,1.3442,28
2026-01-21 10:42:00,1.3442,1.3442,1.3442,1.3442,0
2026-01-21 10:43:00,1.3454,1.3454,1.3454,1.3454,10
2026-01-21 10:44:00,1.345,1.345,1.3447,1.345,36
2026-01-21 10:45:00,1.35,1.35,1.345,1.345,48
2026-01-21 10:46:00,1.345,1.345,1.345,1.345,0
2026-01-21 10:47:00,1.345,1.35,1.345,1.35,11
2026-01-21 10:48:00,1.345,1.345,1.345,1.345,6
2026-01-21 10:49:00,1.3487,1.3487,1.3445,1.3445,22
2026-01-21 10:50:00,1.345,1.35,1.345,1.3486,33
2026-01-21 10:51:00,1.35,1.35,1.345,1.35,104
2026-01-21 10:52:00,1.35,1.35,1.35,1.35,6
2026-01-21 10:53:00,1.35,1.35,1.3494,1.35,7
2026-01-21 10:54:00,1.35,1.35,1.34,1.35,35
2026-01-21 10:55:00,1.35,1.36,1.35,1.36,123
2026-01-21 10:56:00,1.355,1.36,1.355,1.36,13
2026-01-21 10:57:00,1.36,1.36,1.355,1.36,7
2026-01-21 10:58:00,1.355,1.36,1.355,1.355,16
2026-01-21 10:59:00,1.36,1.36,1.355,1.355,9
2026-01-21 11:00:00,1.3554,1.36,1.355,1.355,61
2026-01-21 11:01:00,1.36,1.36,1.355,1.36,225
2026-01-21 11:02:00,1.355,1.36,1.355,1.36,5
2026-01-21 11:03:00,1.355,1.36,1.35,1.355,11
2026-01-21 11:04:00,1.355,1.36,1.355,1.355,8
2026-01-21 11:05:00,1.355,1.36,1.355,1.355,8
2026-01-21 11:06:00,1.36,1.36,1.35,1.355,28
2026-01-21 11:07:00,1.36,1.36,1.355,1.355,8
2026-01-21 11:08:00,1.36,1.36,1.35,1.355,104
2026-01-21 11:09:00,1.355,1.355,1.355,1.355,7
2026-01-21 11:10:00,1.35,1.35,1.345,1.345,189
2026-01-21 11:11:00,1.345,1.345,1.3445,1.345,20
2026-01-21 11:12:00,1.3499,1.3499,1.345,1.345,74
2026-01-21 11:13:00,1.345,1.3498,1.3445,1.3445,36
2026-01-21 11:14:00,1.345,1.3498,1.34,1.34,33
2026-01-21 11:15:00,1.35,1.35,1.345,1.35,343
2026-01-21 11:16:00,1.35,1.35,1.3499,1.35,50
2026-01-21 11:17:00,1.35,1.355,1.35,1.355,86
2026-01-21 11:18:00,1.355,1.355,1.355,1.355,2
2026-01-21 11:19:00,1.355,1.355,1.355,1.355,0
2026-01-21 11:20:00,1.355,1.355,1.355,1.355,1
2026-01-21 11:21:00,1.35,1.35,1.35,1.35,4
2026-01-21 11:22:00,1.355,1.355,1.355,1.355,1
2026-01-21 11:23:00,1.3501,1.3501,1.34,1.345,326
2026-01-21 11:24:00,1.3455,1.3455,1.3445,1.3445,29
2026-01-21 11:25:00,1.34,1.35,1.34,1.35,305
2026-01-21 11:26:00,1.3445,1.3451,1.34,1.3451,44
2026-01-21 11:27:00,1.3483,1.35,1.3449,1.3449,113
2026-01-21 11:28:00,1.3499,1.3499,1.345,1.345,38
2026-01-21 11:29:00,1.35,1.35,1.34,1.35,266
2026-01-21 11:30:00,1.35,1.355,1.3455,1.355,90
2026-01-21 11:31:00,1.355,1.355,1.355,1.355,6
2026-01-21 11:32:00,1.355,1.355,1.355,1.355,17
2026-01-21 11:33:00,1.355,1.355,1.355,1.355,3
2026-01-21 11:34:00,1.355,1.355,1.355,1.355,6
2026-01-21 11:35:00,1.35,1.355,1.35,1.355,9
2026-01-21 11:36:00,1.355,1.355,1.355,1.355,2
2026-01-21 11:37:00,1.355,1.355,1.35,1.35,202
2026-01-21 11:38:00,1.34,1.345,1.34,1.3446,30
2026-01-21 11:39:00,1.345,1.345,1.3442,1.3442,27
2026-01-21 11:40:00,1.344,1.3499,1.344,1.3499,30
2026-01-21 11:41:00,1.345,1.345,1.3442,1.3442,30
2026-01-21 11:42:00,1.345,1.3499,1.344,1.344,50
2026-01-21 11:43:00,1.3422,1.349,1.3415,1.3415,44
2026-01-21 11:44:00,1.345,1.3452,1.34,1.345,34
2026-01-21 11:45:00,1.34,1.3499,1.34,1.345,33
2026-01-21 11:46:00,1.34,1.345,1.34,1.345,22
2026-01-21 11:47:00,1.3437,1.3455,1.34,1.34,51
2026-01-21 11:48:00,1.345,1.35,1.34,1.35,35
2026-01-21 11:49:00,1.34,1.345,1.3301,1.34,379
2026-01-21 11:50:00,1.335,1.34,1.335,1.34,149
2026-01-21 11:51:00,1.34,1.34,1.33,1.335,192
2026-01-21 11:52:00,1.335,1.335,1.33,1.33,24
2026-01-21 11:53:00,1.3399,1.3399,1.3337,1.335,55
2026-01-21 11:54:00,1.3344,1.3344,1.33,1.33,43
2026-01-21 11:55:00,1.34,1.34,1.33,1.3344,64
2026-01-21 11:56:00,1.335,1.335,1.33,1.33,43
2026-01-21 11:57:00,1.3389,1.3389,1.335,1.3387,74
2026-01-21 11:58:00,1.335,1.335,1.335,1.335,2
2026-01-21 11:59:00,1.335,1.335,1.335,1.335,4
2026-01-21 12:00:00,1.335,1.335,1.335,1.335,5
2026-01-21 12:01:00,1.33,1.335,1.33,1.335,40
2026-01-21 12:02:00,1.335,1.335,1.335,1.335,26
2026-01-21 12:03:00,1.335,1.335,1.335,1.335,28
2026-01-21 12:04:00,1.335,1.335,1.335,1.335,5
2026-01-21 12:05:00,1.3372,1.34,1.335,1.335,14
2026-01-21 12:06:00,1.335,1.335,1.335,1.335,4
2026-01-21 12:07:00,1.335,1.335,1.335,1.335,5
2026-01-21 12:08:00,1.335,1.335,1.3301,1.335,41
2026-01-21 12:09:00,1.335,1.335,1.335,1.335,3
2026-01-21 12:10:00,1.335,1.335,1.33,1.33,27
2026-01-21 12:11:00,1.335,1.335,1.335,1.335,4
2026-01-21 12:12:00,1.335,1.335,1.335,1.335,0
2026-01-21 12:13:00,1.335,1.335,1.335,1.335,2
2026-01-21 12:14:00,1.335,1.335,1.33,1.335,8
2026-01-21 12:15:00,1.33,1.34,1.33,1.34,4
2026-01-21 12:16:00,1.335,1.335,1.335,1.335,1
2026-01-21 12:17:00,1.335,1.335,1.335,1.335,2
2026-01-21 12:18:00,1.33,1.335,1.33,1.335,2
2026-01-21 12:19:00,1.335,1.335,1.33,1.335,28
2026-01-21 12:20:00,1.335,1.335,1.335,1.335,109
2026-01-21 12:21:00,1.335,1.335,1.335,1.335,1
2026-01-21 12:22:00,1.335,1.335,1.33,1.3325,39
2026-01-21 12:23:00,1.335,1.335,1.335,1.335,11
2026-01-21 12:24:00,1.335,1.335,1.335,1.335,0
2026-01-21 12:25:00,1.34,1.34,1.335,1.335,8
2026-01-21 12:26:00,1.3399,1.34,1.335,1.335,71
2026-01-21 12:27:00,1.33,1.33,1.33,1.33,1
2026-01-21 12:28:00,1.33,1.33,1.33,1.33,0
2026-01-21 12:29:00,1.33,1.33,1.33,1.33,0
2026-01-21 12:30:00,1.335,1.335,1.335,1.335,11
2026-01-21 12:31:00,1.335,1.335,1.335,1.335,0
2026-01-21 12:32:00,1.335,1.335,1.335,1.335,1
2026-01-21 12:33:00,1.3301,1.335,1.3301,1.335,12
2026-01-21 12:34:00,1.335,1.335,1.33,1.335,5
2026-01-21 12:35:00,1.335,1.335,1.335,1.335,3
2026-01-21 12:36:00,1.34,1.34,1.3357,1.3371,17
2026-01-21 12:37:00,1.335,1.3362,1.335,1.3359,12
2026-01-21 12:38:00,1.3301,1.335,1.3301,1.3314,32
2026-01-21 12:39:00,1.335,1.335,1.3337,1.335,66
2026-01-21 12:40:00,1.33,1.33,1.33,1.33,1
2026-01-21 12:41:00,1.335,1.335,1.335,1.335,1
2026-01-21 12:42:00,1.3339,1.3339,1.3339,1.3339,6
2026-01-21 12:43:00,1.34,1.34,1.335,1.34,196
2026-01-21 12:44:00,1.34,1.345,1.3346,1.345,125
2026-01-21 12:45:00,1.345,1.345,1.345,1.345,4
2026-01-21 12:46:00,1.345,1.345,1.345,1.345,5
2026-01-21 12:47:00,1.345,1.345,1.345,1.345,1
2026-01-21 12:48:00,1.345,1.345,1.345,1.345,1
2026-01-21 12:49:00,1.345,1.345,1.34,1.34,2
2026-01-21 12:50:00,1.35,1.35,1.345,1.345,103
2026-01-21 12:51:00,1.345,1.345,1.345,1.345,3
2026-01-21 12:52:00,1.345,1.35,1.345,1.345,8
2026-01-21 12:53:00,1.345,1.345,1.345,1.345,3
2026-01-21 12:54:00,1.345,1.345,1.345,1.345,15
2026-01-21 12:55:00,1.345,1.345,1.345,1.345,0
2026-01-21 12:56:00,1.345,1.345,1.34,1.345,8
2026-01-21 12:57:00,1.345,1.345,1.345,1.345,1
2026-01-21 12:58:00,1.345,1.345,1.342,1.345,14
2026-01-21 12:59:00,1.35,1.35,1.345,1.345,12
2026-01-21 13:00:00,1.345,1.35,1.345,1.35,38
2026-01-21 13:01:00,1.3494,1.3494,1.345,1.345,12
2026-01-21 13:02:00,1.345,1.345,1.345,1.345,2
2026-01-21 13:03:00,1.3435,1.345,1.34,1.34,377
2026-01-21 13:04:00,1.34,1.345,1.34,1.34,164
2026-01-21 13:05:00,1.345,1.345,1.345,1.345,1
2026-01-21 13:06:00,1.345,1.345,1.345,1.345,0
2026-01-21 13:07:00,1.345,1.345,1.345,1.345,1
2026-01-21 13:08:00,1.34,1.34,1.34,1.34,1
2026-01-21 13:09:00,1.345,1.345,1.34,1.345,4
2026-01-21 13:10:00,1.345,1.345,1.345,1.345,1
2026-01-21 13:11:00,1.345,1.345,1.345,1.345,1
2026-01-21 13:12:00,1.345,1.345,1.345,1.345,1
2026-01-21 13:13:00,1.345,1.345,1.345,1.345,1
2026-01-21 13:14:00,1.345,1.345,1.34,1.34,2
2026-01-21 13:15:00,1.34,1.34,1.34,1.34,0
2026-01-21 13:16:00,1.34,1.345,1.34,1.345,5
2026-01-21 13:17:00,1.345,1.345,1.345,1.345,1
2026-01-21 13:18:00,1.345,1.345,1.345,1.345,2
2026-01-21 13:19:00,1.345,1.345,1.345,1.345,1
2026-01-21 13:20:00,1.345,1.3485,1.345,1.3485,4
2026-01-21 13:21:00,1.3401,1.345,1.3401,1.345,6
2026-01-21 13:22:00,1.34,1.345,1.34,1.345,5
2026-01-21 13:23:00,1.35,1.35,1.34,1.345,23
2026-01-21 13:24:00,1.345,1.345,1.3401,1.345,12
2026-01-21 13:25:00,1.345,1.345,1.34,1.345,4
2026-01-21 13:26:00,1.34,1.34,1.34,1.34,1
2026-01-21 13:27:00,1.34,1.345,1.34,1.345,2
2026-01-21 13:28:00,1.345,1.345,1.34,1.34,87
2026-01-21 13:29:00,1.345,1.345,1.345,1.345,1
2026-01-21 13:30:00,1.345,1.345,1.345,1.345,0
2026-01-21 13:31:00,1.345,1.345,1.34,1.34,3
2026-01-21 13:32:00,1.345,1.345,1.3429,1.3429,9
2026-01-21 13:33:00,1.34,1.345,1.34,1.345,2
2026-01-21 13:34:00,1.345,1.345,1.34,1.34,2
2026-01-21 13:35:00,1.345,1.345,1.345,1.345,2
2026-01-21 13:36:00,1.345,1.345,1.345,1.345,23
2026-01-21 13:37:00,1.34,1.345,1.34,1.345,10
2026-01-21 13:38:00,1.34,1.345,1.34,1.345,27
2026-01-21 13:39:00,1.34,1.345,1.34,1.345,2
2026-01-21 13:40:00,1.345,1.345,1.34,1.345,6
2026-01-21 13:41:00,1.345,1.345,1.345,1.345,1
2026-01-21 13:42:00,1.34,1.345,1.34,1.345,2
2026-01-21 13:43:00,1.34,1.345,1.34,1.345,3
2026-01-21 13:44:00,1.345,1.345,1.34,1.34,2
2026-01-21 13:45:00,1.34,1.345,1.34,1.34,7
2026-01-21 13:46:00,1.34,1.345,1.34,1.345,55
2026-01-21 13:47:00,1.34,1.345,1.34,1.3409,22
2026-01-21 13:48:00,1.345,1.345,1.34,1.34,3
2026-01-21 13:49:00,1.34,1.345,1.34,1.345,35
2026-01-21 13:50:00,1.345,1.345,1.34,1.34,3
2026-01-21 13:51:00,1.3401,1.345,1.3401,1.345,6
2026-01-21 13:52:00,1.34,1.3494,1.34,1.34,7
2026-01-21 13:53:00,1.34,1.34,1.34,1.34,2
2026-01-21 13:54:00,1.345,1.345,1.34,1.34,14
2026-01-21 13:55:00,1.345,1.345,1.345,1.345,1
2026-01-21 13:56:00,1.345,1.345,1.34,1.34,8
2026-01-21 13:57:00,1.345,1.35,1.34,1.34,5
2026-01-21 13:58:00,1.345,1.345,1.345,1.345,1
2026-01-21 13:59:00,1.345,1.345,1.345,1.345,1
2026-01-21 14:00:00,1.345,1.345,1.34,1.345,4
2026-01-21 14:01:00,1.345,1.345,1.345,1.345,1
2026-01-21 14:02:00,1.345,1.345,1.345,1.345,1
2026-01-21 14:03:00,1.345,1.345,1.34,1.345,4
2026-01-21 14:04:00,1.345,1.345,1.345,1.345,2
2026-01-21 14:05:00,1.345,1.345,1.345,1.345,52
2026-01-21 14:06:00,1.34,1.34,1.33,1.33,271
2026-01-21 14:07:00,1.3399,1.3399,1.335,1.335,38
2026-01-21 14:08:00,1.3346,1.3353,1.3346,1.335,61
2026-01-21 14:09:00,1.335,1.34,1.33,1.3347,57
2026-01-21 14:10:00,1.335,1.3352,1.3349,1.3349,47
2026-01-21 14:11:00,1.3349,1.3349,1.3349,1.3349,19
2026-01-21 14:12:00,1.335,1.34,1.33,1.34,52
2026-01-21 14:13:00,1.335,1.34,1.3348,1.335,63
2026-01-21 14:14:00,1.3351,1.3351,1.3351,1.3351,19
2026-01-21 14:15:00,1.335,1.3397,1.3346,1.3346,49
2026-01-21 14:16:00,1.335,1.3388,1.335,1.3388,12
2026-01-21 14:17:00,1.3354,1.34,1.33,1.335,52
2026-01-21 14:18:00,1.3385,1.34,1.335,1.335,3
2026-01-21 14:19:00,1.34,1.34,1.335,1.3394,255
2026-01-21 14:20:00,1.34,1.34,1.34,1.34,12
2026-01-21 14:21:00,1.34,1.34,1.34,1.34,158
2026-01-21 14:22:00,1.34,1.34,1.335,1.335,28
2026-01-21 14:23:00,1.34,1.34,1.34,1.34,10
2026-01-21 14:24:00,1.34,1.34,1.335,1.34,13
2026-01-21 14:25:00,1.34,1.34,1.335,1.335,9
2026-01-21 14:26:00,1.335,1.345,1.335,1.345,77
2026-01-21 14:27:00,1.345,1.355,1.345,1.355,159
2026-01-21 14:28:00,1.3501,1.355,1.3501,1.355,13
2026-01-21 14:29:00,1.355,1.355,1.355,1.355,2
2026-01-21 14:30:00,1.355,1.355,1.355,1.355,23
2026-01-21 14:31:00,1.355,1.355,1.355,1.355,5
2026-01-21 14:32:00,1.355,1.355,1.355,1.355,3
2026-01-21 14:33:00,1.355,1.355,1.355,1.355,0
2026-01-21 14:34:00,1.355,1.355,1.355,1.355,0
2026-01-21 14:35:00,1.355,1.355,1.3527,1.355,89
2026-01-21 14:36:00,1.35,1.355,1.35,1.355,5
2026-01-21 14:37:00,1.355,1.355,1.355,1.355,1
2026-01-21 14:38:00,1.355,1.36,1.355,1.355,31
2026-01-21 14:39:00,1.355,1.355,1.355,1.355,59
2026-01-21 14:40:00,1.355,1.3599,1.35,1.355,32
2026-01-21 14:41:00,1.355,1.355,1.355,1.355,2
2026-01-21 14:42:00,1.355,1.365,1.355,1.365,456
2026-01-21 14:43:00,1.365,1.365,1.365,1.365,1
2026-01-21 14:44:00,1.365,1.365,1.365,1.365,2
2026-01-21 14:45:00,1.365,1.365,1.365,1.365,4
2026-01-21 14:46:00,1.365,1.365,1.365,1.365,11
2026-01-21 14:47:00,1.37,1.37,1.365,1.365,51
2026-01-21 14:48:00,1.365,1.365,1.3629,1.3629,26
2026-01-21 14:49:00,1.365,1.3697,1.365,1.365,48
2026-01-21 14:50:00,1.3658,1.3694,1.365,1.365,55
2026-01-21 14:51:00,1.365,1.365,1.365,1.365,8
2026-01-21 14:52:00,1.365,1.365,1.36,1.36,3
2026-01-21 14:53:00,1.365,1.365,1.365,1.365,3
2026-01-21 14:54:00,1.365,1.365,1.3601,1.3601,13
2026-01-21 14:55:00,1.365,1.365,1.365,1.365,3
2026-01-21 14:56:00,1.365,1.3699,1.365,1.365,6
2026-01-21 14:57:00,1.365,1.365,1.365,1.365,2
2026-01-21 14:58:00,1.365,1.365,1.36,1.365,3
2026-01-21 14:59:00,1.3612,1.365,1.3612,1.365,31
2026-01-21 15:00:00,1.365,1.365,1.36,1.365,6
2026-01-21 15:01:00,1.365,1.365,1.365,1.365,1
2026-01-21 15:02:00,1.36,1.365,1.36,1.365,9
2026-01-21 15:03:00,1.365,1.365,1.365,1.365,7
2026-01-21 15:04:00,1.365,1.365,1.365,1.365,6
2026-01-21 15:05:00,1.365,1.365,1.36,1.365,19
2026-01-21 15:06:00,1.365,1.365,1.365,1.365,5
2026-01-21 15:07:00,1.365,1.365,1.365,1.365,10
2026-01-21 15:08:00,1.36,1.3698,1.36,1.365,22
2026-01-21 15:09:00,1.3652,1.3652,1.365,1.365,128
2026-01-21 15:10:00,1.365,1.365,1.36,1.36,160
2026-01-21 15:11:00,1.36,1.36,1.36,1.36,5
2026-01-21 15:12:00,1.36,1.39,1.36,1.3601,1240
2026-01-21 15:13:00,1.365,1.365,1.36,1.365,17
2026-01-21 15:14:00,1.36,1.3642,1.36,1.3642,13
2026-01-21 15:15:00,1.36,1.365,1.36,1.365,14
2026-01-21 15:16:00,1.36,1.365,1.36,1.365,11
2026-01-21 15:17:00,1.365,1.365,1.36,1.36,12
2026-01-21 15:18:00,1.36,1.36,1.36,1.36,102
2026-01-21 15:19:00,1.365,1.365,1.36,1.36,19
2026-01-21 15:20:00,1.36,1.36,1.36,1.36,12
2026-01-21 15:21:00,1.36,1.36,1.355,1.355,132
2026-01-21 15:22:00,1.355,1.355,1.355,1.355,7
2026-01-21 15:23:00,1.355,1.355,1.3501,1.355,278
2026-01-21 15:24:00,1.355,1.355,1.35,1.355,55
2026-01-21 15:25:00,1.355,1.355,1.355,1.355,0
2026-01-21 15:26:00,1.355,1.355,1.355,1.355,5
2026-01-21 15:27:00,1.355,1.355,1.35,1.3536,17
2026-01-21 15:28:00,1.3501,1.355,1.3501,1.355,9
2026-01-21 15:29:00,1.355,1.355,1.35,1.355,5
2026-01-21 15:30:00,1.35,1.355,1.35,1.355,24
2026-01-21 15:31:00,1.355,1.355,1.35,1.355,58
2026-01-21 15:32:00,1.355,1.355,1.35,1.355,20
2026-01-21 15:33:00,1.355,1.355,1.35,1.355,89
2026-01-21 15:34:00,1.35,1.355,1.35,1.355,16
2026-01-21 15:35:00,1.35,1.355,1.35,1.355,3
2026-01-21 15:36:00,1.355,1.355,1.35,1.355,15
2026-01-21 15:37:00,1.35,1.355,1.35,1.35,11
2026-01-21 15:38:00,1.355,1.355,1.35,1.3525,8
2026-01-21 15:39:00,1.355,1.355,1.35,1.355,19
2026-01-21 15:40:00,1.35,1.355,1.35,1.35,13
2026-01-21 15:41:00,1.355,1.3554,1.35,1.355,9
2026-01-21 15:42:00,1.35,1.355,1.35,1.35,51
2026-01-21 15:43:00,1.35,1.355,1.35,1.35,8
2026-01-21 15:44:00,1.355,1.355,1.35,1.355,35
2026-01-21 15:45:00,1.355,1.355,1.35,1.355,35
2026-01-21 15:46:00,1.355,1.355,1.35,1.35,8
2026-01-21 15:47:00,1.355,1.355,1.35,1.355,661
2026-01-21 15:48:00,1.35,1.355,1.35,1.35,23
2026-01-21 15:49:00,1.355,1.355,1.35,1.35,12
2026-01-21 15:50:00,1.35,1.36,1.35,1.355,358
2026-01-21 15:51:00,1.36,1.36,1.355,1.36,19
2026-01-21 15:52:00,1.355,1.36,1.355,1.355,40
2026-01-21 15:53:00,1.355,1.37,1.355,1.37,833
2026-01-21 15:54:00,1.365,1.37,1.365,1.365,90
2026-01-21 15:55:00,1.365,1.365,1.36,1.365,35
2026-01-21 15:56:00,1.3687,1.37,1.365,1.365,30
2026-01-21 15:57:00,1.365,1.365,1.36,1.365,69
2026-01-21 15:58:00,1.3699,1.3699,1.36,1.365,80
2026-01-21 15:59:00,1.365,1.37,1.36,1.365,456
2026-01-22 09:30:00,1.36,1.38,1.36,1.375,149
2026-01-22 09:31:00,1.3773,1.38,1.37,1.37,140
2026-01-22 09:32:00,1.375,1.3759,1.3701,1.3701,43
2026-01-22 09:33:00,1.38,1.38,1.3799,1.3799,30
2026-01-22 09:34:00,1.37,1.37,1.365,1.37,83
2026-01-22 09:35:00,1.37,1.37,1.37,1.37,5
2026-01-22 09:36:00,1.37,1.3755,1.37,1.37,208
2026-01-22 09:37:00,1.37,1.3733,1.37,1.37,52
2026-01-22 09:38:00,1.37,1.37,1.37,1.37,5
2026-01-22 09:39:00,1.37,1.37,1.37,1.37,4
2026-01-22 09:40:00,1.375,1.375,1.37,1.37,59
2026-01-22 09:41:00,1.37,1.37,1.37,1.37,1
2026-01-22 09:42:00,1.37,1.3701,1.37,1.37,136
2026-01-22 09:43:00,1.37,1.37,1.37,1.37,2
2026-01-22 09:44:00,1.37,1.37,1.37,1.37,1
2026-01-22 09:45:00,1.37,1.37,1.37,1.37,0
2026-01-22 09:46:00,1.375,1.375,1.37,1.37,93
2026-01-22 09:47:00,1.37,1.37,1.37,1.37,0
2026-01-22 09:48:00,1.37,1.37,1.365,1.365,69
2026-01-22 09:49:00,1.365,1.365,1.36,1.36,2
2026-01-22 09:50:00,1.365,1.37,1.36,1.36,16
2026-01-22 09:51:00,1.37,1.37,1.365,1.365,31
2026-01-22 09:52:00,1.37,1.375,1.365,1.375,213
2026-01-22 09:53:00,1.38,1.38,1.38,1.38,5
2026-01-22 09:54:00,1.37,1.375,1.37,1.375,2
2026-01-22 09:55:00,1.38,1.38,1.375,1.38,6
2026-01-22 09:56:00,1.38,1.385,1.375,1.38,568
2026-01-22 09:57:00,1.38,1.3898,1.375,1.3797,74
2026-01-22 09:58:00,1.3797,1.3797,1.3797,1.3797,0
2026-01-22 09:59:00,1.375,1.375,1.375,1.375,4
2026-01-22 10:00:00,1.37,1.37,1.37,1.37,1
2026-01-22 10:01:00,1.375,1.375,1.375,1.375,6
2026-01-22 10:02:00,1.37,1.375,1.37,1.375,9
2026-01-22 10:03:00,1.37,1.38,1.37,1.38,20
2026-01-22 10:04:00,1.3795,1.38,1.375,1.38,44
2026-01-22 10:05:00,1.375,1.38,1.37,1.375,17
2026-01-22 10:06:00,1.38,1.38,1.375,1.375,28
2026-01-22 10:07:00,1.38,1.38,1.38,1.38,13
2026-01-22 10:08:00,1.38,1.38,1.37,1.38,18
2026-01-22 10:09:00,1.375,1.38,1.3705,1.38,45
2026-01-22 10:10:00,1.38,1.38,1.375,1.375,13
2026-01-22 10:11:00,1.38,1.38,1.37,1.375,13
2026-01-22 10:12:00,1.38,1.38,1.375,1.38,19
2026-01-22 10:13:00,1.38,1.38,1.375,1.375,13
2026-01-22 10:14:00,1.38,1.38,1.37,1.38,232
2026-01-22 10:15:00,1.38,1.38,1.375,1.38,15
2026-01-22 10:16:00,1.38,1.38,1.37,1.37,51
2026-01-22 10:17:00,1.38,1.38,1.38,1.38,10
2026-01-22 10:18:00,1.38,1.39,1.38,1.385,168
2026-01-22 10:19:00,1.39,1.39,1.38,1.39,77
2026-01-22 10:20:00,1.385,1.39,1.385,1.385,612
2026-01-22 10:21:00,1.385,1.3894,1.385,1.385,30
2026-01-22 10:22:00,1.385,1.3899,1.38,1.385,92
2026-01-22 10:23:00,1.385,1.385,1.385,1.385,20
2026-01-22 10:24:00,1.38,1.385,1.38,1.385,6
2026-01-22 10:25:00,1.38,1.3899,1.38,1.385,259
2026-01-22 10:26:00,1.38,1.38,1.38,1.38,1
2026-01-22 10:27:00,1.3867,1.3867,1.38,1.38,23
2026-01-22 10:28:00,1.38,1.38,1.38,1.38,0
2026-01-22 10:29:00,1.39,1.39,1.39,1.39,2
2026-01-22 10:30:00,1.3899,1.3899,1.38,1.385,16
2026-01-22 10:31:00,1.39,1.39,1.385,1.385,32
2026-01-22 10:32:00,1.384,1.395,1.384,1.395,228
2026-01-22 10:33:00,1.395,1.395,1.39,1.392,62
2026-01-22 10:34:00,1.395,1.395,1.395,1.395,1
2026-01-22 10:35:00,1.395,1.395,1.3901,1.395,35
2026-01-22 10:36:00,1.39,1.395,1.39,1.395,6
2026-01-22 10:37:00,1.395,1.4,1.3946,1.395,82
2026-01-22 10:38:00,1.3999,1.4,1.39,1.4,43
2026-01-22 10:39:00,1.39,1.39,1.39,1.39,72
2026-01-22 10:40:00,1.3913,1.3913,1.3913,1.3913,1
2026-01-22 10:41:00,1.395,1.395,1.39,1.395,34
2026-01-22 10:42:00,1.395,1.4,1.395,1.395,4
2026-01-22 10:43:00,1.4,1.4,1.395,1.395,5
2026-01-22 10:44:00,1.39,1.395,1.39,1.395,72
2026-01-22 10:45:00,1.395,1.395,1.395,1.395,8
2026-01-22 10:46:00,1.395,1.395,1.395,1.395,55
2026-01-22 10:47:00,1.39,1.4,1.39,1.3989,18
2026-01-22 10:48:00,1.395,1.395,1.39,1.39,41
2026-01-22 10:49:00,1.395,1.395,1.39,1.39,26
2026-01-22 10:50:00,1.39,1.39,1.39,1.39,0
2026-01-22 10:51:00,1.39,1.4,1.39,1.39,21
2026-01-22 10:52:00,1.395,1.4,1.39,1.395,7
2026-01-22 10:53:00,1.395,1.395,1.3901,1.395,21
2026-01-22 10:54:00,1.395,1.395,1.395,1.395,0
2026-01-22 10:55:00,1.395,1.395,1.39,1.395,9
2026-01-22 10:56:00,1.3999,1.3999,1.3999,1.3999,10
2026-01-22 10:57:00,1.395,1.395,1.39,1.39,4
2026-01-22 10:58:00,1.39,1.4,1.39,1.395,12
2026-01-22 10:59:00,1.395,1.395,1.395,1.395,1
2026-01-22 11:00:00,1.399,1.399,1.39,1.395,10
2026-01-22 11:01:00,1.395,1.395,1.395,1.395,4
2026-01-22 11:02:00,1.395,1.395,1.395,1.395,3
2026-01-22 11:03:00,1.39,1.4,1.39,1.395,15
2026-01-22 11:04:00,1.3975,1.4,1.395,1.395,3
2026-01-22 11:05:00,1.395,1.395,1.395,1.395,22
2026-01-22 11:06:00,1.39,1.395,1.39,1.395,4
2026-01-22 11:07:00,1.4,1.4,1.395,1.395,63
2026-01-22 11:08:00,1.395,1.3999,1.39,1.39,102
2026-01-22 11:09:00,1.395,1.395,1.395,1.395,89
2026-01-22 11:10:00,1.395,1.4,1.39,1.395,8
2026-01-22 11:11:00,1.395,1.395,1.395,1.395,1
2026-01-22 11:12:00,1.395,1.395,1.39,1.39,3
2026-01-22 11:13:00,1.3903,1.395,1.3901,1.3901,52
2026-01-22 11:14:00,1.395,1.395,1.39,1.39,25
2026-01-22 11:15:00,1.395,1.395,1.39,1.39,18
2026-01-22 11:16:00,1.39,1.4,1.39,1.395,117
2026-01-22 11:17:00,1.39,1.395,1.39,1.395,21
2026-01-22 11:18:00,1.39,1.395,1.39,1.39,88
2026-01-22 11:19:00,1.39,1.4,1.39,1.39,131
2026-01-22 11:20:00,1.39,1.395,1.39,1.39,27
2026-01-22 11:21:00,1.39,1.4,1.39,1.39,102
2026-01-22 11:22:00,1.39,1.39,1.39,1.39,4
2026-01-22 11:23:00,1.39,1.39,1.385,1.385,102
2026-01-22 11:24:00,1.385,1.385,1.385,1.385,1
2026-01-22 11:25:00,1.385,1.385,1.38,1.38,2
2026-01-22 11:26:00,1.385,1.385,1.385,1.385,1
2026-01-22 11:27:00,1.385,1.385,1.38,1.38,3
2026-01-22 11:28:00,1.38,1.38,1.38,1.38,1
2026-01-22 11:29:00,1.385,1.385,1.385,1.385,80
2026-01-22 11:30:00,1.385,1.385,1.38,1.38,6
2026-01-22 11:31:00,1.385,1.388,1.38,1.388,104
2026-01-22 11:32:00,1.385,1.385,1.3845,1.3846,5
2026-01-22 11:33:00,1.38,1.385,1.38,1.385,5
2026-01-22 11:34:00,1.3894,1.3894,1.385,1.385,17
2026-01-22 11:35:00,1.385,1.385,1.3801,1.385,12
2026-01-22 11:36:00,1.385,1.385,1.38,1.385,5
2026-01-22 11:37:00,1.385,1.385,1.385,1.385,1
2026-01-22 11:38:00,1.385,1.385,1.385,1.385,3
2026-01-22 11:39:00,1.38,1.385,1.38,1.385,3
2026-01-22 11:40:00,1.385,1.39,1.385,1.39,2
2026-01-22 11:41:00,1.39,1.39,1.38,1.39,6
2026-01-22 11:42:00,1.385,1.385,1.385,1.385,2
2026-01-22 11:43:00,1.3875,1.3875,1.3875,1.3875,1
2026-01-22 11:44:00,1.385,1.385,1.38,1.38,2
2026-01-22 11:45:00,1.38,1.385,1.38,1.385,24
2026-01-22 11:46:00,1.3835,1.3837,1.38,1.38,42
2026-01-22 11:47:00,1.3806,1.385,1.38,1.38,10
2026-01-22 11:48:00,1.3855,1.3855,1.385,1.385,2
2026-01-22 11:49:00,1.385,1.39,1.385,1.39,16
2026-01-22 11:50:00,1.38,1.38,1.38,1.38,2
2026-01-22 11:51:00,1.385,1.385,1.38,1.38,87
2026-01-22 11:52:00,1.38,1.38,1.38,1.38,3
2026-01-22 11:53:00,1.38,1.385,1.38,1.385,56
2026-01-22 11:54:00,1.38,1.38,1.38,1.38,1
2026-01-22 11:55:00,1.39,1.39,1.38,1.38,7
2026-01-22 11:56:00,1.385,1.385,1.38,1.38,21
2026-01-22 11:57:00,1.38,1.38,1.38,1.38,0
2026-01-22 11:58:00,1.38,1.38,1.38,1.38,2
2026-01-22 11:59:00,1.38,1.38,1.38,1.38,2
2026-01-22 12:00:00,1.38,1.38,1.37,1.375,139
2026-01-22 12:01:00,1.3759,1.3759,1.37,1.37,22
2026-01-22 12:02:00,1.375,1.375,1.375,1.375,79
2026-01-22 12:03:00,1.3799,1.38,1.37,1.37,58
2026-01-22 12:04:00,1.375,1.375,1.375,1.375,1
2026-01-22 12:05:00,1.375,1.375,1.375,1.375,0
2026-01-22 12:06:00,1.375,1.375,1.37,1.375,5
2026-01-22 12:07:00,1.375,1.375,1.375,1.375,3
2026-01-22 12:08:00,1.375,1.38,1.375,1.38,58
2026-01-22 12:09:00,1.375,1.375,1.37,1.37,2
2026-01-22 12:10:00,1.375,1.38,1.375,1.3778,69
2026-01-22 12:11:00,1.375,1.375,1.375,1.375,7
2026-01-22 12:12:00,1.37,1.375,1.37,1.375,3
2026-01-22 12:13:00,1.375,1.38,1.37,1.38,14
2026-01-22 12:14:00,1.375,1.375,1.37,1.37,8
2026-01-22 12:15:00,1.375,1.375,1.375,1.375,3
2026-01-22 12:16:00,1.38,1.38,1.375,1.375,39
2026-01-22 12:17:00,1.37,1.37,1.37,1.37,1
2026-01-22 12:18:00,1.375,1.375,1.375,1.375,2
2026-01-22 12:19:00,1.3775,1.3775,1.37,1.37,5
2026-01-22 12:20:00,1.37,1.375,1.37,1.375,9
2026-01-22 12:21:00,1.375,1.3799,1.375,1.375,61
2026-01-22 12:22:00,1.3702,1.375,1.3702,1.375,15
2026-01-22 12:23:00,1.375,1.375,1.37,1.375,3
2026-01-22 12:24:00,1.375,1.38,1.375,1.375,60
2026-01-22 12:25:00,1.375,1.3767,1.37,1.375,128
2026-01-22 12:26:00,1.375,1.375,1.375,1.375,0
2026-01-22 12:27:00,1.37,1.375,1.37,1.375,98
2026-01-22 12:28:00,1.3761,1.3761,1.37,1.37,3
2026-01-22 12:29:00,1.375,1.375,1.375,1.375,3
2026-01-22 12:30:00,1.375,1.375,1.375,1.375,1
2026-01-22 12:31:00,1.38,1.38,1.37,1.375,4
2026-01-22 12:32:00,1.375,1.38,1.375,1.375,23
2026-01-22 12:33:00,1.3777,1.3777,1.375,1.375,6
2026-01-22 12:34:00,1.37,1.375,1.37,1.37,12
2026-01-22 12:35:00,1.375,1.375,1.37,1.375,10
2026-01-22 12:36:00,1.3754,1.385,1.37,1.38,371
2026-01-22 12:37:00,1.385,1.385,1.385,1.385,32
2026-01-22 12:38:00,1.385,1.39,1.385,1.39,2
2026-01-22 12:39:00,1.3806,1.3806,1.38,1.38,6
2026-01-22 12:40:00,1.385,1.39,1.385,1.39,109
2026-01-22 12:41:00,1.39,1.39,1.39,1.39,1
2026-01-22 12:42:00,1.385,1.385,1.38,1.38,2
2026-01-22 12:43:00,1.38,1.38,1.38,1.38,0
2026-01-22 12:44:00,1.385,1.385,1.385,1.385,1
2026-01-22 12:45:00,1.38,1.39,1.38,1.385,99
2026-01-22 12:46:00,1.385,1.395,1.385,1.395,234
2026-01-22 12:47:00,1.39,1.39,1.39,1.39,1
2026-01-22 12:48:00,1.395,1.4,1.395,1.395,814
2026-01-22 12:49:00,1.395,1.395,1.395,1.395,0
2026-01-22 12:50:00,1.395,1.395,1.39,1.39,2
2026-01-22 12:51:00,1.3901,1.3901,1.3901,1.3901,20
2026-01-22 12:52:00,1.395,1.395,1.395,1.395,1
2026-01-22 12:53:00,1.39,1.4,1.39,1.4,2
2026-01-22 12:54:00,1.395,1.4,1.395,1.4,4
2026-01-22 12:55:00,1.4,1.4,1.4,1.4,0
2026-01-22 12:56:00,1.39,1.395,1.39,1.395,2
2026-01-22 12:57:00,1.395,1.395,1.395,1.395,0
2026-01-22 12:58:00,1.395,1.395,1.39,1.395,5
2026-01-22 12:59:00,1.4,1.4,1.395,1.395,3
2026-01-22 13:00:00,1.395,1.4,1.395,1.395,57
2026-01-22 13:01:00,1.395,1.4,1.39,1.4,10
2026-01-22 13:02:00,1.4,1.4,1.395,1.395,81
2026-01-22 13:03:00,1.395,1.395,1.395,1.395,3
2026-01-22 13:04:00,1.39,1.3999,1.39,1.3999,13
2026-01-22 13:05:00,1.398,1.398,1.39,1.395,95
2026-01-22 13:06:00,1.39,1.39,1.39,1.39,10
2026-01-22 13:07:00,1.39,1.3916,1.39,1.3916,2
2026-01-22 13:08:00,1.395,1.395,1.394,1.395,8
2026-01-22 13:09:00,1.395,1.4,1.39,1.395,35
2026-01-22 13:10:00,1.3901,1.395,1.3901,1.395,43
2026-01-22 13:11:00,1.395,1.395,1.39,1.39,2
2026-01-22 13:12:00,1.395,1.395,1.39,1.395,8
2026-01-22 13:13:00,1.395,1.395,1.39,1.395,3
2026-01-22 13:14:00,1.39,1.395,1.39,1.39,3
2026-01-22 13:15:00,1.39,1.3984,1.39,1.3984,6
2026-01-22 13:16:00,1.395,1.395,1.395,1.395,4
2026-01-22 13:17:00,1.395,1.4,1.39,1.39,49
2026-01-22 13:18:00,1.395,1.395,1.395,1.395,9
2026-01-22 13:19:00,1.395,1.4,1.39,1.395,22
2026-01-22 13:20:00,1.39,1.395,1.39,1.395,4
2026-01-22 13:21:00,1.395,1.4,1.395,1.4,11
2026-01-22 13:22:00,1.395,1.395,1.395,1.395,3
2026-01-22 13:23:00,1.3935,1.3935,1.39,1.39,12
2026-01-22 13:24:00,1.39,1.395,1.39,1.39,57
2026-01-22 13:25:00,1.39,1.39,1.39,1.39,2
2026-01-22 13:26:00,1.4,1.4,1.39,1.3901,20
2026-01-22 13:27:00,1.395,1.395,1.39,1.39,8
2026-01-22 13:28:00,1.4,1.4,1.39,1.39,59
2026-01-22 13:29:00,1.395,1.395,1.395,1.395,3
2026-01-22 13:30:00,1.395,1.4,1.395,1.395,15
2026-01-22 13:31:00,1.4,1.4,1.39,1.39,2
2026-01-22 13:32:00,1.395,1.4,1.395,1.395,4
2026-01-22 13:33:00,1.4,1.4,1.395,1.395,7
2026-01-22 13:34:00,1.4,1.4,1.39,1.395,131
2026-01-22 13:35:00,1.39,1.4,1.39,1.395,56
2026-01-22 13:36:00,1.4,1.4,1.395,1.4,5
2026-01-22 13:37:00,1.39,1.3997,1.39,1.395,4
2026-01-22 13:38:00,1.395,1.4,1.395,1.4,2
2026-01-22 13:39:00,1.4,1.4,1.39,1.39,17
2026-01-22 13:40:00,1.395,1.4,1.395,1.3967,16
2026-01-22 13:41:00,1.395,1.395,1.395,1.395,1
2026-01-22 13:42:00,1.4,1.4,1.39,1.395,5
2026-01-22 13:43:00,1.39,1.4,1.39,1.4,9
2026-01-22 13:44:00,1.4,1.4,1.39,1.39,143
2026-01-22 13:45:00,1.395,1.395,1.39,1.395,11
2026-01-22 13:46:00,1.39,1.395,1.39,1.395,81
2026-01-22 13:47:00,1.395,1.395,1.395,1.395,2
2026-01-22 13:48:00,1.39,1.4,1.39,1.395,112
2026-01-22 13:49:00,1.395,1.3998,1.395,1.395,46
2026-01-22 13:50:00,1.395,1.4,1.39,1.395,7
2026-01-22 13:51:00,1.3937,1.4,1.3937,1.4,10
2026-01-22 13:52:00,1.395,1.4,1.395,1.4,3
2026-01-22 13:53:00,1.4,1.4,1.39,1.39,18
2026-01-22 13:54:00,1.395,1.395,1.395,1.395,1
2026-01-22 13:55:00,1.3992,1.3992,1.395,1.395,4
2026-01-22 13:56:00,1.39,1.4,1.39,1.395,19
2026-01-22 13:57:00,1.4,1.42,1.4,1.415,1591
2026-01-22 13:58:00,1.415,1.415,1.415,1.415,2
2026-01-22 13:59:00,1.41,1.415,1.41,1.41,29
2026-01-22 14:00:00,1.415,1.415,1.415,1.415,17
2026-01-22 14:01:00,1.42,1.42,1.41,1.41,12
2026-01-22 14:02:00,1.415,1.42,1.4101,1.415,22
2026-01-22 14:03:00,1.415,1.416,1.415,1.415,22
2026-01-22 14:04:00,1.4101,1.415,1.41,1.41,21
2026-01-22 14:05:00,1.4194,1.4194,1.415,1.415,13
2026-01-22 14:06:00,1.4116,1.42,1.41,1.415,68
2026-01-22 14:07:00,1.41,1.416,1.41,1.415,143
2026-01-22 14:08:00,1.4101,1.415,1.4101,1.4122,274
2026-01-22 14:09:00,1.415,1.415,1.415,1.415,2
2026-01-22 14:10:00,1.41,1.415,1.41,1.4125,26
2026-01-22 14:11:00,1.415,1.415,1.415,1.415,7
2026-01-22 14:12:00,1.4184,1.42,1.41,1.41,30
2026-01-22 14:13:00,1.41,1.42,1.41,1.415,14
2026-01-22 14:14:00,1.415,1.4198,1.415,1.4198,39
2026-01-22 14:15:00,1.415,1.415,1.41,1.41,8
2026-01-22 14:16:00,1.41,1.41,1.41,1.41,0
2026-01-22 14:17:00,1.4101,1.4101,1.4101,1.4101,50
2026-01-22 14:18:00,1.415,1.415,1.41,1.41,2
2026-01-22 14:19:00,1.415,1.415,1.41,1.41,80
2026-01-22 14:20:00,1.415,1.415,1.415,1.415,12
2026-01-22 14:21:00,1.41,1.4199,1.41,1.41,5
2026-01-22 14:22:00,1.415,1.4199,1.41,1.415,42
2026-01-22 14:23:00,1.415,1.415,1.41,1.41,3
2026-01-22 14:24:00,1.41,1.415,1.41,1.41,119
2026-01-22 14:25:00,1.41,1.415,1.41,1.41,4
2026-01-22 14:26:00,1.41,1.415,1.41,1.415,17
2026-01-22 14:27:00,1.415,1.416,1.41,1.41,60
2026-01-22 14:28:00,1.415,1.415,1.41,1.41,19
2026-01-22 14:29:00,1.41,1.415,1.41,1.415,4
2026-01-22 14:30:00,1.41,1.41,1.41,1.41,1
2026-01-22 14:31:00,1.42,1.42,1.41,1.41,5
2026-01-22 14:32:00,1.41,1.4116,1.41,1.41,23
2026-01-22 14:33:00,1.415,1.415,1.41,1.415,5
2026-01-22 14:34:00,1.415,1.415,1.41,1.41,7
2026-01-22 14:35:00,1.41,1.41,1.41,1.41,1
2026-01-22 14:36:00,1.41,1.415,1.41,1.415,12
2026-01-22 14:37:00,1.41,1.415,1.41,1.415,4
2026-01-22 14:38:00,1.41,1.415,1.41,1.415,2
2026-01-22 14:39:00,1.415,1.415,1.41,1.41,3
2026-01-22 14:40:00,1.4102,1.415,1.41,1.415,27
2026-01-22 14:41:00,1.415,1.415,1.41,1.415,25
2026-01-22 14:42:00,1.415,1.415,1.4103,1.415,13
2026-01-22 14:43:00,1.41,1.41,1.41,1.41,2
2026-01-22 14:44:00,1.415,1.416,1.415,1.415,14
2026-01-22 14:45:00,1.415,1.415,1.41,1.41,57
2026-01-22 14:46:00,1.415,1.415,1.41,1.41,15
2026-01-22 14:47:00,1.415,1.415,1.415,1.415,50
2026-01-22 14:48:00,1.41,1.415,1.41,1.415,4
2026-01-22 14:49:00,1.41,1.41,1.41,1.41,1
2026-01-22 14:50:00,1.41,1.415,1.41,1.41,7
2026-01-22 14:51:00,1.415,1.415,1.41,1.41,5
2026-01-22 14:52:00,1.41,1.42,1.41,1.42,63
2026-01-22 14:53:00,1.415,1.415,1.41,1.41,51
2026-01-22 14:54:00,1.41,1.415,1.41,1.415,8
2026-01-22 14:55:00,1.41,1.415,1.41,1.4101,13
2026-01-22 14:56:00,1.41,1.415,1.41,1.41,6
2026-01-22 14:57:00,1.41,1.415,1.41,1.415,7
2026-01-22 14:58:00,1.415,1.415,1.415,1.415,1
2026-01-22 14:59:00,1.41,1.42,1.41,1.415,6
2026-01-22 15:00:00,1.415,1.415,1.41,1.41,12
2026-01-22 15:01:00,1.415,1.415,1.41,1.41,52
2026-01-22 15:02:00,1.415,1.415,1.41,1.415,44
2026-01-22 15:03:00,1.4199,1.42,1.41,1.42,209
2026-01-22 15:04:00,1.41,1.415,1.41,1.415,7
2026-01-22 15:05:00,1.415,1.415,1.41,1.4101,55
2026-01-22 15:06:00,1.42,1.42,1.4151,1.42,21
2026-01-22 15:07:00,1.41,1.41,1.41,1.41,1
2026-01-22 15:08:00,1.41,1.415,1.41,1.415,4
2026-01-22 15:09:00,1.41,1.42,1.41,1.42,2
2026-01-22 15:10:00,1.41,1.41,1.41,1.41,1
2026-01-22 15:11:00,1.415,1.415,1.415,1.415,20
2026-01-22 15:12:00,1.415,1.415,1.415,1.415,4
2026-01-22 15:13:00,1.42,1.42,1.41,1.415,4
2026-01-22 15:14:00,1.415,1.415,1.415,1.415,6
2026-01-22 15:15:00,1.415,1.42,1.41,1.41,37
2026-01-22 15:16:00,1.415,1.415,1.415,1.415,12
2026-01-22 15:17:00,1.415,1.415,1.415,1.415,8
2026-01-22 15:18:00,1.415,1.415,1.415,1.415,2
2026-01-22 15:19:00,1.415,1.415,1.415,1.415,3
2026-01-22 15:20:00,1.415,1.415,1.415,1.415,0
2026-01-22 15:21:00,1.415,1.415,1.41,1.41,3
2026-01-22 15:22:00,1.415,1.415,1.415,1.415,15
2026-01-22 15:23:00,1.415,1.415,1.415,1.415,6
2026-01-22 15:24:00,1.415,1.415,1.41,1.415,3
2026-01-22 15:25:00,1.415,1.415,1.415,1.415,2
2026-01-22 15:26:00,1.415,1.415,1.41,1.415,11
2026-01-22 15:27:00,1.41,1.42,1.41,1.415,50
2026-01-22 15:28:00,1.415,1.4156,1.415,1.415,106
2026-01-22 15:29:00,1.415,1.415,1.41,1.415,4
2026-01-22 15:30:00,1.415,1.4151,1.415,1.415,10
2026-01-22 15:31:00,1.415,1.415,1.41,1.415,5
2026-01-22 15:32:00,1.415,1.415,1.41,1.41,4
2026-01-22 15:33:00,1.415,1.415,1.415,1.415,6
2026-01-22 15:34:00,1.415,1.415,1.41,1.415,63
2026-01-22 15:35:00,1.415,1.415,1.41,1.415,8
2026-01-22 15:36:00,1.415,1.415,1.41,1.415,7
2026-01-22 15:37:00,1.415,1.4194,1.415,1.4194,20
2026-01-22 15:38:00,1.41,1.4163,1.41,1.415,57
2026-01-22 15:39:00,1.415,1.415,1.41,1.415,22
2026-01-22 15:40:00,1.415,1.42,1.41,1.415,24
2026-01-22 15:41:00,1.41,1.42,1.41,1.415,22
2026-01-22 15:42:00,1.42,1.42,1.415,1.42,164
2026-01-22 15:43:00,1.415,1.4299,1.415,1.4201,1022
2026-01-22 15:44:00,1.4299,1.4299,1.425,1.425,94
2026-01-22 15:45:00,1.425,1.425,1.425,1.425,3
2026-01-22 15:46:00,1.42,1.425,1.42,1.425,5
2026-01-22 15:47:00,1.425,1.425,1.425,1.425,3
2026-01-22 15:48:00,1.425,1.425,1.42,1.42,5
2026-01-22 15:49:00,1.4248,1.43,1.4248,1.425,163
2026-01-22 15:50:00,1.425,1.429,1.4201,1.425,169
2026-01-22 15:51:00,1.425,1.425,1.42,1.425,11
2026-01-22 15:52:00,1.425,1.425,1.425,1.425,161
2026-01-22 15:53:00,1.425,1.425,1.4213,1.425,17
2026-01-22 15:54:00,1.425,1.43,1.42,1.425,62
2026-01-22 15:55:00,1.425,1.425,1.425,1.425,46
2026-01-22 15:56:00,1.425,1.43,1.42,1.425,118
2026-01-22 15:57:00,1.425,1.43,1.425,1.425,17
2026-01-22 15:58:00,1.425,1.44,1.425,1.44,337
2026-01-22 15:59:00,1.44,1.45,1.43,1.45,1554
2026-01-23 09:30:00,1.45,1.45,1.435,1.4355,346
2026-01-23 09:31:00,1.43,1.435,1.42,1.424,343
2026-01-23 09:32:00,1.42,1.43,1.42,1.43,201
2026-01-23 09:33:00,1.435,1.4388,1.431,1.431,45
2026-01-23 09:34:00,1.434,1.44,1.43,1.434,39
2026-01-23 09:35:00,1.435,1.435,1.425,1.425,118
2026-01-23 09:36:00,1.424,1.4286,1.42,1.42,79
2026-01-23 09:37:00,1.42,1.425,1.42,1.425,18
2026-01-23 09:38:00,1.424,1.435,1.424,1.435,143
2026-01-23 09:39:00,1.434,1.45,1.434,1.44,365
2026-01-23 09:40:00,1.44,1.44,1.44,1.44,104
2026-01-23 09:41:00,1.434,1.434,1.434,1.434,3
2026-01-23 09:42:00,1.4399,1.4399,1.43,1.435,182
2026-01-23 09:43:00,1.434,1.44,1.434,1.4363,133
2026-01-23 09:44:00,1.434,1.4399,1.434,1.435,54
2026-01-23 09:45:00,1.435,1.44,1.435,1.435,131
2026-01-23 09:46:00,1.434,1.435,1.43,1.43,13
2026-01-23 09:47:00,1.43,1.435,1.43,1.43,86
2026-01-23 09:48:00,1.43,1.43,1.43,1.43,52
2026-01-23 09:49:00,1.4254,1.4262,1.424,1.424,35
2026-01-23 09:50:00,1.425,1.43,1.424,1.425,122
2026-01-23 09:51:00,1.425,1.425,1.425,1.425,12
2026-01-23 09:52:00,1.424,1.425,1.424,1.425,10
2026-01-23 09:53:00,1.424,1.425,1.424,1.425,3
2026-01-23 09:54:00,1.424,1.43,1.424,1.425,23
2026-01-23 09:55:00,1.425,1.425,1.425,1.425,11
2026-01-23 09:56:00,1.43,1.43,1.424,1.425,84
2026-01-23 09:57:00,1.43,1.44,1.424,1.435,502
2026-01-23 09:58:00,1.44,1.44,1.435,1.44,24
2026-01-23 09:59:00,1.439,1.44,1.434,1.44,13
2026-01-23 10:00:00,1.435,1.44,1.4324,1.435,14
2026-01-23 10:01:00,1.435,1.435,1.435,1.435,10
2026-01-23 10:02:00,1.435,1.45,1.435,1.45,529
2026-01-23 10:03:00,1.45,1.45,1.445,1.445,15
2026-01-23 10:04:00,1.445,1.45,1.44,1.45,21
2026-01-23 10:05:00,1.44,1.45,1.43,1.43,141
2026-01-23 10:06:00,1.435,1.435,1.4345,1.435,28
2026-01-23 10:07:00,1.435,1.435,1.435,1.435,10
2026-01-23 10:08:00,1.435,1.435,1.435,1.435,0
2026-01-23 10:09:00,1.435,1.4354,1.43,1.435,14
2026-01-23 10:10:00,1.43,1.43,1.42,1.4267,516
2026-01-23 10:11:00,1.42,1.42,1.415,1.415,71
2026-01-23 10:12:00,1.4199,1.4199,1.415,1.415,31
2026-01-23 10:13:00,1.415,1.42,1.415,1.415,14
2026-01-23 10:14:00,1.415,1.4168,1.415,1.4158,10
2026-01-23 10:15:00,1.415,1.4165,1.415,1.4165,6
2026-01-23 10:16:00,1.415,1.415,1.415,1.415,7
2026-01-23 10:17:00,1.415,1.4185,1.395,1.395,769
2026-01-23 10:18:00,1.395,1.395,1.3946,1.3946,35
2026-01-23 10:19:00,1.39,1.3999,1.39,1.3999,2
2026-01-23 10:20:00,1.395,1.395,1.3915,1.3915,36
2026-01-23 10:21:00,1.3947,1.4,1.3947,1.4,30
2026-01-23 10:22:00,1.3915,1.395,1.3915,1.395,5
2026-01-23 10:23:00,1.395,1.4,1.395,1.4,136
2026-01-23 10:24:00,1.4,1.4,1.4,1.4,169
2026-01-23 10:25:00,1.4039,1.4039,1.395,1.4,480
2026-01-23 10:26:00,1.405,1.405,1.4,1.4,59
2026-01-23 10:27:00,1.4,1.4,1.4,1.4,153
2026-01-23 10:28:00,1.4075,1.4075,1.39,1.39,640
2026-01-23 10:29:00,1.39,1.3958,1.39,1.395,307
2026-01-23 10:30:00,1.395,1.395,1.39,1.395,87
2026-01-23 10:31:00,1.3901,1.395,1.39,1.39,277
2026-01-23 10:32:00,1.39,1.39,1.39,1.39,35
2026-01-23 10:33:00,1.3913,1.395,1.39,1.39,25
2026-01-23 10:34:00,1.395,1.3984,1.395,1.395,4
2026-01-23 10:35:00,1.39,1.395,1.39,1.39,7
2026-01-23 10:36:00,1.39,1.395,1.39,1.395,25
2026-01-23 10:37:00,1.395,1.395,1.39,1.395,8
2026-01-23 10:38:00,1.39,1.3955,1.39,1.39,52
2026-01-23 10:39:00,1.39,1.3901,1.39,1.3901,3
2026-01-23 10:40:00,1.39,1.39,1.38,1.38,319
2026-01-23 10:41:00,1.385,1.385,1.38,1.38,333
2026-01-23 10:42:00,1.38,1.3894,1.38,1.3894,30
2026-01-23 10:43:00,1.38,1.385,1.38,1.385,73
2026-01-23 10:44:00,1.38,1.385,1.38,1.38,40
2026-01-23 10:45:00,1.38,1.385,1.38,1.38,134
2026-01-23 10:46:00,1.385,1.385,1.38,1.38,100
2026-01-23 10:47:00,1.38,1.385,1.38,1.385,8
2026-01-23 10:48:00,1.385,1.385,1.38,1.38,5
2026-01-23 10:49:00,1.385,1.385,1.38,1.38,41
2026-01-23 10:50:00,1.385,1.385,1.38,1.38,109
2026-01-23 10:51:00,1.385,1.385,1.38,1.385,25
2026-01-23 10:52:00,1.38,1.3862,1.38,1.3862,15
2026-01-23 10:53:00,1.385,1.3859,1.38,1.385,330
2026-01-23 10:54:00,1.385,1.385,1.3802,1.385,78
2026-01-23 10:55:00,1.385,1.39,1.385,1.39,44
2026-01-23 10:56:00,1.385,1.385,1.38,1.385,579
2026-01-23 10:57:00,1.39,1.39,1.384,1.384,98
2026-01-23 10:58:00,1.3899,1.3899,1.385,1.385,12
2026-01-23 10:59:00,1.385,1.385,1.38,1.385,45
2026-01-23 11:00:00,1.385,1.385,1.385,1.385,10
2026-01-23 11:01:00,1.385,1.3899,1.385,1.385,258
2026-01-23 11:02:00,1.385,1.385,1.38,1.38,107
2026-01-23 11:03:00,1.3885,1.39,1.385,1.385,62
2026-01-23 11:04:00,1.3885,1.39,1.38,1.39,70
2026-01-23 11:05:00,1.38,1.39,1.38,1.39,39
2026-01-23 11:06:00,1.385,1.385,1.38,1.385,32
2026-01-23 11:07:00,1.38,1.385,1.375,1.375,476
2026-01-23 11:08:00,1.37,1.3793,1.37,1.375,18
2026-01-23 11:09:00,1.375,1.375,1.375,1.375,206
2026-01-23 11:10:00,1.375,1.3799,1.375,1.375,90
2026-01-23 11:11:00,1.375,1.38,1.37,1.37,427
2026-01-23 11:12:00,1.38,1.38,1.37,1.375,300
2026-01-23 11:13:00,1.375,1.375,1.375,1.375,12
2026-01-23 11:14:00,1.375,1.375,1.375,1.375,2
2026-01-23 11:15:00,1.375,1.375,1.37,1.375,77
2026-01-23 11:16:00,1.375,1.375,1.3745,1.375,36
2026-01-23 11:17:00,1.3799,1.3799,1.3746,1.3746,35
2026-01-23 11:18:00,1.375,1.375,1.36,1.36,2078
2026-01-23 11:19:00,1.37,1.37,1.36,1.365,159
2026-01-23 11:20:00,1.365,1.365,1.36,1.3631,95
2026-01-23 11:21:00,1.365,1.365,1.36,1.365,301
2026-01-23 11:22:00,1.365,1.365,1.36,1.36,43
2026-01-23 11:23:00,1.365,1.365,1.365,1.365,3
2026-01-23 11:24:00,1.365,1.3699,1.36,1.365,751
2026-01-23 11:25:00,1.365,1.365,1.36,1.365,17
2026-01-23 11:26:00,1.365,1.365,1.365,1.365,11
2026-01-23 11:27:00,1.365,1.365,1.36,1.365,21
2026-01-23 11:28:00,1.365,1.365,1.36,1.365,122
2026-01-23 11:29:00,1.37,1.37,1.36,1.36,100
2026-01-23 11:30:00,1.365,1.365,1.36,1.365,28
2026-01-23 11:31:00,1.365,1.365,1.36,1.365,12
2026-01-23 11:32:00,1.365,1.37,1.36,1.365,188
2026-01-23 11:33:00,1.36,1.3658,1.36,1.36,15
2026-01-23 11:34:00,1.365,1.37,1.36,1.365,1385
2026-01-23 11:35:00,1.365,1.365,1.365,1.365,16
2026-01-23 11:36:00,1.36,1.36,1.355,1.355,519
2026-01-23 11:37:00,1.355,1.365,1.355,1.365,45
2026-01-23 11:38:00,1.365,1.365,1.3645,1.3645,36
2026-01-23 11:39:00,1.3699,1.3699,1.365,1.365,51
2026-01-23 11:40:00,1.3699,1.3699,1.3699,1.3699,5
2026-01-23 11:41:00,1.3646,1.3646,1.3646,1.3646,1
2026-01-23 11:42:00,1.3646,1.3646,1.3646,1.3646,0
2026-01-23 11:43:00,1.3644,1.37,1.3644,1.37,29
2026-01-23 11:44:00,1.3699,1.3699,1.36,1.36,49
2026-01-23 11:45:00,1.3699,1.39,1.365,1.385,809
2026-01-23 11:46:00,1.385,1.385,1.385,1.385,16
2026-01-23 11:47:00,1.38,1.38,1.375,1.375,151
2026-01-23 11:48:00,1.375,1.3755,1.37,1.375,23
2026-01-23 11:49:00,1.375,1.38,1.375,1.375,471
2026-01-23 11:50:00,1.375,1.375,1.375,1.375,3
2026-01-23 11:51:00,1.375,1.3795,1.375,1.375,23
2026-01-23 11:52:00,1.375,1.375,1.375,1.375,26
2026-01-23 11:53:00,1.375,1.375,1.37,1.375,103
2026-01-23 11:54:00,1.37,1.37,1.37,1.37,19
2026-01-23 11:55:00,1.37,1.375,1.37,1.375,3
2026-01-23 11:56:00,1.375,1.375,1.375,1.375,0
2026-01-23 11:57:00,1.37,1.38,1.37,1.3701,88
2026-01-23 11:58:00,1.375,1.38,1.37,1.37,13
2026-01-23 11:59:00,1.375,1.375,1.37,1.375,20
2026-01-23 12:00:00,1.375,1.375,1.365,1.3699,200
2026-01-23 12:01:00,1.365,1.365,1.36,1.36,33
2026-01-23 12:02:00,1.365,1.365,1.365,1.365,4
2026-01-23 12:03:00,1.365,1.37,1.3647,1.37,61
2026-01-23 12:04:00,1.365,1.37,1.365,1.3655,60
2026-01-23 12:05:00,1.365,1.365,1.365,1.365,11
2026-01-23 12:06:00,1.365,1.37,1.365,1.365,35
2026-01-23 12:07:00,1.3649,1.37,1.36,1.37,52
2026-01-23 12:08:00,1.365,1.365,1.365,1.365,11
2026-01-23 12:09:00,1.365,1.37,1.365,1.37,32
2026-01-23 12:10:00,1.365,1.3799,1.365,1.375,687
2026-01-23 12:11:00,1.375,1.375,1.375,1.375,22
2026-01-23 12:12:00,1.38,1.38,1.37,1.37,149
2026-01-23 12:13:00,1.375,1.3787,1.375,1.375,28
2026-01-23 12:14:00,1.375,1.38,1.375,1.38,19
2026-01-23 12:15:00,1.375,1.3783,1.375,1.375,40
2026-01-23 12:16:00,1.375,1.375,1.375,1.375,122
2026-01-23 12:17:00,1.375,1.375,1.375,1.375,22
2026-01-23 12:18:00,1.38,1.38,1.375,1.375,57
2026-01-23 12:19:00,1.375,1.3799,1.37,1.375,31
2026-01-23 12:20:00,1.375,1.375,1.375,1.375,32
2026-01-23 12:21:00,1.37,1.3799,1.37,1.37,74
2026-01-23 12:22:00,1.375,1.38,1.37,1.37,130
2026-01-23 12:23:00,1.37,1.38,1.37,1.375,67
2026-01-23 12:24:00,1.37,1.375,1.37,1.37,37
2026-01-23 12:25:00,1.37,1.375,1.37,1.375,35
2026-01-23 12:26:00,1.375,1.378,1.375,1.375,222
2026-01-23 12:27:00,1.375,1.38,1.37,1.38,86
2026-01-23 12:28:00,1.375,1.378,1.375,1.375,24
2026-01-23 12:29:00,1.375,1.378,1.375,1.375,13
2026-01-23 12:30:00,1.375,1.375,1.37,1.37,60
2026-01-23 12:31:00,1.375,1.375,1.375,1.375,2
2026-01-23 12:32:00,1.37,1.38,1.37,1.38,3
2026-01-23 12:33:00,1.375,1.375,1.365,1.365,1208
2026-01-23 12:34:00,1.36,1.365,1.36,1.36,96
2026-01-23 12:35:00,1.365,1.3654,1.365,1.365,12
2026-01-23 12:36:00,1.365,1.365,1.365,1.365,22
2026-01-23 12:37:00,1.365,1.365,1.365,1.365,16
2026-01-23 12:38:00,1.36,1.365,1.36,1.365,26
2026-01-23 12:39:00,1.365,1.365,1.365,1.365,29
2026-01-23 12:40:00,1.365,1.3666,1.36,1.365,42
2026-01-23 12:41:00,1.365,1.365,1.365,1.365,16
2026-01-23 12:42:00,1.365,1.3664,1.365,1.365,7
2026-01-23 12:43:00,1.36,1.365,1.36,1.365,56
2026-01-23 12:44:00,1.3643,1.37,1.36,1.365,109
2026-01-23 12:45:00,1.36,1.365,1.36,1.365,109
2026-01-23 12:46:00,1.36,1.365,1.36,1.365,4
2026-01-23 12:47:00,1.365,1.365,1.36,1.365,7
2026-01-23 12:48:00,1.37,1.37,1.365,1.365,7
2026-01-23 12:49:00,1.3674,1.3674,1.36,1.365,9
2026-01-23 12:50:00,1.37,1.37,1.365,1.365,2
2026-01-23 12:51:00,1.3694,1.3694,1.365,1.365,5
2026-01-23 12:52:00,1.365,1.365,1.365,1.365,1
2026-01-23 12:53:00,1.36,1.37,1.36,1.365,30
2026-01-23 12:54:00,1.37,1.37,1.37,1.37,1
2026-01-23 12:55:00,1.365,1.365,1.365,1.365,5
2026-01-23 12:56:00,1.36,1.36,1.355,1.355,399
2026-01-23 12:57:00,1.355,1.358,1.355,1.355,133
2026-01-23 12:58:00,1.355,1.355,1.355,1.355,25
2026-01-23 12:59:00,1.36,1.36,1.35,1.355,10
2026-01-23 13:00:00,1.36,1.365,1.355,1.365,148
2026-01-23 13:01:00,1.365,1.365,1.36,1.36,34
2026-01-23 13:02:00,1.36,1.36,1.36,1.36,1
2026-01-23 13:03:00,1.36,1.36,1.36,1.36,1
2026-01-23 13:04:00,1.36,1.36,1.36,1.36,1
2026-01-23 13:05:00,1.36,1.37,1.36,1.36,10
2026-01-23 13:06:00,1.37,1.37,1.36,1.37,14
2026-01-23 13:07:00,1.36,1.37,1.36,1.37,10
2026-01-23 13:08:00,1.37,1.37,1.36,1.365,13
2026-01-23 13:09:00,1.36,1.37,1.36,1.365,18
2026-01-23 13:10:00,1.365,1.37,1.36,1.365,108
2026-01-23 13:11:00,1.362,1.362,1.36,1.36,2
2026-01-23 13:12:00,1.365,1.365,1.36,1.365,10
2026-01-23 13:13:00,1.3601,1.3601,1.3601,1.3601,3
2026-01-23 13:14:00,1.365,1.37,1.365,1.365,27
2026-01-23 13:15:00,1.36,1.36,1.36,1.36,19
2026-01-23 13:16:00,1.36,1.365,1.36,1.365,3
2026-01-23 13:17:00,1.36,1.365,1.36,1.365,4
2026-01-23 13:18:00,1.365,1.365,1.36,1.36,9
2026-01-23 13:19:00,1.37,1.37,1.37,1.37,1
2026-01-23 13:20:00,1.36,1.365,1.36,1.36,27
2026-01-23 13:21:00,1.36,1.365,1.36,1.365,15
2026-01-23 13:22:00,1.365,1.365,1.355,1.355,142
2026-01-23 13:23:00,1.355,1.36,1.3547,1.355,34
2026-01-23 13:24:00,1.3525,1.355,1.3525,1.355,12
2026-01-23 13:25:00,1.355,1.36,1.355,1.355,28
2026-01-23 13:26:00,1.355,1.355,1.355,1.355,7
2026-01-23 13:27:00,1.355,1.36,1.355,1.36,13
2026-01-23 13:28:00,1.355,1.355,1.355,1.355,7
2026-01-23 13:29:00,1.355,1.3599,1.355,1.355,22
2026-01-23 13:30:00,1.3599,1.36,1.355,1.355,15
2026-01-23 13:31:00,1.355,1.355,1.355,1.355,34
2026-01-23 13:32:00,1.3555,1.36,1.35,1.355,85
2026-01-23 13:33:00,1.355,1.36,1.35,1.355,222
2026-01-23 13:34:00,1.355,1.3599,1.35,1.355,50
2026-01-23 13:35:00,1.355,1.3552,1.35,1.355,72
2026-01-23 13:36:00,1.355,1.36,1.355,1.355,59
2026-01-23 13:37:00,1.355,1.36,1.355,1.355,70
2026-01-23 13:38:00,1.355,1.355,1.35,1.355,37
2026-01-23 13:39:00,1.355,1.36,1.355,1.355,35
2026-01-23 13:40:00,1.3599,1.36,1.355,1.355,47
2026-01-23 13:41:00,1.355,1.36,1.355,1.355,65
2026-01-23 13:42:00,1.355,1.36,1.355,1.36,173
2026-01-23 13:43:00,1.354,1.36,1.354,1.3585,270
2026-01-23 13:44:00,1.355,1.36,1.355,1.3555,41
2026-01-23 13:45:00,1.3547,1.36,1.3547,1.36,51
2026-01-23 13:46:00,1.3546,1.36,1.3546,1.36,10
2026-01-23 13:47:00,1.36,1.36,1.3503,1.36,46
2026-01-23 13:48:00,1.355,1.36,1.355,1.36,24
2026-01-23 13:49:00,1.355,1.3551,1.355,1.355,40
2026-01-23 13:50:00,1.355,1.3595,1.355,1.3595,59
2026-01-23 13:51:00,1.355,1.36,1.355,1.355,10
2026-01-23 13:52:00,1.355,1.36,1.355,1.355,28
2026-01-23 13:53:00,1.355,1.3599,1.3517,1.355,223
2026-01-23 13:54:00,1.355,1.355,1.355,1.355,4
2026-01-23 13:55:00,1.36,1.36,1.355,1.355,64
2026-01-23 13:56:00,1.355,1.36,1.355,1.36,92
2026-01-23 13:57:00,1.36,1.36,1.355,1.36,74
2026-01-23 13:58:00,1.3598,1.3598,1.354,1.355,190
2026-01-23 13:59:00,1.36,1.36,1.36,1.36,4
2026-01-23 14:00:00,1.355,1.36,1.355,1.355,13
2026-01-23 14:01:00,1.355,1.355,1.355,1.355,138
2026-01-23 14:02:00,1.355,1.3599,1.355,1.355,33
2026-01-23 14:03:00,1.355,1.36,1.355,1.355,21
2026-01-23 14:04:00,1.355,1.36,1.355,1.36,126
2026-01-23 14:05:00,1.355,1.355,1.355,1.355,9
2026-01-23 14:06:00,1.36,1.36,1.355,1.3599,8
2026-01-23 14:07:00,1.355,1.358,1.355,1.355,70
2026-01-23 14:08:00,1.355,1.365,1.355,1.36,343
2026-01-23 14:09:00,1.365,1.365,1.36,1.365,174
2026-01-23 14:10:00,1.365,1.365,1.36,1.365,17
2026-01-23 14:11:00,1.365,1.365,1.365,1.365,16
2026-01-23 14:12:00,1.365,1.365,1.365,1.365,28
2026-01-23 14:13:00,1.365,1.365,1.36,1.365,16
2026-01-23 14:14:00,1.365,1.365,1.365,1.365,5
2026-01-23 14:15:00,1.365,1.365,1.365,1.365,9
2026-01-23 14:16:00,1.365,1.365,1.365,1.365,5
2026-01-23 14:17:00,1.365,1.365,1.365,1.365,1
2026-01-23 14:18:00,1.365,1.3696,1.365,1.365,6
2026-01-23 14:19:00,1.365,1.3699,1.365,1.365,4
2026-01-23 14:20:00,1.365,1.365,1.365,1.365,7
2026-01-23 14:21:00,1.365,1.365,1.365,1.365,3
2026-01-23 14:22:00,1.365,1.365,1.365,1.365,1
2026-01-23 14:23:00,1.365,1.365,1.365,1.365,13
2026-01-23 14:24:00,1.365,1.365,1.365,1.365,2
2026-01-23 14:25:00,1.365,1.365,1.365,1.365,54
2026-01-23 14:26:00,1.365,1.365,1.3601,1.3601,22
2026-01-23 14:27:00,1.365,1.365,1.36,1.365,6
2026-01-23 14:28:00,1.365,1.37,1.365,1.365,180
2026-01-23 14:29:00,1.365,1.365,1.365,1.365,2
2026-01-23 14:30:00,1.36,1.3686,1.36,1.3686,13
2026-01-23 14:31:00,1.365,1.365,1.365,1.365,16
2026-01-23 14:32:00,1.365,1.37,1.36,1.36,17
2026-01-23 14:33:00,1.36,1.365,1.36,1.365,4
2026-01-23 14:34:00,1.365,1.365,1.365,1.365,1
2026-01-23 14:35:00,1.365,1.365,1.365,1.365,0
2026-01-23 14:36:00,1.36,1.36,1.36,1.36,1
2026-01-23 14:37:00,1.365,1.365,1.365,1.365,7
2026-01-23 14:38:00,1.36,1.365,1.36,1.36,74
2026-01-23 14:39:00,1.365,1.365,1.365,1.365,2
2026-01-23 14:40:00,1.365,1.365,1.36,1.365,8
2026-01-23 14:41:00,1.365,1.365,1.365,1.365,5
2026-01-23 14:42:00,1.365,1.365,1.36,1.365,8
2026-01-23 14:43:00,1.365,1.365,1.365,1.365,1
2026-01-23 14:44:00,1.365,1.365,1.365,1.365,2
2026-01-23 14:45:00,1.365,1.365,1.36,1.365,12
2026-01-23 14:46:00,1.365,1.365,1.36,1.36,2
2026-01-23 14:47:00,1.36,1.37,1.36,1.365,28
2026-01-23 14:48:00,1.365,1.365,1.365,1.365,0
2026-01-23 14:49:00,1.36,1.365,1.36,1.365,4
2026-01-23 14:50:00,1.365,1.365,1.365,1.365,2
2026-01-23 14:51:00,1.365,1.365,1.365,1.365,2
2026-01-23 14:52:00,1.365,1.365,1.36,1.365,15
2026-01-23 14:53:00,1.36,1.36,1.36,1.36,6
2026-01-23 14:54:00,1.36,1.365,1.36,1.365,20
2026-01-23 14:55:00,1.365,1.365,1.365,1.365,5
2026-01-23 14:56:00,1.37,1.37,1.36,1.36,2
2026-01-23 14:57:00,1.36,1.36,1.36,1.36,1
2026-01-23 14:58:00,1.36,1.365,1.36,1.365,4
2026-01-23 14:59:00,1.36,1.36,1.355,1.36,282
2026-01-23 15:00:00,1.3586,1.3599,1.355,1.3599,211
2026-01-23 15:01:00,1.355,1.355,1.35,1.35,75
2026-01-23 15:02:00,1.355,1.37,1.355,1.365,715
2026-01-23 15:03:00,1.365,1.365,1.365,1.365,9
2026-01-23 15:04:00,1.365,1.365,1.365,1.365,0
2026-01-23 15:05:00,1.365,1.365,1.3614,1.365,7
2026-01-23 15:06:00,1.365,1.365,1.365,1.365,3
2026-01-23 15:07:00,1.365,1.365,1.365,1.365,8
2026-01-23 15:08:00,1.365,1.365,1.365,1.365,559
2026-01-23 15:09:00,1.365,1.365,1.365,1.365,1
2026-01-23 15:10:00,1.365,1.365,1.36,1.36,154
2026-01-23 15:11:00,1.365,1.365,1.36,1.36,29
2026-01-23 15:12:00,1.365,1.365,1.365,1.365,1
2026-01-23 15:13:00,1.365,1.365,1.365,1.365,12
2026-01-23 15:14:00,1.365,1.365,1.365,1.365,4
2026-01-23 15:15:00,1.365,1.365,1.365,1.365,2
2026-01-23 15:16:00,1.37,1.37,1.365,1.365,239
2026-01-23 15:17:00,1.37,1.37,1.36,1.365,122
2026-01-23 15:18:00,1.37,1.37,1.365,1.365,271
2026-01-23 15:19:00,1.365,1.37,1.36,1.37,15
2026-01-23 15:20:00,1.365,1.365,1.365,1.365,11
2026-01-23 15:21:00,1.365,1.365,1.36,1.36,17
2026-01-23 15:22:00,1.36,1.365,1.36,1.365,18
2026-01-23 15:23:00,1.365,1.365,1.3633,1.365,120
2026-01-23 15:24:00,1.365,1.365,1.365,1.365,8
2026-01-23 15:25:00,1.365,1.37,1.365,1.365,24
2026-01-23 15:26:00,1.365,1.365,1.365,1.365,4
2026-01-23 15:27:00,1.36,1.3658,1.36,1.36,28
2026-01-23 15:28:00,1.365,1.37,1.36,1.365,242
2026-01-23 15:29:00,1.365,1.365,1.365,1.365,3
2026-01-23 15:30:00,1.365,1.365,1.365,1.365,1
2026-01-23 15:31:00,1.365,1.365,1.365,1.365,10
2026-01-23 15:32:00,1.365,1.3684,1.365,1.365,16
2026-01-23 15:33:00,1.365,1.37,1.365,1.365,104
2026-01-23 15:34:00,1.365,1.365,1.365,1.365,14
2026-01-23 15:35:00,1.365,1.37,1.36,1.365,39
2026-01-23 15:36:00,1.365,1.365,1.365,1.365,7
2026-01-23 15:37:00,1.365,1.365,1.365,1.365,10
2026-01-23 15:38:00,1.365,1.365,1.36,1.365,19
2026-01-23 15:39:00,1.365,1.365,1.365,1.365,3
2026-01-23 15:40:00,1.365,1.365,1.36,1.365,17
2026-01-23 15:41:00,1.37,1.37,1.36,1.365,240
2026-01-23 15:42:00,1.365,1.365,1.36,1.365,18
2026-01-23 15:43:00,1.365,1.365,1.365,1.365,6
2026-01-23 15:44:00,1.3699,1.3699,1.36,1.36,20
2026-01-23 15:45:00,1.365,1.3689,1.365,1.365,32
2026-01-23 15:46:00,1.3699,1.3699,1.36,1.36,85
2026-01-23 15:47:00,1.365,1.365,1.36,1.365,9
2026-01-23 15:48:00,1.365,1.37,1.36,1.3614,14
2026-01-23 15:49:00,1.365,1.365,1.36,1.365,127
2026-01-23 15:50:00,1.365,1.365,1.365,1.365,143
2026-01-23 15:51:00,1.365,1.365,1.36,1.365,32
2026-01-23 15:52:00,1.365,1.37,1.36,1.37,722
2026-01-23 15:53:00,1.365,1.365,1.36,1.365,18
2026-01-23 15:54:00,1.365,1.37,1.36,1.361,149
2026-01-23 15:55:00,1.368,1.368,1.36,1.365,56
2026-01-23 15:56:00,1.365,1.37,1.36,1.365,142
2026-01-23 15:57:00,1.365,1.365,1.36,1.365,517
2026-01-23 15:58:00,1.365,1.3687,1.36,1.365,284
2026-01-23 15:59:00,1.365,1.37,1.36,1.36,859
2026-01-26 09:30:00,1.36,1.37,1.36,1.37,1120
2026-01-26 09:31:00,1.36,1.365,1.36,1.362,11
2026-01-26 09:32:00,1.365,1.365,1.365,1.365,14
2026-01-26 09:33:00,1.365,1.365,1.365,1.365,1
2026-01-26 09:34:00,1.36,1.36,1.355,1.355,57
2026-01-26 09:35:00,1.36,1.36,1.36,1.36,7
2026-01-26 09:36:00,1.36,1.36,1.3597,1.36,83
2026-01-26 09:37:00,1.365,1.37,1.3649,1.37,48
2026-01-26 09:38:00,1.3685,1.375,1.365,1.375,627
2026-01-26 09:39:00,1.375,1.38,1.3701,1.38,202
2026-01-26 09:40:00,1.38,1.38,1.375,1.375,24
2026-01-26 09:41:00,1.375,1.375,1.375,1.375,4
2026-01-26 09:42:00,1.375,1.375,1.375,1.375,8
2026-01-26 09:43:00,1.375,1.385,1.375,1.385,128
2026-01-26 09:44:00,1.385,1.385,1.38,1.385,8
2026-01-26 09:45:00,1.38,1.385,1.38,1.385,14
2026-01-26 09:46:00,1.385,1.385,1.385,1.385,8
2026-01-26 09:47:00,1.385,1.39,1.38,1.39,552
2026-01-26 09:48:00,1.385,1.39,1.385,1.39,27
2026-01-26 09:49:00,1.39,1.3965,1.39,1.3965,215
2026-01-26 09:50:00,1.395,1.4,1.3905,1.395,37
2026-01-26 09:51:00,1.4,1.4,1.395,1.395,41
2026-01-26 09:52:00,1.395,1.4,1.39,1.39,26
2026-01-26 09:53:00,1.4,1.4,1.39,1.395,401
2026-01-26 09:54:00,1.39,1.395,1.39,1.395,18
2026-01-26 09:55:00,1.395,1.395,1.39,1.395,342
2026-01-26 09:56:00,1.39,1.395,1.39,1.395,11
2026-01-26 09:57:00,1.395,1.395,1.39,1.39,7
2026-01-26 09:58:00,1.39,1.395,1.39,1.395,56
2026-01-26 09:59:00,1.395,1.395,1.395,1.395,1
2026-01-26 10:00:00,1.395,1.395,1.39,1.395,57
2026-01-26 10:01:00,1.39,1.39,1.39,1.39,10
2026-01-26 10:02:00,1.395,1.395,1.385,1.385,127
2026-01-26 10:03:00,1.385,1.385,1.385,1.385,5
2026-01-26 10:04:00,1.385,1.385,1.385,1.385,5
2026-01-26 10:05:00,1.385,1.385,1.38,1.385,49
2026-01-26 10:06:00,1.385,1.385,1.385,1.385,1
2026-01-26 10:07:00,1.38,1.385,1.38,1.385,22
2026-01-26 10:08:00,1.38,1.385,1.38,1.385,10
2026-01-26 10:09:00,1.38,1.38,1.37,1.375,79
2026-01-26 10:10:00,1.38,1.39,1.3766,1.39,153
2026-01-26 10:11:00,1.385,1.385,1.385,1.385,6
2026-01-26 10:12:00,1.3801,1.385,1.3801,1.385,118
2026-01-26 10:13:00,1.385,1.3885,1.385,1.3885,6
2026-01-26 10:14:00,1.3898,1.3898,1.38,1.385,18
2026-01-26 10:15:00,1.385,1.385,1.3843,1.3843,15
2026-01-26 10:16:00,1.385,1.385,1.3801,1.385,23
2026-01-26 10:17:00,1.385,1.3879,1.3836,1.385,15
2026-01-26 10:18:00,1.385,1.385,1.385,1.385,8
2026-01-26 10:19:00,1.38,1.385,1.38,1.385,13
2026-01-26 10:20:00,1.385,1.385,1.385,1.385,21
2026-01-26 10:21:00,1.385,1.385,1.385,1.385,8
2026-01-26 10:22:00,1.38,1.385,1.38,1.385,5
2026-01-26 10:23:00,1.385,1.385,1.385,1.385,7
2026-01-26 10:24:00,1.385,1.385,1.385,1.385,3
2026-01-26 10:25:00,1.385,1.385,1.385,1.385,0
2026-01-26 10:26:00,1.385,1.39,1.385,1.385,8
2026-01-26 10:27:00,1.385,1.39,1.385,1.39,4
2026-01-26 10:28:00,1.385,1.385,1.38,1.385,12
2026-01-26 10:29:00,1.39,1.39,1.39,1.39,1
2026-01-26 10:30:00,1.385,1.39,1.38,1.39,38
2026-01-26 10:31:00,1.385,1.39,1.385,1.39,25
2026-01-26 10:32:00,1.385,1.39,1.385,1.39,11
2026-01-26 10:33:00,1.39,1.39,1.39,1.39,1
2026-01-26 10:34:00,1.39,1.39,1.385,1.39,16
2026-01-26 10:35:00,1.385,1.39,1.385,1.39,2
2026-01-26 10:36:00,1.39,1.39,1.39,1.39,1
2026-01-26 10:37:00,1.39,1.39,1.385,1.385,9
2026-01-26 10:38:00,1.39,1.39,1.385,1.39,3
2026-01-26 10:39:00,1.385,1.39,1.385,1.39,12
2026-01-26 10:40:00,1.385,1.39,1.385,1.385,10
2026-01-26 10:41:00,1.3801,1.39,1.3801,1.39,33
2026-01-26 10:42:00,1.385,1.39,1.385,1.385,7
2026-01-26 10:43:00,1.39,1.39,1.39,1.39,2
2026-01-26 10:44:00,1.39,1.39,1.39,1.39,8
2026-01-26 10:45:00,1.385,1.39,1.385,1.3886,7
2026-01-26 10:46:00,1.39,1.39,1.39,1.39,194
2026-01-26 10:47:00,1.39,1.39,1.39,1.39,5
2026-01-26 10:48:00,1.39,1.4,1.39,1.4,118
2026-01-26 10:49:00,1.4,1.4,1.395,1.4,13
2026-01-26 10:50:00,1.4,1.4,1.3984,1.4,273
2026-01-26 10:51:00,1.4,1.4,1.4,1.4,8
2026-01-26 10:52:00,1.4,1.4,1.3956,1.4,45
2026-01-26 10:53:00,1.4,1.41,1.4,1.41,275
2026-01-26 10:54:00,1.41,1.41,1.405,1.405,27
2026-01-26 10:55:00,1.4002,1.41,1.4,1.41,41
2026-01-26 10:56:00,1.4002,1.41,1.4002,1.41,24
2026-01-26 10:57:00,1.41,1.41,1.405,1.4099,23
2026-01-26 10:58:00,1.41,1.41,1.4002,1.405,124
2026-01-26 10:59:00,1.41,1.41,1.4042,1.4042,15
2026-01-26 11:00:00,1.41,1.41,1.405,1.41,114
2026-01-26 11:01:00,1.4002,1.41,1.4002,1.41,23
2026-01-26 11:02:00,1.405,1.405,1.405,1.405,2
2026-01-26 11:03:00,1.41,1.41,1.405,1.405,48
2026-01-26 11:04:00,1.41,1.41,1.4016,1.41,68
2026-01-26 11:05:00,1.405,1.41,1.4001,1.41,39
2026-01-26 11:06:00,1.41,1.41,1.405,1.41,27
2026-01-26 11:07:00,1.405,1.41,1.405,1.41,123
2026-01-26 11:08:00,1.41,1.41,1.405,1.41,8
2026-01-26 11:09:00,1.405,1.41,1.405,1.41,17
2026-01-26 11:10:00,1.41,1.41,1.405,1.41,8
2026-01-26 11:11:00,1.405,1.41,1.405,1.41,12
2026-01-26 11:12:00,1.41,1.41,1.41,1.41,38
2026-01-26 11:13:00,1.41,1.41,1.41,1.41,4
2026-01-26 11:14:00,1.405,1.41,1.405,1.41,14
2026-01-26 11:15:00,1.41,1.41,1.405,1.41,8
2026-01-26 11:16:00,1.41,1.41,1.4001,1.41,590
2026-01-26 11:17:00,1.41,1.41,1.41,1.41,4
2026-01-26 11:18:00,1.41,1.41,1.4,1.41,17
2026-01-26 11:19:00,1.41,1.41,1.405,1.41,9
2026-01-26 11:20:00,1.41,1.41,1.405,1.41,243
2026-01-26 11:21:00,1.405,1.41,1.405,1.405,25
2026-01-26 11:22:00,1.41,1.41,1.405,1.41,61
2026-01-26 11:23:00,1.41,1.41,1.405,1.41,7
2026-01-26 11:24:00,1.41,1.41,1.4,1.41,39
2026-01-26 11:25:00,1.41,1.41,1.405,1.41,40
2026-01-26 11:26:00,1.41,1.41,1.4,1.4,19
2026-01-26 11:27:00,1.41,1.41,1.4,1.41,73
2026-01-26 11:28:00,1.41,1.41,1.4,1.41,33
2026-01-26 11:29:00,1.41,1.41,1.405,1.41,16
2026-01-26 11:30:00,1.4046,1.41,1.4046,1.41,27
2026-01-26 11:31:00,1.41,1.41,1.4009,1.41,15
2026-01-26 11:32:00,1.41,1.41,1.4099,1.4099,9
2026-01-26 11:33:00,1.41,1.41,1.4,1.41,177
2026-01-26 11:34:00,1.41,1.41,1.41,1.41,33
2026-01-26 11:35:00,1.41,1.41,1.41,1.41,25
2026-01-26 11:36:00,1.41,1.41,1.41,1.41,34
2026-01-26 11:37:00,1.41,1.41,1.4,1.405,359
2026-01-26 11:38:00,1.41,1.41,1.4077,1.41,23
2026-01-26 11:39:00,1.41,1.41,1.405,1.41,51
2026-01-26 11:40:00,1.41,1.41,1.4099,1.41,68
2026-01-26 11:41:00,1.41,1.41,1.404,1.41,56
2026-01-26 11:42:00,1.41,1.42,1.41,1.415,275
2026-01-26 11:43:00,1.415,1.42,1.415,1.415,115
2026-01-26 11:44:00,1.42,1.42,1.415,1.42,8
2026-01-26 11:45:00,1.415,1.42,1.41,1.415,29
2026-01-26 11:46:00,1.42,1.42,1.415,1.415,19
2026-01-26 11:47:00,1.42,1.42,1.415,1.415,34
2026-01-26 11:48:00,1.42,1.42,1.41,1.415,7
2026-01-26 11:49:00,1.42,1.42,1.415,1.415,42
2026-01-26 11:50:00,1.415,1.42,1.415,1.42,3
2026-01-26 11:51:00,1.42,1.42,1.41,1.415,27
2026-01-26 11:52:00,1.415,1.42,1.415,1.415,11
2026-01-26 11:53:00,1.415,1.42,1.4139,1.42,124
2026-01-26 11:54:00,1.42,1.42,1.415,1.415,9
2026-01-26 11:55:00,1.42,1.42,1.415,1.415,16
2026-01-26 11:56:00,1.42,1.42,1.415,1.415,41
2026-01-26 11:57:00,1.42,1.42,1.415,1.415,26
2026-01-26 11:58:00,1.42,1.42,1.41,1.415,482
2026-01-26 11:59:00,1.415,1.42,1.41,1.4101,74
2026-01-26 12:00:00,1.415,1.415,1.41,1.415,40
2026-01-26 12:01:00,1.415,1.42,1.415,1.415,33
2026-01-26 12:02:00,1.42,1.42,1.4114,1.4114,11
2026-01-26 12:03:00,1.415,1.42,1.415,1.415,17
2026-01-26 12:04:00,1.415,1.42,1.415,1.42,2
2026-01-26 12:05:00,1.415,1.42,1.415,1.415,7
2026-01-26 12:06:00,1.42,1.42,1.4113,1.415,147
2026-01-26 12:07:00,1.415,1.42,1.415,1.415,6
2026-01-26 12:08:00,1.415,1.42,1.415,1.415,42
2026-01-26 12:09:00,1.415,1.42,1.415,1.42,13
2026-01-26 12:10:00,1.415,1.42,1.415,1.415,17
2026-01-26 12:11:00,1.42,1.42,1.41,1.415,22
2026-01-26 12:12:00,1.42,1.42,1.415,1.42,5
2026-01-26 12:13:00,1.42,1.42,1.415,1.415,7
2026-01-26 12:14:00,1.42,1.42,1.42,1.42,2
2026-01-26 12:15:00,1.42,1.42,1.415,1.42,16
2026-01-26 12:16:00,1.42,1.42,1.4104,1.415,29
2026-01-26 12:17:00,1.42,1.42,1.415,1.42,14
2026-01-26 12:18:00,1.42,1.42,1.415,1.415,6
2026-01-26 12:19:00,1.42,1.42,1.415,1.42,10
2026-01-26 12:20:00,1.42,1.42,1.415,1.42,9
2026-01-26 12:21:00,1.415,1.42,1.41,1.415,82
2026-01-26 12:22:00,1.42,1.42,1.415,1.415,11
2026-01-26 12:23:00,1.42,1.42,1.415,1.42,6
2026-01-26 12:24:00,1.42,1.42,1.415,1.415,14
2026-01-26 12:25:00,1.415,1.42,1.415,1.415,21
2026-01-26 12:26:00,1.415,1.42,1.415,1.42,33
2026-01-26 12:27:00,1.42,1.42,1.42,1.42,2
2026-01-26 12:28:00,1.415,1.42,1.415,1.42,6
2026-01-26 12:29:00,1.415,1.42,1.415,1.42,8
2026-01-26 12:30:00,1.42,1.42,1.41,1.415,152
2026-01-26 12:31:00,1.42,1.42,1.42,1.42,1
2026-01-26 12:32:00,1.42,1.42,1.415,1.415,6
2026-01-26 12:33:00,1.415,1.42,1.415,1.415,13
2026-01-26 12:34:00,1.42,1.42,1.42,1.42,2
2026-01-26 12:35:00,1.415,1.42,1.41,1.415,10
2026-01-26 12:36:00,1.415,1.42,1.415,1.415,10
2026-01-26 12:37:00,1.4143,1.42,1.4143,1.415,12
2026-01-26 12:38:00,1.415,1.42,1.415,1.42,11
2026-01-26 12:39:00,1.415,1.42,1.415,1.415,20
2026-01-26 12:40:00,1.415,1.415,1.41,1.415,13
2026-01-26 12:41:00,1.4101,1.42,1.4101,1.42,289
2026-01-26 12:42:00,1.415,1.42,1.4101,1.415,35
2026-01-26 12:43:00,1.415,1.42,1.4134,1.42,14
2026-01-26 12:44:00,1.415,1.42,1.415,1.42,3
2026-01-26 12:45:00,1.415,1.42,1.415,1.415,9
2026-01-26 12:46:00,1.4111,1.42,1.4111,1.415,163
2026-01-26 12:47:00,1.415,1.42,1.415,1.42,26
2026-01-26 12:48:00,1.4154,1.42,1.415,1.42,13
2026-01-26 12:49:00,1.415,1.42,1.415,1.415,18
2026-01-26 12:50:00,1.415,1.42,1.41,1.415,9
2026-01-26 12:51:00,1.42,1.42,1.4105,1.415,45
2026-01-26 12:52:00,1.42,1.42,1.415,1.42,20
2026-01-26 12:53:00,1.415,1.42,1.415,1.42,26
2026-01-26 12:54:00,1.42,1.42,1.415,1.42,17
2026-01-26 12:55:00,1.415,1.42,1.415,1.42,14
2026-01-26 12:56:00,1.42,1.42,1.415,1.42,33
2026-01-26 12:57:00,1.415,1.42,1.415,1.42,12
2026-01-26 12:58:00,1.42,1.42,1.415,1.42,31
2026-01-26 12:59:00,1.42,1.43,1.415,1.43,419
2026-01-26 13:00:00,1.43,1.43,1.4268,1.43,39
2026-01-26 13:01:00,1.43,1.43,1.425,1.43,20
2026-01-26 13:02:00,1.425,1.43,1.425,1.43,43
2026-01-26 13:03:00,1.425,1.43,1.42,1.43,33
2026-01-26 13:04:00,1.43,1.43,1.425,1.43,13
2026-01-26 13:05:00,1.43,1.43,1.43,1.43,7
2026-01-26 13:06:00,1.43,1.43,1.43,1.43,9
2026-01-26 13:07:00,1.43,1.43,1.4242,1.4242,11
2026-01-26 13:08:00,1.43,1.43,1.425,1.43,15
2026-01-26 13:09:00,1.43,1.43,1.43,1.43,7
2026-01-26 13:10:00,1.43,1.43,1.425,1.43,14
2026-01-26 13:11:00,1.43,1.43,1.43,1.43,5
2026-01-26 13:12:00,1.43,1.43,1.43,1.43,4
2026-01-26 13:13:00,1.43,1.43,1.43,1.43,11
2026-01-26 13:14:00,1.4219,1.43,1.4219,1.43,15
2026-01-26 13:15:00,1.43,1.43,1.43,1.43,7
2026-01-26 13:16:00,1.43,1.43,1.4208,1.43,18
2026-01-26 13:17:00,1.43,1.43,1.43,1.43,9
2026-01-26 13:18:00,1.42,1.43,1.42,1.43,67
2026-01-26 13:19:00,1.4258,1.43,1.4258,1.43,34
2026-01-26 13:20:00,1.43,1.43,1.43,1.43,12
2026-01-26 13:21:00,1.43,1.43,1.4298,1.43,11
2026-01-26 13:22:00,1.43,1.43,1.43,1.43,18
2026-01-26 13:23:00,1.43,1.43,1.425,1.43,31
2026-01-26 13:24:00,1.43,1.43,1.43,1.43,16
2026-01-26 13:25:00,1.43,1.43,1.425,1.4282,23
2026-01-26 13:26:00,1.43,1.43,1.4213,1.43,24
2026-01-26 13:27:00,1.425,1.43,1.425,1.43,23
2026-01-26 13:28:00,1.425,1.43,1.425,1.43,9
2026-01-26 13:29:00,1.425,1.43,1.425,1.425,19
2026-01-26 13:30:00,1.425,1.43,1.425,1.43,57
2026-01-26 13:31:00,1.43,1.43,1.425,1.425,8
2026-01-26 13:32:00,1.43,1.43,1.425,1.43,40
2026-01-26 13:33:00,1.43,1.43,1.425,1.43,15
2026-01-26 13:34:00,1.43,1.43,1.425,1.425,36
2026-01-26 13:35:00,1.43,1.43,1.425,1.43,12
2026-01-26 13:36:00,1.43,1.43,1.425,1.43,79
2026-01-26 13:37:00,1.43,1.43,1.425,1.43,10
2026-01-26 13:38:00,1.43,1.43,1.425,1.43,22
2026-01-26 13:39:00,1.425,1.43,1.425,1.43,14
2026-01-26 13:40:00,1.43,1.43,1.43,1.43,9
2026-01-26 13:41:00,1.43,1.43,1.42,1.43,43
2026-01-26 13:42:00,1.43,1.43,1.42,1.42,20
2026-01-26 13:43:00,1.43,1.43,1.425,1.43,11
2026-01-26 13:44:00,1.425,1.43,1.4206,1.43,83
2026-01-26 13:45:00,1.43,1.43,1.425,1.43,4
2026-01-26 13:46:00,1.43,1.43,1.425,1.425,13
2026-01-26 13:47:00,1.43,1.43,1.425,1.425,9
2026-01-26 13:48:00,1.4287,1.43,1.425,1.425,18
2026-01-26 13:49:00,1.43,1.43,1.425,1.43,20
2026-01-26 13:50:00,1.43,1.435,1.425,1.435,740
2026-01-26 13:51:00,1.435,1.435,1.43,1.43,622
2026-01-26 13:52:00,1.4301,1.435,1.4301,1.435,82
2026-01-26 13:53:00,1.435,1.435,1.435,1.435,0
2026-01-26 13:54:00,1.435,1.435,1.43,1.435,9
2026-01-26 13:55:00,1.43,1.435,1.43,1.435,85
2026-01-26 13:56:00,1.43,1.43,1.43,1.43,17
2026-01-26 13:57:00,1.435,1.435,1.43,1.435,15
2026-01-26 13:58:00,1.435,1.435,1.435,1.435,5
2026-01-26 13:59:00,1.43,1.435,1.43,1.435,31
2026-01-26 14:00:00,1.43,1.435,1.43,1.435,31
2026-01-26 14:01:00,1.435,1.435,1.435,1.435,0
2026-01-26 14:02:00,1.44,1.44,1.435,1.435,3
2026-01-26 14:03:00,1.435,1.44,1.435,1.435,8
2026-01-26 14:04:00,1.435,1.44,1.43,1.44,56
2026-01-26 14:05:00,1.44,1.44,1.435,1.435,10
2026-01-26 14:06:00,1.44,1.44,1.4354,1.44,11
2026-01-26 14:07:00,1.44,1.44,1.435,1.435,20
2026-01-26 14:08:00,1.435,1.44,1.435,1.435,71
2026-01-26 14:09:00,1.435,1.44,1.435,1.435,35
2026-01-26 14:10:00,1.435,1.44,1.435,1.435,13
2026-01-26 14:11:00,1.435,1.435,1.435,1.435,14
2026-01-26 14:12:00,1.44,1.44,1.435,1.435,177
2026-01-26 14:13:00,1.435,1.44,1.43,1.435,38
2026-01-26 14:14:00,1.435,1.44,1.435,1.435,10
2026-01-26 14:15:00,1.44,1.44,1.435,1.435,2
2026-01-26 14:16:00,1.435,1.44,1.435,1.435,13
2026-01-26 14:17:00,1.435,1.44,1.435,1.44,19
2026-01-26 14:18:00,1.43,1.435,1.43,1.43,216
2026-01-26 14:19:00,1.435,1.435,1.4306,1.435,10
2026-01-26 14:20:00,1.43,1.435,1.43,1.43,13
2026-01-26 14:21:00,1.43,1.43,1.425,1.425,374
2026-01-26 14:22:00,1.425,1.425,1.425,1.425,10
2026-01-26 14:23:00,1.425,1.425,1.425,1.425,27
2026-01-26 14:24:00,1.425,1.425,1.425,1.425,7
2026-01-26 14:25:00,1.425,1.425,1.425,1.425,9
2026-01-26 14:26:00,1.4201,1.4201,1.4201,1.4201,3
2026-01-26 14:27:00,1.425,1.43,1.425,1.425,20
2026-01-26 14:28:00,1.43,1.43,1.425,1.43,15
2026-01-26 14:29:00,1.43,1.43,1.43,1.43,16
2026-01-26 14:30:00,1.425,1.43,1.425,1.43,160
2026-01-26 14:31:00,1.425,1.43,1.425,1.43,50
2026-01-26 14:32:00,1.425,1.43,1.4206,1.43,30
2026-01-26 14:33:00,1.43,1.43,1.4205,1.4205,21
2026-01-26 14:34:00,1.43,1.43,1.43,1.43,5
2026-01-26 14:35:00,1.43,1.43,1.4299,1.43,25
2026-01-26 14:36:00,1.43,1.43,1.43,1.43,39
2026-01-26 14:37:00,1.43,1.43,1.4295,1.43,28
2026-01-26 14:38:00,1.43,1.43,1.43,1.43,90
2026-01-26 14:39:00,1.43,1.43,1.43,1.43,17
2026-01-26 14:40:00,1.43,1.43,1.43,1.43,24
2026-01-26 14:41:00,1.43,1.43,1.43,1.43,21
2026-01-26 14:42:00,1.43,1.43,1.425,1.43,48
2026-01-26 14:43:00,1.43,1.44,1.43,1.435,268
2026-01-26 14:44:00,1.435,1.4399,1.435,1.435,34
2026-01-26 14:45:00,1.44,1.44,1.43,1.435,301
2026-01-26 14:46:00,1.435,1.44,1.43,1.435,65
2026-01-26 14:47:00,1.4303,1.44,1.4303,1.435,13
2026-01-26 14:48:00,1.44,1.44,1.435,1.435,2
2026-01-26 14:49:00,1.435,1.44,1.435,1.435,49
2026-01-26 14:50:00,1.43,1.44,1.43,1.43,53
2026-01-26 14:51:00,1.43,1.44,1.43,1.435,55
2026-01-26 14:52:00,1.43,1.435,1.43,1.43,8
2026-01-26 14:53:00,1.43,1.435,1.43,1.43,18
2026-01-26 14:54:00,1.435,1.44,1.43,1.435,173
2026-01-26 14:55:00,1.44,1.44,1.435,1.44,19
2026-01-26 14:56:00,1.435,1.44,1.435,1.44,38
2026-01-26 14:57:00,1.435,1.44,1.43,1.435,135
2026-01-26 14:58:00,1.44,1.44,1.43,1.44,106
2026-01-26 14:59:00,1.44,1.44,1.435,1.435,21
2026-01-26 15:00:00,1.44,1.44,1.43,1.44,251
2026-01-26 15:01:00,1.435,1.44,1.435,1.44,44
2026-01-26 15:02:00,1.44,1.44,1.435,1.44,40
2026-01-26 15:03:00,1.44,1.44,1.435,1.44,36
2026-01-26 15:04:00,1.44,1.44,1.435,1.44,25
2026-01-26 15:05:00,1.44,1.44,1.44,1.44,14
2026-01-26 15:06:00,1.44,1.445,1.435,1.445,283
2026-01-26 15:07:00,1.445,1.45,1.4406,1.45,170
2026-01-26 15:08:00,1.445,1.45,1.44,1.45,95
2026-01-26 15:09:00,1.445,1.45,1.445,1.45,21
2026-01-26 15:10:00,1.45,1.45,1.445,1.45,75
2026-01-26 15:11:00,1.45,1.45,1.445,1.45,23
2026-01-26 15:12:00,1.45,1.45,1.435,1.435,565
2026-01-26 15:13:00,1.435,1.435,1.435,1.435,0
2026-01-26 15:14:00,1.44,1.44,1.44,1.44,3
2026-01-26 15:15:00,1.4399,1.4399,1.435,1.435,8
2026-01-26 15:16:00,1.435,1.435,1.435,1.435,4
2026-01-26 15:17:00,1.44,1.44,1.435,1.44,15
2026-01-26 15:18:00,1.44,1.445,1.44,1.445,243
2026-01-26 15:19:00,1.445,1.45,1.4435,1.45,25
2026-01-26 15:20:00,1.45,1.45,1.44,1.445,89
2026-01-26 15:21:00,1.445,1.45,1.445,1.45,14
2026-01-26 15:22:00,1.45,1.45,1.44,1.445,369
2026-01-26 15:23:00,1.445,1.445,1.445,1.445,11
2026-01-26 15:24:00,1.445,1.4487,1.44,1.445,27
2026-01-26 15:25:00,1.445,1.445,1.44,1.445,61
2026-01-26 15:26:00,1.445,1.445,1.445,1.445,35
2026-01-26 15:27:00,1.445,1.45,1.445,1.45,35
2026-01-26 15:28:00,1.45,1.45,1.4413,1.445,55
2026-01-26 15:29:00,1.445,1.445,1.44,1.44,247
2026-01-26 15:30:00,1.445,1.445,1.44,1.4425,51
2026-01-26 15:31:00,1.44,1.445,1.435,1.435,832
2026-01-26 15:32:00,1.435,1.4387,1.4313,1.4313,23
2026-01-26 15:33:00,1.435,1.44,1.4325,1.435,51
2026-01-26 15:34:00,1.44,1.44,1.435,1.435,219
2026-01-26 15:35:00,1.435,1.44,1.435,1.44,437
2026-01-26 15:36:00,1.44,1.445,1.44,1.445,106
2026-01-26 15:37:00,1.445,1.445,1.445,1.445,10
2026-01-26 15:38:00,1.445,1.4499,1.445,1.445,32
2026-01-26 15:39:00,1.445,1.445,1.445,1.445,32
2026-01-26 15:40:00,1.445,1.45,1.445,1.45,74
2026-01-26 15:41:00,1.45,1.45,1.44,1.445,1031
2026-01-26 15:42:00,1.445,1.45,1.44,1.445,102
2026-01-26 15:43:00,1.445,1.45,1.4413,1.45,27
2026-01-26 15:44:00,1.45,1.45,1.445,1.45,101
2026-01-26 15:45:00,1.45,1.45,1.4446,1.45,100
2026-01-26 15:46:00,1.45,1.45,1.4415,1.45,95
2026-01-26 15:47:00,1.445,1.45,1.445,1.45,82
2026-01-26 15:48:00,1.45,1.45,1.445,1.445,215
2026-01-26 15:49:00,1.445,1.45,1.445,1.445,191
2026-01-26 15:50:00,1.445,1.45,1.4401,1.45,149
2026-01-26 15:51:00,1.445,1.45,1.445,1.445,281
2026-01-26 15:52:00,1.445,1.4499,1.44,1.445,91
2026-01-26 15:53:00,1.445,1.45,1.44,1.445,220
2026-01-26 15:54:00,1.44,1.4499,1.44,1.44,623
2026-01-26 15:55:00,1.44,1.44,1.4314,1.44,506
2026-01-26 15:56:00,1.44,1.44,1.435,1.44,233
2026-01-26 15:57:00,1.44,1.44,1.435,1.44,291
2026-01-26 15:58:00,1.44,1.445,1.435,1.435,867
2026-01-26 15:59:00,1.435,1.44,1.43,1.435,623
2026-01-27 09:30:00,1.43,1.4359,1.42,1.43,333
2026-01-27 09:31:00,1.435,1.435,1.435,1.435,11
2026-01-27 09:32:00,1.4357,1.4357,1.4357,1.4357,10
2026-01-27 09:33:00,1.44,1.455,1.44,1.455,312
2026-01-27 09:34:00,1.455,1.46,1.455,1.455,111
2026-01-27 09:35:00,1.45,1.455,1.45,1.455,11
2026-01-27 09:36:00,1.4502,1.4502,1.4502,1.4502,2
2026-01-27 09:37:00,1.4502,1.4502,1.4502,1.4502,0
2026-01-27 09:38:00,1.45,1.45,1.445,1.445,76
2026-01-27 09:39:00,1.44,1.445,1.435,1.4387,86
2026-01-27 09:40:00,1.4387,1.4387,1.4387,1.4387,0
2026-01-27 09:41:00,1.435,1.435,1.425,1.425,83
2026-01-27 09:42:00,1.425,1.425,1.425,1.425,0
2026-01-27 09:43:00,1.4242,1.4242,1.4242,1.4242,2
2026-01-27 09:44:00,1.425,1.425,1.42,1.42,209
2026-01-27 09:45:00,1.425,1.4254,1.42,1.425,298
2026-01-27 09:46:00,1.425,1.425,1.425,1.425,23
2026-01-27 09:47:00,1.4294,1.4294,1.42,1.42,33
2026-01-27 09:48:00,1.42,1.425,1.42,1.425,23
2026-01-27 09:49:00,1.425,1.43,1.42,1.42,14
2026-01-27 09:50:00,1.42,1.43,1.42,1.43,23
2026-01-27 09:51:00,1.42,1.425,1.42,1.425,15
2026-01-27 09:52:00,1.42,1.42,1.415,1.4199,123
2026-01-27 09:53:00,1.415,1.415,1.415,1.415,29
2026-01-27 09:54:00,1.4101,1.4101,1.4,1.4,315
2026-01-27 09:55:00,1.41,1.41,1.4,1.4,22
2026-01-27 09:56:00,1.41,1.41,1.405,1.405,6
2026-01-27 09:57:00,1.4099,1.4099,1.405,1.405,27
2026-01-27 09:58:00,1.4058,1.4058,1.4,1.4,34
2026-01-27 09:59:00,1.4,1.4,1.39,1.395,612
2026-01-27 10:00:00,1.395,1.395,1.395,1.395,0
2026-01-27 10:01:00,1.395,1.395,1.395,1.395,5
2026-01-27 10:02:00,1.3956,1.3956,1.395,1.395,7
2026-01-27 10:03:00,1.395,1.395,1.395,1.395,0
2026-01-27 10:04:00,1.3999,1.3999,1.3999,1.3999,10
2026-01-27 10:05:00,1.3958,1.3958,1.395,1.395,4
2026-01-27 10:06:00,1.395,1.395,1.395,1.395,0
2026-01-27 10:07:00,1.3999,1.3999,1.395,1.395,201
2026-01-27 10:08:00,1.3999,1.3999,1.395,1.395,157
2026-01-27 10:09:00,1.395,1.3999,1.395,1.395,53
2026-01-27 10:10:00,1.395,1.395,1.3901,1.395,37
2026-01-27 10:11:00,1.395,1.395,1.395,1.395,41
2026-01-27 10:12:00,1.3994,1.3999,1.395,1.395,80
2026-01-27 10:13:00,1.395,1.3976,1.395,1.395,71
2026-01-27 10:14:00,1.39,1.406,1.39,1.4,135
2026-01-27 10:15:00,1.405,1.42,1.4,1.415,482
2026-01-27 10:16:00,1.415,1.42,1.41,1.42,70
2026-01-27 10:17:00,1.415,1.425,1.415,1.425,100
2026-01-27 10:18:00,1.4299,1.4299,1.425,1.425,233
2026-01-27 10:19:00,1.425,1.425,1.425,1.425,27
2026-01-27 10:20:00,1.425,1.425,1.425,1.425,20
2026-01-27 10:21:00,1.425,1.43,1.42,1.43,42
2026-01-27 10:22:00,1.425,1.425,1.425,1.425,6
2026-01-27 10:23:00,1.425,1.425,1.4201,1.425,25
2026-01-27 10:24:00,1.425,1.425,1.425,1.425,2
2026-01-27 10:25:00,1.425,1.425,1.425,1.425,81
2026-01-27 10:26:00,1.43,1.435,1.43,1.435,132
2026-01-27 10:27:00,1.435,1.435,1.435,1.435,4
2026-01-27 10:28:00,1.435,1.435,1.435,1.435,0
2026-01-27 10:29:00,1.44,1.44,1.435,1.435,34
2026-01-27 10:30:00,1.44,1.44,1.4313,1.44,26
2026-01-27 10:31:00,1.435,1.435,1.435,1.435,9
2026-01-27 10:32:00,1.435,1.44,1.435,1.435,11
2026-01-27 10:33:00,1.435,1.435,1.435,1.435,9
2026-01-27 10:34:00,1.435,1.44,1.43,1.43,8
2026-01-27 10:35:00,1.435,1.435,1.43,1.435,9
2026-01-27 10:36:00,1.435,1.435,1.43,1.43,14
2026-01-27 10:37:00,1.435,1.435,1.435,1.435,8
2026-01-27 10:38:00,1.435,1.435,1.435,1.435,6
2026-01-27 10:39:00,1.435,1.435,1.435,1.435,3
2026-01-27 10:40:00,1.435,1.4367,1.435,1.4367,15
2026-01-27 10:41:00,1.435,1.435,1.435,1.435,12
2026-01-27 10:42:00,1.435,1.435,1.43,1.43,9
2026-01-27 10:43:00,1.435,1.435,1.435,1.435,1
2026-01-27 10:44:00,1.435,1.438,1.435,1.435,50
2026-01-27 10:45:00,1.435,1.435,1.435,1.435,0
2026-01-27 10:46:00,1.435,1.435,1.435,1.435,15
2026-01-27 10:47:00,1.4306,1.435,1.4306,1.4345,32
2026-01-27 10:48:00,1.4345,1.4345,1.4345,1.4345,0
2026-01-27 10:49:00,1.4345,1.4345,1.4345,1.4345,0
2026-01-27 10:50:00,1.435,1.435,1.435,1.435,59
2026-01-27 10:51:00,1.435,1.435,1.435,1.435,12
2026-01-27 10:52:00,1.435,1.435,1.435,1.435,0
2026-01-27 10:53:00,1.435,1.4358,1.435,1.4358,21
2026-01-27 10:54:00,1.435,1.435,1.435,1.435,3
2026-01-27 10:55:00,1.435,1.435,1.435,1.435,23
2026-01-27 10:56:00,1.435,1.435,1.435,1.435,18
2026-01-27 10:57:00,1.435,1.435,1.435,1.435,1
2026-01-27 10:58:00,1.435,1.435,1.435,1.435,12
2026-01-27 10:59:00,1.435,1.435,1.435,1.435,0
2026-01-27 11:00:00,1.435,1.435,1.435,1.435,7
2026-01-27 11:01:00,1.4302,1.435,1.43,1.435,10
2026-01-27 11:02:00,1.435,1.4399,1.435,1.4399,24
2026-01-27 11:03:00,1.4399,1.4399,1.4399,1.4399,0
2026-01-27 11:04:00,1.435,1.435,1.435,1.435,3
2026-01-27 11:05:00,1.435,1.435,1.435,1.435,1
2026-01-27 11:06:00,1.435,1.435,1.435,1.435,1
2026-01-27 11:07:00,1.435,1.435,1.435,1.435,1
2026-01-27 11:08:00,1.44,1.44,1.435,1.435,5
2026-01-27 11:09:00,1.44,1.44,1.435,1.435,5
2026-01-27 11:10:00,1.44,1.44,1.435,1.435,18
2026-01-27 11:11:00,1.44,1.44,1.435,1.435,9
2026-01-27 11:12:00,1.435,1.435,1.435,1.435,2
2026-01-27 11:13:00,1.435,1.435,1.435,1.435,0
2026-01-27 11:14:00,1.435,1.435,1.435,1.435,3
2026-01-27 11:15:00,1.435,1.435,1.435,1.435,1
2026-01-27 11:16:00,1.4355,1.4355,1.43,1.435,17
2026-01-27 11:17:00,1.435,1.4399,1.435,1.4399,9
2026-01-27 11:18:00,1.4399,1.4399,1.4399,1.4399,0
2026-01-27 11:19:00,1.4399,1.4399,1.4399,1.4399,0
2026-01-27 11:20:00,1.435,1.435,1.43,1.4302,38
2026-01-27 11:21:00,1.435,1.435,1.435,1.435,1
2026-01-27 11:22:00,1.435,1.435,1.435,1.435,0
2026-01-27 11:23:00,1.435,1.435,1.435,1.435,0
2026-01-27 11:24:00,1.435,1.435,1.435,1.435,1
2026-01-27 11:25:00,1.435,1.435,1.435,1.435,0
2026-01-27 11:26:00,1.435,1.435,1.435,1.435,5
2026-01-27 11:27:00,1.44,1.44,1.44,1.44,15
2026-01-27 11:28:00,1.4387,1.4387,1.4387,1.4387,1
2026-01-27 11:29:00,1.44,1.44,1.435,1.435,296
2026-01-27 11:30:00,1.435,1.435,1.435,1.435,1
2026-01-27 11:31:00,1.435,1.435,1.435,1.435,0
2026-01-27 11:32:00,1.435,1.435,1.435,1.435,0
2026-01-27 11:33:00,1.435,1.435,1.435,1.435,0
2026-01-27 11:34:00,1.435,1.44,1.435,1.44,24
2026-01-27 11:35:00,1.435,1.4399,1.435,1.4399,22
2026-01-27 11:36:00,1.4399,1.4399,1.435,1.435,49
2026-01-27 11:37:00,1.44,1.44,1.44,1.44,3
2026-01-27 11:38:00,1.44,1.44,1.435,1.4399,47
2026-01-27 11:39:00,1.44,1.44,1.435,1.435,31
2026-01-27 11:40:00,1.435,1.435,1.435,1.435,0
2026-01-27 11:41:00,1.435,1.44,1.435,1.44,23
2026-01-27 11:42:00,1.44,1.44,1.44,1.44,0
2026-01-27 11:43:00,1.44,1.44,1.44,1.44,0
2026-01-27 11:44:00,1.44,1.44,1.44,1.44,0
2026-01-27 11:45:00,1.435,1.435,1.435,1.435,35
2026-01-27 11:46:00,1.435,1.44,1.4302,1.4302,13
2026-01-27 11:47:00,1.4399,1.4399,1.4301,1.4301,207
2026-01-27 11:48:00,1.44,1.44,1.44,1.44,33
2026-01-27 11:49:00,1.44,1.45,1.44,1.4402,274
2026-01-27 11:50:00,1.445,1.445,1.4413,1.445,7
2026-01-27 11:51:00,1.445,1.445,1.445,1.445,0
2026-01-27 11:52:00,1.445,1.445,1.445,1.445,11
2026-01-27 11:53:00,1.4413,1.445,1.4413,1.4413,14
2026-01-27 11:54:00,1.445,1.445,1.445,1.445,1
2026-01-27 11:55:00,1.45,1.45,1.44,1.44,102
2026-01-27 11:56:00,1.4499,1.4499,1.445,1.445,33
2026-01-27 11:57:00,1.445,1.445,1.435,1.435,351
2026-01-27 11:58:00,1.435,1.435,1.435,1.435,2
2026-01-27 11:59:00,1.435,1.435,1.435,1.435,0
2026-01-27 12:00:00,1.44,1.44,1.44,1.44,9
2026-01-27 12:01:00,1.435,1.435,1.435,1.435,10
2026-01-27 12:02:00,1.4384,1.4384,1.435,1.435,11
2026-01-27 12:03:00,1.435,1.435,1.435,1.435,0
2026-01-27 12:04:00,1.435,1.435,1.435,1.435,7
2026-01-27 12:05:00,1.435,1.4385,1.435,1.4385,2
2026-01-27 12:06:00,1.435,1.435,1.435,1.435,4
2026-01-27 12:07:00,1.4306,1.435,1.43,1.43,471
2026-01-27 12:08:00,1.435,1.435,1.435,1.435,1
2026-01-27 12:09:00,1.435,1.435,1.435,1.435,10
2026-01-27 12:10:00,1.435,1.435,1.435,1.435,0
2026-01-27 12:11:00,1.435,1.435,1.435,1.435,0
2026-01-27 12:12:00,1.435,1.435,1.435,1.435,0
2026-01-27 12:13:00,1.43,1.43,1.425,1.425,69
2026-01-27 12:14:00,1.425,1.43,1.42,1.425,71
2026-01-27 12:15:00,1.43,1.43,1.425,1.425,12
2026-01-27 12:16:00,1.425,1.425,1.425,1.425,65
2026-01-27 12:17:00,1.425,1.425,1.42,1.42,5
2026-01-27 12:18:00,1.425,1.425,1.425,1.425,29
2026-01-27 12:19:00,1.425,1.425,1.4225,1.425,74
2026-01-27 12:20:00,1.425,1.425,1.425,1.425,38
2026-01-27 12:21:00,1.425,1.425,1.425,1.425,26
2026-01-27 12:22:00,1.425,1.425,1.425,1.425,21
2026-01-27 12:23:00,1.425,1.425,1.425,1.425,29
2026-01-27 12:24:00,1.425,1.43,1.425,1.43,71
2026-01-27 12:25:00,1.425,1.425,1.425,1.425,1
2026-01-27 12:26:00,1.425,1.425,1.425,1.425,4
2026-01-27 12:27:00,1.425,1.425,1.425,1.425,0
2026-01-27 12:28:00,1.425,1.425,1.425,1.425,1
2026-01-27 12:29:00,1.425,1.425,1.425,1.425,0
2026-01-27 12:30:00,1.4288,1.435,1.425,1.435,103
2026-01-27 12:31:00,1.435,1.435,1.435,1.435,12
2026-01-27 12:32:00,1.44,1.445,1.44,1.445,400
2026-01-27 12:33:00,1.445,1.445,1.445,1.445,4
2026-01-27 12:34:00,1.445,1.445,1.445,1.445,22
2026-01-27 12:35:00,1.445,1.445,1.445,1.445,0
2026-01-27 12:36:00,1.445,1.445,1.44,1.44,563
2026-01-27 12:37:00,1.44,1.445,1.44,1.445,4
2026-01-27 12:38:00,1.445,1.4486,1.44,1.445,16
2026-01-27 12:39:00,1.44,1.45,1.44,1.45,9
2026-01-27 12:40:00,1.445,1.45,1.445,1.445,30
2026-01-27 12:41:00,1.445,1.445,1.445,1.445,2
2026-01-27 12:42:00,1.45,1.45,1.445,1.445,25
2026-01-27 12:43:00,1.445,1.445,1.445,1.445,6
2026-01-27 12:44:00,1.445,1.445,1.445,1.445,28
2026-01-27 12:45:00,1.445,1.445,1.445,1.445,11
2026-01-27 12:46:00,1.445,1.45,1.445,1.45,59
2026-01-27 12:47:00,1.445,1.445,1.445,1.445,4
2026-01-27 12:48:00,1.445,1.445,1.445,1.445,6
2026-01-27 12:49:00,1.445,1.445,1.445,1.445,13
2026-01-27 12:50:00,1.445,1.445,1.445,1.445,3
2026-01-27 12:51:00,1.445,1.47,1.445,1.47,1121
2026-01-27 12:52:00,1.47,1.47,1.47,1.47,0
2026-01-27 12:53:00,1.47,1.47,1.47,1.47,0
2026-01-27 12:54:00,1.465,1.465,1.465,1.465,3
2026-01-27 12:55:00,1.47,1.48,1.47,1.48,346
2026-01-27 12:56:00,1.4748,1.48,1.4748,1.475,16
2026-01-27 12:57:00,1.475,1.48,1.47,1.4793,88
2026-01-27 12:58:00,1.4799,1.48,1.47,1.48,135
2026-01-27 12:59:00,1.4799,1.49,1.4793,1.485,328
2026-01-27 13:00:00,1.485,1.485,1.485,1.485,72
2026-01-27 13:01:00,1.4806,1.485,1.4806,1.485,8
2026-01-27 13:02:00,1.4899,1.4899,1.4899,1.4899,20
2026-01-27 13:03:00,1.485,1.4857,1.485,1.485,23
2026-01-27 13:04:00,1.485,1.485,1.485,1.485,14
2026-01-27 13:05:00,1.485,1.49,1.4801,1.49,339
2026-01-27 13:06:00,1.485,1.49,1.485,1.4886,127
2026-01-27 13:07:00,1.485,1.485,1.485,1.485,10
2026-01-27 13:08:00,1.485,1.485,1.485,1.485,20
2026-01-27 13:09:00,1.485,1.485,1.485,1.485,13
2026-01-27 13:10:00,1.485,1.485,1.48,1.485,162
2026-01-27 13:11:00,1.485,1.485,1.4816,1.485,193
2026-01-27 13:12:00,1.485,1.485,1.48,1.485,468
2026-01-27 13:13:00,1.485,1.485,1.4801,1.485,99
2026-01-27 13:14:00,1.485,1.485,1.4802,1.4802,23
2026-01-27 13:15:00,1.485,1.4899,1.4821,1.485,62
2026-01-27 13:16:00,1.485,1.485,1.4801,1.485,63
2026-01-27 13:17:00,1.485,1.485,1.485,1.485,19
2026-01-27 13:18:00,1.485,1.485,1.4802,1.485,32
2026-01-27 13:19:00,1.485,1.485,1.485,1.485,44
2026-01-27 13:20:00,1.485,1.485,1.485,1.485,4
2026-01-27 13:21:00,1.485,1.4886,1.485,1.485,13
2026-01-27 13:22:00,1.485,1.485,1.485,1.485,20
2026-01-27 13:23:00,1.4852,1.4855,1.4845,1.4845,20
2026-01-27 13:24:00,1.485,1.485,1.485,1.485,24
2026-01-27 13:25:00,1.485,1.485,1.485,1.485,14
2026-01-27 13:26:00,1.485,1.49,1.485,1.49,25
2026-01-27 13:27:00,1.485,1.485,1.485,1.485,6
2026-01-27 13:28:00,1.485,1.485,1.485,1.485,9
2026-01-27 13:29:00,1.485,1.485,1.485,1.485,4
2026-01-27 13:30:00,1.49,1.49,1.4897,1.4897,39
2026-01-27 13:31:00,1.49,1.49,1.485,1.4886,15
2026-01-27 13:32:00,1.49,1.4986,1.49,1.4986,218
2026-01-27 13:33:00,1.4986,1.4986,1.4986,1.4986,0
2026-01-27 13:34:00,1.5,1.5,1.495,1.5,121
2026-01-27 13:35:00,1.505,1.5092,1.5,1.505,35
2026-01-27 13:36:00,1.505,1.5069,1.505,1.5069,6
2026-01-27 13:37:00,1.505,1.505,1.505,1.505,2
2026-01-27 13:38:00,1.51,1.51,1.505,1.505,133
2026-01-27 13:39:00,1.5,1.51,1.5,1.51,22
2026-01-27 13:40:00,1.5082,1.5082,1.5,1.5001,17
2026-01-27 13:41:00,1.5001,1.5001,1.5001,1.5001,0
2026-01-27 13:42:00,1.51,1.51,1.5,1.5,9
2026-01-27 13:43:00,1.5,1.5,1.5,1.5,2
2026-01-27 13:44:00,1.5,1.5,1.49,1.495,347
2026-01-27 13:45:00,1.495,1.4982,1.495,1.4982,19
2026-01-27 13:46:00,1.4901,1.4998,1.4901,1.4998,20
2026-01-27 13:47:00,1.4998,1.4998,1.4998,1.4998,0
2026-01-27 13:48:00,1.495,1.495,1.495,1.495,1
2026-01-27 13:49:00,1.5,1.5,1.495,1.5,17
2026-01-27 13:50:00,1.495,1.495,1.495,1.495,1
2026-01-27 13:51:00,1.4994,1.4994,1.495,1.495,27
2026-01-27 13:52:00,1.495,1.495,1.495,1.495,8
2026-01-27 13:53:00,1.49,1.49,1.49,1.49,10
2026-01-27 13:54:00,1.495,1.4963,1.495,1.495,48
2026-01-27 13:55:00,1.495,1.5,1.495,1.5,26
2026-01-27 13:56:00,1.495,1.5,1.495,1.5,72
2026-01-27 13:57:00,1.495,1.495,1.495,1.495,5
2026-01-27 13:58:00,1.495,1.495,1.495,1.495,1
2026-01-27 13:59:00,1.495,1.495,1.495,1.495,8
2026-01-27 14:00:00,1.495,1.495,1.495,1.495,0
2026-01-27 14:01:00,1.495,1.495,1.495,1.495,3
2026-01-27 14:02:00,1.495,1.495,1.495,1.495,7
2026-01-27 14:03:00,1.495,1.495,1.495,1.495,0
2026-01-27 14:04:00,1.495,1.4951,1.495,1.4951,2
2026-01-27 14:05:00,1.495,1.5,1.495,1.495,39
2026-01-27 14:06:00,1.495,1.495,1.495,1.495,10
2026-01-27 14:07:00,1.5,1.505,1.5,1.505,178
2026-01-27 14:08:00,1.505,1.505,1.505,1.505,0
2026-01-27 14:09:00,1.5002,1.505,1.5002,1.505,141
2026-01-27 14:10:00,1.505,1.505,1.5,1.505,242
2026-01-27 14:11:00,1.505,1.505,1.5,1.505,135
2026-01-27 14:12:00,1.5,1.5055,1.5,1.505,504
2026-01-27 14:13:00,1.505,1.505,1.495,1.495,264
2026-01-27 14:14:00,1.495,1.5,1.495,1.5,21
2026-01-27 14:15:00,1.4954,1.4954,1.495,1.495,13
2026-01-27 14:16:00,1.495,1.495,1.495,1.495,1
2026-01-27 14:17:00,1.495,1.495,1.495,1.495,7
2026-01-27 14:18:00,1.495,1.495,1.495,1.495,0
2026-01-27 14:19:00,1.495,1.5,1.495,1.495,31
2026-01-27 14:20:00,1.495,1.495,1.495,1.495,2
2026-01-27 14:21:00,1.495,1.495,1.495,1.495,12
2026-01-27 14:22:00,1.495,1.4951,1.495,1.495,118
2026-01-27 14:23:00,1.4902,1.495,1.49,1.4915,366
2026-01-27 14:24:00,1.4901,1.4901,1.4901,1.4901,100
2026-01-27 14:25:00,1.4901,1.4901,1.4901,1.4901,0
2026-01-27 14:26:00,1.495,1.4999,1.495,1.495,150
2026-01-27 14:27:00,1.49,1.495,1.49,1.495,37
2026-01-27 14:28:00,1.49,1.49,1.49,1.49,20
2026-01-27 14:29:00,1.498,1.498,1.495,1.495,11
2026-01-27 14:30:00,1.4944,1.4984,1.4944,1.495,12
2026-01-27 14:31:00,1.4955,1.4955,1.495,1.495,14
2026-01-27 14:32:00,1.49,1.4998,1.49,1.495,207
2026-01-27 14:33:00,1.495,1.5,1.495,1.495,20
2026-01-27 14:34:00,1.495,1.495,1.4914,1.495,16
2026-01-27 14:35:00,1.495,1.495,1.4946,1.495,22
2026-01-27 14:36:00,1.495,1.5,1.495,1.495,29
2026-01-27 14:37:00,1.495,1.495,1.495,1.495,5
2026-01-27 14:38:00,1.495,1.4999,1.495,1.495,16
2026-01-27 14:39:00,1.495,1.495,1.495,1.495,28
2026-01-27 14:40:00,1.495,1.495,1.495,1.495,21
2026-01-27 14:41:00,1.495,1.495,1.495,1.495,9
2026-01-27 14:42:00,1.5,1.5,1.495,1.495,14
2026-01-27 14:43:00,1.495,1.495,1.495,1.495,15
2026-01-27 14:44:00,1.4937,1.495,1.4937,1.495,4
2026-01-27 14:45:00,1.495,1.495,1.495,1.495,2
2026-01-27 14:46:00,1.495,1.495,1.495,1.495,10
2026-01-27 14:47:00,1.495,1.495,1.49,1.495,179
2026-01-27 14:48:00,1.495,1.5,1.4901,1.4901,13
2026-01-27 14:49:00,1.5,1.5,1.495,1.495,7
2026-01-27 14:50:00,1.495,1.4982,1.495,1.495,68
2026-01-27 14:51:00,1.495,1.5,1.4934,1.495,66
2026-01-27 14:52:00,1.495,1.495,1.495,1.495,3
2026-01-27 14:53:00,1.495,1.495,1.495,1.495,3
2026-01-27 14:54:00,1.495,1.495,1.4901,1.495,24
2026-01-27 14:55:00,1.495,1.4963,1.495,1.495,63
2026-01-27 14:56:00,1.495,1.495,1.495,1.495,66
2026-01-27 14:57:00,1.495,1.497,1.495,1.495,7
2026-01-27 14:58:00,1.495,1.495,1.495,1.495,3
2026-01-27 14:59:00,1.5,1.5,1.495,1.495,12
2026-01-27 15:00:00,1.495,1.495,1.495,1.495,5
2026-01-27 15:01:00,1.495,1.5,1.495,1.495,8
2026-01-27 15:02:00,1.495,1.495,1.495,1.495,2
2026-01-27 15:03:00,1.495,1.5,1.495,1.5,7
2026-01-27 15:04:00,1.495,1.495,1.495,1.495,9
2026-01-27 15:05:00,1.495,1.495,1.495,1.495,3
2026-01-27 15:06:00,1.495,1.4951,1.495,1.495,23
2026-01-27 15:07:00,1.495,1.495,1.495,1.495,5
2026-01-27 15:08:00,1.495,1.51,1.495,1.505,515
2026-01-27 15:09:00,1.505,1.505,1.5,1.505,63
2026-01-27 15:10:00,1.51,1.51,1.505,1.505,55
2026-01-27 15:11:00,1.505,1.505,1.5,1.505,5
2026-01-27 15:12:00,1.505,1.505,1.505,1.505,0
2026-01-27 15:13:00,1.505,1.505,1.505,1.505,3
2026-01-27 15:14:00,1.505,1.505,1.505,1.505,2
2026-01-27 15:15:00,1.505,1.505,1.505,1.505,64
2026-01-27 15:16:00,1.505,1.505,1.5,1.5,14
2026-01-27 15:17:00,1.5,1.505,1.5,1.505,76
2026-01-27 15:18:00,1.505,1.505,1.505,1.505,59
2026-01-27 15:19:00,1.505,1.505,1.505,1.505,0
2026-01-27 15:20:00,1.505,1.505,1.505,1.505,3
2026-01-27 15:21:00,1.5046,1.5046,1.5046,1.5046,10
2026-01-27 15:22:00,1.505,1.505,1.505,1.505,1
2026-01-27 15:23:00,1.505,1.505,1.505,1.505,0
2026-01-27 15:24:00,1.51,1.51,1.505,1.505,15
2026-01-27 15:25:00,1.505,1.505,1.505,1.505,1
2026-01-27 15:26:00,1.505,1.505,1.505,1.505,2
2026-01-27 15:27:00,1.505,1.505,1.5042,1.5042,6
2026-01-27 15:28:00,1.505,1.5087,1.505,1.505,23
2026-01-27 15:29:00,1.505,1.51,1.505,1.505,19
2026-01-27 15:30:00,1.505,1.505,1.505,1.505,24
2026-01-27 15:31:00,1.505,1.51,1.505,1.505,3
2026-01-27 15:32:00,1.505,1.505,1.505,1.505,1
2026-01-27 15:33:00,1.505,1.505,1.505,1.505,0
2026-01-27 15:34:00,1.505,1.505,1.505,1.505,1
2026-01-27 15:35:00,1.505,1.505,1.505,1.505,3
2026-01-27 15:36:00,1.505,1.505,1.505,1.505,11
2026-01-27 15:37:00,1.5045,1.52,1.5045,1.515,546
2026-01-27 15:38:00,1.515,1.52,1.515,1.52,17
2026-01-27 15:39:00,1.52,1.52,1.52,1.52,0
2026-01-27 15:40:00,1.5163,1.52,1.515,1.515,31
2026-01-27 15:41:00,1.5197,1.5197,1.515,1.515,27
2026-01-27 15:42:00,1.515,1.515,1.515,1.515,0
2026-01-27 15:43:00,1.51,1.515,1.51,1.515,6
2026-01-27 15:44:00,1.5113,1.518,1.5113,1.518,27
2026-01-27 15:45:00,1.5113,1.515,1.5113,1.515,4
2026-01-27 15:46:00,1.52,1.52,1.515,1.5188,38
2026-01-27 15:47:00,1.515,1.515,1.515,1.515,22
2026-01-27 15:48:00,1.515,1.515,1.515,1.515,2
2026-01-27 15:49:00,1.515,1.52,1.515,1.515,19
2026-01-27 15:50:00,1.515,1.52,1.515,1.52,158
2026-01-27 15:51:00,1.52,1.525,1.52,1.5235,648
2026-01-27 15:52:00,1.52,1.52,1.515,1.515,279
2026-01-27 15:53:00,1.515,1.515,1.515,1.515,61
2026-01-27 15:54:00,1.515,1.5163,1.51,1.5163,16
2026-01-27 15:55:00,1.515,1.515,1.51,1.515,52
2026-01-27 15:56:00,1.515,1.515,1.51,1.515,43
2026-01-27 15:57:00,1.515,1.52,1.51,1.5101,185
2026-01-27 15:58:00,1.515,1.52,1.51,1.515,94
2026-01-27 15:59:00,1.515,1.52,1.51,1.52,357
2026-01-28 09:30:00,1.52,1.53,1.52,1.525,302
2026-01-28 09:31:00,1.525,1.525,1.5201,1.5201,112
2026-01-28 09:32:00,1.525,1.525,1.515,1.52,341
2026-01-28 09:33:00,1.515,1.5185,1.515,1.515,36
2026-01-28 09:34:00,1.515,1.52,1.511,1.52,64
2026-01-28 09:35:00,1.515,1.515,1.515,1.515,3
2026-01-28 09:36:00,1.515,1.515,1.515,1.515,0
2026-01-28 09:37:00,1.515,1.515,1.4901,1.495,282
2026-01-28 09:38:00,1.495,1.495,1.495,1.495,22
2026-01-28 09:39:00,1.495,1.4985,1.4936,1.495,83
2026-01-28 09:40:00,1.4989,1.4999,1.4813,1.485,56
2026-01-28 09:41:00,1.4886,1.4886,1.48,1.486,29
2026-01-28 09:42:00,1.485,1.4899,1.4801,1.485,261
2026-01-28 09:43:00,1.49,1.49,1.48,1.48,167
2026-01-28 09:44:00,1.4899,1.4899,1.48,1.48,122
2026-01-28 09:45:00,1.4701,1.4701,1.4701,1.4701,2
2026-01-28 09:46:00,1.475,1.475,1.475,1.475,2
2026-01-28 09:47:00,1.475,1.475,1.475,1.475,0
2026-01-28 09:48:00,1.475,1.48,1.475,1.475,15
2026-01-28 09:49:00,1.475,1.475,1.475,1.475,2
2026-01-28 09:50:00,1.475,1.475,1.475,1.475,1
2026-01-28 09:51:00,1.47,1.47,1.465,1.465,264
2026-01-28 09:52:00,1.465,1.465,1.455,1.46,200
2026-01-28 09:53:00,1.4614,1.4686,1.4614,1.4686,15
2026-01-28 09:54:00,1.46,1.46,1.46,1.46,11
2026-01-28 09:55:00,1.46,1.4663,1.46,1.4663,26
2026-01-28 09:56:00,1.46,1.47,1.46,1.46,121
2026-01-28 09:57:00,1.46,1.46,1.45,1.45,86
2026-01-28 09:58:00,1.45,1.46,1.45,1.455,39
2026-01-28 09:59:00,1.455,1.46,1.45,1.46,552
2026-01-28 10:00:00,1.465,1.465,1.46,1.46,12
2026-01-28 10:01:00,1.46,1.46,1.46,1.46,0
2026-01-28 10:02:00,1.46,1.46,1.46,1.46,0
2026-01-28 10:03:00,1.462,1.462,1.4601,1.4601,100
2026-01-28 10:04:00,1.469,1.469,1.465,1.465,45
2026-01-28 10:05:00,1.4681,1.4681,1.4681,1.4681,30
2026-01-28 10:06:00,1.4686,1.4686,1.4686,1.4686,2
2026-01-28 10:07:00,1.465,1.4697,1.465,1.465,52
2026-01-28 10:08:00,1.465,1.465,1.46,1.46,10
2026-01-28 10:09:00,1.46,1.46,1.46,1.46,0
2026-01-28 10:10:00,1.465,1.465,1.465,1.465,9
2026-01-28 10:11:00,1.46,1.465,1.46,1.465,4
2026-01-28 10:12:00,1.469,1.469,1.469,1.469,2
2026-01-28 10:13:00,1.46,1.46,1.46,1.46,14
2026-01-28 10:14:00,1.46,1.46,1.455,1.455,367
2026-01-28 10:15:00,1.46,1.46,1.46,1.46,84
2026-01-28 10:16:00,1.455,1.46,1.4511,1.455,52
2026-01-28 10:17:00,1.455,1.4558,1.455,1.455,26
2026-01-28 10:18:00,1.455,1.455,1.455,1.455,1
2026-01-28 10:19:00,1.455,1.455,1.455,1.455,3
2026-01-28 10:20:00,1.455,1.4599,1.455,1.4599,16
2026-01-28 10:21:00,1.455,1.46,1.455,1.455,8
2026-01-28 10:22:00,1.455,1.455,1.455,1.455,2
2026-01-28 10:23:00,1.455,1.455,1.455,1.455,4
2026-01-28 10:24:00,1.4569,1.4569,1.455,1.4555,57
2026-01-28 10:25:00,1.455,1.4558,1.455,1.4555,20
2026-01-28 10:26:00,1.455,1.455,1.455,1.455,14
2026-01-28 10:27:00,1.455,1.46,1.455,1.46,35
2026-01-28 10:28:00,1.455,1.46,1.4502,1.4502,13
2026-01-28 10:29:00,1.455,1.4558,1.455,1.455,68
2026-01-28 10:30:00,1.455,1.455,1.4513,1.455,17
2026-01-28 10:31:00,1.455,1.455,1.455,1.455,3
2026-01-28 10:32:00,1.455,1.46,1.455,1.46,2
2026-01-28 10:33:00,1.455,1.455,1.455,1.455,41
2026-01-28 10:34:00,1.455,1.4599,1.455,1.455,47
2026-01-28 10:35:00,1.455,1.455,1.455,1.455,1
2026-01-28 10:36:00,1.4587,1.46,1.455,1.46,23
2026-01-28 10:37:00,1.455,1.455,1.4502,1.4502,9
2026-01-28 10:38:00,1.455,1.46,1.455,1.455,13
2026-01-28 10:39:00,1.455,1.46,1.455,1.46,3
2026-01-28 10:40:00,1.455,1.455,1.455,1.455,1
2026-01-28 10:41:00,1.455,1.46,1.455,1.46,3
2026-01-28 10:42:00,1.455,1.455,1.455,1.455,3
2026-01-28 10:43:00,1.455,1.4594,1.455,1.4594,3
2026-01-28 10:44:00,1.455,1.455,1.455,1.455,2
2026-01-28 10:45:00,1.455,1.46,1.455,1.46,6
2026-01-28 10:46:00,1.455,1.4594,1.455,1.4594,3
2026-01-28 10:47:00,1.4565,1.4565,1.4565,1.4565,10
2026-01-28 10:48:00,1.4501,1.455,1.4501,1.455,25
2026-01-28 10:49:00,1.455,1.455,1.455,1.455,84
2026-01-28 10:50:00,1.4509,1.455,1.4509,1.455,74
2026-01-28 10:51:00,1.455,1.4591,1.455,1.4591,31
2026-01-28 10:52:00,1.455,1.455,1.455,1.455,10
2026-01-28 10:53:00,1.455,1.4563,1.455,1.4563,60
2026-01-28 10:54:00,1.4563,1.4598,1.455,1.4598,43
2026-01-28 10:55:00,1.455,1.455,1.455,1.455,23
2026-01-28 10:56:00,1.455,1.455,1.455,1.455,3
2026-01-28 10:57:00,1.455,1.455,1.45,1.455,4
2026-01-28 10:58:00,1.455,1.455,1.4546,1.455,21
2026-01-28 10:59:00,1.4566,1.4566,1.455,1.455,83
2026-01-28 11:00:00,1.455,1.4598,1.455,1.455,218
2026-01-28 11:01:00,1.455,1.455,1.455,1.455,14
2026-01-28 11:02:00,1.455,1.46,1.455,1.455,226
2026-01-28 11:03:00,1.46,1.46,1.46,1.46,45
2026-01-28 11:04:00,1.455,1.4587,1.455,1.455,61
2026-01-28 11:05:00,1.455,1.455,1.455,1.455,1
2026-01-28 11:06:00,1.455,1.455,1.455,1.455,7
2026-01-28 11:07:00,1.455,1.455,1.45,1.45,5
2026-01-28 11:08:00,1.45,1.45,1.45,1.45,33
2026-01-28 11:09:00,1.45,1.455,1.45,1.45,22
2026-01-28 11:10:00,1.45,1.45,1.445,1.445,120
2026-01-28 11:11:00,1.445,1.445,1.445,1.445,2
2026-01-28 11:12:00,1.445,1.445,1.445,1.445,56
2026-01-28 11:13:00,1.445,1.445,1.445,1.445,3
2026-01-28 11:14:00,1.45,1.45,1.445,1.45,20
2026-01-28 11:15:00,1.4466,1.4466,1.445,1.445,51
2026-01-28 11:16:00,1.445,1.445,1.445,1.445,0
2026-01-28 11:17:00,1.445,1.4489,1.445,1.4489,14
2026-01-28 11:18:00,1.45,1.45,1.45,1.45,23
2026-01-28 11:19:00,1.45,1.45,1.45,1.45,50
2026-01-28 11:20:00,1.445,1.445,1.445,1.445,2
2026-01-28 11:21:00,1.45,1.45,1.445,1.4463,235
2026-01-28 11:22:00,1.445,1.4474,1.445,1.4474,13
2026-01-28 11:23:00,1.4474,1.4474,1.4474,1.4474,0
2026-01-28 11:24:00,1.445,1.4499,1.445,1.4499,3
2026-01-28 11:25:00,1.445,1.4498,1.4445,1.4445,52
2026-01-28 11:26:00,1.445,1.45,1.445,1.449,16
2026-01-28 11:27:00,1.45,1.45,1.445,1.445,15
2026-01-28 11:28:00,1.45,1.45,1.445,1.445,12
2026-01-28 11:29:00,1.445,1.445,1.445,1.445,0
2026-01-28 11:30:00,1.45,1.45,1.45,1.45,3
2026-01-28 11:31:00,1.4409,1.455,1.4409,1.455,367
2026-01-28 11:32:00,1.4501,1.4501,1.4501,1.4501,1
2026-01-28 11:33:00,1.45,1.45,1.45,1.45,18
2026-01-28 11:34:00,1.455,1.455,1.455,1.455,10
2026-01-28 11:35:00,1.455,1.455,1.455,1.455,53
2026-01-28 11:36:00,1.455,1.46,1.45,1.455,43
2026-01-28 11:37:00,1.4548,1.455,1.4548,1.455,8
2026-01-28 11:38:00,1.4599,1.4599,1.4599,1.4599,60
2026-01-28 11:39:00,1.455,1.4591,1.455,1.4591,38
2026-01-28 11:40:00,1.455,1.455,1.455,1.455,4
2026-01-28 11:41:00,1.455,1.455,1.455,1.455,0
2026-01-28 11:42:00,1.4546,1.4546,1.4546,1.4546,1
2026-01-28 11:43:00,1.4546,1.4546,1.4546,1.4546,0
2026-01-28 11:44:00,1.45,1.45,1.45,1.45,4
2026-01-28 11:45:00,1.45,1.45,1.45,1.45,0
2026-01-28 11:46:00,1.45,1.45,1.45,1.45,2
2026-01-28 11:47:00,1.45,1.45,1.45,1.45,0
2026-01-28 11:48:00,1.4501,1.4514,1.45,1.4514,63
2026-01-28 11:49:00,1.45,1.455,1.45,1.455,60
2026-01-28 11:50:00,1.455,1.455,1.455,1.455,3
2026-01-28 11:51:00,1.4532,1.4532,1.45,1.45,6
2026-01-28 11:52:00,1.455,1.455,1.45,1.45,43
2026-01-28 11:53:00,1.455,1.455,1.455,1.455,7
2026-01-28 11:54:00,1.45,1.4594,1.45,1.4594,22
2026-01-28 11:55:00,1.4594,1.4594,1.4594,1.4594,0
2026-01-28 11:56:00,1.45,1.45,1.45,1.45,3
2026-01-28 11:57:00,1.45,1.455,1.45,1.45,153
2026-01-28 11:58:00,1.45,1.45,1.45,1.45,2
2026-01-28 11:59:00,1.45,1.455,1.45,1.45,60
2026-01-28 12:00:00,1.45,1.45,1.45,1.45,0
2026-01-28 12:01:00,1.455,1.455,1.45,1.45,306
2026-01-28 12:02:00,1.45,1.45,1.45,1.45,0
2026-01-28 12:03:00,1.46,1.46,1.45,1.45,7
2026-01-28 12:04:00,1.455,1.455,1.455,1.455,7
2026-01-28 12:05:00,1.45,1.45,1.45,1.45,9
2026-01-28 12:06:00,1.45,1.455,1.45,1.45,111
2026-01-28 12:07:00,1.45,1.45,1.45,1.45,2
2026-01-28 12:08:00,1.45,1.45,1.45,1.45,2
2026-01-28 12:09:00,1.455,1.455,1.45,1.455,9
2026-01-28 12:10:00,1.455,1.455,1.455,1.455,8
2026-01-28 12:11:00,1.455,1.455,1.455,1.455,3
2026-01-28 12:12:00,1.45,1.45,1.45,1.45,2
2026-01-28 12:13:00,1.455,1.455,1.455,1.455,3
2026-01-28 12:14:00,1.455,1.455,1.455,1.455,6
2026-01-28 12:15:00,1.455,1.455,1.45,1.45,19
2026-01-28 12:16:00,1.45,1.45,1.45,1.45,3
2026-01-28 12:17:00,1.45,1.46,1.45,1.45,24
2026-01-28 12:18:00,1.455,1.455,1.45,1.45,6
2026-01-28 12:19:00,1.45,1.45,1.45,1.45,10
2026-01-28 12:20:00,1.45,1.45,1.45,1.45,6
2026-01-28 12:21:00,1.45,1.45,1.45,1.45,4
2026-01-28 12:22:00,1.45,1.4501,1.45,1.4501,6
2026-01-28 12:23:00,1.45,1.45,1.45,1.45,3
2026-01-28 12:24:00,1.455,1.455,1.45,1.455,20
2026-01-28 12:25:00,1.45,1.45,1.45,1.45,7
2026-01-28 12:26:00,1.45,1.45,1.45,1.45,6
2026-01-28 12:27:00,1.4545,1.4545,1.4545,1.4545,1
2026-01-28 12:28:00,1.45,1.45,1.45,1.45,2
2026-01-28 12:29:00,1.45,1.45,1.45,1.45,2
2026-01-28 12:30:00,1.45,1.45,1.45,1.45,15
2026-01-28 12:31:00,1.45,1.455,1.45,1.45,9
2026-01-28 12:32:00,1.45,1.4542,1.45,1.4542,13
2026-01-28 12:33:00,1.455,1.46,1.455,1.46,193
2026-01-28 12:34:00,1.45,1.45,1.45,1.45,20
2026-01-28 12:35:00,1.45,1.455,1.45,1.455,7
2026-01-28 12:36:00,1.455,1.455,1.45,1.45,2
2026-01-28 12:37:00,1.45,1.45,1.45,1.45,0
2026-01-28 12:38:00,1.4514,1.455,1.45,1.455,27
2026-01-28 12:39:00,1.45,1.45,1.45,1.45,15
2026-01-28 12:40:00,1.4587,1.4587,1.45,1.45,9
2026-01-28 12:41:00,1.4546,1.4546,1.4546,1.4546,3
2026-01-28 12:42:00,1.4501,1.455,1.45,1.45,8
2026-01-28 12:43:00,1.4599,1.4599,1.45,1.455,153
2026-01-28 12:44:00,1.455,1.46,1.455,1.455,63
2026-01-28 12:45:00,1.455,1.455,1.455,1.455,7
2026-01-28 12:46:00,1.4565,1.4565,1.455,1.455,8
2026-01-28 12:47:00,1.455,1.455,1.455,1.455,0
2026-01-28 12:48:00,1.455,1.455,1.455,1.455,2
2026-01-28 12:49:00,1.455,1.455,1.455,1.455,1
2026-01-28 12:50:00,1.46,1.46,1.4516,1.4516,13
2026-01-28 12:51:00,1.455,1.455,1.455,1.455,1
2026-01-28 12:52:00,1.455,1.455,1.455,1.455,2
2026-01-28 12:53:00,1.45,1.45,1.45,1.45,1
2026-01-28 12:54:00,1.455,1.455,1.455,1.455,3
2026-01-28 12:55:00,1.46,1.46,1.455,1.455,2
2026-01-28 12:56:00,1.455,1.455,1.455,1.455,0
2026-01-28 12:57:00,1.455,1.455,1.455,1.455,1
2026-01-28 12:58:00,1.455,1.455,1.455,1.455,1
2026-01-28 12:59:00,1.455,1.455,1.455,1.455,3
2026-01-28 13:00:00,1.455,1.455,1.4503,1.4503,3
2026-01-28 13:01:00,1.455,1.455,1.455,1.455,2
2026-01-28 13:02:00,1.46,1.46,1.455,1.455,31
2026-01-28 13:03:00,1.455,1.455,1.455,1.455,2
2026-01-28 13:04:00,1.455,1.455,1.45,1.455,8
2026-01-28 13:05:00,1.455,1.46,1.455,1.455,16
2026-01-28 13:06:00,1.455,1.455,1.455,1.455,22
2026-01-28 13:07:00,1.455,1.455,1.455,1.455,3
2026-01-28 13:08:00,1.4562,1.4562,1.455,1.455,5
2026-01-28 13:09:00,1.455,1.455,1.455,1.455,7
2026-01-28 13:10:00,1.455,1.455,1.45,1.45,21
2026-01-28 13:11:00,1.45,1.45,1.44,1.445,292
2026-01-28 13:12:00,1.45,1.45,1.45,1.45,8
2026-01-28 13:13:00,1.445,1.445,1.445,1.445,1
2026-01-28 13:14:00,1.445,1.445,1.445,1.445,0
2026-01-28 13:15:00,1.445,1.445,1.445,1.445,1
2026-01-28 13:16:00,1.45,1.45,1.445,1.445,9
2026-01-28 13:17:00,1.45,1.45,1.441,1.445,115
2026-01-28 13:18:00,1.445,1.445,1.445,1.445,0
2026-01-28 13:19:00,1.445,1.445,1.445,1.445,1
2026-01-28 13:20:00,1.445,1.445,1.445,1.445,9
2026-01-28 13:21:00,1.445,1.445,1.445,1.445,0
2026-01-28 13:22:00,1.445,1.445,1.445,1.445,21
2026-01-28 13:23:00,1.4406,1.4406,1.4406,1.4406,1
2026-01-28 13:24:00,1.4499,1.45,1.445,1.445,178
2026-01-28 13:25:00,1.445,1.445,1.445,1.445,8
2026-01-28 13:26:00,1.445,1.445,1.445,1.445,14
2026-01-28 13:27:00,1.44,1.445,1.44,1.445,6
2026-01-28 13:28:00,1.445,1.445,1.445,1.445,9
2026-01-28 13:29:00,1.445,1.445,1.445,1.445,1
2026-01-28 13:30:00,1.45,1.45,1.445,1.445,3
2026-01-28 13:31:00,1.445,1.445,1.445,1.445,2
2026-01-28 13:32:00,1.4413,1.4413,1.4413,1.4413,2
2026-01-28 13:33:00,1.445,1.445,1.445,1.445,4
2026-01-28 13:34:00,1.445,1.445,1.445,1.445,2
2026-01-28 13:35:00,1.445,1.449,1.445,1.449,13
2026-01-28 13:36:00,1.445,1.445,1.445,1.445,8
2026-01-28 13:37:00,1.445,1.445,1.445,1.445,0
2026-01-28 13:38:00,1.445,1.445,1.445,1.445,6
2026-01-28 13:39:00,1.445,1.445,1.445,1.445,0
2026-01-28 13:40:00,1.445,1.445,1.445,1.445,7
2026-01-28 13:41:00,1.445,1.449,1.445,1.445,24
2026-01-28 13:42:00,1.445,1.445,1.445,1.445,17
2026-01-28 13:43:00,1.445,1.445,1.445,1.445,2
2026-01-28 13:44:00,1.445,1.445,1.445,1.445,0
2026-01-28 13:45:00,1.445,1.45,1.445,1.45,12
2026-01-28 13:46:00,1.445,1.445,1.445,1.445,1
2026-01-28 13:47:00,1.4475,1.46,1.4475,1.455,279
2026-01-28 13:48:00,1.455,1.46,1.455,1.455,63
2026-01-28 13:49:00,1.455,1.46,1.455,1.46,33
2026-01-28 13:50:00,1.46,1.46,1.46,1.46,2
2026-01-28 13:51:00,1.46,1.46,1.46,1.46,12
2026-01-28 13:52:00,1.45,1.45,1.45,1.45,12
2026-01-28 13:53:00,1.45,1.455,1.45,1.455,53
2026-01-28 13:54:00,1.455,1.4598,1.455,1.455,39
2026-01-28 13:55:00,1.455,1.455,1.455,1.455,16
2026-01-28 13:56:00,1.455,1.455,1.455,1.455,15
2026-01-28 13:57:00,1.455,1.455,1.455,1.455,0
2026-01-28 13:58:00,1.455,1.455,1.455,1.455,23
2026-01-28 13:59:00,1.455,1.455,1.45,1.455,18
2026-01-28 14:00:00,1.455,1.455,1.45,1.455,28
2026-01-28 14:01:00,1.45,1.455,1.45,1.455,66
2026-01-28 14:02:00,1.455,1.455,1.455,1.455,7
2026-01-28 14:03:00,1.455,1.46,1.45,1.455,18
2026-01-28 14:04:00,1.455,1.46,1.455,1.455,14
2026-01-28 14:05:00,1.455,1.455,1.455,1.455,9
2026-01-28 14:06:00,1.455,1.455,1.455,1.455,2
2026-01-28 14:07:00,1.4532,1.46,1.4532,1.455,56
2026-01-28 14:08:00,1.455,1.4585,1.455,1.455,4
2026-01-28 14:09:00,1.455,1.46,1.455,1.455,19
2026-01-28 14:10:00,1.46,1.46,1.455,1.455,25
2026-01-28 14:11:00,1.455,1.455,1.455,1.455,40
2026-01-28 14:12:00,1.455,1.455,1.455,1.455,7
2026-01-28 14:13:00,1.455,1.455,1.455,1.455,103
2026-01-28 14:14:00,1.46,1.46,1.4513,1.46,75
2026-01-28 14:15:00,1.46,1.46,1.4522,1.4522,117
2026-01-28 14:16:00,1.46,1.46,1.455,1.455,4
2026-01-28 14:17:00,1.46,1.47,1.455,1.465,154
2026-01-28 14:18:00,1.46,1.465,1.46,1.465,78
2026-01-28 14:19:00,1.465,1.47,1.46,1.465,54
2026-01-28 14:20:00,1.465,1.465,1.46,1.46,9
2026-01-28 14:21:00,1.465,1.465,1.4621,1.465,44
2026-01-28 14:22:00,1.4613,1.465,1.4613,1.465,39
2026-01-28 14:23:00,1.465,1.465,1.465,1.465,18
2026-01-28 14:24:00,1.4613,1.465,1.4613,1.465,24
2026-01-28 14:25:00,1.465,1.465,1.46,1.46,9
2026-01-28 14:26:00,1.465,1.465,1.46,1.465,24
2026-01-28 14:27:00,1.465,1.47,1.46,1.465,25
2026-01-28 14:28:00,1.46,1.465,1.46,1.465,31
2026-01-28 14:29:00,1.465,1.465,1.45,1.455,365
2026-01-28 14:30:00,1.455,1.475,1.455,1.475,339
2026-01-28 14:31:00,1.47,1.475,1.47,1.475,31
2026-01-28 14:32:00,1.47,1.475,1.47,1.475,19
2026-01-28 14:33:00,1.475,1.475,1.47,1.47,156
2026-01-28 14:34:00,1.47,1.47,1.464,1.464,97
2026-01-28 14:35:00,1.465,1.465,1.465,1.465,27
2026-01-28 14:36:00,1.46,1.46,1.46,1.46,5
2026-01-28 14:37:00,1.465,1.4694,1.465,1.465,38
2026-01-28 14:38:00,1.465,1.465,1.465,1.465,15
2026-01-28 14:39:00,1.465,1.465,1.465,1.465,2
2026-01-28 14:40:00,1.465,1.465,1.465,1.465,23
2026-01-28 14:41:00,1.465,1.465,1.465,1.465,30
2026-01-28 14:42:00,1.465,1.47,1.465,1.47,22
2026-01-28 14:43:00,1.465,1.465,1.465,1.465,17
2026-01-28 14:44:00,1.465,1.47,1.465,1.47,4
2026-01-28 14:45:00,1.465,1.475,1.465,1.475,140
2026-01-28 14:46:00,1.475,1.476,1.475,1.476,79
2026-01-28 14:47:00,1.475,1.48,1.475,1.475,9
2026-01-28 14:48:00,1.475,1.475,1.475,1.475,3
2026-01-28 14:49:00,1.475,1.48,1.475,1.48,9
2026-01-28 14:50:00,1.475,1.475,1.475,1.475,2
2026-01-28 14:51:00,1.475,1.475,1.475,1.475,2
2026-01-28 14:52:00,1.48,1.48,1.475,1.48,6
2026-01-28 14:53:00,1.48,1.48,1.475,1.475,3
2026-01-28 14:54:00,1.48,1.49,1.48,1.485,187
2026-01-28 14:55:00,1.485,1.49,1.485,1.485,168
2026-01-28 14:56:00,1.485,1.49,1.4801,1.485,162
2026-01-28 14:57:00,1.485,1.49,1.48,1.485,39
2026-01-28 14:58:00,1.485,1.49,1.485,1.485,217
2026-01-28 14:59:00,1.49,1.49,1.485,1.485,10
2026-01-28 15:00:00,1.485,1.49,1.484,1.485,179
2026-01-28 15:01:00,1.485,1.49,1.485,1.485,120
2026-01-28 15:02:00,1.485,1.485,1.485,1.485,40
2026-01-28 15:03:00,1.485,1.49,1.485,1.49,119
2026-01-28 15:04:00,1.485,1.485,1.485,1.485,44
2026-01-28 15:05:00,1.485,1.49,1.47,1.49,706
2026-01-28 15:06:00,1.485,1.49,1.485,1.485,29
2026-01-28 15:07:00,1.485,1.49,1.4846,1.485,15
2026-01-28 15:08:00,1.49,1.49,1.485,1.485,7
2026-01-28 15:09:00,1.485,1.485,1.485,1.485,5
2026-01-28 15:10:00,1.49,1.49,1.49,1.49,1
2026-01-28 15:11:00,1.49,1.49,1.49,1.49,5
2026-01-28 15:12:00,1.49,1.49,1.485,1.485,7
2026-01-28 15:13:00,1.485,1.485,1.485,1.485,17
2026-01-28 15:14:00,1.49,1.495,1.49,1.495,2009
2026-01-28 15:15:00,1.485,1.485,1.485,1.485,8
2026-01-28 15:16:00,1.485,1.485,1.485,1.485,5
2026-01-28 15:17:00,1.485,1.485,1.485,1.485,3
2026-01-28 15:18:00,1.485,1.485,1.485,1.485,19
2026-01-28 15:19:00,1.485,1.49,1.485,1.485,6
2026-01-28 15:20:00,1.4845,1.485,1.4845,1.485,9
2026-01-28 15:21:00,1.485,1.4854,1.485,1.485,7
2026-01-28 15:22:00,1.485,1.49,1.485,1.485,14
2026-01-28 15:23:00,1.485,1.485,1.485,1.485,15
2026-01-28 15:24:00,1.485,1.485,1.475,1.475,457
2026-01-28 15:25:00,1.475,1.48,1.475,1.48,92
2026-01-28 15:26:00,1.475,1.475,1.4713,1.4713,3
2026-01-28 15:27:00,1.475,1.475,1.475,1.475,5
2026-01-28 15:28:00,1.475,1.475,1.475,1.475,1
2026-01-28 15:29:00,1.475,1.475,1.475,1.475,2
2026-01-28 15:30:00,1.4799,1.4799,1.475,1.475,9
2026-01-28 15:31:00,1.475,1.475,1.47,1.475,26
2026-01-28 15:32:00,1.475,1.475,1.475,1.475,14
2026-01-28 15:33:00,1.475,1.475,1.475,1.475,10
2026-01-28 15:34:00,1.478,1.478,1.47,1.47,285
2026-01-28 15:35:00,1.48,1.48,1.475,1.475,76
2026-01-28 15:36:00,1.47,1.47,1.47,1.47,3
2026-01-28 15:37:00,1.47,1.475,1.47,1.475,3
2026-01-28 15:38:00,1.47,1.475,1.47,1.475,268
2026-01-28 15:39:00,1.475,1.475,1.47,1.47,78
2026-01-28 15:40:00,1.47,1.47,1.47,1.47,16
2026-01-28 15:41:00,1.47,1.475,1.47,1.47,99
2026-01-28 15:42:00,1.47,1.47,1.47,1.47,11
2026-01-28 15:43:00,1.47,1.47,1.47,1.47,35
2026-01-28 15:44:00,1.47,1.47,1.47,1.47,1
2026-01-28 15:45:00,1.475,1.475,1.465,1.465,163
2026-01-28 15:46:00,1.465,1.465,1.46,1.465,8
2026-01-28 15:47:00,1.46,1.4605,1.46,1.46,33
2026-01-28 15:48:00,1.46,1.4691,1.46,1.46,23
2026-01-28 15:49:00,1.46,1.465,1.46,1.46,76
2026-01-28 15:50:00,1.47,1.47,1.46,1.46,95
2026-01-28 15:51:00,1.47,1.47,1.46,1.46,9
2026-01-28 15:52:00,1.46,1.46,1.45,1.45,143
2026-01-28 15:53:00,1.455,1.455,1.45,1.45,72
2026-01-28 15:54:00,1.45,1.45,1.45,1.45,21
2026-01-28 15:55:00,1.45,1.4514,1.45,1.45,53
2026-01-28 15:56:00,1.45,1.451,1.44,1.45,207
2026-01-28 15:57:00,1.45,1.45,1.44,1.45,241
2026-01-28 15:58:00,1.445,1.46,1.445,1.45,350
2026-01-28 15:59:00,1.45,1.46,1.445,1.45,374
2026-01-29 09:30:00,1.46,1.4685,1.46,1.4685,365
2026-01-29 09:31:00,1.46,1.4606,1.46,1.4601,50
2026-01-29 09:32:00,1.46,1.46,1.46,1.46,116
2026-01-29 09:33:00,1.45,1.45,1.45,1.45,1
2026-01-29 09:34:00,1.4501,1.455,1.4501,1.455,27
2026-01-29 09:35:00,1.455,1.47,1.455,1.4672,742
2026-01-29 09:36:00,1.465,1.47,1.465,1.465,7
2026-01-29 09:37:00,1.465,1.4679,1.4649,1.4649,13
2026-01-29 09:38:00,1.465,1.465,1.465,1.465,12
2026-01-29 09:39:00,1.465,1.465,1.465,1.465,0
2026-01-29 09:40:00,1.465,1.465,1.46,1.46,40
2026-01-29 09:41:00,1.465,1.475,1.465,1.47,109
2026-01-29 09:42:00,1.4718,1.475,1.4718,1.475,22
2026-01-29 09:43:00,1.475,1.48,1.475,1.48,5
2026-01-29 09:44:00,1.472,1.475,1.47,1.47,130
2026-01-29 09:45:00,1.4745,1.475,1.46,1.46,171
2026-01-29 09:46:00,1.46,1.46,1.46,1.46,0
2026-01-29 09:47:00,1.4686,1.4686,1.45,1.45,58
2026-01-29 09:48:00,1.45,1.45,1.45,1.45,0
2026-01-29 09:49:00,1.46,1.46,1.45,1.45,21
2026-01-29 09:50:00,1.46,1.46,1.45,1.45,33
2026-01-29 09:51:00,1.45,1.45,1.45,1.45,4
2026-01-29 09:52:00,1.45,1.45,1.43,1.435,1761
2026-01-29 09:53:00,1.435,1.435,1.4325,1.4325,34
2026-01-29 09:54:00,1.4301,1.445,1.4301,1.445,123
2026-01-29 09:55:00,1.445,1.445,1.4415,1.445,13
2026-01-29 09:56:00,1.445,1.445,1.445,1.445,0
2026-01-29 09:57:00,1.445,1.445,1.445,1.445,9
2026-01-29 09:58:00,1.4402,1.445,1.4402,1.445,16
2026-01-29 09:59:00,1.4437,1.445,1.44,1.445,61
2026-01-29 10:00:00,1.44,1.445,1.44,1.44,80
2026-01-29 10:01:00,1.4346,1.435,1.4346,1.435,52
2026-01-29 10:02:00,1.435,1.435,1.43,1.43,4
2026-01-29 10:03:00,1.43,1.43,1.43,1.43,0
2026-01-29 10:04:00,1.43,1.435,1.43,1.4346,23
2026-01-29 10:05:00,1.435,1.435,1.435,1.435,3
2026-01-29 10:06:00,1.435,1.435,1.435,1.435,9
2026-01-29 10:07:00,1.435,1.435,1.43,1.435,6
2026-01-29 10:08:00,1.435,1.4394,1.435,1.4394,18
2026-01-29 10:09:00,1.435,1.435,1.435,1.435,5
2026-01-29 10:10:00,1.435,1.435,1.435,1.435,1
2026-01-29 10:11:00,1.43,1.435,1.43,1.435,9
2026-01-29 10:12:00,1.43,1.43,1.43,1.43,13
2026-01-29 10:13:00,1.435,1.435,1.43,1.43,22
2026-01-29 10:14:00,1.43,1.435,1.43,1.435,3
2026-01-29 10:15:00,1.44,1.44,1.435,1.435,8
2026-01-29 10:16:00,1.435,1.44,1.432,1.44,19
2026-01-29 10:17:00,1.435,1.435,1.43,1.43,12
2026-01-29 10:18:00,1.435,1.44,1.43,1.4335,36
2026-01-29 10:19:00,1.4332,1.4394,1.43,1.4394,27
2026-01-29 10:20:00,1.435,1.435,1.435,1.435,1
2026-01-29 10:21:00,1.44,1.44,1.43,1.4331,15
2026-01-29 10:22:00,1.435,1.4399,1.43,1.43,64
2026-01-29 10:23:00,1.4301,1.435,1.4301,1.435,12
2026-01-29 10:24:00,1.435,1.435,1.43,1.43,4
2026-01-29 10:25:00,1.435,1.44,1.435,1.435,13
2026-01-29 10:26:00,1.435,1.435,1.43,1.43,4
2026-01-29 10:27:00,1.43,1.43,1.43,1.43,0
2026-01-29 10:28:00,1.43,1.44,1.43,1.4394,13
2026-01-29 10:29:00,1.43,1.4399,1.43,1.431,17
2026-01-29 10:30:00,1.435,1.44,1.435,1.44,50
2026-01-29 10:31:00,1.435,1.435,1.43,1.43,6
2026-01-29 10:32:00,1.43,1.435,1.43,1.435,69
2026-01-29 10:33:00,1.435,1.435,1.43,1.435,10
2026-01-29 10:34:00,1.435,1.435,1.43,1.43,5
2026-01-29 10:35:00,1.43,1.43,1.425,1.425,176
2026-01-29 10:36:00,1.425,1.425,1.425,1.425,1
2026-01-29 10:37:00,1.42,1.425,1.42,1.42,35
2026-01-29 10:38:00,1.425,1.425,1.42,1.42,2
2026-01-29 10:39:00,1.43,1.43,1.4202,1.425,33
2026-01-29 10:40:00,1.4286,1.4286,1.42,1.42,6
2026-01-29 10:41:00,1.425,1.425,1.42,1.42,13
2026-01-29 10:42:00,1.42,1.42,1.42,1.42,17
2026-01-29 10:43:00,1.42,1.425,1.42,1.425,48
2026-01-29 10:44:00,1.42,1.42,1.42,1.42,8
2026-01-29 10:45:00,1.42,1.425,1.42,1.421,8
2026-01-29 10:46:00,1.42,1.43,1.42,1.4258,54
2026-01-29 10:47:00,1.4299,1.4299,1.4299,1.4299,10
2026-01-29 10:48:00,1.42,1.425,1.42,1.42,14
2026-01-29 10:49:00,1.43,1.43,1.43,1.43,1
2026-01-29 10:50:00,1.42,1.4256,1.42,1.42,6
2026-01-29 10:51:00,1.425,1.425,1.42,1.42,2
2026-01-29 10:52:00,1.425,1.425,1.42,1.425,20
2026-01-29 10:53:00,1.42,1.4287,1.42,1.4287,7
2026-01-29 10:54:00,1.42,1.42,1.42,1.42,90
2026-01-29 10:55:00,1.42,1.421,1.42,1.42,82
2026-01-29 10:56:00,1.42,1.43,1.42,1.43,3
2026-01-29 10:57:00,1.425,1.425,1.425,1.425,4
2026-01-29 10:58:00,1.425,1.425,1.42,1.425,59
2026-01-29 10:59:00,1.42,1.425,1.42,1.425,2
2026-01-29 11:00:00,1.425,1.425,1.425,1.425,8
2026-01-29 11:01:00,1.42,1.43,1.42,1.43,4
2026-01-29 11:02:00,1.425,1.43,1.425,1.43,2
2026-01-29 11:03:00,1.4214,1.4214,1.42,1.42,15
2026-01-29 11:04:00,1.4217,1.4299,1.42,1.425,383
2026-01-29 11:05:00,1.425,1.425,1.425,1.425,5
2026-01-29 11:06:00,1.42,1.42,1.42,1.42,2
2026-01-29 11:07:00,1.425,1.4299,1.425,1.4299,21
2026-01-29 11:08:00,1.4201,1.425,1.4201,1.425,67
2026-01-29 11:09:00,1.42,1.425,1.42,1.425,6
2026-01-29 11:10:00,1.425,1.425,1.42,1.425,73
2026-01-29 11:11:00,1.425,1.425,1.42,1.42,6
2026-01-29 11:12:00,1.42,1.425,1.42,1.42,171
2026-01-29 11:13:00,1.425,1.43,1.42,1.43,23
2026-01-29 11:14:00,1.42,1.43,1.42,1.43,4
2026-01-29 11:15:00,1.43,1.43,1.42,1.43,40
2026-01-29 11:16:00,1.43,1.43,1.425,1.425,2
2026-01-29 11:17:00,1.425,1.425,1.425,1.425,11
2026-01-29 11:18:00,1.425,1.43,1.42,1.42,118
2026-01-29 11:19:00,1.425,1.43,1.425,1.4279,85
2026-01-29 11:20:00,1.43,1.435,1.43,1.435,219
2026-01-29 11:21:00,1.435,1.435,1.435,1.435,18
2026-01-29 11:22:00,1.435,1.435,1.435,1.435,0
2026-01-29 11:23:00,1.43,1.435,1.43,1.435,16
2026-01-29 11:24:00,1.43,1.43,1.43,1.43,1
2026-01-29 11:25:00,1.4399,1.4399,1.4399,1.4399,10
2026-01-29 11:26:00,1.4399,1.4399,1.4399,1.4399,0
2026-01-29 11:27:00,1.435,1.435,1.43,1.43,2
2026-01-29 11:28:00,1.43,1.43,1.43,1.43,12
2026-01-29 11:29:00,1.43,1.43,1.43,1.43,0
2026-01-29 11:30:00,1.43,1.435,1.43,1.435,3
2026-01-29 11:31:00,1.43,1.4386,1.43,1.4386,5
2026-01-29 11:32:00,1.4386,1.4386,1.4386,1.4386,0
2026-01-29 11:33:00,1.435,1.435,1.43,1.43,3
2026-01-29 11:34:00,1.43,1.43,1.43,1.43,1
2026-01-29 11:35:00,1.435,1.435,1.43,1.43,2
2026-01-29 11:36:00,1.43,1.43,1.43,1.43,0
2026-01-29 11:37:00,1.43,1.43,1.43,1.43,5
2026-01-29 11:38:00,1.43,1.43,1.43,1.43,4
2026-01-29 11:39:00,1.43,1.43,1.43,1.43,1
2026-01-29 11:40:00,1.43,1.43,1.43,1.43,0
2026-01-29 11:41:00,1.43,1.43,1.43,1.43,2
2026-01-29 11:42:00,1.435,1.435,1.43,1.43,8
2026-01-29 11:43:00,1.435,1.435,1.435,1.435,1
2026-01-29 11:44:00,1.435,1.435,1.435,1.435,9
2026-01-29 11:45:00,1.435,1.435,1.43,1.43,8
2026-01-29 11:46:00,1.43,1.43,1.43,1.43,2
2026-01-29 11:47:00,1.43,1.435,1.43,1.435,7
2026-01-29 11:48:00,1.435,1.435,1.435,1.435,0
2026-01-29 11:49:00,1.43,1.43,1.43,1.43,1
2026-01-29 11:50:00,1.435,1.435,1.435,1.435,1
2026-01-29 11:51:00,1.435,1.435,1.435,1.435,2
2026-01-29 11:52:00,1.435,1.435,1.435,1.435,3
2026-01-29 11:53:00,1.435,1.435,1.435,1.435,5
2026-01-29 11:54:00,1.435,1.435,1.43,1.43,11
2026-01-29 11:55:00,1.43,1.435,1.43,1.435,3
2026-01-29 11:56:00,1.43,1.43,1.43,1.43,8
2026-01-29 11:57:00,1.4302,1.4302,1.4302,1.4302,10
2026-01-29 11:58:00,1.4302,1.4302,1.4302,1.4302,0
2026-01-29 11:59:00,1.4302,1.4302,1.4302,1.4302,0
2026-01-29 12:00:00,1.43,1.4365,1.43,1.4365,26
2026-01-29 12:01:00,1.4314,1.4314,1.43,1.43,3
2026-01-29 12:02:00,1.43,1.432,1.43,1.432,6
2026-01-29 12:03:00,1.43,1.43,1.43,1.43,5
2026-01-29 12:04:00,1.43,1.43,1.43,1.43,1
2026-01-29 12:05:00,1.435,1.435,1.43,1.435,51
2026-01-29 12:06:00,1.43,1.4392,1.43,1.43,12
2026-01-29 12:07:00,1.43,1.439,1.43,1.43,12
2026-01-29 12:08:00,1.439,1.439,1.43,1.43,9
2026-01-29 12:09:00,1.43,1.43,1.43,1.43,1
2026-01-29 12:10:00,1.43,1.43,1.43,1.43,8
2026-01-29 12:11:00,1.43,1.43,1.43,1.43,4
2026-01-29 12:12:00,1.4399,1.4399,1.435,1.435,8
2026-01-29 12:13:00,1.44,1.44,1.43,1.43,3
2026-01-29 12:14:00,1.43,1.43,1.43,1.43,4
2026-01-29 12:15:00,1.435,1.435,1.435,1.435,21
2026-01-29 12:16:00,1.43,1.4399,1.43,1.4399,20
2026-01-29 12:17:00,1.43,1.44,1.43,1.43,9
2026-01-29 12:18:00,1.43,1.43,1.43,1.43,0
2026-01-29 12:19:00,1.43,1.43,1.425,1.425,147
2026-01-29 12:20:00,1.425,1.425,1.425,1.425,15
2026-01-29 12:21:00,1.425,1.43,1.4214,1.425,44
2026-01-29 12:22:00,1.425,1.435,1.425,1.435,179
2026-01-29 12:23:00,1.435,1.4372,1.435,1.4372,27
2026-01-29 12:24:00,1.435,1.435,1.435,1.435,4
2026-01-29 12:25:00,1.4385,1.4385,1.435,1.435,24
2026-01-29 12:26:00,1.43,1.435,1.43,1.435,8
2026-01-29 12:27:00,1.435,1.435,1.435,1.435,4
2026-01-29 12:28:00,1.435,1.4399,1.435,1.435,60
2026-01-29 12:29:00,1.435,1.435,1.435,1.435,7
2026-01-29 12:30:00,1.435,1.435,1.435,1.435,13
2026-01-29 12:31:00,1.435,1.435,1.43,1.43,11
2026-01-29 12:32:00,1.435,1.44,1.435,1.435,107
2026-01-29 12:33:00,1.435,1.435,1.435,1.435,9
2026-01-29 12:34:00,1.44,1.44,1.435,1.435,7
2026-01-29 12:35:00,1.435,1.435,1.435,1.435,5
2026-01-29 12:36:00,1.435,1.435,1.43,1.435,7
2026-01-29 12:37:00,1.43,1.44,1.43,1.44,12
2026-01-29 12:38:00,1.435,1.435,1.435,1.435,7
2026-01-29 12:39:00,1.4399,1.4399,1.43,1.435,17
2026-01-29 12:40:00,1.435,1.435,1.435,1.435,1
2026-01-29 12:41:00,1.44,1.44,1.43,1.43,12
2026-01-29 12:42:00,1.435,1.435,1.43,1.43,5
2026-01-29 12:43:00,1.43,1.43,1.43,1.43,4
2026-01-29 12:44:00,1.43,1.435,1.43,1.435,6
2026-01-29 12:45:00,1.43,1.43,1.43,1.43,2
2026-01-29 12:46:00,1.43,1.43,1.43,1.43,10
2026-01-29 12:47:00,1.43,1.43,1.43,1.43,3
2026-01-29 12:48:00,1.43,1.43,1.43,1.43,6
2026-01-29 12:49:00,1.43,1.43,1.43,1.43,6
2026-01-29 12:50:00,1.43,1.4345,1.43,1.4345,17
2026-01-29 12:51:00,1.43,1.43,1.43,1.43,24
2026-01-29 12:52:00,1.43,1.43,1.43,1.43,13
2026-01-29 12:53:00,1.43,1.435,1.43,1.43,18
2026-01-29 12:54:00,1.43,1.43,1.43,1.43,9
2026-01-29 12:55:00,1.43,1.43,1.425,1.425,23
2026-01-29 12:56:00,1.425,1.425,1.425,1.425,0
2026-01-29 12:57:00,1.425,1.425,1.425,1.425,4
2026-01-29 12:58:00,1.425,1.425,1.425,1.425,52
2026-01-29 12:59:00,1.425,1.425,1.425,1.425,4
2026-01-29 13:00:00,1.4249,1.43,1.4249,1.43,116
2026-01-29 13:01:00,1.425,1.425,1.425,1.425,12
2026-01-29 13:02:00,1.425,1.425,1.425,1.425,2
2026-01-29 13:03:00,1.4201,1.425,1.4201,1.425,249
2026-01-29 13:04:00,1.425,1.425,1.425,1.425,2
2026-01-29 13:05:00,1.43,1.43,1.425,1.425,24
2026-01-29 13:06:00,1.425,1.425,1.42,1.425,12
2026-01-29 13:07:00,1.425,1.425,1.425,1.425,4
2026-01-29 13:08:00,1.425,1.425,1.425,1.425,7
2026-01-29 13:09:00,1.4206,1.4206,1.42,1.42,14
2026-01-29 13:10:00,1.43,1.43,1.42,1.42,8
2026-01-29 13:11:00,1.425,1.425,1.425,1.425,10
2026-01-29 13:12:00,1.425,1.4258,1.4202,1.4202,25
2026-01-29 13:13:00,1.425,1.425,1.425,1.425,6
2026-01-29 13:14:00,1.425,1.425,1.42,1.425,27
2026-01-29 13:15:00,1.425,1.425,1.4245,1.425,34
2026-01-29 13:16:00,1.425,1.4258,1.425,1.4258,22
2026-01-29 13:17:00,1.425,1.425,1.4232,1.425,5
2026-01-29 13:18:00,1.425,1.425,1.42,1.42,6
2026-01-29 13:19:00,1.425,1.425,1.425,1.425,4
2026-01-29 13:20:00,1.425,1.425,1.425,1.425,4
2026-01-29 13:21:00,1.425,1.425,1.425,1.425,4
2026-01-29 13:22:00,1.425,1.425,1.425,1.425,22
2026-01-29 13:23:00,1.42,1.425,1.42,1.425,9
2026-01-29 13:24:00,1.425,1.425,1.425,1.425,0
2026-01-29 13:25:00,1.4254,1.4254,1.42,1.425,29
2026-01-29 13:26:00,1.425,1.43,1.425,1.43,6
2026-01-29 13:27:00,1.425,1.425,1.425,1.425,7
2026-01-29 13:28:00,1.425,1.43,1.425,1.425,15
2026-01-29 13:29:00,1.425,1.425,1.425,1.425,0
2026-01-29 13:30:00,1.425,1.425,1.42,1.42,10
2026-01-29 13:31:00,1.425,1.4285,1.42,1.42,3
2026-01-29 13:32:00,1.425,1.425,1.425,1.425,8
2026-01-29 13:33:00,1.43,1.43,1.425,1.425,103
2026-01-29 13:34:00,1.425,1.425,1.425,1.425,5
2026-01-29 13:35:00,1.42,1.425,1.42,1.425,4
2026-01-29 13:36:00,1.425,1.425,1.425,1.425,7
2026-01-29 13:37:00,1.425,1.425,1.425,1.425,4
2026-01-29 13:38:00,1.425,1.425,1.425,1.425,2
2026-01-29 13:39:00,1.425,1.425,1.42,1.42,17
2026-01-29 13:40:00,1.43,1.43,1.43,1.43,2
2026-01-29 13:41:00,1.425,1.43,1.425,1.425,7
2026-01-29 13:42:00,1.425,1.425,1.425,1.425,4
2026-01-29 13:43:00,1.425,1.425,1.425,1.425,0
2026-01-29 13:44:00,1.425,1.425,1.425,1.425,8
2026-01-29 13:45:00,1.425,1.425,1.425,1.425,1
2026-01-29 13:46:00,1.425,1.425,1.425,1.425,6
2026-01-29 13:47:00,1.425,1.435,1.425,1.435,210
2026-01-29 13:48:00,1.435,1.435,1.43,1.43,24
2026-01-29 13:49:00,1.43,1.43,1.43,1.43,32
2026-01-29 13:50:00,1.43,1.43,1.43,1.43,5
2026-01-29 13:51:00,1.43,1.43,1.43,1.43,2
2026-01-29 13:52:00,1.43,1.43,1.43,1.43,12
2026-01-29 13:53:00,1.43,1.43,1.43,1.43,41
2026-01-29 13:54:00,1.43,1.43,1.43,1.43,0
2026-01-29 13:55:00,1.42,1.425,1.42,1.425,11
2026-01-29 13:56:00,1.425,1.425,1.425,1.425,0
2026-01-29 13:57:00,1.425,1.425,1.4201,1.4201,6
2026-01-29 13:58:00,1.4201,1.4201,1.4201,1.4201,0
2026-01-29 13:59:00,1.425,1.425,1.42,1.42,7
2026-01-29 14:00:00,1.42,1.425,1.42,1.425,7
2026-01-29 14:01:00,1.425,1.425,1.42,1.42,17
2026-01-29 14:02:00,1.42,1.42,1.42,1.42,4
2026-01-29 14:03:00,1.42,1.42,1.42,1.42,3
2026-01-29 14:04:00,1.42,1.42,1.42,1.42,1
2026-01-29 14:05:00,1.4201,1.43,1.4201,1.43,267
2026-01-29 14:06:00,1.425,1.43,1.425,1.425,59
2026-01-29 14:07:00,1.425,1.43,1.425,1.43,17
2026-01-29 14:08:00,1.4278,1.44,1.4278,1.44,313
2026-01-29 14:09:00,1.44,1.445,1.44,1.445,123
2026-01-29 14:10:00,1.445,1.445,1.445,1.445,0
2026-01-29 14:11:00,1.445,1.445,1.445,1.445,0
2026-01-29 14:12:00,1.445,1.445,1.445,1.445,6
2026-01-29 14:13:00,1.445,1.445,1.445,1.445,40
2026-01-29 14:14:00,1.445,1.445,1.445,1.445,2
2026-01-29 14:15:00,1.445,1.445,1.445,1.445,1
2026-01-29 14:16:00,1.44,1.44,1.44,1.44,3
2026-01-29 14:17:00,1.445,1.445,1.445,1.445,1
2026-01-29 14:18:00,1.445,1.445,1.445,1.445,0
2026-01-29 14:19:00,1.445,1.445,1.445,1.445,3
2026-01-29 14:20:00,1.44,1.445,1.44,1.445,8
2026-01-29 14:21:00,1.445,1.46,1.445,1.455,481
2026-01-29 14:22:00,1.455,1.455,1.4532,1.4532,30
2026-01-29 14:23:00,1.4541,1.455,1.45,1.45,44
2026-01-29 14:24:00,1.45,1.45,1.45,1.45,1
2026-01-29 14:25:00,1.45,1.45,1.45,1.45,3
2026-01-29 14:26:00,1.45,1.45,1.45,1.45,0
2026-01-29 14:27:00,1.45,1.4599,1.45,1.4599,120
2026-01-29 14:28:00,1.45,1.45,1.45,1.45,1
2026-01-29 14:29:00,1.45,1.45,1.45,1.45,14
2026-01-29 14:30:00,1.45,1.4501,1.45,1.45,38
2026-01-29 14:31:00,1.45,1.45,1.45,1.45,0
2026-01-29 14:32:00,1.455,1.455,1.45,1.45,29
2026-01-29 14:33:00,1.45,1.4594,1.45,1.4565,73
2026-01-29 14:34:00,1.45,1.45,1.45,1.45,20
2026-01-29 14:35:00,1.45,1.455,1.45,1.45,6
2026-01-29 14:36:00,1.45,1.45,1.45,1.45,3
2026-01-29 14:37:00,1.45,1.455,1.45,1.455,38
2026-01-29 14:38:00,1.45,1.45,1.45,1.45,2
2026-01-29 14:39:00,1.45,1.45,1.45,1.45,4
2026-01-29 14:40:00,1.45,1.45,1.45,1.45,0
2026-01-29 14:41:00,1.45,1.45,1.45,1.45,5
2026-01-29 14:42:00,1.45,1.455,1.45,1.45,15
2026-01-29 14:43:00,1.45,1.45,1.45,1.45,2
2026-01-29 14:44:00,1.45,1.45,1.45,1.45,6
2026-01-29 14:45:00,1.45,1.45,1.45,1.45,5
2026-01-29 14:46:00,1.45,1.455,1.45,1.455,230
2026-01-29 14:47:00,1.455,1.46,1.45,1.455,249
2026-01-29 14:48:00,1.455,1.455,1.455,1.455,9
2026-01-29 14:49:00,1.455,1.455,1.45,1.455,20
2026-01-29 14:50:00,1.455,1.455,1.455,1.455,7
2026-01-29 14:51:00,1.455,1.455,1.455,1.455,6
2026-01-29 14:52:00,1.455,1.455,1.45,1.45,27
2026-01-29 14:53:00,1.455,1.455,1.45,1.45,4
2026-01-29 14:54:00,1.455,1.455,1.45,1.45,15
2026-01-29 14:55:00,1.455,1.4594,1.45,1.455,11
2026-01-29 14:56:00,1.455,1.455,1.45,1.45,10
2026-01-29 14:57:00,1.455,1.455,1.455,1.455,13
2026-01-29 14:58:00,1.455,1.455,1.45,1.455,10
2026-01-29 14:59:00,1.455,1.455,1.455,1.455,6
2026-01-29 15:00:00,1.455,1.455,1.45,1.455,8
2026-01-29 15:01:00,1.45,1.455,1.45,1.455,7
2026-01-29 15:02:00,1.4576,1.4576,1.455,1.455,8
2026-01-29 15:03:00,1.455,1.455,1.455,1.455,13
2026-01-29 15:04:00,1.45,1.455,1.45,1.455,14
2026-01-29 15:05:00,1.455,1.455,1.455,1.455,19
2026-01-29 15:06:00,1.455,1.455,1.455,1.455,8
2026-01-29 15:07:00,1.455,1.455,1.455,1.455,5
2026-01-29 15:08:00,1.45,1.455,1.45,1.455,7
2026-01-29 15:09:00,1.46,1.46,1.46,1.46,2
2026-01-29 15:10:00,1.455,1.465,1.455,1.465,410
2026-01-29 15:11:00,1.47,1.47,1.465,1.47,9
2026-01-29 15:12:00,1.47,1.47,1.465,1.47,18
2026-01-29 15:13:00,1.47,1.47,1.46,1.47,73
2026-01-29 15:14:00,1.465,1.465,1.465,1.465,21
2026-01-29 15:15:00,1.465,1.465,1.46,1.46,75
2026-01-29 15:16:00,1.46,1.465,1.455,1.455,198
2026-01-29 15:17:00,1.455,1.455,1.455,1.455,1
2026-01-29 15:18:00,1.45,1.45,1.45,1.45,12
2026-01-29 15:19:00,1.455,1.455,1.455,1.455,10
2026-01-29 15:20:00,1.455,1.455,1.455,1.455,2
2026-01-29 15:21:00,1.45,1.4501,1.45,1.45,126
2026-01-29 15:22:00,1.45,1.455,1.45,1.455,5
2026-01-29 15:23:00,1.455,1.455,1.45,1.45,5
2026-01-29 15:24:00,1.45,1.45,1.45,1.45,8
2026-01-29 15:25:00,1.455,1.455,1.45,1.45,35
2026-01-29 15:26:00,1.455,1.455,1.44,1.445,424
2026-01-29 15:27:00,1.445,1.445,1.445,1.445,13
2026-01-29 15:28:00,1.445,1.445,1.445,1.445,12
2026-01-29 15:29:00,1.445,1.445,1.445,1.445,28
2026-01-29 15:30:00,1.445,1.445,1.445,1.445,12
2026-01-29 15:31:00,1.44,1.445,1.44,1.445,29
2026-01-29 15:32:00,1.445,1.445,1.445,1.445,19
2026-01-29 15:33:00,1.445,1.445,1.445,1.445,13
2026-01-29 15:34:00,1.445,1.45,1.445,1.45,15
2026-01-29 15:35:00,1.445,1.445,1.445,1.445,9
2026-01-29 15:36:00,1.445,1.445,1.445,1.445,11
2026-01-29 15:37:00,1.445,1.445,1.445,1.445,8
2026-01-29 15:38:00,1.44,1.445,1.44,1.445,4
2026-01-29 15:39:00,1.445,1.445,1.44,1.445,31
2026-01-29 15:40:00,1.445,1.445,1.4449,1.4449,22
2026-01-29 15:41:00,1.445,1.445,1.445,1.445,24
2026-01-29 15:42:00,1.445,1.445,1.445,1.445,2
2026-01-29 15:43:00,1.445,1.45,1.445,1.445,19
2026-01-29 15:44:00,1.445,1.445,1.445,1.445,59
2026-01-29 15:45:00,1.445,1.445,1.445,1.445,36
2026-01-29 15:46:00,1.445,1.445,1.445,1.445,15
2026-01-29 15:47:00,1.445,1.445,1.445,1.445,10
2026-01-29 15:48:00,1.445,1.445,1.445,1.445,20
2026-01-29 15:49:00,1.44,1.45,1.44,1.445,12
2026-01-29 15:50:00,1.445,1.445,1.44,1.445,15
2026-01-29 15:51:00,1.44,1.445,1.44,1.44,76
2026-01-29 15:52:00,1.44,1.45,1.44,1.44,127
2026-01-29 15:53:00,1.44,1.44,1.44,1.44,39
2026-01-29 15:54:00,1.44,1.445,1.44,1.44,72
2026-01-29 15:55:00,1.44,1.448,1.44,1.44,54
2026-01-29 15:56:00,1.44,1.44,1.44,1.44,113
2026-01-29 15:57:00,1.44,1.44,1.44,1.44,81
2026-01-29 15:58:00,1.44,1.44,1.44,1.44,110
2026-01-29 15:59:00,1.44,1.45,1.44,1.44,490
2026-01-30 09:30:00,1.47,1.47,1.452,1.4547,159
2026-01-30 09:31:00,1.45,1.46,1.45,1.46,599
2026-01-30 09:32:00,1.455,1.465,1.455,1.465,86
2026-01-30 09:33:00,1.465,1.47,1.46,1.47,599
2026-01-30 09:34:00,1.47,1.47,1.47,1.47,29
2026-01-30 09:35:00,1.465,1.465,1.465,1.465,57
2026-01-30 09:36:00,1.4694,1.475,1.4694,1.475,148
2026-01-30 09:37:00,1.475,1.48,1.47,1.47,104
2026-01-30 09:38:00,1.475,1.475,1.475,1.475,4
2026-01-30 09:39:00,1.475,1.475,1.475,1.475,6
2026-01-30 09:40:00,1.472,1.4799,1.472,1.4799,31
2026-01-30 09:41:00,1.475,1.475,1.475,1.475,2
2026-01-30 09:42:00,1.475,1.4798,1.475,1.4762,43
2026-01-30 09:43:00,1.4762,1.4762,1.4762,1.4762,0
2026-01-30 09:44:00,1.475,1.48,1.475,1.48,4
2026-01-30 09:45:00,1.475,1.48,1.4728,1.4728,138
2026-01-30 09:46:00,1.47,1.47,1.4567,1.4567,229
2026-01-30 09:47:00,1.455,1.455,1.455,1.455,6
2026-01-30 09:48:00,1.4599,1.4599,1.455,1.455,26
2026-01-30 09:49:00,1.455,1.455,1.45,1.45,124
2026-01-30 09:50:00,1.445,1.445,1.445,1.445,84
2026-01-30 09:51:00,1.4486,1.45,1.445,1.45,13
2026-01-30 09:52:00,1.44,1.44,1.4333,1.4333,53
2026-01-30 09:53:00,1.4333,1.4333,1.4333,1.4333,0
2026-01-30 09:54:00,1.4333,1.4333,1.4333,1.4333,0
2026-01-30 09:55:00,1.435,1.435,1.435,1.435,2
2026-01-30 09:56:00,1.435,1.4363,1.435,1.4363,17
2026-01-30 09:57:00,1.435,1.435,1.435,1.435,1
2026-01-30 09:58:00,1.435,1.44,1.435,1.44,16
2026-01-30 09:59:00,1.43,1.43,1.425,1.425,94
2026-01-30 10:00:00,1.425,1.425,1.415,1.415,204
2026-01-30 10:01:00,1.415,1.415,1.41,1.415,25
2026-01-30 10:02:00,1.415,1.415,1.415,1.415,16
2026-01-30 10:03:00,1.415,1.415,1.414,1.415,26
2026-01-30 10:04:00,1.415,1.4175,1.4104,1.415,30
2026-01-30 10:05:00,1.42,1.42,1.415,1.415,35
2026-01-30 10:06:00,1.415,1.4199,1.415,1.415,10
2026-01-30 10:07:00,1.415,1.415,1.415,1.415,3
2026-01-30 10:08:00,1.415,1.415,1.415,1.415,15
2026-01-30 10:09:00,1.41,1.415,1.41,1.415,49
2026-01-30 10:10:00,1.4145,1.4158,1.41,1.415,18
2026-01-30 10:11:00,1.415,1.42,1.4148,1.415,23
2026-01-30 10:12:00,1.415,1.415,1.415,1.415,9
2026-01-30 10:13:00,1.4113,1.42,1.4113,1.42,5
2026-01-30 10:14:00,1.415,1.415,1.415,1.415,2
2026-01-30 10:15:00,1.415,1.415,1.415,1.415,3
2026-01-30 10:16:00,1.415,1.42,1.41,1.42,30
2026-01-30 10:17:00,1.415,1.415,1.4137,1.4137,13
2026-01-30 10:18:00,1.415,1.43,1.415,1.4299,317
2026-01-30 10:19:00,1.425,1.425,1.42,1.42,12
2026-01-30 10:20:00,1.4294,1.43,1.42,1.43,104
2026-01-30 10:21:00,1.4214,1.425,1.4214,1.425,7
2026-01-30 10:22:00,1.42,1.425,1.42,1.424,6
2026-01-30 10:23:00,1.425,1.43,1.42,1.42,299
2026-01-30 10:24:00,1.425,1.43,1.42,1.425,102
2026-01-30 10:25:00,1.425,1.425,1.425,1.425,0
2026-01-30 10:26:00,1.42,1.42,1.415,1.415,311
2026-01-30 10:27:00,1.415,1.415,1.415,1.415,10
2026-01-30 10:28:00,1.415,1.415,1.41,1.41,11
2026-01-30 10:29:00,1.415,1.415,1.4,1.409,277
2026-01-30 10:30:00,1.405,1.405,1.405,1.405,3
2026-01-30 10:31:00,1.405,1.405,1.405,1.405,104
2026-01-30 10:32:00,1.405,1.41,1.405,1.405,270
2026-01-30 10:33:00,1.41,1.415,1.41,1.415,66
2026-01-30 10:34:00,1.415,1.42,1.415,1.415,157
2026-01-30 10:35:00,1.415,1.415,1.415,1.415,5
2026-01-30 10:36:00,1.415,1.415,1.415,1.415,1
2026-01-30 10:37:00,1.415,1.415,1.415,1.415,8
2026-01-30 10:38:00,1.415,1.415,1.415,1.415,0
2026-01-30 10:39:00,1.415,1.415,1.415,1.415,3
2026-01-30 10:40:00,1.415,1.415,1.415,1.415,2
2026-01-30 10:41:00,1.415,1.4199,1.41,1.4199,7
2026-01-30 10:42:00,1.415,1.415,1.415,1.415,4
2026-01-30 10:43:00,1.415,1.415,1.415,1.415,15
2026-01-30 10:44:00,1.415,1.4199,1.415,1.4186,12
2026-01-30 10:45:00,1.4199,1.4199,1.4199,1.4199,3
2026-01-30 10:46:00,1.415,1.415,1.415,1.415,3
2026-01-30 10:47:00,1.42,1.42,1.42,1.42,2
2026-01-30 10:48:00,1.415,1.415,1.415,1.415,8
2026-01-30 10:49:00,1.41,1.415,1.41,1.415,9
2026-01-30 10:50:00,1.415,1.415,1.415,1.415,1
2026-01-30 10:51:00,1.4199,1.4199,1.415,1.415,5
2026-01-30 10:52:00,1.415,1.415,1.415,1.415,5
2026-01-30 10:53:00,1.41,1.415,1.41,1.415,5
2026-01-30 10:54:00,1.415,1.415,1.415,1.415,0
2026-01-30 10:55:00,1.415,1.415,1.415,1.415,2
2026-01-30 10:56:00,1.4128,1.415,1.41,1.4145,50
2026-01-30 10:57:00,1.41,1.4155,1.41,1.41,149
2026-01-30 10:58:00,1.415,1.415,1.41,1.41,41
2026-01-30 10:59:00,1.41,1.41,1.41,1.41,19
2026-01-30 11:00:00,1.41,1.41,1.41,1.41,12
2026-01-30 11:01:00,1.41,1.41,1.4,1.405,316
2026-01-30 11:02:00,1.405,1.405,1.402,1.402,11
2026-01-30 11:03:00,1.405,1.405,1.4,1.405,34
2026-01-30 11:04:00,1.405,1.405,1.4,1.4,12
2026-01-30 11:05:00,1.4,1.405,1.4,1.4,13
2026-01-30 11:06:00,1.4,1.405,1.4,1.4001,21
2026-01-30 11:07:00,1.4001,1.4087,1.4,1.4,22
2026-01-30 11:08:00,1.4,1.4,1.4,1.4,20
2026-01-30 11:09:00,1.4,1.4,1.4,1.4,25
2026-01-30 11:10:00,1.405,1.405,1.4,1.4,5
2026-01-30 11:11:00,1.405,1.405,1.4,1.4,2
2026-01-30 11:12:00,1.405,1.405,1.4,1.4,4
2026-01-30 11:13:00,1.4,1.4097,1.4,1.405,12
2026-01-30 11:14:00,1.405,1.405,1.405,1.405,0
2026-01-30 11:15:00,1.4,1.4,1.4,1.4,6
2026-01-30 11:16:00,1.405,1.405,1.4,1.4,4
2026-01-30 11:17:00,1.4,1.4,1.4,1.4,2
2026-01-30 11:18:00,1.405,1.405,1.4,1.405,6
2026-01-30 11:19:00,1.4,1.4,1.4,1.4,2
2026-01-30 11:20:00,1.4,1.405,1.4,1.4,27
2026-01-30 11:21:00,1.4,1.405,1.4,1.4005,133
2026-01-30 11:22:00,1.4,1.4073,1.4,1.4073,22
2026-01-30 11:23:00,1.4,1.4,1.4,1.4,3
2026-01-30 11:24:00,1.405,1.405,1.4,1.405,104
2026-01-30 11:25:00,1.4,1.405,1.4,1.405,4
2026-01-30 11:26:00,1.405,1.405,1.4,1.405,20
2026-01-30 11:27:00,1.405,1.405,1.405,1.405,23
2026-01-30 11:28:00,1.405,1.405,1.4,1.405,26
2026-01-30 11:29:00,1.405,1.405,1.4,1.4,79
2026-01-30 11:30:00,1.405,1.405,1.4,1.4,25
2026-01-30 11:31:00,1.405,1.405,1.405,1.405,27
2026-01-30 11:32:00,1.4,1.41,1.4,1.41,46
2026-01-30 11:33:00,1.4,1.405,1.4,1.405,26
2026-01-30 11:34:00,1.405,1.405,1.4,1.405,8
2026-01-30 11:35:00,1.405,1.41,1.4,1.405,54
2026-01-30 11:36:00,1.405,1.405,1.4,1.405,57
2026-01-30 11:37:00,1.405,1.41,1.4,1.41,36
2026-01-30 11:38:00,1.405,1.41,1.4,1.405,22
2026-01-30 11:39:00,1.405,1.41,1.4,1.405,10
2026-01-30 11:40:00,1.405,1.4075,1.4,1.4,42
2026-01-30 11:41:00,1.405,1.405,1.405,1.405,48
2026-01-30 11:42:00,1.405,1.41,1.405,1.405,15
2026-01-30 11:43:00,1.41,1.41,1.405,1.405,110
2026-01-30 11:44:00,1.41,1.415,1.405,1.415,131
2026-01-30 11:45:00,1.415,1.415,1.415,1.415,6
2026-01-30 11:46:00,1.415,1.415,1.415,1.415,1
2026-01-30 11:47:00,1.415,1.415,1.415,1.415,0
2026-01-30 11:48:00,1.415,1.415,1.415,1.415,11
2026-01-30 11:49:00,1.41,1.41,1.41,1.41,1
2026-01-30 11:50:00,1.41,1.41,1.41,1.41,0
2026-01-30 11:51:00,1.41,1.41,1.41,1.41,5
2026-01-30 11:52:00,1.41,1.41,1.41,1.41,0
2026-01-30 11:53:00,1.415,1.415,1.415,1.415,2
2026-01-30 11:54:00,1.415,1.415,1.41,1.41,2
2026-01-30 11:55:00,1.4153,1.4153,1.415,1.415,48
2026-01-30 11:56:00,1.415,1.415,1.415,1.415,1
2026-01-30 11:57:00,1.415,1.415,1.415,1.415,13
2026-01-30 11:58:00,1.415,1.415,1.41,1.41,16
2026-01-30 11:59:00,1.41,1.415,1.41,1.41,3
2026-01-30 12:00:00,1.41,1.415,1.41,1.415,57
2026-01-30 12:01:00,1.415,1.415,1.415,1.415,1
2026-01-30 12:02:00,1.415,1.415,1.415,1.415,1
2026-01-30 12:03:00,1.415,1.415,1.41,1.41,2
2026-01-30 12:04:00,1.41,1.41,1.41,1.41,2
2026-01-30 12:05:00,1.415,1.415,1.41,1.415,8
2026-01-30 12:06:00,1.415,1.415,1.415,1.415,1
2026-01-30 12:07:00,1.415,1.415,1.415,1.415,1
2026-01-30 12:08:00,1.41,1.4191,1.41,1.4191,2
2026-01-30 12:09:00,1.415,1.415,1.415,1.415,2
2026-01-30 12:10:00,1.4186,1.4186,1.41,1.41,4
2026-01-30 12:11:00,1.41,1.415,1.41,1.415,11
2026-01-30 12:12:00,1.41,1.415,1.41,1.415,3
2026-01-30 12:13:00,1.41,1.415,1.41,1.415,11
2026-01-30 12:14:00,1.41,1.41,1.41,1.41,13
2026-01-30 12:15:00,1.41,1.41,1.405,1.405,167
2026-01-30 12:16:00,1.405,1.405,1.405,1.405,11
2026-01-30 12:17:00,1.405,1.405,1.405,1.405,1
2026-01-30 12:18:00,1.4063,1.4063,1.4037,1.4037,32
2026-01-30 12:19:00,1.4037,1.4037,1.4037,1.4037,0
2026-01-30 12:20:00,1.405,1.405,1.405,1.405,3
2026-01-30 12:21:00,1.405,1.405,1.405,1.405,0
2026-01-30 12:22:00,1.41,1.41,1.41,1.41,14
2026-01-30 12:23:00,1.405,1.405,1.405,1.405,2
2026-01-30 12:24:00,1.405,1.405,1.405,1.405,2
2026-01-30 12:25:00,1.41,1.415,1.41,1.415,231
2026-01-30 12:26:00,1.415,1.4199,1.415,1.415,19
2026-01-30 12:27:00,1.415,1.415,1.415,1.415,1
2026-01-30 12:28:00,1.415,1.415,1.415,1.415,0
2026-01-30 12:29:00,1.4163,1.4163,1.415,1.415,3
2026-01-30 12:30:00,1.415,1.415,1.415,1.415,0
2026-01-30 12:31:00,1.415,1.415,1.415,1.415,0
2026-01-30 12:32:00,1.415,1.415,1.415,1.415,26
2026-01-30 12:33:00,1.415,1.415,1.415,1.415,1
2026-01-30 12:34:00,1.415,1.415,1.415,1.415,0
2026-01-30 12:35:00,1.415,1.415,1.41,1.41,3
2026-01-30 12:36:00,1.415,1.415,1.414,1.414,49
2026-01-30 12:37:00,1.414,1.414,1.414,1.414,0
2026-01-30 12:38:00,1.412,1.412,1.41,1.41,50
2026-01-30 12:39:00,1.415,1.415,1.415,1.415,7
2026-01-30 12:40:00,1.415,1.415,1.415,1.415,0
2026-01-30 12:41:00,1.42,1.42,1.41,1.415,46
2026-01-30 12:42:00,1.415,1.415,1.4121,1.415,32
2026-01-30 12:43:00,1.41,1.4199,1.41,1.415,54
2026-01-30 12:44:00,1.415,1.415,1.415,1.415,17
2026-01-30 12:45:00,1.415,1.415,1.415,1.415,21
2026-01-30 12:46:00,1.415,1.415,1.415,1.415,20
2026-01-30 12:47:00,1.41,1.4104,1.41,1.4104,4
2026-01-30 12:48:00,1.4104,1.4104,1.4104,1.4104,0
2026-01-30 12:49:00,1.41,1.4151,1.41,1.415,35
2026-01-30 12:50:00,1.4145,1.4199,1.4145,1.4199,91
2026-01-30 12:51:00,1.415,1.415,1.41,1.41,26
2026-01-30 12:52:00,1.41,1.415,1.41,1.41,18
2026-01-30 12:53:00,1.41,1.415,1.41,1.415,30
2026-01-30 12:54:00,1.41,1.415,1.41,1.4116,61
2026-01-30 12:55:00,1.4194,1.4194,1.4194,1.4194,1
2026-01-30 12:56:00,1.4197,1.4197,1.4197,1.4197,10
2026-01-30 12:57:00,1.4197,1.4197,1.4197,1.4197,0
2026-01-30 12:58:00,1.41,1.415,1.41,1.415,25
2026-01-30 12:59:00,1.415,1.415,1.41,1.41,11
2026-01-30 13:00:00,1.41,1.4199,1.41,1.415,189
2026-01-30 13:01:00,1.415,1.415,1.415,1.415,1
2026-01-30 13:02:00,1.41,1.41,1.41,1.41,1
2026-01-30 13:03:00,1.41,1.41,1.41,1.41,4
2026-01-30 13:04:00,1.415,1.415,1.41,1.41,30
2026-01-30 13:05:00,1.41,1.415,1.41,1.415,2
2026-01-30 13:06:00,1.41,1.41,1.41,1.41,3
2026-01-30 13:07:00,1.41,1.415,1.41,1.415,2
2026-01-30 13:08:00,1.4188,1.4188,1.41,1.41,3
2026-01-30 13:09:00,1.4109,1.4109,1.41,1.41,12
2026-01-30 13:10:00,1.41,1.415,1.41,1.415,5
2026-01-30 13:11:00,1.415,1.415,1.415,1.415,0
2026-01-30 13:12:00,1.415,1.415,1.41,1.41,6
2026-01-30 13:13:00,1.41,1.41,1.41,1.41,0
2026-01-30 13:14:00,1.41,1.41,1.41,1.41,6
2026-01-30 13:15:00,1.41,1.411,1.41,1.41,66
2026-01-30 13:16:00,1.41,1.41,1.41,1.41,37
2026-01-30 13:17:00,1.41,1.4199,1.41,1.4199,15
2026-01-30 13:18:00,1.415,1.415,1.41,1.41,15
2026-01-30 13:19:00,1.41,1.411,1.41,1.41,5
2026-01-30 13:20:00,1.41,1.415,1.41,1.415,6
2026-01-30 13:21:00,1.41,1.41,1.4,1.4,244
2026-01-30 13:22:00,1.4,1.4,1.4,1.4,0
2026-01-30 13:23:00,1.4,1.405,1.4,1.405,5
2026-01-30 13:24:00,1.405,1.405,1.405,1.405,1
2026-01-30 13:25:00,1.4039,1.405,1.4039,1.405,91
2026-01-30 13:26:00,1.405,1.41,1.4,1.405,30
2026-01-30 13:27:00,1.405,1.405,1.405,1.405,0
2026-01-30 13:28:00,1.41,1.41,1.405,1.405,4
2026-01-30 13:29:00,1.41,1.41,1.41,1.41,1
2026-01-30 13:30:00,1.405,1.41,1.405,1.41,2
2026-01-30 13:31:00,1.405,1.4058,1.405,1.405,105
2026-01-30 13:32:00,1.405,1.41,1.405,1.41,3
2026-01-30 13:33:00,1.4,1.405,1.4,1.405,12
2026-01-30 13:34:00,1.405,1.405,1.405,1.405,0
2026-01-30 13:35:00,1.41,1.41,1.41,1.41,8
2026-01-30 13:36:00,1.405,1.405,1.4,1.4,3
2026-01-30 13:37:00,1.41,1.41,1.4099,1.4099,18
2026-01-30 13:38:00,1.41,1.415,1.41,1.415,478
2026-01-30 13:39:00,1.415,1.415,1.415,1.415,0
2026-01-30 13:40:00,1.415,1.415,1.415,1.415,2
2026-01-30 13:41:00,1.415,1.415,1.41,1.415,25
2026-01-30 13:42:00,1.415,1.415,1.415,1.415,16
2026-01-30 13:43:00,1.41,1.41,1.4099,1.4099,67
2026-01-30 13:44:00,1.4099,1.4099,1.4099,1.4099,0
2026-01-30 13:45:00,1.4003,1.405,1.4,1.405,61
2026-01-30 13:46:00,1.4,1.4005,1.4,1.4005,40
2026-01-30 13:47:00,1.4,1.4,1.4,1.4,30
2026-01-30 13:48:00,1.4,1.4,1.4,1.4,0
2026-01-30 13:49:00,1.4,1.4,1.4,1.4,0
2026-01-30 13:50:00,1.4,1.405,1.4,1.4,19
2026-01-30 13:51:00,1.405,1.405,1.405,1.405,1
2026-01-30 13:52:00,1.4,1.4,1.4,1.4,2
2026-01-30 13:53:00,1.4,1.4,1.4,1.4,1
2026-01-30 13:54:00,1.405,1.405,1.4,1.4,38
2026-01-30 13:55:00,1.4,1.4,1.4,1.4,1
2026-01-30 13:56:00,1.4,1.41,1.4,1.4,78
2026-01-30 13:57:00,1.4,1.4054,1.4,1.4,23
2026-01-30 13:58:00,1.41,1.41,1.41,1.41,1
2026-01-30 13:59:00,1.41,1.415,1.4099,1.415,303
2026-01-30 14:00:00,1.41,1.41,1.41,1.41,29
2026-01-30 14:01:00,1.415,1.415,1.415,1.415,1
2026-01-30 14:02:00,1.415,1.415,1.415,1.415,4
2026-01-30 14:03:00,1.4187,1.4187,1.4187,1.4187,3
2026-01-30 14:04:00,1.412,1.412,1.4106,1.4106,7
2026-01-30 14:05:00,1.41,1.41,1.41,1.41,2
2026-01-30 14:06:00,1.4194,1.4194,1.41,1.41,5
2026-01-30 14:07:00,1.415,1.4155,1.415,1.415,60
2026-01-30 14:08:00,1.415,1.415,1.415,1.415,41
2026-01-30 14:09:00,1.41,1.415,1.41,1.415,39
2026-01-30 14:10:00,1.42,1.42,1.4101,1.415,4
2026-01-30 14:11:00,1.41,1.41,1.41,1.41,1
2026-01-30 14:12:00,1.41,1.4157,1.41,1.4157,20
2026-01-30 14:13:00,1.41,1.415,1.41,1.4145,43
2026-01-30 14:14:00,1.41,1.42,1.41,1.415,53
2026-01-30 14:15:00,1.415,1.415,1.415,1.415,0
2026-01-30 14:16:00,1.41,1.42,1.41,1.415,29
2026-01-30 14:17:00,1.4198,1.4198,1.41,1.41,39
2026-01-30 14:18:00,1.42,1.43,1.42,1.425,144
2026-01-30 14:19:00,1.43,1.43,1.42,1.425,66
2026-01-30 14:20:00,1.4252,1.4252,1.4252,1.4252,21
2026-01-30 14:21:00,1.425,1.425,1.425,1.425,1
2026-01-30 14:22:00,1.425,1.425,1.425,1.425,0
2026-01-30 14:23:00,1.425,1.425,1.425,1.425,0
2026-01-30 14:24:00,1.425,1.425,1.425,1.425,0
2026-01-30 14:25:00,1.425,1.425,1.425,1.425,1
2026-01-30 14:26:00,1.425,1.425,1.42,1.42,14
2026-01-30 14:27:00,1.425,1.43,1.425,1.425,258
2026-01-30 14:28:00,1.425,1.425,1.425,1.425,20
2026-01-30 14:29:00,1.425,1.43,1.425,1.43,74
2026-01-30 14:30:00,1.43,1.43,1.425,1.425,38
2026-01-30 14:31:00,1.425,1.425,1.425,1.425,12
2026-01-30 14:32:00,1.43,1.43,1.425,1.425,104
2026-01-30 14:33:00,1.425,1.425,1.425,1.425,2
2026-01-30 14:34:00,1.425,1.425,1.425,1.425,0
2026-01-30 14:35:00,1.425,1.425,1.425,1.425,0
2026-01-30 14:36:00,1.425,1.425,1.425,1.425,1
2026-01-30 14:37:00,1.43,1.43,1.43,1.43,1
2026-01-30 14:38:00,1.4299,1.4299,1.42,1.42,8
2026-01-30 14:39:00,1.43,1.43,1.42,1.42,14
2026-01-30 14:40:00,1.42,1.425,1.42,1.42,7
2026-01-30 14:41:00,1.42,1.43,1.42,1.425,16
2026-01-30 14:42:00,1.43,1.43,1.425,1.425,22
2026-01-30 14:43:00,1.425,1.425,1.425,1.425,3
2026-01-30 14:44:00,1.425,1.425,1.425,1.425,7
2026-01-30 14:45:00,1.43,1.435,1.43,1.435,65
2026-01-30 14:46:00,1.43,1.435,1.43,1.43,17
2026-01-30 14:47:00,1.43,1.43,1.43,1.43,0
2026-01-30 14:48:00,1.4306,1.435,1.4306,1.435,3
2026-01-30 14:49:00,1.435,1.44,1.43,1.43,6
2026-01-30 14:50:00,1.43,1.44,1.43,1.435,15
2026-01-30 14:51:00,1.43,1.43,1.425,1.43,335
2026-01-30 14:52:00,1.43,1.43,1.425,1.43,26
2026-01-30 14:53:00,1.43,1.43,1.43,1.43,10
2026-01-30 14:54:00,1.43,1.43,1.43,1.43,0
2026-01-30 14:55:00,1.43,1.43,1.43,1.43,0
2026-01-30 14:56:00,1.4299,1.4299,1.4299,1.4299,47
2026-01-30 14:57:00,1.4299,1.4299,1.4299,1.4299,0
2026-01-30 14:58:00,1.425,1.425,1.425,1.425,4
2026-01-30 14:59:00,1.425,1.425,1.422,1.422,7
2026-01-30 15:00:00,1.425,1.425,1.425,1.425,1
2026-01-30 15:01:00,1.425,1.425,1.42,1.42,4
2026-01-30 15:02:00,1.42,1.42,1.42,1.42,0
2026-01-30 15:03:00,1.42,1.425,1.42,1.425,5
2026-01-30 15:04:00,1.4201,1.4201,1.4201,1.4201,3
2026-01-30 15:05:00,1.42,1.425,1.42,1.42,22
2026-01-30 15:06:00,1.425,1.425,1.425,1.425,225
2026-01-30 15:07:00,1.425,1.425,1.42,1.42,77
2026-01-30 15:08:00,1.42,1.42,1.42,1.42,0
2026-01-30 15:09:00,1.42,1.42,1.42,1.42,0
2026-01-30 15:10:00,1.425,1.425,1.425,1.425,1
2026-01-30 15:11:00,1.425,1.425,1.425,1.425,0
2026-01-30 15:12:00,1.42,1.42,1.42,1.42,3
2026-01-30 15:13:00,1.425,1.425,1.425,1.425,2
2026-01-30 15:14:00,1.42,1.422,1.415,1.415,179
2026-01-30 15:15:00,1.415,1.415,1.415,1.415,11
2026-01-30 15:16:00,1.412,1.415,1.412,1.415,59
2026-01-30 15:17:00,1.415,1.415,1.415,1.415,2
2026-01-30 15:18:00,1.415,1.415,1.415,1.415,0
2026-01-30 15:19:00,1.415,1.415,1.415,1.415,3
2026-01-30 15:20:00,1.4169,1.4169,1.4169,1.4169,10
2026-01-30 15:21:00,1.4172,1.4172,1.415,1.415,23
2026-01-30 15:22:00,1.415,1.42,1.415,1.42,16
2026-01-30 15:23:00,1.41,1.41,1.41,1.41,1
2026-01-30 15:24:00,1.415,1.415,1.415,1.415,31
2026-01-30 15:25:00,1.415,1.415,1.41,1.415,77
2026-01-30 15:26:00,1.415,1.415,1.415,1.415,2
2026-01-30 15:27:00,1.415,1.42,1.415,1.42,101
2026-01-30 15:28:00,1.42,1.42,1.42,1.42,0
2026-01-30 15:29:00,1.415,1.415,1.415,1.415,6
2026-01-30 15:30:00,1.415,1.415,1.415,1.415,3
2026-01-30 15:31:00,1.415,1.415,1.415,1.415,0
2026-01-30 15:32:00,1.415,1.415,1.415,1.415,4
2026-01-30 15:33:00,1.415,1.415,1.415,1.415,1
2026-01-30 15:34:00,1.415,1.415,1.414,1.415,70
2026-01-30 15:35:00,1.415,1.415,1.415,1.415,36
2026-01-30 15:36:00,1.415,1.415,1.41,1.41,12
2026-01-30 15:37:00,1.415,1.415,1.415,1.415,3
2026-01-30 15:38:00,1.415,1.415,1.4106,1.415,12
2026-01-30 15:39:00,1.415,1.42,1.415,1.415,187
2026-01-30 15:40:00,1.41,1.42,1.41,1.42,3
2026-01-30 15:41:00,1.415,1.42,1.41,1.42,86
2026-01-30 15:42:00,1.415,1.415,1.415,1.415,134
2026-01-30 15:43:00,1.41,1.415,1.41,1.415,17
2026-01-30 15:44:00,1.412,1.42,1.41,1.41,97
2026-01-30 15:45:00,1.4147,1.415,1.41,1.415,203
2026-01-30 15:46:00,1.415,1.415,1.41,1.415,95
2026-01-30 15:47:00,1.41,1.415,1.41,1.415,79
2026-01-30 15:48:00,1.41,1.415,1.41,1.41,180
2026-01-30 15:49:00,1.415,1.415,1.41,1.415,8
2026-01-30 15:50:00,1.41,1.42,1.41,1.42,107
2026-01-30 15:51:00,1.42,1.42,1.41,1.415,83
2026-01-30 15:52:00,1.415,1.415,1.4,1.405,1353
2026-01-30 15:53:00,1.41,1.42,1.41,1.415,451
2026-01-30 15:54:00,1.415,1.415,1.41,1.415,117
2026-01-30 15:55:00,1.41,1.415,1.41,1.415,144
2026-01-30 15:56:00,1.41,1.415,1.41,1.41,144
2026-01-30 15:57:00,1.41,1.415,1.4,1.405,977
2026-01-30 15:58:00,1.4,1.415,1.4,1.415,541
2026-01-30 15:59:00,1.415,1.42,1.41,1.415,278
