datetime,open,high,low,close,volume
2025-12-22 09:30:00,5.83,5.84,5.71,5.745,527
2025-12-22 09:31:00,5.73,5.83,5.72,5.82,63
2025-12-22 09:32:00,5.815,5.82,5.805,5.82,45
2025-12-22 09:33:00,5.84,5.87,5.815,5.85,377
2025-12-22 09:34:00,5.85,5.86,5.835,5.835,44
2025-12-22 09:35:00,5.845,5.895,5.845,5.895,58
2025-12-22 09:36:00,5.89,5.9,5.8801,5.895,315
2025-12-22 09:37:00,5.88,5.88,5.865,5.87,21
2025-12-22 09:38:00,5.87,5.89,5.87,5.885,79
2025-12-22 09:39:00,5.9,5.92,5.89,5.89,72
2025-12-22 09:40:00,5.9,5.91,5.9,5.9,22
2025-12-22 09:41:00,5.9,5.9,5.87,5.88,122
2025-12-22 09:42:00,5.88,5.89,5.8724,5.873,52
2025-12-22 09:43:00,5.885,5.91,5.885,5.91,24
2025-12-22 09:44:00,5.9075,5.92,5.9075,5.915,14
2025-12-22 09:45:00,5.9113,5.96,5.9,5.94,707
2025-12-22 09:46:00,5.945,5.95,5.915,5.92,48
2025-12-22 09:47:00,5.92,5.92,5.92,5.92,0
2025-12-22 09:48:00,5.925,5.9252,5.9,5.9,30
2025-12-22 09:49:00,5.9,5.91,5.9,5.91,15
2025-12-22 09:50:00,5.9,5.91,5.895,5.895,26
2025-12-22 09:51:00,5.895,5.9,5.895,5.9,3
2025-12-22 09:52:00,5.895,5.895,5.88,5.88,19
2025-12-22 09:53:00,5.88,5.88,5.87,5.87,3
2025-12-22 09:54:00,5.87,5.8898,5.87,5.8898,40
2025-12-22 09:55:00,5.88,5.895,5.88,5.895,29
2025-12-22 09:56:00,5.895,5.9,5.8899,5.8899,63
2025-12-22 09:57:00,5.885,5.885,5.878,5.878,12
2025-12-22 09:58:00,5.875,5.885,5.875,5.885,51
2025-12-22 09:59:00,5.885,5.91,5.885,5.91,120
2025-12-22 10:00:00,5.91,5.91,5.9,5.9,38
2025-12-22 10:01:00,5.9078,5.935,5.905,5.91,53
2025-12-22 10:02:00,5.905,5.93,5.9,5.92,57
2025-12-22 10:03:00,5.926,5.955,5.925,5.953,115
2025-12-22 10:04:00,5.95,5.95,5.935,5.935,31
2025-12-22 10:05:00,5.94,5.9555,5.94,5.9555,34
2025-12-22 10:06:00,5.95,5.95,5.93,5.935,24
2025-12-22 10:07:00,5.93,5.935,5.9244,5.935,52
2025-12-22 10:08:00,5.93,5.946,5.93,5.946,28
2025-12-22 10:09:00,5.945,5.9466,5.93,5.93,103
2025-12-22 10:10:00,5.9355,5.94,5.93,5.93,108
2025-12-22 10:11:00,5.93,5.93,5.915,5.93,29
2025-12-22 10:12:00,5.935,5.945,5.935,5.94,122
2025-12-22 10:13:00,5.935,5.945,5.935,5.945,5
2025-12-22 10:14:00,5.95,5.975,5.94,5.9545,99
2025-12-22 10:15:00,5.95,5.9556,5.93,5.955,291
2025-12-22 10:16:00,5.95,5.955,5.95,5.955,10
2025-12-22 10:17:00,5.965,5.965,5.94,5.94,32
2025-12-22 10:18:00,5.945,5.95,5.93,5.93,253
2025-12-22 10:19:00,5.93,5.93,5.92,5.92,15
2025-12-22 10:20:00,5.915,5.92,5.915,5.9174,25
2025-12-22 10:21:00,5.9164,5.9164,5.91,5.91,6
2025-12-22 10:22:00,5.91,5.91,5.905,5.91,28
2025-12-22 10:23:00,5.915,5.915,5.915,5.915,2
2025-12-22 10:24:00,5.915,5.92,5.9,5.905,15
2025-12-22 10:25:00,5.905,5.91,5.9044,5.905,61
2025-12-22 10:26:00,5.91,5.91,5.905,5.908,10
2025-12-22 10:27:00,5.905,5.91,5.9,5.91,21
2025-12-22 10:28:00,5.905,5.905,5.9,5.905,29
2025-12-22 10:29:00,5.9,5.905,5.9,5.905,4
2025-12-22 10:30:00,5.905,5.905,5.9,5.9,20
2025-12-22 10:31:00,5.9,5.9,5.89,5.895,181
2025-12-22 10:32:00,5.895,5.895,5.895,5.895,1
2025-12-22 10:33:00,5.89,5.91,5.89,5.91,39
2025-12-22 10:34:00,5.895,5.915,5.895,5.91,51
2025-12-22 10:35:00,5.91,5.91,5.9,5.905,51
2025-12-22 10:36:00,5.9,5.9,5.895,5.895,9
2025-12-22 10:37:00,5.8916,5.9,5.8916,5.9,15
2025-12-22 10:38:00,5.9,5.905,5.9,5.905,3
2025-12-22 10:39:00,5.9,5.9064,5.9,5.905,71
2025-12-22 10:40:00,5.9,5.9053,5.895,5.905,38
2025-12-22 10:41:00,5.9,5.9,5.9,5.9,1
2025-12-22 10:42:00,5.9,5.91,5.9,5.91,18
2025-12-22 10:43:00,5.9,5.9,5.9,5.9,2
2025-12-22 10:44:00,5.9065,5.91,5.9,5.91,18
2025-12-22 10:45:00,5.915,5.915,5.91,5.91,13
2025-12-22 10:46:00,5.91,5.91,5.905,5.905,5
2025-12-22 10:47:00,5.9,5.9,5.9,5.9,2
2025-12-22 10:48:00,5.9,5.9044,5.9,5.9044,2
2025-12-22 10:49:00,5.9036,5.91,5.9,5.91,82
2025-12-22 10:50:00,5.92,5.92,5.915,5.915,51
2025-12-22 10:51:00,5.915,5.92,5.915,5.915,17
2025-12-22 10:52:00,5.92,5.925,5.92,5.925,2
2025-12-22 10:53:00,5.92,5.925,5.915,5.915,9
2025-12-22 10:54:00,5.915,5.93,5.915,5.9265,93
2025-12-22 10:55:00,5.925,5.93,5.925,5.925,10
2025-12-22 10:56:00,5.93,5.9642,5.93,5.9642,58
2025-12-22 10:57:00,5.9699,5.9699,5.96,5.96,22
2025-12-22 10:58:00,5.96,5.97,5.955,5.955,129
2025-12-22 10:59:00,5.955,5.955,5.955,5.955,15
2025-12-22 11:00:00,5.9501,5.965,5.9501,5.965,21
2025-12-22 11:01:00,5.97,5.97,5.97,5.97,1
2025-12-22 11:02:00,5.9655,5.9655,5.9655,5.9655,10
2025-12-22 11:03:00,5.9659,5.97,5.96,5.96,40
2025-12-22 11:04:00,5.955,5.955,5.92,5.92,110
2025-12-22 11:05:00,5.92,5.92,5.92,5.92,0
2025-12-22 11:06:00,5.915,5.9179,5.91,5.9179,108
2025-12-22 11:07:00,5.92,5.92,5.91,5.91,38
2025-12-22 11:08:00,5.905,5.915,5.905,5.915,11
2025-12-22 11:09:00,5.92,5.93,5.92,5.9299,102
2025-12-22 11:10:00,5.9345,5.935,5.93,5.9302,27
2025-12-22 11:11:00,5.935,5.9458,5.935,5.94,102
2025-12-22 11:12:00,5.9442,5.9444,5.94,5.94,9
2025-12-22 11:13:00,5.9401,5.9401,5.94,5.94,8
2025-12-22 11:14:00,5.9442,5.9444,5.94,5.9444,21
2025-12-22 11:15:00,5.94,5.94,5.925,5.925,19
2025-12-22 11:16:00,5.925,5.93,5.925,5.925,30
2025-12-22 11:17:00,5.93,5.93,5.925,5.925,5
2025-12-22 11:18:00,5.93,5.93,5.925,5.925,18
2025-12-22 11:19:00,5.925,5.925,5.925,5.925,1
2025-12-22 11:20:00,5.93,5.9364,5.93,5.935,12
2025-12-22 11:21:00,5.94,5.945,5.935,5.935,14
2025-12-22 11:22:00,5.935,5.955,5.935,5.945,151
2025-12-22 11:23:00,5.95,5.95,5.94,5.94,43
2025-12-22 11:24:00,5.945,5.945,5.945,5.945,2
2025-12-22 11:25:00,5.945,5.945,5.94,5.94,12
2025-12-22 11:26:00,5.93,5.94,5.93,5.94,16
2025-12-22 11:27:00,5.9419,5.9444,5.935,5.935,17
2025-12-22 11:28:00,5.935,5.94,5.935,5.94,10
2025-12-22 11:29:00,5.94,5.94,5.94,5.94,1
2025-12-22 11:30:00,5.94,5.94,5.935,5.935,4
2025-12-22 11:31:00,5.935,5.95,5.935,5.95,12
2025-12-22 11:32:00,5.945,5.95,5.945,5.945,12
2025-12-22 11:33:00,5.94,5.945,5.935,5.935,8
2025-12-22 11:34:00,5.9362,5.945,5.935,5.945,6
2025-12-22 11:35:00,5.95,5.95,5.945,5.945,3
2025-12-22 11:36:00,5.95,5.95,5.95,5.95,11
2025-12-22 11:37:00,5.96,5.96,5.955,5.955,4
2025-12-22 11:38:00,5.955,5.955,5.955,5.955,0
2025-12-22 11:39:00,5.9564,5.96,5.955,5.955,85
2025-12-22 11:40:00,5.96,5.965,5.96,5.96,16
2025-12-22 11:41:00,5.97,5.97,5.9644,5.965,8
2025-12-22 11:42:00,5.96,5.96,5.955,5.96,12
2025-12-22 11:43:00,5.955,5.9664,5.955,5.9664,49
2025-12-22 11:44:00,5.96,5.965,5.96,5.965,7
2025-12-22 11:45:00,5.9664,5.9664,5.955,5.965,22
2025-12-22 11:46:00,5.9665,5.9665,5.9665,5.9665,10
2025-12-22 11:47:00,5.965,5.9699,5.9645,5.965,16
2025-12-22 11:48:00,5.965,5.97,5.965,5.97,117
2025-12-22 11:49:00,5.97,5.9797,5.97,5.975,28
2025-12-22 11:50:00,5.975,5.995,5.975,5.995,85
2025-12-22 11:51:00,5.99,6.01,5.99,6.01,177
2025-12-22 11:52:00,6.005,6.02,6.0035,6.02,41
2025-12-22 11:53:00,6.0156,6.03,6.01,6.015,347
2025-12-22 11:54:00,6.01,6.015,6.01,6.015,8
2025-12-22 11:55:00,6.015,6.02,6.01,6.02,30
2025-12-22 11:56:00,6.015,6.015,6.01,6.01,2
2025-12-22 11:57:00,6.0133,6.015,6.0,6.0098,34
2025-12-22 11:58:00,6.01,6.02,6.01,6.015,23
2025-12-22 11:59:00,6.02,6.0257,6.02,6.0257,63
2025-12-22 12:00:00,6.025,6.025,6.015,6.015,41
2025-12-22 12:01:00,6.02,6.02,6.015,6.015,2
2025-12-22 12:02:00,6.015,6.02,6.01,6.02,24
2025-12-22 12:03:00,6.015,6.015,6.015,6.015,2
2025-12-22 12:04:00,6.015,6.02,6.015,6.015,4
2025-12-22 12:05:00,6.015,6.02,6.01,6.02,36
2025-12-22 12:06:00,6.02,6.0201,6.015,6.015,29
2025-12-22 12:07:00,6.015,6.02,6.01,6.02,29
2025-12-22 12:08:00,6.01,6.015,6.01,6.015,3
2025-12-22 12:09:00,6.015,6.02,6.01,6.02,38
2025-12-22 12:10:00,6.01,6.01,5.97,5.98,552
2025-12-22 12:11:00,5.975,5.98,5.975,5.9764,16
2025-12-22 12:12:00,5.975,6.0,5.975,5.985,142
2025-12-22 12:13:00,5.985,5.985,5.975,5.98,24
2025-12-22 12:14:00,5.98,5.99,5.98,5.985,34
2025-12-22 12:15:00,5.985,5.995,5.985,5.995,56
2025-12-22 12:16:00,5.985,5.99,5.985,5.99,60
2025-12-22 12:17:00,5.99,5.995,5.99,5.995,31
2025-12-22 12:18:00,5.995,6.0,5.985,5.985,37
2025-12-22 12:19:00,5.985,5.995,5.985,5.995,24
2025-12-22 12:20:00,6.0,6.0,5.97,5.97,61
2025-12-22 12:21:00,5.975,5.975,5.975,5.975,6
2025-12-22 12:22:00,5.9781,5.9781,5.975,5.975,7
2025-12-22 12:23:00,5.97,5.975,5.97,5.97,15
2025-12-22 12:24:00,5.97,5.98,5.97,5.98,15
2025-12-22 12:25:00,5.98,5.98,5.975,5.975,3
2025-12-22 12:26:00,5.975,5.99,5.975,5.985,26
2025-12-22 12:27:00,5.985,5.985,5.98,5.985,6
2025-12-22 12:28:00,5.985,5.99,5.98,5.98,3
2025-12-22 12:29:00,5.985,5.99,5.98,5.99,7
2025-12-22 12:30:00,5.985,5.99,5.975,5.975,184
2025-12-22 12:31:00,5.98,5.98,5.98,5.98,1
2025-12-22 12:32:00,5.98,5.98,5.98,5.98,14
2025-12-22 12:33:00,5.97,5.97,5.965,5.965,10
2025-12-22 12:34:00,5.9601,5.968,5.96,5.9605,15
2025-12-22 12:35:00,5.9665,5.9665,5.9665,5.9665,1
2025-12-22 12:36:00,5.96,5.97,5.96,5.97,49
2025-12-22 12:37:00,5.9714,5.975,5.97,5.97,11
2025-12-22 12:38:00,5.975,5.975,5.975,5.975,3
2025-12-22 12:39:00,5.97,5.975,5.965,5.965,64
2025-12-22 12:40:00,5.97,5.97,5.965,5.965,5
2025-12-22 12:41:00,5.965,5.975,5.965,5.97,22
2025-12-22 12:42:00,5.975,5.975,5.975,5.975,1
2025-12-22 12:43:00,5.975,5.975,5.975,5.975,14
2025-12-22 12:44:00,5.9716,5.9716,5.96,5.96,19
2025-12-22 12:45:00,5.96,5.965,5.96,5.965,2
2025-12-22 12:46:00,5.965,5.965,5.965,5.965,0
2025-12-22 12:47:00,5.962,5.965,5.962,5.965,3
2025-12-22 12:48:00,5.965,5.975,5.965,5.97,27
2025-12-22 12:49:00,5.975,5.975,5.975,5.975,1
2025-12-22 12:50:00,5.97,5.98,5.97,5.98,180
2025-12-22 12:51:00,5.975,5.985,5.975,5.985,227
2025-12-22 12:52:00,5.985,5.99,5.98,5.9855,16
2025-12-22 12:53:00,5.99,5.99,5.98,5.985,9
2025-12-22 12:54:00,5.985,5.99,5.985,5.9857,19
2025-12-22 12:55:00,5.98,5.995,5.98,5.98,60
2025-12-22 12:56:00,5.975,5.975,5.975,5.975,5
2025-12-22 12:57:00,5.97,5.97,5.97,5.97,2
2025-12-22 12:58:00,5.97,6.01,5.97,6.005,77
2025-12-22 12:59:00,5.995,6.005,5.99,6.005,161
2025-12-22 13:00:00,6.0,6.01,6.0,6.005,47
2025-12-22 13:01:00,6.0075,6.025,6.005,6.02,85
2025-12-22 13:02:00,6.02,6.02,6.02,6.02,14
2025-12-22 13:03:00,6.02,6.0219,6.02,6.02,17
2025-12-22 13:04:00,6.022,6.04,6.02,6.0232,121
2025-12-22 13:05:00,6.024,6.024,6.01,6.01,179
2025-12-22 13:06:00,6.0127,6.02,6.005,6.02,75
2025-12-22 13:07:00,6.015,6.02,6.015,6.02,42
2025-12-22 13:08:00,6.0299,6.0299,6.025,6.0255,36
2025-12-22 13:09:00,6.025,6.025,6.015,6.015,64
2025-12-22 13:10:00,6.02,6.02,6.015,6.02,27
2025-12-22 13:11:00,6.01,6.01,5.99,5.995,162
2025-12-22 13:12:00,5.9901,5.995,5.9901,5.9948,34
2025-12-22 13:13:00,5.995,5.995,5.995,5.995,20
2025-12-22 13:14:00,5.99,5.995,5.99,5.995,11
2025-12-22 13:15:00,5.995,5.995,5.935,5.945,372
2025-12-22 13:16:00,5.95,5.95,5.9401,5.945,12
2025-12-22 13:17:00,5.95,5.95,5.948,5.95,31
2025-12-22 13:18:00,5.94,5.945,5.91,5.915,106
2025-12-22 13:19:00,5.92,5.935,5.92,5.935,44
2025-12-22 13:20:00,5.93,5.94,5.93,5.935,38
2025-12-22 13:21:00,5.935,5.94,5.93,5.935,77
2025-12-22 13:22:00,5.94,5.945,5.93,5.945,62
2025-12-22 13:23:00,5.9424,5.945,5.94,5.945,8
2025-12-22 13:24:00,5.94,5.9499,5.94,5.945,23
2025-12-22 13:25:00,5.94,5.945,5.94,5.945,12
2025-12-22 13:26:00,5.95,5.9565,5.945,5.9565,46
2025-12-22 13:27:00,5.96,5.96,5.955,5.955,4
2025-12-22 13:28:00,5.955,5.96,5.955,5.96,2
2025-12-22 13:29:00,5.9556,5.965,5.9516,5.965,22
2025-12-22 13:30:00,5.9675,5.9675,5.96,5.962,12
2025-12-22 13:31:00,5.965,5.965,5.962,5.965,3
2025-12-22 13:32:00,5.965,5.97,5.965,5.97,7
2025-12-22 13:33:00,5.96,5.965,5.96,5.965,9
2025-12-22 13:34:00,5.96,5.965,5.96,5.965,2
2025-12-22 13:35:00,5.96,5.96,5.955,5.955,24
2025-12-22 13:36:00,5.95,5.96,5.95,5.96,15
2025-12-22 13:37:00,5.965,5.97,5.965,5.97,19
2025-12-22 13:38:00,5.965,5.97,5.96,5.97,11
2025-12-22 13:39:00,5.965,5.97,5.965,5.97,3
2025-12-22 13:40:00,5.965,5.97,5.965,5.97,4
2025-12-22 13:41:00,5.965,5.97,5.965,5.97,7
2025-12-22 13:42:00,5.9699,5.9699,5.96,5.965,15
2025-12-22 13:43:00,5.965,5.97,5.96,5.97,8
2025-12-22 13:44:00,5.9699,5.9699,5.96,5.96,4
2025-12-22 13:45:00,5.965,5.97,5.96,5.97,15
2025-12-22 13:46:00,5.9644,5.965,5.96,5.965,15
2025-12-22 13:47:00,5.965,5.965,5.96,5.965,9
2025-12-22 13:48:00,5.97,5.97,5.96,5.97,10
2025-12-22 13:49:00,5.97,5.97,5.96,5.97,36
2025-12-22 13:50:00,5.975,5.975,5.965,5.965,32
2025-12-22 13:51:00,5.965,5.965,5.96,5.965,27
2025-12-22 13:52:00,5.96,5.965,5.96,5.965,19
2025-12-22 13:53:00,5.9686,5.97,5.9686,5.97,3
2025-12-22 13:54:00,5.96,5.97,5.96,5.965,19
2025-12-22 13:55:00,5.97,5.97,5.965,5.965,2
2025-12-22 13:56:00,5.965,5.965,5.965,5.965,2
2025-12-22 13:57:00,5.97,5.97,5.965,5.965,5
2025-12-22 13:58:00,5.965,5.965,5.96,5.965,5
2025-12-22 13:59:00,5.965,5.97,5.965,5.97,9
2025-12-22 14:00:00,5.97,5.975,5.965,5.975,48
2025-12-22 14:01:00,5.975,5.975,5.955,5.96,67
2025-12-22 14:02:00,5.96,5.96,5.96,5.96,3
2025-12-22 14:03:00,5.955,5.955,5.9534,5.9534,4
2025-12-22 14:04:00,5.9534,5.9534,5.9534,5.9534,0
2025-12-22 14:05:00,5.955,5.955,5.95,5.95,8
2025-12-22 14:06:00,5.955,5.955,5.945,5.945,45
2025-12-22 14:07:00,5.95,5.95,5.95,5.95,13
2025-12-22 14:08:00,5.9436,5.95,5.9436,5.945,62
2025-12-22 14:09:00,5.945,5.945,5.945,5.945,4
2025-12-22 14:10:00,5.945,5.955,5.945,5.955,19
2025-12-22 14:11:00,5.95,5.955,5.945,5.9457,52
2025-12-22 14:12:00,5.9457,5.9457,5.9457,5.9457,0
2025-12-22 14:13:00,5.95,5.955,5.95,5.955,29
2025-12-22 14:14:00,5.955,5.9571,5.955,5.955,3
2025-12-22 14:15:00,5.955,5.955,5.945,5.9464,25
2025-12-22 14:16:00,5.95,5.95,5.9444,5.9444,15
2025-12-22 14:17:00,5.945,5.9499,5.94,5.9414,29
2025-12-22 14:18:00,5.9402,5.955,5.94,5.955,59
2025-12-22 14:19:00,5.9559,5.9559,5.955,5.955,11
2025-12-22 14:20:00,5.955,5.955,5.955,5.955,6
2025-12-22 14:21:00,5.95,5.955,5.945,5.95,31
2025-12-22 14:22:00,5.95,5.95,5.95,5.95,17
2025-12-22 14:23:00,5.955,5.955,5.955,5.955,1
2025-12-22 14:24:00,5.955,5.955,5.955,5.955,1
2025-12-22 14:25:00,5.955,5.955,5.955,5.955,3
2025-12-22 14:26:00,5.955,5.955,5.955,5.955,2
2025-12-22 14:27:00,5.955,5.96,5.955,5.96,4
2025-12-22 14:28:00,5.96,5.96,5.955,5.955,3
2025-12-22 14:29:00,5.96,5.96,5.955,5.955,72
2025-12-22 14:30:00,5.955,5.955,5.95,5.955,6
2025-12-22 14:31:00,5.955,5.955,5.955,5.955,7
2025-12-22 14:32:00,5.9565,5.9565,5.95,5.955,13
2025-12-22 14:33:00,5.955,5.955,5.955,5.955,3
2025-12-22 14:34:00,5.955,5.9565,5.955,5.955,6
2025-12-22 14:35:00,5.955,5.955,5.95,5.95,14
2025-12-22 14:36:00,5.955,5.96,5.955,5.955,28
2025-12-22 14:37:00,5.955,5.96,5.955,5.96,22
2025-12-22 14:38:00,5.955,5.96,5.955,5.96,6
2025-12-22 14:39:00,5.96,5.96,5.955,5.955,16
2025-12-22 14:40:00,5.955,5.955,5.9544,5.9544,11
2025-12-22 14:41:00,5.955,5.955,5.95,5.95,4
2025-12-22 14:42:00,5.955,5.955,5.955,5.955,1
2025-12-22 14:43:00,5.955,5.955,5.955,5.955,0
2025-12-22 14:44:00,5.955,5.958,5.955,5.955,9
2025-12-22 14:45:00,5.95,5.955,5.945,5.945,182
2025-12-22 14:46:00,5.945,5.945,5.935,5.94,172
2025-12-22 14:47:00,5.935,5.935,5.93,5.93,7
2025-12-22 14:48:00,5.935,5.935,5.935,5.935,2
2025-12-22 14:49:00,5.9306,5.935,5.9306,5.935,3
2025-12-22 14:50:00,5.93,5.9399,5.93,5.93,6
2025-12-22 14:51:00,5.93,5.93,5.93,5.93,0
2025-12-22 14:52:00,5.93,5.935,5.93,5.935,3
2025-12-22 14:53:00,5.935,5.935,5.935,5.935,1
2025-12-22 14:54:00,5.935,5.935,5.93,5.935,9
2025-12-22 14:55:00,5.9342,5.935,5.92,5.925,316
2025-12-22 14:56:00,5.92,5.925,5.92,5.925,11
2025-12-22 14:57:00,5.925,5.935,5.925,5.93,71
2025-12-22 14:58:00,5.9336,5.9336,5.93,5.93,2
2025-12-22 14:59:00,5.93,5.945,5.93,5.94,32
2025-12-22 15:00:00,5.94,5.945,5.94,5.945,2
2025-12-22 15:01:00,5.94,5.945,5.94,5.94,5
2025-12-22 15:02:00,5.9401,5.9401,5.9401,5.9401,6
2025-12-22 15:03:00,5.945,5.945,5.94,5.945,6
2025-12-22 15:04:00,5.945,5.945,5.945,5.945,5
2025-12-22 15:05:00,5.945,5.945,5.945,5.945,2
2025-12-22 15:06:00,5.9432,5.945,5.9432,5.945,13
2025-12-22 15:07:00,5.945,5.945,5.925,5.925,60
2025-12-22 15:08:00,5.93,5.93,5.92,5.925,73
2025-12-22 15:09:00,5.92,5.925,5.91,5.91,104
2025-12-22 15:10:00,5.905,5.905,5.905,5.905,3
2025-12-22 15:11:00,5.905,5.905,5.905,5.905,1
2025-12-22 15:12:00,5.905,5.915,5.9,5.91,117
2025-12-22 15:13:00,5.91,5.91,5.91,5.91,0
2025-12-22 15:14:00,5.915,5.915,5.915,5.915,1
2025-12-22 15:15:00,5.915,5.915,5.915,5.915,8
2025-12-22 15:16:00,5.915,5.915,5.905,5.905,30
2025-12-22 15:17:00,5.9,5.9099,5.9,5.905,7
2025-12-22 15:18:00,5.9,5.9068,5.9,5.9068,11
2025-12-22 15:19:00,5.905,5.91,5.905,5.9058,19
2025-12-22 15:20:00,5.906,5.906,5.905,5.905,5
2025-12-22 15:21:00,5.905,5.91,5.905,5.905,3
2025-12-22 15:22:00,5.9,5.91,5.9,5.905,53
2025-12-22 15:23:00,5.905,5.905,5.9042,5.905,21
2025-12-22 15:24:00,5.9038,5.905,5.9038,5.905,16
2025-12-22 15:25:00,5.905,5.91,5.905,5.91,3
2025-12-22 15:26:00,5.905,5.91,5.905,5.91,10
2025-12-22 15:27:00,5.91,5.915,5.91,5.915,27
2025-12-22 15:28:00,5.92,5.92,5.915,5.915,8
2025-12-22 15:29:00,5.92,5.925,5.915,5.915,52
2025-12-22 15:30:00,5.91,5.915,5.9,5.905,114
2025-12-22 15:31:00,5.905,5.905,5.895,5.895,169
2025-12-22 15:32:00,5.89,5.895,5.88,5.885,33
2025-12-22 15:33:00,5.88,5.885,5.88,5.88,55
2025-12-22 15:34:00,5.88,5.89,5.88,5.885,16
2025-12-22 15:35:00,5.885,5.9,5.885,5.9,59
2025-12-22 15:36:00,5.9,5.915,5.9,5.915,56
2025-12-22 15:37:00,5.9197,5.9197,5.915,5.915,4
2025-12-22 15:38:00,5.915,5.92,5.91,5.915,18
2025-12-22 15:39:00,5.915,5.915,5.91,5.915,5
2025-12-22 15:40:00,5.915,5.925,5.91,5.925,73
2025-12-22 15:41:00,5.925,5.925,5.92,5.92,7
2025-12-22 15:42:00,5.92,5.92,5.905,5.91,48
2025-12-22 15:43:00,5.915,5.93,5.91,5.925,58
2025-12-22 15:44:00,5.925,5.93,5.92,5.925,26
2025-12-22 15:45:00,5.925,5.93,5.92,5.925,35
2025-12-22 15:46:00,5.92,5.93,5.92,5.925,49
2025-12-22 15:47:00,5.93,5.93,5.92,5.925,61
2025-12-22 15:48:00,5.93,5.93,5.92,5.93,36
2025-12-22 15:49:00,5.925,5.925,5.91,5.915,109
2025-12-22 15:50:00,5.92,5.92,5.905,5.91,88
2025-12-22 15:51:00,5.91,5.915,5.91,5.915,44
2025-12-22 15:52:00,5.915,5.925,5.905,5.905,140
2025-12-22 15:53:00,5.91,5.91,5.9,5.905,35
2025-12-22 15:54:00,5.905,5.93,5.905,5.92,168
2025-12-22 15:55:00,5.91,5.91,5.8944,5.905,253
2025-12-22 15:56:00,5.905,5.92,5.905,5.915,174
2025-12-22 15:57:00,5.915,5.92,5.91,5.92,157
2025-12-22 15:58:00,5.915,5.925,5.905,5.91,311
2025-12-22 15:59:00,5.91,5.96,5.91,5.96,745
2025-12-23 09:30:00,5.94,5.94,5.9,5.92,119
2025-12-23 09:31:00,5.91,5.91,5.91,5.91,1
2025-12-23 09:32:00,5.9,5.95,5.9,5.93,95
2025-12-23 09:33:00,5.915,5.915,5.9,5.9,3
2025-12-23 09:34:00,5.915,5.915,5.915,5.915,5
2025-12-23 09:35:00,5.91,5.9283,5.91,5.9283,23
2025-12-23 09:36:00,5.92,5.92,5.92,5.92,1
2025-12-23 09:37:00,5.92,5.9225,5.905,5.92,86
2025-12-23 09:38:00,5.9299,5.9299,5.9216,5.9216,36
2025-12-23 09:39:00,5.93,5.935,5.92,5.935,16
2025-12-23 09:40:00,5.9392,5.9392,5.9392,5.9392,1
2025-12-23 09:41:00,5.935,5.9499,5.935,5.94,21
2025-12-23 09:42:00,5.94,5.9413,5.94,5.94,11
2025-12-23 09:43:00,5.94,5.98,5.94,5.98,49
2025-12-23 09:44:00,5.98,5.98,5.97,5.98,48
2025-12-23 09:45:00,5.9899,5.99,5.98,5.98,97
2025-12-23 09:46:00,5.98,5.99,5.98,5.98,38
2025-12-23 09:47:00,5.9899,5.9899,5.95,5.96,69
2025-12-23 09:48:00,5.95,5.95,5.93,5.94,10
2025-12-23 09:49:00,5.94,5.95,5.93,5.94,22
2025-12-23 09:50:00,5.935,5.96,5.935,5.955,42
2025-12-23 09:51:00,5.95,5.95,5.935,5.94,42
2025-12-23 09:52:00,5.95,5.95,5.93,5.95,7
2025-12-23 09:53:00,5.945,5.945,5.935,5.94,15
2025-12-23 09:54:00,5.93,5.93,5.92,5.92,3
2025-12-23 09:55:00,5.93,5.93,5.92,5.93,20
2025-12-23 09:56:00,5.93,5.93,5.91,5.91,8
2025-12-23 09:57:00,5.905,5.925,5.905,5.925,73
2025-12-23 09:58:00,5.92,5.92,5.915,5.92,20
2025-12-23 09:59:00,5.915,5.925,5.91,5.91,20
2025-12-23 10:00:00,5.91,5.92,5.91,5.92,5
2025-12-23 10:01:00,5.915,5.92,5.91,5.91,6
2025-12-23 10:02:00,5.915,5.925,5.915,5.92,41
2025-12-23 10:03:00,5.915,5.915,5.91,5.91,8
2025-12-23 10:04:00,5.9,5.9,5.9,5.9,4
2025-12-23 10:05:00,5.9,5.905,5.9,5.9,100
2025-12-23 10:06:00,5.91,5.92,5.89,5.91,142
2025-12-23 10:07:00,5.905,5.905,5.9,5.9,7
2025-12-23 10:08:00,5.9,5.905,5.895,5.905,42
2025-12-23 10:09:00,5.91,5.91,5.905,5.91,26
2025-12-23 10:10:00,5.92,5.92,5.905,5.905,28
2025-12-23 10:11:00,5.9,5.9,5.8902,5.9,45
2025-12-23 10:12:00,5.89,5.9,5.89,5.9,24
2025-12-23 10:13:00,5.895,5.9,5.895,5.895,4
2025-12-23 10:14:00,5.9,5.915,5.9,5.91,109
2025-12-23 10:15:00,5.905,5.91,5.905,5.905,11
2025-12-23 10:16:00,5.905,5.91,5.905,5.91,5
2025-12-23 10:17:00,5.915,5.92,5.915,5.92,25
2025-12-23 10:18:00,5.925,5.925,5.92,5.925,30
2025-12-23 10:19:00,5.925,5.9317,5.925,5.9317,26
2025-12-23 10:20:00,5.93,5.94,5.925,5.935,61
2025-12-23 10:21:00,5.94,5.945,5.935,5.935,32
2025-12-23 10:22:00,5.94,5.95,5.94,5.9444,15
2025-12-23 10:23:00,5.94,5.94,5.9335,5.935,95
2025-12-23 10:24:00,5.935,5.95,5.93,5.945,97
2025-12-23 10:25:00,5.945,5.945,5.94,5.94,13
2025-12-23 10:26:00,5.935,5.965,5.93,5.965,196
2025-12-23 10:27:00,5.965,5.9664,5.95,5.95,28
2025-12-23 10:28:00,5.95,5.95,5.95,5.95,2
2025-12-23 10:29:00,5.9599,5.9599,5.95,5.95,18
2025-12-23 10:30:00,5.955,5.955,5.95,5.95,80
2025-12-23 10:31:00,5.95,5.955,5.95,5.95,12
2025-12-23 10:32:00,5.95,5.95,5.945,5.945,91
2025-12-23 10:33:00,5.945,5.9466,5.94,5.9447,27
2025-12-23 10:34:00,5.945,5.945,5.94,5.94,43
2025-12-23 10:35:00,5.94,5.94,5.94,5.94,7
2025-12-23 10:36:00,5.945,5.945,5.94,5.94,5
2025-12-23 10:37:00,5.945,5.945,5.94,5.94,3
2025-12-23 10:38:00,5.945,5.95,5.945,5.95,14
2025-12-23 10:39:00,5.955,5.955,5.95,5.95,3
2025-12-23 10:40:00,5.945,5.975,5.94,5.97,70
2025-12-23 10:41:00,5.975,5.975,5.97,5.97,8
2025-12-23 10:42:00,5.96,5.96,5.96,5.96,1
2025-12-23 10:43:00,5.96,5.96,5.95,5.95,5
2025-12-23 10:44:00,5.955,5.955,5.95,5.95,4
2025-12-23 10:45:00,5.955,5.955,5.94,5.94,24
2025-12-23 10:46:00,5.945,5.95,5.945,5.95,104
2025-12-23 10:47:00,5.945,5.945,5.945,5.945,2
2025-12-23 10:48:00,5.94,5.945,5.94,5.945,12
2025-12-23 10:49:00,5.94,5.94,5.94,5.94,3
2025-12-23 10:50:00,5.93,5.935,5.93,5.935,11
2025-12-23 10:51:00,5.935,5.9399,5.93,5.9399,24
2025-12-23 10:52:00,5.935,5.935,5.925,5.925,26
2025-12-23 10:53:00,5.92,5.9291,5.92,5.925,13
2025-12-23 10:54:00,5.925,5.925,5.925,5.925,8
2025-12-23 10:55:00,5.9299,5.9299,5.92,5.9251,115
2025-12-23 10:56:00,5.925,5.925,5.92,5.925,3
2025-12-23 10:57:00,5.925,5.93,5.9244,5.925,22
2025-12-23 10:58:00,5.92,5.925,5.92,5.925,6
2025-12-23 10:59:00,5.925,5.925,5.915,5.9199,23
2025-12-23 11:00:00,5.915,5.915,5.91,5.915,40
2025-12-23 11:01:00,5.915,5.915,5.915,5.915,2
2025-12-23 11:02:00,5.92,5.92,5.915,5.915,18
2025-12-23 11:03:00,5.915,5.925,5.915,5.9201,31
2025-12-23 11:04:00,5.93,5.93,5.92,5.925,6
2025-12-23 11:05:00,5.925,5.93,5.925,5.93,4
2025-12-23 11:06:00,5.925,5.93,5.925,5.93,14
2025-12-23 11:07:00,5.935,5.935,5.91,5.91,65
2025-12-23 11:08:00,5.915,5.915,5.91,5.91,16
2025-12-23 11:09:00,5.91,5.91,5.905,5.905,4
2025-12-23 11:10:00,5.905,5.915,5.905,5.91,32
2025-12-23 11:11:00,5.905,5.905,5.895,5.9,55
2025-12-23 11:12:00,5.9,5.9,5.89,5.89,17
2025-12-23 11:13:00,5.8944,5.8944,5.8944,5.8944,1
2025-12-23 11:14:00,5.89,5.895,5.89,5.895,6
2025-12-23 11:15:00,5.895,5.905,5.895,5.905,6
2025-12-23 11:16:00,5.9,5.905,5.9,5.905,6
2025-12-23 11:17:00,5.905,5.905,5.905,5.905,2
2025-12-23 11:18:00,5.905,5.91,5.905,5.91,11
2025-12-23 11:19:00,5.915,5.915,5.91,5.91,23
2025-12-23 11:20:00,5.915,5.9187,5.91,5.91,5
2025-12-23 11:21:00,5.915,5.915,5.9144,5.915,5
2025-12-23 11:22:00,5.91,5.915,5.91,5.91,25
2025-12-23 11:23:00,5.905,5.91,5.9,5.91,13
2025-12-23 11:24:00,5.905,5.905,5.9,5.9,4
2025-12-23 11:25:00,5.895,5.895,5.89,5.89,3
2025-12-23 11:26:00,5.89,5.89,5.88,5.885,41
2025-12-23 11:27:00,5.88,5.88,5.87,5.875,28
2025-12-23 11:28:00,5.875,5.885,5.875,5.885,17
2025-12-23 11:29:00,5.885,5.885,5.885,5.885,0
2025-12-23 11:30:00,5.885,5.885,5.885,5.885,5
2025-12-23 11:31:00,5.88,5.88,5.88,5.88,3
2025-12-23 11:32:00,5.875,5.875,5.87,5.875,4
2025-12-23 11:33:00,5.88,5.88,5.875,5.875,14
2025-12-23 11:34:00,5.875,5.875,5.875,5.875,2
2025-12-23 11:35:00,5.875,5.8797,5.875,5.875,8
2025-12-23 11:36:00,5.875,5.875,5.865,5.865,56
2025-12-23 11:37:00,5.865,5.865,5.86,5.865,4
2025-12-23 11:38:00,5.865,5.8686,5.865,5.865,8
2025-12-23 11:39:00,5.865,5.865,5.865,5.865,2
2025-12-23 11:40:00,5.865,5.875,5.865,5.875,31
2025-12-23 11:41:00,5.875,5.875,5.875,5.875,0
2025-12-23 11:42:00,5.88,5.88,5.8799,5.88,15
2025-12-23 11:43:00,5.8745,5.8745,5.8745,5.8745,1
2025-12-23 11:44:00,5.8745,5.8745,5.8745,5.8745,0
2025-12-23 11:45:00,5.875,5.875,5.875,5.875,1
2025-12-23 11:46:00,5.875,5.875,5.875,5.875,31
2025-12-23 11:47:00,5.875,5.875,5.87,5.875,125
2025-12-23 11:48:00,5.87,5.87,5.87,5.87,42
2025-12-23 11:49:00,5.86,5.865,5.86,5.865,17
2025-12-23 11:50:00,5.865,5.865,5.865,5.865,5
2025-12-23 11:51:00,5.865,5.87,5.86,5.87,5
2025-12-23 11:52:00,5.865,5.865,5.865,5.865,3
2025-12-23 11:53:00,5.865,5.865,5.86,5.86,4
2025-12-23 11:54:00,5.865,5.865,5.86,5.865,3
2025-12-23 11:55:00,5.87,5.87,5.865,5.865,5
2025-12-23 11:56:00,5.865,5.87,5.865,5.87,5
2025-12-23 11:57:00,5.865,5.8662,5.8645,5.865,9
2025-12-23 11:58:00,5.865,5.865,5.865,5.865,2
2025-12-23 11:59:00,5.865,5.87,5.865,5.865,4
2025-12-23 12:00:00,5.87,5.87,5.86,5.865,53
2025-12-23 12:01:00,5.865,5.8686,5.864,5.864,15
2025-12-23 12:02:00,5.865,5.8663,5.865,5.865,5
2025-12-23 12:03:00,5.87,5.87,5.865,5.865,10
2025-12-23 12:04:00,5.865,5.865,5.86,5.865,141
2025-12-23 12:05:00,5.86,5.865,5.83,5.83,314
2025-12-23 12:06:00,5.82,5.84,5.82,5.835,143
2025-12-23 12:07:00,5.835,5.835,5.835,5.835,1
2025-12-23 12:08:00,5.835,5.835,5.815,5.815,15
2025-12-23 12:09:00,5.82,5.825,5.82,5.825,24
2025-12-23 12:10:00,5.82,5.82,5.82,5.82,4
2025-12-23 12:11:00,5.82,5.82,5.82,5.82,0
2025-12-23 12:12:00,5.8256,5.8256,5.8256,5.8256,5
2025-12-23 12:13:00,5.8264,5.8264,5.825,5.825,78
2025-12-23 12:14:00,5.83,5.83,5.825,5.825,5
2025-12-23 12:15:00,5.825,5.8299,5.8246,5.8286,9
2025-12-23 12:16:00,5.8246,5.825,5.815,5.815,22
2025-12-23 12:17:00,5.81,5.815,5.81,5.815,2
2025-12-23 12:18:00,5.815,5.825,5.815,5.825,25
2025-12-23 12:19:00,5.8246,5.825,5.8228,5.825,38
2025-12-23 12:20:00,5.8256,5.8256,5.825,5.825,6
2025-12-23 12:21:00,5.82,5.825,5.82,5.825,10
2025-12-23 12:22:00,5.815,5.8199,5.815,5.815,6
2025-12-23 12:23:00,5.815,5.815,5.815,5.815,5
2025-12-23 12:24:00,5.815,5.815,5.815,5.815,4
2025-12-23 12:25:00,5.815,5.8199,5.815,5.815,7
2025-12-23 12:26:00,5.82,5.8265,5.82,5.8265,25
2025-12-23 12:27:00,5.83,5.84,5.825,5.835,56
2025-12-23 12:28:00,5.825,5.825,5.815,5.815,20
2025-12-23 12:29:00,5.82,5.82,5.82,5.82,7
2025-12-23 12:30:00,5.825,5.825,5.825,5.825,3
2025-12-23 12:31:00,5.825,5.825,5.825,5.825,0
2025-12-23 12:32:00,5.8298,5.8298,5.8298,5.8298,1
2025-12-23 12:33:00,5.8298,5.8298,5.8298,5.8298,0
2025-12-23 12:34:00,5.825,5.825,5.825,5.825,4
2025-12-23 12:35:00,5.825,5.825,5.825,5.825,1
2025-12-23 12:36:00,5.825,5.825,5.825,5.825,2
2025-12-23 12:37:00,5.825,5.8299,5.825,5.825,27
2025-12-23 12:38:00,5.825,5.829,5.825,5.829,69
2025-12-23 12:39:00,5.825,5.825,5.825,5.825,2
2025-12-23 12:40:00,5.825,5.825,5.825,5.825,21
2025-12-23 12:41:00,5.825,5.825,5.815,5.815,11
2025-12-23 12:42:00,5.82,5.82,5.82,5.82,39
2025-12-23 12:43:00,5.825,5.8265,5.825,5.8265,11
2025-12-23 12:44:00,5.8258,5.83,5.825,5.83,13
2025-12-23 12:45:00,5.83,5.83,5.825,5.825,6
2025-12-23 12:46:00,5.825,5.84,5.825,5.83,97
2025-12-23 12:47:00,5.825,5.825,5.825,5.825,11
2025-12-23 12:48:00,5.825,5.825,5.825,5.825,2
2025-12-23 12:49:00,5.825,5.825,5.825,5.825,0
2025-12-23 12:50:00,5.825,5.825,5.82,5.82,21
2025-12-23 12:51:00,5.815,5.8199,5.815,5.815,17
2025-12-23 12:52:00,5.8199,5.8199,5.81,5.81,4
2025-12-23 12:53:00,5.8199,5.8199,5.8199,5.8199,5
2025-12-23 12:54:00,5.82,5.82,5.81,5.81,8
2025-12-23 12:55:00,5.815,5.815,5.805,5.805,77
2025-12-23 12:56:00,5.8,5.8,5.795,5.795,139
2025-12-23 12:57:00,5.8,5.8,5.79,5.795,73
2025-12-23 12:58:00,5.7951,5.7951,5.79,5.795,9
2025-12-23 12:59:00,5.795,5.795,5.79,5.795,24
2025-12-23 13:00:00,5.795,5.7963,5.79,5.7963,9
2025-12-23 13:01:00,5.795,5.795,5.79,5.79,18
2025-12-23 13:02:00,5.795,5.795,5.795,5.795,2
2025-12-23 13:03:00,5.79,5.795,5.785,5.795,36
2025-12-23 13:04:00,5.795,5.795,5.795,5.795,0
2025-12-23 13:05:00,5.795,5.7956,5.795,5.7956,2
2025-12-23 13:06:00,5.795,5.8,5.795,5.8,7
2025-12-23 13:07:00,5.795,5.795,5.7944,5.7944,9
2025-12-23 13:08:00,5.795,5.795,5.795,5.795,3
2025-12-23 13:09:00,5.795,5.795,5.795,5.795,1
2025-12-23 13:10:00,5.795,5.795,5.795,5.795,2
2025-12-23 13:11:00,5.795,5.7986,5.795,5.7986,6
2025-12-23 13:12:00,5.795,5.7961,5.795,5.7961,90
2025-12-23 13:13:00,5.7965,5.7965,5.7901,5.7901,24
2025-12-23 13:14:00,5.795,5.815,5.794,5.815,41
2025-12-23 13:15:00,5.815,5.82,5.815,5.82,41
2025-12-23 13:16:00,5.825,5.825,5.82,5.82,19
2025-12-23 13:17:00,5.8109,5.8109,5.8109,5.8109,20
2025-12-23 13:18:00,5.8109,5.8109,5.8109,5.8109,0
2025-12-23 13:19:00,5.8109,5.8109,5.8109,5.8109,0
2025-12-23 13:20:00,5.81,5.81,5.81,5.81,1
2025-12-23 13:21:00,5.82,5.825,5.8101,5.8101,42
2025-12-23 13:22:00,5.815,5.815,5.8145,5.8145,5
2025-12-23 13:23:00,5.815,5.815,5.81,5.815,26
2025-12-23 13:24:00,5.815,5.815,5.815,5.815,2
2025-12-23 13:25:00,5.815,5.815,5.815,5.815,2
2025-12-23 13:26:00,5.815,5.8199,5.815,5.8199,2
2025-12-23 13:27:00,5.815,5.815,5.81,5.815,23
2025-12-23 13:28:00,5.815,5.815,5.815,5.815,1
2025-12-23 13:29:00,5.815,5.815,5.81,5.81,2
2025-12-23 13:30:00,5.815,5.815,5.815,5.815,12
2025-12-23 13:31:00,5.815,5.815,5.81,5.8101,9
2025-12-23 13:32:00,5.815,5.825,5.815,5.825,21
2025-12-23 13:33:00,5.825,5.83,5.82,5.82,23
2025-12-23 13:34:00,5.8245,5.825,5.8245,5.825,3
2025-12-23 13:35:00,5.82,5.82,5.818,5.818,30
2025-12-23 13:36:00,5.81,5.825,5.81,5.82,25
2025-12-23 13:37:00,5.815,5.815,5.815,5.815,5
2025-12-23 13:38:00,5.815,5.815,5.815,5.815,2
2025-12-23 13:39:00,5.82,5.825,5.82,5.825,18
2025-12-23 13:40:00,5.825,5.825,5.82,5.82,15
2025-12-23 13:41:00,5.8299,5.8299,5.825,5.825,2
2025-12-23 13:42:00,5.825,5.825,5.815,5.8164,22
2025-12-23 13:43:00,5.8164,5.8164,5.8164,5.8164,0
2025-12-23 13:44:00,5.815,5.815,5.815,5.815,2
2025-12-23 13:45:00,5.8197,5.8199,5.815,5.815,13
2025-12-23 13:46:00,5.815,5.815,5.815,5.815,2
2025-12-23 13:47:00,5.815,5.825,5.815,5.825,57
2025-12-23 13:48:00,5.825,5.825,5.815,5.815,41
2025-12-23 13:49:00,5.8101,5.818,5.8101,5.818,21
2025-12-23 13:50:00,5.818,5.818,5.818,5.818,0
2025-12-23 13:51:00,5.815,5.815,5.81,5.815,4
2025-12-23 13:52:00,5.815,5.82,5.81,5.82,28
2025-12-23 13:53:00,5.815,5.815,5.815,5.815,33
2025-12-23 13:54:00,5.82,5.82,5.82,5.82,14
2025-12-23 13:55:00,5.815,5.8151,5.815,5.815,4
2025-12-23 13:56:00,5.815,5.815,5.815,5.815,1
2025-12-23 13:57:00,5.8197,5.8197,5.815,5.815,3
2025-12-23 13:58:00,5.815,5.815,5.81,5.815,13
2025-12-23 13:59:00,5.815,5.815,5.81,5.8101,25
2025-12-23 14:00:00,5.8101,5.8101,5.8101,5.8101,0
2025-12-23 14:01:00,5.81,5.815,5.81,5.815,2
2025-12-23 14:02:00,5.815,5.82,5.81,5.82,25
2025-12-23 14:03:00,5.815,5.815,5.81,5.815,9
2025-12-23 14:04:00,5.81,5.825,5.81,5.825,82
2025-12-23 14:05:00,5.8258,5.8258,5.815,5.815,33
2025-12-23 14:06:00,5.815,5.815,5.815,5.815,4
2025-12-23 14:07:00,5.815,5.815,5.815,5.815,15
2025-12-23 14:08:00,5.815,5.815,5.815,5.815,1
2025-12-23 14:09:00,5.815,5.815,5.815,5.815,1
2025-12-23 14:10:00,5.815,5.815,5.805,5.805,23
2025-12-23 14:11:00,5.805,5.805,5.805,5.805,1
2025-12-23 14:12:00,5.805,5.805,5.805,5.805,1
2025-12-23 14:13:00,5.805,5.805,5.8,5.805,6
2025-12-23 14:14:00,5.805,5.805,5.8,5.805,16
2025-12-23 14:15:00,5.8,5.8056,5.8,5.805,7
2025-12-23 14:16:00,5.8,5.805,5.8,5.805,12
2025-12-23 14:17:00,5.8,5.805,5.79,5.795,221
2025-12-23 14:18:00,5.79,5.795,5.79,5.795,6
2025-12-23 14:19:00,5.79,5.795,5.79,5.79,18
2025-12-23 14:20:00,5.795,5.795,5.79,5.79,19
2025-12-23 14:21:00,5.79,5.795,5.79,5.79,14
2025-12-23 14:22:00,5.8,5.8,5.79,5.79,15
2025-12-23 14:23:00,5.79,5.79,5.79,5.79,15
2025-12-23 14:24:00,5.79,5.8,5.79,5.79,8
2025-12-23 14:25:00,5.79,5.79,5.78,5.79,63
2025-12-23 14:26:00,5.79,5.79,5.79,5.79,12
2025-12-23 14:27:00,5.79,5.79,5.79,5.79,0
2025-12-23 14:28:00,5.79,5.79,5.79,5.79,0
2025-12-23 14:29:00,5.8,5.8,5.8,5.8,10
2025-12-23 14:30:00,5.79,5.7956,5.79,5.7948,25
2025-12-23 14:31:00,5.795,5.795,5.79,5.79,2
2025-12-23 14:32:00,5.795,5.795,5.79,5.795,8
2025-12-23 14:33:00,5.795,5.795,5.79,5.795,69
2025-12-23 14:34:00,5.79,5.795,5.79,5.795,6
2025-12-23 14:35:00,5.79,5.795,5.79,5.79,12
2025-12-23 14:36:00,5.8,5.815,5.8,5.8138,83
2025-12-23 14:37:00,5.815,5.815,5.81,5.81,9
2025-12-23 14:38:00,5.815,5.815,5.815,5.815,2
2025-12-23 14:39:00,5.81,5.815,5.81,5.815,11
2025-12-23 14:40:00,5.81,5.815,5.81,5.81,23
2025-12-23 14:41:00,5.81,5.81,5.8,5.8,16
2025-12-23 14:42:00,5.808,5.81,5.808,5.81,52
2025-12-23 14:43:00,5.81,5.81,5.81,5.81,1
2025-12-23 14:44:00,5.815,5.815,5.815,5.815,1
2025-12-23 14:45:00,5.815,5.815,5.815,5.815,0
2025-12-23 14:46:00,5.815,5.8197,5.815,5.8156,16
2025-12-23 14:47:00,5.815,5.815,5.815,5.815,6
2025-12-23 14:48:00,5.82,5.82,5.82,5.82,74
2025-12-23 14:49:00,5.82,5.82,5.82,5.82,0
2025-12-23 14:50:00,5.83,5.835,5.83,5.835,21
2025-12-23 14:51:00,5.835,5.835,5.835,5.835,1
2025-12-23 14:52:00,5.84,5.84,5.84,5.84,5
2025-12-23 14:53:00,5.84,5.84,5.84,5.84,0
2025-12-23 14:54:00,5.83,5.835,5.83,5.83,10
2025-12-23 14:55:00,5.837,5.8399,5.837,5.8399,13
2025-12-23 14:56:00,5.84,5.845,5.84,5.845,54
2025-12-23 14:57:00,5.845,5.845,5.84,5.84,35
2025-12-23 14:58:00,5.835,5.835,5.835,5.835,1
2025-12-23 14:59:00,5.835,5.835,5.835,5.835,0
2025-12-23 15:00:00,5.835,5.835,5.835,5.835,5
2025-12-23 15:01:00,5.835,5.8399,5.835,5.8399,60
2025-12-23 15:02:00,5.835,5.8368,5.8339,5.8368,8
2025-12-23 15:03:00,5.835,5.8366,5.83,5.8366,14
2025-12-23 15:04:00,5.83,5.83,5.83,5.83,2
2025-12-23 15:05:00,5.83,5.83,5.83,5.83,3
2025-12-23 15:06:00,5.83,5.835,5.83,5.83,7
2025-12-23 15:07:00,5.835,5.8399,5.83,5.835,8
2025-12-23 15:08:00,5.835,5.835,5.83,5.83,11
2025-12-23 15:09:00,5.83,5.83,5.83,5.83,5
2025-12-23 15:10:00,5.83,5.835,5.83,5.83,9
2025-12-23 15:11:00,5.83,5.83,5.825,5.825,51
2025-12-23 15:12:00,5.825,5.825,5.82,5.82,10
2025-12-23 15:13:00,5.82,5.825,5.82,5.825,6
2025-12-23 15:14:00,5.82,5.825,5.82,5.82,6
2025-12-23 15:15:00,5.82,5.82,5.82,5.82,3
2025-12-23 15:16:00,5.82,5.82,5.81,5.815,20
2025-12-23 15:17:00,5.815,5.8155,5.81,5.81,9
2025-12-23 15:18:00,5.81,5.815,5.81,5.815,15
2025-12-23 15:19:00,5.8101,5.815,5.81,5.815,25
2025-12-23 15:20:00,5.81,5.815,5.81,5.81,23
2025-12-23 15:21:00,5.81,5.815,5.805,5.805,36
2025-12-23 15:22:00,5.805,5.805,5.8,5.8,34
2025-12-23 15:23:00,5.805,5.805,5.8,5.8,8
2025-12-23 15:24:00,5.8,5.8,5.8,5.8,5
2025-12-23 15:25:00,5.8,5.8064,5.8,5.8,24
2025-12-23 15:26:00,5.8,5.8,5.8,5.8,6
2025-12-23 15:27:00,5.8,5.8,5.79,5.795,40
2025-12-23 15:28:00,5.79,5.83,5.79,5.825,372
2025-12-23 15:29:00,5.8275,5.8275,5.825,5.825,10
2025-12-23 15:30:00,5.82,5.825,5.82,5.825,26
2025-12-23 15:31:00,5.825,5.8256,5.82,5.825,9
2025-12-23 15:32:00,5.82,5.82,5.82,5.82,3
2025-12-23 15:33:00,5.82,5.825,5.82,5.825,8
2025-12-23 15:34:00,5.82,5.825,5.82,5.82,6
2025-12-23 15:35:00,5.825,5.825,5.82,5.825,12
2025-12-23 15:36:00,5.82,5.835,5.82,5.835,147
2025-12-23 15:37:00,5.835,5.835,5.835,5.835,3
2025-12-23 15:38:00,5.835,5.835,5.835,5.835,11
2025-12-23 15:39:00,5.835,5.84,5.83,5.835,19
2025-12-23 15:40:00,5.835,5.835,5.83,5.83,6
2025-12-23 15:41:00,5.83,5.8356,5.83,5.835,7
2025-12-23 15:42:00,5.835,5.865,5.83,5.865,362
2025-12-23 15:43:00,5.865,5.865,5.865,5.865,9
2025-12-23 15:44:00,5.86,5.865,5.86,5.865,18
2025-12-23 15:45:00,5.86,5.865,5.86,5.865,6
2025-12-23 15:46:00,5.865,5.865,5.865,5.865,14
2025-12-23 15:47:00,5.865,5.865,5.86,5.865,18
2025-12-23 15:48:00,5.865,5.865,5.85,5.85,81
2025-12-23 15:49:00,5.85,5.855,5.85,5.85,9
2025-12-23 15:50:00,5.855,5.855,5.834,5.835,122
2025-12-23 15:51:00,5.835,5.835,5.835,5.835,9
2025-12-23 15:52:00,5.835,5.845,5.815,5.83,801
2025-12-23 15:53:00,5.83,5.835,5.825,5.825,62
2025-12-23 15:54:00,5.825,5.825,5.82,5.82,15
2025-12-23 15:55:00,5.825,5.845,5.825,5.835,129
2025-12-23 15:56:00,5.835,5.835,5.83,5.83,38
2025-12-23 15:57:00,5.835,5.835,5.83,5.835,58
2025-12-23 15:58:00,5.83,5.85,5.825,5.845,460
2025-12-23 15:59:00,5.845,5.88,5.845,5.875,620
2025-12-24 09:30:00,5.88,5.9,5.88,5.88,89
2025-12-24 09:31:00,5.89,5.9,5.875,5.88,9
2025-12-24 09:32:00,5.88,5.88,5.875,5.875,7
2025-12-24 09:33:00,5.88,5.88,5.875,5.875,11
2025-12-24 09:34:00,5.87,5.87,5.86,5.86,127
2025-12-24 09:35:00,5.865,5.87,5.86,5.86,8
2025-12-24 09:36:00,5.86,5.86,5.84,5.84,29
2025-12-24 09:37:00,5.84,5.84,5.84,5.84,9
2025-12-24 09:38:00,5.84,5.8491,5.84,5.84,21
2025-12-24 09:39:00,5.84,5.855,5.84,5.855,8
2025-12-24 09:40:00,5.855,5.875,5.855,5.87,30
2025-12-24 09:41:00,5.87,5.87,5.87,5.87,1
2025-12-24 09:42:00,5.87,5.88,5.86,5.88,37
2025-12-24 09:43:00,5.88,5.89,5.8701,5.8701,19
2025-12-24 09:44:00,5.88,5.88,5.88,5.88,1
2025-12-24 09:45:00,5.89,5.89,5.89,5.89,5
2025-12-24 09:46:00,5.89,5.89,5.88,5.88,11
2025-12-24 09:47:00,5.88,5.89,5.88,5.89,20
2025-12-24 09:48:00,5.9,5.91,5.8943,5.8943,48
2025-12-24 09:49:00,5.9,5.91,5.9,5.905,11
2025-12-24 09:50:00,5.905,5.915,5.9,5.91,45
2025-12-24 09:51:00,5.92,5.92,5.92,5.92,11
2025-12-24 09:52:00,5.93,5.93,5.915,5.915,31
2025-12-24 09:53:00,5.9115,5.9115,5.905,5.905,34
2025-12-24 09:54:00,5.9,5.905,5.9,5.9,15
2025-12-24 09:55:00,5.9,5.905,5.9,5.905,2
2025-12-24 09:56:00,5.905,5.905,5.88,5.88,46
2025-12-24 09:57:00,5.88,5.88,5.865,5.875,39
2025-12-24 09:58:00,5.88,5.88,5.87,5.87,9
2025-12-24 09:59:00,5.875,5.875,5.865,5.865,42
2025-12-24 10:00:00,5.86,5.88,5.86,5.88,24
2025-12-24 10:01:00,5.89,5.9,5.89,5.89,103
2025-12-24 10:02:00,5.89,5.89,5.89,5.89,0
2025-12-24 10:03:00,5.89,5.89,5.885,5.885,7
2025-12-24 10:04:00,5.8844,5.8844,5.8745,5.8745,38
2025-12-24 10:05:00,5.875,5.875,5.875,5.875,5
2025-12-24 10:06:00,5.875,5.8777,5.87,5.87,16
2025-12-24 10:07:00,5.87,5.87,5.865,5.865,3
2025-12-24 10:08:00,5.8601,5.865,5.86,5.865,28
2025-12-24 10:09:00,5.865,5.915,5.865,5.915,65
2025-12-24 10:10:00,5.915,5.915,5.89,5.89,34
2025-12-24 10:11:00,5.89,5.89,5.89,5.89,2
2025-12-24 10:12:00,5.885,5.905,5.885,5.905,334
2025-12-24 10:13:00,5.905,5.905,5.905,5.905,2
2025-12-24 10:14:00,5.91,5.92,5.91,5.92,11
2025-12-24 10:15:00,5.92,5.95,5.915,5.94,115
2025-12-24 10:16:00,5.94,5.94,5.94,5.94,0
2025-12-24 10:17:00,5.94,5.945,5.935,5.935,17
2025-12-24 10:18:00,5.9351,5.9461,5.9351,5.94,62
2025-12-24 10:19:00,5.945,5.955,5.945,5.9538,129
2025-12-24 10:20:00,5.955,5.9656,5.955,5.955,32
2025-12-24 10:21:00,5.96,5.964,5.955,5.955,14
2025-12-24 10:22:00,5.955,5.955,5.955,5.955,2
2025-12-24 10:23:00,5.95,5.955,5.95,5.95,14
2025-12-24 10:24:00,5.955,5.9588,5.95,5.9525,43
2025-12-24 10:25:00,5.96,5.97,5.955,5.97,44
2025-12-24 10:26:00,5.965,5.98,5.965,5.9701,37
2025-12-24 10:27:00,5.98,5.98,5.975,5.975,3
2025-12-24 10:28:00,5.975,5.98,5.975,5.975,4
2025-12-24 10:29:00,5.975,5.975,5.9736,5.975,8
2025-12-24 10:30:00,5.97,5.98,5.97,5.975,20
2025-12-24 10:31:00,5.975,5.975,5.97,5.975,153
2025-12-24 10:32:00,5.972,5.98,5.9714,5.9714,17
2025-12-24 10:33:00,5.98,5.995,5.98,5.9901,66
2025-12-24 10:34:00,5.99,5.995,5.975,5.985,118
2025-12-24 10:35:00,5.98,5.98,5.974,5.975,8
2025-12-24 10:36:00,5.975,5.985,5.97,5.97,139
2025-12-24 10:37:00,5.9671,5.9671,5.965,5.965,2
2025-12-24 10:38:00,5.965,5.965,5.965,5.965,0
2025-12-24 10:39:00,5.965,5.965,5.9614,5.965,15
2025-12-24 10:40:00,5.965,5.965,5.96,5.965,28
2025-12-24 10:41:00,5.96,5.965,5.96,5.965,8
2025-12-24 10:42:00,5.965,5.97,5.96,5.9681,8
2025-12-24 10:43:00,5.965,5.965,5.96,5.965,6
2025-12-24 10:44:00,5.965,5.975,5.9601,5.975,60
2025-12-24 10:45:00,5.975,5.975,5.975,5.975,4
2025-12-24 10:46:00,5.97,5.98,5.97,5.978,14
2025-12-24 10:47:00,5.97,5.9744,5.97,5.9744,4
2025-12-24 10:48:00,5.97,5.9899,5.97,5.985,37
2025-12-24 10:49:00,5.985,5.99,5.985,5.99,14
2025-12-24 10:50:00,5.985,5.995,5.985,5.99,29
2025-12-24 10:51:00,6.0,6.0,5.995,5.995,44
2025-12-24 10:52:00,5.995,5.995,5.995,5.995,3
2025-12-24 10:53:00,5.9901,5.9908,5.9843,5.985,69
2025-12-24 10:54:00,5.98,5.99,5.98,5.99,37
2025-12-24 10:55:00,5.9845,5.99,5.98,5.985,38
2025-12-24 10:56:00,5.985,5.985,5.98,5.98,12
2025-12-24 10:57:00,5.97,5.97,5.97,5.97,1
2025-12-24 10:58:00,5.975,5.975,5.975,5.975,1
2025-12-24 10:59:00,5.9744,5.975,5.9744,5.975,14
2025-12-24 11:00:00,5.98,5.98,5.975,5.975,27
2025-12-24 11:01:00,5.975,5.975,5.975,5.975,3
2025-12-24 11:02:00,5.975,5.98,5.975,5.98,4
2025-12-24 11:03:00,5.975,5.98,5.975,5.98,4
2025-12-24 11:04:00,5.975,5.975,5.975,5.975,8
2025-12-24 11:05:00,5.97,5.975,5.97,5.975,6
2025-12-24 11:06:00,5.9714,5.9714,5.9714,5.9714,5
2025-12-24 11:07:00,5.975,5.975,5.975,5.975,3
2025-12-24 11:08:00,5.975,5.975,5.975,5.975,3
2025-12-24 11:09:00,5.97,5.975,5.965,5.9675,41
2025-12-24 11:10:00,5.965,5.9675,5.96,5.96,3
2025-12-24 11:11:00,5.96,5.97,5.95,5.955,10
2025-12-24 11:12:00,5.95,5.955,5.95,5.9544,15
2025-12-24 11:13:00,5.95,5.965,5.95,5.965,29
2025-12-24 11:14:00,5.96,5.97,5.96,5.97,186
2025-12-24 11:15:00,5.97,5.985,5.97,5.985,17
2025-12-24 11:16:00,5.99,5.99,5.9823,5.9823,17
2025-12-24 11:17:00,5.99,5.99,5.985,5.985,2
2025-12-24 11:18:00,5.9844,5.995,5.9844,5.995,27
2025-12-24 11:19:00,5.995,5.995,5.995,5.995,0
2025-12-24 11:20:00,5.99,5.995,5.99,5.995,9
2025-12-24 11:21:00,5.995,5.995,5.99,5.99,2
2025-12-24 11:22:00,5.99,5.99,5.98,5.98,20
2025-12-24 11:23:00,5.99,6.02,5.99,6.01,363
2025-12-24 11:24:00,6.015,6.03,6.015,6.015,285
2025-12-24 11:25:00,6.01,6.01,6.01,6.01,1
2025-12-24 11:26:00,6.015,6.025,6.015,6.025,51
2025-12-24 11:27:00,6.025,6.025,6.0223,6.0223,12
2025-12-24 11:28:00,6.025,6.025,6.015,6.015,28
2025-12-24 11:29:00,6.0114,6.0199,6.01,6.01,19
2025-12-24 11:30:00,6.015,6.015,6.01,6.01,14
2025-12-24 11:31:00,6.01,6.01,6.01,6.01,2
2025-12-24 11:32:00,6.01,6.01,6.01,6.01,1
2025-12-24 11:33:00,6.01,6.01,6.0,6.0,136
2025-12-24 11:34:00,6.005,6.005,6.0,6.0,9
2025-12-24 11:35:00,6.0,6.0,5.995,5.995,18
2025-12-24 11:36:00,5.99,5.995,5.985,5.995,64
2025-12-24 11:37:00,6.0,6.0256,6.0,6.0187,143
2025-12-24 11:38:00,6.015,6.045,6.01,6.0399,139
2025-12-24 11:39:00,6.04,6.045,6.04,6.045,54
2025-12-24 11:40:00,6.045,6.05,6.04,6.04,39
2025-12-24 11:41:00,6.04,6.045,6.02,6.02,27
2025-12-24 11:42:00,6.02,6.02,6.015,6.015,14
2025-12-24 11:43:00,6.015,6.02,6.015,6.015,52
2025-12-24 11:44:00,6.015,6.025,6.015,6.02,23
2025-12-24 11:45:00,6.025,6.025,6.02,6.02,36
2025-12-24 11:46:00,6.025,6.025,6.015,6.015,36
2025-12-24 11:47:00,6.0144,6.015,6.01,6.015,35
2025-12-24 11:48:00,6.015,6.015,6.005,6.015,75
2025-12-24 11:49:00,6.015,6.015,6.015,6.015,1
2025-12-24 11:50:00,6.02,6.02,6.015,6.015,96
2025-12-24 11:51:00,6.01,6.01,6.005,6.01,5
2025-12-24 11:52:00,6.01,6.01,6.005,6.01,14
2025-12-24 11:53:00,6.005,6.005,6.005,6.005,2
2025-12-24 11:54:00,6.005,6.005,6.0,6.005,36
2025-12-24 11:55:00,6.005,6.005,6.005,6.005,0
2025-12-24 11:56:00,6.005,6.005,5.99,5.995,98
2025-12-24 11:57:00,5.9963,6.0,5.9963,6.0,12
2025-12-24 11:58:00,6.0,6.005,6.0,6.005,36
2025-12-24 11:59:00,6.005,6.015,6.005,6.01,18
2025-12-24 12:00:00,6.015,6.015,6.0101,6.015,56
2025-12-24 12:01:00,6.015,6.015,6.015,6.015,1
2025-12-24 12:02:00,6.015,6.015,6.015,6.015,0
2025-12-24 12:03:00,6.014,6.0199,6.01,6.0101,30
2025-12-24 12:04:00,6.01,6.01,6.01,6.01,6
2025-12-24 12:05:00,6.005,6.005,6.005,6.005,6
2025-12-24 12:06:00,6.005,6.005,6.0,6.0,8
2025-12-24 12:07:00,6.0,6.005,5.995,5.995,4
2025-12-24 12:08:00,5.995,5.995,5.995,5.995,1
2025-12-24 12:09:00,5.995,5.995,5.995,5.995,7
2025-12-24 12:10:00,5.99,5.995,5.99,5.995,3
2025-12-24 12:11:00,5.99,5.995,5.99,5.995,50
2025-12-24 12:12:00,5.995,5.995,5.9935,5.9935,2
2025-12-24 12:13:00,5.995,5.995,5.993,5.993,6
2025-12-24 12:14:00,5.99,5.995,5.985,5.995,38
2025-12-24 12:15:00,5.995,5.995,5.995,5.995,5
2025-12-24 12:16:00,5.995,5.995,5.99,5.99,3
2025-12-24 12:17:00,5.995,5.9999,5.99,5.9999,23
2025-12-24 12:18:00,5.995,6.0,5.995,6.0,9
2025-12-24 12:19:00,6.0,6.005,6.0,6.0,232
2025-12-24 12:20:00,5.995,6.005,5.995,6.005,111
2025-12-24 12:21:00,6.01,6.015,6.01,6.015,50
2025-12-24 12:22:00,6.015,6.015,6.015,6.015,12
2025-12-24 12:23:00,6.01,6.01,6.0,6.0003,140
2025-12-24 12:24:00,6.005,6.005,6.005,6.005,9
2025-12-24 12:25:00,6.01,6.015,6.01,6.015,20
2025-12-24 12:26:00,6.015,6.02,6.015,6.02,8
2025-12-24 12:27:00,6.015,6.015,6.015,6.015,5
2025-12-24 12:28:00,6.01,6.01,6.01,6.01,1
2025-12-24 12:29:00,6.015,6.015,6.015,6.015,1
2025-12-24 12:30:00,6.015,6.015,6.0128,6.015,3
2025-12-24 12:31:00,6.02,6.025,6.02,6.025,84
2025-12-24 12:32:00,6.025,6.025,6.025,6.025,5
2025-12-24 12:33:00,6.0222,6.03,6.0222,6.025,20
2025-12-24 12:34:00,6.025,6.025,6.025,6.025,1
2025-12-24 12:35:00,6.0244,6.025,6.0201,6.025,25
2025-12-24 12:36:00,6.026,6.026,6.025,6.025,10
2025-12-24 12:37:00,6.025,6.025,6.025,6.025,13
2025-12-24 12:38:00,6.025,6.025,6.025,6.025,7
2025-12-24 12:39:00,6.025,6.025,6.015,6.025,75
2025-12-24 12:40:00,6.025,6.025,6.015,6.015,22
2025-12-24 12:41:00,6.015,6.015,6.015,6.015,0
2025-12-24 12:42:00,6.015,6.015,6.015,6.015,0
2025-12-24 12:43:00,6.015,6.015,6.005,6.005,22
2025-12-24 12:44:00,6.0001,6.0001,5.99,5.995,83
2025-12-24 12:45:00,5.9927,5.9962,5.9927,5.995,20
2025-12-24 12:46:00,5.99,5.995,5.99,5.995,28
2025-12-24 12:47:00,5.995,5.995,5.99,5.99,4
2025-12-24 12:48:00,5.99,5.99,5.985,5.985,17
2025-12-24 12:49:00,5.98,5.98,5.945,5.955,510
2025-12-24 12:50:00,5.955,5.955,5.935,5.935,152
2025-12-24 12:51:00,5.935,5.935,5.935,5.935,18
2025-12-24 12:52:00,5.935,5.955,5.935,5.955,65
2025-12-24 12:53:00,5.955,5.965,5.955,5.965,83
2025-12-24 12:54:00,5.965,5.97,5.96,5.97,59
2025-12-24 12:55:00,5.975,5.975,5.96,5.965,52
2025-12-24 12:56:00,5.965,5.98,5.965,5.975,85
2025-12-24 12:57:00,5.975,5.985,5.975,5.975,90
2025-12-24 12:58:00,5.97,5.985,5.97,5.98,109
2025-12-24 12:59:00,5.985,5.985,5.97,5.975,136
2025-12-26 09:30:00,6.0,6.0499,5.88,5.895,278
2025-12-26 09:31:00,5.88,5.91,5.86,5.9,36
2025-12-26 09:32:00,5.9,5.9176,5.89,5.91,29
2025-12-26 09:33:00,5.91,5.9176,5.91,5.91,10
2025-12-26 09:34:00,5.91,5.91,5.895,5.895,17
2025-12-26 09:35:00,5.895,5.895,5.88,5.895,13
2025-12-26 09:36:00,5.9,5.9,5.87,5.88,46
2025-12-26 09:37:00,5.88,5.88,5.87,5.8739,40
2025-12-26 09:38:00,5.875,5.9,5.875,5.885,47
2025-12-26 09:39:00,5.88,5.88,5.845,5.85,257
2025-12-26 09:40:00,5.855,5.855,5.84,5.84,53
2025-12-26 09:41:00,5.84,5.87,5.835,5.87,102
2025-12-26 09:42:00,5.865,5.8799,5.865,5.865,31
2025-12-26 09:43:00,5.865,5.895,5.8601,5.874,238
2025-12-26 09:44:00,5.87,5.88,5.86,5.87,17
2025-12-26 09:45:00,5.865,5.87,5.85,5.85,94
2025-12-26 09:46:00,5.86,5.87,5.85,5.85,42
2025-12-26 09:47:00,5.85,5.865,5.85,5.865,40
2025-12-26 09:48:00,5.8588,5.86,5.8588,5.86,11
2025-12-26 09:49:00,5.8588,5.8588,5.85,5.8586,40
2025-12-26 09:50:00,5.85,5.855,5.85,5.855,23
2025-12-26 09:51:00,5.85,5.87,5.85,5.87,38
2025-12-26 09:52:00,5.865,5.88,5.865,5.88,38
2025-12-26 09:53:00,5.875,5.8762,5.865,5.865,7
2025-12-26 09:54:00,5.8664,5.8664,5.865,5.865,5
2025-12-26 09:55:00,5.865,5.865,5.865,5.865,8
2025-12-26 09:56:00,5.865,5.865,5.86,5.86,8
2025-12-26 09:57:00,5.865,5.865,5.86,5.865,14
2025-12-26 09:58:00,5.865,5.8786,5.86,5.865,47
2025-12-26 09:59:00,5.87,5.87,5.8601,5.865,54
2025-12-26 10:00:00,5.86,5.86,5.84,5.84,119
2025-12-26 10:01:00,5.845,5.865,5.845,5.865,68
2025-12-26 10:02:00,5.8686,5.8686,5.855,5.865,27
2025-12-26 10:03:00,5.865,5.8664,5.865,5.8664,4
2025-12-26 10:04:00,5.865,5.8699,5.865,5.8699,28
2025-12-26 10:05:00,5.865,5.875,5.865,5.875,78
2025-12-26 10:06:00,5.875,5.875,5.87,5.875,6
2025-12-26 10:07:00,5.8799,5.885,5.875,5.8845,53
2025-12-26 10:08:00,5.885,5.885,5.88,5.88,16
2025-12-26 10:09:00,5.885,5.885,5.885,5.885,5
2025-12-26 10:10:00,5.885,5.885,5.86,5.885,79
2025-12-26 10:11:00,5.885,5.8862,5.88,5.885,10
2025-12-26 10:12:00,5.8845,5.885,5.8845,5.885,6
2025-12-26 10:13:00,5.885,5.91,5.88,5.905,61
2025-12-26 10:14:00,5.905,5.905,5.895,5.895,53
2025-12-26 10:15:00,5.895,5.9074,5.895,5.9055,38
2025-12-26 10:16:00,5.91,5.925,5.91,5.92,206
2025-12-26 10:17:00,5.915,5.92,5.915,5.915,22
2025-12-26 10:18:00,5.92,5.945,5.92,5.94,27
2025-12-26 10:19:00,5.935,5.94,5.935,5.935,6
2025-12-26 10:20:00,5.935,5.935,5.915,5.92,50
2025-12-26 10:21:00,5.925,5.93,5.925,5.925,48
2025-12-26 10:22:00,5.925,5.9271,5.92,5.9225,116
2025-12-26 10:23:00,5.925,5.925,5.925,5.925,12
2025-12-26 10:24:00,5.925,5.925,5.915,5.915,24
2025-12-26 10:25:00,5.915,5.9162,5.91,5.9151,24
2025-12-26 10:26:00,5.915,5.915,5.91,5.915,17
2025-12-26 10:27:00,5.915,5.915,5.91,5.915,9
2025-12-26 10:28:00,5.915,5.925,5.91,5.915,63
2025-12-26 10:29:00,5.915,5.93,5.915,5.925,55
2025-12-26 10:30:00,5.92,5.925,5.915,5.9171,42
2025-12-26 10:31:00,5.915,5.92,5.915,5.915,65
2025-12-26 10:32:00,5.915,5.915,5.915,5.915,11
2025-12-26 10:33:00,5.915,5.92,5.915,5.915,6
2025-12-26 10:34:00,5.915,5.915,5.915,5.915,11
2025-12-26 10:35:00,5.91,5.915,5.91,5.91,9
2025-12-26 10:36:00,5.915,5.915,5.91,5.915,12
2025-12-26 10:37:00,5.915,5.92,5.915,5.92,8
2025-12-26 10:38:00,5.916,5.9199,5.91,5.91,158
2025-12-26 10:39:00,5.91,5.9168,5.9,5.9,44
2025-12-26 10:40:00,5.905,5.905,5.9,5.9,8
2025-12-26 10:41:00,5.9062,5.915,5.905,5.915,118
2025-12-26 10:42:00,5.915,5.915,5.915,5.915,1
2025-12-26 10:43:00,5.915,5.92,5.915,5.92,6
2025-12-26 10:44:00,5.9175,5.9175,5.91,5.91,9
2025-12-26 10:45:00,5.915,5.925,5.915,5.925,89
2025-12-26 10:46:00,5.925,5.94,5.925,5.935,14
2025-12-26 10:47:00,5.9382,5.9382,5.935,5.935,15
2025-12-26 10:48:00,5.935,5.94,5.935,5.94,10
2025-12-26 10:49:00,5.945,5.955,5.9439,5.95,35
2025-12-26 10:50:00,5.95,5.95,5.945,5.945,5
2025-12-26 10:51:00,5.94,5.95,5.94,5.95,14
2025-12-26 10:52:00,5.945,5.945,5.935,5.94,67
2025-12-26 10:53:00,5.945,5.95,5.945,5.945,24
2025-12-26 10:54:00,5.9456,5.9597,5.9456,5.955,184
2025-12-26 10:55:00,5.955,5.955,5.955,5.955,1
2025-12-26 10:56:00,5.955,5.955,5.9532,5.955,9
2025-12-26 10:57:00,5.96,5.965,5.955,5.965,47
2025-12-26 10:58:00,5.965,5.965,5.955,5.955,20
2025-12-26 10:59:00,5.95,5.95,5.94,5.95,95
2025-12-26 11:00:00,5.955,5.955,5.955,5.955,2
2025-12-26 11:01:00,5.955,5.955,5.95,5.95,4
2025-12-26 11:02:00,5.955,5.9598,5.95,5.9598,6
2025-12-26 11:03:00,5.95,5.955,5.95,5.95,16
2025-12-26 11:04:00,5.95,5.9538,5.95,5.95,5
2025-12-26 11:05:00,5.955,5.955,5.95,5.95,9
2025-12-26 11:06:00,5.95,5.955,5.95,5.955,23
2025-12-26 11:07:00,5.955,5.955,5.955,5.955,4
2025-12-26 11:08:00,5.955,5.97,5.95,5.96,96
2025-12-26 11:09:00,5.955,5.965,5.955,5.965,13
2025-12-26 11:10:00,5.965,5.965,5.965,5.965,1
2025-12-26 11:11:00,5.965,5.965,5.96,5.96,15
2025-12-26 11:12:00,5.96,5.96,5.955,5.955,26
2025-12-26 11:13:00,5.955,5.955,5.955,5.955,3
2025-12-26 11:14:00,5.955,5.955,5.9545,5.9545,6
2025-12-26 11:15:00,5.955,5.955,5.95,5.955,16
2025-12-26 11:16:00,5.96,5.965,5.955,5.965,59
2025-12-26 11:17:00,5.97,5.97,5.965,5.965,56
2025-12-26 11:18:00,5.965,5.965,5.965,5.965,1
2025-12-26 11:19:00,5.965,5.965,5.965,5.965,4
2025-12-26 11:20:00,5.96,5.975,5.96,5.97,32
2025-12-26 11:21:00,5.97,5.975,5.97,5.975,8
2025-12-26 11:22:00,5.975,5.9777,5.97,5.975,19
2025-12-26 11:23:00,5.975,5.975,5.975,5.975,5
2025-12-26 11:24:00,5.975,5.975,5.975,5.975,2
2025-12-26 11:25:00,5.975,5.9786,5.975,5.975,4
2025-12-26 11:26:00,5.975,5.975,5.975,5.975,3
2025-12-26 11:27:00,5.975,5.975,5.975,5.975,5
2025-12-26 11:28:00,5.975,5.975,5.97,5.9744,53
2025-12-26 11:29:00,5.975,5.975,5.97,5.975,4
2025-12-26 11:30:00,5.9774,5.9774,5.97,5.975,9
2025-12-26 11:31:00,5.975,5.985,5.975,5.985,48
2025-12-26 11:32:00,5.985,5.985,5.9801,5.985,17
2025-12-26 11:33:00,5.985,5.995,5.985,5.99,200
2025-12-26 11:34:00,5.9856,5.9856,5.97,5.975,80
2025-12-26 11:35:00,5.975,5.985,5.975,5.985,18
2025-12-26 11:36:00,5.985,6.0,5.985,6.0,48
2025-12-26 11:37:00,6.0,6.005,5.995,6.005,136
2025-12-26 11:38:00,6.0001,6.005,5.99,5.995,83
2025-12-26 11:39:00,5.995,5.9999,5.995,5.9999,11
2025-12-26 11:40:00,5.99,5.9964,5.99,5.995,13
2025-12-26 11:41:00,5.995,5.995,5.99,5.99,13
2025-12-26 11:42:00,5.99,5.99,5.985,5.985,15
2025-12-26 11:43:00,5.985,5.9862,5.98,5.985,28
2025-12-26 11:44:00,5.985,5.985,5.985,5.985,12
2025-12-26 11:45:00,5.9875,5.9875,5.98,5.98,6
2025-12-26 11:46:00,5.98,5.98,5.98,5.98,12
2025-12-26 11:47:00,5.98,5.98,5.97,5.975,26
2025-12-26 11:48:00,5.975,5.985,5.975,5.985,42
2025-12-26 11:49:00,5.985,5.985,5.985,5.985,3
2025-12-26 11:50:00,5.98,5.985,5.975,5.985,29
2025-12-26 11:51:00,5.9876,5.9876,5.9838,5.9838,57
2025-12-26 11:52:00,5.99,5.995,5.99,5.995,19
2025-12-26 11:53:00,5.995,5.995,5.995,5.995,2
2025-12-26 11:54:00,5.995,5.995,5.995,5.995,8
2025-12-26 11:55:00,5.995,6.0,5.995,5.995,28
2025-12-26 11:56:00,5.995,5.995,5.9901,5.995,14
2025-12-26 11:57:00,6.0,6.0,5.995,5.995,34
2025-12-26 11:58:00,5.995,5.995,5.995,5.995,9
2025-12-26 11:59:00,5.995,5.995,5.985,5.985,55
2025-12-26 12:00:00,5.985,5.995,5.985,5.995,14
2025-12-26 12:01:00,5.995,5.9993,5.995,5.9993,3
2025-12-26 12:02:00,5.995,5.995,5.995,5.995,2
2025-12-26 12:03:00,5.995,5.995,5.995,5.995,11
2025-12-26 12:04:00,5.995,5.995,5.995,5.995,2
2025-12-26 12:05:00,5.995,5.995,5.995,5.995,2
2025-12-26 12:06:00,5.995,5.995,5.995,5.995,1
2025-12-26 12:07:00,5.995,5.995,5.995,5.995,3
2025-12-26 12:08:00,5.995,5.995,5.995,5.995,3
2025-12-26 12:09:00,5.995,5.995,5.99,5.995,7
2025-12-26 12:10:00,5.995,5.9953,5.9941,5.995,32
2025-12-26 12:11:00,5.99,5.995,5.99,5.995,3
2025-12-26 12:12:00,5.995,5.995,5.985,5.985,46
2025-12-26 12:13:00,5.985,5.985,5.98,5.985,9
2025-12-26 12:14:00,5.985,5.99,5.98,5.99,135
2025-12-26 12:15:00,5.985,5.985,5.98,5.98,6
2025-12-26 12:16:00,5.985,5.985,5.98,5.985,14
2025-12-26 12:17:00,5.985,5.985,5.98,5.98,7
2025-12-26 12:18:00,5.985,5.985,5.98,5.98,4
2025-12-26 12:19:00,5.985,5.985,5.975,5.98,43
2025-12-26 12:20:00,5.975,5.975,5.975,5.975,4
2025-12-26 12:21:00,5.975,5.975,5.97,5.97,47
2025-12-26 12:22:00,5.975,5.975,5.97,5.975,6
2025-12-26 12:23:00,5.97,5.9751,5.97,5.9751,4
2025-12-26 12:24:00,5.9701,5.975,5.97,5.97,4
2025-12-26 12:25:00,5.975,5.977,5.975,5.977,6
2025-12-26 12:26:00,5.97,5.985,5.97,5.985,61
2025-12-26 12:27:00,5.985,6.0,5.985,5.995,25
2025-12-26 12:28:00,5.995,5.995,5.995,5.995,9
2025-12-26 12:29:00,5.995,5.995,5.995,5.995,0
2025-12-26 12:30:00,5.995,5.995,5.995,5.995,9
2025-12-26 12:31:00,5.995,5.995,5.99,5.99,38
2025-12-26 12:32:00,5.985,5.985,5.985,5.985,4
2025-12-26 12:33:00,5.9897,5.9897,5.98,5.985,10
2025-12-26 12:34:00,5.985,5.985,5.98,5.985,8
2025-12-26 12:35:00,5.985,5.985,5.985,5.985,2
2025-12-26 12:36:00,5.98,5.98,5.975,5.975,13
2025-12-26 12:37:00,5.975,5.975,5.97,5.97,3
2025-12-26 12:38:00,5.975,5.98,5.975,5.975,10
2025-12-26 12:39:00,5.975,5.975,5.97,5.975,5
2025-12-26 12:40:00,5.975,5.975,5.97,5.975,3
2025-12-26 12:41:00,5.975,5.975,5.97,5.975,33
2025-12-26 12:42:00,5.975,5.98,5.975,5.98,48
2025-12-26 12:43:00,5.975,5.975,5.975,5.975,1
2025-12-26 12:44:00,5.975,5.975,5.975,5.975,2
2025-12-26 12:45:00,5.98,5.985,5.98,5.9844,21
2025-12-26 12:46:00,5.985,5.985,5.985,5.985,4
2025-12-26 12:47:00,5.985,5.985,5.985,5.985,6
2025-12-26 12:48:00,5.985,5.985,5.985,5.985,3
2025-12-26 12:49:00,5.985,5.985,5.9801,5.9801,15
2025-12-26 12:50:00,5.985,5.985,5.985,5.985,4
2025-12-26 12:51:00,5.985,5.985,5.985,5.985,4
2025-12-26 12:52:00,5.985,5.9855,5.985,5.9855,3
2025-12-26 12:53:00,5.985,5.985,5.985,5.985,3
2025-12-26 12:54:00,5.985,5.985,5.985,5.985,1
2025-12-26 12:55:00,5.985,5.985,5.985,5.985,2
2025-12-26 12:56:00,5.99,6.0,5.99,5.995,80
2025-12-26 12:57:00,5.995,6.0,5.995,5.995,4
2025-12-26 12:58:00,5.995,6.0,5.99,6.0,19
2025-12-26 12:59:00,5.995,5.995,5.99,5.99,34
2025-12-26 13:00:00,5.985,5.985,5.985,5.985,4
2025-12-26 13:01:00,5.985,5.985,5.985,5.985,1
2025-12-26 13:02:00,5.985,5.985,5.985,5.985,0
2025-12-26 13:03:00,5.985,5.985,5.985,5.985,0
2025-12-26 13:04:00,5.98,5.985,5.98,5.985,6
2025-12-26 13:05:00,5.985,5.9857,5.985,5.9857,16
2025-12-26 13:06:00,5.985,5.9855,5.98,5.9855,22
2025-12-26 13:07:00,5.98,5.985,5.98,5.985,7
2025-12-26 13:08:00,5.98,5.9801,5.975,5.975,104
2025-12-26 13:09:00,5.97,5.9721,5.97,5.9721,6
2025-12-26 13:10:00,5.97,5.98,5.97,5.97,63
2025-12-26 13:11:00,5.975,5.975,5.97,5.97,15
2025-12-26 13:12:00,5.975,5.975,5.97,5.975,33
2025-12-26 13:13:00,5.97,5.97,5.97,5.97,4
2025-12-26 13:14:00,5.97,5.975,5.97,5.975,8
2025-12-26 13:15:00,5.97,5.9738,5.97,5.9738,30
2025-12-26 13:16:00,5.975,5.976,5.97,5.975,66
2025-12-26 13:17:00,5.97,5.975,5.97,5.975,8
2025-12-26 13:18:00,5.975,5.98,5.97,5.975,24
2025-12-26 13:19:00,5.975,5.99,5.975,5.99,57
2025-12-26 13:20:00,5.985,5.985,5.985,5.985,2
2025-12-26 13:21:00,5.985,5.985,5.985,5.985,2
2025-12-26 13:22:00,5.985,5.99,5.985,5.985,6
2025-12-26 13:23:00,5.985,5.985,5.985,5.985,22
2025-12-26 13:24:00,5.985,5.985,5.985,5.985,1
2025-12-26 13:25:00,5.985,5.985,5.985,5.985,43
2025-12-26 13:26:00,5.9814,5.985,5.9814,5.985,4
2025-12-26 13:27:00,5.985,5.99,5.985,5.985,6
2025-12-26 13:28:00,5.985,5.9856,5.985,5.985,8
2025-12-26 13:29:00,5.985,5.985,5.98,5.985,6
2025-12-26 13:30:00,5.985,5.985,5.985,5.985,4
2025-12-26 13:31:00,5.985,5.985,5.985,5.985,9
2025-12-26 13:32:00,5.985,5.99,5.9801,5.9801,20
2025-12-26 13:33:00,5.985,5.995,5.98,5.98,121
2025-12-26 13:34:00,5.975,5.975,5.975,5.975,1
2025-12-26 13:35:00,5.975,5.975,5.975,5.975,4
2025-12-26 13:36:00,5.975,5.9856,5.975,5.9856,29
2025-12-26 13:37:00,5.99,5.99,5.98,5.99,21
2025-12-26 13:38:00,5.985,5.985,5.985,5.985,6
2025-12-26 13:39:00,5.985,5.985,5.985,5.985,0
2025-12-26 13:40:00,5.985,5.99,5.985,5.985,14
2025-12-26 13:41:00,5.985,5.985,5.985,5.985,2
2025-12-26 13:42:00,5.98,5.985,5.975,5.975,51
2025-12-26 13:43:00,5.975,5.975,5.975,5.975,1
2025-12-26 13:44:00,5.975,5.975,5.97,5.97,24
2025-12-26 13:45:00,5.97,5.975,5.97,5.975,6
2025-12-26 13:46:00,5.97,5.975,5.97,5.975,53
2025-12-26 13:47:00,5.97,5.975,5.97,5.975,53
2025-12-26 13:48:00,5.975,5.99,5.975,5.99,39
2025-12-26 13:49:00,5.99,5.99,5.99,5.99,0
2025-12-26 13:50:00,5.985,5.985,5.985,5.985,3
2025-12-26 13:51:00,5.985,5.985,5.985,5.985,12
2025-12-26 13:52:00,5.985,5.985,5.965,5.965,235
2025-12-26 13:53:00,5.965,5.965,5.965,5.965,3
2025-12-26 13:54:00,5.965,5.965,5.965,5.965,5
2025-12-26 13:55:00,5.965,5.965,5.965,5.965,1
2025-12-26 13:56:00,5.965,5.965,5.96,5.965,5
2025-12-26 13:57:00,5.965,5.965,5.96,5.965,22
2025-12-26 13:58:00,5.96,5.9782,5.96,5.9782,93
2025-12-26 13:59:00,5.975,5.985,5.975,5.985,28
2025-12-26 14:00:00,5.985,5.985,5.975,5.975,122
2025-12-26 14:01:00,5.97,5.975,5.97,5.975,5
2025-12-26 14:02:00,5.97,5.97,5.965,5.965,21
2025-12-26 14:03:00,5.965,5.965,5.9631,5.965,27
2025-12-26 14:04:00,5.965,5.97,5.965,5.965,5
2025-12-26 14:05:00,5.965,5.97,5.96,5.97,41
2025-12-26 14:06:00,5.965,5.965,5.965,5.965,4
2025-12-26 14:07:00,5.965,5.965,5.965,5.965,3
2025-12-26 14:08:00,5.965,5.965,5.95,5.95,35
2025-12-26 14:09:00,5.955,5.955,5.955,5.955,3
2025-12-26 14:10:00,5.955,5.955,5.95,5.955,4
2025-12-26 14:11:00,5.955,5.955,5.95,5.95,4
2025-12-26 14:12:00,5.95,5.95,5.95,5.95,5
2025-12-26 14:13:00,5.95,5.95,5.95,5.95,4
2025-12-26 14:14:00,5.955,5.955,5.95,5.955,6
2025-12-26 14:15:00,5.95,5.95,5.95,5.95,13
2025-12-26 14:16:00,5.95,5.95,5.95,5.95,2
2025-12-26 14:17:00,5.95,5.95,5.95,5.95,1
2025-12-26 14:18:00,5.95,5.95,5.95,5.95,2
2025-12-26 14:19:00,5.95,5.95,5.95,5.95,3
2025-12-26 14:20:00,5.95,5.955,5.93,5.935,109
2025-12-26 14:21:00,5.93,5.9367,5.93,5.93,13
2025-12-26 14:22:00,5.93,5.94,5.93,5.935,151
2025-12-26 14:23:00,5.935,5.935,5.935,5.935,1
2025-12-26 14:24:00,5.935,5.935,5.935,5.935,1
2025-12-26 14:25:00,5.935,5.9351,5.935,5.9351,7
2025-12-26 14:26:00,5.935,5.935,5.935,5.935,2
2025-12-26 14:27:00,5.935,5.935,5.935,5.935,4
2025-12-26 14:28:00,5.9356,5.9356,5.935,5.935,5
2025-12-26 14:29:00,5.935,5.94,5.935,5.935,16
2025-12-26 14:30:00,5.94,5.94,5.935,5.935,24
2025-12-26 14:31:00,5.935,5.935,5.935,5.935,5
2025-12-26 14:32:00,5.935,5.935,5.935,5.935,4
2025-12-26 14:33:00,5.935,5.945,5.935,5.9442,60
2025-12-26 14:34:00,5.94,5.945,5.935,5.935,36
2025-12-26 14:35:00,5.935,5.94,5.935,5.935,5
2025-12-26 14:36:00,5.935,5.935,5.935,5.935,12
2025-12-26 14:37:00,5.935,5.94,5.935,5.935,8
2025-12-26 14:38:00,5.935,5.935,5.934,5.935,8
2025-12-26 14:39:00,5.935,5.935,5.935,5.935,2
2025-12-26 14:40:00,5.935,5.935,5.935,5.935,6
2025-12-26 14:41:00,5.935,5.935,5.9301,5.935,125
2025-12-26 14:42:00,5.93,5.935,5.93,5.935,3
2025-12-26 14:43:00,5.935,5.9362,5.935,5.935,19
2025-12-26 14:44:00,5.935,5.945,5.935,5.94,67
2025-12-26 14:45:00,5.945,5.945,5.935,5.935,56
2025-12-26 14:46:00,5.935,5.935,5.935,5.935,1
2025-12-26 14:47:00,5.9365,5.9365,5.935,5.935,18
2025-12-26 14:48:00,5.935,5.94,5.935,5.94,3
2025-12-26 14:49:00,5.9365,5.9365,5.935,5.935,11
2025-12-26 14:50:00,5.935,5.935,5.935,5.935,1
2025-12-26 14:51:00,5.935,5.935,5.935,5.935,1
2025-12-26 14:52:00,5.935,5.935,5.935,5.935,4
2025-12-26 14:53:00,5.935,5.935,5.935,5.935,1
2025-12-26 14:54:00,5.935,5.935,5.93,5.93,11
2025-12-26 14:55:00,5.935,5.935,5.935,5.935,5
2025-12-26 14:56:00,5.935,5.9356,5.93,5.93,4
2025-12-26 14:57:00,5.93,5.935,5.93,5.935,13
2025-12-26 14:58:00,5.9332,5.935,5.92,5.925,81
2025-12-26 14:59:00,5.925,5.925,5.92,5.925,9
2025-12-26 15:00:00,5.925,5.925,5.925,5.925,1
2025-12-26 15:01:00,5.925,5.925,5.92,5.92,21
2025-12-26 15:02:00,5.92,5.93,5.92,5.92,3
2025-12-26 15:03:00,5.925,5.925,5.91,5.9116,99
2025-12-26 15:04:00,5.91,5.9157,5.91,5.9157,15
2025-12-26 15:05:00,5.91,5.92,5.905,5.915,195
2025-12-26 15:06:00,5.915,5.92,5.903,5.903,189
2025-12-26 15:07:00,5.91,5.91,5.91,5.91,1
2025-12-26 15:08:00,5.905,5.91,5.905,5.9062,15
2025-12-26 15:09:00,5.905,5.905,5.9,5.905,37
2025-12-26 15:10:00,5.905,5.905,5.905,5.905,0
2025-12-26 15:11:00,5.9044,5.905,5.9,5.905,27
2025-12-26 15:12:00,5.905,5.91,5.905,5.905,21
2025-12-26 15:13:00,5.905,5.91,5.905,5.905,52
2025-12-26 15:14:00,5.91,5.91,5.9007,5.9057,10
2025-12-26 15:15:00,5.905,5.91,5.905,5.905,30
2025-12-26 15:16:00,5.91,5.915,5.905,5.915,89
2025-12-26 15:17:00,5.92,5.92,5.9136,5.9136,27
2025-12-26 15:18:00,5.915,5.915,5.915,5.915,4
2025-12-26 15:19:00,5.915,5.915,5.91,5.915,7
2025-12-26 15:20:00,5.915,5.918,5.915,5.915,26
2025-12-26 15:21:00,5.915,5.915,5.91,5.91,7
2025-12-26 15:22:00,5.915,5.915,5.91,5.915,8
2025-12-26 15:23:00,5.915,5.915,5.91,5.91,3
2025-12-26 15:24:00,5.915,5.915,5.91,5.91,61
2025-12-26 15:25:00,5.91,5.9138,5.91,5.91,12
2025-12-26 15:26:00,5.915,5.915,5.91,5.91,16
2025-12-26 15:27:00,5.91,5.91,5.9,5.9021,102
2025-12-26 15:28:00,5.9,5.905,5.9,5.9,4
2025-12-26 15:29:00,5.9,5.935,5.895,5.925,691
2025-12-26 15:30:00,5.925,5.93,5.925,5.9256,10
2025-12-26 15:31:00,5.925,5.925,5.925,5.925,1
2025-12-26 15:32:00,5.9201,5.925,5.92,5.92,15
2025-12-26 15:33:00,5.925,5.93,5.92,5.925,20
2025-12-26 15:34:00,5.925,5.925,5.9229,5.9229,9
2025-12-26 15:35:00,5.93,5.93,5.925,5.925,4
2025-12-26 15:36:00,5.92,5.925,5.91,5.915,258
2025-12-26 15:37:00,5.915,5.915,5.915,5.915,9
2025-12-26 15:38:00,5.915,5.925,5.915,5.92,95
2025-12-26 15:39:00,5.925,5.925,5.925,5.925,2
2025-12-26 15:40:00,5.925,5.94,5.9244,5.935,55
2025-12-26 15:41:00,5.935,5.94,5.935,5.94,9
2025-12-26 15:42:00,5.94,5.945,5.935,5.945,106
2025-12-26 15:43:00,5.95,5.95,5.94,5.9443,39
2025-12-26 15:44:00,5.945,5.95,5.945,5.945,14
2025-12-26 15:45:00,5.945,5.96,5.945,5.96,52
2025-12-26 15:46:00,5.955,5.96,5.9545,5.955,15
2025-12-26 15:47:00,5.958,5.97,5.955,5.97,97
2025-12-26 15:48:00,5.965,5.965,5.96,5.96,53
2025-12-26 15:49:00,5.965,5.965,5.95,5.955,88
2025-12-26 15:50:00,5.955,5.9598,5.955,5.955,104
2025-12-26 15:51:00,5.955,5.9598,5.95,5.955,18
2025-12-26 15:52:00,5.955,5.965,5.955,5.96,108
2025-12-26 15:53:00,5.965,5.9699,5.955,5.955,121
2025-12-26 15:54:00,5.955,5.96,5.955,5.96,22
2025-12-26 15:55:00,5.955,5.97,5.955,5.965,164
2025-12-26 15:56:00,5.965,5.98,5.965,5.975,90
2025-12-26 15:57:00,5.975,5.985,5.975,5.985,191
2025-12-26 15:58:00,5.985,5.99,5.98,5.985,107
2025-12-26 15:59:00,5.985,5.99,5.97,5.99,596
2025-12-29 09:30:00,6.0,6.0,5.9501,5.96,523
2025-12-29 09:31:00,5.95,6.02,5.94,6.02,169
2025-12-29 09:32:00,6.005,6.0175,5.99,6.0,23
2025-12-29 09:33:00,6.0,6.03,5.99,6.025,249
2025-12-29 09:34:00,6.02,6.07,6.02,6.07,161
2025-12-29 09:35:00,6.08,6.155,6.08,6.145,164
2025-12-29 09:36:00,6.15,6.1575,6.115,6.115,37
2025-12-29 09:37:00,6.1,6.1001,6.06,6.06,45
2025-12-29 09:38:00,6.0613,6.0613,6.01,6.01,62
2025-12-29 09:39:00,6.01,6.01,5.99,6.0,40
2025-12-29 09:40:00,6.0,6.0,5.97,5.97,76
2025-12-29 09:41:00,5.96,5.98,5.95,5.98,25
2025-12-29 09:42:00,6.0,6.01,5.98,6.0,15
2025-12-29 09:43:00,6.0,6.0,5.99,5.9986,20
2025-12-29 09:44:00,6.01,6.02,6.005,6.02,21
2025-12-29 09:45:00,6.02,6.02,6.01,6.02,45
2025-12-29 09:46:00,6.02,6.02,6.0,6.015,95
2025-12-29 09:47:00,6.02,6.02,6.015,6.018,11
2025-12-29 09:48:00,6.01,6.015,5.985,6.005,330
2025-12-29 09:49:00,6.005,6.0099,6.005,6.0099,15
2025-12-29 09:50:00,6.0099,6.02,6.0,6.02,109
2025-12-29 09:51:00,6.03,6.035,6.005,6.01,41
2025-12-29 09:52:00,6.005,6.01,5.99,6.01,68
2025-12-29 09:53:00,6.005,6.01,6.0,6.01,3
2025-12-29 09:54:00,6.01,6.015,6.0,6.01,37
2025-12-29 09:55:00,6.01,6.02,5.985,6.0,56
2025-12-29 09:56:00,6.0,6.01,5.995,6.01,56
2025-12-29 09:57:00,6.01,6.01,6.01,6.01,7
2025-12-29 09:58:00,6.01,6.01,6.01,6.01,23
2025-12-29 09:59:00,6.01,6.01,5.985,5.998,66
2025-12-29 10:00:00,5.995,6.01,5.995,6.005,51
2025-12-29 10:01:00,6.0,6.0,5.995,5.995,32
2025-12-29 10:02:00,5.995,6.0,5.99,6.0,72
2025-12-29 10:03:00,6.0,6.01,5.995,5.995,107
2025-12-29 10:04:00,5.995,5.995,5.985,5.99,57
2025-12-29 10:05:00,5.9981,5.9981,5.99,5.99,19
2025-12-29 10:06:00,5.995,5.9993,5.995,5.9967,8
2025-12-29 10:07:00,5.995,5.995,5.99,5.9914,6
2025-12-29 10:08:00,6.0,6.005,5.995,6.005,17
2025-12-29 10:09:00,6.005,6.01,6.0,6.0,4
2025-12-29 10:10:00,6.005,6.015,6.0,6.01,76
2025-12-29 10:11:00,6.015,6.015,6.01,6.015,7
2025-12-29 10:12:00,6.015,6.015,6.0,6.005,147
2025-12-29 10:13:00,6.0,6.01,6.0,6.0,7
2025-12-29 10:14:00,6.0,6.0,6.0,6.0,2
2025-12-29 10:15:00,6.01,6.02,6.0,6.005,292
2025-12-29 10:16:00,6.005,6.015,6.0,6.01,16
2025-12-29 10:17:00,6.0,6.01,5.995,5.995,21
2025-12-29 10:18:00,5.99,5.99,5.99,5.99,4
2025-12-29 10:19:00,5.99,5.995,5.99,5.995,13
2025-12-29 10:20:00,6.0,6.025,6.0,6.015,154
2025-12-29 10:21:00,6.015,6.02,6.015,6.02,13
2025-12-29 10:22:00,6.015,6.015,6.015,6.015,60
2025-12-29 10:23:00,6.0101,6.02,6.01,6.015,6
2025-12-29 10:24:00,6.015,6.04,6.015,6.035,219
2025-12-29 10:25:00,6.04,6.06,6.0397,6.06,118
2025-12-29 10:26:00,6.06,6.07,6.06,6.06,86
2025-12-29 10:27:00,6.06,6.115,6.06,6.105,109
2025-12-29 10:28:00,6.105,6.11,6.1001,6.106,84
2025-12-29 10:29:00,6.1051,6.1051,6.09,6.094,46
2025-12-29 10:30:00,6.1,6.1,6.09,6.0948,45
2025-12-29 10:31:00,6.095,6.1,6.065,6.0657,163
2025-12-29 10:32:00,6.07,6.09,6.07,6.085,93
2025-12-29 10:33:00,6.085,6.0944,6.08,6.0944,53
2025-12-29 10:34:00,6.1,6.1,6.095,6.1,10
2025-12-29 10:35:00,6.105,6.105,6.09,6.09,69
2025-12-29 10:36:00,6.095,6.095,6.085,6.085,36
2025-12-29 10:37:00,6.08,6.08,6.07,6.08,42
2025-12-29 10:38:00,6.075,6.09,6.07,6.08,45
2025-12-29 10:39:00,6.08,6.0887,6.08,6.0887,8
2025-12-29 10:40:00,6.0899,6.0899,6.08,6.085,25
2025-12-29 10:41:00,6.085,6.085,6.085,6.085,2
2025-12-29 10:42:00,6.0804,6.085,6.075,6.075,67
2025-12-29 10:43:00,6.075,6.075,6.07,6.075,24
2025-12-29 10:44:00,6.075,6.075,6.07,6.07,29
2025-12-29 10:45:00,6.07,6.115,6.065,6.115,179
2025-12-29 10:46:00,6.115,6.125,6.11,6.125,32
2025-12-29 10:47:00,6.1202,6.145,6.12,6.14,115
2025-12-29 10:48:00,6.13,6.1391,6.13,6.135,50
2025-12-29 10:49:00,6.135,6.165,6.1301,6.165,234
2025-12-29 10:50:00,6.17,6.17,6.1621,6.17,69
2025-12-29 10:51:00,6.165,6.165,6.155,6.165,65
2025-12-29 10:52:00,6.17,6.17,6.165,6.165,4
2025-12-29 10:53:00,6.17,6.21,6.17,6.205,512
2025-12-29 10:54:00,6.21,6.26,6.2099,6.245,345
2025-12-29 10:55:00,6.25,6.3,6.245,6.285,568
2025-12-29 10:56:00,6.285,6.31,6.275,6.305,334
2025-12-29 10:57:00,6.305,6.305,6.2844,6.285,244
2025-12-29 10:58:00,6.2819,6.2819,6.26,6.275,92
2025-12-29 10:59:00,6.27,6.28,6.265,6.265,179
2025-12-29 11:00:00,6.27,6.27,6.245,6.245,148
2025-12-29 11:01:00,6.25,6.285,6.25,6.285,78
2025-12-29 11:02:00,6.285,6.295,6.275,6.285,110
2025-12-29 11:03:00,6.285,6.2899,6.28,6.28,23
2025-12-29 11:04:00,6.285,6.305,6.285,6.305,123
2025-12-29 11:05:00,6.305,6.31,6.305,6.305,56
2025-12-29 11:06:00,6.305,6.305,6.305,6.305,35
2025-12-29 11:07:00,6.3,6.305,6.295,6.295,170
2025-12-29 11:08:00,6.295,6.32,6.28,6.315,122
2025-12-29 11:09:00,6.315,6.3197,6.31,6.31,13
2025-12-29 11:10:00,6.31,6.3151,6.31,6.31,21
2025-12-29 11:11:00,6.315,6.315,6.31,6.315,21
2025-12-29 11:12:00,6.315,6.315,6.315,6.315,1
2025-12-29 11:13:00,6.32,6.32,6.31,6.315,50
2025-12-29 11:14:00,6.315,6.355,6.315,6.335,144
2025-12-29 11:15:00,6.3314,6.3314,6.265,6.275,163
2025-12-29 11:16:00,6.275,6.3,6.26,6.295,180
2025-12-29 11:17:00,6.2961,6.305,6.295,6.3,82
2025-12-29 11:18:00,6.305,6.335,6.305,6.335,166
2025-12-29 11:19:00,6.3344,6.34,6.3222,6.3222,33
2025-12-29 11:20:00,6.3349,6.3349,6.3101,6.315,106
2025-12-29 11:21:00,6.315,6.3199,6.315,6.3199,17
2025-12-29 11:22:00,6.315,6.315,6.31,6.315,14
2025-12-29 11:23:00,6.31,6.315,6.2944,6.295,195
2025-12-29 11:24:00,6.3,6.3,6.29,6.295,60
2025-12-29 11:25:00,6.295,6.3,6.28,6.285,51
2025-12-29 11:26:00,6.285,6.295,6.2726,6.285,91
2025-12-29 11:27:00,6.28,6.285,6.275,6.2801,50
2025-12-29 11:28:00,6.28,6.295,6.28,6.295,49
2025-12-29 11:29:00,6.29,6.295,6.29,6.295,2
2025-12-29 11:30:00,6.3,6.315,6.3,6.315,78
2025-12-29 11:31:00,6.315,6.315,6.305,6.31,32
2025-12-29 11:32:00,6.305,6.31,6.3,6.305,27
2025-12-29 11:33:00,6.305,6.31,6.305,6.31,6
2025-12-29 11:34:00,6.305,6.3061,6.3039,6.305,18
2025-12-29 11:35:00,6.305,6.3061,6.3,6.305,13
2025-12-29 11:36:00,6.305,6.305,6.3,6.305,13
2025-12-29 11:37:00,6.3,6.305,6.29,6.29,78
2025-12-29 11:38:00,6.28,6.285,6.2714,6.275,61
2025-12-29 11:39:00,6.275,6.29,6.275,6.2885,31
2025-12-29 11:40:00,6.285,6.285,6.283,6.285,14
2025-12-29 11:41:00,6.285,6.295,6.285,6.295,16
2025-12-29 11:42:00,6.295,6.295,6.285,6.29,45
2025-12-29 11:43:00,6.29,6.295,6.285,6.285,30
2025-12-29 11:44:00,6.285,6.2874,6.285,6.285,26
2025-12-29 11:45:00,6.285,6.305,6.2814,6.305,87
2025-12-29 11:46:00,6.305,6.305,6.3,6.305,37
2025-12-29 11:47:00,6.31,6.31,6.3,6.305,43
2025-12-29 11:48:00,6.305,6.305,6.29,6.295,50
2025-12-29 11:49:00,6.295,6.295,6.295,6.295,6
2025-12-29 11:50:00,6.2914,6.2997,6.2914,6.295,33
2025-12-29 11:51:00,6.3,6.305,6.3,6.3,22
2025-12-29 11:52:00,6.3,6.3044,6.3,6.3044,13
2025-12-29 11:53:00,6.305,6.31,6.3,6.3,6
2025-12-29 11:54:00,6.3,6.315,6.3,6.31,42
2025-12-29 11:55:00,6.3104,6.3104,6.305,6.305,35
2025-12-29 11:56:00,6.305,6.31,6.3,6.3,66
2025-12-29 11:57:00,6.3019,6.31,6.3,6.305,22
2025-12-29 11:58:00,6.3,6.315,6.295,6.295,63
2025-12-29 11:59:00,6.295,6.305,6.295,6.305,130
2025-12-29 12:00:00,6.3,6.3099,6.29,6.29,43
2025-12-29 12:01:00,6.29,6.295,6.235,6.235,76
2025-12-29 12:02:00,6.235,6.245,6.2337,6.239,57
2025-12-29 12:03:00,6.235,6.24,6.23,6.23,23
2025-12-29 12:04:00,6.235,6.245,6.23,6.245,83
2025-12-29 12:05:00,6.245,6.2525,6.24,6.2461,55
2025-12-29 12:06:00,6.245,6.25,6.245,6.25,2
2025-12-29 12:07:00,6.25,6.255,6.25,6.255,30
2025-12-29 12:08:00,6.26,6.26,6.2501,6.255,36
2025-12-29 12:09:00,6.255,6.255,6.25,6.255,6
2025-12-29 12:10:00,6.2599,6.2599,6.25,6.25,16
2025-12-29 12:11:00,6.26,6.266,6.26,6.265,36
2025-12-29 12:12:00,6.265,6.265,6.245,6.245,46
2025-12-29 12:13:00,6.245,6.25,6.245,6.245,24
2025-12-29 12:14:00,6.245,6.245,6.245,6.245,0
2025-12-29 12:15:00,6.245,6.245,6.245,6.245,7
2025-12-29 12:16:00,6.245,6.25,6.245,6.25,6
2025-12-29 12:17:00,6.245,6.245,6.245,6.245,1
2025-12-29 12:18:00,6.25,6.25,6.245,6.245,12
2025-12-29 12:19:00,6.245,6.245,6.24,6.24,63
2025-12-29 12:20:00,6.245,6.245,6.245,6.245,2
2025-12-29 12:21:00,6.24,6.24,6.2299,6.2397,159
2025-12-29 12:22:00,6.235,6.235,6.235,6.235,3
2025-12-29 12:23:00,6.235,6.235,6.23,6.23,14
2025-12-29 12:24:00,6.225,6.235,6.225,6.235,36
2025-12-29 12:25:00,6.2399,6.245,6.235,6.245,47
2025-12-29 12:26:00,6.2435,6.245,6.235,6.235,23
2025-12-29 12:27:00,6.235,6.235,6.235,6.235,2
2025-12-29 12:28:00,6.2355,6.236,6.235,6.235,12
2025-12-29 12:29:00,6.235,6.235,6.235,6.235,2
2025-12-29 12:30:00,6.24,6.245,6.2386,6.245,20
2025-12-29 12:31:00,6.25,6.265,6.25,6.265,34
2025-12-29 12:32:00,6.265,6.3,6.265,6.2961,1376
2025-12-29 12:33:00,6.295,6.3,6.2932,6.2999,67
2025-12-29 12:34:00,6.2945,6.305,6.275,6.285,190
2025-12-29 12:35:00,6.285,6.285,6.285,6.285,14
2025-12-29 12:36:00,6.285,6.285,6.28,6.285,10
2025-12-29 12:37:00,6.2855,6.2855,6.284,6.284,64
2025-12-29 12:38:00,6.2865,6.29,6.285,6.285,34
2025-12-29 12:39:00,6.2861,6.2899,6.285,6.2899,17
2025-12-29 12:40:00,6.2832,6.285,6.2832,6.285,14
2025-12-29 12:41:00,6.285,6.285,6.26,6.26,138
2025-12-29 12:42:00,6.255,6.26,6.255,6.255,64
2025-12-29 12:43:00,6.255,6.255,6.255,6.255,3
2025-12-29 12:44:00,6.255,6.2625,6.255,6.26,25
2025-12-29 12:45:00,6.2609,6.265,6.2609,6.2633,20
2025-12-29 12:46:00,6.265,6.27,6.265,6.265,5
2025-12-29 12:47:00,6.27,6.28,6.27,6.28,52
2025-12-29 12:48:00,6.28,6.285,6.28,6.285,17
2025-12-29 12:49:00,6.285,6.285,6.25,6.25,251
2025-12-29 12:50:00,6.25,6.25,6.25,6.25,20
2025-12-29 12:51:00,6.255,6.255,6.255,6.255,1
2025-12-29 12:52:00,6.2521,6.285,6.2521,6.285,48
2025-12-29 12:53:00,6.2879,6.2879,6.274,6.28,45
2025-12-29 12:54:00,6.2761,6.285,6.2761,6.285,127
2025-12-29 12:55:00,6.29,6.295,6.29,6.295,29
2025-12-29 12:56:00,6.29,6.29,6.285,6.285,15
2025-12-29 12:57:00,6.285,6.29,6.285,6.29,13
2025-12-29 12:58:00,6.2862,6.2862,6.27,6.27,24
2025-12-29 12:59:00,6.2605,6.275,6.2605,6.275,93
2025-12-29 13:00:00,6.275,6.275,6.275,6.275,5
2025-12-29 13:01:00,6.275,6.275,6.265,6.27,141
2025-12-29 13:02:00,6.275,6.275,6.2702,6.2702,5
2025-12-29 13:03:00,6.275,6.28,6.275,6.275,12
2025-12-29 13:04:00,6.27,6.275,6.235,6.2361,1218
2025-12-29 13:05:00,6.2357,6.2357,6.225,6.225,80
2025-12-29 13:06:00,6.225,6.245,6.225,6.245,74
2025-12-29 13:07:00,6.2429,6.255,6.2429,6.255,28
2025-12-29 13:08:00,6.255,6.2555,6.255,6.2555,12
2025-12-29 13:09:00,6.255,6.255,6.245,6.245,13
2025-12-29 13:10:00,6.248,6.2572,6.245,6.2572,63
2025-12-29 13:11:00,6.255,6.26,6.2529,6.255,15
2025-12-29 13:12:00,6.2579,6.2579,6.2556,6.2556,12
2025-12-29 13:13:00,6.255,6.2586,6.255,6.2586,10
2025-12-29 13:14:00,6.255,6.255,6.255,6.255,1
2025-12-29 13:15:00,6.255,6.255,6.255,6.255,0
2025-12-29 13:16:00,6.255,6.255,6.255,6.255,0
2025-12-29 13:17:00,6.26,6.265,6.26,6.265,37
2025-12-29 13:18:00,6.265,6.27,6.26,6.27,8
2025-12-29 13:19:00,6.265,6.27,6.265,6.27,11
2025-12-29 13:20:00,6.27,6.27,6.2699,6.2699,11
2025-12-29 13:21:00,6.265,6.275,6.2649,6.265,38
2025-12-29 13:22:00,6.265,6.275,6.265,6.275,15
2025-12-29 13:23:00,6.28,6.28,6.275,6.275,3
2025-12-29 13:24:00,6.275,6.275,6.275,6.275,4
2025-12-29 13:25:00,6.28,6.28,6.275,6.275,12
2025-12-29 13:26:00,6.28,6.28,6.27,6.275,29
2025-12-29 13:27:00,6.28,6.29,6.275,6.285,16
2025-12-29 13:28:00,6.281,6.29,6.281,6.29,3
2025-12-29 13:29:00,6.285,6.285,6.285,6.285,1
2025-12-29 13:30:00,6.285,6.285,6.285,6.285,2
2025-12-29 13:31:00,6.29,6.295,6.2844,6.285,45
2025-12-29 13:32:00,6.2801,6.2801,6.2801,6.2801,10
2025-12-29 13:33:00,6.29,6.29,6.29,6.29,2
2025-12-29 13:34:00,6.2864,6.29,6.2864,6.29,19
2025-12-29 13:35:00,6.29,6.3055,6.29,6.305,42
2025-12-29 13:36:00,6.31,6.34,6.305,6.3344,60
2025-12-29 13:37:00,6.335,6.345,6.3329,6.3344,56
2025-12-29 13:38:00,6.335,6.335,6.3314,6.335,17
2025-12-29 13:39:00,6.33,6.335,6.3201,6.33,30
2025-12-29 13:40:00,6.325,6.325,6.325,6.325,11
2025-12-29 13:41:00,6.32,6.325,6.315,6.315,59
2025-12-29 13:42:00,6.315,6.315,6.315,6.315,6
2025-12-29 13:43:00,6.3144,6.315,6.3031,6.3036,74
2025-12-29 13:44:00,6.305,6.305,6.3,6.3,5
2025-12-29 13:45:00,6.3,6.305,6.3,6.305,21
2025-12-29 13:46:00,6.305,6.31,6.2986,6.2986,37
2025-12-29 13:47:00,6.2963,6.305,6.2963,6.305,80
2025-12-29 13:48:00,6.305,6.305,6.3,6.305,15
2025-12-29 13:49:00,6.305,6.305,6.295,6.305,163
2025-12-29 13:50:00,6.305,6.3097,6.305,6.305,24
2025-12-29 13:51:00,6.305,6.31,6.305,6.305,22
2025-12-29 13:52:00,6.31,6.3161,6.31,6.315,45
2025-12-29 13:53:00,6.319,6.32,6.315,6.315,33
2025-12-29 13:54:00,6.315,6.315,6.315,6.315,0
2025-12-29 13:55:00,6.315,6.315,6.315,6.315,5
2025-12-29 13:56:00,6.32,6.32,6.315,6.315,15
2025-12-29 13:57:00,6.315,6.33,6.315,6.3175,66
2025-12-29 13:58:00,6.32,6.325,6.315,6.325,85
2025-12-29 13:59:00,6.325,6.33,6.325,6.325,4
2025-12-29 14:00:00,6.325,6.325,6.325,6.325,2
2025-12-29 14:01:00,6.325,6.325,6.325,6.325,2
2025-12-29 14:02:00,6.325,6.325,6.325,6.325,3
2025-12-29 14:03:00,6.33,6.33,6.324,6.3244,23
2025-12-29 14:04:00,6.325,6.335,6.325,6.335,27
2025-12-29 14:05:00,6.33,6.335,6.33,6.335,14
2025-12-29 14:06:00,6.34,6.34,6.31,6.31,48
2025-12-29 14:07:00,6.31,6.3175,6.31,6.315,4
2025-12-29 14:08:00,6.315,6.315,6.31,6.315,23
2025-12-29 14:09:00,6.315,6.315,6.3139,6.315,8
2025-12-29 14:10:00,6.315,6.315,6.315,6.315,4
2025-12-29 14:11:00,6.318,6.318,6.315,6.315,3
2025-12-29 14:12:00,6.32,6.32,6.315,6.315,33
2025-12-29 14:13:00,6.315,6.315,6.305,6.305,17
2025-12-29 14:14:00,6.31,6.315,6.31,6.315,18
2025-12-29 14:15:00,6.315,6.315,6.295,6.305,427
2025-12-29 14:16:00,6.3001,6.305,6.3001,6.305,30
2025-12-29 14:17:00,6.3099,6.3099,6.305,6.305,5
2025-12-29 14:18:00,6.305,6.305,6.305,6.305,4
2025-12-29 14:19:00,6.3,6.305,6.295,6.3,155
2025-12-29 14:20:00,6.305,6.31,6.305,6.305,3
2025-12-29 14:21:00,6.305,6.305,6.305,6.305,6
2025-12-29 14:22:00,6.305,6.3098,6.305,6.305,10
2025-12-29 14:23:00,6.31,6.31,6.305,6.31,39
2025-12-29 14:24:00,6.315,6.3151,6.315,6.3151,32
2025-12-29 14:25:00,6.32,6.33,6.32,6.325,224
2025-12-29 14:26:00,6.32,6.325,6.315,6.315,19
2025-12-29 14:27:00,6.315,6.315,6.315,6.315,1
2025-12-29 14:28:00,6.315,6.315,6.315,6.315,4
2025-12-29 14:29:00,6.315,6.32,6.315,6.315,223
2025-12-29 14:30:00,6.315,6.32,6.315,6.32,30
2025-12-29 14:31:00,6.32,6.325,6.32,6.325,30
2025-12-29 14:32:00,6.325,6.335,6.325,6.335,17
2025-12-29 14:33:00,6.3397,6.3397,6.335,6.335,2
2025-12-29 14:34:00,6.335,6.338,6.335,6.335,45
2025-12-29 14:35:00,6.335,6.34,6.33,6.335,22
2025-12-29 14:36:00,6.335,6.34,6.335,6.335,31
2025-12-29 14:37:00,6.34,6.3686,6.34,6.365,199
2025-12-29 14:38:00,6.365,6.37,6.3644,6.365,82
2025-12-29 14:39:00,6.365,6.365,6.35,6.365,211
2025-12-29 14:40:00,6.365,6.365,6.355,6.355,17
2025-12-29 14:41:00,6.36,6.36,6.355,6.355,6
2025-12-29 14:42:00,6.355,6.355,6.33,6.335,96
2025-12-29 14:43:00,6.33,6.34,6.325,6.335,108
2025-12-29 14:44:00,6.335,6.345,6.335,6.345,50
2025-12-29 14:45:00,6.35,6.35,6.34,6.345,26
2025-12-29 14:46:00,6.34,6.34,6.32,6.335,88
2025-12-29 14:47:00,6.335,6.345,6.33,6.345,125
2025-12-29 14:48:00,6.345,6.36,6.34,6.3597,56
2025-12-29 14:49:00,6.355,6.3599,6.35,6.355,35
2025-12-29 14:50:00,6.36,6.38,6.36,6.38,106
2025-12-29 14:51:00,6.39,6.4,6.3844,6.385,141
2025-12-29 14:52:00,6.385,6.385,6.38,6.3844,235
2025-12-29 14:53:00,6.39,6.39,6.3844,6.3844,22
2025-12-29 14:54:00,6.386,6.415,6.386,6.41,166
2025-12-29 14:55:00,6.4187,6.42,6.415,6.415,72
2025-12-29 14:56:00,6.42,6.42,6.4144,6.4144,8
2025-12-29 14:57:00,6.42,6.43,6.42,6.425,55
2025-12-29 14:58:00,6.4255,6.435,6.4255,6.435,96
2025-12-29 14:59:00,6.435,6.435,6.435,6.435,54
2025-12-29 15:00:00,6.4344,6.44,6.4335,6.435,28
2025-12-29 15:01:00,6.435,6.445,6.435,6.435,222
2025-12-29 15:02:00,6.4399,6.445,6.43,6.4385,187
2025-12-29 15:03:00,6.4343,6.435,6.4339,6.4339,22
2025-12-29 15:04:00,6.435,6.4395,6.42,6.4395,357
2025-12-29 15:05:00,6.435,6.44,6.4325,6.435,8
2025-12-29 15:06:00,6.44,6.45,6.44,6.4447,45
2025-12-29 15:07:00,6.4499,6.45,6.44,6.445,59
2025-12-29 15:08:00,6.445,6.4499,6.4439,6.445,34
2025-12-29 15:09:00,6.44,6.445,6.4,6.405,1007
2025-12-29 15:10:00,6.405,6.4065,6.395,6.395,56
2025-12-29 15:11:00,6.395,6.405,6.39,6.405,67
2025-12-29 15:12:00,6.405,6.405,6.405,6.405,2
2025-12-29 15:13:00,6.405,6.4056,6.405,6.4056,3
2025-12-29 15:14:00,6.405,6.415,6.405,6.41,47
2025-12-29 15:15:00,6.415,6.43,6.415,6.425,82
2025-12-29 15:16:00,6.425,6.4287,6.425,6.4287,7
2025-12-29 15:17:00,6.425,6.4255,6.425,6.4255,5
2025-12-29 15:18:00,6.43,6.435,6.4243,6.4246,136
2025-12-29 15:19:00,6.4265,6.4265,6.4249,6.4249,12
2025-12-29 15:20:00,6.425,6.43,6.425,6.4298,10
2025-12-29 15:21:00,6.425,6.425,6.415,6.415,80
2025-12-29 15:22:00,6.4123,6.42,6.4123,6.42,10
2025-12-29 15:23:00,6.415,6.415,6.41,6.415,12
2025-12-29 15:24:00,6.415,6.4262,6.41,6.4262,134
2025-12-29 15:25:00,6.43,6.435,6.425,6.425,71
2025-12-29 15:26:00,6.425,6.44,6.425,6.44,26
2025-12-29 15:27:00,6.4361,6.44,6.435,6.439,47
2025-12-29 15:28:00,6.44,6.44,6.44,6.44,1
2025-12-29 15:29:00,6.4355,6.448,6.4355,6.445,38
2025-12-29 15:30:00,6.445,6.45,6.4444,6.445,62
2025-12-29 15:31:00,6.44,6.445,6.43,6.435,119
2025-12-29 15:32:00,6.436,6.445,6.436,6.445,78
2025-12-29 15:33:00,6.445,6.45,6.445,6.445,74
2025-12-29 15:34:00,6.44,6.458,6.43,6.455,117
2025-12-29 15:35:00,6.455,6.4586,6.445,6.445,294
2025-12-29 15:36:00,6.4499,6.4499,6.4234,6.4234,29
2025-12-29 15:37:00,6.425,6.435,6.42,6.435,52
2025-12-29 15:38:00,6.435,6.435,6.425,6.4299,49
2025-12-29 15:39:00,6.429,6.44,6.429,6.435,74
2025-12-29 15:40:00,6.4383,6.445,6.435,6.435,30
2025-12-29 15:41:00,6.44,6.44,6.425,6.428,20
2025-12-29 15:42:00,6.427,6.427,6.415,6.415,55
2025-12-29 15:43:00,6.415,6.418,6.41,6.415,54
2025-12-29 15:44:00,6.41,6.4158,6.4046,6.415,119
2025-12-29 15:45:00,6.415,6.42,6.41,6.415,59
2025-12-29 15:46:00,6.42,6.425,6.4137,6.42,36
2025-12-29 15:47:00,6.42,6.42,6.395,6.395,58
2025-12-29 15:48:00,6.395,6.395,6.38,6.38,20
2025-12-29 15:49:00,6.3856,6.405,6.3836,6.405,93
2025-12-29 15:50:00,6.41,6.43,6.4001,6.43,123
2025-12-29 15:51:00,6.4357,6.4357,6.42,6.425,150
2025-12-29 15:52:00,6.42,6.44,6.42,6.435,104
2025-12-29 15:53:00,6.4334,6.4354,6.43,6.435,60
2025-12-29 15:54:00,6.43,6.465,6.42,6.455,310
2025-12-29 15:55:00,6.455,6.455,6.43,6.435,121
2025-12-29 15:56:00,6.435,6.45,6.435,6.445,153
2025-12-29 15:57:00,6.4455,6.45,6.44,6.45,140
2025-12-29 15:58:00,6.445,6.47,6.445,6.454,894
2025-12-29 15:59:00,6.455,6.48,6.45,6.47,473
2025-12-30 09:30:00,6.45,6.5,6.42,6.43,271
2025-12-30 09:31:00,6.43,6.43,6.36,6.36,457
2025-12-30 09:32:00,6.37,6.4,6.37,6.39,36
2025-12-30 09:33:00,6.4,6.434,6.4,6.415,167
2025-12-30 09:34:00,6.42,6.43,6.37,6.37,32
2025-12-30 09:35:00,6.36,6.36,6.34,6.3551,153
2025-12-30 09:36:00,6.3682,6.395,6.34,6.385,164
2025-12-30 09:37:00,6.3975,6.3975,6.36,6.36,105
2025-12-30 09:38:00,6.35,6.41,6.3444,6.3864,381
2025-12-30 09:39:00,6.399,6.41,6.39,6.41,79
2025-12-30 09:40:00,6.42,6.44,6.36,6.37,475
2025-12-30 09:41:00,6.3677,6.38,6.3677,6.38,25
2025-12-30 09:42:00,6.38,6.38,6.36,6.37,225
2025-12-30 09:43:00,6.36,6.36,6.33,6.33,66
2025-12-30 09:44:00,6.34,6.38,6.33,6.3755,173
2025-12-30 09:45:00,6.385,6.41,6.38,6.4,51
2025-12-30 09:46:00,6.4,6.43,6.4,6.425,69
2025-12-30 09:47:00,6.42,6.42,6.38,6.38,47
2025-12-30 09:48:00,6.39,6.39,6.36,6.37,10
2025-12-30 09:49:00,6.36,6.36,6.35,6.35,13
2025-12-30 09:50:00,6.35,6.36,6.35,6.36,29
2025-12-30 09:51:00,6.36,6.36,6.36,6.36,6
2025-12-30 09:52:00,6.37,6.37,6.3432,6.345,53
2025-12-30 09:53:00,6.349,6.365,6.3413,6.365,47
2025-12-30 09:54:00,6.37,6.382,6.37,6.38,32
2025-12-30 09:55:00,6.38,6.4,6.38,6.395,47
2025-12-30 09:56:00,6.4,6.4,6.395,6.395,45
2025-12-30 09:57:00,6.395,6.4299,6.395,6.42,61
2025-12-30 09:58:00,6.415,6.415,6.3981,6.4,30
2025-12-30 09:59:00,6.4,6.4,6.39,6.3963,68
2025-12-30 10:00:00,6.395,6.405,6.38,6.405,61
2025-12-30 10:01:00,6.41,6.49,6.41,6.46,658
2025-12-30 10:02:00,6.465,6.47,6.455,6.4598,32
2025-12-30 10:03:00,6.46,6.46,6.455,6.455,27
2025-12-30 10:04:00,6.455,6.455,6.445,6.445,44
2025-12-30 10:05:00,6.44,6.445,6.425,6.445,64
2025-12-30 10:06:00,6.4443,6.45,6.435,6.45,42
2025-12-30 10:07:00,6.44,6.47,6.43,6.435,135
2025-12-30 10:08:00,6.435,6.44,6.42,6.42,48
2025-12-30 10:09:00,6.42,6.425,6.42,6.425,10
2025-12-30 10:10:00,6.43,6.445,6.43,6.44,15
2025-12-30 10:11:00,6.43,6.4368,6.425,6.435,60
2025-12-30 10:12:00,6.43,6.43,6.425,6.425,84
2025-12-30 10:13:00,6.42,6.43,6.42,6.43,15
2025-12-30 10:14:00,6.435,6.435,6.4325,6.4325,22
2025-12-30 10:15:00,6.44,6.445,6.435,6.44,63
2025-12-30 10:16:00,6.445,6.45,6.43,6.43,56
2025-12-30 10:17:00,6.435,6.447,6.435,6.447,11
2025-12-30 10:18:00,6.44,6.445,6.44,6.445,22
2025-12-30 10:19:00,6.45,6.45,6.44,6.441,34
2025-12-30 10:20:00,6.445,6.45,6.445,6.445,5
2025-12-30 10:21:00,6.4438,6.445,6.4,6.41,82
2025-12-30 10:22:00,6.415,6.415,6.415,6.415,1
2025-12-30 10:23:00,6.42,6.425,6.4146,6.415,26
2025-12-30 10:24:00,6.4183,6.43,6.4183,6.43,60
2025-12-30 10:25:00,6.435,6.435,6.39,6.415,305
2025-12-30 10:26:00,6.415,6.415,6.394,6.394,37
2025-12-30 10:27:00,6.4,6.4,6.395,6.4,16
2025-12-30 10:28:00,6.4,6.4,6.395,6.395,4
2025-12-30 10:29:00,6.395,6.3993,6.395,6.395,6
2025-12-30 10:30:00,6.3993,6.3993,6.39,6.395,26
2025-12-30 10:31:00,6.39,6.395,6.385,6.385,42
2025-12-30 10:32:00,6.385,6.4,6.385,6.385,59
2025-12-30 10:33:00,6.3801,6.385,6.37,6.375,174
2025-12-30 10:34:00,6.37,6.375,6.365,6.37,24
2025-12-30 10:35:00,6.375,6.375,6.375,6.375,4
2025-12-30 10:36:00,6.38,6.385,6.38,6.38,8
2025-12-30 10:37:00,6.38,6.3999,6.38,6.39,8
2025-12-30 10:38:00,6.39,6.3956,6.39,6.3956,18
2025-12-30 10:39:00,6.4,6.42,6.4,6.41,44
2025-12-30 10:40:00,6.42,6.46,6.415,6.425,172
2025-12-30 10:41:00,6.4256,6.4259,6.415,6.415,14
2025-12-30 10:42:00,6.42,6.425,6.415,6.425,18
2025-12-30 10:43:00,6.4261,6.4261,6.405,6.405,61
2025-12-30 10:44:00,6.405,6.405,6.405,6.405,0
2025-12-30 10:45:00,6.41,6.415,6.41,6.41,15
2025-12-30 10:46:00,6.41,6.41,6.405,6.405,7
2025-12-30 10:47:00,6.4,6.405,6.4,6.405,14
2025-12-30 10:48:00,6.4,6.41,6.4,6.405,13
2025-12-30 10:49:00,6.4,6.405,6.372,6.38,218
2025-12-30 10:50:00,6.385,6.385,6.385,6.385,5
2025-12-30 10:51:00,6.39,6.41,6.39,6.41,37
2025-12-30 10:52:00,6.415,6.4298,6.415,6.415,14
2025-12-30 10:53:00,6.42,6.4201,6.42,6.4201,6
2025-12-30 10:54:00,6.42,6.425,6.42,6.425,10
2025-12-30 10:55:00,6.43,6.43,6.41,6.415,51
2025-12-30 10:56:00,6.415,6.415,6.4,6.4122,148
2025-12-30 10:57:00,6.41,6.42,6.41,6.42,9
2025-12-30 10:58:00,6.425,6.425,6.425,6.425,2
2025-12-30 10:59:00,6.43,6.4599,6.43,6.455,86
2025-12-30 11:00:00,6.455,6.46,6.4545,6.46,54
2025-12-30 11:01:00,6.46,6.47,6.455,6.455,53
2025-12-30 11:02:00,6.455,6.455,6.455,6.455,6
2025-12-30 11:03:00,6.455,6.4753,6.455,6.475,59
2025-12-30 11:04:00,6.48,6.485,6.475,6.475,10
2025-12-30 11:05:00,6.4782,6.5,6.4782,6.5,31
2025-12-30 11:06:00,6.5,6.5,6.495,6.495,5
2025-12-30 11:07:00,6.5,6.5,6.485,6.485,17
2025-12-30 11:08:00,6.4844,6.485,6.48,6.48,10
2025-12-30 11:09:00,6.485,6.485,6.48,6.485,63
2025-12-30 11:10:00,6.48,6.48,6.455,6.455,40
2025-12-30 11:11:00,6.455,6.455,6.44,6.445,27
2025-12-30 11:12:00,6.4457,6.4499,6.445,6.445,22
2025-12-30 11:13:00,6.445,6.45,6.445,6.4461,39
2025-12-30 11:14:00,6.44,6.44,6.435,6.435,8
2025-12-30 11:15:00,6.43,6.4655,6.425,6.46,113
2025-12-30 11:16:00,6.46,6.475,6.46,6.47,17
2025-12-30 11:17:00,6.465,6.475,6.465,6.47,13
2025-12-30 11:18:00,6.4738,6.4738,6.4627,6.465,13
2025-12-30 11:19:00,6.47,6.47,6.455,6.455,37
2025-12-30 11:20:00,6.455,6.46,6.45,6.45,22
2025-12-30 11:21:00,6.4561,6.48,6.4561,6.475,57
2025-12-30 11:22:00,6.48,6.48,6.47,6.47,19
2025-12-30 11:23:00,6.47,6.47,6.46,6.46,12
2025-12-30 11:24:00,6.465,6.4699,6.465,6.4699,11
2025-12-30 11:25:00,6.465,6.465,6.455,6.455,5
2025-12-30 11:26:00,6.45,6.455,6.45,6.455,6
2025-12-30 11:27:00,6.45,6.4523,6.45,6.45,52
2025-12-30 11:28:00,6.45,6.45,6.425,6.43,36
2025-12-30 11:29:00,6.43,6.43,6.43,6.43,3
2025-12-30 11:30:00,6.435,6.435,6.43,6.43,14
2025-12-30 11:31:00,6.43,6.43,6.43,6.43,0
2025-12-30 11:32:00,6.43,6.43,6.425,6.425,11
2025-12-30 11:33:00,6.42,6.425,6.42,6.425,3
2025-12-30 11:34:00,6.4201,6.425,6.42,6.42,39
2025-12-30 11:35:00,6.415,6.415,6.415,6.415,33
2025-12-30 11:36:00,6.415,6.415,6.405,6.405,41
2025-12-30 11:37:00,6.405,6.405,6.405,6.405,19
2025-12-30 11:38:00,6.405,6.405,6.395,6.396,65
2025-12-30 11:39:00,6.395,6.405,6.3901,6.3967,43
2025-12-30 11:40:00,6.39,6.395,6.39,6.395,24
2025-12-30 11:41:00,6.4,6.41,6.4,6.41,9
2025-12-30 11:42:00,6.41,6.42,6.405,6.415,66
2025-12-30 11:43:00,6.4195,6.4195,6.415,6.415,8
2025-12-30 11:44:00,6.415,6.42,6.415,6.42,2
2025-12-30 11:45:00,6.4199,6.44,6.4199,6.44,76
2025-12-30 11:46:00,6.445,6.455,6.44,6.445,28
2025-12-30 11:47:00,6.455,6.4689,6.45,6.4689,27
2025-12-30 11:48:00,6.47,6.47,6.46,6.46,74
2025-12-30 11:49:00,6.4626,6.465,6.46,6.46,34
2025-12-30 11:50:00,6.45,6.46,6.45,6.455,11
2025-12-30 11:51:00,6.455,6.455,6.455,6.455,14
2025-12-30 11:52:00,6.455,6.455,6.455,6.455,2
2025-12-30 11:53:00,6.45,6.45,6.41,6.415,92
2025-12-30 11:54:00,6.415,6.415,6.415,6.415,1
2025-12-30 11:55:00,6.415,6.42,6.415,6.415,56
2025-12-30 11:56:00,6.415,6.4156,6.41,6.415,10
2025-12-30 11:57:00,6.41,6.41,6.395,6.395,17
2025-12-30 11:58:00,6.4,6.405,6.4,6.405,85
2025-12-30 11:59:00,6.405,6.405,6.395,6.395,11
2025-12-30 12:00:00,6.3917,6.395,6.39,6.395,53
2025-12-30 12:01:00,6.39,6.395,6.39,6.39,9
2025-12-30 12:02:00,6.39,6.39,6.36,6.36,281
2025-12-30 12:03:00,6.36,6.36,6.355,6.355,32
2025-12-30 12:04:00,6.36,6.365,6.36,6.36,33
2025-12-30 12:05:00,6.365,6.365,6.36,6.36,137
2025-12-30 12:06:00,6.365,6.365,6.36,6.36,33
2025-12-30 12:07:00,6.36,6.37,6.36,6.37,7
2025-12-30 12:08:00,6.365,6.365,6.355,6.355,28
2025-12-30 12:09:00,6.355,6.355,6.355,6.355,4
2025-12-30 12:10:00,6.3557,6.3563,6.3557,6.3563,2
2025-12-30 12:11:00,6.3588,6.3588,6.3588,6.3588,1
2025-12-30 12:12:00,6.3557,6.3557,6.335,6.345,149
2025-12-30 12:13:00,6.345,6.355,6.345,6.35,104
2025-12-30 12:14:00,6.35,6.35,6.345,6.345,31
2025-12-30 12:15:00,6.345,6.345,6.345,6.345,0
2025-12-30 12:16:00,6.34,6.35,6.34,6.35,167
2025-12-30 12:17:00,6.355,6.365,6.355,6.365,51
2025-12-30 12:18:00,6.365,6.365,6.365,6.365,3
2025-12-30 12:19:00,6.3627,6.365,6.3627,6.364,16
2025-12-30 12:20:00,6.365,6.3799,6.365,6.375,37
2025-12-30 12:21:00,6.375,6.385,6.375,6.375,11
2025-12-30 12:22:00,6.38,6.38,6.38,6.38,3
2025-12-30 12:23:00,6.3899,6.395,6.385,6.385,33
2025-12-30 12:24:00,6.39,6.395,6.39,6.395,3
2025-12-30 12:25:00,6.3999,6.3999,6.395,6.395,22
2025-12-30 12:26:00,6.395,6.4,6.395,6.4,5
2025-12-30 12:27:00,6.39,6.4,6.39,6.4,46
2025-12-30 12:28:00,6.395,6.395,6.385,6.385,20
2025-12-30 12:29:00,6.382,6.385,6.382,6.385,11
2025-12-30 12:30:00,6.385,6.395,6.385,6.3914,17
2025-12-30 12:31:00,6.4,6.44,6.4,6.44,240
2025-12-30 12:32:00,6.44,6.45,6.44,6.45,28
2025-12-30 12:33:00,6.445,6.445,6.436,6.436,43
2025-12-30 12:34:00,6.435,6.44,6.42,6.42,121
2025-12-30 12:35:00,6.42,6.44,6.4185,6.44,132
2025-12-30 12:36:00,6.435,6.455,6.43,6.44,184
2025-12-30 12:37:00,6.44,6.4474,6.44,6.4474,34
2025-12-30 12:38:00,6.4443,6.46,6.4443,6.46,38
2025-12-30 12:39:00,6.47,6.47,6.445,6.45,22
2025-12-30 12:40:00,6.445,6.45,6.445,6.445,28
2025-12-30 12:41:00,6.445,6.45,6.435,6.4356,73
2025-12-30 12:42:00,6.435,6.435,6.435,6.435,2
2025-12-30 12:43:00,6.43,6.43,6.425,6.425,34
2025-12-30 12:44:00,6.425,6.425,6.425,6.425,0
2025-12-30 12:45:00,6.425,6.425,6.3823,6.3823,795
2025-12-30 12:46:00,6.38,6.38,6.37,6.3772,30
2025-12-30 12:47:00,6.375,6.39,6.375,6.385,27
2025-12-30 12:48:00,6.385,6.395,6.385,6.39,14
2025-12-30 12:49:00,6.39,6.39,6.3801,6.3899,136
2025-12-30 12:50:00,6.382,6.385,6.365,6.375,62
2025-12-30 12:51:00,6.38,6.39,6.38,6.3838,40
2025-12-30 12:52:00,6.3861,6.3861,6.375,6.375,11
2025-12-30 12:53:00,6.375,6.375,6.375,6.375,2
2025-12-30 12:54:00,6.375,6.375,6.375,6.375,4
2025-12-30 12:55:00,6.3798,6.3899,6.3798,6.385,38
2025-12-30 12:56:00,6.385,6.385,6.38,6.38,4
2025-12-30 12:57:00,6.385,6.385,6.385,6.385,3
2025-12-30 12:58:00,6.38,6.3889,6.375,6.385,56
2025-12-30 12:59:00,6.38,6.41,6.375,6.38,320
2025-12-30 13:00:00,6.395,6.395,6.365,6.365,25
2025-12-30 13:01:00,6.365,6.365,6.365,6.365,11
2025-12-30 13:02:00,6.36,6.36,6.35,6.3556,113
2025-12-30 13:03:00,6.355,6.355,6.355,6.355,5
2025-12-30 13:04:00,6.35,6.355,6.35,6.35,28
2025-12-30 13:05:00,6.355,6.36,6.355,6.355,43
2025-12-30 13:06:00,6.36,6.365,6.36,6.365,35
2025-12-30 13:07:00,6.36,6.36,6.36,6.36,2
2025-12-30 13:08:00,6.36,6.36,6.35,6.355,29
2025-12-30 13:09:00,6.355,6.355,6.355,6.355,0
2025-12-30 13:10:00,6.3599,6.3599,6.35,6.35,24
2025-12-30 13:11:00,6.35,6.3577,6.35,6.3577,7
2025-12-30 13:12:00,6.355,6.3556,6.35,6.35,7
2025-12-30 13:13:00,6.3599,6.3599,6.35,6.355,11
2025-12-30 13:14:00,6.355,6.36,6.35,6.355,11
2025-12-30 13:15:00,6.355,6.355,6.34,6.3482,140
2025-12-30 13:16:00,6.345,6.345,6.345,6.345,4
2025-12-30 13:17:00,6.346,6.346,6.34,6.34,17
2025-12-30 13:18:00,6.34,6.345,6.34,6.345,6
2025-12-30 13:19:00,6.345,6.345,6.34,6.34,4
2025-12-30 13:20:00,6.345,6.345,6.34,6.34,50
2025-12-30 13:21:00,6.3416,6.3416,6.335,6.335,30
2025-12-30 13:22:00,6.335,6.335,6.335,6.335,1
2025-12-30 13:23:00,6.335,6.335,6.335,6.335,3
2025-12-30 13:24:00,6.33,6.335,6.32,6.325,80
2025-12-30 13:25:00,6.33,6.33,6.32,6.325,58
2025-12-30 13:26:00,6.32,6.32,6.32,6.32,2
2025-12-30 13:27:00,6.32,6.33,6.315,6.315,142
2025-12-30 13:28:00,6.3199,6.3199,6.3199,6.3199,18
2025-12-30 13:29:00,6.3199,6.3199,6.3199,6.3199,0
2025-12-30 13:30:00,6.315,6.315,6.3,6.305,171
2025-12-30 13:31:00,6.305,6.305,6.305,6.305,3
2025-12-30 13:32:00,6.305,6.31,6.305,6.31,17
2025-12-30 13:33:00,6.305,6.305,6.305,6.305,1
2025-12-30 13:34:00,6.305,6.305,6.305,6.305,5
2025-12-30 13:35:00,6.305,6.31,6.305,6.31,2
2025-12-30 13:36:00,6.3036,6.305,6.3,6.3,4
2025-12-30 13:37:00,6.3,6.3,6.3,6.3,0
2025-12-30 13:38:00,6.305,6.305,6.3,6.3001,189
2025-12-30 13:39:00,6.3,6.3,6.3,6.3,17
2025-12-30 13:40:00,6.3,6.3,6.2999,6.2999,31
2025-12-30 13:41:00,6.29,6.29,6.29,6.29,1
2025-12-30 13:42:00,6.29,6.305,6.29,6.305,51
2025-12-30 13:43:00,6.3,6.305,6.295,6.295,22
2025-12-30 13:44:00,6.3,6.31,6.3,6.31,33
2025-12-30 13:45:00,6.31,6.325,6.31,6.325,23
2025-12-30 13:46:00,6.325,6.325,6.325,6.325,2
2025-12-30 13:47:00,6.325,6.3299,6.315,6.325,55
2025-12-30 13:48:00,6.325,6.325,6.325,6.325,1
2025-12-30 13:49:00,6.32,6.33,6.32,6.33,10
2025-12-30 13:50:00,6.3293,6.33,6.325,6.33,11
2025-12-30 13:51:00,6.325,6.325,6.32,6.325,7
2025-12-30 13:52:00,6.32,6.335,6.32,6.335,36
2025-12-30 13:53:00,6.335,6.335,6.335,6.335,1
2025-12-30 13:54:00,6.335,6.335,6.335,6.335,1
2025-12-30 13:55:00,6.335,6.34,6.335,6.34,2
2025-12-30 13:56:00,6.34,6.34,6.325,6.3344,70
2025-12-30 13:57:00,6.33,6.33,6.33,6.33,1
2025-12-30 13:58:00,6.335,6.34,6.33,6.34,5
2025-12-30 13:59:00,6.3301,6.335,6.33,6.335,14
2025-12-30 14:00:00,6.335,6.335,6.33,6.33,19
2025-12-30 14:01:00,6.33,6.34,6.33,6.335,10
2025-12-30 14:02:00,6.34,6.35,6.33,6.34,82
2025-12-30 14:03:00,6.34,6.34,6.33,6.33,4
2025-12-30 14:04:00,6.335,6.335,6.335,6.335,1
2025-12-30 14:05:00,6.33,6.33,6.33,6.33,1
2025-12-30 14:06:00,6.335,6.335,6.335,6.335,1
2025-12-30 14:07:00,6.335,6.335,6.33,6.33,2
2025-12-30 14:08:00,6.33,6.33,6.31,6.315,49
2025-12-30 14:09:00,6.315,6.325,6.315,6.325,37
2025-12-30 14:10:00,6.325,6.325,6.3236,6.325,4
2025-12-30 14:11:00,6.33,6.34,6.33,6.34,23
2025-12-30 14:12:00,6.3456,6.3499,6.345,6.345,27
2025-12-30 14:13:00,6.3475,6.3499,6.3473,6.3499,3
2025-12-30 14:14:00,6.345,6.345,6.345,6.345,1
2025-12-30 14:15:00,6.34,6.34,6.335,6.335,8
2025-12-30 14:16:00,6.335,6.335,6.335,6.335,0
2025-12-30 14:17:00,6.3303,6.3303,6.325,6.325,33
2025-12-30 14:18:00,6.325,6.325,6.325,6.325,1
2025-12-30 14:19:00,6.325,6.325,6.325,6.325,10
2025-12-30 14:20:00,6.3299,6.3299,6.32,6.3221,12
2025-12-30 14:21:00,6.325,6.335,6.325,6.33,14
2025-12-30 14:22:00,6.335,6.335,6.335,6.335,4
2025-12-30 14:23:00,6.3362,6.3362,6.33,6.335,28
2025-12-30 14:24:00,6.335,6.34,6.335,6.34,6
2025-12-30 14:25:00,6.335,6.335,6.33,6.33,3
2025-12-30 14:26:00,6.3366,6.3366,6.3366,6.3366,1
2025-12-30 14:27:00,6.33,6.335,6.33,6.335,9
2025-12-30 14:28:00,6.335,6.336,6.335,6.335,16
2025-12-30 14:29:00,6.34,6.34,6.3325,6.335,8
2025-12-30 14:30:00,6.335,6.335,6.335,6.335,1
2025-12-30 14:31:00,6.34,6.34,6.335,6.34,4
2025-12-30 14:32:00,6.335,6.34,6.33,6.33,4
2025-12-30 14:33:00,6.335,6.34,6.335,6.34,2
2025-12-30 14:34:00,6.34,6.34,6.33,6.33,3
2025-12-30 14:35:00,6.34,6.35,6.34,6.3465,38
2025-12-30 14:36:00,6.345,6.35,6.345,6.3456,12
2025-12-30 14:37:00,6.3461,6.3461,6.345,6.345,9
2025-12-30 14:38:00,6.3439,6.35,6.3439,6.345,22
2025-12-30 14:39:00,6.35,6.36,6.3498,6.355,94
2025-12-30 14:40:00,6.355,6.36,6.355,6.355,7
2025-12-30 14:41:00,6.36,6.365,6.355,6.355,31
2025-12-30 14:42:00,6.36,6.36,6.3567,6.3576,7
2025-12-30 14:43:00,6.36,6.365,6.36,6.365,31
2025-12-30 14:44:00,6.36,6.365,6.355,6.355,29
2025-12-30 14:45:00,6.355,6.355,6.3513,6.355,27
2025-12-30 14:46:00,6.3546,6.3546,6.3546,6.3546,2
2025-12-30 14:47:00,6.3546,6.3546,6.3546,6.3546,0
2025-12-30 14:48:00,6.355,6.355,6.34,6.3444,33
2025-12-30 14:49:00,6.345,6.345,6.34,6.345,37
2025-12-30 14:50:00,6.345,6.345,6.345,6.345,1
2025-12-30 14:51:00,6.345,6.345,6.345,6.345,0
2025-12-30 14:52:00,6.3463,6.3463,6.335,6.335,13
2025-12-30 14:53:00,6.335,6.335,6.335,6.335,0
2025-12-30 14:54:00,6.335,6.335,6.335,6.335,3
2025-12-30 14:55:00,6.335,6.335,6.335,6.335,0
2025-12-30 14:56:00,6.336,6.34,6.335,6.34,24
2025-12-30 14:57:00,6.335,6.335,6.335,6.335,9
2025-12-30 14:58:00,6.335,6.335,6.335,6.335,1
2025-12-30 14:59:00,6.335,6.3365,6.335,6.3365,3
2025-12-30 15:00:00,6.335,6.3399,6.33,6.335,10
2025-12-30 15:01:00,6.335,6.335,6.335,6.335,0
2025-12-30 15:02:00,6.335,6.335,6.33,6.33,11
2025-12-30 15:03:00,6.3355,6.34,6.33,6.33,13
2025-12-30 15:04:00,6.335,6.335,6.33,6.335,3
2025-12-30 15:05:00,6.335,6.34,6.335,6.34,11
2025-12-30 15:06:00,6.335,6.34,6.33,6.34,15
2025-12-30 15:07:00,6.34,6.34,6.335,6.34,5
2025-12-30 15:08:00,6.34,6.34,6.335,6.335,5
2025-12-30 15:09:00,6.34,6.34,6.34,6.34,5
2025-12-30 15:10:00,6.335,6.34,6.33,6.34,6
2025-12-30 15:11:00,6.335,6.335,6.33,6.335,4
2025-12-30 15:12:00,6.335,6.335,6.3114,6.3152,51
2025-12-30 15:13:00,6.3199,6.3199,6.315,6.315,6
2025-12-30 15:14:00,6.3139,6.3278,6.3139,6.3278,90
2025-12-30 15:15:00,6.325,6.325,6.325,6.325,1
2025-12-30 15:16:00,6.325,6.3297,6.325,6.3297,42
2025-12-30 15:17:00,6.3297,6.3297,6.3297,6.3297,0
2025-12-30 15:18:00,6.33,6.335,6.33,6.3343,31
2025-12-30 15:19:00,6.3343,6.3343,6.3343,6.3343,0
2025-12-30 15:20:00,6.335,6.345,6.335,6.345,29
2025-12-30 15:21:00,6.345,6.345,6.34,6.345,3
2025-12-30 15:22:00,6.345,6.345,6.345,6.345,1
2025-12-30 15:23:00,6.345,6.345,6.345,6.345,2
2025-12-30 15:24:00,6.345,6.37,6.345,6.36,74
2025-12-30 15:25:00,6.37,6.375,6.36,6.375,355
2025-12-30 15:26:00,6.375,6.375,6.37,6.375,196
2025-12-30 15:27:00,6.38,6.38,6.38,6.38,5
2025-12-30 15:28:00,6.37,6.375,6.35,6.355,1088
2025-12-30 15:29:00,6.35,6.35,6.34,6.345,32
2025-12-30 15:30:00,6.35,6.35,6.344,6.344,15
2025-12-30 15:31:00,6.3448,6.345,6.3448,6.345,4
2025-12-30 15:32:00,6.34,6.346,6.335,6.345,176
2025-12-30 15:33:00,6.345,6.345,6.345,6.345,51
2025-12-30 15:34:00,6.345,6.365,6.34,6.365,150
2025-12-30 15:35:00,6.365,6.37,6.365,6.365,12
2025-12-30 15:36:00,6.365,6.37,6.365,6.365,13
2025-12-30 15:37:00,6.365,6.365,6.365,6.365,10
2025-12-30 15:38:00,6.365,6.365,6.35,6.35,59
2025-12-30 15:39:00,6.35,6.35,6.345,6.345,30
2025-12-30 15:40:00,6.345,6.345,6.345,6.345,2
2025-12-30 15:41:00,6.345,6.345,6.34,6.34,2
2025-12-30 15:42:00,6.345,6.345,6.345,6.345,11
2025-12-30 15:43:00,6.35,6.355,6.35,6.35,51
2025-12-30 15:44:00,6.345,6.365,6.345,6.365,170
2025-12-30 15:45:00,6.365,6.365,6.36,6.365,22
2025-12-30 15:46:00,6.36,6.36,6.355,6.355,69
2025-12-30 15:47:00,6.35,6.355,6.345,6.355,53
2025-12-30 15:48:00,6.3583,6.375,6.35,6.375,115
2025-12-30 15:49:00,6.37,6.375,6.365,6.366,71
2025-12-30 15:50:00,6.36,6.36,6.344,6.345,80
2025-12-30 15:51:00,6.345,6.36,6.345,6.35,58
2025-12-30 15:52:00,6.355,6.3564,6.3536,6.355,28
2025-12-30 15:53:00,6.355,6.355,6.345,6.345,101
2025-12-30 15:54:00,6.345,6.365,6.345,6.36,92
2025-12-30 15:55:00,6.355,6.365,6.355,6.365,76
2025-12-30 15:56:00,6.365,6.365,6.3548,6.355,162
2025-12-30 15:57:00,6.355,6.36,6.35,6.355,46
2025-12-30 15:58:00,6.355,6.376,6.35,6.375,223
2025-12-30 15:59:00,6.375,6.39,6.37,6.39,521
2025-12-31 09:30:00,6.31,6.44,6.23,6.2426,421
2025-12-31 09:31:00,6.24,6.26,6.2373,6.2373,46
2025-12-31 09:32:00,6.26,6.32,6.26,6.32,33
2025-12-31 09:33:00,6.32,6.32,6.32,6.32,0
2025-12-31 09:34:00,6.29,6.29,6.27,6.27,38
2025-12-31 09:35:00,6.26,6.28,6.26,6.26,26
2025-12-31 09:36:00,6.27,6.28,6.26,6.28,65
2025-12-31 09:37:00,6.28,6.29,6.28,6.28,15
2025-12-31 09:38:00,6.2725,6.31,6.2725,6.31,52
2025-12-31 09:39:00,6.31,6.3199,6.3,6.3,58
2025-12-31 09:40:00,6.295,6.295,6.28,6.28,48
2025-12-31 09:41:00,6.29,6.29,6.29,6.29,100
2025-12-31 09:42:00,6.29,6.29,6.27,6.285,73
2025-12-31 09:43:00,6.29,6.3,6.285,6.3,21
2025-12-31 09:44:00,6.3,6.31,6.2966,6.31,60
2025-12-31 09:45:00,6.3,6.3,6.29,6.29,8
2025-12-31 09:46:00,6.3,6.3,6.2924,6.2999,29
2025-12-31 09:47:00,6.2999,6.3,6.29,6.29,62
2025-12-31 09:48:00,6.29,6.29,6.285,6.2883,15
2025-12-31 09:49:00,6.285,6.3,6.28,6.29,40
2025-12-31 09:50:00,6.3,6.3,6.3,6.3,21
2025-12-31 09:51:00,6.3,6.3,6.29,6.29,23
2025-12-31 09:52:00,6.3,6.32,6.3,6.32,23
2025-12-31 09:53:00,6.32,6.32,6.29,6.29,78
2025-12-31 09:54:00,6.306,6.315,6.3,6.3001,65
2025-12-31 09:55:00,6.3,6.3055,6.3,6.3055,2
2025-12-31 09:56:00,6.305,6.3151,6.305,6.3145,38
2025-12-31 09:57:00,6.315,6.32,6.315,6.32,25
2025-12-31 09:58:00,6.319,6.32,6.3164,6.32,15
2025-12-31 09:59:00,6.325,6.325,6.31,6.32,16
2025-12-31 10:00:00,6.33,6.33,6.295,6.295,22
2025-12-31 10:01:00,6.295,6.3,6.285,6.29,43
2025-12-31 10:02:00,6.2999,6.305,6.2986,6.3,27
2025-12-31 10:03:00,6.309,6.309,6.295,6.295,5
2025-12-31 10:04:00,6.29,6.29,6.29,6.29,1
2025-12-31 10:05:00,6.295,6.295,6.285,6.285,33
2025-12-31 10:06:00,6.28,6.28,6.275,6.275,5
2025-12-31 10:07:00,6.27,6.28,6.27,6.28,3
2025-12-31 10:08:00,6.2701,6.28,6.25,6.28,321
2025-12-31 10:09:00,6.275,6.28,6.275,6.2799,69
2025-12-31 10:10:00,6.275,6.28,6.27,6.28,17
2025-12-31 10:11:00,6.275,6.275,6.275,6.275,1
2025-12-31 10:12:00,6.27,6.27,6.26,6.26,23
2025-12-31 10:13:00,6.265,6.265,6.265,6.265,1
2025-12-31 10:14:00,6.265,6.265,6.26,6.26,33
2025-12-31 10:15:00,6.27,6.285,6.26,6.285,47
2025-12-31 10:16:00,6.285,6.285,6.285,6.285,0
2025-12-31 10:17:00,6.2701,6.2701,6.2701,6.2701,1
2025-12-31 10:18:00,6.2786,6.2786,6.265,6.265,15
2025-12-31 10:19:00,6.265,6.265,6.265,6.265,3
2025-12-31 10:20:00,6.27,6.27,6.265,6.265,29
2025-12-31 10:21:00,6.265,6.28,6.265,6.28,22
2025-12-31 10:22:00,6.28,6.28,6.265,6.27,28
2025-12-31 10:23:00,6.2755,6.2755,6.265,6.265,7
2025-12-31 10:24:00,6.27,6.305,6.27,6.305,33
2025-12-31 10:25:00,6.305,6.3097,6.305,6.305,11
2025-12-31 10:26:00,6.305,6.31,6.305,6.305,16
2025-12-31 10:27:00,6.3,6.32,6.295,6.315,42
2025-12-31 10:28:00,6.3145,6.3145,6.31,6.31,6
2025-12-31 10:29:00,6.3199,6.3199,6.3199,6.3199,20
2025-12-31 10:30:00,6.32,6.325,6.315,6.315,37
2025-12-31 10:31:00,6.3103,6.3103,6.3,6.3,7
2025-12-31 10:32:00,6.31,6.31,6.31,6.31,16
2025-12-31 10:33:00,6.32,6.325,6.32,6.325,13
2025-12-31 10:34:00,6.321,6.3239,6.321,6.3239,7
2025-12-31 10:35:00,6.32,6.32,6.32,6.32,109
2025-12-31 10:36:00,6.32,6.325,6.32,6.325,12
2025-12-31 10:37:00,6.325,6.325,6.325,6.325,0
2025-12-31 10:38:00,6.32,6.325,6.32,6.325,2
2025-12-31 10:39:00,6.325,6.325,6.325,6.325,1
2025-12-31 10:40:00,6.32,6.32,6.315,6.315,17
2025-12-31 10:41:00,6.315,6.3177,6.3134,6.3134,16
2025-12-31 10:42:00,6.32,6.32,6.315,6.315,19
2025-12-31 10:43:00,6.315,6.315,6.29,6.295,219
2025-12-31 10:44:00,6.295,6.295,6.295,6.295,11
2025-12-31 10:45:00,6.2901,6.2901,6.2901,6.2901,5
2025-12-31 10:46:00,6.295,6.3,6.29,6.3,69
2025-12-31 10:47:00,6.3027,6.32,6.3027,6.32,59
2025-12-31 10:48:00,6.3284,6.3284,6.3201,6.325,32
2025-12-31 10:49:00,6.325,6.325,6.325,6.325,13
2025-12-31 10:50:00,6.325,6.325,6.325,6.325,0
2025-12-31 10:51:00,6.3261,6.34,6.32,6.335,49
2025-12-31 10:52:00,6.33,6.33,6.3245,6.3245,20
2025-12-31 10:53:00,6.3243,6.3243,6.3243,6.3243,1
2025-12-31 10:54:00,6.32,6.32,6.32,6.32,3
2025-12-31 10:55:00,6.315,6.3198,6.315,6.3176,11
2025-12-31 10:56:00,6.3176,6.3176,6.3176,6.3176,0
2025-12-31 10:57:00,6.32,6.33,6.32,6.325,43
2025-12-31 10:58:00,6.3298,6.33,6.325,6.325,27
2025-12-31 10:59:00,6.325,6.325,6.32,6.32,16
2025-12-31 11:00:00,6.325,6.33,6.32,6.33,31
2025-12-31 11:01:00,6.325,6.325,6.32,6.32,2
2025-12-31 11:02:00,6.32,6.325,6.32,6.325,24
2025-12-31 11:03:00,6.325,6.345,6.325,6.345,38
2025-12-31 11:04:00,6.345,6.345,6.33,6.33,36
2025-12-31 11:05:00,6.33,6.33,6.325,6.325,31
2025-12-31 11:06:00,6.33,6.33,6.325,6.325,18
2025-12-31 11:07:00,6.3284,6.3284,6.32,6.325,15
2025-12-31 11:08:00,6.325,6.325,6.325,6.325,0
2025-12-31 11:09:00,6.325,6.325,6.32,6.325,7
2025-12-31 11:10:00,6.325,6.325,6.325,6.325,2
2025-12-31 11:11:00,6.325,6.335,6.325,6.3337,36
2025-12-31 11:12:00,6.335,6.34,6.335,6.34,8
2025-12-31 11:13:00,6.3393,6.3498,6.3393,6.3401,69
2025-12-31 11:14:00,6.3401,6.3401,6.3401,6.3401,5
2025-12-31 11:15:00,6.3434,6.345,6.3434,6.345,4
2025-12-31 11:16:00,6.345,6.345,6.34,6.34,33
2025-12-31 11:17:00,6.335,6.335,6.335,6.335,4
2025-12-31 11:18:00,6.335,6.335,6.3345,6.3345,3
2025-12-31 11:19:00,6.34,6.36,6.34,6.355,39
2025-12-31 11:20:00,6.36,6.365,6.36,6.3601,19
2025-12-31 11:21:00,6.3645,6.3645,6.3601,6.3601,20
2025-12-31 11:22:00,6.3601,6.3601,6.3601,6.3601,0
2025-12-31 11:23:00,6.37,6.37,6.365,6.3678,21
2025-12-31 11:24:00,6.3653,6.3655,6.365,6.3655,22
2025-12-31 11:25:00,6.365,6.365,6.365,6.365,9
2025-12-31 11:26:00,6.36,6.3745,6.36,6.3745,42
2025-12-31 11:27:00,6.37,6.3775,6.3646,6.3775,74
2025-12-31 11:28:00,6.3725,6.375,6.3725,6.375,12
2025-12-31 11:29:00,6.37,6.37,6.365,6.365,7
2025-12-31 11:30:00,6.36,6.365,6.36,6.365,27
2025-12-31 11:31:00,6.3699,6.37,6.3699,6.37,40
2025-12-31 11:32:00,6.3703,6.38,6.37,6.3778,56
2025-12-31 11:33:00,6.375,6.375,6.375,6.375,16
2025-12-31 11:34:00,6.375,6.375,6.375,6.375,0
2025-12-31 11:35:00,6.3745,6.375,6.3745,6.375,11
2025-12-31 11:36:00,6.38,6.38,6.38,6.38,7
2025-12-31 11:37:00,6.38,6.385,6.375,6.385,27
2025-12-31 11:38:00,6.385,6.39,6.385,6.389,34
2025-12-31 11:39:00,6.3906,6.395,6.385,6.385,27
2025-12-31 11:40:00,6.3837,6.3837,6.3837,6.3837,7
2025-12-31 11:41:00,6.39,6.39,6.385,6.385,4
2025-12-31 11:42:00,6.385,6.4,6.385,6.39,40
2025-12-31 11:43:00,6.385,6.39,6.385,6.385,11
2025-12-31 11:44:00,6.3832,6.385,6.38,6.385,26
2025-12-31 11:45:00,6.385,6.385,6.385,6.385,0
2025-12-31 11:46:00,6.38,6.4061,6.38,6.405,162
2025-12-31 11:47:00,6.405,6.408,6.405,6.405,80
2025-12-31 11:48:00,6.41,6.415,6.41,6.415,35
2025-12-31 11:49:00,6.415,6.42,6.415,6.4199,17
2025-12-31 11:50:00,6.415,6.415,6.415,6.415,1
2025-12-31 11:51:00,6.415,6.415,6.415,6.415,0
2025-12-31 11:52:00,6.42,6.42,6.415,6.415,22
2025-12-31 11:53:00,6.415,6.415,6.4103,6.415,87
2025-12-31 11:54:00,6.415,6.415,6.415,6.415,0
2025-12-31 11:55:00,6.415,6.415,6.415,6.415,2
2025-12-31 11:56:00,6.412,6.415,6.385,6.385,128
2025-12-31 11:57:00,6.3832,6.39,6.38,6.39,22
2025-12-31 11:58:00,6.385,6.385,6.385,6.385,10
2025-12-31 11:59:00,6.38,6.39,6.38,6.3865,12
2025-12-31 12:00:00,6.38,6.3801,6.38,6.3801,9
2025-12-31 12:01:00,6.385,6.385,6.38,6.385,24
2025-12-31 12:02:00,6.385,6.385,6.385,6.385,4
2025-12-31 12:03:00,6.38,6.39,6.38,6.39,43
2025-12-31 12:04:00,6.385,6.385,6.38,6.38,4
2025-12-31 12:05:00,6.38,6.38,6.38,6.38,0
2025-12-31 12:06:00,6.38,6.38,6.38,6.38,22
2025-12-31 12:07:00,6.385,6.388,6.385,6.3875,5
2025-12-31 12:08:00,6.3875,6.3875,6.3875,6.3875,0
2025-12-31 12:09:00,6.3899,6.3899,6.3899,6.3899,4
2025-12-31 12:10:00,6.385,6.385,6.385,6.385,4
2025-12-31 12:11:00,6.385,6.385,6.385,6.385,2
2025-12-31 12:12:00,6.39,6.41,6.385,6.41,61
2025-12-31 12:13:00,6.41,6.4199,6.41,6.415,36
2025-12-31 12:14:00,6.42,6.4277,6.42,6.4277,10
2025-12-31 12:15:00,6.4239,6.4261,6.4239,6.4261,20
2025-12-31 12:16:00,6.4256,6.4256,6.425,6.425,6
2025-12-31 12:17:00,6.425,6.425,6.4,6.407,41
2025-12-31 12:18:00,6.41,6.41,6.4099,6.4099,20
2025-12-31 12:19:00,6.41,6.415,6.41,6.415,15
2025-12-31 12:20:00,6.42,6.42,6.41,6.41,5
2025-12-31 12:21:00,6.4101,6.42,6.41,6.41,71
2025-12-31 12:22:00,6.41,6.41,6.41,6.41,17
2025-12-31 12:23:00,6.4045,6.41,6.4045,6.41,18
2025-12-31 12:24:00,6.405,6.41,6.405,6.4063,54
2025-12-31 12:25:00,6.405,6.41,6.405,6.41,45
2025-12-31 12:26:00,6.4199,6.44,6.4199,6.4251,856
2025-12-31 12:27:00,6.4251,6.4251,6.4251,6.4251,0
2025-12-31 12:28:00,6.42,6.42,6.42,6.42,11
2025-12-31 12:29:00,6.42,6.42,6.415,6.415,3
2025-12-31 12:30:00,6.415,6.415,6.415,6.415,0
2025-12-31 12:31:00,6.42,6.425,6.42,6.425,23
2025-12-31 12:32:00,6.425,6.425,6.419,6.42,24
2025-12-31 12:33:00,6.42,6.42,6.42,6.42,13
2025-12-31 12:34:00,6.4199,6.435,6.4199,6.434,103
2025-12-31 12:35:00,6.4337,6.435,6.4245,6.4245,48
2025-12-31 12:36:00,6.42,6.4292,6.42,6.425,26
2025-12-31 12:37:00,6.425,6.425,6.425,6.425,0
2025-12-31 12:38:00,6.4222,6.4222,6.4222,6.4222,10
2025-12-31 12:39:00,6.4222,6.4222,6.4222,6.4222,0
2025-12-31 12:40:00,6.43,6.43,6.4255,6.4255,5
2025-12-31 12:41:00,6.425,6.425,6.415,6.415,18
2025-12-31 12:42:00,6.415,6.415,6.4,6.4,18
2025-12-31 12:43:00,6.4,6.4,6.4,6.4,0
2025-12-31 12:44:00,6.405,6.41,6.405,6.41,4
2025-12-31 12:45:00,6.41,6.41,6.4,6.41,6
2025-12-31 12:46:00,6.41,6.41,6.405,6.405,8
2025-12-31 12:47:00,6.405,6.4086,6.395,6.405,51
2025-12-31 12:48:00,6.4065,6.4145,6.4065,6.4145,62
2025-12-31 12:49:00,6.4145,6.4145,6.4145,6.4145,0
2025-12-31 12:50:00,6.415,6.415,6.415,6.415,11
2025-12-31 12:51:00,6.415,6.415,6.415,6.415,1
2025-12-31 12:52:00,6.4161,6.418,6.4161,6.418,12
2025-12-31 12:53:00,6.415,6.415,6.415,6.415,1
2025-12-31 12:54:00,6.415,6.415,6.415,6.415,1
2025-12-31 12:55:00,6.415,6.415,6.415,6.415,0
2025-12-31 12:56:00,6.415,6.415,6.415,6.415,0
2025-12-31 12:57:00,6.4107,6.42,6.4107,6.42,8
2025-12-31 12:58:00,6.41,6.42,6.41,6.42,5
2025-12-31 12:59:00,6.415,6.415,6.414,6.415,35
2025-12-31 13:00:00,6.4199,6.4199,6.41,6.4125,13
2025-12-31 13:01:00,6.415,6.415,6.415,6.415,11
2025-12-31 13:02:00,6.415,6.43,6.415,6.425,108
2025-12-31 13:03:00,6.4245,6.425,6.4245,6.425,11
2025-12-31 13:04:00,6.425,6.465,6.425,6.445,107
2025-12-31 13:05:00,6.445,6.455,6.4,6.42,253
2025-12-31 13:06:00,6.43,6.43,6.425,6.43,10
2025-12-31 13:07:00,6.43,6.43,6.4299,6.4299,9
2025-12-31 13:08:00,6.44,6.45,6.44,6.445,27
2025-12-31 13:09:00,6.445,6.445,6.445,6.445,2
2025-12-31 13:10:00,6.445,6.445,6.445,6.445,0
2025-12-31 13:11:00,6.45,6.455,6.45,6.45,21
2025-12-31 13:12:00,6.4556,6.4557,6.455,6.4557,18
2025-12-31 13:13:00,6.455,6.455,6.455,6.455,1
2025-12-31 13:14:00,6.45,6.46,6.45,6.46,19
2025-12-31 13:15:00,6.46,6.46,6.46,6.46,0
2025-12-31 13:16:00,6.45,6.45,6.45,6.45,6
2025-12-31 13:17:00,6.45,6.45,6.445,6.445,7
2025-12-31 13:18:00,6.4439,6.445,6.4427,6.445,14
2025-12-31 13:19:00,6.44,6.44,6.435,6.435,5
2025-12-31 13:20:00,6.435,6.435,6.435,6.435,1
2025-12-31 13:21:00,6.4301,6.435,6.4301,6.4343,112
2025-12-31 13:22:00,6.4343,6.4343,6.4343,6.4343,0
2025-12-31 13:23:00,6.43,6.435,6.43,6.43,25
2025-12-31 13:24:00,6.43,6.43,6.43,6.43,0
2025-12-31 13:25:00,6.425,6.435,6.42,6.43,69
2025-12-31 13:26:00,6.43,6.43,6.43,6.43,0
2025-12-31 13:27:00,6.43,6.43,6.43,6.43,0
2025-12-31 13:28:00,6.44,6.44,6.435,6.435,19
2025-12-31 13:29:00,6.435,6.435,6.435,6.435,1
2025-12-31 13:30:00,6.43,6.43,6.43,6.43,1
2025-12-31 13:31:00,6.435,6.435,6.435,6.435,1
2025-12-31 13:32:00,6.435,6.435,6.435,6.435,0
2025-12-31 13:33:00,6.435,6.435,6.435,6.435,0
2025-12-31 13:34:00,6.435,6.435,6.435,6.435,2
2025-12-31 13:35:00,6.435,6.435,6.435,6.435,0
2025-12-31 13:36:00,6.44,6.44,6.44,6.44,34
2025-12-31 13:37:00,6.44,6.44,6.44,6.44,0
2025-12-31 13:38:00,6.445,6.445,6.44,6.44,18
2025-12-31 13:39:00,6.4399,6.44,6.43,6.44,150
2025-12-31 13:40:00,6.445,6.445,6.445,6.445,1
2025-12-31 13:41:00,6.445,6.445,6.445,6.445,1
2025-12-31 13:42:00,6.445,6.445,6.445,6.445,0
2025-12-31 13:43:00,6.44,6.44,6.43,6.43,10
2025-12-31 13:44:00,6.43,6.43,6.43,6.43,0
2025-12-31 13:45:00,6.4386,6.4386,6.43,6.435,21
2025-12-31 13:46:00,6.43,6.435,6.43,6.435,7
2025-12-31 13:47:00,6.435,6.435,6.43,6.435,10
2025-12-31 13:48:00,6.4399,6.4399,6.435,6.435,17
2025-12-31 13:49:00,6.43,6.43,6.43,6.43,1
2025-12-31 13:50:00,6.43,6.43,6.43,6.43,0
2025-12-31 13:51:00,6.435,6.44,6.435,6.435,30
2025-12-31 13:52:00,6.435,6.435,6.435,6.435,2
2025-12-31 13:53:00,6.435,6.445,6.435,6.445,108
2025-12-31 13:54:00,6.45,6.45,6.445,6.445,51
2025-12-31 13:55:00,6.4401,6.4461,6.44,6.44,21
2025-12-31 13:56:00,6.4401,6.445,6.44,6.4414,39
2025-12-31 13:57:00,6.44,6.4455,6.43,6.4355,47
2025-12-31 13:58:00,6.435,6.435,6.435,6.435,7
2025-12-31 13:59:00,6.4399,6.4399,6.435,6.435,27
2025-12-31 14:00:00,6.44,6.455,6.439,6.455,37
2025-12-31 14:01:00,6.4599,6.4599,6.455,6.455,2
2025-12-31 14:02:00,6.455,6.455,6.455,6.455,1
2025-12-31 14:03:00,6.455,6.455,6.455,6.455,28
2025-12-31 14:04:00,6.455,6.455,6.455,6.455,0
2025-12-31 14:05:00,6.455,6.455,6.455,6.455,15
2025-12-31 14:06:00,6.4561,6.4561,6.4532,6.4532,30
2025-12-31 14:07:00,6.455,6.46,6.455,6.46,41
2025-12-31 14:08:00,6.46,6.46,6.45,6.45,29
2025-12-31 14:09:00,6.45,6.45,6.45,6.45,0
2025-12-31 14:10:00,6.4502,6.455,6.4502,6.455,9
2025-12-31 14:11:00,6.46,6.46,6.46,6.46,44
2025-12-31 14:12:00,6.47,6.475,6.47,6.475,16
2025-12-31 14:13:00,6.4765,6.4765,6.475,6.475,2
2025-12-31 14:14:00,6.4761,6.4761,6.4761,6.4761,50
2025-12-31 14:15:00,6.4761,6.4761,6.4761,6.4761,0
2025-12-31 14:16:00,6.475,6.475,6.475,6.475,4
2025-12-31 14:17:00,6.475,6.475,6.4701,6.475,72
2025-12-31 14:18:00,6.475,6.475,6.475,6.475,1
2025-12-31 14:19:00,6.475,6.4799,6.475,6.475,65
2025-12-31 14:20:00,6.47,6.475,6.4652,6.4652,17
2025-12-31 14:21:00,6.4607,6.465,6.4607,6.465,2
2025-12-31 14:22:00,6.465,6.4662,6.465,6.4662,3
2025-12-31 14:23:00,6.4662,6.4662,6.4662,6.4662,0
2025-12-31 14:24:00,6.4695,6.4695,6.46,6.4665,11
2025-12-31 14:25:00,6.465,6.4663,6.46,6.4663,15
2025-12-31 14:26:00,6.46,6.46,6.45,6.4522,17
2025-12-31 14:27:00,6.4599,6.475,6.45,6.475,94
2025-12-31 14:28:00,6.475,6.4984,6.475,6.4959,75
2025-12-31 14:29:00,6.4997,6.51,6.4997,6.505,221
2025-12-31 14:30:00,6.505,6.505,6.5046,6.505,102
2025-12-31 14:31:00,6.505,6.5669,6.505,6.55,162
2025-12-31 14:32:00,6.55,6.5555,6.53,6.5399,75
2025-12-31 14:33:00,6.54,6.54,6.5199,6.525,44
2025-12-31 14:34:00,6.52,6.52,6.52,6.52,5
2025-12-31 14:35:00,6.5167,6.527,6.5167,6.5257,36
2025-12-31 14:36:00,6.52,6.52,6.52,6.52,5
2025-12-31 14:37:00,6.53,6.5363,6.53,6.5363,19
2025-12-31 14:38:00,6.5338,6.535,6.52,6.52,30
2025-12-31 14:39:00,6.5212,6.5212,6.5212,6.5212,3
2025-12-31 14:40:00,6.53,6.53,6.53,6.53,3
2025-12-31 14:41:00,6.53,6.53,6.53,6.53,0
2025-12-31 14:42:00,6.5231,6.525,6.5231,6.525,11
2025-12-31 14:43:00,6.52,6.52,6.52,6.52,20
2025-12-31 14:44:00,6.52,6.52,6.515,6.515,16
2025-12-31 14:45:00,6.515,6.515,6.515,6.515,5
2025-12-31 14:46:00,6.515,6.515,6.505,6.5088,39
2025-12-31 14:47:00,6.5068,6.51,6.505,6.505,57
2025-12-31 14:48:00,6.51,6.515,6.51,6.515,23
2025-12-31 14:49:00,6.5194,6.52,6.5136,6.52,37
2025-12-31 14:50:00,6.52,6.52,6.52,6.52,1
2025-12-31 14:51:00,6.52,6.525,6.52,6.525,23
2025-12-31 14:52:00,6.5245,6.5245,6.5245,6.5245,1
2025-12-31 14:53:00,6.5297,6.535,6.52,6.535,45
2025-12-31 14:54:00,6.535,6.535,6.5307,6.535,38
2025-12-31 14:55:00,6.53,6.53,6.525,6.525,7
2025-12-31 14:56:00,6.5256,6.5256,6.5256,6.5256,15
2025-12-31 14:57:00,6.5286,6.5286,6.5286,6.5286,1
2025-12-31 14:58:00,6.5286,6.5286,6.5286,6.5286,0
2025-12-31 14:59:00,6.525,6.53,6.525,6.53,26
2025-12-31 15:00:00,6.525,6.5269,6.525,6.525,12
2025-12-31 15:01:00,6.525,6.525,6.5223,6.5223,11
2025-12-31 15:02:00,6.5201,6.525,6.515,6.525,36
2025-12-31 15:03:00,6.525,6.525,6.525,6.525,1
2025-12-31 15:04:00,6.5239,6.525,6.515,6.515,68
2025-12-31 15:05:00,6.52,6.525,6.52,6.525,34
2025-12-31 15:06:00,6.5239,6.5239,6.5239,6.5239,25
2025-12-31 15:07:00,6.5201,6.5201,6.515,6.515,23
2025-12-31 15:08:00,6.515,6.515,6.515,6.515,0
2025-12-31 15:09:00,6.5153,6.5153,6.5153,6.5153,30
2025-12-31 15:10:00,6.52,6.52,6.51,6.51,34
2025-12-31 15:11:00,6.51,6.51,6.505,6.505,49
2025-12-31 15:12:00,6.505,6.505,6.505,6.505,1
2025-12-31 15:13:00,6.505,6.505,6.505,6.505,0
2025-12-31 15:14:00,6.51,6.515,6.51,6.515,95
2025-12-31 15:15:00,6.515,6.525,6.515,6.52,104
2025-12-31 15:16:00,6.525,6.525,6.5201,6.5201,6
2025-12-31 15:17:00,6.525,6.525,6.525,6.525,1
2025-12-31 15:18:00,6.525,6.525,6.525,6.525,22
2025-12-31 15:19:00,6.5235,6.5235,6.5235,6.5235,10
2025-12-31 15:20:00,6.525,6.525,6.525,6.525,3
2025-12-31 15:21:00,6.5257,6.53,6.525,6.53,61
2025-12-31 15:22:00,6.5339,6.5399,6.5339,6.535,30
2025-12-31 15:23:00,6.535,6.54,6.535,6.5352,19
2025-12-31 15:24:00,6.5399,6.54,6.5331,6.54,19
2025-12-31 15:25:00,6.535,6.535,6.515,6.515,78
2025-12-31 15:26:00,6.52,6.525,6.52,6.525,48
2025-12-31 15:27:00,6.52,6.52,6.52,6.52,10
2025-12-31 15:28:00,6.515,6.515,6.515,6.515,3
2025-12-31 15:29:00,6.51,6.51,6.505,6.505,31
2025-12-31 15:30:00,6.5,6.5,6.4801,6.485,347
2025-12-31 15:31:00,6.485,6.495,6.475,6.495,63
2025-12-31 15:32:00,6.495,6.495,6.495,6.495,1
2025-12-31 15:33:00,6.4986,6.4986,6.48,6.48,38
2025-12-31 15:34:00,6.475,6.4772,6.475,6.475,19
2025-12-31 15:35:00,6.475,6.475,6.475,6.475,1
2025-12-31 15:36:00,6.475,6.475,6.475,6.475,5
2025-12-31 15:37:00,6.4799,6.495,6.475,6.495,173
2025-12-31 15:38:00,6.495,6.4953,6.495,6.4953,3
2025-12-31 15:39:00,6.49,6.49,6.49,6.49,9
2025-12-31 15:40:00,6.475,6.475,6.475,6.475,3
2025-12-31 15:41:00,6.475,6.485,6.475,6.485,30
2025-12-31 15:42:00,6.4899,6.4899,6.485,6.485,4
2025-12-31 15:43:00,6.485,6.49,6.485,6.485,16
2025-12-31 15:44:00,6.485,6.49,6.485,6.485,34
2025-12-31 15:45:00,6.485,6.495,6.485,6.495,18
2025-12-31 15:46:00,6.5,6.5,6.495,6.495,78
2025-12-31 15:47:00,6.5,6.5,6.4942,6.4942,27
2025-12-31 15:48:00,6.5,6.5,6.4901,6.4999,76
2025-12-31 15:49:00,6.495,6.5,6.495,6.5,35
2025-12-31 15:50:00,6.4966,6.5,6.475,6.475,115
2025-12-31 15:51:00,6.475,6.48,6.465,6.475,95
2025-12-31 15:52:00,6.465,6.475,6.465,6.475,55
2025-12-31 15:53:00,6.475,6.48,6.475,6.475,31
2025-12-31 15:54:00,6.475,6.515,6.475,6.495,320
2025-12-31 15:55:00,6.5,6.5,6.4948,6.495,89
2025-12-31 15:56:00,6.495,6.5,6.475,6.4868,250
2025-12-31 15:57:00,6.485,6.505,6.485,6.485,259
2025-12-31 15:58:00,6.485,6.486,6.475,6.48,198
2025-12-31 15:59:00,6.48,6.48,6.45,6.45,931
2026-01-02 09:30:00,6.54,6.59,6.53,6.565,959
2026-01-02 09:31:00,6.54,6.54,6.45,6.45,423
2026-01-02 09:32:00,6.43,6.44,6.36,6.385,29
2026-01-02 09:33:00,6.388,6.388,6.35,6.368,62
2026-01-02 09:34:00,6.375,6.3874,6.35,6.35,15
2026-01-02 09:35:00,6.35,6.4,6.32,6.36,175
2026-01-02 09:36:00,6.36,6.37,6.31,6.3235,296
2026-01-02 09:37:00,6.31,6.31,6.21,6.2232,555
2026-01-02 09:38:00,6.22,6.2561,6.19,6.2,507
2026-01-02 09:39:00,6.2,6.2299,6.16,6.2,170
2026-01-02 09:40:00,6.215,6.23,6.2,6.215,243
2026-01-02 09:41:00,6.23,6.23,6.215,6.22,250
2026-01-02 09:42:00,6.21,6.23,6.21,6.23,113
2026-01-02 09:43:00,6.225,6.25,6.22,6.235,224
2026-01-02 09:44:00,6.22,6.2299,6.2,6.2,233
2026-01-02 09:45:00,6.2,6.278,6.19,6.27,739
2026-01-02 09:46:00,6.27,6.28,6.27,6.27,71
2026-01-02 09:47:00,6.27,6.31,6.27,6.305,170
2026-01-02 09:48:00,6.305,6.3231,6.3,6.32,99
2026-01-02 09:49:00,6.33,6.35,6.33,6.35,65
2026-01-02 09:50:00,6.36,6.38,6.3585,6.37,74
2026-01-02 09:51:00,6.375,6.375,6.36,6.36,41
2026-01-02 09:52:00,6.36,6.37,6.36,6.365,30
2026-01-02 09:53:00,6.3625,6.4,6.36,6.4,109
2026-01-02 09:54:00,6.4,6.4,6.38,6.38,57
2026-01-02 09:55:00,6.3899,6.4394,6.3899,6.43,245
2026-01-02 09:56:00,6.43,6.44,6.4279,6.433,159
2026-01-02 09:57:00,6.44,6.44,6.421,6.43,12
2026-01-02 09:58:00,6.42,6.437,6.42,6.425,25
2026-01-02 09:59:00,6.425,6.46,6.41,6.428,217
2026-01-02 10:00:00,6.43,6.435,6.43,6.435,11
2026-01-02 10:01:00,6.435,6.45,6.435,6.45,21
2026-01-02 10:02:00,6.44,6.44,6.42,6.43,148
2026-01-02 10:03:00,6.425,6.425,6.415,6.419,31
2026-01-02 10:04:00,6.415,6.42,6.415,6.415,19
2026-01-02 10:05:00,6.415,6.415,6.39,6.4,58
2026-01-02 10:06:00,6.4,6.43,6.395,6.427,45
2026-01-02 10:07:00,6.43,6.43,6.41,6.415,24
2026-01-02 10:08:00,6.42,6.455,6.42,6.455,60
2026-01-02 10:09:00,6.455,6.455,6.445,6.445,15
2026-01-02 10:10:00,6.445,6.455,6.44,6.44,48
2026-01-02 10:11:00,6.445,6.445,6.425,6.44,34
2026-01-02 10:12:00,6.44,6.44,6.44,6.44,29
2026-01-02 10:13:00,6.445,6.4699,6.445,6.4699,21
2026-01-02 10:14:00,6.47,6.475,6.465,6.465,36
2026-01-02 10:15:00,6.46,6.47,6.45,6.47,36
2026-01-02 10:16:00,6.47,6.48,6.47,6.48,10
2026-01-02 10:17:00,6.48,6.485,6.47,6.47,35
2026-01-02 10:18:00,6.47,6.485,6.4686,6.4844,38
2026-01-02 10:19:00,6.48,6.495,6.46,6.47,267
2026-01-02 10:20:00,6.465,6.47,6.45,6.46,85
2026-01-02 10:21:00,6.46,6.46,6.44,6.4401,32
2026-01-02 10:22:00,6.45,6.46,6.4256,6.43,23
2026-01-02 10:23:00,6.44,6.44,6.43,6.43,27
2026-01-02 10:24:00,6.43,6.43,6.425,6.425,10
2026-01-02 10:25:00,6.42,6.44,6.42,6.435,15
2026-01-02 10:26:00,6.44,6.5,6.4391,6.5,113
2026-01-02 10:27:00,6.5,6.51,6.485,6.49,227
2026-01-02 10:28:00,6.49,6.49,6.465,6.465,25
2026-01-02 10:29:00,6.47,6.475,6.465,6.47,18
2026-01-02 10:30:00,6.47,6.5,6.465,6.5,69
2026-01-02 10:31:00,6.495,6.495,6.465,6.465,163
2026-01-02 10:32:00,6.47,6.4863,6.47,6.48,30
2026-01-02 10:33:00,6.489,6.49,6.48,6.49,17
2026-01-02 10:34:00,6.5,6.5154,6.495,6.505,93
2026-01-02 10:35:00,6.505,6.505,6.505,6.505,2
2026-01-02 10:36:00,6.51,6.51,6.495,6.495,43
2026-01-02 10:37:00,6.505,6.505,6.495,6.5,21
2026-01-02 10:38:00,6.49,6.49,6.485,6.485,17
2026-01-02 10:39:00,6.485,6.49,6.485,6.49,41
2026-01-02 10:40:00,6.49,6.492,6.485,6.485,15
2026-01-02 10:41:00,6.49,6.49,6.485,6.485,33
2026-01-02 10:42:00,6.485,6.485,6.46,6.47,274
2026-01-02 10:43:00,6.46,6.465,6.46,6.465,8
2026-01-02 10:44:00,6.465,6.47,6.46,6.465,154
2026-01-02 10:45:00,6.465,6.465,6.46,6.465,19
2026-01-02 10:46:00,6.47,6.485,6.47,6.48,72
2026-01-02 10:47:00,6.485,6.485,6.48,6.485,71
2026-01-02 10:48:00,6.485,6.485,6.475,6.475,29
2026-01-02 10:49:00,6.475,6.48,6.475,6.475,12
2026-01-02 10:50:00,6.48,6.485,6.475,6.4786,9
2026-01-02 10:51:00,6.47,6.47,6.465,6.47,19
2026-01-02 10:52:00,6.475,6.49,6.475,6.49,178
2026-01-02 10:53:00,6.5,6.5,6.495,6.495,6
2026-01-02 10:54:00,6.49,6.51,6.49,6.51,156
2026-01-02 10:55:00,6.505,6.509,6.505,6.505,6
2026-01-02 10:56:00,6.51,6.54,6.5099,6.535,161
2026-01-02 10:57:00,6.535,6.535,6.505,6.519,115
2026-01-02 10:58:00,6.52,6.525,6.52,6.525,4
2026-01-02 10:59:00,6.52,6.52,6.505,6.5133,16
2026-01-02 11:00:00,6.51,6.51,6.505,6.505,25
2026-01-02 11:01:00,6.5,6.505,6.495,6.505,36
2026-01-02 11:02:00,6.505,6.51,6.505,6.505,49
2026-01-02 11:03:00,6.505,6.5199,6.505,6.515,62
2026-01-02 11:04:00,6.52,6.53,6.515,6.515,75
2026-01-02 11:05:00,6.515,6.515,6.51,6.5101,13
2026-01-02 11:06:00,6.515,6.5235,6.515,6.515,33
2026-01-02 11:07:00,6.5101,6.515,6.5101,6.515,20
2026-01-02 11:08:00,6.515,6.53,6.5145,6.5145,49
2026-01-02 11:09:00,6.515,6.52,6.515,6.52,8
2026-01-02 11:10:00,6.52,6.535,6.515,6.535,47
2026-01-02 11:11:00,6.535,6.54,6.525,6.525,19
2026-01-02 11:12:00,6.525,6.53,6.52,6.525,25
2026-01-02 11:13:00,6.53,6.54,6.5255,6.53,29
2026-01-02 11:14:00,6.535,6.54,6.53,6.535,29
2026-01-02 11:15:00,6.535,6.54,6.535,6.54,67
2026-01-02 11:16:00,6.535,6.54,6.53,6.5387,72
2026-01-02 11:17:00,6.535,6.55,6.535,6.535,131
2026-01-02 11:18:00,6.53,6.53,6.525,6.525,15
2026-01-02 11:19:00,6.52,6.52,6.515,6.515,8
2026-01-02 11:20:00,6.515,6.53,6.51,6.51,59
2026-01-02 11:21:00,6.51,6.51,6.5,6.505,39
2026-01-02 11:22:00,6.505,6.535,6.505,6.535,82
2026-01-02 11:23:00,6.53,6.53,6.51,6.51,32
2026-01-02 11:24:00,6.52,6.535,6.515,6.525,48
2026-01-02 11:25:00,6.525,6.535,6.525,6.532,32
2026-01-02 11:26:00,6.535,6.54,6.5301,6.54,104
2026-01-02 11:27:00,6.545,6.545,6.545,6.545,2
2026-01-02 11:28:00,6.55,6.555,6.5449,6.555,127
2026-01-02 11:29:00,6.5501,6.555,6.545,6.545,90
2026-01-02 11:30:00,6.545,6.549,6.545,6.545,30
2026-01-02 11:31:00,6.54,6.545,6.54,6.5401,8
2026-01-02 11:32:00,6.545,6.5487,6.53,6.535,28
2026-01-02 11:33:00,6.53,6.54,6.525,6.539,41
2026-01-02 11:34:00,6.535,6.535,6.53,6.535,53
2026-01-02 11:35:00,6.535,6.535,6.525,6.535,26
2026-01-02 11:36:00,6.535,6.54,6.535,6.535,24
2026-01-02 11:37:00,6.5345,6.535,6.53,6.53,41
2026-01-02 11:38:00,6.53,6.54,6.5299,6.54,107
2026-01-02 11:39:00,6.535,6.5387,6.535,6.5387,21
2026-01-02 11:40:00,6.535,6.54,6.535,6.535,7
2026-01-02 11:41:00,6.535,6.54,6.535,6.535,55
2026-01-02 11:42:00,6.54,6.54,6.535,6.539,28
2026-01-02 11:43:00,6.535,6.54,6.51,6.519,70
2026-01-02 11:44:00,6.52,6.525,6.505,6.505,71
2026-01-02 11:45:00,6.5093,6.5093,6.505,6.505,13
2026-01-02 11:46:00,6.505,6.51,6.505,6.505,16
2026-01-02 11:47:00,6.505,6.505,6.49,6.495,124
2026-01-02 11:48:00,6.495,6.495,6.495,6.495,3
2026-01-02 11:49:00,6.49,6.49,6.485,6.49,22
2026-01-02 11:50:00,6.49,6.505,6.4835,6.5,134
2026-01-02 11:51:00,6.499,6.499,6.475,6.485,58
2026-01-02 11:52:00,6.485,6.485,6.44,6.44,508
2026-01-02 11:53:00,6.45,6.465,6.45,6.459,52
2026-01-02 11:54:00,6.4571,6.47,6.445,6.45,35
2026-01-02 11:55:00,6.449,6.449,6.445,6.445,13
2026-01-02 11:56:00,6.449,6.449,6.4439,6.4439,9
2026-01-02 11:57:00,6.44,6.4466,6.44,6.4413,12
2026-01-02 11:58:00,6.445,6.445,6.43,6.439,26
2026-01-02 11:59:00,6.435,6.445,6.435,6.439,30
2026-01-02 12:00:00,6.43,6.44,6.43,6.4364,14
2026-01-02 12:01:00,6.435,6.435,6.43,6.435,5
2026-01-02 12:02:00,6.435,6.45,6.435,6.45,46
2026-01-02 12:03:00,6.44,6.44,6.44,6.44,11
2026-01-02 12:04:00,6.45,6.45,6.44,6.44,31
2026-01-02 12:05:00,6.4486,6.4486,6.4486,6.4486,3
2026-01-02 12:06:00,6.44,6.445,6.44,6.44,10
2026-01-02 12:07:00,6.435,6.435,6.43,6.43,3
2026-01-02 12:08:00,6.436,6.439,6.435,6.439,9
2026-01-02 12:09:00,6.435,6.435,6.43,6.43,8
2026-01-02 12:10:00,6.435,6.44,6.435,6.439,13
2026-01-02 12:11:00,6.44,6.44,6.435,6.435,9
2026-01-02 12:12:00,6.44,6.45,6.435,6.45,81
2026-01-02 12:13:00,6.45,6.46,6.45,6.46,113
2026-01-02 12:14:00,6.47,6.47,6.47,6.47,3
2026-01-02 12:15:00,6.47,6.47,6.45,6.465,73
2026-01-02 12:16:00,6.4666,6.47,6.465,6.465,34
2026-01-02 12:17:00,6.463,6.463,6.463,6.463,5
2026-01-02 12:18:00,6.465,6.475,6.46,6.4665,44
2026-01-02 12:19:00,6.469,6.4695,6.4663,6.4663,7
2026-01-02 12:20:00,6.46,6.465,6.46,6.465,3
2026-01-02 12:21:00,6.465,6.465,6.46,6.46,6
2026-01-02 12:22:00,6.465,6.475,6.46,6.475,29
2026-01-02 12:23:00,6.4749,6.475,6.47,6.47,10
2026-01-02 12:24:00,6.469,6.469,6.455,6.455,8
2026-01-02 12:25:00,6.455,6.455,6.445,6.45,92
2026-01-02 12:26:00,6.45,6.489,6.45,6.489,104
2026-01-02 12:27:00,6.485,6.4899,6.48,6.489,18
2026-01-02 12:28:00,6.485,6.5,6.485,6.495,41
2026-01-02 12:29:00,6.4999,6.51,6.495,6.495,111
2026-01-02 12:30:00,6.495,6.495,6.495,6.495,6
2026-01-02 12:31:00,6.495,6.495,6.48,6.485,17
2026-01-02 12:32:00,6.49,6.5,6.49,6.495,29
2026-01-02 12:33:00,6.49,6.49,6.49,6.49,1
2026-01-02 12:34:00,6.489,6.49,6.4814,6.49,17
2026-01-02 12:35:00,6.485,6.49,6.47,6.47,87
2026-01-02 12:36:00,6.48,6.48,6.48,6.48,1
2026-01-02 12:37:00,6.475,6.48,6.475,6.48,20
2026-01-02 12:38:00,6.475,6.475,6.47,6.475,14
2026-01-02 12:39:00,6.47,6.475,6.47,6.475,32
2026-01-02 12:40:00,6.48,6.48,6.48,6.48,3
2026-01-02 12:41:00,6.475,6.48,6.475,6.479,21
2026-01-02 12:42:00,6.479,6.479,6.475,6.475,8
2026-01-02 12:43:00,6.47,6.475,6.47,6.475,4
2026-01-02 12:44:00,6.475,6.48,6.475,6.48,9
2026-01-02 12:45:00,6.475,6.479,6.47,6.47,5
2026-01-02 12:46:00,6.47,6.475,6.47,6.47,19
2026-01-02 12:47:00,6.475,6.4755,6.4701,6.4701,47
2026-01-02 12:48:00,6.47,6.475,6.455,6.455,98
2026-01-02 12:49:00,6.455,6.46,6.455,6.46,28
2026-01-02 12:50:00,6.465,6.465,6.45,6.455,37
2026-01-02 12:51:00,6.459,6.4698,6.459,6.465,86
2026-01-02 12:52:00,6.465,6.469,6.465,6.469,8
2026-01-02 12:53:00,6.47,6.47,6.46,6.465,21
2026-01-02 12:54:00,6.465,6.465,6.46,6.46,64
2026-01-02 12:55:00,6.46,6.46,6.42,6.425,547
2026-01-02 12:56:00,6.43,6.43,6.425,6.43,34
2026-01-02 12:57:00,6.425,6.425,6.425,6.425,26
2026-01-02 12:58:00,6.43,6.48,6.43,6.48,186
2026-01-02 12:59:00,6.485,6.485,6.475,6.475,36
2026-01-02 13:00:00,6.474,6.474,6.474,6.474,5
2026-01-02 13:01:00,6.475,6.475,6.4646,6.47,22
2026-01-02 13:02:00,6.475,6.48,6.47,6.48,22
2026-01-02 13:03:00,6.47,6.475,6.465,6.47,18
2026-01-02 13:04:00,6.47,6.475,6.47,6.47,6
2026-01-02 13:05:00,6.46,6.465,6.46,6.465,39
2026-01-02 13:06:00,6.47,6.47,6.46,6.46,20
2026-01-02 13:07:00,6.46,6.46,6.457,6.457,49
2026-01-02 13:08:00,6.46,6.465,6.46,6.46,9
2026-01-02 13:09:00,6.46,6.46,6.46,6.46,16
2026-01-02 13:10:00,6.465,6.47,6.465,6.47,16
2026-01-02 13:11:00,6.46,6.465,6.46,6.46,28
2026-01-02 13:12:00,6.459,6.48,6.455,6.46,175
2026-01-02 13:13:00,6.465,6.465,6.4613,6.465,6
2026-01-02 13:14:00,6.4699,6.4699,6.4699,6.4699,10
2026-01-02 13:15:00,6.47,6.47,6.46,6.46,17
2026-01-02 13:16:00,6.455,6.455,6.43,6.435,92
2026-01-02 13:17:00,6.435,6.435,6.435,6.435,3
2026-01-02 13:18:00,6.44,6.44,6.435,6.435,53
2026-01-02 13:19:00,6.44,6.44,6.44,6.44,1
2026-01-02 13:20:00,6.44,6.44,6.44,6.44,7
2026-01-02 13:21:00,6.45,6.465,6.45,6.465,18
2026-01-02 13:22:00,6.4639,6.465,6.46,6.46,28
2026-01-02 13:23:00,6.45,6.45,6.449,6.449,12
2026-01-02 13:24:00,6.449,6.449,6.449,6.449,0
2026-01-02 13:25:00,6.4489,6.4489,6.445,6.445,3
2026-01-02 13:26:00,6.44,6.44,6.43,6.439,12
2026-01-02 13:27:00,6.439,6.439,6.435,6.435,2
2026-01-02 13:28:00,6.44,6.44,6.435,6.435,68
2026-01-02 13:29:00,6.43,6.435,6.425,6.43,14
2026-01-02 13:30:00,6.429,6.43,6.429,6.43,5
2026-01-02 13:31:00,6.43,6.436,6.43,6.43,23
2026-01-02 13:32:00,6.43,6.43,6.43,6.43,15
2026-01-02 13:33:00,6.426,6.426,6.425,6.425,9
2026-01-02 13:34:00,6.42,6.425,6.415,6.415,71
2026-01-02 13:35:00,6.42,6.42,6.39,6.39,87
2026-01-02 13:36:00,6.4,6.405,6.39,6.405,72
2026-01-02 13:37:00,6.409,6.415,6.4054,6.415,9
2026-01-02 13:38:00,6.415,6.415,6.415,6.415,3
2026-01-02 13:39:00,6.415,6.415,6.405,6.405,11
2026-01-02 13:40:00,6.4061,6.4061,6.4,6.4,12
2026-01-02 13:41:00,6.405,6.4075,6.4,6.4075,19
2026-01-02 13:42:00,6.405,6.4199,6.405,6.415,42
2026-01-02 13:43:00,6.415,6.415,6.41,6.41,10
2026-01-02 13:44:00,6.41,6.415,6.41,6.41,19
2026-01-02 13:45:00,6.42,6.42,6.41,6.41,7
2026-01-02 13:46:00,6.41,6.42,6.41,6.42,27
2026-01-02 13:47:00,6.4245,6.4245,6.4175,6.419,27
2026-01-02 13:48:00,6.4133,6.4133,6.4133,6.4133,5
2026-01-02 13:49:00,6.415,6.415,6.4,6.4,35
2026-01-02 13:50:00,6.4,6.4,6.4,6.4,0
2026-01-02 13:51:00,6.405,6.405,6.405,6.405,1
2026-01-02 13:52:00,6.405,6.405,6.4,6.4,2
2026-01-02 13:53:00,6.41,6.41,6.405,6.405,14
2026-01-02 13:54:00,6.41,6.42,6.41,6.42,53
2026-01-02 13:55:00,6.4199,6.4199,6.4191,6.4191,12
2026-01-02 13:56:00,6.42,6.42,6.42,6.42,7
2026-01-02 13:57:00,6.415,6.42,6.41,6.42,20
2026-01-02 13:58:00,6.4139,6.42,6.4139,6.42,16
2026-01-02 13:59:00,6.42,6.43,6.42,6.429,22
2026-01-02 14:00:00,6.429,6.429,6.429,6.429,5
2026-01-02 14:01:00,6.43,6.43,6.429,6.43,4
2026-01-02 14:02:00,6.43,6.436,6.43,6.436,22
2026-01-02 14:03:00,6.435,6.435,6.435,6.435,1
2026-01-02 14:04:00,6.4345,6.44,6.4345,6.44,10
2026-01-02 14:05:00,6.44,6.44,6.4323,6.4323,36
2026-01-02 14:06:00,6.44,6.44,6.435,6.435,8
2026-01-02 14:07:00,6.435,6.435,6.43,6.435,5
2026-01-02 14:08:00,6.435,6.4399,6.43,6.43,13
2026-01-02 14:09:00,6.435,6.435,6.43,6.43,10
2026-01-02 14:10:00,6.44,6.44,6.43,6.43,11
2026-01-02 14:11:00,6.435,6.435,6.43,6.43,6
2026-01-02 14:12:00,6.435,6.445,6.435,6.4399,68
2026-01-02 14:13:00,6.44,6.445,6.44,6.44,23
2026-01-02 14:14:00,6.445,6.45,6.445,6.45,3
2026-01-02 14:15:00,6.44,6.445,6.435,6.44,15
2026-01-02 14:16:00,6.435,6.435,6.431,6.435,17
2026-01-02 14:17:00,6.435,6.4399,6.43,6.4399,28
2026-01-02 14:18:00,6.435,6.435,6.425,6.4285,24
2026-01-02 14:19:00,6.4299,6.4299,6.4201,6.4298,19
2026-01-02 14:20:00,6.42,6.42,6.415,6.415,21
2026-01-02 14:21:00,6.415,6.42,6.415,6.42,13
2026-01-02 14:22:00,6.425,6.455,6.4214,6.455,262
2026-01-02 14:23:00,6.455,6.469,6.455,6.469,14
2026-01-02 14:24:00,6.47,6.475,6.465,6.465,55
2026-01-02 14:25:00,6.465,6.47,6.465,6.469,40
2026-01-02 14:26:00,6.465,6.47,6.455,6.4659,122
2026-01-02 14:27:00,6.47,6.47,6.46,6.4699,63
2026-01-02 14:28:00,6.47,6.47,6.4684,6.47,8
2026-01-02 14:29:00,6.47,6.47,6.465,6.465,5
2026-01-02 14:30:00,6.465,6.47,6.465,6.469,39
2026-01-02 14:31:00,6.47,6.47,6.46,6.46,25
2026-01-02 14:32:00,6.4588,6.46,6.4588,6.46,2
2026-01-02 14:33:00,6.4575,6.47,6.45,6.4699,79
2026-01-02 14:34:00,6.465,6.465,6.46,6.46,4
2026-01-02 14:35:00,6.455,6.455,6.455,6.455,2
2026-01-02 14:36:00,6.46,6.46,6.45,6.46,17
2026-01-02 14:37:00,6.455,6.4649,6.455,6.4649,25
2026-01-02 14:38:00,6.469,6.469,6.46,6.465,21
2026-01-02 14:39:00,6.465,6.465,6.465,6.465,6
2026-01-02 14:40:00,6.4699,6.4699,6.465,6.465,6
2026-01-02 14:41:00,6.47,6.47,6.47,6.47,13
2026-01-02 14:42:00,6.47,6.475,6.4669,6.47,24
2026-01-02 14:43:00,6.47,6.475,6.465,6.465,30
2026-01-02 14:44:00,6.47,6.47,6.4645,6.47,11
2026-01-02 14:45:00,6.465,6.47,6.465,6.465,10
2026-01-02 14:46:00,6.465,6.47,6.465,6.47,12
2026-01-02 14:47:00,6.469,6.469,6.465,6.465,41
2026-01-02 14:48:00,6.46,6.465,6.46,6.465,290
2026-01-02 14:49:00,6.4601,6.47,6.4601,6.47,27
2026-01-02 14:50:00,6.4723,6.475,6.4723,6.475,7
2026-01-02 14:51:00,6.475,6.475,6.475,6.475,2
2026-01-02 14:52:00,6.475,6.475,6.465,6.465,11
2026-01-02 14:53:00,6.4638,6.4638,6.4638,6.4638,1
2026-01-02 14:54:00,6.469,6.4699,6.455,6.455,62
2026-01-02 14:55:00,6.455,6.455,6.455,6.455,4
2026-01-02 14:56:00,6.455,6.455,6.455,6.455,4
2026-01-02 14:57:00,6.455,6.46,6.45,6.45,3
2026-01-02 14:58:00,6.455,6.455,6.455,6.455,1
2026-01-02 14:59:00,6.455,6.455,6.455,6.455,6
2026-01-02 15:00:00,6.46,6.46,6.445,6.445,160
2026-01-02 15:01:00,6.445,6.445,6.44,6.445,5
2026-01-02 15:02:00,6.445,6.45,6.44,6.445,73
2026-01-02 15:03:00,6.449,6.449,6.449,6.449,1
2026-01-02 15:04:00,6.445,6.445,6.445,6.445,1
2026-01-02 15:05:00,6.44,6.445,6.44,6.445,12
2026-01-02 15:06:00,6.445,6.455,6.43,6.435,132
2026-01-02 15:07:00,6.435,6.44,6.435,6.44,3
2026-01-02 15:08:00,6.4399,6.44,6.4399,6.44,14
2026-01-02 15:09:00,6.445,6.449,6.44,6.449,11
2026-01-02 15:10:00,6.45,6.45,6.4419,6.445,20
2026-01-02 15:11:00,6.445,6.445,6.445,6.445,1
2026-01-02 15:12:00,6.44,6.44,6.44,6.44,7
2026-01-02 15:13:00,6.43,6.43,6.425,6.425,20
2026-01-02 15:14:00,6.43,6.43,6.424,6.424,23
2026-01-02 15:15:00,6.425,6.425,6.415,6.4199,116
2026-01-02 15:16:00,6.415,6.419,6.415,6.419,7
2026-01-02 15:17:00,6.415,6.415,6.415,6.415,4
2026-01-02 15:18:00,6.415,6.4199,6.415,6.415,7
2026-01-02 15:19:00,6.42,6.43,6.415,6.415,233
2026-01-02 15:20:00,6.415,6.415,6.41,6.415,6
2026-01-02 15:21:00,6.4193,6.4193,6.415,6.415,26
2026-01-02 15:22:00,6.4164,6.43,6.415,6.425,267
2026-01-02 15:23:00,6.425,6.435,6.425,6.435,8
2026-01-02 15:24:00,6.435,6.44,6.435,6.435,18
2026-01-02 15:25:00,6.435,6.435,6.435,6.435,1
2026-01-02 15:26:00,6.435,6.435,6.435,6.435,14
2026-01-02 15:27:00,6.435,6.435,6.435,6.435,69
2026-01-02 15:28:00,6.4371,6.4371,6.42,6.42,270
2026-01-02 15:29:00,6.425,6.4252,6.4233,6.4252,11
2026-01-02 15:30:00,6.425,6.425,6.415,6.415,17
2026-01-02 15:31:00,6.415,6.415,6.415,6.415,2
2026-01-02 15:32:00,6.42,6.42,6.415,6.415,4
2026-01-02 15:33:00,6.415,6.415,6.405,6.405,28
2026-01-02 15:34:00,6.405,6.405,6.405,6.405,0
2026-01-02 15:35:00,6.41,6.41,6.405,6.405,16
2026-01-02 15:36:00,6.405,6.41,6.4034,6.405,7
2026-01-02 15:37:00,6.405,6.415,6.395,6.41,270
2026-01-02 15:38:00,6.41,6.415,6.404,6.404,74
2026-01-02 15:39:00,6.4,6.4,6.385,6.392,102
2026-01-02 15:40:00,6.39,6.395,6.39,6.395,31
2026-01-02 15:41:00,6.3999,6.3999,6.395,6.395,4
2026-01-02 15:42:00,6.39,6.4,6.39,6.4,19
2026-01-02 15:43:00,6.39,6.3957,6.39,6.3957,18
2026-01-02 15:44:00,6.39,6.395,6.39,6.39,15
2026-01-02 15:45:00,6.395,6.4,6.39,6.4,31
2026-01-02 15:46:00,6.39,6.395,6.39,6.39,31
2026-01-02 15:47:00,6.39,6.395,6.39,6.39,9
2026-01-02 15:48:00,6.395,6.395,6.38,6.385,330
2026-01-02 15:49:00,6.38,6.39,6.38,6.38,76
2026-01-02 15:50:00,6.385,6.395,6.38,6.385,205
2026-01-02 15:51:00,6.385,6.3875,6.385,6.385,15
2026-01-02 15:52:00,6.385,6.385,6.384,6.384,7
2026-01-02 15:53:00,6.385,6.39,6.385,6.385,51
2026-01-02 15:54:00,6.385,6.39,6.3801,6.3801,21
2026-01-02 15:55:00,6.39,6.425,6.39,6.405,286
2026-01-02 15:56:00,6.405,6.41,6.405,6.405,13
2026-01-02 15:57:00,6.405,6.42,6.405,6.42,133
2026-01-02 15:58:00,6.42,6.44,6.41,6.439,214
2026-01-02 15:59:00,6.44,6.45,6.435,6.45,352
2026-01-05 09:30:00,6.46,6.46,6.42,6.44,381
2026-01-05 09:31:00,6.46,6.46,6.445,6.46,54
2026-01-05 09:32:00,6.45,6.47,6.43,6.435,135
2026-01-05 09:33:00,6.4497,6.45,6.43,6.44,134
2026-01-05 09:34:00,6.4458,6.4458,6.4,6.4,169
2026-01-05 09:35:00,6.415,6.435,6.415,6.42,36
2026-01-05 09:36:00,6.425,6.425,6.3691,6.38,182
2026-01-05 09:37:00,6.3936,6.3936,6.3501,6.3501,65
2026-01-05 09:38:00,6.3613,6.3683,6.35,6.36,91
2026-01-05 09:39:00,6.37,6.39,6.37,6.37,27
2026-01-05 09:40:00,6.375,6.38,6.37,6.375,60
2026-01-05 09:41:00,6.379,6.4,6.379,6.385,63
2026-01-05 09:42:00,6.388,6.388,6.375,6.375,26
2026-01-05 09:43:00,6.38,6.38,6.3501,6.37,428
2026-01-05 09:44:00,6.37,6.37,6.3666,6.3666,87
2026-01-05 09:45:00,6.365,6.369,6.33,6.33,233
2026-01-05 09:46:00,6.3293,6.375,6.3293,6.375,172
2026-01-05 09:47:00,6.39,6.39,6.375,6.375,3
2026-01-05 09:48:00,6.375,6.4,6.375,6.3999,85
2026-01-05 09:49:00,6.3961,6.3961,6.39,6.3946,72
2026-01-05 09:50:00,6.38,6.395,6.37,6.375,111
2026-01-05 09:51:00,6.388,6.41,6.3837,6.39,170
2026-01-05 09:52:00,6.37,6.38,6.36,6.38,17
2026-01-05 09:53:00,6.378,6.378,6.36,6.36,45
2026-01-05 09:54:00,6.36,6.3728,6.36,6.3728,73
2026-01-05 09:55:00,6.3799,6.38,6.37,6.38,57
2026-01-05 09:56:00,6.3889,6.389,6.38,6.389,19
2026-01-05 09:57:00,6.37,6.42,6.37,6.41,109
2026-01-05 09:58:00,6.41,6.44,6.39,6.42,180
2026-01-05 09:59:00,6.4199,6.445,6.4195,6.44,65
2026-01-05 10:00:00,6.43,6.43,6.39,6.4,32
2026-01-05 10:01:00,6.41,6.44,6.41,6.43,31
2026-01-05 10:02:00,6.44,6.4401,6.39,6.39,37
2026-01-05 10:03:00,6.39,6.4089,6.39,6.4089,19
2026-01-05 10:04:00,6.405,6.42,6.405,6.42,23
2026-01-05 10:05:00,6.42,6.42,6.415,6.415,8
2026-01-05 10:06:00,6.41,6.415,6.4,6.4,29
2026-01-05 10:07:00,6.395,6.4101,6.395,6.41,11
2026-01-05 10:08:00,6.41,6.415,6.41,6.415,12
2026-01-05 10:09:00,6.415,6.42,6.41,6.41,70
2026-01-05 10:10:00,6.405,6.41,6.405,6.405,54
2026-01-05 10:11:00,6.408,6.43,6.405,6.405,103
2026-01-05 10:12:00,6.405,6.41,6.405,6.405,7
2026-01-05 10:13:00,6.41,6.41,6.39,6.39,120
2026-01-05 10:14:00,6.3964,6.3964,6.385,6.385,21
2026-01-05 10:15:00,6.385,6.385,6.365,6.365,87
2026-01-05 10:16:00,6.365,6.365,6.355,6.355,18
2026-01-05 10:17:00,6.355,6.356,6.35,6.355,37
2026-01-05 10:18:00,6.355,6.355,6.34,6.345,72
2026-01-05 10:19:00,6.35,6.36,6.35,6.35,43
2026-01-05 10:20:00,6.345,6.345,6.3307,6.335,58
2026-01-05 10:21:00,6.335,6.3351,6.335,6.335,17
2026-01-05 10:22:00,6.335,6.34,6.335,6.335,7
2026-01-05 10:23:00,6.34,6.35,6.335,6.335,89
2026-01-05 10:24:00,6.3366,6.34,6.33,6.33,56
2026-01-05 10:25:00,6.33,6.33,6.32,6.32,38
2026-01-05 10:26:00,6.32,6.32,6.31,6.31,33
2026-01-05 10:27:00,6.31,6.315,6.31,6.315,4
2026-01-05 10:28:00,6.315,6.345,6.315,6.335,78
2026-01-05 10:29:00,6.3384,6.3384,6.335,6.335,6
2026-01-05 10:30:00,6.33,6.335,6.29,6.29,152
2026-01-05 10:31:00,6.295,6.31,6.295,6.31,46
2026-01-05 10:32:00,6.3002,6.3002,6.295,6.295,36
2026-01-05 10:33:00,6.3,6.31,6.295,6.295,55
2026-01-05 10:34:00,6.2927,6.2955,6.29,6.295,25
2026-01-05 10:35:00,6.295,6.2951,6.29,6.29,240
2026-01-05 10:36:00,6.285,6.29,6.285,6.29,74
2026-01-05 10:37:00,6.29,6.29,6.2707,6.275,112
2026-01-05 10:38:00,6.275,6.275,6.2641,6.2669,69
2026-01-05 10:39:00,6.2699,6.275,6.265,6.265,113
2026-01-05 10:40:00,6.27,6.275,6.27,6.27,21
2026-01-05 10:41:00,6.27,6.275,6.27,6.275,29
2026-01-05 10:42:00,6.27,6.27,6.245,6.245,154
2026-01-05 10:43:00,6.24,6.24,6.24,6.24,6
2026-01-05 10:44:00,6.2337,6.2394,6.2337,6.2361,25
2026-01-05 10:45:00,6.2375,6.2375,6.2,6.202,150
2026-01-05 10:46:00,6.2001,6.205,6.175,6.18,295
2026-01-05 10:47:00,6.175,6.2056,6.175,6.19,117
2026-01-05 10:48:00,6.195,6.21,6.185,6.205,55
2026-01-05 10:49:00,6.21,6.2266,6.21,6.21,99
2026-01-05 10:50:00,6.215,6.23,6.215,6.23,71
2026-01-05 10:51:00,6.225,6.225,6.215,6.215,39
2026-01-05 10:52:00,6.2165,6.2165,6.215,6.215,15
2026-01-05 10:53:00,6.2151,6.2151,6.205,6.205,34
2026-01-05 10:54:00,6.205,6.205,6.185,6.185,69
2026-01-05 10:55:00,6.185,6.205,6.185,6.205,34
2026-01-05 10:56:00,6.205,6.2086,6.205,6.205,21
2026-01-05 10:57:00,6.205,6.215,6.205,6.215,25
2026-01-05 10:58:00,6.215,6.225,6.215,6.225,54
2026-01-05 10:59:00,6.22,6.23,6.22,6.23,35
2026-01-05 11:00:00,6.225,6.225,6.22,6.22,40
2026-01-05 11:01:00,6.215,6.215,6.205,6.205,11
2026-01-05 11:02:00,6.205,6.205,6.2,6.2,21
2026-01-05 11:03:00,6.2,6.2,6.2,6.2,21
2026-01-05 11:04:00,6.21,6.22,6.21,6.22,20
2026-01-05 11:05:00,6.225,6.225,6.2087,6.22,70
2026-01-05 11:06:00,6.228,6.24,6.225,6.2387,34
2026-01-05 11:07:00,6.24,6.265,6.24,6.265,70
2026-01-05 11:08:00,6.265,6.27,6.26,6.26,41
2026-01-05 11:09:00,6.2545,6.26,6.2545,6.255,35
2026-01-05 11:10:00,6.255,6.28,6.2501,6.28,93
2026-01-05 11:11:00,6.275,6.2825,6.2745,6.2825,22
2026-01-05 11:12:00,6.28,6.28,6.265,6.265,29
2026-01-05 11:13:00,6.2684,6.27,6.265,6.27,36
2026-01-05 11:14:00,6.265,6.29,6.265,6.275,140
2026-01-05 11:15:00,6.28,6.28,6.275,6.275,2
2026-01-05 11:16:00,6.2716,6.275,6.2716,6.275,4
2026-01-05 11:17:00,6.275,6.275,6.255,6.255,30
2026-01-05 11:18:00,6.26,6.265,6.2457,6.2457,53
2026-01-05 11:19:00,6.245,6.245,6.2445,6.2445,18
2026-01-05 11:20:00,6.25,6.2545,6.245,6.25,32
2026-01-05 11:21:00,6.245,6.245,6.235,6.235,12
2026-01-05 11:22:00,6.24,6.2632,6.24,6.2632,126
2026-01-05 11:23:00,6.2689,6.27,6.265,6.2661,24
2026-01-05 11:24:00,6.265,6.27,6.2639,6.2685,15
2026-01-05 11:25:00,6.265,6.265,6.265,6.265,1
2026-01-05 11:26:00,6.265,6.27,6.265,6.265,12
2026-01-05 11:27:00,6.265,6.265,6.265,6.265,4
2026-01-05 11:28:00,6.265,6.267,6.265,6.267,4
2026-01-05 11:29:00,6.265,6.27,6.26,6.265,81
2026-01-05 11:30:00,6.2601,6.27,6.26,6.265,37
2026-01-05 11:31:00,6.265,6.265,6.26,6.265,6
2026-01-05 11:32:00,6.265,6.265,6.255,6.26,73
2026-01-05 11:33:00,6.26,6.265,6.255,6.255,14
2026-01-05 11:34:00,6.255,6.255,6.25,6.255,8
2026-01-05 11:35:00,6.25,6.255,6.25,6.255,12
2026-01-05 11:36:00,6.256,6.27,6.25,6.25,81
2026-01-05 11:37:00,6.245,6.27,6.245,6.265,48
2026-01-05 11:38:00,6.265,6.27,6.265,6.265,4
2026-01-05 11:39:00,6.265,6.265,6.25,6.25,26
2026-01-05 11:40:00,6.25,6.25,6.245,6.2499,15
2026-01-05 11:41:00,6.25,6.255,6.25,6.255,24
2026-01-05 11:42:00,6.255,6.255,6.255,6.255,0
2026-01-05 11:43:00,6.26,6.26,6.255,6.26,17
2026-01-05 11:44:00,6.255,6.26,6.25,6.25,12
2026-01-05 11:45:00,6.25,6.26,6.2445,6.245,19
2026-01-05 11:46:00,6.245,6.2568,6.245,6.2568,23
2026-01-05 11:47:00,6.255,6.255,6.25,6.25,7
2026-01-05 11:48:00,6.2555,6.2555,6.2482,6.25,24
2026-01-05 11:49:00,6.245,6.25,6.245,6.25,14
2026-01-05 11:50:00,6.25,6.25,6.245,6.245,2
2026-01-05 11:51:00,6.25,6.26,6.25,6.26,25
2026-01-05 11:52:00,6.27,6.27,6.2652,6.27,16
2026-01-05 11:53:00,6.265,6.265,6.26,6.265,8
2026-01-05 11:54:00,6.265,6.265,6.26,6.265,8
2026-01-05 11:55:00,6.26,6.27,6.26,6.265,8
2026-01-05 11:56:00,6.2665,6.269,6.265,6.265,28
2026-01-05 11:57:00,6.265,6.265,6.26,6.265,11
2026-01-05 11:58:00,6.265,6.27,6.26,6.27,29
2026-01-05 11:59:00,6.265,6.265,6.265,6.265,3
2026-01-05 12:00:00,6.27,6.275,6.2641,6.265,29
2026-01-05 12:01:00,6.26,6.265,6.26,6.26,22
2026-01-05 12:02:00,6.26,6.275,6.26,6.275,36
2026-01-05 12:03:00,6.27,6.27,6.265,6.265,17
2026-01-05 12:04:00,6.265,6.265,6.265,6.265,0
2026-01-05 12:05:00,6.26,6.27,6.2535,6.27,27
2026-01-05 12:06:00,6.27,6.2786,6.27,6.275,12
2026-01-05 12:07:00,6.28,6.28,6.275,6.275,12
2026-01-05 12:08:00,6.27,6.285,6.27,6.275,50
2026-01-05 12:09:00,6.275,6.275,6.275,6.275,1
2026-01-05 12:10:00,6.275,6.285,6.275,6.285,29
2026-01-05 12:11:00,6.285,6.29,6.225,6.225,124
2026-01-05 12:12:00,6.23,6.23,6.23,6.23,1
2026-01-05 12:13:00,6.225,6.225,6.22,6.225,56
2026-01-05 12:14:00,6.225,6.225,6.225,6.225,4
2026-01-05 12:15:00,6.22,6.225,6.205,6.225,77
2026-01-05 12:16:00,6.225,6.23,6.2246,6.225,12
2026-01-05 12:17:00,6.225,6.225,6.225,6.225,3
2026-01-05 12:18:00,6.225,6.225,6.225,6.225,8
2026-01-05 12:19:00,6.23,6.235,6.215,6.225,76
2026-01-05 12:20:00,6.225,6.2257,6.225,6.2257,22
2026-01-05 12:21:00,6.2222,6.225,6.2222,6.225,6
2026-01-05 12:22:00,6.225,6.225,6.225,6.225,14
2026-01-05 12:23:00,6.225,6.225,6.22,6.225,5
2026-01-05 12:24:00,6.225,6.23,6.225,6.225,6
2026-01-05 12:25:00,6.225,6.23,6.225,6.23,9
2026-01-05 12:26:00,6.225,6.23,6.2201,6.23,38
2026-01-05 12:27:00,6.225,6.235,6.225,6.235,27
2026-01-05 12:28:00,6.235,6.245,6.235,6.235,19
2026-01-05 12:29:00,6.24,6.245,6.24,6.245,14
2026-01-05 12:30:00,6.245,6.245,6.24,6.24,21
2026-01-05 12:31:00,6.24,6.24,6.23,6.23,17
2026-01-05 12:32:00,6.24,6.24,6.24,6.24,16
2026-01-05 12:33:00,6.24,6.245,6.24,6.24,27
2026-01-05 12:34:00,6.24,6.245,6.24,6.24,28
2026-01-05 12:35:00,6.24,6.24,6.24,6.24,1
2026-01-05 12:36:00,6.24,6.24,6.24,6.24,0
2026-01-05 12:37:00,6.2397,6.245,6.235,6.245,42
2026-01-05 12:38:00,6.245,6.245,6.24,6.24,16
2026-01-05 12:39:00,6.235,6.2372,6.235,6.2372,5
2026-01-05 12:40:00,6.24,6.24,6.235,6.235,9
2026-01-05 12:41:00,6.235,6.245,6.235,6.24,56
2026-01-05 12:42:00,6.245,6.245,6.245,6.245,1
2026-01-05 12:43:00,6.24,6.245,6.24,6.24,7
2026-01-05 12:44:00,6.25,6.25,6.235,6.24,60
2026-01-05 12:45:00,6.235,6.235,6.225,6.225,12
2026-01-05 12:46:00,6.225,6.225,6.225,6.225,3
2026-01-05 12:47:00,6.23,6.2564,6.23,6.255,140
2026-01-05 12:48:00,6.255,6.255,6.255,6.255,2
2026-01-05 12:49:00,6.255,6.2567,6.245,6.2495,41
2026-01-05 12:50:00,6.245,6.255,6.245,6.255,64
2026-01-05 12:51:00,6.255,6.255,6.255,6.255,2
2026-01-05 12:52:00,6.26,6.265,6.26,6.26,29
2026-01-05 12:53:00,6.2666,6.2666,6.265,6.265,5
2026-01-05 12:54:00,6.265,6.265,6.265,6.265,2
2026-01-05 12:55:00,6.265,6.265,6.255,6.2559,15
2026-01-05 12:56:00,6.26,6.26,6.255,6.255,5
2026-01-05 12:57:00,6.26,6.27,6.255,6.27,258
2026-01-05 12:58:00,6.265,6.27,6.265,6.27,9
2026-01-05 12:59:00,6.27,6.27,6.27,6.27,4
2026-01-05 13:00:00,6.27,6.28,6.27,6.28,43
2026-01-05 13:01:00,6.28,6.285,6.28,6.28,11
2026-01-05 13:02:00,6.285,6.31,6.285,6.305,166
2026-01-05 13:03:00,6.305,6.305,6.3,6.305,37
2026-01-05 13:04:00,6.2978,6.2978,6.295,6.295,7
2026-01-05 13:05:00,6.29,6.3,6.29,6.295,9
2026-01-05 13:06:00,6.295,6.315,6.295,6.305,96
2026-01-05 13:07:00,6.31,6.32,6.31,6.315,17
2026-01-05 13:08:00,6.315,6.315,6.3099,6.31,28
2026-01-05 13:09:00,6.315,6.315,6.315,6.315,5
2026-01-05 13:10:00,6.315,6.315,6.315,6.315,2
2026-01-05 13:11:00,6.315,6.315,6.315,6.315,1
2026-01-05 13:12:00,6.315,6.315,6.315,6.315,2
2026-01-05 13:13:00,6.315,6.325,6.31,6.31,52
2026-01-05 13:14:00,6.31,6.31,6.31,6.31,0
2026-01-05 13:15:00,6.3049,6.305,6.3,6.3,63
2026-01-05 13:16:00,6.305,6.305,6.2901,6.295,32
2026-01-05 13:17:00,6.295,6.295,6.295,6.295,8
2026-01-05 13:18:00,6.295,6.3,6.295,6.295,12
2026-01-05 13:19:00,6.295,6.295,6.295,6.295,2
2026-01-05 13:20:00,6.295,6.295,6.295,6.295,21
2026-01-05 13:21:00,6.295,6.295,6.295,6.295,3
2026-01-05 13:22:00,6.295,6.3,6.295,6.3,2
2026-01-05 13:23:00,6.295,6.315,6.295,6.315,48
2026-01-05 13:24:00,6.315,6.315,6.315,6.315,32
2026-01-05 13:25:00,6.315,6.315,6.31,6.315,56
2026-01-05 13:26:00,6.315,6.315,6.31,6.315,11
2026-01-05 13:27:00,6.31,6.325,6.31,6.325,51
2026-01-05 13:28:00,6.325,6.325,6.315,6.315,37
2026-01-05 13:29:00,6.315,6.315,6.305,6.305,36
2026-01-05 13:30:00,6.305,6.305,6.295,6.2984,49
2026-01-05 13:31:00,6.295,6.295,6.295,6.295,1
2026-01-05 13:32:00,6.295,6.305,6.295,6.305,95
2026-01-05 13:33:00,6.31,6.3153,6.31,6.315,29
2026-01-05 13:34:00,6.315,6.315,6.315,6.315,2
2026-01-05 13:35:00,6.315,6.315,6.315,6.315,4
2026-01-05 13:36:00,6.315,6.315,6.31,6.31,3
2026-01-05 13:37:00,6.315,6.315,6.31,6.315,10
2026-01-05 13:38:00,6.315,6.315,6.265,6.265,237
2026-01-05 13:39:00,6.265,6.265,6.255,6.255,58
2026-01-05 13:40:00,6.255,6.265,6.25,6.2645,56
2026-01-05 13:41:00,6.27,6.275,6.27,6.27,21
2026-01-05 13:42:00,6.275,6.275,6.275,6.275,1
2026-01-05 13:43:00,6.275,6.275,6.275,6.275,9
2026-01-05 13:44:00,6.27,6.275,6.255,6.26,19
2026-01-05 13:45:00,6.255,6.255,6.255,6.255,3
2026-01-05 13:46:00,6.255,6.265,6.255,6.26,31
2026-01-05 13:47:00,6.2565,6.26,6.25,6.2525,5
2026-01-05 13:48:00,6.25,6.255,6.25,6.255,8
2026-01-05 13:49:00,6.2551,6.2551,6.25,6.25,5
2026-01-05 13:50:00,6.255,6.255,6.245,6.245,38
2026-01-05 13:51:00,6.2401,6.2468,6.2401,6.245,31
2026-01-05 13:52:00,6.245,6.245,6.245,6.245,6
2026-01-05 13:53:00,6.245,6.245,6.245,6.245,16
2026-01-05 13:54:00,6.245,6.245,6.245,6.245,3
2026-01-05 13:55:00,6.245,6.255,6.245,6.255,35
2026-01-05 13:56:00,6.255,6.255,6.255,6.255,7
2026-01-05 13:57:00,6.255,6.255,6.255,6.255,3
2026-01-05 13:58:00,6.255,6.255,6.25,6.25,23
2026-01-05 13:59:00,6.245,6.25,6.245,6.245,8
2026-01-05 14:00:00,6.2455,6.255,6.245,6.25,60
2026-01-05 14:01:00,6.26,6.26,6.255,6.255,6
2026-01-05 14:02:00,6.2524,6.2524,6.2524,6.2524,4
2026-01-05 14:03:00,6.255,6.265,6.255,6.265,15
2026-01-05 14:04:00,6.265,6.265,6.255,6.255,27
2026-01-05 14:05:00,6.255,6.26,6.255,6.255,13
2026-01-05 14:06:00,6.255,6.255,6.245,6.245,19
2026-01-05 14:07:00,6.245,6.245,6.245,6.245,0
2026-01-05 14:08:00,6.245,6.245,6.235,6.2356,26
2026-01-05 14:09:00,6.235,6.24,6.235,6.24,34
2026-01-05 14:10:00,6.245,6.245,6.245,6.245,15
2026-01-05 14:11:00,6.245,6.245,6.235,6.235,35
2026-01-05 14:12:00,6.23,6.23,6.224,6.224,12
2026-01-05 14:13:00,6.225,6.225,6.21,6.2155,42
2026-01-05 14:14:00,6.215,6.218,6.2143,6.218,19
2026-01-05 14:15:00,6.215,6.2175,6.215,6.2175,4
2026-01-05 14:16:00,6.215,6.245,6.215,6.245,153
2026-01-05 14:17:00,6.245,6.265,6.245,6.25,315
2026-01-05 14:18:00,6.245,6.245,6.245,6.245,28
2026-01-05 14:19:00,6.245,6.245,6.24,6.24,44
2026-01-05 14:20:00,6.235,6.245,6.235,6.245,47
2026-01-05 14:21:00,6.24,6.245,6.24,6.24,20
2026-01-05 14:22:00,6.235,6.2455,6.235,6.2455,15
2026-01-05 14:23:00,6.2455,6.2455,6.2455,6.2455,0
2026-01-05 14:24:00,6.245,6.255,6.245,6.245,67
2026-01-05 14:25:00,6.245,6.245,6.235,6.235,14
2026-01-05 14:26:00,6.2301,6.235,6.23,6.235,18
2026-01-05 14:27:00,6.235,6.2386,6.23,6.235,44
2026-01-05 14:28:00,6.235,6.235,6.23,6.23,9
2026-01-05 14:29:00,6.235,6.235,6.23,6.23,7
2026-01-05 14:30:00,6.23,6.235,6.23,6.235,4
2026-01-05 14:31:00,6.235,6.235,6.23,6.235,15
2026-01-05 14:32:00,6.235,6.235,6.235,6.235,2
2026-01-05 14:33:00,6.23,6.2655,6.23,6.2655,182
2026-01-05 14:34:00,6.265,6.265,6.26,6.265,12
2026-01-05 14:35:00,6.265,6.265,6.26,6.26,5
2026-01-05 14:36:00,6.26,6.26,6.255,6.255,28
2026-01-05 14:37:00,6.25,6.25,6.245,6.245,4
2026-01-05 14:38:00,6.245,6.245,6.24,6.24,2
2026-01-05 14:39:00,6.24,6.245,6.24,6.245,6
2026-01-05 14:40:00,6.245,6.245,6.245,6.245,3
2026-01-05 14:41:00,6.24,6.245,6.24,6.24,34
2026-01-05 14:42:00,6.24,6.24,6.24,6.24,21
2026-01-05 14:43:00,6.235,6.255,6.235,6.2545,42
2026-01-05 14:44:00,6.255,6.255,6.255,6.255,4
2026-01-05 14:45:00,6.252,6.2526,6.252,6.2526,7
2026-01-05 14:46:00,6.255,6.255,6.255,6.255,33
2026-01-05 14:47:00,6.25,6.2564,6.25,6.255,4
2026-01-05 14:48:00,6.255,6.26,6.255,6.255,6
2026-01-05 14:49:00,6.255,6.255,6.25,6.25,12
2026-01-05 14:50:00,6.255,6.255,6.25,6.25,3
2026-01-05 14:51:00,6.255,6.26,6.255,6.255,11
2026-01-05 14:52:00,6.26,6.265,6.26,6.265,145
2026-01-05 14:53:00,6.265,6.265,6.265,6.265,20
2026-01-05 14:54:00,6.27,6.27,6.27,6.27,35
2026-01-05 14:55:00,6.275,6.275,6.265,6.265,36
2026-01-05 14:56:00,6.265,6.28,6.265,6.28,43
2026-01-05 14:57:00,6.285,6.285,6.275,6.275,18
2026-01-05 14:58:00,6.275,6.275,6.27,6.275,15
2026-01-05 14:59:00,6.275,6.275,6.275,6.275,0
2026-01-05 15:00:00,6.275,6.275,6.275,6.275,0
2026-01-05 15:01:00,6.275,6.28,6.275,6.28,32
2026-01-05 15:02:00,6.285,6.285,6.26,6.26,46
2026-01-05 15:03:00,6.26,6.26,6.255,6.26,27
2026-01-05 15:04:00,6.26,6.26,6.26,6.26,0
2026-01-05 15:05:00,6.265,6.2686,6.261,6.2686,11
2026-01-05 15:06:00,6.265,6.27,6.2614,6.2614,28
2026-01-05 15:07:00,6.265,6.265,6.25,6.25,45
2026-01-05 15:08:00,6.245,6.245,6.24,6.24,17
2026-01-05 15:09:00,6.235,6.2399,6.234,6.235,33
2026-01-05 15:10:00,6.235,6.235,6.235,6.235,3
2026-01-05 15:11:00,6.235,6.245,6.235,6.245,23
2026-01-05 15:12:00,6.25,6.25,6.2499,6.2499,16
2026-01-05 15:13:00,6.2458,6.25,6.245,6.25,26
2026-01-05 15:14:00,6.2498,6.2555,6.2498,6.255,44
2026-01-05 15:15:00,6.25,6.25,6.2498,6.2498,65
2026-01-05 15:16:00,6.245,6.25,6.245,6.25,35
2026-01-05 15:17:00,6.255,6.255,6.2501,6.255,3
2026-01-05 15:18:00,6.25,6.25,6.245,6.25,22
2026-01-05 15:19:00,6.245,6.245,6.24,6.24,14
2026-01-05 15:20:00,6.235,6.235,6.235,6.235,2
2026-01-05 15:21:00,6.235,6.235,6.225,6.235,35
2026-01-05 15:22:00,6.235,6.2699,6.23,6.2499,305
2026-01-05 15:23:00,6.2499,6.2499,6.2499,6.2499,0
2026-01-05 15:24:00,6.245,6.245,6.24,6.24,102
2026-01-05 15:25:00,6.235,6.2399,6.235,6.235,14
2026-01-05 15:26:00,6.235,6.25,6.235,6.25,19
2026-01-05 15:27:00,6.256,6.26,6.256,6.26,11
2026-01-05 15:28:00,6.255,6.255,6.255,6.255,6
2026-01-05 15:29:00,6.25,6.26,6.245,6.26,58
2026-01-05 15:30:00,6.255,6.255,6.25,6.25,4
2026-01-05 15:31:00,6.245,6.245,6.235,6.235,13
2026-01-05 15:32:00,6.235,6.235,6.2227,6.235,72
2026-01-05 15:33:00,6.23,6.23,6.23,6.23,6
2026-01-05 15:34:00,6.23,6.235,6.23,6.23,14
2026-01-05 15:35:00,6.23,6.24,6.23,6.24,16
2026-01-05 15:36:00,6.24,6.24,6.235,6.24,3
2026-01-05 15:37:00,6.235,6.235,6.235,6.235,2
2026-01-05 15:38:00,6.235,6.235,6.232,6.232,9
2026-01-05 15:39:00,6.24,6.245,6.235,6.245,26
2026-01-05 15:40:00,6.245,6.2487,6.245,6.245,12
2026-01-05 15:41:00,6.245,6.245,6.245,6.245,41
2026-01-05 15:42:00,6.24,6.24,6.235,6.235,42
2026-01-05 15:43:00,6.235,6.235,6.235,6.235,8
2026-01-05 15:44:00,6.235,6.245,6.235,6.245,54
2026-01-05 15:45:00,6.25,6.255,6.25,6.255,22
2026-01-05 15:46:00,6.25,6.25,6.2438,6.245,33
2026-01-05 15:47:00,6.245,6.245,6.245,6.245,7
2026-01-05 15:48:00,6.245,6.255,6.245,6.255,61
2026-01-05 15:49:00,6.255,6.255,6.255,6.255,12
2026-01-05 15:50:00,6.25,6.255,6.24,6.242,202
2026-01-05 15:51:00,6.24,6.25,6.24,6.25,14
2026-01-05 15:52:00,6.245,6.25,6.245,6.245,122
2026-01-05 15:53:00,6.25,6.25,6.24,6.245,111
2026-01-05 15:54:00,6.245,6.25,6.24,6.245,43
2026-01-05 15:55:00,6.25,6.27,6.245,6.27,219
2026-01-05 15:56:00,6.27,6.275,6.255,6.26,193
2026-01-05 15:57:00,6.26,6.26,6.25,6.25,168
2026-01-05 15:58:00,6.255,6.255,6.2345,6.235,208
2026-01-05 15:59:00,6.235,6.245,6.21,6.22,574
2026-01-06 09:30:00,6.28,6.36,6.2603,6.36,415
2026-01-06 09:31:00,6.34,6.34,6.27,6.28,60
2026-01-06 09:32:00,6.28,6.285,6.26,6.26,17
2026-01-06 09:33:00,6.25,6.25,6.21,6.21,69
2026-01-06 09:34:00,6.2128,6.23,6.2,6.225,39
2026-01-06 09:35:00,6.23,6.23,6.21,6.21,22
2026-01-06 09:36:00,6.21,6.2429,6.185,6.21,37
2026-01-06 09:37:00,6.215,6.24,6.2092,6.24,16
2026-01-06 09:38:00,6.2477,6.2538,6.2477,6.2538,50
2026-01-06 09:39:00,6.25,6.255,6.235,6.235,35
2026-01-06 09:40:00,6.24,6.25,6.2392,6.24,20
2026-01-06 09:41:00,6.25,6.25,6.25,6.25,5
2026-01-06 09:42:00,6.2453,6.27,6.23,6.27,55
2026-01-06 09:43:00,6.25,6.26,6.25,6.25,8
2026-01-06 09:44:00,6.26,6.26,6.26,6.26,9
2026-01-06 09:45:00,6.27,6.28,6.27,6.28,59
2026-01-06 09:46:00,6.29,6.29,6.27,6.28,28
2026-01-06 09:47:00,6.27,6.272,6.26,6.26,83
2026-01-06 09:48:00,6.26,6.26,6.25,6.25,9
2026-01-06 09:49:00,6.2618,6.2618,6.2618,6.2618,10
2026-01-06 09:50:00,6.268,6.27,6.2501,6.27,75
2026-01-06 09:51:00,6.275,6.2826,6.27,6.27,8
2026-01-06 09:52:00,6.27,6.28,6.264,6.27,57
2026-01-06 09:53:00,6.29,6.29,6.26,6.27,107
2026-01-06 09:54:00,6.27,6.285,6.27,6.28,4
2026-01-06 09:55:00,6.28,6.28,6.27,6.27,17
2026-01-06 09:56:00,6.26,6.26,6.235,6.235,17
2026-01-06 09:57:00,6.25,6.27,6.24,6.27,138
2026-01-06 09:58:00,6.265,6.27,6.265,6.27,17
2026-01-06 09:59:00,6.27,6.27,6.27,6.27,1
2026-01-06 10:00:00,6.27,6.27,6.26,6.27,17
2026-01-06 10:01:00,6.2702,6.2703,6.26,6.26,83
2026-01-06 10:02:00,6.26,6.27,6.26,6.265,60
2026-01-06 10:03:00,6.265,6.265,6.255,6.255,22
2026-01-06 10:04:00,6.255,6.256,6.245,6.25,38
2026-01-06 10:05:00,6.256,6.256,6.235,6.24,48
2026-01-06 10:06:00,6.24,6.25,6.24,6.245,15
2026-01-06 10:07:00,6.24,6.24,6.235,6.235,6
2026-01-06 10:08:00,6.245,6.2566,6.245,6.245,12
2026-01-06 10:09:00,6.245,6.26,6.245,6.245,229
2026-01-06 10:10:00,6.245,6.255,6.235,6.235,43
2026-01-06 10:11:00,6.235,6.24,6.23,6.235,29
2026-01-06 10:12:00,6.235,6.235,6.235,6.235,2
2026-01-06 10:13:00,6.2397,6.2397,6.235,6.235,19
2026-01-06 10:14:00,6.235,6.24,6.235,6.235,5
2026-01-06 10:15:00,6.235,6.2383,6.2301,6.235,16
2026-01-06 10:16:00,6.24,6.25,6.215,6.215,21
2026-01-06 10:17:00,6.21,6.225,6.21,6.225,14
2026-01-06 10:18:00,6.225,6.225,6.215,6.215,7
2026-01-06 10:19:00,6.21,6.21,6.202,6.2057,36
2026-01-06 10:20:00,6.205,6.205,6.195,6.195,222
2026-01-06 10:21:00,6.2,6.205,6.195,6.2,21
2026-01-06 10:22:00,6.2,6.2,6.199,6.199,2
2026-01-06 10:23:00,6.1901,6.225,6.1901,6.215,68
2026-01-06 10:24:00,6.21,6.21,6.205,6.205,5
2026-01-06 10:25:00,6.2,6.2,6.1999,6.1999,15
2026-01-06 10:26:00,6.195,6.2,6.185,6.2,51
2026-01-06 10:27:00,6.215,6.215,6.205,6.21,10
2026-01-06 10:28:00,6.21,6.22,6.21,6.215,18
2026-01-06 10:29:00,6.215,6.215,6.215,6.215,3
2026-01-06 10:30:00,6.21,6.21,6.205,6.205,13
2026-01-06 10:31:00,6.205,6.205,6.19,6.195,69
2026-01-06 10:32:00,6.19,6.2,6.19,6.195,71
2026-01-06 10:33:00,6.195,6.195,6.195,6.195,6
2026-01-06 10:34:00,6.2,6.2,6.2,6.2,13
2026-01-06 10:35:00,6.2,6.205,6.2,6.2,34
2026-01-06 10:36:00,6.195,6.195,6.19,6.1937,10
2026-01-06 10:37:00,6.195,6.195,6.17,6.18,209
2026-01-06 10:38:00,6.1799,6.19,6.1799,6.18,67
2026-01-06 10:39:00,6.1799,6.186,6.1799,6.1846,11
2026-01-06 10:40:00,6.185,6.195,6.184,6.19,29
2026-01-06 10:41:00,6.1855,6.1855,6.18,6.18,28
2026-01-06 10:42:00,6.18,6.18,6.18,6.18,0
2026-01-06 10:43:00,6.175,6.175,6.175,6.175,3
2026-01-06 10:44:00,6.17,6.17,6.17,6.17,6
2026-01-06 10:45:00,6.17,6.175,6.17,6.175,16
2026-01-06 10:46:00,6.1799,6.1799,6.175,6.1799,8
2026-01-06 10:47:00,6.17,6.1786,6.165,6.165,11
2026-01-06 10:48:00,6.1655,6.1655,6.1655,6.1655,1
2026-01-06 10:49:00,6.165,6.165,6.165,6.165,5
2026-01-06 10:50:00,6.1646,6.1668,6.1646,6.165,12
2026-01-06 10:51:00,6.1657,6.1657,6.155,6.165,157
2026-01-06 10:52:00,6.17,6.17,6.16,6.165,15
2026-01-06 10:53:00,6.165,6.19,6.165,6.18,642
2026-01-06 10:54:00,6.185,6.185,6.185,6.185,11
2026-01-06 10:55:00,6.185,6.2199,6.185,6.215,62
2026-01-06 10:56:00,6.21,6.215,6.195,6.195,22
2026-01-06 10:57:00,6.2,6.205,6.195,6.205,22
2026-01-06 10:58:00,6.205,6.205,6.2,6.2,17
2026-01-06 10:59:00,6.1915,6.195,6.1915,6.195,4
2026-01-06 11:00:00,6.195,6.195,6.185,6.1886,11
2026-01-06 11:01:00,6.185,6.185,6.18,6.185,11
2026-01-06 11:02:00,6.19,6.2,6.18,6.1979,24
2026-01-06 11:03:00,6.2,6.2,6.19,6.195,41
2026-01-06 11:04:00,6.195,6.195,6.195,6.195,3
2026-01-06 11:05:00,6.195,6.195,6.19,6.19,17
2026-01-06 11:06:00,6.19,6.19,6.185,6.185,15
2026-01-06 11:07:00,6.19,6.205,6.19,6.205,25
2026-01-06 11:08:00,6.205,6.2096,6.2,6.2,15
2026-01-06 11:09:00,6.2,6.215,6.2,6.215,22
2026-01-06 11:10:00,6.215,6.22,6.2136,6.22,21
2026-01-06 11:11:00,6.215,6.22,6.21,6.215,58
2026-01-06 11:12:00,6.215,6.23,6.215,6.23,27
2026-01-06 11:13:00,6.225,6.23,6.215,6.215,28
2026-01-06 11:14:00,6.2199,6.2199,6.2199,6.2199,1
2026-01-06 11:15:00,6.2199,6.225,6.2199,6.225,18
2026-01-06 11:16:00,6.23,6.23,6.22,6.22,22
2026-01-06 11:17:00,6.23,6.235,6.23,6.23,16
2026-01-06 11:18:00,6.23,6.23,6.23,6.23,0
2026-01-06 11:19:00,6.23,6.23,6.225,6.225,3
2026-01-06 11:20:00,6.22,6.2319,6.22,6.225,16
2026-01-06 11:21:00,6.225,6.225,6.225,6.225,4
2026-01-06 11:22:00,6.225,6.23,6.225,6.225,7
2026-01-06 11:23:00,6.225,6.235,6.225,6.23,21
2026-01-06 11:24:00,6.23,6.23,6.23,6.23,0
2026-01-06 11:25:00,6.23,6.235,6.225,6.225,11
2026-01-06 11:26:00,6.225,6.2298,6.225,6.2298,8
2026-01-06 11:27:00,6.2241,6.23,6.22,6.23,77
2026-01-06 11:28:00,6.2264,6.23,6.2264,6.23,2
2026-01-06 11:29:00,6.2299,6.2299,6.2299,6.2299,2
2026-01-06 11:30:00,6.23,6.23,6.2206,6.225,16
2026-01-06 11:31:00,6.2257,6.2257,6.22,6.22,24
2026-01-06 11:32:00,6.214,6.2155,6.214,6.2155,30
2026-01-06 11:33:00,6.21,6.21,6.19,6.19,136
2026-01-06 11:34:00,6.19,6.1967,6.19,6.195,18
2026-01-06 11:35:00,6.195,6.205,6.195,6.205,25
2026-01-06 11:36:00,6.205,6.205,6.2,6.2,15
2026-01-06 11:37:00,6.195,6.195,6.195,6.195,5
2026-01-06 11:38:00,6.195,6.195,6.195,6.195,0
2026-01-06 11:39:00,6.1962,6.2,6.1962,6.2,14
2026-01-06 11:40:00,6.2,6.2,6.2,6.2,1
2026-01-06 11:41:00,6.1998,6.2,6.195,6.195,11
2026-01-06 11:42:00,6.2,6.205,6.2,6.205,11
2026-01-06 11:43:00,6.205,6.205,6.195,6.195,23
2026-01-06 11:44:00,6.195,6.195,6.195,6.195,0
2026-01-06 11:45:00,6.195,6.195,6.195,6.195,2
2026-01-06 11:46:00,6.2,6.2,6.1999,6.1999,4
2026-01-06 11:47:00,6.195,6.195,6.195,6.195,2
2026-01-06 11:48:00,6.195,6.195,6.17,6.17,171
2026-01-06 11:49:00,6.165,6.165,6.165,6.165,4
2026-01-06 11:50:00,6.165,6.165,6.15,6.155,84
2026-01-06 11:51:00,6.1537,6.1537,6.1537,6.1537,1
2026-01-06 11:52:00,6.155,6.1586,6.155,6.1586,7
2026-01-06 11:53:00,6.15,6.15,6.1446,6.1446,95
2026-01-06 11:54:00,6.1401,6.15,6.1401,6.15,15
2026-01-06 11:55:00,6.145,6.145,6.13,6.14,178
2026-01-06 11:56:00,6.135,6.135,6.13,6.135,6
2026-01-06 11:57:00,6.1399,6.1477,6.1349,6.1477,27
2026-01-06 11:58:00,6.145,6.15,6.145,6.1499,20
2026-01-06 11:59:00,6.1409,6.155,6.1409,6.155,14
2026-01-06 12:00:00,6.15,6.1586,6.15,6.155,3
2026-01-06 12:01:00,6.15,6.155,6.1333,6.1333,36
2026-01-06 12:02:00,6.134,6.15,6.134,6.145,74
2026-01-06 12:03:00,6.1496,6.15,6.1496,6.15,36
2026-01-06 12:04:00,6.145,6.15,6.145,6.15,22
2026-01-06 12:05:00,6.15,6.15,6.15,6.15,0
2026-01-06 12:06:00,6.16,6.175,6.16,6.17,25
2026-01-06 12:07:00,6.165,6.175,6.163,6.165,95
2026-01-06 12:08:00,6.16,6.165,6.155,6.155,14
2026-01-06 12:09:00,6.155,6.155,6.155,6.155,1
2026-01-06 12:10:00,6.155,6.155,6.145,6.145,21
2026-01-06 12:11:00,6.145,6.145,6.145,6.145,4
2026-01-06 12:12:00,6.145,6.15,6.145,6.1486,10
2026-01-06 12:13:00,6.145,6.15,6.14,6.15,37
2026-01-06 12:14:00,6.155,6.155,6.145,6.145,11
2026-01-06 12:15:00,6.15,6.155,6.15,6.155,6
2026-01-06 12:16:00,6.154,6.155,6.154,6.155,33
2026-01-06 12:17:00,6.155,6.1563,6.155,6.155,9
2026-01-06 12:18:00,6.155,6.155,6.155,6.155,12
2026-01-06 12:19:00,6.155,6.1567,6.15,6.15,18
2026-01-06 12:20:00,6.155,6.155,6.145,6.145,23
2026-01-06 12:21:00,6.1433,6.145,6.14,6.145,6
2026-01-06 12:22:00,6.1498,6.1498,6.13,6.1344,30
2026-01-06 12:23:00,6.135,6.1384,6.135,6.135,5
2026-01-06 12:24:00,6.135,6.14,6.135,6.14,18
2026-01-06 12:25:00,6.14,6.145,6.14,6.1446,7
2026-01-06 12:26:00,6.145,6.145,6.13,6.135,57
2026-01-06 12:27:00,6.135,6.135,6.135,6.135,4
2026-01-06 12:28:00,6.135,6.135,6.135,6.135,1
2026-01-06 12:29:00,6.14,6.14,6.14,6.14,5
2026-01-06 12:30:00,6.13,6.135,6.13,6.1301,4
2026-01-06 12:31:00,6.135,6.135,6.12,6.12,107
2026-01-06 12:32:00,6.117,6.12,6.11,6.115,60
2026-01-06 12:33:00,6.1186,6.12,6.115,6.12,18
2026-01-06 12:34:00,6.115,6.115,6.115,6.115,6
2026-01-06 12:35:00,6.115,6.115,6.1,6.1099,225
2026-01-06 12:36:00,6.1099,6.11,6.09,6.096,365
2026-01-06 12:37:00,6.095,6.1,6.095,6.095,5
2026-01-06 12:38:00,6.1,6.105,6.1,6.105,16
2026-01-06 12:39:00,6.1,6.1,6.095,6.095,46
2026-01-06 12:40:00,6.095,6.095,6.095,6.095,7
2026-01-06 12:41:00,6.09,6.1,6.0851,6.095,37
2026-01-06 12:42:00,6.095,6.1086,6.095,6.105,17
2026-01-06 12:43:00,6.105,6.1065,6.104,6.105,26
2026-01-06 12:44:00,6.1,6.105,6.1,6.105,16
2026-01-06 12:45:00,6.105,6.105,6.1,6.1,63
2026-01-06 12:46:00,6.1,6.105,6.1,6.105,2
2026-01-06 12:47:00,6.1005,6.108,6.095,6.1,46
2026-01-06 12:48:00,6.095,6.105,6.095,6.1,18
2026-01-06 12:49:00,6.1086,6.1086,6.1086,6.1086,3
2026-01-06 12:50:00,6.1,6.1,6.1,6.1,1
2026-01-06 12:51:00,6.104,6.105,6.104,6.105,21
2026-01-06 12:52:00,6.105,6.1058,6.105,6.1058,11
2026-01-06 12:53:00,6.105,6.1098,6.095,6.095,31
2026-01-06 12:54:00,6.095,6.095,6.095,6.095,5
2026-01-06 12:55:00,6.0989,6.1,6.0989,6.1,4
2026-01-06 12:56:00,6.0955,6.1,6.0955,6.1,3
2026-01-06 12:57:00,6.0998,6.115,6.0998,6.105,147
2026-01-06 12:58:00,6.105,6.105,6.105,6.105,2
2026-01-06 12:59:00,6.11,6.11,6.105,6.11,48
2026-01-06 13:00:00,6.11,6.11,6.105,6.11,6
2026-01-06 13:01:00,6.105,6.11,6.105,6.11,19
2026-01-06 13:02:00,6.11,6.115,6.105,6.115,33
2026-01-06 13:03:00,6.11,6.115,6.1095,6.1095,17
2026-01-06 13:04:00,6.105,6.11,6.105,6.105,113
2026-01-06 13:05:00,6.1045,6.105,6.09,6.095,185
2026-01-06 13:06:00,6.09,6.095,6.09,6.095,4
2026-01-06 13:07:00,6.0989,6.0989,6.08,6.086,400
2026-01-06 13:08:00,6.085,6.085,6.075,6.085,37
2026-01-06 13:09:00,6.0868,6.095,6.085,6.095,24
2026-01-06 13:10:00,6.09,6.095,6.085,6.0899,17
2026-01-06 13:11:00,6.09,6.09,6.09,6.09,10
2026-01-06 13:12:00,6.09,6.09,6.09,6.09,1
2026-01-06 13:13:00,6.09,6.09,6.09,6.09,4
2026-01-06 13:14:00,6.095,6.095,6.095,6.095,2
2026-01-06 13:15:00,6.095,6.095,6.095,6.095,1
2026-01-06 13:16:00,6.095,6.1,6.0937,6.0937,16
2026-01-06 13:17:00,6.095,6.095,6.095,6.095,1
2026-01-06 13:18:00,6.095,6.095,6.0925,6.0925,8
2026-01-06 13:19:00,6.0986,6.0986,6.095,6.095,14
2026-01-06 13:20:00,6.095,6.095,6.085,6.085,35
2026-01-06 13:21:00,6.085,6.09,6.085,6.09,46
2026-01-06 13:22:00,6.09,6.09,6.09,6.09,1
2026-01-06 13:23:00,6.085,6.09,6.085,6.09,41
2026-01-06 13:24:00,6.0847,6.0847,6.08,6.08,2
2026-01-06 13:25:00,6.0801,6.087,6.0801,6.087,18
2026-01-06 13:26:00,6.08,6.09,6.08,6.09,11
2026-01-06 13:27:00,6.09,6.1,6.09,6.1,25
2026-01-06 13:28:00,6.105,6.105,6.1,6.105,29
2026-01-06 13:29:00,6.105,6.11,6.105,6.105,34
2026-01-06 13:30:00,6.11,6.11,6.1016,6.1016,11
2026-01-06 13:31:00,6.1,6.1024,6.1,6.1024,8
2026-01-06 13:32:00,6.105,6.105,6.105,6.105,1
2026-01-06 13:33:00,6.104,6.1061,6.104,6.1061,7
2026-01-06 13:34:00,6.105,6.11,6.105,6.105,17
2026-01-06 13:35:00,6.105,6.105,6.1045,6.1045,3
2026-01-06 13:36:00,6.105,6.1086,6.09,6.09,28
2026-01-06 13:37:00,6.095,6.0951,6.095,6.0951,9
2026-01-06 13:38:00,6.1,6.1,6.0922,6.0922,13
2026-01-06 13:39:00,6.0955,6.0955,6.085,6.09,35
2026-01-06 13:40:00,6.09,6.1,6.09,6.09,20
2026-01-06 13:41:00,6.09,6.095,6.085,6.085,15
2026-01-06 13:42:00,6.0859,6.0859,6.0859,6.0859,2
2026-01-06 13:43:00,6.09,6.1,6.09,6.1,5
2026-01-06 13:44:00,6.095,6.095,6.095,6.095,1
2026-01-06 13:45:00,6.0916,6.095,6.0916,6.095,11
2026-01-06 13:46:00,6.09,6.09,6.09,6.09,1
2026-01-06 13:47:00,6.095,6.1,6.095,6.1,18
2026-01-06 13:48:00,6.1,6.1,6.0955,6.1,7
2026-01-06 13:49:00,6.105,6.125,6.105,6.125,178
2026-01-06 13:50:00,6.13,6.13,6.1227,6.13,9
2026-01-06 13:51:00,6.13,6.135,6.13,6.135,3
2026-01-06 13:52:00,6.135,6.15,6.135,6.1498,51
2026-01-06 13:53:00,6.15,6.155,6.1307,6.1307,53
2026-01-06 13:54:00,6.135,6.135,6.135,6.135,3
2026-01-06 13:55:00,6.14,6.14,6.14,6.14,4
2026-01-06 13:56:00,6.1399,6.1399,6.1399,6.1399,3
2026-01-06 13:57:00,6.15,6.15,6.15,6.15,9
2026-01-06 13:58:00,6.15,6.15,6.144,6.144,2
2026-01-06 13:59:00,6.144,6.144,6.144,6.144,0
2026-01-06 14:00:00,6.145,6.145,6.145,6.145,1
2026-01-06 14:01:00,6.145,6.145,6.145,6.145,7
2026-01-06 14:02:00,6.145,6.145,6.135,6.135,13
2026-01-06 14:03:00,6.14,6.14,6.14,6.14,6
2026-01-06 14:04:00,6.145,6.145,6.1426,6.1426,31
2026-01-06 14:05:00,6.145,6.145,6.145,6.145,2
2026-01-06 14:06:00,6.1446,6.15,6.1446,6.15,17
2026-01-06 14:07:00,6.15,6.15,6.145,6.1453,19
2026-01-06 14:08:00,6.1453,6.1453,6.1453,6.1453,0
2026-01-06 14:09:00,6.15,6.15,6.15,6.15,11
2026-01-06 14:10:00,6.1446,6.15,6.1446,6.15,20
2026-01-06 14:11:00,6.16,6.16,6.16,6.16,1
2026-01-06 14:12:00,6.16,6.17,6.16,6.17,46
2026-01-06 14:13:00,6.17,6.17,6.17,6.17,0
2026-01-06 14:14:00,6.1612,6.17,6.1612,6.17,3
2026-01-06 14:15:00,6.165,6.165,6.165,6.165,3
2026-01-06 14:16:00,6.17,6.17,6.16,6.165,6
2026-01-06 14:17:00,6.17,6.175,6.17,6.17,7
2026-01-06 14:18:00,6.175,6.175,6.165,6.165,30
2026-01-06 14:19:00,6.165,6.165,6.165,6.165,31
2026-01-06 14:20:00,6.1659,6.17,6.1659,6.17,33
2026-01-06 14:21:00,6.17,6.17,6.17,6.17,0
2026-01-06 14:22:00,6.1646,6.165,6.1646,6.165,3
2026-01-06 14:23:00,6.17,6.17,6.165,6.165,55
2026-01-06 14:24:00,6.17,6.17,6.17,6.17,1
2026-01-06 14:25:00,6.165,6.165,6.165,6.165,3
2026-01-06 14:26:00,6.165,6.165,6.165,6.165,2
2026-01-06 14:27:00,6.17,6.175,6.17,6.175,4
2026-01-06 14:28:00,6.1714,6.175,6.1714,6.175,2
2026-01-06 14:29:00,6.175,6.175,6.175,6.175,8
2026-01-06 14:30:00,6.175,6.175,6.175,6.175,1
2026-01-06 14:31:00,6.1705,6.1705,6.1705,6.1705,2
2026-01-06 14:32:00,6.18,6.19,6.18,6.19,27
2026-01-06 14:33:00,6.185,6.185,6.175,6.18,34
2026-01-06 14:34:00,6.18,6.18,6.175,6.175,24
2026-01-06 14:35:00,6.1745,6.1745,6.1745,6.1745,2
2026-01-06 14:36:00,6.1745,6.1745,6.1745,6.1745,0
2026-01-06 14:37:00,6.1786,6.18,6.1786,6.18,3
2026-01-06 14:38:00,6.18,6.18,6.18,6.18,0
2026-01-06 14:39:00,6.18,6.18,6.18,6.18,0
2026-01-06 14:40:00,6.18,6.18,6.18,6.18,1
2026-01-06 14:41:00,6.175,6.175,6.174,6.175,6
2026-01-06 14:42:00,6.175,6.176,6.175,6.175,13
2026-01-06 14:43:00,6.17,6.175,6.15,6.165,79
2026-01-06 14:44:00,6.165,6.166,6.16,6.16,23
2026-01-06 14:45:00,6.16,6.16,6.16,6.16,1
2026-01-06 14:46:00,6.1645,6.165,6.1645,6.165,4
2026-01-06 14:47:00,6.165,6.165,6.165,6.165,0
2026-01-06 14:48:00,6.1633,6.1633,6.1633,6.1633,1
2026-01-06 14:49:00,6.165,6.167,6.165,6.165,4
2026-01-06 14:50:00,6.165,6.165,6.165,6.165,1
2026-01-06 14:51:00,6.165,6.165,6.155,6.155,45
2026-01-06 14:52:00,6.16,6.18,6.16,6.18,92
2026-01-06 14:53:00,6.18,6.18,6.18,6.18,0
2026-01-06 14:54:00,6.175,6.175,6.1746,6.175,5
2026-01-06 14:55:00,6.175,6.175,6.175,6.175,5
2026-01-06 14:56:00,6.18,6.18,6.175,6.175,2
2026-01-06 14:57:00,6.175,6.18,6.175,6.175,23
2026-01-06 14:58:00,6.175,6.175,6.172,6.175,13
2026-01-06 14:59:00,6.18,6.185,6.18,6.185,22
2026-01-06 15:00:00,6.19,6.2,6.19,6.2,19
2026-01-06 15:01:00,6.195,6.195,6.195,6.195,1
2026-01-06 15:02:00,6.195,6.2,6.195,6.195,16
2026-01-06 15:03:00,6.195,6.195,6.195,6.195,0
2026-01-06 15:04:00,6.2,6.205,6.2,6.205,149
2026-01-06 15:05:00,6.205,6.205,6.204,6.204,4
2026-01-06 15:06:00,6.21,6.21,6.2,6.205,30
2026-01-06 15:07:00,6.205,6.215,6.205,6.215,96
2026-01-06 15:08:00,6.215,6.215,6.215,6.215,6
2026-01-06 15:09:00,6.215,6.215,6.21,6.215,15
2026-01-06 15:10:00,6.215,6.215,6.205,6.205,49
2026-01-06 15:11:00,6.205,6.205,6.205,6.205,2
2026-01-06 15:12:00,6.205,6.2083,6.205,6.2083,6
2026-01-06 15:13:00,6.205,6.22,6.205,6.215,9
2026-01-06 15:14:00,6.215,6.215,6.215,6.215,0
2026-01-06 15:15:00,6.21,6.21,6.185,6.185,106
2026-01-06 15:16:00,6.19,6.2,6.19,6.1981,46
2026-01-06 15:17:00,6.195,6.2,6.1912,6.1969,44
2026-01-06 15:18:00,6.195,6.2,6.195,6.2,20
2026-01-06 15:19:00,6.195,6.2,6.195,6.2,13
2026-01-06 15:20:00,6.195,6.2,6.19,6.195,150
2026-01-06 15:21:00,6.195,6.2,6.185,6.195,150
2026-01-06 15:22:00,6.19,6.195,6.17,6.185,44
2026-01-06 15:23:00,6.185,6.185,6.185,6.185,6
2026-01-06 15:24:00,6.185,6.185,6.185,6.185,2
2026-01-06 15:25:00,6.185,6.19,6.185,6.185,8
2026-01-06 15:26:00,6.185,6.185,6.18,6.185,9
2026-01-06 15:27:00,6.19,6.19,6.18,6.185,13
2026-01-06 15:28:00,6.185,6.185,6.185,6.185,9
2026-01-06 15:29:00,6.19,6.19,6.185,6.185,10
2026-01-06 15:30:00,6.185,6.185,6.175,6.175,61
2026-01-06 15:31:00,6.18,6.1873,6.18,6.185,65
2026-01-06 15:32:00,6.185,6.1873,6.18,6.1873,18
2026-01-06 15:33:00,6.185,6.195,6.185,6.195,53
2026-01-06 15:34:00,6.195,6.1953,6.195,6.195,24
2026-01-06 15:35:00,6.195,6.2,6.18,6.185,311
2026-01-06 15:36:00,6.185,6.19,6.185,6.185,21
2026-01-06 15:37:00,6.19,6.1961,6.19,6.195,48
2026-01-06 15:38:00,6.2,6.2056,6.195,6.205,60
2026-01-06 15:39:00,6.205,6.205,6.2045,6.205,35
2026-01-06 15:40:00,6.205,6.21,6.205,6.205,113
2026-01-06 15:41:00,6.205,6.2096,6.2,6.205,54
2026-01-06 15:42:00,6.205,6.205,6.205,6.205,2
2026-01-06 15:43:00,6.2099,6.22,6.2,6.21,215
2026-01-06 15:44:00,6.205,6.215,6.205,6.214,38
2026-01-06 15:45:00,6.215,6.22,6.215,6.22,37
2026-01-06 15:46:00,6.22,6.22,6.2193,6.2199,13
2026-01-06 15:47:00,6.22,6.22,6.215,6.22,23
2026-01-06 15:48:00,6.219,6.22,6.215,6.215,20
2026-01-06 15:49:00,6.215,6.22,6.215,6.22,13
2026-01-06 15:50:00,6.22,6.22,6.215,6.215,74
2026-01-06 15:51:00,6.215,6.22,6.215,6.215,18
2026-01-06 15:52:00,6.215,6.22,6.215,6.22,31
2026-01-06 15:53:00,6.22,6.22,6.215,6.215,49
2026-01-06 15:54:00,6.22,6.22,6.2111,6.215,58
2026-01-06 15:55:00,6.215,6.242,6.215,6.235,286
2026-01-06 15:56:00,6.235,6.24,6.235,6.235,66
2026-01-06 15:57:00,6.235,6.25,6.23,6.235,271
2026-01-06 15:58:00,6.23,6.24,6.23,6.23,78
2026-01-06 15:59:00,6.235,6.24,6.22,6.24,396
2026-01-07 09:30:00,6.33,6.33,6.3,6.305,507
2026-01-07 09:31:00,6.305,6.3399,6.27,6.27,79
2026-01-07 09:32:00,6.275,6.275,6.212,6.2136,30
2026-01-07 09:33:00,6.22,6.22,6.19,6.19,101
2026-01-07 09:34:00,6.2,6.2,6.1765,6.1765,50
2026-01-07 09:35:00,6.19,6.22,6.175,6.21,130
2026-01-07 09:36:00,6.22,6.22,6.19,6.195,62
2026-01-07 09:37:00,6.18,6.18,6.15,6.1558,28
2026-01-07 09:38:00,6.16,6.17,6.155,6.17,55
2026-01-07 09:39:00,6.17,6.22,6.16,6.21,33
2026-01-07 09:40:00,6.21,6.21,6.19,6.195,398
2026-01-07 09:41:00,6.195,6.1966,6.12,6.13,685
2026-01-07 09:42:00,6.13,6.131,6.1,6.1,730
2026-01-07 09:43:00,6.1064,6.13,6.1,6.12,251
2026-01-07 09:44:00,6.13,6.145,6.13,6.145,4
2026-01-07 09:45:00,6.1598,6.1598,6.1209,6.1272,105
2026-01-07 09:46:00,6.1298,6.133,6.1,6.1,172
2026-01-07 09:47:00,6.1,6.11,6.06,6.08,202
2026-01-07 09:48:00,6.088,6.1,6.078,6.087,254
2026-01-07 09:49:00,6.088,6.1,6.07,6.07,140
2026-01-07 09:50:00,6.065,6.07,6.05,6.055,195
2026-01-07 09:51:00,6.055,6.065,6.03,6.03,162
2026-01-07 09:52:00,6.04,6.043,5.98,5.99,759
2026-01-07 09:53:00,6.0,6.04,5.99,5.995,179
2026-01-07 09:54:00,5.9966,6.0,5.97,5.98,162
2026-01-07 09:55:00,5.985,6.015,5.975,5.98,487
2026-01-07 09:56:00,5.975,5.99,5.93,5.94,300
2026-01-07 09:57:00,5.945,5.97,5.945,5.9584,157
2026-01-07 09:58:00,5.96,5.9899,5.93,5.93,116
2026-01-07 09:59:00,5.93,5.93,5.8801,5.91,381
2026-01-07 10:00:00,5.9113,5.9225,5.91,5.91,187
2026-01-07 10:01:00,5.9192,5.93,5.88,5.895,209
2026-01-07 10:02:00,5.89,5.92,5.8725,5.92,213
2026-01-07 10:03:00,5.92,5.96,5.92,5.945,119
2026-01-07 10:04:00,5.945,5.965,5.9412,5.96,154
2026-01-07 10:05:00,5.955,5.995,5.95,5.99,117
2026-01-07 10:06:00,5.9855,6.005,5.9855,5.9945,314
2026-01-07 10:07:00,5.995,5.9978,5.985,5.985,31
2026-01-07 10:08:00,5.99,5.99,5.985,5.9899,30
2026-01-07 10:09:00,5.98,6.025,5.975,6.02,117
2026-01-07 10:10:00,6.03,6.04,6.0193,6.03,406
2026-01-07 10:11:00,6.0301,6.035,6.0,6.015,248
2026-01-07 10:12:00,6.02,6.04,6.02,6.035,77
2026-01-07 10:13:00,6.035,6.0525,6.035,6.0425,55
2026-01-07 10:14:00,6.044,6.055,6.035,6.035,116
2026-01-07 10:15:00,6.03,6.05,6.025,6.035,117
2026-01-07 10:16:00,6.0355,6.0355,6.015,6.02,86
2026-01-07 10:17:00,6.0186,6.0186,5.99,5.99,113
2026-01-07 10:18:00,5.985,5.99,5.985,5.985,12
2026-01-07 10:19:00,5.985,5.99,5.9799,5.98,71
2026-01-07 10:20:00,5.98,5.98,5.9743,5.9798,30
2026-01-07 10:21:00,5.9792,5.98,5.97,5.98,21
2026-01-07 10:22:00,5.97,5.975,5.94,5.9499,179
2026-01-07 10:23:00,5.9499,5.955,5.9455,5.955,83
2026-01-07 10:24:00,5.95,5.96,5.95,5.9554,20
2026-01-07 10:25:00,5.956,5.9599,5.95,5.9599,71
2026-01-07 10:26:00,5.955,5.955,5.94,5.9499,64
2026-01-07 10:27:00,5.9499,5.965,5.9499,5.9593,59
2026-01-07 10:28:00,5.955,5.96,5.955,5.9598,37
2026-01-07 10:29:00,5.9582,5.96,5.95,5.955,41
2026-01-07 10:30:00,5.955,5.955,5.955,5.955,0
2026-01-07 10:31:00,5.955,5.965,5.95,5.95,164
2026-01-07 10:32:00,5.94,5.94,5.93,5.93,24
2026-01-07 10:33:00,5.93,5.935,5.92,5.935,104
2026-01-07 10:34:00,5.935,5.937,5.925,5.936,154
2026-01-07 10:35:00,5.936,5.936,5.92,5.925,35
2026-01-07 10:36:00,5.925,5.9352,5.92,5.925,150
2026-01-07 10:37:00,5.925,5.935,5.92,5.935,201
2026-01-07 10:38:00,5.935,5.935,5.91,5.91,97
2026-01-07 10:39:00,5.92,5.93,5.9145,5.9262,48
2026-01-07 10:40:00,5.93,5.935,5.925,5.925,62
2026-01-07 10:41:00,5.925,5.9263,5.9245,5.9263,17
2026-01-07 10:42:00,5.9298,5.93,5.9245,5.925,14
2026-01-07 10:43:00,5.925,5.925,5.92,5.925,39
2026-01-07 10:44:00,5.925,5.94,5.925,5.94,104
2026-01-07 10:45:00,5.9401,5.945,5.9401,5.945,28
2026-01-07 10:46:00,5.945,5.95,5.94,5.945,37
2026-01-07 10:47:00,5.9469,5.9499,5.94,5.945,29
2026-01-07 10:48:00,5.945,5.95,5.935,5.935,82
2026-01-07 10:49:00,5.9301,5.936,5.93,5.935,136
2026-01-07 10:50:00,5.9361,5.96,5.935,5.9499,155
2026-01-07 10:51:00,5.9497,5.95,5.94,5.94,71
2026-01-07 10:52:00,5.9445,5.95,5.935,5.94,239
2026-01-07 10:53:00,5.95,5.96,5.9475,5.96,23
2026-01-07 10:54:00,5.965,5.9664,5.945,5.9461,96
2026-01-07 10:55:00,5.945,5.96,5.945,5.955,143
2026-01-07 10:56:00,5.955,5.96,5.955,5.96,22
2026-01-07 10:57:00,5.955,5.9586,5.9514,5.9514,18
2026-01-07 10:58:00,5.955,5.9586,5.955,5.955,8
2026-01-07 10:59:00,5.955,5.98,5.95,5.9777,153
2026-01-07 11:00:00,5.975,5.9763,5.975,5.9763,7
2026-01-07 11:01:00,5.975,5.975,5.965,5.965,31
2026-01-07 11:02:00,5.96,5.96,5.955,5.955,17
2026-01-07 11:03:00,5.95,5.955,5.935,5.935,190
2026-01-07 11:04:00,5.935,5.94,5.93,5.935,11
2026-01-07 11:05:00,5.935,5.935,5.93,5.93,66
2026-01-07 11:06:00,5.9263,5.9284,5.925,5.925,13
2026-01-07 11:07:00,5.92,5.935,5.915,5.925,219
2026-01-07 11:08:00,5.925,5.925,5.905,5.905,251
2026-01-07 11:09:00,5.905,5.92,5.905,5.9175,182
2026-01-07 11:10:00,5.915,5.9184,5.91,5.91,57
2026-01-07 11:11:00,5.9001,5.9001,5.885,5.8871,296
2026-01-07 11:12:00,5.885,5.8899,5.86,5.875,294
2026-01-07 11:13:00,5.8799,5.8799,5.86,5.865,124
2026-01-07 11:14:00,5.865,5.87,5.86,5.86,235
2026-01-07 11:15:00,5.865,5.87,5.86,5.86,56
2026-01-07 11:16:00,5.86,5.8899,5.86,5.8844,98
2026-01-07 11:17:00,5.8856,5.925,5.885,5.925,979
2026-01-07 11:18:00,5.924,5.94,5.924,5.94,32
2026-01-07 11:19:00,5.9397,5.955,5.9325,5.955,108
2026-01-07 11:20:00,5.955,5.9568,5.935,5.935,49
2026-01-07 11:21:00,5.94,5.95,5.94,5.95,22
2026-01-07 11:22:00,5.9489,5.97,5.945,5.97,149
2026-01-07 11:23:00,5.9628,5.965,5.9628,5.965,6
2026-01-07 11:24:00,5.97,5.98,5.97,5.97,24
2026-01-07 11:25:00,5.975,5.99,5.96,5.988,302
2026-01-07 11:26:00,5.985,5.99,5.98,5.98,38
2026-01-07 11:27:00,5.975,5.975,5.97,5.972,7
2026-01-07 11:28:00,5.975,5.975,5.97,5.975,15
2026-01-07 11:29:00,5.975,5.98,5.97,5.98,52
2026-01-07 11:30:00,5.985,5.985,5.975,5.98,26
2026-01-07 11:31:00,5.985,5.9899,5.98,5.985,15
2026-01-07 11:32:00,5.985,5.9888,5.98,5.985,19
2026-01-07 11:33:00,5.9856,6.0,5.985,5.995,188
2026-01-07 11:34:00,5.99,5.995,5.985,5.99,49
2026-01-07 11:35:00,5.9857,5.9899,5.985,5.9854,55
2026-01-07 11:36:00,5.9868,5.9868,5.98,5.98,12
2026-01-07 11:37:00,5.976,5.995,5.975,5.985,55
2026-01-07 11:38:00,5.985,5.985,5.985,5.985,1
2026-01-07 11:39:00,5.988,5.995,5.988,5.995,34
2026-01-07 11:40:00,5.995,5.995,5.995,5.995,7
2026-01-07 11:41:00,5.995,5.995,5.99,5.995,27
2026-01-07 11:42:00,6.0,6.0,5.993,5.9999,36
2026-01-07 11:43:00,5.995,5.9998,5.995,5.995,8
2026-01-07 11:44:00,5.995,6.005,5.99,6.005,127
2026-01-07 11:45:00,6.005,6.03,6.005,6.03,23
2026-01-07 11:46:00,6.03,6.03,6.025,6.025,12
2026-01-07 11:47:00,6.03,6.03,6.025,6.025,58
2026-01-07 11:48:00,6.03,6.04,6.0289,6.04,35
2026-01-07 11:49:00,6.035,6.04,6.035,6.04,41
2026-01-07 11:50:00,6.035,6.04,6.0345,6.04,21
2026-01-07 11:51:00,6.0455,6.0455,6.04,6.04,10
2026-01-07 11:52:00,6.0399,6.045,6.039,6.045,30
2026-01-07 11:53:00,6.045,6.06,6.0447,6.06,74
2026-01-07 11:54:00,6.058,6.08,6.055,6.07,88
2026-01-07 11:55:00,6.07,6.07,6.07,6.07,0
2026-01-07 11:56:00,6.07,6.07,6.065,6.0682,7
2026-01-07 11:57:00,6.07,6.11,6.07,6.11,90
2026-01-07 11:58:00,6.11,6.12,6.11,6.118,107
2026-01-07 11:59:00,6.115,6.115,6.11,6.115,14
2026-01-07 12:00:00,6.1149,6.12,6.11,6.115,107
2026-01-07 12:01:00,6.115,6.116,6.115,6.116,2
2026-01-07 12:02:00,6.12,6.12,6.12,6.12,11
2026-01-07 12:03:00,6.115,6.115,6.115,6.115,2
2026-01-07 12:04:00,6.11,6.115,6.11,6.115,5
2026-01-07 12:05:00,6.1102,6.115,6.11,6.115,14
2026-01-07 12:06:00,6.115,6.14,6.115,6.135,26
2026-01-07 12:07:00,6.135,6.135,6.135,6.135,2
2026-01-07 12:08:00,6.135,6.135,6.135,6.135,1
2026-01-07 12:09:00,6.135,6.15,6.135,6.15,17
2026-01-07 12:10:00,6.155,6.155,6.145,6.145,17
2026-01-07 12:11:00,6.14,6.14,6.135,6.135,8
2026-01-07 12:12:00,6.13,6.15,6.125,6.15,29
2026-01-07 12:13:00,6.15,6.15,6.15,6.15,0
2026-01-07 12:14:00,6.15,6.15,6.15,6.15,4
2026-01-07 12:15:00,6.155,6.155,6.145,6.145,10
2026-01-07 12:16:00,6.1431,6.1431,6.1411,6.1411,12
2026-01-07 12:17:00,6.1401,6.1428,6.14,6.14,15
2026-01-07 12:18:00,6.1301,6.135,6.1301,6.1344,22
2026-01-07 12:19:00,6.13,6.135,6.13,6.135,2
2026-01-07 12:20:00,6.13,6.13,6.12,6.1246,18
2026-01-07 12:21:00,6.1214,6.125,6.115,6.115,35
2026-01-07 12:22:00,6.113,6.115,6.113,6.115,3
2026-01-07 12:23:00,6.115,6.115,6.11,6.11,10
2026-01-07 12:24:00,6.115,6.115,6.1116,6.1116,6
2026-01-07 12:25:00,6.11,6.11,6.105,6.11,8
2026-01-07 12:26:00,6.11,6.12,6.11,6.12,11
2026-01-07 12:27:00,6.1101,6.14,6.1101,6.135,132
2026-01-07 12:28:00,6.135,6.135,6.135,6.135,0
2026-01-07 12:29:00,6.135,6.135,6.135,6.135,1
2026-01-07 12:30:00,6.13,6.1301,6.125,6.125,8
2026-01-07 12:31:00,6.1207,6.13,6.12,6.12,151
2026-01-07 12:32:00,6.125,6.125,6.124,6.124,4
2026-01-07 12:33:00,6.125,6.125,6.125,6.125,1
2026-01-07 12:34:00,6.1201,6.1201,6.11,6.11,27
2026-01-07 12:35:00,6.1097,6.1097,6.105,6.105,2
2026-01-07 12:36:00,6.1054,6.1054,6.1,6.105,5
2026-01-07 12:37:00,6.1,6.105,6.1,6.105,78
2026-01-07 12:38:00,6.105,6.11,6.105,6.11,24
2026-01-07 12:39:00,6.11,6.11,6.11,6.11,0
2026-01-07 12:40:00,6.11,6.115,6.11,6.115,5
2026-01-07 12:41:00,6.12,6.12,6.12,6.12,5
2026-01-07 12:42:00,6.11,6.11,6.1029,6.105,7
2026-01-07 12:43:00,6.1,6.11,6.1,6.105,36
2026-01-07 12:44:00,6.105,6.105,6.095,6.1044,65
2026-01-07 12:45:00,6.1044,6.1044,6.1044,6.1044,0
2026-01-07 12:46:00,6.105,6.105,6.09,6.09,39
2026-01-07 12:47:00,6.09,6.093,6.09,6.0928,13
2026-01-07 12:48:00,6.09,6.1,6.09,6.1,65
2026-01-07 12:49:00,6.095,6.095,6.0944,6.0944,3
2026-01-07 12:50:00,6.095,6.095,6.0919,6.0919,2
2026-01-07 12:51:00,6.09,6.09,6.075,6.08,22
2026-01-07 12:52:00,6.08,6.085,6.08,6.085,29
2026-01-07 12:53:00,6.09,6.1,6.09,6.1,49
2026-01-07 12:54:00,6.0956,6.0956,6.0956,6.0956,7
2026-01-07 12:55:00,6.095,6.095,6.085,6.085,23
2026-01-07 12:56:00,6.08,6.08,6.08,6.08,5
2026-01-07 12:57:00,6.08,6.08,6.08,6.08,0
2026-01-07 12:58:00,6.075,6.085,6.075,6.085,30
2026-01-07 12:59:00,6.09,6.09,6.09,6.09,7
2026-01-07 13:00:00,6.08,6.08,6.08,6.08,3
2026-01-07 13:01:00,6.07,6.07,6.07,6.07,2
2026-01-07 13:02:00,6.07,6.07,6.07,6.07,2
2026-01-07 13:03:00,6.065,6.065,6.03,6.045,148
2026-01-07 13:04:00,6.05,6.065,6.05,6.05,69
2026-01-07 13:05:00,6.045,6.045,6.0401,6.0401,3
2026-01-07 13:06:00,6.045,6.06,6.045,6.06,21
2026-01-07 13:07:00,6.06,6.06,6.06,6.06,4
2026-01-07 13:08:00,6.0597,6.0597,6.055,6.055,2
2026-01-07 13:09:00,6.055,6.055,6.055,6.055,1
2026-01-07 13:10:00,6.055,6.055,6.055,6.055,411
2026-01-07 13:11:00,6.055,6.065,6.055,6.06,12
2026-01-07 13:12:00,6.055,6.055,6.055,6.055,14
2026-01-07 13:13:00,6.055,6.055,6.045,6.045,16
2026-01-07 13:14:00,6.045,6.045,6.04,6.04,81
2026-01-07 13:15:00,6.04,6.045,6.04,6.045,8
2026-01-07 13:16:00,6.04,6.04,6.04,6.04,4
2026-01-07 13:17:00,6.04,6.045,6.035,6.04,24
2026-01-07 13:18:00,6.04,6.04,6.04,6.04,3
2026-01-07 13:19:00,6.05,6.055,6.045,6.055,34
2026-01-07 13:20:00,6.055,6.055,6.055,6.055,7
2026-01-07 13:21:00,6.0593,6.07,6.0593,6.065,32
2026-01-07 13:22:00,6.0675,6.0675,6.055,6.055,36
2026-01-07 13:23:00,6.055,6.055,6.05,6.05,5
2026-01-07 13:24:00,6.055,6.055,6.055,6.055,1
2026-01-07 13:25:00,6.05,6.05,6.04,6.05,31
2026-01-07 13:26:00,6.045,6.05,6.045,6.045,89
2026-01-07 13:27:00,6.045,6.045,6.045,6.045,2
2026-01-07 13:28:00,6.045,6.045,6.045,6.045,0
2026-01-07 13:29:00,6.0454,6.05,6.04,6.045,14
2026-01-07 13:30:00,6.05,6.065,6.05,6.06,58
2026-01-07 13:31:00,6.06,6.06,6.06,6.06,2
2026-01-07 13:32:00,6.065,6.065,6.06,6.06,3
2026-01-07 13:33:00,6.06,6.07,6.06,6.07,92
2026-01-07 13:34:00,6.07,6.07,6.07,6.07,2
2026-01-07 13:35:00,6.065,6.07,6.06,6.065,11
2026-01-07 13:36:00,6.065,6.07,6.065,6.065,45
2026-01-07 13:37:00,6.065,6.065,6.065,6.065,3
2026-01-07 13:38:00,6.07,6.075,6.07,6.075,14
2026-01-07 13:39:00,6.075,6.075,6.075,6.075,2
2026-01-07 13:40:00,6.075,6.0953,6.075,6.095,54
2026-01-07 13:41:00,6.09,6.0999,6.085,6.095,32
2026-01-07 13:42:00,6.0999,6.1199,6.095,6.115,181
2026-01-07 13:43:00,6.115,6.115,6.11,6.11,10
2026-01-07 13:44:00,6.11,6.11,6.11,6.11,0
2026-01-07 13:45:00,6.105,6.105,6.105,6.105,2
2026-01-07 13:46:00,6.105,6.105,6.105,6.105,2
2026-01-07 13:47:00,6.105,6.105,6.105,6.105,4
2026-01-07 13:48:00,6.11,6.115,6.11,6.1119,26
2026-01-07 13:49:00,6.115,6.115,6.115,6.115,1
2026-01-07 13:50:00,6.11,6.115,6.11,6.11,13
2026-01-07 13:51:00,6.11,6.11,6.105,6.105,7
2026-01-07 13:52:00,6.105,6.105,6.105,6.105,1
2026-01-07 13:53:00,6.105,6.105,6.1,6.105,12
2026-01-07 13:54:00,6.1,6.105,6.1,6.105,4
2026-01-07 13:55:00,6.105,6.105,6.1001,6.105,15
2026-01-07 13:56:00,6.105,6.105,6.0854,6.0854,170
2026-01-07 13:57:00,6.08,6.085,6.075,6.085,17
2026-01-07 13:58:00,6.085,6.09,6.0846,6.085,12
2026-01-07 13:59:00,6.0897,6.0897,6.0897,6.0897,5
2026-01-07 14:00:00,6.09,6.1,6.09,6.095,51
2026-01-07 14:01:00,6.09,6.095,6.085,6.085,16
2026-01-07 14:02:00,6.085,6.085,6.085,6.085,1
2026-01-07 14:03:00,6.08,6.08,6.08,6.08,2
2026-01-07 14:04:00,6.085,6.1,6.085,6.095,82
2026-01-07 14:05:00,6.09,6.095,6.085,6.09,14
2026-01-07 14:06:00,6.09,6.095,6.09,6.095,45
2026-01-07 14:07:00,6.09,6.09,6.09,6.09,10
2026-01-07 14:08:00,6.09,6.09,6.09,6.09,2
2026-01-07 14:09:00,6.084,6.085,6.084,6.085,7
2026-01-07 14:10:00,6.08,6.085,6.08,6.08,11
2026-01-07 14:11:00,6.075,6.075,6.075,6.075,10
2026-01-07 14:12:00,6.08,6.08,6.07,6.07,26
2026-01-07 14:13:00,6.06,6.0744,6.055,6.0744,43
2026-01-07 14:14:00,6.0739,6.0739,6.0739,6.0739,2
2026-01-07 14:15:00,6.075,6.075,6.065,6.065,20
2026-01-07 14:16:00,6.07,6.0715,6.07,6.07,10
2026-01-07 14:17:00,6.07,6.0756,6.07,6.075,21
2026-01-07 14:18:00,6.08,6.08,6.07,6.07,12
2026-01-07 14:19:00,6.07,6.07,6.06,6.065,29
2026-01-07 14:20:00,6.0636,6.065,6.06,6.065,16
2026-01-07 14:21:00,6.0699,6.0699,6.0699,6.0699,20
2026-01-07 14:22:00,6.07,6.075,6.07,6.075,21
2026-01-07 14:23:00,6.07,6.07,6.07,6.07,4
2026-01-07 14:24:00,6.0701,6.0701,6.0701,6.0701,10
2026-01-07 14:25:00,6.075,6.075,6.07,6.075,12
2026-01-07 14:26:00,6.075,6.075,6.075,6.075,1
2026-01-07 14:27:00,6.08,6.08,6.07,6.075,37
2026-01-07 14:28:00,6.075,6.075,6.05,6.05,121
2026-01-07 14:29:00,6.055,6.065,6.055,6.06,82
2026-01-07 14:30:00,6.055,6.06,6.055,6.06,7
2026-01-07 14:31:00,6.06,6.06,6.06,6.06,3
2026-01-07 14:32:00,6.065,6.065,6.06,6.06,2
2026-01-07 14:33:00,6.06,6.065,6.06,6.06,7
2026-01-07 14:34:00,6.065,6.065,6.065,6.065,2
2026-01-07 14:35:00,6.065,6.07,6.06,6.065,17
2026-01-07 14:36:00,6.065,6.065,6.06,6.065,9
2026-01-07 14:37:00,6.06,6.065,6.055,6.055,13
2026-01-07 14:38:00,6.055,6.055,6.055,6.055,4
2026-01-07 14:39:00,6.055,6.06,6.05,6.05,18
2026-01-07 14:40:00,6.055,6.06,6.055,6.06,9
2026-01-07 14:41:00,6.055,6.0556,6.055,6.0556,20
2026-01-07 14:42:00,6.0534,6.0534,6.05,6.05,17
2026-01-07 14:43:00,6.0501,6.0501,6.05,6.05,11
2026-01-07 14:44:00,6.06,6.065,6.06,6.065,25
2026-01-07 14:45:00,6.065,6.065,6.065,6.065,0
2026-01-07 14:46:00,6.065,6.065,6.065,6.065,0
2026-01-07 14:47:00,6.065,6.0655,6.065,6.0655,26
2026-01-07 14:48:00,6.07,6.105,6.07,6.1,47
2026-01-07 14:49:00,6.096,6.096,6.095,6.095,17
2026-01-07 14:50:00,6.1,6.12,6.1,6.11,169
2026-01-07 14:51:00,6.115,6.13,6.115,6.13,19
2026-01-07 14:52:00,6.14,6.145,6.14,6.14,15
2026-01-07 14:53:00,6.15,6.16,6.15,6.16,19
2026-01-07 14:54:00,6.1513,6.16,6.15,6.1593,49
2026-01-07 14:55:00,6.16,6.18,6.16,6.18,19
2026-01-07 14:56:00,6.19,6.215,6.19,6.21,151
2026-01-07 14:57:00,6.213,6.225,6.213,6.22,20
2026-01-07 14:58:00,6.21,6.25,6.205,6.245,57
2026-01-07 14:59:00,6.245,6.25,6.245,6.25,11
2026-01-07 15:00:00,6.255,6.2779,6.255,6.2757,79
2026-01-07 15:01:00,6.275,6.2951,6.26,6.29,171
2026-01-07 15:02:00,6.2898,6.29,6.255,6.26,38
2026-01-07 15:03:00,6.26,6.27,6.255,6.27,95
2026-01-07 15:04:00,6.26,6.26,6.25,6.25,39
2026-01-07 15:05:00,6.26,6.26,6.255,6.255,47
2026-01-07 15:06:00,6.255,6.285,6.255,6.275,85
2026-01-07 15:07:00,6.275,6.275,6.2601,6.2601,16
2026-01-07 15:08:00,6.265,6.29,6.265,6.2893,70
2026-01-07 15:09:00,6.2878,6.29,6.285,6.285,43
2026-01-07 15:10:00,6.285,6.285,6.27,6.275,154
2026-01-07 15:11:00,6.275,6.28,6.275,6.275,82
2026-01-07 15:12:00,6.2798,6.295,6.27,6.275,199
2026-01-07 15:13:00,6.275,6.275,6.2501,6.275,230
2026-01-07 15:14:00,6.27,6.27,6.255,6.265,67
2026-01-07 15:15:00,6.264,6.27,6.255,6.255,132
2026-01-07 15:16:00,6.255,6.265,6.255,6.255,37
2026-01-07 15:17:00,6.2554,6.265,6.255,6.265,65
2026-01-07 15:18:00,6.2663,6.2663,6.26,6.265,34
2026-01-07 15:19:00,6.26,6.2664,6.26,6.265,23
2026-01-07 15:20:00,6.265,6.265,6.235,6.235,179
2026-01-07 15:21:00,6.235,6.235,6.23,6.23,4
2026-01-07 15:22:00,6.235,6.235,6.235,6.235,18
2026-01-07 15:23:00,6.23,6.2301,6.225,6.23,23
2026-01-07 15:24:00,6.23,6.235,6.225,6.225,30
2026-01-07 15:25:00,6.23,6.23,6.22,6.225,25
2026-01-07 15:26:00,6.225,6.23,6.225,6.225,24
2026-01-07 15:27:00,6.225,6.225,6.22,6.225,17
2026-01-07 15:28:00,6.22,6.225,6.22,6.22,15
2026-01-07 15:29:00,6.225,6.225,6.225,6.225,4
2026-01-07 15:30:00,6.225,6.225,6.19,6.19,130
2026-01-07 15:31:00,6.195,6.2,6.19,6.195,87
2026-01-07 15:32:00,6.2,6.22,6.195,6.214,82
2026-01-07 15:33:00,6.215,6.225,6.21,6.225,25
2026-01-07 15:34:00,6.22,6.22,6.215,6.215,20
2026-01-07 15:35:00,6.215,6.2181,6.205,6.205,101
2026-01-07 15:36:00,6.205,6.205,6.2,6.2,2
2026-01-07 15:37:00,6.2,6.21,6.2,6.21,27
2026-01-07 15:38:00,6.2068,6.225,6.205,6.215,87
2026-01-07 15:39:00,6.22,6.22,6.215,6.22,11
2026-01-07 15:40:00,6.22,6.225,6.22,6.225,21
2026-01-07 15:41:00,6.2249,6.226,6.2249,6.225,18
2026-01-07 15:42:00,6.22,6.22,6.22,6.22,11
2026-01-07 15:43:00,6.22,6.22,6.22,6.22,0
2026-01-07 15:44:00,6.215,6.225,6.215,6.22,63
2026-01-07 15:45:00,6.225,6.25,6.225,6.25,83
2026-01-07 15:46:00,6.25,6.26,6.25,6.26,42
2026-01-07 15:47:00,6.255,6.26,6.25,6.25,58
2026-01-07 15:48:00,6.2461,6.255,6.24,6.24,52
2026-01-07 15:49:00,6.245,6.25,6.245,6.25,26
2026-01-07 15:50:00,6.24,6.24,6.235,6.235,82
2026-01-07 15:51:00,6.24,6.24,6.235,6.235,52
2026-01-07 15:52:00,6.24,6.24,6.235,6.24,21
2026-01-07 15:53:00,6.235,6.24,6.235,6.24,37
2026-01-07 15:54:00,6.24,6.24,6.235,6.24,47
2026-01-07 15:55:00,6.24,6.25,6.235,6.24,221
2026-01-07 15:56:00,6.24,6.245,6.24,6.245,34
2026-01-07 15:57:00,6.245,6.245,6.225,6.225,321
2026-01-07 15:58:00,6.225,6.23,6.22,6.225,144
2026-01-07 15:59:00,6.225,6.23,6.22,6.22,542
2026-01-08 09:30:00,6.22,6.25,6.18,6.23,1020
2026-01-08 09:31:00,6.24,6.24,6.19,6.2,32
2026-01-08 09:32:00,6.18,6.18,6.14,6.155,171
2026-01-08 09:33:00,6.155,6.19,6.14,6.18,117
2026-01-08 09:34:00,6.1755,6.18,6.14,6.153,80
2026-01-08 09:35:00,6.17,6.17,6.14,6.14,128
2026-01-08 09:36:00,6.14,6.14,6.11,6.11,90
2026-01-08 09:37:00,6.12,6.15,6.12,6.145,105
2026-01-08 09:38:00,6.15,6.16,6.1,6.11,100
2026-01-08 09:39:00,6.11,6.135,6.09,6.09,125
2026-01-08 09:40:00,6.09,6.13,6.09,6.11,143
2026-01-08 09:41:00,6.13,6.165,6.126,6.165,45
2026-01-08 09:42:00,6.15,6.15,6.15,6.15,20
2026-01-08 09:43:00,6.15,6.1549,6.12,6.122,106
2026-01-08 09:44:00,6.122,6.1399,6.115,6.12,232
2026-01-08 09:45:00,6.125,6.1414,6.125,6.13,66
2026-01-08 09:46:00,6.1206,6.13,6.1206,6.13,62
2026-01-08 09:47:00,6.128,6.15,6.128,6.15,115
2026-01-08 09:48:00,6.15,6.16,6.15,6.16,13
2026-01-08 09:49:00,6.165,6.165,6.16,6.162,28
2026-01-08 09:50:00,6.16,6.16,6.16,6.16,13
2026-01-08 09:51:00,6.16,6.1699,6.16,6.16,37
2026-01-08 09:52:00,6.15,6.15,6.15,6.15,6
2026-01-08 09:53:00,6.14,6.1575,6.135,6.15,19
2026-01-08 09:54:00,6.1595,6.1595,6.1395,6.1395,41
2026-01-08 09:55:00,6.1587,6.1587,6.145,6.145,55
2026-01-08 09:56:00,6.145,6.15,6.14,6.15,6
2026-01-08 09:57:00,6.16,6.215,6.16,6.21,131
2026-01-08 09:58:00,6.22,6.23,6.19,6.19,159
2026-01-08 09:59:00,6.17,6.185,6.17,6.185,54
2026-01-08 10:00:00,6.18,6.18,6.175,6.175,16
2026-01-08 10:01:00,6.1755,6.1786,6.1746,6.1746,14
2026-01-08 10:02:00,6.17,6.17,6.15,6.1586,36
2026-01-08 10:03:00,6.156,6.156,6.15,6.15,92
2026-01-08 10:04:00,6.16,6.18,6.16,6.18,40
2026-01-08 10:05:00,6.17,6.19,6.17,6.19,16
2026-01-08 10:06:00,6.2,6.2,6.1806,6.1806,19
2026-01-08 10:07:00,6.1801,6.1801,6.1745,6.175,186
2026-01-08 10:08:00,6.175,6.185,6.165,6.185,646
2026-01-08 10:09:00,6.1856,6.1856,6.175,6.18,29
2026-01-08 10:10:00,6.19,6.2,6.19,6.19,31
2026-01-08 10:11:00,6.18,6.19,6.175,6.19,19
2026-01-08 10:12:00,6.1856,6.1899,6.1856,6.186,8
2026-01-08 10:13:00,6.18,6.18,6.18,6.18,1
2026-01-08 10:14:00,6.185,6.185,6.1814,6.1814,4
2026-01-08 10:15:00,6.18,6.1863,6.18,6.185,7
2026-01-08 10:16:00,6.185,6.19,6.175,6.185,60
2026-01-08 10:17:00,6.1944,6.1944,6.185,6.185,15
2026-01-08 10:18:00,6.185,6.185,6.185,6.185,1
2026-01-08 10:19:00,6.1836,6.185,6.1814,6.1814,7
2026-01-08 10:20:00,6.185,6.19,6.175,6.175,124
2026-01-08 10:21:00,6.18,6.19,6.18,6.1883,39
2026-01-08 10:22:00,6.185,6.19,6.185,6.185,16
2026-01-08 10:23:00,6.19,6.23,6.185,6.22,54
2026-01-08 10:24:00,6.2296,6.245,6.2296,6.235,57
2026-01-08 10:25:00,6.235,6.2563,6.235,6.2563,102
2026-01-08 10:26:00,6.25,6.25,6.245,6.245,41
2026-01-08 10:27:00,6.2434,6.2499,6.2434,6.2499,27
2026-01-08 10:28:00,6.245,6.275,6.245,6.275,119
2026-01-08 10:29:00,6.275,6.275,6.24,6.245,59
2026-01-08 10:30:00,6.2456,6.2456,6.215,6.215,28
2026-01-08 10:31:00,6.215,6.215,6.215,6.215,2
2026-01-08 10:32:00,6.22,6.22,6.22,6.22,26
2026-01-08 10:33:00,6.225,6.225,6.225,6.225,2
2026-01-08 10:34:00,6.225,6.225,6.225,6.225,0
2026-01-08 10:35:00,6.22,6.22,6.215,6.2199,15
2026-01-08 10:36:00,6.215,6.2199,6.215,6.215,19
2026-01-08 10:37:00,6.215,6.215,6.215,6.215,0
2026-01-08 10:38:00,6.21,6.2101,6.205,6.2101,32
2026-01-08 10:39:00,6.21,6.2151,6.21,6.2151,4
2026-01-08 10:40:00,6.215,6.23,6.215,6.23,60
2026-01-08 10:41:00,6.235,6.2386,6.235,6.235,10
2026-01-08 10:42:00,6.238,6.2388,6.225,6.225,25
2026-01-08 10:43:00,6.23,6.235,6.23,6.235,21
2026-01-08 10:44:00,6.2346,6.235,6.2346,6.235,9
2026-01-08 10:45:00,6.235,6.245,6.235,6.245,74
2026-01-08 10:46:00,6.24,6.24,6.23,6.235,16
2026-01-08 10:47:00,6.23,6.2301,6.225,6.225,22
2026-01-08 10:48:00,6.22,6.22,6.215,6.215,9
2026-01-08 10:49:00,6.215,6.23,6.215,6.22,48
2026-01-08 10:50:00,6.23,6.25,6.23,6.2498,18
2026-01-08 10:51:00,6.26,6.26,6.26,6.26,3
2026-01-08 10:52:00,6.2586,6.2734,6.255,6.2734,21
2026-01-08 10:53:00,6.27,6.27,6.265,6.265,24
2026-01-08 10:54:00,6.26,6.26,6.26,6.26,9
2026-01-08 10:55:00,6.26,6.27,6.26,6.265,47
2026-01-08 10:56:00,6.265,6.275,6.265,6.27,27
2026-01-08 10:57:00,6.28,6.29,6.28,6.29,19
2026-01-08 10:58:00,6.295,6.295,6.28,6.29,59
2026-01-08 10:59:00,6.29,6.29,6.285,6.285,18
2026-01-08 11:00:00,6.2899,6.2899,6.28,6.28,21
2026-01-08 11:01:00,6.285,6.2873,6.28,6.2873,32
2026-01-08 11:02:00,6.285,6.285,6.27,6.27,42
2026-01-08 11:03:00,6.2633,6.2633,6.25,6.25,63
2026-01-08 11:04:00,6.25,6.25,6.23,6.24,63
2026-01-08 11:05:00,6.24,6.24,6.239,6.239,7
2026-01-08 11:06:00,6.2321,6.2321,6.23,6.23,2
2026-01-08 11:07:00,6.2324,6.2324,6.2324,6.2324,5
2026-01-08 11:08:00,6.23,6.23,6.225,6.225,15
2026-01-08 11:09:00,6.2263,6.23,6.225,6.225,43
2026-01-08 11:10:00,6.225,6.225,6.22,6.22,52
2026-01-08 11:11:00,6.22,6.23,6.22,6.225,11
2026-01-08 11:12:00,6.2263,6.245,6.225,6.245,48
2026-01-08 11:13:00,6.245,6.255,6.245,6.255,51
2026-01-08 11:14:00,6.26,6.26,6.2545,6.2586,22
2026-01-08 11:15:00,6.25,6.2567,6.24,6.24,18
2026-01-08 11:16:00,6.245,6.255,6.245,6.255,37
2026-01-08 11:17:00,6.2599,6.2599,6.255,6.255,10
2026-01-08 11:18:00,6.2569,6.265,6.2569,6.265,20
2026-01-08 11:19:00,6.27,6.275,6.27,6.275,7
2026-01-08 11:20:00,6.275,6.28,6.275,6.275,8
2026-01-08 11:21:00,6.28,6.28,6.274,6.274,6
2026-01-08 11:22:00,6.274,6.274,6.274,6.274,0
2026-01-08 11:23:00,6.28,6.285,6.28,6.285,9
2026-01-08 11:24:00,6.28,6.285,6.275,6.2767,41
2026-01-08 11:25:00,6.27,6.285,6.27,6.285,100
2026-01-08 11:26:00,6.29,6.3,6.29,6.2954,17
2026-01-08 11:27:00,6.295,6.295,6.29,6.29,25
2026-01-08 11:28:00,6.29,6.295,6.29,6.295,85
2026-01-08 11:29:00,6.295,6.295,6.285,6.285,132
2026-01-08 11:30:00,6.28,6.285,6.28,6.285,7
2026-01-08 11:31:00,6.285,6.2869,6.28,6.2869,13
2026-01-08 11:32:00,6.285,6.285,6.285,6.285,12
2026-01-08 11:33:00,6.2894,6.2894,6.2838,6.285,34
2026-01-08 11:34:00,6.285,6.3,6.285,6.29,88
2026-01-08 11:35:00,6.285,6.285,6.275,6.28,32
2026-01-08 11:36:00,6.2783,6.2783,6.2783,6.2783,2
2026-01-08 11:37:00,6.275,6.275,6.275,6.275,6
2026-01-08 11:38:00,6.275,6.275,6.275,6.275,3
2026-01-08 11:39:00,6.28,6.2886,6.28,6.285,21
2026-01-08 11:40:00,6.283,6.283,6.283,6.283,1
2026-01-08 11:41:00,6.285,6.29,6.285,6.29,4
2026-01-08 11:42:00,6.285,6.285,6.271,6.275,284
2026-01-08 11:43:00,6.275,6.275,6.275,6.275,1
2026-01-08 11:44:00,6.275,6.275,6.27,6.275,26
2026-01-08 11:45:00,6.275,6.275,6.255,6.255,54
2026-01-08 11:46:00,6.255,6.255,6.2519,6.2519,12
2026-01-08 11:47:00,6.2599,6.26,6.255,6.26,31
2026-01-08 11:48:00,6.255,6.26,6.255,6.255,21
2026-01-08 11:49:00,6.255,6.26,6.255,6.26,13
2026-01-08 11:50:00,6.26,6.26,6.26,6.26,23
2026-01-08 11:51:00,6.26,6.26,6.26,6.26,0
2026-01-08 11:52:00,6.265,6.265,6.265,6.265,11
2026-01-08 11:53:00,6.27,6.275,6.27,6.275,30
2026-01-08 11:54:00,6.27,6.27,6.26,6.26,48
2026-01-08 11:55:00,6.255,6.26,6.255,6.26,23
2026-01-08 11:56:00,6.27,6.27,6.27,6.27,11
2026-01-08 11:57:00,6.275,6.275,6.275,6.275,12
2026-01-08 11:58:00,6.2799,6.28,6.2799,6.28,18
2026-01-08 11:59:00,6.285,6.29,6.285,6.29,87
2026-01-08 12:00:00,6.295,6.295,6.275,6.285,48
2026-01-08 12:01:00,6.275,6.28,6.275,6.28,72
2026-01-08 12:02:00,6.275,6.2756,6.275,6.2756,4
2026-01-08 12:03:00,6.275,6.2756,6.27,6.27,31
2026-01-08 12:04:00,6.27,6.2775,6.27,6.2775,38
2026-01-08 12:05:00,6.2769,6.28,6.2761,6.28,11
2026-01-08 12:06:00,6.285,6.29,6.285,6.285,21
2026-01-08 12:07:00,6.2877,6.2877,6.2877,6.2877,4
2026-01-08 12:08:00,6.285,6.29,6.285,6.29,12
2026-01-08 12:09:00,6.29,6.29,6.29,6.29,0
2026-01-08 12:10:00,6.28,6.28,6.275,6.275,28
2026-01-08 12:11:00,6.275,6.28,6.2701,6.28,32
2026-01-08 12:12:00,6.28,6.28,6.2768,6.28,33
2026-01-08 12:13:00,6.28,6.28,6.28,6.28,0
2026-01-08 12:14:00,6.29,6.29,6.285,6.285,12
2026-01-08 12:15:00,6.28,6.28,6.265,6.265,64
2026-01-08 12:16:00,6.27,6.27,6.2602,6.265,4
2026-01-08 12:17:00,6.265,6.265,6.265,6.265,6
2026-01-08 12:18:00,6.265,6.265,6.265,6.265,20
2026-01-08 12:19:00,6.26,6.26,6.25,6.253,48
2026-01-08 12:20:00,6.25,6.25,6.245,6.25,16
2026-01-08 12:21:00,6.245,6.25,6.245,6.25,3
2026-01-08 12:22:00,6.245,6.245,6.245,6.245,1
2026-01-08 12:23:00,6.25,6.255,6.235,6.235,59
2026-01-08 12:24:00,6.235,6.235,6.235,6.235,0
2026-01-08 12:25:00,6.235,6.235,6.225,6.225,29
2026-01-08 12:26:00,6.225,6.225,6.225,6.225,14
2026-01-08 12:27:00,6.225,6.225,6.225,6.225,94
2026-01-08 12:28:00,6.23,6.245,6.23,6.245,47
2026-01-08 12:29:00,6.2348,6.2376,6.2343,6.235,110
2026-01-08 12:30:00,6.235,6.235,6.21,6.21,255
2026-01-08 12:31:00,6.205,6.21,6.202,6.202,3
2026-01-08 12:32:00,6.205,6.21,6.2,6.205,84
2026-01-08 12:33:00,6.21,6.215,6.205,6.215,27
2026-01-08 12:34:00,6.215,6.215,6.215,6.215,0
2026-01-08 12:35:00,6.2163,6.2163,6.2071,6.215,37
2026-01-08 12:36:00,6.215,6.215,6.215,6.215,0
2026-01-08 12:37:00,6.215,6.215,6.215,6.215,3
2026-01-08 12:38:00,6.2144,6.2144,6.2144,6.2144,10
2026-01-08 12:39:00,6.214,6.22,6.214,6.215,27
2026-01-08 12:40:00,6.215,6.22,6.215,6.22,6
2026-01-08 12:41:00,6.2141,6.235,6.2141,6.235,87
2026-01-08 12:42:00,6.235,6.235,6.235,6.235,7
2026-01-08 12:43:00,6.235,6.24,6.235,6.24,4
2026-01-08 12:44:00,6.24,6.24,6.235,6.235,5
2026-01-08 12:45:00,6.235,6.24,6.235,6.2385,27
2026-01-08 12:46:00,6.23,6.23,6.225,6.2274,34
2026-01-08 12:47:00,6.225,6.225,6.225,6.225,1
2026-01-08 12:48:00,6.225,6.225,6.225,6.225,0
2026-01-08 12:49:00,6.225,6.23,6.225,6.225,3
2026-01-08 12:50:00,6.225,6.225,6.225,6.225,1
2026-01-08 12:51:00,6.23,6.24,6.225,6.24,30
2026-01-08 12:52:00,6.235,6.24,6.235,6.2399,9
2026-01-08 12:53:00,6.24,6.24,6.24,6.24,1
2026-01-08 12:54:00,6.24,6.24,6.24,6.24,2
2026-01-08 12:55:00,6.24,6.24,6.24,6.24,1
2026-01-08 12:56:00,6.235,6.235,6.235,6.235,1
2026-01-08 12:57:00,6.24,6.24,6.235,6.24,3
2026-01-08 12:58:00,6.24,6.24,6.24,6.24,1
2026-01-08 12:59:00,6.24,6.24,6.2301,6.24,43
2026-01-08 13:00:00,6.24,6.24,6.23,6.235,23
2026-01-08 13:01:00,6.24,6.24,6.2336,6.2336,32
2026-01-08 13:02:00,6.24,6.24,6.225,6.225,34
2026-01-08 13:03:00,6.225,6.225,6.225,6.225,0
2026-01-08 13:04:00,6.225,6.24,6.225,6.235,69
2026-01-08 13:05:00,6.235,6.235,6.235,6.235,9
2026-01-08 13:06:00,6.236,6.236,6.236,6.236,1
2026-01-08 13:07:00,6.23,6.23,6.23,6.23,1
2026-01-08 13:08:00,6.235,6.235,6.235,6.235,5
2026-01-08 13:09:00,6.24,6.24,6.24,6.24,1
2026-01-08 13:10:00,6.24,6.245,6.235,6.24,14
2026-01-08 13:11:00,6.24,6.25,6.24,6.25,5
2026-01-08 13:12:00,6.245,6.245,6.24,6.24,48
2026-01-08 13:13:00,6.23,6.23,6.225,6.225,23
2026-01-08 13:14:00,6.225,6.225,6.225,6.225,0
2026-01-08 13:15:00,6.225,6.225,6.225,6.225,10
2026-01-08 13:16:00,6.22,6.22,6.22,6.22,8
2026-01-08 13:17:00,6.225,6.225,6.2213,6.2213,8
2026-01-08 13:18:00,6.2255,6.2255,6.2255,6.2255,1
2026-01-08 13:19:00,6.226,6.226,6.226,6.226,12
2026-01-08 13:20:00,6.23,6.245,6.23,6.245,7
2026-01-08 13:21:00,6.2413,6.245,6.24,6.24,31
2026-01-08 13:22:00,6.235,6.235,6.235,6.235,1
2026-01-08 13:23:00,6.239,6.24,6.239,6.24,11
2026-01-08 13:24:00,6.24,6.24,6.235,6.24,7
2026-01-08 13:25:00,6.245,6.245,6.245,6.245,1
2026-01-08 13:26:00,6.2493,6.2493,6.2493,6.2493,3
2026-01-08 13:27:00,6.245,6.245,6.24,6.24,20
2026-01-08 13:28:00,6.24,6.24,6.24,6.24,0
2026-01-08 13:29:00,6.24,6.24,6.24,6.24,0
2026-01-08 13:30:00,6.235,6.24,6.235,6.24,9
2026-01-08 13:31:00,6.24,6.24,6.24,6.24,0
2026-01-08 13:32:00,6.2401,6.255,6.2401,6.255,38
2026-01-08 13:33:00,6.255,6.26,6.255,6.26,20
2026-01-08 13:34:00,6.26,6.26,6.26,6.26,1
2026-01-08 13:35:00,6.2536,6.2536,6.2536,6.2536,3
2026-01-08 13:36:00,6.255,6.2563,6.255,6.255,11
2026-01-08 13:37:00,6.2561,6.2561,6.2561,6.2561,2
2026-01-08 13:38:00,6.25,6.25,6.245,6.245,22
2026-01-08 13:39:00,6.245,6.245,6.2446,6.245,17
2026-01-08 13:40:00,6.2454,6.2454,6.24,6.24,7
2026-01-08 13:41:00,6.246,6.2466,6.246,6.2466,2
2026-01-08 13:42:00,6.2466,6.2466,6.2466,6.2466,0
2026-01-08 13:43:00,6.2466,6.2466,6.2466,6.2466,0
2026-01-08 13:44:00,6.24,6.24,6.235,6.24,13
2026-01-08 13:45:00,6.235,6.235,6.235,6.235,2
2026-01-08 13:46:00,6.2355,6.24,6.235,6.24,24
2026-01-08 13:47:00,6.25,6.255,6.245,6.255,106
2026-01-08 13:48:00,6.255,6.265,6.25,6.255,77
2026-01-08 13:49:00,6.25,6.25,6.24,6.24,39
2026-01-08 13:50:00,6.24,6.24,6.24,6.24,0
2026-01-08 13:51:00,6.2334,6.2334,6.2334,6.2334,2
2026-01-08 13:52:00,6.2334,6.2334,6.2334,6.2334,0
2026-01-08 13:53:00,6.2334,6.2334,6.2334,6.2334,0
2026-01-08 13:54:00,6.2317,6.2399,6.2317,6.2399,22
2026-01-08 13:55:00,6.235,6.235,6.235,6.235,1
2026-01-08 13:56:00,6.235,6.235,6.235,6.235,2
2026-01-08 13:57:00,6.23,6.23,6.23,6.23,20
2026-01-08 13:58:00,6.225,6.225,6.225,6.225,60
2026-01-08 13:59:00,6.225,6.23,6.225,6.23,51
2026-01-08 14:00:00,6.23,6.23,6.23,6.23,20
2026-01-08 14:01:00,6.24,6.24,6.235,6.235,3
2026-01-08 14:02:00,6.235,6.24,6.235,6.235,30
2026-01-08 14:03:00,6.235,6.24,6.235,6.235,5
2026-01-08 14:04:00,6.235,6.235,6.235,6.235,1
2026-01-08 14:05:00,6.235,6.235,6.235,6.235,0
2026-01-08 14:06:00,6.24,6.24,6.235,6.235,12
2026-01-08 14:07:00,6.23,6.24,6.195,6.21,252
2026-01-08 14:08:00,6.21,6.21,6.21,6.21,1
2026-01-08 14:09:00,6.215,6.215,6.215,6.215,1
2026-01-08 14:10:00,6.21,6.21,6.21,6.21,29
2026-01-08 14:11:00,6.2,6.2,6.18,6.18,23
2026-01-08 14:12:00,6.18,6.18,6.18,6.18,0
2026-01-08 14:13:00,6.18,6.18,6.16,6.16,29
2026-01-08 14:14:00,6.16,6.16,6.16,6.16,2
2026-01-08 14:15:00,6.1699,6.1699,6.165,6.1692,5
2026-01-08 14:16:00,6.1692,6.1692,6.1692,6.1692,0
2026-01-08 14:17:00,6.1692,6.1692,6.1692,6.1692,0
2026-01-08 14:18:00,6.1695,6.1695,6.165,6.165,9
2026-01-08 14:19:00,6.17,6.176,6.17,6.1734,43
2026-01-08 14:20:00,6.18,6.18,6.175,6.175,9
2026-01-08 14:21:00,6.17,6.17,6.165,6.165,20
2026-01-08 14:22:00,6.165,6.165,6.165,6.165,3
2026-01-08 14:23:00,6.1677,6.175,6.165,6.165,57
2026-01-08 14:24:00,6.16,6.16,6.16,6.16,2
2026-01-08 14:25:00,6.16,6.16,6.155,6.155,14
2026-01-08 14:26:00,6.155,6.16,6.155,6.16,41
2026-01-08 14:27:00,6.165,6.165,6.165,6.165,1
2026-01-08 14:28:00,6.165,6.165,6.165,6.165,0
2026-01-08 14:29:00,6.17,6.175,6.17,6.175,11
2026-01-08 14:30:00,6.18,6.18,6.175,6.175,2
2026-01-08 14:31:00,6.1754,6.1754,6.175,6.175,3
2026-01-08 14:32:00,6.175,6.175,6.165,6.17,41
2026-01-08 14:33:00,6.17,6.17,6.17,6.17,8
2026-01-08 14:34:00,6.165,6.166,6.165,6.166,7
2026-01-08 14:35:00,6.165,6.165,6.165,6.165,46
2026-01-08 14:36:00,6.1682,6.17,6.1682,6.17,5
2026-01-08 14:37:00,6.165,6.1698,6.165,6.165,22
2026-01-08 14:38:00,6.16,6.16,6.15,6.155,97
2026-01-08 14:39:00,6.1594,6.16,6.155,6.155,14
2026-01-08 14:40:00,6.1557,6.165,6.155,6.165,31
2026-01-08 14:41:00,6.17,6.175,6.1666,6.175,25
2026-01-08 14:42:00,6.175,6.175,6.175,6.175,0
2026-01-08 14:43:00,6.175,6.1867,6.174,6.1867,17
2026-01-08 14:44:00,6.18,6.18,6.175,6.175,25
2026-01-08 14:45:00,6.175,6.175,6.175,6.175,18
2026-01-08 14:46:00,6.1743,6.175,6.1729,6.1729,4
2026-01-08 14:47:00,6.1729,6.1729,6.1729,6.1729,0
2026-01-08 14:48:00,6.1729,6.1729,6.1729,6.1729,0
2026-01-08 14:49:00,6.1729,6.1729,6.1729,6.1729,0
2026-01-08 14:50:00,6.179,6.179,6.175,6.175,2
2026-01-08 14:51:00,6.175,6.175,6.175,6.175,1
2026-01-08 14:52:00,6.18,6.18,6.175,6.175,6
2026-01-08 14:53:00,6.1741,6.18,6.1741,6.175,3
2026-01-08 14:54:00,6.17,6.17,6.165,6.165,44
2026-01-08 14:55:00,6.16,6.16,6.15,6.155,18
2026-01-08 14:56:00,6.155,6.155,6.14,6.14,59
2026-01-08 14:57:00,6.145,6.145,6.14,6.14,5
2026-01-08 14:58:00,6.145,6.145,6.145,6.145,32
2026-01-08 14:59:00,6.145,6.15,6.14,6.15,46
2026-01-08 15:00:00,6.15,6.15,6.1499,6.15,68
2026-01-08 15:01:00,6.15,6.15,6.14,6.14,12
2026-01-08 15:02:00,6.145,6.15,6.14,6.14,121
2026-01-08 15:03:00,6.14,6.14,6.14,6.14,16
2026-01-08 15:04:00,6.15,6.15,6.15,6.15,8
2026-01-08 15:05:00,6.145,6.145,6.145,6.145,2
2026-01-08 15:06:00,6.145,6.145,6.145,6.145,0
2026-01-08 15:07:00,6.145,6.145,6.145,6.145,1
2026-01-08 15:08:00,6.1456,6.1456,6.145,6.145,10
2026-01-08 15:09:00,6.145,6.145,6.145,6.145,1
2026-01-08 15:10:00,6.145,6.145,6.145,6.145,1
2026-01-08 15:11:00,6.145,6.145,6.145,6.145,0
2026-01-08 15:12:00,6.145,6.15,6.145,6.145,14
2026-01-08 15:13:00,6.15,6.15,6.145,6.145,3
2026-01-08 15:14:00,6.145,6.145,6.145,6.145,2
2026-01-08 15:15:00,6.1449,6.145,6.1449,6.145,32
2026-01-08 15:16:00,6.145,6.15,6.145,6.15,28
2026-01-08 15:17:00,6.155,6.155,6.155,6.155,4
2026-01-08 15:18:00,6.155,6.155,6.155,6.155,1
2026-01-08 15:19:00,6.16,6.16,6.1546,6.16,6
2026-01-08 15:20:00,6.1563,6.1563,6.1563,6.1563,1
2026-01-08 15:21:00,6.16,6.17,6.155,6.17,82
2026-01-08 15:22:00,6.165,6.17,6.16,6.165,56
2026-01-08 15:23:00,6.17,6.17,6.1699,6.1699,4
2026-01-08 15:24:00,6.1687,6.1687,6.1687,6.1687,6
2026-01-08 15:25:00,6.17,6.17,6.17,6.17,1
2026-01-08 15:26:00,6.17,6.17,6.17,6.17,2
2026-01-08 15:27:00,6.165,6.17,6.165,6.165,50
2026-01-08 15:28:00,6.165,6.175,6.165,6.17,48
2026-01-08 15:29:00,6.17,6.175,6.17,6.175,29
2026-01-08 15:30:00,6.175,6.175,6.16,6.16,78
2026-01-08 15:31:00,6.1545,6.1645,6.1545,6.1645,81
2026-01-08 15:32:00,6.165,6.165,6.165,6.165,1
2026-01-08 15:33:00,6.166,6.166,6.166,6.166,1
2026-01-08 15:34:00,6.16,6.16,6.155,6.155,23
2026-01-08 15:35:00,6.16,6.17,6.16,6.17,42
2026-01-08 15:36:00,6.1614,6.175,6.1614,6.175,67
2026-01-08 15:37:00,6.17,6.17,6.17,6.17,64
2026-01-08 15:38:00,6.1755,6.1772,6.175,6.1772,8
2026-01-08 15:39:00,6.175,6.175,6.175,6.175,9
2026-01-08 15:40:00,6.18,6.205,6.18,6.205,119
2026-01-08 15:41:00,6.205,6.205,6.205,6.205,5
2026-01-08 15:42:00,6.205,6.205,6.2,6.2,3
2026-01-08 15:43:00,6.205,6.216,6.205,6.216,121
2026-01-08 15:44:00,6.21,6.21,6.195,6.2,74
2026-01-08 15:45:00,6.2,6.2,6.19,6.195,17
2026-01-08 15:46:00,6.195,6.195,6.195,6.195,1
2026-01-08 15:47:00,6.195,6.195,6.19,6.19,30
2026-01-08 15:48:00,6.195,6.2,6.195,6.195,29
2026-01-08 15:49:00,6.195,6.195,6.195,6.195,4
2026-01-08 15:50:00,6.2,6.2,6.19,6.195,78
2026-01-08 15:51:00,6.195,6.205,6.195,6.205,167
2026-01-08 15:52:00,6.205,6.208,6.2,6.205,50
2026-01-08 15:53:00,6.2,6.205,6.2,6.2,186
2026-01-08 15:54:00,6.2,6.2,6.19,6.19,104
2026-01-08 15:55:00,6.19,6.2,6.19,6.195,157
2026-01-08 15:56:00,6.195,6.205,6.19,6.19,561
2026-01-08 15:57:00,6.195,6.195,6.185,6.185,244
2026-01-08 15:58:00,6.185,6.205,6.18,6.195,639
2026-01-08 15:59:00,6.195,6.21,6.19,6.195,527
2026-01-09 09:30:00,4.02,4.15,3.93,4.1217,6357
2026-01-09 09:31:00,4.13,4.1302,3.85,3.865,3391
2026-01-09 09:32:00,3.865,3.94,3.845,3.915,2845
2026-01-09 09:33:00,3.9199,3.92,3.76,3.785,5547
2026-01-09 09:34:00,3.79,3.93,3.79,3.81,2768
2026-01-09 09:35:00,3.81,3.8356,3.73,3.83,2926
2026-01-09 09:36:00,3.82,3.92,3.8,3.8101,2152
2026-01-09 09:37:00,3.83,3.83,3.7401,3.7501,4458
2026-01-09 09:38:00,3.7682,3.81,3.73,3.7301,2833
2026-01-09 09:39:00,3.7399,3.77,3.7001,3.75,4309
2026-01-09 09:40:00,3.755,3.8,3.73,3.7599,4345
2026-01-09 09:41:00,3.7585,3.89,3.75,3.8343,1613
2026-01-09 09:42:00,3.835,3.91,3.835,3.865,2057
2026-01-09 09:43:00,3.865,3.87,3.83,3.865,1473
2026-01-09 09:44:00,3.87,3.92,3.865,3.8825,1547
2026-01-09 09:45:00,3.89,3.92,3.86,3.8914,1398
2026-01-09 09:46:00,3.895,3.9,3.8746,3.875,1375
2026-01-09 09:47:00,3.88,3.88,3.85,3.85,1360
2026-01-09 09:48:00,3.8501,3.8599,3.75,3.75,1398
2026-01-09 09:49:00,3.755,3.76,3.72,3.725,2765
2026-01-09 09:50:00,3.72,3.73,3.65,3.685,3641
2026-01-09 09:51:00,3.68,3.73,3.6701,3.7,2952
2026-01-09 09:52:00,3.6986,3.7299,3.6901,3.715,1352
2026-01-09 09:53:00,3.715,3.77,3.7,3.735,1895
2026-01-09 09:54:00,3.7399,3.74,3.71,3.7199,813
2026-01-09 09:55:00,3.715,3.76,3.7101,3.7499,1502
2026-01-09 09:56:00,3.7465,3.82,3.7401,3.795,1312
2026-01-09 09:57:00,3.7974,3.8,3.75,3.7699,636
2026-01-09 09:58:00,3.7687,3.7687,3.73,3.765,717
2026-01-09 09:59:00,3.765,3.7787,3.76,3.7646,345
2026-01-09 10:00:00,3.765,3.77,3.71,3.7199,1863
2026-01-09 10:01:00,3.712,3.75,3.71,3.7386,1796
2026-01-09 10:02:00,3.735,3.75,3.7,3.7299,2051
2026-01-09 10:03:00,3.7299,3.77,3.715,3.7699,1994
2026-01-09 10:04:00,3.7699,3.8,3.7601,3.78,3854
2026-01-09 10:05:00,3.7701,3.81,3.7701,3.79,1111
2026-01-09 10:06:00,3.815,3.86,3.805,3.82,1609
2026-01-09 10:07:00,3.82,3.82,3.77,3.775,1452
2026-01-09 10:08:00,3.775,3.78,3.74,3.7501,1626
2026-01-09 10:09:00,3.75,3.75,3.72,3.7301,1832
2026-01-09 10:10:00,3.73,3.75,3.725,3.7301,1165
2026-01-09 10:11:00,3.735,3.77,3.73,3.755,1038
2026-01-09 10:12:00,3.755,3.7593,3.72,3.7302,1092
2026-01-09 10:13:00,3.7386,3.7999,3.725,3.795,939
2026-01-09 10:14:00,3.795,3.7999,3.74,3.745,809
2026-01-09 10:15:00,3.745,3.76,3.72,3.725,1704
2026-01-09 10:16:00,3.7201,3.73,3.7,3.72,2394
2026-01-09 10:17:00,3.715,3.75,3.71,3.7445,2218
2026-01-09 10:18:00,3.745,3.7999,3.74,3.7999,1272
2026-01-09 10:19:00,3.795,3.8,3.78,3.78,1117
2026-01-09 10:20:00,3.775,3.7899,3.76,3.765,999
2026-01-09 10:21:00,3.7686,3.79,3.75,3.785,1443
2026-01-09 10:22:00,3.7801,3.82,3.7801,3.8001,1305
2026-01-09 10:23:00,3.805,3.81,3.7841,3.805,938
2026-01-09 10:24:00,3.8099,3.815,3.7901,3.795,1080
2026-01-09 10:25:00,3.795,3.81,3.75,3.775,1768
2026-01-09 10:26:00,3.78,3.8899,3.775,3.8786,3793
2026-01-09 10:27:00,3.88,3.935,3.85,3.8951,2604
2026-01-09 10:28:00,3.8914,3.96,3.8901,3.9599,1104
2026-01-09 10:29:00,3.9599,3.98,3.9201,3.945,1621
2026-01-09 10:30:00,3.945,3.9499,3.9,3.915,789
2026-01-09 10:31:00,3.9199,3.95,3.86,3.8614,1667
2026-01-09 10:32:00,3.865,3.915,3.865,3.8999,931
2026-01-09 10:33:00,3.8959,3.9,3.83,3.8346,510
2026-01-09 10:34:00,3.835,3.835,3.7999,3.8,1191
2026-01-09 10:35:00,3.795,3.8194,3.7925,3.8146,1146
2026-01-09 10:36:00,3.82,3.84,3.8,3.83,567
2026-01-09 10:37:00,3.8393,3.8393,3.815,3.825,331
2026-01-09 10:38:00,3.825,3.83,3.81,3.815,288
2026-01-09 10:39:00,3.81,3.82,3.8001,3.815,676
2026-01-09 10:40:00,3.82,3.84,3.815,3.815,676
2026-01-09 10:41:00,3.8101,3.82,3.77,3.775,1404
2026-01-09 10:42:00,3.7797,3.79,3.7701,3.7801,1063
2026-01-09 10:43:00,3.785,3.785,3.77,3.77,781
2026-01-09 10:44:00,3.775,3.775,3.74,3.745,3078
2026-01-09 10:45:00,3.745,3.76,3.7201,3.73,1370
2026-01-09 10:46:00,3.725,3.73,3.7,3.7046,1136
2026-01-09 10:47:00,3.7093,3.74,3.7,3.72,4614
2026-01-09 10:48:00,3.7299,3.73,3.71,3.715,690
2026-01-09 10:49:00,3.718,3.73,3.71,3.72,773
2026-01-09 10:50:00,3.72,3.72,3.7,3.7001,1016
2026-01-09 10:51:00,3.705,3.71,3.66,3.6901,2292
2026-01-09 10:52:00,3.6986,3.72,3.69,3.6999,1573
2026-01-09 10:53:00,3.7,3.7,3.68,3.695,641
2026-01-09 10:54:00,3.695,3.7159,3.69,3.695,1175
2026-01-09 10:55:00,3.695,3.7,3.68,3.685,472
2026-01-09 10:56:00,3.685,3.7,3.6701,3.69,987
2026-01-09 10:57:00,3.695,3.71,3.6901,3.705,523
2026-01-09 10:58:00,3.705,3.71,3.7001,3.705,336
2026-01-09 10:59:00,3.705,3.71,3.7,3.7099,778
2026-01-09 11:00:00,3.705,3.71,3.68,3.685,746
2026-01-09 11:01:00,3.685,3.7,3.6701,3.695,984
2026-01-09 11:02:00,3.695,3.7,3.69,3.7,450
2026-01-09 11:03:00,3.69,3.695,3.68,3.685,561
2026-01-09 11:04:00,3.6801,3.69,3.68,3.6826,586
2026-01-09 11:05:00,3.685,3.69,3.68,3.6899,743
2026-01-09 11:06:00,3.685,3.7,3.68,3.6964,770
2026-01-09 11:07:00,3.695,3.71,3.69,3.705,1030
2026-01-09 11:08:00,3.71,3.72,3.7001,3.715,616
2026-01-09 11:09:00,3.7172,3.73,3.7001,3.705,898
2026-01-09 11:10:00,3.705,3.71,3.6901,3.695,825
2026-01-09 11:11:00,3.6932,3.72,3.6801,3.685,1688
2026-01-09 11:12:00,3.685,3.6999,3.6801,3.695,635
2026-01-09 11:13:00,3.7,3.7,3.685,3.685,398
2026-01-09 11:14:00,3.6899,3.7,3.675,3.6786,1243
2026-01-09 11:15:00,3.68,3.685,3.6614,3.6699,1746
2026-01-09 11:16:00,3.665,3.67,3.65,3.6501,2128
2026-01-09 11:17:00,3.6501,3.656,3.6001,3.605,3860
2026-01-09 11:18:00,3.6088,3.65,3.585,3.6299,9316
2026-01-09 11:19:00,3.625,3.67,3.62,3.645,2923
2026-01-09 11:20:00,3.645,3.685,3.6335,3.675,1918
2026-01-09 11:21:00,3.68,3.68,3.67,3.6725,247
2026-01-09 11:22:00,3.675,3.6792,3.645,3.655,1149
2026-01-09 11:23:00,3.655,3.7099,3.655,3.6999,1995
2026-01-09 11:24:00,3.695,3.7,3.69,3.7,460
2026-01-09 11:25:00,3.695,3.74,3.695,3.72,1319
2026-01-09 11:26:00,3.7186,3.7199,3.7001,3.705,589
2026-01-09 11:27:00,3.705,3.73,3.705,3.725,608
2026-01-09 11:28:00,3.725,3.7299,3.7,3.7,590
2026-01-09 11:29:00,3.695,3.705,3.69,3.705,468
2026-01-09 11:30:00,3.7086,3.72,3.7,3.7014,465
2026-01-09 11:31:00,3.705,3.71,3.7,3.7099,181
2026-01-09 11:32:00,3.705,3.73,3.7,3.715,554
2026-01-09 11:33:00,3.715,3.72,3.71,3.715,340
2026-01-09 11:34:00,3.71,3.72,3.71,3.715,170
2026-01-09 11:35:00,3.7186,3.7199,3.7101,3.715,257
2026-01-09 11:36:00,3.7114,3.725,3.71,3.725,247
2026-01-09 11:37:00,3.725,3.7299,3.7,3.7195,464
2026-01-09 11:38:00,3.7107,3.72,3.71,3.715,116
2026-01-09 11:39:00,3.715,3.73,3.71,3.715,672
2026-01-09 11:40:00,3.715,3.73,3.7101,3.715,549
2026-01-09 11:41:00,3.72,3.72,3.71,3.715,231
2026-01-09 11:42:00,3.71,3.72,3.705,3.705,345
2026-01-09 11:43:00,3.705,3.72,3.6901,3.72,1175
2026-01-09 11:44:00,3.7241,3.73,3.72,3.725,240
2026-01-09 11:45:00,3.72,3.74,3.715,3.7399,686
2026-01-09 11:46:00,3.7327,3.735,3.72,3.725,334
2026-01-09 11:47:00,3.73,3.73,3.7201,3.725,187
2026-01-09 11:48:00,3.725,3.7299,3.7246,3.725,474
2026-01-09 11:49:00,3.725,3.74,3.7246,3.725,792
2026-01-09 11:50:00,3.725,3.74,3.7214,3.735,310
2026-01-09 11:51:00,3.735,3.74,3.73,3.735,238
2026-01-09 11:52:00,3.735,3.74,3.7301,3.735,117
2026-01-09 11:53:00,3.735,3.76,3.7301,3.755,789
2026-01-09 11:54:00,3.755,3.76,3.741,3.745,950
2026-01-09 11:55:00,3.7441,3.75,3.7201,3.7299,600
2026-01-09 11:56:00,3.7297,3.74,3.725,3.7286,443
2026-01-09 11:57:00,3.73,3.74,3.73,3.735,409
2026-01-09 11:58:00,3.7389,3.7597,3.73,3.755,418
2026-01-09 11:59:00,3.7553,3.76,3.75,3.755,246
2026-01-09 12:00:00,3.755,3.76,3.73,3.735,390
2026-01-09 12:01:00,3.735,3.75,3.7301,3.745,476
2026-01-09 12:02:00,3.7401,3.82,3.74,3.82,1585
2026-01-09 12:03:00,3.8173,3.835,3.8101,3.8214,916
2026-01-09 12:04:00,3.8225,3.83,3.795,3.8099,1274
2026-01-09 12:05:00,3.8001,3.81,3.795,3.8,430
2026-01-09 12:06:00,3.8,3.81,3.79,3.81,626
2026-01-09 12:07:00,3.8099,3.83,3.8029,3.82,444
2026-01-09 12:08:00,3.82,3.84,3.8166,3.835,664
2026-01-09 12:09:00,3.835,3.84,3.8107,3.815,461
2026-01-09 12:10:00,3.815,3.86,3.815,3.855,1215
2026-01-09 12:11:00,3.855,3.86,3.835,3.845,767
2026-01-09 12:12:00,3.8467,3.85,3.8301,3.845,754
2026-01-09 12:13:00,3.8499,3.86,3.84,3.845,719
2026-01-09 12:14:00,3.845,3.85,3.835,3.835,617
2026-01-09 12:15:00,3.835,3.84,3.82,3.82,506
2026-01-09 12:16:00,3.8299,3.83,3.8,3.8,708
2026-01-09 12:17:00,3.8001,3.81,3.8,3.8,529
2026-01-09 12:18:00,3.8,3.81,3.8,3.8086,274
2026-01-09 12:19:00,3.8075,3.81,3.78,3.8046,924
2026-01-09 12:20:00,3.805,3.81,3.794,3.805,397
2026-01-09 12:21:00,3.81,3.82,3.7901,3.815,1051
2026-01-09 12:22:00,3.8199,3.82,3.81,3.8113,442
2026-01-09 12:23:00,3.815,3.825,3.81,3.815,492
2026-01-09 12:24:00,3.8199,3.84,3.815,3.825,428
2026-01-09 12:25:00,3.825,3.83,3.81,3.815,310
2026-01-09 12:26:00,3.815,3.83,3.81,3.8199,331
2026-01-09 12:27:00,3.81,3.82,3.81,3.8101,86
2026-01-09 12:28:00,3.81,3.83,3.805,3.815,814
2026-01-09 12:29:00,3.8114,3.8199,3.81,3.8193,159
2026-01-09 12:30:00,3.815,3.82,3.81,3.81,112
2026-01-09 12:31:00,3.815,3.82,3.81,3.8114,191
2026-01-09 12:32:00,3.8101,3.82,3.81,3.81,155
2026-01-09 12:33:00,3.8166,3.83,3.81,3.8299,716
2026-01-09 12:34:00,3.825,3.83,3.81,3.8102,366
2026-01-09 12:35:00,3.815,3.82,3.8149,3.815,125
2026-01-09 12:36:00,3.82,3.84,3.82,3.835,592
2026-01-09 12:37:00,3.8393,3.84,3.83,3.835,133
2026-01-09 12:38:00,3.84,3.85,3.835,3.84,632
2026-01-09 12:39:00,3.844,3.85,3.825,3.8386,385
2026-01-09 12:40:00,3.8313,3.84,3.83,3.835,264
2026-01-09 12:41:00,3.835,3.8499,3.83,3.845,425
2026-01-09 12:42:00,3.8449,3.85,3.84,3.84,139
2026-01-09 12:43:00,3.8401,3.85,3.83,3.8396,302
2026-01-09 12:44:00,3.83,3.85,3.83,3.845,290
2026-01-09 12:45:00,3.8486,3.85,3.8314,3.835,148
2026-01-09 12:46:00,3.8346,3.84,3.82,3.825,472
2026-01-09 12:47:00,3.825,3.85,3.8201,3.8463,481
2026-01-09 12:48:00,3.8499,3.87,3.835,3.8586,816
2026-01-09 12:49:00,3.8565,3.86,3.8401,3.85,173
2026-01-09 12:50:00,3.8499,3.85,3.835,3.85,325
2026-01-09 12:51:00,3.85,3.86,3.85,3.855,247
2026-01-09 12:52:00,3.8599,3.86,3.8412,3.8412,169
2026-01-09 12:53:00,3.8446,3.8499,3.81,3.82,309
2026-01-09 12:54:00,3.8154,3.82,3.795,3.815,819
2026-01-09 12:55:00,3.81,3.82,3.79,3.8,1204
2026-01-09 12:56:00,3.7901,3.805,3.79,3.8,603
2026-01-09 12:57:00,3.795,3.82,3.795,3.815,519
2026-01-09 12:58:00,3.815,3.8168,3.81,3.8101,74
2026-01-09 12:59:00,3.815,3.82,3.81,3.815,296
2026-01-09 13:00:00,3.82,3.82,3.8,3.805,354
2026-01-09 13:01:00,3.8,3.81,3.79,3.8022,1279
2026-01-09 13:02:00,3.81,3.81,3.79,3.8,720
2026-01-09 13:03:00,3.795,3.815,3.795,3.805,573
2026-01-09 13:04:00,3.8099,3.81,3.8,3.805,112
2026-01-09 13:05:00,3.8086,3.83,3.795,3.825,1178
2026-01-09 13:06:00,3.825,3.83,3.82,3.82,175
2026-01-09 13:07:00,3.825,3.84,3.82,3.835,255
2026-01-09 13:08:00,3.835,3.84,3.83,3.83,396
2026-01-09 13:09:00,3.83,3.84,3.83,3.835,73
2026-01-09 13:10:00,3.835,3.85,3.835,3.845,343
2026-01-09 13:11:00,3.845,3.8499,3.8322,3.835,360
2026-01-09 13:12:00,3.835,3.8399,3.82,3.825,171
2026-01-09 13:13:00,3.8211,3.8279,3.815,3.8199,220
2026-01-09 13:14:00,3.81,3.83,3.81,3.83,445
2026-01-09 13:15:00,3.825,3.8399,3.82,3.83,427
2026-01-09 13:16:00,3.825,3.84,3.825,3.84,1125
2026-01-09 13:17:00,3.835,3.8399,3.8201,3.825,269
2026-01-09 13:18:00,3.8297,3.83,3.82,3.82,1312
2026-01-09 13:19:00,3.825,3.825,3.81,3.81,871
2026-01-09 13:20:00,3.82,3.82,3.81,3.81,648
2026-01-09 13:21:00,3.815,3.82,3.81,3.815,365
2026-01-09 13:22:00,3.8189,3.8199,3.81,3.8199,307
2026-01-09 13:23:00,3.81,3.82,3.81,3.815,665
2026-01-09 13:24:00,3.815,3.8193,3.81,3.81,374
2026-01-09 13:25:00,3.8154,3.8154,3.8,3.805,977
2026-01-09 13:26:00,3.805,3.8099,3.8,3.8,1170
2026-01-09 13:27:00,3.8008,3.81,3.8,3.805,3028
2026-01-09 13:28:00,3.8,3.81,3.8,3.8,1210
2026-01-09 13:29:00,3.8001,3.8099,3.8,3.8087,123
2026-01-09 13:30:00,3.805,3.81,3.8001,3.805,374
2026-01-09 13:31:00,3.805,3.81,3.8,3.8067,146
2026-01-09 13:32:00,3.805,3.8099,3.8,3.8,190
2026-01-09 13:33:00,3.805,3.81,3.8,3.8001,126
2026-01-09 13:34:00,3.805,3.81,3.8,3.8,183
2026-01-09 13:35:00,3.805,3.81,3.8,3.8091,700
2026-01-09 13:36:00,3.8099,3.81,3.8001,3.805,132
2026-01-09 13:37:00,3.8099,3.85,3.8,3.835,4858
2026-01-09 13:38:00,3.835,3.84,3.8201,3.8201,1064
2026-01-09 13:39:00,3.8201,3.87,3.8201,3.865,2305
2026-01-09 13:40:00,3.87,3.87,3.815,3.825,671
2026-01-09 13:41:00,3.825,3.8599,3.825,3.8494,945
2026-01-09 13:42:00,3.845,3.87,3.84,3.865,628
2026-01-09 13:43:00,3.87,3.87,3.86,3.87,768
2026-01-09 13:44:00,3.865,3.87,3.8603,3.865,255
2026-01-09 13:45:00,3.865,3.8899,3.8601,3.885,848
2026-01-09 13:46:00,3.89,3.89,3.8801,3.8878,172
2026-01-09 13:47:00,3.89,3.91,3.8801,3.9099,1240
2026-01-09 13:48:00,3.91,3.92,3.9001,3.92,534
2026-01-09 13:49:00,3.92,3.93,3.9114,3.9266,509
2026-01-09 13:50:00,3.93,3.935,3.9,3.905,1004
2026-01-09 13:51:00,3.9089,3.9097,3.88,3.886,570
2026-01-09 13:52:00,3.89,3.89,3.8659,3.8659,224
2026-01-09 13:53:00,3.8601,3.865,3.85,3.8599,644
2026-01-09 13:54:00,3.8593,3.87,3.8501,3.8602,356
2026-01-09 13:55:00,3.865,3.89,3.8601,3.8832,316
2026-01-09 13:56:00,3.885,3.89,3.87,3.87,205
2026-01-09 13:57:00,3.88,3.88,3.8701,3.875,480
2026-01-09 13:58:00,3.8725,3.8799,3.87,3.875,148
2026-01-09 13:59:00,3.87,3.8797,3.87,3.875,317
2026-01-09 14:00:00,3.875,3.88,3.815,3.825,1688
2026-01-09 14:01:00,3.825,3.83,3.82,3.825,562
2026-01-09 14:02:00,3.825,3.8299,3.82,3.82,145
2026-01-09 14:03:00,3.8299,3.83,3.82,3.825,176
2026-01-09 14:04:00,3.825,3.8299,3.82,3.825,181
2026-01-09 14:05:00,3.825,3.83,3.82,3.825,47
2026-01-09 14:06:00,3.82,3.825,3.81,3.8101,539
2026-01-09 14:07:00,3.81,3.82,3.81,3.8197,32
2026-01-09 14:08:00,3.815,3.82,3.81,3.81,290
2026-01-09 14:09:00,3.8175,3.82,3.81,3.8177,334
2026-01-09 14:10:00,3.815,3.8197,3.8,3.805,406
2026-01-09 14:11:00,3.805,3.81,3.8,3.8,298
2026-01-09 14:12:00,3.805,3.81,3.8,3.805,397
2026-01-09 14:13:00,3.8,3.805,3.8,3.805,44
2026-01-09 14:14:00,3.805,3.8099,3.8,3.805,47
2026-01-09 14:15:00,3.805,3.81,3.8,3.8,174
2026-01-09 14:16:00,3.805,3.8092,3.8,3.8007,308
2026-01-09 14:17:00,3.805,3.8084,3.8,3.805,154
2026-01-09 14:18:00,3.81,3.81,3.8,3.805,193
2026-01-09 14:19:00,3.805,3.81,3.8,3.8093,222
2026-01-09 14:20:00,3.8001,3.805,3.8,3.8,39
2026-01-09 14:21:00,3.8001,3.81,3.8,3.805,881
2026-01-09 14:22:00,3.8029,3.81,3.8,3.805,534
2026-01-09 14:23:00,3.8008,3.81,3.8,3.805,631
2026-01-09 14:24:00,3.805,3.83,3.805,3.825,1160
2026-01-09 14:25:00,3.8201,3.83,3.82,3.8246,686
2026-01-09 14:26:00,3.825,3.83,3.82,3.8235,284
2026-01-09 14:27:00,3.8201,3.83,3.81,3.8101,1420
2026-01-09 14:28:00,3.8101,3.83,3.81,3.8287,1781
2026-01-09 14:29:00,3.825,3.83,3.8201,3.8274,112
2026-01-09 14:30:00,3.825,3.83,3.81,3.82,717
2026-01-09 14:31:00,3.815,3.84,3.81,3.8399,840
2026-01-09 14:32:00,3.8399,3.84,3.8301,3.84,171
2026-01-09 14:33:00,3.8399,3.855,3.835,3.855,439
2026-01-09 14:34:00,3.855,3.8602,3.855,3.8575,1049
2026-01-09 14:35:00,3.86,3.86,3.85,3.85,597
2026-01-09 14:36:00,3.855,3.86,3.84,3.8499,576
2026-01-09 14:37:00,3.85,3.86,3.845,3.8593,318
2026-01-09 14:38:00,3.86,3.87,3.855,3.8675,655
2026-01-09 14:39:00,3.8699,3.87,3.85,3.8586,619
2026-01-09 14:40:00,3.86,3.86,3.8525,3.855,255
2026-01-09 14:41:00,3.86,3.8799,3.855,3.86,845
2026-01-09 14:42:00,3.8668,3.87,3.865,3.87,248
2026-01-09 14:43:00,3.8666,3.87,3.86,3.865,181
2026-01-09 14:44:00,3.8675,3.875,3.865,3.8699,395
2026-01-09 14:45:00,3.87,3.87,3.865,3.87,209
2026-01-09 14:46:00,3.86,3.87,3.86,3.8675,53
2026-01-09 14:47:00,3.865,3.87,3.86,3.865,60
2026-01-09 14:48:00,3.87,3.87,3.86,3.865,101
2026-01-09 14:49:00,3.8624,3.87,3.86,3.865,91
2026-01-09 14:50:00,3.8625,3.87,3.855,3.855,437
2026-01-09 14:51:00,3.855,3.88,3.855,3.875,540
2026-01-09 14:52:00,3.875,3.8799,3.8702,3.875,66
2026-01-09 14:53:00,3.8763,3.8786,3.85,3.8592,306
2026-01-09 14:54:00,3.855,3.86,3.85,3.855,330
2026-01-09 14:55:00,3.86,3.8768,3.86,3.8706,262
2026-01-09 14:56:00,3.8799,3.8799,3.8601,3.87,293
2026-01-09 14:57:00,3.865,3.87,3.845,3.85,1373
2026-01-09 14:58:00,3.85,3.86,3.845,3.85,577
2026-01-09 14:59:00,3.855,3.86,3.85,3.855,259
2026-01-09 15:00:00,3.855,3.8599,3.84,3.8495,233
2026-01-09 15:01:00,3.84,3.85,3.84,3.845,255
2026-01-09 15:02:00,3.8412,3.85,3.84,3.845,186
2026-01-09 15:03:00,3.845,3.85,3.84,3.845,171
2026-01-09 15:04:00,3.85,3.86,3.845,3.86,581
2026-01-09 15:05:00,3.855,3.87,3.855,3.865,550
2026-01-09 15:06:00,3.87,3.9,3.87,3.88,523
2026-01-09 15:07:00,3.8725,3.88,3.86,3.865,345
2026-01-09 15:08:00,3.865,3.88,3.865,3.87,302
2026-01-09 15:09:00,3.87,3.87,3.865,3.865,58
2026-01-09 15:10:00,3.865,3.87,3.85,3.855,141
2026-01-09 15:11:00,3.8514,3.86,3.85,3.86,182
2026-01-09 15:12:00,3.855,3.91,3.855,3.865,4095
2026-01-09 15:13:00,3.8699,3.89,3.86,3.865,674
2026-01-09 15:14:00,3.87,3.88,3.865,3.87,524
2026-01-09 15:15:00,3.8601,3.87,3.859,3.865,700
2026-01-09 15:16:00,3.865,3.88,3.865,3.865,759
2026-01-09 15:17:00,3.87,3.88,3.865,3.8782,281
2026-01-09 15:18:00,3.8702,3.88,3.8702,3.8795,64
2026-01-09 15:19:00,3.8799,3.8799,3.855,3.87,706
2026-01-09 15:20:00,3.87,3.87,3.86,3.87,222
2026-01-09 15:21:00,3.87,3.87,3.8603,3.87,302
2026-01-09 15:22:00,3.87,3.89,3.8646,3.89,654
2026-01-09 15:23:00,3.89,3.89,3.884,3.8866,132
2026-01-09 15:24:00,3.89,3.89,3.8814,3.885,109
2026-01-09 15:25:00,3.885,3.905,3.885,3.905,1307
2026-01-09 15:26:00,3.905,3.925,3.88,3.88,856
2026-01-09 15:27:00,3.885,3.9,3.87,3.875,550
2026-01-09 15:28:00,3.88,3.9,3.8746,3.8934,1223
2026-01-09 15:29:00,3.895,3.915,3.895,3.905,390
2026-01-09 15:30:00,3.905,3.91,3.89,3.9,456
2026-01-09 15:31:00,3.905,3.91,3.9,3.91,130
2026-01-09 15:32:00,3.91,3.93,3.91,3.9299,449
2026-01-09 15:33:00,3.925,3.93,3.885,3.895,1635
2026-01-09 15:34:00,3.9,3.92,3.89,3.911,415
2026-01-09 15:35:00,3.92,3.92,3.8907,3.9,1403
2026-01-09 15:36:00,3.9,3.91,3.9,3.9,274
2026-01-09 15:37:00,3.905,3.91,3.9,3.9,93
2026-01-09 15:38:00,3.905,3.91,3.9,3.905,375
2026-01-09 15:39:00,3.9,3.905,3.88,3.895,1324
2026-01-09 15:40:00,3.8934,3.9,3.89,3.895,456
2026-01-09 15:41:00,3.9,3.91,3.895,3.9014,758
2026-01-09 15:42:00,3.9052,3.93,3.9012,3.92,1011
2026-01-09 15:43:00,3.92,3.93,3.905,3.91,1692
2026-01-09 15:44:00,3.91,3.93,3.91,3.92,460
2026-01-09 15:45:00,3.92,3.92,3.9,3.915,529
2026-01-09 15:46:00,3.9175,3.93,3.915,3.925,912
2026-01-09 15:47:00,3.925,3.93,3.92,3.925,285
2026-01-09 15:48:00,3.925,3.945,3.92,3.945,603
2026-01-09 15:49:00,3.945,3.95,3.94,3.95,681
2026-01-09 15:50:00,3.9491,3.95,3.9301,3.935,879
2026-01-09 15:51:00,3.935,3.94,3.93,3.94,652
2026-01-09 15:52:00,3.935,3.94,3.93,3.935,997
2026-01-09 15:53:00,3.94,3.94,3.9,3.905,1009
2026-01-09 15:54:00,3.9099,3.91,3.9,3.9069,818
2026-01-09 15:55:00,3.905,3.91,3.9,3.905,1769
2026-01-09 15:56:00,3.905,3.95,3.9,3.925,1983
2026-01-09 15:57:00,3.9291,3.94,3.9201,3.935,1348
2026-01-09 15:58:00,3.94,3.94,3.93,3.935,1466
2026-01-09 15:59:00,3.935,3.96,3.9,3.9,3111
2026-01-12 09:30:00,3.9,3.91,3.8,3.8075,4269
2026-01-12 09:31:00,3.805,3.82,3.8,3.804,808
2026-01-12 09:32:00,3.8,3.875,3.79,3.8015,575
2026-01-12 09:33:00,3.815,3.8299,3.795,3.8,367
2026-01-12 09:34:00,3.8,3.8,3.78,3.7858,598
2026-01-12 09:35:00,3.7845,3.8093,3.78,3.78,882
2026-01-12 09:36:00,3.78,3.7986,3.76,3.79,742
2026-01-12 09:37:00,3.7918,3.805,3.78,3.795,568
2026-01-12 09:38:00,3.795,3.81,3.77,3.8,499
2026-01-12 09:39:00,3.815,3.8299,3.805,3.825,73
2026-01-12 09:40:00,3.8234,3.83,3.8,3.82,717
2026-01-12 09:41:00,3.82,3.825,3.81,3.814,251
2026-01-12 09:42:00,3.8115,3.8382,3.81,3.825,506
2026-01-12 09:43:00,3.83,3.83,3.8,3.804,649
2026-01-12 09:44:00,3.8001,3.81,3.78,3.7946,575
2026-01-12 09:45:00,3.7948,3.8,3.78,3.78,305
2026-01-12 09:46:00,3.7801,3.785,3.78,3.78,2552
2026-01-12 09:47:00,3.77,3.7799,3.76,3.7664,458
2026-01-12 09:48:00,3.764,3.795,3.76,3.795,665
2026-01-12 09:49:00,3.7924,3.7986,3.7601,3.764,171
2026-01-12 09:50:00,3.76,3.77,3.76,3.77,396
2026-01-12 09:51:00,3.77,3.78,3.77,3.774,223
2026-01-12 09:52:00,3.775,3.78,3.77,3.78,45
2026-01-12 09:53:00,3.779,3.779,3.7621,3.764,303
2026-01-12 09:54:00,3.765,3.7699,3.75,3.7559,711
2026-01-12 09:55:00,3.755,3.7586,3.71,3.714,1430
2026-01-12 09:56:00,3.7136,3.7186,3.7,3.7001,631
2026-01-12 09:57:00,3.71,3.71,3.7,3.704,275
2026-01-12 09:58:00,3.7099,3.73,3.7,3.715,2188
2026-01-12 09:59:00,3.715,3.73,3.7,3.724,517
2026-01-12 10:00:00,3.72,3.72,3.7007,3.7014,244
2026-01-12 10:01:00,3.705,3.71,3.66,3.665,2023
2026-01-12 10:02:00,3.6699,3.67,3.61,3.61,816
2026-01-12 10:03:00,3.6101,3.6199,3.58,3.58,1683
2026-01-12 10:04:00,3.585,3.62,3.58,3.6,2732
2026-01-12 10:05:00,3.6,3.62,3.595,3.6199,947
2026-01-12 10:06:00,3.6199,3.6288,3.61,3.6155,396
2026-01-12 10:07:00,3.615,3.615,3.57,3.575,839
2026-01-12 10:08:00,3.575,3.595,3.5746,3.5946,808
2026-01-12 10:09:00,3.595,3.61,3.595,3.605,535
2026-01-12 10:10:00,3.6,3.61,3.59,3.5966,566
2026-01-12 10:11:00,3.595,3.5999,3.58,3.585,766
2026-01-12 10:12:00,3.585,3.59,3.565,3.575,758
2026-01-12 10:13:00,3.58,3.58,3.57,3.5749,525
2026-01-12 10:14:00,3.58,3.585,3.5701,3.58,313
2026-01-12 10:15:00,3.59,3.59,3.58,3.58,594
2026-01-12 10:16:00,3.5845,3.5899,3.57,3.575,496
2026-01-12 10:17:00,3.579,3.5793,3.56,3.565,436
2026-01-12 10:18:00,3.5659,3.57,3.56,3.5645,238
2026-01-12 10:19:00,3.57,3.576,3.5614,3.576,480
2026-01-12 10:20:00,3.58,3.58,3.555,3.5601,504
2026-01-12 10:21:00,3.565,3.57,3.56,3.565,390
2026-01-12 10:22:00,3.5629,3.59,3.56,3.585,617
2026-01-12 10:23:00,3.5899,3.5899,3.565,3.565,285
2026-01-12 10:24:00,3.5601,3.57,3.56,3.56,599
2026-01-12 10:25:00,3.5601,3.565,3.5501,3.565,392
2026-01-12 10:26:00,3.5614,3.58,3.56,3.575,879
2026-01-12 10:27:00,3.5797,3.61,3.575,3.604,385
2026-01-12 10:28:00,3.61,3.61,3.6,3.6,137
2026-01-12 10:29:00,3.605,3.6099,3.5903,3.595,395
2026-01-12 10:30:00,3.595,3.6,3.5901,3.595,95
2026-01-12 10:31:00,3.595,3.6,3.58,3.585,351
2026-01-12 10:32:00,3.59,3.59,3.58,3.585,132
2026-01-12 10:33:00,3.5864,3.5997,3.5846,3.5965,201
2026-01-12 10:34:00,3.5997,3.6,3.595,3.6,260
2026-01-12 10:35:00,3.595,3.6064,3.595,3.595,542
2026-01-12 10:36:00,3.595,3.63,3.59,3.605,917
2026-01-12 10:37:00,3.605,3.61,3.6,3.61,43
2026-01-12 10:38:00,3.605,3.61,3.5814,3.5814,1138
2026-01-12 10:39:00,3.58,3.61,3.575,3.605,580
2026-01-12 10:40:00,3.6001,3.61,3.6,3.61,39
2026-01-12 10:41:00,3.6,3.605,3.5946,3.595,222
2026-01-12 10:42:00,3.59,3.6,3.585,3.595,165
2026-01-12 10:43:00,3.595,3.6,3.5901,3.595,396
2026-01-12 10:44:00,3.6,3.6,3.5801,3.595,506
2026-01-12 10:45:00,3.595,3.61,3.595,3.61,384
2026-01-12 10:46:00,3.61,3.61,3.6,3.6,125
2026-01-12 10:47:00,3.6086,3.6099,3.595,3.605,293
2026-01-12 10:48:00,3.605,3.6099,3.6,3.6,33
2026-01-12 10:49:00,3.6075,3.6099,3.6,3.6,36
2026-01-12 10:50:00,3.605,3.61,3.6,3.6003,296
2026-01-12 10:51:00,3.6,3.6099,3.585,3.595,348
2026-01-12 10:52:00,3.595,3.61,3.5901,3.605,507
2026-01-12 10:53:00,3.605,3.61,3.605,3.605,55
2026-01-12 10:54:00,3.6099,3.61,3.6025,3.6025,89
2026-01-12 10:55:00,3.605,3.61,3.6,3.605,114
2026-01-12 10:56:00,3.605,3.61,3.6,3.61,125
2026-01-12 10:57:00,3.605,3.61,3.595,3.605,674
2026-01-12 10:58:00,3.605,3.6099,3.604,3.605,143
2026-01-12 10:59:00,3.605,3.61,3.6,3.605,193
2026-01-12 11:00:00,3.605,3.61,3.6041,3.605,67
2026-01-12 11:01:00,3.6099,3.6099,3.6,3.605,80
2026-01-12 11:02:00,3.605,3.62,3.6,3.615,585
2026-01-12 11:03:00,3.6167,3.6167,3.6102,3.615,19
2026-01-12 11:04:00,3.6165,3.62,3.61,3.615,86
2026-01-12 11:05:00,3.6193,3.6193,3.61,3.615,49
2026-01-12 11:06:00,3.615,3.6199,3.605,3.605,150
2026-01-12 11:07:00,3.605,3.61,3.6,3.6064,102
2026-01-12 11:08:00,3.605,3.605,3.6,3.6044,45
2026-01-12 11:09:00,3.605,3.615,3.6,3.615,274
2026-01-12 11:10:00,3.615,3.62,3.615,3.615,88
2026-01-12 11:11:00,3.6156,3.6199,3.611,3.615,128
2026-01-12 11:12:00,3.615,3.6299,3.615,3.615,350
2026-01-12 11:13:00,3.62,3.63,3.62,3.625,113
2026-01-12 11:14:00,3.625,3.6299,3.6218,3.625,54
2026-01-12 11:15:00,3.6299,3.63,3.62,3.625,90
2026-01-12 11:16:00,3.6297,3.63,3.6234,3.625,61
2026-01-12 11:17:00,3.625,3.64,3.6214,3.635,346
2026-01-12 11:18:00,3.635,3.6399,3.625,3.625,102
2026-01-12 11:19:00,3.625,3.63,3.6232,3.625,279
2026-01-12 11:20:00,3.625,3.63,3.615,3.615,177
2026-01-12 11:21:00,3.615,3.615,3.61,3.61,82
2026-01-12 11:22:00,3.61,3.62,3.61,3.615,178
2026-01-12 11:23:00,3.615,3.62,3.6114,3.62,56
2026-01-12 11:24:00,3.62,3.6299,3.6101,3.625,349
2026-01-12 11:25:00,3.625,3.64,3.6245,3.635,284
2026-01-12 11:26:00,3.64,3.66,3.635,3.645,438
2026-01-12 11:27:00,3.645,3.65,3.64,3.6434,166
2026-01-12 11:28:00,3.645,3.65,3.6446,3.645,108
2026-01-12 11:29:00,3.6466,3.6466,3.635,3.635,199
2026-01-12 11:30:00,3.635,3.635,3.62,3.625,164
2026-01-12 11:31:00,3.629,3.63,3.61,3.615,273
2026-01-12 11:32:00,3.615,3.62,3.6146,3.615,95
2026-01-12 11:33:00,3.615,3.6189,3.6103,3.615,129
2026-01-12 11:34:00,3.615,3.62,3.61,3.615,116
2026-01-12 11:35:00,3.6178,3.6196,3.61,3.6196,102
2026-01-12 11:36:00,3.615,3.62,3.61,3.62,209
2026-01-12 11:37:00,3.62,3.62,3.615,3.615,76
2026-01-12 11:38:00,3.6199,3.63,3.615,3.625,173
2026-01-12 11:39:00,3.625,3.625,3.625,3.625,111
2026-01-12 11:40:00,3.625,3.63,3.615,3.615,377
2026-01-12 11:41:00,3.615,3.62,3.6101,3.615,270
2026-01-12 11:42:00,3.615,3.62,3.61,3.6186,84
2026-01-12 11:43:00,3.615,3.62,3.61,3.615,146
2026-01-12 11:44:00,3.6114,3.615,3.61,3.61,82
2026-01-12 11:45:00,3.615,3.62,3.61,3.615,295
2026-01-12 11:46:00,3.62,3.63,3.615,3.6264,631
2026-01-12 11:47:00,3.6202,3.63,3.62,3.6256,82
2026-01-12 11:48:00,3.625,3.625,3.61,3.615,241
2026-01-12 11:49:00,3.612,3.62,3.61,3.615,36
2026-01-12 11:50:00,3.615,3.62,3.6104,3.615,62
2026-01-12 11:51:00,3.62,3.62,3.61,3.615,67
2026-01-12 11:52:00,3.615,3.62,3.615,3.615,43
2026-01-12 11:53:00,3.615,3.615,3.61,3.615,35
2026-01-12 11:54:00,3.615,3.615,3.61,3.615,78
2026-01-12 11:55:00,3.615,3.62,3.61,3.615,233
2026-01-12 11:56:00,3.6102,3.615,3.6,3.6,1212
2026-01-12 11:57:00,3.6,3.605,3.59,3.5926,1117
2026-01-12 11:58:00,3.5931,3.5952,3.58,3.58,559
2026-01-12 11:59:00,3.5848,3.6,3.575,3.6,1669
2026-01-12 12:00:00,3.595,3.61,3.595,3.605,176
2026-01-12 12:01:00,3.6001,3.61,3.6,3.6,97
2026-01-12 12:02:00,3.6099,3.61,3.6014,3.61,19
2026-01-12 12:03:00,3.605,3.61,3.605,3.61,18
2026-01-12 12:04:00,3.605,3.6086,3.6,3.6067,183
2026-01-12 12:05:00,3.6,3.6064,3.6,3.6064,12
2026-01-12 12:06:00,3.605,3.61,3.6,3.605,176
2026-01-12 12:07:00,3.6001,3.6095,3.6,3.6095,161
2026-01-12 12:08:00,3.6,3.61,3.6,3.605,60
2026-01-12 12:09:00,3.6054,3.61,3.6,3.6,124
2026-01-12 12:10:00,3.6051,3.6063,3.6,3.6013,53
2026-01-12 12:11:00,3.6099,3.6099,3.6,3.6045,89
2026-01-12 12:12:00,3.61,3.61,3.59,3.595,599
2026-01-12 12:13:00,3.595,3.6,3.595,3.595,382
2026-01-12 12:14:00,3.595,3.6099,3.595,3.605,387
2026-01-12 12:15:00,3.605,3.61,3.605,3.605,30
2026-01-12 12:16:00,3.605,3.6098,3.6032,3.608,95
2026-01-12 12:17:00,3.6068,3.61,3.6,3.605,153
2026-01-12 12:18:00,3.605,3.6095,3.6,3.605,113
2026-01-12 12:19:00,3.6001,3.61,3.6,3.605,123
2026-01-12 12:20:00,3.6059,3.6099,3.6,3.6,93
2026-01-12 12:21:00,3.61,3.61,3.6,3.605,25
2026-01-12 12:22:00,3.605,3.6099,3.6,3.605,58
2026-01-12 12:23:00,3.605,3.61,3.6,3.6046,82
2026-01-12 12:24:00,3.6,3.61,3.6,3.605,216
2026-01-12 12:25:00,3.605,3.605,3.6,3.605,15
2026-01-12 12:26:00,3.6,3.6099,3.6,3.6,97
2026-01-12 12:27:00,3.6091,3.6099,3.6,3.6055,139
2026-01-12 12:28:00,3.605,3.6499,3.6,3.6499,479
2026-01-12 12:29:00,3.64,3.645,3.6232,3.6295,70
2026-01-12 12:30:00,3.63,3.63,3.62,3.62,141
2026-01-12 12:31:00,3.625,3.6265,3.62,3.625,44
2026-01-12 12:32:00,3.625,3.63,3.6232,3.625,39
2026-01-12 12:33:00,3.62,3.62,3.61,3.615,117
2026-01-12 12:34:00,3.62,3.62,3.6025,3.605,86
2026-01-12 12:35:00,3.605,3.615,3.6046,3.615,117
2026-01-12 12:36:00,3.6199,3.62,3.615,3.62,159
2026-01-12 12:37:00,3.6255,3.63,3.625,3.625,396
2026-01-12 12:38:00,3.625,3.625,3.6101,3.6159,107
2026-01-12 12:39:00,3.6199,3.62,3.615,3.615,85
2026-01-12 12:40:00,3.615,3.62,3.615,3.615,111
2026-01-12 12:41:00,3.615,3.62,3.6101,3.615,18
2026-01-12 12:42:00,3.6146,3.615,3.61,3.61,57
2026-01-12 12:43:00,3.61,3.62,3.61,3.6199,114
2026-01-12 12:44:00,3.615,3.62,3.615,3.615,71
2026-01-12 12:45:00,3.615,3.6193,3.6101,3.615,52
2026-01-12 12:46:00,3.6101,3.615,3.61,3.615,46
2026-01-12 12:47:00,3.615,3.62,3.615,3.615,44
2026-01-12 12:48:00,3.615,3.615,3.6134,3.615,110
2026-01-12 12:49:00,3.615,3.6186,3.61,3.615,40
2026-01-12 12:50:00,3.6101,3.6199,3.61,3.6199,122
2026-01-12 12:51:00,3.615,3.6159,3.61,3.615,181
2026-01-12 12:52:00,3.615,3.615,3.61,3.615,16
2026-01-12 12:53:00,3.6194,3.62,3.61,3.615,100
2026-01-12 12:54:00,3.615,3.635,3.61,3.635,480
2026-01-12 12:55:00,3.635,3.64,3.635,3.64,34
2026-01-12 12:56:00,3.6386,3.64,3.635,3.635,45
2026-01-12 12:57:00,3.635,3.64,3.635,3.635,93
2026-01-12 12:58:00,3.635,3.64,3.635,3.635,104
2026-01-12 12:59:00,3.635,3.64,3.635,3.64,18
2026-01-12 13:00:00,3.635,3.6396,3.635,3.635,77
2026-01-12 13:01:00,3.635,3.64,3.63,3.63,56
2026-01-12 13:02:00,3.635,3.64,3.63,3.635,20
2026-01-12 13:03:00,3.63,3.6355,3.615,3.615,259
2026-01-12 13:04:00,3.615,3.62,3.615,3.615,107
2026-01-12 13:05:00,3.615,3.6193,3.61,3.6159,109
2026-01-12 13:06:00,3.62,3.62,3.6101,3.615,332
2026-01-12 13:07:00,3.615,3.615,3.605,3.605,157
2026-01-12 13:08:00,3.605,3.61,3.6001,3.61,82
2026-01-12 13:09:00,3.61,3.61,3.605,3.605,25
2026-01-12 13:10:00,3.605,3.61,3.605,3.605,16
2026-01-12 13:11:00,3.6086,3.61,3.605,3.61,58
2026-01-12 13:12:00,3.6,3.61,3.6,3.605,98
2026-01-12 13:13:00,3.605,3.6154,3.605,3.6154,165
2026-01-12 13:14:00,3.615,3.6154,3.615,3.615,13
2026-01-12 13:15:00,3.615,3.62,3.6114,3.615,39
2026-01-12 13:16:00,3.615,3.62,3.615,3.615,70
2026-01-12 13:17:00,3.615,3.62,3.61,3.6101,54
2026-01-12 13:18:00,3.62,3.63,3.615,3.625,124
2026-01-12 13:19:00,3.625,3.63,3.6246,3.6246,23
2026-01-12 13:20:00,3.625,3.635,3.62,3.635,111
2026-01-12 13:21:00,3.635,3.64,3.6301,3.635,122
2026-01-12 13:22:00,3.6364,3.64,3.635,3.635,26
2026-01-12 13:23:00,3.64,3.64,3.6348,3.635,23
2026-01-12 13:24:00,3.635,3.655,3.635,3.655,324
2026-01-12 13:25:00,3.66,3.66,3.65,3.655,111
2026-01-12 13:26:00,3.655,3.655,3.655,3.655,11
2026-01-12 13:27:00,3.655,3.66,3.655,3.66,83
2026-01-12 13:28:00,3.6599,3.66,3.655,3.655,24
2026-01-12 13:29:00,3.655,3.66,3.6514,3.66,47
2026-01-12 13:30:00,3.655,3.66,3.6525,3.655,54
2026-01-12 13:31:00,3.655,3.66,3.65,3.655,68
2026-01-12 13:32:00,3.66,3.66,3.645,3.645,268
2026-01-12 13:33:00,3.65,3.65,3.64,3.645,46
2026-01-12 13:34:00,3.6401,3.645,3.6301,3.635,144
2026-01-12 13:35:00,3.635,3.6497,3.635,3.645,143
2026-01-12 13:36:00,3.6499,3.6565,3.6499,3.655,41
2026-01-12 13:37:00,3.655,3.6598,3.6501,3.655,36
2026-01-12 13:38:00,3.655,3.6598,3.65,3.6501,122
2026-01-12 13:39:00,3.6514,3.6699,3.65,3.665,137
2026-01-12 13:40:00,3.665,3.67,3.665,3.665,141
2026-01-12 13:41:00,3.67,3.67,3.665,3.665,37
2026-01-12 13:42:00,3.665,3.67,3.665,3.665,26
2026-01-12 13:43:00,3.665,3.67,3.655,3.655,144
2026-01-12 13:44:00,3.659,3.659,3.655,3.655,47
2026-01-12 13:45:00,3.655,3.66,3.645,3.645,147
2026-01-12 13:46:00,3.645,3.66,3.645,3.655,140
2026-01-12 13:47:00,3.655,3.6699,3.65,3.655,231
2026-01-12 13:48:00,3.651,3.655,3.644,3.645,68
2026-01-12 13:49:00,3.645,3.645,3.64,3.645,15
2026-01-12 13:50:00,3.645,3.65,3.64,3.65,135
2026-01-12 13:51:00,3.6486,3.65,3.645,3.645,32
2026-01-12 13:52:00,3.645,3.65,3.6446,3.645,29
2026-01-12 13:53:00,3.645,3.655,3.645,3.655,110
2026-01-12 13:54:00,3.6501,3.66,3.6501,3.655,43
2026-01-12 13:55:00,3.655,3.68,3.655,3.675,453
2026-01-12 13:56:00,3.675,3.675,3.67,3.675,103
2026-01-12 13:57:00,3.675,3.6766,3.6601,3.665,290
2026-01-12 13:58:00,3.665,3.6656,3.6525,3.655,101
2026-01-12 13:59:00,3.6599,3.66,3.6525,3.655,56
2026-01-12 14:00:00,3.655,3.66,3.65,3.655,103
2026-01-12 14:01:00,3.655,3.6565,3.645,3.645,324
2026-01-12 14:02:00,3.65,3.6596,3.645,3.655,142
2026-01-12 14:03:00,3.6597,3.6598,3.65,3.6598,106
2026-01-12 14:04:00,3.65,3.66,3.6234,3.635,231
2026-01-12 14:05:00,3.635,3.635,3.625,3.625,1101
2026-01-12 14:06:00,3.625,3.63,3.61,3.6264,276
2026-01-12 14:07:00,3.625,3.63,3.625,3.625,33
2026-01-12 14:08:00,3.625,3.63,3.625,3.625,1040
2026-01-12 14:09:00,3.625,3.63,3.625,3.625,38
2026-01-12 14:10:00,3.625,3.63,3.625,3.6255,55
2026-01-12 14:11:00,3.625,3.63,3.6224,3.63,67
2026-01-12 14:12:00,3.625,3.63,3.625,3.625,51
2026-01-12 14:13:00,3.625,3.655,3.6201,3.655,404
2026-01-12 14:14:00,3.655,3.655,3.64,3.645,175
2026-01-12 14:15:00,3.6414,3.65,3.6414,3.645,14
2026-01-12 14:16:00,3.645,3.6499,3.645,3.645,23
2026-01-12 14:17:00,3.65,3.65,3.6425,3.645,24
2026-01-12 14:18:00,3.645,3.655,3.6403,3.65,250
2026-01-12 14:19:00,3.645,3.65,3.6401,3.65,176
2026-01-12 14:20:00,3.645,3.65,3.6401,3.645,260
2026-01-12 14:21:00,3.64,3.645,3.63,3.635,137
2026-01-12 14:22:00,3.6325,3.64,3.6325,3.635,340
2026-01-12 14:23:00,3.64,3.64,3.6325,3.635,24
2026-01-12 14:24:00,3.635,3.64,3.63,3.63,149
2026-01-12 14:25:00,3.635,3.635,3.615,3.6155,276
2026-01-12 14:26:00,3.61,3.62,3.61,3.61,40
2026-01-12 14:27:00,3.61,3.615,3.61,3.615,19
2026-01-12 14:28:00,3.61,3.6173,3.6,3.6048,2931
2026-01-12 14:29:00,3.605,3.6299,3.6,3.6299,297
2026-01-12 14:30:00,3.625,3.625,3.625,3.625,14
2026-01-12 14:31:00,3.625,3.64,3.62,3.63,291
2026-01-12 14:32:00,3.635,3.66,3.635,3.655,537
2026-01-12 14:33:00,3.655,3.67,3.655,3.655,494
2026-01-12 14:34:00,3.6501,3.6555,3.645,3.645,68
2026-01-12 14:35:00,3.6429,3.6564,3.6414,3.6564,161
2026-01-12 14:36:00,3.655,3.655,3.645,3.645,45
2026-01-12 14:37:00,3.645,3.65,3.645,3.6499,75
2026-01-12 14:38:00,3.645,3.66,3.645,3.655,191
2026-01-12 14:39:00,3.655,3.655,3.645,3.645,102
2026-01-12 14:40:00,3.645,3.655,3.645,3.655,46
2026-01-12 14:41:00,3.655,3.66,3.6501,3.6566,16
2026-01-12 14:42:00,3.655,3.655,3.65,3.65,13
2026-01-12 14:43:00,3.655,3.655,3.65,3.655,45
2026-01-12 14:44:00,3.65,3.6554,3.65,3.655,16
2026-01-12 14:45:00,3.6539,3.655,3.65,3.65,19
2026-01-12 14:46:00,3.655,3.655,3.65,3.65,63
2026-01-12 14:47:00,3.655,3.6595,3.65,3.65,25
2026-01-12 14:48:00,3.65,3.655,3.65,3.655,40
2026-01-12 14:49:00,3.65,3.66,3.65,3.655,35
2026-01-12 14:50:00,3.65,3.66,3.65,3.655,452
2026-01-12 14:51:00,3.655,3.6599,3.655,3.655,26
2026-01-12 14:52:00,3.65,3.655,3.65,3.6535,17
2026-01-12 14:53:00,3.655,3.6599,3.65,3.655,68
2026-01-12 14:54:00,3.655,3.655,3.65,3.655,21
2026-01-12 14:55:00,3.655,3.66,3.65,3.655,35
2026-01-12 14:56:00,3.655,3.659,3.65,3.657,33
2026-01-12 14:57:00,3.655,3.66,3.65,3.655,30
2026-01-12 14:58:00,3.655,3.66,3.65,3.6596,67
2026-01-12 14:59:00,3.655,3.655,3.65,3.65,50
2026-01-12 15:00:00,3.655,3.66,3.65,3.655,48
2026-01-12 15:01:00,3.65,3.6599,3.65,3.65,65
2026-01-12 15:02:00,3.655,3.66,3.65,3.6507,472
2026-01-12 15:03:00,3.655,3.655,3.63,3.6368,583
2026-01-12 15:04:00,3.64,3.64,3.63,3.635,281
2026-01-12 15:05:00,3.635,3.65,3.635,3.645,367
2026-01-12 15:06:00,3.645,3.645,3.6201,3.625,342
2026-01-12 15:07:00,3.63,3.63,3.62,3.62,55
2026-01-12 15:08:00,3.625,3.6264,3.62,3.62,29
2026-01-12 15:09:00,3.62,3.6296,3.62,3.62,48
2026-01-12 15:10:00,3.6201,3.6298,3.62,3.625,137
2026-01-12 15:11:00,3.625,3.63,3.62,3.6287,342
2026-01-12 15:12:00,3.625,3.6299,3.62,3.625,96
2026-01-12 15:13:00,3.625,3.63,3.62,3.625,15
2026-01-12 15:14:00,3.62,3.6251,3.62,3.625,133
2026-01-12 15:15:00,3.62,3.64,3.62,3.635,734
2026-01-12 15:16:00,3.635,3.64,3.63,3.635,29
2026-01-12 15:17:00,3.635,3.64,3.635,3.635,35
2026-01-12 15:18:00,3.6346,3.635,3.6346,3.635,24
2026-01-12 15:19:00,3.635,3.64,3.635,3.64,62
2026-01-12 15:20:00,3.635,3.635,3.625,3.625,49
2026-01-12 15:21:00,3.625,3.63,3.62,3.625,144
2026-01-12 15:22:00,3.625,3.635,3.6225,3.635,163
2026-01-12 15:23:00,3.635,3.64,3.63,3.635,26
2026-01-12 15:24:00,3.635,3.635,3.625,3.628,429
2026-01-12 15:25:00,3.625,3.6289,3.62,3.62,35
2026-01-12 15:26:00,3.625,3.6299,3.615,3.615,173
2026-01-12 15:27:00,3.615,3.62,3.615,3.62,68
2026-01-12 15:28:00,3.615,3.615,3.61,3.61,37
2026-01-12 15:29:00,3.61,3.615,3.605,3.605,139
2026-01-12 15:30:00,3.605,3.61,3.6,3.6,1106
2026-01-12 15:31:00,3.6,3.605,3.55,3.555,1992
2026-01-12 15:32:00,3.555,3.568,3.5,3.52,2772
2026-01-12 15:33:00,3.5265,3.54,3.51,3.54,1520
2026-01-12 15:34:00,3.535,3.54,3.5301,3.5399,483
2026-01-12 15:35:00,3.5366,3.54,3.525,3.5332,298
2026-01-12 15:36:00,3.535,3.535,3.51,3.515,516
2026-01-12 15:37:00,3.515,3.52,3.5,3.515,793
2026-01-12 15:38:00,3.5159,3.525,3.5001,3.525,693
2026-01-12 15:39:00,3.5203,3.53,3.52,3.5246,376
2026-01-12 15:40:00,3.525,3.53,3.5201,3.525,86
2026-01-12 15:41:00,3.525,3.525,3.5101,3.5131,216
2026-01-12 15:42:00,3.515,3.5199,3.5001,3.505,387
2026-01-12 15:43:00,3.505,3.51,3.5,3.505,581
2026-01-12 15:44:00,3.505,3.52,3.5032,3.5195,426
2026-01-12 15:45:00,3.5165,3.525,3.515,3.525,578
2026-01-12 15:46:00,3.525,3.54,3.5232,3.535,773
2026-01-12 15:47:00,3.535,3.54,3.53,3.532,221
2026-01-12 15:48:00,3.535,3.54,3.525,3.525,475
2026-01-12 15:49:00,3.525,3.53,3.52,3.5299,336
2026-01-12 15:50:00,3.525,3.53,3.51,3.51,529
2026-01-12 15:51:00,3.515,3.52,3.49,3.495,3010
2026-01-12 15:52:00,3.495,3.5,3.49,3.49,803
2026-01-12 15:53:00,3.4901,3.52,3.49,3.515,1275
2026-01-12 15:54:00,3.515,3.52,3.5,3.505,230
2026-01-12 15:55:00,3.505,3.51,3.5,3.505,239
2026-01-12 15:56:00,3.505,3.51,3.5,3.505,522
2026-01-12 15:57:00,3.5001,3.51,3.5,3.505,680
2026-01-12 15:58:00,3.505,3.51,3.49,3.498,1972
2026-01-12 15:59:00,3.495,3.51,3.49,3.505,1300
2026-01-13 09:30:00,3.5,3.5,3.34,3.4497,2432
2026-01-13 09:31:00,3.445,3.47,3.39,3.39,266
2026-01-13 09:32:00,3.4,3.4299,3.385,3.408,338
2026-01-13 09:33:00,3.405,3.4099,3.395,3.405,256
2026-01-13 09:34:00,3.4005,3.42,3.4005,3.415,442
2026-01-13 09:35:00,3.415,3.415,3.34,3.36,1755
2026-01-13 09:36:00,3.3557,3.37,3.34,3.365,1431
2026-01-13 09:37:00,3.365,3.43,3.365,3.42,947
2026-01-13 09:38:00,3.4114,3.42,3.38,3.395,2175
2026-01-13 09:39:00,3.395,3.3988,3.3502,3.385,526
2026-01-13 09:40:00,3.3801,3.42,3.37,3.4,1067
2026-01-13 09:41:00,3.4,3.4499,3.4,3.43,287
2026-01-13 09:42:00,3.44,3.45,3.4313,3.45,228
2026-01-13 09:43:00,3.45,3.45,3.43,3.435,228
2026-01-13 09:44:00,3.435,3.4366,3.43,3.435,104
2026-01-13 09:45:00,3.435,3.465,3.43,3.435,1771
2026-01-13 09:46:00,3.435,3.4399,3.43,3.4335,59
2026-01-13 09:47:00,3.43,3.44,3.43,3.43,128
2026-01-13 09:48:00,3.4399,3.4401,3.41,3.41,169
2026-01-13 09:49:00,3.41,3.42,3.39,3.42,317
2026-01-13 09:50:00,3.42,3.43,3.41,3.425,49
2026-01-13 09:51:00,3.42,3.42,3.405,3.405,88
2026-01-13 09:52:00,3.405,3.41,3.4,3.4018,132
2026-01-13 09:53:00,3.405,3.42,3.4,3.42,234
2026-01-13 09:54:00,3.4214,3.4214,3.4,3.4,130
2026-01-13 09:55:00,3.4,3.4314,3.4,3.425,377
2026-01-13 09:56:00,3.4224,3.425,3.42,3.425,66
2026-01-13 09:57:00,3.425,3.43,3.42,3.425,171
2026-01-13 09:58:00,3.425,3.435,3.425,3.435,177
2026-01-13 09:59:00,3.4314,3.435,3.42,3.42,82
2026-01-13 10:00:00,3.42,3.425,3.4,3.41,705
2026-01-13 10:01:00,3.41,3.435,3.41,3.435,153
2026-01-13 10:02:00,3.43,3.43,3.405,3.425,186
2026-01-13 10:03:00,3.425,3.435,3.39,3.4,2612
2026-01-13 10:04:00,3.4,3.425,3.4,3.415,174
2026-01-13 10:05:00,3.415,3.425,3.41,3.42,182
2026-01-13 10:06:00,3.42,3.42,3.4,3.4,115
2026-01-13 10:07:00,3.405,3.405,3.39,3.395,137
2026-01-13 10:08:00,3.395,3.3999,3.39,3.3999,41
2026-01-13 10:09:00,3.395,3.3986,3.375,3.375,637
2026-01-13 10:10:00,3.3786,3.3786,3.33,3.335,740
2026-01-13 10:11:00,3.33,3.34,3.32,3.325,610
2026-01-13 10:12:00,3.325,3.335,3.29,3.325,2363
2026-01-13 10:13:00,3.325,3.33,3.3,3.305,326
2026-01-13 10:14:00,3.31,3.32,3.31,3.3154,77
2026-01-13 10:15:00,3.31,3.3284,3.3,3.32,557
2026-01-13 10:16:00,3.3202,3.3299,3.31,3.31,211
2026-01-13 10:17:00,3.3101,3.3199,3.3,3.3001,375
2026-01-13 10:18:00,3.3001,3.325,3.3,3.3,808
2026-01-13 10:19:00,3.3,3.3286,3.3,3.325,1238
2026-01-13 10:20:00,3.325,3.33,3.32,3.32,184
2026-01-13 10:21:00,3.32,3.325,3.3046,3.305,237
2026-01-13 10:22:00,3.31,3.315,3.3,3.315,507
2026-01-13 10:23:00,3.315,3.32,3.31,3.31,192
2026-01-13 10:24:00,3.315,3.32,3.31,3.3113,305
2026-01-13 10:25:00,3.31,3.315,3.3,3.305,297
2026-01-13 10:26:00,3.305,3.31,3.28,3.2887,784
2026-01-13 10:27:00,3.285,3.29,3.275,3.285,1080
2026-01-13 10:28:00,3.28,3.2999,3.28,3.294,238
2026-01-13 10:29:00,3.29,3.29,3.24,3.265,2599
2026-01-13 10:30:00,3.26,3.27,3.24,3.265,933
2026-01-13 10:31:00,3.265,3.2672,3.22,3.255,1850
2026-01-13 10:32:00,3.2555,3.275,3.2545,3.265,351
2026-01-13 10:33:00,3.265,3.27,3.26,3.265,294
2026-01-13 10:34:00,3.27,3.27,3.26,3.2699,86
2026-01-13 10:35:00,3.26,3.2897,3.26,3.2897,342
2026-01-13 10:36:00,3.285,3.29,3.28,3.285,35
2026-01-13 10:37:00,3.2885,3.295,3.28,3.29,124
2026-01-13 10:38:00,3.2886,3.2886,3.23,3.25,2247
2026-01-13 10:39:00,3.2514,3.275,3.25,3.27,285
2026-01-13 10:40:00,3.265,3.28,3.26,3.265,129
2026-01-13 10:41:00,3.265,3.28,3.26,3.275,120
2026-01-13 10:42:00,3.275,3.28,3.27,3.2784,76
2026-01-13 10:43:00,3.28,3.28,3.26,3.275,256
2026-01-13 10:44:00,3.28,3.29,3.265,3.265,321
2026-01-13 10:45:00,3.2684,3.27,3.26,3.265,171
2026-01-13 10:46:00,3.265,3.2693,3.26,3.26,77
2026-01-13 10:47:00,3.26,3.2682,3.24,3.24,282
2026-01-13 10:48:00,3.24,3.25,3.24,3.245,179
2026-01-13 10:49:00,3.2486,3.25,3.23,3.23,765
2026-01-13 10:50:00,3.2399,3.2399,3.23,3.235,75
2026-01-13 10:51:00,3.2316,3.24,3.23,3.23,162
2026-01-13 10:52:00,3.235,3.2399,3.23,3.2301,297
2026-01-13 10:53:00,3.235,3.24,3.215,3.22,914
2026-01-13 10:54:00,3.225,3.23,3.22,3.2202,305
2026-01-13 10:55:00,3.22,3.2255,3.21,3.215,395
2026-01-13 10:56:00,3.22,3.2263,3.21,3.22,295
2026-01-13 10:57:00,3.225,3.24,3.22,3.2346,375
2026-01-13 10:58:00,3.23,3.26,3.23,3.255,677
2026-01-13 10:59:00,3.255,3.26,3.25,3.2589,167
2026-01-13 11:00:00,3.255,3.26,3.25,3.255,137
2026-01-13 11:01:00,3.25,3.26,3.245,3.2501,253
2026-01-13 11:02:00,3.25,3.2599,3.25,3.25,126
2026-01-13 11:03:00,3.25,3.2599,3.25,3.25,207
2026-01-13 11:04:00,3.2513,3.258,3.25,3.255,234
2026-01-13 11:05:00,3.255,3.27,3.25,3.2684,255
2026-01-13 11:06:00,3.265,3.265,3.2527,3.2546,223
2026-01-13 11:07:00,3.255,3.26,3.25,3.25,236
2026-01-13 11:08:00,3.25,3.27,3.25,3.265,279
2026-01-13 11:09:00,3.265,3.27,3.26,3.2601,239
2026-01-13 11:10:00,3.26,3.2699,3.24,3.255,429
2026-01-13 11:11:00,3.255,3.2587,3.25,3.255,53
2026-01-13 11:12:00,3.259,3.27,3.25,3.26,90
2026-01-13 11:13:00,3.265,3.27,3.26,3.27,136
2026-01-13 11:14:00,3.265,3.27,3.26,3.26,58
2026-01-13 11:15:00,3.2699,3.275,3.26,3.265,279
2026-01-13 11:16:00,3.27,3.27,3.255,3.26,159
2026-01-13 11:17:00,3.255,3.255,3.25,3.25,15
2026-01-13 11:18:00,3.25,3.2599,3.245,3.25,230
2026-01-13 11:19:00,3.2511,3.2575,3.25,3.25,71
2026-01-13 11:20:00,3.255,3.255,3.245,3.25,208
2026-01-13 11:21:00,3.2501,3.2558,3.25,3.25,55
2026-01-13 11:22:00,3.25,3.26,3.25,3.255,40
2026-01-13 11:23:00,3.25,3.265,3.25,3.265,164
2026-01-13 11:24:00,3.265,3.27,3.26,3.265,57
2026-01-13 11:25:00,3.26,3.265,3.255,3.255,110
2026-01-13 11:26:00,3.255,3.26,3.25,3.26,114
2026-01-13 11:27:00,3.25,3.265,3.25,3.26,110
2026-01-13 11:28:00,3.26,3.27,3.26,3.265,25
2026-01-13 11:29:00,3.265,3.27,3.26,3.26,126
2026-01-13 11:30:00,3.26,3.27,3.26,3.27,53
2026-01-13 11:31:00,3.265,3.265,3.26,3.26,30
2026-01-13 11:32:00,3.26,3.27,3.25,3.255,95
2026-01-13 11:33:00,3.25,3.2692,3.25,3.26,206
2026-01-13 11:34:00,3.26,3.26,3.25,3.2594,84
2026-01-13 11:35:00,3.255,3.26,3.255,3.26,47
2026-01-13 11:36:00,3.26,3.26,3.25,3.25,19
2026-01-13 11:37:00,3.2568,3.26,3.25,3.25,85
2026-01-13 11:38:00,3.25,3.26,3.25,3.25,51
2026-01-13 11:39:00,3.255,3.2599,3.25,3.255,131
2026-01-13 11:40:00,3.26,3.26,3.25,3.255,16
2026-01-13 11:41:00,3.25,3.26,3.25,3.255,183
2026-01-13 11:42:00,3.25,3.265,3.25,3.26,245
2026-01-13 11:43:00,3.26,3.265,3.2546,3.255,148
2026-01-13 11:44:00,3.2582,3.2582,3.25,3.25,10
2026-01-13 11:45:00,3.25,3.255,3.25,3.25,12
2026-01-13 11:46:00,3.25,3.2598,3.25,3.255,67
2026-01-13 11:47:00,3.25,3.255,3.25,3.25,10
2026-01-13 11:48:00,3.255,3.26,3.25,3.26,154
2026-01-13 11:49:00,3.26,3.26,3.25,3.255,159
2026-01-13 11:50:00,3.26,3.26,3.25,3.2502,124
2026-01-13 11:51:00,3.25,3.26,3.24,3.255,1593
2026-01-13 11:52:00,3.255,3.255,3.25,3.25,26
2026-01-13 11:53:00,3.25,3.2583,3.25,3.2551,51
2026-01-13 11:54:00,3.255,3.26,3.25,3.251,71
2026-01-13 11:55:00,3.25,3.255,3.25,3.255,28
2026-01-13 11:56:00,3.251,3.2597,3.25,3.25,81
2026-01-13 11:57:00,3.251,3.2581,3.25,3.25,109
2026-01-13 11:58:00,3.2581,3.2581,3.245,3.25,246
2026-01-13 11:59:00,3.25,3.2587,3.25,3.25,48
2026-01-13 12:00:00,3.2538,3.255,3.25,3.25,38
2026-01-13 12:01:00,3.25,3.255,3.25,3.255,21
2026-01-13 12:02:00,3.255,3.2561,3.25,3.25,82
2026-01-13 12:03:00,3.255,3.26,3.25,3.2554,61
2026-01-13 12:04:00,3.2577,3.26,3.25,3.255,130
2026-01-13 12:05:00,3.25,3.255,3.25,3.25,28
2026-01-13 12:06:00,3.25,3.26,3.25,3.255,86
2026-01-13 12:07:00,3.2546,3.26,3.25,3.25,250
2026-01-13 12:08:00,3.26,3.275,3.25,3.275,278
2026-01-13 12:09:00,3.275,3.28,3.2745,3.2745,60
2026-01-13 12:10:00,3.27,3.28,3.27,3.27,51
2026-01-13 12:11:00,3.27,3.275,3.27,3.275,18
2026-01-13 12:12:00,3.27,3.2768,3.27,3.275,23
2026-01-13 12:13:00,3.2745,3.28,3.27,3.27,70
2026-01-13 12:14:00,3.27,3.275,3.27,3.27,12
2026-01-13 12:15:00,3.275,3.28,3.26,3.26,90
2026-01-13 12:16:00,3.26,3.27,3.26,3.26,52
2026-01-13 12:17:00,3.26,3.27,3.26,3.26,159
2026-01-13 12:18:00,3.265,3.27,3.26,3.265,250
2026-01-13 12:19:00,3.265,3.28,3.2641,3.275,109
2026-01-13 12:20:00,3.275,3.28,3.27,3.28,42
2026-01-13 12:21:00,3.275,3.28,3.27,3.275,40
2026-01-13 12:22:00,3.275,3.285,3.275,3.275,139
2026-01-13 12:23:00,3.275,3.285,3.275,3.28,51
2026-01-13 12:24:00,3.28,3.2865,3.275,3.275,70
2026-01-13 12:25:00,3.275,3.2799,3.27,3.275,15
2026-01-13 12:26:00,3.27,3.28,3.27,3.28,57
2026-01-13 12:27:00,3.275,3.2862,3.275,3.2862,116
2026-01-13 12:28:00,3.285,3.285,3.27,3.275,117
2026-01-13 12:29:00,3.275,3.28,3.2727,3.275,25
2026-01-13 12:30:00,3.275,3.28,3.275,3.275,85
2026-01-13 12:31:00,3.275,3.28,3.27,3.275,59
2026-01-13 12:32:00,3.2799,3.33,3.2799,3.33,1302
2026-01-13 12:33:00,3.325,3.365,3.3246,3.365,788
2026-01-13 12:34:00,3.36,3.3699,3.35,3.355,228
2026-01-13 12:35:00,3.355,3.36,3.345,3.345,201
2026-01-13 12:36:00,3.345,3.345,3.335,3.3397,149
2026-01-13 12:37:00,3.335,3.34,3.33,3.335,38
2026-01-13 12:38:00,3.335,3.345,3.335,3.345,103
2026-01-13 12:39:00,3.34,3.35,3.335,3.34,90
2026-01-13 12:40:00,3.345,3.345,3.34,3.345,11
2026-01-13 12:41:00,3.34,3.355,3.34,3.345,234
2026-01-13 12:42:00,3.34,3.345,3.34,3.34,19
2026-01-13 12:43:00,3.34,3.3499,3.34,3.3499,66
2026-01-13 12:44:00,3.34,3.345,3.34,3.34,33
2026-01-13 12:45:00,3.34,3.35,3.34,3.35,57
2026-01-13 12:46:00,3.35,3.35,3.34,3.345,110
2026-01-13 12:47:00,3.34,3.35,3.34,3.345,30
2026-01-13 12:48:00,3.345,3.35,3.34,3.34,24
2026-01-13 12:49:00,3.34,3.3499,3.34,3.345,33
2026-01-13 12:50:00,3.34,3.345,3.34,3.34,125
2026-01-13 12:51:00,3.34,3.34,3.33,3.335,72
2026-01-13 12:52:00,3.335,3.34,3.33,3.33,15
2026-01-13 12:53:00,3.33,3.34,3.32,3.33,217
2026-01-13 12:54:00,3.33,3.34,3.33,3.335,200
2026-01-13 12:55:00,3.34,3.34,3.33,3.335,80
2026-01-13 12:56:00,3.33,3.35,3.33,3.34,610
2026-01-13 12:57:00,3.34,3.35,3.34,3.35,22
2026-01-13 12:58:00,3.35,3.35,3.345,3.35,18
2026-01-13 12:59:00,3.349,3.35,3.345,3.345,21
2026-01-13 13:00:00,3.35,3.35,3.345,3.345,38
2026-01-13 13:01:00,3.345,3.35,3.345,3.345,42
2026-01-13 13:02:00,3.3401,3.35,3.34,3.345,38
2026-01-13 13:03:00,3.345,3.3498,3.34,3.34,24
2026-01-13 13:04:00,3.34,3.35,3.34,3.345,74
2026-01-13 13:05:00,3.34,3.345,3.34,3.345,41
2026-01-13 13:06:00,3.345,3.36,3.3417,3.355,164
2026-01-13 13:07:00,3.36,3.36,3.35,3.355,92
2026-01-13 13:08:00,3.355,3.36,3.345,3.345,131
2026-01-13 13:09:00,3.35,3.36,3.35,3.355,41
2026-01-13 13:10:00,3.355,3.355,3.35,3.355,15
2026-01-13 13:11:00,3.35,3.36,3.35,3.355,61
2026-01-13 13:12:00,3.355,3.36,3.355,3.36,37
2026-01-13 13:13:00,3.355,3.38,3.3513,3.375,347
2026-01-13 13:14:00,3.37,3.3899,3.37,3.385,244
2026-01-13 13:15:00,3.385,3.4,3.38,3.395,242
2026-01-13 13:16:00,3.395,3.4,3.39,3.395,315
2026-01-13 13:17:00,3.4,3.4,3.39,3.395,26
2026-01-13 13:18:00,3.395,3.405,3.39,3.395,279
2026-01-13 13:19:00,3.39,3.4,3.39,3.395,206
2026-01-13 13:20:00,3.395,3.4,3.385,3.385,160
2026-01-13 13:21:00,3.385,3.4,3.385,3.3915,194
2026-01-13 13:22:00,3.395,3.4054,3.395,3.4054,110
2026-01-13 13:23:00,3.4035,3.405,3.4,3.4,41
2026-01-13 13:24:00,3.4,3.4097,3.4,3.4,30
2026-01-13 13:25:00,3.4,3.41,3.4,3.4,66
2026-01-13 13:26:00,3.4,3.4099,3.4,3.405,42
2026-01-13 13:27:00,3.4,3.405,3.4,3.4,23
2026-01-13 13:28:00,3.405,3.4099,3.4,3.4,97
2026-01-13 13:29:00,3.405,3.4085,3.4,3.405,30
2026-01-13 13:30:00,3.405,3.405,3.39,3.3987,149
2026-01-13 13:31:00,3.39,3.4,3.39,3.39,143
2026-01-13 13:32:00,3.39,3.395,3.39,3.39,38
2026-01-13 13:33:00,3.3901,3.395,3.385,3.385,105
2026-01-13 13:34:00,3.385,3.39,3.38,3.38,246
2026-01-13 13:35:00,3.38,3.3859,3.38,3.385,74
2026-01-13 13:36:00,3.385,3.39,3.38,3.385,220
2026-01-13 13:37:00,3.385,3.397,3.385,3.3955,95
2026-01-13 13:38:00,3.39,3.395,3.39,3.395,165
2026-01-13 13:39:00,3.39,3.43,3.385,3.4055,544
2026-01-13 13:40:00,3.4,3.405,3.3901,3.395,172
2026-01-13 13:41:00,3.3965,3.41,3.39,3.405,231
2026-01-13 13:42:00,3.4,3.4052,3.4,3.405,39
2026-01-13 13:43:00,3.405,3.405,3.4,3.4,45
2026-01-13 13:44:00,3.4,3.4086,3.4,3.405,26
2026-01-13 13:45:00,3.405,3.43,3.4,3.43,174
2026-01-13 13:46:00,3.421,3.5,3.421,3.475,1250
2026-01-13 13:47:00,3.475,3.4784,3.455,3.455,192
2026-01-13 13:48:00,3.455,3.46,3.45,3.455,221
2026-01-13 13:49:00,3.45,3.455,3.445,3.45,146
2026-01-13 13:50:00,3.45,3.458,3.445,3.45,153
2026-01-13 13:51:00,3.45,3.455,3.45,3.45,45
2026-01-13 13:52:00,3.45,3.46,3.45,3.455,43
2026-01-13 13:53:00,3.455,3.465,3.455,3.46,61
2026-01-13 13:54:00,3.46,3.47,3.46,3.46,38
2026-01-13 13:55:00,3.46,3.47,3.45,3.455,55
2026-01-13 13:56:00,3.4532,3.455,3.45,3.455,37
2026-01-13 13:57:00,3.455,3.4557,3.45,3.45,15
2026-01-13 13:58:00,3.455,3.46,3.455,3.455,85
2026-01-13 13:59:00,3.4578,3.46,3.45,3.455,71
2026-01-13 14:00:00,3.46,3.47,3.46,3.46,97
2026-01-13 14:01:00,3.455,3.4554,3.44,3.4427,192
2026-01-13 14:02:00,3.44,3.445,3.435,3.435,147
2026-01-13 14:03:00,3.435,3.4399,3.425,3.425,63
2026-01-13 14:04:00,3.42,3.4299,3.42,3.42,379
2026-01-13 14:05:00,3.42,3.425,3.4001,3.425,491
2026-01-13 14:06:00,3.425,3.455,3.425,3.455,142
2026-01-13 14:07:00,3.455,3.455,3.445,3.445,47
2026-01-13 14:08:00,3.445,3.445,3.44,3.44,76
2026-01-13 14:09:00,3.445,3.445,3.435,3.435,34
2026-01-13 14:10:00,3.44,3.44,3.435,3.435,31
2026-01-13 14:11:00,3.435,3.4386,3.43,3.4386,84
2026-01-13 14:12:00,3.44,3.44,3.43,3.435,36
2026-01-13 14:13:00,3.44,3.44,3.435,3.435,24
2026-01-13 14:14:00,3.435,3.44,3.43,3.4399,23
2026-01-13 14:15:00,3.43,3.44,3.43,3.44,31
2026-01-13 14:16:00,3.44,3.44,3.435,3.435,25
2026-01-13 14:17:00,3.44,3.44,3.43,3.435,23
2026-01-13 14:18:00,3.435,3.44,3.43,3.43,22
2026-01-13 14:19:00,3.435,3.44,3.435,3.44,43
2026-01-13 14:20:00,3.435,3.45,3.435,3.45,81
2026-01-13 14:21:00,3.44,3.45,3.44,3.445,151
2026-01-13 14:22:00,3.44,3.445,3.43,3.435,81
2026-01-13 14:23:00,3.4335,3.435,3.43,3.43,75
2026-01-13 14:24:00,3.435,3.435,3.43,3.435,95
2026-01-13 14:25:00,3.43,3.435,3.43,3.43,31
2026-01-13 14:26:00,3.435,3.435,3.43,3.43,37
2026-01-13 14:27:00,3.435,3.435,3.43,3.435,49
2026-01-13 14:28:00,3.435,3.435,3.425,3.425,161
2026-01-13 14:29:00,3.43,3.435,3.43,3.435,43
2026-01-13 14:30:00,3.435,3.4353,3.43,3.435,16
2026-01-13 14:31:00,3.44,3.44,3.425,3.425,101
2026-01-13 14:32:00,3.4214,3.44,3.4214,3.435,59
2026-01-13 14:33:00,3.435,3.435,3.43,3.435,18
2026-01-13 14:34:00,3.435,3.435,3.43,3.43,23
2026-01-13 14:35:00,3.435,3.4389,3.43,3.43,12
2026-01-13 14:36:00,3.435,3.44,3.43,3.43,15
2026-01-13 14:37:00,3.435,3.44,3.43,3.435,18
2026-01-13 14:38:00,3.43,3.44,3.43,3.43,26
2026-01-13 14:39:00,3.43,3.44,3.43,3.435,21
2026-01-13 14:40:00,3.43,3.44,3.43,3.43,58
2026-01-13 14:41:00,3.43,3.435,3.43,3.43,29
2026-01-13 14:42:00,3.44,3.44,3.43,3.43,43
2026-01-13 14:43:00,3.44,3.44,3.43,3.43,35
2026-01-13 14:44:00,3.44,3.44,3.43,3.435,27
2026-01-13 14:45:00,3.43,3.4388,3.43,3.435,36
2026-01-13 14:46:00,3.435,3.435,3.43,3.435,58
2026-01-13 14:47:00,3.435,3.44,3.43,3.4381,192
2026-01-13 14:48:00,3.435,3.44,3.43,3.43,35
2026-01-13 14:49:00,3.43,3.44,3.43,3.44,20
2026-01-13 14:50:00,3.43,3.44,3.43,3.4387,20
2026-01-13 14:51:00,3.435,3.44,3.43,3.43,29
2026-01-13 14:52:00,3.435,3.435,3.43,3.43,29
2026-01-13 14:53:00,3.44,3.44,3.43,3.435,14
2026-01-13 14:54:00,3.43,3.44,3.43,3.43,103
2026-01-13 14:55:00,3.43,3.43,3.42,3.4214,78
2026-01-13 14:56:00,3.42,3.43,3.42,3.425,79
2026-01-13 14:57:00,3.425,3.45,3.42,3.45,353
2026-01-13 14:58:00,3.445,3.455,3.44,3.455,68
2026-01-13 14:59:00,3.455,3.46,3.45,3.46,110
2026-01-13 15:00:00,3.45,3.46,3.44,3.44,241
2026-01-13 15:01:00,3.44,3.44,3.43,3.43,101
2026-01-13 15:02:00,3.435,3.435,3.41,3.41,236
2026-01-13 15:03:00,3.415,3.42,3.41,3.42,155
2026-01-13 15:04:00,3.425,3.425,3.42,3.42,80
2026-01-13 15:05:00,3.42,3.4284,3.41,3.4206,144
2026-01-13 15:06:00,3.4214,3.425,3.42,3.42,25
2026-01-13 15:07:00,3.42,3.43,3.42,3.425,74
2026-01-13 15:08:00,3.425,3.435,3.425,3.43,96
2026-01-13 15:09:00,3.43,3.44,3.43,3.435,29
2026-01-13 15:10:00,3.435,3.445,3.435,3.435,109
2026-01-13 15:11:00,3.44,3.44,3.435,3.44,31
2026-01-13 15:12:00,3.44,3.445,3.44,3.44,230
2026-01-13 15:13:00,3.44,3.44,3.43,3.43,90
2026-01-13 15:14:00,3.43,3.45,3.43,3.445,360
2026-01-13 15:15:00,3.45,3.455,3.44,3.445,158
2026-01-13 15:16:00,3.445,3.455,3.44,3.445,143
2026-01-13 15:17:00,3.445,3.45,3.4447,3.445,47
2026-01-13 15:18:00,3.445,3.445,3.44,3.445,26
2026-01-13 15:19:00,3.445,3.45,3.44,3.445,50
2026-01-13 15:20:00,3.45,3.45,3.445,3.445,28
2026-01-13 15:21:00,3.445,3.445,3.44,3.445,235
2026-01-13 15:22:00,3.44,3.45,3.44,3.445,133
2026-01-13 15:23:00,3.445,3.45,3.44,3.44,100
2026-01-13 15:24:00,3.445,3.445,3.44,3.445,60
2026-01-13 15:25:00,3.44,3.445,3.44,3.44,37
2026-01-13 15:26:00,3.445,3.445,3.41,3.41,375
2026-01-13 15:27:00,3.415,3.4159,3.41,3.415,123
2026-01-13 15:28:00,3.41,3.411,3.4014,3.405,117
2026-01-13 15:29:00,3.41,3.41,3.39,3.39,342
2026-01-13 15:30:00,3.39,3.4,3.39,3.395,250
2026-01-13 15:31:00,3.39,3.405,3.39,3.395,288
2026-01-13 15:32:00,3.39,3.395,3.39,3.395,51
2026-01-13 15:33:00,3.39,3.395,3.39,3.39,42
2026-01-13 15:34:00,3.39,3.395,3.39,3.395,86
2026-01-13 15:35:00,3.39,3.4,3.385,3.4,525
2026-01-13 15:36:00,3.4,3.4,3.39,3.4,72
2026-01-13 15:37:00,3.4,3.4,3.391,3.4,66
2026-01-13 15:38:00,3.4,3.4,3.39,3.39,80
2026-01-13 15:39:00,3.39,3.405,3.39,3.405,137
2026-01-13 15:40:00,3.405,3.415,3.405,3.415,72
2026-01-13 15:41:00,3.415,3.42,3.405,3.405,272
2026-01-13 15:42:00,3.4093,3.4093,3.395,3.405,146
2026-01-13 15:43:00,3.4,3.41,3.4,3.41,187
2026-01-13 15:44:00,3.405,3.41,3.4,3.4,34
2026-01-13 15:45:00,3.4001,3.405,3.4,3.4,36
2026-01-13 15:46:00,3.4,3.405,3.39,3.39,160
2026-01-13 15:47:00,3.3998,3.3998,3.39,3.39,66
2026-01-13 15:48:00,3.395,3.395,3.39,3.39,76
2026-01-13 15:49:00,3.39,3.4,3.39,3.39,314
2026-01-13 15:50:00,3.395,3.4,3.39,3.3901,368
2026-01-13 15:51:00,3.39,3.395,3.38,3.38,375
2026-01-13 15:52:00,3.38,3.39,3.38,3.38,121
2026-01-13 15:53:00,3.38,3.39,3.375,3.38,385
2026-01-13 15:54:00,3.3802,3.39,3.38,3.385,188
2026-01-13 15:55:00,3.385,3.3888,3.355,3.36,583
2026-01-13 15:56:00,3.36,3.4054,3.36,3.4,1004
2026-01-13 15:57:00,3.395,3.42,3.395,3.4087,859
2026-01-13 15:58:00,3.405,3.41,3.395,3.405,682
2026-01-13 15:59:00,3.405,3.42,3.4,3.42,854
2026-01-14 09:30:00,3.32,3.4,3.32,3.36,4020
2026-01-14 09:31:00,3.3645,3.385,3.3513,3.385,276
2026-01-14 09:32:00,3.37,3.4,3.36,3.38,341
2026-01-14 09:33:00,3.36,3.46,3.36,3.4338,621
2026-01-14 09:34:00,3.4444,3.471,3.4444,3.46,91
2026-01-14 09:35:00,3.47,3.48,3.392,3.4,1435
2026-01-14 09:36:00,3.435,3.45,3.427,3.45,261
2026-01-14 09:37:00,3.45,3.46,3.435,3.445,291
2026-01-14 09:38:00,3.441,3.441,3.43,3.44,150
2026-01-14 09:39:00,3.445,3.47,3.445,3.45,220
2026-01-14 09:40:00,3.46,3.475,3.4519,3.475,391
2026-01-14 09:41:00,3.475,3.4875,3.4745,3.48,156
2026-01-14 09:42:00,3.48,3.485,3.4546,3.475,324
2026-01-14 09:43:00,3.475,3.475,3.46,3.465,219
2026-01-14 09:44:00,3.465,3.4699,3.46,3.46,79
2026-01-14 09:45:00,3.46,3.52,3.4407,3.47,1704
2026-01-14 09:46:00,3.475,3.505,3.4701,3.505,140
2026-01-14 09:47:00,3.51,3.5199,3.51,3.517,94
2026-01-14 09:48:00,3.52,3.53,3.515,3.52,159
2026-01-14 09:49:00,3.525,3.53,3.505,3.5144,250
2026-01-14 09:50:00,3.515,3.5187,3.4901,3.5,97
2026-01-14 09:51:00,3.5,3.52,3.495,3.515,205
2026-01-14 09:52:00,3.515,3.515,3.51,3.515,45
2026-01-14 09:53:00,3.515,3.52,3.51,3.515,77
2026-01-14 09:54:00,3.515,3.52,3.505,3.51,69
2026-01-14 09:55:00,3.5002,3.517,3.5002,3.51,152
2026-01-14 09:56:00,3.51,3.531,3.51,3.5299,245
2026-01-14 09:57:00,3.525,3.53,3.52,3.525,45
2026-01-14 09:58:00,3.52,3.52,3.515,3.52,48
2026-01-14 09:59:00,3.515,3.5294,3.5129,3.5294,163
2026-01-14 10:00:00,3.51,3.52,3.5,3.515,1338
2026-01-14 10:01:00,3.5145,3.5261,3.5,3.5261,197
2026-01-14 10:02:00,3.52,3.54,3.52,3.535,64
2026-01-14 10:03:00,3.535,3.58,3.535,3.5788,381
2026-01-14 10:04:00,3.575,3.59,3.575,3.5899,431
2026-01-14 10:05:00,3.585,3.595,3.57,3.5789,719
2026-01-14 10:06:00,3.575,3.58,3.54,3.545,594
2026-01-14 10:07:00,3.55,3.57,3.545,3.5683,301
2026-01-14 10:08:00,3.565,3.57,3.56,3.565,359
2026-01-14 10:09:00,3.565,3.5654,3.545,3.5585,158
2026-01-14 10:10:00,3.555,3.555,3.53,3.54,164
2026-01-14 10:11:00,3.5355,3.56,3.53,3.555,319
2026-01-14 10:12:00,3.55,3.56,3.55,3.5531,76
2026-01-14 10:13:00,3.555,3.56,3.545,3.5566,121
2026-01-14 10:14:00,3.555,3.5585,3.545,3.545,133
2026-01-14 10:15:00,3.5461,3.5461,3.545,3.545,18
2026-01-14 10:16:00,3.545,3.5473,3.5414,3.545,15
2026-01-14 10:17:00,3.54,3.55,3.54,3.5401,70
2026-01-14 10:18:00,3.545,3.57,3.545,3.565,132
2026-01-14 10:19:00,3.565,3.57,3.5548,3.57,117
2026-01-14 10:20:00,3.565,3.57,3.55,3.56,165
2026-01-14 10:21:00,3.555,3.56,3.55,3.555,123
2026-01-14 10:22:00,3.555,3.565,3.545,3.565,244
2026-01-14 10:23:00,3.5673,3.5673,3.55,3.55,56
2026-01-14 10:24:00,3.5599,3.5599,3.545,3.5466,107
2026-01-14 10:25:00,3.545,3.55,3.545,3.55,13
2026-01-14 10:26:00,3.5409,3.56,3.5409,3.56,81
2026-01-14 10:27:00,3.555,3.56,3.5501,3.56,80
2026-01-14 10:28:00,3.559,3.565,3.555,3.565,53
2026-01-14 10:29:00,3.565,3.575,3.5346,3.54,224
2026-01-14 10:30:00,3.535,3.5368,3.535,3.535,42
2026-01-14 10:31:00,3.535,3.535,3.5301,3.535,113
2026-01-14 10:32:00,3.535,3.54,3.5301,3.535,101
2026-01-14 10:33:00,3.5349,3.54,3.5349,3.535,15
2026-01-14 10:34:00,3.54,3.54,3.52,3.5213,237
2026-01-14 10:35:00,3.525,3.53,3.515,3.515,240
2026-01-14 10:36:00,3.515,3.515,3.5022,3.505,105
2026-01-14 10:37:00,3.506,3.515,3.5,3.5099,127
2026-01-14 10:38:00,3.505,3.505,3.505,3.505,69
2026-01-14 10:39:00,3.505,3.51,3.5,3.505,153
2026-01-14 10:40:00,3.505,3.505,3.495,3.495,269
2026-01-14 10:41:00,3.495,3.495,3.4825,3.485,113
2026-01-14 10:42:00,3.485,3.49,3.485,3.485,8
2026-01-14 10:43:00,3.485,3.495,3.475,3.495,84
2026-01-14 10:44:00,3.498,3.5,3.495,3.5,80
2026-01-14 10:45:00,3.508,3.51,3.5,3.5009,70
2026-01-14 10:46:00,3.5,3.5,3.49,3.4945,87
2026-01-14 10:47:00,3.495,3.495,3.49,3.495,48
2026-01-14 10:48:00,3.495,3.4999,3.495,3.495,24
2026-01-14 10:49:00,3.495,3.4958,3.4902,3.495,86
2026-01-14 10:50:00,3.495,3.495,3.495,3.495,17
2026-01-14 10:51:00,3.495,3.495,3.485,3.485,58
2026-01-14 10:52:00,3.485,3.49,3.48,3.485,95
2026-01-14 10:53:00,3.485,3.49,3.48,3.485,63
2026-01-14 10:54:00,3.485,3.495,3.485,3.495,64
2026-01-14 10:55:00,3.495,3.505,3.495,3.505,67
2026-01-14 10:56:00,3.505,3.5086,3.5,3.505,95
2026-01-14 10:57:00,3.505,3.505,3.5,3.5,14
2026-01-14 10:58:00,3.5084,3.5084,3.49,3.495,84
2026-01-14 10:59:00,3.495,3.505,3.495,3.5,28
2026-01-14 11:00:00,3.505,3.515,3.5,3.5046,75
2026-01-14 11:01:00,3.5045,3.5054,3.5045,3.5054,19
2026-01-14 11:02:00,3.505,3.5078,3.5004,3.505,89
2026-01-14 11:03:00,3.505,3.505,3.5014,3.505,35
2026-01-14 11:04:00,3.505,3.505,3.505,3.505,20
2026-01-14 11:05:00,3.505,3.505,3.495,3.495,48
2026-01-14 11:06:00,3.495,3.5,3.495,3.495,31
2026-01-14 11:07:00,3.4919,3.4999,3.4919,3.4986,69
2026-01-14 11:08:00,3.495,3.5,3.495,3.495,84
2026-01-14 11:09:00,3.5,3.51,3.5,3.5014,43
2026-01-14 11:10:00,3.505,3.505,3.49,3.49,63
2026-01-14 11:11:00,3.495,3.5,3.4807,3.485,149
2026-01-14 11:12:00,3.48,3.4898,3.48,3.485,58
2026-01-14 11:13:00,3.4855,3.486,3.48,3.48,82
2026-01-14 11:14:00,3.4807,3.495,3.4807,3.495,39
2026-01-14 11:15:00,3.4909,3.495,3.4901,3.495,45
2026-01-14 11:16:00,3.495,3.4997,3.49,3.495,26
2026-01-14 11:17:00,3.495,3.505,3.495,3.505,97
2026-01-14 11:18:00,3.505,3.51,3.505,3.505,34
2026-01-14 11:19:00,3.505,3.505,3.5007,3.505,27
2026-01-14 11:20:00,3.51,3.525,3.51,3.52,51
2026-01-14 11:21:00,3.515,3.52,3.515,3.515,34
2026-01-14 11:22:00,3.52,3.52,3.515,3.52,52
2026-01-14 11:23:00,3.52,3.52,3.5124,3.515,47
2026-01-14 11:24:00,3.515,3.515,3.515,3.515,17
2026-01-14 11:25:00,3.515,3.52,3.515,3.515,41
2026-01-14 11:26:00,3.515,3.5158,3.505,3.515,148
2026-01-14 11:27:00,3.515,3.515,3.515,3.515,47
2026-01-14 11:28:00,3.515,3.5176,3.5114,3.515,20
2026-01-14 11:29:00,3.515,3.5158,3.5,3.5158,157
2026-01-14 11:30:00,3.515,3.52,3.515,3.515,15
2026-01-14 11:31:00,3.515,3.5199,3.515,3.515,13
2026-01-14 11:32:00,3.515,3.52,3.5114,3.52,43
2026-01-14 11:33:00,3.525,3.525,3.525,3.525,1
2026-01-14 11:34:00,3.525,3.525,3.495,3.495,330
2026-01-14 11:35:00,3.495,3.495,3.485,3.49,74
2026-01-14 11:36:00,3.485,3.485,3.485,3.485,19
2026-01-14 11:37:00,3.485,3.485,3.485,3.485,4
2026-01-14 11:38:00,3.485,3.485,3.475,3.475,128
2026-01-14 11:39:00,3.48,3.485,3.47,3.47,290
2026-01-14 11:40:00,3.47,3.475,3.46,3.465,151
2026-01-14 11:41:00,3.465,3.465,3.4615,3.4615,15
2026-01-14 11:42:00,3.4697,3.505,3.4697,3.505,273
2026-01-14 11:43:00,3.505,3.5099,3.505,3.505,34
2026-01-14 11:44:00,3.505,3.506,3.5,3.5,59
2026-01-14 11:45:00,3.505,3.505,3.4802,3.49,120
2026-01-14 11:46:00,3.4955,3.4955,3.495,3.495,13
2026-01-14 11:47:00,3.495,3.495,3.495,3.495,4
2026-01-14 11:48:00,3.495,3.495,3.4944,3.4944,4
2026-01-14 11:49:00,3.495,3.4954,3.495,3.495,4
2026-01-14 11:50:00,3.49,3.4984,3.485,3.495,81
2026-01-14 11:51:00,3.495,3.495,3.485,3.485,13
2026-01-14 11:52:00,3.485,3.485,3.485,3.485,10
2026-01-14 11:53:00,3.485,3.49,3.485,3.49,31
2026-01-14 11:54:00,3.49,3.49,3.4816,3.485,31
2026-01-14 11:55:00,3.485,3.485,3.485,3.485,0
2026-01-14 11:56:00,3.485,3.485,3.485,3.485,0
2026-01-14 11:57:00,3.485,3.485,3.48,3.48,32
2026-01-14 11:58:00,3.49,3.49,3.49,3.49,10
2026-01-14 11:59:00,3.48,3.485,3.48,3.485,10
2026-01-14 12:00:00,3.48,3.48,3.465,3.47,136
2026-01-14 12:01:00,3.475,3.4799,3.475,3.4799,7
2026-01-14 12:02:00,3.475,3.485,3.4714,3.485,102
2026-01-14 12:03:00,3.485,3.49,3.485,3.49,6
2026-01-14 12:04:00,3.49,3.4984,3.48,3.485,31
2026-01-14 12:05:00,3.4845,3.485,3.4845,3.485,71
2026-01-14 12:06:00,3.485,3.485,3.44,3.455,1631
2026-01-14 12:07:00,3.455,3.455,3.41,3.4479,1790
2026-01-14 12:08:00,3.445,3.45,3.445,3.45,207
2026-01-14 12:09:00,3.445,3.445,3.3801,3.403,3403
2026-01-14 12:10:00,3.4,3.42,3.4,3.4199,204
2026-01-14 12:11:00,3.4102,3.425,3.4102,3.425,75
2026-01-14 12:12:00,3.4286,3.4286,3.415,3.425,134
2026-01-14 12:13:00,3.425,3.428,3.395,3.4059,1792
2026-01-14 12:14:00,3.4098,3.4098,3.405,3.405,19
2026-01-14 12:15:00,3.405,3.41,3.4,3.405,48
2026-01-14 12:16:00,3.4086,3.42,3.405,3.415,147
2026-01-14 12:17:00,3.41,3.425,3.41,3.425,112
2026-01-14 12:18:00,3.42,3.4299,3.42,3.425,94
2026-01-14 12:19:00,3.42,3.43,3.42,3.425,25
2026-01-14 12:20:00,3.425,3.425,3.4201,3.4201,25
2026-01-14 12:21:00,3.42,3.42,3.4017,3.41,96
2026-01-14 12:22:00,3.41,3.4117,3.41,3.4117,7
2026-01-14 12:23:00,3.41,3.41,3.41,3.41,1
2026-01-14 12:24:00,3.4175,3.4175,3.405,3.405,37
2026-01-14 12:25:00,3.405,3.4083,3.4,3.4083,30
2026-01-14 12:26:00,3.405,3.41,3.4,3.405,146
2026-01-14 12:27:00,3.4,3.405,3.4,3.405,29
2026-01-14 12:28:00,3.405,3.405,3.4,3.4,29
2026-01-14 12:29:00,3.405,3.415,3.4,3.415,135
2026-01-14 12:30:00,3.415,3.415,3.38,3.395,2236
2026-01-14 12:31:00,3.3914,3.3914,3.3914,3.3914,1
2026-01-14 12:32:00,3.398,3.398,3.3886,3.3886,143
2026-01-14 12:33:00,3.385,3.385,3.3832,3.3832,12
2026-01-14 12:34:00,3.38,3.39,3.38,3.3884,38
2026-01-14 12:35:00,3.384,3.39,3.384,3.385,103
2026-01-14 12:36:00,3.385,3.39,3.38,3.3898,32
2026-01-14 12:37:00,3.3814,3.395,3.3814,3.39,149
2026-01-14 12:38:00,3.395,3.4,3.395,3.395,46
2026-01-14 12:39:00,3.395,3.4,3.395,3.4,38
2026-01-14 12:40:00,3.4,3.4085,3.395,3.4085,254
2026-01-14 12:41:00,3.405,3.42,3.4,3.41,563
2026-01-14 12:42:00,3.4114,3.415,3.4,3.4107,123
2026-01-14 12:43:00,3.415,3.415,3.415,3.415,2
2026-01-14 12:44:00,3.42,3.42,3.41,3.4115,106
2026-01-14 12:45:00,3.415,3.42,3.415,3.415,129
2026-01-14 12:46:00,3.415,3.42,3.415,3.42,68
2026-01-14 12:47:00,3.425,3.4285,3.425,3.4285,35
2026-01-14 12:48:00,3.4246,3.425,3.4246,3.425,15
2026-01-14 12:49:00,3.42,3.425,3.415,3.415,131
2026-01-14 12:50:00,3.42,3.42,3.405,3.405,83
2026-01-14 12:51:00,3.405,3.41,3.405,3.405,17
2026-01-14 12:52:00,3.4014,3.4066,3.4014,3.405,5
2026-01-14 12:53:00,3.405,3.4059,3.4,3.405,58
2026-01-14 12:54:00,3.405,3.405,3.4014,3.405,57
2026-01-14 12:55:00,3.41,3.4195,3.405,3.415,351
2026-01-14 12:56:00,3.41,3.41,3.41,3.41,3
2026-01-14 12:57:00,3.41,3.41,3.4,3.405,102
2026-01-14 12:58:00,3.405,3.405,3.405,3.405,14
2026-01-14 12:59:00,3.405,3.4088,3.405,3.405,94
2026-01-14 13:00:00,3.405,3.405,3.405,3.405,27
2026-01-14 13:01:00,3.405,3.405,3.405,3.405,0
2026-01-14 13:02:00,3.4,3.409,3.4,3.405,9
2026-01-14 13:03:00,3.405,3.405,3.405,3.405,59
2026-01-14 13:04:00,3.405,3.42,3.405,3.42,166
2026-01-14 13:05:00,3.42,3.42,3.419,3.42,14
2026-01-14 13:06:00,3.4186,3.42,3.415,3.415,28
2026-01-14 13:07:00,3.415,3.425,3.415,3.425,77
2026-01-14 13:08:00,3.42,3.425,3.415,3.415,44
2026-01-14 13:09:00,3.415,3.415,3.415,3.415,0
2026-01-14 13:10:00,3.415,3.415,3.415,3.415,2
2026-01-14 13:11:00,3.41,3.4199,3.41,3.415,35
2026-01-14 13:12:00,3.415,3.42,3.41,3.4171,142
2026-01-14 13:13:00,3.4196,3.4196,3.4114,3.4114,110
2026-01-14 13:14:00,3.415,3.415,3.415,3.415,13
2026-01-14 13:15:00,3.41,3.415,3.41,3.41,27
2026-01-14 13:16:00,3.41,3.41,3.405,3.41,93
2026-01-14 13:17:00,3.41,3.41,3.405,3.405,132
2026-01-14 13:18:00,3.405,3.405,3.405,3.405,17
2026-01-14 13:19:00,3.405,3.41,3.405,3.405,29
2026-01-14 13:20:00,3.405,3.415,3.405,3.415,93
2026-01-14 13:21:00,3.4185,3.42,3.415,3.415,35
2026-01-14 13:22:00,3.415,3.415,3.4145,3.4145,53
2026-01-14 13:23:00,3.4158,3.4158,3.4158,3.4158,3
2026-01-14 13:24:00,3.415,3.4197,3.4125,3.4142,19
2026-01-14 13:25:00,3.41,3.41,3.405,3.405,90
2026-01-14 13:26:00,3.41,3.42,3.405,3.42,115
2026-01-14 13:27:00,3.41,3.41,3.41,3.41,1
2026-01-14 13:28:00,3.41,3.41,3.395,3.395,189
2026-01-14 13:29:00,3.395,3.405,3.395,3.405,98
2026-01-14 13:30:00,3.4,3.4069,3.4,3.405,147
2026-01-14 13:31:00,3.405,3.405,3.405,3.405,2
2026-01-14 13:32:00,3.41,3.41,3.4,3.4,194
2026-01-14 13:33:00,3.4,3.4,3.39,3.395,176
2026-01-14 13:34:00,3.3921,3.41,3.39,3.41,847
2026-01-14 13:35:00,3.408,3.41,3.405,3.41,52
2026-01-14 13:36:00,3.4079,3.4088,3.405,3.405,29
2026-01-14 13:37:00,3.405,3.41,3.405,3.405,13
2026-01-14 13:38:00,3.405,3.4086,3.403,3.4046,20
2026-01-14 13:39:00,3.41,3.41,3.4,3.405,99
2026-01-14 13:40:00,3.405,3.4099,3.405,3.4099,2
2026-01-14 13:41:00,3.405,3.415,3.405,3.415,163
2026-01-14 13:42:00,3.4114,3.415,3.4114,3.4126,22
2026-01-14 13:43:00,3.415,3.4299,3.415,3.425,163
2026-01-14 13:44:00,3.425,3.425,3.415,3.42,94
2026-01-14 13:45:00,3.415,3.42,3.415,3.415,40
2026-01-14 13:46:00,3.41,3.41,3.405,3.405,45
2026-01-14 13:47:00,3.41,3.41,3.405,3.4067,13
2026-01-14 13:48:00,3.405,3.405,3.405,3.405,4
2026-01-14 13:49:00,3.41,3.41,3.4013,3.4013,18
2026-01-14 13:50:00,3.405,3.415,3.4,3.41,138
2026-01-14 13:51:00,3.415,3.415,3.415,3.415,37
2026-01-14 13:52:00,3.4185,3.425,3.415,3.425,46
2026-01-14 13:53:00,3.425,3.425,3.425,3.425,0
2026-01-14 13:54:00,3.43,3.43,3.425,3.425,7
2026-01-14 13:55:00,3.42,3.42,3.42,3.42,6
2026-01-14 13:56:00,3.4299,3.4299,3.42,3.42,49
2026-01-14 13:57:00,3.4198,3.42,3.41,3.41,35
2026-01-14 13:58:00,3.415,3.42,3.4142,3.415,23
2026-01-14 13:59:00,3.41,3.415,3.41,3.415,27
2026-01-14 14:00:00,3.4146,3.425,3.4146,3.425,122
2026-01-14 14:01:00,3.4222,3.425,3.415,3.415,34
2026-01-14 14:02:00,3.415,3.415,3.415,3.415,1
2026-01-14 14:03:00,3.42,3.42,3.42,3.42,78
2026-01-14 14:04:00,3.415,3.4185,3.405,3.405,58
2026-01-14 14:05:00,3.41,3.41,3.405,3.405,10
2026-01-14 14:06:00,3.4,3.415,3.4,3.415,111
2026-01-14 14:07:00,3.415,3.42,3.415,3.415,66
2026-01-14 14:08:00,3.42,3.425,3.42,3.4242,35
2026-01-14 14:09:00,3.43,3.43,3.4248,3.425,27
2026-01-14 14:10:00,3.425,3.425,3.425,3.425,2
2026-01-14 14:11:00,3.425,3.4275,3.4202,3.4216,90
2026-01-14 14:12:00,3.42,3.43,3.42,3.42,57
2026-01-14 14:13:00,3.425,3.425,3.42,3.42,11
2026-01-14 14:14:00,3.425,3.4299,3.42,3.42,19
2026-01-14 14:15:00,3.42,3.43,3.41,3.415,62
2026-01-14 14:16:00,3.415,3.42,3.415,3.415,45
2026-01-14 14:17:00,3.415,3.415,3.41,3.41,2
2026-01-14 14:18:00,3.41,3.415,3.41,3.41,54
2026-01-14 14:19:00,3.41,3.4114,3.41,3.4114,21
2026-01-14 14:20:00,3.41,3.43,3.41,3.425,303
2026-01-14 14:21:00,3.42,3.42,3.41,3.415,83
2026-01-14 14:22:00,3.4133,3.42,3.4133,3.42,74
2026-01-14 14:23:00,3.425,3.435,3.425,3.43,56
2026-01-14 14:24:00,3.435,3.435,3.425,3.4256,62
2026-01-14 14:25:00,3.4256,3.4256,3.4256,3.4256,0
2026-01-14 14:26:00,3.425,3.425,3.425,3.425,5
2026-01-14 14:27:00,3.42,3.425,3.42,3.425,17
2026-01-14 14:28:00,3.42,3.43,3.42,3.43,50
2026-01-14 14:29:00,3.425,3.4467,3.425,3.4467,317
2026-01-14 14:30:00,3.4463,3.4463,3.435,3.435,38
2026-01-14 14:31:00,3.435,3.435,3.435,3.435,14
2026-01-14 14:32:00,3.435,3.4372,3.435,3.4372,12
2026-01-14 14:33:00,3.435,3.4375,3.425,3.43,84
2026-01-14 14:34:00,3.425,3.43,3.425,3.43,48
2026-01-14 14:35:00,3.43,3.43,3.43,3.43,1
2026-01-14 14:36:00,3.435,3.435,3.4303,3.4303,11
2026-01-14 14:37:00,3.435,3.4387,3.4327,3.4387,29
2026-01-14 14:38:00,3.4342,3.44,3.4342,3.435,22
2026-01-14 14:39:00,3.433,3.44,3.43,3.43,76
2026-01-14 14:40:00,3.43,3.4385,3.43,3.4385,132
2026-01-14 14:41:00,3.435,3.435,3.425,3.43,129
2026-01-14 14:42:00,3.43,3.44,3.43,3.4326,210
2026-01-14 14:43:00,3.435,3.435,3.43,3.43,24
2026-01-14 14:44:00,3.435,3.435,3.43,3.43,8
2026-01-14 14:45:00,3.4399,3.4399,3.43,3.43,7
2026-01-14 14:46:00,3.43,3.445,3.43,3.445,253
2026-01-14 14:47:00,3.445,3.45,3.445,3.445,25
2026-01-14 14:48:00,3.445,3.445,3.445,3.445,4
2026-01-14 14:49:00,3.445,3.4485,3.4414,3.4414,103
2026-01-14 14:50:00,3.45,3.45,3.445,3.445,6
2026-01-14 14:51:00,3.445,3.455,3.445,3.445,171
2026-01-14 14:52:00,3.45,3.45,3.445,3.445,31
2026-01-14 14:53:00,3.445,3.445,3.44,3.44,11
2026-01-14 14:54:00,3.45,3.45,3.435,3.435,88
2026-01-14 14:55:00,3.4386,3.44,3.435,3.44,102
2026-01-14 14:56:00,3.44,3.4454,3.44,3.4454,3
2026-01-14 14:57:00,3.45,3.45,3.44,3.45,66
2026-01-14 14:58:00,3.455,3.455,3.445,3.4499,40
2026-01-14 14:59:00,3.4499,3.4513,3.4499,3.4513,112
2026-01-14 15:00:00,3.455,3.46,3.45,3.455,53
2026-01-14 15:01:00,3.455,3.46,3.445,3.45,57
2026-01-14 15:02:00,3.445,3.46,3.445,3.45,119
2026-01-14 15:03:00,3.445,3.445,3.4445,3.445,15
2026-01-14 15:04:00,3.445,3.445,3.445,3.445,1
2026-01-14 15:05:00,3.445,3.47,3.445,3.465,127
2026-01-14 15:06:00,3.4699,3.4699,3.465,3.465,8
2026-01-14 15:07:00,3.465,3.465,3.465,3.465,0
2026-01-14 15:08:00,3.465,3.4699,3.465,3.4668,31
2026-01-14 15:09:00,3.465,3.465,3.465,3.465,9
2026-01-14 15:10:00,3.46,3.465,3.46,3.465,58
2026-01-14 15:11:00,3.4689,3.4689,3.4629,3.4629,47
2026-01-14 15:12:00,3.46,3.465,3.455,3.46,105
2026-01-14 15:13:00,3.455,3.4699,3.455,3.465,119
2026-01-14 15:14:00,3.4699,3.48,3.465,3.475,146
2026-01-14 15:15:00,3.478,3.478,3.475,3.475,10
2026-01-14 15:16:00,3.47,3.49,3.47,3.485,200
2026-01-14 15:17:00,3.485,3.4873,3.485,3.485,13
2026-01-14 15:18:00,3.485,3.5,3.485,3.495,110
2026-01-14 15:19:00,3.495,3.4985,3.495,3.495,7
2026-01-14 15:20:00,3.495,3.495,3.495,3.495,10
2026-01-14 15:21:00,3.495,3.495,3.485,3.485,87
2026-01-14 15:22:00,3.485,3.485,3.48,3.48,84
2026-01-14 15:23:00,3.4845,3.495,3.48,3.495,238
2026-01-14 15:24:00,3.49,3.495,3.49,3.49,51
2026-01-14 15:25:00,3.48,3.4882,3.475,3.485,224
2026-01-14 15:26:00,3.485,3.49,3.485,3.485,38
2026-01-14 15:27:00,3.485,3.5,3.485,3.4931,142
2026-01-14 15:28:00,3.495,3.515,3.4901,3.505,316
2026-01-14 15:29:00,3.5099,3.5099,3.5014,3.505,42
2026-01-14 15:30:00,3.505,3.505,3.495,3.495,126
2026-01-14 15:31:00,3.495,3.505,3.495,3.505,142
2026-01-14 15:32:00,3.505,3.505,3.5,3.5,20
2026-01-14 15:33:00,3.505,3.5086,3.5,3.505,13
2026-01-14 15:34:00,3.505,3.505,3.5,3.505,57
2026-01-14 15:35:00,3.5,3.5099,3.5,3.505,32
2026-01-14 15:36:00,3.505,3.515,3.505,3.515,119
2026-01-14 15:37:00,3.52,3.52,3.5145,3.515,38
2026-01-14 15:38:00,3.5186,3.52,3.51,3.515,57
2026-01-14 15:39:00,3.515,3.525,3.515,3.525,116
2026-01-14 15:40:00,3.525,3.525,3.5216,3.525,25
2026-01-14 15:41:00,3.525,3.535,3.524,3.535,181
2026-01-14 15:42:00,3.535,3.5386,3.5323,3.535,84
2026-01-14 15:43:00,3.535,3.54,3.53,3.5301,181
2026-01-14 15:44:00,3.535,3.535,3.5301,3.535,123
2026-01-14 15:45:00,3.535,3.535,3.525,3.525,149
2026-01-14 15:46:00,3.525,3.53,3.5201,3.525,137
2026-01-14 15:47:00,3.525,3.5297,3.5201,3.525,135
2026-01-14 15:48:00,3.525,3.53,3.5201,3.525,129
2026-01-14 15:49:00,3.525,3.53,3.52,3.525,154
2026-01-14 15:50:00,3.525,3.53,3.51,3.515,499
2026-01-14 15:51:00,3.52,3.53,3.5117,3.52,491
2026-01-14 15:52:00,3.525,3.525,3.5149,3.515,322
2026-01-14 15:53:00,3.515,3.5193,3.51,3.515,80
2026-01-14 15:54:00,3.515,3.53,3.51,3.51,636
2026-01-14 15:55:00,3.515,3.5299,3.5,3.525,416
2026-01-14 15:56:00,3.525,3.525,3.5,3.505,1013
2026-01-14 15:57:00,3.505,3.525,3.505,3.525,798
2026-01-14 15:58:00,3.5203,3.525,3.5,3.505,780
2026-01-14 15:59:00,3.505,3.52,3.5,3.51,1105
2026-01-15 09:30:00,3.5,3.54,3.45,3.52,620
2026-01-15 09:31:00,3.525,3.525,3.4705,3.49,171
2026-01-15 09:32:00,3.48,3.49,3.4601,3.475,47
2026-01-15 09:33:00,3.4755,3.4755,3.44,3.445,557
2026-01-15 09:34:00,3.449,3.449,3.44,3.44,63
2026-01-15 09:35:00,3.45,3.45,3.4327,3.4327,61
2026-01-15 09:36:00,3.43,3.43,3.405,3.4069,93
2026-01-15 09:37:00,3.41,3.41,3.4,3.41,14
2026-01-15 09:38:00,3.41,3.42,3.41,3.415,73
2026-01-15 09:39:00,3.418,3.42,3.4,3.41,126
2026-01-15 09:40:00,3.41,3.4233,3.41,3.415,113
2026-01-15 09:41:00,3.4199,3.43,3.41,3.415,148
2026-01-15 09:42:00,3.4186,3.43,3.4186,3.42,181
2026-01-15 09:43:00,3.42,3.45,3.42,3.45,114
2026-01-15 09:44:00,3.4404,3.46,3.4404,3.455,96
2026-01-15 09:45:00,3.458,3.46,3.42,3.43,86
2026-01-15 09:46:00,3.43,3.44,3.42,3.425,748
2026-01-15 09:47:00,3.425,3.43,3.42,3.429,20
2026-01-15 09:48:00,3.43,3.43,3.4275,3.4299,36
2026-01-15 09:49:00,3.425,3.435,3.4213,3.43,30
2026-01-15 09:50:00,3.43,3.43,3.415,3.425,215
2026-01-15 09:51:00,3.425,3.425,3.42,3.425,226
2026-01-15 09:52:00,3.4287,3.43,3.42,3.42,13
2026-01-15 09:53:00,3.4298,3.44,3.425,3.435,165
2026-01-15 09:54:00,3.4389,3.4389,3.43,3.43,8
2026-01-15 09:55:00,3.429,3.435,3.429,3.435,17
2026-01-15 09:56:00,3.44,3.44,3.43,3.4399,18
2026-01-15 09:57:00,3.4346,3.44,3.43,3.43,44
2026-01-15 09:58:00,3.425,3.425,3.42,3.425,12
2026-01-15 09:59:00,3.4299,3.43,3.42,3.42,29
2026-01-15 10:00:00,3.42,3.425,3.4,3.405,1058
2026-01-15 10:01:00,3.4,3.4055,3.4,3.405,150
2026-01-15 10:02:00,3.405,3.42,3.405,3.42,48
2026-01-15 10:03:00,3.4152,3.4152,3.39,3.3917,766
2026-01-15 10:04:00,3.4,3.41,3.3928,3.395,75
2026-01-15 10:05:00,3.3914,3.405,3.3913,3.405,364
2026-01-15 10:06:00,3.4046,3.42,3.4046,3.405,174
2026-01-15 10:07:00,3.405,3.405,3.4,3.402,84
2026-01-15 10:08:00,3.405,3.405,3.4,3.4,98
2026-01-15 10:09:00,3.405,3.41,3.4001,3.41,20
2026-01-15 10:10:00,3.405,3.42,3.405,3.415,137
2026-01-15 10:11:00,3.4186,3.42,3.41,3.42,26
2026-01-15 10:12:00,3.415,3.4174,3.41,3.4174,17
2026-01-15 10:13:00,3.415,3.42,3.415,3.4172,81
2026-01-15 10:14:00,3.41,3.415,3.405,3.405,200
2026-01-15 10:15:00,3.405,3.405,3.395,3.395,167
2026-01-15 10:16:00,3.395,3.404,3.3949,3.404,41
2026-01-15 10:17:00,3.405,3.42,3.405,3.42,67
2026-01-15 10:18:00,3.4246,3.425,3.4246,3.425,12
2026-01-15 10:19:00,3.4291,3.43,3.424,3.425,56
2026-01-15 10:20:00,3.4256,3.4256,3.42,3.42,49
2026-01-15 10:21:00,3.4253,3.4253,3.42,3.42,42
2026-01-15 10:22:00,3.4225,3.425,3.42,3.425,17
2026-01-15 10:23:00,3.42,3.42,3.405,3.405,76
2026-01-15 10:24:00,3.4055,3.41,3.405,3.405,48
2026-01-15 10:25:00,3.4094,3.4094,3.4,3.405,90
2026-01-15 10:26:00,3.405,3.405,3.405,3.405,0
2026-01-15 10:27:00,3.405,3.4085,3.4,3.405,13
2026-01-15 10:28:00,3.405,3.4099,3.4014,3.4014,13
2026-01-15 10:29:00,3.4014,3.445,3.4014,3.445,222
2026-01-15 10:30:00,3.445,3.445,3.44,3.44,20
2026-01-15 10:31:00,3.445,3.455,3.445,3.45,26
2026-01-15 10:32:00,3.455,3.4583,3.455,3.4569,14
2026-01-15 10:33:00,3.455,3.485,3.455,3.485,61
2026-01-15 10:34:00,3.485,3.495,3.48,3.49,101
2026-01-15 10:35:00,3.49,3.49,3.465,3.465,31
2026-01-15 10:36:00,3.465,3.47,3.465,3.4697,18
2026-01-15 10:37:00,3.465,3.465,3.465,3.465,2
2026-01-15 10:38:00,3.47,3.47,3.4646,3.465,67
2026-01-15 10:39:00,3.47,3.485,3.47,3.485,55
2026-01-15 10:40:00,3.485,3.485,3.4827,3.485,9
2026-01-15 10:41:00,3.489,3.489,3.48,3.48,72
2026-01-15 10:42:00,3.485,3.485,3.475,3.475,54
2026-01-15 10:43:00,3.475,3.485,3.47,3.485,95
2026-01-15 10:44:00,3.48,3.48,3.475,3.475,6
2026-01-15 10:45:00,3.475,3.475,3.4701,3.475,102
2026-01-15 10:46:00,3.475,3.475,3.465,3.465,19
2026-01-15 10:47:00,3.4601,3.475,3.4601,3.475,66
2026-01-15 10:48:00,3.4703,3.485,3.4703,3.485,55
2026-01-15 10:49:00,3.485,3.485,3.475,3.475,26
2026-01-15 10:50:00,3.475,3.49,3.475,3.49,138
2026-01-15 10:51:00,3.4858,3.4858,3.48,3.48,31
2026-01-15 10:52:00,3.4758,3.4758,3.4703,3.475,7
2026-01-15 10:53:00,3.48,3.485,3.47,3.475,81
2026-01-15 10:54:00,3.475,3.475,3.47,3.47,72
2026-01-15 10:55:00,3.47,3.485,3.47,3.48,201
2026-01-15 10:56:00,3.475,3.48,3.475,3.48,15
2026-01-15 10:57:00,3.475,3.48,3.47,3.4747,8
2026-01-15 10:58:00,3.48,3.485,3.48,3.485,24
2026-01-15 10:59:00,3.4801,3.4855,3.4801,3.485,18
2026-01-15 11:00:00,3.49,3.495,3.49,3.495,14
2026-01-15 11:01:00,3.495,3.5,3.49,3.5,42
2026-01-15 11:02:00,3.4955,3.505,3.4955,3.505,55
2026-01-15 11:03:00,3.505,3.5093,3.5,3.5,44
2026-01-15 11:04:00,3.4985,3.4985,3.4901,3.495,74
2026-01-15 11:05:00,3.495,3.495,3.48,3.485,103
2026-01-15 11:06:00,3.49,3.49,3.485,3.485,36
2026-01-15 11:07:00,3.485,3.485,3.48,3.48,11
2026-01-15 11:08:00,3.485,3.49,3.48,3.48,155
2026-01-15 11:09:00,3.485,3.485,3.485,3.485,9
2026-01-15 11:10:00,3.49,3.49,3.475,3.475,870
2026-01-15 11:11:00,3.475,3.48,3.4702,3.4702,3
2026-01-15 11:12:00,3.475,3.48,3.475,3.475,9
2026-01-15 11:13:00,3.475,3.485,3.475,3.48,71
2026-01-15 11:14:00,3.47,3.475,3.462,3.462,446
2026-01-15 11:15:00,3.4674,3.4699,3.465,3.465,49
2026-01-15 11:16:00,3.465,3.4698,3.465,3.465,16
2026-01-15 11:17:00,3.47,3.476,3.47,3.4702,74
2026-01-15 11:18:00,3.475,3.475,3.46,3.4605,163
2026-01-15 11:19:00,3.465,3.47,3.4601,3.465,59
2026-01-15 11:20:00,3.465,3.465,3.4627,3.465,51
2026-01-15 11:21:00,3.47,3.479,3.47,3.4788,22
2026-01-15 11:22:00,3.475,3.475,3.475,3.475,11
2026-01-15 11:23:00,3.475,3.475,3.475,3.475,4
2026-01-15 11:24:00,3.475,3.475,3.47,3.47,58
2026-01-15 11:25:00,3.475,3.475,3.4648,3.4648,68
2026-01-15 11:26:00,3.47,3.47,3.465,3.465,3
2026-01-15 11:27:00,3.465,3.465,3.46,3.46,108
2026-01-15 11:28:00,3.4683,3.4683,3.455,3.455,125
2026-01-15 11:29:00,3.46,3.47,3.46,3.46,121
2026-01-15 11:30:00,3.465,3.465,3.465,3.465,11
2026-01-15 11:31:00,3.4646,3.465,3.46,3.4643,43
2026-01-15 11:32:00,3.4642,3.47,3.46,3.47,38
2026-01-15 11:33:00,3.465,3.465,3.465,3.465,6
2026-01-15 11:34:00,3.46,3.47,3.46,3.465,38
2026-01-15 11:35:00,3.465,3.47,3.465,3.47,26
2026-01-15 11:36:00,3.47,3.47,3.47,3.47,23
2026-01-15 11:37:00,3.47,3.475,3.47,3.475,142
2026-01-15 11:38:00,3.475,3.475,3.47,3.475,146
2026-01-15 11:39:00,3.475,3.4757,3.47,3.4757,12
2026-01-15 11:40:00,3.47,3.475,3.46,3.465,93
2026-01-15 11:41:00,3.465,3.4687,3.465,3.465,66
2026-01-15 11:42:00,3.46,3.465,3.46,3.465,11
2026-01-15 11:43:00,3.465,3.465,3.465,3.465,0
2026-01-15 11:44:00,3.47,3.47,3.47,3.47,12
2026-01-15 11:45:00,3.4675,3.4689,3.4675,3.4689,54
2026-01-15 11:46:00,3.4686,3.475,3.465,3.475,56
2026-01-15 11:47:00,3.475,3.475,3.47,3.4735,58
2026-01-15 11:48:00,3.475,3.475,3.47,3.47,25
2026-01-15 11:49:00,3.475,3.475,3.4701,3.4701,19
2026-01-15 11:50:00,3.4765,3.4765,3.47,3.47,35
2026-01-15 11:51:00,3.47,3.47,3.45,3.45,72
2026-01-15 11:52:00,3.455,3.455,3.45,3.455,66
2026-01-15 11:53:00,3.455,3.455,3.455,3.455,0
2026-01-15 11:54:00,3.46,3.465,3.46,3.465,45
2026-01-15 11:55:00,3.465,3.465,3.46,3.46,16
2026-01-15 11:56:00,3.455,3.455,3.45,3.45,5
2026-01-15 11:57:00,3.4589,3.46,3.4513,3.4513,22
2026-01-15 11:58:00,3.45,3.4563,3.45,3.4563,16
2026-01-15 11:59:00,3.4561,3.465,3.4561,3.465,119
2026-01-15 12:00:00,3.465,3.465,3.455,3.455,71
2026-01-15 12:01:00,3.45,3.455,3.45,3.455,24
2026-01-15 12:02:00,3.455,3.455,3.455,3.455,6
2026-01-15 12:03:00,3.455,3.465,3.45,3.465,65
2026-01-15 12:04:00,3.465,3.465,3.455,3.455,74
2026-01-15 12:05:00,3.455,3.455,3.4514,3.4514,7
2026-01-15 12:06:00,3.455,3.455,3.45,3.455,36
2026-01-15 12:07:00,3.455,3.455,3.455,3.455,12
2026-01-15 12:08:00,3.455,3.455,3.435,3.44,101
2026-01-15 12:09:00,3.43,3.437,3.43,3.43,19
2026-01-15 12:10:00,3.43,3.43,3.42,3.425,194
2026-01-15 12:11:00,3.43,3.43,3.42,3.425,11
2026-01-15 12:12:00,3.42,3.425,3.42,3.42,11
2026-01-15 12:13:00,3.425,3.425,3.425,3.425,3
2026-01-15 12:14:00,3.425,3.425,3.41,3.4167,91
2026-01-15 12:15:00,3.415,3.419,3.415,3.415,3
2026-01-15 12:16:00,3.41,3.415,3.41,3.415,11
2026-01-15 12:17:00,3.415,3.415,3.41,3.415,18
2026-01-15 12:18:00,3.4154,3.42,3.415,3.42,61
2026-01-15 12:19:00,3.4299,3.4299,3.4254,3.4259,5
2026-01-15 12:20:00,3.425,3.425,3.415,3.415,22
2026-01-15 12:21:00,3.415,3.4199,3.4101,3.4199,62
2026-01-15 12:22:00,3.4198,3.4198,3.415,3.415,2
2026-01-15 12:23:00,3.415,3.4196,3.415,3.415,35
2026-01-15 12:24:00,3.415,3.415,3.415,3.415,84
2026-01-15 12:25:00,3.415,3.4199,3.41,3.4199,23
2026-01-15 12:26:00,3.415,3.415,3.415,3.415,1
2026-01-15 12:27:00,3.42,3.4299,3.42,3.4299,37
2026-01-15 12:28:00,3.425,3.425,3.425,3.425,10
2026-01-15 12:29:00,3.425,3.425,3.42,3.425,66
2026-01-15 12:30:00,3.425,3.425,3.42,3.42,31
2026-01-15 12:31:00,3.4242,3.425,3.4133,3.42,197
2026-01-15 12:32:00,3.42,3.4285,3.42,3.42,30
2026-01-15 12:33:00,3.4214,3.4214,3.42,3.42,10
2026-01-15 12:34:00,3.425,3.425,3.4239,3.4246,42
2026-01-15 12:35:00,3.42,3.425,3.42,3.425,5
2026-01-15 12:36:00,3.4238,3.4238,3.4238,3.4238,5
2026-01-15 12:37:00,3.425,3.4299,3.425,3.425,22
2026-01-15 12:38:00,3.425,3.425,3.42,3.425,214
2026-01-15 12:39:00,3.425,3.43,3.425,3.425,353
2026-01-15 12:40:00,3.42,3.42,3.415,3.415,25
2026-01-15 12:41:00,3.415,3.4166,3.415,3.4166,23
2026-01-15 12:42:00,3.41,3.415,3.41,3.415,78
2026-01-15 12:43:00,3.415,3.415,3.41,3.41,2
2026-01-15 12:44:00,3.41,3.41,3.41,3.41,22
2026-01-15 12:45:00,3.41,3.41,3.4,3.41,45
2026-01-15 12:46:00,3.42,3.42,3.4117,3.415,22
2026-01-15 12:47:00,3.415,3.415,3.41,3.415,6
2026-01-15 12:48:00,3.415,3.415,3.415,3.415,13
2026-01-15 12:49:00,3.41,3.41,3.405,3.405,109
2026-01-15 12:50:00,3.4085,3.4085,3.404,3.404,7
2026-01-15 12:51:00,3.4017,3.4097,3.4017,3.4084,5
2026-01-15 12:52:00,3.405,3.405,3.404,3.404,4
2026-01-15 12:53:00,3.405,3.407,3.405,3.405,35
2026-01-15 12:54:00,3.405,3.405,3.4,3.4,151
2026-01-15 12:55:00,3.4001,3.4054,3.4,3.402,72
2026-01-15 12:56:00,3.405,3.405,3.405,3.405,29
2026-01-15 12:57:00,3.4001,3.4055,3.4,3.4,24
2026-01-15 12:58:00,3.405,3.405,3.3848,3.385,631
2026-01-15 12:59:00,3.3801,3.385,3.38,3.385,60
2026-01-15 13:00:00,3.3886,3.39,3.38,3.385,19
2026-01-15 13:01:00,3.385,3.385,3.385,3.385,14
2026-01-15 13:02:00,3.385,3.385,3.38,3.38,4
2026-01-15 13:03:00,3.38,3.38,3.38,3.38,1
2026-01-15 13:04:00,3.385,3.385,3.38,3.385,26
2026-01-15 13:05:00,3.385,3.385,3.38,3.38,94
2026-01-15 13:06:00,3.375,3.3754,3.375,3.3754,14
2026-01-15 13:07:00,3.375,3.38,3.375,3.38,70
2026-01-15 13:08:00,3.375,3.38,3.37,3.3799,30
2026-01-15 13:09:00,3.375,3.375,3.375,3.375,19
2026-01-15 13:10:00,3.375,3.3756,3.37,3.375,23
2026-01-15 13:11:00,3.375,3.3786,3.3742,3.375,52
2026-01-15 13:12:00,3.3798,3.38,3.375,3.3785,28
2026-01-15 13:13:00,3.3798,3.38,3.375,3.379,18
2026-01-15 13:14:00,3.375,3.3799,3.375,3.3799,27
2026-01-15 13:15:00,3.3799,3.3799,3.3799,3.3799,7
2026-01-15 13:16:00,3.375,3.375,3.375,3.375,20
2026-01-15 13:17:00,3.38,3.38,3.375,3.38,16
2026-01-15 13:18:00,3.3746,3.38,3.37,3.38,10
2026-01-15 13:19:00,3.3789,3.3789,3.3783,3.3783,21
2026-01-15 13:20:00,3.37,3.38,3.37,3.38,10
2026-01-15 13:21:00,3.38,3.385,3.375,3.38,93
2026-01-15 13:22:00,3.38,3.38,3.375,3.375,45
2026-01-15 13:23:00,3.375,3.38,3.375,3.38,33
2026-01-15 13:24:00,3.3746,3.375,3.3746,3.375,11
2026-01-15 13:25:00,3.3701,3.395,3.3701,3.38,251
2026-01-15 13:26:00,3.375,3.39,3.375,3.38,142
2026-01-15 13:27:00,3.375,3.375,3.37,3.375,5
2026-01-15 13:28:00,3.3799,3.38,3.3701,3.375,16
2026-01-15 13:29:00,3.375,3.38,3.375,3.38,6
2026-01-15 13:30:00,3.3746,3.3786,3.3746,3.3786,2
2026-01-15 13:31:00,3.3789,3.39,3.3789,3.39,51
2026-01-15 13:32:00,3.3856,3.3856,3.385,3.385,23
2026-01-15 13:33:00,3.385,3.3884,3.3847,3.3884,44
2026-01-15 13:34:00,3.39,3.4,3.39,3.395,72
2026-01-15 13:35:00,3.4,3.4,3.39,3.395,18
2026-01-15 13:36:00,3.395,3.405,3.394,3.405,123
2026-01-15 13:37:00,3.4,3.405,3.3988,3.4,34
2026-01-15 13:38:00,3.4,3.4,3.4,3.4,0
2026-01-15 13:39:00,3.3946,3.405,3.39,3.405,278
2026-01-15 13:40:00,3.4,3.4,3.4,3.4,2
2026-01-15 13:41:00,3.405,3.41,3.405,3.405,69
2026-01-15 13:42:00,3.4099,3.4099,3.405,3.405,11
2026-01-15 13:43:00,3.4086,3.41,3.4086,3.41,3
2026-01-15 13:44:00,3.41,3.41,3.41,3.41,0
2026-01-15 13:45:00,3.41,3.415,3.4099,3.4099,42
2026-01-15 13:46:00,3.41,3.42,3.41,3.415,776
2026-01-15 13:47:00,3.415,3.415,3.41,3.415,110
2026-01-15 13:48:00,3.4113,3.435,3.4113,3.435,104
2026-01-15 13:49:00,3.435,3.435,3.425,3.425,47
2026-01-15 13:50:00,3.425,3.425,3.41,3.41,26
2026-01-15 13:51:00,3.41,3.4114,3.41,3.4114,3
2026-01-15 13:52:00,3.41,3.425,3.41,3.425,29
2026-01-15 13:53:00,3.425,3.425,3.425,3.425,0
2026-01-15 13:54:00,3.425,3.425,3.425,3.425,6
2026-01-15 13:55:00,3.425,3.425,3.4126,3.415,56
2026-01-15 13:56:00,3.415,3.42,3.4146,3.4146,37
2026-01-15 13:57:00,3.41,3.42,3.41,3.415,20
2026-01-15 13:58:00,3.415,3.4175,3.415,3.4175,13
2026-01-15 13:59:00,3.42,3.42,3.4169,3.42,15
2026-01-15 14:00:00,3.42,3.42,3.415,3.415,25
2026-01-15 14:01:00,3.4165,3.42,3.415,3.415,6
2026-01-15 14:02:00,3.415,3.415,3.415,3.415,9
2026-01-15 14:03:00,3.4183,3.4183,3.4105,3.415,43
2026-01-15 14:04:00,3.415,3.415,3.41,3.4133,10
2026-01-15 14:05:00,3.42,3.42,3.4,3.41,82
2026-01-15 14:06:00,3.4099,3.415,3.4099,3.415,82
2026-01-15 14:07:00,3.415,3.4199,3.415,3.415,28
2026-01-15 14:08:00,3.4185,3.4185,3.4185,3.4185,25
2026-01-15 14:09:00,3.415,3.415,3.41,3.415,6
2026-01-15 14:10:00,3.42,3.42,3.41,3.4101,44
2026-01-15 14:11:00,3.41,3.41,3.405,3.405,36
2026-01-15 14:12:00,3.405,3.41,3.405,3.41,62
2026-01-15 14:13:00,3.415,3.4164,3.415,3.415,13
2026-01-15 14:14:00,3.4199,3.4199,3.415,3.415,22
2026-01-15 14:15:00,3.415,3.42,3.415,3.415,9
2026-01-15 14:16:00,3.415,3.42,3.415,3.415,14
2026-01-15 14:17:00,3.42,3.43,3.42,3.4293,87
2026-01-15 14:18:00,3.425,3.425,3.42,3.42,77
2026-01-15 14:19:00,3.4154,3.4197,3.4154,3.4197,11
2026-01-15 14:20:00,3.415,3.4184,3.415,3.4184,5
2026-01-15 14:21:00,3.415,3.415,3.415,3.415,4
2026-01-15 14:22:00,3.4154,3.42,3.415,3.415,20
2026-01-15 14:23:00,3.4146,3.415,3.41,3.41,131
2026-01-15 14:24:00,3.4105,3.415,3.41,3.415,302
2026-01-15 14:25:00,3.4142,3.4142,3.41,3.41,4
2026-01-15 14:26:00,3.41,3.41,3.4,3.4,25
2026-01-15 14:27:00,3.41,3.41,3.405,3.405,7
2026-01-15 14:28:00,3.41,3.415,3.41,3.415,30
2026-01-15 14:29:00,3.415,3.415,3.415,3.415,0
2026-01-15 14:30:00,3.415,3.415,3.41,3.41,37
2026-01-15 14:31:00,3.41,3.415,3.41,3.415,31
2026-01-15 14:32:00,3.4151,3.4154,3.41,3.41,36
2026-01-15 14:33:00,3.41,3.415,3.41,3.415,8
2026-01-15 14:34:00,3.415,3.415,3.415,3.415,15
2026-01-15 14:35:00,3.41,3.4174,3.41,3.4174,81
2026-01-15 14:36:00,3.415,3.42,3.415,3.415,98
2026-01-15 14:37:00,3.415,3.415,3.41,3.41,7
2026-01-15 14:38:00,3.415,3.415,3.4132,3.415,26
2026-01-15 14:39:00,3.415,3.415,3.415,3.415,2
2026-01-15 14:40:00,3.41,3.415,3.41,3.415,38
2026-01-15 14:41:00,3.41,3.41,3.4,3.405,362
2026-01-15 14:42:00,3.4,3.4,3.395,3.3999,391
2026-01-15 14:43:00,3.3983,3.3983,3.3946,3.395,41
2026-01-15 14:44:00,3.395,3.395,3.395,3.395,1
2026-01-15 14:45:00,3.39,3.395,3.39,3.39,45
2026-01-15 14:46:00,3.395,3.395,3.39,3.395,4
2026-01-15 14:47:00,3.395,3.395,3.39,3.39,30
2026-01-15 14:48:00,3.395,3.405,3.395,3.405,103
2026-01-15 14:49:00,3.405,3.405,3.405,3.405,0
2026-01-15 14:50:00,3.405,3.4063,3.405,3.405,12
2026-01-15 14:51:00,3.41,3.41,3.405,3.41,25
2026-01-15 14:52:00,3.41,3.41,3.405,3.405,24
2026-01-15 14:53:00,3.41,3.41,3.41,3.41,1
2026-01-15 14:54:00,3.405,3.405,3.395,3.405,200
2026-01-15 14:55:00,3.4,3.4,3.3998,3.4,71
2026-01-15 14:56:00,3.3988,3.3988,3.3988,3.3988,24
2026-01-15 14:57:00,3.39,3.4,3.39,3.4,67
2026-01-15 14:58:00,3.4,3.405,3.4,3.405,80
2026-01-15 14:59:00,3.405,3.405,3.4,3.405,26
2026-01-15 15:00:00,3.405,3.405,3.385,3.385,564
2026-01-15 15:01:00,3.385,3.3862,3.38,3.38,48
2026-01-15 15:02:00,3.3889,3.3889,3.3889,3.3889,8
2026-01-15 15:03:00,3.385,3.3899,3.385,3.3899,3
2026-01-15 15:04:00,3.385,3.3899,3.38,3.3899,29
2026-01-15 15:05:00,3.39,3.39,3.385,3.385,18
2026-01-15 15:06:00,3.385,3.385,3.38,3.38,102
2026-01-15 15:07:00,3.385,3.385,3.38,3.38,24
2026-01-15 15:08:00,3.3859,3.3859,3.3859,3.3859,10
2026-01-15 15:09:00,3.385,3.39,3.385,3.39,177
2026-01-15 15:10:00,3.39,3.39,3.38,3.385,63
2026-01-15 15:11:00,3.385,3.385,3.385,3.385,2
2026-01-15 15:12:00,3.39,3.3975,3.385,3.3947,70
2026-01-15 15:13:00,3.39,3.4,3.385,3.385,37
2026-01-15 15:14:00,3.3858,3.3858,3.385,3.385,49
2026-01-15 15:15:00,3.385,3.3898,3.385,3.3898,11
2026-01-15 15:16:00,3.38,3.38,3.38,3.38,1
2026-01-15 15:17:00,3.385,3.385,3.3714,3.3714,45
2026-01-15 15:18:00,3.375,3.3765,3.375,3.3765,27
2026-01-15 15:19:00,3.3714,3.3799,3.365,3.365,223
2026-01-15 15:20:00,3.36,3.3654,3.36,3.3618,27
2026-01-15 15:21:00,3.3601,3.365,3.36,3.365,68
2026-01-15 15:22:00,3.365,3.3654,3.365,3.3654,10
2026-01-15 15:23:00,3.365,3.37,3.36,3.365,108
2026-01-15 15:24:00,3.365,3.365,3.355,3.355,204
2026-01-15 15:25:00,3.36,3.36,3.355,3.355,14
2026-01-15 15:26:00,3.355,3.36,3.355,3.355,98
2026-01-15 15:27:00,3.355,3.355,3.35,3.355,114
2026-01-15 15:28:00,3.355,3.3586,3.35,3.355,84
2026-01-15 15:29:00,3.355,3.36,3.345,3.345,562
2026-01-15 15:30:00,3.345,3.35,3.3424,3.3424,85
2026-01-15 15:31:00,3.35,3.35,3.3408,3.3487,45
2026-01-15 15:32:00,3.345,3.345,3.335,3.335,280
2026-01-15 15:33:00,3.335,3.3481,3.335,3.3481,87
2026-01-15 15:34:00,3.35,3.35,3.345,3.345,37
2026-01-15 15:35:00,3.35,3.35,3.3401,3.345,87
2026-01-15 15:36:00,3.35,3.35,3.345,3.345,20
2026-01-15 15:37:00,3.35,3.35,3.335,3.35,208
2026-01-15 15:38:00,3.345,3.345,3.3403,3.345,31
2026-01-15 15:39:00,3.345,3.35,3.345,3.345,54
2026-01-15 15:40:00,3.349,3.349,3.345,3.345,39
2026-01-15 15:41:00,3.345,3.35,3.3403,3.345,66
2026-01-15 15:42:00,3.345,3.35,3.345,3.345,16
2026-01-15 15:43:00,3.35,3.35,3.34,3.3402,79
2026-01-15 15:44:00,3.345,3.345,3.33,3.335,268
2026-01-15 15:45:00,3.335,3.3354,3.33,3.33,104
2026-01-15 15:46:00,3.335,3.3384,3.33,3.335,83
2026-01-15 15:47:00,3.335,3.3381,3.33,3.335,75
2026-01-15 15:48:00,3.335,3.34,3.33,3.335,73
2026-01-15 15:49:00,3.335,3.3397,3.33,3.33,46
2026-01-15 15:50:00,3.335,3.34,3.33,3.335,115
2026-01-15 15:51:00,3.335,3.34,3.33,3.33,60
2026-01-15 15:52:00,3.335,3.335,3.31,3.315,1203
2026-01-15 15:53:00,3.315,3.33,3.3114,3.3297,385
2026-01-15 15:54:00,3.33,3.33,3.32,3.325,162
2026-01-15 15:55:00,3.325,3.34,3.325,3.325,826
2026-01-15 15:56:00,3.325,3.335,3.31,3.315,748
2026-01-15 15:57:00,3.315,3.325,3.31,3.325,441
2026-01-15 15:58:00,3.325,3.35,3.325,3.34,1477
2026-01-15 15:59:00,3.345,3.345,3.33,3.34,875
2026-01-16 09:30:00,3.34,3.39,3.34,3.355,1285
2026-01-16 09:31:00,3.355,3.375,3.3414,3.375,120
2026-01-16 09:32:00,3.38,3.38,3.34,3.3448,931
2026-01-16 09:33:00,3.34,3.341,3.33,3.34,16
2026-01-16 09:34:00,3.3392,3.35,3.3392,3.345,66
2026-01-16 09:35:00,3.346,3.346,3.32,3.325,87
2026-01-16 09:36:00,3.325,3.375,3.325,3.37,177
2026-01-16 09:37:00,3.365,3.365,3.35,3.35,96
2026-01-16 09:38:00,3.3575,3.3575,3.34,3.341,6
2026-01-16 09:39:00,3.3499,3.3499,3.33,3.3301,144
2026-01-16 09:40:00,3.333,3.3398,3.33,3.336,92
2026-01-16 09:41:00,3.3327,3.3327,3.31,3.329,305
2026-01-16 09:42:00,3.3173,3.3299,3.3141,3.32,22
2026-01-16 09:43:00,3.32,3.32,3.31,3.32,25
2026-01-16 09:44:00,3.33,3.33,3.32,3.33,128
2026-01-16 09:45:00,3.32,3.34,3.32,3.34,70
2026-01-16 09:46:00,3.3344,3.345,3.3344,3.34,33
2026-01-16 09:47:00,3.345,3.345,3.34,3.3414,10
2026-01-16 09:48:00,3.345,3.365,3.345,3.365,282
2026-01-16 09:49:00,3.37,3.37,3.365,3.3698,59
2026-01-16 09:50:00,3.3684,3.37,3.3612,3.365,26
2026-01-16 09:51:00,3.3601,3.3692,3.355,3.365,79
2026-01-16 09:52:00,3.3612,3.37,3.3612,3.3667,31
2026-01-16 09:53:00,3.36,3.36,3.35,3.35,42
2026-01-16 09:54:00,3.35,3.355,3.335,3.34,224
2026-01-16 09:55:00,3.345,3.345,3.305,3.305,264
2026-01-16 09:56:00,3.3099,3.32,3.3,3.3101,126
2026-01-16 09:57:00,3.31,3.32,3.31,3.3198,38
2026-01-16 09:58:00,3.315,3.32,3.31,3.315,20
2026-01-16 09:59:00,3.315,3.3154,3.305,3.305,54
2026-01-16 10:00:00,3.31,3.32,3.31,3.3149,91
2026-01-16 10:01:00,3.315,3.325,3.315,3.325,24
2026-01-16 10:02:00,3.32,3.32,3.3087,3.315,336
2026-01-16 10:03:00,3.3192,3.325,3.315,3.32,185
2026-01-16 10:04:00,3.32,3.32,3.315,3.315,27
2026-01-16 10:05:00,3.315,3.3255,3.315,3.325,41
2026-01-16 10:06:00,3.325,3.33,3.325,3.3285,20
2026-01-16 10:07:00,3.3297,3.33,3.325,3.33,83
2026-01-16 10:08:00,3.33,3.33,3.3145,3.315,88
2026-01-16 10:09:00,3.315,3.32,3.31,3.315,35
2026-01-16 10:10:00,3.3185,3.325,3.31,3.32,276
2026-01-16 10:11:00,3.325,3.3285,3.3214,3.325,13
2026-01-16 10:12:00,3.325,3.325,3.315,3.315,184
2026-01-16 10:13:00,3.32,3.33,3.315,3.32,168
2026-01-16 10:14:00,3.325,3.33,3.315,3.33,122
2026-01-16 10:15:00,3.325,3.3286,3.32,3.32,27
2026-01-16 10:16:00,3.325,3.3299,3.32,3.325,25
2026-01-16 10:17:00,3.3227,3.33,3.32,3.325,35
2026-01-16 10:18:00,3.3201,3.325,3.315,3.325,240
2026-01-16 10:19:00,3.325,3.325,3.31,3.315,41
2026-01-16 10:20:00,3.315,3.325,3.315,3.325,119
2026-01-16 10:21:00,3.3299,3.3299,3.325,3.325,14
2026-01-16 10:22:00,3.325,3.325,3.31,3.315,81
2026-01-16 10:23:00,3.3151,3.32,3.315,3.32,14
2026-01-16 10:24:00,3.32,3.325,3.3199,3.32,175
2026-01-16 10:25:00,3.32,3.325,3.32,3.32,11
2026-01-16 10:26:00,3.315,3.3286,3.3111,3.325,130
2026-01-16 10:27:00,3.325,3.3284,3.32,3.325,7
2026-01-16 10:28:00,3.3299,3.335,3.3299,3.33,69
2026-01-16 10:29:00,3.335,3.335,3.31,3.3154,206
2026-01-16 10:30:00,3.315,3.33,3.315,3.325,51
2026-01-16 10:31:00,3.335,3.335,3.3102,3.315,288
2026-01-16 10:32:00,3.3186,3.3186,3.31,3.31,126
2026-01-16 10:33:00,3.31,3.315,3.31,3.315,67
2026-01-16 10:34:00,3.3101,3.315,3.31,3.31,15
2026-01-16 10:35:00,3.3101,3.3154,3.31,3.315,29
2026-01-16 10:36:00,3.315,3.315,3.29,3.295,563
2026-01-16 10:37:00,3.295,3.295,3.29,3.29,190
2026-01-16 10:38:00,3.2985,3.2985,3.29,3.295,51
2026-01-16 10:39:00,3.2999,3.2999,3.2999,3.2999,1
2026-01-16 10:40:00,3.295,3.2982,3.295,3.295,109
2026-01-16 10:41:00,3.295,3.3,3.2903,3.295,56
2026-01-16 10:42:00,3.29,3.295,3.29,3.295,91
2026-01-16 10:43:00,3.29,3.29,3.28,3.2898,256
2026-01-16 10:44:00,3.28,3.285,3.275,3.28,381
2026-01-16 10:45:00,3.2814,3.285,3.2748,3.285,152
2026-01-16 10:46:00,3.28,3.28,3.2746,3.275,42
2026-01-16 10:47:00,3.2763,3.2763,3.27,3.275,13
2026-01-16 10:48:00,3.275,3.2785,3.275,3.275,13
2026-01-16 10:49:00,3.275,3.275,3.275,3.275,58
2026-01-16 10:50:00,3.2746,3.285,3.2715,3.285,52
2026-01-16 10:51:00,3.285,3.285,3.28,3.285,96
2026-01-16 10:52:00,3.281,3.2859,3.27,3.275,176
2026-01-16 10:53:00,3.2787,3.2787,3.27,3.2707,80
2026-01-16 10:54:00,3.275,3.275,3.275,3.275,59
2026-01-16 10:55:00,3.275,3.277,3.275,3.275,28
2026-01-16 10:56:00,3.2746,3.275,3.265,3.265,151
2026-01-16 10:57:00,3.265,3.265,3.26,3.265,36
2026-01-16 10:58:00,3.265,3.275,3.26,3.27,717
2026-01-16 10:59:00,3.27,3.275,3.27,3.2701,34
2026-01-16 11:00:00,3.275,3.2761,3.26,3.27,281
2026-01-16 11:01:00,3.275,3.275,3.26,3.275,427
2026-01-16 11:02:00,3.275,3.28,3.2737,3.28,48
2026-01-16 11:03:00,3.275,3.275,3.27,3.275,45
2026-01-16 11:04:00,3.275,3.28,3.275,3.275,62
2026-01-16 11:05:00,3.28,3.2898,3.28,3.285,191
2026-01-16 11:06:00,3.285,3.29,3.285,3.285,103
2026-01-16 11:07:00,3.285,3.29,3.28,3.28,125
2026-01-16 11:08:00,3.2899,3.2899,3.28,3.285,56
2026-01-16 11:09:00,3.285,3.29,3.285,3.285,55
2026-01-16 11:10:00,3.285,3.3,3.285,3.295,115
2026-01-16 11:11:00,3.295,3.3,3.29,3.295,41
2026-01-16 11:12:00,3.2986,3.315,3.2946,3.315,214
2026-01-16 11:13:00,3.315,3.315,3.3141,3.3141,12
2026-01-16 11:14:00,3.315,3.325,3.315,3.325,21
2026-01-16 11:15:00,3.32,3.32,3.3,3.305,589
2026-01-16 11:16:00,3.305,3.305,3.3,3.3,12
2026-01-16 11:17:00,3.3,3.325,3.3,3.32,104
2026-01-16 11:18:00,3.3201,3.3201,3.315,3.315,68
2026-01-16 11:19:00,3.315,3.32,3.315,3.315,46
2026-01-16 11:20:00,3.32,3.32,3.32,3.32,10
2026-01-16 11:21:00,3.3101,3.315,3.3101,3.315,29
2026-01-16 11:22:00,3.315,3.315,3.315,3.315,5
2026-01-16 11:23:00,3.315,3.315,3.315,3.315,2
2026-01-16 11:24:00,3.318,3.32,3.315,3.315,50
2026-01-16 11:25:00,3.315,3.32,3.315,3.315,7
2026-01-16 11:26:00,3.315,3.315,3.31,3.3106,21
2026-01-16 11:27:00,3.315,3.32,3.31,3.31,45
2026-01-16 11:28:00,3.315,3.32,3.315,3.32,62
2026-01-16 11:29:00,3.31,3.315,3.31,3.31,7
2026-01-16 11:30:00,3.32,3.32,3.315,3.315,12
2026-01-16 11:31:00,3.32,3.32,3.315,3.315,26
2026-01-16 11:32:00,3.32,3.32,3.315,3.315,33
2026-01-16 11:33:00,3.32,3.32,3.31,3.315,11
2026-01-16 11:34:00,3.315,3.315,3.31,3.315,108
2026-01-16 11:35:00,3.31,3.315,3.31,3.315,61
2026-01-16 11:36:00,3.3141,3.325,3.31,3.315,364
2026-01-16 11:37:00,3.315,3.32,3.315,3.32,22
2026-01-16 11:38:00,3.32,3.325,3.32,3.325,136
2026-01-16 11:39:00,3.3237,3.325,3.3236,3.3236,64
2026-01-16 11:40:00,3.32,3.3258,3.32,3.3258,47
2026-01-16 11:41:00,3.325,3.3254,3.3202,3.325,66
2026-01-16 11:42:00,3.325,3.3299,3.325,3.3299,113
2026-01-16 11:43:00,3.325,3.335,3.325,3.33,159
2026-01-16 11:44:00,3.325,3.325,3.3226,3.3226,34
2026-01-16 11:45:00,3.325,3.33,3.32,3.325,44
2026-01-16 11:46:00,3.3201,3.325,3.315,3.3167,84
2026-01-16 11:47:00,3.315,3.3169,3.315,3.315,61
2026-01-16 11:48:00,3.315,3.315,3.315,3.315,4
2026-01-16 11:49:00,3.315,3.315,3.315,3.315,1
2026-01-16 11:50:00,3.315,3.325,3.315,3.325,29
2026-01-16 11:51:00,3.3264,3.3264,3.3264,3.3264,15
2026-01-16 11:52:00,3.325,3.33,3.32,3.33,21
2026-01-16 11:53:00,3.325,3.3276,3.325,3.325,81
2026-01-16 11:54:00,3.33,3.33,3.325,3.33,13
2026-01-16 11:55:00,3.325,3.3253,3.324,3.324,14
2026-01-16 11:56:00,3.325,3.325,3.325,3.325,13
2026-01-16 11:57:00,3.325,3.33,3.32,3.325,14
2026-01-16 11:58:00,3.325,3.325,3.32,3.325,8
2026-01-16 11:59:00,3.325,3.325,3.325,3.325,7
2026-01-16 12:00:00,3.325,3.325,3.325,3.325,1
2026-01-16 12:01:00,3.325,3.33,3.32,3.325,30
2026-01-16 12:02:00,3.325,3.33,3.32,3.325,143
2026-01-16 12:03:00,3.325,3.3299,3.32,3.32,20
2026-01-16 12:04:00,3.325,3.325,3.32,3.32,5
2026-01-16 12:05:00,3.32,3.32,3.32,3.32,4
2026-01-16 12:06:00,3.32,3.325,3.315,3.32,101
2026-01-16 12:07:00,3.32,3.32,3.315,3.315,33
2026-01-16 12:08:00,3.32,3.3255,3.32,3.3237,45
2026-01-16 12:09:00,3.3255,3.33,3.3255,3.33,41
2026-01-16 12:10:00,3.325,3.325,3.3203,3.3216,24
2026-01-16 12:11:00,3.32,3.32,3.32,3.32,89
2026-01-16 12:12:00,3.32,3.32,3.32,3.32,0
2026-01-16 12:13:00,3.325,3.3266,3.325,3.3264,13
2026-01-16 12:14:00,3.325,3.325,3.325,3.325,3
2026-01-16 12:15:00,3.325,3.3254,3.325,3.3254,4
2026-01-16 12:16:00,3.325,3.326,3.3245,3.325,162
2026-01-16 12:17:00,3.325,3.325,3.325,3.325,5
2026-01-16 12:18:00,3.325,3.33,3.325,3.325,43
2026-01-16 12:19:00,3.32,3.3254,3.315,3.315,59
2026-01-16 12:20:00,3.31,3.315,3.31,3.3113,109
2026-01-16 12:21:00,3.31,3.3162,3.31,3.315,7
2026-01-16 12:22:00,3.315,3.315,3.315,3.315,17
2026-01-16 12:23:00,3.315,3.325,3.315,3.325,52
2026-01-16 12:24:00,3.325,3.325,3.325,3.325,6
2026-01-16 12:25:00,3.325,3.325,3.3236,3.325,84
2026-01-16 12:26:00,3.325,3.325,3.325,3.325,3
2026-01-16 12:27:00,3.325,3.325,3.325,3.325,1
2026-01-16 12:28:00,3.325,3.325,3.32,3.32,47
2026-01-16 12:29:00,3.32,3.32,3.32,3.32,0
2026-01-16 12:30:00,3.3213,3.3213,3.3213,3.3213,4
2026-01-16 12:31:00,3.32,3.32,3.315,3.315,74
2026-01-16 12:32:00,3.315,3.315,3.31,3.31,51
2026-01-16 12:33:00,3.315,3.3199,3.315,3.3199,18
2026-01-16 12:34:00,3.315,3.315,3.315,3.315,2
2026-01-16 12:35:00,3.315,3.3185,3.315,3.315,15
2026-01-16 12:36:00,3.315,3.3169,3.31,3.315,64
2026-01-16 12:37:00,3.3189,3.3189,3.3189,3.3189,4
2026-01-16 12:38:00,3.315,3.3164,3.315,3.3164,15
2026-01-16 12:39:00,3.315,3.325,3.315,3.325,59
2026-01-16 12:40:00,3.325,3.325,3.3208,3.325,27
2026-01-16 12:41:00,3.3248,3.33,3.32,3.33,189
2026-01-16 12:42:00,3.33,3.33,3.315,3.315,192
2026-01-16 12:43:00,3.315,3.3163,3.31,3.3145,53
2026-01-16 12:44:00,3.3145,3.3145,3.3145,3.3145,0
2026-01-16 12:45:00,3.31,3.31,3.31,3.31,1
2026-01-16 12:46:00,3.3114,3.3114,3.31,3.31,27
2026-01-16 12:47:00,3.31,3.32,3.31,3.32,7
2026-01-16 12:48:00,3.315,3.315,3.315,3.315,31
2026-01-16 12:49:00,3.315,3.3199,3.315,3.3199,13
2026-01-16 12:50:00,3.32,3.32,3.315,3.315,27
2026-01-16 12:51:00,3.315,3.32,3.315,3.315,31
2026-01-16 12:52:00,3.315,3.3165,3.315,3.315,8
2026-01-16 12:53:00,3.315,3.325,3.315,3.325,252
2026-01-16 12:54:00,3.3237,3.33,3.3237,3.325,42
2026-01-16 12:55:00,3.3246,3.33,3.3246,3.33,8
2026-01-16 12:56:00,3.3299,3.3299,3.32,3.32,18
2026-01-16 12:57:00,3.325,3.335,3.325,3.33,42
2026-01-16 12:58:00,3.3399,3.34,3.335,3.34,6
2026-01-16 12:59:00,3.335,3.34,3.33,3.335,47
2026-01-16 13:00:00,3.335,3.35,3.33,3.33,299
2026-01-16 13:01:00,3.335,3.34,3.335,3.335,43
2026-01-16 13:02:00,3.34,3.345,3.33,3.335,225
2026-01-16 13:03:00,3.335,3.34,3.335,3.34,27
2026-01-16 13:04:00,3.335,3.34,3.335,3.34,38
2026-01-16 13:05:00,3.335,3.34,3.335,3.335,10
2026-01-16 13:06:00,3.335,3.34,3.335,3.34,31
2026-01-16 13:07:00,3.335,3.345,3.335,3.34,65
2026-01-16 13:08:00,3.335,3.35,3.335,3.34,91
2026-01-16 13:09:00,3.35,3.35,3.34,3.35,53
2026-01-16 13:10:00,3.35,3.35,3.3433,3.35,78
2026-01-16 13:11:00,3.35,3.35,3.345,3.35,44
2026-01-16 13:12:00,3.35,3.35,3.345,3.345,10
2026-01-16 13:13:00,3.35,3.35,3.345,3.35,20
2026-01-16 13:14:00,3.345,3.35,3.345,3.345,31
2026-01-16 13:15:00,3.345,3.3499,3.345,3.345,10
2026-01-16 13:16:00,3.3473,3.3473,3.345,3.345,8
2026-01-16 13:17:00,3.345,3.35,3.345,3.345,7
2026-01-16 13:18:00,3.345,3.35,3.34,3.345,46
2026-01-16 13:19:00,3.345,3.345,3.34,3.345,60
2026-01-16 13:20:00,3.345,3.345,3.345,3.345,3
2026-01-16 13:21:00,3.345,3.345,3.345,3.345,4
2026-01-16 13:22:00,3.345,3.345,3.34,3.34,18
2026-01-16 13:23:00,3.345,3.345,3.34,3.34,82
2026-01-16 13:24:00,3.335,3.3385,3.335,3.335,5
2026-01-16 13:25:00,3.335,3.345,3.335,3.345,151
2026-01-16 13:26:00,3.3454,3.3454,3.3454,3.3454,11
2026-01-16 13:27:00,3.345,3.345,3.3414,3.3414,9
2026-01-16 13:28:00,3.35,3.35,3.345,3.345,22
2026-01-16 13:29:00,3.345,3.345,3.34,3.34,13
2026-01-16 13:30:00,3.3437,3.345,3.3437,3.345,11
2026-01-16 13:31:00,3.345,3.345,3.345,3.345,4
2026-01-16 13:32:00,3.345,3.345,3.345,3.345,3
2026-01-16 13:33:00,3.34,3.345,3.34,3.345,2
2026-01-16 13:34:00,3.345,3.35,3.345,3.35,21
2026-01-16 13:35:00,3.3446,3.3487,3.32,3.325,292
2026-01-16 13:36:00,3.3283,3.3335,3.3283,3.3302,69
2026-01-16 13:37:00,3.3302,3.3302,3.3302,3.3302,0
2026-01-16 13:38:00,3.335,3.335,3.335,3.335,1
2026-01-16 13:39:00,3.335,3.335,3.335,3.335,0
2026-01-16 13:40:00,3.335,3.335,3.325,3.325,35
2026-01-16 13:41:00,3.325,3.327,3.325,3.327,19
2026-01-16 13:42:00,3.325,3.33,3.325,3.33,53
2026-01-16 13:43:00,3.33,3.335,3.33,3.335,10
2026-01-16 13:44:00,3.335,3.335,3.325,3.325,43
2026-01-16 13:45:00,3.3269,3.33,3.325,3.33,6
2026-01-16 13:46:00,3.325,3.325,3.325,3.325,6
2026-01-16 13:47:00,3.325,3.3299,3.3206,3.3206,67
2026-01-16 13:48:00,3.3214,3.3214,3.3214,3.3214,1
2026-01-16 13:49:00,3.325,3.325,3.305,3.31,273
2026-01-16 13:50:00,3.305,3.305,3.3033,3.305,48
2026-01-16 13:51:00,3.3026,3.3086,3.3,3.3086,15
2026-01-16 13:52:00,3.3,3.305,3.3,3.3,11
2026-01-16 13:53:00,3.3001,3.308,3.295,3.308,315
2026-01-16 13:54:00,3.305,3.3086,3.305,3.3086,66
2026-01-16 13:55:00,3.305,3.308,3.2901,3.305,386
2026-01-16 13:56:00,3.305,3.305,3.3045,3.3045,5
2026-01-16 13:57:00,3.305,3.3166,3.305,3.3166,236
2026-01-16 13:58:00,3.31,3.31,3.31,3.31,14
2026-01-16 13:59:00,3.315,3.315,3.31,3.315,3
2026-01-16 14:00:00,3.315,3.315,3.315,3.315,1
2026-01-16 14:01:00,3.3185,3.3185,3.315,3.315,5
2026-01-16 14:02:00,3.315,3.32,3.315,3.315,21
2026-01-16 14:03:00,3.315,3.32,3.315,3.315,132
2026-01-16 14:04:00,3.315,3.3199,3.31,3.315,100
2026-01-16 14:05:00,3.32,3.32,3.315,3.315,8
2026-01-16 14:06:00,3.3182,3.3182,3.315,3.315,12
2026-01-16 14:07:00,3.315,3.32,3.315,3.315,43
2026-01-16 14:08:00,3.315,3.315,3.305,3.305,91
2026-01-16 14:09:00,3.3099,3.3153,3.3099,3.315,75
2026-01-16 14:10:00,3.315,3.315,3.315,3.315,0
2026-01-16 14:11:00,3.315,3.315,3.315,3.315,1
2026-01-16 14:12:00,3.315,3.315,3.315,3.315,0
2026-01-16 14:13:00,3.315,3.32,3.3114,3.32,8
2026-01-16 14:14:00,3.315,3.32,3.315,3.32,2
2026-01-16 14:15:00,3.315,3.315,3.31,3.315,10
2026-01-16 14:16:00,3.31,3.315,3.31,3.315,18
2026-01-16 14:17:00,3.315,3.315,3.31,3.31,34
2026-01-16 14:18:00,3.305,3.305,3.3,3.305,40
2026-01-16 14:19:00,3.305,3.305,3.305,3.305,1
2026-01-16 14:20:00,3.305,3.305,3.3,3.3026,97
2026-01-16 14:21:00,3.305,3.305,3.305,3.305,56
2026-01-16 14:22:00,3.305,3.305,3.305,3.305,1
2026-01-16 14:23:00,3.305,3.305,3.3,3.3014,5
2026-01-16 14:24:00,3.305,3.305,3.3,3.3,34
2026-01-16 14:25:00,3.305,3.305,3.295,3.295,172
2026-01-16 14:26:00,3.295,3.295,3.295,3.295,11
2026-01-16 14:27:00,3.295,3.295,3.29,3.29,43
2026-01-16 14:28:00,3.29,3.3,3.29,3.3,19
2026-01-16 14:29:00,3.29,3.2954,3.29,3.295,11
2026-01-16 14:30:00,3.2919,3.295,3.29,3.29,9
2026-01-16 14:31:00,3.2988,3.3,3.29,3.29,35
2026-01-16 14:32:00,3.295,3.3,3.295,3.295,13
2026-01-16 14:33:00,3.2916,3.295,3.29,3.295,31
2026-01-16 14:34:00,3.295,3.295,3.29,3.2917,43
2026-01-16 14:35:00,3.295,3.2999,3.29,3.2981,26
2026-01-16 14:36:00,3.295,3.295,3.295,3.295,7
2026-01-16 14:37:00,3.295,3.295,3.2907,3.2907,4
2026-01-16 14:38:00,3.295,3.3,3.29,3.2958,50
2026-01-16 14:39:00,3.295,3.3,3.295,3.295,56
2026-01-16 14:40:00,3.3,3.305,3.295,3.305,133
2026-01-16 14:41:00,3.305,3.305,3.305,3.305,0
2026-01-16 14:42:00,3.3,3.305,3.3,3.305,11
2026-01-16 14:43:00,3.305,3.305,3.3037,3.305,20
2026-01-16 14:44:00,3.305,3.3079,3.3001,3.305,8
2026-01-16 14:45:00,3.305,3.31,3.305,3.305,9
2026-01-16 14:46:00,3.305,3.305,3.3,3.305,18
2026-01-16 14:47:00,3.305,3.31,3.3,3.3,7
2026-01-16 14:48:00,3.305,3.305,3.305,3.305,3
2026-01-16 14:49:00,3.31,3.31,3.295,3.295,76
2026-01-16 14:50:00,3.295,3.295,3.29,3.29,136
2026-01-16 14:51:00,3.295,3.2986,3.285,3.29,131
2026-01-16 14:52:00,3.295,3.295,3.29,3.295,57
2026-01-16 14:53:00,3.29,3.295,3.29,3.295,6
2026-01-16 14:54:00,3.29,3.295,3.29,3.295,18
2026-01-16 14:55:00,3.2901,3.295,3.2901,3.295,19
2026-01-16 14:56:00,3.2964,3.2964,3.295,3.295,11
2026-01-16 14:57:00,3.3,3.3,3.295,3.2958,7
2026-01-16 14:58:00,3.295,3.295,3.29,3.295,10
2026-01-16 14:59:00,3.2967,3.2967,3.295,3.295,19
2026-01-16 15:00:00,3.295,3.295,3.2816,3.285,201
2026-01-16 15:01:00,3.2886,3.2886,3.285,3.285,13
2026-01-16 15:02:00,3.285,3.2885,3.285,3.285,29
2026-01-16 15:03:00,3.285,3.285,3.285,3.285,28
2026-01-16 15:04:00,3.285,3.2897,3.285,3.285,72
2026-01-16 15:05:00,3.285,3.2858,3.275,3.275,138
2026-01-16 15:06:00,3.275,3.29,3.27,3.29,250
2026-01-16 15:07:00,3.285,3.285,3.28,3.28,17
2026-01-16 15:08:00,3.28,3.28,3.28,3.28,0
2026-01-16 15:09:00,3.285,3.29,3.285,3.29,72
2026-01-16 15:10:00,3.285,3.285,3.2808,3.2808,10
2026-01-16 15:11:00,3.28,3.2858,3.28,3.2858,31
2026-01-16 15:12:00,3.282,3.285,3.28,3.285,70
2026-01-16 15:13:00,3.285,3.29,3.28,3.2857,127
2026-01-16 15:14:00,3.285,3.285,3.285,3.285,3
2026-01-16 15:15:00,3.29,3.29,3.285,3.285,2
2026-01-16 15:16:00,3.28,3.285,3.275,3.275,117
2026-01-16 15:17:00,3.275,3.285,3.275,3.2813,89
2026-01-16 15:18:00,3.28,3.28,3.28,3.28,1
2026-01-16 15:19:00,3.28,3.2867,3.28,3.2867,18
2026-01-16 15:20:00,3.285,3.285,3.285,3.285,1
2026-01-16 15:21:00,3.2887,3.2887,3.2825,3.2845,13
2026-01-16 15:22:00,3.285,3.2895,3.28,3.2895,54
2026-01-16 15:23:00,3.28,3.2886,3.28,3.2854,17
2026-01-16 15:24:00,3.28,3.28,3.2709,3.2709,146
2026-01-16 15:25:00,3.28,3.28,3.275,3.275,36
2026-01-16 15:26:00,3.275,3.28,3.275,3.275,24
2026-01-16 15:27:00,3.2787,3.28,3.27,3.28,25
2026-01-16 15:28:00,3.275,3.28,3.2701,3.275,68
2026-01-16 15:29:00,3.2758,3.2758,3.27,3.275,22
2026-01-16 15:30:00,3.275,3.28,3.275,3.275,74
2026-01-16 15:31:00,3.2766,3.28,3.275,3.275,32
2026-01-16 15:32:00,3.275,3.275,3.275,3.275,42
2026-01-16 15:33:00,3.275,3.28,3.275,3.275,41
2026-01-16 15:34:00,3.275,3.28,3.275,3.28,81
2026-01-16 15:35:00,3.275,3.28,3.27,3.275,154
2026-01-16 15:36:00,3.275,3.28,3.275,3.28,183
2026-01-16 15:37:00,3.278,3.28,3.275,3.275,80
2026-01-16 15:38:00,3.275,3.28,3.275,3.28,21
2026-01-16 15:39:00,3.28,3.28,3.265,3.28,1710
2026-01-16 15:40:00,3.275,3.275,3.27,3.275,438
2026-01-16 15:41:00,3.275,3.28,3.27,3.275,74
2026-01-16 15:42:00,3.2783,3.2783,3.2712,3.275,13
2026-01-16 15:43:00,3.27,3.2886,3.27,3.285,200
2026-01-16 15:44:00,3.2885,3.29,3.285,3.285,39
2026-01-16 15:45:00,3.285,3.29,3.28,3.285,234
2026-01-16 15:46:00,3.285,3.285,3.2715,3.275,254
2026-01-16 15:47:00,3.275,3.275,3.275,3.275,38
2026-01-16 15:48:00,3.275,3.28,3.275,3.275,17
2026-01-16 15:49:00,3.275,3.275,3.27,3.275,79
2026-01-16 15:50:00,3.28,3.3,3.275,3.295,663
2026-01-16 15:51:00,3.29,3.3,3.29,3.295,162
2026-01-16 15:52:00,3.29,3.31,3.29,3.31,487
2026-01-16 15:53:00,3.31,3.31,3.305,3.31,118
2026-01-16 15:54:00,3.305,3.31,3.295,3.305,834
2026-01-16 15:55:00,3.305,3.3099,3.29,3.2925,427
2026-01-16 15:56:00,3.29,3.295,3.285,3.285,429
2026-01-16 15:57:00,3.2884,3.29,3.285,3.29,107
2026-01-16 15:58:00,3.29,3.305,3.285,3.29,965
2026-01-16 15:59:00,3.295,3.305,3.29,3.295,834
2026-01-20 09:30:00,3.29,3.29,3.25,3.26,1592
2026-01-20 09:31:00,3.27,3.2771,3.23,3.265,988
2026-01-20 09:32:00,3.265,3.27,3.24,3.26,1262
2026-01-20 09:33:00,3.25,3.2587,3.21,3.245,1668
2026-01-20 09:34:00,3.2301,3.26,3.22,3.236,967
2026-01-20 09:35:00,3.235,3.2517,3.2182,3.2182,796
2026-01-20 09:36:00,3.231,3.2368,3.2182,3.235,104
2026-01-20 09:37:00,3.235,3.2488,3.21,3.2368,641
2026-01-20 09:38:00,3.225,3.24,3.2184,3.2399,386
2026-01-20 09:39:00,3.2393,3.2393,3.23,3.238,82
2026-01-20 09:40:00,3.2345,3.255,3.22,3.255,543
2026-01-20 09:41:00,3.2587,3.26,3.255,3.2586,67
2026-01-20 09:42:00,3.2585,3.27,3.25,3.265,322
2026-01-20 09:43:00,3.265,3.3,3.265,3.3,142
2026-01-20 09:44:00,3.3,3.3,3.28,3.286,46
2026-01-20 09:45:00,3.28,3.2899,3.27,3.28,63
2026-01-20 09:46:00,3.27,3.2789,3.265,3.265,37
2026-01-20 09:47:00,3.271,3.28,3.25,3.265,255
2026-01-20 09:48:00,3.266,3.2699,3.26,3.265,69
2026-01-20 09:49:00,3.265,3.27,3.26,3.27,201
2026-01-20 09:50:00,3.265,3.2783,3.255,3.275,110
2026-01-20 09:51:00,3.276,3.278,3.2718,3.275,14
2026-01-20 09:52:00,3.279,3.29,3.275,3.29,63
2026-01-20 09:53:00,3.296,3.3,3.28,3.28,30
2026-01-20 09:54:00,3.28,3.285,3.26,3.26,501
2026-01-20 09:55:00,3.26,3.26,3.235,3.245,507
2026-01-20 09:56:00,3.246,3.255,3.245,3.255,201
2026-01-20 09:57:00,3.256,3.266,3.255,3.265,25
2026-01-20 09:58:00,3.265,3.265,3.265,3.265,26
2026-01-20 09:59:00,3.265,3.27,3.26,3.265,73
2026-01-20 10:00:00,3.265,3.28,3.265,3.275,71
2026-01-20 10:01:00,3.28,3.29,3.2717,3.285,70
2026-01-20 10:02:00,3.285,3.295,3.2833,3.295,76
2026-01-20 10:03:00,3.295,3.2987,3.29,3.29,49
2026-01-20 10:04:00,3.3,3.3199,3.29,3.315,655
2026-01-20 10:05:00,3.315,3.32,3.3,3.315,339
2026-01-20 10:06:00,3.3193,3.32,3.315,3.315,44
2026-01-20 10:07:00,3.3177,3.34,3.3177,3.335,272
2026-01-20 10:08:00,3.3385,3.3385,3.33,3.335,24
2026-01-20 10:09:00,3.335,3.3385,3.33,3.33,92
2026-01-20 10:10:00,3.325,3.345,3.32,3.345,87
2026-01-20 10:11:00,3.34,3.35,3.34,3.3463,221
2026-01-20 10:12:00,3.3412,3.37,3.3412,3.355,157
2026-01-20 10:13:00,3.36,3.385,3.355,3.385,77
2026-01-20 10:14:00,3.385,3.395,3.3801,3.3801,189
2026-01-20 10:15:00,3.388,3.39,3.38,3.3887,68
2026-01-20 10:16:00,3.3899,3.41,3.385,3.41,422
2026-01-20 10:17:00,3.4059,3.44,3.4,3.435,272
2026-01-20 10:18:00,3.4386,3.4485,3.43,3.4466,287
2026-01-20 10:19:00,3.45,3.46,3.445,3.4545,79
2026-01-20 10:20:00,3.4547,3.465,3.4401,3.46,245
2026-01-20 10:21:00,3.4599,3.4725,3.455,3.47,116
2026-01-20 10:22:00,3.4799,3.49,3.47,3.485,209
2026-01-20 10:23:00,3.485,3.5199,3.485,3.5199,342
2026-01-20 10:24:00,3.515,3.52,3.5036,3.505,186
2026-01-20 10:25:00,3.5,3.51,3.5,3.5014,302
2026-01-20 10:26:00,3.5097,3.515,3.5,3.5114,605
2026-01-20 10:27:00,3.515,3.52,3.5,3.5,126
2026-01-20 10:28:00,3.5087,3.515,3.505,3.515,148
2026-01-20 10:29:00,3.515,3.52,3.51,3.5135,162
2026-01-20 10:30:00,3.515,3.52,3.5116,3.5192,64
2026-01-20 10:31:00,3.515,3.52,3.5,3.505,145
2026-01-20 10:32:00,3.505,3.515,3.505,3.51,54
2026-01-20 10:33:00,3.5116,3.53,3.51,3.5214,147
2026-01-20 10:34:00,3.525,3.54,3.52,3.54,251
2026-01-20 10:35:00,3.54,3.55,3.53,3.545,156
2026-01-20 10:36:00,3.545,3.5486,3.54,3.5408,116
2026-01-20 10:37:00,3.55,3.55,3.53,3.5301,424
2026-01-20 10:38:00,3.535,3.54,3.5346,3.54,132
2026-01-20 10:39:00,3.54,3.54,3.51,3.51,253
2026-01-20 10:40:00,3.5131,3.515,3.49,3.495,377
2026-01-20 10:41:00,3.4914,3.5,3.4913,3.5,42
2026-01-20 10:42:00,3.5,3.51,3.4945,3.505,131
2026-01-20 10:43:00,3.505,3.505,3.49,3.4995,209
2026-01-20 10:44:00,3.4994,3.5086,3.495,3.505,40
2026-01-20 10:45:00,3.505,3.51,3.5,3.5,11
2026-01-20 10:46:00,3.505,3.535,3.5015,3.515,350
2026-01-20 10:47:00,3.5114,3.515,3.49,3.49,320
2026-01-20 10:48:00,3.495,3.495,3.47,3.475,180
2026-01-20 10:49:00,3.475,3.4763,3.47,3.47,39
2026-01-20 10:50:00,3.475,3.475,3.45,3.465,154
2026-01-20 10:51:00,3.465,3.475,3.46,3.475,35
2026-01-20 10:52:00,3.47,3.485,3.47,3.485,30
2026-01-20 10:53:00,3.485,3.485,3.48,3.48,52
2026-01-20 10:54:00,3.48,3.48,3.47,3.475,59
2026-01-20 10:55:00,3.475,3.48,3.4714,3.48,40
2026-01-20 10:56:00,3.475,3.48,3.475,3.4798,17
2026-01-20 10:57:00,3.475,3.49,3.475,3.49,42
2026-01-20 10:58:00,3.485,3.49,3.4842,3.49,32
2026-01-20 10:59:00,3.49,3.51,3.48,3.505,555
2026-01-20 11:00:00,3.505,3.51,3.495,3.495,43
2026-01-20 11:01:00,3.4924,3.4924,3.48,3.4898,69
2026-01-20 11:02:00,3.485,3.485,3.475,3.475,19
2026-01-20 11:03:00,3.47,3.475,3.47,3.475,51
2026-01-20 11:04:00,3.475,3.4758,3.47,3.475,40
2026-01-20 11:05:00,3.475,3.4791,3.47,3.47,21
2026-01-20 11:06:00,3.4714,3.475,3.47,3.475,56
2026-01-20 11:07:00,3.475,3.49,3.475,3.485,56
2026-01-20 11:08:00,3.485,3.49,3.485,3.49,84
2026-01-20 11:09:00,3.49,3.49,3.48,3.485,31
2026-01-20 11:10:00,3.485,3.49,3.485,3.49,10
2026-01-20 11:11:00,3.49,3.5,3.4846,3.495,83
2026-01-20 11:12:00,3.4986,3.4986,3.48,3.4894,114
2026-01-20 11:13:00,3.485,3.49,3.485,3.485,23
2026-01-20 11:14:00,3.4801,3.4899,3.48,3.485,120
2026-01-20 11:15:00,3.4887,3.495,3.485,3.495,42
2026-01-20 11:16:00,3.49,3.49,3.47,3.47,69
2026-01-20 11:17:00,3.473,3.485,3.47,3.48,48
2026-01-20 11:18:00,3.48,3.485,3.48,3.485,9
2026-01-20 11:19:00,3.48,3.485,3.48,3.485,42
2026-01-20 11:20:00,3.485,3.51,3.485,3.505,300
2026-01-20 11:21:00,3.51,3.52,3.505,3.5114,139
2026-01-20 11:22:00,3.515,3.52,3.485,3.495,178
2026-01-20 11:23:00,3.495,3.495,3.495,3.495,4
2026-01-20 11:24:00,3.495,3.5,3.485,3.495,70
2026-01-20 11:25:00,3.49,3.49,3.49,3.49,1
2026-01-20 11:26:00,3.4946,3.505,3.4946,3.505,28
2026-01-20 11:27:00,3.51,3.515,3.49,3.495,100
2026-01-20 11:28:00,3.49,3.495,3.4899,3.495,28
2026-01-20 11:29:00,3.495,3.5,3.49,3.495,168
2026-01-20 11:30:00,3.495,3.495,3.49,3.495,28
2026-01-20 11:31:00,3.495,3.495,3.495,3.495,9
2026-01-20 11:32:00,3.495,3.505,3.495,3.505,43
2026-01-20 11:33:00,3.505,3.505,3.505,3.505,36
2026-01-20 11:34:00,3.5025,3.52,3.5025,3.52,67
2026-01-20 11:35:00,3.51,3.52,3.51,3.515,18
2026-01-20 11:36:00,3.515,3.52,3.515,3.515,79
2026-01-20 11:37:00,3.5127,3.52,3.5118,3.515,98
2026-01-20 11:38:00,3.515,3.52,3.51,3.5101,41
2026-01-20 11:39:00,3.515,3.52,3.515,3.515,59
2026-01-20 11:40:00,3.515,3.52,3.495,3.495,235
2026-01-20 11:41:00,3.4988,3.4988,3.485,3.485,46
2026-01-20 11:42:00,3.49,3.49,3.48,3.485,8
2026-01-20 11:43:00,3.485,3.485,3.48,3.485,25
2026-01-20 11:44:00,3.48,3.485,3.48,3.48,36
2026-01-20 11:45:00,3.4801,3.4899,3.475,3.48,208
2026-01-20 11:46:00,3.48,3.485,3.48,3.485,4
2026-01-20 11:47:00,3.48,3.489,3.48,3.48,52
2026-01-20 11:48:00,3.48,3.485,3.475,3.475,45
2026-01-20 11:49:00,3.4754,3.4899,3.475,3.485,58
2026-01-20 11:50:00,3.485,3.5,3.485,3.495,273
2026-01-20 11:51:00,3.495,3.495,3.495,3.495,13
2026-01-20 11:52:00,3.495,3.5,3.495,3.4993,95
2026-01-20 11:53:00,3.495,3.5,3.495,3.495,58
2026-01-20 11:54:00,3.4984,3.5,3.495,3.5,119
2026-01-20 11:55:00,3.495,3.5,3.49,3.5,35
2026-01-20 11:56:00,3.4946,3.51,3.4946,3.51,167
2026-01-20 11:57:00,3.51,3.52,3.505,3.515,274
2026-01-20 11:58:00,3.5168,3.52,3.51,3.5152,74
2026-01-20 11:59:00,3.515,3.53,3.515,3.53,121
2026-01-20 12:00:00,3.5271,3.53,3.525,3.53,30
2026-01-20 12:01:00,3.525,3.53,3.525,3.53,135
2026-01-20 12:02:00,3.525,3.525,3.51,3.515,82
2026-01-20 12:03:00,3.515,3.52,3.51,3.515,40
2026-01-20 12:04:00,3.515,3.5199,3.514,3.515,23
2026-01-20 12:05:00,3.515,3.515,3.515,3.515,7
2026-01-20 12:06:00,3.515,3.515,3.5101,3.5116,91
2026-01-20 12:07:00,3.515,3.535,3.515,3.525,224
2026-01-20 12:08:00,3.529,3.53,3.52,3.5299,76
2026-01-20 12:09:00,3.53,3.53,3.525,3.53,29
2026-01-20 12:10:00,3.5246,3.53,3.5214,3.53,188
2026-01-20 12:11:00,3.525,3.5399,3.525,3.535,56
2026-01-20 12:12:00,3.535,3.54,3.535,3.535,11
2026-01-20 12:13:00,3.535,3.535,3.525,3.525,46
2026-01-20 12:14:00,3.525,3.53,3.52,3.5246,156
2026-01-20 12:15:00,3.5252,3.5252,3.525,3.525,5
2026-01-20 12:16:00,3.525,3.525,3.525,3.525,14
2026-01-20 12:17:00,3.525,3.525,3.52,3.525,10
2026-01-20 12:18:00,3.525,3.54,3.525,3.535,31
2026-01-20 12:19:00,3.535,3.5482,3.53,3.53,294
2026-01-20 12:20:00,3.535,3.5451,3.535,3.545,106
2026-01-20 12:21:00,3.545,3.545,3.545,3.545,8
2026-01-20 12:22:00,3.545,3.55,3.545,3.545,23
2026-01-20 12:23:00,3.545,3.545,3.54,3.545,7
2026-01-20 12:24:00,3.545,3.5481,3.545,3.545,38
2026-01-20 12:25:00,3.545,3.548,3.545,3.545,115
2026-01-20 12:26:00,3.545,3.5453,3.545,3.545,19
2026-01-20 12:27:00,3.545,3.545,3.53,3.535,171
2026-01-20 12:28:00,3.535,3.535,3.535,3.535,12
2026-01-20 12:29:00,3.535,3.54,3.535,3.535,13
2026-01-20 12:30:00,3.535,3.5385,3.525,3.525,50
2026-01-20 12:31:00,3.5273,3.5299,3.525,3.525,8
2026-01-20 12:32:00,3.525,3.525,3.52,3.52,45
2026-01-20 12:33:00,3.5173,3.52,3.51,3.515,11
2026-01-20 12:34:00,3.51,3.5155,3.51,3.515,6
2026-01-20 12:35:00,3.5101,3.5163,3.51,3.515,26
2026-01-20 12:36:00,3.51,3.5163,3.51,3.5127,25
2026-01-20 12:37:00,3.52,3.52,3.51,3.51,8
2026-01-20 12:38:00,3.515,3.5199,3.51,3.515,19
2026-01-20 12:39:00,3.515,3.525,3.515,3.525,131
2026-01-20 12:40:00,3.525,3.525,3.525,3.525,7
2026-01-20 12:41:00,3.525,3.525,3.525,3.525,4
2026-01-20 12:42:00,3.52,3.5299,3.52,3.52,13
2026-01-20 12:43:00,3.525,3.525,3.5202,3.5202,51
2026-01-20 12:44:00,3.525,3.525,3.5214,3.5214,5
2026-01-20 12:45:00,3.5214,3.525,3.5214,3.525,2
2026-01-20 12:46:00,3.525,3.53,3.5214,3.5214,27
2026-01-20 12:47:00,3.525,3.5269,3.52,3.525,43
2026-01-20 12:48:00,3.525,3.525,3.515,3.515,30
2026-01-20 12:49:00,3.515,3.515,3.515,3.515,14
2026-01-20 12:50:00,3.515,3.52,3.515,3.5186,23
2026-01-20 12:51:00,3.515,3.52,3.51,3.515,151
2026-01-20 12:52:00,3.515,3.515,3.505,3.505,87
2026-01-20 12:53:00,3.505,3.515,3.5,3.515,80
2026-01-20 12:54:00,3.5101,3.515,3.5101,3.515,12
2026-01-20 12:55:00,3.515,3.52,3.515,3.519,6
2026-01-20 12:56:00,3.515,3.515,3.515,3.515,11
2026-01-20 12:57:00,3.51,3.51,3.51,3.51,1
2026-01-20 12:58:00,3.5114,3.515,3.5114,3.515,5
2026-01-20 12:59:00,3.5198,3.5198,3.515,3.515,5
2026-01-20 13:00:00,3.51,3.51,3.51,3.51,1
2026-01-20 13:01:00,3.515,3.52,3.5103,3.515,71
2026-01-20 13:02:00,3.51,3.52,3.51,3.515,28
2026-01-20 13:03:00,3.515,3.52,3.51,3.515,14
2026-01-20 13:04:00,3.5186,3.5186,3.505,3.505,45
2026-01-20 13:05:00,3.505,3.515,3.505,3.515,35
2026-01-20 13:06:00,3.515,3.52,3.515,3.515,5
2026-01-20 13:07:00,3.515,3.525,3.515,3.52,288
2026-01-20 13:08:00,3.525,3.525,3.5201,3.525,24
2026-01-20 13:09:00,3.5251,3.5251,3.5222,3.525,6
2026-01-20 13:10:00,3.525,3.535,3.525,3.535,88
2026-01-20 13:11:00,3.535,3.54,3.535,3.54,10
2026-01-20 13:12:00,3.54,3.54,3.535,3.54,19
2026-01-20 13:13:00,3.535,3.545,3.535,3.545,138
2026-01-20 13:14:00,3.545,3.55,3.54,3.545,50
2026-01-20 13:15:00,3.55,3.55,3.525,3.525,240
2026-01-20 13:16:00,3.525,3.53,3.52,3.5284,6
2026-01-20 13:17:00,3.525,3.5292,3.52,3.5265,23
2026-01-20 13:18:00,3.5286,3.5299,3.515,3.515,26
2026-01-20 13:19:00,3.515,3.52,3.515,3.515,56
2026-01-20 13:20:00,3.5183,3.5199,3.51,3.515,51
2026-01-20 13:21:00,3.515,3.535,3.51,3.525,339
2026-01-20 13:22:00,3.525,3.535,3.525,3.5336,146
2026-01-20 13:23:00,3.535,3.535,3.525,3.525,30
2026-01-20 13:24:00,3.525,3.53,3.525,3.525,117
2026-01-20 13:25:00,3.52,3.5284,3.52,3.525,14
2026-01-20 13:26:00,3.52,3.525,3.52,3.525,2
2026-01-20 13:27:00,3.525,3.525,3.51,3.515,442
2026-01-20 13:28:00,3.515,3.525,3.51,3.52,77
2026-01-20 13:29:00,3.525,3.525,3.525,3.525,29
2026-01-20 13:30:00,3.525,3.53,3.52,3.52,15
2026-01-20 13:31:00,3.525,3.53,3.525,3.525,22
2026-01-20 13:32:00,3.525,3.53,3.5214,3.525,50
2026-01-20 13:33:00,3.525,3.53,3.52,3.52,14
2026-01-20 13:34:00,3.52,3.52,3.51,3.515,363
2026-01-20 13:35:00,3.515,3.5173,3.51,3.515,41
2026-01-20 13:36:00,3.51,3.5107,3.51,3.5107,9
2026-01-20 13:37:00,3.515,3.52,3.51,3.5186,19
2026-01-20 13:38:00,3.515,3.515,3.515,3.515,1
2026-01-20 13:39:00,3.515,3.515,3.505,3.515,67
2026-01-20 13:40:00,3.515,3.52,3.51,3.515,76
2026-01-20 13:41:00,3.515,3.515,3.515,3.515,35
2026-01-20 13:42:00,3.515,3.52,3.515,3.515,9
2026-01-20 13:43:00,3.515,3.515,3.51,3.515,57
2026-01-20 13:44:00,3.5114,3.5114,3.5114,3.5114,4
2026-01-20 13:45:00,3.51,3.51,3.5,3.51,58
2026-01-20 13:46:00,3.505,3.5099,3.5,3.5099,10
2026-01-20 13:47:00,3.505,3.505,3.5,3.5,2
2026-01-20 13:48:00,3.5,3.5,3.4914,3.4986,118
2026-01-20 13:49:00,3.4997,3.505,3.49,3.5,308
2026-01-20 13:50:00,3.49,3.4985,3.49,3.4957,98
2026-01-20 13:51:00,3.5,3.505,3.495,3.495,249
2026-01-20 13:52:00,3.49,3.49,3.49,3.49,2
2026-01-20 13:53:00,3.4954,3.4954,3.49,3.49,20
2026-01-20 13:54:00,3.495,3.4999,3.48,3.48,101
2026-01-20 13:55:00,3.49,3.49,3.4845,3.4899,5
2026-01-20 13:56:00,3.485,3.485,3.485,3.485,1
2026-01-20 13:57:00,3.49,3.5,3.49,3.495,57
2026-01-20 13:58:00,3.4929,3.4987,3.49,3.495,38
2026-01-20 13:59:00,3.4986,3.505,3.49,3.505,60
2026-01-20 14:00:00,3.505,3.505,3.505,3.505,5
2026-01-20 14:01:00,3.505,3.505,3.495,3.495,42
2026-01-20 14:02:00,3.4986,3.505,3.4986,3.505,34
2026-01-20 14:03:00,3.505,3.505,3.5,3.5,43
2026-01-20 14:04:00,3.495,3.495,3.495,3.495,1
2026-01-20 14:05:00,3.4985,3.5,3.4985,3.5,23
2026-01-20 14:06:00,3.5,3.5,3.5,3.5,1
2026-01-20 14:07:00,3.49,3.495,3.49,3.495,50
2026-01-20 14:08:00,3.5,3.505,3.495,3.5,36
2026-01-20 14:09:00,3.4998,3.4998,3.495,3.495,14
2026-01-20 14:10:00,3.4939,3.505,3.4939,3.505,232
2026-01-20 14:11:00,3.505,3.51,3.505,3.505,182
2026-01-20 14:12:00,3.505,3.505,3.505,3.505,13
2026-01-20 14:13:00,3.505,3.505,3.505,3.505,2
2026-01-20 14:14:00,3.505,3.5097,3.505,3.505,23
2026-01-20 14:15:00,3.505,3.505,3.505,3.505,13
2026-01-20 14:16:00,3.505,3.51,3.5,3.505,50
2026-01-20 14:17:00,3.505,3.51,3.5,3.505,95
2026-01-20 14:18:00,3.505,3.5086,3.505,3.505,53
2026-01-20 14:19:00,3.505,3.505,3.505,3.505,6
2026-01-20 14:20:00,3.505,3.5054,3.505,3.5054,4
2026-01-20 14:21:00,3.505,3.51,3.505,3.505,138
2026-01-20 14:22:00,3.505,3.505,3.5,3.5,24
2026-01-20 14:23:00,3.5,3.5,3.495,3.495,26
2026-01-20 14:24:00,3.4946,3.495,3.4946,3.495,17
2026-01-20 14:25:00,3.49,3.495,3.49,3.495,12
2026-01-20 14:26:00,3.495,3.495,3.495,3.495,6
2026-01-20 14:27:00,3.49,3.4954,3.49,3.4954,5
2026-01-20 14:28:00,3.4954,3.4954,3.4954,3.4954,0
2026-01-20 14:29:00,3.495,3.495,3.495,3.495,71
2026-01-20 14:30:00,3.5,3.5,3.475,3.475,157
2026-01-20 14:31:00,3.475,3.475,3.47,3.475,74
2026-01-20 14:32:00,3.475,3.485,3.475,3.485,33
2026-01-20 14:33:00,3.485,3.495,3.4846,3.49,195
2026-01-20 14:34:00,3.485,3.485,3.475,3.475,139
2026-01-20 14:35:00,3.475,3.4799,3.47,3.47,28
2026-01-20 14:36:00,3.475,3.475,3.47,3.475,73
2026-01-20 14:37:00,3.475,3.475,3.475,3.475,17
2026-01-20 14:38:00,3.475,3.475,3.475,3.475,10
2026-01-20 14:39:00,3.475,3.485,3.475,3.485,134
2026-01-20 14:40:00,3.485,3.485,3.485,3.485,18
2026-01-20 14:41:00,3.485,3.485,3.485,3.485,3
2026-01-20 14:42:00,3.485,3.485,3.48,3.485,21
2026-01-20 14:43:00,3.485,3.485,3.48,3.485,28
2026-01-20 14:44:00,3.485,3.49,3.4846,3.4846,5
2026-01-20 14:45:00,3.485,3.4899,3.4801,3.485,75
2026-01-20 14:46:00,3.485,3.485,3.4812,3.485,31
2026-01-20 14:47:00,3.485,3.485,3.4787,3.48,32
2026-01-20 14:48:00,3.485,3.485,3.48,3.485,54
2026-01-20 14:49:00,3.485,3.485,3.485,3.485,12
2026-01-20 14:50:00,3.48,3.48,3.471,3.471,60
2026-01-20 14:51:00,3.471,3.471,3.471,3.471,0
2026-01-20 14:52:00,3.475,3.485,3.4714,3.485,91
2026-01-20 14:53:00,3.485,3.485,3.4783,3.4783,9
2026-01-20 14:54:00,3.48,3.485,3.48,3.485,134
2026-01-20 14:55:00,3.485,3.4899,3.485,3.485,79
2026-01-20 14:56:00,3.48,3.485,3.47,3.47,93
2026-01-20 14:57:00,3.475,3.48,3.475,3.48,5
2026-01-20 14:58:00,3.4799,3.485,3.4799,3.485,39
2026-01-20 14:59:00,3.485,3.485,3.485,3.485,17
2026-01-20 15:00:00,3.485,3.4875,3.4846,3.485,39
2026-01-20 15:01:00,3.485,3.49,3.48,3.485,23
2026-01-20 15:02:00,3.485,3.4885,3.485,3.485,19
2026-01-20 15:03:00,3.49,3.49,3.49,3.49,2
2026-01-20 15:04:00,3.48,3.4899,3.48,3.485,53
2026-01-20 15:05:00,3.485,3.485,3.48,3.48,51
2026-01-20 15:06:00,3.485,3.4886,3.485,3.4886,79
2026-01-20 15:07:00,3.48,3.505,3.48,3.5,331
2026-01-20 15:08:00,3.5,3.5,3.5,3.5,1
2026-01-20 15:09:00,3.495,3.5086,3.495,3.505,106
2026-01-20 15:10:00,3.5046,3.5046,3.495,3.495,55
2026-01-20 15:11:00,3.495,3.5,3.49,3.49,35
2026-01-20 15:12:00,3.495,3.495,3.485,3.495,79
2026-01-20 15:13:00,3.4912,3.495,3.49,3.495,5
2026-01-20 15:14:00,3.495,3.495,3.49,3.49,3
2026-01-20 15:15:00,3.49,3.4975,3.49,3.495,29
2026-01-20 15:16:00,3.495,3.4985,3.48,3.485,32
2026-01-20 15:17:00,3.48,3.49,3.48,3.485,82
2026-01-20 15:18:00,3.485,3.495,3.485,3.49,67
2026-01-20 15:19:00,3.4958,3.4958,3.49,3.495,9
2026-01-20 15:20:00,3.49,3.5,3.49,3.495,63
2026-01-20 15:21:00,3.4929,3.4984,3.49,3.49,9
2026-01-20 15:22:00,3.49,3.49,3.485,3.485,17
2026-01-20 15:23:00,3.485,3.485,3.48,3.48,3
2026-01-20 15:24:00,3.48,3.48,3.48,3.48,3
2026-01-20 15:25:00,3.485,3.485,3.48,3.485,55
2026-01-20 15:26:00,3.485,3.4883,3.48,3.4845,27
2026-01-20 15:27:00,3.485,3.485,3.47,3.475,146
2026-01-20 15:28:00,3.475,3.48,3.475,3.475,19
2026-01-20 15:29:00,3.475,3.475,3.475,3.475,17
2026-01-20 15:30:00,3.475,3.48,3.47,3.47,24
2026-01-20 15:31:00,3.47,3.475,3.465,3.465,74
2026-01-20 15:32:00,3.465,3.47,3.465,3.465,13
2026-01-20 15:33:00,3.46,3.465,3.46,3.465,56
2026-01-20 15:34:00,3.465,3.4667,3.46,3.46,137
2026-01-20 15:35:00,3.46,3.465,3.46,3.465,7
2026-01-20 15:36:00,3.46,3.4686,3.455,3.46,104
2026-01-20 15:37:00,3.46,3.47,3.46,3.465,64
2026-01-20 15:38:00,3.465,3.465,3.465,3.465,15
2026-01-20 15:39:00,3.465,3.465,3.46,3.465,57
2026-01-20 15:40:00,3.465,3.465,3.45,3.455,58
2026-01-20 15:41:00,3.4581,3.4697,3.4537,3.4697,292
2026-01-20 15:42:00,3.465,3.465,3.4638,3.465,23
2026-01-20 15:43:00,3.465,3.47,3.465,3.47,33
2026-01-20 15:44:00,3.465,3.465,3.4601,3.465,29
2026-01-20 15:45:00,3.465,3.4685,3.4614,3.465,57
2026-01-20 15:46:00,3.465,3.465,3.4614,3.4614,47
2026-01-20 15:47:00,3.47,3.47,3.465,3.465,26
2026-01-20 15:48:00,3.465,3.4654,3.465,3.465,21
2026-01-20 15:49:00,3.465,3.48,3.465,3.465,443
2026-01-20 15:50:00,3.465,3.465,3.46,3.465,107
2026-01-20 15:51:00,3.465,3.465,3.465,3.465,69
2026-01-20 15:52:00,3.465,3.47,3.46,3.465,101
2026-01-20 15:53:00,3.465,3.465,3.4647,3.465,34
2026-01-20 15:54:00,3.47,3.475,3.46,3.465,307
2026-01-20 15:55:00,3.465,3.47,3.4616,3.465,80
2026-01-20 15:56:00,3.465,3.48,3.465,3.475,277
2026-01-20 15:57:00,3.475,3.485,3.475,3.485,566
2026-01-20 15:58:00,3.485,3.485,3.47,3.475,454
2026-01-20 15:59:00,3.475,3.48,3.465,3.47,732
2026-01-21 09:30:00,3.48,3.495,3.42,3.455,749
2026-01-21 09:31:00,3.44,3.4499,3.43,3.4499,89
2026-01-21 09:32:00,3.4499,3.4499,3.43,3.43,92
2026-01-21 09:33:00,3.421,3.43,3.41,3.4128,99
2026-01-21 09:34:00,3.42,3.435,3.41,3.4299,98
2026-01-21 09:35:00,3.42,3.4272,3.41,3.41,69
2026-01-21 09:36:00,3.42,3.435,3.42,3.435,130
2026-01-21 09:37:00,3.4337,3.435,3.415,3.4299,159
2026-01-21 09:38:00,3.41,3.42,3.41,3.415,20
2026-01-21 09:39:00,3.4189,3.425,3.41,3.42,161
2026-01-21 09:40:00,3.42,3.425,3.42,3.425,14
2026-01-21 09:41:00,3.425,3.4284,3.41,3.415,77
2026-01-21 09:42:00,3.419,3.42,3.405,3.405,60
2026-01-21 09:43:00,3.4021,3.4089,3.4021,3.405,41
2026-01-21 09:44:00,3.4099,3.4099,3.4001,3.405,116
2026-01-21 09:45:00,3.4075,3.44,3.405,3.435,240
2026-01-21 09:46:00,3.44,3.44,3.425,3.425,70
2026-01-21 09:47:00,3.425,3.435,3.425,3.43,100
2026-01-21 09:48:00,3.435,3.45,3.435,3.445,122
2026-01-21 09:49:00,3.445,3.445,3.445,3.445,19
2026-01-21 09:50:00,3.445,3.445,3.4445,3.445,11
2026-01-21 09:51:00,3.445,3.445,3.435,3.435,86
2026-01-21 09:52:00,3.435,3.435,3.41,3.415,298
2026-01-21 09:53:00,3.41,3.42,3.41,3.42,32
2026-01-21 09:54:00,3.42,3.42,3.415,3.415,20
2026-01-21 09:55:00,3.415,3.42,3.405,3.405,57
2026-01-21 09:56:00,3.405,3.405,3.385,3.385,266
2026-01-21 09:57:00,3.38,3.385,3.3701,3.3714,60
2026-01-21 09:58:00,3.375,3.375,3.36,3.36,169
2026-01-21 09:59:00,3.365,3.365,3.35,3.35,212
2026-01-21 10:00:00,3.35,3.365,3.35,3.36,145
2026-01-21 10:01:00,3.3601,3.365,3.3102,3.32,351
2026-01-21 10:02:00,3.315,3.3164,3.295,3.305,218
2026-01-21 10:03:00,3.3,3.3099,3.3,3.3,156
2026-01-21 10:04:00,3.31,3.31,3.27,3.305,539
2026-01-21 10:05:00,3.305,3.315,3.29,3.295,309
2026-01-21 10:06:00,3.29,3.305,3.29,3.295,297
2026-01-21 10:07:00,3.295,3.31,3.295,3.31,156
2026-01-21 10:08:00,3.305,3.31,3.3,3.31,43
2026-01-21 10:09:00,3.309,3.31,3.3,3.305,114
2026-01-21 10:10:00,3.31,3.31,3.29,3.295,256
2026-01-21 10:11:00,3.29,3.2986,3.29,3.295,40
2026-01-21 10:12:00,3.29,3.29,3.28,3.28,289
2026-01-21 10:13:00,3.2854,3.2854,3.28,3.285,113
2026-01-21 10:14:00,3.285,3.2899,3.28,3.28,155
2026-01-21 10:15:00,3.285,3.29,3.28,3.28,225
2026-01-21 10:16:00,3.28,3.285,3.275,3.285,225
2026-01-21 10:17:00,3.28,3.285,3.27,3.275,92
2026-01-21 10:18:00,3.28,3.2898,3.275,3.285,162
2026-01-21 10:19:00,3.285,3.3,3.285,3.295,176
2026-01-21 10:20:00,3.295,3.2999,3.295,3.295,39
2026-01-21 10:21:00,3.295,3.295,3.29,3.29,49
2026-01-21 10:22:00,3.295,3.295,3.28,3.285,69
2026-01-21 10:23:00,3.28,3.305,3.28,3.3,199
2026-01-21 10:24:00,3.2981,3.3,3.2946,3.295,22
2026-01-21 10:25:00,3.295,3.305,3.295,3.295,149
2026-01-21 10:26:00,3.295,3.3,3.2949,3.295,39
2026-01-21 10:27:00,3.295,3.2999,3.2942,3.295,21
2026-01-21 10:28:00,3.29,3.295,3.29,3.295,69
2026-01-21 10:29:00,3.295,3.3,3.295,3.295,192
2026-01-21 10:30:00,3.295,3.3,3.29,3.295,44
2026-01-21 10:31:00,3.295,3.3,3.29,3.3,53
2026-01-21 10:32:00,3.29,3.31,3.29,3.305,188
2026-01-21 10:33:00,3.305,3.31,3.305,3.305,41
2026-01-21 10:34:00,3.305,3.32,3.305,3.315,180
2026-01-21 10:35:00,3.315,3.315,3.305,3.305,158
2026-01-21 10:36:00,3.305,3.305,3.305,3.305,12
2026-01-21 10:37:00,3.3,3.305,3.3,3.3,92
2026-01-21 10:38:00,3.2986,3.3,3.29,3.295,41
2026-01-21 10:39:00,3.29,3.305,3.29,3.3,114
2026-01-21 10:40:00,3.305,3.305,3.305,3.305,8
2026-01-21 10:41:00,3.305,3.31,3.3035,3.305,118
2026-01-21 10:42:00,3.305,3.31,3.3014,3.3014,80
2026-01-21 10:43:00,3.305,3.31,3.305,3.305,45
2026-01-21 10:44:00,3.31,3.31,3.305,3.305,42
2026-01-21 10:45:00,3.305,3.31,3.3,3.3,48
2026-01-21 10:46:00,3.3,3.31,3.3,3.3,31
2026-01-21 10:47:00,3.305,3.31,3.3,3.305,212
2026-01-21 10:48:00,3.3,3.305,3.3,3.305,31
2026-01-21 10:49:00,3.3,3.315,3.3,3.31,294
2026-01-21 10:50:00,3.32,3.32,3.31,3.315,114
2026-01-21 10:51:00,3.3146,3.315,3.31,3.315,29
2026-01-21 10:52:00,3.315,3.3151,3.31,3.315,34
2026-01-21 10:53:00,3.315,3.315,3.3101,3.3101,17
2026-01-21 10:54:00,3.3146,3.3146,3.304,3.304,92
2026-01-21 10:55:00,3.305,3.305,3.29,3.3,40
2026-01-21 10:56:00,3.3,3.3,3.29,3.3,177
2026-01-21 10:57:00,3.305,3.305,3.3,3.305,17
2026-01-21 10:58:00,3.3046,3.3098,3.3046,3.305,26
2026-01-21 10:59:00,3.305,3.305,3.29,3.3,63
2026-01-21 11:00:00,3.3,3.3,3.29,3.2955,49
2026-01-21 11:01:00,3.295,3.305,3.295,3.305,82
2026-01-21 11:02:00,3.305,3.305,3.3,3.305,39
2026-01-21 11:03:00,3.31,3.31,3.305,3.305,23
2026-01-21 11:04:00,3.3014,3.3097,3.3014,3.3097,39
2026-01-21 11:05:00,3.305,3.305,3.295,3.295,50
2026-01-21 11:06:00,3.3,3.3098,3.295,3.305,112
2026-01-21 11:07:00,3.305,3.305,3.3,3.3017,32
2026-01-21 11:08:00,3.3,3.305,3.3,3.3,6
2026-01-21 11:09:00,3.305,3.3097,3.3,3.3,36
2026-01-21 11:10:00,3.305,3.305,3.3,3.305,33
2026-01-21 11:11:00,3.305,3.3099,3.3,3.3099,16
2026-01-21 11:12:00,3.3,3.3085,3.3,3.3,39
2026-01-21 11:13:00,3.305,3.3083,3.295,3.295,338
2026-01-21 11:14:00,3.295,3.305,3.295,3.305,482
2026-01-21 11:15:00,3.305,3.31,3.305,3.31,625
2026-01-21 11:16:00,3.31,3.31,3.305,3.305,78
2026-01-21 11:17:00,3.305,3.3089,3.305,3.305,34
2026-01-21 11:18:00,3.305,3.3086,3.305,3.305,8
2026-01-21 11:19:00,3.305,3.305,3.3039,3.3039,13
2026-01-21 11:20:00,3.305,3.305,3.295,3.295,148
2026-01-21 11:21:00,3.295,3.295,3.29,3.295,55
2026-01-21 11:22:00,3.29,3.295,3.28,3.2817,165
2026-01-21 11:23:00,3.285,3.29,3.28,3.2899,23
2026-01-21 11:24:00,3.285,3.29,3.28,3.285,87
2026-01-21 11:25:00,3.28,3.29,3.28,3.28,71
2026-01-21 11:26:00,3.28,3.29,3.28,3.28,374
2026-01-21 11:27:00,3.28,3.285,3.28,3.285,25
2026-01-21 11:28:00,3.285,3.3,3.285,3.295,219
2026-01-21 11:29:00,3.295,3.3,3.295,3.295,95
2026-01-21 11:30:00,3.3,3.3,3.295,3.295,31
2026-01-21 11:31:00,3.295,3.2963,3.29,3.295,77
2026-01-21 11:32:00,3.295,3.295,3.295,3.295,12
2026-01-21 11:33:00,3.3,3.3,3.295,3.295,8
2026-01-21 11:34:00,3.2986,3.3,3.295,3.295,32
2026-01-21 11:35:00,3.295,3.3,3.295,3.295,38
2026-01-21 11:36:00,3.295,3.3,3.29,3.295,13
2026-01-21 11:37:00,3.29,3.29,3.28,3.285,108
2026-01-21 11:38:00,3.29,3.3,3.285,3.295,169
2026-01-21 11:39:00,3.295,3.3,3.295,3.295,20
2026-01-21 11:40:00,3.295,3.2973,3.29,3.295,43
2026-01-21 11:41:00,3.295,3.295,3.29,3.29,58
2026-01-21 11:42:00,3.29,3.29,3.285,3.29,50
2026-01-21 11:43:00,3.29,3.29,3.28,3.285,63
2026-01-21 11:44:00,3.285,3.285,3.285,3.285,7
2026-01-21 11:45:00,3.2897,3.29,3.275,3.28,720
2026-01-21 11:46:00,3.275,3.275,3.27,3.27,45
2026-01-21 11:47:00,3.27,3.28,3.27,3.275,172
2026-01-21 11:48:00,3.27,3.28,3.27,3.275,16
2026-01-21 11:49:00,3.275,3.28,3.27,3.27,20
2026-01-21 11:50:00,3.28,3.28,3.27,3.275,11
2026-01-21 11:51:00,3.275,3.275,3.265,3.27,107
2026-01-21 11:52:00,3.26,3.265,3.25,3.25,325
2026-01-21 11:53:00,3.25,3.2551,3.25,3.25,23
2026-01-21 11:54:00,3.252,3.2551,3.24,3.245,820
2026-01-21 11:55:00,3.2435,3.25,3.24,3.24,32
2026-01-21 11:56:00,3.242,3.245,3.23,3.24,402
2026-01-21 11:57:00,3.235,3.2384,3.23,3.23,256
2026-01-21 11:58:00,3.2399,3.24,3.2399,3.24,4
2026-01-21 11:59:00,3.2351,3.24,3.23,3.23,19
2026-01-21 12:00:00,3.235,3.24,3.235,3.235,27
2026-01-21 12:01:00,3.235,3.24,3.23,3.2331,111
2026-01-21 12:02:00,3.235,3.235,3.22,3.22,178
2026-01-21 12:03:00,3.22,3.23,3.22,3.225,18
2026-01-21 12:04:00,3.225,3.24,3.22,3.24,491
2026-01-21 12:05:00,3.24,3.24,3.23,3.23,159
2026-01-21 12:06:00,3.235,3.24,3.235,3.24,14
2026-01-21 12:07:00,3.235,3.236,3.23,3.235,39
2026-01-21 12:08:00,3.23,3.235,3.2201,3.23,181
2026-01-21 12:09:00,3.225,3.23,3.225,3.225,27
2026-01-21 12:10:00,3.225,3.225,3.225,3.225,10
2026-01-21 12:11:00,3.22,3.2285,3.22,3.225,32
2026-01-21 12:12:00,3.225,3.225,3.21,3.21,151
2026-01-21 12:13:00,3.22,3.225,3.215,3.225,166
2026-01-21 12:14:00,3.225,3.225,3.2146,3.22,46
2026-01-21 12:15:00,3.215,3.2184,3.21,3.215,54
2026-01-21 12:16:00,3.215,3.22,3.195,3.215,1247
2026-01-21 12:17:00,3.22,3.22,3.215,3.215,61
2026-01-21 12:18:00,3.22,3.22,3.22,3.22,2
2026-01-21 12:19:00,3.2115,3.225,3.2115,3.225,65
2026-01-21 12:20:00,3.22,3.22,3.21,3.218,157
2026-01-21 12:21:00,3.218,3.22,3.215,3.215,20
2026-01-21 12:22:00,3.22,3.22,3.215,3.215,8
2026-01-21 12:23:00,3.215,3.22,3.215,3.215,25
2026-01-21 12:24:00,3.215,3.22,3.2113,3.215,37
2026-01-21 12:25:00,3.22,3.22,3.215,3.2199,81
2026-01-21 12:26:00,3.21,3.22,3.21,3.21,44
2026-01-21 12:27:00,3.21,3.22,3.21,3.22,11
2026-01-21 12:28:00,3.21,3.22,3.21,3.22,14
2026-01-21 12:29:00,3.215,3.22,3.21,3.2178,31
2026-01-21 12:30:00,3.22,3.22,3.205,3.21,231
2026-01-21 12:31:00,3.2155,3.22,3.21,3.21,13
2026-01-21 12:32:00,3.21,3.22,3.21,3.21,48
2026-01-21 12:33:00,3.21,3.21,3.2,3.2,429
2026-01-21 12:34:00,3.205,3.21,3.2,3.2086,233
2026-01-21 12:35:00,3.21,3.21,3.205,3.21,28
2026-01-21 12:36:00,3.21,3.215,3.2,3.215,42
2026-01-21 12:37:00,3.21,3.22,3.21,3.215,53
2026-01-21 12:38:00,3.2115,3.2198,3.2115,3.215,87
2026-01-21 12:39:00,3.215,3.22,3.215,3.2195,17
2026-01-21 12:40:00,3.2101,3.22,3.2101,3.215,127
2026-01-21 12:41:00,3.215,3.2199,3.215,3.215,20
2026-01-21 12:42:00,3.21,3.215,3.21,3.21,43
2026-01-21 12:43:00,3.205,3.21,3.205,3.2099,40
2026-01-21 12:44:00,3.205,3.21,3.205,3.21,19
2026-01-21 12:45:00,3.205,3.21,3.2,3.2,57
2026-01-21 12:46:00,3.21,3.21,3.2,3.205,45
2026-01-21 12:47:00,3.205,3.21,3.2,3.2,42
2026-01-21 12:48:00,3.205,3.21,3.2,3.205,42
2026-01-21 12:49:00,3.205,3.21,3.2,3.2,17
2026-01-21 12:50:00,3.2034,3.21,3.2,3.205,25
2026-01-21 12:51:00,3.2,3.21,3.2,3.2,13
2026-01-21 12:52:00,3.2099,3.215,3.205,3.2132,117
2026-01-21 12:53:00,3.215,3.2199,3.215,3.2199,8
2026-01-21 12:54:00,3.22,3.22,3.215,3.22,20
2026-01-21 12:55:00,3.215,3.2199,3.215,3.2199,103
2026-01-21 12:56:00,3.214,3.22,3.214,3.215,42
2026-01-21 12:57:00,3.215,3.22,3.215,3.2162,24
2026-01-21 12:58:00,3.215,3.22,3.21,3.215,54
2026-01-21 12:59:00,3.215,3.22,3.215,3.215,6
2026-01-21 13:00:00,3.21,3.215,3.2,3.205,271
2026-01-21 13:01:00,3.2,3.205,3.195,3.195,460
2026-01-21 13:02:00,3.195,3.2,3.19,3.19,407
2026-01-21 13:03:00,3.19,3.1901,3.18,3.1883,307
2026-01-21 13:04:00,3.185,3.185,3.18,3.18,28
2026-01-21 13:05:00,3.18,3.19,3.18,3.19,46
2026-01-21 13:06:00,3.184,3.19,3.18,3.185,22
2026-01-21 13:07:00,3.18,3.19,3.18,3.185,187
2026-01-21 13:08:00,3.18,3.19,3.18,3.18,44
2026-01-21 13:09:00,3.18,3.185,3.17,3.175,411
2026-01-21 13:10:00,3.175,3.18,3.17,3.175,96
2026-01-21 13:11:00,3.175,3.175,3.17,3.175,32
2026-01-21 13:12:00,3.175,3.18,3.17,3.175,108
2026-01-21 13:13:00,3.18,3.18,3.17,3.175,10
2026-01-21 13:14:00,3.175,3.175,3.17,3.175,61
2026-01-21 13:15:00,3.17,3.1799,3.1617,3.17,396
2026-01-21 13:16:00,3.175,3.175,3.17,3.17,13
2026-01-21 13:17:00,3.18,3.18,3.17,3.175,74
2026-01-21 13:18:00,3.18,3.18,3.17,3.1765,41
2026-01-21 13:19:00,3.18,3.18,3.17,3.175,29
2026-01-21 13:20:00,3.1763,3.18,3.17,3.17,41
2026-01-21 13:21:00,3.18,3.18,3.1701,3.18,49
2026-01-21 13:22:00,3.18,3.18,3.17,3.175,94
2026-01-21 13:23:00,3.18,3.18,3.17,3.17,17
2026-01-21 13:24:00,3.175,3.18,3.17,3.17,29
2026-01-21 13:25:00,3.17,3.18,3.17,3.175,19
2026-01-21 13:26:00,3.17,3.18,3.17,3.175,136
2026-01-21 13:27:00,3.175,3.1867,3.175,3.1867,125
2026-01-21 13:28:00,3.19,3.19,3.18,3.185,118
2026-01-21 13:29:00,3.1898,3.19,3.185,3.185,38
2026-01-21 13:30:00,3.185,3.19,3.18,3.185,345
2026-01-21 13:31:00,3.185,3.19,3.185,3.185,30
2026-01-21 13:32:00,3.19,3.19,3.1831,3.185,25
2026-01-21 13:33:00,3.18,3.19,3.18,3.185,75
2026-01-21 13:34:00,3.185,3.185,3.18,3.185,40
2026-01-21 13:35:00,3.1889,3.1889,3.175,3.18,187
2026-01-21 13:36:00,3.175,3.18,3.17,3.18,233
2026-01-21 13:37:00,3.175,3.18,3.17,3.1788,19
2026-01-21 13:38:00,3.17,3.17,3.16,3.17,271
2026-01-21 13:39:00,3.16,3.17,3.16,3.16,161
2026-01-21 13:40:00,3.165,3.17,3.16,3.165,32
2026-01-21 13:41:00,3.1601,3.17,3.16,3.16,35
2026-01-21 13:42:00,3.165,3.17,3.16,3.17,47
2026-01-21 13:43:00,3.165,3.17,3.165,3.17,69
2026-01-21 13:44:00,3.165,3.18,3.165,3.175,514
2026-01-21 13:45:00,3.1799,3.1799,3.165,3.1699,106
2026-01-21 13:46:00,3.165,3.17,3.165,3.165,82
2026-01-21 13:47:00,3.1658,3.17,3.165,3.165,82
2026-01-21 13:48:00,3.165,3.17,3.165,3.17,25
2026-01-21 13:49:00,3.17,3.1775,3.165,3.175,477
2026-01-21 13:50:00,3.175,3.175,3.175,3.175,11
2026-01-21 13:51:00,3.17,3.18,3.17,3.175,13
2026-01-21 13:52:00,3.1799,3.1799,3.165,3.1699,90
2026-01-21 13:53:00,3.17,3.17,3.165,3.165,20
2026-01-21 13:54:00,3.17,3.17,3.16,3.165,16
2026-01-21 13:55:00,3.17,3.17,3.16,3.165,52
2026-01-21 13:56:00,3.16,3.17,3.16,3.17,12
2026-01-21 13:57:00,3.16,3.17,3.16,3.165,66
2026-01-21 13:58:00,3.16,3.17,3.16,3.17,119
2026-01-21 13:59:00,3.165,3.17,3.1602,3.17,65
2026-01-21 14:00:00,3.165,3.17,3.165,3.1683,8
2026-01-21 14:01:00,3.165,3.17,3.165,3.165,7
2026-01-21 14:02:00,3.1685,3.17,3.16,3.16,28
2026-01-21 14:03:00,3.16,3.17,3.16,3.16,33
2026-01-21 14:04:00,3.17,3.17,3.16,3.1617,14
2026-01-21 14:05:00,3.165,3.17,3.16,3.165,125
2026-01-21 14:06:00,3.16,3.165,3.16,3.165,11
2026-01-21 14:07:00,3.16,3.165,3.155,3.155,381
2026-01-21 14:08:00,3.155,3.16,3.155,3.155,38
2026-01-21 14:09:00,3.16,3.17,3.155,3.17,223
2026-01-21 14:10:00,3.165,3.17,3.16,3.165,127
2026-01-21 14:11:00,3.1657,3.17,3.165,3.165,24
2026-01-21 14:12:00,3.17,3.17,3.165,3.165,25
2026-01-21 14:13:00,3.1693,3.17,3.165,3.17,19
2026-01-21 14:14:00,3.1681,3.19,3.1681,3.185,398
2026-01-21 14:15:00,3.185,3.19,3.175,3.175,300
2026-01-21 14:16:00,3.175,3.175,3.17,3.175,9
2026-01-21 14:17:00,3.1785,3.19,3.17,3.185,1145
2026-01-21 14:18:00,3.185,3.19,3.18,3.1801,134
2026-01-21 14:19:00,3.19,3.2,3.185,3.1987,196
2026-01-21 14:20:00,3.195,3.2,3.1901,3.195,146
2026-01-21 14:21:00,3.195,3.1993,3.195,3.195,110
2026-01-21 14:22:00,3.195,3.195,3.185,3.19,231
2026-01-21 14:23:00,3.185,3.19,3.185,3.19,33
2026-01-21 14:24:00,3.19,3.19,3.19,3.19,1
2026-01-21 14:25:00,3.19,3.19,3.185,3.19,10
2026-01-21 14:26:00,3.1897,3.19,3.185,3.19,28
2026-01-21 14:27:00,3.185,3.21,3.185,3.2034,421
2026-01-21 14:28:00,3.205,3.23,3.2017,3.23,522
2026-01-21 14:29:00,3.23,3.245,3.225,3.235,270
2026-01-21 14:30:00,3.2336,3.255,3.2336,3.2487,541
2026-01-21 14:31:00,3.25,3.25,3.245,3.245,32
2026-01-21 14:32:00,3.245,3.25,3.245,3.245,6
2026-01-21 14:33:00,3.245,3.25,3.24,3.245,17
2026-01-21 14:34:00,3.24,3.25,3.24,3.25,118
2026-01-21 14:35:00,3.25,3.25,3.245,3.245,118
2026-01-21 14:36:00,3.25,3.25,3.2446,3.245,8
2026-01-21 14:37:00,3.25,3.25,3.245,3.245,20
2026-01-21 14:38:00,3.245,3.25,3.24,3.245,81
2026-01-21 14:39:00,3.25,3.25,3.24,3.245,26
2026-01-21 14:40:00,3.245,3.245,3.24,3.245,18
2026-01-21 14:41:00,3.24,3.25,3.24,3.24,19
2026-01-21 14:42:00,3.24,3.25,3.24,3.25,25
2026-01-21 14:43:00,3.245,3.26,3.245,3.26,123
2026-01-21 14:44:00,3.255,3.27,3.255,3.2698,194
2026-01-21 14:45:00,3.27,3.28,3.265,3.28,246
2026-01-21 14:46:00,3.275,3.28,3.2715,3.28,32
2026-01-21 14:47:00,3.28,3.28,3.28,3.28,19
2026-01-21 14:48:00,3.28,3.29,3.275,3.29,59
2026-01-21 14:49:00,3.29,3.3,3.29,3.3,37
2026-01-21 14:50:00,3.3,3.3,3.295,3.295,44
2026-01-21 14:51:00,3.3,3.3,3.2946,3.3,174
2026-01-21 14:52:00,3.3,3.3,3.2912,3.295,63
2026-01-21 14:53:00,3.295,3.32,3.295,3.315,379
2026-01-21 14:54:00,3.3183,3.319,3.3132,3.315,115
2026-01-21 14:55:00,3.3115,3.315,3.3014,3.305,139
2026-01-21 14:56:00,3.3099,3.3163,3.3099,3.31,157
2026-01-21 14:57:00,3.305,3.3062,3.3,3.3006,16
2026-01-21 14:58:00,3.3,3.3054,3.3,3.3054,92
2026-01-21 14:59:00,3.3038,3.305,3.3038,3.305,27
2026-01-21 15:00:00,3.305,3.31,3.3,3.31,236
2026-01-21 15:01:00,3.305,3.3055,3.305,3.305,72
2026-01-21 15:02:00,3.305,3.305,3.305,3.305,5
2026-01-21 15:03:00,3.305,3.31,3.3,3.305,25
2026-01-21 15:04:00,3.3003,3.305,3.3,3.305,27
2026-01-21 15:05:00,3.305,3.31,3.29,3.3,493
2026-01-21 15:06:00,3.3,3.3,3.29,3.295,76
2026-01-21 15:07:00,3.295,3.3,3.29,3.2975,145
2026-01-21 15:08:00,3.295,3.3,3.29,3.29,76
2026-01-21 15:09:00,3.3,3.3,3.29,3.295,7
2026-01-21 15:10:00,3.29,3.3,3.28,3.285,164
2026-01-21 15:11:00,3.285,3.3,3.285,3.3,103
2026-01-21 15:12:00,3.3,3.305,3.295,3.305,64
2026-01-21 15:13:00,3.305,3.31,3.305,3.3094,19
2026-01-21 15:14:00,3.3054,3.3054,3.305,3.305,11
2026-01-21 15:15:00,3.305,3.31,3.305,3.305,539
2026-01-21 15:16:00,3.305,3.32,3.3027,3.315,138
2026-01-21 15:17:00,3.315,3.32,3.315,3.315,31
2026-01-21 15:18:00,3.315,3.315,3.315,3.315,5
2026-01-21 15:19:00,3.315,3.315,3.315,3.315,2
2026-01-21 15:20:00,3.315,3.335,3.315,3.32,343
2026-01-21 15:21:00,3.3196,3.3196,3.3154,3.3154,32
2026-01-21 15:22:00,3.315,3.315,3.31,3.31,9
2026-01-21 15:23:00,3.315,3.315,3.315,3.315,25
2026-01-21 15:24:00,3.32,3.32,3.31,3.315,72
2026-01-21 15:25:00,3.315,3.3151,3.315,3.3151,7
2026-01-21 15:26:00,3.315,3.32,3.315,3.315,12
2026-01-21 15:27:00,3.32,3.325,3.318,3.318,121
2026-01-21 15:28:00,3.315,3.3199,3.3101,3.3101,24
2026-01-21 15:29:00,3.315,3.32,3.315,3.32,8
2026-01-21 15:30:00,3.315,3.315,3.315,3.315,5
2026-01-21 15:31:00,3.315,3.315,3.315,3.315,12
2026-01-21 15:32:00,3.315,3.3155,3.315,3.315,52
2026-01-21 15:33:00,3.32,3.32,3.315,3.315,6
2026-01-21 15:34:00,3.32,3.32,3.305,3.31,299
2026-01-21 15:35:00,3.305,3.3165,3.305,3.315,124
2026-01-21 15:36:00,3.315,3.315,3.315,3.315,17
2026-01-21 15:37:00,3.3199,3.3199,3.315,3.315,13
2026-01-21 15:38:00,3.315,3.315,3.315,3.315,3
2026-01-21 15:39:00,3.32,3.32,3.315,3.315,13
2026-01-21 15:40:00,3.315,3.318,3.315,3.315,20
2026-01-21 15:41:00,3.315,3.32,3.31,3.315,63
2026-01-21 15:42:00,3.315,3.32,3.3146,3.315,29
2026-01-21 15:43:00,3.315,3.33,3.31,3.33,203
2026-01-21 15:44:00,3.33,3.33,3.325,3.33,29
2026-01-21 15:45:00,3.325,3.33,3.325,3.33,26
2026-01-21 15:46:00,3.325,3.33,3.325,3.33,13
2026-01-21 15:47:00,3.3215,3.33,3.3215,3.325,9
2026-01-21 15:48:00,3.325,3.33,3.325,3.325,47
2026-01-21 15:49:00,3.325,3.33,3.32,3.3233,21
2026-01-21 15:50:00,3.325,3.33,3.3201,3.33,27
2026-01-21 15:51:00,3.325,3.3299,3.3201,3.325,83
2026-01-21 15:52:00,3.325,3.33,3.325,3.325,163
2026-01-21 15:53:00,3.325,3.34,3.325,3.335,313
2026-01-21 15:54:00,3.34,3.36,3.34,3.355,224
2026-01-21 15:55:00,3.355,3.37,3.345,3.345,1052
2026-01-21 15:56:00,3.35,3.35,3.3401,3.345,208
2026-01-21 15:57:00,3.345,3.35,3.3415,3.345,326
2026-01-21 15:58:00,3.35,3.35,3.341,3.345,311
2026-01-21 15:59:00,3.345,3.36,3.345,3.36,732
2026-01-22 09:30:00,3.36,3.37,3.34,3.36,580
2026-01-22 09:31:00,3.35,3.38,3.35,3.38,70
2026-01-22 09:32:00,3.38,3.3899,3.3501,3.375,144
2026-01-22 09:33:00,3.375,3.375,3.37,3.375,74
2026-01-22 09:34:00,3.39,3.39,3.36,3.36,42
2026-01-22 09:35:00,3.37,3.3786,3.36,3.37,78
2026-01-22 09:36:00,3.365,3.3688,3.35,3.3581,83
2026-01-22 09:37:00,3.35,3.35,3.35,3.35,3
2026-01-22 09:38:00,3.35,3.35,3.34,3.34,23
2026-01-22 09:39:00,3.3484,3.375,3.3484,3.37,270
2026-01-22 09:40:00,3.37,3.375,3.37,3.375,49
2026-01-22 09:41:00,3.3701,3.375,3.3612,3.365,68
2026-01-22 09:42:00,3.3664,3.375,3.3642,3.365,185
2026-01-22 09:43:00,3.3655,3.37,3.36,3.365,88
2026-01-22 09:44:00,3.37,3.37,3.36,3.37,70
2026-01-22 09:45:00,3.365,3.37,3.365,3.37,46
2026-01-22 09:46:00,3.38,3.395,3.38,3.395,140
2026-01-22 09:47:00,3.395,3.395,3.365,3.365,524
2026-01-22 09:48:00,3.3636,3.3636,3.35,3.355,90
2026-01-22 09:49:00,3.355,3.3686,3.35,3.355,45
2026-01-22 09:50:00,3.36,3.36,3.36,3.36,5
2026-01-22 09:51:00,3.36,3.36,3.36,3.36,18
2026-01-22 09:52:00,3.36,3.38,3.36,3.38,40
2026-01-22 09:53:00,3.375,3.38,3.37,3.375,69
2026-01-22 09:54:00,3.3739,3.385,3.3739,3.38,87
2026-01-22 09:55:00,3.385,3.39,3.38,3.39,32
2026-01-22 09:56:00,3.3999,3.3999,3.395,3.3991,17
2026-01-22 09:57:00,3.39,3.39,3.385,3.385,104
2026-01-22 09:58:00,3.385,3.385,3.385,3.385,0
2026-01-22 09:59:00,3.385,3.39,3.385,3.39,24
2026-01-22 10:00:00,3.38,3.38,3.375,3.38,15
2026-01-22 10:01:00,3.375,3.3793,3.37,3.375,63
2026-01-22 10:02:00,3.375,3.385,3.375,3.3789,43
2026-01-22 10:03:00,3.375,3.375,3.37,3.37,35
2026-01-22 10:04:00,3.38,3.38,3.375,3.375,25
2026-01-22 10:05:00,3.375,3.38,3.375,3.38,41
2026-01-22 10:06:00,3.3801,3.4,3.3801,3.395,29
2026-01-22 10:07:00,3.39,3.39,3.3801,3.385,66
2026-01-22 10:08:00,3.39,3.4,3.39,3.3976,38
2026-01-22 10:09:00,3.395,3.4,3.37,3.375,227
2026-01-22 10:10:00,3.379,3.379,3.375,3.375,5
2026-01-22 10:11:00,3.38,3.39,3.38,3.3886,63
2026-01-22 10:12:00,3.385,3.385,3.385,3.385,2
2026-01-22 10:13:00,3.385,3.39,3.385,3.385,72
2026-01-22 10:14:00,3.3893,3.3893,3.3801,3.3801,27
2026-01-22 10:15:00,3.385,3.385,3.3819,3.385,6
2026-01-22 10:16:00,3.385,3.385,3.3846,3.3846,5
2026-01-22 10:17:00,3.38,3.38,3.365,3.37,166
2026-01-22 10:18:00,3.37,3.385,3.37,3.385,122
2026-01-22 10:19:00,3.385,3.385,3.385,3.385,10
2026-01-22 10:20:00,3.3801,3.3899,3.3801,3.385,21
2026-01-22 10:21:00,3.38,3.38,3.375,3.375,12
2026-01-22 10:22:00,3.375,3.375,3.375,3.375,3
2026-01-22 10:23:00,3.3799,3.3799,3.375,3.375,31
2026-01-22 10:24:00,3.375,3.375,3.3646,3.3646,34
2026-01-22 10:25:00,3.37,3.3755,3.37,3.3755,21
2026-01-22 10:26:00,3.37,3.38,3.37,3.375,51
2026-01-22 10:27:00,3.3775,3.3775,3.375,3.375,7
2026-01-22 10:28:00,3.38,3.3854,3.38,3.3854,16
2026-01-22 10:29:00,3.38,3.38,3.3701,3.375,50
2026-01-22 10:30:00,3.375,3.385,3.375,3.385,25
2026-01-22 10:31:00,3.385,3.39,3.385,3.385,95
2026-01-22 10:32:00,3.39,3.397,3.385,3.395,23
2026-01-22 10:33:00,3.398,3.4,3.395,3.4,43
2026-01-22 10:34:00,3.405,3.41,3.4014,3.405,89
2026-01-22 10:35:00,3.405,3.42,3.4,3.415,197
2026-01-22 10:36:00,3.415,3.415,3.4035,3.405,146
2026-01-22 10:37:00,3.405,3.405,3.4046,3.4046,108
2026-01-22 10:38:00,3.4,3.4,3.395,3.395,60
2026-01-22 10:39:00,3.395,3.395,3.395,3.395,0
2026-01-22 10:40:00,3.3955,3.4,3.395,3.395,37
2026-01-22 10:41:00,3.3901,3.41,3.3901,3.405,57
2026-01-22 10:42:00,3.41,3.41,3.405,3.405,6
2026-01-22 10:43:00,3.405,3.405,3.405,3.405,16
2026-01-22 10:44:00,3.405,3.41,3.405,3.41,34
2026-01-22 10:45:00,3.41,3.41,3.4014,3.4014,10
2026-01-22 10:46:00,3.4099,3.41,3.4001,3.405,23
2026-01-22 10:47:00,3.4016,3.41,3.4,3.405,25
2026-01-22 10:48:00,3.405,3.405,3.395,3.395,79
2026-01-22 10:49:00,3.395,3.395,3.395,3.395,5
2026-01-22 10:50:00,3.395,3.395,3.395,3.395,1
2026-01-22 10:51:00,3.3993,3.405,3.395,3.405,79
2026-01-22 10:52:00,3.4,3.4,3.395,3.395,44
2026-01-22 10:53:00,3.395,3.395,3.395,3.395,0
2026-01-22 10:54:00,3.3954,3.4,3.385,3.3958,149
2026-01-22 10:55:00,3.39,3.4,3.38,3.3975,219
2026-01-22 10:56:00,3.3901,3.4,3.385,3.385,163
2026-01-22 10:57:00,3.385,3.395,3.385,3.395,55
2026-01-22 10:58:00,3.3951,3.3958,3.3913,3.3958,67
2026-01-22 10:59:00,3.3917,3.3917,3.3917,3.3917,4
2026-01-22 11:00:00,3.4,3.4,3.4,3.4,1
2026-01-22 11:01:00,3.395,3.4,3.395,3.4,4
2026-01-22 11:02:00,3.39,3.4,3.39,3.395,46
2026-01-22 11:03:00,3.395,3.405,3.395,3.395,194
2026-01-22 11:04:00,3.395,3.395,3.395,3.395,1
2026-01-22 11:05:00,3.395,3.395,3.3925,3.395,11
2026-01-22 11:06:00,3.395,3.3999,3.385,3.385,84
2026-01-22 11:07:00,3.385,3.3854,3.385,3.3854,17
2026-01-22 11:08:00,3.3801,3.39,3.38,3.38,84
2026-01-22 11:09:00,3.3797,3.3797,3.37,3.375,22
2026-01-22 11:10:00,3.3716,3.3757,3.3716,3.375,36
2026-01-22 11:11:00,3.375,3.375,3.37,3.375,126
2026-01-22 11:12:00,3.375,3.375,3.3745,3.3745,2
2026-01-22 11:13:00,3.38,3.41,3.375,3.41,205
2026-01-22 11:14:00,3.41,3.42,3.405,3.405,94
2026-01-22 11:15:00,3.405,3.405,3.405,3.405,3
2026-01-22 11:16:00,3.4001,3.405,3.4001,3.405,26
2026-01-22 11:17:00,3.4,3.405,3.4,3.4046,17
2026-01-22 11:18:00,3.405,3.41,3.4025,3.4025,47
2026-01-22 11:19:00,3.405,3.405,3.4046,3.4046,12
2026-01-22 11:20:00,3.4008,3.41,3.4008,3.405,15
2026-01-22 11:21:00,3.405,3.41,3.4,3.405,127
2026-01-22 11:22:00,3.405,3.405,3.4037,3.405,43
2026-01-22 11:23:00,3.405,3.4099,3.405,3.4099,12
2026-01-22 11:24:00,3.4,3.4,3.3939,3.395,81
2026-01-22 11:25:00,3.395,3.4,3.395,3.4,17
2026-01-22 11:26:00,3.39,3.4,3.3846,3.395,67
2026-01-22 11:27:00,3.3903,3.3954,3.3903,3.3954,52
2026-01-22 11:28:00,3.395,3.3965,3.395,3.395,46
2026-01-22 11:29:00,3.395,3.395,3.385,3.385,54
2026-01-22 11:30:00,3.385,3.39,3.385,3.39,41
2026-01-22 11:31:00,3.3801,3.39,3.3801,3.39,37
2026-01-22 11:32:00,3.395,3.395,3.39,3.395,7
2026-01-22 11:33:00,3.395,3.395,3.385,3.385,24
2026-01-22 11:34:00,3.385,3.3899,3.38,3.385,391
2026-01-22 11:35:00,3.385,3.385,3.38,3.38,4
2026-01-22 11:36:00,3.3858,3.3858,3.3801,3.385,91
2026-01-22 11:37:00,3.38,3.3845,3.3746,3.375,50
2026-01-22 11:38:00,3.3799,3.3799,3.3786,3.3786,11
2026-01-22 11:39:00,3.375,3.3793,3.375,3.3793,17
2026-01-22 11:40:00,3.375,3.38,3.37,3.38,11
2026-01-22 11:41:00,3.375,3.38,3.37,3.3746,60
2026-01-22 11:42:00,3.375,3.38,3.375,3.38,5
2026-01-22 11:43:00,3.375,3.3786,3.375,3.3755,8
2026-01-22 11:44:00,3.3758,3.3758,3.365,3.3697,120
2026-01-22 11:45:00,3.365,3.38,3.365,3.38,95
2026-01-22 11:46:00,3.375,3.38,3.37,3.37,135
2026-01-22 11:47:00,3.375,3.3799,3.375,3.375,123
2026-01-22 11:48:00,3.375,3.375,3.375,3.375,7
2026-01-22 11:49:00,3.375,3.375,3.375,3.375,12
2026-01-22 11:50:00,3.3718,3.38,3.37,3.375,235
2026-01-22 11:51:00,3.375,3.375,3.365,3.365,62
2026-01-22 11:52:00,3.365,3.365,3.36,3.365,96
2026-01-22 11:53:00,3.365,3.3686,3.35,3.355,173
2026-01-22 11:54:00,3.355,3.36,3.355,3.36,142
2026-01-22 11:55:00,3.3586,3.3586,3.3513,3.3513,14
2026-01-22 11:56:00,3.355,3.36,3.355,3.3555,10
2026-01-22 11:57:00,3.35,3.36,3.35,3.355,25
2026-01-22 11:58:00,3.3546,3.355,3.3546,3.355,10
2026-01-22 11:59:00,3.355,3.355,3.355,3.355,3
2026-01-22 12:00:00,3.3501,3.36,3.35,3.36,8
2026-01-22 12:01:00,3.36,3.36,3.35,3.35,29
2026-01-22 12:02:00,3.355,3.36,3.355,3.355,18
2026-01-22 12:03:00,3.355,3.355,3.355,3.355,1
2026-01-22 12:04:00,3.355,3.3652,3.355,3.3652,64
2026-01-22 12:05:00,3.365,3.37,3.365,3.365,17
2026-01-22 12:06:00,3.365,3.365,3.355,3.355,18
2026-01-22 12:07:00,3.355,3.355,3.355,3.355,2
2026-01-22 12:08:00,3.36,3.365,3.36,3.365,39
2026-01-22 12:09:00,3.3684,3.3684,3.365,3.365,14
2026-01-22 12:10:00,3.365,3.365,3.365,3.365,14
2026-01-22 12:11:00,3.365,3.365,3.365,3.365,0
2026-01-22 12:12:00,3.37,3.37,3.365,3.365,104
2026-01-22 12:13:00,3.365,3.37,3.3601,3.3601,75
2026-01-22 12:14:00,3.3644,3.365,3.3644,3.365,10
2026-01-22 12:15:00,3.36,3.365,3.36,3.365,30
2026-01-22 12:16:00,3.36,3.37,3.36,3.37,21
2026-01-22 12:17:00,3.36,3.3686,3.36,3.3618,58
2026-01-22 12:18:00,3.365,3.3655,3.365,3.3655,5
2026-01-22 12:19:00,3.36,3.3655,3.36,3.365,67
2026-01-22 12:20:00,3.365,3.365,3.36,3.36,25
2026-01-22 12:21:00,3.365,3.3685,3.36,3.36,10
2026-01-22 12:22:00,3.36,3.3686,3.36,3.3686,16
2026-01-22 12:23:00,3.365,3.365,3.36,3.36,151
2026-01-22 12:24:00,3.36,3.375,3.355,3.3711,277
2026-01-22 12:25:00,3.3743,3.375,3.3743,3.375,2
2026-01-22 12:26:00,3.37,3.375,3.37,3.375,30
2026-01-22 12:27:00,3.37,3.37,3.365,3.365,10
2026-01-22 12:28:00,3.365,3.3654,3.365,3.3654,9
2026-01-22 12:29:00,3.365,3.37,3.365,3.365,7
2026-01-22 12:30:00,3.36,3.365,3.36,3.365,12
2026-01-22 12:31:00,3.3684,3.3684,3.365,3.365,8
2026-01-22 12:32:00,3.365,3.37,3.36,3.37,36
2026-01-22 12:33:00,3.365,3.365,3.365,3.365,13
2026-01-22 12:34:00,3.365,3.3699,3.365,3.365,64
2026-01-22 12:35:00,3.365,3.3689,3.365,3.365,4
2026-01-22 12:36:00,3.3626,3.365,3.3626,3.365,4
2026-01-22 12:37:00,3.37,3.37,3.365,3.365,135
2026-01-22 12:38:00,3.3649,3.3649,3.3649,3.3649,13
2026-01-22 12:39:00,3.365,3.365,3.365,3.365,1
2026-01-22 12:40:00,3.37,3.375,3.37,3.375,44
2026-01-22 12:41:00,3.3799,3.3799,3.375,3.375,7
2026-01-22 12:42:00,3.3715,3.3715,3.3715,3.3715,1
2026-01-22 12:43:00,3.375,3.375,3.375,3.375,1
2026-01-22 12:44:00,3.3703,3.38,3.3703,3.375,22
2026-01-22 12:45:00,3.375,3.38,3.375,3.38,79
2026-01-22 12:46:00,3.38,3.38,3.3717,3.3717,7
2026-01-22 12:47:00,3.3799,3.38,3.3711,3.375,224
2026-01-22 12:48:00,3.3701,3.38,3.3701,3.38,23
2026-01-22 12:49:00,3.375,3.38,3.375,3.375,33
2026-01-22 12:50:00,3.375,3.38,3.375,3.38,36
2026-01-22 12:51:00,3.3798,3.38,3.3798,3.38,6
2026-01-22 12:52:00,3.38,3.38,3.38,3.38,10
2026-01-22 12:53:00,3.375,3.38,3.375,3.375,22
2026-01-22 12:54:00,3.375,3.375,3.375,3.375,16
2026-01-22 12:55:00,3.375,3.38,3.375,3.38,12
2026-01-22 12:56:00,3.3745,3.38,3.3745,3.38,12
2026-01-22 12:57:00,3.375,3.38,3.375,3.38,19
2026-01-22 12:58:00,3.375,3.38,3.375,3.375,182
2026-01-22 12:59:00,3.375,3.375,3.3748,3.375,67
2026-01-22 13:00:00,3.375,3.375,3.375,3.375,5
2026-01-22 13:01:00,3.38,3.38,3.375,3.375,31
2026-01-22 13:02:00,3.375,3.375,3.375,3.375,2
2026-01-22 13:03:00,3.375,3.375,3.375,3.375,9
2026-01-22 13:04:00,3.375,3.3786,3.375,3.375,5
2026-01-22 13:05:00,3.375,3.375,3.3703,3.3703,4
2026-01-22 13:06:00,3.375,3.375,3.365,3.365,282
2026-01-22 13:07:00,3.365,3.37,3.365,3.37,12
2026-01-22 13:08:00,3.365,3.365,3.365,3.365,4
2026-01-22 13:09:00,3.365,3.37,3.36,3.36,18
2026-01-22 13:10:00,3.365,3.365,3.355,3.355,254
2026-01-22 13:11:00,3.36,3.36,3.355,3.355,8
2026-01-22 13:12:00,3.355,3.3585,3.355,3.355,7
2026-01-22 13:13:00,3.355,3.355,3.35,3.355,7
2026-01-22 13:14:00,3.36,3.36,3.3546,3.355,20
2026-01-22 13:15:00,3.36,3.36,3.355,3.355,10
2026-01-22 13:16:00,3.36,3.36,3.354,3.355,40
2026-01-22 13:17:00,3.355,3.36,3.355,3.355,50
2026-01-22 13:18:00,3.36,3.37,3.36,3.365,73
2026-01-22 13:19:00,3.365,3.365,3.355,3.36,143
2026-01-22 13:20:00,3.355,3.36,3.35,3.36,113
2026-01-22 13:21:00,3.36,3.36,3.355,3.355,83
2026-01-22 13:22:00,3.355,3.355,3.355,3.355,1
2026-01-22 13:23:00,3.355,3.355,3.355,3.355,57
2026-01-22 13:24:00,3.36,3.36,3.36,3.36,1
2026-01-22 13:25:00,3.35,3.355,3.35,3.35,257
2026-01-22 13:26:00,3.345,3.36,3.345,3.36,218
2026-01-22 13:27:00,3.358,3.358,3.3554,3.3554,7
2026-01-22 13:28:00,3.36,3.36,3.35,3.355,18
2026-01-22 13:29:00,3.355,3.355,3.352,3.352,3
2026-01-22 13:30:00,3.3538,3.3538,3.3538,3.3538,1
2026-01-22 13:31:00,3.355,3.355,3.355,3.355,26
2026-01-22 13:32:00,3.355,3.36,3.355,3.355,6
2026-01-22 13:33:00,3.355,3.36,3.355,3.36,3
2026-01-22 13:34:00,3.355,3.36,3.355,3.355,39
2026-01-22 13:35:00,3.3552,3.3586,3.3528,3.3556,49
2026-01-22 13:36:00,3.355,3.36,3.35,3.355,30
2026-01-22 13:37:00,3.355,3.36,3.355,3.36,4
2026-01-22 13:38:00,3.355,3.355,3.355,3.355,4
2026-01-22 13:39:00,3.355,3.36,3.3546,3.36,10
2026-01-22 13:40:00,3.355,3.3583,3.355,3.3583,5
2026-01-22 13:41:00,3.355,3.355,3.355,3.355,2
2026-01-22 13:42:00,3.35,3.3515,3.345,3.345,111
2026-01-22 13:43:00,3.345,3.35,3.345,3.345,38
2026-01-22 13:44:00,3.345,3.345,3.345,3.345,1
2026-01-22 13:45:00,3.345,3.345,3.34,3.345,5
2026-01-22 13:46:00,3.35,3.35,3.33,3.335,930
2026-01-22 13:47:00,3.33,3.335,3.33,3.335,24
2026-01-22 13:48:00,3.3333,3.3351,3.3333,3.3351,17
2026-01-22 13:49:00,3.335,3.3399,3.335,3.3361,103
2026-01-22 13:50:00,3.335,3.3398,3.33,3.3398,41
2026-01-22 13:51:00,3.3355,3.3355,3.33,3.33,10
2026-01-22 13:52:00,3.34,3.34,3.33,3.33,37
2026-01-22 13:53:00,3.33,3.335,3.33,3.33,34
2026-01-22 13:54:00,3.33,3.335,3.33,3.335,9
2026-01-22 13:55:00,3.3354,3.3354,3.3354,3.3354,3
2026-01-22 13:56:00,3.33,3.335,3.33,3.33,111
2026-01-22 13:57:00,3.3303,3.335,3.325,3.325,182
2026-01-22 13:58:00,3.325,3.335,3.325,3.335,198
2026-01-22 13:59:00,3.33,3.34,3.33,3.33,7
2026-01-22 14:00:00,3.335,3.3386,3.335,3.335,5
2026-01-22 14:01:00,3.33,3.33,3.325,3.325,31
2026-01-22 14:02:00,3.33,3.33,3.325,3.325,2
2026-01-22 14:03:00,3.325,3.33,3.325,3.325,14
2026-01-22 14:04:00,3.33,3.33,3.32,3.32,4
2026-01-22 14:05:00,3.325,3.33,3.325,3.325,11
2026-01-22 14:06:00,3.325,3.33,3.325,3.325,181
2026-01-22 14:07:00,3.3287,3.33,3.3287,3.33,5
2026-01-22 14:08:00,3.33,3.33,3.32,3.3273,11
2026-01-22 14:09:00,3.325,3.325,3.32,3.32,24
2026-01-22 14:10:00,3.325,3.325,3.325,3.325,16
2026-01-22 14:11:00,3.325,3.325,3.325,3.325,3
2026-01-22 14:12:00,3.325,3.325,3.325,3.325,2
2026-01-22 14:13:00,3.33,3.33,3.325,3.325,3
2026-01-22 14:14:00,3.325,3.325,3.325,3.325,1
2026-01-22 14:15:00,3.325,3.325,3.325,3.325,9
2026-01-22 14:16:00,3.3214,3.325,3.3101,3.315,134
2026-01-22 14:17:00,3.315,3.32,3.315,3.32,11
2026-01-22 14:18:00,3.32,3.32,3.32,3.32,1
2026-01-22 14:19:00,3.32,3.32,3.3146,3.3146,2
2026-01-22 14:20:00,3.315,3.315,3.31,3.315,52
2026-01-22 14:21:00,3.315,3.32,3.315,3.32,22
2026-01-22 14:22:00,3.3125,3.315,3.31,3.315,44
2026-01-22 14:23:00,3.315,3.335,3.315,3.325,524
2026-01-22 14:24:00,3.325,3.33,3.325,3.3299,29
2026-01-22 14:25:00,3.3292,3.34,3.3292,3.335,102
2026-01-22 14:26:00,3.335,3.335,3.335,3.335,13
2026-01-22 14:27:00,3.33,3.33,3.325,3.325,73
2026-01-22 14:28:00,3.325,3.33,3.325,3.325,6
2026-01-22 14:29:00,3.325,3.335,3.325,3.335,156
2026-01-22 14:30:00,3.335,3.335,3.335,3.335,0
2026-01-22 14:31:00,3.335,3.335,3.335,3.335,0
2026-01-22 14:32:00,3.33,3.335,3.33,3.335,6
2026-01-22 14:33:00,3.335,3.335,3.33,3.335,7
2026-01-22 14:34:00,3.335,3.335,3.335,3.335,0
2026-01-22 14:35:00,3.3302,3.3302,3.325,3.325,52
2026-01-22 14:36:00,3.3286,3.3286,3.32,3.32,5
2026-01-22 14:37:00,3.3285,3.3285,3.325,3.325,8
2026-01-22 14:38:00,3.325,3.3254,3.325,3.3254,15
2026-01-22 14:39:00,3.32,3.325,3.32,3.325,3
2026-01-22 14:40:00,3.3201,3.33,3.32,3.325,38
2026-01-22 14:41:00,3.3203,3.3291,3.32,3.325,78
2026-01-22 14:42:00,3.32,3.32,3.32,3.32,7
2026-01-22 14:43:00,3.32,3.325,3.32,3.325,37
2026-01-22 14:44:00,3.32,3.325,3.32,3.325,36
2026-01-22 14:45:00,3.32,3.325,3.31,3.31,52
2026-01-22 14:46:00,3.315,3.315,3.31,3.315,12
2026-01-22 14:47:00,3.315,3.315,3.315,3.315,12
2026-01-22 14:48:00,3.315,3.315,3.3115,3.3115,3
2026-01-22 14:49:00,3.315,3.315,3.31,3.31,4
2026-01-22 14:50:00,3.315,3.32,3.3146,3.3146,14
2026-01-22 14:51:00,3.315,3.32,3.315,3.315,8
2026-01-22 14:52:00,3.315,3.355,3.315,3.3486,523
2026-01-22 14:53:00,3.345,3.345,3.34,3.34,30
2026-01-22 14:54:00,3.335,3.3362,3.335,3.335,14
2026-01-22 14:55:00,3.335,3.335,3.33,3.335,11
2026-01-22 14:56:00,3.33,3.335,3.33,3.335,2
2026-01-22 14:57:00,3.33,3.34,3.33,3.34,5
2026-01-22 14:58:00,3.335,3.335,3.335,3.335,4
2026-01-22 14:59:00,3.334,3.335,3.33,3.33,11
2026-01-22 15:00:00,3.335,3.335,3.33,3.33,5
2026-01-22 15:01:00,3.335,3.335,3.33,3.33,6
2026-01-22 15:02:00,3.34,3.34,3.33,3.335,8
2026-01-22 15:03:00,3.33,3.335,3.33,3.33,5
2026-01-22 15:04:00,3.33,3.339,3.33,3.33,95
2026-01-22 15:05:00,3.33,3.33,3.33,3.33,48
2026-01-22 15:06:00,3.3311,3.3311,3.325,3.325,130
2026-01-22 15:07:00,3.325,3.33,3.32,3.33,30
2026-01-22 15:08:00,3.325,3.335,3.325,3.33,179
2026-01-22 15:09:00,3.325,3.33,3.325,3.325,7
2026-01-22 15:10:00,3.325,3.33,3.325,3.33,4
2026-01-22 15:11:00,3.33,3.33,3.325,3.325,4
2026-01-22 15:12:00,3.325,3.325,3.325,3.325,0
2026-01-22 15:13:00,3.325,3.345,3.325,3.345,354
2026-01-22 15:14:00,3.345,3.345,3.345,3.345,0
2026-01-22 15:15:00,3.345,3.345,3.345,3.345,4
2026-01-22 15:16:00,3.345,3.345,3.34,3.345,26
2026-01-22 15:17:00,3.345,3.345,3.34,3.34,10
2026-01-22 15:18:00,3.34,3.34,3.33,3.335,39
2026-01-22 15:19:00,3.3399,3.3399,3.33,3.33,8
2026-01-22 15:20:00,3.33,3.33,3.32,3.32,52
2026-01-22 15:21:00,3.32,3.32,3.31,3.31,57
2026-01-22 15:22:00,3.315,3.3175,3.31,3.3175,25
2026-01-22 15:23:00,3.315,3.315,3.31,3.315,30
2026-01-22 15:24:00,3.31,3.31,3.3,3.3,153
2026-01-22 15:25:00,3.3,3.3,3.29,3.295,118
2026-01-22 15:26:00,3.29,3.3,3.29,3.295,24
2026-01-22 15:27:00,3.295,3.3,3.29,3.295,130
2026-01-22 15:28:00,3.29,3.31,3.29,3.31,260
2026-01-22 15:29:00,3.305,3.3086,3.305,3.305,13
2026-01-22 15:30:00,3.3,3.3,3.28,3.285,276
2026-01-22 15:31:00,3.2805,3.29,3.2805,3.285,9
2026-01-22 15:32:00,3.285,3.285,3.28,3.285,129
2026-01-22 15:33:00,3.285,3.29,3.28,3.285,88
2026-01-22 15:34:00,3.285,3.2883,3.28,3.28,204
2026-01-22 15:35:00,3.28,3.285,3.275,3.275,79
2026-01-22 15:36:00,3.27,3.28,3.27,3.275,58
2026-01-22 15:37:00,3.27,3.28,3.27,3.27,61
2026-01-22 15:38:00,3.2799,3.2799,3.27,3.275,9
2026-01-22 15:39:00,3.27,3.2773,3.27,3.27,26
2026-01-22 15:40:00,3.27,3.27,3.26,3.265,290
2026-01-22 15:41:00,3.265,3.275,3.26,3.275,289
2026-01-22 15:42:00,3.2714,3.275,3.265,3.27,77
2026-01-22 15:43:00,3.265,3.2799,3.265,3.275,224
2026-01-22 15:44:00,3.2793,3.2799,3.27,3.275,18
2026-01-22 15:45:00,3.275,3.275,3.275,3.275,41
2026-01-22 15:46:00,3.28,3.29,3.275,3.275,235
2026-01-22 15:47:00,3.2701,3.28,3.2701,3.275,149
2026-01-22 15:48:00,3.275,3.28,3.27,3.28,283
2026-01-22 15:49:00,3.275,3.28,3.27,3.275,15
2026-01-22 15:50:00,3.275,3.279,3.27,3.275,146
2026-01-22 15:51:00,3.2701,3.275,3.26,3.265,197
2026-01-22 15:52:00,3.26,3.265,3.26,3.26,66
2026-01-22 15:53:00,3.2601,3.2656,3.26,3.265,180
2026-01-22 15:54:00,3.265,3.265,3.255,3.255,135
2026-01-22 15:55:00,3.255,3.265,3.255,3.265,359
2026-01-22 15:56:00,3.2602,3.265,3.25,3.25,436
2026-01-22 15:57:00,3.25,3.255,3.245,3.245,414
2026-01-22 15:58:00,3.25,3.25,3.24,3.245,379
2026-01-22 15:59:00,3.24,3.25,3.24,3.245,659
2026-01-23 09:30:00,3.25,3.3018,3.23,3.275,1642
2026-01-23 09:31:00,3.28,3.2811,3.27,3.27,57
2026-01-23 09:32:00,3.28,3.2899,3.27,3.275,148
2026-01-23 09:33:00,3.275,3.275,3.265,3.265,35
2026-01-23 09:34:00,3.2698,3.28,3.2698,3.28,75
2026-01-23 09:35:00,3.28,3.3,3.28,3.29,74
2026-01-23 09:36:00,3.285,3.29,3.284,3.285,66
2026-01-23 09:37:00,3.285,3.29,3.285,3.285,11
2026-01-23 09:38:00,3.285,3.32,3.285,3.32,199
2026-01-23 09:39:00,3.32,3.33,3.3184,3.325,163
2026-01-23 09:40:00,3.325,3.335,3.32,3.3301,218
2026-01-23 09:41:00,3.335,3.335,3.3301,3.3346,21
2026-01-23 09:42:00,3.335,3.35,3.335,3.35,111
2026-01-23 09:43:00,3.35,3.375,3.345,3.375,253
2026-01-23 09:44:00,3.3799,3.38,3.365,3.365,160
2026-01-23 09:45:00,3.365,3.3687,3.36,3.36,80
2026-01-23 09:46:00,3.355,3.355,3.34,3.345,72
2026-01-23 09:47:00,3.3414,3.3588,3.3414,3.3588,45
2026-01-23 09:48:00,3.35,3.35,3.34,3.345,16
2026-01-23 09:49:00,3.345,3.345,3.34,3.345,35
2026-01-23 09:50:00,3.3401,3.345,3.3401,3.345,45
2026-01-23 09:51:00,3.345,3.355,3.345,3.355,85
2026-01-23 09:52:00,3.355,3.355,3.3401,3.345,147
2026-01-23 09:53:00,3.345,3.37,3.345,3.3686,106
2026-01-23 09:54:00,3.365,3.365,3.355,3.355,42
2026-01-23 09:55:00,3.355,3.355,3.3505,3.355,35
2026-01-23 09:56:00,3.355,3.36,3.355,3.355,9
2026-01-23 09:57:00,3.355,3.36,3.355,3.36,6
2026-01-23 09:58:00,3.355,3.3598,3.345,3.355,137
2026-01-23 09:59:00,3.355,3.355,3.3545,3.355,7
2026-01-23 10:00:00,3.355,3.36,3.35,3.355,81
2026-01-23 10:01:00,3.355,3.355,3.3425,3.345,49
2026-01-23 10:02:00,3.345,3.365,3.345,3.365,117
2026-01-23 10:03:00,3.365,3.3686,3.36,3.36,43
2026-01-23 10:04:00,3.3685,3.375,3.36,3.365,174
2026-01-23 10:05:00,3.365,3.367,3.35,3.355,214
2026-01-23 10:06:00,3.355,3.355,3.34,3.345,97
2026-01-23 10:07:00,3.345,3.3456,3.335,3.335,37
2026-01-23 10:08:00,3.335,3.3355,3.335,3.3355,63
2026-01-23 10:09:00,3.335,3.34,3.33,3.335,212
2026-01-23 10:10:00,3.335,3.335,3.325,3.325,100
2026-01-23 10:11:00,3.325,3.33,3.325,3.325,47
2026-01-23 10:12:00,3.325,3.325,3.325,3.325,8
2026-01-23 10:13:00,3.325,3.325,3.32,3.325,110
2026-01-23 10:14:00,3.325,3.325,3.315,3.315,62
2026-01-23 10:15:00,3.315,3.3178,3.3145,3.315,50
2026-01-23 10:16:00,3.315,3.315,3.305,3.305,83
2026-01-23 10:17:00,3.305,3.31,3.305,3.305,19
2026-01-23 10:18:00,3.305,3.31,3.3,3.305,75
2026-01-23 10:19:00,3.305,3.3086,3.305,3.3086,14
2026-01-23 10:20:00,3.305,3.315,3.305,3.305,215
2026-01-23 10:21:00,3.305,3.305,3.3,3.305,37
2026-01-23 10:22:00,3.31,3.31,3.305,3.305,6
2026-01-23 10:23:00,3.305,3.3057,3.3014,3.3014,12
2026-01-23 10:24:00,3.305,3.305,3.3,3.3,7
2026-01-23 10:25:00,3.305,3.305,3.2945,3.295,131
2026-01-23 10:26:00,3.295,3.2951,3.295,3.295,39
2026-01-23 10:27:00,3.295,3.31,3.295,3.305,479
2026-01-23 10:28:00,3.305,3.305,3.305,3.305,5
2026-01-23 10:29:00,3.305,3.308,3.305,3.305,33
2026-01-23 10:30:00,3.305,3.305,3.305,3.305,13
2026-01-23 10:31:00,3.305,3.305,3.305,3.305,4
2026-01-23 10:32:00,3.305,3.305,3.305,3.305,49
2026-01-23 10:33:00,3.305,3.305,3.3,3.3,13
2026-01-23 10:34:00,3.3,3.3099,3.3,3.305,112
2026-01-23 10:35:00,3.305,3.31,3.305,3.31,3
2026-01-23 10:36:00,3.3,3.3,3.28,3.285,911
2026-01-23 10:37:00,3.28,3.2854,3.27,3.275,865
2026-01-23 10:38:00,3.27,3.275,3.27,3.275,10
2026-01-23 10:39:00,3.275,3.275,3.27,3.275,46
2026-01-23 10:40:00,3.27,3.2739,3.265,3.265,382
2026-01-23 10:41:00,3.265,3.275,3.265,3.275,108
2026-01-23 10:42:00,3.27,3.275,3.265,3.27,39
2026-01-23 10:43:00,3.275,3.28,3.27,3.28,85
2026-01-23 10:44:00,3.28,3.29,3.28,3.29,104
2026-01-23 10:45:00,3.29,3.295,3.285,3.295,72
2026-01-23 10:46:00,3.295,3.3,3.2914,3.295,5
2026-01-23 10:47:00,3.295,3.2986,3.29,3.29,10
2026-01-23 10:48:00,3.29,3.294,3.285,3.29,251
2026-01-23 10:49:00,3.295,3.2999,3.295,3.295,69
2026-01-23 10:50:00,3.295,3.305,3.295,3.305,167
2026-01-23 10:51:00,3.3,3.3,3.295,3.295,27
2026-01-23 10:52:00,3.295,3.3,3.295,3.295,37
2026-01-23 10:53:00,3.295,3.3,3.29,3.295,65
2026-01-23 10:54:00,3.295,3.2987,3.295,3.295,26
2026-01-23 10:55:00,3.295,3.295,3.29,3.295,12
2026-01-23 10:56:00,3.295,3.295,3.29,3.29,5
2026-01-23 10:57:00,3.29,3.2985,3.29,3.29,21
2026-01-23 10:58:00,3.295,3.295,3.29,3.295,58
2026-01-23 10:59:00,3.295,3.2987,3.29,3.29,80
2026-01-23 11:00:00,3.295,3.3,3.29,3.295,78
2026-01-23 11:01:00,3.295,3.295,3.29,3.29,19
2026-01-23 11:02:00,3.29,3.295,3.29,3.295,3
2026-01-23 11:03:00,3.29,3.295,3.29,3.295,22
2026-01-23 11:04:00,3.295,3.305,3.295,3.295,105
2026-01-23 11:05:00,3.2986,3.2986,3.285,3.285,54
2026-01-23 11:06:00,3.285,3.29,3.285,3.285,21
2026-01-23 11:07:00,3.285,3.29,3.285,3.285,6
2026-01-23 11:08:00,3.285,3.285,3.285,3.285,33
2026-01-23 11:09:00,3.2801,3.295,3.2801,3.295,59
2026-01-23 11:10:00,3.29,3.29,3.2801,3.2836,38
2026-01-23 11:11:00,3.29,3.29,3.2801,3.2801,16
2026-01-23 11:12:00,3.285,3.2852,3.28,3.2852,32
2026-01-23 11:13:00,3.285,3.285,3.285,3.285,13
2026-01-23 11:14:00,3.285,3.285,3.285,3.285,2
2026-01-23 11:15:00,3.285,3.2852,3.28,3.285,34
2026-01-23 11:16:00,3.285,3.285,3.27,3.275,180
2026-01-23 11:17:00,3.275,3.275,3.27,3.275,29
2026-01-23 11:18:00,3.275,3.2755,3.2727,3.2727,22
2026-01-23 11:19:00,3.27,3.27,3.265,3.265,9
2026-01-23 11:20:00,3.265,3.265,3.2646,3.2646,10
2026-01-23 11:21:00,3.265,3.2687,3.26,3.2687,37
2026-01-23 11:22:00,3.2618,3.2618,3.2618,3.2618,2
2026-01-23 11:23:00,3.27,3.27,3.25,3.265,233
2026-01-23 11:24:00,3.265,3.27,3.26,3.2602,44
2026-01-23 11:25:00,3.26,3.2693,3.26,3.26,9
2026-01-23 11:26:00,3.26,3.26,3.26,3.26,1
2026-01-23 11:27:00,3.2634,3.2634,3.255,3.255,68
2026-01-23 11:28:00,3.255,3.265,3.2549,3.265,85
2026-01-23 11:29:00,3.265,3.2687,3.26,3.2677,16
2026-01-23 11:30:00,3.265,3.2687,3.265,3.265,17
2026-01-23 11:31:00,3.265,3.265,3.265,3.265,3
2026-01-23 11:32:00,3.265,3.265,3.265,3.265,5
2026-01-23 11:33:00,3.265,3.265,3.265,3.265,3
2026-01-23 11:34:00,3.265,3.265,3.265,3.265,3
2026-01-23 11:35:00,3.265,3.2699,3.265,3.265,34
2026-01-23 11:36:00,3.265,3.265,3.265,3.265,4
2026-01-23 11:37:00,3.265,3.265,3.265,3.265,0
2026-01-23 11:38:00,3.265,3.265,3.265,3.265,0
2026-01-23 11:39:00,3.265,3.2698,3.265,3.2698,22
2026-01-23 11:40:00,3.2699,3.27,3.265,3.265,15
2026-01-23 11:41:00,3.2688,3.275,3.265,3.27,101
2026-01-23 11:42:00,3.265,3.27,3.265,3.265,26
2026-01-23 11:43:00,3.265,3.265,3.26,3.265,70
2026-01-23 11:44:00,3.265,3.2687,3.265,3.265,10
2026-01-23 11:45:00,3.265,3.27,3.265,3.265,74
2026-01-23 11:46:00,3.265,3.27,3.265,3.27,7
2026-01-23 11:47:00,3.265,3.265,3.265,3.265,26
2026-01-23 11:48:00,3.265,3.265,3.265,3.265,1
2026-01-23 11:49:00,3.265,3.27,3.26,3.26,240
2026-01-23 11:50:00,3.255,3.2599,3.25,3.255,105
2026-01-23 11:51:00,3.2555,3.2555,3.255,3.255,6
2026-01-23 11:52:00,3.255,3.255,3.25,3.2545,26
2026-01-23 11:53:00,3.25,3.255,3.24,3.255,208
2026-01-23 11:54:00,3.255,3.255,3.25,3.2546,37
2026-01-23 11:55:00,3.255,3.255,3.2546,3.2546,3
2026-01-23 11:56:00,3.25,3.25,3.25,3.25,1
2026-01-23 11:57:00,3.255,3.255,3.25,3.25,7
2026-01-23 11:58:00,3.25,3.25,3.25,3.25,3
2026-01-23 11:59:00,3.255,3.2599,3.25,3.255,32
2026-01-23 12:00:00,3.25,3.25,3.245,3.245,89
2026-01-23 12:01:00,3.245,3.245,3.245,3.245,11
2026-01-23 12:02:00,3.2403,3.2499,3.2403,3.245,44
2026-01-23 12:03:00,3.245,3.255,3.245,3.245,84
2026-01-23 12:04:00,3.245,3.245,3.245,3.245,3
2026-01-23 12:05:00,3.2436,3.2436,3.2436,3.2436,3
2026-01-23 12:06:00,3.245,3.245,3.2401,3.245,34
2026-01-23 12:07:00,3.245,3.2586,3.2401,3.245,127
2026-01-23 12:08:00,3.2477,3.2477,3.245,3.245,32
2026-01-23 12:09:00,3.25,3.255,3.2499,3.255,54
2026-01-23 12:10:00,3.255,3.255,3.255,3.255,20
2026-01-23 12:11:00,3.2599,3.2599,3.255,3.255,16
2026-01-23 12:12:00,3.26,3.26,3.255,3.255,41
2026-01-23 12:13:00,3.255,3.255,3.255,3.255,3
2026-01-23 12:14:00,3.255,3.2589,3.25,3.25,20
2026-01-23 12:15:00,3.255,3.26,3.25,3.255,43
2026-01-23 12:16:00,3.255,3.2592,3.25,3.2592,11
2026-01-23 12:17:00,3.255,3.255,3.255,3.255,1
2026-01-23 12:18:00,3.255,3.255,3.255,3.255,0
2026-01-23 12:19:00,3.255,3.255,3.255,3.255,0
2026-01-23 12:20:00,3.255,3.255,3.245,3.245,56
2026-01-23 12:21:00,3.245,3.245,3.244,3.245,17
2026-01-23 12:22:00,3.25,3.25,3.24,3.245,31
2026-01-23 12:23:00,3.25,3.25,3.245,3.245,12
2026-01-23 12:24:00,3.245,3.245,3.245,3.245,1
2026-01-23 12:25:00,3.245,3.245,3.245,3.245,6
2026-01-23 12:26:00,3.245,3.245,3.245,3.245,6
2026-01-23 12:27:00,3.2496,3.25,3.245,3.2484,130
2026-01-23 12:28:00,3.25,3.259,3.2499,3.255,118
2026-01-23 12:29:00,3.255,3.255,3.255,3.255,3
2026-01-23 12:30:00,3.25,3.265,3.25,3.2647,72
2026-01-23 12:31:00,3.2631,3.265,3.255,3.255,36
2026-01-23 12:32:00,3.255,3.255,3.255,3.255,1
2026-01-23 12:33:00,3.255,3.2599,3.255,3.2599,8
2026-01-23 12:34:00,3.255,3.26,3.255,3.2586,34
2026-01-23 12:35:00,3.2501,3.2501,3.25,3.25,229
2026-01-23 12:36:00,3.255,3.255,3.2546,3.255,9
2026-01-23 12:37:00,3.2581,3.2597,3.2581,3.2597,7
2026-01-23 12:38:00,3.2597,3.2597,3.2597,3.2597,0
2026-01-23 12:39:00,3.2586,3.2586,3.2586,3.2586,4
2026-01-23 12:40:00,3.25,3.25,3.25,3.25,6
2026-01-23 12:41:00,3.25,3.25,3.25,3.25,1
2026-01-23 12:42:00,3.25,3.25,3.24,3.245,64
2026-01-23 12:43:00,3.24,3.245,3.24,3.245,4
2026-01-23 12:44:00,3.245,3.25,3.245,3.245,4
2026-01-23 12:45:00,3.24,3.24,3.24,3.24,43
2026-01-23 12:46:00,3.245,3.245,3.24,3.245,5
2026-01-23 12:47:00,3.24,3.245,3.24,3.245,15
2026-01-23 12:48:00,3.24,3.245,3.24,3.245,76
2026-01-23 12:49:00,3.245,3.245,3.245,3.245,2
2026-01-23 12:50:00,3.245,3.245,3.245,3.245,0
2026-01-23 12:51:00,3.24,3.25,3.24,3.24,14
2026-01-23 12:52:00,3.245,3.245,3.245,3.245,3
2026-01-23 12:53:00,3.245,3.25,3.24,3.24,5
2026-01-23 12:54:00,3.2486,3.2486,3.2486,3.2486,2
2026-01-23 12:55:00,3.24,3.24,3.24,3.24,26
2026-01-23 12:56:00,3.24,3.24,3.235,3.235,70
2026-01-23 12:57:00,3.235,3.2454,3.235,3.2454,201
2026-01-23 12:58:00,3.245,3.245,3.245,3.245,53
2026-01-23 12:59:00,3.245,3.245,3.245,3.245,2
2026-01-23 13:00:00,3.2445,3.25,3.2445,3.25,18
2026-01-23 13:01:00,3.25,3.25,3.25,3.25,1
2026-01-23 13:02:00,3.25,3.25,3.24,3.245,67
2026-01-23 13:03:00,3.24,3.2487,3.24,3.245,8
2026-01-23 13:04:00,3.245,3.245,3.2441,3.245,7
2026-01-23 13:05:00,3.245,3.25,3.245,3.245,60
2026-01-23 13:06:00,3.25,3.265,3.25,3.265,130
2026-01-23 13:07:00,3.265,3.2699,3.265,3.2699,12
2026-01-23 13:08:00,3.265,3.275,3.265,3.265,159
2026-01-23 13:09:00,3.265,3.2681,3.265,3.265,6
2026-01-23 13:10:00,3.27,3.27,3.265,3.265,14
2026-01-23 13:11:00,3.2686,3.2686,3.25,3.255,254
2026-01-23 13:12:00,3.2599,3.2599,3.25,3.255,10
2026-01-23 13:13:00,3.2599,3.2599,3.25,3.25,36
2026-01-23 13:14:00,3.255,3.255,3.255,3.255,1
2026-01-23 13:15:00,3.25,3.2667,3.25,3.2667,67
2026-01-23 13:16:00,3.265,3.265,3.265,3.265,1
2026-01-23 13:17:00,3.265,3.265,3.265,3.265,34
2026-01-23 13:18:00,3.27,3.27,3.2656,3.2656,10
2026-01-23 13:19:00,3.26,3.26,3.26,3.26,10
2026-01-23 13:20:00,3.26,3.265,3.255,3.265,40
2026-01-23 13:21:00,3.265,3.265,3.26,3.265,13
2026-01-23 13:22:00,3.265,3.265,3.255,3.255,96
2026-01-23 13:23:00,3.255,3.26,3.255,3.255,20
2026-01-23 13:24:00,3.255,3.255,3.25,3.25,30
2026-01-23 13:25:00,3.25,3.255,3.25,3.255,15
2026-01-23 13:26:00,3.255,3.255,3.25,3.255,26
2026-01-23 13:27:00,3.255,3.265,3.255,3.26,83
2026-01-23 13:28:00,3.255,3.255,3.255,3.255,2
2026-01-23 13:29:00,3.2586,3.2597,3.255,3.255,11
2026-01-23 13:30:00,3.255,3.255,3.255,3.255,40
2026-01-23 13:31:00,3.255,3.255,3.255,3.255,15
2026-01-23 13:32:00,3.255,3.255,3.255,3.255,10
2026-01-23 13:33:00,3.255,3.255,3.255,3.255,8
2026-01-23 13:34:00,3.25,3.26,3.25,3.26,23
2026-01-23 13:35:00,3.255,3.255,3.255,3.255,8
2026-01-23 13:36:00,3.255,3.255,3.255,3.255,12
2026-01-23 13:37:00,3.2586,3.2599,3.2586,3.2599,5
2026-01-23 13:38:00,3.255,3.255,3.255,3.255,6
2026-01-23 13:39:00,3.255,3.255,3.255,3.255,0
2026-01-23 13:40:00,3.255,3.255,3.255,3.255,54
2026-01-23 13:41:00,3.255,3.255,3.255,3.255,3
2026-01-23 13:42:00,3.255,3.255,3.255,3.255,0
2026-01-23 13:43:00,3.255,3.255,3.255,3.255,12
2026-01-23 13:44:00,3.255,3.26,3.25,3.25,104
2026-01-23 13:45:00,3.25,3.255,3.25,3.25,11
2026-01-23 13:46:00,3.25,3.26,3.25,3.255,7
2026-01-23 13:47:00,3.25,3.255,3.25,3.255,3
2026-01-23 13:48:00,3.255,3.255,3.255,3.255,1
2026-01-23 13:49:00,3.255,3.255,3.2446,3.2446,63
2026-01-23 13:50:00,3.2446,3.2446,3.2446,3.2446,0
2026-01-23 13:51:00,3.2446,3.2446,3.2446,3.2446,0
2026-01-23 13:52:00,3.2472,3.255,3.245,3.245,158
2026-01-23 13:53:00,3.244,3.244,3.244,3.244,3
2026-01-23 13:54:00,3.25,3.25,3.25,3.25,2
2026-01-23 13:55:00,3.25,3.25,3.25,3.25,1
2026-01-23 13:56:00,3.2499,3.25,3.245,3.245,33
2026-01-23 13:57:00,3.245,3.245,3.24,3.24,4
2026-01-23 13:58:00,3.24,3.24,3.24,3.24,0
2026-01-23 13:59:00,3.2487,3.2487,3.24,3.245,14
2026-01-23 14:00:00,3.2486,3.2486,3.245,3.245,16
2026-01-23 14:01:00,3.245,3.245,3.245,3.245,7
2026-01-23 14:02:00,3.245,3.245,3.245,3.245,13
2026-01-23 14:03:00,3.245,3.2485,3.245,3.2485,7
2026-01-23 14:04:00,3.245,3.245,3.245,3.245,24
2026-01-23 14:05:00,3.2446,3.2458,3.2446,3.2458,6
2026-01-23 14:06:00,3.245,3.245,3.2428,3.245,3
2026-01-23 14:07:00,3.2472,3.25,3.245,3.245,11
2026-01-23 14:08:00,3.245,3.255,3.245,3.25,66
2026-01-23 14:09:00,3.25,3.255,3.25,3.255,6
2026-01-23 14:10:00,3.255,3.255,3.255,3.255,0
2026-01-23 14:11:00,3.2591,3.2591,3.25,3.25,80
2026-01-23 14:12:00,3.255,3.2599,3.2517,3.255,9
2026-01-23 14:13:00,3.255,3.255,3.255,3.255,1
2026-01-23 14:14:00,3.255,3.265,3.255,3.26,109
2026-01-23 14:15:00,3.265,3.27,3.265,3.27,19
2026-01-23 14:16:00,3.265,3.265,3.265,3.265,4
2026-01-23 14:17:00,3.2651,3.2651,3.265,3.265,40
2026-01-23 14:18:00,3.265,3.2698,3.26,3.26,15
2026-01-23 14:19:00,3.2699,3.2699,3.2699,3.2699,10
2026-01-23 14:20:00,3.265,3.265,3.265,3.265,1
2026-01-23 14:21:00,3.265,3.265,3.265,3.265,22
2026-01-23 14:22:00,3.2654,3.2654,3.26,3.265,71
2026-01-23 14:23:00,3.265,3.265,3.265,3.265,1
2026-01-23 14:24:00,3.26,3.265,3.26,3.26,45
2026-01-23 14:25:00,3.26,3.26,3.26,3.26,1
2026-01-23 14:26:00,3.265,3.265,3.26,3.265,12
2026-01-23 14:27:00,3.265,3.265,3.265,3.265,4
2026-01-23 14:28:00,3.2604,3.2604,3.2604,3.2604,1
2026-01-23 14:29:00,3.2634,3.2699,3.2634,3.265,18
2026-01-23 14:30:00,3.265,3.27,3.26,3.265,116
2026-01-23 14:31:00,3.265,3.265,3.265,3.265,13
2026-01-23 14:32:00,3.265,3.265,3.265,3.265,0
2026-01-23 14:33:00,3.265,3.275,3.265,3.265,75
2026-01-23 14:34:00,3.265,3.27,3.265,3.27,31
2026-01-23 14:35:00,3.275,3.275,3.275,3.275,4
2026-01-23 14:36:00,3.275,3.275,3.275,3.275,5
2026-01-23 14:37:00,3.275,3.275,3.275,3.275,2
2026-01-23 14:38:00,3.275,3.275,3.275,3.275,0
2026-01-23 14:39:00,3.275,3.275,3.275,3.275,0
2026-01-23 14:40:00,3.275,3.275,3.275,3.275,0
2026-01-23 14:41:00,3.275,3.275,3.275,3.275,0
2026-01-23 14:42:00,3.27,3.27,3.26,3.26,38
2026-01-23 14:43:00,3.265,3.265,3.2635,3.2635,11
2026-01-23 14:44:00,3.265,3.265,3.265,3.265,16
2026-01-23 14:45:00,3.265,3.265,3.2601,3.2601,24
2026-01-23 14:46:00,3.2699,3.2699,3.2699,3.2699,30
2026-01-23 14:47:00,3.265,3.265,3.265,3.265,4
2026-01-23 14:48:00,3.2686,3.2686,3.2686,3.2686,1
2026-01-23 14:49:00,3.265,3.265,3.265,3.265,6
2026-01-23 14:50:00,3.265,3.27,3.265,3.265,20
2026-01-23 14:51:00,3.265,3.265,3.265,3.265,0
2026-01-23 14:52:00,3.265,3.265,3.265,3.265,0
2026-01-23 14:53:00,3.265,3.265,3.265,3.265,2
2026-01-23 14:54:00,3.265,3.265,3.265,3.265,0
2026-01-23 14:55:00,3.265,3.265,3.255,3.255,93
2026-01-23 14:56:00,3.255,3.27,3.255,3.27,60
2026-01-23 14:57:00,3.265,3.265,3.265,3.265,1
2026-01-23 14:58:00,3.265,3.265,3.265,3.265,6
2026-01-23 14:59:00,3.27,3.27,3.27,3.27,10
2026-01-23 15:00:00,3.26,3.26,3.24,3.245,150
2026-01-23 15:01:00,3.245,3.245,3.24,3.245,23
2026-01-23 15:02:00,3.2437,3.25,3.2437,3.245,6
2026-01-23 15:03:00,3.2464,3.2464,3.245,3.245,89
2026-01-23 15:04:00,3.245,3.25,3.245,3.245,7
2026-01-23 15:05:00,3.25,3.25,3.2487,3.2487,8
2026-01-23 15:06:00,3.248,3.248,3.245,3.245,16
2026-01-23 15:07:00,3.2444,3.25,3.2444,3.245,10
2026-01-23 15:08:00,3.245,3.25,3.242,3.245,19
2026-01-23 15:09:00,3.245,3.255,3.245,3.255,104
2026-01-23 15:10:00,3.2587,3.2587,3.25,3.255,10
2026-01-23 15:11:00,3.2586,3.2586,3.255,3.255,53
2026-01-23 15:12:00,3.255,3.26,3.2501,3.2558,77
2026-01-23 15:13:00,3.255,3.255,3.25,3.255,5
2026-01-23 15:14:00,3.2556,3.2556,3.255,3.255,35
2026-01-23 15:15:00,3.255,3.255,3.25,3.255,78
2026-01-23 15:16:00,3.255,3.2599,3.25,3.255,241
2026-01-23 15:17:00,3.255,3.2599,3.255,3.255,4
2026-01-23 15:18:00,3.2549,3.255,3.2549,3.255,16
2026-01-23 15:19:00,3.255,3.255,3.25,3.25,24
2026-01-23 15:20:00,3.25,3.25,3.24,3.245,75
2026-01-23 15:21:00,3.245,3.25,3.245,3.245,27
2026-01-23 15:22:00,3.245,3.2451,3.24,3.245,11
2026-01-23 15:23:00,3.2455,3.2455,3.24,3.245,17
2026-01-23 15:24:00,3.245,3.255,3.24,3.255,159
2026-01-23 15:25:00,3.255,3.255,3.255,3.255,4
2026-01-23 15:26:00,3.255,3.255,3.25,3.25,7
2026-01-23 15:27:00,3.25,3.25,3.2449,3.245,51
2026-01-23 15:28:00,3.2409,3.2409,3.2409,3.2409,101
2026-01-23 15:29:00,3.245,3.25,3.245,3.245,13
2026-01-23 15:30:00,3.245,3.25,3.24,3.24,33
2026-01-23 15:31:00,3.245,3.249,3.24,3.24,42
2026-01-23 15:32:00,3.2453,3.2453,3.24,3.245,47
2026-01-23 15:33:00,3.2403,3.25,3.24,3.245,342
2026-01-23 15:34:00,3.245,3.245,3.24,3.24,46
2026-01-23 15:35:00,3.245,3.25,3.24,3.245,100
2026-01-23 15:36:00,3.245,3.265,3.245,3.265,227
2026-01-23 15:37:00,3.26,3.265,3.26,3.265,33
2026-01-23 15:38:00,3.265,3.265,3.26,3.265,34
2026-01-23 15:39:00,3.265,3.265,3.26,3.26,33
2026-01-23 15:40:00,3.26,3.2655,3.26,3.2613,19
2026-01-23 15:41:00,3.26,3.265,3.26,3.26,15
2026-01-23 15:42:00,3.26,3.265,3.26,3.26,69
2026-01-23 15:43:00,3.265,3.265,3.26,3.26,51
2026-01-23 15:44:00,3.26,3.265,3.26,3.26,11
2026-01-23 15:45:00,3.265,3.265,3.26,3.265,98
2026-01-23 15:46:00,3.265,3.27,3.265,3.265,58
2026-01-23 15:47:00,3.265,3.27,3.26,3.265,47
2026-01-23 15:48:00,3.265,3.27,3.26,3.265,45
2026-01-23 15:49:00,3.2614,3.265,3.26,3.265,29
2026-01-23 15:50:00,3.265,3.265,3.26,3.26,256
2026-01-23 15:51:00,3.26,3.265,3.26,3.26,28
2026-01-23 15:52:00,3.26,3.26,3.25,3.25,101
2026-01-23 15:53:00,3.255,3.26,3.25,3.255,36
2026-01-23 15:54:00,3.25,3.2583,3.25,3.2583,49
2026-01-23 15:55:00,3.255,3.255,3.25,3.255,51
2026-01-23 15:56:00,3.25,3.2599,3.25,3.255,119
2026-01-23 15:57:00,3.255,3.255,3.24,3.245,256
2026-01-23 15:58:00,3.24,3.245,3.24,3.24,244
2026-01-23 15:59:00,3.24,3.245,3.23,3.235,481
2026-01-26 09:30:00,3.24,3.24,3.2,3.2339,630
2026-01-26 09:31:00,3.23,3.23,3.21,3.21,225
2026-01-26 09:32:00,3.2143,3.2211,3.205,3.22,118
2026-01-26 09:33:00,3.23,3.23,3.2101,3.2198,43
2026-01-26 09:34:00,3.215,3.22,3.215,3.22,35
2026-01-26 09:35:00,3.226,3.235,3.2201,3.235,91
2026-01-26 09:36:00,3.235,3.2399,3.235,3.2384,31
2026-01-26 09:37:00,3.235,3.24,3.22,3.22,408
2026-01-26 09:38:00,3.22,3.2248,3.22,3.22,12
2026-01-26 09:39:00,3.2287,3.2287,3.22,3.22,12
2026-01-26 09:40:00,3.22,3.225,3.21,3.225,213
2026-01-26 09:41:00,3.225,3.235,3.22,3.235,121
2026-01-26 09:42:00,3.2346,3.24,3.2346,3.235,69
2026-01-26 09:43:00,3.235,3.24,3.235,3.235,18
2026-01-26 09:44:00,3.235,3.255,3.235,3.25,96
2026-01-26 09:45:00,3.255,3.265,3.25,3.255,101
2026-01-26 09:46:00,3.26,3.2601,3.25,3.2597,114
2026-01-26 09:47:00,3.255,3.2553,3.255,3.255,25
2026-01-26 09:48:00,3.255,3.26,3.255,3.255,60
2026-01-26 09:49:00,3.255,3.275,3.2546,3.2713,73
2026-01-26 09:50:00,3.275,3.275,3.27,3.275,10
2026-01-26 09:51:00,3.275,3.2886,3.2745,3.2886,50
2026-01-26 09:52:00,3.285,3.2899,3.2825,3.285,39
2026-01-26 09:53:00,3.29,3.295,3.2801,3.295,85
2026-01-26 09:54:00,3.3,3.3,3.285,3.285,66
2026-01-26 09:55:00,3.2801,3.2809,3.2601,3.2601,29
2026-01-26 09:56:00,3.26,3.265,3.26,3.26,10
2026-01-26 09:57:00,3.255,3.255,3.25,3.25,162
2026-01-26 09:58:00,3.255,3.255,3.255,3.255,5
2026-01-26 09:59:00,3.2545,3.255,3.2517,3.255,14
2026-01-26 10:00:00,3.25,3.25,3.24,3.25,247
2026-01-26 10:01:00,3.24,3.24,3.23,3.235,47
2026-01-26 10:02:00,3.2373,3.2373,3.235,3.235,9
2026-01-26 10:03:00,3.2354,3.2354,3.23,3.235,12
2026-01-26 10:04:00,3.235,3.235,3.23,3.23,9
2026-01-26 10:05:00,3.23,3.235,3.23,3.235,36
2026-01-26 10:06:00,3.235,3.24,3.23,3.2302,42
2026-01-26 10:07:00,3.235,3.238,3.2345,3.235,51
2026-01-26 10:08:00,3.23,3.23,3.225,3.225,57
2026-01-26 10:09:00,3.225,3.225,3.225,3.225,2
2026-01-26 10:10:00,3.225,3.23,3.2206,3.225,15
2026-01-26 10:11:00,3.23,3.235,3.23,3.235,46
2026-01-26 10:12:00,3.235,3.235,3.235,3.235,4
2026-01-26 10:13:00,3.2358,3.2358,3.235,3.235,12
2026-01-26 10:14:00,3.23,3.23,3.225,3.225,53
2026-01-26 10:15:00,3.2272,3.2272,3.222,3.225,14
2026-01-26 10:16:00,3.2286,3.2286,3.2213,3.225,24
2026-01-26 10:17:00,3.2214,3.245,3.2214,3.245,52
2026-01-26 10:18:00,3.24,3.24,3.235,3.24,16
2026-01-26 10:19:00,3.24,3.245,3.24,3.24,16
2026-01-26 10:20:00,3.2401,3.2401,3.23,3.23,19
2026-01-26 10:21:00,3.2301,3.24,3.23,3.235,53
2026-01-26 10:22:00,3.2333,3.2383,3.23,3.23,9
2026-01-26 10:23:00,3.23,3.235,3.225,3.23,432
2026-01-26 10:24:00,3.2301,3.235,3.23,3.235,58
2026-01-26 10:25:00,3.23,3.23,3.225,3.2264,49
2026-01-26 10:26:00,3.225,3.225,3.225,3.225,3
2026-01-26 10:27:00,3.2246,3.2258,3.2246,3.2258,5
2026-01-26 10:28:00,3.2245,3.2245,3.215,3.215,51
2026-01-26 10:29:00,3.215,3.215,3.21,3.21,89
2026-01-26 10:30:00,3.21,3.215,3.21,3.21,14
2026-01-26 10:31:00,3.215,3.2199,3.21,3.21,18
2026-01-26 10:32:00,3.21,3.2186,3.21,3.2186,40
2026-01-26 10:33:00,3.22,3.22,3.215,3.215,17
2026-01-26 10:34:00,3.2193,3.225,3.215,3.225,44
2026-01-26 10:35:00,3.225,3.225,3.225,3.225,2
2026-01-26 10:36:00,3.22,3.22,3.215,3.215,42
2026-01-26 10:37:00,3.215,3.215,3.2115,3.2115,10
2026-01-26 10:38:00,3.215,3.2187,3.2103,3.2187,11
2026-01-26 10:39:00,3.21,3.21,3.21,3.21,12
2026-01-26 10:40:00,3.215,3.215,3.21,3.215,52
2026-01-26 10:41:00,3.21,3.2101,3.2,3.2001,470
2026-01-26 10:42:00,3.2,3.21,3.2,3.2,5
2026-01-26 10:43:00,3.2,3.2,3.19,3.1987,109
2026-01-26 10:44:00,3.19,3.1999,3.19,3.195,29
2026-01-26 10:45:00,3.195,3.2,3.19,3.1901,75
2026-01-26 10:46:00,3.1901,3.2055,3.1901,3.2007,85
2026-01-26 10:47:00,3.205,3.205,3.2,3.2,7
2026-01-26 10:48:00,3.205,3.205,3.2042,3.2042,3
2026-01-26 10:49:00,3.2,3.2087,3.2,3.2087,7
2026-01-26 10:50:00,3.2054,3.2054,3.205,3.205,12
2026-01-26 10:51:00,3.2099,3.21,3.205,3.205,80
2026-01-26 10:52:00,3.205,3.2099,3.2016,3.205,10
2026-01-26 10:53:00,3.2,3.205,3.2,3.205,9
2026-01-26 10:54:00,3.205,3.205,3.2,3.205,29
2026-01-26 10:55:00,3.205,3.205,3.2,3.205,20
2026-01-26 10:56:00,3.205,3.2099,3.2,3.2,13
2026-01-26 10:57:00,3.2038,3.205,3.2,3.2,5
2026-01-26 10:58:00,3.2,3.2086,3.2,3.205,17
2026-01-26 10:59:00,3.21,3.21,3.2,3.2,32
2026-01-26 11:00:00,3.205,3.205,3.2,3.2,49
2026-01-26 11:01:00,3.205,3.205,3.2,3.2,4
2026-01-26 11:02:00,3.205,3.21,3.2,3.205,50
2026-01-26 11:03:00,3.205,3.2058,3.2,3.205,62
2026-01-26 11:04:00,3.205,3.21,3.205,3.21,6
2026-01-26 11:05:00,3.21,3.21,3.2,3.205,13
2026-01-26 11:06:00,3.2,3.2056,3.2,3.205,13
2026-01-26 11:07:00,3.205,3.21,3.2,3.2,7
2026-01-26 11:08:00,3.205,3.205,3.2,3.205,92
2026-01-26 11:09:00,3.2,3.2091,3.2,3.205,58
2026-01-26 11:10:00,3.2,3.205,3.2,3.205,6
2026-01-26 11:11:00,3.21,3.21,3.2,3.21,14
2026-01-26 11:12:00,3.205,3.2087,3.2,3.205,17
2026-01-26 11:13:00,3.205,3.21,3.2,3.205,124
2026-01-26 11:14:00,3.205,3.21,3.2,3.205,76
2026-01-26 11:15:00,3.21,3.215,3.2,3.205,161
2026-01-26 11:16:00,3.21,3.21,3.205,3.205,6
2026-01-26 11:17:00,3.205,3.205,3.205,3.205,5
2026-01-26 11:18:00,3.2,3.205,3.2,3.205,18
2026-01-26 11:19:00,3.205,3.2069,3.205,3.2069,23
2026-01-26 11:20:00,3.205,3.205,3.205,3.205,4
2026-01-26 11:21:00,3.21,3.22,3.21,3.22,377
2026-01-26 11:22:00,3.22,3.22,3.22,3.22,21
2026-01-26 11:23:00,3.2186,3.2186,3.2146,3.2146,5
2026-01-26 11:24:00,3.21,3.21,3.21,3.21,11
2026-01-26 11:25:00,3.21,3.2103,3.21,3.2103,2
2026-01-26 11:26:00,3.2129,3.215,3.2129,3.215,12
2026-01-26 11:27:00,3.21,3.21,3.2006,3.205,51
2026-01-26 11:28:00,3.205,3.205,3.205,3.205,2
2026-01-26 11:29:00,3.2014,3.205,3.2014,3.205,14
2026-01-26 11:30:00,3.21,3.21,3.2,3.205,21
2026-01-26 11:31:00,3.205,3.205,3.2,3.2,10
2026-01-26 11:32:00,3.205,3.2055,3.2,3.205,36
2026-01-26 11:33:00,3.2,3.2074,3.2,3.205,39
2026-01-26 11:34:00,3.21,3.21,3.205,3.205,8
2026-01-26 11:35:00,3.205,3.2099,3.2,3.2099,17
2026-01-26 11:36:00,3.2,3.205,3.2,3.205,11
2026-01-26 11:37:00,3.2085,3.21,3.2,3.21,20
2026-01-26 11:38:00,3.21,3.21,3.2001,3.205,43
2026-01-26 11:39:00,3.205,3.2087,3.2,3.2001,17
2026-01-26 11:40:00,3.205,3.21,3.2,3.205,98
2026-01-26 11:41:00,3.205,3.21,3.2,3.21,11
2026-01-26 11:42:00,3.21,3.21,3.2,3.205,6
2026-01-26 11:43:00,3.2,3.21,3.2,3.205,19
2026-01-26 11:44:00,3.21,3.21,3.2,3.2,6
2026-01-26 11:45:00,3.205,3.205,3.2,3.205,13
2026-01-26 11:46:00,3.2089,3.2089,3.2,3.2,41
2026-01-26 11:47:00,3.2,3.2099,3.2,3.2099,6
2026-01-26 11:48:00,3.2016,3.21,3.2016,3.205,31
2026-01-26 11:49:00,3.205,3.215,3.205,3.215,96
2026-01-26 11:50:00,3.215,3.217,3.215,3.217,6
2026-01-26 11:51:00,3.21,3.215,3.21,3.215,3
2026-01-26 11:52:00,3.2117,3.2117,3.2117,3.2117,1
2026-01-26 11:53:00,3.21,3.21,3.205,3.205,114
2026-01-26 11:54:00,3.2,3.2,3.2,3.2,13
2026-01-26 11:55:00,3.205,3.205,3.2,3.205,4
2026-01-26 11:56:00,3.205,3.205,3.2001,3.2001,42
2026-01-26 11:57:00,3.2,3.2,3.1915,3.195,131
2026-01-26 11:58:00,3.1999,3.1999,3.195,3.195,12
2026-01-26 11:59:00,3.195,3.1955,3.19,3.1955,32
2026-01-26 12:00:00,3.1913,3.1913,3.19,3.19,11
2026-01-26 12:01:00,3.195,3.1999,3.19,3.19,56
2026-01-26 12:02:00,3.19,3.195,3.19,3.19,49
2026-01-26 12:03:00,3.1955,3.1955,3.1955,3.1955,1
2026-01-26 12:04:00,3.19,3.19,3.19,3.19,3
2026-01-26 12:05:00,3.195,3.195,3.19,3.195,7
2026-01-26 12:06:00,3.1943,3.195,3.19,3.19,32
2026-01-26 12:07:00,3.19,3.195,3.19,3.19,78
2026-01-26 12:08:00,3.19,3.1986,3.19,3.19,6
2026-01-26 12:09:00,3.19,3.1901,3.19,3.19,46
2026-01-26 12:10:00,3.19,3.195,3.18,3.18,72
2026-01-26 12:11:00,3.18,3.18,3.18,3.18,2
2026-01-26 12:12:00,3.185,3.19,3.185,3.19,2
2026-01-26 12:13:00,3.18,3.185,3.18,3.18,6
2026-01-26 12:14:00,3.185,3.19,3.18,3.1813,22
2026-01-26 12:15:00,3.18,3.185,3.18,3.1814,10
2026-01-26 12:16:00,3.18,3.185,3.18,3.185,5
2026-01-26 12:17:00,3.18,3.1854,3.18,3.1854,15
2026-01-26 12:18:00,3.1813,3.185,3.1813,3.185,6
2026-01-26 12:19:00,3.185,3.195,3.185,3.195,178
2026-01-26 12:20:00,3.19,3.19,3.185,3.185,39
2026-01-26 12:21:00,3.185,3.185,3.185,3.185,33
2026-01-26 12:22:00,3.185,3.195,3.185,3.195,51
2026-01-26 12:23:00,3.195,3.195,3.19,3.19,26
2026-01-26 12:24:00,3.19,3.1957,3.19,3.1957,8
2026-01-26 12:25:00,3.195,3.2,3.195,3.195,11
2026-01-26 12:26:00,3.19,3.195,3.19,3.195,3
2026-01-26 12:27:00,3.195,3.195,3.195,3.195,0
2026-01-26 12:28:00,3.195,3.195,3.195,3.195,1
2026-01-26 12:29:00,3.195,3.195,3.195,3.195,1
2026-01-26 12:30:00,3.195,3.195,3.195,3.195,4
2026-01-26 12:31:00,3.1958,3.1958,3.195,3.195,5
2026-01-26 12:32:00,3.195,3.195,3.195,3.195,1
2026-01-26 12:33:00,3.19,3.195,3.19,3.1902,15
2026-01-26 12:34:00,3.195,3.195,3.195,3.195,17
2026-01-26 12:35:00,3.195,3.195,3.195,3.195,9
2026-01-26 12:36:00,3.1901,3.1901,3.1901,3.1901,1
2026-01-26 12:37:00,3.195,3.195,3.195,3.195,20
2026-01-26 12:38:00,3.19,3.195,3.19,3.19,341
2026-01-26 12:39:00,3.185,3.2,3.185,3.195,85
2026-01-26 12:40:00,3.195,3.2,3.195,3.195,59
2026-01-26 12:41:00,3.195,3.1984,3.19,3.19,6
2026-01-26 12:42:00,3.195,3.195,3.195,3.195,2
2026-01-26 12:43:00,3.19,3.195,3.19,3.19,19
2026-01-26 12:44:00,3.19,3.1997,3.19,3.19,11
2026-01-26 12:45:00,3.1914,3.195,3.19,3.19,6
2026-01-26 12:46:00,3.195,3.195,3.195,3.195,12
2026-01-26 12:47:00,3.19,3.19,3.19,3.19,2
2026-01-26 12:48:00,3.19,3.195,3.19,3.195,15
2026-01-26 12:49:00,3.195,3.1999,3.19,3.195,13
2026-01-26 12:50:00,3.1954,3.1954,3.1913,3.195,13
2026-01-26 12:51:00,3.195,3.1983,3.19,3.195,39
2026-01-26 12:52:00,3.195,3.195,3.19,3.195,17
2026-01-26 12:53:00,3.19,3.1999,3.19,3.195,56
2026-01-26 12:54:00,3.19,3.195,3.19,3.195,4
2026-01-26 12:55:00,3.195,3.195,3.19,3.19,13
2026-01-26 12:56:00,3.19,3.195,3.19,3.19,4
2026-01-26 12:57:00,3.19,3.195,3.19,3.195,8
2026-01-26 12:58:00,3.19,3.195,3.19,3.195,24
2026-01-26 12:59:00,3.1915,3.1999,3.19,3.19,5
2026-01-26 13:00:00,3.19,3.195,3.185,3.19,102
2026-01-26 13:01:00,3.185,3.195,3.185,3.1912,64
2026-01-26 13:02:00,3.1912,3.1912,3.1912,3.1912,0
2026-01-26 13:03:00,3.19,3.19,3.185,3.185,81
2026-01-26 13:04:00,3.185,3.19,3.18,3.18,5
2026-01-26 13:05:00,3.18,3.18,3.18,3.18,1
2026-01-26 13:06:00,3.18,3.18,3.18,3.18,3
2026-01-26 13:07:00,3.185,3.1899,3.185,3.185,138
2026-01-26 13:08:00,3.185,3.185,3.185,3.185,2
2026-01-26 13:09:00,3.185,3.185,3.18,3.18,5
2026-01-26 13:10:00,3.185,3.185,3.185,3.185,3
2026-01-26 13:11:00,3.1893,3.1893,3.185,3.185,7
2026-01-26 13:12:00,3.185,3.185,3.185,3.185,30
2026-01-26 13:13:00,3.18,3.19,3.18,3.185,5
2026-01-26 13:14:00,3.185,3.185,3.185,3.185,0
2026-01-26 13:15:00,3.185,3.185,3.18,3.185,94
2026-01-26 13:16:00,3.185,3.1899,3.185,3.185,9
2026-01-26 13:17:00,3.18,3.185,3.18,3.185,24
2026-01-26 13:18:00,3.185,3.1986,3.185,3.1986,203
2026-01-26 13:19:00,3.195,3.2099,3.195,3.205,85
2026-01-26 13:20:00,3.2,3.2,3.195,3.195,67
2026-01-26 13:21:00,3.195,3.205,3.195,3.205,100
2026-01-26 13:22:00,3.205,3.205,3.205,3.205,1
2026-01-26 13:23:00,3.205,3.215,3.205,3.21,110
2026-01-26 13:24:00,3.21,3.21,3.205,3.205,5
2026-01-26 13:25:00,3.21,3.21,3.19,3.195,224
2026-01-26 13:26:00,3.195,3.195,3.195,3.195,2
2026-01-26 13:27:00,3.19,3.19,3.18,3.1887,97
2026-01-26 13:28:00,3.185,3.1865,3.185,3.1865,15
2026-01-26 13:29:00,3.185,3.185,3.185,3.185,1
2026-01-26 13:30:00,3.185,3.185,3.185,3.185,8
2026-01-26 13:31:00,3.185,3.185,3.185,3.185,4
2026-01-26 13:32:00,3.185,3.185,3.185,3.185,6
2026-01-26 13:33:00,3.185,3.185,3.185,3.185,7
2026-01-26 13:34:00,3.185,3.185,3.1845,3.1845,3
2026-01-26 13:35:00,3.185,3.185,3.185,3.185,5
2026-01-26 13:36:00,3.185,3.185,3.185,3.185,2
2026-01-26 13:37:00,3.18,3.185,3.18,3.185,5
2026-01-26 13:38:00,3.1819,3.1875,3.18,3.1875,18
2026-01-26 13:39:00,3.19,3.19,3.185,3.19,142
2026-01-26 13:40:00,3.1887,3.19,3.185,3.185,42
2026-01-26 13:41:00,3.185,3.195,3.185,3.195,104
2026-01-26 13:42:00,3.1955,3.1955,3.195,3.195,23
2026-01-26 13:43:00,3.1999,3.1999,3.195,3.195,32
2026-01-26 13:44:00,3.195,3.195,3.1937,3.195,14
2026-01-26 13:45:00,3.1941,3.195,3.19,3.195,46
2026-01-26 13:46:00,3.195,3.195,3.195,3.195,13
2026-01-26 13:47:00,3.195,3.21,3.195,3.205,93
2026-01-26 13:48:00,3.205,3.2099,3.205,3.205,26
2026-01-26 13:49:00,3.205,3.2099,3.205,3.205,5
2026-01-26 13:50:00,3.205,3.2089,3.205,3.205,15
2026-01-26 13:51:00,3.205,3.205,3.2,3.205,8
2026-01-26 13:52:00,3.205,3.205,3.205,3.205,25
2026-01-26 13:53:00,3.205,3.205,3.205,3.205,7
2026-01-26 13:54:00,3.205,3.205,3.205,3.205,12
2026-01-26 13:55:00,3.205,3.21,3.205,3.205,11
2026-01-26 13:56:00,3.2086,3.2086,3.205,3.205,9
2026-01-26 13:57:00,3.205,3.205,3.205,3.205,31
2026-01-26 13:58:00,3.21,3.21,3.205,3.205,11
2026-01-26 13:59:00,3.205,3.21,3.205,3.21,10
2026-01-26 14:00:00,3.205,3.205,3.2,3.2,10
2026-01-26 14:01:00,3.2,3.205,3.2,3.205,6
2026-01-26 14:02:00,3.2,3.205,3.2,3.2,12
2026-01-26 14:03:00,3.2,3.205,3.2,3.205,13
2026-01-26 14:04:00,3.2,3.205,3.2,3.205,11
2026-01-26 14:05:00,3.2,3.205,3.2,3.2,18
2026-01-26 14:06:00,3.205,3.205,3.2,3.2,5
2026-01-26 14:07:00,3.2,3.21,3.2,3.205,14
2026-01-26 14:08:00,3.2,3.205,3.2,3.2,9
2026-01-26 14:09:00,3.205,3.205,3.2,3.205,31
2026-01-26 14:10:00,3.2,3.205,3.2,3.2,8
2026-01-26 14:11:00,3.2,3.2087,3.2,3.2087,33
2026-01-26 14:12:00,3.2,3.205,3.195,3.195,158
2026-01-26 14:13:00,3.19,3.195,3.19,3.19,5
2026-01-26 14:14:00,3.195,3.195,3.19,3.19,13
2026-01-26 14:15:00,3.19,3.2,3.19,3.19,29
2026-01-26 14:16:00,3.19,3.195,3.19,3.19,5
2026-01-26 14:17:00,3.19,3.195,3.19,3.1901,7
2026-01-26 14:18:00,3.19,3.195,3.19,3.195,11
2026-01-26 14:19:00,3.19,3.195,3.19,3.195,7
2026-01-26 14:20:00,3.1999,3.1999,3.19,3.195,39
2026-01-26 14:21:00,3.19,3.195,3.18,3.195,369
2026-01-26 14:22:00,3.195,3.195,3.195,3.195,2
2026-01-26 14:23:00,3.195,3.195,3.19,3.195,21
2026-01-26 14:24:00,3.195,3.195,3.195,3.195,6
2026-01-26 14:25:00,3.195,3.195,3.195,3.195,9
2026-01-26 14:26:00,3.195,3.195,3.195,3.195,4
2026-01-26 14:27:00,3.2,3.2,3.195,3.195,21
2026-01-26 14:28:00,3.195,3.195,3.195,3.195,6
2026-01-26 14:29:00,3.195,3.2,3.195,3.195,111
2026-01-26 14:30:00,3.2,3.2,3.1993,3.2,7
2026-01-26 14:31:00,3.195,3.195,3.195,3.195,1
2026-01-26 14:32:00,3.195,3.2,3.195,3.2,102
2026-01-26 14:33:00,3.195,3.21,3.19,3.205,185
2026-01-26 14:34:00,3.21,3.21,3.205,3.205,18
2026-01-26 14:35:00,3.205,3.205,3.205,3.205,5
2026-01-26 14:36:00,3.205,3.205,3.205,3.205,7
2026-01-26 14:37:00,3.205,3.205,3.201,3.205,129
2026-01-26 14:38:00,3.205,3.21,3.2,3.205,9
2026-01-26 14:39:00,3.205,3.205,3.2001,3.205,12
2026-01-26 14:40:00,3.2,3.205,3.195,3.195,82
2026-01-26 14:41:00,3.195,3.195,3.19,3.195,33
2026-01-26 14:42:00,3.195,3.2,3.19,3.2,105
2026-01-26 14:43:00,3.195,3.195,3.195,3.195,10
2026-01-26 14:44:00,3.195,3.1987,3.19,3.1986,21
2026-01-26 14:45:00,3.19,3.19,3.185,3.185,126
2026-01-26 14:46:00,3.185,3.185,3.18,3.185,4
2026-01-26 14:47:00,3.18,3.19,3.18,3.185,31
2026-01-26 14:48:00,3.188,3.188,3.18,3.185,51
2026-01-26 14:49:00,3.185,3.19,3.18,3.1811,15
2026-01-26 14:50:00,3.18,3.185,3.18,3.18,184
2026-01-26 14:51:00,3.18,3.18,3.18,3.18,6
2026-01-26 14:52:00,3.18,3.18,3.18,3.18,4
2026-01-26 14:53:00,3.18,3.18,3.18,3.18,8
2026-01-26 14:54:00,3.18,3.1886,3.17,3.175,171
2026-01-26 14:55:00,3.17,3.175,3.17,3.175,14
2026-01-26 14:56:00,3.17,3.19,3.17,3.19,277
2026-01-26 14:57:00,3.185,3.1885,3.1814,3.1854,16
2026-01-26 14:58:00,3.185,3.2,3.185,3.2,110
2026-01-26 14:59:00,3.1982,3.2185,3.195,3.2185,1306
2026-01-26 15:00:00,3.215,3.215,3.21,3.21,52
2026-01-26 15:01:00,3.2045,3.2045,3.2042,3.2042,11
2026-01-26 15:02:00,3.205,3.21,3.205,3.21,5
2026-01-26 15:03:00,3.205,3.2053,3.205,3.205,87
2026-01-26 15:04:00,3.2,3.2,3.19,3.1984,87
2026-01-26 15:05:00,3.2,3.2,3.185,3.185,54
2026-01-26 15:06:00,3.185,3.1898,3.185,3.185,25
2026-01-26 15:07:00,3.185,3.19,3.185,3.185,10
2026-01-26 15:08:00,3.185,3.185,3.185,3.185,4
2026-01-26 15:09:00,3.185,3.19,3.1801,3.185,20
2026-01-26 15:10:00,3.185,3.185,3.1825,3.185,106
2026-01-26 15:11:00,3.18,3.195,3.18,3.195,184
2026-01-26 15:12:00,3.1901,3.1901,3.1901,3.1901,20
2026-01-26 15:13:00,3.195,3.195,3.1915,3.195,5
2026-01-26 15:14:00,3.195,3.195,3.19,3.19,5
2026-01-26 15:15:00,3.195,3.2,3.195,3.1986,23
2026-01-26 15:16:00,3.195,3.195,3.185,3.185,60
2026-01-26 15:17:00,3.185,3.19,3.185,3.19,63
2026-01-26 15:18:00,3.1801,3.19,3.1801,3.19,13
2026-01-26 15:19:00,3.19,3.195,3.19,3.195,122
2026-01-26 15:20:00,3.19,3.19,3.19,3.19,105
2026-01-26 15:21:00,3.19,3.19,3.19,3.19,0
2026-01-26 15:22:00,3.185,3.1855,3.185,3.185,5
2026-01-26 15:23:00,3.1845,3.185,3.18,3.185,122
2026-01-26 15:24:00,3.185,3.19,3.185,3.19,167
2026-01-26 15:25:00,3.1886,3.19,3.185,3.185,24
2026-01-26 15:26:00,3.19,3.19,3.185,3.19,20
2026-01-26 15:27:00,3.19,3.195,3.19,3.195,149
2026-01-26 15:28:00,3.19,3.195,3.185,3.185,90
2026-01-26 15:29:00,3.185,3.19,3.185,3.185,174
2026-01-26 15:30:00,3.185,3.205,3.18,3.205,258
2026-01-26 15:31:00,3.205,3.205,3.2,3.2,54
2026-01-26 15:32:00,3.195,3.2,3.195,3.2,20
2026-01-26 15:33:00,3.2,3.2,3.195,3.2,8
2026-01-26 15:34:00,3.195,3.2,3.195,3.195,8
2026-01-26 15:35:00,3.2,3.2,3.195,3.195,14
2026-01-26 15:36:00,3.2,3.2,3.195,3.195,16
2026-01-26 15:37:00,3.195,3.1958,3.1941,3.195,26
2026-01-26 15:38:00,3.195,3.205,3.195,3.205,69
2026-01-26 15:39:00,3.205,3.21,3.205,3.205,25
2026-01-26 15:40:00,3.205,3.205,3.205,3.205,12
2026-01-26 15:41:00,3.205,3.21,3.2,3.205,99
2026-01-26 15:42:00,3.205,3.21,3.202,3.21,30
2026-01-26 15:43:00,3.205,3.205,3.2048,3.205,18
2026-01-26 15:44:00,3.21,3.21,3.205,3.205,19
2026-01-26 15:45:00,3.205,3.22,3.205,3.22,102
2026-01-26 15:46:00,3.2101,3.22,3.2101,3.22,69
2026-01-26 15:47:00,3.22,3.22,3.22,3.22,4
2026-01-26 15:48:00,3.215,3.22,3.2117,3.22,34
2026-01-26 15:49:00,3.22,3.22,3.215,3.215,34
2026-01-26 15:50:00,3.22,3.22,3.21,3.22,179
2026-01-26 15:51:00,3.215,3.22,3.215,3.215,130
2026-01-26 15:52:00,3.215,3.22,3.2103,3.22,225
2026-01-26 15:53:00,3.215,3.22,3.21,3.215,229
2026-01-26 15:54:00,3.22,3.23,3.215,3.22,306
2026-01-26 15:55:00,3.225,3.23,3.225,3.225,51
2026-01-26 15:56:00,3.225,3.23,3.22,3.225,155
2026-01-26 15:57:00,3.225,3.24,3.225,3.2399,1107
2026-01-26 15:58:00,3.235,3.24,3.23,3.235,380
2026-01-26 15:59:00,3.235,3.24,3.23,3.24,561
2026-01-27 09:30:00,3.22,3.2699,3.22,3.25,308
2026-01-27 09:31:00,3.26,3.26,3.24,3.245,89
2026-01-27 09:32:00,3.25,3.25,3.24,3.24,5
2026-01-27 09:33:00,3.24,3.27,3.24,3.27,65
2026-01-27 09:34:00,3.2601,3.27,3.26,3.26,48
2026-01-27 09:35:00,3.27,3.28,3.265,3.265,180
2026-01-27 09:36:00,3.265,3.275,3.265,3.275,250
2026-01-27 09:37:00,3.275,3.28,3.275,3.275,65
2026-01-27 09:38:00,3.28,3.28,3.275,3.275,52
2026-01-27 09:39:00,3.2746,3.2746,3.27,3.27,8
2026-01-27 09:40:00,3.2701,3.2701,3.255,3.255,137
2026-01-27 09:41:00,3.255,3.2554,3.255,3.2554,27
2026-01-27 09:42:00,3.2501,3.27,3.2501,3.265,258
2026-01-27 09:43:00,3.265,3.265,3.265,3.265,12
2026-01-27 09:44:00,3.265,3.265,3.245,3.25,379
2026-01-27 09:45:00,3.255,3.255,3.245,3.25,37
2026-01-27 09:46:00,3.2401,3.2487,3.24,3.2487,26
2026-01-27 09:47:00,3.2483,3.255,3.2483,3.255,42
2026-01-27 09:48:00,3.25,3.255,3.25,3.255,129
2026-01-27 09:49:00,3.26,3.26,3.2513,3.2555,80
2026-01-27 09:50:00,3.255,3.255,3.25,3.25,6
2026-01-27 09:51:00,3.25,3.25,3.2413,3.25,239
2026-01-27 09:52:00,3.25,3.26,3.25,3.26,76
2026-01-27 09:53:00,3.2512,3.26,3.2512,3.2566,19
2026-01-27 09:54:00,3.255,3.255,3.25,3.255,13
2026-01-27 09:55:00,3.255,3.255,3.255,3.255,0
2026-01-27 09:56:00,3.26,3.265,3.26,3.26,32
2026-01-27 09:57:00,3.26,3.265,3.26,3.265,4
2026-01-27 09:58:00,3.265,3.265,3.261,3.265,4
2026-01-27 09:59:00,3.265,3.265,3.265,3.265,13
2026-01-27 10:00:00,3.265,3.265,3.265,3.265,7
2026-01-27 10:01:00,3.265,3.27,3.255,3.2615,256
2026-01-27 10:02:00,3.265,3.27,3.26,3.27,191
2026-01-27 10:03:00,3.27,3.28,3.265,3.275,97
2026-01-27 10:04:00,3.275,3.2754,3.2711,3.2754,14
2026-01-27 10:05:00,3.27,3.29,3.27,3.29,186
2026-01-27 10:06:00,3.285,3.2854,3.275,3.275,159
2026-01-27 10:07:00,3.275,3.295,3.275,3.295,136
2026-01-27 10:08:00,3.295,3.3,3.29,3.2999,98
2026-01-27 10:09:00,3.2901,3.295,3.2901,3.295,2
2026-01-27 10:10:00,3.3,3.305,3.2921,3.305,390
2026-01-27 10:11:00,3.305,3.32,3.305,3.315,160
2026-01-27 10:12:00,3.315,3.315,3.31,3.3127,55
2026-01-27 10:13:00,3.315,3.315,3.31,3.31,27
2026-01-27 10:14:00,3.315,3.315,3.315,3.315,10
2026-01-27 10:15:00,3.315,3.34,3.315,3.3384,297
2026-01-27 10:16:00,3.33,3.33,3.33,3.33,10
2026-01-27 10:17:00,3.3311,3.345,3.3311,3.345,89
2026-01-27 10:18:00,3.3446,3.35,3.3401,3.345,76
2026-01-27 10:19:00,3.34,3.37,3.34,3.3455,113
2026-01-27 10:20:00,3.345,3.35,3.3428,3.345,68
2026-01-27 10:21:00,3.345,3.345,3.335,3.335,137
2026-01-27 10:22:00,3.3384,3.3384,3.33,3.335,68
2026-01-27 10:23:00,3.335,3.335,3.325,3.325,137
2026-01-27 10:24:00,3.325,3.325,3.325,3.325,4
2026-01-27 10:25:00,3.32,3.32,3.3113,3.315,22
2026-01-27 10:26:00,3.315,3.325,3.315,3.325,32
2026-01-27 10:27:00,3.33,3.33,3.32,3.32,13
2026-01-27 10:28:00,3.33,3.33,3.325,3.325,150
2026-01-27 10:29:00,3.33,3.33,3.33,3.33,2
2026-01-27 10:30:00,3.325,3.33,3.315,3.32,74
2026-01-27 10:31:00,3.315,3.32,3.315,3.315,9
2026-01-27 10:32:00,3.31,3.31,3.3,3.31,82
2026-01-27 10:33:00,3.31,3.31,3.305,3.31,13
2026-01-27 10:34:00,3.31,3.31,3.305,3.31,5
2026-01-27 10:35:00,3.31,3.31,3.3046,3.3046,12
2026-01-27 10:36:00,3.305,3.305,3.301,3.301,14
2026-01-27 10:37:00,3.305,3.3086,3.305,3.305,5
2026-01-27 10:38:00,3.31,3.31,3.31,3.31,3
2026-01-27 10:39:00,3.305,3.3099,3.3,3.305,17
2026-01-27 10:40:00,3.3066,3.3099,3.29,3.295,135
2026-01-27 10:41:00,3.295,3.295,3.295,3.295,4
2026-01-27 10:42:00,3.2951,3.2951,3.2901,3.2901,8
2026-01-27 10:43:00,3.295,3.295,3.295,3.295,3
2026-01-27 10:44:00,3.2933,3.2933,3.2933,3.2933,1
2026-01-27 10:45:00,3.295,3.295,3.295,3.295,1
2026-01-27 10:46:00,3.29,3.29,3.285,3.285,158
2026-01-27 10:47:00,3.285,3.295,3.28,3.295,173
2026-01-27 10:48:00,3.295,3.3,3.295,3.3,2
2026-01-27 10:49:00,3.295,3.305,3.295,3.305,117
2026-01-27 10:50:00,3.305,3.305,3.305,3.305,0
2026-01-27 10:51:00,3.305,3.305,3.305,3.305,0
2026-01-27 10:52:00,3.31,3.31,3.3099,3.3099,23
2026-01-27 10:53:00,3.3013,3.305,3.3013,3.305,26
2026-01-27 10:54:00,3.305,3.305,3.305,3.305,1
2026-01-27 10:55:00,3.305,3.305,3.305,3.305,0
2026-01-27 10:56:00,3.305,3.325,3.305,3.315,275
2026-01-27 10:57:00,3.315,3.32,3.315,3.315,31
2026-01-27 10:58:00,3.3174,3.32,3.3174,3.32,3
2026-01-27 10:59:00,3.315,3.315,3.315,3.315,10
2026-01-27 11:00:00,3.32,3.32,3.3174,3.3174,26
2026-01-27 11:01:00,3.315,3.315,3.31,3.315,47
2026-01-27 11:02:00,3.315,3.315,3.315,3.315,10
2026-01-27 11:03:00,3.32,3.335,3.32,3.325,182
2026-01-27 11:04:00,3.325,3.33,3.325,3.325,22
2026-01-27 11:05:00,3.325,3.325,3.325,3.325,3
2026-01-27 11:06:00,3.325,3.335,3.325,3.335,30
2026-01-27 11:07:00,3.3351,3.3351,3.3351,3.3351,3
2026-01-27 11:08:00,3.33,3.33,3.325,3.325,18
2026-01-27 11:09:00,3.325,3.3298,3.325,3.325,7
2026-01-27 11:10:00,3.325,3.325,3.3246,3.3246,2
2026-01-27 11:11:00,3.325,3.33,3.324,3.33,14
2026-01-27 11:12:00,3.33,3.33,3.33,3.33,1
2026-01-27 11:13:00,3.33,3.33,3.32,3.32,25
2026-01-27 11:14:00,3.325,3.325,3.325,3.325,2
2026-01-27 11:15:00,3.325,3.325,3.325,3.325,13
2026-01-27 11:16:00,3.33,3.33,3.33,3.33,93
2026-01-27 11:17:00,3.335,3.3586,3.335,3.3586,171
2026-01-27 11:18:00,3.35,3.3515,3.345,3.3515,85
2026-01-27 11:19:00,3.3593,3.3593,3.3593,3.3593,1
2026-01-27 11:20:00,3.3593,3.3593,3.3593,3.3593,0
2026-01-27 11:21:00,3.355,3.355,3.355,3.355,5
2026-01-27 11:22:00,3.3528,3.3528,3.3528,3.3528,5
2026-01-27 11:23:00,3.3586,3.3657,3.355,3.36,45
2026-01-27 11:24:00,3.36,3.36,3.3514,3.355,20
2026-01-27 11:25:00,3.355,3.36,3.355,3.355,25
2026-01-27 11:26:00,3.355,3.36,3.355,3.36,79
2026-01-27 11:27:00,3.365,3.37,3.355,3.3665,143
2026-01-27 11:28:00,3.36,3.36,3.355,3.355,24
2026-01-27 11:29:00,3.3545,3.36,3.3545,3.36,39
2026-01-27 11:30:00,3.355,3.355,3.355,3.355,2
2026-01-27 11:31:00,3.35,3.365,3.35,3.365,64
2026-01-27 11:32:00,3.36,3.361,3.36,3.36,27
2026-01-27 11:33:00,3.36,3.3601,3.355,3.355,33
2026-01-27 11:34:00,3.3568,3.3568,3.355,3.355,64
2026-01-27 11:35:00,3.355,3.355,3.355,3.355,0
2026-01-27 11:36:00,3.3545,3.355,3.3501,3.3501,69
2026-01-27 11:37:00,3.355,3.355,3.355,3.355,2
2026-01-27 11:38:00,3.3552,3.36,3.355,3.355,101
2026-01-27 11:39:00,3.355,3.36,3.355,3.36,46
2026-01-27 11:40:00,3.365,3.37,3.365,3.365,6
2026-01-27 11:41:00,3.3635,3.3684,3.3635,3.365,12
2026-01-27 11:42:00,3.365,3.37,3.36,3.365,46
2026-01-27 11:43:00,3.3625,3.365,3.361,3.365,35
2026-01-27 11:44:00,3.365,3.37,3.365,3.365,4
2026-01-27 11:45:00,3.365,3.365,3.3614,3.365,3
2026-01-27 11:46:00,3.36,3.36,3.35,3.355,185
2026-01-27 11:47:00,3.355,3.36,3.35,3.36,37
2026-01-27 11:48:00,3.355,3.355,3.355,3.355,2
2026-01-27 11:49:00,3.35,3.357,3.35,3.357,2
2026-01-27 11:50:00,3.3515,3.355,3.35,3.35,42
2026-01-27 11:51:00,3.355,3.36,3.355,3.355,100
2026-01-27 11:52:00,3.355,3.355,3.355,3.355,23
2026-01-27 11:53:00,3.355,3.355,3.355,3.355,2
2026-01-27 11:54:00,3.355,3.3587,3.3504,3.3504,16
2026-01-27 11:55:00,3.36,3.36,3.355,3.355,26
2026-01-27 11:56:00,3.3546,3.355,3.3546,3.355,5
2026-01-27 11:57:00,3.35,3.35,3.33,3.335,107
2026-01-27 11:58:00,3.3301,3.3387,3.33,3.335,842
2026-01-27 11:59:00,3.335,3.335,3.335,3.335,6
2026-01-27 12:00:00,3.335,3.3399,3.3301,3.3399,43
2026-01-27 12:01:00,3.335,3.3399,3.335,3.335,18
2026-01-27 12:02:00,3.3397,3.3397,3.3301,3.3301,62
2026-01-27 12:03:00,3.335,3.335,3.335,3.335,6
2026-01-27 12:04:00,3.335,3.335,3.335,3.335,11
2026-01-27 12:05:00,3.335,3.335,3.335,3.335,20
2026-01-27 12:06:00,3.335,3.335,3.335,3.335,2
2026-01-27 12:07:00,3.335,3.335,3.335,3.335,6
2026-01-27 12:08:00,3.335,3.335,3.33,3.335,22
2026-01-27 12:09:00,3.3345,3.3385,3.3345,3.335,10
2026-01-27 12:10:00,3.335,3.34,3.335,3.335,8
2026-01-27 12:11:00,3.34,3.34,3.33,3.335,4
2026-01-27 12:12:00,3.33,3.3385,3.33,3.3385,11
2026-01-27 12:13:00,3.335,3.335,3.33,3.335,237
2026-01-27 12:14:00,3.34,3.34,3.335,3.335,32
2026-01-27 12:15:00,3.33,3.33,3.325,3.325,68
2026-01-27 12:16:00,3.325,3.325,3.325,3.325,13
2026-01-27 12:17:00,3.325,3.33,3.325,3.325,6
2026-01-27 12:18:00,3.325,3.325,3.325,3.325,2
2026-01-27 12:19:00,3.325,3.33,3.3201,3.325,13
2026-01-27 12:20:00,3.325,3.325,3.325,3.325,2
2026-01-27 12:21:00,3.325,3.33,3.325,3.33,2
2026-01-27 12:22:00,3.325,3.33,3.325,3.325,103
2026-01-27 12:23:00,3.325,3.325,3.325,3.325,2
2026-01-27 12:24:00,3.325,3.325,3.325,3.325,2
2026-01-27 12:25:00,3.325,3.33,3.325,3.325,13
2026-01-27 12:26:00,3.325,3.34,3.325,3.3325,194
2026-01-27 12:27:00,3.335,3.34,3.335,3.34,23
2026-01-27 12:28:00,3.335,3.34,3.335,3.335,45
2026-01-27 12:29:00,3.34,3.34,3.335,3.335,7
2026-01-27 12:30:00,3.335,3.3551,3.335,3.345,159
2026-01-27 12:31:00,3.345,3.345,3.345,3.345,0
2026-01-27 12:32:00,3.35,3.355,3.345,3.35,123
2026-01-27 12:33:00,3.35,3.355,3.345,3.3484,98
2026-01-27 12:34:00,3.345,3.345,3.345,3.345,2
2026-01-27 12:35:00,3.346,3.346,3.345,3.345,14
2026-01-27 12:36:00,3.345,3.3458,3.34,3.3458,40
2026-01-27 12:37:00,3.35,3.35,3.345,3.345,55
2026-01-27 12:38:00,3.3463,3.355,3.345,3.35,150
2026-01-27 12:39:00,3.3579,3.3579,3.355,3.355,9
2026-01-27 12:40:00,3.355,3.3598,3.35,3.355,33
2026-01-27 12:41:00,3.35,3.3584,3.35,3.35,16
2026-01-27 12:42:00,3.35,3.35,3.345,3.345,13
2026-01-27 12:43:00,3.345,3.345,3.345,3.345,0
2026-01-27 12:44:00,3.34,3.34,3.335,3.3398,35
2026-01-27 12:45:00,3.3355,3.34,3.3355,3.3384,19
2026-01-27 12:46:00,3.34,3.345,3.34,3.34,9
2026-01-27 12:47:00,3.3401,3.3401,3.3401,3.3401,10
2026-01-27 12:48:00,3.3498,3.3498,3.345,3.3485,29
2026-01-27 12:49:00,3.3456,3.3456,3.3456,3.3456,1
2026-01-27 12:50:00,3.34,3.345,3.335,3.345,48
2026-01-27 12:51:00,3.3499,3.3499,3.345,3.345,48
2026-01-27 12:52:00,3.345,3.345,3.345,3.345,0
2026-01-27 12:53:00,3.345,3.345,3.34,3.345,29
2026-01-27 12:54:00,3.345,3.345,3.345,3.345,0
2026-01-27 12:55:00,3.345,3.345,3.345,3.345,0
2026-01-27 12:56:00,3.3486,3.3486,3.344,3.344,8
2026-01-27 12:57:00,3.344,3.344,3.344,3.344,0
2026-01-27 12:58:00,3.35,3.35,3.35,3.35,10
2026-01-27 12:59:00,3.35,3.35,3.35,3.35,0
2026-01-27 13:00:00,3.345,3.345,3.345,3.345,1
2026-01-27 13:01:00,3.3401,3.35,3.34,3.34,30
2026-01-27 13:02:00,3.345,3.345,3.345,3.345,1
2026-01-27 13:03:00,3.345,3.355,3.345,3.355,217
2026-01-27 13:04:00,3.355,3.355,3.345,3.345,91
2026-01-27 13:05:00,3.3455,3.3455,3.34,3.345,10
2026-01-27 13:06:00,3.34,3.34,3.335,3.335,48
2026-01-27 13:07:00,3.33,3.33,3.33,3.33,20
2026-01-27 13:08:00,3.325,3.325,3.325,3.325,8
2026-01-27 13:09:00,3.3298,3.33,3.3226,3.325,51
2026-01-27 13:10:00,3.325,3.325,3.325,3.325,14
2026-01-27 13:11:00,3.325,3.335,3.325,3.335,85
2026-01-27 13:12:00,3.335,3.335,3.335,3.335,1
2026-01-27 13:13:00,3.3399,3.3399,3.33,3.3385,32
2026-01-27 13:14:00,3.34,3.345,3.335,3.345,277
2026-01-27 13:15:00,3.3499,3.3499,3.345,3.345,27
2026-01-27 13:16:00,3.35,3.355,3.35,3.355,102
2026-01-27 13:17:00,3.351,3.351,3.351,3.351,10
2026-01-27 13:18:00,3.355,3.355,3.355,3.355,2
2026-01-27 13:19:00,3.355,3.355,3.355,3.355,6
2026-01-27 13:20:00,3.3515,3.3515,3.3515,3.3515,3
2026-01-27 13:21:00,3.355,3.365,3.355,3.365,150
2026-01-27 13:22:00,3.365,3.365,3.365,3.365,2
2026-01-27 13:23:00,3.365,3.37,3.365,3.365,6
2026-01-27 13:24:00,3.365,3.365,3.365,3.365,7
2026-01-27 13:25:00,3.365,3.365,3.365,3.365,1
2026-01-27 13:26:00,3.37,3.37,3.365,3.365,12
2026-01-27 13:27:00,3.365,3.37,3.365,3.37,9
2026-01-27 13:28:00,3.3601,3.37,3.3601,3.365,175
2026-01-27 13:29:00,3.37,3.385,3.37,3.37,364
2026-01-27 13:30:00,3.365,3.375,3.365,3.37,50
2026-01-27 13:31:00,3.375,3.39,3.355,3.355,662
2026-01-27 13:32:00,3.355,3.36,3.35,3.35,139
2026-01-27 13:33:00,3.355,3.355,3.355,3.355,1
2026-01-27 13:34:00,3.355,3.355,3.355,3.355,14
2026-01-27 13:35:00,3.355,3.355,3.355,3.355,15
2026-01-27 13:36:00,3.355,3.355,3.355,3.355,2
2026-01-27 13:37:00,3.355,3.3586,3.35,3.3586,37
2026-01-27 13:38:00,3.3514,3.355,3.35,3.355,164
2026-01-27 13:39:00,3.355,3.355,3.355,3.355,32
2026-01-27 13:40:00,3.3554,3.3554,3.35,3.35,55
2026-01-27 13:41:00,3.355,3.355,3.355,3.355,9
2026-01-27 13:42:00,3.355,3.355,3.355,3.355,13
2026-01-27 13:43:00,3.35,3.355,3.35,3.355,4
2026-01-27 13:44:00,3.36,3.36,3.355,3.355,56
2026-01-27 13:45:00,3.355,3.36,3.355,3.355,74
2026-01-27 13:46:00,3.36,3.368,3.355,3.365,71
2026-01-27 13:47:00,3.3633,3.365,3.36,3.36,22
2026-01-27 13:48:00,3.36,3.36,3.355,3.355,46
2026-01-27 13:49:00,3.355,3.36,3.355,3.355,23
2026-01-27 13:50:00,3.355,3.355,3.355,3.355,5
2026-01-27 13:51:00,3.355,3.3551,3.355,3.3551,18
2026-01-27 13:52:00,3.355,3.3599,3.355,3.3599,4
2026-01-27 13:53:00,3.355,3.3588,3.355,3.355,7
2026-01-27 13:54:00,3.36,3.38,3.36,3.375,385
2026-01-27 13:55:00,3.38,3.39,3.38,3.385,29
2026-01-27 13:56:00,3.385,3.39,3.3814,3.3814,32
2026-01-27 13:57:00,3.3855,3.395,3.38,3.395,78
2026-01-27 13:58:00,3.395,3.395,3.385,3.385,139
2026-01-27 13:59:00,3.385,3.395,3.385,3.395,69
2026-01-27 14:00:00,3.39,3.39,3.3846,3.385,124
2026-01-27 14:01:00,3.385,3.39,3.3825,3.3899,21
2026-01-27 14:02:00,3.39,3.395,3.38,3.395,112
2026-01-27 14:03:00,3.395,3.395,3.39,3.39,60
2026-01-27 14:04:00,3.395,3.4,3.395,3.395,6
2026-01-27 14:05:00,3.395,3.4,3.3937,3.3958,70
2026-01-27 14:06:00,3.395,3.395,3.39,3.39,3
2026-01-27 14:07:00,3.4,3.4,3.395,3.395,21
2026-01-27 14:08:00,3.395,3.4,3.395,3.4,8
2026-01-27 14:09:00,3.4,3.4,3.39,3.395,19
2026-01-27 14:10:00,3.4,3.4,3.395,3.395,40
2026-01-27 14:11:00,3.4,3.4,3.395,3.395,6
2026-01-27 14:12:00,3.4,3.405,3.39,3.395,829
2026-01-27 14:13:00,3.395,3.4,3.395,3.4,5
2026-01-27 14:14:00,3.4,3.4,3.4,3.4,1
2026-01-27 14:15:00,3.395,3.4,3.3918,3.395,30
2026-01-27 14:16:00,3.39,3.4,3.39,3.395,26
2026-01-27 14:17:00,3.4,3.4,3.4,3.4,2
2026-01-27 14:18:00,3.395,3.4,3.395,3.395,3
2026-01-27 14:19:00,3.395,3.4,3.395,3.3999,6
2026-01-27 14:20:00,3.395,3.4,3.395,3.4,4
2026-01-27 14:21:00,3.395,3.395,3.39,3.395,10
2026-01-27 14:22:00,3.3954,3.3954,3.395,3.395,3
2026-01-27 14:23:00,3.395,3.4,3.395,3.395,13
2026-01-27 14:24:00,3.395,3.395,3.395,3.395,3
2026-01-27 14:25:00,3.395,3.41,3.38,3.4,475
2026-01-27 14:26:00,3.4,3.405,3.4,3.405,16
2026-01-27 14:27:00,3.405,3.41,3.405,3.405,12
2026-01-27 14:28:00,3.4,3.4,3.4,3.4,12
2026-01-27 14:29:00,3.4,3.405,3.4,3.4,11
2026-01-27 14:30:00,3.4,3.4,3.4,3.4,1
2026-01-27 14:31:00,3.4016,3.405,3.4016,3.405,3
2026-01-27 14:32:00,3.405,3.405,3.405,3.405,3
2026-01-27 14:33:00,3.405,3.405,3.395,3.395,67
2026-01-27 14:34:00,3.395,3.395,3.395,3.395,8
2026-01-27 14:35:00,3.3985,3.4,3.395,3.395,221
2026-01-27 14:36:00,3.4,3.41,3.395,3.41,106
2026-01-27 14:37:00,3.405,3.405,3.4011,3.405,18
2026-01-27 14:38:00,3.405,3.41,3.4036,3.405,14
2026-01-27 14:39:00,3.405,3.405,3.4,3.4,8
2026-01-27 14:40:00,3.405,3.42,3.405,3.415,223
2026-01-27 14:41:00,3.415,3.425,3.415,3.425,167
2026-01-27 14:42:00,3.425,3.425,3.425,3.425,10
2026-01-27 14:43:00,3.425,3.43,3.425,3.43,23
2026-01-27 14:44:00,3.425,3.43,3.425,3.43,6
2026-01-27 14:45:00,3.425,3.425,3.41,3.415,87
2026-01-27 14:46:00,3.415,3.415,3.41,3.415,32
2026-01-27 14:47:00,3.415,3.4166,3.41,3.415,101
2026-01-27 14:48:00,3.415,3.415,3.41,3.41,3
2026-01-27 14:49:00,3.41,3.41,3.41,3.41,2
2026-01-27 14:50:00,3.41,3.41,3.405,3.405,60
2026-01-27 14:51:00,3.4055,3.4055,3.4,3.4,9
2026-01-27 14:52:00,3.4099,3.4099,3.4,3.4,6
2026-01-27 14:53:00,3.405,3.4085,3.4,3.4,5
2026-01-27 14:54:00,3.41,3.41,3.405,3.405,5
2026-01-27 14:55:00,3.4086,3.4086,3.405,3.405,6
2026-01-27 14:56:00,3.405,3.405,3.39,3.395,90
2026-01-27 14:57:00,3.3925,3.395,3.3915,3.395,13
2026-01-27 14:58:00,3.39,3.39,3.38,3.39,66
2026-01-27 14:59:00,3.385,3.385,3.385,3.385,1
2026-01-27 15:00:00,3.385,3.385,3.38,3.38,14
2026-01-27 15:01:00,3.375,3.4,3.375,3.395,553
2026-01-27 15:02:00,3.395,3.395,3.395,3.395,6
2026-01-27 15:03:00,3.3999,3.3999,3.395,3.395,43
2026-01-27 15:04:00,3.395,3.4,3.3945,3.395,65
2026-01-27 15:05:00,3.405,3.4065,3.405,3.4065,21
2026-01-27 15:06:00,3.405,3.405,3.395,3.395,159
2026-01-27 15:07:00,3.395,3.41,3.395,3.41,205
2026-01-27 15:08:00,3.4,3.405,3.4,3.405,41
2026-01-27 15:09:00,3.405,3.415,3.405,3.41,49
2026-01-27 15:10:00,3.4099,3.4099,3.4099,3.4099,2
2026-01-27 15:11:00,3.405,3.41,3.405,3.405,13
2026-01-27 15:12:00,3.405,3.41,3.4,3.41,16
2026-01-27 15:13:00,3.41,3.41,3.4038,3.4045,35
2026-01-27 15:14:00,3.405,3.405,3.405,3.405,1
2026-01-27 15:15:00,3.405,3.405,3.4,3.405,505
2026-01-27 15:16:00,3.405,3.405,3.395,3.395,65
2026-01-27 15:17:00,3.395,3.395,3.39,3.39,8
2026-01-27 15:18:00,3.395,3.395,3.3901,3.395,11
2026-01-27 15:19:00,3.395,3.405,3.395,3.4016,27
2026-01-27 15:20:00,3.4,3.405,3.4,3.405,20
2026-01-27 15:21:00,3.405,3.405,3.405,3.405,2
2026-01-27 15:22:00,3.405,3.405,3.405,3.405,11
2026-01-27 15:23:00,3.405,3.41,3.4,3.409,245
2026-01-27 15:24:00,3.405,3.405,3.405,3.405,12
2026-01-27 15:25:00,3.405,3.405,3.405,3.405,32
2026-01-27 15:26:00,3.405,3.405,3.4014,3.4014,11
2026-01-27 15:27:00,3.405,3.4086,3.405,3.4086,18
2026-01-27 15:28:00,3.405,3.4099,3.405,3.405,17
2026-01-27 15:29:00,3.405,3.405,3.4,3.405,117
2026-01-27 15:30:00,3.4,3.405,3.4,3.4041,33
2026-01-27 15:31:00,3.405,3.405,3.4,3.4,27
2026-01-27 15:32:00,3.4,3.405,3.4,3.4001,14
2026-01-27 15:33:00,3.4,3.4,3.395,3.395,138
2026-01-27 15:34:00,3.395,3.405,3.395,3.395,1283
2026-01-27 15:35:00,3.395,3.395,3.395,3.395,14
2026-01-27 15:36:00,3.395,3.395,3.395,3.395,6
2026-01-27 15:37:00,3.395,3.4,3.3936,3.395,8
2026-01-27 15:38:00,3.395,3.3968,3.395,3.395,23
2026-01-27 15:39:00,3.395,3.395,3.3944,3.395,15
2026-01-27 15:40:00,3.395,3.4,3.3931,3.395,11
2026-01-27 15:41:00,3.3948,3.405,3.3948,3.4031,203
2026-01-27 15:42:00,3.405,3.41,3.4031,3.405,15
2026-01-27 15:43:00,3.4026,3.405,3.4,3.405,35
2026-01-27 15:44:00,3.405,3.405,3.405,3.405,3
2026-01-27 15:45:00,3.405,3.4099,3.405,3.405,17
2026-01-27 15:46:00,3.405,3.405,3.405,3.405,4
2026-01-27 15:47:00,3.405,3.405,3.405,3.405,31
2026-01-27 15:48:00,3.405,3.405,3.4,3.405,21
2026-01-27 15:49:00,3.405,3.41,3.4,3.405,40
2026-01-27 15:50:00,3.4007,3.45,3.4,3.445,1271
2026-01-27 15:51:00,3.445,3.465,3.445,3.455,1426
2026-01-27 15:52:00,3.46,3.465,3.44,3.4485,493
2026-01-27 15:53:00,3.445,3.48,3.4406,3.475,647
2026-01-27 15:54:00,3.475,3.49,3.46,3.47,1062
2026-01-27 15:55:00,3.46,3.47,3.45,3.455,101
2026-01-27 15:56:00,3.455,3.5,3.455,3.485,997
2026-01-27 15:57:00,3.485,3.485,3.47,3.4766,256
2026-01-27 15:58:00,3.475,3.48,3.47,3.475,231
2026-01-27 15:59:00,3.475,3.49,3.47,3.48,880
2026-01-28 09:30:00,3.48,3.48,3.4213,3.4213,414
2026-01-28 09:31:00,3.43,3.5,3.42,3.5,434
2026-01-28 09:32:00,3.49,3.49,3.45,3.46,185
2026-01-28 09:33:00,3.468,3.468,3.4589,3.4675,16
2026-01-28 09:34:00,3.4529,3.46,3.42,3.435,78
2026-01-28 09:35:00,3.435,3.435,3.415,3.42,46
2026-01-28 09:36:00,3.41,3.45,3.41,3.4399,452
2026-01-28 09:37:00,3.4398,3.45,3.43,3.45,370
2026-01-28 09:38:00,3.445,3.445,3.435,3.44,126
2026-01-28 09:39:00,3.4314,3.44,3.4314,3.4392,25
2026-01-28 09:40:00,3.4499,3.4499,3.44,3.44,59
2026-01-28 09:41:00,3.44,3.455,3.43,3.455,169
2026-01-28 09:42:00,3.455,3.455,3.455,3.455,3
2026-01-28 09:43:00,3.455,3.465,3.455,3.46,281
2026-01-28 09:44:00,3.455,3.46,3.445,3.4479,319
2026-01-28 09:45:00,3.44,3.45,3.43,3.45,192
2026-01-28 09:46:00,3.4414,3.445,3.4414,3.445,16
2026-01-28 09:47:00,3.4489,3.45,3.44,3.45,37
2026-01-28 09:48:00,3.445,3.445,3.43,3.435,119
2026-01-28 09:49:00,3.4361,3.445,3.435,3.44,138
2026-01-28 09:50:00,3.44,3.44,3.43,3.435,115
2026-01-28 09:51:00,3.4379,3.4379,3.435,3.435,80
2026-01-28 09:52:00,3.4301,3.4399,3.4301,3.4314,79
2026-01-28 09:53:00,3.43,3.4325,3.425,3.43,127
2026-01-28 09:54:00,3.425,3.43,3.425,3.425,26
2026-01-28 09:55:00,3.425,3.43,3.425,3.43,40
2026-01-28 09:56:00,3.42,3.425,3.42,3.42,40
2026-01-28 09:57:00,3.42,3.425,3.42,3.425,324
2026-01-28 09:58:00,3.42,3.42,3.4,3.4,142
2026-01-28 09:59:00,3.4,3.4,3.4,3.4,0
2026-01-28 10:00:00,3.4,3.41,3.395,3.41,134
2026-01-28 10:01:00,3.415,3.415,3.41,3.41,13
2026-01-28 10:02:00,3.41,3.41,3.405,3.405,26
2026-01-28 10:03:00,3.405,3.405,3.405,3.405,77
2026-01-28 10:04:00,3.405,3.405,3.39,3.395,54
2026-01-28 10:05:00,3.3999,3.3999,3.39,3.39,26
2026-01-28 10:06:00,3.395,3.395,3.395,3.395,16
2026-01-28 10:07:00,3.395,3.395,3.39,3.395,32
2026-01-28 10:08:00,3.395,3.3999,3.39,3.3999,26
2026-01-28 10:09:00,3.39,3.3985,3.39,3.395,11
2026-01-28 10:10:00,3.395,3.4,3.39,3.39,44
2026-01-28 10:11:00,3.3915,3.3965,3.3915,3.395,14
2026-01-28 10:12:00,3.39,3.395,3.39,3.392,21
2026-01-28 10:13:00,3.395,3.395,3.37,3.38,151
2026-01-28 10:14:00,3.375,3.375,3.36,3.36,155
2026-01-28 10:15:00,3.3654,3.3685,3.36,3.365,45
2026-01-28 10:16:00,3.37,3.375,3.37,3.375,63
2026-01-28 10:17:00,3.375,3.375,3.37,3.37,34
2026-01-28 10:18:00,3.36,3.37,3.36,3.365,90
2026-01-28 10:19:00,3.365,3.3686,3.365,3.365,18
2026-01-28 10:20:00,3.3614,3.365,3.3614,3.365,9
2026-01-28 10:21:00,3.37,3.38,3.365,3.375,104
2026-01-28 10:22:00,3.375,3.38,3.365,3.3686,89
2026-01-28 10:23:00,3.3685,3.38,3.3684,3.3793,72
2026-01-28 10:24:00,3.379,3.38,3.375,3.375,38
2026-01-28 10:25:00,3.375,3.375,3.365,3.375,65
2026-01-28 10:26:00,3.38,3.38,3.365,3.365,585
2026-01-28 10:27:00,3.369,3.38,3.36,3.37,112
2026-01-28 10:28:00,3.37,3.395,3.37,3.395,623
2026-01-28 10:29:00,3.4,3.405,3.385,3.385,96
2026-01-28 10:30:00,3.39,3.39,3.38,3.385,35
2026-01-28 10:31:00,3.385,3.4,3.37,3.3755,157
2026-01-28 10:32:00,3.37,3.375,3.37,3.375,48
2026-01-28 10:33:00,3.375,3.375,3.375,3.375,6
2026-01-28 10:34:00,3.38,3.3899,3.375,3.38,220
2026-01-28 10:35:00,3.37,3.37,3.37,3.37,175
2026-01-28 10:36:00,3.375,3.385,3.3746,3.385,56
2026-01-28 10:37:00,3.39,3.39,3.385,3.385,132
2026-01-28 10:38:00,3.385,3.395,3.385,3.395,100
2026-01-28 10:39:00,3.395,3.395,3.33,3.345,962
2026-01-28 10:40:00,3.345,3.345,3.345,3.345,17
2026-01-28 10:41:00,3.345,3.345,3.335,3.335,94
2026-01-28 10:42:00,3.335,3.36,3.335,3.34,373
2026-01-28 10:43:00,3.335,3.34,3.3312,3.335,75
2026-01-28 10:44:00,3.335,3.34,3.335,3.34,20
2026-01-28 10:45:00,3.34,3.35,3.3314,3.345,249
2026-01-28 10:46:00,3.345,3.345,3.345,3.345,28
2026-01-28 10:47:00,3.345,3.35,3.345,3.35,8
2026-01-28 10:48:00,3.35,3.35,3.3314,3.335,82
2026-01-28 10:49:00,3.335,3.34,3.325,3.34,257
2026-01-28 10:50:00,3.33,3.33,3.325,3.325,145
2026-01-28 10:51:00,3.325,3.325,3.32,3.325,33
2026-01-28 10:52:00,3.3257,3.3257,3.325,3.325,7
2026-01-28 10:53:00,3.32,3.32,3.31,3.3199,53
2026-01-28 10:54:00,3.315,3.315,3.315,3.315,10
2026-01-28 10:55:00,3.32,3.32,3.315,3.32,23
2026-01-28 10:56:00,3.315,3.325,3.31,3.31,113
2026-01-28 10:57:00,3.315,3.315,3.3129,3.3129,14
2026-01-28 10:58:00,3.315,3.315,3.3137,3.315,33
2026-01-28 10:59:00,3.31,3.31,3.31,3.31,12
2026-01-28 11:00:00,3.3115,3.315,3.3115,3.315,19
2026-01-28 11:01:00,3.315,3.33,3.315,3.3275,196
2026-01-28 11:02:00,3.32,3.32,3.3146,3.3146,74
2026-01-28 11:03:00,3.3186,3.32,3.315,3.32,58
2026-01-28 11:04:00,3.3154,3.325,3.3154,3.325,106
2026-01-28 11:05:00,3.325,3.325,3.325,3.325,25
2026-01-28 11:06:00,3.3299,3.34,3.3299,3.34,77
2026-01-28 11:07:00,3.3399,3.3399,3.3302,3.3302,21
2026-01-28 11:08:00,3.335,3.34,3.33,3.34,345
2026-01-28 11:09:00,3.3301,3.345,3.3301,3.345,42
2026-01-28 11:10:00,3.35,3.35,3.345,3.345,12
2026-01-28 11:11:00,3.345,3.345,3.3407,3.3447,51
2026-01-28 11:12:00,3.345,3.35,3.345,3.345,16
2026-01-28 11:13:00,3.35,3.35,3.3406,3.35,59
2026-01-28 11:14:00,3.35,3.35,3.35,3.35,1
2026-01-28 11:15:00,3.3445,3.35,3.3445,3.345,22
2026-01-28 11:16:00,3.345,3.35,3.345,3.345,106
2026-01-28 11:17:00,3.345,3.35,3.345,3.345,26
2026-01-28 11:18:00,3.35,3.36,3.345,3.36,121
2026-01-28 11:19:00,3.355,3.36,3.3545,3.3545,14
2026-01-28 11:20:00,3.355,3.36,3.355,3.355,22
2026-01-28 11:21:00,3.36,3.37,3.355,3.36,142
2026-01-28 11:22:00,3.36,3.365,3.355,3.356,122
2026-01-28 11:23:00,3.36,3.365,3.36,3.36,74
2026-01-28 11:24:00,3.355,3.3599,3.355,3.3554,52
2026-01-28 11:25:00,3.355,3.3586,3.355,3.355,12
2026-01-28 11:26:00,3.35,3.355,3.35,3.355,8
2026-01-28 11:27:00,3.35,3.3654,3.345,3.365,265
2026-01-28 11:28:00,3.365,3.365,3.3645,3.365,70
2026-01-28 11:29:00,3.365,3.365,3.365,3.365,17
2026-01-28 11:30:00,3.365,3.3685,3.36,3.36,46
2026-01-28 11:31:00,3.355,3.355,3.355,3.355,19
2026-01-28 11:32:00,3.355,3.355,3.355,3.355,8
2026-01-28 11:33:00,3.355,3.355,3.355,3.355,35
2026-01-28 11:34:00,3.35,3.35,3.35,3.35,8
2026-01-28 11:35:00,3.35,3.35,3.35,3.35,0
2026-01-28 11:36:00,3.355,3.36,3.355,3.36,39
2026-01-28 11:37:00,3.355,3.355,3.355,3.355,46
2026-01-28 11:38:00,3.355,3.375,3.355,3.3683,375
2026-01-28 11:39:00,3.365,3.365,3.3584,3.3584,41
2026-01-28 11:40:00,3.35,3.3501,3.335,3.335,44
2026-01-28 11:41:00,3.335,3.335,3.335,3.335,0
2026-01-28 11:42:00,3.33,3.33,3.32,3.32,124
2026-01-28 11:43:00,3.3246,3.3246,3.3218,3.3218,12
2026-01-28 11:44:00,3.3254,3.3254,3.32,3.32,15
2026-01-28 11:45:00,3.3285,3.329,3.315,3.3187,43
2026-01-28 11:46:00,3.3187,3.3187,3.3187,3.3187,0
2026-01-28 11:47:00,3.3187,3.3187,3.3187,3.3187,0
2026-01-28 11:48:00,3.31,3.325,3.31,3.3201,127
2026-01-28 11:49:00,3.32,3.32,3.32,3.32,15
2026-01-28 11:50:00,3.32,3.32,3.32,3.32,0
2026-01-28 11:51:00,3.31,3.315,3.305,3.305,34
2026-01-28 11:52:00,3.3045,3.305,3.3016,3.305,9
2026-01-28 11:53:00,3.305,3.315,3.3,3.315,196
2026-01-28 11:54:00,3.31,3.335,3.31,3.335,260
2026-01-28 11:55:00,3.335,3.345,3.335,3.345,30
2026-01-28 11:56:00,3.345,3.35,3.34,3.34,373
2026-01-28 11:57:00,3.335,3.34,3.335,3.34,85
2026-01-28 11:58:00,3.345,3.345,3.34,3.34,20
2026-01-28 11:59:00,3.34,3.34,3.34,3.34,0
2026-01-28 12:00:00,3.345,3.345,3.345,3.345,1
2026-01-28 12:01:00,3.345,3.345,3.335,3.335,53
2026-01-28 12:02:00,3.34,3.345,3.34,3.345,52
2026-01-28 12:03:00,3.345,3.355,3.345,3.355,152
2026-01-28 12:04:00,3.3515,3.355,3.3515,3.355,4
2026-01-28 12:05:00,3.36,3.36,3.3538,3.3538,14
2026-01-28 12:06:00,3.35,3.3515,3.35,3.3515,4
2026-01-28 12:07:00,3.355,3.365,3.355,3.365,77
2026-01-28 12:08:00,3.3625,3.365,3.3625,3.363,64
2026-01-28 12:09:00,3.36,3.375,3.355,3.365,113
2026-01-28 12:10:00,3.3699,3.3699,3.36,3.365,216
2026-01-28 12:11:00,3.36,3.36,3.355,3.355,17
2026-01-28 12:12:00,3.355,3.3587,3.355,3.355,9
2026-01-28 12:13:00,3.3509,3.355,3.3509,3.355,9
2026-01-28 12:14:00,3.355,3.355,3.355,3.355,4
2026-01-28 12:15:00,3.355,3.355,3.35,3.355,19
2026-01-28 12:16:00,3.355,3.3563,3.355,3.355,126
2026-01-28 12:17:00,3.355,3.3586,3.355,3.3586,4
2026-01-28 12:18:00,3.3555,3.3555,3.355,3.355,28
2026-01-28 12:19:00,3.36,3.365,3.36,3.365,13
2026-01-28 12:20:00,3.3637,3.365,3.3637,3.365,14
2026-01-28 12:21:00,3.37,3.37,3.355,3.355,69
2026-01-28 12:22:00,3.3501,3.3501,3.3501,3.3501,9
2026-01-28 12:23:00,3.3514,3.3514,3.345,3.345,26
2026-01-28 12:24:00,3.34,3.345,3.34,3.34,25
2026-01-28 12:25:00,3.34,3.34,3.34,3.34,1
2026-01-28 12:26:00,3.34,3.34,3.335,3.335,36
2026-01-28 12:27:00,3.335,3.335,3.3323,3.3323,4
2026-01-28 12:28:00,3.3346,3.335,3.3346,3.335,18
2026-01-28 12:29:00,3.335,3.335,3.325,3.325,51
2026-01-28 12:30:00,3.325,3.325,3.325,3.325,8
2026-01-28 12:31:00,3.33,3.33,3.315,3.315,27
2026-01-28 12:32:00,3.315,3.3191,3.3102,3.315,29
2026-01-28 12:33:00,3.3167,3.3167,3.315,3.315,16
2026-01-28 12:34:00,3.315,3.3154,3.315,3.315,69
2026-01-28 12:35:00,3.315,3.315,3.315,3.315,16
2026-01-28 12:36:00,3.315,3.315,3.3101,3.3101,6
2026-01-28 12:37:00,3.315,3.32,3.315,3.32,8
2026-01-28 12:38:00,3.315,3.315,3.31,3.315,14
2026-01-28 12:39:00,3.3168,3.32,3.315,3.32,12
2026-01-28 12:40:00,3.315,3.325,3.315,3.325,94
2026-01-28 12:41:00,3.325,3.325,3.325,3.325,12
2026-01-28 12:42:00,3.32,3.33,3.32,3.33,28
2026-01-28 12:43:00,3.325,3.33,3.32,3.32,5
2026-01-28 12:44:00,3.325,3.3299,3.3213,3.3299,67
2026-01-28 12:45:00,3.32,3.325,3.32,3.325,11
2026-01-28 12:46:00,3.325,3.325,3.325,3.325,0
2026-01-28 12:47:00,3.325,3.326,3.3246,3.326,5
2026-01-28 12:48:00,3.326,3.326,3.326,3.326,0
2026-01-28 12:49:00,3.3287,3.3287,3.325,3.325,10
2026-01-28 12:50:00,3.325,3.325,3.325,3.325,19
2026-01-28 12:51:00,3.3299,3.3299,3.325,3.325,12
2026-01-28 12:52:00,3.325,3.325,3.325,3.325,4
2026-01-28 12:53:00,3.325,3.3255,3.325,3.3255,22
2026-01-28 12:54:00,3.325,3.33,3.325,3.33,72
2026-01-28 12:55:00,3.33,3.335,3.32,3.325,63
2026-01-28 12:56:00,3.325,3.325,3.325,3.325,0
2026-01-28 12:57:00,3.3201,3.3201,3.32,3.32,10
2026-01-28 12:58:00,3.32,3.32,3.31,3.315,207
2026-01-28 12:59:00,3.31,3.315,3.31,3.315,8
2026-01-28 13:00:00,3.315,3.315,3.31,3.315,26
2026-01-28 13:01:00,3.31,3.31,3.31,3.31,34
2026-01-28 13:02:00,3.305,3.315,3.305,3.31,56
2026-01-28 13:03:00,3.3145,3.32,3.3145,3.32,24
2026-01-28 13:04:00,3.31,3.31,3.305,3.305,31
2026-01-28 13:05:00,3.305,3.305,3.305,3.305,4
2026-01-28 13:06:00,3.305,3.305,3.305,3.305,4
2026-01-28 13:07:00,3.305,3.305,3.305,3.305,3
2026-01-28 13:08:00,3.305,3.31,3.305,3.305,97
2026-01-28 13:09:00,3.3099,3.3099,3.3099,3.3099,10
2026-01-28 13:10:00,3.3045,3.3045,3.3045,3.3045,1
2026-01-28 13:11:00,3.3,3.3086,3.295,3.3086,278
2026-01-28 13:12:00,3.305,3.3059,3.305,3.3059,22
2026-01-28 13:13:00,3.305,3.305,3.3,3.305,39
2026-01-28 13:14:00,3.3,3.3,3.295,3.295,24
2026-01-28 13:15:00,3.295,3.295,3.2947,3.295,11
2026-01-28 13:16:00,3.2904,3.305,3.2904,3.305,221
2026-01-28 13:17:00,3.3,3.3,3.29,3.2963,55
2026-01-28 13:18:00,3.3,3.3093,3.295,3.3093,114
2026-01-28 13:19:00,3.31,3.31,3.3015,3.3097,4
2026-01-28 13:20:00,3.305,3.31,3.3001,3.3001,29
2026-01-28 13:21:00,3.3097,3.31,3.305,3.31,68
2026-01-28 13:22:00,3.31,3.315,3.31,3.315,27
2026-01-28 13:23:00,3.3186,3.3254,3.315,3.3254,147
2026-01-28 13:24:00,3.325,3.33,3.325,3.3254,6
2026-01-28 13:25:00,3.32,3.335,3.3119,3.325,296
2026-01-28 13:26:00,3.325,3.3296,3.32,3.32,34
2026-01-28 13:27:00,3.325,3.325,3.325,3.325,7
2026-01-28 13:28:00,3.325,3.325,3.325,3.325,12
2026-01-28 13:29:00,3.325,3.325,3.325,3.325,4
2026-01-28 13:30:00,3.3286,3.3286,3.325,3.325,3
2026-01-28 13:31:00,3.325,3.33,3.325,3.33,24
2026-01-28 13:32:00,3.33,3.33,3.33,3.33,15
2026-01-28 13:33:00,3.325,3.33,3.325,3.33,3
2026-01-28 13:34:00,3.33,3.33,3.33,3.33,1
2026-01-28 13:35:00,3.325,3.325,3.325,3.325,7
2026-01-28 13:36:00,3.325,3.325,3.325,3.325,13
2026-01-28 13:37:00,3.325,3.33,3.325,3.33,11
2026-01-28 13:38:00,3.325,3.33,3.3214,3.33,7
2026-01-28 13:39:00,3.32,3.325,3.315,3.315,114
2026-01-28 13:40:00,3.312,3.315,3.305,3.305,266
2026-01-28 13:41:00,3.305,3.305,3.305,3.305,2
2026-01-28 13:42:00,3.3099,3.3099,3.3099,3.3099,20
2026-01-28 13:43:00,3.3097,3.31,3.305,3.305,16
2026-01-28 13:44:00,3.305,3.31,3.305,3.305,77
2026-01-28 13:45:00,3.305,3.305,3.305,3.305,17
2026-01-28 13:46:00,3.305,3.305,3.3017,3.305,61
2026-01-28 13:47:00,3.306,3.306,3.305,3.305,75
2026-01-28 13:48:00,3.305,3.3084,3.3014,3.3084,32
2026-01-28 13:49:00,3.3084,3.3084,3.3084,3.3084,0
2026-01-28 13:50:00,3.305,3.31,3.3034,3.3034,15
2026-01-28 13:51:00,3.305,3.305,3.305,3.305,10
2026-01-28 13:52:00,3.31,3.31,3.295,3.295,81
2026-01-28 13:53:00,3.295,3.2998,3.295,3.2998,5
2026-01-28 13:54:00,3.29,3.29,3.29,3.29,3
2026-01-28 13:55:00,3.29,3.295,3.285,3.295,110
2026-01-28 13:56:00,3.295,3.295,3.285,3.285,51
2026-01-28 13:57:00,3.285,3.285,3.285,3.285,5
2026-01-28 13:58:00,3.285,3.285,3.285,3.285,36
2026-01-28 13:59:00,3.285,3.285,3.285,3.285,0
2026-01-28 14:00:00,3.285,3.29,3.28,3.285,17
2026-01-28 14:01:00,3.285,3.295,3.285,3.295,128
2026-01-28 14:02:00,3.295,3.295,3.285,3.29,44
2026-01-28 14:03:00,3.285,3.2886,3.285,3.2886,6
2026-01-28 14:04:00,3.285,3.285,3.28,3.28,6
2026-01-28 14:05:00,3.285,3.2901,3.285,3.29,76
2026-01-28 14:06:00,3.295,3.295,3.295,3.295,7
2026-01-28 14:07:00,3.29,3.31,3.285,3.31,201
2026-01-28 14:08:00,3.31,3.31,3.31,3.31,0
2026-01-28 14:09:00,3.315,3.3325,3.315,3.325,91
2026-01-28 14:10:00,3.325,3.325,3.325,3.325,2
2026-01-28 14:11:00,3.325,3.325,3.325,3.325,87
2026-01-28 14:12:00,3.325,3.325,3.325,3.325,6
2026-01-28 14:13:00,3.32,3.32,3.32,3.32,16
2026-01-28 14:14:00,3.315,3.325,3.315,3.325,74
2026-01-28 14:15:00,3.325,3.325,3.325,3.325,4
2026-01-28 14:16:00,3.325,3.325,3.325,3.325,0
2026-01-28 14:17:00,3.33,3.33,3.33,3.33,6
2026-01-28 14:18:00,3.3288,3.3288,3.32,3.32,23
2026-01-28 14:19:00,3.325,3.325,3.325,3.325,3
2026-01-28 14:20:00,3.325,3.325,3.32,3.32,4
2026-01-28 14:21:00,3.3237,3.3294,3.3237,3.3294,9
2026-01-28 14:22:00,3.325,3.33,3.32,3.33,9
2026-01-28 14:23:00,3.325,3.34,3.325,3.335,99
2026-01-28 14:24:00,3.3342,3.3342,3.33,3.33,14
2026-01-28 14:25:00,3.33,3.33,3.325,3.3287,54
2026-01-28 14:26:00,3.325,3.33,3.325,3.33,67
2026-01-28 14:27:00,3.33,3.33,3.325,3.325,25
2026-01-28 14:28:00,3.325,3.325,3.325,3.325,5
2026-01-28 14:29:00,3.325,3.325,3.32,3.32,20
2026-01-28 14:30:00,3.31,3.34,3.305,3.34,120
2026-01-28 14:31:00,3.345,3.345,3.33,3.33,15
2026-01-28 14:32:00,3.3384,3.3384,3.325,3.33,46
2026-01-28 14:33:00,3.33,3.33,3.315,3.315,52
2026-01-28 14:34:00,3.315,3.32,3.31,3.32,161
2026-01-28 14:35:00,3.32,3.32,3.32,3.32,0
2026-01-28 14:36:00,3.33,3.33,3.32,3.32,4
2026-01-28 14:37:00,3.3288,3.335,3.3288,3.335,91
2026-01-28 14:38:00,3.33,3.3321,3.33,3.33,20
2026-01-28 14:39:00,3.33,3.33,3.325,3.325,21
2026-01-28 14:40:00,3.325,3.3285,3.325,3.325,14
2026-01-28 14:41:00,3.3215,3.3215,3.315,3.32,154
2026-01-28 14:42:00,3.32,3.32,3.315,3.32,61
2026-01-28 14:43:00,3.32,3.325,3.315,3.315,30
2026-01-28 14:44:00,3.315,3.315,3.31,3.31,17
2026-01-28 14:45:00,3.31,3.315,3.31,3.31,5
2026-01-28 14:46:00,3.31,3.315,3.3,3.305,35
2026-01-28 14:47:00,3.305,3.305,3.3,3.3,23
2026-01-28 14:48:00,3.3,3.32,3.3,3.315,112
2026-01-28 14:49:00,3.316,3.316,3.31,3.315,70
2026-01-28 14:50:00,3.3122,3.315,3.305,3.305,102
2026-01-28 14:51:00,3.305,3.305,3.3,3.3,6
2026-01-28 14:52:00,3.3,3.3,3.3,3.3,5
2026-01-28 14:53:00,3.305,3.305,3.3,3.305,25
2026-01-28 14:54:00,3.305,3.315,3.3,3.3,335
2026-01-28 14:55:00,3.3,3.3,3.2901,3.295,240
2026-01-28 14:56:00,3.295,3.295,3.285,3.285,170
2026-01-28 14:57:00,3.281,3.285,3.28,3.28,31
2026-01-28 14:58:00,3.285,3.285,3.28,3.28,83
2026-01-28 14:59:00,3.2814,3.285,3.26,3.265,68
2026-01-28 15:00:00,3.2601,3.2601,3.2601,3.2601,1
2026-01-28 15:01:00,3.265,3.265,3.26,3.265,13
2026-01-28 15:02:00,3.265,3.275,3.265,3.265,189
2026-01-28 15:03:00,3.261,3.265,3.261,3.265,103
2026-01-28 15:04:00,3.2646,3.2663,3.2646,3.265,11
2026-01-28 15:05:00,3.265,3.2655,3.26,3.2655,8
2026-01-28 15:06:00,3.265,3.265,3.2613,3.265,7
2026-01-28 15:07:00,3.265,3.265,3.2646,3.265,41
2026-01-28 15:08:00,3.269,3.27,3.26,3.26,14
2026-01-28 15:09:00,3.26,3.26,3.25,3.255,207
2026-01-28 15:10:00,3.255,3.27,3.255,3.265,764
2026-01-28 15:11:00,3.265,3.265,3.2616,3.265,6
2026-01-28 15:12:00,3.265,3.265,3.255,3.26,264
2026-01-28 15:13:00,3.2585,3.265,3.245,3.265,420
2026-01-28 15:14:00,3.265,3.265,3.2632,3.2632,30
2026-01-28 15:15:00,3.2632,3.2632,3.2632,3.2632,0
2026-01-28 15:16:00,3.265,3.265,3.255,3.2569,80
2026-01-28 15:17:00,3.255,3.265,3.255,3.265,96
2026-01-28 15:18:00,3.27,3.27,3.2642,3.265,62
2026-01-28 15:19:00,3.265,3.27,3.2601,3.269,82
2026-01-28 15:20:00,3.2601,3.265,3.2601,3.265,82
2026-01-28 15:21:00,3.265,3.265,3.2613,3.265,8
2026-01-28 15:22:00,3.265,3.2684,3.26,3.265,10
2026-01-28 15:23:00,3.265,3.265,3.255,3.255,103
2026-01-28 15:24:00,3.25,3.26,3.25,3.255,30
2026-01-28 15:25:00,3.255,3.255,3.255,3.255,2
2026-01-28 15:26:00,3.255,3.255,3.245,3.245,157
2026-01-28 15:27:00,3.245,3.245,3.245,3.245,52
2026-01-28 15:28:00,3.25,3.25,3.245,3.2486,9
2026-01-28 15:29:00,3.245,3.25,3.24,3.25,11
2026-01-28 15:30:00,3.2498,3.25,3.245,3.25,4
2026-01-28 15:31:00,3.245,3.2497,3.22,3.225,470
2026-01-28 15:32:00,3.225,3.24,3.225,3.235,156
2026-01-28 15:33:00,3.235,3.235,3.2313,3.2313,50
2026-01-28 15:34:00,3.235,3.24,3.22,3.225,121
2026-01-28 15:35:00,3.22,3.2283,3.22,3.2283,5
2026-01-28 15:36:00,3.23,3.23,3.22,3.225,25
2026-01-28 15:37:00,3.225,3.225,3.22,3.22,34
2026-01-28 15:38:00,3.225,3.2275,3.22,3.2216,8
2026-01-28 15:39:00,3.22,3.24,3.215,3.24,354
2026-01-28 15:40:00,3.235,3.24,3.235,3.235,187
2026-01-28 15:41:00,3.235,3.2355,3.235,3.235,86
2026-01-28 15:42:00,3.235,3.235,3.23,3.23,47
2026-01-28 15:43:00,3.235,3.24,3.235,3.235,38
2026-01-28 15:44:00,3.235,3.24,3.23,3.23,8
2026-01-28 15:45:00,3.235,3.235,3.225,3.235,189
2026-01-28 15:46:00,3.23,3.23,3.23,3.23,9
2026-01-28 15:47:00,3.235,3.235,3.22,3.22,91
2026-01-28 15:48:00,3.225,3.225,3.21,3.215,147
2026-01-28 15:49:00,3.22,3.225,3.215,3.2233,172
2026-01-28 15:50:00,3.225,3.2284,3.22,3.22,38
2026-01-28 15:51:00,3.2299,3.2299,3.22,3.22,25
2026-01-28 15:52:00,3.22,3.22,3.21,3.21,145
2026-01-28 15:53:00,3.215,3.22,3.21,3.22,21
2026-01-28 15:54:00,3.215,3.219,3.2,3.215,263
2026-01-28 15:55:00,3.22,3.23,3.2107,3.22,1025
2026-01-28 15:56:00,3.225,3.2385,3.22,3.235,335
2026-01-28 15:57:00,3.235,3.24,3.23,3.23,420
2026-01-28 15:58:00,3.23,3.24,3.23,3.23,370
2026-01-28 15:59:00,3.235,3.25,3.23,3.235,785
2026-01-29 09:30:00,3.23,3.25,3.23,3.24,304
2026-01-29 09:31:00,3.23,3.23,3.21,3.225,106
2026-01-29 09:32:00,3.2113,3.23,3.21,3.21,13
2026-01-29 09:33:00,3.2121,3.2187,3.2,3.21,116
2026-01-29 09:34:00,3.2101,3.2172,3.21,3.21,77
2026-01-29 09:35:00,3.21,3.21,3.195,3.2,294
2026-01-29 09:36:00,3.19,3.195,3.18,3.1945,156
2026-01-29 09:37:00,3.2,3.21,3.19,3.19,1752
2026-01-29 09:38:00,3.19,3.2,3.1887,3.1887,94
2026-01-29 09:39:00,3.1829,3.1855,3.18,3.185,41
2026-01-29 09:40:00,3.185,3.185,3.18,3.1803,82
2026-01-29 09:41:00,3.185,3.21,3.185,3.205,197
2026-01-29 09:42:00,3.2,3.201,3.195,3.2,147
2026-01-29 09:43:00,3.1984,3.205,3.1901,3.205,33
2026-01-29 09:44:00,3.205,3.205,3.1951,3.2,88
2026-01-29 09:45:00,3.195,3.21,3.19,3.205,390
2026-01-29 09:46:00,3.205,3.21,3.2,3.2,233
2026-01-29 09:47:00,3.2001,3.2099,3.2001,3.205,32
2026-01-29 09:48:00,3.205,3.21,3.205,3.205,47
2026-01-29 09:49:00,3.205,3.21,3.19,3.195,174
2026-01-29 09:50:00,3.1928,3.195,3.1926,3.195,22
2026-01-29 09:51:00,3.1907,3.195,3.18,3.19,295
2026-01-29 09:52:00,3.19,3.195,3.19,3.1901,39
2026-01-29 09:53:00,3.1954,3.1954,3.185,3.195,101
2026-01-29 09:54:00,3.1985,3.1985,3.19,3.19,5
2026-01-29 09:55:00,3.19,3.1985,3.185,3.1985,55
2026-01-29 09:56:00,3.19,3.2,3.185,3.185,40
2026-01-29 09:57:00,3.1844,3.19,3.1844,3.19,6
2026-01-29 09:58:00,3.1855,3.1855,3.17,3.17,294
2026-01-29 09:59:00,3.1721,3.175,3.1721,3.175,44
2026-01-29 10:00:00,3.1799,3.1799,3.165,3.165,80
2026-01-29 10:01:00,3.165,3.17,3.16,3.16,212
2026-01-29 10:02:00,3.165,3.17,3.16,3.1693,65
2026-01-29 10:03:00,3.17,3.1887,3.168,3.185,131
2026-01-29 10:04:00,3.1899,3.195,3.18,3.195,81
2026-01-29 10:05:00,3.19,3.19,3.1801,3.1801,17
2026-01-29 10:06:00,3.185,3.2,3.185,3.19,5074
2026-01-29 10:07:00,3.1899,3.1999,3.185,3.185,62
2026-01-29 10:08:00,3.185,3.195,3.185,3.195,56
2026-01-29 10:09:00,3.195,3.1951,3.19,3.1951,31
2026-01-29 10:10:00,3.19,3.19,3.1813,3.185,43
2026-01-29 10:11:00,3.185,3.185,3.18,3.185,7
2026-01-29 10:12:00,3.185,3.19,3.185,3.185,96
2026-01-29 10:13:00,3.1866,3.1899,3.185,3.185,31
2026-01-29 10:14:00,3.185,3.185,3.1812,3.185,29
2026-01-29 10:15:00,3.185,3.19,3.185,3.1899,35
2026-01-29 10:16:00,3.185,3.195,3.185,3.195,92
2026-01-29 10:17:00,3.195,3.1999,3.195,3.1999,23
2026-01-29 10:18:00,3.195,3.2,3.195,3.2,34
2026-01-29 10:19:00,3.195,3.195,3.18,3.185,86
2026-01-29 10:20:00,3.185,3.19,3.17,3.17,468
2026-01-29 10:21:00,3.17,3.175,3.16,3.175,147
2026-01-29 10:22:00,3.175,3.175,3.175,3.175,3
2026-01-29 10:23:00,3.1787,3.1787,3.1787,3.1787,1
2026-01-29 10:24:00,3.175,3.175,3.175,3.175,1
2026-01-29 10:25:00,3.175,3.175,3.17,3.17,4
2026-01-29 10:26:00,3.17,3.17,3.17,3.17,5
2026-01-29 10:27:00,3.17,3.17,3.17,3.17,4
2026-01-29 10:28:00,3.175,3.18,3.17,3.175,151
2026-01-29 10:29:00,3.17,3.175,3.165,3.165,56
2026-01-29 10:30:00,3.17,3.175,3.17,3.175,21
2026-01-29 10:31:00,3.175,3.175,3.17,3.17,10
2026-01-29 10:32:00,3.17,3.1799,3.17,3.175,13
2026-01-29 10:33:00,3.1784,3.1784,3.17,3.17,64
2026-01-29 10:34:00,3.175,3.1799,3.17,3.17,16
2026-01-29 10:35:00,3.175,3.175,3.155,3.165,306
2026-01-29 10:36:00,3.165,3.17,3.16,3.17,76
2026-01-29 10:37:00,3.17,3.175,3.145,3.145,441
2026-01-29 10:38:00,3.145,3.1497,3.145,3.145,47
2026-01-29 10:39:00,3.145,3.145,3.145,3.145,52
2026-01-29 10:40:00,3.14,3.1487,3.14,3.1413,72
2026-01-29 10:41:00,3.1441,3.1486,3.1314,3.1314,204
2026-01-29 10:42:00,3.138,3.138,3.135,3.135,10
2026-01-29 10:43:00,3.135,3.1386,3.13,3.1386,6
2026-01-29 10:44:00,3.135,3.1397,3.135,3.135,52
2026-01-29 10:45:00,3.135,3.135,3.135,3.135,2
2026-01-29 10:46:00,3.135,3.14,3.135,3.135,95
2026-01-29 10:47:00,3.135,3.15,3.135,3.145,58
2026-01-29 10:48:00,3.145,3.1455,3.14,3.1455,70
2026-01-29 10:49:00,3.1486,3.1599,3.1401,3.1572,267
2026-01-29 10:50:00,3.158,3.165,3.15,3.155,130
2026-01-29 10:51:00,3.1513,3.1551,3.15,3.15,14
2026-01-29 10:52:00,3.152,3.155,3.14,3.145,28
2026-01-29 10:53:00,3.14,3.1402,3.13,3.13,33
2026-01-29 10:54:00,3.135,3.14,3.13,3.135,25
2026-01-29 10:55:00,3.135,3.135,3.135,3.135,14
2026-01-29 10:56:00,3.1321,3.135,3.1321,3.135,71
2026-01-29 10:57:00,3.1399,3.14,3.1301,3.135,221
2026-01-29 10:58:00,3.14,3.15,3.14,3.145,61
2026-01-29 10:59:00,3.1455,3.15,3.145,3.15,144
2026-01-29 11:00:00,3.15,3.155,3.145,3.15,81
2026-01-29 11:01:00,3.148,3.15,3.14,3.15,33
2026-01-29 11:02:00,3.15,3.15,3.145,3.15,27
2026-01-29 11:03:00,3.15,3.15,3.1401,3.145,48
2026-01-29 11:04:00,3.15,3.15,3.145,3.145,55
2026-01-29 11:05:00,3.145,3.1499,3.14,3.145,80
2026-01-29 11:06:00,3.145,3.145,3.145,3.145,0
2026-01-29 11:07:00,3.145,3.1479,3.145,3.1479,7
2026-01-29 11:08:00,3.1403,3.145,3.1403,3.145,38
2026-01-29 11:09:00,3.15,3.15,3.145,3.145,6
2026-01-29 11:10:00,3.145,3.145,3.145,3.145,6
2026-01-29 11:11:00,3.145,3.155,3.145,3.155,64
2026-01-29 11:12:00,3.155,3.155,3.155,3.155,0
2026-01-29 11:13:00,3.155,3.165,3.1537,3.165,150
2026-01-29 11:14:00,3.165,3.165,3.165,3.165,0
2026-01-29 11:15:00,3.165,3.175,3.165,3.1684,70
2026-01-29 11:16:00,3.1684,3.1684,3.1684,3.1684,0
2026-01-29 11:17:00,3.17,3.17,3.1671,3.1671,8
2026-01-29 11:18:00,3.165,3.166,3.1601,3.165,150
2026-01-29 11:19:00,3.165,3.1699,3.16,3.16,27
2026-01-29 11:20:00,3.16,3.165,3.16,3.16,14
2026-01-29 11:21:00,3.16,3.175,3.16,3.175,155
2026-01-29 11:22:00,3.175,3.18,3.165,3.165,238
2026-01-29 11:23:00,3.1614,3.165,3.1601,3.165,7
2026-01-29 11:24:00,3.17,3.17,3.17,3.17,4
2026-01-29 11:25:00,3.165,3.165,3.1615,3.165,7
2026-01-29 11:26:00,3.17,3.17,3.165,3.165,19
2026-01-29 11:27:00,3.16,3.165,3.15,3.155,67
2026-01-29 11:28:00,3.157,3.1586,3.15,3.15,16
2026-01-29 11:29:00,3.15,3.155,3.15,3.155,7
2026-01-29 11:30:00,3.155,3.155,3.15,3.15,6
2026-01-29 11:31:00,3.15,3.15,3.15,3.15,5
2026-01-29 11:32:00,3.15,3.155,3.15,3.155,16
2026-01-29 11:33:00,3.1537,3.16,3.1537,3.155,65
2026-01-29 11:34:00,3.155,3.155,3.15,3.15,6
2026-01-29 11:35:00,3.1501,3.1567,3.15,3.1515,26
2026-01-29 11:36:00,3.15,3.1501,3.15,3.15,21
2026-01-29 11:37:00,3.15,3.15,3.15,3.15,6
2026-01-29 11:38:00,3.15,3.155,3.15,3.15,11
2026-01-29 11:39:00,3.15,3.155,3.15,3.155,6
2026-01-29 11:40:00,3.155,3.155,3.155,3.155,1
2026-01-29 11:41:00,3.155,3.155,3.15,3.15,10
2026-01-29 11:42:00,3.155,3.165,3.1516,3.165,115
2026-01-29 11:43:00,3.165,3.165,3.16,3.16,9
2026-01-29 11:44:00,3.16,3.165,3.1575,3.165,79
2026-01-29 11:45:00,3.165,3.165,3.16,3.16,21
2026-01-29 11:46:00,3.165,3.165,3.165,3.165,12
2026-01-29 11:47:00,3.1699,3.1699,3.165,3.165,53
2026-01-29 11:48:00,3.1686,3.17,3.1686,3.17,3
2026-01-29 11:49:00,3.17,3.17,3.165,3.17,36
2026-01-29 11:50:00,3.165,3.17,3.165,3.17,68
2026-01-29 11:51:00,3.165,3.17,3.165,3.165,7
2026-01-29 11:52:00,3.165,3.17,3.16,3.165,10
2026-01-29 11:53:00,3.165,3.165,3.16,3.16,21
2026-01-29 11:54:00,3.165,3.165,3.16,3.165,54
2026-01-29 11:55:00,3.17,3.17,3.16,3.16,119
2026-01-29 11:56:00,3.16,3.165,3.16,3.165,14
2026-01-29 11:57:00,3.165,3.165,3.16,3.16,27
2026-01-29 11:58:00,3.17,3.175,3.16,3.175,93
2026-01-29 11:59:00,3.1747,3.1756,3.1747,3.175,10
2026-01-29 12:00:00,3.175,3.18,3.175,3.1786,5
2026-01-29 12:01:00,3.175,3.19,3.175,3.18,90
2026-01-29 12:02:00,3.1863,3.19,3.1801,3.19,19
2026-01-29 12:03:00,3.1899,3.1899,3.1899,3.1899,10
2026-01-29 12:04:00,3.1879,3.195,3.1879,3.195,166
2026-01-29 12:05:00,3.1999,3.1999,3.194,3.195,13
2026-01-29 12:06:00,3.195,3.195,3.195,3.195,8
2026-01-29 12:07:00,3.195,3.195,3.19,3.195,96
2026-01-29 12:08:00,3.195,3.195,3.195,3.195,4
2026-01-29 12:09:00,3.195,3.195,3.195,3.195,2
2026-01-29 12:10:00,3.1981,3.1981,3.195,3.195,6
2026-01-29 12:11:00,3.195,3.2,3.195,3.2,13
2026-01-29 12:12:00,3.195,3.195,3.195,3.195,15
2026-01-29 12:13:00,3.2,3.2,3.195,3.195,31
2026-01-29 12:14:00,3.195,3.195,3.18,3.185,220
2026-01-29 12:15:00,3.18,3.185,3.175,3.175,113
2026-01-29 12:16:00,3.18,3.18,3.175,3.175,214
2026-01-29 12:17:00,3.1701,3.18,3.17,3.1799,40
2026-01-29 12:18:00,3.1799,3.1799,3.1799,3.1799,0
2026-01-29 12:19:00,3.1725,3.185,3.1725,3.185,91
2026-01-29 12:20:00,3.185,3.185,3.185,3.185,0
2026-01-29 12:21:00,3.1812,3.185,3.1812,3.185,12
2026-01-29 12:22:00,3.185,3.185,3.185,3.185,9
2026-01-29 12:23:00,3.185,3.185,3.185,3.185,0
2026-01-29 12:24:00,3.19,3.19,3.185,3.185,11
2026-01-29 12:25:00,3.185,3.185,3.18,3.185,20
2026-01-29 12:26:00,3.18,3.185,3.18,3.18,8
2026-01-29 12:27:00,3.185,3.185,3.185,3.185,31
2026-01-29 12:28:00,3.185,3.185,3.185,3.185,0
2026-01-29 12:29:00,3.185,3.185,3.185,3.185,3
2026-01-29 12:30:00,3.1899,3.1899,3.185,3.185,125
2026-01-29 12:31:00,3.19,3.195,3.19,3.195,221
2026-01-29 12:32:00,3.195,3.2,3.195,3.2,173
2026-01-29 12:33:00,3.195,3.195,3.195,3.195,6
2026-01-29 12:34:00,3.195,3.195,3.19,3.19,6
2026-01-29 12:35:00,3.195,3.195,3.195,3.195,15
2026-01-29 12:36:00,3.195,3.195,3.17,3.185,530
2026-01-29 12:37:00,3.185,3.185,3.185,3.185,1
2026-01-29 12:38:00,3.185,3.185,3.185,3.185,11
2026-01-29 12:39:00,3.185,3.19,3.185,3.19,35
2026-01-29 12:40:00,3.185,3.1987,3.185,3.1987,163
2026-01-29 12:41:00,3.1987,3.1987,3.1987,3.1987,0
2026-01-29 12:42:00,3.1982,3.1982,3.195,3.195,60
2026-01-29 12:43:00,3.195,3.2,3.195,3.195,6
2026-01-29 12:44:00,3.1953,3.2,3.1953,3.2,3
2026-01-29 12:45:00,3.195,3.195,3.195,3.195,6
2026-01-29 12:46:00,3.195,3.1991,3.19,3.1977,49
2026-01-29 12:47:00,3.195,3.1999,3.195,3.195,15
2026-01-29 12:48:00,3.1902,3.195,3.1902,3.195,21
2026-01-29 12:49:00,3.195,3.195,3.195,3.195,21
2026-01-29 12:50:00,3.193,3.1955,3.19,3.195,49
2026-01-29 12:51:00,3.198,3.198,3.195,3.195,6
2026-01-29 12:52:00,3.1999,3.1999,3.1999,3.1999,5
2026-01-29 12:53:00,3.195,3.195,3.185,3.185,239
2026-01-29 12:54:00,3.185,3.185,3.185,3.185,0
2026-01-29 12:55:00,3.185,3.185,3.185,3.185,0
2026-01-29 12:56:00,3.185,3.185,3.185,3.185,4
2026-01-29 12:57:00,3.185,3.1899,3.185,3.1899,3
2026-01-29 12:58:00,3.1899,3.1899,3.1899,3.1899,0
2026-01-29 12:59:00,3.185,3.185,3.185,3.185,1
2026-01-29 13:00:00,3.1888,3.1888,3.185,3.185,10
2026-01-29 13:01:00,3.185,3.185,3.18,3.18,6
2026-01-29 13:02:00,3.1886,3.1886,3.1886,3.1886,5
2026-01-29 13:03:00,3.185,3.19,3.185,3.1886,19
2026-01-29 13:04:00,3.185,3.19,3.185,3.185,25
2026-01-29 13:05:00,3.1855,3.195,3.1855,3.195,135
2026-01-29 13:06:00,3.19,3.195,3.19,3.195,20
2026-01-29 13:07:00,3.1951,3.1951,3.1951,3.1951,3
2026-01-29 13:08:00,3.1951,3.1951,3.1951,3.1951,0
2026-01-29 13:09:00,3.19,3.19,3.185,3.19,67
2026-01-29 13:10:00,3.195,3.195,3.19,3.19,14
2026-01-29 13:11:00,3.19,3.19,3.19,3.19,0
2026-01-29 13:12:00,3.1985,3.1985,3.1985,3.1985,1
2026-01-29 13:13:00,3.1985,3.1985,3.1985,3.1985,0
2026-01-29 13:14:00,3.1985,3.1985,3.1985,3.1985,0
2026-01-29 13:15:00,3.195,3.195,3.195,3.195,2
2026-01-29 13:16:00,3.195,3.195,3.195,3.195,0
2026-01-29 13:17:00,3.1945,3.2,3.1945,3.2,16
2026-01-29 13:18:00,3.195,3.195,3.195,3.195,1
2026-01-29 13:19:00,3.1901,3.195,3.1901,3.195,11
2026-01-29 13:20:00,3.195,3.195,3.195,3.195,2
2026-01-29 13:21:00,3.1927,3.1927,3.1927,3.1927,1
2026-01-29 13:22:00,3.1927,3.1927,3.1927,3.1927,0
2026-01-29 13:23:00,3.195,3.195,3.195,3.195,5
2026-01-29 13:24:00,3.2,3.2,3.2,3.2,7
2026-01-29 13:25:00,3.195,3.195,3.19,3.19,18
2026-01-29 13:26:00,3.19,3.19,3.19,3.19,0
2026-01-29 13:27:00,3.1958,3.1958,3.1958,3.1958,10
2026-01-29 13:28:00,3.195,3.195,3.195,3.195,1
2026-01-29 13:29:00,3.195,3.195,3.195,3.195,4
2026-01-29 13:30:00,3.195,3.195,3.19,3.19,35
2026-01-29 13:31:00,3.195,3.195,3.195,3.195,8
2026-01-29 13:32:00,3.195,3.195,3.195,3.195,2
2026-01-29 13:33:00,3.195,3.195,3.1915,3.195,39
2026-01-29 13:34:00,3.195,3.195,3.195,3.195,1
2026-01-29 13:35:00,3.195,3.195,3.195,3.195,6
2026-01-29 13:36:00,3.195,3.205,3.185,3.185,915
2026-01-29 13:37:00,3.1899,3.1899,3.185,3.185,52
2026-01-29 13:38:00,3.185,3.185,3.1845,3.1845,5
2026-01-29 13:39:00,3.1814,3.1855,3.18,3.1855,4
2026-01-29 13:40:00,3.1855,3.1855,3.1855,3.1855,0
2026-01-29 13:41:00,3.1824,3.1824,3.1824,3.1824,27
2026-01-29 13:42:00,3.18,3.19,3.18,3.1898,3
2026-01-29 13:43:00,3.18,3.18,3.17,3.175,136
2026-01-29 13:44:00,3.175,3.175,3.175,3.175,8
2026-01-29 13:45:00,3.1786,3.1786,3.175,3.175,8
2026-01-29 13:46:00,3.17,3.175,3.17,3.175,4
2026-01-29 13:47:00,3.175,3.175,3.175,3.175,1
2026-01-29 13:48:00,3.175,3.175,3.17,3.175,32
2026-01-29 13:49:00,3.175,3.175,3.175,3.175,39
2026-01-29 13:50:00,3.175,3.175,3.175,3.175,0
2026-01-29 13:51:00,3.1758,3.1758,3.1758,3.1758,5
2026-01-29 13:52:00,3.1788,3.1788,3.1788,3.1788,2
2026-01-29 13:53:00,3.1788,3.1788,3.1788,3.1788,0
2026-01-29 13:54:00,3.1788,3.1788,3.1788,3.1788,0
2026-01-29 13:55:00,3.175,3.175,3.175,3.175,8
2026-01-29 13:56:00,3.1785,3.1785,3.175,3.175,15
2026-01-29 13:57:00,3.1768,3.1768,3.1768,3.1768,1
2026-01-29 13:58:00,3.1706,3.175,3.1706,3.175,19
2026-01-29 13:59:00,3.175,3.175,3.17,3.17,40
2026-01-29 14:00:00,3.17,3.17,3.16,3.1616,50
2026-01-29 14:01:00,3.162,3.165,3.162,3.162,55
2026-01-29 14:02:00,3.165,3.165,3.16,3.165,42
2026-01-29 14:03:00,3.165,3.165,3.165,3.165,65
2026-01-29 14:04:00,3.165,3.165,3.1637,3.1637,6
2026-01-29 14:05:00,3.165,3.165,3.16,3.16,7
2026-01-29 14:06:00,3.165,3.1687,3.165,3.165,5
2026-01-29 14:07:00,3.165,3.165,3.165,3.165,12
2026-01-29 14:08:00,3.1679,3.1785,3.1679,3.175,77
2026-01-29 14:09:00,3.175,3.1799,3.175,3.175,6
2026-01-29 14:10:00,3.175,3.1766,3.175,3.175,14
2026-01-29 14:11:00,3.17,3.175,3.17,3.175,11
2026-01-29 14:12:00,3.175,3.175,3.175,3.175,5
2026-01-29 14:13:00,3.18,3.19,3.18,3.19,48
2026-01-29 14:14:00,3.185,3.185,3.175,3.175,46
2026-01-29 14:15:00,3.175,3.175,3.175,3.175,3
2026-01-29 14:16:00,3.175,3.175,3.175,3.175,8
2026-01-29 14:17:00,3.175,3.175,3.175,3.175,3
2026-01-29 14:18:00,3.175,3.175,3.175,3.175,10
2026-01-29 14:19:00,3.1777,3.1777,3.175,3.175,9
2026-01-29 14:20:00,3.175,3.175,3.175,3.175,2
2026-01-29 14:21:00,3.175,3.18,3.175,3.18,42
2026-01-29 14:22:00,3.18,3.18,3.18,3.18,0
2026-01-29 14:23:00,3.18,3.18,3.18,3.18,0
2026-01-29 14:24:00,3.1859,3.1859,3.1859,3.1859,1
2026-01-29 14:25:00,3.185,3.185,3.185,3.185,17
2026-01-29 14:26:00,3.185,3.185,3.185,3.185,0
2026-01-29 14:27:00,3.185,3.185,3.1801,3.1801,12
2026-01-29 14:28:00,3.18,3.185,3.18,3.185,8
2026-01-29 14:29:00,3.185,3.185,3.185,3.185,0
2026-01-29 14:30:00,3.185,3.185,3.18,3.18,35
2026-01-29 14:31:00,3.18,3.18,3.18,3.18,5
2026-01-29 14:32:00,3.18,3.18,3.18,3.18,15
2026-01-29 14:33:00,3.18,3.18,3.18,3.18,2
2026-01-29 14:34:00,3.185,3.1988,3.185,3.195,334
2026-01-29 14:35:00,3.2,3.21,3.2,3.205,263
2026-01-29 14:36:00,3.205,3.205,3.2,3.205,264
2026-01-29 14:37:00,3.205,3.205,3.205,3.205,1
2026-01-29 14:38:00,3.2067,3.2097,3.205,3.205,11
2026-01-29 14:39:00,3.205,3.205,3.205,3.205,0
2026-01-29 14:40:00,3.205,3.205,3.205,3.205,33
2026-01-29 14:41:00,3.205,3.205,3.205,3.205,0
2026-01-29 14:42:00,3.2,3.205,3.2,3.205,2
2026-01-29 14:43:00,3.205,3.205,3.205,3.205,0
2026-01-29 14:44:00,3.205,3.205,3.205,3.205,3
2026-01-29 14:45:00,3.205,3.205,3.205,3.205,0
2026-01-29 14:46:00,3.205,3.205,3.205,3.205,0
2026-01-29 14:47:00,3.205,3.205,3.205,3.205,2
2026-01-29 14:48:00,3.205,3.205,3.205,3.205,0
2026-01-29 14:49:00,3.205,3.205,3.205,3.205,0
2026-01-29 14:50:00,3.205,3.2086,3.195,3.195,150
2026-01-29 14:51:00,3.195,3.195,3.195,3.195,1
2026-01-29 14:52:00,3.195,3.195,3.195,3.195,0
2026-01-29 14:53:00,3.195,3.1999,3.19,3.19,5
2026-01-29 14:54:00,3.195,3.195,3.195,3.195,5
2026-01-29 14:55:00,3.195,3.195,3.195,3.195,1
2026-01-29 14:56:00,3.195,3.195,3.19,3.195,15
2026-01-29 14:57:00,3.19,3.19,3.19,3.19,1
2026-01-29 14:58:00,3.19,3.19,3.19,3.19,0
2026-01-29 14:59:00,3.195,3.195,3.185,3.185,63
2026-01-29 15:00:00,3.19,3.195,3.185,3.195,40
2026-01-29 15:01:00,3.195,3.195,3.195,3.195,5
2026-01-29 15:02:00,3.195,3.195,3.195,3.195,0
2026-01-29 15:03:00,3.195,3.195,3.195,3.195,0
2026-01-29 15:04:00,3.195,3.195,3.195,3.195,38
2026-01-29 15:05:00,3.195,3.2,3.195,3.1952,97
2026-01-29 15:06:00,3.195,3.2,3.195,3.2,6
2026-01-29 15:07:00,3.195,3.195,3.195,3.195,5
2026-01-29 15:08:00,3.19,3.205,3.19,3.2,329
2026-01-29 15:09:00,3.2,3.205,3.2,3.2,8
2026-01-29 15:10:00,3.2,3.205,3.2,3.205,234
2026-01-29 15:11:00,3.2001,3.205,3.2001,3.205,375
2026-01-29 15:12:00,3.205,3.205,3.2,3.205,101
2026-01-29 15:13:00,3.205,3.205,3.205,3.205,218
2026-01-29 15:14:00,3.205,3.205,3.205,3.205,11
2026-01-29 15:15:00,3.205,3.205,3.195,3.195,138
2026-01-29 15:16:00,3.195,3.195,3.195,3.195,7
2026-01-29 15:17:00,3.2,3.2,3.195,3.195,41
2026-01-29 15:18:00,3.195,3.195,3.195,3.195,0
2026-01-29 15:19:00,3.195,3.195,3.195,3.195,21
2026-01-29 15:20:00,3.195,3.195,3.195,3.195,13
2026-01-29 15:21:00,3.1951,3.2,3.19,3.2,12
2026-01-29 15:22:00,3.195,3.2,3.195,3.2,19
2026-01-29 15:23:00,3.195,3.2,3.195,3.2,23
2026-01-29 15:24:00,3.195,3.195,3.195,3.195,8
2026-01-29 15:25:00,3.195,3.195,3.195,3.195,49
2026-01-29 15:26:00,3.195,3.2,3.19,3.195,185
2026-01-29 15:27:00,3.195,3.195,3.195,3.195,15
2026-01-29 15:28:00,3.195,3.195,3.19,3.195,20
2026-01-29 15:29:00,3.195,3.195,3.19,3.195,55
2026-01-29 15:30:00,3.195,3.2,3.195,3.195,12
2026-01-29 15:31:00,3.195,3.2,3.195,3.195,26
2026-01-29 15:32:00,3.2,3.2,3.195,3.195,19
2026-01-29 15:33:00,3.195,3.195,3.195,3.195,16
2026-01-29 15:34:00,3.2,3.2,3.19,3.195,186
2026-01-29 15:35:00,3.2,3.2,3.2,3.2,13
2026-01-29 15:36:00,3.1975,3.2,3.1975,3.2,10
2026-01-29 15:37:00,3.2,3.2,3.17,3.195,983
2026-01-29 15:38:00,3.195,3.195,3.18,3.185,125
2026-01-29 15:39:00,3.185,3.185,3.185,3.185,3
2026-01-29 15:40:00,3.19,3.19,3.185,3.19,7
2026-01-29 15:41:00,3.19,3.19,3.1825,3.19,59
2026-01-29 15:42:00,3.185,3.195,3.185,3.195,83
2026-01-29 15:43:00,3.195,3.1951,3.19,3.19,69
2026-01-29 15:44:00,3.195,3.195,3.19,3.195,38
2026-01-29 15:45:00,3.195,3.195,3.185,3.185,120
2026-01-29 15:46:00,3.185,3.185,3.185,3.185,126
2026-01-29 15:47:00,3.185,3.1855,3.1826,3.185,139
2026-01-29 15:48:00,3.185,3.185,3.18,3.185,26
2026-01-29 15:49:00,3.18,3.18,3.175,3.179,154
2026-01-29 15:50:00,3.175,3.185,3.175,3.185,253
2026-01-29 15:51:00,3.18,3.18,3.17,3.175,306
2026-01-29 15:52:00,3.175,3.175,3.175,3.175,6
2026-01-29 15:53:00,3.175,3.175,3.175,3.175,17
2026-01-29 15:54:00,3.175,3.18,3.1743,3.1743,60
2026-01-29 15:55:00,3.175,3.175,3.17,3.1727,46
2026-01-29 15:56:00,3.175,3.175,3.17,3.175,41
2026-01-29 15:57:00,3.175,3.18,3.17,3.18,33
2026-01-29 15:58:00,3.1755,3.18,3.175,3.18,137
2026-01-29 15:59:00,3.18,3.18,3.16,3.16,1106
2026-01-30 09:30:00,3.16,3.18,3.16,3.17,697
2026-01-30 09:31:00,3.17,3.17,3.17,3.17,14
2026-01-30 09:32:00,3.1613,3.17,3.1613,3.17,187
2026-01-30 09:33:00,3.18,3.2,3.18,3.2,32
2026-01-30 09:34:00,3.19,3.2,3.19,3.19,94
2026-01-30 09:35:00,3.195,3.195,3.19,3.19,14
2026-01-30 09:36:00,3.19,3.19,3.18,3.185,184
2026-01-30 09:37:00,3.18,3.185,3.17,3.17,99
2026-01-30 09:38:00,3.17,3.1793,3.17,3.1793,20
2026-01-30 09:39:00,3.17,3.1799,3.17,3.17,10
2026-01-30 09:40:00,3.17,3.18,3.17,3.18,73
2026-01-30 09:41:00,3.1873,3.19,3.1873,3.19,43
2026-01-30 09:42:00,3.1988,3.205,3.175,3.18,711
2026-01-30 09:43:00,3.1792,3.1792,3.1792,3.1792,2
2026-01-30 09:44:00,3.1701,3.175,3.1701,3.175,33
2026-01-30 09:45:00,3.175,3.1799,3.175,3.175,8
2026-01-30 09:46:00,3.1752,3.1752,3.1614,3.1614,23
2026-01-30 09:47:00,3.165,3.175,3.165,3.175,96
2026-01-30 09:48:00,3.175,3.175,3.175,3.175,0
2026-01-30 09:49:00,3.175,3.175,3.17,3.17,46
2026-01-30 09:50:00,3.1614,3.165,3.14,3.14,597
2026-01-30 09:51:00,3.145,3.1493,3.145,3.1493,16
2026-01-30 09:52:00,3.15,3.15,3.14,3.1485,14
2026-01-30 09:53:00,3.14,3.14,3.13,3.135,54
2026-01-30 09:54:00,3.135,3.135,3.13,3.13,248
2026-01-30 09:55:00,3.13,3.14,3.13,3.135,62
2026-01-30 09:56:00,3.13,3.1331,3.13,3.13,10
2026-01-30 09:57:00,3.13,3.13,3.12,3.1299,21
2026-01-30 09:58:00,3.12,3.125,3.11,3.11,81
2026-01-30 09:59:00,3.115,3.1151,3.11,3.11,18
2026-01-30 10:00:00,3.115,3.115,3.1,3.1,192
2026-01-30 10:01:00,3.105,3.125,3.105,3.125,178
2026-01-30 10:02:00,3.125,3.125,3.125,3.125,3
2026-01-30 10:03:00,3.1214,3.1299,3.1214,3.125,32
2026-01-30 10:04:00,3.125,3.1267,3.12,3.125,43
2026-01-30 10:05:00,3.125,3.14,3.125,3.135,25
2026-01-30 10:06:00,3.1397,3.15,3.135,3.15,53
2026-01-30 10:07:00,3.155,3.155,3.145,3.1499,48
2026-01-30 10:08:00,3.145,3.1458,3.145,3.145,13
2026-01-30 10:09:00,3.145,3.155,3.145,3.155,106
2026-01-30 10:10:00,3.16,3.16,3.155,3.155,13
2026-01-30 10:11:00,3.155,3.1566,3.15,3.15,22
2026-01-30 10:12:00,3.15,3.15,3.145,3.148,37
2026-01-30 10:13:00,3.145,3.145,3.145,3.145,4
2026-01-30 10:14:00,3.145,3.145,3.14,3.14,3
2026-01-30 10:15:00,3.14,3.165,3.14,3.16,119
2026-01-30 10:16:00,3.16,3.1688,3.16,3.165,70
2026-01-30 10:17:00,3.165,3.165,3.16,3.165,33
2026-01-30 10:18:00,3.1601,3.17,3.16,3.16,17
2026-01-30 10:19:00,3.1658,3.1658,3.16,3.16,13
2026-01-30 10:20:00,3.16,3.165,3.16,3.16,8
2026-01-30 10:21:00,3.16,3.165,3.16,3.16,179
2026-01-30 10:22:00,3.16,3.1685,3.16,3.16,5
2026-01-30 10:23:00,3.16,3.165,3.16,3.165,21
2026-01-30 10:24:00,3.16,3.16,3.16,3.16,5
2026-01-30 10:25:00,3.16,3.165,3.16,3.1645,399
2026-01-30 10:26:00,3.16,3.165,3.16,3.16,18
2026-01-30 10:27:00,3.16,3.165,3.16,3.165,10
2026-01-30 10:28:00,3.16,3.165,3.16,3.16,11
2026-01-30 10:29:00,3.16,3.16,3.16,3.16,12
2026-01-30 10:30:00,3.165,3.165,3.135,3.135,808
2026-01-30 10:31:00,3.13,3.135,3.13,3.135,15
2026-01-30 10:32:00,3.135,3.145,3.135,3.1401,120
2026-01-30 10:33:00,3.145,3.145,3.145,3.145,1
2026-01-30 10:34:00,3.145,3.145,3.145,3.145,12
2026-01-30 10:35:00,3.145,3.15,3.14,3.1499,43
2026-01-30 10:36:00,3.15,3.15,3.145,3.1497,10
2026-01-30 10:37:00,3.145,3.16,3.145,3.15,109
2026-01-30 10:38:00,3.15,3.15,3.15,3.15,0
2026-01-30 10:39:00,3.155,3.16,3.155,3.1587,258
2026-01-30 10:40:00,3.16,3.175,3.16,3.175,142
2026-01-30 10:41:00,3.1701,3.175,3.17,3.175,35
2026-01-30 10:42:00,3.179,3.179,3.175,3.1758,18
2026-01-30 10:43:00,3.1765,3.1765,3.1701,3.1701,23
2026-01-30 10:44:00,3.17,3.175,3.17,3.175,3
2026-01-30 10:45:00,3.175,3.175,3.17,3.17,7
2026-01-30 10:46:00,3.175,3.175,3.17,3.175,9
2026-01-30 10:47:00,3.18,3.18,3.1731,3.175,24
2026-01-30 10:48:00,3.175,3.175,3.17,3.17,8
2026-01-30 10:49:00,3.17,3.175,3.17,3.175,19
2026-01-30 10:50:00,3.17,3.175,3.17,3.17,35
2026-01-30 10:51:00,3.17,3.1758,3.17,3.17,9
2026-01-30 10:52:00,3.17,3.17,3.17,3.17,7
2026-01-30 10:53:00,3.17,3.175,3.17,3.17,58
2026-01-30 10:54:00,3.17,3.175,3.17,3.17,7
2026-01-30 10:55:00,3.17,3.17,3.165,3.165,35
2026-01-30 10:56:00,3.165,3.165,3.14,3.14,141
2026-01-30 10:57:00,3.145,3.15,3.14,3.14,28
2026-01-30 10:58:00,3.145,3.145,3.14,3.14,7
2026-01-30 10:59:00,3.14,3.145,3.14,3.145,5
2026-01-30 11:00:00,3.14,3.145,3.14,3.14,9
2026-01-30 11:01:00,3.145,3.145,3.145,3.145,24
2026-01-30 11:02:00,3.14,3.145,3.14,3.14,5
2026-01-30 11:03:00,3.145,3.145,3.145,3.145,3
2026-01-30 11:04:00,3.145,3.145,3.14,3.145,351
2026-01-30 11:05:00,3.145,3.145,3.135,3.14,123
2026-01-30 11:06:00,3.135,3.135,3.135,3.135,10
2026-01-30 11:07:00,3.135,3.145,3.1301,3.135,195
2026-01-30 11:08:00,3.135,3.135,3.13,3.1316,3
2026-01-30 11:09:00,3.13,3.13,3.12,3.12,101
2026-01-30 11:10:00,3.12,3.125,3.12,3.12,5
2026-01-30 11:11:00,3.123,3.1299,3.12,3.1287,227
2026-01-30 11:12:00,3.12,3.12,3.115,3.115,134
2026-01-30 11:13:00,3.11,3.115,3.11,3.115,12
2026-01-30 11:14:00,3.115,3.115,3.115,3.115,5
2026-01-30 11:15:00,3.11,3.12,3.11,3.12,6
2026-01-30 11:16:00,3.1101,3.1164,3.1101,3.115,25
2026-01-30 11:17:00,3.12,3.12,3.11,3.115,25
2026-01-30 11:18:00,3.115,3.115,3.11,3.115,12
2026-01-30 11:19:00,3.115,3.115,3.11,3.11,20
2026-01-30 11:20:00,3.1116,3.1187,3.11,3.115,90
2026-01-30 11:21:00,3.115,3.115,3.1,3.1046,47
2026-01-30 11:22:00,3.1,3.11,3.1,3.105,164
2026-01-30 11:23:00,3.105,3.115,3.105,3.115,165
2026-01-30 11:24:00,3.119,3.13,3.119,3.125,81
2026-01-30 11:25:00,3.1284,3.13,3.125,3.13,133
2026-01-30 11:26:00,3.13,3.135,3.13,3.135,44
2026-01-30 11:27:00,3.135,3.14,3.135,3.14,8
2026-01-30 11:28:00,3.135,3.1387,3.135,3.135,12
2026-01-30 11:29:00,3.13,3.135,3.13,3.135,2
2026-01-30 11:30:00,3.14,3.15,3.13,3.1401,296
2026-01-30 11:31:00,3.14,3.14,3.14,3.14,17
2026-01-30 11:32:00,3.135,3.14,3.135,3.135,25
2026-01-30 11:33:00,3.14,3.155,3.1399,3.15,297
2026-01-30 11:34:00,3.15,3.155,3.15,3.155,7
2026-01-30 11:35:00,3.155,3.155,3.155,3.155,0
2026-01-30 11:36:00,3.15,3.155,3.15,3.1516,39
2026-01-30 11:37:00,3.15,3.155,3.15,3.155,112
2026-01-30 11:38:00,3.15,3.1501,3.15,3.15,23
2026-01-30 11:39:00,3.15,3.155,3.15,3.15,45
2026-01-30 11:40:00,3.15,3.15,3.14,3.145,467
2026-01-30 11:41:00,3.1432,3.145,3.1432,3.145,16
2026-01-30 11:42:00,3.14,3.145,3.14,3.145,5
2026-01-30 11:43:00,3.145,3.145,3.145,3.145,20
2026-01-30 11:44:00,3.145,3.145,3.145,3.145,15
2026-01-30 11:45:00,3.145,3.145,3.14,3.145,11
2026-01-30 11:46:00,3.14,3.145,3.14,3.145,3
2026-01-30 11:47:00,3.145,3.145,3.1401,3.145,128
2026-01-30 11:48:00,3.14,3.145,3.14,3.145,13
2026-01-30 11:49:00,3.145,3.145,3.14,3.14,66
2026-01-30 11:50:00,3.1486,3.1486,3.14,3.14,17
2026-01-30 11:51:00,3.14,3.1491,3.14,3.145,13
2026-01-30 11:52:00,3.14,3.145,3.14,3.145,21
2026-01-30 11:53:00,3.14,3.14,3.14,3.14,6
2026-01-30 11:54:00,3.14,3.1455,3.14,3.14,10
2026-01-30 11:55:00,3.14,3.145,3.14,3.145,7
2026-01-30 11:56:00,3.14,3.145,3.14,3.145,11
2026-01-30 11:57:00,3.145,3.145,3.14,3.14,107
2026-01-30 11:58:00,3.14,3.145,3.14,3.14,63
2026-01-30 11:59:00,3.14,3.14,3.14,3.14,10
2026-01-30 12:00:00,3.14,3.1408,3.14,3.14,11
2026-01-30 12:01:00,3.14,3.145,3.14,3.14,14
2026-01-30 12:02:00,3.145,3.145,3.14,3.14,15
2026-01-30 12:03:00,3.145,3.145,3.14,3.14,31
2026-01-30 12:04:00,3.14,3.145,3.14,3.14,51
2026-01-30 12:05:00,3.14,3.1483,3.14,3.145,23
2026-01-30 12:06:00,3.14,3.14,3.135,3.135,31
2026-01-30 12:07:00,3.135,3.135,3.13,3.13,4
2026-01-30 12:08:00,3.135,3.138,3.13,3.135,53
2026-01-30 12:09:00,3.135,3.15,3.135,3.145,147
2026-01-30 12:10:00,3.145,3.145,3.145,3.145,0
2026-01-30 12:11:00,3.14,3.145,3.14,3.145,2
2026-01-30 12:12:00,3.145,3.1493,3.145,3.145,17
2026-01-30 12:13:00,3.1452,3.1452,3.14,3.14,25
2026-01-30 12:14:00,3.145,3.145,3.14,3.14,25
2026-01-30 12:15:00,3.145,3.145,3.14,3.14,2
2026-01-30 12:16:00,3.145,3.145,3.145,3.145,1
2026-01-30 12:17:00,3.14,3.145,3.14,3.145,2
2026-01-30 12:18:00,3.145,3.145,3.145,3.145,14
2026-01-30 12:19:00,3.14,3.145,3.14,3.145,7
2026-01-30 12:20:00,3.145,3.1499,3.145,3.145,22
2026-01-30 12:21:00,3.14,3.15,3.14,3.14,28
2026-01-30 12:22:00,3.145,3.155,3.1413,3.1413,157
2026-01-30 12:23:00,3.145,3.145,3.14,3.145,57
2026-01-30 12:24:00,3.145,3.145,3.145,3.145,0
2026-01-30 12:25:00,3.15,3.15,3.145,3.145,89
2026-01-30 12:26:00,3.1498,3.1498,3.1498,3.1498,15
2026-01-30 12:27:00,3.1498,3.1498,3.1498,3.1498,0
2026-01-30 12:28:00,3.145,3.155,3.145,3.15,80
2026-01-30 12:29:00,3.15,3.15,3.15,3.15,0
2026-01-30 12:30:00,3.145,3.145,3.145,3.145,1
2026-01-30 12:31:00,3.145,3.145,3.145,3.145,0
2026-01-30 12:32:00,3.145,3.145,3.145,3.145,3
2026-01-30 12:33:00,3.1402,3.145,3.1402,3.145,15
2026-01-30 12:34:00,3.145,3.145,3.14,3.145,14
2026-01-30 12:35:00,3.145,3.145,3.1315,3.1315,53
2026-01-30 12:36:00,3.14,3.145,3.135,3.135,255
2026-01-30 12:37:00,3.14,3.14,3.14,3.14,4
2026-01-30 12:38:00,3.14,3.14,3.135,3.135,12
2026-01-30 12:39:00,3.135,3.1396,3.135,3.1396,53
2026-01-30 12:40:00,3.14,3.14,3.135,3.135,13
2026-01-30 12:41:00,3.1315,3.1361,3.1315,3.1361,11
2026-01-30 12:42:00,3.14,3.14,3.135,3.135,31
2026-01-30 12:43:00,3.13,3.135,3.13,3.13,29
2026-01-30 12:44:00,3.13,3.135,3.13,3.135,36
2026-01-30 12:45:00,3.13,3.13,3.12,3.12,69
2026-01-30 12:46:00,3.12,3.13,3.11,3.11,77
2026-01-30 12:47:00,3.115,3.115,3.11,3.115,9
2026-01-30 12:48:00,3.115,3.115,3.115,3.115,20
2026-01-30 12:49:00,3.1167,3.1167,3.11,3.1155,14
2026-01-30 12:50:00,3.115,3.12,3.11,3.11,26
2026-01-30 12:51:00,3.11,3.115,3.11,3.11,4
2026-01-30 12:52:00,3.115,3.1187,3.11,3.115,6
2026-01-30 12:53:00,3.1101,3.1101,3.1101,3.1101,60
2026-01-30 12:54:00,3.115,3.115,3.11,3.11,10
2026-01-30 12:55:00,3.12,3.12,3.11,3.11,5
2026-01-30 12:56:00,3.11,3.115,3.1,3.1,490
2026-01-30 12:57:00,3.1,3.105,3.1,3.105,4
2026-01-30 12:58:00,3.1,3.1,3.09,3.0955,407
2026-01-30 12:59:00,3.09,3.1,3.09,3.09,165
2026-01-30 13:00:00,3.09,3.09,3.0841,3.085,124
2026-01-30 13:01:00,3.08,3.0887,3.08,3.08,6
2026-01-30 13:02:00,3.08,3.08,3.04,3.05,867
2026-01-30 13:03:00,3.045,3.045,3.02,3.035,523
2026-01-30 13:04:00,3.035,3.0383,3.03,3.03,21
2026-01-30 13:05:00,3.03,3.04,3.03,3.03,20
2026-01-30 13:06:00,3.04,3.04,3.03,3.03,14
2026-01-30 13:07:00,3.035,3.04,3.03,3.04,381
2026-01-30 13:08:00,3.04,3.05,3.01,3.01,1006
2026-01-30 13:09:00,3.01,3.0155,3.005,3.015,407
2026-01-30 13:10:00,3.015,3.025,3.0145,3.025,395
2026-01-30 13:11:00,3.025,3.0286,3.02,3.0285,148
2026-01-30 13:12:00,3.025,3.0297,3.02,3.025,43
2026-01-30 13:13:00,3.025,3.04,3.025,3.04,348
2026-01-30 13:14:00,3.035,3.04,3.035,3.035,50
2026-01-30 13:15:00,3.035,3.035,3.03,3.03,208
2026-01-30 13:16:00,3.0288,3.0288,3.02,3.02,6
2026-01-30 13:17:00,3.02,3.025,3.01,3.02,198
2026-01-30 13:18:00,3.0201,3.0245,3.02,3.02,114
2026-01-30 13:19:00,3.02,3.03,3.02,3.025,120
2026-01-30 13:20:00,3.02,3.0201,3.01,3.015,541
2026-01-30 13:21:00,3.01,3.02,3.01,3.015,25
2026-01-30 13:22:00,3.01,3.025,3.01,3.015,393
2026-01-30 13:23:00,3.015,3.02,3.0133,3.0185,46
2026-01-30 13:24:00,3.019,3.019,3.015,3.015,19
2026-01-30 13:25:00,3.015,3.025,3.015,3.025,92
2026-01-30 13:26:00,3.0201,3.0201,3.0201,3.0201,20
2026-01-30 13:27:00,3.03,3.03,3.025,3.025,68
2026-01-30 13:28:00,3.0206,3.0206,3.0201,3.0201,24
2026-01-30 13:29:00,3.02,3.02,3.01,3.02,360
2026-01-30 13:30:00,3.0285,3.03,3.025,3.025,6
2026-01-30 13:31:00,3.03,3.03,3.025,3.025,86
2026-01-30 13:32:00,3.03,3.03,3.0275,3.0275,21
2026-01-30 13:33:00,3.0215,3.0285,3.02,3.02,17
2026-01-30 13:34:00,3.0215,3.025,3.0101,3.0101,95
2026-01-30 13:35:00,3.015,3.0187,3.01,3.01,11
2026-01-30 13:36:00,3.015,3.0299,3.015,3.025,239
2026-01-30 13:37:00,3.0299,3.0299,3.0299,3.0299,16
2026-01-30 13:38:00,3.02,3.02,3.02,3.02,2
2026-01-30 13:39:00,3.025,3.025,3.025,3.025,2
2026-01-30 13:40:00,3.0213,3.0258,3.02,3.02,50
2026-01-30 13:41:00,3.025,3.0299,3.02,3.0288,13
2026-01-30 13:42:00,3.0285,3.0285,3.025,3.025,14
2026-01-30 13:43:00,3.02,3.025,3.02,3.025,17
2026-01-30 13:44:00,3.025,3.025,3.02,3.0214,6
2026-01-30 13:45:00,3.03,3.03,3.02,3.02,95
2026-01-30 13:46:00,3.02,3.025,3.02,3.02,18
2026-01-30 13:47:00,3.02,3.025,3.01,3.02,548
2026-01-30 13:48:00,3.02,3.025,3.02,3.02,11
2026-01-30 13:49:00,3.02,3.025,3.02,3.025,100
2026-01-30 13:50:00,3.02,3.035,3.02,3.035,112
2026-01-30 13:51:00,3.035,3.035,3.035,3.035,15
2026-01-30 13:52:00,3.035,3.035,3.031,3.031,21
2026-01-30 13:53:00,3.0312,3.04,3.0312,3.035,164
2026-01-30 13:54:00,3.035,3.035,3.035,3.035,1
2026-01-30 13:55:00,3.035,3.035,3.035,3.035,29
2026-01-30 13:56:00,3.035,3.035,3.035,3.035,4
2026-01-30 13:57:00,3.0306,3.0398,3.0306,3.0398,32
2026-01-30 13:58:00,3.035,3.045,3.035,3.045,55
2026-01-30 13:59:00,3.045,3.045,3.035,3.035,9
2026-01-30 14:00:00,3.035,3.045,3.035,3.035,93
2026-01-30 14:01:00,3.035,3.035,3.0301,3.0301,29
2026-01-30 14:02:00,3.0399,3.0399,3.0215,3.0215,60
2026-01-30 14:03:00,3.02,3.0264,3.02,3.025,8
2026-01-30 14:04:00,3.025,3.025,3.02,3.0245,10
2026-01-30 14:05:00,3.02,3.03,3.02,3.025,160
2026-01-30 14:06:00,3.03,3.03,3.02,3.02,54
2026-01-30 14:07:00,3.03,3.03,3.02,3.03,9
2026-01-30 14:08:00,3.03,3.03,3.02,3.025,20
2026-01-30 14:09:00,3.025,3.025,3.02,3.025,13
2026-01-30 14:10:00,3.02,3.035,3.02,3.035,211
2026-01-30 14:11:00,3.035,3.04,3.035,3.0363,63
2026-01-30 14:12:00,3.035,3.04,3.035,3.04,6
2026-01-30 14:13:00,3.035,3.035,3.03,3.03,102
2026-01-30 14:14:00,3.0291,3.03,3.025,3.025,23
2026-01-30 14:15:00,3.025,3.025,3.02,3.025,7
2026-01-30 14:16:00,3.0285,3.0285,3.01,3.015,416
2026-01-30 14:17:00,3.015,3.02,3.01,3.01,79
2026-01-30 14:18:00,3.0101,3.02,3.01,3.015,192
2026-01-30 14:19:00,3.015,3.0182,3.015,3.015,66
2026-01-30 14:20:00,3.015,3.02,3.01,3.01,201
2026-01-30 14:21:00,3.0116,3.02,3.01,3.01,80
2026-01-30 14:22:00,3.02,3.025,3.02,3.025,294
2026-01-30 14:23:00,3.02,3.02,3.015,3.015,47
2026-01-30 14:24:00,3.015,3.02,3.015,3.015,31
2026-01-30 14:25:00,3.0185,3.02,3.01,3.015,111
2026-01-30 14:26:00,3.015,3.015,3.015,3.015,0
2026-01-30 14:27:00,3.015,3.025,3.015,3.025,123
2026-01-30 14:28:00,3.025,3.03,3.025,3.025,9
2026-01-30 14:29:00,3.02,3.0299,3.0114,3.0197,123
2026-01-30 14:30:00,3.015,3.015,3.0,3.0012,328
2026-01-30 14:31:00,3.0,3.02,3.0,3.015,871
2026-01-30 14:32:00,3.0107,3.02,3.0107,3.015,52
2026-01-30 14:33:00,3.015,3.015,3.015,3.015,16
2026-01-30 14:34:00,3.018,3.018,3.018,3.018,1
2026-01-30 14:35:00,3.015,3.02,3.015,3.0198,27
2026-01-30 14:36:00,3.015,3.02,3.0101,3.015,269
2026-01-30 14:37:00,3.015,3.015,3.015,3.015,3
2026-01-30 14:38:00,3.015,3.015,3.01,3.0111,19
2026-01-30 14:39:00,3.015,3.015,3.015,3.015,19
2026-01-30 14:40:00,3.015,3.015,3.015,3.015,39
2026-01-30 14:41:00,3.015,3.025,3.01,3.015,902
2026-01-30 14:42:00,3.015,3.03,3.015,3.02,227
2026-01-30 14:43:00,3.03,3.03,3.03,3.03,1
2026-01-30 14:44:00,3.025,3.03,3.025,3.03,22
2026-01-30 14:45:00,3.025,3.025,3.0242,3.0242,9
2026-01-30 14:46:00,3.025,3.025,3.015,3.015,74
2026-01-30 14:47:00,3.01,3.0155,3.01,3.0155,19
2026-01-30 14:48:00,3.015,3.015,3.01,3.01,75
2026-01-30 14:49:00,3.01,3.016,3.0,3.0088,218
2026-01-30 14:50:00,3.0,3.01,2.99,2.99,1167
2026-01-30 14:51:00,2.9984,2.9984,2.99,2.995,73
2026-01-30 14:52:00,2.995,2.995,2.98,2.985,380
2026-01-30 14:53:00,2.99,2.99,2.9815,2.985,186
2026-01-30 14:54:00,2.99,2.99,2.98,2.985,83
2026-01-30 14:55:00,2.985,2.99,2.985,2.985,24
2026-01-30 14:56:00,2.985,2.985,2.98,2.985,46
2026-01-30 14:57:00,2.98,2.99,2.98,2.98,98
2026-01-30 14:58:00,2.98,2.985,2.98,2.98,15
2026-01-30 14:59:00,2.98,2.99,2.97,2.975,691
2026-01-30 15:00:00,2.975,2.9799,2.97,2.97,47
2026-01-30 15:01:00,2.97,2.975,2.97,2.975,112
2026-01-30 15:02:00,2.9715,2.975,2.965,2.965,124
2026-01-30 15:03:00,2.965,2.98,2.9612,2.975,177
2026-01-30 15:04:00,2.975,2.98,2.9613,2.975,319
2026-01-30 15:05:00,2.9775,2.98,2.97,2.975,62
2026-01-30 15:06:00,2.975,3.0,2.975,2.985,225
2026-01-30 15:07:00,2.98,2.985,2.975,2.975,60
2026-01-30 15:08:00,2.975,2.985,2.975,2.985,92
2026-01-30 15:09:00,2.985,2.985,2.98,2.985,7
2026-01-30 15:10:00,2.9857,2.99,2.98,2.985,158
2026-01-30 15:11:00,2.9887,2.9887,2.975,2.975,36
2026-01-30 15:12:00,2.97,2.9799,2.97,2.97,24
2026-01-30 15:13:00,2.97,2.975,2.965,2.975,195
2026-01-30 15:14:00,2.97,2.98,2.97,2.97,102
2026-01-30 15:15:00,2.98,2.98,2.97,2.97,28
2026-01-30 15:16:00,2.97,2.98,2.95,2.95,521
2026-01-30 15:17:00,2.95,2.9586,2.95,2.95,29
2026-01-30 15:18:00,2.9588,2.959,2.95,2.95,119
2026-01-30 15:19:00,2.95,2.96,2.95,2.95,57
2026-01-30 15:20:00,2.955,2.97,2.955,2.96,764
2026-01-30 15:21:00,2.96,2.965,2.95,2.955,110
2026-01-30 15:22:00,2.955,2.96,2.9501,2.955,39
2026-01-30 15:23:00,2.955,2.965,2.955,2.9643,180
2026-01-30 15:24:00,2.96,2.97,2.96,2.965,135
2026-01-30 15:25:00,2.97,2.97,2.96,2.97,29
2026-01-30 15:26:00,2.97,2.975,2.965,2.97,245
2026-01-30 15:27:00,2.975,2.975,2.96,2.96,505
2026-01-30 15:28:00,2.96,2.97,2.9516,2.9581,128
2026-01-30 15:29:00,2.955,2.96,2.9501,2.9501,28
2026-01-30 15:30:00,2.95,2.955,2.95,2.95,14
2026-01-30 15:31:00,2.96,2.96,2.95,2.955,110
2026-01-30 15:32:00,2.95,2.955,2.95,2.955,80
2026-01-30 15:33:00,2.955,3.0,2.95,2.985,1323
2026-01-30 15:34:00,2.98,2.9898,2.98,2.985,31
2026-01-30 15:35:00,2.985,2.985,2.96,2.965,513
2026-01-30 15:36:00,2.965,2.975,2.95,2.965,613
2026-01-30 15:37:00,2.965,2.97,2.94,2.965,776
2026-01-30 15:38:00,2.97,2.975,2.96,2.96,708
2026-01-30 15:39:00,2.965,2.975,2.96,2.965,253
2026-01-30 15:40:00,2.96,2.965,2.96,2.96,17
2026-01-30 15:41:00,2.965,2.9686,2.96,2.965,14
2026-01-30 15:42:00,2.965,2.965,2.96,2.965,355
2026-01-30 15:43:00,2.96,2.965,2.96,2.96,123
2026-01-30 15:44:00,2.965,2.965,2.96,2.965,199
2026-01-30 15:45:00,2.965,2.975,2.96,2.975,464
2026-01-30 15:46:00,2.975,2.98,2.96,2.97,326
2026-01-30 15:47:00,2.965,2.97,2.96,2.965,277
2026-01-30 15:48:00,2.965,2.9663,2.96,2.965,45
2026-01-30 15:49:00,2.9626,2.97,2.96,2.965,98
2026-01-30 15:50:00,2.96,2.965,2.955,2.965,565
2026-01-30 15:51:00,2.965,2.97,2.95,2.955,870
2026-01-30 15:52:00,2.955,2.9597,2.9545,2.955,104
2026-01-30 15:53:00,2.955,2.955,2.95,2.955,148
2026-01-30 15:54:00,2.95,2.96,2.95,2.95,659
2026-01-30 15:55:00,2.955,2.955,2.94,2.945,475
2026-01-30 15:56:00,2.945,2.95,2.94,2.945,173
2026-01-30 15:57:00,2.95,2.96,2.95,2.955,732
2026-01-30 15:58:00,2.95,2.96,2.942,2.945,436
2026-01-30 15:59:00,2.9412,2.95,2.93,2.94,1592
