datetime,open,high,low,close,volume
2025-12-22 09:30:00,6.54,6.54,6.47,6.54,104
2025-12-22 09:31:00,6.51,6.51,6.51,6.51,1
2025-12-22 09:32:00,6.55,6.6,6.55,6.55,17
2025-12-22 09:33:00,6.54,6.6,6.5,6.6,155
2025-12-22 09:34:00,6.6,6.6,6.6,6.6,9
2025-12-22 09:35:00,6.57,6.57,6.55,6.55,5
2025-12-22 09:36:00,6.54,6.6,6.54,6.58,7
2025-12-22 09:37:00,6.55,6.56,6.54,6.54,7
2025-12-22 09:38:00,6.54,6.54,6.53,6.54,1
2025-12-22 09:39:00,6.51,6.53,6.5,6.53,8
2025-12-22 09:40:00,6.52,6.57,6.51,6.54,11
2025-12-22 09:41:00,6.54,6.54,6.54,6.54,0
2025-12-22 09:42:00,6.54,6.54,6.54,6.54,0
2025-12-22 09:43:00,6.54,6.54,6.54,6.54,0
2025-12-22 09:44:00,6.55,6.58,6.55,6.58,56
2025-12-22 09:45:00,6.58,6.61,6.58,6.59,20
2025-12-22 09:46:00,6.57,6.57,6.56,6.57,2
2025-12-22 09:47:00,6.6,6.6,6.6,6.6,2
2025-12-22 09:48:00,6.6,6.6,6.6,6.6,0
2025-12-22 09:49:00,6.58,6.58,6.57,6.58,1
2025-12-22 09:50:00,6.58,6.59,6.57,6.59,2
2025-12-22 09:51:00,6.59,6.6,6.57,6.59,8
2025-12-22 09:52:00,6.59,6.59,6.59,6.59,2
2025-12-22 09:53:00,6.58,6.58,6.58,6.58,8
2025-12-22 09:54:00,6.58,6.59,6.58,6.58,24
2025-12-22 09:55:00,6.58,6.58,6.58,6.58,0
2025-12-22 09:56:00,6.6,6.63,6.6,6.63,14
2025-12-22 09:57:00,6.63,6.63,6.63,6.63,0
2025-12-22 09:58:00,6.63,6.64,6.62,6.64,16
2025-12-22 09:59:00,6.63,6.63,6.62,6.62,5
2025-12-22 10:00:00,6.63,6.63,6.62,6.62,2
2025-12-22 10:01:00,6.62,6.63,6.61,6.63,6
2025-12-22 10:02:00,6.61,6.61,6.61,6.61,5
2025-12-22 10:03:00,6.62,6.66,6.62,6.66,18
2025-12-22 10:04:00,6.66,6.66,6.66,6.66,0
2025-12-22 10:05:00,6.66,6.66,6.66,6.66,0
2025-12-22 10:06:00,6.67,6.69,6.66,6.68,21
2025-12-22 10:07:00,6.68,6.68,6.68,6.68,3
2025-12-22 10:08:00,6.68,6.7,6.68,6.7,30
2025-12-22 10:09:00,6.7,6.7,6.69,6.7,11
2025-12-22 10:10:00,6.7,6.71,6.68,6.68,10
2025-12-22 10:11:00,6.68,6.68,6.66,6.67,4
2025-12-22 10:12:00,6.67,6.67,6.67,6.67,0
2025-12-22 10:13:00,6.69,6.71,6.69,6.71,5
2025-12-22 10:14:00,6.72,6.72,6.72,6.72,2
2025-12-22 10:15:00,6.71,6.72,6.71,6.71,7
2025-12-22 10:16:00,6.71,6.71,6.71,6.71,0
2025-12-22 10:17:00,6.71,6.71,6.71,6.71,3
2025-12-22 10:18:00,6.72,6.73,6.72,6.73,2
2025-12-22 10:19:00,6.73,6.73,6.72,6.73,2
2025-12-22 10:20:00,6.71,6.71,6.71,6.71,1
2025-12-22 10:21:00,6.71,6.71,6.71,6.71,1
2025-12-22 10:22:00,6.71,6.71,6.71,6.71,1
2025-12-22 10:23:00,6.71,6.71,6.71,6.71,0
2025-12-22 10:24:00,6.71,6.71,6.71,6.71,1
2025-12-22 10:25:00,6.69,6.7,6.66,6.66,20
2025-12-22 10:26:00,6.67,6.68,6.67,6.68,3
2025-12-22 10:27:00,6.68,6.68,6.68,6.68,0
2025-12-22 10:28:00,6.68,6.68,6.68,6.68,2
2025-12-22 10:29:00,6.68,6.68,6.68,6.68,10
2025-12-22 10:30:00,6.67,6.67,6.66,6.67,2
2025-12-22 10:31:00,6.65,6.7,6.65,6.69,46
2025-12-22 10:32:00,6.69,6.69,6.69,6.69,0
2025-12-22 10:33:00,6.69,6.69,6.69,6.69,0
2025-12-22 10:34:00,6.69,6.69,6.69,6.69,0
2025-12-22 10:35:00,6.68,6.68,6.67,6.68,6
2025-12-22 10:36:00,6.68,6.68,6.68,6.68,0
2025-12-22 10:37:00,6.66,6.67,6.66,6.66,5
2025-12-22 10:38:00,6.66,6.66,6.66,6.66,2
2025-12-22 10:39:00,6.67,6.67,6.67,6.67,43
2025-12-22 10:40:00,6.67,6.67,6.67,6.67,0
2025-12-22 10:41:00,6.68,6.68,6.67,6.68,21
2025-12-22 10:42:00,6.69,6.69,6.69,6.69,2
2025-12-22 10:43:00,6.69,6.69,6.68,6.69,1
2025-12-22 10:44:00,6.69,6.69,6.66,6.66,20
2025-12-22 10:45:00,6.66,6.66,6.66,6.66,0
2025-12-22 10:46:00,6.68,6.68,6.67,6.67,2
2025-12-22 10:47:00,6.67,6.67,6.67,6.67,0
2025-12-22 10:48:00,6.67,6.67,6.66,6.66,65
2025-12-22 10:49:00,6.66,6.66,6.66,6.66,3
2025-12-22 10:50:00,6.66,6.66,6.66,6.66,0
2025-12-22 10:51:00,6.67,6.67,6.65,6.65,19
2025-12-22 10:52:00,6.64,6.64,6.64,6.64,5
2025-12-22 10:53:00,6.63,6.63,6.63,6.63,1
2025-12-22 10:54:00,6.63,6.63,6.62,6.63,6
2025-12-22 10:55:00,6.64,6.66,6.64,6.66,5
2025-12-22 10:56:00,6.66,6.66,6.66,6.66,2
2025-12-22 10:57:00,6.67,6.69,6.67,6.68,120
2025-12-22 10:58:00,6.69,6.71,6.69,6.7,28
2025-12-22 10:59:00,6.7,6.7,6.7,6.7,0
2025-12-22 11:00:00,6.7,6.74,6.7,6.74,23
2025-12-22 11:01:00,6.71,6.71,6.7,6.71,3
2025-12-22 11:02:00,6.71,6.71,6.71,6.71,0
2025-12-22 11:03:00,6.71,6.74,6.71,6.72,147
2025-12-22 11:04:00,6.75,6.75,6.72,6.72,62
2025-12-22 11:05:00,6.73,6.75,6.73,6.75,16
2025-12-22 11:06:00,6.75,6.75,6.75,6.75,0
2025-12-22 11:07:00,6.72,6.73,6.7,6.71,25
2025-12-22 11:08:00,6.72,6.72,6.72,6.72,2
2025-12-22 11:09:00,6.71,6.74,6.7,6.74,11
2025-12-22 11:10:00,6.75,6.75,6.73,6.74,25
2025-12-22 11:11:00,6.75,6.75,6.75,6.75,3
2025-12-22 11:12:00,6.75,6.75,6.75,6.75,0
2025-12-22 11:13:00,6.75,6.75,6.73,6.73,20
2025-12-22 11:14:00,6.74,6.74,6.73,6.74,4
2025-12-22 11:15:00,6.74,6.74,6.73,6.74,14
2025-12-22 11:16:00,6.74,6.74,6.73,6.74,1
2025-12-22 11:17:00,6.74,6.74,6.74,6.74,0
2025-12-22 11:18:00,6.74,6.74,6.74,6.74,0
2025-12-22 11:19:00,6.73,6.73,6.73,6.73,2
2025-12-22 11:20:00,6.73,6.73,6.73,6.73,1
2025-12-22 11:21:00,6.73,6.73,6.73,6.73,0
2025-12-22 11:22:00,6.72,6.72,6.72,6.72,1
2025-12-22 11:23:00,6.72,6.72,6.72,6.72,0
2025-12-22 11:24:00,6.7,6.7,6.7,6.7,5
2025-12-22 11:25:00,6.69,6.69,6.68,6.69,4
2025-12-22 11:26:00,6.7,6.7,6.7,6.7,4
2025-12-22 11:27:00,6.7,6.7,6.7,6.7,0
2025-12-22 11:28:00,6.7,6.7,6.7,6.7,1
2025-12-22 11:29:00,6.7,6.7,6.7,6.7,0
2025-12-22 11:30:00,6.69,6.69,6.69,6.69,2
2025-12-22 11:31:00,6.7,6.71,6.7,6.71,5
2025-12-22 11:32:00,6.71,6.71,6.71,6.71,0
2025-12-22 11:33:00,6.71,6.71,6.71,6.71,1
2025-12-22 11:34:00,6.71,6.71,6.71,6.71,1
2025-12-22 11:35:00,6.71,6.71,6.71,6.71,0
2025-12-22 11:36:00,6.69,6.69,6.68,6.68,3
2025-12-22 11:37:00,6.68,6.68,6.68,6.68,4
2025-12-22 11:38:00,6.69,6.69,6.69,6.69,1
2025-12-22 11:39:00,6.69,6.7,6.69,6.7,4
2025-12-22 11:40:00,6.68,6.71,6.68,6.71,19
2025-12-22 11:41:00,6.71,6.71,6.71,6.71,0
2025-12-22 11:42:00,6.71,6.71,6.71,6.71,0
2025-12-22 11:43:00,6.68,6.68,6.68,6.68,1
2025-12-22 11:44:00,6.67,6.67,6.65,6.65,4
2025-12-22 11:45:00,6.65,6.65,6.65,6.65,0
2025-12-22 11:46:00,6.66,6.66,6.66,6.66,6
2025-12-22 11:47:00,6.66,6.66,6.66,6.66,1
2025-12-22 11:48:00,6.66,6.66,6.66,6.66,0
2025-12-22 11:49:00,6.66,6.66,6.66,6.66,0
2025-12-22 11:50:00,6.66,6.66,6.66,6.66,0
2025-12-22 11:51:00,6.65,6.65,6.65,6.65,1
2025-12-22 11:52:00,6.67,6.67,6.66,6.67,5
2025-12-22 11:53:00,6.67,6.68,6.67,6.67,5
2025-12-22 11:54:00,6.67,6.67,6.67,6.67,0
2025-12-22 11:55:00,6.68,6.68,6.68,6.68,1
2025-12-22 11:56:00,6.68,6.68,6.68,6.68,0
2025-12-22 11:57:00,6.68,6.68,6.68,6.68,0
2025-12-22 11:58:00,6.68,6.68,6.68,6.68,0
2025-12-22 11:59:00,6.68,6.69,6.67,6.69,7
2025-12-22 12:00:00,6.68,6.69,6.68,6.68,3
2025-12-22 12:01:00,6.68,6.68,6.67,6.68,8
2025-12-22 12:02:00,6.68,6.68,6.68,6.68,0
2025-12-22 12:03:00,6.68,6.68,6.68,6.68,0
2025-12-22 12:04:00,6.68,6.68,6.68,6.68,0
2025-12-22 12:05:00,6.68,6.68,6.68,6.68,0
2025-12-22 12:06:00,6.68,6.68,6.68,6.68,1
2025-12-22 12:07:00,6.69,6.69,6.69,6.69,8
2025-12-22 12:08:00,6.7,6.7,6.7,6.7,1
2025-12-22 12:09:00,6.69,6.69,6.67,6.67,15
2025-12-22 12:10:00,6.66,6.67,6.66,6.67,2
2025-12-22 12:11:00,6.66,6.66,6.66,6.66,1
2025-12-22 12:12:00,6.66,6.66,6.66,6.66,10
2025-12-22 12:13:00,6.66,6.66,6.65,6.65,8
2025-12-22 12:14:00,6.66,6.66,6.66,6.66,2
2025-12-22 12:15:00,6.66,6.66,6.66,6.66,4
2025-12-22 12:16:00,6.66,6.66,6.66,6.66,0
2025-12-22 12:17:00,6.66,6.66,6.66,6.66,0
2025-12-22 12:18:00,6.67,6.67,6.66,6.66,3
2025-12-22 12:19:00,6.66,6.66,6.66,6.66,0
2025-12-22 12:20:00,6.65,6.65,6.65,6.65,2
2025-12-22 12:21:00,6.65,6.65,6.65,6.65,2
2025-12-22 12:22:00,6.65,6.65,6.64,6.65,5
2025-12-22 12:23:00,6.65,6.65,6.65,6.65,0
2025-12-22 12:24:00,6.64,6.64,6.63,6.63,2
2025-12-22 12:25:00,6.63,6.63,6.63,6.63,3
2025-12-22 12:26:00,6.63,6.64,6.63,6.64,12
2025-12-22 12:27:00,6.63,6.64,6.63,6.64,3
2025-12-22 12:28:00,6.64,6.64,6.64,6.64,0
2025-12-22 12:29:00,6.63,6.63,6.63,6.63,1
2025-12-22 12:30:00,6.63,6.63,6.63,6.63,0
2025-12-22 12:31:00,6.64,6.64,6.63,6.63,20
2025-12-22 12:32:00,6.63,6.63,6.63,6.63,0
2025-12-22 12:33:00,6.62,6.62,6.61,6.61,9
2025-12-22 12:34:00,6.6,6.61,6.6,6.6,1
2025-12-22 12:35:00,6.6,6.6,6.6,6.6,0
2025-12-22 12:36:00,6.62,6.62,6.61,6.62,22
2025-12-22 12:37:00,6.62,6.62,6.62,6.62,4
2025-12-22 12:38:00,6.62,6.62,6.62,6.62,0
2025-12-22 12:39:00,6.62,6.62,6.62,6.62,0
2025-12-22 12:40:00,6.62,6.62,6.62,6.62,0
2025-12-22 12:41:00,6.62,6.62,6.62,6.62,1
2025-12-22 12:42:00,6.62,6.62,6.62,6.62,0
2025-12-22 12:43:00,6.63,6.63,6.63,6.63,1
2025-12-22 12:44:00,6.63,6.63,6.63,6.63,2
2025-12-22 12:45:00,6.62,6.62,6.62,6.62,1
2025-12-22 12:46:00,6.62,6.62,6.62,6.62,0
2025-12-22 12:47:00,6.62,6.62,6.62,6.62,0
2025-12-22 12:48:00,6.63,6.65,6.63,6.65,20
2025-12-22 12:49:00,6.64,6.65,6.64,6.64,1
2025-12-22 12:50:00,6.65,6.66,6.65,6.66,2
2025-12-22 12:51:00,6.66,6.66,6.66,6.66,0
2025-12-22 12:52:00,6.66,6.66,6.66,6.66,0
2025-12-22 12:53:00,6.66,6.66,6.66,6.66,0
2025-12-22 12:54:00,6.66,6.67,6.66,6.67,8
2025-12-22 12:55:00,6.67,6.68,6.67,6.68,11
2025-12-22 12:56:00,6.66,6.66,6.66,6.66,1
2025-12-22 12:57:00,6.66,6.66,6.66,6.66,0
2025-12-22 12:58:00,6.65,6.66,6.65,6.65,7
2025-12-22 12:59:00,6.65,6.67,6.65,6.67,10
2025-12-22 13:00:00,6.67,6.67,6.67,6.67,0
2025-12-22 13:01:00,6.68,6.69,6.66,6.66,5
2025-12-22 13:02:00,6.68,6.68,6.68,6.68,3
2025-12-22 13:03:00,6.67,6.67,6.66,6.67,1
2025-12-22 13:04:00,6.67,6.67,6.66,6.67,1
2025-12-22 13:05:00,6.65,6.66,6.65,6.65,3
2025-12-22 13:06:00,6.65,6.65,6.64,6.64,3
2025-12-22 13:07:00,6.64,6.65,6.64,6.64,3
2025-12-22 13:08:00,6.63,6.63,6.63,6.63,2
2025-12-22 13:09:00,6.63,6.63,6.63,6.63,1
2025-12-22 13:10:00,6.62,6.62,6.61,6.61,18
2025-12-22 13:11:00,6.61,6.62,6.61,6.62,3
2025-12-22 13:12:00,6.62,6.65,6.62,6.65,55
2025-12-22 13:13:00,6.65,6.65,6.65,6.65,0
2025-12-22 13:14:00,6.65,6.65,6.64,6.65,1
2025-12-22 13:15:00,6.65,6.65,6.64,6.65,1
2025-12-22 13:16:00,6.66,6.66,6.64,6.65,55
2025-12-22 13:17:00,6.65,6.65,6.65,6.65,2
2025-12-22 13:18:00,6.64,6.65,6.64,6.65,4
2025-12-22 13:19:00,6.65,6.65,6.65,6.65,0
2025-12-22 13:20:00,6.65,6.65,6.65,6.65,1
2025-12-22 13:21:00,6.65,6.65,6.65,6.65,0
2025-12-22 13:22:00,6.65,6.65,6.65,6.65,0
2025-12-22 13:23:00,6.65,6.65,6.64,6.64,4
2025-12-22 13:24:00,6.64,6.65,6.64,6.65,8
2025-12-22 13:25:00,6.64,6.64,6.64,6.64,3
2025-12-22 13:26:00,6.64,6.64,6.63,6.64,11
2025-12-22 13:27:00,6.65,6.65,6.65,6.65,1
2025-12-22 13:28:00,6.65,6.65,6.65,6.65,4
2025-12-22 13:29:00,6.65,6.65,6.65,6.65,3
2025-12-22 13:30:00,6.66,6.66,6.65,6.66,1
2025-12-22 13:31:00,6.66,6.66,6.66,6.66,0
2025-12-22 13:32:00,6.66,6.66,6.65,6.66,1
2025-12-22 13:33:00,6.65,6.65,6.65,6.65,2
2025-12-22 13:34:00,6.66,6.66,6.66,6.66,1
2025-12-22 13:35:00,6.65,6.65,6.65,6.65,1
2025-12-22 13:36:00,6.64,6.65,6.64,6.65,24
2025-12-22 13:37:00,6.64,6.64,6.64,6.64,4
2025-12-22 13:38:00,6.63,6.63,6.63,6.63,1
2025-12-22 13:39:00,6.63,6.63,6.63,6.63,1
2025-12-22 13:40:00,6.63,6.63,6.63,6.63,0
2025-12-22 13:41:00,6.63,6.63,6.63,6.63,0
2025-12-22 13:42:00,6.63,6.64,6.63,6.63,5
2025-12-22 13:43:00,6.64,6.64,6.63,6.64,3
2025-12-22 13:44:00,6.64,6.64,6.64,6.64,0
2025-12-22 13:45:00,6.63,6.63,6.63,6.63,1
2025-12-22 13:46:00,6.65,6.67,6.65,6.67,42
2025-12-22 13:47:00,6.66,6.67,6.65,6.67,7
2025-12-22 13:48:00,6.68,6.7,6.67,6.7,14
2025-12-22 13:49:00,6.69,6.7,6.68,6.69,12
2025-12-22 13:50:00,6.69,6.7,6.69,6.69,3
2025-12-22 13:51:00,6.68,6.68,6.68,6.68,9
2025-12-22 13:52:00,6.67,6.67,6.67,6.67,8
2025-12-22 13:53:00,6.67,6.67,6.66,6.66,70
2025-12-22 13:54:00,6.66,6.66,6.66,6.66,2
2025-12-22 13:55:00,6.66,6.66,6.66,6.66,0
2025-12-22 13:56:00,6.66,6.67,6.66,6.66,22
2025-12-22 13:57:00,6.66,6.67,6.66,6.67,2
2025-12-22 13:58:00,6.67,6.67,6.66,6.67,3
2025-12-22 13:59:00,6.67,6.67,6.66,6.67,34
2025-12-22 14:00:00,6.67,6.67,6.67,6.67,0
2025-12-22 14:01:00,6.67,6.67,6.67,6.67,0
2025-12-22 14:02:00,6.68,6.68,6.67,6.67,6
2025-12-22 14:03:00,6.67,6.67,6.66,6.67,2
2025-12-22 14:04:00,6.67,6.68,6.66,6.67,21
2025-12-22 14:05:00,6.67,6.67,6.66,6.66,2
2025-12-22 14:06:00,6.66,6.66,6.66,6.66,0
2025-12-22 14:07:00,6.67,6.67,6.67,6.67,1
2025-12-22 14:08:00,6.67,6.67,6.66,6.67,1
2025-12-22 14:09:00,6.67,6.67,6.67,6.67,0
2025-12-22 14:10:00,6.67,6.67,6.67,6.67,0
2025-12-22 14:11:00,6.67,6.67,6.67,6.67,0
2025-12-22 14:12:00,6.67,6.67,6.67,6.67,1
2025-12-22 14:13:00,6.66,6.67,6.66,6.66,2
2025-12-22 14:14:00,6.67,6.67,6.64,6.66,114
2025-12-22 14:15:00,6.65,6.65,6.63,6.64,18
2025-12-22 14:16:00,6.64,6.64,6.63,6.64,17
2025-12-22 14:17:00,6.64,6.64,6.64,6.64,0
2025-12-22 14:18:00,6.63,6.63,6.63,6.63,1
2025-12-22 14:19:00,6.63,6.63,6.63,6.63,1
2025-12-22 14:20:00,6.63,6.63,6.63,6.63,3
2025-12-22 14:21:00,6.63,6.63,6.63,6.63,0
2025-12-22 14:22:00,6.63,6.63,6.63,6.63,0
2025-12-22 14:23:00,6.63,6.63,6.63,6.63,0
2025-12-22 14:24:00,6.64,6.65,6.64,6.65,14
2025-12-22 14:25:00,6.66,6.66,6.66,6.66,2
2025-12-22 14:26:00,6.67,6.68,6.67,6.68,12
2025-12-22 14:27:00,6.68,6.69,6.68,6.69,15
2025-12-22 14:28:00,6.7,6.7,6.69,6.69,13
2025-12-22 14:29:00,6.7,6.7,6.67,6.67,11
2025-12-22 14:30:00,6.67,6.67,6.67,6.67,0
2025-12-22 14:31:00,6.67,6.67,6.67,6.67,0
2025-12-22 14:32:00,6.68,6.68,6.68,6.68,2
2025-12-22 14:33:00,6.68,6.69,6.66,6.66,25
2025-12-22 14:34:00,6.66,6.66,6.66,6.66,0
2025-12-22 14:35:00,6.66,6.66,6.66,6.66,0
2025-12-22 14:36:00,6.66,6.66,6.66,6.66,1
2025-12-22 14:37:00,6.66,6.66,6.65,6.66,11
2025-12-22 14:38:00,6.65,6.65,6.65,6.65,1
2025-12-22 14:39:00,6.65,6.65,6.65,6.65,0
2025-12-22 14:40:00,6.66,6.66,6.65,6.65,3
2025-12-22 14:41:00,6.64,6.64,6.62,6.63,11
2025-12-22 14:42:00,6.63,6.63,6.63,6.63,0
2025-12-22 14:43:00,6.63,6.63,6.62,6.62,2
2025-12-22 14:44:00,6.63,6.63,6.62,6.62,3
2025-12-22 14:45:00,6.61,6.62,6.61,6.61,5
2025-12-22 14:46:00,6.61,6.61,6.61,6.61,0
2025-12-22 14:47:00,6.61,6.61,6.61,6.61,0
2025-12-22 14:48:00,6.61,6.61,6.6,6.6,5
2025-12-22 14:49:00,6.6,6.6,6.6,6.6,0
2025-12-22 14:50:00,6.61,6.62,6.6,6.61,18
2025-12-22 14:51:00,6.61,6.61,6.6,6.61,1
2025-12-22 14:52:00,6.61,6.61,6.61,6.61,3
2025-12-22 14:53:00,6.61,6.61,6.61,6.61,0
2025-12-22 14:54:00,6.6,6.6,6.59,6.6,40
2025-12-22 14:55:00,6.6,6.6,6.6,6.6,0
2025-12-22 14:56:00,6.6,6.6,6.6,6.6,0
2025-12-22 14:57:00,6.6,6.6,6.59,6.6,1
2025-12-22 14:58:00,6.6,6.6,6.6,6.6,8
2025-12-22 14:59:00,6.6,6.6,6.6,6.6,1
2025-12-22 15:00:00,6.6,6.6,6.6,6.6,0
2025-12-22 15:01:00,6.6,6.6,6.6,6.6,3
2025-12-22 15:02:00,6.6,6.6,6.6,6.6,0
2025-12-22 15:03:00,6.59,6.59,6.59,6.59,2
2025-12-22 15:04:00,6.58,6.59,6.58,6.59,25
2025-12-22 15:05:00,6.59,6.59,6.59,6.59,0
2025-12-22 15:06:00,6.6,6.61,6.6,6.61,5
2025-12-22 15:07:00,6.61,6.61,6.61,6.61,0
2025-12-22 15:08:00,6.6,6.6,6.6,6.6,2
2025-12-22 15:09:00,6.6,6.6,6.6,6.6,0
2025-12-22 15:10:00,6.6,6.6,6.6,6.6,0
2025-12-22 15:11:00,6.6,6.6,6.6,6.6,0
2025-12-22 15:12:00,6.6,6.6,6.59,6.6,7
2025-12-22 15:13:00,6.6,6.6,6.59,6.6,1
2025-12-22 15:14:00,6.6,6.6,6.6,6.6,0
2025-12-22 15:15:00,6.6,6.6,6.59,6.59,22
2025-12-22 15:16:00,6.58,6.59,6.57,6.59,41
2025-12-22 15:17:00,6.57,6.58,6.57,6.57,2
2025-12-22 15:18:00,6.58,6.58,6.58,6.58,1
2025-12-22 15:19:00,6.59,6.59,6.59,6.59,13
2025-12-22 15:20:00,6.59,6.59,6.59,6.59,0
2025-12-22 15:21:00,6.59,6.59,6.59,6.59,0
2025-12-22 15:22:00,6.58,6.59,6.58,6.59,5
2025-12-22 15:23:00,6.59,6.59,6.59,6.59,0
2025-12-22 15:24:00,6.59,6.59,6.59,6.59,0
2025-12-22 15:25:00,6.6,6.61,6.59,6.6,41
2025-12-22 15:26:00,6.59,6.59,6.58,6.58,72
2025-12-22 15:27:00,6.58,6.58,6.58,6.58,32
2025-12-22 15:28:00,6.58,6.6,6.58,6.6,27
2025-12-22 15:29:00,6.6,6.6,6.6,6.6,0
2025-12-22 15:30:00,6.6,6.6,6.6,6.6,0
2025-12-22 15:31:00,6.6,6.6,6.6,6.6,3
2025-12-22 15:32:00,6.6,6.6,6.6,6.6,5
2025-12-22 15:33:00,6.6,6.6,6.6,6.6,0
2025-12-22 15:34:00,6.59,6.59,6.59,6.59,1
2025-12-22 15:35:00,6.6,6.6,6.6,6.6,20
2025-12-22 15:36:00,6.61,6.62,6.61,6.61,13
2025-12-22 15:37:00,6.61,6.61,6.61,6.61,0
2025-12-22 15:38:00,6.62,6.62,6.61,6.62,1
2025-12-22 15:39:00,6.61,6.62,6.61,6.61,1
2025-12-22 15:40:00,6.62,6.62,6.61,6.62,4
2025-12-22 15:41:00,6.62,6.62,6.61,6.62,1
2025-12-22 15:42:00,6.61,6.61,6.59,6.6,167
2025-12-22 15:43:00,6.6,6.6,6.58,6.59,85
2025-12-22 15:44:00,6.58,6.59,6.58,6.58,4
2025-12-22 15:45:00,6.58,6.58,6.57,6.57,3
2025-12-22 15:46:00,6.57,6.58,6.57,6.57,1
2025-12-22 15:47:00,6.57,6.57,6.56,6.57,5
2025-12-22 15:48:00,6.57,6.57,6.56,6.57,34
2025-12-22 15:49:00,6.56,6.56,6.54,6.54,22
2025-12-22 15:50:00,6.55,6.58,6.52,6.53,43
2025-12-22 15:51:00,6.53,6.54,6.53,6.54,29
2025-12-22 15:52:00,6.54,6.54,6.54,6.54,4
2025-12-22 15:53:00,6.54,6.55,6.54,6.54,12
2025-12-22 15:54:00,6.55,6.56,6.54,6.56,62
2025-12-22 15:55:00,6.57,6.63,6.57,6.62,81
2025-12-22 15:56:00,6.62,6.62,6.59,6.6,19
2025-12-22 15:57:00,6.6,6.6,6.57,6.58,67
2025-12-22 15:58:00,6.59,6.59,6.57,6.58,50
2025-12-22 15:59:00,6.58,6.58,6.57,6.58,33
2025-12-23 09:30:00,6.49,6.57,6.46,6.46,77
2025-12-23 09:31:00,6.46,6.52,6.42,6.52,6
2025-12-23 09:32:00,6.44,6.51,6.44,6.5,3
2025-12-23 09:33:00,6.56,6.56,6.42,6.42,2
2025-12-23 09:34:00,6.54,6.54,6.45,6.45,6
2025-12-23 09:35:00,6.52,6.53,6.51,6.53,3
2025-12-23 09:36:00,6.52,6.52,6.46,6.46,3
2025-12-23 09:37:00,6.54,6.54,6.53,6.53,15
2025-12-23 09:38:00,6.53,6.56,6.52,6.56,7
2025-12-23 09:39:00,6.56,6.56,6.51,6.51,13
2025-12-23 09:40:00,6.53,6.55,6.5,6.5,6
2025-12-23 09:41:00,6.54,6.54,6.52,6.53,2
2025-12-23 09:42:00,6.5,6.53,6.5,6.52,15
2025-12-23 09:43:00,6.52,6.54,6.52,6.54,41
2025-12-23 09:44:00,6.51,6.54,6.51,6.54,11
2025-12-23 09:45:00,6.56,6.56,6.55,6.56,1
2025-12-23 09:46:00,6.56,6.56,6.56,6.56,0
2025-12-23 09:47:00,6.57,6.58,6.56,6.57,8
2025-12-23 09:48:00,6.52,6.57,6.5,6.5,22
2025-12-23 09:49:00,6.52,6.52,6.52,6.52,2
2025-12-23 09:50:00,6.52,6.52,6.52,6.52,1
2025-12-23 09:51:00,6.53,6.54,6.5,6.5,40
2025-12-23 09:52:00,6.5,6.5,6.5,6.5,0
2025-12-23 09:53:00,6.5,6.5,6.5,6.5,0
2025-12-23 09:54:00,6.5,6.5,6.5,6.5,0
2025-12-23 09:55:00,6.5,6.5,6.5,6.5,0
2025-12-23 09:56:00,6.48,6.5,6.46,6.46,46
2025-12-23 09:57:00,6.46,6.46,6.46,6.46,0
2025-12-23 09:58:00,6.46,6.46,6.46,6.46,0
2025-12-23 09:59:00,6.46,6.46,6.46,6.46,0
2025-12-23 10:00:00,6.46,6.46,6.46,6.46,0
2025-12-23 10:01:00,6.46,6.46,6.46,6.46,0
2025-12-23 10:02:00,6.45,6.45,6.45,6.45,3
2025-12-23 10:03:00,6.44,6.44,6.44,6.44,1
2025-12-23 10:04:00,6.43,6.43,6.43,6.43,2
2025-12-23 10:05:00,6.43,6.43,6.43,6.43,1
2025-12-23 10:06:00,6.42,6.42,6.41,6.41,10
2025-12-23 10:07:00,6.41,6.41,6.38,6.41,147
2025-12-23 10:08:00,6.4,6.4,6.38,6.4,8
2025-12-23 10:09:00,6.4,6.4,6.34,6.37,36
2025-12-23 10:10:00,6.37,6.4,6.37,6.4,14
2025-12-23 10:11:00,6.42,6.42,6.41,6.42,1
2025-12-23 10:12:00,6.4,6.4,6.4,6.4,3
2025-12-23 10:13:00,6.42,6.44,6.41,6.44,35
2025-12-23 10:14:00,6.44,6.44,6.44,6.44,0
2025-12-23 10:15:00,6.45,6.5,6.45,6.5,18
2025-12-23 10:16:00,6.5,6.5,6.5,6.5,0
2025-12-23 10:17:00,6.5,6.52,6.5,6.52,3
2025-12-23 10:18:00,6.52,6.52,6.52,6.52,2
2025-12-23 10:19:00,6.49,6.5,6.49,6.49,1
2025-12-23 10:20:00,6.49,6.49,6.49,6.49,0
2025-12-23 10:21:00,6.53,6.53,6.52,6.53,1
2025-12-23 10:22:00,6.5,6.5,6.5,6.5,2
2025-12-23 10:23:00,6.52,6.52,6.52,6.52,1
2025-12-23 10:24:00,6.5,6.52,6.5,6.52,8
2025-12-23 10:25:00,6.49,6.5,6.49,6.5,7
2025-12-23 10:26:00,6.5,6.5,6.5,6.5,0
2025-12-23 10:27:00,6.5,6.5,6.5,6.5,0
2025-12-23 10:28:00,6.5,6.5,6.5,6.5,0
2025-12-23 10:29:00,6.5,6.5,6.5,6.5,0
2025-12-23 10:30:00,6.5,6.5,6.5,6.5,0
2025-12-23 10:31:00,6.5,6.5,6.5,6.5,0
2025-12-23 10:32:00,6.5,6.5,6.5,6.5,0
2025-12-23 10:33:00,6.52,6.52,6.51,6.52,4
2025-12-23 10:34:00,6.52,6.53,6.52,6.53,4
2025-12-23 10:35:00,6.53,6.53,6.53,6.53,1
2025-12-23 10:36:00,6.53,6.53,6.53,6.53,0
2025-12-23 10:37:00,6.54,6.54,6.54,6.54,1
2025-12-23 10:38:00,6.54,6.54,6.54,6.54,0
2025-12-23 10:39:00,6.53,6.53,6.53,6.53,1
2025-12-23 10:40:00,6.53,6.53,6.53,6.53,0
2025-12-23 10:41:00,6.5,6.51,6.5,6.5,7
2025-12-23 10:42:00,6.5,6.5,6.46,6.46,16
2025-12-23 10:43:00,6.46,6.46,6.46,6.46,0
2025-12-23 10:44:00,6.46,6.46,6.46,6.46,0
2025-12-23 10:45:00,6.46,6.48,6.46,6.47,18
2025-12-23 10:46:00,6.43,6.44,6.43,6.43,15
2025-12-23 10:47:00,6.43,6.43,6.43,6.43,2
2025-12-23 10:48:00,6.43,6.43,6.43,6.43,0
2025-12-23 10:49:00,6.46,6.46,6.45,6.46,1
2025-12-23 10:50:00,6.46,6.46,6.46,6.46,0
2025-12-23 10:51:00,6.46,6.46,6.46,6.46,0
2025-12-23 10:52:00,6.46,6.46,6.46,6.46,0
2025-12-23 10:53:00,6.43,6.45,6.43,6.45,16
2025-12-23 10:54:00,6.43,6.44,6.37,6.4,97
2025-12-23 10:55:00,6.44,6.45,6.43,6.44,30
2025-12-23 10:56:00,6.42,6.42,6.42,6.42,2
2025-12-23 10:57:00,6.42,6.42,6.42,6.42,0
2025-12-23 10:58:00,6.42,6.42,6.41,6.41,9
2025-12-23 10:59:00,6.41,6.44,6.41,6.44,11
2025-12-23 11:00:00,6.44,6.44,6.43,6.43,9
2025-12-23 11:01:00,6.44,6.44,6.43,6.44,1
2025-12-23 11:02:00,6.46,6.46,6.46,6.46,2
2025-12-23 11:03:00,6.47,6.47,6.46,6.47,1
2025-12-23 11:04:00,6.47,6.47,6.47,6.47,0
2025-12-23 11:05:00,6.47,6.47,6.47,6.47,0
2025-12-23 11:06:00,6.47,6.47,6.47,6.47,0
2025-12-23 11:07:00,6.47,6.47,6.47,6.47,0
2025-12-23 11:08:00,6.47,6.47,6.47,6.47,0
2025-12-23 11:09:00,6.47,6.47,6.47,6.47,0
2025-12-23 11:10:00,6.45,6.47,6.44,6.47,3
2025-12-23 11:11:00,6.47,6.47,6.47,6.47,0
2025-12-23 11:12:00,6.47,6.47,6.47,6.47,0
2025-12-23 11:13:00,6.45,6.45,6.45,6.45,1
2025-12-23 11:14:00,6.45,6.45,6.43,6.44,2
2025-12-23 11:15:00,6.45,6.47,6.45,6.47,5
2025-12-23 11:16:00,6.47,6.47,6.47,6.47,0
2025-12-23 11:17:00,6.47,6.47,6.47,6.47,0
2025-12-23 11:18:00,6.48,6.48,6.48,6.48,1
2025-12-23 11:19:00,6.48,6.48,6.48,6.48,6
2025-12-23 11:20:00,6.5,6.5,6.5,6.5,1
2025-12-23 11:21:00,6.5,6.5,6.5,6.5,1
2025-12-23 11:22:00,6.5,6.5,6.5,6.5,0
2025-12-23 11:23:00,6.5,6.5,6.5,6.5,1
2025-12-23 11:24:00,6.46,6.46,6.44,6.45,15
2025-12-23 11:25:00,6.43,6.43,6.39,6.41,148
2025-12-23 11:26:00,6.38,6.38,6.38,6.38,10
2025-12-23 11:27:00,6.38,6.38,6.38,6.38,2
2025-12-23 11:28:00,6.4,6.4,6.4,6.4,14
2025-12-23 11:29:00,6.4,6.4,6.4,6.4,0
2025-12-23 11:30:00,6.4,6.4,6.4,6.4,0
2025-12-23 11:31:00,6.4,6.4,6.4,6.4,0
2025-12-23 11:32:00,6.38,6.4,6.38,6.39,2
2025-12-23 11:33:00,6.39,6.39,6.39,6.39,0
2025-12-23 11:34:00,6.36,6.37,6.36,6.36,1
2025-12-23 11:35:00,6.39,6.39,6.37,6.38,5
2025-12-23 11:36:00,6.38,6.38,6.38,6.38,0
2025-12-23 11:37:00,6.38,6.38,6.38,6.38,0
2025-12-23 11:38:00,6.39,6.39,6.37,6.38,2
2025-12-23 11:39:00,6.37,6.38,6.36,6.37,29
2025-12-23 11:40:00,6.37,6.37,6.37,6.37,0
2025-12-23 11:41:00,6.37,6.37,6.37,6.37,0
2025-12-23 11:42:00,6.37,6.37,6.37,6.37,5
2025-12-23 11:43:00,6.39,6.39,6.38,6.38,3
2025-12-23 11:44:00,6.38,6.38,6.38,6.38,0
2025-12-23 11:45:00,6.36,6.36,6.36,6.36,1
2025-12-23 11:46:00,6.38,6.39,6.37,6.38,15
2025-12-23 11:47:00,6.37,6.37,6.37,6.37,2
2025-12-23 11:48:00,6.37,6.37,6.37,6.37,0
2025-12-23 11:49:00,6.37,6.37,6.37,6.37,0
2025-12-23 11:50:00,6.38,6.38,6.37,6.38,5
2025-12-23 11:51:00,6.37,6.39,6.37,6.39,2
2025-12-23 11:52:00,6.38,6.38,6.38,6.38,3
2025-12-23 11:53:00,6.39,6.4,6.39,6.39,8
2025-12-23 11:54:00,6.39,6.45,6.39,6.45,22
2025-12-23 11:55:00,6.45,6.45,6.45,6.45,0
2025-12-23 11:56:00,6.45,6.45,6.45,6.45,0
2025-12-23 11:57:00,6.45,6.5,6.44,6.49,78
2025-12-23 11:58:00,6.5,6.5,6.49,6.5,1
2025-12-23 11:59:00,6.5,6.55,6.5,6.53,126
2025-12-23 12:00:00,6.53,6.53,6.52,6.52,7
2025-12-23 12:01:00,6.52,6.52,6.52,6.52,5
2025-12-23 12:02:00,6.53,6.56,6.53,6.56,16
2025-12-23 12:03:00,6.6,6.6,6.59,6.59,2
2025-12-23 12:04:00,6.61,6.61,6.6,6.61,5
2025-12-23 12:05:00,6.6,6.6,6.58,6.58,15
2025-12-23 12:06:00,6.58,6.58,6.57,6.57,14
2025-12-23 12:07:00,6.57,6.57,6.57,6.57,0
2025-12-23 12:08:00,6.57,6.57,6.57,6.57,1
2025-12-23 12:09:00,6.57,6.57,6.57,6.57,0
2025-12-23 12:10:00,6.58,6.58,6.57,6.58,1
2025-12-23 12:11:00,6.55,6.55,6.55,6.55,1
2025-12-23 12:12:00,6.55,6.55,6.55,6.55,0
2025-12-23 12:13:00,6.55,6.55,6.55,6.55,0
2025-12-23 12:14:00,6.55,6.56,6.55,6.56,2
2025-12-23 12:15:00,6.56,6.56,6.56,6.56,0
2025-12-23 12:16:00,6.54,6.56,6.54,6.56,11
2025-12-23 12:17:00,6.56,6.56,6.56,6.56,0
2025-12-23 12:18:00,6.56,6.56,6.56,6.56,0
2025-12-23 12:19:00,6.56,6.56,6.53,6.53,3
2025-12-23 12:20:00,6.53,6.55,6.53,6.55,2
2025-12-23 12:21:00,6.55,6.55,6.54,6.54,2
2025-12-23 12:22:00,6.54,6.54,6.54,6.54,0
2025-12-23 12:23:00,6.54,6.55,6.54,6.55,8
2025-12-23 12:24:00,6.55,6.55,6.55,6.55,1
2025-12-23 12:25:00,6.55,6.55,6.55,6.55,0
2025-12-23 12:26:00,6.55,6.55,6.55,6.55,0
2025-12-23 12:27:00,6.56,6.56,6.56,6.56,1
2025-12-23 12:28:00,6.56,6.56,6.56,6.56,0
2025-12-23 12:29:00,6.55,6.55,6.55,6.55,2
2025-12-23 12:30:00,6.57,6.57,6.55,6.55,3
2025-12-23 12:31:00,6.55,6.55,6.55,6.55,0
2025-12-23 12:32:00,6.54,6.57,6.54,6.57,11
2025-12-23 12:33:00,6.58,6.58,6.55,6.55,7
2025-12-23 12:34:00,6.55,6.55,6.55,6.55,0
2025-12-23 12:35:00,6.59,6.59,6.57,6.57,5
2025-12-23 12:36:00,6.59,6.59,6.57,6.57,2
2025-12-23 12:37:00,6.57,6.57,6.57,6.57,0
2025-12-23 12:38:00,6.57,6.57,6.57,6.57,0
2025-12-23 12:39:00,6.59,6.59,6.56,6.57,11
2025-12-23 12:40:00,6.57,6.57,6.57,6.57,0
2025-12-23 12:41:00,6.57,6.57,6.57,6.57,0
2025-12-23 12:42:00,6.55,6.55,6.55,6.55,5
2025-12-23 12:43:00,6.55,6.55,6.55,6.55,0
2025-12-23 12:44:00,6.54,6.55,6.54,6.54,2
2025-12-23 12:45:00,6.56,6.57,6.56,6.57,4
2025-12-23 12:46:00,6.57,6.57,6.57,6.57,0
2025-12-23 12:47:00,6.59,6.59,6.59,6.59,1
2025-12-23 12:48:00,6.59,6.59,6.59,6.59,0
2025-12-23 12:49:00,6.59,6.59,6.59,6.59,0
2025-12-23 12:50:00,6.55,6.56,6.55,6.56,7
2025-12-23 12:51:00,6.56,6.56,6.56,6.56,0
2025-12-23 12:52:00,6.55,6.55,6.53,6.53,23
2025-12-23 12:53:00,6.53,6.53,6.53,6.53,0
2025-12-23 12:54:00,6.54,6.54,6.52,6.52,3
2025-12-23 12:55:00,6.55,6.55,6.53,6.53,5
2025-12-23 12:56:00,6.53,6.53,6.53,6.53,0
2025-12-23 12:57:00,6.53,6.54,6.52,6.54,3
2025-12-23 12:58:00,6.54,6.54,6.54,6.54,0
2025-12-23 12:59:00,6.54,6.54,6.52,6.53,7
2025-12-23 13:00:00,6.51,6.51,6.51,6.51,2
2025-12-23 13:01:00,6.51,6.51,6.51,6.51,1
2025-12-23 13:02:00,6.53,6.53,6.53,6.53,1
2025-12-23 13:03:00,6.53,6.53,6.53,6.53,0
2025-12-23 13:04:00,6.52,6.54,6.52,6.54,2
2025-12-23 13:05:00,6.54,6.54,6.54,6.54,0
2025-12-23 13:06:00,6.54,6.56,6.52,6.56,34
2025-12-23 13:07:00,6.55,6.55,6.55,6.55,1
2025-12-23 13:08:00,6.53,6.57,6.53,6.57,4
2025-12-23 13:09:00,6.57,6.57,6.57,6.57,0
2025-12-23 13:10:00,6.53,6.53,6.53,6.53,1
2025-12-23 13:11:00,6.53,6.53,6.53,6.53,1
2025-12-23 13:12:00,6.53,6.53,6.53,6.53,0
2025-12-23 13:13:00,6.53,6.53,6.53,6.53,0
2025-12-23 13:14:00,6.54,6.55,6.54,6.54,1
2025-12-23 13:15:00,6.54,6.54,6.54,6.54,0
2025-12-23 13:16:00,6.53,6.53,6.53,6.53,3
2025-12-23 13:17:00,6.53,6.53,6.53,6.53,0
2025-12-23 13:18:00,6.53,6.53,6.53,6.53,0
2025-12-23 13:19:00,6.56,6.56,6.56,6.56,1
2025-12-23 13:20:00,6.53,6.53,6.53,6.53,1
2025-12-23 13:21:00,6.53,6.53,6.53,6.53,0
2025-12-23 13:22:00,6.53,6.53,6.53,6.53,0
2025-12-23 13:23:00,6.53,6.53,6.53,6.53,0
2025-12-23 13:24:00,6.56,6.56,6.56,6.56,1
2025-12-23 13:25:00,6.56,6.56,6.56,6.56,0
2025-12-23 13:26:00,6.56,6.56,6.56,6.56,0
2025-12-23 13:27:00,6.56,6.56,6.56,6.56,0
2025-12-23 13:28:00,6.56,6.56,6.56,6.56,0
2025-12-23 13:29:00,6.56,6.56,6.54,6.54,6
2025-12-23 13:30:00,6.54,6.54,6.54,6.54,0
2025-12-23 13:31:00,6.54,6.54,6.54,6.54,0
2025-12-23 13:32:00,6.57,6.57,6.57,6.57,1
2025-12-23 13:33:00,6.57,6.57,6.57,6.57,0
2025-12-23 13:34:00,6.56,6.56,6.54,6.54,2
2025-12-23 13:35:00,6.55,6.55,6.55,6.55,1
2025-12-23 13:36:00,6.55,6.55,6.55,6.55,0
2025-12-23 13:37:00,6.56,6.56,6.55,6.56,1
2025-12-23 13:38:00,6.56,6.56,6.56,6.56,0
2025-12-23 13:39:00,6.56,6.56,6.56,6.56,0
2025-12-23 13:40:00,6.56,6.56,6.56,6.56,0
2025-12-23 13:41:00,6.56,6.56,6.56,6.56,0
2025-12-23 13:42:00,6.55,6.55,6.55,6.55,1
2025-12-23 13:43:00,6.55,6.55,6.55,6.55,0
2025-12-23 13:44:00,6.56,6.56,6.55,6.56,20
2025-12-23 13:45:00,6.56,6.56,6.56,6.56,0
2025-12-23 13:46:00,6.56,6.56,6.56,6.56,3
2025-12-23 13:47:00,6.56,6.56,6.54,6.55,24
2025-12-23 13:48:00,6.55,6.55,6.55,6.55,0
2025-12-23 13:49:00,6.54,6.55,6.54,6.54,1
2025-12-23 13:50:00,6.54,6.54,6.54,6.54,0
2025-12-23 13:51:00,6.54,6.54,6.54,6.54,0
2025-12-23 13:52:00,6.54,6.54,6.54,6.54,0
2025-12-23 13:53:00,6.54,6.55,6.54,6.54,1
2025-12-23 13:54:00,6.54,6.54,6.54,6.54,0
2025-12-23 13:55:00,6.54,6.54,6.54,6.54,0
2025-12-23 13:56:00,6.54,6.54,6.54,6.54,0
2025-12-23 13:57:00,6.54,6.54,6.54,6.54,0
2025-12-23 13:58:00,6.54,6.55,6.53,6.53,9
2025-12-23 13:59:00,6.53,6.55,6.53,6.54,3
2025-12-23 14:00:00,6.54,6.55,6.54,6.54,1
2025-12-23 14:01:00,6.54,6.54,6.54,6.54,1
2025-12-23 14:02:00,6.54,6.54,6.54,6.54,0
2025-12-23 14:03:00,6.55,6.55,6.55,6.55,1
2025-12-23 14:04:00,6.53,6.53,6.53,6.53,4
2025-12-23 14:05:00,6.53,6.53,6.53,6.53,0
2025-12-23 14:06:00,6.53,6.53,6.53,6.53,0
2025-12-23 14:07:00,6.54,6.54,6.53,6.54,1
2025-12-23 14:08:00,6.54,6.54,6.54,6.54,0
2025-12-23 14:09:00,6.54,6.54,6.54,6.54,0
2025-12-23 14:10:00,6.54,6.54,6.54,6.54,0
2025-12-23 14:11:00,6.51,6.51,6.51,6.51,1
2025-12-23 14:12:00,6.52,6.52,6.52,6.52,1
2025-12-23 14:13:00,6.52,6.52,6.52,6.52,0
2025-12-23 14:14:00,6.52,6.52,6.52,6.52,1
2025-12-23 14:15:00,6.52,6.52,6.5,6.5,11
2025-12-23 14:16:00,6.52,6.52,6.5,6.5,2
2025-12-23 14:17:00,6.5,6.5,6.5,6.5,8
2025-12-23 14:18:00,6.5,6.5,6.5,6.5,0
2025-12-23 14:19:00,6.5,6.5,6.5,6.5,2
2025-12-23 14:20:00,6.5,6.5,6.5,6.5,6
2025-12-23 14:21:00,6.5,6.5,6.5,6.5,0
2025-12-23 14:22:00,6.49,6.5,6.49,6.5,2
2025-12-23 14:23:00,6.5,6.5,6.5,6.5,0
2025-12-23 14:24:00,6.49,6.51,6.49,6.5,2
2025-12-23 14:25:00,6.5,6.5,6.5,6.5,0
2025-12-23 14:26:00,6.5,6.5,6.5,6.5,0
2025-12-23 14:27:00,6.5,6.5,6.5,6.5,0
2025-12-23 14:28:00,6.5,6.5,6.5,6.5,0
2025-12-23 14:29:00,6.51,6.51,6.51,6.51,1
2025-12-23 14:30:00,6.51,6.51,6.51,6.51,0
2025-12-23 14:31:00,6.5,6.5,6.49,6.5,3
2025-12-23 14:32:00,6.5,6.5,6.5,6.5,0
2025-12-23 14:33:00,6.5,6.5,6.5,6.5,0
2025-12-23 14:34:00,6.49,6.49,6.48,6.48,6
2025-12-23 14:35:00,6.49,6.53,6.49,6.51,286
2025-12-23 14:36:00,6.51,6.51,6.51,6.51,0
2025-12-23 14:37:00,6.48,6.48,6.47,6.47,3
2025-12-23 14:38:00,6.46,6.46,6.44,6.45,11
2025-12-23 14:39:00,6.45,6.45,6.44,6.44,4
2025-12-23 14:40:00,6.44,6.44,6.43,6.44,9
2025-12-23 14:41:00,6.46,6.46,6.44,6.44,5
2025-12-23 14:42:00,6.44,6.44,6.44,6.44,0
2025-12-23 14:43:00,6.43,6.44,6.43,6.43,3
2025-12-23 14:44:00,6.44,6.44,6.43,6.44,6
2025-12-23 14:45:00,6.44,6.46,6.44,6.46,11
2025-12-23 14:46:00,6.49,6.49,6.48,6.49,1
2025-12-23 14:47:00,6.49,6.49,6.49,6.49,0
2025-12-23 14:48:00,6.46,6.46,6.46,6.46,2
2025-12-23 14:49:00,6.46,6.46,6.46,6.46,0
2025-12-23 14:50:00,6.46,6.46,6.46,6.46,2
2025-12-23 14:51:00,6.46,6.46,6.46,6.46,0
2025-12-23 14:52:00,6.45,6.45,6.43,6.43,4
2025-12-23 14:53:00,6.46,6.46,6.46,6.46,1
2025-12-23 14:54:00,6.46,6.46,6.46,6.46,0
2025-12-23 14:55:00,6.46,6.46,6.46,6.46,0
2025-12-23 14:56:00,6.44,6.44,6.44,6.44,1
2025-12-23 14:57:00,6.46,6.46,6.46,6.46,1
2025-12-23 14:58:00,6.46,6.46,6.46,6.46,0
2025-12-23 14:59:00,6.47,6.47,6.45,6.45,2
2025-12-23 15:00:00,6.45,6.46,6.44,6.46,2
2025-12-23 15:01:00,6.45,6.45,6.44,6.44,12
2025-12-23 15:02:00,6.44,6.44,6.44,6.44,0
2025-12-23 15:03:00,6.43,6.44,6.43,6.43,1
2025-12-23 15:04:00,6.43,6.43,6.43,6.43,0
2025-12-23 15:05:00,6.43,6.43,6.43,6.43,3
2025-12-23 15:06:00,6.45,6.45,6.45,6.45,1
2025-12-23 15:07:00,6.45,6.45,6.45,6.45,0
2025-12-23 15:08:00,6.45,6.48,6.45,6.48,18
2025-12-23 15:09:00,6.48,6.48,6.48,6.48,0
2025-12-23 15:10:00,6.48,6.48,6.48,6.48,0
2025-12-23 15:11:00,6.46,6.46,6.46,6.46,2
2025-12-23 15:12:00,6.46,6.46,6.46,6.46,0
2025-12-23 15:13:00,6.46,6.46,6.46,6.46,0
2025-12-23 15:14:00,6.46,6.46,6.45,6.46,5
2025-12-23 15:15:00,6.45,6.45,6.45,6.45,2
2025-12-23 15:16:00,6.45,6.45,6.45,6.45,0
2025-12-23 15:17:00,6.44,6.45,6.44,6.44,4
2025-12-23 15:18:00,6.44,6.44,6.44,6.44,0
2025-12-23 15:19:00,6.44,6.44,6.44,6.44,0
2025-12-23 15:20:00,6.44,6.44,6.44,6.44,0
2025-12-23 15:21:00,6.44,6.44,6.44,6.44,0
2025-12-23 15:22:00,6.44,6.44,6.44,6.44,0
2025-12-23 15:23:00,6.44,6.44,6.44,6.44,0
2025-12-23 15:24:00,6.44,6.44,6.44,6.44,0
2025-12-23 15:25:00,6.44,6.44,6.44,6.44,0
2025-12-23 15:26:00,6.44,6.44,6.44,6.44,0
2025-12-23 15:27:00,6.43,6.43,6.43,6.43,2
2025-12-23 15:28:00,6.43,6.43,6.43,6.43,0
2025-12-23 15:29:00,6.43,6.43,6.42,6.43,1
2025-12-23 15:30:00,6.43,6.43,6.43,6.43,0
2025-12-23 15:31:00,6.43,6.43,6.43,6.43,0
2025-12-23 15:32:00,6.42,6.42,6.42,6.42,6
2025-12-23 15:33:00,6.43,6.43,6.43,6.43,3
2025-12-23 15:34:00,6.43,6.43,6.43,6.43,0
2025-12-23 15:35:00,6.43,6.44,6.42,6.42,22
2025-12-23 15:36:00,6.43,6.43,6.43,6.43,8
2025-12-23 15:37:00,6.44,6.44,6.43,6.44,6
2025-12-23 15:38:00,6.44,6.44,6.43,6.44,2
2025-12-23 15:39:00,6.44,6.44,6.43,6.44,9
2025-12-23 15:40:00,6.44,6.44,6.44,6.44,0
2025-12-23 15:41:00,6.44,6.45,6.44,6.45,5
2025-12-23 15:42:00,6.44,6.44,6.44,6.44,2
2025-12-23 15:43:00,6.45,6.45,6.44,6.45,2
2025-12-23 15:44:00,6.45,6.45,6.45,6.45,0
2025-12-23 15:45:00,6.44,6.45,6.43,6.45,39
2025-12-23 15:46:00,6.45,6.47,6.44,6.47,5
2025-12-23 15:47:00,6.46,6.46,6.45,6.45,35
2025-12-23 15:48:00,6.45,6.45,6.45,6.45,1
2025-12-23 15:49:00,6.45,6.45,6.45,6.45,0
2025-12-23 15:50:00,6.45,6.47,6.45,6.45,15
2025-12-23 15:51:00,6.44,6.44,6.43,6.44,15
2025-12-23 15:52:00,6.45,6.45,6.44,6.45,1
2025-12-23 15:53:00,6.45,6.46,6.43,6.44,32
2025-12-23 15:54:00,6.44,6.44,6.43,6.44,18
2025-12-23 15:55:00,6.43,6.43,6.43,6.43,2
2025-12-23 15:56:00,6.43,6.43,6.42,6.42,9
2025-12-23 15:57:00,6.42,6.43,6.42,6.43,66
2025-12-23 15:58:00,6.42,6.43,6.41,6.43,39
2025-12-23 15:59:00,6.43,6.43,6.41,6.42,63
2025-12-24 09:30:00,6.45,6.45,6.4,6.4,51
2025-12-24 09:31:00,6.47,6.49,6.4,6.49,14
2025-12-24 09:32:00,6.49,6.49,6.49,6.49,5
2025-12-24 09:33:00,6.48,6.48,6.47,6.47,2
2025-12-24 09:34:00,6.48,6.5,6.48,6.49,3
2025-12-24 09:35:00,6.47,6.5,6.46,6.5,9
2025-12-24 09:36:00,6.5,6.5,6.5,6.5,0
2025-12-24 09:37:00,6.5,6.5,6.5,6.5,0
2025-12-24 09:38:00,6.49,6.49,6.47,6.47,7
2025-12-24 09:39:00,6.47,6.48,6.47,6.48,5
2025-12-24 09:40:00,6.48,6.48,6.48,6.48,0
2025-12-24 09:41:00,6.5,6.52,6.5,6.52,9
2025-12-24 09:42:00,6.53,6.55,6.52,6.54,13
2025-12-24 09:43:00,6.55,6.56,6.54,6.56,23
2025-12-24 09:44:00,6.55,6.56,6.55,6.56,3
2025-12-24 09:45:00,6.56,6.56,6.53,6.54,2
2025-12-24 09:46:00,6.52,6.52,6.51,6.52,1
2025-12-24 09:47:00,6.52,6.52,6.52,6.52,1
2025-12-24 09:48:00,6.52,6.52,6.52,6.52,0
2025-12-24 09:49:00,6.5,6.51,6.49,6.49,335
2025-12-24 09:50:00,6.5,6.51,6.5,6.51,145
2025-12-24 09:51:00,6.52,6.52,6.51,6.51,5
2025-12-24 09:52:00,6.54,6.54,6.54,6.54,1
2025-12-24 09:53:00,6.54,6.54,6.53,6.54,2
2025-12-24 09:54:00,6.54,6.54,6.54,6.54,0
2025-12-24 09:55:00,6.55,6.55,6.55,6.55,1
2025-12-24 09:56:00,6.53,6.53,6.53,6.53,4
2025-12-24 09:57:00,6.54,6.55,6.52,6.55,15
2025-12-24 09:58:00,6.52,6.52,6.52,6.52,1
2025-12-24 09:59:00,6.52,6.52,6.52,6.52,0
2025-12-24 10:00:00,6.51,6.51,6.51,6.51,4
2025-12-24 10:01:00,6.5,6.51,6.5,6.5,2
2025-12-24 10:02:00,6.53,6.53,6.53,6.53,7
2025-12-24 10:03:00,6.53,6.53,6.53,6.53,0
2025-12-24 10:04:00,6.51,6.51,6.5,6.51,7
2025-12-24 10:05:00,6.5,6.5,6.49,6.49,5
2025-12-24 10:06:00,6.5,6.5,6.5,6.5,1
2025-12-24 10:07:00,6.52,6.52,6.5,6.51,3
2025-12-24 10:08:00,6.51,6.51,6.51,6.51,0
2025-12-24 10:09:00,6.51,6.51,6.51,6.51,1
2025-12-24 10:10:00,6.52,6.53,6.52,6.53,10
2025-12-24 10:11:00,6.53,6.53,6.53,6.53,0
2025-12-24 10:12:00,6.5,6.5,6.49,6.49,10
2025-12-24 10:13:00,6.48,6.5,6.47,6.5,10
2025-12-24 10:14:00,6.5,6.5,6.5,6.5,0
2025-12-24 10:15:00,6.51,6.51,6.51,6.51,2
2025-12-24 10:16:00,6.51,6.51,6.51,6.51,0
2025-12-24 10:17:00,6.51,6.51,6.51,6.51,0
2025-12-24 10:18:00,6.48,6.48,6.48,6.48,3
2025-12-24 10:19:00,6.5,6.5,6.48,6.48,2
2025-12-24 10:20:00,6.49,6.49,6.49,6.49,5
2025-12-24 10:21:00,6.49,6.49,6.49,6.49,3
2025-12-24 10:22:00,6.49,6.49,6.49,6.49,13
2025-12-24 10:23:00,6.52,6.52,6.52,6.52,1
2025-12-24 10:24:00,6.52,6.52,6.49,6.52,94
2025-12-24 10:25:00,6.52,6.52,6.52,6.52,15
2025-12-24 10:26:00,6.54,6.55,6.51,6.51,7
2025-12-24 10:27:00,6.55,6.55,6.55,6.55,1
2025-12-24 10:28:00,6.56,6.56,6.55,6.55,2
2025-12-24 10:29:00,6.54,6.54,6.54,6.54,3
2025-12-24 10:30:00,6.54,6.54,6.54,6.54,1
2025-12-24 10:31:00,6.52,6.52,6.51,6.51,15
2025-12-24 10:32:00,6.51,6.51,6.51,6.51,0
2025-12-24 10:33:00,6.52,6.52,6.52,6.52,4
2025-12-24 10:34:00,6.52,6.52,6.52,6.52,0
2025-12-24 10:35:00,6.52,6.52,6.52,6.52,0
2025-12-24 10:36:00,6.52,6.52,6.52,6.52,2
2025-12-24 10:37:00,6.52,6.52,6.52,6.52,0
2025-12-24 10:38:00,6.52,6.52,6.52,6.52,0
2025-12-24 10:39:00,6.51,6.51,6.51,6.51,5
2025-12-24 10:40:00,6.51,6.51,6.51,6.51,0
2025-12-24 10:41:00,6.52,6.52,6.51,6.52,1
2025-12-24 10:42:00,6.53,6.53,6.53,6.53,3
2025-12-24 10:43:00,6.55,6.55,6.55,6.55,1
2025-12-24 10:44:00,6.55,6.55,6.55,6.55,0
2025-12-24 10:45:00,6.53,6.53,6.52,6.53,7
2025-12-24 10:46:00,6.52,6.52,6.52,6.52,3
2025-12-24 10:47:00,6.52,6.52,6.52,6.52,0
2025-12-24 10:48:00,6.51,6.51,6.51,6.51,1
2025-12-24 10:49:00,6.54,6.54,6.53,6.54,1
2025-12-24 10:50:00,6.54,6.54,6.54,6.54,0
2025-12-24 10:51:00,6.53,6.53,6.53,6.53,2
2025-12-24 10:52:00,6.53,6.53,6.53,6.53,0
2025-12-24 10:53:00,6.53,6.53,6.53,6.53,0
2025-12-24 10:54:00,6.53,6.53,6.53,6.53,0
2025-12-24 10:55:00,6.53,6.53,6.53,6.53,0
2025-12-24 10:56:00,6.53,6.53,6.53,6.53,0
2025-12-24 10:57:00,6.53,6.53,6.53,6.53,0
2025-12-24 10:58:00,6.53,6.53,6.53,6.53,0
2025-12-24 10:59:00,6.52,6.52,6.52,6.52,1
2025-12-24 11:00:00,6.52,6.52,6.52,6.52,0
2025-12-24 11:01:00,6.52,6.52,6.52,6.52,0
2025-12-24 11:02:00,6.52,6.52,6.52,6.52,0
2025-12-24 11:03:00,6.53,6.53,6.51,6.51,111
2025-12-24 11:04:00,6.53,6.53,6.52,6.53,1
2025-12-24 11:05:00,6.53,6.53,6.53,6.53,0
2025-12-24 11:06:00,6.53,6.53,6.53,6.53,0
2025-12-24 11:07:00,6.53,6.53,6.53,6.53,0
2025-12-24 11:08:00,6.52,6.52,6.52,6.52,1
2025-12-24 11:09:00,6.54,6.55,6.52,6.52,11
2025-12-24 11:10:00,6.51,6.51,6.51,6.51,1
2025-12-24 11:11:00,6.51,6.51,6.51,6.51,0
2025-12-24 11:12:00,6.52,6.52,6.51,6.52,1
2025-12-24 11:13:00,6.52,6.52,6.52,6.52,0
2025-12-24 11:14:00,6.52,6.52,6.52,6.52,0
2025-12-24 11:15:00,6.53,6.53,6.53,6.53,1
2025-12-24 11:16:00,6.52,6.52,6.52,6.52,1
2025-12-24 11:17:00,6.53,6.53,6.53,6.53,1
2025-12-24 11:18:00,6.51,6.52,6.51,6.51,10
2025-12-24 11:19:00,6.51,6.51,6.51,6.51,0
2025-12-24 11:20:00,6.52,6.52,6.51,6.51,4
2025-12-24 11:21:00,6.51,6.51,6.51,6.51,0
2025-12-24 11:22:00,6.5,6.5,6.49,6.49,10
2025-12-24 11:23:00,6.49,6.49,6.49,6.49,0
2025-12-24 11:24:00,6.49,6.49,6.49,6.49,0
2025-12-24 11:25:00,6.49,6.49,6.49,6.49,0
2025-12-24 11:26:00,6.49,6.49,6.49,6.49,0
2025-12-24 11:27:00,6.49,6.49,6.49,6.49,0
2025-12-24 11:28:00,6.48,6.48,6.48,6.48,3
2025-12-24 11:29:00,6.48,6.48,6.48,6.48,0
2025-12-24 11:30:00,6.48,6.48,6.48,6.48,0
2025-12-24 11:31:00,6.47,6.47,6.47,6.47,1
2025-12-24 11:32:00,6.48,6.48,6.48,6.48,1
2025-12-24 11:33:00,6.47,6.47,6.46,6.46,8
2025-12-24 11:34:00,6.47,6.47,6.47,6.47,3
2025-12-24 11:35:00,6.47,6.47,6.46,6.47,10
2025-12-24 11:36:00,6.49,6.49,6.46,6.49,4
2025-12-24 11:37:00,6.52,6.52,6.52,6.52,2
2025-12-24 11:38:00,6.53,6.53,6.52,6.52,2
2025-12-24 11:39:00,6.52,6.52,6.52,6.52,0
2025-12-24 11:40:00,6.53,6.53,6.53,6.53,5
2025-12-24 11:41:00,6.52,6.52,6.52,6.52,1
2025-12-24 11:42:00,6.52,6.52,6.52,6.52,0
2025-12-24 11:43:00,6.52,6.52,6.52,6.52,0
2025-12-24 11:44:00,6.53,6.53,6.53,6.53,5
2025-12-24 11:45:00,6.53,6.53,6.53,6.53,0
2025-12-24 11:46:00,6.53,6.53,6.53,6.53,0
2025-12-24 11:47:00,6.53,6.53,6.53,6.53,0
2025-12-24 11:48:00,6.53,6.53,6.53,6.53,0
2025-12-24 11:49:00,6.53,6.53,6.53,6.53,0
2025-12-24 11:50:00,6.53,6.53,6.53,6.53,0
2025-12-24 11:51:00,6.53,6.53,6.53,6.53,0
2025-12-24 11:52:00,6.53,6.53,6.53,6.53,0
2025-12-24 11:53:00,6.51,6.51,6.51,6.51,1
2025-12-24 11:54:00,6.51,6.51,6.51,6.51,1
2025-12-24 11:55:00,6.51,6.51,6.51,6.51,0
2025-12-24 11:56:00,6.51,6.51,6.51,6.51,0
2025-12-24 11:57:00,6.5,6.51,6.5,6.5,2
2025-12-24 11:58:00,6.5,6.5,6.5,6.5,0
2025-12-24 11:59:00,6.52,6.53,6.52,6.53,3
2025-12-24 12:00:00,6.53,6.53,6.53,6.53,0
2025-12-24 12:01:00,6.53,6.53,6.53,6.53,0
2025-12-24 12:02:00,6.54,6.56,6.54,6.54,9
2025-12-24 12:03:00,6.54,6.54,6.54,6.54,1
2025-12-24 12:04:00,6.55,6.55,6.55,6.55,1
2025-12-24 12:05:00,6.55,6.55,6.55,6.55,0
2025-12-24 12:06:00,6.54,6.54,6.54,6.54,2
2025-12-24 12:07:00,6.54,6.54,6.54,6.54,0
2025-12-24 12:08:00,6.53,6.53,6.53,6.53,3
2025-12-24 12:09:00,6.53,6.53,6.53,6.53,0
2025-12-24 12:10:00,6.53,6.53,6.53,6.53,0
2025-12-24 12:11:00,6.52,6.52,6.51,6.51,3
2025-12-24 12:12:00,6.51,6.52,6.51,6.51,5
2025-12-24 12:13:00,6.51,6.51,6.51,6.51,0
2025-12-24 12:14:00,6.5,6.5,6.5,6.5,1
2025-12-24 12:15:00,6.5,6.5,6.5,6.5,0
2025-12-24 12:16:00,6.5,6.5,6.5,6.5,0
2025-12-24 12:17:00,6.5,6.5,6.5,6.5,0
2025-12-24 12:18:00,6.5,6.5,6.5,6.5,0
2025-12-24 12:19:00,6.49,6.49,6.49,6.49,1
2025-12-24 12:20:00,6.49,6.49,6.49,6.49,0
2025-12-24 12:21:00,6.49,6.5,6.49,6.5,3
2025-12-24 12:22:00,6.5,6.5,6.5,6.5,2
2025-12-24 12:23:00,6.5,6.5,6.5,6.5,1
2025-12-24 12:24:00,6.51,6.51,6.5,6.5,6
2025-12-24 12:25:00,6.5,6.5,6.5,6.5,0
2025-12-24 12:26:00,6.51,6.51,6.5,6.5,6
2025-12-24 12:27:00,6.49,6.49,6.49,6.49,2
2025-12-24 12:28:00,6.49,6.49,6.48,6.49,1
2025-12-24 12:29:00,6.49,6.49,6.49,6.49,0
2025-12-24 12:30:00,6.5,6.5,6.5,6.5,1
2025-12-24 12:31:00,6.5,6.5,6.5,6.5,0
2025-12-24 12:32:00,6.5,6.5,6.5,6.5,0
2025-12-24 12:33:00,6.5,6.5,6.5,6.5,0
2025-12-24 12:34:00,6.49,6.5,6.49,6.49,1
2025-12-24 12:35:00,6.49,6.51,6.49,6.51,11
2025-12-24 12:36:00,6.5,6.51,6.5,6.5,1
2025-12-24 12:37:00,6.5,6.5,6.5,6.5,0
2025-12-24 12:38:00,6.5,6.5,6.5,6.5,0
2025-12-24 12:39:00,6.51,6.51,6.51,6.51,1
2025-12-24 12:40:00,6.52,6.53,6.51,6.53,10
2025-12-24 12:41:00,6.53,6.53,6.53,6.53,0
2025-12-24 12:42:00,6.52,6.52,6.51,6.52,6
2025-12-24 12:43:00,6.52,6.52,6.52,6.52,0
2025-12-24 12:44:00,6.52,6.52,6.52,6.52,0
2025-12-24 12:45:00,6.52,6.52,6.52,6.52,0
2025-12-24 12:46:00,6.52,6.52,6.52,6.52,0
2025-12-24 12:47:00,6.52,6.52,6.52,6.52,14
2025-12-24 12:48:00,6.51,6.52,6.51,6.51,7
2025-12-24 12:49:00,6.5,6.51,6.5,6.51,8
2025-12-24 12:50:00,6.51,6.51,6.5,6.5,10
2025-12-24 12:51:00,6.5,6.5,6.5,6.5,0
2025-12-24 12:52:00,6.5,6.5,6.49,6.49,9
2025-12-24 12:53:00,6.51,6.51,6.51,6.51,2
2025-12-24 12:54:00,6.51,6.51,6.51,6.51,1
2025-12-24 12:55:00,6.51,6.51,6.51,6.51,7
2025-12-24 12:56:00,6.5,6.52,6.5,6.52,12
2025-12-24 12:57:00,6.52,6.52,6.52,6.52,2
2025-12-24 12:58:00,6.51,6.52,6.5,6.5,49
2025-12-24 12:59:00,6.51,6.53,6.5,6.5,65
2025-12-26 09:30:00,6.47,6.47,6.31,6.35,114
2025-12-26 09:31:00,6.34,6.39,6.34,6.39,3
2025-12-26 09:32:00,6.38,6.39,6.38,6.38,7
2025-12-26 09:33:00,6.37,6.37,6.34,6.36,26
2025-12-26 09:34:00,6.39,6.39,6.37,6.37,5
2025-12-26 09:35:00,6.37,6.37,6.36,6.37,2
2025-12-26 09:36:00,6.37,6.37,6.37,6.37,0
2025-12-26 09:37:00,6.43,6.43,6.37,6.38,12
2025-12-26 09:38:00,6.37,6.4,6.37,6.4,28
2025-12-26 09:39:00,6.4,6.4,6.35,6.35,10
2025-12-26 09:40:00,6.35,6.36,6.35,6.35,11
2025-12-26 09:41:00,6.35,6.35,6.32,6.32,17
2025-12-26 09:42:00,6.32,6.32,6.32,6.32,1
2025-12-26 09:43:00,6.32,6.32,6.3,6.31,28
2025-12-26 09:44:00,6.3,6.31,6.3,6.3,5
2025-12-26 09:45:00,6.31,6.31,6.3,6.3,4
2025-12-26 09:46:00,6.3,6.31,6.3,6.31,3
2025-12-26 09:47:00,6.34,6.34,6.34,6.34,5
2025-12-26 09:48:00,6.34,6.34,6.34,6.34,0
2025-12-26 09:49:00,6.36,6.36,6.32,6.33,6
2025-12-26 09:50:00,6.33,6.33,6.33,6.33,0
2025-12-26 09:51:00,6.34,6.34,6.34,6.34,2
2025-12-26 09:52:00,6.34,6.34,6.34,6.34,0
2025-12-26 09:53:00,6.34,6.34,6.34,6.34,0
2025-12-26 09:54:00,6.34,6.34,6.34,6.34,0
2025-12-26 09:55:00,6.34,6.34,6.34,6.34,0
2025-12-26 09:56:00,6.34,6.34,6.34,6.34,0
2025-12-26 09:57:00,6.34,6.34,6.34,6.34,1
2025-12-26 09:58:00,6.34,6.34,6.34,6.34,0
2025-12-26 09:59:00,6.34,6.34,6.34,6.34,0
2025-12-26 10:00:00,6.34,6.34,6.33,6.34,2
2025-12-26 10:01:00,6.32,6.32,6.32,6.32,2
2025-12-26 10:02:00,6.31,6.31,6.31,6.31,2
2025-12-26 10:03:00,6.31,6.31,6.31,6.31,0
2025-12-26 10:04:00,6.31,6.31,6.31,6.31,0
2025-12-26 10:05:00,6.29,6.3,6.29,6.29,1
2025-12-26 10:06:00,6.29,6.29,6.29,6.29,0
2025-12-26 10:07:00,6.29,6.29,6.29,6.29,0
2025-12-26 10:08:00,6.29,6.29,6.29,6.29,0
2025-12-26 10:09:00,6.32,6.32,6.31,6.32,1
2025-12-26 10:10:00,6.32,6.32,6.32,6.32,0
2025-12-26 10:11:00,6.32,6.32,6.32,6.32,0
2025-12-26 10:12:00,6.3,6.31,6.3,6.31,5
2025-12-26 10:13:00,6.31,6.31,6.31,6.31,0
2025-12-26 10:14:00,6.31,6.31,6.31,6.31,2
2025-12-26 10:15:00,6.31,6.31,6.31,6.31,0
2025-12-26 10:16:00,6.32,6.32,6.31,6.32,7
2025-12-26 10:17:00,6.32,6.32,6.31,6.32,6
2025-12-26 10:18:00,6.33,6.34,6.33,6.34,7
2025-12-26 10:19:00,6.34,6.34,6.34,6.34,0
2025-12-26 10:20:00,6.34,6.34,6.34,6.34,0
2025-12-26 10:21:00,6.36,6.37,6.36,6.37,7
2025-12-26 10:22:00,6.36,6.36,6.36,6.36,12
2025-12-26 10:23:00,6.36,6.36,6.36,6.36,1
2025-12-26 10:24:00,6.35,6.35,6.34,6.34,4
2025-12-26 10:25:00,6.34,6.34,6.34,6.34,12
2025-12-26 10:26:00,6.34,6.34,6.34,6.34,7
2025-12-26 10:27:00,6.34,6.34,6.34,6.34,0
2025-12-26 10:28:00,6.34,6.34,6.34,6.34,7
2025-12-26 10:29:00,6.36,6.36,6.36,6.36,2
2025-12-26 10:30:00,6.36,6.36,6.36,6.36,4
2025-12-26 10:31:00,6.36,6.37,6.36,6.36,13
2025-12-26 10:32:00,6.37,6.37,6.37,6.37,1
2025-12-26 10:33:00,6.38,6.38,6.36,6.36,3
2025-12-26 10:34:00,6.38,6.39,6.38,6.39,2
2025-12-26 10:35:00,6.39,6.39,6.39,6.39,0
2025-12-26 10:36:00,6.38,6.38,6.37,6.37,2
2025-12-26 10:37:00,6.37,6.37,6.37,6.37,0
2025-12-26 10:38:00,6.38,6.38,6.38,6.38,2
2025-12-26 10:39:00,6.37,6.37,6.36,6.37,3
2025-12-26 10:40:00,6.37,6.37,6.37,6.37,0
2025-12-26 10:41:00,6.39,6.39,6.39,6.39,1
2025-12-26 10:42:00,6.37,6.37,6.37,6.37,1
2025-12-26 10:43:00,6.37,6.37,6.37,6.37,0
2025-12-26 10:44:00,6.37,6.37,6.37,6.37,0
2025-12-26 10:45:00,6.37,6.37,6.37,6.37,1
2025-12-26 10:46:00,6.37,6.37,6.37,6.37,2
2025-12-26 10:47:00,6.37,6.37,6.36,6.36,3
2025-12-26 10:48:00,6.38,6.39,6.37,6.39,3
2025-12-26 10:49:00,6.4,6.4,6.4,6.4,1
2025-12-26 10:50:00,6.37,6.38,6.37,6.38,3
2025-12-26 10:51:00,6.38,6.38,6.38,6.38,0
2025-12-26 10:52:00,6.36,6.36,6.36,6.36,4
2025-12-26 10:53:00,6.36,6.36,6.36,6.36,0
2025-12-26 10:54:00,6.37,6.37,6.36,6.37,1
2025-12-26 10:55:00,6.37,6.37,6.35,6.35,3
2025-12-26 10:56:00,6.35,6.35,6.35,6.35,0
2025-12-26 10:57:00,6.35,6.35,6.35,6.35,0
2025-12-26 10:58:00,6.36,6.36,6.36,6.36,5
2025-12-26 10:59:00,6.36,6.36,6.36,6.36,0
2025-12-26 11:00:00,6.37,6.37,6.37,6.37,1
2025-12-26 11:01:00,6.37,6.37,6.37,6.37,0
2025-12-26 11:02:00,6.36,6.38,6.36,6.36,25
2025-12-26 11:03:00,6.35,6.35,6.35,6.35,3
2025-12-26 11:04:00,6.35,6.35,6.35,6.35,0
2025-12-26 11:05:00,6.34,6.34,6.31,6.31,29
2025-12-26 11:06:00,6.31,6.31,6.31,6.31,0
2025-12-26 11:07:00,6.3,6.3,6.28,6.28,53
2025-12-26 11:08:00,6.29,6.29,6.29,6.29,2
2025-12-26 11:09:00,6.29,6.29,6.26,6.27,13
2025-12-26 11:10:00,6.26,6.26,6.25,6.25,5
2025-12-26 11:11:00,6.25,6.25,6.24,6.24,17
2025-12-26 11:12:00,6.24,6.24,6.24,6.24,0
2025-12-26 11:13:00,6.26,6.27,6.26,6.27,3
2025-12-26 11:14:00,6.26,6.26,6.26,6.26,1
2025-12-26 11:15:00,6.26,6.26,6.26,6.26,0
2025-12-26 11:16:00,6.27,6.28,6.27,6.28,25
2025-12-26 11:17:00,6.28,6.28,6.28,6.28,0
2025-12-26 11:18:00,6.28,6.28,6.28,6.28,0
2025-12-26 11:19:00,6.28,6.3,6.27,6.29,16
2025-12-26 11:20:00,6.29,6.29,6.29,6.29,0
2025-12-26 11:21:00,6.29,6.29,6.29,6.29,0
2025-12-26 11:22:00,6.29,6.29,6.29,6.29,0
2025-12-26 11:23:00,6.29,6.29,6.29,6.29,0
2025-12-26 11:24:00,6.29,6.29,6.29,6.29,0
2025-12-26 11:25:00,6.29,6.29,6.29,6.29,0
2025-12-26 11:26:00,6.29,6.29,6.28,6.29,1
2025-12-26 11:27:00,6.3,6.3,6.3,6.3,1
2025-12-26 11:28:00,6.3,6.3,6.3,6.3,0
2025-12-26 11:29:00,6.3,6.3,6.29,6.3,10
2025-12-26 11:30:00,6.3,6.3,6.3,6.3,0
2025-12-26 11:31:00,6.28,6.31,6.27,6.29,135
2025-12-26 11:32:00,6.29,6.3,6.29,6.29,1
2025-12-26 11:33:00,6.29,6.29,6.29,6.29,0
2025-12-26 11:34:00,6.29,6.29,6.29,6.29,0
2025-12-26 11:35:00,6.29,6.29,6.28,6.29,1
2025-12-26 11:36:00,6.29,6.29,6.28,6.29,2
2025-12-26 11:37:00,6.29,6.29,6.28,6.29,3
2025-12-26 11:38:00,6.29,6.29,6.29,6.29,0
2025-12-26 11:39:00,6.3,6.3,6.28,6.28,8
2025-12-26 11:40:00,6.29,6.29,6.28,6.29,1
2025-12-26 11:41:00,6.29,6.29,6.29,6.29,0
2025-12-26 11:42:00,6.29,6.29,6.29,6.29,0
2025-12-26 11:43:00,6.29,6.29,6.28,6.28,2
2025-12-26 11:44:00,6.28,6.28,6.28,6.28,0
2025-12-26 11:45:00,6.29,6.3,6.29,6.29,1
2025-12-26 11:46:00,6.29,6.29,6.29,6.29,0
2025-12-26 11:47:00,6.29,6.3,6.29,6.3,2
2025-12-26 11:48:00,6.29,6.29,6.29,6.29,7
2025-12-26 11:49:00,6.29,6.29,6.29,6.29,0
2025-12-26 11:50:00,6.29,6.29,6.29,6.29,0
2025-12-26 11:51:00,6.3,6.3,6.3,6.3,1
2025-12-26 11:52:00,6.3,6.31,6.29,6.31,14
2025-12-26 11:53:00,6.32,6.32,6.32,6.32,1
2025-12-26 11:54:00,6.32,6.32,6.32,6.32,0
2025-12-26 11:55:00,6.32,6.32,6.32,6.32,1
2025-12-26 11:56:00,6.32,6.32,6.32,6.32,0
2025-12-26 11:57:00,6.32,6.32,6.32,6.32,0
2025-12-26 11:58:00,6.33,6.34,6.33,6.33,1
2025-12-26 11:59:00,6.32,6.34,6.32,6.34,2
2025-12-26 12:00:00,6.34,6.34,6.34,6.34,0
2025-12-26 12:01:00,6.3,6.31,6.3,6.3,11
2025-12-26 12:02:00,6.3,6.31,6.3,6.31,4
2025-12-26 12:03:00,6.31,6.31,6.31,6.31,2
2025-12-26 12:04:00,6.29,6.29,6.29,6.29,4
2025-12-26 12:05:00,6.29,6.3,6.29,6.3,4
2025-12-26 12:06:00,6.3,6.3,6.3,6.3,0
2025-12-26 12:07:00,6.3,6.3,6.3,6.3,0
2025-12-26 12:08:00,6.29,6.3,6.29,6.29,1
2025-12-26 12:09:00,6.29,6.29,6.29,6.29,0
2025-12-26 12:10:00,6.3,6.3,6.3,6.3,2
2025-12-26 12:11:00,6.3,6.3,6.3,6.3,0
2025-12-26 12:12:00,6.32,6.32,6.31,6.32,2
2025-12-26 12:13:00,6.32,6.32,6.31,6.32,1
2025-12-26 12:14:00,6.32,6.32,6.32,6.32,0
2025-12-26 12:15:00,6.32,6.32,6.32,6.32,0
2025-12-26 12:16:00,6.32,6.32,6.32,6.32,0
2025-12-26 12:17:00,6.33,6.33,6.32,6.33,1
2025-12-26 12:18:00,6.33,6.33,6.33,6.33,0
2025-12-26 12:19:00,6.31,6.32,6.31,6.32,9
2025-12-26 12:20:00,6.32,6.32,6.32,6.32,0
2025-12-26 12:21:00,6.32,6.32,6.32,6.32,0
2025-12-26 12:22:00,6.32,6.32,6.32,6.32,0
2025-12-26 12:23:00,6.31,6.32,6.31,6.32,2
2025-12-26 12:24:00,6.32,6.32,6.32,6.32,0
2025-12-26 12:25:00,6.32,6.32,6.32,6.32,0
2025-12-26 12:26:00,6.32,6.32,6.32,6.32,0
2025-12-26 12:27:00,6.32,6.32,6.32,6.32,2
2025-12-26 12:28:00,6.32,6.32,6.32,6.32,0
2025-12-26 12:29:00,6.32,6.32,6.32,6.32,0
2025-12-26 12:30:00,6.31,6.31,6.31,6.31,1
2025-12-26 12:31:00,6.31,6.31,6.31,6.31,0
2025-12-26 12:32:00,6.31,6.31,6.31,6.31,0
2025-12-26 12:33:00,6.31,6.31,6.31,6.31,0
2025-12-26 12:34:00,6.31,6.31,6.31,6.31,1
2025-12-26 12:35:00,6.31,6.31,6.31,6.31,0
2025-12-26 12:36:00,6.31,6.31,6.31,6.31,0
2025-12-26 12:37:00,6.31,6.31,6.31,6.31,1
2025-12-26 12:38:00,6.31,6.31,6.31,6.31,0
2025-12-26 12:39:00,6.31,6.31,6.31,6.31,0
2025-12-26 12:40:00,6.31,6.31,6.31,6.31,0
2025-12-26 12:41:00,6.32,6.32,6.32,6.32,1
2025-12-26 12:42:00,6.31,6.32,6.31,6.32,3
2025-12-26 12:43:00,6.32,6.32,6.31,6.31,4
2025-12-26 12:44:00,6.31,6.31,6.31,6.31,0
2025-12-26 12:45:00,6.32,6.32,6.31,6.32,2
2025-12-26 12:46:00,6.32,6.32,6.32,6.32,0
2025-12-26 12:47:00,6.32,6.32,6.32,6.32,0
2025-12-26 12:48:00,6.32,6.33,6.32,6.33,7
2025-12-26 12:49:00,6.32,6.32,6.31,6.31,7
2025-12-26 12:50:00,6.31,6.31,6.31,6.31,0
2025-12-26 12:51:00,6.31,6.31,6.31,6.31,0
2025-12-26 12:52:00,6.32,6.32,6.32,6.32,1
2025-12-26 12:53:00,6.33,6.33,6.33,6.33,1
2025-12-26 12:54:00,6.33,6.33,6.33,6.33,0
2025-12-26 12:55:00,6.31,6.31,6.31,6.31,6
2025-12-26 12:56:00,6.31,6.31,6.31,6.31,0
2025-12-26 12:57:00,6.31,6.31,6.31,6.31,0
2025-12-26 12:58:00,6.31,6.31,6.31,6.31,1
2025-12-26 12:59:00,6.31,6.31,6.31,6.31,0
2025-12-26 13:00:00,6.31,6.31,6.31,6.31,1
2025-12-26 13:01:00,6.31,6.31,6.31,6.31,0
2025-12-26 13:02:00,6.31,6.31,6.31,6.31,0
2025-12-26 13:03:00,6.31,6.31,6.31,6.31,0
2025-12-26 13:04:00,6.32,6.32,6.32,6.32,1
2025-12-26 13:05:00,6.31,6.31,6.31,6.31,1
2025-12-26 13:06:00,6.31,6.31,6.31,6.31,0
2025-12-26 13:07:00,6.31,6.31,6.31,6.31,0
2025-12-26 13:08:00,6.31,6.31,6.31,6.31,0
2025-12-26 13:09:00,6.32,6.32,6.31,6.32,2
2025-12-26 13:10:00,6.31,6.31,6.31,6.31,8
2025-12-26 13:11:00,6.31,6.31,6.31,6.31,0
2025-12-26 13:12:00,6.31,6.31,6.31,6.31,0
2025-12-26 13:13:00,6.32,6.32,6.31,6.32,1
2025-12-26 13:14:00,6.32,6.32,6.31,6.32,11
2025-12-26 13:15:00,6.32,6.32,6.31,6.32,1
2025-12-26 13:16:00,6.32,6.32,6.32,6.32,13
2025-12-26 13:17:00,6.33,6.33,6.32,6.32,2
2025-12-26 13:18:00,6.32,6.32,6.32,6.32,0
2025-12-26 13:19:00,6.33,6.35,6.33,6.34,14
2025-12-26 13:20:00,6.33,6.34,6.33,6.33,2
2025-12-26 13:21:00,6.33,6.34,6.32,6.32,8
2025-12-26 13:22:00,6.32,6.32,6.32,6.32,0
2025-12-26 13:23:00,6.31,6.31,6.29,6.29,18
2025-12-26 13:24:00,6.29,6.29,6.29,6.29,0
2025-12-26 13:25:00,6.29,6.3,6.29,6.29,3
2025-12-26 13:26:00,6.29,6.29,6.29,6.29,0
2025-12-26 13:27:00,6.29,6.29,6.29,6.29,0
2025-12-26 13:28:00,6.3,6.31,6.3,6.31,5
2025-12-26 13:29:00,6.31,6.31,6.31,6.31,0
2025-12-26 13:30:00,6.31,6.31,6.31,6.31,0
2025-12-26 13:31:00,6.31,6.31,6.3,6.31,1
2025-12-26 13:32:00,6.3,6.3,6.3,6.3,3
2025-12-26 13:33:00,6.3,6.31,6.29,6.31,9
2025-12-26 13:34:00,6.31,6.31,6.3,6.31,1
2025-12-26 13:35:00,6.31,6.31,6.31,6.31,2
2025-12-26 13:36:00,6.31,6.31,6.31,6.31,0
2025-12-26 13:37:00,6.31,6.31,6.31,6.31,0
2025-12-26 13:38:00,6.31,6.31,6.31,6.31,1
2025-12-26 13:39:00,6.32,6.32,6.32,6.32,1
2025-12-26 13:40:00,6.32,6.32,6.32,6.32,0
2025-12-26 13:41:00,6.31,6.32,6.31,6.32,2
2025-12-26 13:42:00,6.32,6.32,6.32,6.32,0
2025-12-26 13:43:00,6.32,6.32,6.32,6.32,0
2025-12-26 13:44:00,6.32,6.32,6.32,6.32,0
2025-12-26 13:45:00,6.32,6.32,6.32,6.32,0
2025-12-26 13:46:00,6.32,6.32,6.31,6.32,1
2025-12-26 13:47:00,6.32,6.32,6.32,6.32,0
2025-12-26 13:48:00,6.34,6.34,6.34,6.34,1
2025-12-26 13:49:00,6.34,6.34,6.34,6.34,0
2025-12-26 13:50:00,6.34,6.34,6.34,6.34,0
2025-12-26 13:51:00,6.34,6.34,6.34,6.34,0
2025-12-26 13:52:00,6.33,6.33,6.33,6.33,3
2025-12-26 13:53:00,6.33,6.33,6.33,6.33,1
2025-12-26 13:54:00,6.33,6.33,6.32,6.33,2
2025-12-26 13:55:00,6.33,6.33,6.33,6.33,0
2025-12-26 13:56:00,6.33,6.33,6.33,6.33,0
2025-12-26 13:57:00,6.33,6.33,6.3,6.32,122
2025-12-26 13:58:00,6.32,6.32,6.31,6.32,20
2025-12-26 13:59:00,6.32,6.32,6.32,6.32,0
2025-12-26 14:00:00,6.32,6.32,6.32,6.32,1
2025-12-26 14:01:00,6.32,6.32,6.32,6.32,0
2025-12-26 14:02:00,6.3,6.3,6.3,6.3,7
2025-12-26 14:03:00,6.3,6.3,6.3,6.3,0
2025-12-26 14:04:00,6.3,6.3,6.3,6.3,0
2025-12-26 14:05:00,6.32,6.32,6.32,6.32,8
2025-12-26 14:06:00,6.32,6.32,6.32,6.32,0
2025-12-26 14:07:00,6.32,6.32,6.32,6.32,0
2025-12-26 14:08:00,6.33,6.33,6.33,6.33,2
2025-12-26 14:09:00,6.33,6.33,6.32,6.33,1
2025-12-26 14:10:00,6.33,6.33,6.32,6.33,2
2025-12-26 14:11:00,6.33,6.33,6.33,6.33,0
2025-12-26 14:12:00,6.33,6.33,6.31,6.32,9
2025-12-26 14:13:00,6.32,6.32,6.32,6.32,0
2025-12-26 14:14:00,6.32,6.32,6.32,6.32,0
2025-12-26 14:15:00,6.32,6.32,6.32,6.32,0
2025-12-26 14:16:00,6.32,6.32,6.32,6.32,0
2025-12-26 14:17:00,6.32,6.32,6.32,6.32,0
2025-12-26 14:18:00,6.32,6.32,6.32,6.32,0
2025-12-26 14:19:00,6.31,6.32,6.31,6.32,9
2025-12-26 14:20:00,6.32,6.32,6.32,6.32,0
2025-12-26 14:21:00,6.32,6.32,6.32,6.32,0
2025-12-26 14:22:00,6.32,6.32,6.32,6.32,8
2025-12-26 14:23:00,6.32,6.32,6.32,6.32,0
2025-12-26 14:24:00,6.32,6.32,6.32,6.32,0
2025-12-26 14:25:00,6.32,6.32,6.32,6.32,0
2025-12-26 14:26:00,6.32,6.32,6.32,6.32,0
2025-12-26 14:27:00,6.32,6.32,6.32,6.32,6
2025-12-26 14:28:00,6.32,6.32,6.32,6.32,3
2025-12-26 14:29:00,6.32,6.32,6.32,6.32,4
2025-12-26 14:30:00,6.32,6.32,6.27,6.3,91
2025-12-26 14:31:00,6.3,6.3,6.3,6.3,0
2025-12-26 14:32:00,6.3,6.3,6.3,6.3,0
2025-12-26 14:33:00,6.3,6.31,6.3,6.31,24
2025-12-26 14:34:00,6.31,6.31,6.31,6.31,0
2025-12-26 14:35:00,6.3,6.31,6.3,6.31,6
2025-12-26 14:36:00,6.31,6.31,6.3,6.31,1
2025-12-26 14:37:00,6.31,6.33,6.31,6.32,11
2025-12-26 14:38:00,6.32,6.32,6.32,6.32,4
2025-12-26 14:39:00,6.32,6.32,6.32,6.32,1
2025-12-26 14:40:00,6.33,6.33,6.32,6.32,5
2025-12-26 14:41:00,6.33,6.33,6.33,6.33,1
2025-12-26 14:42:00,6.33,6.33,6.33,6.33,1
2025-12-26 14:43:00,6.32,6.32,6.32,6.32,1
2025-12-26 14:44:00,6.32,6.32,6.32,6.32,0
2025-12-26 14:45:00,6.32,6.32,6.32,6.32,0
2025-12-26 14:46:00,6.32,6.32,6.32,6.32,1
2025-12-26 14:47:00,6.32,6.32,6.32,6.32,0
2025-12-26 14:48:00,6.32,6.32,6.32,6.32,0
2025-12-26 14:49:00,6.32,6.32,6.32,6.32,2
2025-12-26 14:50:00,6.32,6.32,6.32,6.32,4
2025-12-26 14:51:00,6.32,6.32,6.31,6.32,1
2025-12-26 14:52:00,6.32,6.32,6.31,6.32,1
2025-12-26 14:53:00,6.32,6.32,6.32,6.32,0
2025-12-26 14:54:00,6.32,6.32,6.32,6.32,0
2025-12-26 14:55:00,6.32,6.32,6.32,6.32,0
2025-12-26 14:56:00,6.32,6.32,6.32,6.32,0
2025-12-26 14:57:00,6.32,6.32,6.32,6.32,0
2025-12-26 14:58:00,6.32,6.32,6.32,6.32,0
2025-12-26 14:59:00,6.32,6.32,6.32,6.32,0
2025-12-26 15:00:00,6.32,6.32,6.31,6.32,4
2025-12-26 15:01:00,6.31,6.31,6.3,6.3,13
2025-12-26 15:02:00,6.31,6.32,6.3,6.32,42
2025-12-26 15:03:00,6.32,6.32,6.32,6.32,0
2025-12-26 15:04:00,6.31,6.31,6.29,6.29,21
2025-12-26 15:05:00,6.29,6.29,6.29,6.29,0
2025-12-26 15:06:00,6.29,6.3,6.29,6.3,5
2025-12-26 15:07:00,6.29,6.29,6.26,6.29,91
2025-12-26 15:08:00,6.29,6.29,6.29,6.29,0
2025-12-26 15:09:00,6.27,6.28,6.27,6.27,10
2025-12-26 15:10:00,6.27,6.27,6.27,6.27,0
2025-12-26 15:11:00,6.29,6.29,6.29,6.29,14
2025-12-26 15:12:00,6.29,6.29,6.29,6.29,1
2025-12-26 15:13:00,6.29,6.29,6.29,6.29,2
2025-12-26 15:14:00,6.29,6.29,6.28,6.29,2
2025-12-26 15:15:00,6.29,6.29,6.29,6.29,4
2025-12-26 15:16:00,6.29,6.29,6.29,6.29,0
2025-12-26 15:17:00,6.29,6.29,6.28,6.29,2
2025-12-26 15:18:00,6.29,6.29,6.29,6.29,1
2025-12-26 15:19:00,6.29,6.29,6.29,6.29,1
2025-12-26 15:20:00,6.29,6.29,6.29,6.29,1
2025-12-26 15:21:00,6.29,6.29,6.29,6.29,0
2025-12-26 15:22:00,6.29,6.29,6.29,6.29,0
2025-12-26 15:23:00,6.29,6.29,6.29,6.29,1
2025-12-26 15:24:00,6.29,6.29,6.29,6.29,0
2025-12-26 15:25:00,6.29,6.29,6.29,6.29,0
2025-12-26 15:26:00,6.29,6.29,6.29,6.29,0
2025-12-26 15:27:00,6.29,6.29,6.29,6.29,8
2025-12-26 15:28:00,6.29,6.29,6.29,6.29,5
2025-12-26 15:29:00,6.29,6.29,6.29,6.29,8
2025-12-26 15:30:00,6.29,6.3,6.28,6.28,15
2025-12-26 15:31:00,6.28,6.28,6.28,6.28,0
2025-12-26 15:32:00,6.28,6.28,6.28,6.28,0
2025-12-26 15:33:00,6.28,6.28,6.28,6.28,0
2025-12-26 15:34:00,6.28,6.28,6.28,6.28,0
2025-12-26 15:35:00,6.28,6.28,6.28,6.28,0
2025-12-26 15:36:00,6.28,6.28,6.28,6.28,0
2025-12-26 15:37:00,6.28,6.28,6.28,6.28,0
2025-12-26 15:38:00,6.28,6.28,6.28,6.28,1
2025-12-26 15:39:00,6.29,6.29,6.28,6.29,3
2025-12-26 15:40:00,6.29,6.29,6.29,6.29,0
2025-12-26 15:41:00,6.28,6.28,6.28,6.28,1
2025-12-26 15:42:00,6.27,6.28,6.27,6.28,15
2025-12-26 15:43:00,6.28,6.28,6.26,6.26,15
2025-12-26 15:44:00,6.26,6.27,6.25,6.26,18
2025-12-26 15:45:00,6.26,6.26,6.26,6.26,0
2025-12-26 15:46:00,6.27,6.29,6.26,6.29,32
2025-12-26 15:47:00,6.29,6.29,6.29,6.29,6
2025-12-26 15:48:00,6.29,6.29,6.28,6.29,5
2025-12-26 15:49:00,6.28,6.28,6.28,6.28,2
2025-12-26 15:50:00,6.28,6.28,6.28,6.28,0
2025-12-26 15:51:00,6.28,6.28,6.28,6.28,0
2025-12-26 15:52:00,6.28,6.28,6.26,6.26,21
2025-12-26 15:53:00,6.25,6.26,6.25,6.25,4
2025-12-26 15:54:00,6.25,6.26,6.23,6.23,31
2025-12-26 15:55:00,6.23,6.23,6.21,6.21,66
2025-12-26 15:56:00,6.21,6.21,6.2,6.21,16
2025-12-26 15:57:00,6.21,6.21,6.17,6.2,156
2025-12-26 15:58:00,6.2,6.2,6.18,6.19,112
2025-12-26 15:59:00,6.19,6.19,6.15,6.15,287
2025-12-29 09:30:00,6.13,6.14,6.06,6.08,203
2025-12-29 09:31:00,6.07,6.11,6.06,6.08,23
2025-12-29 09:32:00,6.11,6.15,6.11,6.14,8
2025-12-29 09:33:00,6.14,6.15,6.12,6.15,18
2025-12-29 09:34:00,6.15,6.16,6.15,6.15,3
2025-12-29 09:35:00,6.17,6.22,6.17,6.22,50
2025-12-29 09:36:00,6.21,6.24,6.21,6.24,23
2025-12-29 09:37:00,6.24,6.24,6.2,6.2,26
2025-12-29 09:38:00,6.23,6.23,6.17,6.19,27
2025-12-29 09:39:00,6.18,6.18,6.17,6.18,1
2025-12-29 09:40:00,6.15,6.17,6.15,6.17,6
2025-12-29 09:41:00,6.16,6.17,6.16,6.16,1
2025-12-29 09:42:00,6.19,6.21,6.19,6.21,9
2025-12-29 09:43:00,6.2,6.2,6.19,6.2,1
2025-12-29 09:44:00,6.16,6.18,6.16,6.18,14
2025-12-29 09:45:00,6.15,6.18,6.15,6.18,4
2025-12-29 09:46:00,6.18,6.2,6.17,6.19,7
2025-12-29 09:47:00,6.18,6.18,6.18,6.18,1
2025-12-29 09:48:00,6.19,6.23,6.17,6.21,16
2025-12-29 09:49:00,6.2,6.21,6.2,6.2,1
2025-12-29 09:50:00,6.22,6.22,6.2,6.2,3
2025-12-29 09:51:00,6.2,6.21,6.2,6.2,1
2025-12-29 09:52:00,6.2,6.21,6.2,6.2,1
2025-12-29 09:53:00,6.2,6.21,6.2,6.2,1
2025-12-29 09:54:00,6.18,6.21,6.18,6.2,4
2025-12-29 09:55:00,6.2,6.21,6.2,6.2,1
2025-12-29 09:56:00,6.19,6.23,6.19,6.22,24
2025-12-29 09:57:00,6.22,6.24,6.22,6.24,7
2025-12-29 09:58:00,6.22,6.23,6.22,6.22,1
2025-12-29 09:59:00,6.23,6.24,6.23,6.24,7
2025-12-29 10:00:00,6.24,6.24,6.23,6.24,1
2025-12-29 10:01:00,6.23,6.24,6.22,6.23,43
2025-12-29 10:02:00,6.21,6.22,6.21,6.22,4
2025-12-29 10:03:00,6.22,6.22,6.22,6.22,0
2025-12-29 10:04:00,6.22,6.22,6.22,6.22,0
2025-12-29 10:05:00,6.2,6.22,6.2,6.22,3
2025-12-29 10:06:00,6.22,6.22,6.22,6.22,0
2025-12-29 10:07:00,6.22,6.22,6.22,6.22,1
2025-12-29 10:08:00,6.22,6.22,6.22,6.22,0
2025-12-29 10:09:00,6.2,6.22,6.16,6.16,208
2025-12-29 10:10:00,6.21,6.26,6.21,6.25,58
2025-12-29 10:11:00,6.25,6.25,6.25,6.25,0
2025-12-29 10:12:00,6.26,6.26,6.24,6.25,4
2025-12-29 10:13:00,6.25,6.25,6.24,6.25,2
2025-12-29 10:14:00,6.27,6.27,6.26,6.26,5
2025-12-29 10:15:00,6.26,6.26,6.26,6.26,0
2025-12-29 10:16:00,6.28,6.29,6.27,6.27,12
2025-12-29 10:17:00,6.27,6.27,6.26,6.27,52
2025-12-29 10:18:00,6.26,6.26,6.24,6.24,8
2025-12-29 10:19:00,6.25,6.25,6.24,6.25,12
2025-12-29 10:20:00,6.25,6.25,6.25,6.25,0
2025-12-29 10:21:00,6.25,6.25,6.24,6.25,4
2025-12-29 10:22:00,6.25,6.25,6.24,6.24,7
2025-12-29 10:23:00,6.24,6.24,6.24,6.24,1
2025-12-29 10:24:00,6.26,6.26,6.26,6.26,1
2025-12-29 10:25:00,6.26,6.27,6.26,6.26,9
2025-12-29 10:26:00,6.24,6.26,6.24,6.26,23
2025-12-29 10:27:00,6.25,6.25,6.25,6.25,1
2025-12-29 10:28:00,6.25,6.25,6.25,6.25,1
2025-12-29 10:29:00,6.26,6.26,6.26,6.26,3
2025-12-29 10:30:00,6.24,6.25,6.24,6.25,3
2025-12-29 10:31:00,6.25,6.25,6.23,6.24,29
2025-12-29 10:32:00,6.24,6.24,6.24,6.24,0
2025-12-29 10:33:00,6.23,6.27,6.23,6.27,62
2025-12-29 10:34:00,6.27,6.27,6.27,6.27,0
2025-12-29 10:35:00,6.25,6.25,6.25,6.25,2
2025-12-29 10:36:00,6.26,6.26,6.24,6.25,22
2025-12-29 10:37:00,6.24,6.25,6.23,6.23,61
2025-12-29 10:38:00,6.24,6.24,6.23,6.24,1
2025-12-29 10:39:00,6.23,6.23,6.22,6.22,6
2025-12-29 10:40:00,6.21,6.22,6.21,6.21,4
2025-12-29 10:41:00,6.21,6.21,6.21,6.21,4
2025-12-29 10:42:00,6.21,6.21,6.19,6.2,12
2025-12-29 10:43:00,6.2,6.21,6.2,6.2,7
2025-12-29 10:44:00,6.2,6.2,6.2,6.2,0
2025-12-29 10:45:00,6.2,6.2,6.2,6.2,0
2025-12-29 10:46:00,6.22,6.22,6.22,6.22,1
2025-12-29 10:47:00,6.22,6.22,6.22,6.22,0
2025-12-29 10:48:00,6.2,6.2,6.2,6.2,6
2025-12-29 10:49:00,6.2,6.2,6.2,6.2,0
2025-12-29 10:50:00,6.21,6.21,6.19,6.2,7
2025-12-29 10:51:00,6.19,6.19,6.17,6.17,2
2025-12-29 10:52:00,6.17,6.17,6.17,6.17,0
2025-12-29 10:53:00,6.19,6.19,6.19,6.19,11
2025-12-29 10:54:00,6.19,6.19,6.19,6.19,0
2025-12-29 10:55:00,6.18,6.18,6.18,6.18,1
2025-12-29 10:56:00,6.18,6.18,6.18,6.18,0
2025-12-29 10:57:00,6.18,6.18,6.17,6.17,4
2025-12-29 10:58:00,6.18,6.19,6.18,6.19,9
2025-12-29 10:59:00,6.19,6.19,6.19,6.19,1
2025-12-29 11:00:00,6.19,6.19,6.19,6.19,5
2025-12-29 11:01:00,6.18,6.18,6.18,6.18,1
2025-12-29 11:02:00,6.19,6.2,6.19,6.19,4
2025-12-29 11:03:00,6.19,6.2,6.19,6.19,3
2025-12-29 11:04:00,6.19,6.19,6.19,6.19,0
2025-12-29 11:05:00,6.2,6.2,6.19,6.2,6
2025-12-29 11:06:00,6.2,6.2,6.2,6.2,0
2025-12-29 11:07:00,6.19,6.2,6.19,6.2,4
2025-12-29 11:08:00,6.19,6.19,6.19,6.19,2
2025-12-29 11:09:00,6.2,6.2,6.18,6.18,15
2025-12-29 11:10:00,6.18,6.19,6.18,6.19,12
2025-12-29 11:11:00,6.19,6.19,6.19,6.19,1
2025-12-29 11:12:00,6.19,6.19,6.19,6.19,0
2025-12-29 11:13:00,6.19,6.19,6.19,6.19,1
2025-12-29 11:14:00,6.19,6.19,6.19,6.19,0
2025-12-29 11:15:00,6.19,6.19,6.15,6.17,20
2025-12-29 11:16:00,6.18,6.18,6.18,6.18,6
2025-12-29 11:17:00,6.19,6.19,6.19,6.19,1
2025-12-29 11:18:00,6.19,6.19,6.19,6.19,0
2025-12-29 11:19:00,6.2,6.2,6.2,6.2,1
2025-12-29 11:20:00,6.18,6.19,6.18,6.18,3
2025-12-29 11:21:00,6.2,6.2,6.2,6.2,1
2025-12-29 11:22:00,6.2,6.2,6.2,6.2,0
2025-12-29 11:23:00,6.19,6.2,6.18,6.2,22
2025-12-29 11:24:00,6.2,6.21,6.19,6.19,5
2025-12-29 11:25:00,6.2,6.21,6.2,6.21,4
2025-12-29 11:26:00,6.2,6.2,6.2,6.2,9
2025-12-29 11:27:00,6.2,6.2,6.19,6.19,4
2025-12-29 11:28:00,6.21,6.21,6.21,6.21,7
2025-12-29 11:29:00,6.21,6.22,6.2,6.21,8
2025-12-29 11:30:00,6.21,6.21,6.2,6.21,2
2025-12-29 11:31:00,6.21,6.22,6.21,6.21,9
2025-12-29 11:32:00,6.21,6.22,6.21,6.21,38
2025-12-29 11:33:00,6.21,6.21,6.21,6.21,0
2025-12-29 11:34:00,6.22,6.22,6.22,6.22,1
2025-12-29 11:35:00,6.22,6.22,6.22,6.22,0
2025-12-29 11:36:00,6.22,6.22,6.22,6.22,0
2025-12-29 11:37:00,6.21,6.21,6.21,6.21,1
2025-12-29 11:38:00,6.21,6.21,6.21,6.21,0
2025-12-29 11:39:00,6.21,6.21,6.21,6.21,0
2025-12-29 11:40:00,6.21,6.21,6.19,6.2,8
2025-12-29 11:41:00,6.19,6.19,6.18,6.18,3
2025-12-29 11:42:00,6.19,6.2,6.19,6.19,2
2025-12-29 11:43:00,6.19,6.19,6.19,6.19,0
2025-12-29 11:44:00,6.19,6.19,6.18,6.19,2
2025-12-29 11:45:00,6.19,6.19,6.19,6.19,1
2025-12-29 11:46:00,6.19,6.19,6.19,6.19,0
2025-12-29 11:47:00,6.18,6.19,6.18,6.18,3
2025-12-29 11:48:00,6.18,6.18,6.18,6.18,0
2025-12-29 11:49:00,6.19,6.2,6.19,6.2,12
2025-12-29 11:50:00,6.19,6.2,6.19,6.2,8
2025-12-29 11:51:00,6.2,6.2,6.2,6.2,4
2025-12-29 11:52:00,6.2,6.2,6.2,6.2,7
2025-12-29 11:53:00,6.2,6.2,6.2,6.2,0
2025-12-29 11:54:00,6.2,6.2,6.19,6.2,3
2025-12-29 11:55:00,6.2,6.2,6.2,6.2,0
2025-12-29 11:56:00,6.2,6.2,6.2,6.2,0
2025-12-29 11:57:00,6.19,6.19,6.18,6.19,16
2025-12-29 11:58:00,6.18,6.18,6.18,6.18,2
2025-12-29 11:59:00,6.19,6.19,6.19,6.19,1
2025-12-29 12:00:00,6.19,6.19,6.19,6.19,0
2025-12-29 12:01:00,6.19,6.19,6.19,6.19,0
2025-12-29 12:02:00,6.19,6.19,6.19,6.19,1
2025-12-29 12:03:00,6.19,6.19,6.17,6.18,8
2025-12-29 12:04:00,6.18,6.18,6.17,6.18,1
2025-12-29 12:05:00,6.17,6.17,6.16,6.17,12
2025-12-29 12:06:00,6.17,6.17,6.16,6.17,4
2025-12-29 12:07:00,6.17,6.17,6.17,6.17,0
2025-12-29 12:08:00,6.16,6.16,6.16,6.16,2
2025-12-29 12:09:00,6.16,6.16,6.16,6.16,0
2025-12-29 12:10:00,6.16,6.17,6.16,6.16,7
2025-12-29 12:11:00,6.16,6.16,6.15,6.16,5
2025-12-29 12:12:00,6.16,6.16,6.16,6.16,4
2025-12-29 12:13:00,6.16,6.16,6.16,6.16,0
2025-12-29 12:14:00,6.17,6.17,6.17,6.17,2
2025-12-29 12:15:00,6.16,6.16,6.16,6.16,10
2025-12-29 12:16:00,6.16,6.16,6.16,6.16,0
2025-12-29 12:17:00,6.18,6.19,6.17,6.19,6
2025-12-29 12:18:00,6.19,6.19,6.19,6.19,0
2025-12-29 12:19:00,6.17,6.18,6.17,6.17,1
2025-12-29 12:20:00,6.18,6.18,6.18,6.18,1
2025-12-29 12:21:00,6.18,6.18,6.15,6.16,33
2025-12-29 12:22:00,6.16,6.17,6.16,6.17,4
2025-12-29 12:23:00,6.17,6.17,6.15,6.16,37
2025-12-29 12:24:00,6.16,6.16,6.16,6.16,1
2025-12-29 12:25:00,6.15,6.15,6.15,6.15,1
2025-12-29 12:26:00,6.16,6.16,6.15,6.16,8
2025-12-29 12:27:00,6.16,6.16,6.16,6.16,0
2025-12-29 12:28:00,6.16,6.17,6.16,6.16,10
2025-12-29 12:29:00,6.16,6.16,6.16,6.16,1
2025-12-29 12:30:00,6.17,6.17,6.16,6.17,4
2025-12-29 12:31:00,6.17,6.17,6.15,6.15,14
2025-12-29 12:32:00,6.16,6.17,6.16,6.17,10
2025-12-29 12:33:00,6.17,6.17,6.14,6.15,9
2025-12-29 12:34:00,6.15,6.15,6.15,6.15,0
2025-12-29 12:35:00,6.16,6.17,6.16,6.17,4
2025-12-29 12:36:00,6.17,6.17,6.16,6.17,2
2025-12-29 12:37:00,6.16,6.17,6.16,6.16,4
2025-12-29 12:38:00,6.17,6.17,6.16,6.16,16
2025-12-29 12:39:00,6.16,6.16,6.14,6.15,14
2025-12-29 12:40:00,6.15,6.15,6.14,6.14,18
2025-12-29 12:41:00,6.14,6.14,6.12,6.13,18
2025-12-29 12:42:00,6.13,6.14,6.12,6.13,19
2025-12-29 12:43:00,6.13,6.13,6.12,6.13,1
2025-12-29 12:44:00,6.13,6.13,6.12,6.13,1
2025-12-29 12:45:00,6.13,6.13,6.13,6.13,1
2025-12-29 12:46:00,6.13,6.13,6.13,6.13,0
2025-12-29 12:47:00,6.13,6.14,6.12,6.13,6
2025-12-29 12:48:00,6.13,6.13,6.13,6.13,0
2025-12-29 12:49:00,6.14,6.14,6.13,6.14,12
2025-12-29 12:50:00,6.14,6.18,6.14,6.18,28
2025-12-29 12:51:00,6.19,6.19,6.18,6.19,35
2025-12-29 12:52:00,6.19,6.19,6.19,6.19,1
2025-12-29 12:53:00,6.19,6.19,6.19,6.19,0
2025-12-29 12:54:00,6.19,6.19,6.19,6.19,0
2025-12-29 12:55:00,6.19,6.2,6.19,6.19,14
2025-12-29 12:56:00,6.19,6.19,6.19,6.19,0
2025-12-29 12:57:00,6.18,6.18,6.17,6.17,16
2025-12-29 12:58:00,6.16,6.18,6.15,6.18,8
2025-12-29 12:59:00,6.18,6.18,6.17,6.18,2
2025-12-29 13:00:00,6.18,6.18,6.18,6.18,4
2025-12-29 13:01:00,6.18,6.18,6.16,6.16,8
2025-12-29 13:02:00,6.16,6.16,6.15,6.16,1
2025-12-29 13:03:00,6.16,6.18,6.16,6.18,14
2025-12-29 13:04:00,6.18,6.18,6.18,6.18,0
2025-12-29 13:05:00,6.18,6.18,6.18,6.18,0
2025-12-29 13:06:00,6.18,6.18,6.18,6.18,0
2025-12-29 13:07:00,6.18,6.18,6.18,6.18,0
2025-12-29 13:08:00,6.19,6.19,6.19,6.19,1
2025-12-29 13:09:00,6.18,6.18,6.18,6.18,4
2025-12-29 13:10:00,6.18,6.18,6.17,6.18,20
2025-12-29 13:11:00,6.18,6.18,6.18,6.18,2
2025-12-29 13:12:00,6.18,6.18,6.18,6.18,0
2025-12-29 13:13:00,6.17,6.19,6.17,6.19,19
2025-12-29 13:14:00,6.18,6.19,6.18,6.19,2
2025-12-29 13:15:00,6.19,6.19,6.19,6.19,2
2025-12-29 13:16:00,6.19,6.19,6.18,6.19,8
2025-12-29 13:17:00,6.19,6.19,6.19,6.19,0
2025-12-29 13:18:00,6.19,6.19,6.18,6.19,1
2025-12-29 13:19:00,6.2,6.2,6.2,6.2,1
2025-12-29 13:20:00,6.2,6.2,6.19,6.2,4
2025-12-29 13:21:00,6.19,6.19,6.19,6.19,2
2025-12-29 13:22:00,6.19,6.2,6.19,6.2,22
2025-12-29 13:23:00,6.2,6.21,6.2,6.2,98
2025-12-29 13:24:00,6.19,6.2,6.18,6.2,12
2025-12-29 13:25:00,6.2,6.2,6.19,6.2,1
2025-12-29 13:26:00,6.2,6.2,6.2,6.2,0
2025-12-29 13:27:00,6.19,6.19,6.19,6.19,2
2025-12-29 13:28:00,6.19,6.19,6.19,6.19,0
2025-12-29 13:29:00,6.2,6.2,6.19,6.19,9
2025-12-29 13:30:00,6.19,6.19,6.19,6.19,0
2025-12-29 13:31:00,6.19,6.19,6.19,6.19,1
2025-12-29 13:32:00,6.19,6.19,6.19,6.19,0
2025-12-29 13:33:00,6.19,6.19,6.19,6.19,0
2025-12-29 13:34:00,6.19,6.2,6.19,6.2,3
2025-12-29 13:35:00,6.2,6.2,6.2,6.2,0
2025-12-29 13:36:00,6.2,6.2,6.19,6.2,2
2025-12-29 13:37:00,6.2,6.21,6.2,6.21,10
2025-12-29 13:38:00,6.21,6.21,6.2,6.2,20
2025-12-29 13:39:00,6.2,6.2,6.2,6.2,0
2025-12-29 13:40:00,6.2,6.2,6.19,6.19,16
2025-12-29 13:41:00,6.19,6.19,6.18,6.19,2
2025-12-29 13:42:00,6.19,6.19,6.19,6.19,2
2025-12-29 13:43:00,6.19,6.19,6.18,6.19,2
2025-12-29 13:44:00,6.19,6.19,6.19,6.19,0
2025-12-29 13:45:00,6.19,6.19,6.19,6.19,1
2025-12-29 13:46:00,6.19,6.19,6.19,6.19,1
2025-12-29 13:47:00,6.19,6.19,6.18,6.19,2
2025-12-29 13:48:00,6.19,6.19,6.18,6.19,20
2025-12-29 13:49:00,6.19,6.19,6.18,6.19,22
2025-12-29 13:50:00,6.18,6.18,6.16,6.17,30
2025-12-29 13:51:00,6.17,6.17,6.17,6.17,2
2025-12-29 13:52:00,6.17,6.17,6.17,6.17,0
2025-12-29 13:53:00,6.17,6.17,6.17,6.17,0
2025-12-29 13:54:00,6.17,6.17,6.16,6.17,2
2025-12-29 13:55:00,6.17,6.17,6.16,6.17,3
2025-12-29 13:56:00,6.17,6.17,6.16,6.17,8
2025-12-29 13:57:00,6.17,6.17,6.17,6.17,0
2025-12-29 13:58:00,6.16,6.16,6.16,6.16,10
2025-12-29 13:59:00,6.16,6.16,6.16,6.16,1
2025-12-29 14:00:00,6.16,6.16,6.16,6.16,0
2025-12-29 14:01:00,6.16,6.16,6.16,6.16,0
2025-12-29 14:02:00,6.15,6.16,6.15,6.15,11
2025-12-29 14:03:00,6.15,6.15,6.15,6.15,0
2025-12-29 14:04:00,6.15,6.17,6.15,6.17,16
2025-12-29 14:05:00,6.17,6.17,6.17,6.17,3
2025-12-29 14:06:00,6.17,6.17,6.16,6.16,7
2025-12-29 14:07:00,6.16,6.16,6.16,6.16,0
2025-12-29 14:08:00,6.16,6.16,6.16,6.16,0
2025-12-29 14:09:00,6.16,6.16,6.16,6.16,0
2025-12-29 14:10:00,6.16,6.16,6.15,6.16,7
2025-12-29 14:11:00,6.16,6.16,6.15,6.15,9
2025-12-29 14:12:00,6.16,6.17,6.15,6.16,13
2025-12-29 14:13:00,6.17,6.17,6.17,6.17,1
2025-12-29 14:14:00,6.16,6.16,6.16,6.16,1
2025-12-29 14:15:00,6.15,6.16,6.15,6.16,10
2025-12-29 14:16:00,6.15,6.15,6.15,6.15,1
2025-12-29 14:17:00,6.15,6.15,6.15,6.15,0
2025-12-29 14:18:00,6.15,6.16,6.15,6.16,28
2025-12-29 14:19:00,6.16,6.19,6.15,6.19,26
2025-12-29 14:20:00,6.19,6.19,6.19,6.19,0
2025-12-29 14:21:00,6.19,6.19,6.18,6.18,8
2025-12-29 14:22:00,6.17,6.18,6.17,6.17,1
2025-12-29 14:23:00,6.17,6.17,6.17,6.17,0
2025-12-29 14:24:00,6.17,6.17,6.17,6.17,0
2025-12-29 14:25:00,6.18,6.18,6.18,6.18,1
2025-12-29 14:26:00,6.18,6.19,6.18,6.18,7
2025-12-29 14:27:00,6.18,6.19,6.18,6.18,9
2025-12-29 14:28:00,6.17,6.17,6.17,6.17,7
2025-12-29 14:29:00,6.17,6.17,6.17,6.17,0
2025-12-29 14:30:00,6.17,6.17,6.16,6.16,5
2025-12-29 14:31:00,6.16,6.16,6.16,6.16,0
2025-12-29 14:32:00,6.16,6.16,6.16,6.16,2
2025-12-29 14:33:00,6.16,6.16,6.16,6.16,1
2025-12-29 14:34:00,6.16,6.17,6.16,6.17,12
2025-12-29 14:35:00,6.17,6.17,6.17,6.17,0
2025-12-29 14:36:00,6.17,6.17,6.17,6.17,5
2025-12-29 14:37:00,6.17,6.17,6.16,6.17,1
2025-12-29 14:38:00,6.17,6.17,6.17,6.17,0
2025-12-29 14:39:00,6.16,6.17,6.16,6.17,3
2025-12-29 14:40:00,6.17,6.17,6.17,6.17,0
2025-12-29 14:41:00,6.17,6.17,6.16,6.17,1
2025-12-29 14:42:00,6.17,6.17,6.17,6.17,1
2025-12-29 14:43:00,6.17,6.18,6.16,6.18,11
2025-12-29 14:44:00,6.18,6.18,6.17,6.18,27
2025-12-29 14:45:00,6.18,6.18,6.17,6.18,2
2025-12-29 14:46:00,6.18,6.18,6.17,6.18,2
2025-12-29 14:47:00,6.18,6.18,6.17,6.18,39
2025-12-29 14:48:00,6.18,6.18,6.17,6.18,1
2025-12-29 14:49:00,6.18,6.18,6.18,6.18,0
2025-12-29 14:50:00,6.18,6.18,6.17,6.18,1
2025-12-29 14:51:00,6.18,6.18,6.18,6.18,0
2025-12-29 14:52:00,6.18,6.18,6.18,6.18,4
2025-12-29 14:53:00,6.17,6.17,6.17,6.17,1
2025-12-29 14:54:00,6.17,6.17,6.17,6.17,0
2025-12-29 14:55:00,6.18,6.18,6.17,6.18,3
2025-12-29 14:56:00,6.18,6.18,6.17,6.18,5
2025-12-29 14:57:00,6.18,6.18,6.17,6.18,1
2025-12-29 14:58:00,6.18,6.18,6.17,6.18,2
2025-12-29 14:59:00,6.17,6.18,6.17,6.17,3
2025-12-29 15:00:00,6.17,6.19,6.17,6.19,10
2025-12-29 15:01:00,6.2,6.2,6.18,6.19,2
2025-12-29 15:02:00,6.19,6.19,6.18,6.19,1
2025-12-29 15:03:00,6.19,6.19,6.18,6.18,5
2025-12-29 15:04:00,6.18,6.19,6.18,6.19,2
2025-12-29 15:05:00,6.18,6.18,6.17,6.18,13
2025-12-29 15:06:00,6.19,6.19,6.18,6.18,15
2025-12-29 15:07:00,6.18,6.18,6.18,6.18,0
2025-12-29 15:08:00,6.18,6.19,6.18,6.19,14
2025-12-29 15:09:00,6.19,6.19,6.19,6.19,0
2025-12-29 15:10:00,6.19,6.19,6.18,6.19,2
2025-12-29 15:11:00,6.19,6.19,6.18,6.19,7
2025-12-29 15:12:00,6.19,6.19,6.19,6.19,0
2025-12-29 15:13:00,6.18,6.19,6.17,6.19,33
2025-12-29 15:14:00,6.18,6.19,6.18,6.18,11
2025-12-29 15:15:00,6.18,6.18,6.18,6.18,0
2025-12-29 15:16:00,6.18,6.18,6.18,6.18,1
2025-12-29 15:17:00,6.18,6.18,6.18,6.18,1
2025-12-29 15:18:00,6.18,6.18,6.18,6.18,0
2025-12-29 15:19:00,6.18,6.18,6.18,6.18,0
2025-12-29 15:20:00,6.18,6.18,6.18,6.18,0
2025-12-29 15:21:00,6.18,6.18,6.17,6.18,2
2025-12-29 15:22:00,6.17,6.17,6.16,6.16,11
2025-12-29 15:23:00,6.16,6.16,6.16,6.16,11
2025-12-29 15:24:00,6.16,6.16,6.16,6.16,6
2025-12-29 15:25:00,6.16,6.16,6.16,6.16,0
2025-12-29 15:26:00,6.15,6.16,6.15,6.16,3
2025-12-29 15:27:00,6.16,6.16,6.15,6.16,12
2025-12-29 15:28:00,6.16,6.16,6.16,6.16,0
2025-12-29 15:29:00,6.16,6.17,6.16,6.17,29
2025-12-29 15:30:00,6.17,6.17,6.15,6.16,19
2025-12-29 15:31:00,6.16,6.17,6.16,6.16,6
2025-12-29 15:32:00,6.16,6.16,6.16,6.16,0
2025-12-29 15:33:00,6.16,6.16,6.16,6.16,1
2025-12-29 15:34:00,6.17,6.17,6.16,6.17,1
2025-12-29 15:35:00,6.16,6.17,6.16,6.17,20
2025-12-29 15:36:00,6.17,6.17,6.16,6.17,1
2025-12-29 15:37:00,6.17,6.17,6.17,6.17,0
2025-12-29 15:38:00,6.17,6.17,6.16,6.16,11
2025-12-29 15:39:00,6.16,6.16,6.15,6.15,9
2025-12-29 15:40:00,6.15,6.15,6.15,6.15,1
2025-12-29 15:41:00,6.15,6.15,6.15,6.15,1
2025-12-29 15:42:00,6.15,6.15,6.15,6.15,3
2025-12-29 15:43:00,6.15,6.15,6.15,6.15,0
2025-12-29 15:44:00,6.15,6.15,6.15,6.15,4
2025-12-29 15:45:00,6.14,6.15,6.14,6.15,4
2025-12-29 15:46:00,6.15,6.15,6.15,6.15,4
2025-12-29 15:47:00,6.16,6.16,6.16,6.16,1
2025-12-29 15:48:00,6.16,6.16,6.15,6.15,34
2025-12-29 15:49:00,6.15,6.15,6.15,6.15,0
2025-12-29 15:50:00,6.15,6.16,6.14,6.15,26
2025-12-29 15:51:00,6.15,6.15,6.14,6.15,5
2025-12-29 15:52:00,6.15,6.15,6.13,6.14,20
2025-12-29 15:53:00,6.13,6.14,6.12,6.14,49
2025-12-29 15:54:00,6.14,6.14,6.13,6.13,9
2025-12-29 15:55:00,6.14,6.17,6.13,6.17,47
2025-12-29 15:56:00,6.18,6.18,6.17,6.17,88
2025-12-29 15:57:00,6.17,6.17,6.16,6.17,17
2025-12-29 15:58:00,6.17,6.17,6.14,6.14,108
2025-12-29 15:59:00,6.14,6.16,6.14,6.15,180
2025-12-30 09:30:00,6.14,6.14,6.09,6.09,52
2025-12-30 09:31:00,6.09,6.09,6.09,6.09,0
2025-12-30 09:32:00,6.09,6.09,6.09,6.09,0
2025-12-30 09:33:00,6.18,6.18,6.17,6.18,16
2025-12-30 09:34:00,6.18,6.18,6.18,6.18,1
2025-12-30 09:35:00,6.18,6.2,6.17,6.19,144
2025-12-30 09:36:00,6.2,6.2,6.19,6.2,3
2025-12-30 09:37:00,6.2,6.2,6.2,6.2,0
2025-12-30 09:38:00,6.21,6.22,6.2,6.2,11
2025-12-30 09:39:00,6.19,6.19,6.19,6.19,2
2025-12-30 09:40:00,6.17,6.17,6.16,6.17,10
2025-12-30 09:41:00,6.13,6.17,6.13,6.17,19
2025-12-30 09:42:00,6.19,6.19,6.19,6.19,6
2025-12-30 09:43:00,6.19,6.19,6.19,6.19,0
2025-12-30 09:44:00,6.22,6.22,6.22,6.22,5
2025-12-30 09:45:00,6.22,6.22,6.22,6.22,0
2025-12-30 09:46:00,6.22,6.22,6.22,6.22,0
2025-12-30 09:47:00,6.2,6.2,6.2,6.2,12
2025-12-30 09:48:00,6.2,6.2,6.2,6.2,0
2025-12-30 09:49:00,6.19,6.19,6.17,6.17,9
2025-12-30 09:50:00,6.17,6.17,6.17,6.17,0
2025-12-30 09:51:00,6.2,6.2,6.2,6.2,1
2025-12-30 09:52:00,6.21,6.22,6.2,6.22,7
2025-12-30 09:53:00,6.22,6.24,6.22,6.24,6
2025-12-30 09:54:00,6.24,6.24,6.24,6.24,0
2025-12-30 09:55:00,6.21,6.22,6.21,6.22,10
2025-12-30 09:56:00,6.22,6.22,6.22,6.22,0
2025-12-30 09:57:00,6.25,6.25,6.24,6.25,4
2025-12-30 09:58:00,6.25,6.28,6.25,6.28,45
2025-12-30 09:59:00,6.28,6.28,6.28,6.28,1
2025-12-30 10:00:00,6.28,6.28,6.25,6.25,4
2025-12-30 10:01:00,6.24,6.24,6.24,6.24,1
2025-12-30 10:02:00,6.25,6.25,6.24,6.25,2
2025-12-30 10:03:00,6.23,6.23,6.23,6.23,3
2025-12-30 10:04:00,6.23,6.23,6.23,6.23,0
2025-12-30 10:05:00,6.24,6.24,6.2,6.22,68
2025-12-30 10:06:00,6.23,6.23,6.21,6.21,8
2025-12-30 10:07:00,6.21,6.22,6.21,6.21,1
2025-12-30 10:08:00,6.21,6.21,6.21,6.21,0
2025-12-30 10:09:00,6.21,6.22,6.21,6.21,1
2025-12-30 10:10:00,6.21,6.21,6.21,6.21,0
2025-12-30 10:11:00,6.23,6.23,6.23,6.23,9
2025-12-30 10:12:00,6.25,6.26,6.25,6.25,5
2025-12-30 10:13:00,6.25,6.26,6.25,6.25,2
2025-12-30 10:14:00,6.25,6.25,6.25,6.25,0
2025-12-30 10:15:00,6.27,6.28,6.27,6.28,5
2025-12-30 10:16:00,6.27,6.28,6.25,6.25,72
2025-12-30 10:17:00,6.24,6.24,6.22,6.22,3
2025-12-30 10:18:00,6.22,6.22,6.22,6.22,0
2025-12-30 10:19:00,6.25,6.25,6.25,6.25,4
2025-12-30 10:20:00,6.26,6.26,6.26,6.26,2
2025-12-30 10:21:00,6.25,6.25,6.24,6.25,1
2025-12-30 10:22:00,6.23,6.24,6.22,6.22,8
2025-12-30 10:23:00,6.22,6.22,6.22,6.22,0
2025-12-30 10:24:00,6.22,6.22,6.22,6.22,0
2025-12-30 10:25:00,6.24,6.24,6.23,6.24,1
2025-12-30 10:26:00,6.24,6.24,6.23,6.24,2
2025-12-30 10:27:00,6.22,6.22,6.22,6.22,1
2025-12-30 10:28:00,6.22,6.22,6.22,6.22,0
2025-12-30 10:29:00,6.22,6.22,6.21,6.21,17
2025-12-30 10:30:00,6.2,6.2,6.2,6.2,3
2025-12-30 10:31:00,6.19,6.19,6.17,6.17,12
2025-12-30 10:32:00,6.17,6.17,6.17,6.17,1
2025-12-30 10:33:00,6.17,6.17,6.17,6.17,0
2025-12-30 10:34:00,6.17,6.17,6.17,6.17,0
2025-12-30 10:35:00,6.16,6.17,6.15,6.17,11
2025-12-30 10:36:00,6.17,6.17,6.17,6.17,0
2025-12-30 10:37:00,6.16,6.16,6.16,6.16,1
2025-12-30 10:38:00,6.16,6.16,6.16,6.16,0
2025-12-30 10:39:00,6.16,6.16,6.16,6.16,0
2025-12-30 10:40:00,6.16,6.16,6.15,6.16,15
2025-12-30 10:41:00,6.15,6.15,6.15,6.15,3
2025-12-30 10:42:00,6.15,6.16,6.15,6.16,6
2025-12-30 10:43:00,6.16,6.16,6.16,6.16,0
2025-12-30 10:44:00,6.18,6.18,6.17,6.17,6
2025-12-30 10:45:00,6.18,6.18,6.18,6.18,5
2025-12-30 10:46:00,6.18,6.18,6.18,6.18,0
2025-12-30 10:47:00,6.17,6.17,6.17,6.17,2
2025-12-30 10:48:00,6.18,6.18,6.18,6.18,1
2025-12-30 10:49:00,6.18,6.18,6.18,6.18,0
2025-12-30 10:50:00,6.18,6.18,6.18,6.18,0
2025-12-30 10:51:00,6.19,6.2,6.19,6.2,71
2025-12-30 10:52:00,6.2,6.2,6.2,6.2,0
2025-12-30 10:53:00,6.21,6.21,6.19,6.19,100
2025-12-30 10:54:00,6.18,6.19,6.18,6.18,1
2025-12-30 10:55:00,6.19,6.19,6.18,6.19,1
2025-12-30 10:56:00,6.19,6.19,6.17,6.17,13
2025-12-30 10:57:00,6.17,6.17,6.17,6.17,0
2025-12-30 10:58:00,6.18,6.18,6.17,6.18,4
2025-12-30 10:59:00,6.17,6.19,6.17,6.18,7
2025-12-30 11:00:00,6.19,6.19,6.18,6.18,9
2025-12-30 11:01:00,6.18,6.18,6.18,6.18,0
2025-12-30 11:02:00,6.18,6.18,6.18,6.18,1
2025-12-30 11:03:00,6.17,6.17,6.16,6.16,9
2025-12-30 11:04:00,6.18,6.18,6.17,6.18,5
2025-12-30 11:05:00,6.18,6.18,6.18,6.18,0
2025-12-30 11:06:00,6.18,6.18,6.14,6.15,53
2025-12-30 11:07:00,6.15,6.15,6.15,6.15,0
2025-12-30 11:08:00,6.15,6.15,6.15,6.15,0
2025-12-30 11:09:00,6.17,6.18,6.17,6.18,11
2025-12-30 11:10:00,6.19,6.19,6.19,6.19,11
2025-12-30 11:11:00,6.18,6.18,6.17,6.17,21
2025-12-30 11:12:00,6.16,6.17,6.16,6.16,7
2025-12-30 11:13:00,6.16,6.16,6.16,6.16,0
2025-12-30 11:14:00,6.15,6.16,6.15,6.16,37
2025-12-30 11:15:00,6.16,6.17,6.16,6.16,7
2025-12-30 11:16:00,6.17,6.17,6.17,6.17,1
2025-12-30 11:17:00,6.17,6.17,6.17,6.17,2
2025-12-30 11:18:00,6.17,6.17,6.17,6.17,0
2025-12-30 11:19:00,6.17,6.17,6.17,6.17,0
2025-12-30 11:20:00,6.17,6.17,6.17,6.17,0
2025-12-30 11:21:00,6.17,6.17,6.17,6.17,1
2025-12-30 11:22:00,6.18,6.18,6.17,6.18,1
2025-12-30 11:23:00,6.18,6.18,6.18,6.18,0
2025-12-30 11:24:00,6.18,6.18,6.18,6.18,0
2025-12-30 11:25:00,6.18,6.18,6.17,6.18,21
2025-12-30 11:26:00,6.18,6.18,6.17,6.17,6
2025-12-30 11:27:00,6.18,6.19,6.17,6.19,37
2025-12-30 11:28:00,6.2,6.2,6.19,6.19,11
2025-12-30 11:29:00,6.19,6.19,6.19,6.19,2
2025-12-30 11:30:00,6.19,6.19,6.19,6.19,0
2025-12-30 11:31:00,6.2,6.2,6.2,6.2,2
2025-12-30 11:32:00,6.2,6.2,6.19,6.2,1
2025-12-30 11:33:00,6.19,6.19,6.18,6.19,14
2025-12-30 11:34:00,6.19,6.19,6.19,6.19,1
2025-12-30 11:35:00,6.19,6.19,6.18,6.19,6
2025-12-30 11:36:00,6.19,6.19,6.18,6.18,7
2025-12-30 11:37:00,6.18,6.19,6.18,6.18,4
2025-12-30 11:38:00,6.18,6.18,6.18,6.18,1
2025-12-30 11:39:00,6.18,6.18,6.17,6.17,11
2025-12-30 11:40:00,6.17,6.18,6.17,6.17,3
2025-12-30 11:41:00,6.17,6.17,6.17,6.17,0
2025-12-30 11:42:00,6.18,6.18,6.18,6.18,1
2025-12-30 11:43:00,6.18,6.18,6.18,6.18,0
2025-12-30 11:44:00,6.17,6.18,6.17,6.17,2
2025-12-30 11:45:00,6.18,6.18,6.18,6.18,3
2025-12-30 11:46:00,6.17,6.17,6.17,6.17,1
2025-12-30 11:47:00,6.17,6.17,6.17,6.17,0
2025-12-30 11:48:00,6.17,6.17,6.17,6.17,0
2025-12-30 11:49:00,6.17,6.17,6.17,6.17,0
2025-12-30 11:50:00,6.2,6.2,6.18,6.2,17
2025-12-30 11:51:00,6.2,6.2,6.2,6.2,6
2025-12-30 11:52:00,6.19,6.2,6.19,6.19,1
2025-12-30 11:53:00,6.2,6.2,6.19,6.2,2
2025-12-30 11:54:00,6.2,6.2,6.2,6.2,0
2025-12-30 11:55:00,6.2,6.2,6.19,6.19,4
2025-12-30 11:56:00,6.19,6.19,6.17,6.17,5
2025-12-30 11:57:00,6.17,6.17,6.17,6.17,0
2025-12-30 11:58:00,6.17,6.17,6.16,6.16,4
2025-12-30 11:59:00,6.16,6.16,6.16,6.16,0
2025-12-30 12:00:00,6.15,6.17,6.15,6.17,4
2025-12-30 12:01:00,6.17,6.17,6.17,6.17,0
2025-12-30 12:02:00,6.16,6.17,6.16,6.16,2
2025-12-30 12:03:00,6.17,6.17,6.16,6.17,13
2025-12-30 12:04:00,6.17,6.17,6.17,6.17,0
2025-12-30 12:05:00,6.17,6.17,6.17,6.17,0
2025-12-30 12:06:00,6.17,6.17,6.15,6.16,4
2025-12-30 12:07:00,6.16,6.16,6.16,6.16,0
2025-12-30 12:08:00,6.17,6.17,6.17,6.17,4
2025-12-30 12:09:00,6.17,6.18,6.16,6.18,3
2025-12-30 12:10:00,6.18,6.18,6.18,6.18,0
2025-12-30 12:11:00,6.18,6.18,6.18,6.18,0
2025-12-30 12:12:00,6.2,6.2,6.18,6.19,3
2025-12-30 12:13:00,6.19,6.19,6.17,6.18,8
2025-12-30 12:14:00,6.18,6.18,6.18,6.18,0
2025-12-30 12:15:00,6.18,6.18,6.18,6.18,0
2025-12-30 12:16:00,6.17,6.17,6.17,6.17,1
2025-12-30 12:17:00,6.17,6.17,6.17,6.17,0
2025-12-30 12:18:00,6.17,6.17,6.17,6.17,0
2025-12-30 12:19:00,6.19,6.19,6.19,6.19,12
2025-12-30 12:20:00,6.2,6.2,6.19,6.19,2
2025-12-30 12:21:00,6.2,6.2,6.19,6.2,1
2025-12-30 12:22:00,6.2,6.2,6.2,6.2,0
2025-12-30 12:23:00,6.2,6.2,6.2,6.2,1
2025-12-30 12:24:00,6.2,6.2,6.2,6.2,0
2025-12-30 12:25:00,6.2,6.2,6.2,6.2,0
2025-12-30 12:26:00,6.19,6.19,6.19,6.19,2
2025-12-30 12:27:00,6.2,6.2,6.19,6.19,9
2025-12-30 12:28:00,6.18,6.18,6.18,6.18,6
2025-12-30 12:29:00,6.18,6.18,6.18,6.18,0
2025-12-30 12:30:00,6.18,6.18,6.18,6.18,2
2025-12-30 12:31:00,6.18,6.18,6.17,6.17,6
2025-12-30 12:32:00,6.17,6.17,6.17,6.17,0
2025-12-30 12:33:00,6.18,6.18,6.18,6.18,1
2025-12-30 12:34:00,6.18,6.18,6.18,6.18,0
2025-12-30 12:35:00,6.17,6.19,6.17,6.19,6
2025-12-30 12:36:00,6.19,6.2,6.18,6.19,7
2025-12-30 12:37:00,6.2,6.2,6.19,6.2,1
2025-12-30 12:38:00,6.19,6.19,6.19,6.19,2
2025-12-30 12:39:00,6.19,6.19,6.19,6.19,0
2025-12-30 12:40:00,6.19,6.19,6.19,6.19,0
2025-12-30 12:41:00,6.19,6.2,6.19,6.2,17
2025-12-30 12:42:00,6.2,6.2,6.2,6.2,0
2025-12-30 12:43:00,6.2,6.2,6.2,6.2,0
2025-12-30 12:44:00,6.2,6.2,6.2,6.2,0
2025-12-30 12:45:00,6.2,6.2,6.19,6.2,6
2025-12-30 12:46:00,6.2,6.2,6.2,6.2,0
2025-12-30 12:47:00,6.19,6.2,6.18,6.18,10
2025-12-30 12:48:00,6.18,6.18,6.18,6.18,0
2025-12-30 12:49:00,6.19,6.19,6.18,6.19,7
2025-12-30 12:50:00,6.19,6.19,6.19,6.19,0
2025-12-30 12:51:00,6.19,6.19,6.19,6.19,0
2025-12-30 12:52:00,6.19,6.19,6.19,6.19,0
2025-12-30 12:53:00,6.2,6.2,6.19,6.2,1
2025-12-30 12:54:00,6.2,6.2,6.19,6.2,11
2025-12-30 12:55:00,6.2,6.2,6.2,6.2,0
2025-12-30 12:56:00,6.2,6.2,6.2,6.2,0
2025-12-30 12:57:00,6.2,6.2,6.2,6.2,0
2025-12-30 12:58:00,6.2,6.21,6.19,6.2,108
2025-12-30 12:59:00,6.2,6.2,6.2,6.2,0
2025-12-30 13:00:00,6.2,6.21,6.2,6.2,4
2025-12-30 13:01:00,6.2,6.2,6.2,6.2,3
2025-12-30 13:02:00,6.21,6.21,6.2,6.21,1
2025-12-30 13:03:00,6.21,6.21,6.21,6.21,0
2025-12-30 13:04:00,6.21,6.21,6.21,6.21,0
2025-12-30 13:05:00,6.21,6.21,6.2,6.21,1
2025-12-30 13:06:00,6.21,6.21,6.2,6.21,31
2025-12-30 13:07:00,6.21,6.21,6.21,6.21,0
2025-12-30 13:08:00,6.21,6.22,6.21,6.21,13
2025-12-30 13:09:00,6.21,6.21,6.21,6.21,1
2025-12-30 13:10:00,6.21,6.21,6.21,6.21,2
2025-12-30 13:11:00,6.21,6.21,6.21,6.21,0
2025-12-30 13:12:00,6.21,6.21,6.2,6.2,9
2025-12-30 13:13:00,6.2,6.2,6.2,6.2,0
2025-12-30 13:14:00,6.2,6.2,6.2,6.2,3
2025-12-30 13:15:00,6.2,6.2,6.2,6.2,2
2025-12-30 13:16:00,6.2,6.2,6.2,6.2,2
2025-12-30 13:17:00,6.2,6.2,6.2,6.2,0
2025-12-30 13:18:00,6.19,6.19,6.19,6.19,15
2025-12-30 13:19:00,6.19,6.19,6.19,6.19,0
2025-12-30 13:20:00,6.19,6.19,6.19,6.19,0
2025-12-30 13:21:00,6.19,6.19,6.19,6.19,0
2025-12-30 13:22:00,6.19,6.19,6.19,6.19,0
2025-12-30 13:23:00,6.19,6.19,6.19,6.19,2
2025-12-30 13:24:00,6.19,6.19,6.19,6.19,4
2025-12-30 13:25:00,6.19,6.19,6.19,6.19,0
2025-12-30 13:26:00,6.19,6.19,6.19,6.19,2
2025-12-30 13:27:00,6.19,6.2,6.18,6.2,11
2025-12-30 13:28:00,6.2,6.2,6.19,6.19,4
2025-12-30 13:29:00,6.2,6.2,6.19,6.2,10
2025-12-30 13:30:00,6.2,6.2,6.19,6.2,11
2025-12-30 13:31:00,6.2,6.2,6.19,6.2,11
2025-12-30 13:32:00,6.2,6.2,6.2,6.2,0
2025-12-30 13:33:00,6.2,6.2,6.18,6.19,9
2025-12-30 13:34:00,6.2,6.2,6.2,6.2,4
2025-12-30 13:35:00,6.2,6.2,6.2,6.2,0
2025-12-30 13:36:00,6.2,6.2,6.2,6.2,0
2025-12-30 13:37:00,6.2,6.2,6.19,6.2,10
2025-12-30 13:38:00,6.2,6.2,6.2,6.2,4
2025-12-30 13:39:00,6.19,6.2,6.19,6.2,3
2025-12-30 13:40:00,6.2,6.2,6.2,6.2,0
2025-12-30 13:41:00,6.2,6.2,6.2,6.2,0
2025-12-30 13:42:00,6.2,6.2,6.2,6.2,0
2025-12-30 13:43:00,6.2,6.2,6.2,6.2,0
2025-12-30 13:44:00,6.2,6.2,6.19,6.2,26
2025-12-30 13:45:00,6.2,6.21,6.2,6.21,10
2025-12-30 13:46:00,6.21,6.21,6.21,6.21,0
2025-12-30 13:47:00,6.21,6.21,6.21,6.21,4
2025-12-30 13:48:00,6.21,6.21,6.21,6.21,0
2025-12-30 13:49:00,6.22,6.23,6.22,6.22,1
2025-12-30 13:50:00,6.22,6.22,6.22,6.22,0
2025-12-30 13:51:00,6.21,6.22,6.21,6.21,10
2025-12-30 13:52:00,6.2,6.2,6.2,6.2,2
2025-12-30 13:53:00,6.21,6.21,6.2,6.21,2
2025-12-30 13:54:00,6.21,6.21,6.21,6.21,0
2025-12-30 13:55:00,6.21,6.21,6.21,6.21,1
2025-12-30 13:56:00,6.21,6.22,6.21,6.22,29
2025-12-30 13:57:00,6.22,6.23,6.22,6.22,22
2025-12-30 13:58:00,6.22,6.22,6.22,6.22,2
2025-12-30 13:59:00,6.21,6.22,6.21,6.22,10
2025-12-30 14:00:00,6.22,6.22,6.21,6.21,3
2025-12-30 14:01:00,6.21,6.21,6.21,6.21,0
2025-12-30 14:02:00,6.21,6.22,6.21,6.21,5
2025-12-30 14:03:00,6.21,6.21,6.21,6.21,0
2025-12-30 14:04:00,6.22,6.22,6.21,6.21,2
2025-12-30 14:05:00,6.21,6.21,6.21,6.21,0
2025-12-30 14:06:00,6.21,6.22,6.21,6.21,1
2025-12-30 14:07:00,6.21,6.21,6.21,6.21,0
2025-12-30 14:08:00,6.21,6.22,6.2,6.21,16
2025-12-30 14:09:00,6.21,6.21,6.2,6.21,11
2025-12-30 14:10:00,6.2,6.2,6.2,6.2,3
2025-12-30 14:11:00,6.21,6.22,6.21,6.21,15
2025-12-30 14:12:00,6.21,6.21,6.21,6.21,0
2025-12-30 14:13:00,6.22,6.22,6.22,6.22,1
2025-12-30 14:14:00,6.22,6.24,6.22,6.24,51
2025-12-30 14:15:00,6.24,6.25,6.24,6.24,12
2025-12-30 14:16:00,6.23,6.23,6.22,6.22,103
2025-12-30 14:17:00,6.22,6.22,6.22,6.22,0
2025-12-30 14:18:00,6.21,6.22,6.21,6.22,8
2025-12-30 14:19:00,6.21,6.21,6.2,6.2,18
2025-12-30 14:20:00,6.2,6.2,6.2,6.2,0
2025-12-30 14:21:00,6.21,6.21,6.2,6.2,10
2025-12-30 14:22:00,6.19,6.19,6.19,6.19,1
2025-12-30 14:23:00,6.19,6.19,6.19,6.19,10
2025-12-30 14:24:00,6.18,6.19,6.18,6.19,3
2025-12-30 14:25:00,6.19,6.19,6.19,6.19,0
2025-12-30 14:26:00,6.18,6.19,6.18,6.19,3
2025-12-30 14:27:00,6.19,6.19,6.19,6.19,0
2025-12-30 14:28:00,6.18,6.19,6.18,6.19,9
2025-12-30 14:29:00,6.19,6.19,6.19,6.19,0
2025-12-30 14:30:00,6.19,6.19,6.18,6.19,1
2025-12-30 14:31:00,6.19,6.19,6.18,6.18,3
2025-12-30 14:32:00,6.18,6.18,6.18,6.18,1
2025-12-30 14:33:00,6.19,6.19,6.18,6.19,10
2025-12-30 14:34:00,6.19,6.19,6.18,6.19,7
2025-12-30 14:35:00,6.19,6.19,6.19,6.19,2
2025-12-30 14:36:00,6.19,6.19,6.18,6.18,2
2025-12-30 14:37:00,6.18,6.18,6.18,6.18,0
2025-12-30 14:38:00,6.18,6.18,6.18,6.18,4
2025-12-30 14:39:00,6.18,6.18,6.18,6.18,0
2025-12-30 14:40:00,6.18,6.18,6.18,6.18,0
2025-12-30 14:41:00,6.18,6.18,6.18,6.18,5
2025-12-30 14:42:00,6.18,6.18,6.18,6.18,0
2025-12-30 14:43:00,6.19,6.19,6.18,6.19,20
2025-12-30 14:44:00,6.19,6.19,6.18,6.18,10
2025-12-30 14:45:00,6.18,6.18,6.18,6.18,0
2025-12-30 14:46:00,6.19,6.19,6.19,6.19,1
2025-12-30 14:47:00,6.19,6.19,6.19,6.19,0
2025-12-30 14:48:00,6.19,6.19,6.19,6.19,0
2025-12-30 14:49:00,6.18,6.18,6.18,6.18,6
2025-12-30 14:50:00,6.18,6.18,6.18,6.18,0
2025-12-30 14:51:00,6.18,6.18,6.18,6.18,8
2025-12-30 14:52:00,6.18,6.19,6.18,6.19,16
2025-12-30 14:53:00,6.18,6.18,6.18,6.18,2
2025-12-30 14:54:00,6.18,6.18,6.18,6.18,0
2025-12-30 14:55:00,6.18,6.18,6.18,6.18,2
2025-12-30 14:56:00,6.18,6.18,6.18,6.18,0
2025-12-30 14:57:00,6.18,6.18,6.18,6.18,0
2025-12-30 14:58:00,6.19,6.19,6.18,6.19,1
2025-12-30 14:59:00,6.19,6.19,6.19,6.19,0
2025-12-30 15:00:00,6.18,6.18,6.18,6.18,6
2025-12-30 15:01:00,6.17,6.18,6.17,6.17,6
2025-12-30 15:02:00,6.18,6.18,6.18,6.18,2
2025-12-30 15:03:00,6.17,6.17,6.17,6.17,1
2025-12-30 15:04:00,6.17,6.17,6.17,6.17,0
2025-12-30 15:05:00,6.17,6.17,6.17,6.17,0
2025-12-30 15:06:00,6.17,6.17,6.17,6.17,0
2025-12-30 15:07:00,6.17,6.17,6.17,6.17,0
2025-12-30 15:08:00,6.17,6.17,6.17,6.17,6
2025-12-30 15:09:00,6.16,6.16,6.16,6.16,1
2025-12-30 15:10:00,6.17,6.17,6.16,6.17,2
2025-12-30 15:11:00,6.17,6.17,6.17,6.17,0
2025-12-30 15:12:00,6.17,6.17,6.16,6.17,3
2025-12-30 15:13:00,6.17,6.17,6.16,6.17,1
2025-12-30 15:14:00,6.17,6.17,6.17,6.17,0
2025-12-30 15:15:00,6.17,6.17,6.16,6.17,2
2025-12-30 15:16:00,6.17,6.17,6.17,6.17,0
2025-12-30 15:17:00,6.17,6.18,6.17,6.18,8
2025-12-30 15:18:00,6.17,6.17,6.17,6.17,1
2025-12-30 15:19:00,6.18,6.19,6.17,6.19,7
2025-12-30 15:20:00,6.19,6.19,6.19,6.19,0
2025-12-30 15:21:00,6.19,6.19,6.19,6.19,1
2025-12-30 15:22:00,6.19,6.19,6.19,6.19,10
2025-12-30 15:23:00,6.18,6.18,6.18,6.18,1
2025-12-30 15:24:00,6.18,6.18,6.18,6.18,0
2025-12-30 15:25:00,6.18,6.18,6.18,6.18,0
2025-12-30 15:26:00,6.18,6.18,6.18,6.18,6
2025-12-30 15:27:00,6.18,6.18,6.18,6.18,2
2025-12-30 15:28:00,6.18,6.19,6.18,6.18,9
2025-12-30 15:29:00,6.18,6.18,6.18,6.18,0
2025-12-30 15:30:00,6.18,6.18,6.17,6.18,1
2025-12-30 15:31:00,6.18,6.18,6.18,6.18,0
2025-12-30 15:32:00,6.17,6.18,6.17,6.18,3
2025-12-30 15:33:00,6.17,6.17,6.17,6.17,5
2025-12-30 15:34:00,6.16,6.16,6.16,6.16,2
2025-12-30 15:35:00,6.17,6.17,6.16,6.17,11
2025-12-30 15:36:00,6.17,6.18,6.17,6.17,2
2025-12-30 15:37:00,6.17,6.17,6.17,6.17,0
2025-12-30 15:38:00,6.18,6.18,6.17,6.17,8
2025-12-30 15:39:00,6.17,6.17,6.16,6.16,5
2025-12-30 15:40:00,6.18,6.18,6.17,6.17,3
2025-12-30 15:41:00,6.17,6.17,6.17,6.17,2
2025-12-30 15:42:00,6.18,6.18,6.17,6.18,1
2025-12-30 15:43:00,6.17,6.18,6.17,6.17,10
2025-12-30 15:44:00,6.17,6.17,6.17,6.17,4
2025-12-30 15:45:00,6.17,6.17,6.17,6.17,1
2025-12-30 15:46:00,6.16,6.17,6.16,6.17,6
2025-12-30 15:47:00,6.17,6.17,6.16,6.17,17
2025-12-30 15:48:00,6.17,6.17,6.16,6.16,2
2025-12-30 15:49:00,6.16,6.16,6.16,6.16,0
2025-12-30 15:50:00,6.16,6.17,6.15,6.16,38
2025-12-30 15:51:00,6.16,6.16,6.15,6.15,14
2025-12-30 15:52:00,6.16,6.16,6.15,6.16,11
2025-12-30 15:53:00,6.16,6.16,6.15,6.16,25
2025-12-30 15:54:00,6.16,6.16,6.15,6.16,18
2025-12-30 15:55:00,6.16,6.16,6.15,6.16,70
2025-12-30 15:56:00,6.16,6.16,6.15,6.15,8
2025-12-30 15:57:00,6.15,6.16,6.15,6.16,31
2025-12-30 15:58:00,6.16,6.18,6.15,6.18,162
2025-12-30 15:59:00,6.17,6.19,6.17,6.19,202
2025-12-31 09:30:00,6.1,6.1,6.06,6.06,159
2025-12-31 09:31:00,6.05,6.1,6.05,6.1,7
2025-12-31 09:32:00,6.11,6.15,6.11,6.15,8
2025-12-31 09:33:00,6.08,6.08,6.08,6.08,2
2025-12-31 09:34:00,6.14,6.14,6.14,6.14,3
2025-12-31 09:35:00,6.14,6.14,6.14,6.14,0
2025-12-31 09:36:00,6.13,6.17,6.13,6.17,6
2025-12-31 09:37:00,6.13,6.16,6.12,6.14,5
2025-12-31 09:38:00,6.13,6.13,6.13,6.13,1
2025-12-31 09:39:00,6.14,6.14,6.11,6.11,7
2025-12-31 09:40:00,6.13,6.13,6.12,6.13,20
2025-12-31 09:41:00,6.15,6.16,6.12,6.12,65
2025-12-31 09:42:00,6.15,6.15,6.11,6.12,202
2025-12-31 09:43:00,6.12,6.12,6.12,6.12,0
2025-12-31 09:44:00,6.08,6.09,6.08,6.08,26
2025-12-31 09:45:00,6.07,6.07,6.04,6.05,23
2025-12-31 09:46:00,6.05,6.07,6.05,6.07,17
2025-12-31 09:47:00,6.08,6.1,6.08,6.08,29
2025-12-31 09:48:00,6.1,6.1,6.06,6.06,8
2025-12-31 09:49:00,6.06,6.06,6.06,6.06,0
2025-12-31 09:50:00,6.06,6.06,6.06,6.06,0
2025-12-31 09:51:00,6.06,6.06,6.06,6.06,0
2025-12-31 09:52:00,6.11,6.11,6.1,6.11,3
2025-12-31 09:53:00,6.11,6.11,6.11,6.11,0
2025-12-31 09:54:00,6.11,6.11,6.11,6.11,0
2025-12-31 09:55:00,6.1,6.11,6.08,6.1,52
2025-12-31 09:56:00,6.1,6.1,6.1,6.1,0
2025-12-31 09:57:00,6.1,6.1,6.1,6.1,0
2025-12-31 09:58:00,6.12,6.15,6.12,6.14,190
2025-12-31 09:59:00,6.12,6.13,6.12,6.13,26
2025-12-31 10:00:00,6.13,6.14,6.13,6.14,8
2025-12-31 10:01:00,6.14,6.14,6.14,6.14,0
2025-12-31 10:02:00,6.13,6.13,6.13,6.13,1
2025-12-31 10:03:00,6.12,6.13,6.12,6.12,1
2025-12-31 10:04:00,6.11,6.12,6.09,6.1,47
2025-12-31 10:05:00,6.12,6.12,6.09,6.1,32
2025-12-31 10:06:00,6.09,6.09,6.08,6.08,15
2025-12-31 10:07:00,6.08,6.08,6.08,6.08,0
2025-12-31 10:08:00,6.07,6.08,6.05,6.05,15
2025-12-31 10:09:00,6.05,6.05,6.05,6.05,0
2025-12-31 10:10:00,6.07,6.07,6.06,6.06,5
2025-12-31 10:11:00,6.06,6.06,6.06,6.06,0
2025-12-31 10:12:00,6.08,6.08,6.07,6.07,4
2025-12-31 10:13:00,6.07,6.08,6.07,6.07,3
2025-12-31 10:14:00,6.07,6.07,6.07,6.07,0
2025-12-31 10:15:00,6.06,6.06,6.06,6.06,12
2025-12-31 10:16:00,6.07,6.07,6.06,6.06,13
2025-12-31 10:17:00,6.06,6.07,6.06,6.07,7
2025-12-31 10:18:00,6.07,6.07,6.07,6.07,0
2025-12-31 10:19:00,6.07,6.07,6.07,6.07,0
2025-12-31 10:20:00,6.07,6.07,6.07,6.07,0
2025-12-31 10:21:00,6.06,6.06,6.05,6.05,18
2025-12-31 10:22:00,6.05,6.05,6.05,6.05,0
2025-12-31 10:23:00,6.06,6.06,6.06,6.06,3
2025-12-31 10:24:00,6.06,6.07,6.06,6.07,4
2025-12-31 10:25:00,6.07,6.07,6.05,6.06,7
2025-12-31 10:26:00,6.06,6.06,6.05,6.05,10
2025-12-31 10:27:00,6.06,6.07,6.05,6.06,8
2025-12-31 10:28:00,6.06,6.07,6.05,6.07,3
2025-12-31 10:29:00,6.07,6.07,6.07,6.07,0
2025-12-31 10:30:00,6.07,6.07,6.07,6.07,0
2025-12-31 10:31:00,6.07,6.07,6.07,6.07,3
2025-12-31 10:32:00,6.07,6.07,6.07,6.07,0
2025-12-31 10:33:00,6.08,6.09,6.08,6.09,7
2025-12-31 10:34:00,6.09,6.09,6.09,6.09,0
2025-12-31 10:35:00,6.07,6.08,6.07,6.08,7
2025-12-31 10:36:00,6.08,6.08,6.08,6.08,3
2025-12-31 10:37:00,6.08,6.08,6.08,6.08,0
2025-12-31 10:38:00,6.07,6.07,6.06,6.06,6
2025-12-31 10:39:00,6.06,6.09,6.06,6.09,32
2025-12-31 10:40:00,6.07,6.07,6.07,6.07,7
2025-12-31 10:41:00,6.07,6.07,6.07,6.07,0
2025-12-31 10:42:00,6.08,6.08,6.07,6.07,7
2025-12-31 10:43:00,6.08,6.08,6.08,6.08,1
2025-12-31 10:44:00,6.09,6.09,6.09,6.09,2
2025-12-31 10:45:00,6.07,6.09,6.07,6.09,5
2025-12-31 10:46:00,6.09,6.09,6.09,6.09,4
2025-12-31 10:47:00,6.09,6.09,6.09,6.09,0
2025-12-31 10:48:00,6.09,6.09,6.09,6.09,0
2025-12-31 10:49:00,6.09,6.09,6.09,6.09,0
2025-12-31 10:50:00,6.09,6.09,6.09,6.09,0
2025-12-31 10:51:00,6.09,6.09,6.09,6.09,2
2025-12-31 10:52:00,6.09,6.09,6.09,6.09,0
2025-12-31 10:53:00,6.1,6.1,6.09,6.1,2
2025-12-31 10:54:00,6.09,6.12,6.09,6.12,97
2025-12-31 10:55:00,6.12,6.12,6.11,6.12,5
2025-12-31 10:56:00,6.11,6.12,6.11,6.12,13
2025-12-31 10:57:00,6.12,6.12,6.12,6.12,10
2025-12-31 10:58:00,6.12,6.12,6.12,6.12,0
2025-12-31 10:59:00,6.11,6.11,6.11,6.11,5
2025-12-31 11:00:00,6.12,6.12,6.11,6.12,1
2025-12-31 11:01:00,6.11,6.11,6.11,6.11,2
2025-12-31 11:02:00,6.11,6.11,6.11,6.11,0
2025-12-31 11:03:00,6.11,6.12,6.1,6.12,49
2025-12-31 11:04:00,6.11,6.11,6.1,6.11,1
2025-12-31 11:05:00,6.12,6.12,6.12,6.12,3
2025-12-31 11:06:00,6.13,6.13,6.13,6.13,1
2025-12-31 11:07:00,6.13,6.13,6.13,6.13,4
2025-12-31 11:08:00,6.12,6.12,6.12,6.12,1
2025-12-31 11:09:00,6.11,6.11,6.06,6.09,164
2025-12-31 11:10:00,6.09,6.09,6.09,6.09,14
2025-12-31 11:11:00,6.09,6.09,6.09,6.09,0
2025-12-31 11:12:00,6.09,6.09,6.09,6.09,0
2025-12-31 11:13:00,6.09,6.09,6.09,6.09,0
2025-12-31 11:14:00,6.1,6.1,6.1,6.1,3
2025-12-31 11:15:00,6.1,6.1,6.1,6.1,0
2025-12-31 11:16:00,6.1,6.1,6.1,6.1,0
2025-12-31 11:17:00,6.1,6.1,6.1,6.1,0
2025-12-31 11:18:00,6.09,6.09,6.09,6.09,13
2025-12-31 11:19:00,6.1,6.12,6.1,6.12,19
2025-12-31 11:20:00,6.11,6.12,6.11,6.11,10
2025-12-31 11:21:00,6.13,6.13,6.12,6.13,3
2025-12-31 11:22:00,6.13,6.13,6.13,6.13,0
2025-12-31 11:23:00,6.13,6.13,6.13,6.13,1
2025-12-31 11:24:00,6.13,6.13,6.13,6.13,0
2025-12-31 11:25:00,6.13,6.13,6.13,6.13,0
2025-12-31 11:26:00,6.13,6.13,6.13,6.13,0
2025-12-31 11:27:00,6.13,6.13,6.13,6.13,0
2025-12-31 11:28:00,6.13,6.13,6.13,6.13,0
2025-12-31 11:29:00,6.13,6.13,6.13,6.13,0
2025-12-31 11:30:00,6.13,6.13,6.13,6.13,0
2025-12-31 11:31:00,6.13,6.13,6.13,6.13,4
2025-12-31 11:32:00,6.13,6.14,6.13,6.13,14
2025-12-31 11:33:00,6.13,6.13,6.13,6.13,0
2025-12-31 11:34:00,6.13,6.13,6.13,6.13,4
2025-12-31 11:35:00,6.13,6.13,6.13,6.13,3
2025-12-31 11:36:00,6.13,6.13,6.13,6.13,2
2025-12-31 11:37:00,6.14,6.14,6.14,6.14,5
2025-12-31 11:38:00,6.14,6.14,6.14,6.14,0
2025-12-31 11:39:00,6.14,6.14,6.14,6.14,0
2025-12-31 11:40:00,6.13,6.13,6.12,6.13,6
2025-12-31 11:41:00,6.13,6.14,6.13,6.14,3
2025-12-31 11:42:00,6.13,6.13,6.12,6.12,3
2025-12-31 11:43:00,6.13,6.14,6.13,6.13,7
2025-12-31 11:44:00,6.13,6.13,6.09,6.1,28
2025-12-31 11:45:00,6.1,6.1,6.1,6.1,0
2025-12-31 11:46:00,6.1,6.1,6.1,6.1,0
2025-12-31 11:47:00,6.1,6.11,6.1,6.11,38
2025-12-31 11:48:00,6.1,6.1,6.04,6.05,305
2025-12-31 11:49:00,6.05,6.05,6.05,6.05,0
2025-12-31 11:50:00,6.07,6.07,6.06,6.07,10
2025-12-31 11:51:00,6.07,6.07,6.07,6.07,24
2025-12-31 11:52:00,6.07,6.08,6.07,6.07,15
2025-12-31 11:53:00,6.07,6.08,6.06,6.07,36
2025-12-31 11:54:00,6.07,6.08,6.07,6.07,1
2025-12-31 11:55:00,6.07,6.07,6.07,6.07,0
2025-12-31 11:56:00,6.07,6.07,6.06,6.07,13
2025-12-31 11:57:00,6.06,6.07,6.06,6.07,14
2025-12-31 11:58:00,6.07,6.07,6.07,6.07,0
2025-12-31 11:59:00,6.07,6.07,6.07,6.07,0
2025-12-31 12:00:00,6.05,6.06,6.05,6.06,21
2025-12-31 12:01:00,6.06,6.06,6.05,6.05,2
2025-12-31 12:02:00,6.05,6.05,6.05,6.05,0
2025-12-31 12:03:00,6.05,6.05,6.05,6.05,0
2025-12-31 12:04:00,6.06,6.08,6.06,6.07,29
2025-12-31 12:05:00,6.08,6.08,6.08,6.08,1
2025-12-31 12:06:00,6.08,6.08,6.08,6.08,0
2025-12-31 12:07:00,6.09,6.1,6.09,6.1,9
2025-12-31 12:08:00,6.1,6.1,6.09,6.1,6
2025-12-31 12:09:00,6.11,6.11,6.11,6.11,1
2025-12-31 12:10:00,6.11,6.11,6.11,6.11,0
2025-12-31 12:11:00,6.09,6.09,6.08,6.09,1
2025-12-31 12:12:00,6.1,6.11,6.1,6.1,2
2025-12-31 12:13:00,6.1,6.1,6.1,6.1,7
2025-12-31 12:14:00,6.1,6.1,6.1,6.1,0
2025-12-31 12:15:00,6.1,6.1,6.1,6.1,0
2025-12-31 12:16:00,6.1,6.1,6.1,6.1,0
2025-12-31 12:17:00,6.1,6.11,6.08,6.09,65
2025-12-31 12:18:00,6.09,6.09,6.09,6.09,0
2025-12-31 12:19:00,6.09,6.09,6.09,6.09,0
2025-12-31 12:20:00,6.08,6.09,6.08,6.08,3
2025-12-31 12:21:00,6.08,6.09,6.08,6.08,1
2025-12-31 12:22:00,6.08,6.08,6.08,6.08,0
2025-12-31 12:23:00,6.08,6.08,6.08,6.08,0
2025-12-31 12:24:00,6.08,6.08,6.08,6.08,0
2025-12-31 12:25:00,6.08,6.08,6.08,6.08,0
2025-12-31 12:26:00,6.08,6.08,6.08,6.08,0
2025-12-31 12:27:00,6.08,6.08,6.08,6.08,0
2025-12-31 12:28:00,6.08,6.08,6.08,6.08,0
2025-12-31 12:29:00,6.08,6.08,6.07,6.08,19
2025-12-31 12:30:00,6.06,6.07,6.06,6.07,12
2025-12-31 12:31:00,6.06,6.07,6.06,6.06,8
2025-12-31 12:32:00,6.07,6.07,6.06,6.07,1
2025-12-31 12:33:00,6.07,6.08,6.06,6.08,38
2025-12-31 12:34:00,6.08,6.09,6.08,6.09,8
2025-12-31 12:35:00,6.08,6.09,6.08,6.08,12
2025-12-31 12:36:00,6.09,6.09,6.09,6.09,3
2025-12-31 12:37:00,6.08,6.08,6.08,6.08,1
2025-12-31 12:38:00,6.08,6.09,6.08,6.08,4
2025-12-31 12:39:00,6.09,6.1,6.09,6.09,35
2025-12-31 12:40:00,6.09,6.09,6.09,6.09,9
2025-12-31 12:41:00,6.08,6.08,6.08,6.08,2
2025-12-31 12:42:00,6.08,6.08,6.08,6.08,0
2025-12-31 12:43:00,6.09,6.09,6.09,6.09,1
2025-12-31 12:44:00,6.09,6.09,6.09,6.09,0
2025-12-31 12:45:00,6.09,6.09,6.09,6.09,1
2025-12-31 12:46:00,6.1,6.1,6.09,6.1,2
2025-12-31 12:47:00,6.08,6.08,6.07,6.07,24
2025-12-31 12:48:00,6.07,6.07,6.07,6.07,0
2025-12-31 12:49:00,6.08,6.08,6.08,6.08,2
2025-12-31 12:50:00,6.08,6.08,6.08,6.08,0
2025-12-31 12:51:00,6.08,6.08,6.08,6.08,0
2025-12-31 12:52:00,6.09,6.09,6.09,6.09,1
2025-12-31 12:53:00,6.09,6.09,6.09,6.09,0
2025-12-31 12:54:00,6.09,6.09,6.09,6.09,0
2025-12-31 12:55:00,6.08,6.09,6.08,6.09,3
2025-12-31 12:56:00,6.08,6.08,6.07,6.08,1
2025-12-31 12:57:00,6.08,6.08,6.08,6.08,0
2025-12-31 12:58:00,6.08,6.08,6.08,6.08,1
2025-12-31 12:59:00,6.08,6.09,6.08,6.09,2
2025-12-31 13:00:00,6.09,6.09,6.09,6.09,0
2025-12-31 13:01:00,6.09,6.09,6.09,6.09,0
2025-12-31 13:02:00,6.09,6.09,6.09,6.09,1
2025-12-31 13:03:00,6.08,6.09,6.08,6.08,2
2025-12-31 13:04:00,6.08,6.08,6.08,6.08,0
2025-12-31 13:05:00,6.08,6.09,6.08,6.08,14
2025-12-31 13:06:00,6.09,6.09,6.09,6.09,2
2025-12-31 13:07:00,6.09,6.09,6.09,6.09,6
2025-12-31 13:08:00,6.09,6.09,6.09,6.09,0
2025-12-31 13:09:00,6.09,6.1,6.08,6.08,67
2025-12-31 13:10:00,6.08,6.08,6.08,6.08,0
2025-12-31 13:11:00,6.08,6.08,6.08,6.08,0
2025-12-31 13:12:00,6.09,6.1,6.09,6.1,25
2025-12-31 13:13:00,6.1,6.1,6.1,6.1,0
2025-12-31 13:14:00,6.1,6.1,6.09,6.1,3
2025-12-31 13:15:00,6.1,6.1,6.1,6.1,1
2025-12-31 13:16:00,6.09,6.09,6.09,6.09,11
2025-12-31 13:17:00,6.09,6.09,6.09,6.09,0
2025-12-31 13:18:00,6.08,6.08,6.08,6.08,7
2025-12-31 13:19:00,6.08,6.08,6.08,6.08,0
2025-12-31 13:20:00,6.08,6.08,6.08,6.08,1
2025-12-31 13:21:00,6.07,6.08,6.07,6.07,23
2025-12-31 13:22:00,6.07,6.07,6.07,6.07,0
2025-12-31 13:23:00,6.07,6.07,6.07,6.07,4
2025-12-31 13:24:00,6.07,6.07,6.06,6.06,35
2025-12-31 13:25:00,6.06,6.06,6.06,6.06,2
2025-12-31 13:26:00,6.06,6.06,6.06,6.06,3
2025-12-31 13:27:00,6.05,6.06,6.05,6.05,50
2025-12-31 13:28:00,6.06,6.06,6.06,6.06,4
2025-12-31 13:29:00,6.06,6.07,6.06,6.07,7
2025-12-31 13:30:00,6.07,6.07,6.06,6.07,5
2025-12-31 13:31:00,6.07,6.07,6.07,6.07,0
2025-12-31 13:32:00,6.07,6.07,6.07,6.07,3
2025-12-31 13:33:00,6.07,6.07,6.07,6.07,0
2025-12-31 13:34:00,6.07,6.08,6.06,6.08,6
2025-12-31 13:35:00,6.08,6.08,6.08,6.08,3
2025-12-31 13:36:00,6.08,6.08,6.08,6.08,1
2025-12-31 13:37:00,6.08,6.08,6.08,6.08,1
2025-12-31 13:38:00,6.08,6.08,6.07,6.08,19
2025-12-31 13:39:00,6.08,6.08,6.08,6.08,0
2025-12-31 13:40:00,6.08,6.09,6.08,6.09,2
2025-12-31 13:41:00,6.09,6.09,6.09,6.09,0
2025-12-31 13:42:00,6.09,6.09,6.09,6.09,0
2025-12-31 13:43:00,6.07,6.07,6.07,6.07,6
2025-12-31 13:44:00,6.08,6.08,6.08,6.08,1
2025-12-31 13:45:00,6.08,6.08,6.08,6.08,0
2025-12-31 13:46:00,6.07,6.08,6.07,6.08,6
2025-12-31 13:47:00,6.08,6.08,6.07,6.08,1
2025-12-31 13:48:00,6.07,6.07,6.07,6.07,7
2025-12-31 13:49:00,6.07,6.07,6.07,6.07,0
2025-12-31 13:50:00,6.07,6.07,6.07,6.07,0
2025-12-31 13:51:00,6.07,6.07,6.07,6.07,0
2025-12-31 13:52:00,6.07,6.07,6.06,6.07,17
2025-12-31 13:53:00,6.07,6.07,6.07,6.07,0
2025-12-31 13:54:00,6.06,6.07,6.06,6.06,6
2025-12-31 13:55:00,6.06,6.07,6.06,6.07,6
2025-12-31 13:56:00,6.07,6.09,6.07,6.08,19
2025-12-31 13:57:00,6.08,6.08,6.08,6.08,0
2025-12-31 13:58:00,6.08,6.09,6.08,6.09,5
2025-12-31 13:59:00,6.08,6.09,6.08,6.08,2
2025-12-31 14:00:00,6.08,6.09,6.08,6.09,4
2025-12-31 14:01:00,6.09,6.09,6.09,6.09,1
2025-12-31 14:02:00,6.09,6.09,6.09,6.09,0
2025-12-31 14:03:00,6.08,6.09,6.08,6.08,3
2025-12-31 14:04:00,6.08,6.08,6.08,6.08,3
2025-12-31 14:05:00,6.08,6.08,6.08,6.08,0
2025-12-31 14:06:00,6.08,6.08,6.08,6.08,3
2025-12-31 14:07:00,6.08,6.08,6.08,6.08,0
2025-12-31 14:08:00,6.08,6.08,6.08,6.08,0
2025-12-31 14:09:00,6.08,6.08,6.08,6.08,0
2025-12-31 14:10:00,6.08,6.08,6.08,6.08,1
2025-12-31 14:11:00,6.08,6.08,6.08,6.08,1
2025-12-31 14:12:00,6.08,6.08,6.08,6.08,3
2025-12-31 14:13:00,6.08,6.08,6.08,6.08,0
2025-12-31 14:14:00,6.08,6.09,6.08,6.08,6
2025-12-31 14:15:00,6.08,6.08,6.08,6.08,2
2025-12-31 14:16:00,6.07,6.07,6.06,6.07,7
2025-12-31 14:17:00,6.07,6.07,6.06,6.07,6
2025-12-31 14:18:00,6.07,6.07,6.07,6.07,0
2025-12-31 14:19:00,6.07,6.07,6.07,6.07,4
2025-12-31 14:20:00,6.07,6.07,6.07,6.07,1
2025-12-31 14:21:00,6.07,6.07,6.07,6.07,0
2025-12-31 14:22:00,6.07,6.07,6.06,6.07,8
2025-12-31 14:23:00,6.07,6.07,6.07,6.07,0
2025-12-31 14:24:00,6.07,6.07,6.07,6.07,0
2025-12-31 14:25:00,6.06,6.06,6.06,6.06,1
2025-12-31 14:26:00,6.06,6.06,6.05,6.06,31
2025-12-31 14:27:00,6.06,6.06,6.05,6.05,47
2025-12-31 14:28:00,6.05,6.05,6.05,6.05,0
2025-12-31 14:29:00,6.05,6.05,6.05,6.05,0
2025-12-31 14:30:00,6.05,6.05,6.05,6.05,1
2025-12-31 14:31:00,6.05,6.05,6.05,6.05,0
2025-12-31 14:32:00,6.05,6.05,6.05,6.05,0
2025-12-31 14:33:00,6.04,6.05,6.04,6.04,2
2025-12-31 14:34:00,6.04,6.05,6.03,6.03,35
2025-12-31 14:35:00,6.04,6.04,6.03,6.04,1
2025-12-31 14:36:00,6.03,6.04,6.03,6.03,41
2025-12-31 14:37:00,6.03,6.04,6.03,6.04,11
2025-12-31 14:38:00,6.04,6.04,6.04,6.04,2
2025-12-31 14:39:00,6.04,6.04,6.04,6.04,0
2025-12-31 14:40:00,6.04,6.05,6.04,6.05,17
2025-12-31 14:41:00,6.06,6.06,6.05,6.05,25
2025-12-31 14:42:00,6.06,6.06,6.05,6.06,1
2025-12-31 14:43:00,6.05,6.05,6.04,6.04,16
2025-12-31 14:44:00,6.04,6.04,6.04,6.04,0
2025-12-31 14:45:00,6.04,6.05,6.04,6.04,1
2025-12-31 14:46:00,6.04,6.04,6.04,6.04,0
2025-12-31 14:47:00,6.04,6.05,6.04,6.04,1
2025-12-31 14:48:00,6.04,6.04,6.04,6.04,0
2025-12-31 14:49:00,6.04,6.05,6.03,6.03,36
2025-12-31 14:50:00,6.04,6.04,6.03,6.04,2
2025-12-31 14:51:00,6.04,6.04,6.04,6.04,0
2025-12-31 14:52:00,6.04,6.04,6.03,6.04,1
2025-12-31 14:53:00,6.04,6.04,6.04,6.04,1
2025-12-31 14:54:00,6.04,6.04,6.04,6.04,8
2025-12-31 14:55:00,6.04,6.05,6.03,6.04,5
2025-12-31 14:56:00,6.04,6.04,6.04,6.04,0
2025-12-31 14:57:00,6.04,6.04,6.04,6.04,0
2025-12-31 14:58:00,6.04,6.04,6.04,6.04,0
2025-12-31 14:59:00,6.04,6.04,6.03,6.04,15
2025-12-31 15:00:00,6.04,6.04,6.04,6.04,0
2025-12-31 15:01:00,6.03,6.03,6.02,6.03,15
2025-12-31 15:02:00,6.04,6.04,6.04,6.04,8
2025-12-31 15:03:00,6.04,6.04,6.04,6.04,0
2025-12-31 15:04:00,6.04,6.04,6.04,6.04,0
2025-12-31 15:05:00,6.04,6.04,6.04,6.04,1
2025-12-31 15:06:00,6.04,6.05,6.04,6.04,1
2025-12-31 15:07:00,6.04,6.04,6.04,6.04,0
2025-12-31 15:08:00,6.04,6.04,6.04,6.04,0
2025-12-31 15:09:00,6.04,6.05,6.03,6.04,15
2025-12-31 15:10:00,6.04,6.04,6.04,6.04,0
2025-12-31 15:11:00,6.03,6.04,6.03,6.03,24
2025-12-31 15:12:00,6.03,6.03,6.02,6.02,17
2025-12-31 15:13:00,6.02,6.02,6.01,6.02,1
2025-12-31 15:14:00,6.02,6.02,6.01,6.02,10
2025-12-31 15:15:00,6.02,6.02,6.02,6.02,21
2025-12-31 15:16:00,6.02,6.03,6.01,6.03,54
2025-12-31 15:17:00,6.02,6.03,6.02,6.03,25
2025-12-31 15:18:00,6.03,6.03,6.02,6.03,2
2025-12-31 15:19:00,6.03,6.03,6.02,6.03,1
2025-12-31 15:20:00,6.03,6.03,6.03,6.03,3
2025-12-31 15:21:00,6.04,6.04,6.03,6.04,1
2025-12-31 15:22:00,6.04,6.04,6.03,6.04,2
2025-12-31 15:23:00,6.03,6.04,6.03,6.03,19
2025-12-31 15:24:00,6.03,6.03,6.02,6.03,65
2025-12-31 15:25:00,6.03,6.05,6.03,6.04,25
2025-12-31 15:26:00,6.04,6.05,6.04,6.04,1
2025-12-31 15:27:00,6.04,6.05,6.04,6.04,2
2025-12-31 15:28:00,6.04,6.04,6.04,6.04,0
2025-12-31 15:29:00,6.04,6.05,6.04,6.04,1
2025-12-31 15:30:00,6.04,6.05,6.04,6.04,8
2025-12-31 15:31:00,6.04,6.05,6.04,6.04,1
2025-12-31 15:32:00,6.04,6.05,6.04,6.04,3
2025-12-31 15:33:00,6.04,6.04,6.04,6.04,2
2025-12-31 15:34:00,6.04,6.04,6.04,6.04,0
2025-12-31 15:35:00,6.04,6.05,6.04,6.04,3
2025-12-31 15:36:00,6.04,6.05,6.04,6.04,14
2025-12-31 15:37:00,6.04,6.04,6.04,6.04,0
2025-12-31 15:38:00,6.05,6.06,6.05,6.06,19
2025-12-31 15:39:00,6.06,6.07,6.06,6.06,6
2025-12-31 15:40:00,6.06,6.07,6.06,6.07,6
2025-12-31 15:41:00,6.07,6.07,6.07,6.07,0
2025-12-31 15:42:00,6.07,6.07,6.07,6.07,0
2025-12-31 15:43:00,6.07,6.07,6.06,6.07,3
2025-12-31 15:44:00,6.07,6.07,6.06,6.07,4
2025-12-31 15:45:00,6.07,6.07,6.06,6.07,6
2025-12-31 15:46:00,6.07,6.07,6.07,6.07,0
2025-12-31 15:47:00,6.07,6.07,6.07,6.07,0
2025-12-31 15:48:00,6.07,6.07,6.07,6.07,0
2025-12-31 15:49:00,6.07,6.07,6.06,6.07,5
2025-12-31 15:50:00,6.06,6.07,6.06,6.07,17
2025-12-31 15:51:00,6.08,6.08,6.07,6.08,11
2025-12-31 15:52:00,6.08,6.08,6.08,6.08,4
2025-12-31 15:53:00,6.08,6.08,6.08,6.08,0
2025-12-31 15:54:00,6.08,6.08,6.07,6.08,7
2025-12-31 15:55:00,6.08,6.11,6.08,6.1,68
2025-12-31 15:56:00,6.1,6.1,6.08,6.09,31
2025-12-31 15:57:00,6.09,6.09,6.08,6.08,47
2025-12-31 15:58:00,6.08,6.13,6.07,6.12,205
2025-12-31 15:59:00,6.12,6.13,6.1,6.13,275
2026-01-02 09:30:00,6.19,6.22,6.19,6.19,35
2026-01-02 09:31:00,6.19,6.19,6.19,6.19,0
2026-01-02 09:32:00,6.18,6.18,6.16,6.16,5
2026-01-02 09:33:00,6.2,6.21,6.2,6.2,2
2026-01-02 09:34:00,6.18,6.21,6.15,6.17,18
2026-01-02 09:35:00,6.17,6.18,6.17,6.18,10
2026-01-02 09:36:00,6.17,6.17,6.16,6.16,4
2026-01-02 09:37:00,6.16,6.16,6.16,6.16,0
2026-01-02 09:38:00,6.16,6.17,6.13,6.14,35
2026-01-02 09:39:00,6.12,6.12,6.11,6.11,4
2026-01-02 09:40:00,6.12,6.12,6.11,6.12,1
2026-01-02 09:41:00,6.12,6.12,6.11,6.12,1
2026-01-02 09:42:00,6.13,6.15,6.12,6.15,10
2026-01-02 09:43:00,6.15,6.15,6.15,6.15,0
2026-01-02 09:44:00,6.13,6.15,6.13,6.15,23
2026-01-02 09:45:00,6.15,6.15,6.15,6.15,0
2026-01-02 09:46:00,6.12,6.12,6.12,6.12,2
2026-01-02 09:47:00,6.13,6.14,6.13,6.14,4
2026-01-02 09:48:00,6.16,6.18,6.16,6.18,23
2026-01-02 09:49:00,6.2,6.23,6.2,6.23,5
2026-01-02 09:50:00,6.24,6.29,6.24,6.29,5
2026-01-02 09:51:00,6.28,6.29,6.28,6.29,12
2026-01-02 09:52:00,6.28,6.28,6.25,6.25,2
2026-01-02 09:53:00,6.25,6.25,6.25,6.25,0
2026-01-02 09:54:00,6.23,6.24,6.21,6.21,3
2026-01-02 09:55:00,6.25,6.25,6.25,6.25,1
2026-01-02 09:56:00,6.25,6.25,6.25,6.25,0
2026-01-02 09:57:00,6.25,6.25,6.25,6.25,0
2026-01-02 09:58:00,6.25,6.31,6.25,6.31,41
2026-01-02 09:59:00,6.28,6.29,6.28,6.28,3
2026-01-02 10:00:00,6.31,6.33,6.28,6.28,27
2026-01-02 10:01:00,6.3,6.31,6.3,6.31,6
2026-01-02 10:02:00,6.31,6.31,6.31,6.31,0
2026-01-02 10:03:00,6.33,6.33,6.3,6.31,6
2026-01-02 10:04:00,6.29,6.29,6.29,6.29,4
2026-01-02 10:05:00,6.29,6.29,6.28,6.28,3
2026-01-02 10:06:00,6.28,6.29,6.28,6.29,8
2026-01-02 10:07:00,6.29,6.29,6.25,6.25,5
2026-01-02 10:08:00,6.24,6.25,6.23,6.25,3
2026-01-02 10:09:00,6.26,6.26,6.26,6.26,2
2026-01-02 10:10:00,6.26,6.26,6.23,6.23,2
2026-01-02 10:11:00,6.23,6.23,6.23,6.23,0
2026-01-02 10:12:00,6.22,6.22,6.22,6.22,2
2026-01-02 10:13:00,6.21,6.26,6.21,6.26,10
2026-01-02 10:14:00,6.26,6.26,6.26,6.26,0
2026-01-02 10:15:00,6.26,6.26,6.26,6.26,0
2026-01-02 10:16:00,6.26,6.26,6.26,6.26,2
2026-01-02 10:17:00,6.24,6.24,6.24,6.24,4
2026-01-02 10:18:00,6.26,6.26,6.25,6.26,20
2026-01-02 10:19:00,6.26,6.26,6.26,6.26,0
2026-01-02 10:20:00,6.25,6.25,6.25,6.25,2
2026-01-02 10:21:00,6.23,6.25,6.23,6.25,12
2026-01-02 10:22:00,6.24,6.24,6.24,6.24,18
2026-01-02 10:23:00,6.22,6.22,6.22,6.22,1
2026-01-02 10:24:00,6.22,6.22,6.22,6.22,0
2026-01-02 10:25:00,6.22,6.22,6.22,6.22,3
2026-01-02 10:26:00,6.24,6.25,6.23,6.25,17
2026-01-02 10:27:00,6.24,6.24,6.24,6.24,3
2026-01-02 10:28:00,6.24,6.24,6.24,6.24,0
2026-01-02 10:29:00,6.24,6.24,6.24,6.24,0
2026-01-02 10:30:00,6.24,6.24,6.22,6.23,3
2026-01-02 10:31:00,6.22,6.23,6.22,6.23,35
2026-01-02 10:32:00,6.23,6.24,6.22,6.24,13
2026-01-02 10:33:00,6.24,6.24,6.24,6.24,1
2026-01-02 10:34:00,6.25,6.26,6.25,6.26,2
2026-01-02 10:35:00,6.25,6.27,6.23,6.26,31
2026-01-02 10:36:00,6.26,6.26,6.26,6.26,0
2026-01-02 10:37:00,6.26,6.27,6.26,6.27,36
2026-01-02 10:38:00,6.27,6.27,6.26,6.26,3
2026-01-02 10:39:00,6.26,6.26,6.26,6.26,0
2026-01-02 10:40:00,6.26,6.26,6.26,6.26,0
2026-01-02 10:41:00,6.26,6.26,6.26,6.26,0
2026-01-02 10:42:00,6.26,6.26,6.26,6.26,0
2026-01-02 10:43:00,6.26,6.26,6.26,6.26,0
2026-01-02 10:44:00,6.26,6.3,6.26,6.29,70
2026-01-02 10:45:00,6.29,6.29,6.28,6.28,7
2026-01-02 10:46:00,6.28,6.29,6.28,6.29,12
2026-01-02 10:47:00,6.29,6.29,6.29,6.29,0
2026-01-02 10:48:00,6.28,6.29,6.28,6.29,12
2026-01-02 10:49:00,6.27,6.27,6.25,6.25,19
2026-01-02 10:50:00,6.25,6.25,6.25,6.25,0
2026-01-02 10:51:00,6.24,6.24,6.22,6.24,27
2026-01-02 10:52:00,6.25,6.25,6.24,6.25,16
2026-01-02 10:53:00,6.26,6.26,6.25,6.25,6
2026-01-02 10:54:00,6.25,6.25,6.25,6.25,0
2026-01-02 10:55:00,6.25,6.25,6.25,6.25,0
2026-01-02 10:56:00,6.25,6.25,6.25,6.25,2
2026-01-02 10:57:00,6.25,6.26,6.25,6.25,7
2026-01-02 10:58:00,6.25,6.25,6.25,6.25,0
2026-01-02 10:59:00,6.24,6.24,6.24,6.24,4
2026-01-02 11:00:00,6.25,6.25,6.25,6.25,4
2026-01-02 11:01:00,6.25,6.25,6.25,6.25,0
2026-01-02 11:02:00,6.25,6.25,6.25,6.25,0
2026-01-02 11:03:00,6.25,6.25,6.25,6.25,0
2026-01-02 11:04:00,6.26,6.28,6.26,6.26,21
2026-01-02 11:05:00,6.26,6.26,6.26,6.26,0
2026-01-02 11:06:00,6.26,6.26,6.26,6.26,0
2026-01-02 11:07:00,6.25,6.25,6.25,6.25,5
2026-01-02 11:08:00,6.25,6.25,6.25,6.25,0
2026-01-02 11:09:00,6.22,6.22,6.22,6.22,4
2026-01-02 11:10:00,6.23,6.24,6.23,6.24,5
2026-01-02 11:11:00,6.25,6.25,6.24,6.25,1
2026-01-02 11:12:00,6.23,6.24,6.23,6.23,2
2026-01-02 11:13:00,6.25,6.25,6.24,6.25,1
2026-01-02 11:14:00,6.25,6.25,6.25,6.25,14
2026-01-02 11:15:00,6.24,6.25,6.24,6.25,6
2026-01-02 11:16:00,6.25,6.25,6.25,6.25,0
2026-01-02 11:17:00,6.26,6.26,6.26,6.26,3
2026-01-02 11:18:00,6.25,6.25,6.22,6.23,8
2026-01-02 11:19:00,6.23,6.23,6.23,6.23,0
2026-01-02 11:20:00,6.23,6.23,6.23,6.23,0
2026-01-02 11:21:00,6.22,6.22,6.21,6.22,1
2026-01-02 11:22:00,6.22,6.22,6.22,6.22,0
2026-01-02 11:23:00,6.22,6.22,6.22,6.22,0
2026-01-02 11:24:00,6.22,6.22,6.22,6.22,0
2026-01-02 11:25:00,6.23,6.24,6.23,6.24,17
2026-01-02 11:26:00,6.24,6.24,6.24,6.24,12
2026-01-02 11:27:00,6.25,6.26,6.25,6.25,8
2026-01-02 11:28:00,6.28,6.28,6.27,6.28,1
2026-01-02 11:29:00,6.25,6.25,6.25,6.25,6
2026-01-02 11:30:00,6.25,6.25,6.25,6.25,0
2026-01-02 11:31:00,6.25,6.25,6.25,6.25,10
2026-01-02 11:32:00,6.23,6.23,6.23,6.23,1
2026-01-02 11:33:00,6.24,6.24,6.24,6.24,10
2026-01-02 11:34:00,6.24,6.24,6.23,6.24,20
2026-01-02 11:35:00,6.23,6.23,6.22,6.23,25
2026-01-02 11:36:00,6.23,6.24,6.23,6.24,6
2026-01-02 11:37:00,6.23,6.24,6.23,6.23,1
2026-01-02 11:38:00,6.24,6.24,6.24,6.24,4
2026-01-02 11:39:00,6.24,6.24,6.24,6.24,0
2026-01-02 11:40:00,6.24,6.24,6.24,6.24,0
2026-01-02 11:41:00,6.25,6.25,6.25,6.25,1
2026-01-02 11:42:00,6.25,6.25,6.25,6.25,0
2026-01-02 11:43:00,6.25,6.25,6.24,6.25,10
2026-01-02 11:44:00,6.24,6.24,6.24,6.24,2
2026-01-02 11:45:00,6.24,6.24,6.23,6.24,1
2026-01-02 11:46:00,6.24,6.24,6.24,6.24,0
2026-01-02 11:47:00,6.24,6.24,6.24,6.24,0
2026-01-02 11:48:00,6.24,6.24,6.24,6.24,0
2026-01-02 11:49:00,6.24,6.24,6.24,6.24,0
2026-01-02 11:50:00,6.22,6.22,6.22,6.22,10
2026-01-02 11:51:00,6.22,6.22,6.22,6.22,0
2026-01-02 11:52:00,6.22,6.23,6.22,6.22,7
2026-01-02 11:53:00,6.22,6.22,6.22,6.22,0
2026-01-02 11:54:00,6.22,6.22,6.22,6.22,0
2026-01-02 11:55:00,6.22,6.22,6.22,6.22,0
2026-01-02 11:56:00,6.22,6.22,6.22,6.22,0
2026-01-02 11:57:00,6.22,6.23,6.22,6.22,40
2026-01-02 11:58:00,6.22,6.22,6.21,6.21,9
2026-01-02 11:59:00,6.21,6.21,6.21,6.21,0
2026-01-02 12:00:00,6.22,6.23,6.21,6.23,31
2026-01-02 12:01:00,6.23,6.23,6.23,6.23,0
2026-01-02 12:02:00,6.23,6.23,6.23,6.23,1
2026-01-02 12:03:00,6.24,6.24,6.24,6.24,1
2026-01-02 12:04:00,6.24,6.24,6.24,6.24,0
2026-01-02 12:05:00,6.24,6.24,6.24,6.24,0
2026-01-02 12:06:00,6.24,6.24,6.24,6.24,0
2026-01-02 12:07:00,6.2,6.2,6.2,6.2,6
2026-01-02 12:08:00,6.2,6.2,6.2,6.2,0
2026-01-02 12:09:00,6.2,6.2,6.2,6.2,0
2026-01-02 12:10:00,6.2,6.2,6.2,6.2,0
2026-01-02 12:11:00,6.2,6.2,6.2,6.2,0
2026-01-02 12:12:00,6.2,6.21,6.2,6.21,38
2026-01-02 12:13:00,6.21,6.21,6.21,6.21,0
2026-01-02 12:14:00,6.22,6.23,6.22,6.23,3
2026-01-02 12:15:00,6.23,6.23,6.23,6.23,0
2026-01-02 12:16:00,6.24,6.25,6.24,6.25,2
2026-01-02 12:17:00,6.25,6.25,6.25,6.25,0
2026-01-02 12:18:00,6.25,6.25,6.25,6.25,0
2026-01-02 12:19:00,6.25,6.25,6.25,6.25,1
2026-01-02 12:20:00,6.25,6.25,6.25,6.25,0
2026-01-02 12:21:00,6.25,6.25,6.25,6.25,0
2026-01-02 12:22:00,6.25,6.25,6.25,6.25,0
2026-01-02 12:23:00,6.25,6.25,6.25,6.25,0
2026-01-02 12:24:00,6.23,6.23,6.23,6.23,1
2026-01-02 12:25:00,6.24,6.24,6.24,6.24,1
2026-01-02 12:26:00,6.24,6.24,6.24,6.24,0
2026-01-02 12:27:00,6.24,6.24,6.24,6.24,0
2026-01-02 12:28:00,6.24,6.24,6.24,6.24,0
2026-01-02 12:29:00,6.24,6.24,6.24,6.24,0
2026-01-02 12:30:00,6.24,6.24,6.24,6.24,0
2026-01-02 12:31:00,6.24,6.24,6.24,6.24,0
2026-01-02 12:32:00,6.24,6.24,6.24,6.24,0
2026-01-02 12:33:00,6.23,6.24,6.22,6.23,20
2026-01-02 12:34:00,6.23,6.23,6.23,6.23,0
2026-01-02 12:35:00,6.23,6.23,6.23,6.23,0
2026-01-02 12:36:00,6.23,6.23,6.23,6.23,0
2026-01-02 12:37:00,6.21,6.21,6.2,6.21,2
2026-01-02 12:38:00,6.21,6.21,6.21,6.21,0
2026-01-02 12:39:00,6.22,6.22,6.22,6.22,1
2026-01-02 12:40:00,6.22,6.22,6.22,6.22,0
2026-01-02 12:41:00,6.22,6.22,6.22,6.22,0
2026-01-02 12:42:00,6.23,6.23,6.23,6.23,6
2026-01-02 12:43:00,6.23,6.23,6.23,6.23,4
2026-01-02 12:44:00,6.24,6.24,6.23,6.24,2
2026-01-02 12:45:00,6.24,6.24,6.24,6.24,10
2026-01-02 12:46:00,6.24,6.24,6.24,6.24,0
2026-01-02 12:47:00,6.24,6.24,6.24,6.24,0
2026-01-02 12:48:00,6.24,6.24,6.24,6.24,0
2026-01-02 12:49:00,6.24,6.24,6.24,6.24,0
2026-01-02 12:50:00,6.24,6.24,6.24,6.24,0
2026-01-02 12:51:00,6.24,6.24,6.24,6.24,0
2026-01-02 12:52:00,6.24,6.24,6.24,6.24,0
2026-01-02 12:53:00,6.24,6.24,6.24,6.24,2
2026-01-02 12:54:00,6.24,6.24,6.24,6.24,0
2026-01-02 12:55:00,6.25,6.25,6.25,6.25,12
2026-01-02 12:56:00,6.25,6.25,6.25,6.25,0
2026-01-02 12:57:00,6.25,6.25,6.25,6.25,0
2026-01-02 12:58:00,6.25,6.25,6.25,6.25,0
2026-01-02 12:59:00,6.25,6.25,6.25,6.25,0
2026-01-02 13:00:00,6.25,6.25,6.24,6.24,24
2026-01-02 13:01:00,6.23,6.23,6.23,6.23,3
2026-01-02 13:02:00,6.23,6.23,6.23,6.23,0
2026-01-02 13:03:00,6.23,6.23,6.23,6.23,0
2026-01-02 13:04:00,6.23,6.23,6.23,6.23,0
2026-01-02 13:05:00,6.23,6.23,6.22,6.22,3
2026-01-02 13:06:00,6.21,6.21,6.21,6.21,1
2026-01-02 13:07:00,6.21,6.21,6.21,6.21,0
2026-01-02 13:08:00,6.21,6.21,6.21,6.21,0
2026-01-02 13:09:00,6.21,6.21,6.21,6.21,0
2026-01-02 13:10:00,6.2,6.2,6.2,6.2,2
2026-01-02 13:11:00,6.2,6.21,6.2,6.2,1
2026-01-02 13:12:00,6.2,6.2,6.2,6.2,0
2026-01-02 13:13:00,6.2,6.2,6.2,6.2,0
2026-01-02 13:14:00,6.2,6.2,6.2,6.2,0
2026-01-02 13:15:00,6.2,6.2,6.19,6.19,5
2026-01-02 13:16:00,6.18,6.19,6.17,6.17,18
2026-01-02 13:17:00,6.18,6.18,6.17,6.17,8
2026-01-02 13:18:00,6.17,6.17,6.17,6.17,0
2026-01-02 13:19:00,6.17,6.17,6.17,6.17,0
2026-01-02 13:20:00,6.17,6.17,6.17,6.17,0
2026-01-02 13:21:00,6.21,6.21,6.21,6.21,3
2026-01-02 13:22:00,6.19,6.21,6.19,6.21,2
2026-01-02 13:23:00,6.21,6.21,6.2,6.21,2
2026-01-02 13:24:00,6.21,6.21,6.21,6.21,0
2026-01-02 13:25:00,6.21,6.21,6.21,6.21,0
2026-01-02 13:26:00,6.21,6.21,6.21,6.21,0
2026-01-02 13:27:00,6.21,6.21,6.21,6.21,0
2026-01-02 13:28:00,6.21,6.21,6.21,6.21,1
2026-01-02 13:29:00,6.21,6.21,6.21,6.21,0
2026-01-02 13:30:00,6.21,6.21,6.21,6.21,5
2026-01-02 13:31:00,6.21,6.21,6.21,6.21,1
2026-01-02 13:32:00,6.21,6.21,6.21,6.21,0
2026-01-02 13:33:00,6.21,6.21,6.21,6.21,0
2026-01-02 13:34:00,6.21,6.21,6.21,6.21,0
2026-01-02 13:35:00,6.19,6.19,6.19,6.19,2
2026-01-02 13:36:00,6.18,6.18,6.18,6.18,1
2026-01-02 13:37:00,6.19,6.2,6.19,6.2,4
2026-01-02 13:38:00,6.2,6.2,6.19,6.2,3
2026-01-02 13:39:00,6.2,6.2,6.2,6.2,0
2026-01-02 13:40:00,6.2,6.2,6.2,6.2,0
2026-01-02 13:41:00,6.18,6.18,6.17,6.18,1
2026-01-02 13:42:00,6.18,6.18,6.17,6.18,21
2026-01-02 13:43:00,6.18,6.18,6.18,6.18,0
2026-01-02 13:44:00,6.18,6.18,6.18,6.18,0
2026-01-02 13:45:00,6.17,6.19,6.17,6.18,30
2026-01-02 13:46:00,6.18,6.18,6.18,6.18,10
2026-01-02 13:47:00,6.18,6.18,6.18,6.18,21
2026-01-02 13:48:00,6.18,6.18,6.17,6.18,1
2026-01-02 13:49:00,6.17,6.17,6.17,6.17,3
2026-01-02 13:50:00,6.17,6.17,6.15,6.16,30
2026-01-02 13:51:00,6.15,6.16,6.15,6.16,19
2026-01-02 13:52:00,6.16,6.16,6.16,6.16,0
2026-01-02 13:53:00,6.16,6.16,6.16,6.16,0
2026-01-02 13:54:00,6.18,6.19,6.18,6.19,4
2026-01-02 13:55:00,6.18,6.18,6.16,6.17,35
2026-01-02 13:56:00,6.16,6.17,6.16,6.16,9
2026-01-02 13:57:00,6.16,6.16,6.16,6.16,0
2026-01-02 13:58:00,6.15,6.15,6.15,6.15,2
2026-01-02 13:59:00,6.15,6.15,6.15,6.15,0
2026-01-02 14:00:00,6.15,6.15,6.15,6.15,0
2026-01-02 14:01:00,6.14,6.14,6.13,6.14,17
2026-01-02 14:02:00,6.14,6.18,6.13,6.18,29
2026-01-02 14:03:00,6.18,6.18,6.18,6.18,0
2026-01-02 14:04:00,6.19,6.19,6.19,6.19,1
2026-01-02 14:05:00,6.17,6.17,6.16,6.17,2
2026-01-02 14:06:00,6.17,6.17,6.17,6.17,2
2026-01-02 14:07:00,6.17,6.17,6.17,6.17,0
2026-01-02 14:08:00,6.17,6.17,6.17,6.17,3
2026-01-02 14:09:00,6.17,6.17,6.17,6.17,0
2026-01-02 14:10:00,6.17,6.17,6.17,6.17,0
2026-01-02 14:11:00,6.19,6.19,6.19,6.19,7
2026-01-02 14:12:00,6.19,6.19,6.19,6.19,2
2026-01-02 14:13:00,6.19,6.19,6.19,6.19,0
2026-01-02 14:14:00,6.21,6.21,6.2,6.21,1
2026-01-02 14:15:00,6.21,6.21,6.2,6.21,1
2026-01-02 14:16:00,6.2,6.2,6.2,6.2,3
2026-01-02 14:17:00,6.2,6.2,6.2,6.2,9
2026-01-02 14:18:00,6.19,6.19,6.18,6.18,29
2026-01-02 14:19:00,6.18,6.18,6.18,6.18,0
2026-01-02 14:20:00,6.18,6.18,6.18,6.18,0
2026-01-02 14:21:00,6.18,6.18,6.18,6.18,0
2026-01-02 14:22:00,6.18,6.18,6.18,6.18,2
2026-01-02 14:23:00,6.18,6.18,6.18,6.18,11
2026-01-02 14:24:00,6.18,6.18,6.18,6.18,0
2026-01-02 14:25:00,6.19,6.19,6.19,6.19,4
2026-01-02 14:26:00,6.2,6.2,6.19,6.19,3
2026-01-02 14:27:00,6.2,6.2,6.2,6.2,1
2026-01-02 14:28:00,6.2,6.2,6.2,6.2,0
2026-01-02 14:29:00,6.2,6.2,6.19,6.19,4
2026-01-02 14:30:00,6.19,6.23,6.19,6.22,85
2026-01-02 14:31:00,6.22,6.22,6.22,6.22,0
2026-01-02 14:32:00,6.22,6.22,6.22,6.22,0
2026-01-02 14:33:00,6.22,6.22,6.22,6.22,1
2026-01-02 14:34:00,6.22,6.22,6.22,6.22,2
2026-01-02 14:35:00,6.22,6.22,6.22,6.22,1
2026-01-02 14:36:00,6.22,6.22,6.22,6.22,0
2026-01-02 14:37:00,6.22,6.22,6.22,6.22,2
2026-01-02 14:38:00,6.22,6.22,6.22,6.22,6
2026-01-02 14:39:00,6.22,6.22,6.22,6.22,1
2026-01-02 14:40:00,6.22,6.22,6.22,6.22,0
2026-01-02 14:41:00,6.21,6.21,6.21,6.21,4
2026-01-02 14:42:00,6.21,6.21,6.2,6.21,6
2026-01-02 14:43:00,6.21,6.21,6.21,6.21,1
2026-01-02 14:44:00,6.2,6.2,6.2,6.2,1
2026-01-02 14:45:00,6.2,6.2,6.2,6.2,0
2026-01-02 14:46:00,6.2,6.2,6.19,6.19,7
2026-01-02 14:47:00,6.18,6.18,6.18,6.18,1
2026-01-02 14:48:00,6.18,6.19,6.18,6.18,8
2026-01-02 14:49:00,6.19,6.19,6.19,6.19,21
2026-01-02 14:50:00,6.19,6.19,6.19,6.19,0
2026-01-02 14:51:00,6.2,6.2,6.19,6.2,2
2026-01-02 14:52:00,6.19,6.19,6.19,6.19,4
2026-01-02 14:53:00,6.19,6.19,6.18,6.19,5
2026-01-02 14:54:00,6.19,6.19,6.19,6.19,0
2026-01-02 14:55:00,6.19,6.19,6.19,6.19,10
2026-01-02 14:56:00,6.19,6.19,6.19,6.19,0
2026-01-02 14:57:00,6.19,6.19,6.19,6.19,1
2026-01-02 14:58:00,6.19,6.19,6.19,6.19,0
2026-01-02 14:59:00,6.19,6.19,6.19,6.19,0
2026-01-02 15:00:00,6.18,6.18,6.17,6.17,9
2026-01-02 15:01:00,6.18,6.19,6.18,6.19,10
2026-01-02 15:02:00,6.19,6.19,6.18,6.18,13
2026-01-02 15:03:00,6.2,6.21,6.2,6.21,45
2026-01-02 15:04:00,6.21,6.21,6.21,6.21,0
2026-01-02 15:05:00,6.21,6.21,6.21,6.21,0
2026-01-02 15:06:00,6.21,6.21,6.21,6.21,0
2026-01-02 15:07:00,6.21,6.22,6.21,6.21,1
2026-01-02 15:08:00,6.22,6.23,6.22,6.23,9
2026-01-02 15:09:00,6.23,6.23,6.22,6.23,36
2026-01-02 15:10:00,6.23,6.23,6.22,6.23,1
2026-01-02 15:11:00,6.23,6.23,6.23,6.23,7
2026-01-02 15:12:00,6.23,6.24,6.23,6.24,8
2026-01-02 15:13:00,6.24,6.24,6.23,6.24,2
2026-01-02 15:14:00,6.24,6.24,6.24,6.24,0
2026-01-02 15:15:00,6.23,6.23,6.22,6.22,11
2026-01-02 15:16:00,6.22,6.22,6.22,6.22,0
2026-01-02 15:17:00,6.22,6.22,6.22,6.22,2
2026-01-02 15:18:00,6.22,6.22,6.22,6.22,0
2026-01-02 15:19:00,6.23,6.24,6.23,6.24,21
2026-01-02 15:20:00,6.24,6.24,6.24,6.24,1
2026-01-02 15:21:00,6.24,6.24,6.24,6.24,0
2026-01-02 15:22:00,6.24,6.24,6.24,6.24,0
2026-01-02 15:23:00,6.23,6.23,6.23,6.23,3
2026-01-02 15:24:00,6.24,6.24,6.24,6.24,1
2026-01-02 15:25:00,6.24,6.24,6.24,6.24,0
2026-01-02 15:26:00,6.24,6.24,6.24,6.24,0
2026-01-02 15:27:00,6.24,6.24,6.24,6.24,0
2026-01-02 15:28:00,6.24,6.24,6.23,6.23,11
2026-01-02 15:29:00,6.23,6.23,6.23,6.23,1
2026-01-02 15:30:00,6.23,6.23,6.23,6.23,0
2026-01-02 15:31:00,6.24,6.24,6.23,6.23,2
2026-01-02 15:32:00,6.23,6.23,6.22,6.23,11
2026-01-02 15:33:00,6.22,6.22,6.22,6.22,3
2026-01-02 15:34:00,6.22,6.22,6.22,6.22,0
2026-01-02 15:35:00,6.21,6.22,6.21,6.21,1
2026-01-02 15:36:00,6.21,6.22,6.21,6.21,12
2026-01-02 15:37:00,6.21,6.22,6.21,6.21,1
2026-01-02 15:38:00,6.21,6.22,6.21,6.21,2
2026-01-02 15:39:00,6.22,6.23,6.22,6.23,38
2026-01-02 15:40:00,6.23,6.24,6.23,6.24,3
2026-01-02 15:41:00,6.24,6.24,6.24,6.24,4
2026-01-02 15:42:00,6.24,6.24,6.23,6.24,2
2026-01-02 15:43:00,6.24,6.25,6.24,6.25,21
2026-01-02 15:44:00,6.25,6.25,6.24,6.25,32
2026-01-02 15:45:00,6.25,6.25,6.25,6.25,0
2026-01-02 15:46:00,6.25,6.25,6.25,6.25,1
2026-01-02 15:47:00,6.25,6.25,6.25,6.25,0
2026-01-02 15:48:00,6.25,6.26,6.25,6.25,55
2026-01-02 15:49:00,6.26,6.27,6.25,6.25,70
2026-01-02 15:50:00,6.25,6.25,6.24,6.25,1
2026-01-02 15:51:00,6.25,6.25,6.24,6.24,7
2026-01-02 15:52:00,6.24,6.24,6.23,6.24,19
2026-01-02 15:53:00,6.24,6.25,6.24,6.24,48
2026-01-02 15:54:00,6.23,6.23,6.22,6.23,29
2026-01-02 15:55:00,6.23,6.23,6.22,6.22,88
2026-01-02 15:56:00,6.22,6.22,6.21,6.21,20
2026-01-02 15:57:00,6.21,6.22,6.21,6.21,36
2026-01-02 15:58:00,6.21,6.23,6.21,6.23,59
2026-01-02 15:59:00,6.23,6.25,6.22,6.24,94
2026-01-05 09:30:00,6.34,6.34,6.25,6.28,132
2026-01-05 09:31:00,6.28,6.28,6.28,6.28,0
2026-01-05 09:32:00,6.33,6.33,6.3,6.3,6
2026-01-05 09:33:00,6.28,6.28,6.25,6.25,4
2026-01-05 09:34:00,6.24,6.3,6.24,6.3,51
2026-01-05 09:35:00,6.31,6.32,6.31,6.32,4
2026-01-05 09:36:00,6.32,6.38,6.31,6.38,7
2026-01-05 09:37:00,6.34,6.35,6.3,6.33,7
2026-01-05 09:38:00,6.32,6.35,6.32,6.35,4
2026-01-05 09:39:00,6.35,6.35,6.35,6.35,0
2026-01-05 09:40:00,6.35,6.35,6.35,6.35,0
2026-01-05 09:41:00,6.33,6.34,6.3,6.3,33
2026-01-05 09:42:00,6.31,6.31,6.31,6.31,1
2026-01-05 09:43:00,6.31,6.31,6.31,6.31,0
2026-01-05 09:44:00,6.31,6.31,6.31,6.31,0
2026-01-05 09:45:00,6.31,6.31,6.31,6.31,0
2026-01-05 09:46:00,6.31,6.31,6.31,6.31,4
2026-01-05 09:47:00,6.29,6.31,6.29,6.31,2
2026-01-05 09:48:00,6.31,6.31,6.31,6.31,0
2026-01-05 09:49:00,6.31,6.31,6.29,6.29,20
2026-01-05 09:50:00,6.29,6.29,6.29,6.29,0
2026-01-05 09:51:00,6.26,6.26,6.26,6.26,5
2026-01-05 09:52:00,6.27,6.27,6.27,6.27,1
2026-01-05 09:53:00,6.27,6.27,6.27,6.27,0
2026-01-05 09:54:00,6.26,6.26,6.25,6.25,3
2026-01-05 09:55:00,6.25,6.25,6.25,6.25,0
2026-01-05 09:56:00,6.26,6.28,6.26,6.28,5
2026-01-05 09:57:00,6.28,6.28,6.28,6.28,0
2026-01-05 09:58:00,6.27,6.27,6.25,6.25,6
2026-01-05 09:59:00,6.29,6.29,6.28,6.29,1
2026-01-05 10:00:00,6.25,6.25,6.22,6.22,41
2026-01-05 10:01:00,6.25,6.25,6.25,6.25,3
2026-01-05 10:02:00,6.25,6.25,6.25,6.25,0
2026-01-05 10:03:00,6.27,6.27,6.27,6.27,1
2026-01-05 10:04:00,6.27,6.27,6.27,6.27,5
2026-01-05 10:05:00,6.27,6.27,6.26,6.27,1
2026-01-05 10:06:00,6.25,6.25,6.21,6.21,7
2026-01-05 10:07:00,6.23,6.23,6.23,6.23,1
2026-01-05 10:08:00,6.21,6.21,6.19,6.19,11
2026-01-05 10:09:00,6.18,6.18,6.17,6.17,2
2026-01-05 10:10:00,6.17,6.17,6.17,6.17,0
2026-01-05 10:11:00,6.17,6.17,6.15,6.15,15
2026-01-05 10:12:00,6.15,6.17,6.15,6.17,10
2026-01-05 10:13:00,6.17,6.17,6.16,6.17,1
2026-01-05 10:14:00,6.17,6.19,6.17,6.19,2
2026-01-05 10:15:00,6.16,6.16,6.15,6.15,17
2026-01-05 10:16:00,6.15,6.15,6.15,6.15,1
2026-01-05 10:17:00,6.14,6.15,6.14,6.14,1
2026-01-05 10:18:00,6.16,6.16,6.16,6.16,17
2026-01-05 10:19:00,6.16,6.16,6.16,6.16,0
2026-01-05 10:20:00,6.17,6.19,6.16,6.19,15
2026-01-05 10:21:00,6.19,6.19,6.19,6.19,0
2026-01-05 10:22:00,6.18,6.2,6.18,6.2,6
2026-01-05 10:23:00,6.2,6.2,6.16,6.16,7
2026-01-05 10:24:00,6.15,6.16,6.15,6.15,6
2026-01-05 10:25:00,6.15,6.15,6.15,6.15,8
2026-01-05 10:26:00,6.14,6.14,6.14,6.14,7
2026-01-05 10:27:00,6.15,6.18,6.14,6.16,9
2026-01-05 10:28:00,6.16,6.16,6.16,6.16,0
2026-01-05 10:29:00,6.17,6.17,6.16,6.17,1
2026-01-05 10:30:00,6.15,6.16,6.13,6.13,20
2026-01-05 10:31:00,6.13,6.14,6.13,6.14,8
2026-01-05 10:32:00,6.15,6.16,6.14,6.16,5
2026-01-05 10:33:00,6.16,6.16,6.16,6.16,0
2026-01-05 10:34:00,6.15,6.16,6.15,6.15,1
2026-01-05 10:35:00,6.17,6.19,6.17,6.19,3
2026-01-05 10:36:00,6.19,6.19,6.19,6.19,0
2026-01-05 10:37:00,6.19,6.19,6.19,6.19,0
2026-01-05 10:38:00,6.19,6.21,6.19,6.21,2
2026-01-05 10:39:00,6.2,6.21,6.19,6.21,4
2026-01-05 10:40:00,6.22,6.22,6.2,6.2,34
2026-01-05 10:41:00,6.19,6.2,6.16,6.2,69
2026-01-05 10:42:00,6.21,6.21,6.2,6.21,1
2026-01-05 10:43:00,6.21,6.22,6.21,6.22,11
2026-01-05 10:44:00,6.22,6.22,6.2,6.21,18
2026-01-05 10:45:00,6.21,6.21,6.21,6.21,1
2026-01-05 10:46:00,6.21,6.21,6.21,6.21,0
2026-01-05 10:47:00,6.21,6.21,6.21,6.21,0
2026-01-05 10:48:00,6.2,6.21,6.2,6.21,4
2026-01-05 10:49:00,6.21,6.21,6.21,6.21,0
2026-01-05 10:50:00,6.21,6.21,6.21,6.21,0
2026-01-05 10:51:00,6.21,6.21,6.21,6.21,3
2026-01-05 10:52:00,6.2,6.21,6.2,6.21,3
2026-01-05 10:53:00,6.2,6.2,6.19,6.19,16
2026-01-05 10:54:00,6.18,6.18,6.17,6.17,5
2026-01-05 10:55:00,6.16,6.19,6.16,6.19,9
2026-01-05 10:56:00,6.19,6.19,6.19,6.19,4
2026-01-05 10:57:00,6.19,6.19,6.19,6.19,6
2026-01-05 10:58:00,6.19,6.2,6.19,6.2,7
2026-01-05 10:59:00,6.2,6.2,6.2,6.2,0
2026-01-05 11:00:00,6.2,6.2,6.2,6.2,1
2026-01-05 11:01:00,6.21,6.21,6.2,6.21,2
2026-01-05 11:02:00,6.21,6.21,6.2,6.21,2
2026-01-05 11:03:00,6.21,6.21,6.2,6.21,10
2026-01-05 11:04:00,6.21,6.22,6.21,6.22,6
2026-01-05 11:05:00,6.23,6.24,6.23,6.23,12
2026-01-05 11:06:00,6.23,6.23,6.21,6.22,14
2026-01-05 11:07:00,6.22,6.22,6.22,6.22,0
2026-01-05 11:08:00,6.21,6.21,6.2,6.21,16
2026-01-05 11:09:00,6.21,6.22,6.21,6.21,1
2026-01-05 11:10:00,6.21,6.21,6.21,6.21,0
2026-01-05 11:11:00,6.21,6.21,6.21,6.21,1
2026-01-05 11:12:00,6.22,6.22,6.22,6.22,3
2026-01-05 11:13:00,6.22,6.24,6.22,6.23,3
2026-01-05 11:14:00,6.23,6.23,6.23,6.23,0
2026-01-05 11:15:00,6.22,6.22,6.22,6.22,6
2026-01-05 11:16:00,6.21,6.22,6.21,6.21,3
2026-01-05 11:17:00,6.21,6.21,6.19,6.19,9
2026-01-05 11:18:00,6.19,6.19,6.19,6.19,0
2026-01-05 11:19:00,6.19,6.19,6.19,6.19,0
2026-01-05 11:20:00,6.18,6.18,6.18,6.18,1
2026-01-05 11:21:00,6.19,6.2,6.19,6.2,11
2026-01-05 11:22:00,6.2,6.2,6.2,6.2,5
2026-01-05 11:23:00,6.21,6.21,6.21,6.21,7
2026-01-05 11:24:00,6.21,6.21,6.21,6.21,0
2026-01-05 11:25:00,6.21,6.21,6.21,6.21,0
2026-01-05 11:26:00,6.2,6.2,6.2,6.2,3
2026-01-05 11:27:00,6.2,6.2,6.19,6.2,4
2026-01-05 11:28:00,6.2,6.2,6.2,6.2,0
2026-01-05 11:29:00,6.2,6.2,6.2,6.2,0
2026-01-05 11:30:00,6.2,6.2,6.2,6.2,0
2026-01-05 11:31:00,6.2,6.2,6.2,6.2,0
2026-01-05 11:32:00,6.2,6.2,6.2,6.2,1
2026-01-05 11:33:00,6.19,6.19,6.19,6.19,3
2026-01-05 11:34:00,6.18,6.2,6.18,6.2,15
2026-01-05 11:35:00,6.2,6.2,6.2,6.2,0
2026-01-05 11:36:00,6.19,6.19,6.17,6.17,7
2026-01-05 11:37:00,6.17,6.19,6.17,6.19,7
2026-01-05 11:38:00,6.19,6.2,6.19,6.2,15
2026-01-05 11:39:00,6.19,6.19,6.19,6.19,1
2026-01-05 11:40:00,6.2,6.2,6.19,6.19,2
2026-01-05 11:41:00,6.2,6.2,6.2,6.2,2
2026-01-05 11:42:00,6.19,6.2,6.19,6.2,28
2026-01-05 11:43:00,6.21,6.24,6.2,6.23,15
2026-01-05 11:44:00,6.22,6.22,6.22,6.22,2
2026-01-05 11:45:00,6.22,6.22,6.21,6.21,6
2026-01-05 11:46:00,6.21,6.21,6.2,6.2,4
2026-01-05 11:47:00,6.2,6.2,6.2,6.2,1
2026-01-05 11:48:00,6.21,6.21,6.2,6.2,5
2026-01-05 11:49:00,6.22,6.22,6.21,6.21,2
2026-01-05 11:50:00,6.2,6.2,6.2,6.2,1
2026-01-05 11:51:00,6.21,6.23,6.21,6.23,4
2026-01-05 11:52:00,6.21,6.21,6.21,6.21,1
2026-01-05 11:53:00,6.21,6.24,6.21,6.24,3
2026-01-05 11:54:00,6.22,6.24,6.22,6.24,14
2026-01-05 11:55:00,6.24,6.25,6.24,6.25,10
2026-01-05 11:56:00,6.23,6.23,6.23,6.23,2
2026-01-05 11:57:00,6.25,6.25,6.23,6.23,3
2026-01-05 11:58:00,6.25,6.26,6.24,6.26,3
2026-01-05 11:59:00,6.25,6.25,6.25,6.25,2
2026-01-05 12:00:00,6.28,6.28,6.28,6.28,2
2026-01-05 12:01:00,6.26,6.27,6.26,6.26,9
2026-01-05 12:02:00,6.26,6.29,6.26,6.28,33
2026-01-05 12:03:00,6.28,6.29,6.28,6.29,20
2026-01-05 12:04:00,6.29,6.29,6.29,6.29,0
2026-01-05 12:05:00,6.28,6.28,6.25,6.27,42
2026-01-05 12:06:00,6.28,6.28,6.27,6.28,11
2026-01-05 12:07:00,6.29,6.3,6.29,6.29,10
2026-01-05 12:08:00,6.28,6.29,6.28,6.29,11
2026-01-05 12:09:00,6.29,6.29,6.29,6.29,6
2026-01-05 12:10:00,6.3,6.3,6.3,6.3,26
2026-01-05 12:11:00,6.31,6.31,6.3,6.3,3
2026-01-05 12:12:00,6.31,6.35,6.31,6.33,20
2026-01-05 12:13:00,6.33,6.33,6.33,6.33,0
2026-01-05 12:14:00,6.32,6.34,6.32,6.34,4
2026-01-05 12:15:00,6.35,6.35,6.33,6.33,8
2026-01-05 12:16:00,6.33,6.34,6.33,6.34,6
2026-01-05 12:17:00,6.32,6.32,6.32,6.32,2
2026-01-05 12:18:00,6.32,6.33,6.32,6.32,14
2026-01-05 12:19:00,6.32,6.32,6.32,6.32,0
2026-01-05 12:20:00,6.33,6.35,6.32,6.35,7
2026-01-05 12:21:00,6.35,6.36,6.35,6.36,12
2026-01-05 12:22:00,6.36,6.36,6.36,6.36,0
2026-01-05 12:23:00,6.35,6.37,6.35,6.37,16
2026-01-05 12:24:00,6.36,6.36,6.36,6.36,4
2026-01-05 12:25:00,6.36,6.36,6.36,6.36,0
2026-01-05 12:26:00,6.35,6.35,6.35,6.35,2
2026-01-05 12:27:00,6.37,6.37,6.37,6.37,3
2026-01-05 12:28:00,6.38,6.38,6.37,6.38,3
2026-01-05 12:29:00,6.38,6.39,6.38,6.39,6
2026-01-05 12:30:00,6.39,6.39,6.38,6.38,4
2026-01-05 12:31:00,6.37,6.37,6.37,6.37,13
2026-01-05 12:32:00,6.37,6.37,6.37,6.37,1
2026-01-05 12:33:00,6.36,6.36,6.34,6.34,7
2026-01-05 12:34:00,6.34,6.34,6.34,6.34,0
2026-01-05 12:35:00,6.36,6.36,6.35,6.35,3
2026-01-05 12:36:00,6.35,6.35,6.35,6.35,0
2026-01-05 12:37:00,6.35,6.35,6.35,6.35,0
2026-01-05 12:38:00,6.34,6.34,6.33,6.33,7
2026-01-05 12:39:00,6.34,6.35,6.34,6.35,7
2026-01-05 12:40:00,6.35,6.35,6.35,6.35,0
2026-01-05 12:41:00,6.35,6.36,6.34,6.36,12
2026-01-05 12:42:00,6.36,6.36,6.36,6.36,0
2026-01-05 12:43:00,6.35,6.35,6.34,6.35,5
2026-01-05 12:44:00,6.35,6.35,6.35,6.35,0
2026-01-05 12:45:00,6.33,6.33,6.33,6.33,2
2026-01-05 12:46:00,6.33,6.33,6.33,6.33,1
2026-01-05 12:47:00,6.34,6.34,6.34,6.34,1
2026-01-05 12:48:00,6.33,6.34,6.33,6.33,2
2026-01-05 12:49:00,6.34,6.34,6.33,6.33,9
2026-01-05 12:50:00,6.33,6.33,6.32,6.32,2
2026-01-05 12:51:00,6.32,6.32,6.31,6.31,6
2026-01-05 12:52:00,6.32,6.32,6.31,6.32,2
2026-01-05 12:53:00,6.32,6.32,6.32,6.32,0
2026-01-05 12:54:00,6.32,6.32,6.32,6.32,0
2026-01-05 12:55:00,6.32,6.32,6.32,6.32,0
2026-01-05 12:56:00,6.31,6.31,6.31,6.31,2
2026-01-05 12:57:00,6.31,6.31,6.31,6.31,4
2026-01-05 12:58:00,6.31,6.31,6.31,6.31,0
2026-01-05 12:59:00,6.3,6.3,6.3,6.3,1
2026-01-05 13:00:00,6.32,6.32,6.31,6.32,1
2026-01-05 13:01:00,6.32,6.32,6.32,6.32,0
2026-01-05 13:02:00,6.32,6.32,6.32,6.32,19
2026-01-05 13:03:00,6.32,6.32,6.32,6.32,4
2026-01-05 13:04:00,6.32,6.32,6.32,6.32,0
2026-01-05 13:05:00,6.32,6.33,6.32,6.32,3
2026-01-05 13:06:00,6.32,6.32,6.32,6.32,0
2026-01-05 13:07:00,6.32,6.32,6.32,6.32,1
2026-01-05 13:08:00,6.32,6.32,6.32,6.32,4
2026-01-05 13:09:00,6.32,6.32,6.32,6.32,0
2026-01-05 13:10:00,6.31,6.31,6.31,6.31,1
2026-01-05 13:11:00,6.31,6.33,6.31,6.33,3
2026-01-05 13:12:00,6.33,6.33,6.33,6.33,0
2026-01-05 13:13:00,6.32,6.32,6.32,6.32,1
2026-01-05 13:14:00,6.32,6.32,6.32,6.32,0
2026-01-05 13:15:00,6.32,6.32,6.32,6.32,0
2026-01-05 13:16:00,6.32,6.33,6.32,6.33,2
2026-01-05 13:17:00,6.33,6.33,6.32,6.32,24
2026-01-05 13:18:00,6.32,6.32,6.32,6.32,6
2026-01-05 13:19:00,6.33,6.33,6.33,6.33,4
2026-01-05 13:20:00,6.33,6.33,6.33,6.33,0
2026-01-05 13:21:00,6.33,6.34,6.33,6.34,6
2026-01-05 13:22:00,6.34,6.34,6.34,6.34,0
2026-01-05 13:23:00,6.34,6.34,6.34,6.34,0
2026-01-05 13:24:00,6.34,6.34,6.34,6.34,0
2026-01-05 13:25:00,6.34,6.34,6.33,6.34,4
2026-01-05 13:26:00,6.34,6.34,6.34,6.34,9
2026-01-05 13:27:00,6.34,6.34,6.34,6.34,0
2026-01-05 13:28:00,6.34,6.34,6.34,6.34,2
2026-01-05 13:29:00,6.34,6.34,6.34,6.34,0
2026-01-05 13:30:00,6.34,6.34,6.34,6.34,4
2026-01-05 13:31:00,6.34,6.34,6.34,6.34,0
2026-01-05 13:32:00,6.34,6.34,6.34,6.34,0
2026-01-05 13:33:00,6.34,6.34,6.33,6.33,5
2026-01-05 13:34:00,6.33,6.33,6.33,6.33,0
2026-01-05 13:35:00,6.34,6.34,6.33,6.33,2
2026-01-05 13:36:00,6.33,6.33,6.33,6.33,0
2026-01-05 13:37:00,6.33,6.33,6.33,6.33,0
2026-01-05 13:38:00,6.34,6.34,6.34,6.34,1
2026-01-05 13:39:00,6.33,6.33,6.33,6.33,8
2026-01-05 13:40:00,6.33,6.33,6.33,6.33,0
2026-01-05 13:41:00,6.33,6.33,6.33,6.33,1
2026-01-05 13:42:00,6.33,6.33,6.33,6.33,1
2026-01-05 13:43:00,6.33,6.33,6.33,6.33,0
2026-01-05 13:44:00,6.34,6.34,6.34,6.34,1
2026-01-05 13:45:00,6.34,6.34,6.34,6.34,0
2026-01-05 13:46:00,6.35,6.35,6.35,6.35,1
2026-01-05 13:47:00,6.36,6.36,6.35,6.36,1
2026-01-05 13:48:00,6.34,6.34,6.34,6.34,1
2026-01-05 13:49:00,6.34,6.34,6.34,6.34,0
2026-01-05 13:50:00,6.34,6.34,6.34,6.34,0
2026-01-05 13:51:00,6.36,6.36,6.35,6.36,7
2026-01-05 13:52:00,6.35,6.35,6.33,6.33,14
2026-01-05 13:53:00,6.33,6.33,6.33,6.33,1
2026-01-05 13:54:00,6.33,6.33,6.33,6.33,0
2026-01-05 13:55:00,6.33,6.33,6.33,6.33,0
2026-01-05 13:56:00,6.33,6.33,6.33,6.33,0
2026-01-05 13:57:00,6.34,6.34,6.33,6.33,3
2026-01-05 13:58:00,6.32,6.33,6.32,6.32,1
2026-01-05 13:59:00,6.33,6.33,6.33,6.33,1
2026-01-05 14:00:00,6.33,6.36,6.33,6.36,58
2026-01-05 14:01:00,6.36,6.36,6.36,6.36,0
2026-01-05 14:02:00,6.37,6.39,6.37,6.39,22
2026-01-05 14:03:00,6.39,6.39,6.39,6.39,0
2026-01-05 14:04:00,6.39,6.39,6.39,6.39,3
2026-01-05 14:05:00,6.39,6.39,6.39,6.39,0
2026-01-05 14:06:00,6.38,6.4,6.38,6.4,17
2026-01-05 14:07:00,6.39,6.39,6.39,6.39,3
2026-01-05 14:08:00,6.39,6.39,6.39,6.39,0
2026-01-05 14:09:00,6.38,6.38,6.37,6.37,13
2026-01-05 14:10:00,6.37,6.38,6.37,6.37,2
2026-01-05 14:11:00,6.38,6.39,6.37,6.39,9
2026-01-05 14:12:00,6.39,6.39,6.39,6.39,0
2026-01-05 14:13:00,6.39,6.39,6.38,6.39,4
2026-01-05 14:14:00,6.39,6.39,6.39,6.39,0
2026-01-05 14:15:00,6.39,6.39,6.39,6.39,0
2026-01-05 14:16:00,6.39,6.39,6.38,6.39,1
2026-01-05 14:17:00,6.39,6.39,6.39,6.39,4
2026-01-05 14:18:00,6.39,6.39,6.39,6.39,0
2026-01-05 14:19:00,6.39,6.39,6.39,6.39,1
2026-01-05 14:20:00,6.39,6.39,6.39,6.39,0
2026-01-05 14:21:00,6.4,6.4,6.4,6.4,14
2026-01-05 14:22:00,6.4,6.4,6.4,6.4,0
2026-01-05 14:23:00,6.4,6.4,6.39,6.4,1
2026-01-05 14:24:00,6.4,6.4,6.4,6.4,0
2026-01-05 14:25:00,6.4,6.4,6.39,6.39,10
2026-01-05 14:26:00,6.39,6.39,6.39,6.39,0
2026-01-05 14:27:00,6.39,6.39,6.39,6.39,3
2026-01-05 14:28:00,6.39,6.39,6.39,6.39,0
2026-01-05 14:29:00,6.39,6.39,6.38,6.38,3
2026-01-05 14:30:00,6.4,6.4,6.39,6.39,3
2026-01-05 14:31:00,6.39,6.39,6.39,6.39,0
2026-01-05 14:32:00,6.39,6.39,6.39,6.39,0
2026-01-05 14:33:00,6.4,6.4,6.39,6.4,1
2026-01-05 14:34:00,6.4,6.4,6.4,6.4,0
2026-01-05 14:35:00,6.4,6.4,6.39,6.39,17
2026-01-05 14:36:00,6.39,6.39,6.39,6.39,0
2026-01-05 14:37:00,6.39,6.39,6.37,6.38,18
2026-01-05 14:38:00,6.38,6.38,6.38,6.38,0
2026-01-05 14:39:00,6.38,6.38,6.38,6.38,0
2026-01-05 14:40:00,6.38,6.38,6.38,6.38,1
2026-01-05 14:41:00,6.38,6.38,6.38,6.38,0
2026-01-05 14:42:00,6.38,6.38,6.38,6.38,19
2026-01-05 14:43:00,6.38,6.38,6.38,6.38,0
2026-01-05 14:44:00,6.38,6.38,6.38,6.38,2
2026-01-05 14:45:00,6.39,6.39,6.36,6.36,35
2026-01-05 14:46:00,6.36,6.36,6.36,6.36,0
2026-01-05 14:47:00,6.36,6.36,6.36,6.36,0
2026-01-05 14:48:00,6.36,6.36,6.35,6.36,69
2026-01-05 14:49:00,6.37,6.37,6.37,6.37,2
2026-01-05 14:50:00,6.37,6.37,6.37,6.37,1
2026-01-05 14:51:00,6.38,6.38,6.37,6.38,8
2026-01-05 14:52:00,6.38,6.39,6.38,6.38,5
2026-01-05 14:53:00,6.38,6.38,6.38,6.38,1
2026-01-05 14:54:00,6.39,6.39,6.38,6.39,3
2026-01-05 14:55:00,6.4,6.4,6.39,6.39,13
2026-01-05 14:56:00,6.39,6.39,6.39,6.39,0
2026-01-05 14:57:00,6.39,6.39,6.39,6.39,0
2026-01-05 14:58:00,6.38,6.39,6.38,6.38,2
2026-01-05 14:59:00,6.38,6.38,6.38,6.38,0
2026-01-05 15:00:00,6.39,6.39,6.38,6.39,15
2026-01-05 15:01:00,6.39,6.39,6.39,6.39,0
2026-01-05 15:02:00,6.39,6.39,6.39,6.39,2
2026-01-05 15:03:00,6.39,6.39,6.39,6.39,0
2026-01-05 15:04:00,6.39,6.39,6.39,6.39,0
2026-01-05 15:05:00,6.38,6.38,6.38,6.38,1
2026-01-05 15:06:00,6.38,6.38,6.38,6.38,7
2026-01-05 15:07:00,6.38,6.38,6.38,6.38,0
2026-01-05 15:08:00,6.38,6.38,6.38,6.38,0
2026-01-05 15:09:00,6.38,6.38,6.38,6.38,0
2026-01-05 15:10:00,6.37,6.37,6.36,6.36,7
2026-01-05 15:11:00,6.37,6.38,6.37,6.37,15
2026-01-05 15:12:00,6.37,6.37,6.37,6.37,1
2026-01-05 15:13:00,6.39,6.39,6.38,6.39,4
2026-01-05 15:14:00,6.39,6.39,6.39,6.39,0
2026-01-05 15:15:00,6.39,6.39,6.39,6.39,0
2026-01-05 15:16:00,6.38,6.39,6.38,6.38,3
2026-01-05 15:17:00,6.38,6.38,6.38,6.38,0
2026-01-05 15:18:00,6.38,6.38,6.38,6.38,0
2026-01-05 15:19:00,6.38,6.39,6.37,6.37,18
2026-01-05 15:20:00,6.37,6.37,6.37,6.37,0
2026-01-05 15:21:00,6.37,6.38,6.37,6.37,1
2026-01-05 15:22:00,6.38,6.38,6.37,6.38,6
2026-01-05 15:23:00,6.38,6.38,6.37,6.37,2
2026-01-05 15:24:00,6.37,6.37,6.37,6.37,0
2026-01-05 15:25:00,6.38,6.38,6.37,6.38,2
2026-01-05 15:26:00,6.38,6.38,6.37,6.38,5
2026-01-05 15:27:00,6.39,6.39,6.38,6.39,1
2026-01-05 15:28:00,6.39,6.39,6.39,6.39,0
2026-01-05 15:29:00,6.38,6.38,6.38,6.38,1
2026-01-05 15:30:00,6.38,6.38,6.38,6.38,0
2026-01-05 15:31:00,6.38,6.38,6.38,6.38,0
2026-01-05 15:32:00,6.38,6.38,6.38,6.38,0
2026-01-05 15:33:00,6.38,6.38,6.38,6.38,0
2026-01-05 15:34:00,6.39,6.4,6.38,6.39,18
2026-01-05 15:35:00,6.39,6.39,6.38,6.39,10
2026-01-05 15:36:00,6.38,6.38,6.37,6.37,3
2026-01-05 15:37:00,6.37,6.37,6.37,6.37,0
2026-01-05 15:38:00,6.37,6.38,6.37,6.38,7
2026-01-05 15:39:00,6.39,6.39,6.38,6.38,3
2026-01-05 15:40:00,6.38,6.39,6.38,6.39,11
2026-01-05 15:41:00,6.38,6.38,6.38,6.38,2
2026-01-05 15:42:00,6.38,6.38,6.38,6.38,0
2026-01-05 15:43:00,6.38,6.38,6.38,6.38,2
2026-01-05 15:44:00,6.38,6.38,6.38,6.38,0
2026-01-05 15:45:00,6.39,6.39,6.38,6.39,23
2026-01-05 15:46:00,6.39,6.39,6.38,6.39,47
2026-01-05 15:47:00,6.38,6.38,6.36,6.37,21
2026-01-05 15:48:00,6.36,6.36,6.36,6.36,1
2026-01-05 15:49:00,6.36,6.36,6.36,6.36,0
2026-01-05 15:50:00,6.36,6.37,6.34,6.37,96
2026-01-05 15:51:00,6.37,6.39,6.36,6.37,45
2026-01-05 15:52:00,6.37,6.37,6.37,6.37,2
2026-01-05 15:53:00,6.38,6.38,6.37,6.37,9
2026-01-05 15:54:00,6.37,6.38,6.37,6.38,3
2026-01-05 15:55:00,6.37,6.37,6.35,6.37,51
2026-01-05 15:56:00,6.37,6.38,6.36,6.38,55
2026-01-05 15:57:00,6.38,6.4,6.37,6.39,76
2026-01-05 15:58:00,6.39,6.39,6.37,6.37,137
2026-01-05 15:59:00,6.37,6.38,6.37,6.38,139
2026-01-06 09:30:00,6.25,6.28,6.25,6.28,76
2026-01-06 09:31:00,6.28,6.28,6.28,6.28,16
2026-01-06 09:32:00,6.33,6.34,6.33,6.33,1
2026-01-06 09:33:00,6.36,6.36,6.33,6.33,4
2026-01-06 09:34:00,6.32,6.38,6.32,6.34,4
2026-01-06 09:35:00,6.34,6.34,6.34,6.34,0
2026-01-06 09:36:00,6.38,6.38,6.38,6.38,2
2026-01-06 09:37:00,6.39,6.4,6.39,6.4,9
2026-01-06 09:38:00,6.33,6.44,6.33,6.4,15
2026-01-06 09:39:00,6.44,6.47,6.4,6.47,13
2026-01-06 09:40:00,6.46,6.48,6.46,6.48,9
2026-01-06 09:41:00,6.5,6.52,6.5,6.5,10
2026-01-06 09:42:00,6.5,6.5,6.5,6.5,0
2026-01-06 09:43:00,6.53,6.55,6.53,6.55,160
2026-01-06 09:44:00,6.57,6.58,6.57,6.57,4
2026-01-06 09:45:00,6.56,6.62,6.56,6.62,38
2026-01-06 09:46:00,6.61,6.61,6.61,6.61,14
2026-01-06 09:47:00,6.58,6.6,6.58,6.58,14
2026-01-06 09:48:00,6.6,6.6,6.6,6.6,2
2026-01-06 09:49:00,6.6,6.6,6.6,6.6,1
2026-01-06 09:50:00,6.62,6.62,6.62,6.62,11
2026-01-06 09:51:00,6.6,6.6,6.56,6.56,14
2026-01-06 09:52:00,6.56,6.57,6.52,6.56,10
2026-01-06 09:53:00,6.55,6.56,6.55,6.55,3
2026-01-06 09:54:00,6.56,6.57,6.53,6.53,4
2026-01-06 09:55:00,6.53,6.53,6.53,6.53,0
2026-01-06 09:56:00,6.53,6.56,6.53,6.54,8
2026-01-06 09:57:00,6.56,6.56,6.52,6.54,24
2026-01-06 09:58:00,6.54,6.55,6.54,6.55,3
2026-01-06 09:59:00,6.55,6.56,6.54,6.55,8
2026-01-06 10:00:00,6.54,6.55,6.53,6.53,5
2026-01-06 10:01:00,6.53,6.53,6.53,6.53,1
2026-01-06 10:02:00,6.52,6.52,6.52,6.52,2
2026-01-06 10:03:00,6.53,6.53,6.5,6.52,7
2026-01-06 10:04:00,6.52,6.52,6.52,6.52,2
2026-01-06 10:05:00,6.48,6.55,6.47,6.54,28
2026-01-06 10:06:00,6.54,6.54,6.53,6.54,8
2026-01-06 10:07:00,6.56,6.56,6.53,6.53,3
2026-01-06 10:08:00,6.56,6.56,6.52,6.52,8
2026-01-06 10:09:00,6.51,6.53,6.46,6.49,31
2026-01-06 10:10:00,6.51,6.51,6.5,6.51,6
2026-01-06 10:11:00,6.51,6.51,6.48,6.49,5
2026-01-06 10:12:00,6.49,6.51,6.48,6.49,5
2026-01-06 10:13:00,6.51,6.51,6.51,6.51,5
2026-01-06 10:14:00,6.51,6.51,6.51,6.51,1
2026-01-06 10:15:00,6.49,6.51,6.49,6.49,20
2026-01-06 10:16:00,6.5,6.5,6.47,6.47,3
2026-01-06 10:17:00,6.47,6.48,6.45,6.46,36
2026-01-06 10:18:00,6.47,6.48,6.45,6.45,30
2026-01-06 10:19:00,6.45,6.45,6.45,6.45,0
2026-01-06 10:20:00,6.45,6.46,6.41,6.45,23
2026-01-06 10:21:00,6.45,6.45,6.45,6.45,0
2026-01-06 10:22:00,6.45,6.45,6.45,6.45,0
2026-01-06 10:23:00,6.47,6.48,6.46,6.48,15
2026-01-06 10:24:00,6.48,6.48,6.48,6.48,6
2026-01-06 10:25:00,6.48,6.48,6.48,6.48,0
2026-01-06 10:26:00,6.47,6.49,6.47,6.49,7
2026-01-06 10:27:00,6.49,6.49,6.49,6.49,0
2026-01-06 10:28:00,6.49,6.49,6.49,6.49,0
2026-01-06 10:29:00,6.49,6.49,6.49,6.49,0
2026-01-06 10:30:00,6.49,6.49,6.49,6.49,0
2026-01-06 10:31:00,6.48,6.48,6.47,6.47,29
2026-01-06 10:32:00,6.46,6.46,6.46,6.46,3
2026-01-06 10:33:00,6.46,6.46,6.46,6.46,0
2026-01-06 10:34:00,6.45,6.47,6.45,6.47,13
2026-01-06 10:35:00,6.43,6.48,6.43,6.48,8
2026-01-06 10:36:00,6.47,6.47,6.47,6.47,12
2026-01-06 10:37:00,6.47,6.47,6.46,6.47,1
2026-01-06 10:38:00,6.47,6.47,6.47,6.47,0
2026-01-06 10:39:00,6.47,6.47,6.47,6.47,0
2026-01-06 10:40:00,6.46,6.5,6.45,6.49,13
2026-01-06 10:41:00,6.48,6.48,6.47,6.47,15
2026-01-06 10:42:00,6.47,6.47,6.47,6.47,0
2026-01-06 10:43:00,6.5,6.5,6.47,6.5,10
2026-01-06 10:44:00,6.5,6.5,6.5,6.5,0
2026-01-06 10:45:00,6.49,6.49,6.49,6.49,3
2026-01-06 10:46:00,6.5,6.5,6.5,6.5,1
2026-01-06 10:47:00,6.51,6.51,6.51,6.51,1
2026-01-06 10:48:00,6.51,6.51,6.5,6.5,18
2026-01-06 10:49:00,6.5,6.5,6.5,6.5,0
2026-01-06 10:50:00,6.49,6.5,6.48,6.5,11
2026-01-06 10:51:00,6.51,6.51,6.51,6.51,2
2026-01-06 10:52:00,6.51,6.51,6.51,6.51,0
2026-01-06 10:53:00,6.5,6.5,6.5,6.5,9
2026-01-06 10:54:00,6.5,6.5,6.5,6.5,0
2026-01-06 10:55:00,6.51,6.51,6.51,6.51,5
2026-01-06 10:56:00,6.51,6.51,6.51,6.51,0
2026-01-06 10:57:00,6.52,6.52,6.52,6.52,3
2026-01-06 10:58:00,6.52,6.52,6.52,6.52,0
2026-01-06 10:59:00,6.53,6.53,6.53,6.53,4
2026-01-06 11:00:00,6.52,6.52,6.51,6.51,6
2026-01-06 11:01:00,6.5,6.5,6.5,6.5,2
2026-01-06 11:02:00,6.5,6.53,6.5,6.53,11
2026-01-06 11:03:00,6.53,6.53,6.53,6.53,0
2026-01-06 11:04:00,6.55,6.55,6.55,6.55,2
2026-01-06 11:05:00,6.54,6.54,6.52,6.54,21
2026-01-06 11:06:00,6.53,6.54,6.52,6.54,14
2026-01-06 11:07:00,6.54,6.54,6.54,6.54,1
2026-01-06 11:08:00,6.54,6.54,6.53,6.54,1
2026-01-06 11:09:00,6.54,6.54,6.54,6.54,4
2026-01-06 11:10:00,6.53,6.53,6.52,6.53,5
2026-01-06 11:11:00,6.55,6.55,6.55,6.55,19
2026-01-06 11:12:00,6.56,6.57,6.56,6.57,10
2026-01-06 11:13:00,6.57,6.57,6.56,6.57,11
2026-01-06 11:14:00,6.57,6.57,6.57,6.57,0
2026-01-06 11:15:00,6.57,6.57,6.57,6.57,0
2026-01-06 11:16:00,6.56,6.56,6.56,6.56,9
2026-01-06 11:17:00,6.56,6.56,6.56,6.56,0
2026-01-06 11:18:00,6.56,6.56,6.56,6.56,0
2026-01-06 11:19:00,6.56,6.56,6.56,6.56,0
2026-01-06 11:20:00,6.57,6.57,6.57,6.57,8
2026-01-06 11:21:00,6.57,6.57,6.56,6.57,11
2026-01-06 11:22:00,6.57,6.57,6.57,6.57,0
2026-01-06 11:23:00,6.58,6.59,6.58,6.59,12
2026-01-06 11:24:00,6.58,6.58,6.58,6.58,8
2026-01-06 11:25:00,6.57,6.58,6.57,6.58,6
2026-01-06 11:26:00,6.58,6.6,6.58,6.59,7
2026-01-06 11:27:00,6.6,6.6,6.6,6.6,1
2026-01-06 11:28:00,6.61,6.61,6.61,6.61,1
2026-01-06 11:29:00,6.61,6.61,6.61,6.61,0
2026-01-06 11:30:00,6.61,6.61,6.61,6.61,2
2026-01-06 11:31:00,6.61,6.61,6.59,6.59,8
2026-01-06 11:32:00,6.58,6.58,6.58,6.58,5
2026-01-06 11:33:00,6.59,6.59,6.59,6.59,2
2026-01-06 11:34:00,6.58,6.58,6.58,6.58,2
2026-01-06 11:35:00,6.58,6.58,6.57,6.57,4
2026-01-06 11:36:00,6.56,6.56,6.56,6.56,1
2026-01-06 11:37:00,6.57,6.57,6.57,6.57,3
2026-01-06 11:38:00,6.58,6.58,6.58,6.58,2
2026-01-06 11:39:00,6.58,6.58,6.58,6.58,0
2026-01-06 11:40:00,6.58,6.58,6.56,6.56,3
2026-01-06 11:41:00,6.56,6.56,6.56,6.56,2
2026-01-06 11:42:00,6.58,6.6,6.58,6.6,9
2026-01-06 11:43:00,6.58,6.59,6.58,6.59,2
2026-01-06 11:44:00,6.58,6.58,6.58,6.58,3
2026-01-06 11:45:00,6.58,6.58,6.57,6.57,10
2026-01-06 11:46:00,6.59,6.59,6.56,6.56,5
2026-01-06 11:47:00,6.56,6.56,6.56,6.56,0
2026-01-06 11:48:00,6.58,6.58,6.58,6.58,2
2026-01-06 11:49:00,6.58,6.58,6.58,6.58,0
2026-01-06 11:50:00,6.58,6.58,6.58,6.58,2
2026-01-06 11:51:00,6.58,6.58,6.58,6.58,0
2026-01-06 11:52:00,6.58,6.58,6.56,6.56,6
2026-01-06 11:53:00,6.56,6.56,6.55,6.56,1
2026-01-06 11:54:00,6.55,6.55,6.54,6.55,17
2026-01-06 11:55:00,6.55,6.55,6.54,6.54,6
2026-01-06 11:56:00,6.54,6.54,6.54,6.54,2
2026-01-06 11:57:00,6.56,6.56,6.55,6.56,1
2026-01-06 11:58:00,6.56,6.56,6.56,6.56,2
2026-01-06 11:59:00,6.56,6.56,6.56,6.56,0
2026-01-06 12:00:00,6.56,6.56,6.56,6.56,0
2026-01-06 12:01:00,6.56,6.56,6.56,6.56,0
2026-01-06 12:02:00,6.58,6.58,6.58,6.58,1
2026-01-06 12:03:00,6.57,6.57,6.56,6.56,4
2026-01-06 12:04:00,6.58,6.58,6.58,6.58,2
2026-01-06 12:05:00,6.58,6.58,6.58,6.58,1
2026-01-06 12:06:00,6.58,6.59,6.58,6.58,2
2026-01-06 12:07:00,6.6,6.6,6.6,6.6,2
2026-01-06 12:08:00,6.6,6.6,6.6,6.6,0
2026-01-06 12:09:00,6.59,6.59,6.59,6.59,3
2026-01-06 12:10:00,6.58,6.58,6.58,6.58,8
2026-01-06 12:11:00,6.58,6.58,6.57,6.58,2
2026-01-06 12:12:00,6.57,6.57,6.57,6.57,3
2026-01-06 12:13:00,6.58,6.58,6.58,6.58,1
2026-01-06 12:14:00,6.58,6.58,6.58,6.58,0
2026-01-06 12:15:00,6.58,6.58,6.58,6.58,1
2026-01-06 12:16:00,6.58,6.58,6.58,6.58,0
2026-01-06 12:17:00,6.58,6.58,6.58,6.58,2
2026-01-06 12:18:00,6.58,6.58,6.58,6.58,0
2026-01-06 12:19:00,6.57,6.57,6.57,6.57,1
2026-01-06 12:20:00,6.57,6.57,6.55,6.56,12
2026-01-06 12:21:00,6.56,6.56,6.56,6.56,0
2026-01-06 12:22:00,6.57,6.57,6.57,6.57,2
2026-01-06 12:23:00,6.57,6.57,6.57,6.57,0
2026-01-06 12:24:00,6.57,6.57,6.55,6.56,3
2026-01-06 12:25:00,6.57,6.57,6.56,6.57,4
2026-01-06 12:26:00,6.55,6.55,6.55,6.55,1
2026-01-06 12:27:00,6.57,6.57,6.57,6.57,1
2026-01-06 12:28:00,6.57,6.57,6.57,6.57,0
2026-01-06 12:29:00,6.56,6.56,6.56,6.56,2
2026-01-06 12:30:00,6.56,6.56,6.56,6.56,0
2026-01-06 12:31:00,6.55,6.55,6.54,6.54,15
2026-01-06 12:32:00,6.54,6.54,6.54,6.54,0
2026-01-06 12:33:00,6.55,6.55,6.55,6.55,1
2026-01-06 12:34:00,6.54,6.54,6.54,6.54,3
2026-01-06 12:35:00,6.54,6.54,6.54,6.54,1
2026-01-06 12:36:00,6.54,6.54,6.54,6.54,0
2026-01-06 12:37:00,6.54,6.54,6.53,6.54,2
2026-01-06 12:38:00,6.54,6.54,6.54,6.54,0
2026-01-06 12:39:00,6.54,6.56,6.53,6.56,51
2026-01-06 12:40:00,6.55,6.55,6.54,6.54,32
2026-01-06 12:41:00,6.53,6.56,6.52,6.56,8
2026-01-06 12:42:00,6.54,6.54,6.54,6.54,1
2026-01-06 12:43:00,6.56,6.56,6.56,6.56,2
2026-01-06 12:44:00,6.53,6.54,6.53,6.53,1
2026-01-06 12:45:00,6.56,6.56,6.54,6.54,2
2026-01-06 12:46:00,6.54,6.54,6.54,6.54,0
2026-01-06 12:47:00,6.56,6.56,6.54,6.54,9
2026-01-06 12:48:00,6.54,6.54,6.54,6.54,0
2026-01-06 12:49:00,6.55,6.55,6.53,6.53,3
2026-01-06 12:50:00,6.53,6.53,6.53,6.53,1
2026-01-06 12:51:00,6.54,6.54,6.51,6.51,28
2026-01-06 12:52:00,6.5,6.5,6.5,6.5,17
2026-01-06 12:53:00,6.5,6.5,6.5,6.5,0
2026-01-06 12:54:00,6.49,6.5,6.49,6.49,4
2026-01-06 12:55:00,6.51,6.51,6.51,6.51,2
2026-01-06 12:56:00,6.51,6.51,6.51,6.51,0
2026-01-06 12:57:00,6.51,6.51,6.49,6.5,3
2026-01-06 12:58:00,6.5,6.5,6.5,6.5,0
2026-01-06 12:59:00,6.51,6.51,6.51,6.51,2
2026-01-06 13:00:00,6.49,6.49,6.47,6.47,6
2026-01-06 13:01:00,6.47,6.47,6.47,6.47,6
2026-01-06 13:02:00,6.47,6.48,6.47,6.48,4
2026-01-06 13:03:00,6.46,6.47,6.46,6.46,7
2026-01-06 13:04:00,6.47,6.47,6.47,6.47,8
2026-01-06 13:05:00,6.47,6.47,6.47,6.47,0
2026-01-06 13:06:00,6.48,6.48,6.48,6.48,2
2026-01-06 13:07:00,6.47,6.47,6.46,6.47,1
2026-01-06 13:08:00,6.48,6.48,6.48,6.48,2
2026-01-06 13:09:00,6.46,6.46,6.46,6.46,1
2026-01-06 13:10:00,6.46,6.46,6.46,6.46,0
2026-01-06 13:11:00,6.47,6.47,6.46,6.47,2
2026-01-06 13:12:00,6.47,6.48,6.47,6.48,8
2026-01-06 13:13:00,6.47,6.47,6.47,6.47,3
2026-01-06 13:14:00,6.48,6.48,6.48,6.48,5
2026-01-06 13:15:00,6.48,6.48,6.48,6.48,0
2026-01-06 13:16:00,6.49,6.49,6.49,6.49,1
2026-01-06 13:17:00,6.49,6.49,6.49,6.49,2
2026-01-06 13:18:00,6.48,6.48,6.48,6.48,1
2026-01-06 13:19:00,6.48,6.48,6.48,6.48,0
2026-01-06 13:20:00,6.48,6.49,6.48,6.49,4
2026-01-06 13:21:00,6.49,6.49,6.49,6.49,0
2026-01-06 13:22:00,6.49,6.49,6.49,6.49,2
2026-01-06 13:23:00,6.48,6.48,6.48,6.48,1
2026-01-06 13:24:00,6.49,6.49,6.47,6.48,38
2026-01-06 13:25:00,6.48,6.49,6.48,6.49,3
2026-01-06 13:26:00,6.49,6.53,6.49,6.51,21
2026-01-06 13:27:00,6.51,6.51,6.51,6.51,0
2026-01-06 13:28:00,6.53,6.53,6.53,6.53,1
2026-01-06 13:29:00,6.52,6.53,6.52,6.53,3
2026-01-06 13:30:00,6.53,6.53,6.53,6.53,2
2026-01-06 13:31:00,6.53,6.53,6.53,6.53,0
2026-01-06 13:32:00,6.53,6.53,6.53,6.53,2
2026-01-06 13:33:00,6.53,6.53,6.53,6.53,0
2026-01-06 13:34:00,6.53,6.53,6.53,6.53,2
2026-01-06 13:35:00,6.53,6.53,6.53,6.53,0
2026-01-06 13:36:00,6.53,6.53,6.53,6.53,1
2026-01-06 13:37:00,6.53,6.53,6.53,6.53,1
2026-01-06 13:38:00,6.5,6.51,6.5,6.51,25
2026-01-06 13:39:00,6.5,6.5,6.49,6.49,6
2026-01-06 13:40:00,6.5,6.5,6.5,6.5,1
2026-01-06 13:41:00,6.48,6.48,6.48,6.48,2
2026-01-06 13:42:00,6.48,6.48,6.47,6.47,2
2026-01-06 13:43:00,6.47,6.48,6.47,6.48,3
2026-01-06 13:44:00,6.48,6.48,6.48,6.48,1
2026-01-06 13:45:00,6.47,6.48,6.47,6.47,9
2026-01-06 13:46:00,6.48,6.48,6.47,6.48,1
2026-01-06 13:47:00,6.48,6.48,6.48,6.48,0
2026-01-06 13:48:00,6.48,6.48,6.48,6.48,2
2026-01-06 13:49:00,6.48,6.48,6.48,6.48,0
2026-01-06 13:50:00,6.47,6.5,6.47,6.5,48
2026-01-06 13:51:00,6.5,6.5,6.5,6.5,1
2026-01-06 13:52:00,6.51,6.51,6.51,6.51,2
2026-01-06 13:53:00,6.51,6.51,6.51,6.51,6
2026-01-06 13:54:00,6.52,6.52,6.52,6.52,3
2026-01-06 13:55:00,6.52,6.52,6.52,6.52,0
2026-01-06 13:56:00,6.53,6.53,6.52,6.52,5
2026-01-06 13:57:00,6.51,6.51,6.51,6.51,11
2026-01-06 13:58:00,6.52,6.52,6.51,6.51,4
2026-01-06 13:59:00,6.51,6.51,6.51,6.51,0
2026-01-06 14:00:00,6.51,6.51,6.5,6.5,2
2026-01-06 14:01:00,6.5,6.5,6.49,6.49,7
2026-01-06 14:02:00,6.49,6.49,6.49,6.49,0
2026-01-06 14:03:00,6.48,6.5,6.48,6.5,9
2026-01-06 14:04:00,6.49,6.49,6.49,6.49,1
2026-01-06 14:05:00,6.49,6.5,6.49,6.5,2
2026-01-06 14:06:00,6.48,6.49,6.48,6.48,2
2026-01-06 14:07:00,6.5,6.51,6.5,6.51,2
2026-01-06 14:08:00,6.51,6.51,6.51,6.51,0
2026-01-06 14:09:00,6.52,6.52,6.52,6.52,2
2026-01-06 14:10:00,6.52,6.52,6.51,6.52,1
2026-01-06 14:11:00,6.52,6.52,6.51,6.51,22
2026-01-06 14:12:00,6.51,6.51,6.51,6.51,0
2026-01-06 14:13:00,6.52,6.52,6.52,6.52,2
2026-01-06 14:14:00,6.52,6.52,6.51,6.51,8
2026-01-06 14:15:00,6.52,6.52,6.51,6.52,31
2026-01-06 14:16:00,6.52,6.52,6.51,6.52,1
2026-01-06 14:17:00,6.52,6.52,6.52,6.52,1
2026-01-06 14:18:00,6.52,6.52,6.51,6.52,1
2026-01-06 14:19:00,6.51,6.52,6.51,6.52,2
2026-01-06 14:20:00,6.52,6.52,6.52,6.52,1
2026-01-06 14:21:00,6.51,6.52,6.51,6.52,3
2026-01-06 14:22:00,6.52,6.52,6.52,6.52,0
2026-01-06 14:23:00,6.52,6.52,6.52,6.52,7
2026-01-06 14:24:00,6.52,6.52,6.52,6.52,0
2026-01-06 14:25:00,6.52,6.52,6.52,6.52,4
2026-01-06 14:26:00,6.52,6.53,6.52,6.53,6
2026-01-06 14:27:00,6.53,6.53,6.53,6.53,2
2026-01-06 14:28:00,6.53,6.53,6.53,6.53,0
2026-01-06 14:29:00,6.54,6.54,6.54,6.54,1
2026-01-06 14:30:00,6.54,6.54,6.54,6.54,0
2026-01-06 14:31:00,6.54,6.54,6.54,6.54,9
2026-01-06 14:32:00,6.53,6.54,6.53,6.53,2
2026-01-06 14:33:00,6.54,6.55,6.54,6.54,5
2026-01-06 14:34:00,6.55,6.55,6.54,6.54,15
2026-01-06 14:35:00,6.54,6.54,6.54,6.54,1
2026-01-06 14:36:00,6.54,6.54,6.54,6.54,0
2026-01-06 14:37:00,6.53,6.53,6.53,6.53,1
2026-01-06 14:38:00,6.53,6.53,6.53,6.53,0
2026-01-06 14:39:00,6.54,6.54,6.53,6.54,1
2026-01-06 14:40:00,6.54,6.54,6.54,6.54,0
2026-01-06 14:41:00,6.54,6.54,6.53,6.54,5
2026-01-06 14:42:00,6.54,6.54,6.54,6.54,0
2026-01-06 14:43:00,6.54,6.54,6.54,6.54,0
2026-01-06 14:44:00,6.53,6.54,6.53,6.53,1
2026-01-06 14:45:00,6.54,6.54,6.54,6.54,1
2026-01-06 14:46:00,6.54,6.54,6.54,6.54,0
2026-01-06 14:47:00,6.54,6.54,6.53,6.54,1
2026-01-06 14:48:00,6.54,6.54,6.54,6.54,6
2026-01-06 14:49:00,6.55,6.56,6.55,6.56,3
2026-01-06 14:50:00,6.56,6.56,6.56,6.56,1
2026-01-06 14:51:00,6.56,6.56,6.56,6.56,0
2026-01-06 14:52:00,6.56,6.56,6.56,6.56,0
2026-01-06 14:53:00,6.56,6.56,6.56,6.56,6
2026-01-06 14:54:00,6.57,6.57,6.56,6.56,16
2026-01-06 14:55:00,6.56,6.57,6.56,6.57,4
2026-01-06 14:56:00,6.56,6.56,6.56,6.56,1
2026-01-06 14:57:00,6.58,6.58,6.57,6.58,3
2026-01-06 14:58:00,6.58,6.58,6.58,6.58,2
2026-01-06 14:59:00,6.57,6.57,6.57,6.57,1
2026-01-06 15:00:00,6.58,6.59,6.58,6.59,24
2026-01-06 15:01:00,6.58,6.58,6.58,6.58,10
2026-01-06 15:02:00,6.58,6.58,6.58,6.58,2
2026-01-06 15:03:00,6.57,6.57,6.57,6.57,1
2026-01-06 15:04:00,6.58,6.58,6.57,6.58,4
2026-01-06 15:05:00,6.58,6.58,6.58,6.58,0
2026-01-06 15:06:00,6.58,6.58,6.57,6.58,5
2026-01-06 15:07:00,6.57,6.57,6.57,6.57,1
2026-01-06 15:08:00,6.58,6.58,6.57,6.58,1
2026-01-06 15:09:00,6.58,6.58,6.57,6.58,1
2026-01-06 15:10:00,6.58,6.59,6.58,6.58,13
2026-01-06 15:11:00,6.58,6.58,6.58,6.58,5
2026-01-06 15:12:00,6.58,6.58,6.58,6.58,1
2026-01-06 15:13:00,6.58,6.58,6.58,6.58,0
2026-01-06 15:14:00,6.57,6.58,6.57,6.58,6
2026-01-06 15:15:00,6.58,6.58,6.58,6.58,0
2026-01-06 15:16:00,6.58,6.58,6.58,6.58,1
2026-01-06 15:17:00,6.57,6.57,6.57,6.57,6
2026-01-06 15:18:00,6.59,6.59,6.59,6.59,5
2026-01-06 15:19:00,6.59,6.59,6.59,6.59,0
2026-01-06 15:20:00,6.6,6.6,6.6,6.6,8
2026-01-06 15:21:00,6.61,6.61,6.61,6.61,3
2026-01-06 15:22:00,6.62,6.62,6.61,6.62,6
2026-01-06 15:23:00,6.62,6.62,6.62,6.62,0
2026-01-06 15:24:00,6.62,6.62,6.62,6.62,21
2026-01-06 15:25:00,6.62,6.62,6.61,6.62,6
2026-01-06 15:26:00,6.62,6.62,6.61,6.62,4
2026-01-06 15:27:00,6.62,6.62,6.62,6.62,0
2026-01-06 15:28:00,6.62,6.62,6.62,6.62,0
2026-01-06 15:29:00,6.62,6.64,6.62,6.63,16
2026-01-06 15:30:00,6.64,6.64,6.64,6.64,2
2026-01-06 15:31:00,6.64,6.64,6.64,6.64,0
2026-01-06 15:32:00,6.64,6.64,6.64,6.64,5
2026-01-06 15:33:00,6.64,6.64,6.64,6.64,0
2026-01-06 15:34:00,6.65,6.66,6.65,6.66,7
2026-01-06 15:35:00,6.66,6.66,6.65,6.66,18
2026-01-06 15:36:00,6.66,6.67,6.66,6.67,49
2026-01-06 15:37:00,6.68,6.68,6.68,6.68,3
2026-01-06 15:38:00,6.68,6.69,6.67,6.69,17
2026-01-06 15:39:00,6.67,6.67,6.66,6.66,8
2026-01-06 15:40:00,6.67,6.67,6.66,6.67,10
2026-01-06 15:41:00,6.66,6.66,6.66,6.66,2
2026-01-06 15:42:00,6.66,6.67,6.65,6.66,10
2026-01-06 15:43:00,6.65,6.66,6.65,6.65,12
2026-01-06 15:44:00,6.66,6.66,6.66,6.66,2
2026-01-06 15:45:00,6.65,6.66,6.65,6.66,11
2026-01-06 15:46:00,6.66,6.66,6.66,6.66,0
2026-01-06 15:47:00,6.67,6.67,6.66,6.66,14
2026-01-06 15:48:00,6.67,6.67,6.66,6.66,3
2026-01-06 15:49:00,6.66,6.66,6.66,6.66,0
2026-01-06 15:50:00,6.67,6.67,6.66,6.66,30
2026-01-06 15:51:00,6.66,6.66,6.64,6.65,53
2026-01-06 15:52:00,6.64,6.65,6.63,6.64,42
2026-01-06 15:53:00,6.63,6.63,6.63,6.63,8
2026-01-06 15:54:00,6.64,6.64,6.61,6.63,38
2026-01-06 15:55:00,6.63,6.64,6.62,6.63,42
2026-01-06 15:56:00,6.64,6.64,6.62,6.63,28
2026-01-06 15:57:00,6.62,6.64,6.62,6.64,33
2026-01-06 15:58:00,6.64,6.65,6.63,6.64,40
2026-01-06 15:59:00,6.64,6.64,6.6,6.6,191
2026-01-07 09:30:00,6.65,6.75,6.65,6.74,32
2026-01-07 09:31:00,6.7,6.85,6.7,6.85,18
2026-01-07 09:32:00,6.79,6.8,6.76,6.78,37
2026-01-07 09:33:00,6.79,6.83,6.75,6.82,25
2026-01-07 09:34:00,6.79,6.79,6.73,6.73,14
2026-01-07 09:35:00,6.73,6.78,6.72,6.78,7
2026-01-07 09:36:00,6.81,6.9,6.79,6.86,48
2026-01-07 09:37:00,6.86,6.86,6.69,6.83,29
2026-01-07 09:38:00,6.81,6.82,6.75,6.76,25
2026-01-07 09:39:00,6.81,6.82,6.81,6.82,4
2026-01-07 09:40:00,6.82,6.82,6.82,6.82,0
2026-01-07 09:41:00,6.87,6.87,6.84,6.84,12
2026-01-07 09:42:00,6.84,6.85,6.83,6.83,10
2026-01-07 09:43:00,6.85,6.85,6.83,6.83,7
2026-01-07 09:44:00,6.83,6.84,6.83,6.83,3
2026-01-07 09:45:00,6.82,6.85,6.82,6.85,6
2026-01-07 09:46:00,6.83,6.84,6.81,6.82,19
2026-01-07 09:47:00,6.82,6.82,6.81,6.82,5
2026-01-07 09:48:00,6.81,6.85,6.8,6.85,53
2026-01-07 09:49:00,6.84,6.84,6.8,6.81,39
2026-01-07 09:50:00,6.84,6.9,6.82,6.89,20
2026-01-07 09:51:00,6.93,6.93,6.93,6.93,1
2026-01-07 09:52:00,6.92,6.92,6.89,6.9,3
2026-01-07 09:53:00,6.9,6.92,6.89,6.9,28
2026-01-07 09:54:00,6.9,6.92,6.88,6.89,6
2026-01-07 09:55:00,6.88,6.89,6.86,6.89,11
2026-01-07 09:56:00,6.85,6.9,6.84,6.9,5
2026-01-07 09:57:00,6.88,6.9,6.87,6.9,11
2026-01-07 09:58:00,6.86,6.86,6.84,6.84,40
2026-01-07 09:59:00,6.87,6.9,6.87,6.89,7
2026-01-07 10:00:00,6.88,6.89,6.88,6.88,1
2026-01-07 10:01:00,6.88,6.88,6.87,6.88,7
2026-01-07 10:02:00,6.86,6.86,6.86,6.86,6
2026-01-07 10:03:00,6.85,6.85,6.85,6.85,3
2026-01-07 10:04:00,6.83,6.85,6.83,6.85,17
2026-01-07 10:05:00,6.87,6.89,6.87,6.89,12
2026-01-07 10:06:00,6.9,6.9,6.89,6.9,4
2026-01-07 10:07:00,6.89,6.89,6.87,6.87,7
2026-01-07 10:08:00,6.86,6.88,6.83,6.88,22
2026-01-07 10:09:00,6.86,6.9,6.85,6.9,8
2026-01-07 10:10:00,6.9,6.9,6.88,6.89,8
2026-01-07 10:11:00,6.9,6.9,6.86,6.87,13
2026-01-07 10:12:00,6.85,6.87,6.85,6.85,14
2026-01-07 10:13:00,6.85,6.85,6.85,6.85,2
2026-01-07 10:14:00,6.85,6.85,6.81,6.82,39
2026-01-07 10:15:00,6.84,6.84,6.8,6.81,23
2026-01-07 10:16:00,6.81,6.82,6.81,6.81,3
2026-01-07 10:17:00,6.81,6.82,6.81,6.82,5
2026-01-07 10:18:00,6.84,6.85,6.84,6.85,5
2026-01-07 10:19:00,6.83,6.83,6.83,6.83,4
2026-01-07 10:20:00,6.81,6.81,6.8,6.81,2
2026-01-07 10:21:00,6.81,6.81,6.81,6.81,0
2026-01-07 10:22:00,6.82,6.82,6.78,6.78,18
2026-01-07 10:23:00,6.77,6.77,6.76,6.77,2
2026-01-07 10:24:00,6.77,6.77,6.77,6.77,0
2026-01-07 10:25:00,6.78,6.79,6.77,6.79,7
2026-01-07 10:26:00,6.78,6.79,6.77,6.77,3
2026-01-07 10:27:00,6.78,6.78,6.77,6.78,2
2026-01-07 10:28:00,6.8,6.81,6.8,6.81,3
2026-01-07 10:29:00,6.79,6.79,6.78,6.78,7
2026-01-07 10:30:00,6.79,6.79,6.76,6.78,26
2026-01-07 10:31:00,6.77,6.79,6.77,6.79,2
2026-01-07 10:32:00,6.77,6.77,6.75,6.75,7
2026-01-07 10:33:00,6.75,6.75,6.75,6.75,0
2026-01-07 10:34:00,6.74,6.74,6.73,6.74,8
2026-01-07 10:35:00,6.74,6.74,6.74,6.74,0
2026-01-07 10:36:00,6.74,6.74,6.74,6.74,1
2026-01-07 10:37:00,6.73,6.73,6.73,6.73,1
2026-01-07 10:38:00,6.75,6.76,6.75,6.75,12
2026-01-07 10:39:00,6.74,6.77,6.74,6.77,34
2026-01-07 10:40:00,6.76,6.77,6.76,6.77,2
2026-01-07 10:41:00,6.75,6.76,6.75,6.76,5
2026-01-07 10:42:00,6.75,6.76,6.75,6.75,3
2026-01-07 10:43:00,6.75,6.75,6.75,6.75,0
2026-01-07 10:44:00,6.75,6.77,6.75,6.77,4
2026-01-07 10:45:00,6.75,6.75,6.75,6.75,1
2026-01-07 10:46:00,6.77,6.77,6.76,6.76,7
2026-01-07 10:47:00,6.76,6.76,6.76,6.76,0
2026-01-07 10:48:00,6.74,6.74,6.74,6.74,1
2026-01-07 10:49:00,6.74,6.74,6.74,6.74,0
2026-01-07 10:50:00,6.76,6.76,6.75,6.75,2
2026-01-07 10:51:00,6.75,6.75,6.75,6.75,0
2026-01-07 10:52:00,6.75,6.76,6.73,6.73,15
2026-01-07 10:53:00,6.73,6.73,6.73,6.73,0
2026-01-07 10:54:00,6.73,6.73,6.72,6.73,2
2026-01-07 10:55:00,6.73,6.73,6.72,6.73,2
2026-01-07 10:56:00,6.73,6.73,6.72,6.73,1
2026-01-07 10:57:00,6.73,6.73,6.72,6.73,2
2026-01-07 10:58:00,6.73,6.73,6.73,6.73,0
2026-01-07 10:59:00,6.73,6.73,6.71,6.71,2
2026-01-07 11:00:00,6.73,6.73,6.72,6.73,2
2026-01-07 11:01:00,6.73,6.73,6.72,6.73,1
2026-01-07 11:02:00,6.73,6.73,6.72,6.73,2
2026-01-07 11:03:00,6.73,6.73,6.72,6.73,3
2026-01-07 11:04:00,6.73,6.73,6.72,6.73,2
2026-01-07 11:05:00,6.73,6.73,6.72,6.73,1
2026-01-07 11:06:00,6.73,6.73,6.71,6.71,3
2026-01-07 11:07:00,6.73,6.73,6.72,6.73,2
2026-01-07 11:08:00,6.73,6.73,6.72,6.73,2
2026-01-07 11:09:00,6.71,6.74,6.7,6.74,8
2026-01-07 11:10:00,6.73,6.74,6.73,6.73,5
2026-01-07 11:11:00,6.73,6.73,6.71,6.73,41
2026-01-07 11:12:00,6.73,6.74,6.72,6.73,45
2026-01-07 11:13:00,6.73,6.75,6.73,6.75,7
2026-01-07 11:14:00,6.75,6.77,6.73,6.77,12
2026-01-07 11:15:00,6.77,6.77,6.77,6.77,0
2026-01-07 11:16:00,6.75,6.76,6.75,6.75,2
2026-01-07 11:17:00,6.75,6.75,6.75,6.75,0
2026-01-07 11:18:00,6.78,6.78,6.78,6.78,10
2026-01-07 11:19:00,6.78,6.78,6.78,6.78,0
2026-01-07 11:20:00,6.76,6.76,6.76,6.76,6
2026-01-07 11:21:00,6.76,6.76,6.76,6.76,0
2026-01-07 11:22:00,6.76,6.76,6.76,6.76,1
2026-01-07 11:23:00,6.78,6.78,6.78,6.78,7
2026-01-07 11:24:00,6.76,6.76,6.76,6.76,2
2026-01-07 11:25:00,6.78,6.78,6.76,6.76,2
2026-01-07 11:26:00,6.76,6.77,6.74,6.77,98
2026-01-07 11:27:00,6.76,6.76,6.76,6.76,27
2026-01-07 11:28:00,6.77,6.77,6.77,6.77,1
2026-01-07 11:29:00,6.76,6.77,6.76,6.77,3
2026-01-07 11:30:00,6.77,6.77,6.77,6.77,1
2026-01-07 11:31:00,6.79,6.8,6.79,6.8,16
2026-01-07 11:32:00,6.79,6.81,6.79,6.8,3
2026-01-07 11:33:00,6.8,6.8,6.8,6.8,0
2026-01-07 11:34:00,6.81,6.84,6.81,6.83,18
2026-01-07 11:35:00,6.83,6.83,6.83,6.83,0
2026-01-07 11:36:00,6.81,6.81,6.81,6.81,4
2026-01-07 11:37:00,6.8,6.8,6.8,6.8,4
2026-01-07 11:38:00,6.8,6.8,6.8,6.8,0
2026-01-07 11:39:00,6.81,6.83,6.81,6.81,6
2026-01-07 11:40:00,6.81,6.81,6.81,6.81,2
2026-01-07 11:41:00,6.81,6.81,6.81,6.81,0
2026-01-07 11:42:00,6.81,6.81,6.81,6.81,0
2026-01-07 11:43:00,6.83,6.86,6.83,6.86,5
2026-01-07 11:44:00,6.86,6.86,6.86,6.86,4
2026-01-07 11:45:00,6.87,6.87,6.87,6.87,1
2026-01-07 11:46:00,6.87,6.87,6.87,6.87,0
2026-01-07 11:47:00,6.88,6.89,6.88,6.89,2
2026-01-07 11:48:00,6.89,6.89,6.89,6.89,0
2026-01-07 11:49:00,6.88,6.88,6.88,6.88,2
2026-01-07 11:50:00,6.85,6.86,6.85,6.85,6
2026-01-07 11:51:00,6.88,6.88,6.85,6.86,13
2026-01-07 11:52:00,6.86,6.86,6.86,6.86,0
2026-01-07 11:53:00,6.86,6.86,6.86,6.86,0
2026-01-07 11:54:00,6.86,6.86,6.86,6.86,0
2026-01-07 11:55:00,6.84,6.86,6.82,6.83,51
2026-01-07 11:56:00,6.83,6.83,6.83,6.83,0
2026-01-07 11:57:00,6.83,6.83,6.83,6.83,0
2026-01-07 11:58:00,6.84,6.84,6.84,6.84,1
2026-01-07 11:59:00,6.84,6.84,6.84,6.84,1
2026-01-07 12:00:00,6.84,6.84,6.84,6.84,2
2026-01-07 12:01:00,6.86,6.86,6.86,6.86,1
2026-01-07 12:02:00,6.83,6.83,6.83,6.83,1
2026-01-07 12:03:00,6.84,6.84,6.84,6.84,1
2026-01-07 12:04:00,6.83,6.83,6.82,6.82,4
2026-01-07 12:05:00,6.82,6.82,6.82,6.82,0
2026-01-07 12:06:00,6.82,6.82,6.82,6.82,0
2026-01-07 12:07:00,6.83,6.83,6.82,6.82,11
2026-01-07 12:08:00,6.82,6.82,6.82,6.82,0
2026-01-07 12:09:00,6.81,6.81,6.81,6.81,1
2026-01-07 12:10:00,6.81,6.81,6.8,6.8,16
2026-01-07 12:11:00,6.79,6.79,6.79,6.79,1
2026-01-07 12:12:00,6.79,6.79,6.78,6.78,3
2026-01-07 12:13:00,6.78,6.78,6.78,6.78,0
2026-01-07 12:14:00,6.78,6.78,6.78,6.78,1
2026-01-07 12:15:00,6.78,6.78,6.78,6.78,0
2026-01-07 12:16:00,6.78,6.78,6.78,6.78,2
2026-01-07 12:17:00,6.79,6.79,6.79,6.79,2
2026-01-07 12:18:00,6.78,6.78,6.78,6.78,1
2026-01-07 12:19:00,6.78,6.78,6.78,6.78,1
2026-01-07 12:20:00,6.78,6.79,6.77,6.77,3
2026-01-07 12:21:00,6.77,6.77,6.76,6.76,13
2026-01-07 12:22:00,6.76,6.76,6.76,6.76,0
2026-01-07 12:23:00,6.76,6.78,6.75,6.75,5
2026-01-07 12:24:00,6.75,6.75,6.75,6.75,0
2026-01-07 12:25:00,6.75,6.75,6.75,6.75,0
2026-01-07 12:26:00,6.76,6.78,6.76,6.78,14
2026-01-07 12:27:00,6.78,6.78,6.78,6.78,0
2026-01-07 12:28:00,6.8,6.8,6.8,6.8,2
2026-01-07 12:29:00,6.79,6.79,6.78,6.79,3
2026-01-07 12:30:00,6.79,6.79,6.79,6.79,0
2026-01-07 12:31:00,6.79,6.79,6.79,6.79,0
2026-01-07 12:32:00,6.8,6.8,6.8,6.8,1
2026-01-07 12:33:00,6.79,6.8,6.79,6.8,2
2026-01-07 12:34:00,6.81,6.81,6.81,6.81,1
2026-01-07 12:35:00,6.81,6.81,6.81,6.81,1
2026-01-07 12:36:00,6.81,6.81,6.8,6.81,4
2026-01-07 12:37:00,6.81,6.81,6.81,6.81,0
2026-01-07 12:38:00,6.8,6.8,6.8,6.8,2
2026-01-07 12:39:00,6.82,6.82,6.82,6.82,2
2026-01-07 12:40:00,6.82,6.82,6.81,6.81,11
2026-01-07 12:41:00,6.81,6.81,6.81,6.81,0
2026-01-07 12:42:00,6.77,6.78,6.77,6.77,8
2026-01-07 12:43:00,6.77,6.77,6.77,6.77,0
2026-01-07 12:44:00,6.79,6.79,6.79,6.79,1
2026-01-07 12:45:00,6.8,6.8,6.8,6.8,2
2026-01-07 12:46:00,6.79,6.79,6.78,6.78,9
2026-01-07 12:47:00,6.77,6.77,6.77,6.77,3
2026-01-07 12:48:00,6.77,6.77,6.77,6.77,0
2026-01-07 12:49:00,6.78,6.78,6.77,6.78,1
2026-01-07 12:50:00,6.76,6.76,6.76,6.76,3
2026-01-07 12:51:00,6.77,6.77,6.77,6.77,2
2026-01-07 12:52:00,6.77,6.77,6.77,6.77,5
2026-01-07 12:53:00,6.77,6.77,6.77,6.77,0
2026-01-07 12:54:00,6.76,6.77,6.76,6.77,3
2026-01-07 12:55:00,6.78,6.78,6.78,6.78,1
2026-01-07 12:56:00,6.76,6.77,6.75,6.75,19
2026-01-07 12:57:00,6.75,6.75,6.75,6.75,0
2026-01-07 12:58:00,6.75,6.75,6.75,6.75,0
2026-01-07 12:59:00,6.76,6.76,6.76,6.76,2
2026-01-07 13:00:00,6.76,6.76,6.75,6.75,4
2026-01-07 13:01:00,6.75,6.75,6.75,6.75,0
2026-01-07 13:02:00,6.74,6.74,6.73,6.73,7
2026-01-07 13:03:00,6.74,6.74,6.74,6.74,1
2026-01-07 13:04:00,6.74,6.74,6.74,6.74,0
2026-01-07 13:05:00,6.74,6.74,6.73,6.74,1
2026-01-07 13:06:00,6.75,6.75,6.74,6.75,8
2026-01-07 13:07:00,6.75,6.75,6.75,6.75,1
2026-01-07 13:08:00,6.75,6.75,6.75,6.75,0
2026-01-07 13:09:00,6.75,6.75,6.75,6.75,0
2026-01-07 13:10:00,6.75,6.75,6.74,6.75,6
2026-01-07 13:11:00,6.75,6.75,6.75,6.75,0
2026-01-07 13:12:00,6.73,6.74,6.73,6.73,10
2026-01-07 13:13:00,6.72,6.72,6.71,6.72,1
2026-01-07 13:14:00,6.72,6.72,6.72,6.72,0
2026-01-07 13:15:00,6.72,6.72,6.72,6.72,0
2026-01-07 13:16:00,6.72,6.72,6.71,6.72,7
2026-01-07 13:17:00,6.72,6.72,6.7,6.72,13
2026-01-07 13:18:00,6.71,6.72,6.71,6.72,16
2026-01-07 13:19:00,6.71,6.72,6.7,6.72,5
2026-01-07 13:20:00,6.72,6.73,6.72,6.73,2
2026-01-07 13:21:00,6.74,6.74,6.74,6.74,3
2026-01-07 13:22:00,6.73,6.73,6.73,6.73,3
2026-01-07 13:23:00,6.73,6.73,6.72,6.73,3
2026-01-07 13:24:00,6.72,6.72,6.71,6.71,6
2026-01-07 13:25:00,6.71,6.71,6.71,6.71,0
2026-01-07 13:26:00,6.71,6.71,6.71,6.71,2
2026-01-07 13:27:00,6.7,6.7,6.7,6.7,3
2026-01-07 13:28:00,6.7,6.7,6.7,6.7,0
2026-01-07 13:29:00,6.71,6.71,6.7,6.71,2
2026-01-07 13:30:00,6.71,6.71,6.7,6.71,1
2026-01-07 13:31:00,6.69,6.72,6.69,6.72,6
2026-01-07 13:32:00,6.72,6.72,6.7,6.71,3
2026-01-07 13:33:00,6.71,6.71,6.71,6.71,0
2026-01-07 13:34:00,6.71,6.72,6.7,6.72,2
2026-01-07 13:35:00,6.72,6.72,6.72,6.72,0
2026-01-07 13:36:00,6.72,6.72,6.72,6.72,0
2026-01-07 13:37:00,6.72,6.72,6.72,6.72,1
2026-01-07 13:38:00,6.72,6.73,6.71,6.71,10
2026-01-07 13:39:00,6.71,6.71,6.71,6.71,0
2026-01-07 13:40:00,6.71,6.71,6.71,6.71,0
2026-01-07 13:41:00,6.71,6.71,6.71,6.71,0
2026-01-07 13:42:00,6.72,6.72,6.71,6.72,1
2026-01-07 13:43:00,6.72,6.72,6.72,6.72,0
2026-01-07 13:44:00,6.72,6.72,6.72,6.72,0
2026-01-07 13:45:00,6.72,6.72,6.72,6.72,0
2026-01-07 13:46:00,6.7,6.7,6.69,6.69,22
2026-01-07 13:47:00,6.69,6.69,6.69,6.69,0
2026-01-07 13:48:00,6.7,6.72,6.7,6.72,12
2026-01-07 13:49:00,6.72,6.72,6.72,6.72,0
2026-01-07 13:50:00,6.71,6.71,6.71,6.71,1
2026-01-07 13:51:00,6.71,6.71,6.71,6.71,0
2026-01-07 13:52:00,6.72,6.72,6.71,6.72,12
2026-01-07 13:53:00,6.72,6.72,6.72,6.72,0
2026-01-07 13:54:00,6.72,6.72,6.72,6.72,0
2026-01-07 13:55:00,6.71,6.72,6.71,6.72,2
2026-01-07 13:56:00,6.72,6.72,6.71,6.71,26
2026-01-07 13:57:00,6.72,6.72,6.71,6.72,4
2026-01-07 13:58:00,6.72,6.72,6.71,6.72,1
2026-01-07 13:59:00,6.72,6.72,6.72,6.72,0
2026-01-07 14:00:00,6.72,6.72,6.71,6.72,1
2026-01-07 14:01:00,6.72,6.72,6.72,6.72,1
2026-01-07 14:02:00,6.73,6.74,6.72,6.74,18
2026-01-07 14:03:00,6.75,6.75,6.73,6.74,13
2026-01-07 14:04:00,6.73,6.74,6.73,6.74,2
2026-01-07 14:05:00,6.75,6.75,6.75,6.75,1
2026-01-07 14:06:00,6.75,6.75,6.75,6.75,0
2026-01-07 14:07:00,6.75,6.75,6.75,6.75,1
2026-01-07 14:08:00,6.75,6.75,6.75,6.75,0
2026-01-07 14:09:00,6.74,6.74,6.73,6.74,3
2026-01-07 14:10:00,6.74,6.74,6.73,6.73,4
2026-01-07 14:11:00,6.72,6.72,6.72,6.72,25
2026-01-07 14:12:00,6.72,6.72,6.72,6.72,0
2026-01-07 14:13:00,6.71,6.71,6.71,6.71,5
2026-01-07 14:14:00,6.72,6.72,6.71,6.72,1
2026-01-07 14:15:00,6.71,6.71,6.71,6.71,4
2026-01-07 14:16:00,6.71,6.71,6.71,6.71,0
2026-01-07 14:17:00,6.72,6.72,6.72,6.72,4
2026-01-07 14:18:00,6.72,6.72,6.72,6.72,0
2026-01-07 14:19:00,6.72,6.72,6.72,6.72,0
2026-01-07 14:20:00,6.71,6.71,6.71,6.71,1
2026-01-07 14:21:00,6.71,6.71,6.71,6.71,0
2026-01-07 14:22:00,6.72,6.73,6.72,6.73,5
2026-01-07 14:23:00,6.73,6.73,6.73,6.73,0
2026-01-07 14:24:00,6.72,6.73,6.71,6.73,2
2026-01-07 14:25:00,6.72,6.72,6.71,6.72,2
2026-01-07 14:26:00,6.72,6.72,6.71,6.72,6
2026-01-07 14:27:00,6.72,6.73,6.72,6.73,5
2026-01-07 14:28:00,6.74,6.74,6.73,6.74,34
2026-01-07 14:29:00,6.72,6.72,6.71,6.72,32
2026-01-07 14:30:00,6.72,6.72,6.71,6.72,2
2026-01-07 14:31:00,6.72,6.72,6.72,6.72,0
2026-01-07 14:32:00,6.72,6.72,6.72,6.72,0
2026-01-07 14:33:00,6.73,6.73,6.72,6.73,1
2026-01-07 14:34:00,6.73,6.74,6.72,6.74,15
2026-01-07 14:35:00,6.76,6.76,6.76,6.76,5
2026-01-07 14:36:00,6.75,6.75,6.74,6.75,7
2026-01-07 14:37:00,6.75,6.75,6.74,6.75,4
2026-01-07 14:38:00,6.75,6.75,6.74,6.75,1
2026-01-07 14:39:00,6.75,6.75,6.74,6.75,3
2026-01-07 14:40:00,6.75,6.75,6.75,6.75,1
2026-01-07 14:41:00,6.75,6.75,6.75,6.75,4
2026-01-07 14:42:00,6.76,6.76,6.75,6.76,33
2026-01-07 14:43:00,6.75,6.77,6.74,6.74,45
2026-01-07 14:44:00,6.75,6.75,6.75,6.75,2
2026-01-07 14:45:00,6.75,6.76,6.75,6.75,1
2026-01-07 14:46:00,6.75,6.76,6.75,6.75,1
2026-01-07 14:47:00,6.75,6.76,6.75,6.75,2
2026-01-07 14:48:00,6.74,6.81,6.74,6.81,55
2026-01-07 14:49:00,6.81,6.81,6.81,6.81,0
2026-01-07 14:50:00,6.79,6.8,6.79,6.79,10
2026-01-07 14:51:00,6.82,6.86,6.82,6.86,50
2026-01-07 14:52:00,6.88,6.88,6.86,6.86,17
2026-01-07 14:53:00,6.9,6.95,6.89,6.95,60
2026-01-07 14:54:00,6.93,6.94,6.92,6.93,30
2026-01-07 14:55:00,6.93,6.94,6.9,6.91,25
2026-01-07 14:56:00,6.94,6.94,6.9,6.9,7
2026-01-07 14:57:00,6.92,6.95,6.92,6.94,18
2026-01-07 14:58:00,6.93,6.96,6.91,6.96,9
2026-01-07 14:59:00,6.97,6.99,6.96,6.99,12
2026-01-07 15:00:00,6.99,6.99,6.98,6.99,14
2026-01-07 15:01:00,6.99,6.99,6.91,6.91,18
2026-01-07 15:02:00,6.94,6.94,6.91,6.92,8
2026-01-07 15:03:00,6.92,6.92,6.89,6.89,9
2026-01-07 15:04:00,6.89,6.89,6.89,6.89,0
2026-01-07 15:05:00,6.9,6.9,6.88,6.89,8
2026-01-07 15:06:00,6.87,6.88,6.86,6.88,9
2026-01-07 15:07:00,6.88,6.9,6.87,6.9,7
2026-01-07 15:08:00,6.93,6.95,6.93,6.94,14
2026-01-07 15:09:00,6.94,6.94,6.92,6.92,22
2026-01-07 15:10:00,6.92,6.92,6.91,6.91,14
2026-01-07 15:11:00,6.9,6.92,6.9,6.92,15
2026-01-07 15:12:00,6.91,6.92,6.9,6.91,10
2026-01-07 15:13:00,6.9,6.9,6.9,6.9,7
2026-01-07 15:14:00,6.9,6.9,6.9,6.9,0
2026-01-07 15:15:00,6.9,6.9,6.9,6.9,0
2026-01-07 15:16:00,6.89,6.89,6.88,6.88,2
2026-01-07 15:17:00,6.89,6.89,6.88,6.88,2
2026-01-07 15:18:00,6.9,6.92,6.9,6.92,16
2026-01-07 15:19:00,6.9,6.9,6.9,6.9,1
2026-01-07 15:20:00,6.9,6.9,6.89,6.9,6
2026-01-07 15:21:00,6.9,6.9,6.9,6.9,0
2026-01-07 15:22:00,6.9,6.9,6.9,6.9,0
2026-01-07 15:23:00,6.89,6.89,6.86,6.87,34
2026-01-07 15:24:00,6.87,6.87,6.86,6.87,2
2026-01-07 15:25:00,6.86,6.87,6.86,6.87,7
2026-01-07 15:26:00,6.87,6.87,6.86,6.87,11
2026-01-07 15:27:00,6.87,6.87,6.86,6.87,8
2026-01-07 15:28:00,6.87,6.87,6.87,6.87,0
2026-01-07 15:29:00,6.87,6.87,6.86,6.86,9
2026-01-07 15:30:00,6.85,6.85,6.85,6.85,2
2026-01-07 15:31:00,6.86,6.86,6.86,6.86,2
2026-01-07 15:32:00,6.85,6.86,6.85,6.86,11
2026-01-07 15:33:00,6.85,6.85,6.85,6.85,5
2026-01-07 15:34:00,6.85,6.85,6.85,6.85,0
2026-01-07 15:35:00,6.84,6.84,6.84,6.84,3
2026-01-07 15:36:00,6.83,6.83,6.83,6.83,7
2026-01-07 15:37:00,6.83,6.83,6.82,6.82,3
2026-01-07 15:38:00,6.83,6.83,6.83,6.83,1
2026-01-07 15:39:00,6.83,6.84,6.83,6.83,5
2026-01-07 15:40:00,6.82,6.85,6.82,6.85,34
2026-01-07 15:41:00,6.85,6.85,6.85,6.85,4
2026-01-07 15:42:00,6.86,6.86,6.84,6.85,5
2026-01-07 15:43:00,6.83,6.84,6.81,6.81,7
2026-01-07 15:44:00,6.83,6.84,6.83,6.84,10
2026-01-07 15:45:00,6.83,6.87,6.83,6.87,75
2026-01-07 15:46:00,6.86,6.87,6.86,6.87,7
2026-01-07 15:47:00,6.86,6.86,6.84,6.85,18
2026-01-07 15:48:00,6.85,6.85,6.85,6.85,9
2026-01-07 15:49:00,6.86,6.86,6.85,6.86,6
2026-01-07 15:50:00,6.86,6.86,6.85,6.85,7
2026-01-07 15:51:00,6.84,6.85,6.83,6.85,41
2026-01-07 15:52:00,6.84,6.87,6.84,6.86,38
2026-01-07 15:53:00,6.86,6.86,6.85,6.86,1
2026-01-07 15:54:00,6.85,6.86,6.85,6.85,19
2026-01-07 15:55:00,6.84,6.84,6.83,6.83,15
2026-01-07 15:56:00,6.85,6.85,6.82,6.83,56
2026-01-07 15:57:00,6.83,6.84,6.8,6.83,98
2026-01-07 15:58:00,6.83,6.87,6.83,6.87,66
2026-01-07 15:59:00,6.87,6.88,6.83,6.85,204
2026-01-08 09:30:00,6.74,6.74,6.69,6.69,60
2026-01-08 09:31:00,6.69,6.69,6.69,6.69,8
2026-01-08 09:32:00,6.74,6.74,6.74,6.74,1
2026-01-08 09:33:00,6.74,6.74,6.74,6.74,0
2026-01-08 09:34:00,6.73,6.75,6.73,6.74,14
2026-01-08 09:35:00,6.75,6.75,6.73,6.75,28
2026-01-08 09:36:00,6.74,6.74,6.74,6.74,1
2026-01-08 09:37:00,6.74,6.74,6.74,6.74,0
2026-01-08 09:38:00,6.78,6.78,6.78,6.78,1
2026-01-08 09:39:00,6.78,6.78,6.78,6.78,0
2026-01-08 09:40:00,6.81,6.81,6.8,6.81,2
2026-01-08 09:41:00,6.76,6.76,6.76,6.76,2
2026-01-08 09:42:00,6.81,6.81,6.8,6.81,1
2026-01-08 09:43:00,6.76,6.76,6.74,6.74,31
2026-01-08 09:44:00,6.74,6.77,6.71,6.71,6
2026-01-08 09:45:00,6.73,6.73,6.71,6.71,26
2026-01-08 09:46:00,6.71,6.71,6.71,6.71,0
2026-01-08 09:47:00,6.71,6.71,6.71,6.71,0
2026-01-08 09:48:00,6.73,6.73,6.73,6.73,1
2026-01-08 09:49:00,6.74,6.74,6.73,6.74,1
2026-01-08 09:50:00,6.74,6.74,6.74,6.74,0
2026-01-08 09:51:00,6.74,6.74,6.74,6.74,0
2026-01-08 09:52:00,6.74,6.74,6.74,6.74,0
2026-01-08 09:53:00,6.73,6.75,6.72,6.75,9
2026-01-08 09:54:00,6.75,6.75,6.75,6.75,1
2026-01-08 09:55:00,6.71,6.72,6.7,6.72,6
2026-01-08 09:56:00,6.69,6.69,6.69,6.69,1
2026-01-08 09:57:00,6.69,6.69,6.69,6.69,0
2026-01-08 09:58:00,6.7,6.72,6.7,6.72,2
2026-01-08 09:59:00,6.72,6.72,6.72,6.72,2
2026-01-08 10:00:00,6.72,6.72,6.72,6.72,0
2026-01-08 10:01:00,6.68,6.69,6.64,6.64,27
2026-01-08 10:02:00,6.67,6.67,6.66,6.67,2
2026-01-08 10:03:00,6.68,6.68,6.65,6.65,29
2026-01-08 10:04:00,6.66,6.68,6.64,6.68,19
2026-01-08 10:05:00,6.72,6.72,6.71,6.72,1
2026-01-08 10:06:00,6.71,6.74,6.68,6.68,35
2026-01-08 10:07:00,6.72,6.73,6.71,6.73,6
2026-01-08 10:08:00,6.78,6.8,6.78,6.8,23
2026-01-08 10:09:00,6.79,6.8,6.79,6.8,4
2026-01-08 10:10:00,6.8,6.81,6.79,6.79,10
2026-01-08 10:11:00,6.79,6.8,6.79,6.8,21
2026-01-08 10:12:00,6.8,6.8,6.8,6.8,0
2026-01-08 10:13:00,6.82,6.82,6.81,6.82,3
2026-01-08 10:14:00,6.82,6.82,6.82,6.82,0
2026-01-08 10:15:00,6.82,6.82,6.82,6.82,0
2026-01-08 10:16:00,6.82,6.82,6.81,6.81,2
2026-01-08 10:17:00,6.81,6.83,6.81,6.81,39
2026-01-08 10:18:00,6.81,6.81,6.81,6.81,0
2026-01-08 10:19:00,6.81,6.81,6.81,6.81,0
2026-01-08 10:20:00,6.81,6.81,6.81,6.81,0
2026-01-08 10:21:00,6.81,6.81,6.81,6.81,0
2026-01-08 10:22:00,6.81,6.81,6.81,6.81,0
2026-01-08 10:23:00,6.82,6.82,6.82,6.82,1
2026-01-08 10:24:00,6.83,6.87,6.83,6.87,9
2026-01-08 10:25:00,6.87,6.87,6.84,6.84,13
2026-01-08 10:26:00,6.82,6.82,6.82,6.82,2
2026-01-08 10:27:00,6.82,6.82,6.82,6.82,0
2026-01-08 10:28:00,6.82,6.82,6.82,6.82,0
2026-01-08 10:29:00,6.82,6.82,6.82,6.82,0
2026-01-08 10:30:00,6.83,6.83,6.83,6.83,3
2026-01-08 10:31:00,6.81,6.81,6.78,6.79,5
2026-01-08 10:32:00,6.79,6.79,6.79,6.79,0
2026-01-08 10:33:00,6.79,6.79,6.79,6.79,1
2026-01-08 10:34:00,6.79,6.79,6.79,6.79,0
2026-01-08 10:35:00,6.79,6.79,6.79,6.79,0
2026-01-08 10:36:00,6.79,6.79,6.79,6.79,0
2026-01-08 10:37:00,6.79,6.79,6.79,6.79,0
2026-01-08 10:38:00,6.79,6.79,6.79,6.79,2
2026-01-08 10:39:00,6.79,6.8,6.78,6.78,4
2026-01-08 10:40:00,6.78,6.78,6.78,6.78,0
2026-01-08 10:41:00,6.78,6.78,6.78,6.78,0
2026-01-08 10:42:00,6.78,6.78,6.78,6.78,1
2026-01-08 10:43:00,6.78,6.78,6.77,6.77,3
2026-01-08 10:44:00,6.78,6.78,6.75,6.77,26
2026-01-08 10:45:00,6.75,6.76,6.75,6.75,2
2026-01-08 10:46:00,6.75,6.75,6.75,6.75,0
2026-01-08 10:47:00,6.75,6.76,6.75,6.75,1
2026-01-08 10:48:00,6.73,6.73,6.66,6.66,41
2026-01-08 10:49:00,6.66,6.66,6.66,6.66,1
2026-01-08 10:50:00,6.66,6.69,6.66,6.69,10
2026-01-08 10:51:00,6.68,6.68,6.67,6.67,3
2026-01-08 10:52:00,6.66,6.66,6.64,6.64,9
2026-01-08 10:53:00,6.64,6.67,6.64,6.64,59
2026-01-08 10:54:00,6.64,6.64,6.64,6.64,1
2026-01-08 10:55:00,6.64,6.67,6.64,6.67,7
2026-01-08 10:56:00,6.67,6.67,6.65,6.67,28
2026-01-08 10:57:00,6.67,6.67,6.66,6.67,1
2026-01-08 10:58:00,6.67,6.67,6.66,6.67,6
2026-01-08 10:59:00,6.67,6.67,6.66,6.67,12
2026-01-08 11:00:00,6.67,6.67,6.66,6.66,5
2026-01-08 11:01:00,6.66,6.66,6.66,6.66,0
2026-01-08 11:02:00,6.66,6.66,6.66,6.66,5
2026-01-08 11:03:00,6.66,6.67,6.66,6.67,10
2026-01-08 11:04:00,6.66,6.67,6.66,6.67,14
2026-01-08 11:05:00,6.67,6.67,6.67,6.67,0
2026-01-08 11:06:00,6.65,6.65,6.65,6.65,5
2026-01-08 11:07:00,6.66,6.66,6.65,6.66,1
2026-01-08 11:08:00,6.66,6.66,6.66,6.66,0
2026-01-08 11:09:00,6.66,6.66,6.66,6.66,0
2026-01-08 11:10:00,6.65,6.67,6.65,6.66,74
2026-01-08 11:11:00,6.66,6.67,6.66,6.67,32
2026-01-08 11:12:00,6.67,6.67,6.66,6.67,3
2026-01-08 11:13:00,6.67,6.67,6.66,6.67,1
2026-01-08 11:14:00,6.67,6.67,6.66,6.67,1
2026-01-08 11:15:00,6.66,6.66,6.66,6.66,4
2026-01-08 11:16:00,6.65,6.66,6.64,6.65,29
2026-01-08 11:17:00,6.65,6.65,6.65,6.65,0
2026-01-08 11:18:00,6.65,6.65,6.64,6.65,1
2026-01-08 11:19:00,6.65,6.65,6.65,6.65,0
2026-01-08 11:20:00,6.67,6.67,6.66,6.67,12
2026-01-08 11:21:00,6.67,6.67,6.67,6.67,0
2026-01-08 11:22:00,6.67,6.67,6.66,6.66,6
2026-01-08 11:23:00,6.66,6.66,6.66,6.66,0
2026-01-08 11:24:00,6.65,6.65,6.65,6.65,2
2026-01-08 11:25:00,6.65,6.65,6.64,6.65,1
2026-01-08 11:26:00,6.64,6.65,6.63,6.65,2
2026-01-08 11:27:00,6.65,6.65,6.65,6.65,0
2026-01-08 11:28:00,6.64,6.65,6.64,6.64,1
2026-01-08 11:29:00,6.65,6.65,6.65,6.65,1
2026-01-08 11:30:00,6.67,6.67,6.65,6.66,8
2026-01-08 11:31:00,6.66,6.66,6.66,6.66,0
2026-01-08 11:32:00,6.66,6.66,6.66,6.66,0
2026-01-08 11:33:00,6.66,6.66,6.66,6.66,0
2026-01-08 11:34:00,6.66,6.66,6.66,6.66,0
2026-01-08 11:35:00,6.66,6.66,6.66,6.66,1
2026-01-08 11:36:00,6.64,6.65,6.64,6.64,7
2026-01-08 11:37:00,6.64,6.64,6.64,6.64,0
2026-01-08 11:38:00,6.64,6.64,6.64,6.64,3
2026-01-08 11:39:00,6.64,6.64,6.64,6.64,0
2026-01-08 11:40:00,6.64,6.65,6.64,6.65,24
2026-01-08 11:41:00,6.65,6.65,6.65,6.65,0
2026-01-08 11:42:00,6.65,6.65,6.65,6.65,0
2026-01-08 11:43:00,6.65,6.66,6.65,6.66,8
2026-01-08 11:44:00,6.64,6.66,6.64,6.66,11
2026-01-08 11:45:00,6.66,6.66,6.66,6.66,0
2026-01-08 11:46:00,6.64,6.65,6.64,6.64,1
2026-01-08 11:47:00,6.64,6.64,6.64,6.64,0
2026-01-08 11:48:00,6.64,6.64,6.64,6.64,0
2026-01-08 11:49:00,6.64,6.64,6.64,6.64,0
2026-01-08 11:50:00,6.64,6.64,6.64,6.64,0
2026-01-08 11:51:00,6.65,6.65,6.65,6.65,1
2026-01-08 11:52:00,6.65,6.66,6.65,6.65,6
2026-01-08 11:53:00,6.65,6.65,6.65,6.65,0
2026-01-08 11:54:00,6.65,6.65,6.65,6.65,0
2026-01-08 11:55:00,6.66,6.66,6.65,6.65,3
2026-01-08 11:56:00,6.64,6.64,6.64,6.64,2
2026-01-08 11:57:00,6.63,6.63,6.62,6.63,11
2026-01-08 11:58:00,6.64,6.64,6.63,6.64,3
2026-01-08 11:59:00,6.64,6.64,6.64,6.64,0
2026-01-08 12:00:00,6.64,6.66,6.64,6.66,47
2026-01-08 12:01:00,6.66,6.66,6.66,6.66,0
2026-01-08 12:02:00,6.66,6.66,6.66,6.66,0
2026-01-08 12:03:00,6.66,6.66,6.66,6.66,0
2026-01-08 12:04:00,6.66,6.66,6.66,6.66,3
2026-01-08 12:05:00,6.67,6.74,6.67,6.7,152
2026-01-08 12:06:00,6.7,6.7,6.7,6.7,3
2026-01-08 12:07:00,6.7,6.72,6.7,6.72,14
2026-01-08 12:08:00,6.71,6.72,6.7,6.72,31
2026-01-08 12:09:00,6.71,6.71,6.71,6.71,3
2026-01-08 12:10:00,6.7,6.7,6.69,6.7,3
2026-01-08 12:11:00,6.72,6.73,6.72,6.72,1
2026-01-08 12:12:00,6.72,6.72,6.72,6.72,0
2026-01-08 12:13:00,6.72,6.72,6.72,6.72,0
2026-01-08 12:14:00,6.7,6.7,6.7,6.7,11
2026-01-08 12:15:00,6.71,6.71,6.7,6.71,1
2026-01-08 12:16:00,6.71,6.71,6.7,6.71,1
2026-01-08 12:17:00,6.71,6.71,6.7,6.71,6
2026-01-08 12:18:00,6.71,6.71,6.71,6.71,0
2026-01-08 12:19:00,6.71,6.71,6.71,6.71,2
2026-01-08 12:20:00,6.71,6.71,6.71,6.71,0
2026-01-08 12:21:00,6.71,6.71,6.71,6.71,0
2026-01-08 12:22:00,6.72,6.72,6.71,6.72,9
2026-01-08 12:23:00,6.72,6.72,6.72,6.72,0
2026-01-08 12:24:00,6.72,6.72,6.72,6.72,2
2026-01-08 12:25:00,6.72,6.72,6.72,6.72,0
2026-01-08 12:26:00,6.71,6.71,6.7,6.7,12
2026-01-08 12:27:00,6.7,6.7,6.7,6.7,0
2026-01-08 12:28:00,6.71,6.71,6.7,6.71,2
2026-01-08 12:29:00,6.71,6.72,6.71,6.71,14
2026-01-08 12:30:00,6.71,6.71,6.71,6.71,0
2026-01-08 12:31:00,6.71,6.71,6.71,6.71,0
2026-01-08 12:32:00,6.71,6.71,6.71,6.71,0
2026-01-08 12:33:00,6.72,6.73,6.71,6.73,16
2026-01-08 12:34:00,6.72,6.72,6.72,6.72,1
2026-01-08 12:35:00,6.71,6.71,6.71,6.71,27
2026-01-08 12:36:00,6.71,6.71,6.71,6.71,0
2026-01-08 12:37:00,6.71,6.71,6.71,6.71,0
2026-01-08 12:38:00,6.71,6.71,6.71,6.71,0
2026-01-08 12:39:00,6.71,6.71,6.71,6.71,0
2026-01-08 12:40:00,6.71,6.71,6.71,6.71,0
2026-01-08 12:41:00,6.71,6.71,6.71,6.71,0
2026-01-08 12:42:00,6.71,6.71,6.71,6.71,0
2026-01-08 12:43:00,6.68,6.69,6.68,6.69,5
2026-01-08 12:44:00,6.7,6.7,6.69,6.7,4
2026-01-08 12:45:00,6.7,6.7,6.7,6.7,0
2026-01-08 12:46:00,6.69,6.69,6.69,6.69,6
2026-01-08 12:47:00,6.7,6.7,6.69,6.7,26
2026-01-08 12:48:00,6.71,6.71,6.7,6.71,4
2026-01-08 12:49:00,6.71,6.73,6.7,6.73,6
2026-01-08 12:50:00,6.73,6.73,6.71,6.71,7
2026-01-08 12:51:00,6.71,6.71,6.71,6.71,0
2026-01-08 12:52:00,6.71,6.72,6.7,6.72,5
2026-01-08 12:53:00,6.72,6.73,6.72,6.73,10
2026-01-08 12:54:00,6.73,6.73,6.73,6.73,0
2026-01-08 12:55:00,6.73,6.73,6.73,6.73,0
2026-01-08 12:56:00,6.73,6.73,6.73,6.73,0
2026-01-08 12:57:00,6.73,6.73,6.73,6.73,0
2026-01-08 12:58:00,6.71,6.71,6.71,6.71,7
2026-01-08 12:59:00,6.71,6.71,6.71,6.71,0
2026-01-08 13:00:00,6.72,6.74,6.71,6.74,28
2026-01-08 13:01:00,6.74,6.75,6.73,6.75,15
2026-01-08 13:02:00,6.74,6.74,6.74,6.74,3
2026-01-08 13:03:00,6.73,6.73,6.73,6.73,1
2026-01-08 13:04:00,6.73,6.73,6.73,6.73,0
2026-01-08 13:05:00,6.73,6.73,6.73,6.73,0
2026-01-08 13:06:00,6.73,6.73,6.73,6.73,0
2026-01-08 13:07:00,6.73,6.73,6.73,6.73,0
2026-01-08 13:08:00,6.73,6.73,6.73,6.73,0
2026-01-08 13:09:00,6.73,6.73,6.73,6.73,0
2026-01-08 13:10:00,6.73,6.73,6.73,6.73,1
2026-01-08 13:11:00,6.71,6.71,6.71,6.71,7
2026-01-08 13:12:00,6.71,6.71,6.71,6.71,0
2026-01-08 13:13:00,6.71,6.71,6.7,6.71,4
2026-01-08 13:14:00,6.71,6.71,6.7,6.71,1
2026-01-08 13:15:00,6.71,6.71,6.71,6.71,0
2026-01-08 13:16:00,6.71,6.71,6.7,6.71,1
2026-01-08 13:17:00,6.71,6.71,6.7,6.71,6
2026-01-08 13:18:00,6.69,6.7,6.69,6.69,3
2026-01-08 13:19:00,6.69,6.69,6.69,6.69,0
2026-01-08 13:20:00,6.7,6.7,6.69,6.7,3
2026-01-08 13:21:00,6.7,6.7,6.7,6.7,1
2026-01-08 13:22:00,6.7,6.7,6.7,6.7,1
2026-01-08 13:23:00,6.69,6.69,6.69,6.69,2
2026-01-08 13:24:00,6.69,6.69,6.69,6.69,0
2026-01-08 13:25:00,6.69,6.69,6.69,6.69,0
2026-01-08 13:26:00,6.69,6.69,6.69,6.69,0
2026-01-08 13:27:00,6.69,6.69,6.69,6.69,0
2026-01-08 13:28:00,6.69,6.69,6.68,6.69,1
2026-01-08 13:29:00,6.69,6.7,6.69,6.7,21
2026-01-08 13:30:00,6.7,6.7,6.7,6.7,0
2026-01-08 13:31:00,6.71,6.71,6.7,6.71,4
2026-01-08 13:32:00,6.71,6.71,6.71,6.71,0
2026-01-08 13:33:00,6.71,6.71,6.71,6.71,0
2026-01-08 13:34:00,6.71,6.71,6.71,6.71,0
2026-01-08 13:35:00,6.72,6.72,6.72,6.72,1
2026-01-08 13:36:00,6.72,6.72,6.72,6.72,0
2026-01-08 13:37:00,6.72,6.72,6.72,6.72,0
2026-01-08 13:38:00,6.72,6.72,6.72,6.72,0
2026-01-08 13:39:00,6.72,6.72,6.72,6.72,0
2026-01-08 13:40:00,6.72,6.72,6.72,6.72,0
2026-01-08 13:41:00,6.72,6.72,6.72,6.72,0
2026-01-08 13:42:00,6.72,6.72,6.72,6.72,1
2026-01-08 13:43:00,6.72,6.72,6.72,6.72,0
2026-01-08 13:44:00,6.72,6.72,6.72,6.72,0
2026-01-08 13:45:00,6.71,6.72,6.71,6.72,11
2026-01-08 13:46:00,6.72,6.72,6.72,6.72,1
2026-01-08 13:47:00,6.72,6.72,6.71,6.72,2
2026-01-08 13:48:00,6.72,6.73,6.72,6.73,14
2026-01-08 13:49:00,6.72,6.72,6.72,6.72,2
2026-01-08 13:50:00,6.72,6.72,6.72,6.72,1
2026-01-08 13:51:00,6.71,6.71,6.7,6.7,6
2026-01-08 13:52:00,6.71,6.71,6.71,6.71,1
2026-01-08 13:53:00,6.71,6.71,6.71,6.71,0
2026-01-08 13:54:00,6.72,6.72,6.72,6.72,1
2026-01-08 13:55:00,6.72,6.72,6.72,6.72,0
2026-01-08 13:56:00,6.72,6.72,6.72,6.72,0
2026-01-08 13:57:00,6.71,6.71,6.71,6.71,1
2026-01-08 13:58:00,6.71,6.71,6.71,6.71,0
2026-01-08 13:59:00,6.71,6.71,6.71,6.71,0
2026-01-08 14:00:00,6.71,6.71,6.71,6.71,0
2026-01-08 14:01:00,6.71,6.71,6.71,6.71,0
2026-01-08 14:02:00,6.72,6.73,6.72,6.73,19
2026-01-08 14:03:00,6.73,6.73,6.73,6.73,0
2026-01-08 14:04:00,6.73,6.73,6.73,6.73,0
2026-01-08 14:05:00,6.73,6.73,6.73,6.73,0
2026-01-08 14:06:00,6.74,6.74,6.74,6.74,5
2026-01-08 14:07:00,6.73,6.73,6.7,6.73,36
2026-01-08 14:08:00,6.73,6.76,6.73,6.76,106
2026-01-08 14:09:00,6.75,6.78,6.75,6.78,72
2026-01-08 14:10:00,6.78,6.78,6.78,6.78,1
2026-01-08 14:11:00,6.77,6.77,6.75,6.75,20
2026-01-08 14:12:00,6.75,6.76,6.75,6.75,8
2026-01-08 14:13:00,6.75,6.75,6.75,6.75,0
2026-01-08 14:14:00,6.75,6.76,6.75,6.75,1
2026-01-08 14:15:00,6.76,6.76,6.76,6.76,3
2026-01-08 14:16:00,6.75,6.76,6.75,6.75,2
2026-01-08 14:17:00,6.75,6.77,6.75,6.76,12
2026-01-08 14:18:00,6.76,6.76,6.76,6.76,0
2026-01-08 14:19:00,6.77,6.77,6.76,6.77,2
2026-01-08 14:20:00,6.78,6.78,6.78,6.78,5
2026-01-08 14:21:00,6.78,6.78,6.76,6.76,20
2026-01-08 14:22:00,6.76,6.76,6.76,6.76,1
2026-01-08 14:23:00,6.76,6.77,6.75,6.77,12
2026-01-08 14:24:00,6.76,6.77,6.76,6.76,1
2026-01-08 14:25:00,6.76,6.76,6.74,6.74,303
2026-01-08 14:26:00,6.75,6.75,6.75,6.75,2
2026-01-08 14:27:00,6.75,6.75,6.75,6.75,0
2026-01-08 14:28:00,6.76,6.76,6.75,6.75,2
2026-01-08 14:29:00,6.75,6.75,6.75,6.75,0
2026-01-08 14:30:00,6.75,6.75,6.75,6.75,0
2026-01-08 14:31:00,6.76,6.76,6.76,6.76,6
2026-01-08 14:32:00,6.76,6.76,6.76,6.76,1
2026-01-08 14:33:00,6.76,6.76,6.76,6.76,1
2026-01-08 14:34:00,6.76,6.76,6.76,6.76,3
2026-01-08 14:35:00,6.76,6.76,6.76,6.76,1
2026-01-08 14:36:00,6.75,6.75,6.75,6.75,4
2026-01-08 14:37:00,6.75,6.76,6.75,6.75,4
2026-01-08 14:38:00,6.75,6.75,6.75,6.75,0
2026-01-08 14:39:00,6.75,6.75,6.75,6.75,3
2026-01-08 14:40:00,6.75,6.75,6.74,6.75,3
2026-01-08 14:41:00,6.75,6.75,6.75,6.75,0
2026-01-08 14:42:00,6.75,6.75,6.75,6.75,0
2026-01-08 14:43:00,6.75,6.75,6.75,6.75,3
2026-01-08 14:44:00,6.75,6.75,6.75,6.75,0
2026-01-08 14:45:00,6.75,6.76,6.74,6.74,29
2026-01-08 14:46:00,6.75,6.75,6.74,6.74,14
2026-01-08 14:47:00,6.74,6.74,6.74,6.74,0
2026-01-08 14:48:00,6.74,6.74,6.74,6.74,0
2026-01-08 14:49:00,6.74,6.74,6.74,6.74,2
2026-01-08 14:50:00,6.75,6.75,6.74,6.75,11
2026-01-08 14:51:00,6.74,6.75,6.74,6.75,2
2026-01-08 14:52:00,6.75,6.75,6.75,6.75,2
2026-01-08 14:53:00,6.75,6.75,6.75,6.75,0
2026-01-08 14:54:00,6.74,6.74,6.74,6.74,2
2026-01-08 14:55:00,6.73,6.73,6.7,6.71,12
2026-01-08 14:56:00,6.71,6.71,6.71,6.71,0
2026-01-08 14:57:00,6.7,6.7,6.69,6.7,1
2026-01-08 14:58:00,6.71,6.72,6.71,6.72,10
2026-01-08 14:59:00,6.72,6.74,6.72,6.74,19
2026-01-08 15:00:00,6.74,6.74,6.74,6.74,0
2026-01-08 15:01:00,6.74,6.74,6.74,6.74,0
2026-01-08 15:02:00,6.73,6.73,6.73,6.73,3
2026-01-08 15:03:00,6.73,6.73,6.73,6.73,0
2026-01-08 15:04:00,6.73,6.73,6.73,6.73,0
2026-01-08 15:05:00,6.73,6.73,6.73,6.73,0
2026-01-08 15:06:00,6.72,6.72,6.72,6.72,1
2026-01-08 15:07:00,6.72,6.72,6.72,6.72,0
2026-01-08 15:08:00,6.72,6.72,6.72,6.72,0
2026-01-08 15:09:00,6.73,6.73,6.72,6.73,2
2026-01-08 15:10:00,6.73,6.73,6.72,6.72,5
2026-01-08 15:11:00,6.72,6.72,6.72,6.72,0
2026-01-08 15:12:00,6.74,6.75,6.74,6.75,7
2026-01-08 15:13:00,6.75,6.75,6.75,6.75,0
2026-01-08 15:14:00,6.75,6.75,6.75,6.75,0
2026-01-08 15:15:00,6.75,6.75,6.75,6.75,0
2026-01-08 15:16:00,6.75,6.75,6.75,6.75,1
2026-01-08 15:17:00,6.76,6.76,6.75,6.76,7
2026-01-08 15:18:00,6.77,6.78,6.77,6.78,10
2026-01-08 15:19:00,6.78,6.78,6.78,6.78,6
2026-01-08 15:20:00,6.78,6.78,6.77,6.77,9
2026-01-08 15:21:00,6.77,6.77,6.77,6.77,0
2026-01-08 15:22:00,6.77,6.77,6.75,6.75,9
2026-01-08 15:23:00,6.74,6.75,6.74,6.74,2
2026-01-08 15:24:00,6.74,6.74,6.74,6.74,0
2026-01-08 15:25:00,6.75,6.75,6.74,6.75,2
2026-01-08 15:26:00,6.75,6.75,6.75,6.75,0
2026-01-08 15:27:00,6.75,6.75,6.75,6.75,0
2026-01-08 15:28:00,6.75,6.75,6.74,6.75,6
2026-01-08 15:29:00,6.75,6.75,6.75,6.75,5
2026-01-08 15:30:00,6.75,6.75,6.73,6.74,16
2026-01-08 15:31:00,6.74,6.74,6.73,6.74,2
2026-01-08 15:32:00,6.74,6.74,6.73,6.74,1
2026-01-08 15:33:00,6.74,6.74,6.73,6.74,1
2026-01-08 15:34:00,6.74,6.74,6.73,6.74,1
2026-01-08 15:35:00,6.74,6.74,6.73,6.74,1
2026-01-08 15:36:00,6.74,6.74,6.73,6.74,3
2026-01-08 15:37:00,6.74,6.74,6.73,6.74,3
2026-01-08 15:38:00,6.74,6.75,6.73,6.75,9
2026-01-08 15:39:00,6.76,6.78,6.76,6.78,12
2026-01-08 15:40:00,6.78,6.8,6.77,6.77,18
2026-01-08 15:41:00,6.77,6.77,6.76,6.76,6
2026-01-08 15:42:00,6.75,6.76,6.75,6.76,11
2026-01-08 15:43:00,6.76,6.76,6.76,6.76,4
2026-01-08 15:44:00,6.76,6.77,6.76,6.76,10
2026-01-08 15:45:00,6.76,6.76,6.74,6.74,5
2026-01-08 15:46:00,6.73,6.75,6.73,6.75,14
2026-01-08 15:47:00,6.75,6.75,6.75,6.75,2
2026-01-08 15:48:00,6.75,6.75,6.75,6.75,1
2026-01-08 15:49:00,6.75,6.75,6.75,6.75,1
2026-01-08 15:50:00,6.74,6.74,6.73,6.73,11
2026-01-08 15:51:00,6.73,6.73,6.73,6.73,16
2026-01-08 15:52:00,6.72,6.73,6.72,6.72,13
2026-01-08 15:53:00,6.72,6.73,6.71,6.72,79
2026-01-08 15:54:00,6.72,6.73,6.72,6.72,34
2026-01-08 15:55:00,6.72,6.73,6.72,6.73,37
2026-01-08 15:56:00,6.73,6.73,6.72,6.73,6
2026-01-08 15:57:00,6.73,6.74,6.72,6.74,34
2026-01-08 15:58:00,6.75,6.76,6.74,6.75,38
2026-01-08 15:59:00,6.75,6.79,6.75,6.79,66
2026-01-09 09:30:00,6.85,6.85,6.85,6.85,42
2026-01-09 09:31:00,6.88,6.97,6.88,6.95,30
2026-01-09 09:32:00,6.95,6.97,6.95,6.97,4
2026-01-09 09:33:00,6.97,6.97,6.97,6.97,1
2026-01-09 09:34:00,6.93,6.93,6.93,6.93,1
2026-01-09 09:35:00,6.91,6.92,6.9,6.92,17
2026-01-09 09:36:00,6.93,6.93,6.93,6.93,1
2026-01-09 09:37:00,6.93,6.93,6.93,6.93,0
2026-01-09 09:38:00,6.93,6.93,6.93,6.93,0
2026-01-09 09:39:00,6.93,6.93,6.93,6.93,0
2026-01-09 09:40:00,6.87,6.87,6.82,6.83,5
2026-01-09 09:41:00,6.83,6.83,6.83,6.83,0
2026-01-09 09:42:00,6.87,6.87,6.87,6.87,8
2026-01-09 09:43:00,6.87,6.87,6.87,6.87,0
2026-01-09 09:44:00,6.87,6.87,6.87,6.87,0
2026-01-09 09:45:00,6.87,6.87,6.87,6.87,0
2026-01-09 09:46:00,6.87,6.87,6.87,6.87,0
2026-01-09 09:47:00,6.8,6.83,6.8,6.8,42
2026-01-09 09:48:00,6.83,6.83,6.8,6.8,8
2026-01-09 09:49:00,6.8,6.8,6.8,6.8,1
2026-01-09 09:50:00,6.81,6.81,6.81,6.81,1
2026-01-09 09:51:00,6.81,6.81,6.81,6.81,0
2026-01-09 09:52:00,6.81,6.81,6.81,6.81,0
2026-01-09 09:53:00,6.82,6.82,6.8,6.81,9
2026-01-09 09:54:00,6.82,6.82,6.82,6.82,21
2026-01-09 09:55:00,6.82,6.82,6.82,6.82,0
2026-01-09 09:56:00,6.79,6.79,6.79,6.79,4
2026-01-09 09:57:00,6.82,6.86,6.82,6.86,11
2026-01-09 09:58:00,6.86,6.86,6.86,6.86,0
2026-01-09 09:59:00,6.85,6.86,6.83,6.84,8
2026-01-09 10:00:00,6.88,6.88,6.88,6.88,1
2026-01-09 10:01:00,6.86,6.86,6.85,6.86,8
2026-01-09 10:02:00,6.85,6.86,6.85,6.85,1
2026-01-09 10:03:00,6.86,6.86,6.82,6.82,14
2026-01-09 10:04:00,6.81,6.82,6.81,6.82,4
2026-01-09 10:05:00,6.79,6.79,6.75,6.75,14
2026-01-09 10:06:00,6.76,6.76,6.76,6.76,1
2026-01-09 10:07:00,6.76,6.76,6.76,6.76,2
2026-01-09 10:08:00,6.75,6.75,6.75,6.75,1
2026-01-09 10:09:00,6.75,6.75,6.75,6.75,1
2026-01-09 10:10:00,6.75,6.77,6.75,6.77,16
2026-01-09 10:11:00,6.77,6.77,6.77,6.77,0
2026-01-09 10:12:00,6.76,6.78,6.75,6.78,2
2026-01-09 10:13:00,6.78,6.78,6.77,6.78,10
2026-01-09 10:14:00,6.78,6.78,6.77,6.78,1
2026-01-09 10:15:00,6.78,6.78,6.77,6.78,2
2026-01-09 10:16:00,6.78,6.78,6.77,6.78,1
2026-01-09 10:17:00,6.78,6.79,6.77,6.79,2
2026-01-09 10:18:00,6.79,6.79,6.79,6.79,0
2026-01-09 10:19:00,6.8,6.83,6.8,6.83,10
2026-01-09 10:20:00,6.83,6.83,6.83,6.83,0
2026-01-09 10:21:00,6.83,6.83,6.83,6.83,0
2026-01-09 10:22:00,6.85,6.87,6.85,6.87,2
2026-01-09 10:23:00,6.87,6.88,6.86,6.88,13
2026-01-09 10:24:00,6.89,6.89,6.87,6.87,3
2026-01-09 10:25:00,6.87,6.91,6.87,6.88,164
2026-01-09 10:26:00,6.88,6.88,6.84,6.86,9
2026-01-09 10:27:00,6.89,6.92,6.88,6.9,107
2026-01-09 10:28:00,6.9,6.9,6.89,6.9,1
2026-01-09 10:29:00,6.9,6.9,6.87,6.9,40
2026-01-09 10:30:00,6.9,6.9,6.89,6.9,18
2026-01-09 10:31:00,6.89,6.89,6.86,6.87,27
2026-01-09 10:32:00,6.86,6.86,6.86,6.86,6
2026-01-09 10:33:00,6.85,6.85,6.85,6.85,1
2026-01-09 10:34:00,6.85,6.85,6.85,6.85,0
2026-01-09 10:35:00,6.87,6.87,6.87,6.87,4
2026-01-09 10:36:00,6.87,6.89,6.87,6.89,5
2026-01-09 10:37:00,6.9,6.9,6.89,6.89,6
2026-01-09 10:38:00,6.89,6.89,6.88,6.88,10
2026-01-09 10:39:00,6.89,6.89,6.88,6.89,1
2026-01-09 10:40:00,6.89,6.89,6.87,6.87,3
2026-01-09 10:41:00,6.87,6.87,6.87,6.87,11
2026-01-09 10:42:00,6.88,6.88,6.86,6.86,3
2026-01-09 10:43:00,6.88,6.88,6.83,6.83,46
2026-01-09 10:44:00,6.85,6.86,6.85,6.86,2
2026-01-09 10:45:00,6.86,6.86,6.86,6.86,0
2026-01-09 10:46:00,6.84,6.84,6.83,6.84,3
2026-01-09 10:47:00,6.83,6.84,6.83,6.84,10
2026-01-09 10:48:00,6.83,6.83,6.82,6.82,11
2026-01-09 10:49:00,6.82,6.82,6.81,6.82,4
2026-01-09 10:50:00,6.81,6.84,6.81,6.84,11
2026-01-09 10:51:00,6.84,6.85,6.84,6.85,2
2026-01-09 10:52:00,6.85,6.85,6.83,6.83,7
2026-01-09 10:53:00,6.83,6.83,6.83,6.83,2
2026-01-09 10:54:00,6.83,6.83,6.83,6.83,0
2026-01-09 10:55:00,6.83,6.83,6.83,6.83,0
2026-01-09 10:56:00,6.81,6.81,6.81,6.81,1
2026-01-09 10:57:00,6.81,6.82,6.81,6.82,6
2026-01-09 10:58:00,6.82,6.82,6.82,6.82,0
2026-01-09 10:59:00,6.81,6.84,6.81,6.84,26
2026-01-09 11:00:00,6.83,6.83,6.82,6.83,1
2026-01-09 11:01:00,6.83,6.83,6.82,6.83,5
2026-01-09 11:02:00,6.83,6.83,6.83,6.83,0
2026-01-09 11:03:00,6.85,6.85,6.83,6.83,8
2026-01-09 11:04:00,6.83,6.84,6.83,6.83,21
2026-01-09 11:05:00,6.83,6.83,6.82,6.82,12
2026-01-09 11:06:00,6.81,6.81,6.81,6.81,2
2026-01-09 11:07:00,6.81,6.81,6.81,6.81,1
2026-01-09 11:08:00,6.81,6.81,6.81,6.81,0
2026-01-09 11:09:00,6.82,6.84,6.82,6.84,19
2026-01-09 11:10:00,6.84,6.85,6.84,6.85,3
2026-01-09 11:11:00,6.85,6.85,6.85,6.85,0
2026-01-09 11:12:00,6.85,6.85,6.84,6.84,6
2026-01-09 11:13:00,6.86,6.87,6.86,6.87,5
2026-01-09 11:14:00,6.87,6.87,6.87,6.87,4
2026-01-09 11:15:00,6.87,6.87,6.87,6.87,0
2026-01-09 11:16:00,6.85,6.85,6.83,6.85,14
2026-01-09 11:17:00,6.85,6.85,6.85,6.85,0
2026-01-09 11:18:00,6.85,6.85,6.85,6.85,0
2026-01-09 11:19:00,6.85,6.85,6.85,6.85,0
2026-01-09 11:20:00,6.84,6.84,6.84,6.84,5
2026-01-09 11:21:00,6.85,6.85,6.85,6.85,2
2026-01-09 11:22:00,6.86,6.87,6.85,6.85,15
2026-01-09 11:23:00,6.85,6.85,6.85,6.85,0
2026-01-09 11:24:00,6.86,6.86,6.84,6.85,11
2026-01-09 11:25:00,6.85,6.85,6.85,6.85,0
2026-01-09 11:26:00,6.85,6.85,6.85,6.85,0
2026-01-09 11:27:00,6.85,6.85,6.84,6.84,4
2026-01-09 11:28:00,6.84,6.84,6.84,6.84,0
2026-01-09 11:29:00,6.83,6.84,6.83,6.84,10
2026-01-09 11:30:00,6.84,6.84,6.84,6.84,0
2026-01-09 11:31:00,6.84,6.84,6.84,6.84,0
2026-01-09 11:32:00,6.85,6.85,6.85,6.85,1
2026-01-09 11:33:00,6.85,6.85,6.85,6.85,1
2026-01-09 11:34:00,6.84,6.84,6.83,6.84,5
2026-01-09 11:35:00,6.84,6.84,6.84,6.84,0
2026-01-09 11:36:00,6.84,6.84,6.84,6.84,0
2026-01-09 11:37:00,6.84,6.84,6.84,6.84,0
2026-01-09 11:38:00,6.84,6.84,6.83,6.83,8
2026-01-09 11:39:00,6.84,6.84,6.84,6.84,1
2026-01-09 11:40:00,6.84,6.84,6.84,6.84,1
2026-01-09 11:41:00,6.84,6.84,6.84,6.84,1
2026-01-09 11:42:00,6.84,6.84,6.84,6.84,0
2026-01-09 11:43:00,6.84,6.84,6.84,6.84,0
2026-01-09 11:44:00,6.85,6.86,6.85,6.85,12
2026-01-09 11:45:00,6.85,6.86,6.85,6.85,14
2026-01-09 11:46:00,6.83,6.84,6.83,6.84,2
2026-01-09 11:47:00,6.84,6.84,6.84,6.84,0
2026-01-09 11:48:00,6.83,6.86,6.83,6.85,10
2026-01-09 11:49:00,6.85,6.85,6.84,6.84,14
2026-01-09 11:50:00,6.84,6.84,6.84,6.84,0
2026-01-09 11:51:00,6.84,6.84,6.84,6.84,0
2026-01-09 11:52:00,6.84,6.84,6.84,6.84,0
2026-01-09 11:53:00,6.84,6.84,6.84,6.84,1
2026-01-09 11:54:00,6.85,6.85,6.84,6.85,2
2026-01-09 11:55:00,6.84,6.85,6.84,6.84,1
2026-01-09 11:56:00,6.84,6.84,6.84,6.84,1
2026-01-09 11:57:00,6.84,6.84,6.84,6.84,0
2026-01-09 11:58:00,6.85,6.85,6.85,6.85,6
2026-01-09 11:59:00,6.84,6.86,6.84,6.86,2
2026-01-09 12:00:00,6.86,6.86,6.86,6.86,0
2026-01-09 12:01:00,6.86,6.86,6.86,6.86,0
2026-01-09 12:02:00,6.85,6.85,6.85,6.85,2
2026-01-09 12:03:00,6.85,6.86,6.85,6.86,2
2026-01-09 12:04:00,6.86,6.86,6.86,6.86,1
2026-01-09 12:05:00,6.86,6.86,6.86,6.86,0
2026-01-09 12:06:00,6.86,6.86,6.86,6.86,0
2026-01-09 12:07:00,6.86,6.86,6.86,6.86,0
2026-01-09 12:08:00,6.86,6.86,6.86,6.86,0
2026-01-09 12:09:00,6.86,6.86,6.85,6.85,8
2026-01-09 12:10:00,6.85,6.85,6.85,6.85,0
2026-01-09 12:11:00,6.85,6.85,6.84,6.85,2
2026-01-09 12:12:00,6.85,6.85,6.85,6.85,0
2026-01-09 12:13:00,6.85,6.85,6.85,6.85,0
2026-01-09 12:14:00,6.86,6.86,6.85,6.86,1
2026-01-09 12:15:00,6.84,6.84,6.84,6.84,5
2026-01-09 12:16:00,6.84,6.84,6.84,6.84,0
2026-01-09 12:17:00,6.83,6.84,6.83,6.83,1
2026-01-09 12:18:00,6.83,6.83,6.83,6.83,0
2026-01-09 12:19:00,6.83,6.83,6.83,6.83,0
2026-01-09 12:20:00,6.83,6.83,6.83,6.83,0
2026-01-09 12:21:00,6.83,6.83,6.83,6.83,0
2026-01-09 12:22:00,6.83,6.84,6.83,6.83,22
2026-01-09 12:23:00,6.83,6.83,6.83,6.83,0
2026-01-09 12:24:00,6.83,6.83,6.83,6.83,13
2026-01-09 12:25:00,6.83,6.83,6.83,6.83,2
2026-01-09 12:26:00,6.83,6.83,6.83,6.83,0
2026-01-09 12:27:00,6.83,6.83,6.82,6.83,6
2026-01-09 12:28:00,6.83,6.83,6.82,6.83,2
2026-01-09 12:29:00,6.83,6.83,6.83,6.83,0
2026-01-09 12:30:00,6.83,6.83,6.82,6.83,9
2026-01-09 12:31:00,6.83,6.83,6.83,6.83,0
2026-01-09 12:32:00,6.83,6.83,6.83,6.83,0
2026-01-09 12:33:00,6.84,6.85,6.84,6.85,3
2026-01-09 12:34:00,6.85,6.85,6.85,6.85,0
2026-01-09 12:35:00,6.85,6.85,6.85,6.85,0
2026-01-09 12:36:00,6.85,6.85,6.85,6.85,0
2026-01-09 12:37:00,6.85,6.85,6.85,6.85,0
2026-01-09 12:38:00,6.85,6.85,6.85,6.85,0
2026-01-09 12:39:00,6.83,6.83,6.82,6.82,9
2026-01-09 12:40:00,6.82,6.82,6.82,6.82,0
2026-01-09 12:41:00,6.82,6.82,6.82,6.82,0
2026-01-09 12:42:00,6.82,6.82,6.81,6.82,2
2026-01-09 12:43:00,6.82,6.82,6.82,6.82,0
2026-01-09 12:44:00,6.82,6.82,6.81,6.82,6
2026-01-09 12:45:00,6.82,6.82,6.82,6.82,0
2026-01-09 12:46:00,6.83,6.83,6.82,6.83,1
2026-01-09 12:47:00,6.83,6.83,6.83,6.83,0
2026-01-09 12:48:00,6.83,6.83,6.82,6.83,1
2026-01-09 12:49:00,6.83,6.83,6.83,6.83,0
2026-01-09 12:50:00,6.84,6.84,6.83,6.83,2
2026-01-09 12:51:00,6.83,6.85,6.83,6.85,6
2026-01-09 12:52:00,6.83,6.84,6.83,6.83,1
2026-01-09 12:53:00,6.83,6.84,6.83,6.83,1
2026-01-09 12:54:00,6.83,6.83,6.83,6.83,0
2026-01-09 12:55:00,6.83,6.84,6.83,6.83,1
2026-01-09 12:56:00,6.82,6.82,6.82,6.82,7
2026-01-09 12:57:00,6.83,6.83,6.82,6.83,1
2026-01-09 12:58:00,6.81,6.81,6.81,6.81,9
2026-01-09 12:59:00,6.82,6.82,6.82,6.82,12
2026-01-09 13:00:00,6.8,6.8,6.8,6.8,15
2026-01-09 13:01:00,6.8,6.8,6.8,6.8,0
2026-01-09 13:02:00,6.8,6.8,6.8,6.8,0
2026-01-09 13:03:00,6.79,6.8,6.79,6.79,3
2026-01-09 13:04:00,6.79,6.8,6.79,6.79,1
2026-01-09 13:05:00,6.79,6.8,6.79,6.79,1
2026-01-09 13:06:00,6.79,6.79,6.79,6.79,0
2026-01-09 13:07:00,6.8,6.8,6.79,6.8,9
2026-01-09 13:08:00,6.8,6.8,6.78,6.78,6
2026-01-09 13:09:00,6.8,6.8,6.79,6.79,2
2026-01-09 13:10:00,6.79,6.79,6.79,6.79,0
2026-01-09 13:11:00,6.79,6.79,6.79,6.79,0
2026-01-09 13:12:00,6.8,6.81,6.8,6.81,2
2026-01-09 13:13:00,6.8,6.8,6.8,6.8,1
2026-01-09 13:14:00,6.8,6.8,6.8,6.8,0
2026-01-09 13:15:00,6.81,6.81,6.8,6.8,4
2026-01-09 13:16:00,6.8,6.81,6.8,6.81,3
2026-01-09 13:17:00,6.79,6.79,6.77,6.78,12
2026-01-09 13:18:00,6.78,6.78,6.78,6.78,3
2026-01-09 13:19:00,6.78,6.78,6.78,6.78,0
2026-01-09 13:20:00,6.79,6.79,6.79,6.79,1
2026-01-09 13:21:00,6.79,6.79,6.79,6.79,0
2026-01-09 13:22:00,6.79,6.79,6.79,6.79,0
2026-01-09 13:23:00,6.8,6.8,6.8,6.8,1
2026-01-09 13:24:00,6.79,6.8,6.78,6.8,7
2026-01-09 13:25:00,6.79,6.79,6.79,6.79,1
2026-01-09 13:26:00,6.79,6.79,6.79,6.79,0
2026-01-09 13:27:00,6.79,6.79,6.79,6.79,0
2026-01-09 13:28:00,6.79,6.79,6.78,6.79,1
2026-01-09 13:29:00,6.79,6.79,6.79,6.79,0
2026-01-09 13:30:00,6.79,6.79,6.79,6.79,2
2026-01-09 13:31:00,6.79,6.79,6.79,6.79,0
2026-01-09 13:32:00,6.79,6.79,6.79,6.79,0
2026-01-09 13:33:00,6.8,6.8,6.8,6.8,1
2026-01-09 13:34:00,6.79,6.79,6.78,6.79,34
2026-01-09 13:35:00,6.79,6.79,6.79,6.79,0
2026-01-09 13:36:00,6.79,6.79,6.79,6.79,0
2026-01-09 13:37:00,6.79,6.79,6.79,6.79,0
2026-01-09 13:38:00,6.8,6.8,6.8,6.8,1
2026-01-09 13:39:00,6.8,6.8,6.8,6.8,0
2026-01-09 13:40:00,6.78,6.79,6.78,6.78,34
2026-01-09 13:41:00,6.78,6.78,6.78,6.78,0
2026-01-09 13:42:00,6.78,6.78,6.78,6.78,0
2026-01-09 13:43:00,6.78,6.78,6.78,6.78,0
2026-01-09 13:44:00,6.78,6.78,6.78,6.78,0
2026-01-09 13:45:00,6.78,6.78,6.78,6.78,2
2026-01-09 13:46:00,6.77,6.78,6.77,6.77,2
2026-01-09 13:47:00,6.77,6.77,6.77,6.77,0
2026-01-09 13:48:00,6.77,6.77,6.77,6.77,19
2026-01-09 13:49:00,6.78,6.78,6.77,6.78,6
2026-01-09 13:50:00,6.78,6.78,6.77,6.78,3
2026-01-09 13:51:00,6.78,6.78,6.78,6.78,0
2026-01-09 13:52:00,6.77,6.78,6.77,6.78,2
2026-01-09 13:53:00,6.77,6.78,6.77,6.77,1
2026-01-09 13:54:00,6.77,6.77,6.77,6.77,1
2026-01-09 13:55:00,6.76,6.76,6.75,6.76,4
2026-01-09 13:56:00,6.76,6.76,6.76,6.76,4
2026-01-09 13:57:00,6.76,6.76,6.76,6.76,0
2026-01-09 13:58:00,6.75,6.75,6.75,6.75,3
2026-01-09 13:59:00,6.75,6.75,6.75,6.75,4
2026-01-09 14:00:00,6.74,6.75,6.74,6.75,15
2026-01-09 14:01:00,6.75,6.75,6.75,6.75,2
2026-01-09 14:02:00,6.75,6.75,6.75,6.75,0
2026-01-09 14:03:00,6.75,6.75,6.74,6.75,1
2026-01-09 14:04:00,6.76,6.77,6.76,6.77,19
2026-01-09 14:05:00,6.77,6.77,6.76,6.77,5
2026-01-09 14:06:00,6.77,6.77,6.77,6.77,0
2026-01-09 14:07:00,6.77,6.77,6.77,6.77,0
2026-01-09 14:08:00,6.77,6.77,6.77,6.77,0
2026-01-09 14:09:00,6.77,6.77,6.77,6.77,0
2026-01-09 14:10:00,6.75,6.76,6.75,6.75,5
2026-01-09 14:11:00,6.75,6.75,6.75,6.75,0
2026-01-09 14:12:00,6.75,6.76,6.75,6.75,2
2026-01-09 14:13:00,6.77,6.77,6.75,6.75,2
2026-01-09 14:14:00,6.75,6.76,6.75,6.76,2
2026-01-09 14:15:00,6.77,6.77,6.77,6.77,2
2026-01-09 14:16:00,6.75,6.76,6.74,6.75,10
2026-01-09 14:17:00,6.74,6.74,6.74,6.74,4
2026-01-09 14:18:00,6.74,6.74,6.74,6.74,1
2026-01-09 14:19:00,6.74,6.75,6.74,6.75,11
2026-01-09 14:20:00,6.75,6.75,6.74,6.75,2
2026-01-09 14:21:00,6.75,6.75,6.74,6.75,19
2026-01-09 14:22:00,6.75,6.76,6.75,6.75,1
2026-01-09 14:23:00,6.75,6.75,6.75,6.75,0
2026-01-09 14:24:00,6.75,6.75,6.75,6.75,0
2026-01-09 14:25:00,6.75,6.75,6.75,6.75,1
2026-01-09 14:26:00,6.75,6.75,6.75,6.75,0
2026-01-09 14:27:00,6.76,6.76,6.76,6.76,1
2026-01-09 14:28:00,6.76,6.76,6.76,6.76,0
2026-01-09 14:29:00,6.76,6.76,6.76,6.76,0
2026-01-09 14:30:00,6.75,6.76,6.75,6.75,7
2026-01-09 14:31:00,6.75,6.75,6.75,6.75,0
2026-01-09 14:32:00,6.75,6.75,6.75,6.75,0
2026-01-09 14:33:00,6.75,6.75,6.75,6.75,0
2026-01-09 14:34:00,6.75,6.75,6.75,6.75,0
2026-01-09 14:35:00,6.75,6.75,6.75,6.75,0
2026-01-09 14:36:00,6.75,6.75,6.75,6.75,0
2026-01-09 14:37:00,6.75,6.75,6.75,6.75,0
2026-01-09 14:38:00,6.75,6.75,6.74,6.75,1
2026-01-09 14:39:00,6.74,6.74,6.74,6.74,4
2026-01-09 14:40:00,6.74,6.74,6.74,6.74,0
2026-01-09 14:41:00,6.74,6.74,6.74,6.74,1
2026-01-09 14:42:00,6.74,6.74,6.74,6.74,0
2026-01-09 14:43:00,6.75,6.75,6.74,6.74,7
2026-01-09 14:44:00,6.76,6.76,6.76,6.76,4
2026-01-09 14:45:00,6.75,6.76,6.75,6.76,4
2026-01-09 14:46:00,6.75,6.76,6.75,6.75,1
2026-01-09 14:47:00,6.75,6.76,6.75,6.75,5
2026-01-09 14:48:00,6.76,6.76,6.76,6.76,2
2026-01-09 14:49:00,6.76,6.76,6.76,6.76,1
2026-01-09 14:50:00,6.75,6.75,6.74,6.75,7
2026-01-09 14:51:00,6.75,6.75,6.75,6.75,0
2026-01-09 14:52:00,6.75,6.75,6.74,6.75,1
2026-01-09 14:53:00,6.74,6.74,6.74,6.74,2
2026-01-09 14:54:00,6.74,6.74,6.74,6.74,0
2026-01-09 14:55:00,6.74,6.74,6.73,6.74,1
2026-01-09 14:56:00,6.74,6.74,6.74,6.74,0
2026-01-09 14:57:00,6.74,6.74,6.73,6.73,8
2026-01-09 14:58:00,6.72,6.73,6.72,6.73,2
2026-01-09 14:59:00,6.73,6.73,6.73,6.73,1
2026-01-09 15:00:00,6.73,6.73,6.73,6.73,6
2026-01-09 15:01:00,6.73,6.73,6.73,6.73,0
2026-01-09 15:02:00,6.73,6.73,6.73,6.73,0
2026-01-09 15:03:00,6.73,6.73,6.73,6.73,1
2026-01-09 15:04:00,6.73,6.76,6.73,6.75,9
2026-01-09 15:05:00,6.76,6.76,6.76,6.76,1
2026-01-09 15:06:00,6.75,6.75,6.74,6.75,1
2026-01-09 15:07:00,6.74,6.74,6.74,6.74,6
2026-01-09 15:08:00,6.74,6.74,6.74,6.74,0
2026-01-09 15:09:00,6.73,6.73,6.72,6.73,12
2026-01-09 15:10:00,6.73,6.73,6.73,6.73,0
2026-01-09 15:11:00,6.72,6.73,6.72,6.73,3
2026-01-09 15:12:00,6.73,6.73,6.73,6.73,0
2026-01-09 15:13:00,6.73,6.73,6.73,6.73,0
2026-01-09 15:14:00,6.73,6.73,6.73,6.73,0
2026-01-09 15:15:00,6.72,6.73,6.72,6.72,3
2026-01-09 15:16:00,6.72,6.73,6.71,6.71,28
2026-01-09 15:17:00,6.7,6.72,6.7,6.71,11
2026-01-09 15:18:00,6.7,6.72,6.7,6.72,31
2026-01-09 15:19:00,6.72,6.72,6.72,6.72,0
2026-01-09 15:20:00,6.71,6.71,6.7,6.71,4
2026-01-09 15:21:00,6.71,6.72,6.71,6.71,9
2026-01-09 15:22:00,6.72,6.72,6.71,6.72,3
2026-01-09 15:23:00,6.72,6.72,6.72,6.72,0
2026-01-09 15:24:00,6.72,6.72,6.71,6.72,10
2026-01-09 15:25:00,6.72,6.72,6.71,6.72,2
2026-01-09 15:26:00,6.72,6.72,6.72,6.72,0
2026-01-09 15:27:00,6.72,6.72,6.72,6.72,0
2026-01-09 15:28:00,6.72,6.72,6.71,6.72,2
2026-01-09 15:29:00,6.71,6.71,6.7,6.71,12
2026-01-09 15:30:00,6.71,6.72,6.71,6.71,9
2026-01-09 15:31:00,6.71,6.71,6.71,6.71,2
2026-01-09 15:32:00,6.71,6.72,6.71,6.71,4
2026-01-09 15:33:00,6.71,6.71,6.71,6.71,3
2026-01-09 15:34:00,6.71,6.71,6.71,6.71,1
2026-01-09 15:35:00,6.72,6.72,6.71,6.71,3
2026-01-09 15:36:00,6.71,6.72,6.71,6.72,2
2026-01-09 15:37:00,6.72,6.72,6.72,6.72,1
2026-01-09 15:38:00,6.72,6.72,6.72,6.72,0
2026-01-09 15:39:00,6.72,6.72,6.71,6.71,8
2026-01-09 15:40:00,6.71,6.71,6.7,6.71,12
2026-01-09 15:41:00,6.72,6.72,6.71,6.72,9
2026-01-09 15:42:00,6.72,6.73,6.71,6.71,6
2026-01-09 15:43:00,6.71,6.71,6.71,6.71,1
2026-01-09 15:44:00,6.71,6.71,6.71,6.71,0
2026-01-09 15:45:00,6.71,6.71,6.71,6.71,1
2026-01-09 15:46:00,6.71,6.71,6.71,6.71,5
2026-01-09 15:47:00,6.72,6.72,6.72,6.72,6
2026-01-09 15:48:00,6.72,6.72,6.72,6.72,7
2026-01-09 15:49:00,6.72,6.72,6.72,6.72,13
2026-01-09 15:50:00,6.72,6.72,6.71,6.72,15
2026-01-09 15:51:00,6.71,6.72,6.71,6.71,3
2026-01-09 15:52:00,6.72,6.74,6.71,6.74,14
2026-01-09 15:53:00,6.74,6.77,6.73,6.76,31
2026-01-09 15:54:00,6.75,6.76,6.75,6.75,13
2026-01-09 15:55:00,6.75,6.77,6.75,6.77,5
2026-01-09 15:56:00,6.75,6.76,6.75,6.76,27
2026-01-09 15:57:00,6.75,6.76,6.75,6.75,19
2026-01-09 15:58:00,6.76,6.77,6.76,6.77,80
2026-01-09 15:59:00,6.77,6.79,6.75,6.79,78
2026-01-12 09:30:00,7.08,7.2,7.02,7.02,258
2026-01-12 09:31:00,7.06,7.1,7.05,7.06,13
2026-01-12 09:32:00,7.02,7.09,6.91,7.04,159
2026-01-12 09:33:00,7.07,7.11,7.0,7.0,69
2026-01-12 09:34:00,7.0,7.1,6.99,7.05,112
2026-01-12 09:35:00,7.06,7.2,6.99,7.2,62
2026-01-12 09:36:00,7.2,7.2,7.1,7.17,12
2026-01-12 09:37:00,7.15,7.29,7.15,7.25,58
2026-01-12 09:38:00,7.28,7.28,7.25,7.28,9
2026-01-12 09:39:00,7.27,7.34,7.22,7.34,131
2026-01-12 09:40:00,7.38,7.39,7.34,7.36,47
2026-01-12 09:41:00,7.39,7.41,7.33,7.4,17
2026-01-12 09:42:00,7.41,7.42,7.4,7.41,37
2026-01-12 09:43:00,7.42,7.42,7.41,7.42,15
2026-01-12 09:44:00,7.39,7.45,7.21,7.21,76
2026-01-12 09:45:00,7.29,7.32,7.21,7.31,64
2026-01-12 09:46:00,7.27,7.33,7.21,7.28,106
2026-01-12 09:47:00,7.21,7.26,7.21,7.26,13
2026-01-12 09:48:00,7.22,7.31,7.21,7.31,114
2026-01-12 09:49:00,7.31,7.32,7.31,7.32,7
2026-01-12 09:50:00,7.31,7.33,7.27,7.28,29
2026-01-12 09:51:00,7.27,7.3,7.26,7.3,25
2026-01-12 09:52:00,7.28,7.3,7.23,7.28,41
2026-01-12 09:53:00,7.26,7.3,7.25,7.3,10
2026-01-12 09:54:00,7.26,7.26,7.23,7.23,9
2026-01-12 09:55:00,7.23,7.23,7.21,7.21,11
2026-01-12 09:56:00,7.21,7.24,7.21,7.24,16
2026-01-12 09:57:00,7.26,7.3,7.25,7.29,49
2026-01-12 09:58:00,7.27,7.27,7.25,7.25,27
2026-01-12 09:59:00,7.26,7.31,7.25,7.31,47
2026-01-12 10:00:00,7.3,7.3,7.28,7.29,56
2026-01-12 10:01:00,7.29,7.3,7.27,7.29,17
2026-01-12 10:02:00,7.32,7.32,7.27,7.28,29
2026-01-12 10:03:00,7.29,7.29,7.26,7.26,4
2026-01-12 10:04:00,7.28,7.29,7.26,7.28,10
2026-01-12 10:05:00,7.28,7.28,7.24,7.26,6
2026-01-12 10:06:00,7.23,7.23,7.17,7.18,50
2026-01-12 10:07:00,7.18,7.19,7.16,7.17,26
2026-01-12 10:08:00,7.2,7.23,7.19,7.23,39
2026-01-12 10:09:00,7.2,7.2,7.17,7.18,5
2026-01-12 10:10:00,7.14,7.18,7.13,7.14,7
2026-01-12 10:11:00,7.15,7.17,7.14,7.15,19
2026-01-12 10:12:00,7.12,7.13,7.12,7.12,44
2026-01-12 10:13:00,7.13,7.13,7.12,7.12,3
2026-01-12 10:14:00,7.11,7.14,7.1,7.14,18
2026-01-12 10:15:00,7.13,7.16,7.13,7.13,16
2026-01-12 10:16:00,7.14,7.16,7.13,7.14,20
2026-01-12 10:17:00,7.14,7.14,7.14,7.14,0
2026-01-12 10:18:00,7.13,7.14,7.1,7.14,7
2026-01-12 10:19:00,7.14,7.16,7.13,7.16,14
2026-01-12 10:20:00,7.16,7.16,7.16,7.16,0
2026-01-12 10:21:00,7.11,7.15,7.09,7.11,24
2026-01-12 10:22:00,7.12,7.12,7.09,7.09,61
2026-01-12 10:23:00,7.1,7.16,7.1,7.13,46
2026-01-12 10:24:00,7.15,7.16,7.13,7.16,8
2026-01-12 10:25:00,7.16,7.19,7.16,7.17,14
2026-01-12 10:26:00,7.15,7.17,7.15,7.15,19
2026-01-12 10:27:00,7.11,7.11,7.11,7.11,1
2026-01-12 10:28:00,7.11,7.11,7.11,7.11,0
2026-01-12 10:29:00,7.1,7.1,7.09,7.09,2
2026-01-12 10:30:00,7.07,7.07,7.07,7.07,14
2026-01-12 10:31:00,7.06,7.07,7.04,7.05,20
2026-01-12 10:32:00,7.09,7.09,7.02,7.04,42
2026-01-12 10:33:00,7.04,7.06,7.02,7.04,28
2026-01-12 10:34:00,7.04,7.04,7.01,7.03,49
2026-01-12 10:35:00,7.02,7.03,7.02,7.03,27
2026-01-12 10:36:00,7.02,7.03,7.02,7.02,5
2026-01-12 10:37:00,7.04,7.06,7.03,7.06,8
2026-01-12 10:38:00,7.06,7.06,7.06,7.06,0
2026-01-12 10:39:00,7.07,7.07,7.06,7.07,5
2026-01-12 10:40:00,7.09,7.1,7.08,7.08,8
2026-01-12 10:41:00,7.1,7.13,7.1,7.13,4
2026-01-12 10:42:00,7.14,7.14,7.1,7.1,13
2026-01-12 10:43:00,7.11,7.11,7.1,7.11,1
2026-01-12 10:44:00,7.14,7.14,7.14,7.14,1
2026-01-12 10:45:00,7.13,7.16,7.13,7.16,75
2026-01-12 10:46:00,7.15,7.15,7.14,7.14,6
2026-01-12 10:47:00,7.12,7.14,7.12,7.14,4
2026-01-12 10:48:00,7.14,7.16,7.12,7.13,24
2026-01-12 10:49:00,7.15,7.15,7.13,7.13,13
2026-01-12 10:50:00,7.13,7.13,7.13,7.13,0
2026-01-12 10:51:00,7.13,7.17,7.13,7.17,8
2026-01-12 10:52:00,7.17,7.17,7.17,7.17,0
2026-01-12 10:53:00,7.16,7.18,7.15,7.18,5
2026-01-12 10:54:00,7.18,7.18,7.18,7.18,0
2026-01-12 10:55:00,7.18,7.19,7.17,7.18,8
2026-01-12 10:56:00,7.18,7.18,7.17,7.18,7
2026-01-12 10:57:00,7.19,7.21,7.19,7.2,7
2026-01-12 10:58:00,7.21,7.22,7.2,7.22,4
2026-01-12 10:59:00,7.21,7.21,7.18,7.19,4
2026-01-12 11:00:00,7.19,7.19,7.19,7.19,0
2026-01-12 11:01:00,7.2,7.2,7.19,7.19,2
2026-01-12 11:02:00,7.2,7.22,7.2,7.22,15
2026-01-12 11:03:00,7.23,7.23,7.21,7.22,18
2026-01-12 11:04:00,7.23,7.23,7.23,7.23,1
2026-01-12 11:05:00,7.22,7.23,7.21,7.22,13
2026-01-12 11:06:00,7.21,7.21,7.21,7.21,1
2026-01-12 11:07:00,7.22,7.3,7.21,7.29,11
2026-01-12 11:08:00,7.29,7.29,7.29,7.29,0
2026-01-12 11:09:00,7.29,7.29,7.29,7.29,0
2026-01-12 11:10:00,7.26,7.26,7.26,7.26,1
2026-01-12 11:11:00,7.26,7.26,7.26,7.26,0
2026-01-12 11:12:00,7.26,7.26,7.26,7.26,34
2026-01-12 11:13:00,7.27,7.28,7.26,7.27,31
2026-01-12 11:14:00,7.28,7.28,7.26,7.26,2
2026-01-12 11:15:00,7.28,7.28,7.24,7.25,31
2026-01-12 11:16:00,7.24,7.24,7.23,7.24,1
2026-01-12 11:17:00,7.23,7.27,7.23,7.27,7
2026-01-12 11:18:00,7.29,7.29,7.28,7.29,7
2026-01-12 11:19:00,7.31,7.31,7.28,7.28,22
2026-01-12 11:20:00,7.25,7.25,7.23,7.23,5
2026-01-12 11:21:00,7.24,7.24,7.2,7.22,8
2026-01-12 11:22:00,7.23,7.23,7.23,7.23,4
2026-01-12 11:23:00,7.25,7.25,7.22,7.22,82
2026-01-12 11:24:00,7.22,7.22,7.22,7.22,0
2026-01-12 11:25:00,7.24,7.24,7.24,7.24,4
2026-01-12 11:26:00,7.24,7.24,7.24,7.24,1
2026-01-12 11:27:00,7.24,7.25,7.24,7.24,2
2026-01-12 11:28:00,7.24,7.24,7.24,7.24,6
2026-01-12 11:29:00,7.26,7.3,7.26,7.29,10
2026-01-12 11:30:00,7.29,7.31,7.29,7.3,67
2026-01-12 11:31:00,7.3,7.3,7.26,7.27,16
2026-01-12 11:32:00,7.27,7.27,7.25,7.27,81
2026-01-12 11:33:00,7.27,7.27,7.26,7.27,2
2026-01-12 11:34:00,7.27,7.27,7.27,7.27,19
2026-01-12 11:35:00,7.27,7.27,7.27,7.27,1
2026-01-12 11:36:00,7.24,7.25,7.24,7.24,3
2026-01-12 11:37:00,7.3,7.34,7.28,7.34,19
2026-01-12 11:38:00,7.33,7.33,7.32,7.33,6
2026-01-12 11:39:00,7.3,7.3,7.3,7.3,4
2026-01-12 11:40:00,7.31,7.32,7.31,7.31,30
2026-01-12 11:41:00,7.29,7.31,7.26,7.28,58
2026-01-12 11:42:00,7.31,7.37,7.3,7.37,126
2026-01-12 11:43:00,7.38,7.42,7.38,7.42,36
2026-01-12 11:44:00,7.42,7.42,7.38,7.4,20
2026-01-12 11:45:00,7.4,7.43,7.4,7.4,12
2026-01-12 11:46:00,7.4,7.4,7.4,7.4,0
2026-01-12 11:47:00,7.4,7.43,7.39,7.4,6
2026-01-12 11:48:00,7.41,7.43,7.39,7.4,4
2026-01-12 11:49:00,7.4,7.41,7.36,7.41,7
2026-01-12 11:50:00,7.42,7.43,7.37,7.43,56
2026-01-12 11:51:00,7.43,7.43,7.43,7.43,0
2026-01-12 11:52:00,7.41,7.43,7.41,7.42,3
2026-01-12 11:53:00,7.42,7.42,7.41,7.42,1
2026-01-12 11:54:00,7.42,7.42,7.41,7.42,1
2026-01-12 11:55:00,7.4,7.42,7.4,7.42,9
2026-01-12 11:56:00,7.42,7.43,7.42,7.43,21
2026-01-12 11:57:00,7.41,7.41,7.4,7.4,5
2026-01-12 11:58:00,7.39,7.4,7.39,7.39,4
2026-01-12 11:59:00,7.39,7.42,7.38,7.39,10
2026-01-12 12:00:00,7.36,7.36,7.34,7.35,25
2026-01-12 12:01:00,7.33,7.37,7.33,7.36,3
2026-01-12 12:02:00,7.36,7.37,7.34,7.34,13
2026-01-12 12:03:00,7.33,7.37,7.33,7.37,15
2026-01-12 12:04:00,7.38,7.4,7.37,7.4,20
2026-01-12 12:05:00,7.4,7.4,7.39,7.4,2
2026-01-12 12:06:00,7.39,7.4,7.38,7.39,26
2026-01-12 12:07:00,7.39,7.39,7.39,7.39,7
2026-01-12 12:08:00,7.39,7.39,7.39,7.39,0
2026-01-12 12:09:00,7.37,7.38,7.36,7.37,9
2026-01-12 12:10:00,7.37,7.37,7.37,7.37,0
2026-01-12 12:11:00,7.37,7.37,7.36,7.37,2
2026-01-12 12:12:00,7.39,7.39,7.39,7.39,1
2026-01-12 12:13:00,7.4,7.4,7.39,7.4,2
2026-01-12 12:14:00,7.4,7.4,7.39,7.4,1
2026-01-12 12:15:00,7.37,7.39,7.33,7.39,9
2026-01-12 12:16:00,7.39,7.4,7.37,7.37,20
2026-01-12 12:17:00,7.38,7.38,7.35,7.38,15
2026-01-12 12:18:00,7.36,7.39,7.36,7.39,8
2026-01-12 12:19:00,7.4,7.42,7.39,7.42,19
2026-01-12 12:20:00,7.44,7.45,7.43,7.43,47
2026-01-12 12:21:00,7.46,7.46,7.43,7.43,6
2026-01-12 12:22:00,7.43,7.43,7.42,7.43,9
2026-01-12 12:23:00,7.43,7.44,7.42,7.43,7
2026-01-12 12:24:00,7.43,7.43,7.4,7.4,37
2026-01-12 12:25:00,7.42,7.42,7.42,7.42,1
2026-01-12 12:26:00,7.4,7.4,7.37,7.4,496
2026-01-12 12:27:00,7.38,7.4,7.35,7.4,25
2026-01-12 12:28:00,7.36,7.36,7.35,7.36,7
2026-01-12 12:29:00,7.38,7.38,7.35,7.36,16
2026-01-12 12:30:00,7.39,7.39,7.35,7.35,2
2026-01-12 12:31:00,7.37,7.37,7.33,7.33,7
2026-01-12 12:32:00,7.33,7.41,7.33,7.39,20
2026-01-12 12:33:00,7.39,7.39,7.39,7.39,3
2026-01-12 12:34:00,7.39,7.39,7.39,7.39,0
2026-01-12 12:35:00,7.4,7.4,7.38,7.38,13
2026-01-12 12:36:00,7.38,7.38,7.38,7.38,0
2026-01-12 12:37:00,7.41,7.41,7.4,7.41,1
2026-01-12 12:38:00,7.41,7.41,7.41,7.41,1
2026-01-12 12:39:00,7.4,7.4,7.39,7.4,3
2026-01-12 12:40:00,7.4,7.4,7.4,7.4,0
2026-01-12 12:41:00,7.39,7.39,7.36,7.38,16
2026-01-12 12:42:00,7.37,7.39,7.31,7.31,18
2026-01-12 12:43:00,7.34,7.35,7.31,7.33,72
2026-01-12 12:44:00,7.33,7.33,7.33,7.33,0
2026-01-12 12:45:00,7.33,7.33,7.33,7.33,0
2026-01-12 12:46:00,7.32,7.32,7.28,7.3,98
2026-01-12 12:47:00,7.28,7.33,7.28,7.33,29
2026-01-12 12:48:00,7.33,7.38,7.32,7.38,10
2026-01-12 12:49:00,7.39,7.41,7.39,7.41,2
2026-01-12 12:50:00,7.4,7.4,7.4,7.4,1
2026-01-12 12:51:00,7.4,7.41,7.4,7.41,2
2026-01-12 12:52:00,7.41,7.42,7.41,7.42,2
2026-01-12 12:53:00,7.42,7.42,7.41,7.41,7
2026-01-12 12:54:00,7.4,7.41,7.38,7.41,3
2026-01-12 12:55:00,7.38,7.38,7.38,7.38,1
2026-01-12 12:56:00,7.38,7.38,7.35,7.38,34
2026-01-12 12:57:00,7.38,7.38,7.38,7.38,0
2026-01-12 12:58:00,7.38,7.4,7.36,7.37,76
2026-01-12 12:59:00,7.35,7.35,7.33,7.33,17
2026-01-12 13:00:00,7.34,7.34,7.34,7.34,2
2026-01-12 13:01:00,7.33,7.34,7.33,7.33,1
2026-01-12 13:02:00,7.33,7.36,7.33,7.33,5
2026-01-12 13:03:00,7.33,7.34,7.33,7.33,9
2026-01-12 13:04:00,7.35,7.35,7.34,7.35,1
2026-01-12 13:05:00,7.35,7.35,7.35,7.35,0
2026-01-12 13:06:00,7.35,7.35,7.35,7.35,0
2026-01-12 13:07:00,7.35,7.35,7.34,7.35,1
2026-01-12 13:08:00,7.32,7.34,7.31,7.32,18
2026-01-12 13:09:00,7.35,7.35,7.35,7.35,7
2026-01-12 13:10:00,7.35,7.35,7.34,7.35,2
2026-01-12 13:11:00,7.35,7.35,7.34,7.35,2
2026-01-12 13:12:00,7.35,7.4,7.34,7.4,21
2026-01-12 13:13:00,7.38,7.38,7.38,7.38,13
2026-01-12 13:14:00,7.38,7.38,7.38,7.38,1
2026-01-12 13:15:00,7.38,7.38,7.38,7.38,0
2026-01-12 13:16:00,7.4,7.4,7.38,7.38,20
2026-01-12 13:17:00,7.37,7.37,7.37,7.37,2
2026-01-12 13:18:00,7.38,7.38,7.38,7.38,1
2026-01-12 13:19:00,7.38,7.38,7.37,7.38,1
2026-01-12 13:20:00,7.38,7.38,7.38,7.38,0
2026-01-12 13:21:00,7.4,7.41,7.38,7.41,10
2026-01-12 13:22:00,7.41,7.41,7.4,7.41,1
2026-01-12 13:23:00,7.43,7.43,7.4,7.41,6
2026-01-12 13:24:00,7.42,7.42,7.39,7.42,4
2026-01-12 13:25:00,7.42,7.42,7.42,7.42,0
2026-01-12 13:26:00,7.42,7.42,7.41,7.42,13
2026-01-12 13:27:00,7.41,7.41,7.41,7.41,5
2026-01-12 13:28:00,7.42,7.44,7.41,7.42,3
2026-01-12 13:29:00,7.42,7.42,7.42,7.42,0
2026-01-12 13:30:00,7.43,7.43,7.42,7.43,1
2026-01-12 13:31:00,7.43,7.43,7.42,7.43,4
2026-01-12 13:32:00,7.43,7.43,7.42,7.43,12
2026-01-12 13:33:00,7.44,7.44,7.44,7.44,4
2026-01-12 13:34:00,7.43,7.47,7.43,7.47,14
2026-01-12 13:35:00,7.44,7.46,7.43,7.43,12
2026-01-12 13:36:00,7.43,7.43,7.43,7.43,4
2026-01-12 13:37:00,7.43,7.43,7.43,7.43,0
2026-01-12 13:38:00,7.43,7.43,7.43,7.43,1
2026-01-12 13:39:00,7.43,7.43,7.43,7.43,0
2026-01-12 13:40:00,7.43,7.43,7.43,7.43,0
2026-01-12 13:41:00,7.43,7.46,7.42,7.46,35
2026-01-12 13:42:00,7.46,7.46,7.45,7.46,1
2026-01-12 13:43:00,7.44,7.44,7.43,7.43,39
2026-01-12 13:44:00,7.46,7.46,7.45,7.46,4
2026-01-12 13:45:00,7.41,7.41,7.41,7.41,1
2026-01-12 13:46:00,7.45,7.45,7.44,7.45,1
2026-01-12 13:47:00,7.43,7.46,7.43,7.46,11
2026-01-12 13:48:00,7.45,7.45,7.45,7.45,3
2026-01-12 13:49:00,7.45,7.45,7.45,7.45,0
2026-01-12 13:50:00,7.45,7.45,7.45,7.45,2
2026-01-12 13:51:00,7.44,7.45,7.44,7.45,3
2026-01-12 13:52:00,7.45,7.45,7.45,7.45,0
2026-01-12 13:53:00,7.45,7.45,7.45,7.45,0
2026-01-12 13:54:00,7.45,7.45,7.43,7.44,3
2026-01-12 13:55:00,7.45,7.45,7.42,7.44,13
2026-01-12 13:56:00,7.45,7.46,7.44,7.46,7
2026-01-12 13:57:00,7.43,7.43,7.43,7.43,1
2026-01-12 13:58:00,7.43,7.43,7.43,7.43,0
2026-01-12 13:59:00,7.43,7.43,7.43,7.43,0
2026-01-12 14:00:00,7.45,7.45,7.44,7.45,9
2026-01-12 14:01:00,7.43,7.43,7.42,7.43,4
2026-01-12 14:02:00,7.43,7.43,7.43,7.43,0
2026-01-12 14:03:00,7.43,7.44,7.43,7.44,2
2026-01-12 14:04:00,7.44,7.46,7.44,7.46,8
2026-01-12 14:05:00,7.46,7.46,7.45,7.46,1
2026-01-12 14:06:00,7.46,7.47,7.46,7.47,9
2026-01-12 14:07:00,7.47,7.47,7.47,7.47,0
2026-01-12 14:08:00,7.46,7.46,7.46,7.46,1
2026-01-12 14:09:00,7.46,7.46,7.46,7.46,0
2026-01-12 14:10:00,7.48,7.48,7.46,7.48,11
2026-01-12 14:11:00,7.48,7.48,7.48,7.48,0
2026-01-12 14:12:00,7.49,7.49,7.48,7.49,17
2026-01-12 14:13:00,7.49,7.49,7.48,7.49,1
2026-01-12 14:14:00,7.5,7.5,7.45,7.45,54
2026-01-12 14:15:00,7.45,7.45,7.45,7.45,5
2026-01-12 14:16:00,7.44,7.44,7.39,7.44,8
2026-01-12 14:17:00,7.42,7.42,7.41,7.42,2
2026-01-12 14:18:00,7.42,7.42,7.42,7.42,0
2026-01-12 14:19:00,7.43,7.43,7.43,7.43,4
2026-01-12 14:20:00,7.42,7.42,7.41,7.41,11
2026-01-12 14:21:00,7.41,7.42,7.39,7.41,56
2026-01-12 14:22:00,7.42,7.42,7.42,7.42,3
2026-01-12 14:23:00,7.42,7.42,7.42,7.42,0
2026-01-12 14:24:00,7.42,7.43,7.42,7.43,4
2026-01-12 14:25:00,7.42,7.42,7.42,7.42,6
2026-01-12 14:26:00,7.42,7.42,7.4,7.4,2
2026-01-12 14:27:00,7.42,7.42,7.41,7.42,3
2026-01-12 14:28:00,7.42,7.42,7.42,7.42,0
2026-01-12 14:29:00,7.43,7.45,7.42,7.42,10
2026-01-12 14:30:00,7.45,7.47,7.45,7.47,4
2026-01-12 14:31:00,7.49,7.49,7.49,7.49,1
2026-01-12 14:32:00,7.49,7.49,7.45,7.45,11
2026-01-12 14:33:00,7.45,7.45,7.45,7.45,0
2026-01-12 14:34:00,7.43,7.43,7.42,7.42,10
2026-01-12 14:35:00,7.42,7.42,7.39,7.39,14
2026-01-12 14:36:00,7.36,7.37,7.36,7.36,14
2026-01-12 14:37:00,7.36,7.37,7.36,7.37,10
2026-01-12 14:38:00,7.37,7.37,7.37,7.37,0
2026-01-12 14:39:00,7.38,7.38,7.37,7.38,5
2026-01-12 14:40:00,7.39,7.44,7.39,7.44,11
2026-01-12 14:41:00,7.42,7.42,7.41,7.42,1
2026-01-12 14:42:00,7.43,7.43,7.42,7.43,4
2026-01-12 14:43:00,7.4,7.42,7.4,7.42,12
2026-01-12 14:44:00,7.42,7.42,7.4,7.4,24
2026-01-12 14:45:00,7.4,7.42,7.39,7.42,5
2026-01-12 14:46:00,7.42,7.42,7.41,7.42,2
2026-01-12 14:47:00,7.43,7.43,7.43,7.43,4
2026-01-12 14:48:00,7.43,7.43,7.43,7.43,0
2026-01-12 14:49:00,7.46,7.46,7.45,7.46,25
2026-01-12 14:50:00,7.47,7.48,7.44,7.45,7
2026-01-12 14:51:00,7.42,7.42,7.42,7.42,20
2026-01-12 14:52:00,7.47,7.47,7.46,7.47,1
2026-01-12 14:53:00,7.45,7.45,7.44,7.45,8
2026-01-12 14:54:00,7.45,7.45,7.45,7.45,1
2026-01-12 14:55:00,7.45,7.45,7.45,7.45,1
2026-01-12 14:56:00,7.45,7.45,7.45,7.45,1
2026-01-12 14:57:00,7.47,7.47,7.45,7.45,6
2026-01-12 14:58:00,7.45,7.48,7.45,7.48,41
2026-01-12 14:59:00,7.47,7.47,7.47,7.47,10
2026-01-12 15:00:00,7.49,7.5,7.49,7.49,32
2026-01-12 15:01:00,7.49,7.49,7.49,7.49,1
2026-01-12 15:02:00,7.5,7.5,7.49,7.49,12
2026-01-12 15:03:00,7.49,7.49,7.48,7.48,9
2026-01-12 15:04:00,7.46,7.47,7.46,7.46,3
2026-01-12 15:05:00,7.46,7.46,7.46,7.46,0
2026-01-12 15:06:00,7.47,7.48,7.47,7.47,6
2026-01-12 15:07:00,7.46,7.47,7.45,7.46,48
2026-01-12 15:08:00,7.47,7.48,7.46,7.47,46
2026-01-12 15:09:00,7.47,7.47,7.46,7.47,8
2026-01-12 15:10:00,7.46,7.46,7.41,7.44,79
2026-01-12 15:11:00,7.44,7.44,7.43,7.44,2
2026-01-12 15:12:00,7.45,7.45,7.45,7.45,2
2026-01-12 15:13:00,7.45,7.46,7.45,7.45,12
2026-01-12 15:14:00,7.44,7.45,7.44,7.45,3
2026-01-12 15:15:00,7.44,7.44,7.44,7.44,1
2026-01-12 15:16:00,7.45,7.5,7.45,7.49,114
2026-01-12 15:17:00,7.48,7.49,7.47,7.49,10
2026-01-12 15:18:00,7.49,7.49,7.49,7.49,0
2026-01-12 15:19:00,7.49,7.49,7.49,7.49,0
2026-01-12 15:20:00,7.49,7.49,7.48,7.49,1
2026-01-12 15:21:00,7.5,7.51,7.48,7.49,103
2026-01-12 15:22:00,7.5,7.56,7.5,7.54,93
2026-01-12 15:23:00,7.54,7.55,7.54,7.55,15
2026-01-12 15:24:00,7.54,7.54,7.51,7.51,4
2026-01-12 15:25:00,7.51,7.55,7.51,7.55,7
2026-01-12 15:26:00,7.55,7.55,7.53,7.54,3
2026-01-12 15:27:00,7.53,7.54,7.49,7.52,156
2026-01-12 15:28:00,7.51,7.53,7.51,7.52,25
2026-01-12 15:29:00,7.54,7.54,7.54,7.54,1
2026-01-12 15:30:00,7.55,7.56,7.55,7.56,17
2026-01-12 15:31:00,7.55,7.56,7.54,7.55,7
2026-01-12 15:32:00,7.56,7.57,7.54,7.54,30
2026-01-12 15:33:00,7.55,7.55,7.55,7.55,1
2026-01-12 15:34:00,7.55,7.56,7.54,7.55,5
2026-01-12 15:35:00,7.56,7.57,7.55,7.57,15
2026-01-12 15:36:00,7.57,7.57,7.57,7.57,2
2026-01-12 15:37:00,7.57,7.57,7.55,7.56,19
2026-01-12 15:38:00,7.55,7.56,7.55,7.56,21
2026-01-12 15:39:00,7.56,7.56,7.56,7.56,0
2026-01-12 15:40:00,7.55,7.55,7.54,7.54,16
2026-01-12 15:41:00,7.54,7.55,7.54,7.55,21
2026-01-12 15:42:00,7.54,7.55,7.54,7.54,17
2026-01-12 15:43:00,7.54,7.54,7.52,7.52,25
2026-01-12 15:44:00,7.5,7.56,7.48,7.55,122
2026-01-12 15:45:00,7.54,7.55,7.52,7.52,20
2026-01-12 15:46:00,7.54,7.54,7.53,7.53,3
2026-01-12 15:47:00,7.53,7.53,7.53,7.53,1
2026-01-12 15:48:00,7.52,7.53,7.52,7.53,8
2026-01-12 15:49:00,7.52,7.55,7.52,7.55,73
2026-01-12 15:50:00,7.53,7.54,7.49,7.5,99
2026-01-12 15:51:00,7.5,7.52,7.5,7.52,10
2026-01-12 15:52:00,7.53,7.53,7.53,7.53,18
2026-01-12 15:53:00,7.54,7.55,7.52,7.52,32
2026-01-12 15:54:00,7.55,7.55,7.52,7.52,26
2026-01-12 15:55:00,7.54,7.56,7.54,7.56,50
2026-01-12 15:56:00,7.56,7.56,7.52,7.54,59
2026-01-12 15:57:00,7.53,7.55,7.52,7.53,33
2026-01-12 15:58:00,7.53,7.54,7.52,7.54,97
2026-01-12 15:59:00,7.54,7.56,7.53,7.54,143
2026-01-13 09:30:00,7.61,7.61,7.52,7.61,251
2026-01-13 09:31:00,7.52,7.6,7.52,7.59,26
2026-01-13 09:32:00,7.6,7.67,7.57,7.64,46
2026-01-13 09:33:00,7.64,7.65,7.58,7.64,49
2026-01-13 09:34:00,7.6,7.63,7.58,7.59,6
2026-01-13 09:35:00,7.58,7.58,7.54,7.54,17
2026-01-13 09:36:00,7.54,7.54,7.53,7.54,4
2026-01-13 09:37:00,7.53,7.54,7.48,7.5,28
2026-01-13 09:38:00,7.49,7.57,7.48,7.53,19
2026-01-13 09:39:00,7.54,7.57,7.53,7.53,8
2026-01-13 09:40:00,7.54,7.55,7.5,7.54,11
2026-01-13 09:41:00,7.53,7.53,7.52,7.53,1
2026-01-13 09:42:00,7.54,7.57,7.54,7.56,13
2026-01-13 09:43:00,7.57,7.58,7.54,7.54,13
2026-01-13 09:44:00,7.58,7.58,7.57,7.58,31
2026-01-13 09:45:00,7.58,7.61,7.57,7.57,20
2026-01-13 09:46:00,7.59,7.65,7.57,7.64,34
2026-01-13 09:47:00,7.67,7.67,7.6,7.61,8
2026-01-13 09:48:00,7.59,7.59,7.55,7.55,72
2026-01-13 09:49:00,7.53,7.55,7.53,7.54,40
2026-01-13 09:50:00,7.55,7.61,7.54,7.61,13
2026-01-13 09:51:00,7.61,7.65,7.6,7.61,21
2026-01-13 09:52:00,7.64,7.66,7.61,7.66,23
2026-01-13 09:53:00,7.66,7.66,7.63,7.64,32
2026-01-13 09:54:00,7.61,7.66,7.59,7.6,34
2026-01-13 09:55:00,7.6,7.66,7.6,7.65,20
2026-01-13 09:56:00,7.63,7.7,7.63,7.67,15
2026-01-13 09:57:00,7.7,7.7,7.69,7.69,5
2026-01-13 09:58:00,7.74,7.74,7.71,7.73,3
2026-01-13 09:59:00,7.71,7.75,7.69,7.69,39
2026-01-13 10:00:00,7.69,7.69,7.67,7.67,13
2026-01-13 10:01:00,7.68,7.69,7.67,7.68,7
2026-01-13 10:02:00,7.67,7.68,7.65,7.65,8
2026-01-13 10:03:00,7.66,7.66,7.66,7.66,2
2026-01-13 10:04:00,7.65,7.66,7.61,7.64,33
2026-01-13 10:05:00,7.64,7.67,7.64,7.67,3
2026-01-13 10:06:00,7.64,7.64,7.61,7.61,5
2026-01-13 10:07:00,7.64,7.64,7.6,7.61,49
2026-01-13 10:08:00,7.62,7.62,7.61,7.61,4
2026-01-13 10:09:00,7.6,7.61,7.6,7.6,2
2026-01-13 10:10:00,7.58,7.6,7.58,7.58,31
2026-01-13 10:11:00,7.58,7.59,7.58,7.58,1
2026-01-13 10:12:00,7.59,7.59,7.57,7.57,10
2026-01-13 10:13:00,7.59,7.59,7.56,7.58,92
2026-01-13 10:14:00,7.57,7.58,7.56,7.58,22
2026-01-13 10:15:00,7.55,7.58,7.55,7.57,25
2026-01-13 10:16:00,7.57,7.57,7.56,7.57,5
2026-01-13 10:17:00,7.56,7.56,7.54,7.54,4
2026-01-13 10:18:00,7.55,7.57,7.55,7.57,6
2026-01-13 10:19:00,7.57,7.57,7.56,7.57,1
2026-01-13 10:20:00,7.56,7.57,7.55,7.57,7
2026-01-13 10:21:00,7.55,7.55,7.55,7.55,1
2026-01-13 10:22:00,7.58,7.6,7.58,7.6,11
2026-01-13 10:23:00,7.62,7.68,7.62,7.68,48
2026-01-13 10:24:00,7.62,7.63,7.62,7.62,4
2026-01-13 10:25:00,7.62,7.63,7.62,7.63,5
2026-01-13 10:26:00,7.63,7.63,7.61,7.61,2
2026-01-13 10:27:00,7.6,7.6,7.6,7.6,6
2026-01-13 10:28:00,7.6,7.6,7.59,7.59,5
2026-01-13 10:29:00,7.61,7.61,7.56,7.56,18
2026-01-13 10:30:00,7.55,7.55,7.53,7.54,47
2026-01-13 10:31:00,7.54,7.54,7.54,7.54,0
2026-01-13 10:32:00,7.57,7.57,7.53,7.53,6
2026-01-13 10:33:00,7.55,7.61,7.55,7.61,37
2026-01-13 10:34:00,7.61,7.61,7.61,7.61,12
2026-01-13 10:35:00,7.61,7.63,7.6,7.63,8
2026-01-13 10:36:00,7.64,7.64,7.64,7.64,3
2026-01-13 10:37:00,7.65,7.68,7.65,7.68,35
2026-01-13 10:38:00,7.68,7.71,7.68,7.71,8
2026-01-13 10:39:00,7.71,7.72,7.71,7.72,3
2026-01-13 10:40:00,7.72,7.72,7.7,7.71,5
2026-01-13 10:41:00,7.72,7.72,7.69,7.69,26
2026-01-13 10:42:00,7.68,7.68,7.68,7.68,4
2026-01-13 10:43:00,7.68,7.68,7.66,7.66,4
2026-01-13 10:44:00,7.66,7.66,7.66,7.66,1
2026-01-13 10:45:00,7.69,7.69,7.68,7.69,1
2026-01-13 10:46:00,7.68,7.69,7.68,7.69,4
2026-01-13 10:47:00,7.66,7.67,7.63,7.64,42
2026-01-13 10:48:00,7.64,7.64,7.64,7.64,0
2026-01-13 10:49:00,7.61,7.66,7.61,7.66,2
2026-01-13 10:50:00,7.64,7.67,7.63,7.67,17
2026-01-13 10:51:00,7.68,7.69,7.68,7.69,19
2026-01-13 10:52:00,7.7,7.72,7.69,7.72,52
2026-01-13 10:53:00,7.73,7.78,7.73,7.77,22
2026-01-13 10:54:00,7.78,7.81,7.78,7.81,144
2026-01-13 10:55:00,7.81,7.81,7.81,7.81,27
2026-01-13 10:56:00,7.82,7.83,7.81,7.82,34
2026-01-13 10:57:00,7.81,7.81,7.81,7.81,4
2026-01-13 10:58:00,7.82,7.83,7.82,7.83,73
2026-01-13 10:59:00,7.83,7.84,7.81,7.82,19
2026-01-13 11:00:00,7.82,7.82,7.82,7.82,0
2026-01-13 11:01:00,7.82,7.82,7.82,7.82,2
2026-01-13 11:02:00,7.84,7.89,7.83,7.88,35
2026-01-13 11:03:00,7.9,7.9,7.85,7.87,46
2026-01-13 11:04:00,7.87,7.87,7.85,7.85,13
2026-01-13 11:05:00,7.85,7.85,7.85,7.85,2
2026-01-13 11:06:00,7.85,7.87,7.85,7.87,15
2026-01-13 11:07:00,7.86,7.86,7.82,7.83,38
2026-01-13 11:08:00,7.8,7.8,7.8,7.8,5
2026-01-13 11:09:00,7.8,7.8,7.8,7.8,0
2026-01-13 11:10:00,7.79,7.79,7.79,7.79,2
2026-01-13 11:11:00,7.81,7.81,7.8,7.81,1
2026-01-13 11:12:00,7.79,7.81,7.79,7.81,2
2026-01-13 11:13:00,7.79,7.82,7.79,7.8,3
2026-01-13 11:14:00,7.8,7.82,7.79,7.81,23
2026-01-13 11:15:00,7.8,7.81,7.79,7.79,4
2026-01-13 11:16:00,7.81,7.81,7.81,7.81,11
2026-01-13 11:17:00,7.81,7.81,7.81,7.81,15
2026-01-13 11:18:00,7.79,7.79,7.77,7.79,10
2026-01-13 11:19:00,7.81,7.82,7.78,7.79,2
2026-01-13 11:20:00,7.8,7.8,7.77,7.77,3
2026-01-13 11:21:00,7.79,7.8,7.77,7.77,87
2026-01-13 11:22:00,7.78,7.79,7.78,7.79,4
2026-01-13 11:23:00,7.77,7.77,7.77,7.77,1
2026-01-13 11:24:00,7.8,7.8,7.77,7.77,17
2026-01-13 11:25:00,7.79,7.79,7.77,7.78,8
2026-01-13 11:26:00,7.78,7.78,7.72,7.73,17
2026-01-13 11:27:00,7.72,7.74,7.72,7.73,4
2026-01-13 11:28:00,7.74,7.74,7.74,7.74,7
2026-01-13 11:29:00,7.74,7.74,7.73,7.74,5
2026-01-13 11:30:00,7.73,7.73,7.7,7.7,9
2026-01-13 11:31:00,7.75,7.79,7.73,7.76,261
2026-01-13 11:32:00,7.77,7.77,7.76,7.76,12
2026-01-13 11:33:00,7.76,7.76,7.76,7.76,9
2026-01-13 11:34:00,7.76,7.79,7.75,7.78,6
2026-01-13 11:35:00,7.76,7.76,7.75,7.76,1
2026-01-13 11:36:00,7.78,7.79,7.76,7.77,11
2026-01-13 11:37:00,7.77,7.77,7.77,7.77,7
2026-01-13 11:38:00,7.77,7.8,7.77,7.8,15
2026-01-13 11:39:00,7.8,7.8,7.8,7.8,2
2026-01-13 11:40:00,7.81,7.81,7.81,7.81,2
2026-01-13 11:41:00,7.82,7.82,7.82,7.82,1
2026-01-13 11:42:00,7.82,7.85,7.8,7.82,61
2026-01-13 11:43:00,7.82,7.82,7.79,7.79,10
2026-01-13 11:44:00,7.78,7.8,7.78,7.8,2
2026-01-13 11:45:00,7.8,7.8,7.8,7.8,3
2026-01-13 11:46:00,7.78,7.79,7.77,7.77,13
2026-01-13 11:47:00,7.75,7.76,7.72,7.72,24
2026-01-13 11:48:00,7.71,7.71,7.71,7.71,11
2026-01-13 11:49:00,7.71,7.72,7.71,7.72,8
2026-01-13 11:50:00,7.72,7.72,7.72,7.72,0
2026-01-13 11:51:00,7.71,7.73,7.71,7.73,8
2026-01-13 11:52:00,7.73,7.73,7.73,7.73,1
2026-01-13 11:53:00,7.75,7.75,7.72,7.75,185
2026-01-13 11:54:00,7.76,7.76,7.73,7.74,4
2026-01-13 11:55:00,7.74,7.74,7.73,7.74,3
2026-01-13 11:56:00,7.74,7.74,7.73,7.74,1
2026-01-13 11:57:00,7.74,7.74,7.73,7.74,1
2026-01-13 11:58:00,7.74,7.74,7.73,7.74,3
2026-01-13 11:59:00,7.74,7.76,7.73,7.76,2
2026-01-13 12:00:00,7.76,7.76,7.76,7.76,4
2026-01-13 12:01:00,7.76,7.76,7.76,7.76,0
2026-01-13 12:02:00,7.77,7.77,7.75,7.75,15
2026-01-13 12:03:00,7.77,7.79,7.77,7.78,17
2026-01-13 12:04:00,7.79,7.81,7.78,7.79,29
2026-01-13 12:05:00,7.79,7.79,7.78,7.79,7
2026-01-13 12:06:00,7.79,7.79,7.79,7.79,0
2026-01-13 12:07:00,7.79,7.79,7.79,7.79,0
2026-01-13 12:08:00,7.8,7.81,7.79,7.8,8
2026-01-13 12:09:00,7.79,7.79,7.77,7.78,2
2026-01-13 12:10:00,7.78,7.78,7.77,7.78,1
2026-01-13 12:11:00,7.79,7.79,7.77,7.78,5
2026-01-13 12:12:00,7.77,7.78,7.76,7.78,10
2026-01-13 12:13:00,7.76,7.79,7.76,7.79,2
2026-01-13 12:14:00,7.79,7.79,7.78,7.78,8
2026-01-13 12:15:00,7.78,7.78,7.78,7.78,2
2026-01-13 12:16:00,7.8,7.8,7.8,7.8,1
2026-01-13 12:17:00,7.77,7.78,7.76,7.78,10
2026-01-13 12:18:00,7.81,7.81,7.81,7.81,2
2026-01-13 12:19:00,7.8,7.8,7.8,7.8,1
2026-01-13 12:20:00,7.81,7.84,7.81,7.84,3
2026-01-13 12:21:00,7.85,7.85,7.84,7.84,4
2026-01-13 12:22:00,7.83,7.84,7.83,7.83,1
2026-01-13 12:23:00,7.83,7.83,7.83,7.83,0
2026-01-13 12:24:00,7.84,7.84,7.84,7.84,1
2026-01-13 12:25:00,7.86,7.89,7.86,7.89,10
2026-01-13 12:26:00,7.9,7.9,7.9,7.9,1
2026-01-13 12:27:00,7.89,7.9,7.88,7.89,7
2026-01-13 12:28:00,7.88,7.89,7.88,7.88,5
2026-01-13 12:29:00,7.9,7.9,7.9,7.9,1
2026-01-13 12:30:00,7.9,7.9,7.88,7.9,39
2026-01-13 12:31:00,7.93,7.93,7.92,7.92,26
2026-01-13 12:32:00,7.93,7.93,7.92,7.93,111
2026-01-13 12:33:00,7.91,7.93,7.91,7.93,32
2026-01-13 12:34:00,7.93,7.93,7.92,7.93,6
2026-01-13 12:35:00,7.93,7.93,7.78,7.78,176
2026-01-13 12:36:00,7.78,7.78,7.77,7.77,2
2026-01-13 12:37:00,7.77,7.79,7.77,7.77,4
2026-01-13 12:38:00,7.79,7.79,7.76,7.79,16
2026-01-13 12:39:00,7.76,7.8,7.75,7.77,20
2026-01-13 12:40:00,7.75,7.8,7.73,7.74,32
2026-01-13 12:41:00,7.73,7.73,7.73,7.73,6
2026-01-13 12:42:00,7.73,7.76,7.73,7.76,6
2026-01-13 12:43:00,7.78,7.82,7.78,7.8,28
2026-01-13 12:44:00,7.82,7.82,7.81,7.82,1
2026-01-13 12:45:00,7.82,7.82,7.81,7.82,1
2026-01-13 12:46:00,7.78,7.79,7.78,7.78,1
2026-01-13 12:47:00,7.8,7.82,7.8,7.82,3
2026-01-13 12:48:00,7.81,7.81,7.8,7.81,1
2026-01-13 12:49:00,7.82,7.82,7.82,7.82,1
2026-01-13 12:50:00,7.8,7.81,7.8,7.8,4
2026-01-13 12:51:00,7.81,7.81,7.8,7.81,2
2026-01-13 12:52:00,7.81,7.81,7.81,7.81,0
2026-01-13 12:53:00,7.77,7.77,7.77,7.77,1
2026-01-13 12:54:00,7.8,7.8,7.79,7.8,2
2026-01-13 12:55:00,7.77,7.77,7.77,7.77,1
2026-01-13 12:56:00,7.77,7.77,7.77,7.77,0
2026-01-13 12:57:00,7.81,7.81,7.76,7.76,8
2026-01-13 12:58:00,7.76,7.76,7.76,7.76,3
2026-01-13 12:59:00,7.77,7.77,7.76,7.76,2
2026-01-13 13:00:00,7.76,7.76,7.76,7.76,1
2026-01-13 13:01:00,7.75,7.75,7.74,7.74,5
2026-01-13 13:02:00,7.74,7.74,7.74,7.74,0
2026-01-13 13:03:00,7.74,7.74,7.74,7.74,4
2026-01-13 13:04:00,7.76,7.76,7.74,7.74,2
2026-01-13 13:05:00,7.76,7.76,7.76,7.76,8
2026-01-13 13:06:00,7.78,7.78,7.76,7.76,2
2026-01-13 13:07:00,7.78,7.8,7.78,7.8,7
2026-01-13 13:08:00,7.79,7.8,7.79,7.79,11
2026-01-13 13:09:00,7.79,7.79,7.76,7.77,4
2026-01-13 13:10:00,7.75,7.75,7.74,7.75,4
2026-01-13 13:11:00,7.75,7.75,7.75,7.75,0
2026-01-13 13:12:00,7.76,7.76,7.75,7.76,13
2026-01-13 13:13:00,7.76,7.78,7.76,7.78,5
2026-01-13 13:14:00,7.8,7.8,7.79,7.8,1
2026-01-13 13:15:00,7.8,7.8,7.79,7.8,20
2026-01-13 13:16:00,7.82,7.82,7.82,7.82,1
2026-01-13 13:17:00,7.79,7.81,7.78,7.81,3
2026-01-13 13:18:00,7.79,7.79,7.78,7.78,2
2026-01-13 13:19:00,7.77,7.78,7.77,7.77,2
2026-01-13 13:20:00,7.82,7.82,7.82,7.82,1
2026-01-13 13:21:00,7.82,7.85,7.81,7.81,78
2026-01-13 13:22:00,7.8,7.82,7.8,7.8,119
2026-01-13 13:23:00,7.81,7.81,7.81,7.81,5
2026-01-13 13:24:00,7.82,7.82,7.8,7.82,52
2026-01-13 13:25:00,7.81,7.81,7.81,7.81,6
2026-01-13 13:26:00,7.81,7.81,7.81,7.81,0
2026-01-13 13:27:00,7.82,7.82,7.81,7.82,10
2026-01-13 13:28:00,7.81,7.82,7.81,7.82,5
2026-01-13 13:29:00,7.82,7.82,7.82,7.82,0
2026-01-13 13:30:00,7.8,7.8,7.79,7.8,4
2026-01-13 13:31:00,7.81,7.82,7.81,7.82,8
2026-01-13 13:32:00,7.81,7.82,7.8,7.82,4
2026-01-13 13:33:00,7.82,7.83,7.82,7.82,1
2026-01-13 13:34:00,7.81,7.81,7.8,7.81,6
2026-01-13 13:35:00,7.81,7.81,7.81,7.81,6
2026-01-13 13:36:00,7.82,7.82,7.82,7.82,2
2026-01-13 13:37:00,7.82,7.82,7.81,7.82,39
2026-01-13 13:38:00,7.81,7.81,7.81,7.81,4
2026-01-13 13:39:00,7.8,7.8,7.77,7.78,7
2026-01-13 13:40:00,7.78,7.78,7.78,7.78,0
2026-01-13 13:41:00,7.76,7.76,7.76,7.76,3
2026-01-13 13:42:00,7.76,7.76,7.76,7.76,1
2026-01-13 13:43:00,7.76,7.76,7.76,7.76,12
2026-01-13 13:44:00,7.76,7.77,7.75,7.76,8
2026-01-13 13:45:00,7.76,7.76,7.75,7.76,41
2026-01-13 13:46:00,7.77,7.79,7.77,7.79,21
2026-01-13 13:47:00,7.79,7.8,7.79,7.8,10
2026-01-13 13:48:00,7.8,7.8,7.8,7.8,0
2026-01-13 13:49:00,7.8,7.8,7.8,7.8,1
2026-01-13 13:50:00,7.77,7.79,7.77,7.78,10
2026-01-13 13:51:00,7.79,7.79,7.79,7.79,17
2026-01-13 13:52:00,7.8,7.81,7.8,7.8,1
2026-01-13 13:53:00,7.79,7.79,7.79,7.79,1
2026-01-13 13:54:00,7.79,7.79,7.77,7.77,7
2026-01-13 13:55:00,7.77,7.77,7.77,7.77,0
2026-01-13 13:56:00,7.78,7.78,7.76,7.76,3
2026-01-13 13:57:00,7.76,7.76,7.76,7.76,3
2026-01-13 13:58:00,7.75,7.75,7.74,7.74,5
2026-01-13 13:59:00,7.73,7.73,7.73,7.73,2
2026-01-13 14:00:00,7.74,7.74,7.74,7.74,15
2026-01-13 14:01:00,7.74,7.74,7.74,7.74,2
2026-01-13 14:02:00,7.74,7.74,7.65,7.65,33
2026-01-13 14:03:00,7.67,7.68,7.66,7.67,6
2026-01-13 14:04:00,7.65,7.66,7.65,7.65,1
2026-01-13 14:05:00,7.65,7.65,7.64,7.64,34
2026-01-13 14:06:00,7.64,7.64,7.64,7.64,0
2026-01-13 14:07:00,7.64,7.64,7.64,7.64,0
2026-01-13 14:08:00,7.63,7.64,7.63,7.63,8
2026-01-13 14:09:00,7.63,7.63,7.62,7.63,6
2026-01-13 14:10:00,7.63,7.63,7.63,7.63,0
2026-01-13 14:11:00,7.65,7.65,7.6,7.6,5
2026-01-13 14:12:00,7.59,7.59,7.59,7.59,1
2026-01-13 14:13:00,7.64,7.64,7.59,7.6,3
2026-01-13 14:14:00,7.59,7.59,7.59,7.59,1
2026-01-13 14:15:00,7.59,7.59,7.59,7.59,1
2026-01-13 14:16:00,7.61,7.61,7.6,7.61,3
2026-01-13 14:17:00,7.62,7.63,7.61,7.63,4
2026-01-13 14:18:00,7.63,7.63,7.61,7.61,3
2026-01-13 14:19:00,7.61,7.65,7.61,7.65,6
2026-01-13 14:20:00,7.65,7.7,7.65,7.67,9
2026-01-13 14:21:00,7.68,7.68,7.67,7.68,1
2026-01-13 14:22:00,7.65,7.68,7.65,7.67,5
2026-01-13 14:23:00,7.68,7.68,7.66,7.66,2
2026-01-13 14:24:00,7.68,7.68,7.67,7.67,7
2026-01-13 14:25:00,7.68,7.68,7.65,7.67,3
2026-01-13 14:26:00,7.67,7.67,7.67,7.67,0
2026-01-13 14:27:00,7.65,7.69,7.65,7.68,45
2026-01-13 14:28:00,7.68,7.68,7.67,7.68,1
2026-01-13 14:29:00,7.66,7.66,7.66,7.66,5
2026-01-13 14:30:00,7.66,7.66,7.66,7.66,0
2026-01-13 14:31:00,7.66,7.66,7.65,7.66,2
2026-01-13 14:32:00,7.66,7.66,7.65,7.66,2
2026-01-13 14:33:00,7.66,7.66,7.65,7.66,1
2026-01-13 14:34:00,7.67,7.68,7.67,7.67,5
2026-01-13 14:35:00,7.69,7.69,7.68,7.69,1
2026-01-13 14:36:00,7.67,7.67,7.67,7.67,2
2026-01-13 14:37:00,7.67,7.67,7.67,7.67,0
2026-01-13 14:38:00,7.65,7.67,7.65,7.67,6
2026-01-13 14:39:00,7.67,7.68,7.66,7.68,3
2026-01-13 14:40:00,7.67,7.67,7.66,7.67,1
2026-01-13 14:41:00,7.67,7.68,7.66,7.67,3
2026-01-13 14:42:00,7.68,7.69,7.66,7.69,12
2026-01-13 14:43:00,7.68,7.68,7.68,7.68,1
2026-01-13 14:44:00,7.69,7.69,7.69,7.69,1
2026-01-13 14:45:00,7.68,7.68,7.67,7.67,6
2026-01-13 14:46:00,7.67,7.71,7.67,7.68,23
2026-01-13 14:47:00,7.67,7.67,7.67,7.67,15
2026-01-13 14:48:00,7.66,7.67,7.66,7.67,4
2026-01-13 14:49:00,7.67,7.67,7.66,7.67,1
2026-01-13 14:50:00,7.67,7.67,7.65,7.65,2
2026-01-13 14:51:00,7.68,7.68,7.67,7.67,46
2026-01-13 14:52:00,7.69,7.69,7.67,7.69,6
2026-01-13 14:53:00,7.69,7.69,7.69,7.69,0
2026-01-13 14:54:00,7.68,7.68,7.68,7.68,3
2026-01-13 14:55:00,7.68,7.68,7.67,7.67,2
2026-01-13 14:56:00,7.68,7.71,7.68,7.71,19
2026-01-13 14:57:00,7.7,7.7,7.7,7.7,1
2026-01-13 14:58:00,7.7,7.7,7.7,7.7,4
2026-01-13 14:59:00,7.7,7.72,7.69,7.72,10
2026-01-13 15:00:00,7.73,7.73,7.72,7.73,3
2026-01-13 15:01:00,7.71,7.71,7.71,7.71,4
2026-01-13 15:02:00,7.7,7.7,7.69,7.69,6
2026-01-13 15:03:00,7.68,7.69,7.68,7.69,2
2026-01-13 15:04:00,7.69,7.69,7.67,7.67,2
2026-01-13 15:05:00,7.67,7.67,7.67,7.67,0
2026-01-13 15:06:00,7.66,7.68,7.66,7.68,2
2026-01-13 15:07:00,7.68,7.69,7.67,7.68,12
2026-01-13 15:08:00,7.66,7.68,7.66,7.68,2
2026-01-13 15:09:00,7.69,7.71,7.69,7.71,25
2026-01-13 15:10:00,7.69,7.7,7.69,7.7,5
2026-01-13 15:11:00,7.7,7.71,7.7,7.7,7
2026-01-13 15:12:00,7.71,7.71,7.7,7.71,4
2026-01-13 15:13:00,7.69,7.69,7.69,7.69,6
2026-01-13 15:14:00,7.69,7.69,7.68,7.69,5
2026-01-13 15:15:00,7.67,7.67,7.67,7.67,1
2026-01-13 15:16:00,7.68,7.68,7.68,7.68,2
2026-01-13 15:17:00,7.67,7.68,7.67,7.68,6
2026-01-13 15:18:00,7.68,7.68,7.66,7.66,15
2026-01-13 15:19:00,7.66,7.68,7.66,7.68,4
2026-01-13 15:20:00,7.66,7.66,7.66,7.66,1
2026-01-13 15:21:00,7.66,7.66,7.63,7.63,18
2026-01-13 15:22:00,7.62,7.65,7.62,7.64,15
2026-01-13 15:23:00,7.64,7.64,7.63,7.64,4
2026-01-13 15:24:00,7.64,7.65,7.63,7.65,8
2026-01-13 15:25:00,7.65,7.68,7.64,7.64,32
2026-01-13 15:26:00,7.64,7.64,7.64,7.64,6
2026-01-13 15:27:00,7.64,7.66,7.63,7.63,27
2026-01-13 15:28:00,7.64,7.64,7.64,7.64,4
2026-01-13 15:29:00,7.62,7.63,7.62,7.62,5
2026-01-13 15:30:00,7.62,7.62,7.57,7.58,25
2026-01-13 15:31:00,7.58,7.58,7.55,7.55,30
2026-01-13 15:32:00,7.55,7.56,7.55,7.56,21
2026-01-13 15:33:00,7.55,7.55,7.54,7.54,26
2026-01-13 15:34:00,7.52,7.53,7.52,7.53,4
2026-01-13 15:35:00,7.53,7.54,7.53,7.54,24
2026-01-13 15:36:00,7.53,7.54,7.53,7.53,15
2026-01-13 15:37:00,7.53,7.53,7.52,7.53,6
2026-01-13 15:38:00,7.52,7.54,7.52,7.54,11
2026-01-13 15:39:00,7.54,7.56,7.53,7.53,39
2026-01-13 15:40:00,7.54,7.54,7.54,7.54,31
2026-01-13 15:41:00,7.54,7.55,7.53,7.53,18
2026-01-13 15:42:00,7.54,7.54,7.52,7.53,56
2026-01-13 15:43:00,7.53,7.54,7.52,7.53,118
2026-01-13 15:44:00,7.52,7.52,7.51,7.52,126
2026-01-13 15:45:00,7.52,7.52,7.52,7.52,1
2026-01-13 15:46:00,7.52,7.52,7.51,7.52,31
2026-01-13 15:47:00,7.51,7.51,7.5,7.51,32
2026-01-13 15:48:00,7.51,7.51,7.51,7.51,2
2026-01-13 15:49:00,7.51,7.51,7.5,7.51,4
2026-01-13 15:50:00,7.5,7.51,7.49,7.51,75
2026-01-13 15:51:00,7.52,7.53,7.51,7.53,34
2026-01-13 15:52:00,7.53,7.54,7.53,7.54,19
2026-01-13 15:53:00,7.55,7.56,7.54,7.54,48
2026-01-13 15:54:00,7.53,7.57,7.52,7.57,42
2026-01-13 15:55:00,7.56,7.56,7.55,7.56,32
2026-01-13 15:56:00,7.55,7.6,7.53,7.6,136
2026-01-13 15:57:00,7.6,7.61,7.59,7.6,204
2026-01-13 15:58:00,7.6,7.6,7.57,7.59,107
2026-01-13 15:59:00,7.59,7.59,7.57,7.58,127
2026-01-14 09:30:00,7.56,7.64,7.48,7.57,101
2026-01-14 09:31:00,7.57,7.57,7.56,7.57,20
2026-01-14 09:32:00,7.51,7.6,7.5,7.6,11
2026-01-14 09:33:00,7.48,7.48,7.48,7.48,1
2026-01-14 09:34:00,7.49,7.49,7.49,7.49,1
2026-01-14 09:35:00,7.53,7.53,7.53,7.53,12
2026-01-14 09:36:00,7.61,7.61,7.52,7.53,22
2026-01-14 09:37:00,7.49,7.57,7.48,7.57,4
2026-01-14 09:38:00,7.5,7.55,7.49,7.52,9
2026-01-14 09:39:00,7.54,7.55,7.5,7.5,5
2026-01-14 09:40:00,7.54,7.54,7.54,7.54,1
2026-01-14 09:41:00,7.52,7.52,7.51,7.52,1
2026-01-14 09:42:00,7.51,7.51,7.5,7.51,1
2026-01-14 09:43:00,7.51,7.51,7.5,7.51,10
2026-01-14 09:44:00,7.51,7.51,7.5,7.51,4
2026-01-14 09:45:00,7.5,7.51,7.47,7.51,18
2026-01-14 09:46:00,7.51,7.51,7.51,7.51,0
2026-01-14 09:47:00,7.51,7.51,7.51,7.51,0
2026-01-14 09:48:00,7.51,7.51,7.51,7.51,2
2026-01-14 09:49:00,7.49,7.54,7.49,7.54,5
2026-01-14 09:50:00,7.54,7.54,7.54,7.54,0
2026-01-14 09:51:00,7.48,7.48,7.48,7.48,1
2026-01-14 09:52:00,7.56,7.56,7.55,7.56,2
2026-01-14 09:53:00,7.52,7.52,7.52,7.52,3
2026-01-14 09:54:00,7.53,7.53,7.49,7.53,6
2026-01-14 09:55:00,7.51,7.52,7.5,7.51,8
2026-01-14 09:56:00,7.48,7.5,7.46,7.5,9
2026-01-14 09:57:00,7.46,7.5,7.46,7.46,4
2026-01-14 09:58:00,7.45,7.46,7.44,7.46,48
2026-01-14 09:59:00,7.46,7.48,7.46,7.46,4
2026-01-14 10:00:00,7.45,7.48,7.42,7.42,18
2026-01-14 10:01:00,7.44,7.44,7.44,7.44,3
2026-01-14 10:02:00,7.45,7.49,7.44,7.47,26
2026-01-14 10:03:00,7.47,7.47,7.47,7.47,0
2026-01-14 10:04:00,7.49,7.58,7.48,7.57,105
2026-01-14 10:05:00,7.55,7.55,7.55,7.55,4
2026-01-14 10:06:00,7.59,7.59,7.58,7.59,4
2026-01-14 10:07:00,7.59,7.6,7.57,7.57,18
2026-01-14 10:08:00,7.61,7.61,7.56,7.56,5
2026-01-14 10:09:00,7.55,7.57,7.55,7.57,13
2026-01-14 10:10:00,7.56,7.6,7.56,7.59,44
2026-01-14 10:11:00,7.59,7.6,7.56,7.59,16
2026-01-14 10:12:00,7.59,7.59,7.58,7.59,2
2026-01-14 10:13:00,7.61,7.65,7.61,7.64,40
2026-01-14 10:14:00,7.67,7.69,7.62,7.62,73
2026-01-14 10:15:00,7.63,7.65,7.62,7.62,8
2026-01-14 10:16:00,7.61,7.64,7.61,7.64,6
2026-01-14 10:17:00,7.65,7.65,7.65,7.65,1
2026-01-14 10:18:00,7.62,7.63,7.61,7.63,10
2026-01-14 10:19:00,7.61,7.61,7.6,7.6,4
2026-01-14 10:20:00,7.62,7.62,7.62,7.62,4
2026-01-14 10:21:00,7.62,7.64,7.62,7.62,6
2026-01-14 10:22:00,7.64,7.64,7.63,7.63,12
2026-01-14 10:23:00,7.63,7.63,7.63,7.63,0
2026-01-14 10:24:00,7.63,7.63,7.63,7.63,0
2026-01-14 10:25:00,7.63,7.63,7.63,7.63,0
2026-01-14 10:26:00,7.64,7.67,7.63,7.67,15
2026-01-14 10:27:00,7.68,7.68,7.68,7.68,1
2026-01-14 10:28:00,7.68,7.68,7.68,7.68,1
2026-01-14 10:29:00,7.67,7.68,7.66,7.68,2
2026-01-14 10:30:00,7.67,7.67,7.66,7.67,4
2026-01-14 10:31:00,7.67,7.67,7.67,7.67,0
2026-01-14 10:32:00,7.67,7.68,7.66,7.68,3
2026-01-14 10:33:00,7.67,7.68,7.67,7.67,1
2026-01-14 10:34:00,7.67,7.67,7.67,7.67,0
2026-01-14 10:35:00,7.67,7.68,7.66,7.68,2
2026-01-14 10:36:00,7.65,7.65,7.62,7.62,2
2026-01-14 10:37:00,7.63,7.64,7.63,7.63,2
2026-01-14 10:38:00,7.64,7.68,7.63,7.66,91
2026-01-14 10:39:00,7.66,7.66,7.66,7.66,4
2026-01-14 10:40:00,7.66,7.66,7.66,7.66,1
2026-01-14 10:41:00,7.66,7.66,7.66,7.66,1
2026-01-14 10:42:00,7.67,7.67,7.67,7.67,1
2026-01-14 10:43:00,7.67,7.68,7.66,7.66,61
2026-01-14 10:44:00,7.67,7.69,7.67,7.68,4
2026-01-14 10:45:00,7.68,7.68,7.65,7.65,28
2026-01-14 10:46:00,7.65,7.65,7.64,7.65,2
2026-01-14 10:47:00,7.65,7.65,7.63,7.63,2
2026-01-14 10:48:00,7.64,7.64,7.63,7.63,2
2026-01-14 10:49:00,7.62,7.62,7.62,7.62,1
2026-01-14 10:50:00,7.6,7.6,7.59,7.6,1
2026-01-14 10:51:00,7.63,7.63,7.62,7.63,1
2026-01-14 10:52:00,7.6,7.63,7.6,7.6,15
2026-01-14 10:53:00,7.62,7.62,7.61,7.62,2
2026-01-14 10:54:00,7.6,7.62,7.6,7.62,5
2026-01-14 10:55:00,7.61,7.61,7.61,7.61,1
2026-01-14 10:56:00,7.62,7.62,7.62,7.62,1
2026-01-14 10:57:00,7.62,7.62,7.61,7.62,33
2026-01-14 10:58:00,7.63,7.65,7.63,7.65,6
2026-01-14 10:59:00,7.62,7.63,7.62,7.63,40
2026-01-14 11:00:00,7.65,7.65,7.64,7.64,24
2026-01-14 11:01:00,7.65,7.66,7.64,7.65,8
2026-01-14 11:02:00,7.65,7.65,7.65,7.65,1
2026-01-14 11:03:00,7.65,7.65,7.65,7.65,0
2026-01-14 11:04:00,7.65,7.66,7.64,7.66,3
2026-01-14 11:05:00,7.66,7.66,7.66,7.66,0
2026-01-14 11:06:00,7.64,7.64,7.59,7.6,175
2026-01-14 11:07:00,7.6,7.6,7.6,7.6,5
2026-01-14 11:08:00,7.6,7.61,7.6,7.61,3
2026-01-14 11:09:00,7.61,7.61,7.6,7.6,17
2026-01-14 11:10:00,7.6,7.6,7.58,7.58,43
2026-01-14 11:11:00,7.59,7.6,7.59,7.6,19
2026-01-14 11:12:00,7.6,7.6,7.59,7.6,5
2026-01-14 11:13:00,7.6,7.6,7.58,7.58,7
2026-01-14 11:14:00,7.59,7.59,7.59,7.59,1
2026-01-14 11:15:00,7.58,7.59,7.58,7.59,4
2026-01-14 11:16:00,7.59,7.59,7.59,7.59,0
2026-01-14 11:17:00,7.59,7.6,7.59,7.6,2
2026-01-14 11:18:00,7.6,7.6,7.59,7.6,17
2026-01-14 11:19:00,7.6,7.6,7.59,7.6,6
2026-01-14 11:20:00,7.61,7.62,7.61,7.62,5
2026-01-14 11:21:00,7.65,7.65,7.65,7.65,1
2026-01-14 11:22:00,7.62,7.62,7.62,7.62,1
2026-01-14 11:23:00,7.62,7.62,7.62,7.62,0
2026-01-14 11:24:00,7.6,7.61,7.6,7.6,9
2026-01-14 11:25:00,7.61,7.63,7.61,7.63,2
2026-01-14 11:26:00,7.61,7.61,7.6,7.6,30
2026-01-14 11:27:00,7.59,7.59,7.59,7.59,1
2026-01-14 11:28:00,7.58,7.58,7.58,7.58,1
2026-01-14 11:29:00,7.58,7.58,7.58,7.58,0
2026-01-14 11:30:00,7.59,7.6,7.59,7.59,6
2026-01-14 11:31:00,7.59,7.61,7.59,7.59,20
2026-01-14 11:32:00,7.59,7.59,7.59,7.59,0
2026-01-14 11:33:00,7.59,7.59,7.59,7.59,0
2026-01-14 11:34:00,7.58,7.58,7.58,7.58,1
2026-01-14 11:35:00,7.58,7.58,7.58,7.58,3
2026-01-14 11:36:00,7.57,7.57,7.56,7.57,2
2026-01-14 11:37:00,7.56,7.59,7.56,7.59,46
2026-01-14 11:38:00,7.6,7.61,7.58,7.58,48
2026-01-14 11:39:00,7.62,7.62,7.59,7.59,3
2026-01-14 11:40:00,7.62,7.62,7.61,7.62,1
2026-01-14 11:41:00,7.62,7.62,7.61,7.62,3
2026-01-14 11:42:00,7.62,7.62,7.62,7.62,21
2026-01-14 11:43:00,7.62,7.62,7.62,7.62,0
2026-01-14 11:44:00,7.6,7.6,7.6,7.6,1
2026-01-14 11:45:00,7.63,7.63,7.59,7.6,2
2026-01-14 11:46:00,7.6,7.6,7.6,7.6,0
2026-01-14 11:47:00,7.64,7.64,7.63,7.64,5
2026-01-14 11:48:00,7.64,7.64,7.64,7.64,0
2026-01-14 11:49:00,7.64,7.64,7.64,7.64,0
2026-01-14 11:50:00,7.64,7.64,7.64,7.64,0
2026-01-14 11:51:00,7.62,7.62,7.61,7.61,3
2026-01-14 11:52:00,7.61,7.61,7.61,7.61,2
2026-01-14 11:53:00,7.61,7.61,7.61,7.61,0
2026-01-14 11:54:00,7.61,7.61,7.6,7.6,2
2026-01-14 11:55:00,7.61,7.61,7.6,7.61,3
2026-01-14 11:56:00,7.61,7.61,7.61,7.61,0
2026-01-14 11:57:00,7.6,7.6,7.6,7.6,1
2026-01-14 11:58:00,7.6,7.6,7.6,7.6,1
2026-01-14 11:59:00,7.6,7.6,7.6,7.6,0
2026-01-14 12:00:00,7.6,7.61,7.6,7.61,9
2026-01-14 12:01:00,7.61,7.61,7.61,7.61,1
2026-01-14 12:02:00,7.61,7.64,7.61,7.64,18
2026-01-14 12:03:00,7.64,7.64,7.63,7.64,5
2026-01-14 12:04:00,7.64,7.64,7.58,7.58,162
2026-01-14 12:05:00,7.59,7.63,7.59,7.63,432
2026-01-14 12:06:00,7.61,7.63,7.61,7.63,6
2026-01-14 12:07:00,7.63,7.63,7.63,7.63,1
2026-01-14 12:08:00,7.62,7.62,7.61,7.62,19
2026-01-14 12:09:00,7.61,7.63,7.61,7.62,4
2026-01-14 12:10:00,7.64,7.64,7.64,7.64,9
2026-01-14 12:11:00,7.64,7.64,7.64,7.64,0
2026-01-14 12:12:00,7.64,7.64,7.64,7.64,0
2026-01-14 12:13:00,7.64,7.64,7.63,7.64,5
2026-01-14 12:14:00,7.64,7.64,7.64,7.64,0
2026-01-14 12:15:00,7.62,7.63,7.62,7.62,5
2026-01-14 12:16:00,7.62,7.62,7.62,7.62,0
2026-01-14 12:17:00,7.64,7.64,7.63,7.64,1
2026-01-14 12:18:00,7.62,7.62,7.6,7.6,17
2026-01-14 12:19:00,7.61,7.62,7.55,7.57,103
2026-01-14 12:20:00,7.57,7.58,7.57,7.58,3
2026-01-14 12:21:00,7.56,7.57,7.55,7.55,25
2026-01-14 12:22:00,7.56,7.56,7.56,7.56,1
2026-01-14 12:23:00,7.56,7.58,7.56,7.57,12
2026-01-14 12:24:00,7.58,7.59,7.57,7.59,3
2026-01-14 12:25:00,7.59,7.59,7.59,7.59,0
2026-01-14 12:26:00,7.59,7.59,7.59,7.59,12
2026-01-14 12:27:00,7.59,7.59,7.59,7.59,1
2026-01-14 12:28:00,7.59,7.6,7.59,7.59,6
2026-01-14 12:29:00,7.6,7.6,7.6,7.6,7
2026-01-14 12:30:00,7.59,7.59,7.59,7.59,3
2026-01-14 12:31:00,7.58,7.59,7.58,7.58,8
2026-01-14 12:32:00,7.58,7.6,7.58,7.59,60
2026-01-14 12:33:00,7.6,7.6,7.6,7.6,1
2026-01-14 12:34:00,7.62,7.62,7.61,7.62,2
2026-01-14 12:35:00,7.61,7.62,7.61,7.61,5
2026-01-14 12:36:00,7.63,7.63,7.63,7.63,6
2026-01-14 12:37:00,7.63,7.63,7.61,7.61,2
2026-01-14 12:38:00,7.63,7.63,7.62,7.63,1
2026-01-14 12:39:00,7.61,7.65,7.61,7.63,3
2026-01-14 12:40:00,7.63,7.63,7.63,7.63,0
2026-01-14 12:41:00,7.63,7.63,7.63,7.63,1
2026-01-14 12:42:00,7.65,7.65,7.65,7.65,10
2026-01-14 12:43:00,7.65,7.65,7.65,7.65,0
2026-01-14 12:44:00,7.68,7.68,7.64,7.67,18
2026-01-14 12:45:00,7.65,7.7,7.64,7.7,21
2026-01-14 12:46:00,7.69,7.72,7.69,7.72,3
2026-01-14 12:47:00,7.72,7.72,7.71,7.71,5
2026-01-14 12:48:00,7.72,7.74,7.71,7.74,11
2026-01-14 12:49:00,7.72,7.72,7.72,7.72,7
2026-01-14 12:50:00,7.71,7.71,7.71,7.71,3
2026-01-14 12:51:00,7.7,7.7,7.68,7.7,3
2026-01-14 12:52:00,7.7,7.7,7.7,7.7,0
2026-01-14 12:53:00,7.69,7.69,7.69,7.69,1
2026-01-14 12:54:00,7.69,7.69,7.69,7.69,0
2026-01-14 12:55:00,7.69,7.69,7.68,7.68,2
2026-01-14 12:56:00,7.69,7.69,7.69,7.69,1
2026-01-14 12:57:00,7.69,7.69,7.69,7.69,4
2026-01-14 12:58:00,7.69,7.69,7.69,7.69,0
2026-01-14 12:59:00,7.69,7.69,7.68,7.68,20
2026-01-14 13:00:00,7.67,7.67,7.67,7.67,1
2026-01-14 13:01:00,7.67,7.67,7.67,7.67,1
2026-01-14 13:02:00,7.67,7.67,7.67,7.67,0
2026-01-14 13:03:00,7.68,7.68,7.68,7.68,1
2026-01-14 13:04:00,7.69,7.71,7.68,7.71,16
2026-01-14 13:05:00,7.71,7.71,7.71,7.71,0
2026-01-14 13:06:00,7.69,7.69,7.68,7.69,1
2026-01-14 13:07:00,7.69,7.69,7.69,7.69,0
2026-01-14 13:08:00,7.72,7.72,7.72,7.72,1
2026-01-14 13:09:00,7.72,7.73,7.72,7.73,52
2026-01-14 13:10:00,7.74,7.74,7.74,7.74,5
2026-01-14 13:11:00,7.75,7.75,7.74,7.74,2
2026-01-14 13:12:00,7.74,7.74,7.73,7.73,3
2026-01-14 13:13:00,7.73,7.75,7.73,7.74,35
2026-01-14 13:14:00,7.74,7.74,7.74,7.74,0
2026-01-14 13:15:00,7.75,7.75,7.74,7.75,228
2026-01-14 13:16:00,7.76,7.76,7.75,7.76,2
2026-01-14 13:17:00,7.73,7.74,7.73,7.73,7
2026-01-14 13:18:00,7.73,7.74,7.71,7.74,14
2026-01-14 13:19:00,7.74,7.74,7.74,7.74,1
2026-01-14 13:20:00,7.74,7.77,7.74,7.77,2
2026-01-14 13:21:00,7.77,7.77,7.77,7.77,0
2026-01-14 13:22:00,7.75,7.75,7.74,7.75,3
2026-01-14 13:23:00,7.75,7.75,7.75,7.75,0
2026-01-14 13:24:00,7.73,7.73,7.73,7.73,37
2026-01-14 13:25:00,7.74,7.74,7.73,7.74,1
2026-01-14 13:26:00,7.74,7.75,7.73,7.74,5
2026-01-14 13:27:00,7.74,7.74,7.74,7.74,0
2026-01-14 13:28:00,7.74,7.74,7.74,7.74,0
2026-01-14 13:29:00,7.74,7.74,7.74,7.74,0
2026-01-14 13:30:00,7.76,7.77,7.75,7.77,17
2026-01-14 13:31:00,7.76,7.77,7.76,7.76,9
2026-01-14 13:32:00,7.77,7.77,7.75,7.76,4
2026-01-14 13:33:00,7.74,7.74,7.74,7.74,7
2026-01-14 13:34:00,7.73,7.74,7.73,7.74,4
2026-01-14 13:35:00,7.74,7.74,7.72,7.72,2
2026-01-14 13:36:00,7.72,7.72,7.72,7.72,0
2026-01-14 13:37:00,7.72,7.72,7.72,7.72,0
2026-01-14 13:38:00,7.73,7.73,7.73,7.73,1
2026-01-14 13:39:00,7.73,7.73,7.73,7.73,0
2026-01-14 13:40:00,7.73,7.73,7.73,7.73,0
2026-01-14 13:41:00,7.69,7.69,7.69,7.69,1
2026-01-14 13:42:00,7.69,7.69,7.69,7.69,0
2026-01-14 13:43:00,7.69,7.69,7.69,7.69,0
2026-01-14 13:44:00,7.69,7.69,7.67,7.67,74
2026-01-14 13:45:00,7.67,7.67,7.67,7.67,3
2026-01-14 13:46:00,7.69,7.69,7.69,7.69,14
2026-01-14 13:47:00,7.69,7.69,7.69,7.69,0
2026-01-14 13:48:00,7.68,7.68,7.67,7.68,1
2026-01-14 13:49:00,7.66,7.66,7.66,7.66,2
2026-01-14 13:50:00,7.66,7.67,7.66,7.67,10
2026-01-14 13:51:00,7.67,7.67,7.67,7.67,4
2026-01-14 13:52:00,7.67,7.67,7.67,7.67,0
2026-01-14 13:53:00,7.68,7.68,7.67,7.68,30
2026-01-14 13:54:00,7.67,7.68,7.67,7.68,20
2026-01-14 13:55:00,7.66,7.68,7.66,7.68,2
2026-01-14 13:56:00,7.68,7.68,7.68,7.68,0
2026-01-14 13:57:00,7.68,7.68,7.66,7.66,7
2026-01-14 13:58:00,7.66,7.66,7.66,7.66,0
2026-01-14 13:59:00,7.65,7.65,7.65,7.65,20
2026-01-14 14:00:00,7.68,7.68,7.66,7.67,34
2026-01-14 14:01:00,7.67,7.67,7.67,7.67,2
2026-01-14 14:02:00,7.65,7.67,7.65,7.67,3
2026-01-14 14:03:00,7.68,7.68,7.68,7.68,1
2026-01-14 14:04:00,7.68,7.68,7.68,7.68,0
2026-01-14 14:05:00,7.68,7.68,7.68,7.68,5
2026-01-14 14:06:00,7.68,7.68,7.68,7.68,10
2026-01-14 14:07:00,7.68,7.69,7.68,7.69,14
2026-01-14 14:08:00,7.7,7.72,7.7,7.72,4
2026-01-14 14:09:00,7.7,7.7,7.7,7.7,6
2026-01-14 14:10:00,7.7,7.7,7.7,7.7,3
2026-01-14 14:11:00,7.7,7.7,7.7,7.7,0
2026-01-14 14:12:00,7.69,7.69,7.69,7.69,1
2026-01-14 14:13:00,7.69,7.69,7.69,7.69,2
2026-01-14 14:14:00,7.7,7.7,7.7,7.7,7
2026-01-14 14:15:00,7.68,7.68,7.68,7.68,1
2026-01-14 14:16:00,7.69,7.69,7.68,7.68,2
2026-01-14 14:17:00,7.68,7.68,7.68,7.68,0
2026-01-14 14:18:00,7.68,7.68,7.68,7.68,0
2026-01-14 14:19:00,7.7,7.7,7.7,7.7,1
2026-01-14 14:20:00,7.69,7.69,7.69,7.69,3
2026-01-14 14:21:00,7.69,7.69,7.69,7.69,0
2026-01-14 14:22:00,7.7,7.7,7.7,7.7,5
2026-01-14 14:23:00,7.7,7.7,7.7,7.7,0
2026-01-14 14:24:00,7.7,7.7,7.69,7.7,1
2026-01-14 14:25:00,7.7,7.7,7.7,7.7,0
2026-01-14 14:26:00,7.7,7.72,7.7,7.7,21
2026-01-14 14:27:00,7.73,7.73,7.72,7.73,2
2026-01-14 14:28:00,7.71,7.71,7.71,7.71,4
2026-01-14 14:29:00,7.71,7.71,7.71,7.71,1
2026-01-14 14:30:00,7.71,7.71,7.71,7.71,1
2026-01-14 14:31:00,7.72,7.72,7.71,7.72,1
2026-01-14 14:32:00,7.72,7.72,7.72,7.72,0
2026-01-14 14:33:00,7.71,7.71,7.71,7.71,1
2026-01-14 14:34:00,7.71,7.71,7.71,7.71,0
2026-01-14 14:35:00,7.71,7.71,7.71,7.71,6
2026-01-14 14:36:00,7.7,7.7,7.7,7.7,1
2026-01-14 14:37:00,7.71,7.71,7.7,7.71,1
2026-01-14 14:38:00,7.71,7.71,7.7,7.71,2
2026-01-14 14:39:00,7.7,7.71,7.7,7.71,30
2026-01-14 14:40:00,7.71,7.71,7.7,7.71,1
2026-01-14 14:41:00,7.7,7.7,7.69,7.7,15
2026-01-14 14:42:00,7.7,7.72,7.69,7.72,44
2026-01-14 14:43:00,7.73,7.73,7.73,7.73,1
2026-01-14 14:44:00,7.73,7.73,7.73,7.73,5
2026-01-14 14:45:00,7.73,7.75,7.73,7.75,14
2026-01-14 14:46:00,7.75,7.76,7.75,7.76,11
2026-01-14 14:47:00,7.77,7.77,7.76,7.77,2
2026-01-14 14:48:00,7.78,7.78,7.77,7.78,4
2026-01-14 14:49:00,7.78,7.78,7.78,7.78,0
2026-01-14 14:50:00,7.78,7.78,7.76,7.76,12
2026-01-14 14:51:00,7.76,7.76,7.76,7.76,0
2026-01-14 14:52:00,7.77,7.77,7.77,7.77,1
2026-01-14 14:53:00,7.77,7.77,7.77,7.77,0
2026-01-14 14:54:00,7.78,7.78,7.77,7.78,3
2026-01-14 14:55:00,7.79,7.79,7.76,7.76,6
2026-01-14 14:56:00,7.74,7.75,7.74,7.75,3
2026-01-14 14:57:00,7.75,7.75,7.74,7.75,1
2026-01-14 14:58:00,7.75,7.75,7.75,7.75,0
2026-01-14 14:59:00,7.75,7.75,7.75,7.75,0
2026-01-14 15:00:00,7.73,7.73,7.73,7.73,4
2026-01-14 15:01:00,7.73,7.73,7.73,7.73,0
2026-01-14 15:02:00,7.74,7.74,7.72,7.72,4
2026-01-14 15:03:00,7.71,7.71,7.7,7.71,29
2026-01-14 15:04:00,7.71,7.71,7.71,7.71,0
2026-01-14 15:05:00,7.72,7.76,7.72,7.76,17
2026-01-14 15:06:00,7.76,7.76,7.76,7.76,0
2026-01-14 15:07:00,7.76,7.78,7.75,7.78,12
2026-01-14 15:08:00,7.77,7.77,7.77,7.77,1
2026-01-14 15:09:00,7.77,7.77,7.77,7.77,0
2026-01-14 15:10:00,7.78,7.78,7.76,7.76,2
2026-01-14 15:11:00,7.76,7.76,7.76,7.76,1
2026-01-14 15:12:00,7.76,7.76,7.76,7.76,0
2026-01-14 15:13:00,7.76,7.76,7.75,7.76,20
2026-01-14 15:14:00,7.76,7.76,7.76,7.76,1
2026-01-14 15:15:00,7.77,7.77,7.77,7.77,6
2026-01-14 15:16:00,7.76,7.76,7.75,7.76,2
2026-01-14 15:17:00,7.76,7.76,7.76,7.76,0
2026-01-14 15:18:00,7.76,7.76,7.76,7.76,0
2026-01-14 15:19:00,7.76,7.76,7.75,7.76,1
2026-01-14 15:20:00,7.76,7.76,7.76,7.76,0
2026-01-14 15:21:00,7.76,7.76,7.76,7.76,0
2026-01-14 15:22:00,7.76,7.76,7.76,7.76,0
2026-01-14 15:23:00,7.76,7.76,7.76,7.76,4
2026-01-14 15:24:00,7.76,7.76,7.75,7.75,3
2026-01-14 15:25:00,7.75,7.75,7.71,7.72,45
2026-01-14 15:26:00,7.74,7.74,7.74,7.74,2
2026-01-14 15:27:00,7.74,7.74,7.74,7.74,1
2026-01-14 15:28:00,7.74,7.76,7.74,7.76,10
2026-01-14 15:29:00,7.76,7.76,7.76,7.76,1
2026-01-14 15:30:00,7.75,7.76,7.75,7.76,8
2026-01-14 15:31:00,7.76,7.76,7.76,7.76,5
2026-01-14 15:32:00,7.76,7.76,7.76,7.76,1
2026-01-14 15:33:00,7.76,7.76,7.76,7.76,0
2026-01-14 15:34:00,7.77,7.77,7.77,7.77,2
2026-01-14 15:35:00,7.77,7.77,7.77,7.77,1
2026-01-14 15:36:00,7.77,7.77,7.76,7.77,2
2026-01-14 15:37:00,7.76,7.77,7.76,7.77,10
2026-01-14 15:38:00,7.78,7.79,7.77,7.78,13
2026-01-14 15:39:00,7.78,7.78,7.77,7.77,4
2026-01-14 15:40:00,7.77,7.77,7.77,7.77,0
2026-01-14 15:41:00,7.77,7.77,7.76,7.77,1
2026-01-14 15:42:00,7.77,7.77,7.77,7.77,0
2026-01-14 15:43:00,7.76,7.76,7.75,7.75,2
2026-01-14 15:44:00,7.75,7.75,7.75,7.75,3
2026-01-14 15:45:00,7.76,7.76,7.75,7.75,2
2026-01-14 15:46:00,7.76,7.76,7.75,7.76,14
2026-01-14 15:47:00,7.76,7.76,7.75,7.76,3
2026-01-14 15:48:00,7.76,7.76,7.75,7.76,6
2026-01-14 15:49:00,7.76,7.76,7.76,7.76,0
2026-01-14 15:50:00,7.77,7.77,7.77,7.77,10
2026-01-14 15:51:00,7.77,7.79,7.76,7.77,29
2026-01-14 15:52:00,7.77,7.77,7.75,7.75,16
2026-01-14 15:53:00,7.74,7.76,7.74,7.76,8
2026-01-14 15:54:00,7.76,7.76,7.74,7.75,8
2026-01-14 15:55:00,7.74,7.77,7.74,7.77,60
2026-01-14 15:56:00,7.76,7.76,7.72,7.72,67
2026-01-14 15:57:00,7.73,7.73,7.7,7.73,83
2026-01-14 15:58:00,7.73,7.74,7.72,7.73,57
2026-01-14 15:59:00,7.73,7.74,7.71,7.73,156
2026-01-15 09:30:00,7.78,7.78,7.76,7.78,62
2026-01-15 09:31:00,7.8,7.82,7.75,7.77,38
2026-01-15 09:32:00,7.73,7.73,7.68,7.68,16
2026-01-15 09:33:00,7.69,7.69,7.68,7.69,1
2026-01-15 09:34:00,7.69,7.69,7.65,7.65,37
2026-01-15 09:35:00,7.67,7.68,7.64,7.64,14
2026-01-15 09:36:00,7.63,7.63,7.56,7.57,9
2026-01-15 09:37:00,7.58,7.58,7.57,7.58,1
2026-01-15 09:38:00,7.57,7.57,7.55,7.55,5
2026-01-15 09:39:00,7.55,7.55,7.53,7.53,7
2026-01-15 09:40:00,7.52,7.54,7.52,7.54,12
2026-01-15 09:41:00,7.54,7.54,7.54,7.54,0
2026-01-15 09:42:00,7.57,7.57,7.54,7.54,2
2026-01-15 09:43:00,7.56,7.57,7.56,7.56,11
2026-01-15 09:44:00,7.54,7.54,7.53,7.53,6
2026-01-15 09:45:00,7.54,7.54,7.52,7.53,12
2026-01-15 09:46:00,7.53,7.53,7.51,7.52,6
2026-01-15 09:47:00,7.53,7.53,7.52,7.53,13
2026-01-15 09:48:00,7.54,7.54,7.54,7.54,1
2026-01-15 09:49:00,7.53,7.6,7.53,7.57,41
2026-01-15 09:50:00,7.59,7.6,7.56,7.56,4
2026-01-15 09:51:00,7.56,7.56,7.56,7.56,0
2026-01-15 09:52:00,7.55,7.55,7.55,7.55,1
2026-01-15 09:53:00,7.56,7.56,7.56,7.56,1
2026-01-15 09:54:00,7.61,7.61,7.61,7.61,1
2026-01-15 09:55:00,7.61,7.61,7.56,7.56,3
2026-01-15 09:56:00,7.55,7.55,7.55,7.55,1
2026-01-15 09:57:00,7.56,7.56,7.53,7.53,35
2026-01-15 09:58:00,7.53,7.53,7.51,7.51,13
2026-01-15 09:59:00,7.51,7.52,7.5,7.52,7
2026-01-15 10:00:00,7.52,7.52,7.52,7.52,0
2026-01-15 10:01:00,7.53,7.54,7.52,7.54,10
2026-01-15 10:02:00,7.52,7.57,7.52,7.57,28
2026-01-15 10:03:00,7.54,7.54,7.52,7.52,5
2026-01-15 10:04:00,7.52,7.52,7.5,7.51,126
2026-01-15 10:05:00,7.48,7.48,7.48,7.48,1
2026-01-15 10:06:00,7.48,7.48,7.46,7.46,3
2026-01-15 10:07:00,7.47,7.47,7.47,7.47,9
2026-01-15 10:08:00,7.48,7.48,7.48,7.48,55
2026-01-15 10:09:00,7.48,7.48,7.48,7.48,0
2026-01-15 10:10:00,7.48,7.48,7.48,7.48,0
2026-01-15 10:11:00,7.47,7.47,7.45,7.45,36
2026-01-15 10:12:00,7.48,7.48,7.48,7.48,1
2026-01-15 10:13:00,7.48,7.48,7.47,7.48,9
2026-01-15 10:14:00,7.48,7.48,7.48,7.48,0
2026-01-15 10:15:00,7.47,7.47,7.47,7.47,1
2026-01-15 10:16:00,7.47,7.47,7.47,7.47,1
2026-01-15 10:17:00,7.47,7.47,7.47,7.47,0
2026-01-15 10:18:00,7.47,7.47,7.47,7.47,0
2026-01-15 10:19:00,7.5,7.52,7.49,7.52,58
2026-01-15 10:20:00,7.53,7.53,7.52,7.53,30
2026-01-15 10:21:00,7.49,7.5,7.49,7.49,2
2026-01-15 10:22:00,7.49,7.49,7.49,7.49,0
2026-01-15 10:23:00,7.49,7.49,7.49,7.49,0
2026-01-15 10:24:00,7.49,7.49,7.48,7.49,3
2026-01-15 10:25:00,7.49,7.49,7.49,7.49,0
2026-01-15 10:26:00,7.49,7.49,7.49,7.49,1
2026-01-15 10:27:00,7.49,7.49,7.49,7.49,0
2026-01-15 10:28:00,7.49,7.49,7.49,7.49,0
2026-01-15 10:29:00,7.49,7.49,7.49,7.49,0
2026-01-15 10:30:00,7.49,7.49,7.49,7.49,0
2026-01-15 10:31:00,7.49,7.49,7.49,7.49,0
2026-01-15 10:32:00,7.49,7.49,7.49,7.49,5
2026-01-15 10:33:00,7.49,7.49,7.49,7.49,0
2026-01-15 10:34:00,7.51,7.51,7.51,7.51,2
2026-01-15 10:35:00,7.51,7.51,7.51,7.51,0
2026-01-15 10:36:00,7.53,7.53,7.53,7.53,1
2026-01-15 10:37:00,7.53,7.53,7.53,7.53,1
2026-01-15 10:38:00,7.54,7.54,7.53,7.54,5
2026-01-15 10:39:00,7.51,7.51,7.51,7.51,2
2026-01-15 10:40:00,7.51,7.51,7.51,7.51,0
2026-01-15 10:41:00,7.51,7.51,7.51,7.51,0
2026-01-15 10:42:00,7.51,7.51,7.51,7.51,0
2026-01-15 10:43:00,7.56,7.56,7.54,7.54,11
2026-01-15 10:44:00,7.53,7.55,7.53,7.54,16
2026-01-15 10:45:00,7.54,7.55,7.54,7.54,3
2026-01-15 10:46:00,7.53,7.55,7.53,7.55,20
2026-01-15 10:47:00,7.54,7.54,7.54,7.54,1
2026-01-15 10:48:00,7.55,7.55,7.55,7.55,4
2026-01-15 10:49:00,7.54,7.55,7.54,7.54,5
2026-01-15 10:50:00,7.54,7.54,7.54,7.54,0
2026-01-15 10:51:00,7.55,7.55,7.55,7.55,13
2026-01-15 10:52:00,7.57,7.58,7.57,7.58,5
2026-01-15 10:53:00,7.58,7.58,7.58,7.58,0
2026-01-15 10:54:00,7.58,7.58,7.57,7.57,2
2026-01-15 10:55:00,7.58,7.58,7.58,7.58,1
2026-01-15 10:56:00,7.57,7.57,7.57,7.57,1
2026-01-15 10:57:00,7.57,7.57,7.57,7.57,0
2026-01-15 10:58:00,7.57,7.57,7.57,7.57,2
2026-01-15 10:59:00,7.58,7.58,7.57,7.58,2
2026-01-15 11:00:00,7.59,7.6,7.59,7.6,10
2026-01-15 11:01:00,7.6,7.6,7.6,7.6,0
2026-01-15 11:02:00,7.57,7.57,7.57,7.57,2
2026-01-15 11:03:00,7.57,7.57,7.57,7.57,0
2026-01-15 11:04:00,7.57,7.57,7.57,7.57,0
2026-01-15 11:05:00,7.62,7.62,7.62,7.62,1
2026-01-15 11:06:00,7.63,7.63,7.59,7.61,13
2026-01-15 11:07:00,7.6,7.6,7.58,7.58,16
2026-01-15 11:08:00,7.58,7.58,7.58,7.58,0
2026-01-15 11:09:00,7.58,7.61,7.58,7.61,5
2026-01-15 11:10:00,7.61,7.61,7.61,7.61,0
2026-01-15 11:11:00,7.61,7.61,7.61,7.61,0
2026-01-15 11:12:00,7.63,7.63,7.63,7.63,2
2026-01-15 11:13:00,7.63,7.63,7.63,7.63,0
2026-01-15 11:14:00,7.64,7.65,7.61,7.61,4
2026-01-15 11:15:00,7.63,7.63,7.63,7.63,1
2026-01-15 11:16:00,7.63,7.63,7.63,7.63,0
2026-01-15 11:17:00,7.63,7.63,7.6,7.61,11
2026-01-15 11:18:00,7.64,7.64,7.63,7.64,4
2026-01-15 11:19:00,7.64,7.64,7.64,7.64,0
2026-01-15 11:20:00,7.64,7.64,7.64,7.64,0
2026-01-15 11:21:00,7.66,7.66,7.66,7.66,1
2026-01-15 11:22:00,7.66,7.66,7.65,7.66,2
2026-01-15 11:23:00,7.65,7.65,7.64,7.64,8
2026-01-15 11:24:00,7.65,7.65,7.65,7.65,1
2026-01-15 11:25:00,7.64,7.65,7.64,7.64,10
2026-01-15 11:26:00,7.64,7.64,7.64,7.64,0
2026-01-15 11:27:00,7.64,7.64,7.64,7.64,0
2026-01-15 11:28:00,7.64,7.64,7.64,7.64,0
2026-01-15 11:29:00,7.64,7.64,7.64,7.64,0
2026-01-15 11:30:00,7.64,7.64,7.64,7.64,1
2026-01-15 11:31:00,7.64,7.64,7.64,7.64,0
2026-01-15 11:32:00,7.64,7.64,7.64,7.64,0
2026-01-15 11:33:00,7.64,7.64,7.64,7.64,0
2026-01-15 11:34:00,7.65,7.65,7.65,7.65,1
2026-01-15 11:35:00,7.64,7.66,7.64,7.66,6
2026-01-15 11:36:00,7.66,7.66,7.66,7.66,0
2026-01-15 11:37:00,7.67,7.67,7.67,7.67,5
2026-01-15 11:38:00,7.67,7.67,7.67,7.67,0
2026-01-15 11:39:00,7.67,7.67,7.67,7.67,0
2026-01-15 11:40:00,7.67,7.67,7.67,7.67,0
2026-01-15 11:41:00,7.7,7.72,7.7,7.71,4
2026-01-15 11:42:00,7.7,7.73,7.7,7.73,33
2026-01-15 11:43:00,7.71,7.71,7.71,7.71,5
2026-01-15 11:44:00,7.71,7.72,7.7,7.72,88
2026-01-15 11:45:00,7.72,7.72,7.71,7.72,2
2026-01-15 11:46:00,7.71,7.72,7.71,7.72,12
2026-01-15 11:47:00,7.72,7.72,7.72,7.72,0
2026-01-15 11:48:00,7.72,7.72,7.72,7.72,2
2026-01-15 11:49:00,7.72,7.72,7.72,7.72,0
2026-01-15 11:50:00,7.72,7.72,7.72,7.72,0
2026-01-15 11:51:00,7.72,7.72,7.72,7.72,0
2026-01-15 11:52:00,7.71,7.71,7.71,7.71,3
2026-01-15 11:53:00,7.7,7.73,7.7,7.73,25
2026-01-15 11:54:00,7.73,7.73,7.73,7.73,0
2026-01-15 11:55:00,7.73,7.73,7.73,7.73,1
2026-01-15 11:56:00,7.73,7.73,7.73,7.73,0
2026-01-15 11:57:00,7.72,7.72,7.72,7.72,2
2026-01-15 11:58:00,7.72,7.72,7.71,7.71,13
2026-01-15 11:59:00,7.72,7.72,7.71,7.71,2
2026-01-15 12:00:00,7.71,7.71,7.71,7.71,5
2026-01-15 12:01:00,7.7,7.7,7.7,7.7,2
2026-01-15 12:02:00,7.7,7.7,7.65,7.67,108
2026-01-15 12:03:00,7.67,7.67,7.67,7.67,0
2026-01-15 12:04:00,7.7,7.7,7.7,7.7,2
2026-01-15 12:05:00,7.7,7.7,7.68,7.68,5
2026-01-15 12:06:00,7.68,7.68,7.68,7.68,0
2026-01-15 12:07:00,7.68,7.68,7.68,7.68,0
2026-01-15 12:08:00,7.65,7.65,7.62,7.65,61
2026-01-15 12:09:00,7.65,7.66,7.64,7.66,5
2026-01-15 12:10:00,7.65,7.65,7.64,7.65,4
2026-01-15 12:11:00,7.65,7.65,7.65,7.65,1
2026-01-15 12:12:00,7.66,7.66,7.66,7.66,2
2026-01-15 12:13:00,7.64,7.65,7.64,7.65,4
2026-01-15 12:14:00,7.64,7.64,7.64,7.64,1
2026-01-15 12:15:00,7.63,7.63,7.63,7.63,7
2026-01-15 12:16:00,7.63,7.64,7.62,7.64,3
2026-01-15 12:17:00,7.64,7.64,7.64,7.64,0
2026-01-15 12:18:00,7.65,7.66,7.65,7.66,3
2026-01-15 12:19:00,7.68,7.68,7.67,7.68,12
2026-01-15 12:20:00,7.68,7.68,7.68,7.68,0
2026-01-15 12:21:00,7.66,7.66,7.66,7.66,1
2026-01-15 12:22:00,7.66,7.66,7.66,7.66,0
2026-01-15 12:23:00,7.66,7.66,7.66,7.66,0
2026-01-15 12:24:00,7.66,7.66,7.66,7.66,2
2026-01-15 12:25:00,7.66,7.66,7.66,7.66,0
2026-01-15 12:26:00,7.66,7.66,7.66,7.66,1
2026-01-15 12:27:00,7.66,7.66,7.66,7.66,1
2026-01-15 12:28:00,7.66,7.66,7.66,7.66,0
2026-01-15 12:29:00,7.66,7.66,7.66,7.66,0
2026-01-15 12:30:00,7.66,7.66,7.66,7.66,0
2026-01-15 12:31:00,7.66,7.66,7.66,7.66,0
2026-01-15 12:32:00,7.66,7.66,7.66,7.66,0
2026-01-15 12:33:00,7.66,7.66,7.66,7.66,0
2026-01-15 12:34:00,7.66,7.66,7.66,7.66,0
2026-01-15 12:35:00,7.66,7.66,7.65,7.65,2
2026-01-15 12:36:00,7.65,7.65,7.65,7.65,0
2026-01-15 12:37:00,7.65,7.65,7.65,7.65,0
2026-01-15 12:38:00,7.67,7.67,7.66,7.67,3
2026-01-15 12:39:00,7.64,7.65,7.64,7.65,2
2026-01-15 12:40:00,7.65,7.65,7.65,7.65,0
2026-01-15 12:41:00,7.65,7.65,7.65,7.65,0
2026-01-15 12:42:00,7.64,7.64,7.64,7.64,2
2026-01-15 12:43:00,7.64,7.64,7.64,7.64,0
2026-01-15 12:44:00,7.64,7.64,7.64,7.64,0
2026-01-15 12:45:00,7.64,7.64,7.64,7.64,2
2026-01-15 12:46:00,7.64,7.65,7.64,7.64,1
2026-01-15 12:47:00,7.64,7.64,7.64,7.64,0
2026-01-15 12:48:00,7.66,7.66,7.66,7.66,1
2026-01-15 12:49:00,7.64,7.64,7.62,7.63,7
2026-01-15 12:50:00,7.63,7.63,7.63,7.63,0
2026-01-15 12:51:00,7.63,7.63,7.63,7.63,0
2026-01-15 12:52:00,7.63,7.64,7.63,7.64,9
2026-01-15 12:53:00,7.62,7.62,7.62,7.62,2
2026-01-15 12:54:00,7.62,7.62,7.61,7.62,13
2026-01-15 12:55:00,7.61,7.61,7.61,7.61,4
2026-01-15 12:56:00,7.61,7.61,7.61,7.61,0
2026-01-15 12:57:00,7.61,7.61,7.61,7.61,0
2026-01-15 12:58:00,7.6,7.6,7.6,7.6,2
2026-01-15 12:59:00,7.6,7.6,7.6,7.6,0
2026-01-15 13:00:00,7.6,7.6,7.6,7.6,0
2026-01-15 13:01:00,7.6,7.6,7.59,7.6,20
2026-01-15 13:02:00,7.61,7.61,7.61,7.61,4
2026-01-15 13:03:00,7.61,7.61,7.6,7.61,26
2026-01-15 13:04:00,7.61,7.61,7.61,7.61,0
2026-01-15 13:05:00,7.61,7.61,7.6,7.61,1
2026-01-15 13:06:00,7.61,7.61,7.61,7.61,10
2026-01-15 13:07:00,7.61,7.61,7.61,7.61,0
2026-01-15 13:08:00,7.61,7.61,7.6,7.6,5
2026-01-15 13:09:00,7.6,7.6,7.59,7.59,10
2026-01-15 13:10:00,7.59,7.59,7.59,7.59,0
2026-01-15 13:11:00,7.59,7.59,7.59,7.59,0
2026-01-15 13:12:00,7.59,7.59,7.59,7.59,0
2026-01-15 13:13:00,7.61,7.61,7.61,7.61,10
2026-01-15 13:14:00,7.61,7.61,7.61,7.61,6
2026-01-15 13:15:00,7.61,7.61,7.61,7.61,0
2026-01-15 13:16:00,7.61,7.61,7.61,7.61,0
2026-01-15 13:17:00,7.59,7.59,7.59,7.59,4
2026-01-15 13:18:00,7.59,7.59,7.59,7.59,0
2026-01-15 13:19:00,7.59,7.59,7.59,7.59,0
2026-01-15 13:20:00,7.59,7.59,7.58,7.59,1
2026-01-15 13:21:00,7.59,7.6,7.59,7.6,7
2026-01-15 13:22:00,7.6,7.6,7.6,7.6,0
2026-01-15 13:23:00,7.6,7.6,7.6,7.6,0
2026-01-15 13:24:00,7.6,7.6,7.6,7.6,0
2026-01-15 13:25:00,7.6,7.6,7.6,7.6,3
2026-01-15 13:26:00,7.6,7.6,7.6,7.6,0
2026-01-15 13:27:00,7.6,7.6,7.6,7.6,0
2026-01-15 13:28:00,7.6,7.6,7.6,7.6,1
2026-01-15 13:29:00,7.6,7.6,7.6,7.6,0
2026-01-15 13:30:00,7.6,7.6,7.6,7.6,0
2026-01-15 13:31:00,7.6,7.6,7.6,7.6,0
2026-01-15 13:32:00,7.61,7.61,7.61,7.61,1
2026-01-15 13:33:00,7.62,7.62,7.61,7.62,1
2026-01-15 13:34:00,7.61,7.61,7.6,7.6,2
2026-01-15 13:35:00,7.6,7.6,7.6,7.6,0
2026-01-15 13:36:00,7.6,7.6,7.6,7.6,0
2026-01-15 13:37:00,7.62,7.62,7.61,7.62,2
2026-01-15 13:38:00,7.62,7.62,7.62,7.62,6
2026-01-15 13:39:00,7.62,7.62,7.62,7.62,0
2026-01-15 13:40:00,7.62,7.62,7.62,7.62,0
2026-01-15 13:41:00,7.62,7.62,7.62,7.62,0
2026-01-15 13:42:00,7.62,7.62,7.62,7.62,0
2026-01-15 13:43:00,7.62,7.62,7.62,7.62,0
2026-01-15 13:44:00,7.62,7.62,7.62,7.62,0
2026-01-15 13:45:00,7.62,7.62,7.62,7.62,0
2026-01-15 13:46:00,7.62,7.62,7.62,7.62,0
2026-01-15 13:47:00,7.62,7.62,7.62,7.62,0
2026-01-15 13:48:00,7.62,7.62,7.62,7.62,0
2026-01-15 13:49:00,7.66,7.66,7.66,7.66,3
2026-01-15 13:50:00,7.67,7.69,7.67,7.69,38
2026-01-15 13:51:00,7.69,7.7,7.69,7.69,18
2026-01-15 13:52:00,7.71,7.71,7.71,7.71,4
2026-01-15 13:53:00,7.71,7.73,7.71,7.73,2
2026-01-15 13:54:00,7.73,7.73,7.73,7.73,0
2026-01-15 13:55:00,7.73,7.73,7.73,7.73,0
2026-01-15 13:56:00,7.73,7.73,7.73,7.73,0
2026-01-15 13:57:00,7.71,7.71,7.71,7.71,1
2026-01-15 13:58:00,7.71,7.71,7.71,7.71,1
2026-01-15 13:59:00,7.71,7.71,7.71,7.71,0
2026-01-15 14:00:00,7.71,7.71,7.71,7.71,0
2026-01-15 14:01:00,7.71,7.71,7.71,7.71,0
2026-01-15 14:02:00,7.71,7.71,7.71,7.71,1
2026-01-15 14:03:00,7.71,7.71,7.71,7.71,0
2026-01-15 14:04:00,7.71,7.71,7.71,7.71,1
2026-01-15 14:05:00,7.71,7.71,7.71,7.71,5
2026-01-15 14:06:00,7.71,7.71,7.71,7.71,0
2026-01-15 14:07:00,7.71,7.71,7.71,7.71,0
2026-01-15 14:08:00,7.71,7.71,7.71,7.71,0
2026-01-15 14:09:00,7.71,7.71,7.71,7.71,0
2026-01-15 14:10:00,7.71,7.71,7.71,7.71,0
2026-01-15 14:11:00,7.7,7.7,7.7,7.7,1
2026-01-15 14:12:00,7.72,7.73,7.72,7.72,1
2026-01-15 14:13:00,7.72,7.72,7.72,7.72,0
2026-01-15 14:14:00,7.73,7.73,7.71,7.73,7
2026-01-15 14:15:00,7.73,7.73,7.73,7.73,0
2026-01-15 14:16:00,7.72,7.72,7.71,7.72,2
2026-01-15 14:17:00,7.73,7.76,7.73,7.76,11
2026-01-15 14:18:00,7.76,7.76,7.76,7.76,0
2026-01-15 14:19:00,7.73,7.77,7.73,7.77,36
2026-01-15 14:20:00,7.77,7.77,7.77,7.77,0
2026-01-15 14:21:00,7.77,7.77,7.77,7.77,0
2026-01-15 14:22:00,7.77,7.77,7.77,7.77,0
2026-01-15 14:23:00,7.75,7.75,7.74,7.75,7
2026-01-15 14:24:00,7.73,7.73,7.73,7.73,1
2026-01-15 14:25:00,7.72,7.73,7.71,7.71,15
2026-01-15 14:26:00,7.7,7.7,7.69,7.7,7
2026-01-15 14:27:00,7.7,7.7,7.7,7.7,0
2026-01-15 14:28:00,7.71,7.71,7.71,7.71,1
2026-01-15 14:29:00,7.71,7.71,7.71,7.71,0
2026-01-15 14:30:00,7.71,7.71,7.68,7.68,21
2026-01-15 14:31:00,7.68,7.68,7.67,7.67,5
2026-01-15 14:32:00,7.67,7.67,7.66,7.66,20
2026-01-15 14:33:00,7.66,7.66,7.66,7.66,0
2026-01-15 14:34:00,7.66,7.66,7.65,7.66,4
2026-01-15 14:35:00,7.66,7.66,7.65,7.66,2
2026-01-15 14:36:00,7.65,7.65,7.65,7.65,2
2026-01-15 14:37:00,7.66,7.66,7.65,7.66,17
2026-01-15 14:38:00,7.66,7.66,7.66,7.66,0
2026-01-15 14:39:00,7.64,7.65,7.64,7.64,14
2026-01-15 14:40:00,7.64,7.64,7.64,7.64,0
2026-01-15 14:41:00,7.64,7.64,7.64,7.64,0
2026-01-15 14:42:00,7.65,7.67,7.65,7.67,3
2026-01-15 14:43:00,7.67,7.67,7.67,7.67,0
2026-01-15 14:44:00,7.67,7.67,7.67,7.67,0
2026-01-15 14:45:00,7.65,7.65,7.65,7.65,2
2026-01-15 14:46:00,7.63,7.63,7.61,7.62,6
2026-01-15 14:47:00,7.62,7.62,7.62,7.62,0
2026-01-15 14:48:00,7.62,7.62,7.62,7.62,0
2026-01-15 14:49:00,7.65,7.65,7.65,7.65,1
2026-01-15 14:50:00,7.65,7.65,7.65,7.65,0
2026-01-15 14:51:00,7.65,7.65,7.65,7.65,0
2026-01-15 14:52:00,7.65,7.65,7.64,7.65,19
2026-01-15 14:53:00,7.65,7.65,7.65,7.65,0
2026-01-15 14:54:00,7.63,7.64,7.62,7.62,3
2026-01-15 14:55:00,7.62,7.62,7.62,7.62,1
2026-01-15 14:56:00,7.61,7.61,7.61,7.61,2
2026-01-15 14:57:00,7.61,7.61,7.61,7.61,2
2026-01-15 14:58:00,7.62,7.62,7.62,7.62,2
2026-01-15 14:59:00,7.62,7.62,7.62,7.62,0
2026-01-15 15:00:00,7.62,7.62,7.61,7.62,1
2026-01-15 15:01:00,7.62,7.62,7.62,7.62,0
2026-01-15 15:02:00,7.6,7.61,7.6,7.61,3
2026-01-15 15:03:00,7.61,7.61,7.61,7.61,13
2026-01-15 15:04:00,7.61,7.61,7.61,7.61,1
2026-01-15 15:05:00,7.61,7.61,7.61,7.61,2
2026-01-15 15:06:00,7.61,7.62,7.61,7.62,2
2026-01-15 15:07:00,7.62,7.62,7.62,7.62,0
2026-01-15 15:08:00,7.62,7.62,7.61,7.62,15
2026-01-15 15:09:00,7.62,7.62,7.61,7.62,1
2026-01-15 15:10:00,7.62,7.63,7.62,7.62,11
2026-01-15 15:11:00,7.63,7.64,7.62,7.64,7
2026-01-15 15:12:00,7.65,7.65,7.65,7.65,1
2026-01-15 15:13:00,7.65,7.65,7.65,7.65,0
2026-01-15 15:14:00,7.64,7.65,7.64,7.65,5
2026-01-15 15:15:00,7.65,7.65,7.65,7.65,0
2026-01-15 15:16:00,7.64,7.64,7.64,7.64,3
2026-01-15 15:17:00,7.64,7.64,7.64,7.64,1
2026-01-15 15:18:00,7.63,7.64,7.61,7.61,9
2026-01-15 15:19:00,7.6,7.6,7.59,7.59,9
2026-01-15 15:20:00,7.57,7.57,7.57,7.57,1
2026-01-15 15:21:00,7.59,7.59,7.59,7.59,1
2026-01-15 15:22:00,7.57,7.57,7.57,7.57,1
2026-01-15 15:23:00,7.6,7.6,7.58,7.58,11
2026-01-15 15:24:00,7.58,7.58,7.58,7.58,0
2026-01-15 15:25:00,7.58,7.58,7.56,7.57,17
2026-01-15 15:26:00,7.57,7.57,7.57,7.57,0
2026-01-15 15:27:00,7.58,7.58,7.58,7.58,9
2026-01-15 15:28:00,7.58,7.58,7.58,7.58,0
2026-01-15 15:29:00,7.58,7.58,7.57,7.58,21
2026-01-15 15:30:00,7.58,7.59,7.58,7.59,10
2026-01-15 15:31:00,7.57,7.6,7.57,7.58,7
2026-01-15 15:32:00,7.6,7.6,7.59,7.6,2
2026-01-15 15:33:00,7.6,7.6,7.57,7.58,17
2026-01-15 15:34:00,7.58,7.58,7.57,7.58,2
2026-01-15 15:35:00,7.58,7.58,7.58,7.58,1
2026-01-15 15:36:00,7.59,7.6,7.57,7.58,25
2026-01-15 15:37:00,7.58,7.58,7.57,7.58,5
2026-01-15 15:38:00,7.58,7.58,7.57,7.58,7
2026-01-15 15:39:00,7.58,7.59,7.58,7.59,10
2026-01-15 15:40:00,7.59,7.6,7.59,7.6,4
2026-01-15 15:41:00,7.6,7.6,7.6,7.6,7
2026-01-15 15:42:00,7.6,7.6,7.6,7.6,0
2026-01-15 15:43:00,7.61,7.61,7.61,7.61,1
2026-01-15 15:44:00,7.6,7.6,7.59,7.6,35
2026-01-15 15:45:00,7.6,7.6,7.59,7.6,2
2026-01-15 15:46:00,7.59,7.59,7.58,7.59,8
2026-01-15 15:47:00,7.59,7.59,7.58,7.59,5
2026-01-15 15:48:00,7.59,7.59,7.58,7.58,30
2026-01-15 15:49:00,7.58,7.58,7.58,7.58,4
2026-01-15 15:50:00,7.58,7.61,7.58,7.61,48
2026-01-15 15:51:00,7.61,7.61,7.61,7.61,5
2026-01-15 15:52:00,7.6,7.6,7.59,7.6,9
2026-01-15 15:53:00,7.6,7.6,7.59,7.6,17
2026-01-15 15:54:00,7.6,7.6,7.58,7.58,31
2026-01-15 15:55:00,7.58,7.59,7.57,7.58,44
2026-01-15 15:56:00,7.58,7.59,7.58,7.58,24
2026-01-15 15:57:00,7.58,7.58,7.57,7.57,34
2026-01-15 15:58:00,7.56,7.6,7.56,7.6,93
2026-01-15 15:59:00,7.6,7.62,7.59,7.61,92
2026-01-16 09:30:00,7.6,7.65,7.55,7.64,172
2026-01-16 09:31:00,7.64,7.7,7.62,7.7,19
2026-01-16 09:32:00,7.65,7.69,7.65,7.69,6
2026-01-16 09:33:00,7.66,7.66,7.65,7.65,2
2026-01-16 09:34:00,7.65,7.65,7.65,7.65,0
2026-01-16 09:35:00,7.65,7.65,7.65,7.65,0
2026-01-16 09:36:00,7.63,7.63,7.61,7.61,9
2026-01-16 09:37:00,7.6,7.6,7.6,7.6,1
2026-01-16 09:38:00,7.6,7.6,7.58,7.6,7
2026-01-16 09:39:00,7.6,7.63,7.59,7.63,17
2026-01-16 09:40:00,7.63,7.63,7.63,7.63,0
2026-01-16 09:41:00,7.6,7.6,7.58,7.58,7
2026-01-16 09:42:00,7.58,7.58,7.58,7.58,0
2026-01-16 09:43:00,7.56,7.57,7.56,7.57,12
2026-01-16 09:44:00,7.53,7.54,7.53,7.53,1
2026-01-16 09:45:00,7.53,7.53,7.53,7.53,0
2026-01-16 09:46:00,7.58,7.62,7.58,7.62,59
2026-01-16 09:47:00,7.62,7.62,7.62,7.62,0
2026-01-16 09:48:00,7.62,7.62,7.61,7.61,66
2026-01-16 09:49:00,7.63,7.64,7.61,7.63,7
2026-01-16 09:50:00,7.63,7.63,7.63,7.63,0
2026-01-16 09:51:00,7.63,7.64,7.62,7.64,2
2026-01-16 09:52:00,7.64,7.67,7.64,7.66,13
2026-01-16 09:53:00,7.65,7.65,7.64,7.65,1
2026-01-16 09:54:00,7.62,7.62,7.62,7.62,1
2026-01-16 09:55:00,7.62,7.62,7.61,7.61,5
2026-01-16 09:56:00,7.61,7.61,7.61,7.61,0
2026-01-16 09:57:00,7.6,7.6,7.6,7.6,1
2026-01-16 09:58:00,7.62,7.62,7.62,7.62,26
2026-01-16 09:59:00,7.62,7.62,7.62,7.62,0
2026-01-16 10:00:00,7.62,7.62,7.62,7.62,0
2026-01-16 10:01:00,7.63,7.63,7.63,7.63,5
2026-01-16 10:02:00,7.63,7.63,7.63,7.63,0
2026-01-16 10:03:00,7.63,7.63,7.63,7.63,0
2026-01-16 10:04:00,7.66,7.67,7.66,7.66,1
2026-01-16 10:05:00,7.7,7.73,7.7,7.72,12
2026-01-16 10:06:00,7.74,7.74,7.73,7.74,1
2026-01-16 10:07:00,7.73,7.73,7.71,7.71,13
2026-01-16 10:08:00,7.71,7.71,7.71,7.71,0
2026-01-16 10:09:00,7.7,7.7,7.66,7.67,8
2026-01-16 10:10:00,7.67,7.67,7.67,7.67,0
2026-01-16 10:11:00,7.67,7.7,7.64,7.7,18
2026-01-16 10:12:00,7.7,7.7,7.7,7.7,0
2026-01-16 10:13:00,7.73,7.73,7.73,7.73,1
2026-01-16 10:14:00,7.73,7.73,7.73,7.73,0
2026-01-16 10:15:00,7.74,7.74,7.74,7.74,20
2026-01-16 10:16:00,7.68,7.7,7.68,7.7,28
2026-01-16 10:17:00,7.7,7.72,7.69,7.7,7
2026-01-16 10:18:00,7.7,7.72,7.69,7.72,4
2026-01-16 10:19:00,7.72,7.72,7.72,7.72,0
2026-01-16 10:20:00,7.74,7.74,7.73,7.74,5
2026-01-16 10:21:00,7.69,7.69,7.69,7.69,1
2026-01-16 10:22:00,7.72,7.72,7.71,7.72,1
2026-01-16 10:23:00,7.69,7.69,7.67,7.69,16
2026-01-16 10:24:00,7.68,7.68,7.68,7.68,1
2026-01-16 10:25:00,7.68,7.72,7.68,7.72,35
2026-01-16 10:26:00,7.7,7.7,7.68,7.69,3
2026-01-16 10:27:00,7.69,7.69,7.69,7.69,0
2026-01-16 10:28:00,7.72,7.72,7.72,7.72,1
2026-01-16 10:29:00,7.72,7.73,7.72,7.73,6
2026-01-16 10:30:00,7.73,7.73,7.73,7.73,0
2026-01-16 10:31:00,7.73,7.73,7.73,7.73,0
2026-01-16 10:32:00,7.71,7.71,7.67,7.67,9
2026-01-16 10:33:00,7.63,7.64,7.62,7.62,7
2026-01-16 10:34:00,7.61,7.61,7.61,7.61,1
2026-01-16 10:35:00,7.61,7.61,7.6,7.61,4
2026-01-16 10:36:00,7.61,7.61,7.61,7.61,0
2026-01-16 10:37:00,7.58,7.62,7.58,7.59,23
2026-01-16 10:38:00,7.61,7.61,7.57,7.58,27
2026-01-16 10:39:00,7.58,7.58,7.58,7.58,0
2026-01-16 10:40:00,7.61,7.61,7.61,7.61,25
2026-01-16 10:41:00,7.58,7.58,7.56,7.56,3
2026-01-16 10:42:00,7.56,7.56,7.56,7.56,2
2026-01-16 10:43:00,7.59,7.59,7.58,7.59,4
2026-01-16 10:44:00,7.59,7.59,7.59,7.59,0
2026-01-16 10:45:00,7.56,7.56,7.56,7.56,1
2026-01-16 10:46:00,7.59,7.62,7.59,7.62,26
2026-01-16 10:47:00,7.62,7.62,7.6,7.61,2
2026-01-16 10:48:00,7.61,7.61,7.61,7.61,0
2026-01-16 10:49:00,7.62,7.62,7.6,7.61,8
2026-01-16 10:50:00,7.61,7.61,7.6,7.61,1
2026-01-16 10:51:00,7.59,7.59,7.56,7.57,8
2026-01-16 10:52:00,7.57,7.57,7.57,7.57,5
2026-01-16 10:53:00,7.58,7.58,7.57,7.57,4
2026-01-16 10:54:00,7.57,7.57,7.57,7.57,0
2026-01-16 10:55:00,7.58,7.58,7.57,7.58,11
2026-01-16 10:56:00,7.58,7.58,7.58,7.58,10
2026-01-16 10:57:00,7.56,7.57,7.55,7.56,10
2026-01-16 10:58:00,7.55,7.55,7.55,7.55,4
2026-01-16 10:59:00,7.55,7.55,7.55,7.55,0
2026-01-16 11:00:00,7.56,7.56,7.53,7.55,32
2026-01-16 11:01:00,7.53,7.55,7.53,7.53,16
2026-01-16 11:02:00,7.53,7.53,7.53,7.53,0
2026-01-16 11:03:00,7.53,7.53,7.53,7.53,0
2026-01-16 11:04:00,7.53,7.53,7.53,7.53,0
2026-01-16 11:05:00,7.54,7.54,7.54,7.54,1
2026-01-16 11:06:00,7.54,7.54,7.54,7.54,0
2026-01-16 11:07:00,7.51,7.51,7.51,7.51,3
2026-01-16 11:08:00,7.51,7.51,7.51,7.51,0
2026-01-16 11:09:00,7.54,7.54,7.53,7.53,12
2026-01-16 11:10:00,7.53,7.53,7.53,7.53,1
2026-01-16 11:11:00,7.53,7.53,7.52,7.52,3
2026-01-16 11:12:00,7.52,7.52,7.52,7.52,5
2026-01-16 11:13:00,7.52,7.53,7.51,7.53,7
2026-01-16 11:14:00,7.53,7.53,7.53,7.53,0
2026-01-16 11:15:00,7.53,7.53,7.53,7.53,5
2026-01-16 11:16:00,7.52,7.52,7.52,7.52,3
2026-01-16 11:17:00,7.52,7.52,7.52,7.52,0
2026-01-16 11:18:00,7.53,7.53,7.52,7.53,1
2026-01-16 11:19:00,7.52,7.53,7.52,7.52,3
2026-01-16 11:20:00,7.52,7.52,7.52,7.52,0
2026-01-16 11:21:00,7.52,7.52,7.52,7.52,0
2026-01-16 11:22:00,7.52,7.52,7.52,7.52,0
2026-01-16 11:23:00,7.54,7.54,7.53,7.54,13
2026-01-16 11:24:00,7.53,7.53,7.53,7.53,8
2026-01-16 11:25:00,7.51,7.51,7.51,7.51,2
2026-01-16 11:26:00,7.5,7.5,7.5,7.5,1
2026-01-16 11:27:00,7.5,7.5,7.5,7.5,0
2026-01-16 11:28:00,7.5,7.51,7.5,7.5,1
2026-01-16 11:29:00,7.5,7.5,7.5,7.5,5
2026-01-16 11:30:00,7.5,7.5,7.49,7.49,16
2026-01-16 11:31:00,7.48,7.49,7.48,7.48,9
2026-01-16 11:32:00,7.48,7.48,7.48,7.48,0
2026-01-16 11:33:00,7.49,7.49,7.48,7.49,1
2026-01-16 11:34:00,7.49,7.49,7.49,7.49,0
2026-01-16 11:35:00,7.49,7.49,7.49,7.49,0
2026-01-16 11:36:00,7.48,7.49,7.47,7.49,11
2026-01-16 11:37:00,7.49,7.49,7.48,7.49,3
2026-01-16 11:38:00,7.5,7.5,7.5,7.5,10
2026-01-16 11:39:00,7.5,7.5,7.5,7.5,2
2026-01-16 11:40:00,7.5,7.5,7.5,7.5,0
2026-01-16 11:41:00,7.5,7.5,7.5,7.5,0
2026-01-16 11:42:00,7.5,7.5,7.5,7.5,2
2026-01-16 11:43:00,7.5,7.5,7.5,7.5,1
2026-01-16 11:44:00,7.5,7.5,7.5,7.5,1
2026-01-16 11:45:00,7.5,7.5,7.5,7.5,0
2026-01-16 11:46:00,7.51,7.51,7.5,7.51,4
2026-01-16 11:47:00,7.51,7.51,7.51,7.51,0
2026-01-16 11:48:00,7.5,7.5,7.5,7.5,2
2026-01-16 11:49:00,7.51,7.51,7.5,7.51,2
2026-01-16 11:50:00,7.51,7.51,7.51,7.51,0
2026-01-16 11:51:00,7.52,7.52,7.52,7.52,5
2026-01-16 11:52:00,7.52,7.52,7.52,7.52,0
2026-01-16 11:53:00,7.52,7.52,7.52,7.52,0
2026-01-16 11:54:00,7.52,7.52,7.52,7.52,0
2026-01-16 11:55:00,7.52,7.52,7.52,7.52,0
2026-01-16 11:56:00,7.52,7.52,7.52,7.52,0
2026-01-16 11:57:00,7.51,7.51,7.51,7.51,1
2026-01-16 11:58:00,7.52,7.52,7.51,7.52,4
2026-01-16 11:59:00,7.53,7.53,7.52,7.53,1
2026-01-16 12:00:00,7.53,7.53,7.53,7.53,0
2026-01-16 12:01:00,7.53,7.53,7.53,7.53,0
2026-01-16 12:02:00,7.53,7.53,7.53,7.53,0
2026-01-16 12:03:00,7.54,7.55,7.54,7.54,20
2026-01-16 12:04:00,7.54,7.54,7.54,7.54,0
2026-01-16 12:05:00,7.54,7.54,7.54,7.54,0
2026-01-16 12:06:00,7.54,7.54,7.54,7.54,0
2026-01-16 12:07:00,7.5,7.5,7.48,7.49,9
2026-01-16 12:08:00,7.49,7.49,7.49,7.49,0
2026-01-16 12:09:00,7.49,7.49,7.49,7.49,0
2026-01-16 12:10:00,7.47,7.48,7.47,7.47,6
2026-01-16 12:11:00,7.48,7.48,7.47,7.48,2
2026-01-16 12:12:00,7.48,7.48,7.48,7.48,0
2026-01-16 12:13:00,7.48,7.48,7.48,7.48,0
2026-01-16 12:14:00,7.48,7.48,7.48,7.48,0
2026-01-16 12:15:00,7.48,7.48,7.48,7.48,0
2026-01-16 12:16:00,7.48,7.48,7.48,7.48,0
2026-01-16 12:17:00,7.48,7.48,7.48,7.48,0
2026-01-16 12:18:00,7.48,7.48,7.48,7.48,0
2026-01-16 12:19:00,7.48,7.48,7.48,7.48,0
2026-01-16 12:20:00,7.48,7.48,7.48,7.48,0
2026-01-16 12:21:00,7.49,7.49,7.48,7.49,1
2026-01-16 12:22:00,7.49,7.49,7.49,7.49,1
2026-01-16 12:23:00,7.49,7.52,7.48,7.51,55
2026-01-16 12:24:00,7.51,7.51,7.51,7.51,2
2026-01-16 12:25:00,7.51,7.51,7.51,7.51,1
2026-01-16 12:26:00,7.51,7.51,7.51,7.51,0
2026-01-16 12:27:00,7.51,7.52,7.51,7.52,3
2026-01-16 12:28:00,7.52,7.52,7.52,7.52,0
2026-01-16 12:29:00,7.52,7.52,7.52,7.52,0
2026-01-16 12:30:00,7.52,7.52,7.52,7.52,0
2026-01-16 12:31:00,7.52,7.52,7.52,7.52,0
2026-01-16 12:32:00,7.52,7.52,7.52,7.52,2
2026-01-16 12:33:00,7.52,7.52,7.52,7.52,0
2026-01-16 12:34:00,7.52,7.52,7.52,7.52,0
2026-01-16 12:35:00,7.52,7.52,7.52,7.52,0
2026-01-16 12:36:00,7.52,7.52,7.52,7.52,0
2026-01-16 12:37:00,7.52,7.52,7.52,7.52,0
2026-01-16 12:38:00,7.52,7.52,7.52,7.52,0
2026-01-16 12:39:00,7.52,7.52,7.52,7.52,0
2026-01-16 12:40:00,7.5,7.5,7.5,7.5,2
2026-01-16 12:41:00,7.5,7.5,7.5,7.5,0
2026-01-16 12:42:00,7.5,7.5,7.49,7.5,3
2026-01-16 12:43:00,7.51,7.51,7.5,7.51,10
2026-01-16 12:44:00,7.51,7.51,7.51,7.51,1
2026-01-16 12:45:00,7.51,7.51,7.51,7.51,0
2026-01-16 12:46:00,7.51,7.51,7.51,7.51,0
2026-01-16 12:47:00,7.5,7.5,7.49,7.5,6
2026-01-16 12:48:00,7.51,7.51,7.51,7.51,1
2026-01-16 12:49:00,7.52,7.52,7.51,7.52,1
2026-01-16 12:50:00,7.52,7.52,7.52,7.52,0
2026-01-16 12:51:00,7.52,7.52,7.52,7.52,0
2026-01-16 12:52:00,7.52,7.52,7.52,7.52,0
2026-01-16 12:53:00,7.52,7.52,7.52,7.52,0
2026-01-16 12:54:00,7.5,7.5,7.5,7.5,3
2026-01-16 12:55:00,7.5,7.5,7.5,7.5,0
2026-01-16 12:56:00,7.5,7.5,7.5,7.5,0
2026-01-16 12:57:00,7.5,7.5,7.5,7.5,0
2026-01-16 12:58:00,7.5,7.5,7.5,7.5,0
2026-01-16 12:59:00,7.5,7.5,7.5,7.5,2
2026-01-16 13:00:00,7.49,7.49,7.49,7.49,1
2026-01-16 13:01:00,7.5,7.5,7.49,7.5,2
2026-01-16 13:02:00,7.51,7.52,7.51,7.52,2
2026-01-16 13:03:00,7.52,7.54,7.52,7.54,3
2026-01-16 13:04:00,7.54,7.54,7.54,7.54,0
2026-01-16 13:05:00,7.54,7.54,7.54,7.54,0
2026-01-16 13:06:00,7.54,7.58,7.53,7.54,7
2026-01-16 13:07:00,7.54,7.56,7.54,7.56,3
2026-01-16 13:08:00,7.53,7.54,7.5,7.5,13
2026-01-16 13:09:00,7.5,7.5,7.5,7.5,0
2026-01-16 13:10:00,7.5,7.5,7.5,7.5,0
2026-01-16 13:11:00,7.5,7.5,7.5,7.5,0
2026-01-16 13:12:00,7.5,7.5,7.48,7.49,32
2026-01-16 13:13:00,7.49,7.5,7.47,7.47,8
2026-01-16 13:14:00,7.47,7.47,7.47,7.47,0
2026-01-16 13:15:00,7.47,7.47,7.47,7.47,0
2026-01-16 13:16:00,7.47,7.47,7.47,7.47,0
2026-01-16 13:17:00,7.47,7.47,7.47,7.47,0
2026-01-16 13:18:00,7.49,7.49,7.48,7.49,1
2026-01-16 13:19:00,7.49,7.5,7.49,7.49,1
2026-01-16 13:20:00,7.49,7.49,7.49,7.49,0
2026-01-16 13:21:00,7.49,7.49,7.49,7.49,0
2026-01-16 13:22:00,7.49,7.49,7.49,7.49,0
2026-01-16 13:23:00,7.48,7.49,7.48,7.49,2
2026-01-16 13:24:00,7.49,7.49,7.49,7.49,0
2026-01-16 13:25:00,7.48,7.48,7.47,7.48,3
2026-01-16 13:26:00,7.48,7.49,7.48,7.49,2
2026-01-16 13:27:00,7.49,7.49,7.49,7.49,0
2026-01-16 13:28:00,7.48,7.48,7.48,7.48,2
2026-01-16 13:29:00,7.48,7.48,7.48,7.48,0
2026-01-16 13:30:00,7.46,7.46,7.46,7.46,4
2026-01-16 13:31:00,7.46,7.46,7.46,7.46,0
2026-01-16 13:32:00,7.46,7.46,7.46,7.46,3
2026-01-16 13:33:00,7.46,7.46,7.45,7.46,5
2026-01-16 13:34:00,7.46,7.46,7.45,7.46,7
2026-01-16 13:35:00,7.46,7.46,7.46,7.46,7
2026-01-16 13:36:00,7.46,7.46,7.46,7.46,0
2026-01-16 13:37:00,7.46,7.46,7.46,7.46,0
2026-01-16 13:38:00,7.46,7.46,7.46,7.46,0
2026-01-16 13:39:00,7.45,7.45,7.42,7.43,15
2026-01-16 13:40:00,7.44,7.45,7.44,7.45,16
2026-01-16 13:41:00,7.46,7.46,7.45,7.46,1
2026-01-16 13:42:00,7.46,7.46,7.46,7.46,0
2026-01-16 13:43:00,7.46,7.46,7.46,7.46,0
2026-01-16 13:44:00,7.43,7.43,7.43,7.43,4
2026-01-16 13:45:00,7.43,7.43,7.43,7.43,0
2026-01-16 13:46:00,7.43,7.43,7.43,7.43,0
2026-01-16 13:47:00,7.43,7.43,7.43,7.43,0
2026-01-16 13:48:00,7.43,7.43,7.43,7.43,0
2026-01-16 13:49:00,7.43,7.43,7.43,7.43,0
2026-01-16 13:50:00,7.43,7.43,7.43,7.43,0
2026-01-16 13:51:00,7.45,7.45,7.44,7.45,9
2026-01-16 13:52:00,7.45,7.45,7.44,7.45,1
2026-01-16 13:53:00,7.45,7.45,7.44,7.45,1
2026-01-16 13:54:00,7.45,7.45,7.45,7.45,0
2026-01-16 13:55:00,7.45,7.45,7.45,7.45,0
2026-01-16 13:56:00,7.45,7.45,7.45,7.45,0
2026-01-16 13:57:00,7.44,7.45,7.44,7.44,13
2026-01-16 13:58:00,7.44,7.44,7.43,7.44,3
2026-01-16 13:59:00,7.44,7.44,7.44,7.44,0
2026-01-16 14:00:00,7.45,7.45,7.44,7.44,3
2026-01-16 14:01:00,7.43,7.43,7.42,7.43,12
2026-01-16 14:02:00,7.42,7.43,7.42,7.42,4
2026-01-16 14:03:00,7.43,7.43,7.42,7.43,1
2026-01-16 14:04:00,7.44,7.44,7.42,7.43,23
2026-01-16 14:05:00,7.43,7.43,7.43,7.43,0
2026-01-16 14:06:00,7.43,7.43,7.4,7.41,109
2026-01-16 14:07:00,7.41,7.42,7.41,7.42,11
2026-01-16 14:08:00,7.42,7.42,7.42,7.42,0
2026-01-16 14:09:00,7.43,7.43,7.41,7.43,11
2026-01-16 14:10:00,7.43,7.43,7.41,7.41,8
2026-01-16 14:11:00,7.41,7.43,7.41,7.42,10
2026-01-16 14:12:00,7.41,7.42,7.41,7.41,2
2026-01-16 14:13:00,7.41,7.41,7.41,7.41,0
2026-01-16 14:14:00,7.42,7.42,7.41,7.42,1
2026-01-16 14:15:00,7.41,7.41,7.4,7.41,4
2026-01-16 14:16:00,7.41,7.41,7.41,7.41,0
2026-01-16 14:17:00,7.41,7.41,7.41,7.41,0
2026-01-16 14:18:00,7.41,7.41,7.41,7.41,0
2026-01-16 14:19:00,7.41,7.41,7.41,7.41,0
2026-01-16 14:20:00,7.4,7.42,7.4,7.41,77
2026-01-16 14:21:00,7.41,7.41,7.41,7.41,0
2026-01-16 14:22:00,7.41,7.42,7.4,7.41,15
2026-01-16 14:23:00,7.41,7.41,7.41,7.41,5
2026-01-16 14:24:00,7.41,7.41,7.41,7.41,1
2026-01-16 14:25:00,7.41,7.41,7.41,7.41,0
2026-01-16 14:26:00,7.41,7.41,7.41,7.41,0
2026-01-16 14:27:00,7.41,7.41,7.4,7.41,7
2026-01-16 14:28:00,7.41,7.41,7.41,7.41,0
2026-01-16 14:29:00,7.41,7.41,7.41,7.41,0
2026-01-16 14:30:00,7.41,7.41,7.4,7.41,5
2026-01-16 14:31:00,7.4,7.4,7.4,7.4,1
2026-01-16 14:32:00,7.4,7.41,7.39,7.41,128
2026-01-16 14:33:00,7.41,7.41,7.41,7.41,0
2026-01-16 14:34:00,7.43,7.44,7.43,7.43,8
2026-01-16 14:35:00,7.42,7.42,7.41,7.42,1
2026-01-16 14:36:00,7.42,7.42,7.42,7.42,0
2026-01-16 14:37:00,7.42,7.42,7.42,7.42,0
2026-01-16 14:38:00,7.42,7.42,7.42,7.42,0
2026-01-16 14:39:00,7.42,7.42,7.42,7.42,0
2026-01-16 14:40:00,7.41,7.42,7.41,7.41,25
2026-01-16 14:41:00,7.41,7.41,7.41,7.41,0
2026-01-16 14:42:00,7.41,7.41,7.41,7.41,0
2026-01-16 14:43:00,7.43,7.43,7.43,7.43,1
2026-01-16 14:44:00,7.44,7.44,7.43,7.44,3
2026-01-16 14:45:00,7.43,7.44,7.43,7.43,3
2026-01-16 14:46:00,7.43,7.43,7.43,7.43,0
2026-01-16 14:47:00,7.43,7.43,7.43,7.43,0
2026-01-16 14:48:00,7.43,7.43,7.43,7.43,0
2026-01-16 14:49:00,7.43,7.43,7.43,7.43,0
2026-01-16 14:50:00,7.43,7.43,7.42,7.42,7
2026-01-16 14:51:00,7.42,7.42,7.42,7.42,0
2026-01-16 14:52:00,7.42,7.42,7.42,7.42,0
2026-01-16 14:53:00,7.43,7.43,7.43,7.43,1
2026-01-16 14:54:00,7.43,7.43,7.43,7.43,0
2026-01-16 14:55:00,7.43,7.43,7.43,7.43,0
2026-01-16 14:56:00,7.42,7.42,7.42,7.42,2
2026-01-16 14:57:00,7.42,7.42,7.42,7.42,0
2026-01-16 14:58:00,7.42,7.42,7.42,7.42,0
2026-01-16 14:59:00,7.42,7.42,7.42,7.42,0
2026-01-16 15:00:00,7.42,7.42,7.42,7.42,0
2026-01-16 15:01:00,7.42,7.42,7.42,7.42,0
2026-01-16 15:02:00,7.42,7.42,7.42,7.42,0
2026-01-16 15:03:00,7.43,7.43,7.43,7.43,1
2026-01-16 15:04:00,7.41,7.41,7.41,7.41,1
2026-01-16 15:05:00,7.41,7.41,7.41,7.41,0
2026-01-16 15:06:00,7.4,7.41,7.37,7.38,15
2026-01-16 15:07:00,7.37,7.37,7.37,7.37,8
2026-01-16 15:08:00,7.36,7.37,7.36,7.36,2
2026-01-16 15:09:00,7.35,7.37,7.35,7.37,15
2026-01-16 15:10:00,7.37,7.37,7.36,7.37,1
2026-01-16 15:11:00,7.37,7.37,7.36,7.37,6
2026-01-16 15:12:00,7.37,7.37,7.37,7.37,0
2026-01-16 15:13:00,7.37,7.37,7.37,7.37,1
2026-01-16 15:14:00,7.38,7.38,7.38,7.38,1
2026-01-16 15:15:00,7.38,7.38,7.38,7.38,0
2026-01-16 15:16:00,7.36,7.36,7.35,7.35,8
2026-01-16 15:17:00,7.36,7.36,7.36,7.36,2
2026-01-16 15:18:00,7.36,7.37,7.36,7.36,6
2026-01-16 15:19:00,7.36,7.36,7.36,7.36,0
2026-01-16 15:20:00,7.37,7.38,7.37,7.37,1
2026-01-16 15:21:00,7.37,7.37,7.37,7.37,0
2026-01-16 15:22:00,7.37,7.37,7.37,7.37,0
2026-01-16 15:23:00,7.37,7.37,7.36,7.37,1
2026-01-16 15:24:00,7.37,7.37,7.35,7.35,7
2026-01-16 15:25:00,7.37,7.37,7.36,7.37,2
2026-01-16 15:26:00,7.35,7.35,7.34,7.34,11
2026-01-16 15:27:00,7.33,7.34,7.33,7.33,53
2026-01-16 15:28:00,7.33,7.33,7.33,7.33,3
2026-01-16 15:29:00,7.33,7.33,7.32,7.33,4
2026-01-16 15:30:00,7.33,7.33,7.33,7.33,2
2026-01-16 15:31:00,7.33,7.33,7.33,7.33,0
2026-01-16 15:32:00,7.33,7.33,7.33,7.33,0
2026-01-16 15:33:00,7.32,7.32,7.31,7.32,11
2026-01-16 15:34:00,7.32,7.33,7.31,7.31,28
2026-01-16 15:35:00,7.32,7.32,7.32,7.32,1
2026-01-16 15:36:00,7.31,7.33,7.31,7.31,24
2026-01-16 15:37:00,7.31,7.32,7.31,7.32,12
2026-01-16 15:38:00,7.32,7.32,7.31,7.31,5
2026-01-16 15:39:00,7.31,7.31,7.31,7.31,0
2026-01-16 15:40:00,7.3,7.31,7.3,7.31,2
2026-01-16 15:41:00,7.31,7.32,7.31,7.32,20
2026-01-16 15:42:00,7.32,7.32,7.32,7.32,2
2026-01-16 15:43:00,7.32,7.32,7.32,7.32,2
2026-01-16 15:44:00,7.32,7.32,7.32,7.32,0
2026-01-16 15:45:00,7.33,7.33,7.31,7.32,11
2026-01-16 15:46:00,7.32,7.32,7.32,7.32,1
2026-01-16 15:47:00,7.32,7.33,7.31,7.32,14
2026-01-16 15:48:00,7.32,7.32,7.32,7.32,0
2026-01-16 15:49:00,7.31,7.31,7.31,7.31,4
2026-01-16 15:50:00,7.32,7.32,7.31,7.31,9
2026-01-16 15:51:00,7.32,7.33,7.32,7.33,8
2026-01-16 15:52:00,7.32,7.32,7.31,7.32,18
2026-01-16 15:53:00,7.32,7.32,7.32,7.32,2
2026-01-16 15:54:00,7.32,7.32,7.32,7.32,9
2026-01-16 15:55:00,7.32,7.32,7.31,7.31,11
2026-01-16 15:56:00,7.31,7.31,7.31,7.31,16
2026-01-16 15:57:00,7.3,7.31,7.3,7.3,20
2026-01-16 15:58:00,7.3,7.3,7.29,7.3,148
2026-01-16 15:59:00,7.29,7.3,7.29,7.29,70
2026-01-20 09:30:00,7.02,7.02,6.95,6.96,511
2026-01-20 09:31:00,7.0,7.13,7.0,7.07,15
2026-01-20 09:32:00,7.07,7.07,7.06,7.07,3
2026-01-20 09:33:00,7.04,7.05,6.96,6.99,22
2026-01-20 09:34:00,6.99,7.03,6.99,7.03,22
2026-01-20 09:35:00,7.03,7.04,7.0,7.04,20
2026-01-20 09:36:00,6.99,7.06,6.99,7.06,54
2026-01-20 09:37:00,7.06,7.06,7.06,7.06,0
2026-01-20 09:38:00,7.12,7.2,7.09,7.17,183
2026-01-20 09:39:00,7.16,7.17,7.16,7.17,11
2026-01-20 09:40:00,7.18,7.27,7.18,7.23,10
2026-01-20 09:41:00,7.25,7.26,7.25,7.26,3
2026-01-20 09:42:00,7.15,7.15,7.14,7.15,3
2026-01-20 09:43:00,7.16,7.19,7.16,7.19,27
2026-01-20 09:44:00,7.19,7.19,7.19,7.19,0
2026-01-20 09:45:00,7.16,7.22,7.16,7.19,33
2026-01-20 09:46:00,7.19,7.19,7.15,7.15,5
2026-01-20 09:47:00,7.14,7.14,7.13,7.14,1
2026-01-20 09:48:00,7.12,7.12,7.12,7.12,12
2026-01-20 09:49:00,7.14,7.16,7.14,7.16,6
2026-01-20 09:50:00,7.15,7.15,7.13,7.13,22
2026-01-20 09:51:00,7.12,7.13,7.12,7.12,11
2026-01-20 09:52:00,7.12,7.12,7.12,7.12,9
2026-01-20 09:53:00,7.11,7.11,7.1,7.1,9
2026-01-20 09:54:00,7.1,7.1,7.1,7.1,0
2026-01-20 09:55:00,7.12,7.13,7.12,7.12,5
2026-01-20 09:56:00,7.12,7.12,7.11,7.12,3
2026-01-20 09:57:00,7.14,7.15,7.13,7.15,22
2026-01-20 09:58:00,7.19,7.19,7.17,7.17,3
2026-01-20 09:59:00,7.15,7.15,7.15,7.15,5
2026-01-20 10:00:00,7.16,7.17,7.15,7.16,20
2026-01-20 10:01:00,7.15,7.15,7.15,7.15,11
2026-01-20 10:02:00,7.14,7.19,7.14,7.19,9
2026-01-20 10:03:00,7.19,7.19,7.19,7.19,24
2026-01-20 10:04:00,7.19,7.19,7.17,7.17,2
2026-01-20 10:05:00,7.19,7.19,7.18,7.19,1
2026-01-20 10:06:00,7.2,7.2,7.18,7.19,2
2026-01-20 10:07:00,7.16,7.19,7.16,7.19,3
2026-01-20 10:08:00,7.16,7.17,7.14,7.14,10
2026-01-20 10:09:00,7.14,7.15,7.13,7.15,9
2026-01-20 10:10:00,7.14,7.14,7.13,7.14,4
2026-01-20 10:11:00,7.14,7.14,7.13,7.14,1
2026-01-20 10:12:00,7.14,7.14,7.14,7.14,0
2026-01-20 10:13:00,7.15,7.19,7.15,7.19,19
2026-01-20 10:14:00,7.21,7.23,7.21,7.23,51
2026-01-20 10:15:00,7.21,7.24,7.2,7.2,46
2026-01-20 10:16:00,7.21,7.21,7.18,7.18,129
2026-01-20 10:17:00,7.21,7.22,7.21,7.21,24
2026-01-20 10:18:00,7.2,7.22,7.2,7.22,2
2026-01-20 10:19:00,7.19,7.19,7.16,7.16,20
2026-01-20 10:20:00,7.16,7.16,7.16,7.16,0
2026-01-20 10:21:00,7.17,7.18,7.17,7.18,24
2026-01-20 10:22:00,7.18,7.18,7.17,7.18,1
2026-01-20 10:23:00,7.18,7.19,7.17,7.17,27
2026-01-20 10:24:00,7.18,7.21,7.17,7.21,7
2026-01-20 10:25:00,7.23,7.24,7.22,7.24,2
2026-01-20 10:26:00,7.24,7.24,7.2,7.2,7
2026-01-20 10:27:00,7.17,7.17,7.15,7.17,24
2026-01-20 10:28:00,7.15,7.16,7.13,7.16,11
2026-01-20 10:29:00,7.18,7.18,7.14,7.14,6
2026-01-20 10:30:00,7.17,7.19,7.17,7.19,8
2026-01-20 10:31:00,7.17,7.17,7.15,7.16,6
2026-01-20 10:32:00,7.14,7.15,7.13,7.15,8
2026-01-20 10:33:00,7.18,7.18,7.18,7.18,1
2026-01-20 10:34:00,7.18,7.18,7.18,7.18,0
2026-01-20 10:35:00,7.21,7.21,7.2,7.21,1
2026-01-20 10:36:00,7.21,7.21,7.2,7.21,1
2026-01-20 10:37:00,7.21,7.21,7.21,7.21,0
2026-01-20 10:38:00,7.21,7.21,7.21,7.21,0
2026-01-20 10:39:00,7.23,7.23,7.19,7.21,8
2026-01-20 10:40:00,7.21,7.21,7.21,7.21,0
2026-01-20 10:41:00,7.22,7.22,7.21,7.22,1
2026-01-20 10:42:00,7.22,7.22,7.22,7.22,1
2026-01-20 10:43:00,7.22,7.22,7.22,7.22,2
2026-01-20 10:44:00,7.24,7.25,7.2,7.25,51
2026-01-20 10:45:00,7.22,7.22,7.22,7.22,1
2026-01-20 10:46:00,7.22,7.22,7.22,7.22,0
2026-01-20 10:47:00,7.22,7.22,7.22,7.22,0
2026-01-20 10:48:00,7.22,7.22,7.22,7.22,0
2026-01-20 10:49:00,7.22,7.22,7.22,7.22,0
2026-01-20 10:50:00,7.22,7.22,7.22,7.22,0
2026-01-20 10:51:00,7.21,7.24,7.21,7.24,2
2026-01-20 10:52:00,7.23,7.23,7.16,7.17,25
2026-01-20 10:53:00,7.17,7.17,7.17,7.17,0
2026-01-20 10:54:00,7.15,7.17,7.13,7.15,31
2026-01-20 10:55:00,7.13,7.14,7.1,7.14,25
2026-01-20 10:56:00,7.14,7.14,7.14,7.14,0
2026-01-20 10:57:00,7.14,7.14,7.14,7.14,0
2026-01-20 10:58:00,7.14,7.14,7.14,7.14,0
2026-01-20 10:59:00,7.15,7.15,7.15,7.15,3
2026-01-20 11:00:00,7.15,7.15,7.15,7.15,0
2026-01-20 11:01:00,7.15,7.15,7.15,7.15,0
2026-01-20 11:02:00,7.18,7.18,7.17,7.18,1
2026-01-20 11:03:00,7.18,7.18,7.18,7.18,0
2026-01-20 11:04:00,7.17,7.17,7.15,7.15,4
2026-01-20 11:05:00,7.14,7.14,7.13,7.13,4
2026-01-20 11:06:00,7.14,7.14,7.13,7.14,3
2026-01-20 11:07:00,7.15,7.15,7.14,7.15,10
2026-01-20 11:08:00,7.12,7.12,7.12,7.12,20
2026-01-20 11:09:00,7.14,7.14,7.14,7.14,10
2026-01-20 11:10:00,7.14,7.19,7.14,7.19,21
2026-01-20 11:11:00,7.19,7.2,7.19,7.2,10
2026-01-20 11:12:00,7.19,7.19,7.19,7.19,2
2026-01-20 11:13:00,7.17,7.17,7.17,7.17,2
2026-01-20 11:14:00,7.17,7.17,7.16,7.17,2
2026-01-20 11:15:00,7.17,7.17,7.17,7.17,0
2026-01-20 11:16:00,7.17,7.17,7.17,7.17,0
2026-01-20 11:17:00,7.17,7.17,7.17,7.17,0
2026-01-20 11:18:00,7.17,7.17,7.17,7.17,0
2026-01-20 11:19:00,7.16,7.16,7.15,7.16,2
2026-01-20 11:20:00,7.17,7.17,7.17,7.17,3
2026-01-20 11:21:00,7.17,7.17,7.17,7.17,0
2026-01-20 11:22:00,7.17,7.17,7.17,7.17,0
2026-01-20 11:23:00,7.19,7.19,7.18,7.19,6
2026-01-20 11:24:00,7.19,7.19,7.18,7.19,1
2026-01-20 11:25:00,7.18,7.18,7.18,7.18,1
2026-01-20 11:26:00,7.2,7.2,7.2,7.2,1
2026-01-20 11:27:00,7.2,7.2,7.2,7.2,0
2026-01-20 11:28:00,7.23,7.24,7.19,7.24,3
2026-01-20 11:29:00,7.24,7.24,7.24,7.24,0
2026-01-20 11:30:00,7.24,7.24,7.24,7.24,0
2026-01-20 11:31:00,7.24,7.24,7.23,7.24,2
2026-01-20 11:32:00,7.24,7.24,7.24,7.24,0
2026-01-20 11:33:00,7.23,7.23,7.23,7.23,2
2026-01-20 11:34:00,7.23,7.23,7.23,7.23,0
2026-01-20 11:35:00,7.23,7.23,7.23,7.23,0
2026-01-20 11:36:00,7.23,7.23,7.23,7.23,0
2026-01-20 11:37:00,7.23,7.24,7.23,7.23,4
2026-01-20 11:38:00,7.25,7.25,7.24,7.25,7
2026-01-20 11:39:00,7.25,7.25,7.24,7.25,2
2026-01-20 11:40:00,7.25,7.25,7.25,7.25,0
2026-01-20 11:41:00,7.25,7.25,7.25,7.25,0
2026-01-20 11:42:00,7.25,7.25,7.25,7.25,0
2026-01-20 11:43:00,7.25,7.25,7.24,7.25,2
2026-01-20 11:44:00,7.25,7.26,7.25,7.26,2
2026-01-20 11:45:00,7.26,7.26,7.26,7.26,0
2026-01-20 11:46:00,7.25,7.25,7.25,7.25,22
2026-01-20 11:47:00,7.24,7.24,7.23,7.23,37
2026-01-20 11:48:00,7.21,7.22,7.21,7.21,2
2026-01-20 11:49:00,7.23,7.23,7.22,7.23,2
2026-01-20 11:50:00,7.23,7.23,7.22,7.23,1
2026-01-20 11:51:00,7.23,7.23,7.23,7.23,0
2026-01-20 11:52:00,7.23,7.24,7.22,7.24,3
2026-01-20 11:53:00,7.24,7.24,7.23,7.24,12
2026-01-20 11:54:00,7.24,7.24,7.24,7.24,0
2026-01-20 11:55:00,7.24,7.24,7.24,7.24,0
2026-01-20 11:56:00,7.24,7.24,7.24,7.24,0
2026-01-20 11:57:00,7.26,7.26,7.26,7.26,6
2026-01-20 11:58:00,7.26,7.26,7.26,7.26,0
2026-01-20 11:59:00,7.26,7.26,7.26,7.26,0
2026-01-20 12:00:00,7.26,7.26,7.26,7.26,0
2026-01-20 12:01:00,7.28,7.28,7.27,7.27,2
2026-01-20 12:02:00,7.27,7.27,7.27,7.27,0
2026-01-20 12:03:00,7.27,7.27,7.27,7.27,0
2026-01-20 12:04:00,7.27,7.27,7.27,7.27,4
2026-01-20 12:05:00,7.25,7.25,7.25,7.25,1
2026-01-20 12:06:00,7.27,7.27,7.26,7.27,7
2026-01-20 12:07:00,7.27,7.27,7.27,7.27,0
2026-01-20 12:08:00,7.27,7.27,7.26,7.27,4
2026-01-20 12:09:00,7.27,7.27,7.27,7.27,0
2026-01-20 12:10:00,7.25,7.25,7.25,7.25,4
2026-01-20 12:11:00,7.25,7.25,7.25,7.25,2
2026-01-20 12:12:00,7.25,7.25,7.25,7.25,0
2026-01-20 12:13:00,7.26,7.26,7.26,7.26,1
2026-01-20 12:14:00,7.26,7.26,7.26,7.26,0
2026-01-20 12:15:00,7.25,7.25,7.25,7.25,1
2026-01-20 12:16:00,7.26,7.26,7.25,7.25,11
2026-01-20 12:17:00,7.25,7.25,7.25,7.25,0
2026-01-20 12:18:00,7.25,7.25,7.25,7.25,0
2026-01-20 12:19:00,7.25,7.25,7.25,7.25,0
2026-01-20 12:20:00,7.25,7.25,7.25,7.25,0
2026-01-20 12:21:00,7.25,7.25,7.25,7.25,1
2026-01-20 12:22:00,7.25,7.25,7.25,7.25,0
2026-01-20 12:23:00,7.23,7.23,7.23,7.23,8
2026-01-20 12:24:00,7.23,7.23,7.23,7.23,38
2026-01-20 12:25:00,7.23,7.23,7.23,7.23,0
2026-01-20 12:26:00,7.23,7.23,7.23,7.23,0
2026-01-20 12:27:00,7.21,7.22,7.19,7.2,25
2026-01-20 12:28:00,7.19,7.2,7.19,7.19,12
2026-01-20 12:29:00,7.19,7.19,7.19,7.19,0
2026-01-20 12:30:00,7.19,7.19,7.19,7.19,0
2026-01-20 12:31:00,7.19,7.19,7.19,7.19,0
2026-01-20 12:32:00,7.19,7.19,7.19,7.19,0
2026-01-20 12:33:00,7.18,7.18,7.18,7.18,2
2026-01-20 12:34:00,7.18,7.18,7.18,7.18,0
2026-01-20 12:35:00,7.18,7.18,7.18,7.18,0
2026-01-20 12:36:00,7.17,7.17,7.15,7.15,49
2026-01-20 12:37:00,7.17,7.17,7.17,7.17,8
2026-01-20 12:38:00,7.17,7.17,7.12,7.16,59
2026-01-20 12:39:00,7.16,7.16,7.16,7.16,0
2026-01-20 12:40:00,7.16,7.16,7.16,7.16,2
2026-01-20 12:41:00,7.17,7.17,7.16,7.17,4
2026-01-20 12:42:00,7.17,7.18,7.17,7.17,3
2026-01-20 12:43:00,7.17,7.17,7.16,7.17,2
2026-01-20 12:44:00,7.17,7.17,7.17,7.17,0
2026-01-20 12:45:00,7.17,7.17,7.17,7.17,0
2026-01-20 12:46:00,7.17,7.17,7.17,7.17,0
2026-01-20 12:47:00,7.17,7.17,7.17,7.17,0
2026-01-20 12:48:00,7.17,7.17,7.17,7.17,0
2026-01-20 12:49:00,7.17,7.17,7.16,7.17,2
2026-01-20 12:50:00,7.16,7.17,7.15,7.15,5
2026-01-20 12:51:00,7.15,7.16,7.15,7.15,4
2026-01-20 12:52:00,7.15,7.15,7.15,7.15,7
2026-01-20 12:53:00,7.16,7.16,7.15,7.16,2
2026-01-20 12:54:00,7.16,7.16,7.16,7.16,0
2026-01-20 12:55:00,7.14,7.14,7.14,7.14,2
2026-01-20 12:56:00,7.15,7.15,7.15,7.15,2
2026-01-20 12:57:00,7.16,7.16,7.16,7.16,5
2026-01-20 12:58:00,7.16,7.16,7.16,7.16,0
2026-01-20 12:59:00,7.14,7.14,7.14,7.14,5
2026-01-20 13:00:00,7.14,7.15,7.14,7.15,3
2026-01-20 13:01:00,7.16,7.16,7.16,7.16,1
2026-01-20 13:02:00,7.14,7.14,7.14,7.14,1
2026-01-20 13:03:00,7.14,7.14,7.14,7.14,0
2026-01-20 13:04:00,7.16,7.16,7.16,7.16,2
2026-01-20 13:05:00,7.16,7.16,7.16,7.16,0
2026-01-20 13:06:00,7.16,7.16,7.16,7.16,0
2026-01-20 13:07:00,7.16,7.16,7.16,7.16,0
2026-01-20 13:08:00,7.16,7.16,7.16,7.16,0
2026-01-20 13:09:00,7.16,7.16,7.16,7.16,0
2026-01-20 13:10:00,7.17,7.17,7.17,7.17,6
2026-01-20 13:11:00,7.18,7.18,7.18,7.18,3
2026-01-20 13:12:00,7.18,7.18,7.17,7.17,4
2026-01-20 13:13:00,7.17,7.17,7.17,7.17,0
2026-01-20 13:14:00,7.17,7.17,7.17,7.17,0
2026-01-20 13:15:00,7.17,7.17,7.17,7.17,0
2026-01-20 13:16:00,7.17,7.17,7.17,7.17,2
2026-01-20 13:17:00,7.17,7.17,7.17,7.17,0
2026-01-20 13:18:00,7.17,7.17,7.17,7.17,0
2026-01-20 13:19:00,7.18,7.18,7.18,7.18,4
2026-01-20 13:20:00,7.18,7.18,7.18,7.18,0
2026-01-20 13:21:00,7.18,7.18,7.18,7.18,0
2026-01-20 13:22:00,7.18,7.18,7.18,7.18,0
2026-01-20 13:23:00,7.18,7.18,7.18,7.18,0
2026-01-20 13:24:00,7.19,7.2,7.19,7.2,2
2026-01-20 13:25:00,7.19,7.19,7.19,7.19,7
2026-01-20 13:26:00,7.19,7.19,7.19,7.19,0
2026-01-20 13:27:00,7.18,7.18,7.18,7.18,3
2026-01-20 13:28:00,7.19,7.19,7.18,7.18,3
2026-01-20 13:29:00,7.18,7.18,7.18,7.18,0
2026-01-20 13:30:00,7.18,7.18,7.18,7.18,0
2026-01-20 13:31:00,7.18,7.18,7.18,7.18,0
2026-01-20 13:32:00,7.19,7.19,7.19,7.19,1
2026-01-20 13:33:00,7.19,7.19,7.19,7.19,0
2026-01-20 13:34:00,7.18,7.18,7.18,7.18,3
2026-01-20 13:35:00,7.17,7.17,7.17,7.17,1
2026-01-20 13:36:00,7.17,7.17,7.17,7.17,1
2026-01-20 13:37:00,7.16,7.16,7.16,7.16,1
2026-01-20 13:38:00,7.16,7.16,7.16,7.16,0
2026-01-20 13:39:00,7.17,7.17,7.17,7.17,2
2026-01-20 13:40:00,7.17,7.17,7.17,7.17,0
2026-01-20 13:41:00,7.17,7.17,7.17,7.17,0
2026-01-20 13:42:00,7.17,7.17,7.17,7.17,0
2026-01-20 13:43:00,7.17,7.17,7.17,7.17,0
2026-01-20 13:44:00,7.16,7.16,7.16,7.16,1
2026-01-20 13:45:00,7.15,7.15,7.15,7.15,2
2026-01-20 13:46:00,7.14,7.14,7.14,7.14,4
2026-01-20 13:47:00,7.13,7.13,7.13,7.13,1
2026-01-20 13:48:00,7.14,7.14,7.14,7.14,25
2026-01-20 13:49:00,7.14,7.14,7.14,7.14,0
2026-01-20 13:50:00,7.14,7.14,7.14,7.14,0
2026-01-20 13:51:00,7.14,7.14,7.14,7.14,1
2026-01-20 13:52:00,7.14,7.14,7.14,7.14,0
2026-01-20 13:53:00,7.14,7.14,7.14,7.14,0
2026-01-20 13:54:00,7.14,7.14,7.14,7.14,0
2026-01-20 13:55:00,7.14,7.14,7.14,7.14,0
2026-01-20 13:56:00,7.15,7.15,7.14,7.14,4
2026-01-20 13:57:00,7.15,7.15,7.15,7.15,1
2026-01-20 13:58:00,7.15,7.15,7.15,7.15,0
2026-01-20 13:59:00,7.14,7.15,7.14,7.14,7
2026-01-20 14:00:00,7.15,7.15,7.15,7.15,1
2026-01-20 14:01:00,7.15,7.15,7.15,7.15,0
2026-01-20 14:02:00,7.15,7.15,7.15,7.15,1
2026-01-20 14:03:00,7.14,7.14,7.13,7.14,6
2026-01-20 14:04:00,7.14,7.14,7.14,7.14,0
2026-01-20 14:05:00,7.15,7.15,7.14,7.15,2
2026-01-20 14:06:00,7.15,7.15,7.15,7.15,0
2026-01-20 14:07:00,7.15,7.15,7.15,7.15,0
2026-01-20 14:08:00,7.15,7.15,7.15,7.15,2
2026-01-20 14:09:00,7.15,7.15,7.15,7.15,0
2026-01-20 14:10:00,7.15,7.15,7.15,7.15,0
2026-01-20 14:11:00,7.15,7.15,7.15,7.15,0
2026-01-20 14:12:00,7.14,7.14,7.14,7.14,1
2026-01-20 14:13:00,7.14,7.14,7.14,7.14,0
2026-01-20 14:14:00,7.15,7.17,7.15,7.17,4
2026-01-20 14:15:00,7.15,7.15,7.15,7.15,1
2026-01-20 14:16:00,7.15,7.15,7.15,7.15,0
2026-01-20 14:17:00,7.15,7.15,7.15,7.15,0
2026-01-20 14:18:00,7.15,7.15,7.15,7.15,0
2026-01-20 14:19:00,7.15,7.15,7.15,7.15,0
2026-01-20 14:20:00,7.15,7.15,7.15,7.15,0
2026-01-20 14:21:00,7.15,7.15,7.12,7.12,26
2026-01-20 14:22:00,7.12,7.12,7.12,7.12,0
2026-01-20 14:23:00,7.11,7.11,7.11,7.11,1
2026-01-20 14:24:00,7.11,7.11,7.11,7.11,0
2026-01-20 14:25:00,7.11,7.11,7.11,7.11,0
2026-01-20 14:26:00,7.11,7.11,7.11,7.11,0
2026-01-20 14:27:00,7.11,7.11,7.11,7.11,0
2026-01-20 14:28:00,7.1,7.1,7.1,7.1,10
2026-01-20 14:29:00,7.12,7.12,7.12,7.12,1
2026-01-20 14:30:00,7.1,7.12,7.1,7.1,33
2026-01-20 14:31:00,7.1,7.1,7.1,7.1,0
2026-01-20 14:32:00,7.1,7.1,7.09,7.09,13
2026-01-20 14:33:00,7.09,7.09,7.09,7.09,0
2026-01-20 14:34:00,7.07,7.07,7.07,7.07,1
2026-01-20 14:35:00,7.08,7.08,7.04,7.04,13
2026-01-20 14:36:00,7.04,7.04,7.03,7.04,4
2026-01-20 14:37:00,7.04,7.04,7.04,7.04,0
2026-01-20 14:38:00,7.04,7.05,7.03,7.03,13
2026-01-20 14:39:00,7.03,7.03,7.03,7.03,0
2026-01-20 14:40:00,7.06,7.06,7.06,7.06,1
2026-01-20 14:41:00,7.06,7.06,7.06,7.06,0
2026-01-20 14:42:00,7.06,7.06,7.06,7.06,0
2026-01-20 14:43:00,7.06,7.06,7.04,7.04,3
2026-01-20 14:44:00,7.04,7.04,7.04,7.04,0
2026-01-20 14:45:00,7.05,7.05,7.04,7.05,1
2026-01-20 14:46:00,7.06,7.06,7.06,7.06,2
2026-01-20 14:47:00,7.06,7.06,7.06,7.06,0
2026-01-20 14:48:00,7.06,7.06,7.06,7.06,0
2026-01-20 14:49:00,7.06,7.06,7.06,7.06,0
2026-01-20 14:50:00,7.05,7.06,7.05,7.06,6
2026-01-20 14:51:00,7.06,7.07,7.06,7.06,99
2026-01-20 14:52:00,7.06,7.07,7.06,7.07,4
2026-01-20 14:53:00,7.08,7.08,7.06,7.06,11
2026-01-20 14:54:00,7.06,7.06,7.06,7.06,0
2026-01-20 14:55:00,7.06,7.07,7.04,7.07,6
2026-01-20 14:56:00,7.07,7.07,7.07,7.07,0
2026-01-20 14:57:00,7.08,7.08,7.07,7.08,1
2026-01-20 14:58:00,7.07,7.08,7.07,7.08,8
2026-01-20 14:59:00,7.08,7.09,7.08,7.09,4
2026-01-20 15:00:00,7.07,7.08,7.07,7.07,6
2026-01-20 15:01:00,7.06,7.06,7.06,7.06,5
2026-01-20 15:02:00,7.06,7.06,7.05,7.06,91
2026-01-20 15:03:00,7.06,7.06,7.06,7.06,2
2026-01-20 15:04:00,7.06,7.06,7.06,7.06,0
2026-01-20 15:05:00,7.06,7.06,7.06,7.06,0
2026-01-20 15:06:00,7.06,7.06,7.06,7.06,0
2026-01-20 15:07:00,7.06,7.06,7.06,7.06,0
2026-01-20 15:08:00,7.05,7.05,7.05,7.05,1
2026-01-20 15:09:00,7.07,7.08,7.07,7.07,8
2026-01-20 15:10:00,7.09,7.09,7.09,7.09,3
2026-01-20 15:11:00,7.09,7.09,7.09,7.09,0
2026-01-20 15:12:00,7.09,7.09,7.09,7.09,0
2026-01-20 15:13:00,7.09,7.09,7.08,7.08,4
2026-01-20 15:14:00,7.09,7.09,7.07,7.07,24
2026-01-20 15:15:00,7.07,7.07,7.07,7.07,1
2026-01-20 15:16:00,7.07,7.07,7.06,7.06,5
2026-01-20 15:17:00,7.07,7.07,7.07,7.07,2
2026-01-20 15:18:00,7.08,7.08,7.08,7.08,1
2026-01-20 15:19:00,7.08,7.08,7.08,7.08,0
2026-01-20 15:20:00,7.08,7.08,7.07,7.07,2
2026-01-20 15:21:00,7.07,7.07,7.07,7.07,6
2026-01-20 15:22:00,7.07,7.08,7.07,7.08,13
2026-01-20 15:23:00,7.08,7.08,7.08,7.08,1
2026-01-20 15:24:00,7.08,7.08,7.08,7.08,0
2026-01-20 15:25:00,7.08,7.08,7.07,7.08,5
2026-01-20 15:26:00,7.08,7.09,7.08,7.08,2
2026-01-20 15:27:00,7.08,7.08,7.08,7.08,1
2026-01-20 15:28:00,7.08,7.08,7.08,7.08,0
2026-01-20 15:29:00,7.09,7.09,7.09,7.09,3
2026-01-20 15:30:00,7.1,7.1,7.09,7.09,6
2026-01-20 15:31:00,7.09,7.09,7.09,7.09,3
2026-01-20 15:32:00,7.09,7.09,7.09,7.09,1
2026-01-20 15:33:00,7.09,7.09,7.09,7.09,1
2026-01-20 15:34:00,7.09,7.09,7.09,7.09,0
2026-01-20 15:35:00,7.08,7.08,7.08,7.08,7
2026-01-20 15:36:00,7.08,7.08,7.07,7.08,1
2026-01-20 15:37:00,7.08,7.08,7.07,7.07,5
2026-01-20 15:38:00,7.06,7.06,7.06,7.06,1
2026-01-20 15:39:00,7.06,7.06,7.06,7.06,6
2026-01-20 15:40:00,7.06,7.06,7.06,7.06,1
2026-01-20 15:41:00,7.06,7.06,7.06,7.06,2
2026-01-20 15:42:00,7.07,7.07,7.06,7.07,7
2026-01-20 15:43:00,7.07,7.07,7.06,7.06,2
2026-01-20 15:44:00,7.09,7.09,7.08,7.09,11
2026-01-20 15:45:00,7.08,7.09,7.08,7.08,2
2026-01-20 15:46:00,7.08,7.08,7.08,7.08,0
2026-01-20 15:47:00,7.08,7.08,7.08,7.08,0
2026-01-20 15:48:00,7.09,7.09,7.08,7.08,26
2026-01-20 15:49:00,7.09,7.13,7.09,7.13,23
2026-01-20 15:50:00,7.13,7.13,7.11,7.12,14
2026-01-20 15:51:00,7.12,7.12,7.11,7.12,6
2026-01-20 15:52:00,7.12,7.12,7.1,7.11,38
2026-01-20 15:53:00,7.11,7.11,7.1,7.11,6
2026-01-20 15:54:00,7.11,7.12,7.1,7.11,20
2026-01-20 15:55:00,7.11,7.12,7.11,7.11,23
2026-01-20 15:56:00,7.1,7.11,7.1,7.11,12
2026-01-20 15:57:00,7.11,7.11,7.1,7.11,5
2026-01-20 15:58:00,7.11,7.11,7.1,7.11,13
2026-01-20 15:59:00,7.1,7.13,7.09,7.09,69
2026-01-21 09:30:00,7.04,7.08,7.03,7.08,87
2026-01-21 09:31:00,7.08,7.09,7.08,7.08,3
2026-01-21 09:32:00,7.11,7.12,7.11,7.11,2
2026-01-21 09:33:00,7.13,7.18,7.12,7.17,14
2026-01-21 09:34:00,7.18,7.18,7.18,7.18,5
2026-01-21 09:35:00,7.15,7.15,7.15,7.15,1
2026-01-21 09:36:00,7.16,7.18,7.13,7.13,6
2026-01-21 09:37:00,7.13,7.13,7.12,7.13,30
2026-01-21 09:38:00,7.13,7.13,7.13,7.13,0
2026-01-21 09:39:00,7.12,7.16,7.12,7.16,26
2026-01-21 09:40:00,7.16,7.16,7.16,7.16,0
2026-01-21 09:41:00,7.14,7.19,7.14,7.19,3
2026-01-21 09:42:00,7.17,7.17,7.16,7.16,3
2026-01-21 09:43:00,7.16,7.17,7.16,7.16,35
2026-01-21 09:44:00,7.19,7.19,7.18,7.19,1
2026-01-21 09:45:00,7.19,7.19,7.19,7.19,1
2026-01-21 09:46:00,7.21,7.22,7.17,7.17,11
2026-01-21 09:47:00,7.17,7.17,7.17,7.17,0
2026-01-21 09:48:00,7.17,7.17,7.17,7.17,0
2026-01-21 09:49:00,7.17,7.17,7.17,7.17,0
2026-01-21 09:50:00,7.22,7.22,7.2,7.21,4
2026-01-21 09:51:00,7.21,7.21,7.21,7.21,0
2026-01-21 09:52:00,7.21,7.21,7.21,7.21,4
2026-01-21 09:53:00,7.21,7.21,7.21,7.21,0
2026-01-21 09:54:00,7.21,7.21,7.21,7.21,0
2026-01-21 09:55:00,7.19,7.19,7.19,7.19,2
2026-01-21 09:56:00,7.19,7.19,7.19,7.19,0
2026-01-21 09:57:00,7.19,7.2,7.19,7.2,9
2026-01-21 09:58:00,7.18,7.18,7.18,7.18,25
2026-01-21 09:59:00,7.18,7.18,7.18,7.18,10
2026-01-21 10:00:00,7.17,7.17,7.16,7.16,2
2026-01-21 10:01:00,7.17,7.19,7.17,7.19,4
2026-01-21 10:02:00,7.19,7.19,7.19,7.19,1
2026-01-21 10:03:00,7.19,7.19,7.19,7.19,0
2026-01-21 10:04:00,7.19,7.19,7.19,7.19,0
2026-01-21 10:05:00,7.19,7.19,7.19,7.19,0
2026-01-21 10:06:00,7.19,7.19,7.18,7.19,4
2026-01-21 10:07:00,7.19,7.19,7.19,7.19,3
2026-01-21 10:08:00,7.19,7.19,7.18,7.19,2
2026-01-21 10:09:00,7.15,7.18,7.14,7.14,20
2026-01-21 10:10:00,7.14,7.14,7.14,7.14,0
2026-01-21 10:11:00,7.14,7.14,7.14,7.14,0
2026-01-21 10:12:00,7.14,7.14,7.14,7.14,0
2026-01-21 10:13:00,7.19,7.21,7.19,7.21,2
2026-01-21 10:14:00,7.19,7.19,7.19,7.19,25
2026-01-21 10:15:00,7.19,7.19,7.19,7.19,0
2026-01-21 10:16:00,7.24,7.24,7.24,7.24,4
2026-01-21 10:17:00,7.23,7.23,7.23,7.23,1
2026-01-21 10:18:00,7.23,7.23,7.23,7.23,0
2026-01-21 10:19:00,7.23,7.23,7.23,7.23,0
2026-01-21 10:20:00,7.23,7.23,7.23,7.23,0
2026-01-21 10:21:00,7.25,7.25,7.25,7.25,3
2026-01-21 10:22:00,7.25,7.25,7.25,7.25,0
2026-01-21 10:23:00,7.25,7.25,7.25,7.25,0
2026-01-21 10:24:00,7.25,7.25,7.25,7.25,0
2026-01-21 10:25:00,7.26,7.26,7.25,7.26,2
2026-01-21 10:26:00,7.26,7.26,7.26,7.26,0
2026-01-21 10:27:00,7.26,7.26,7.26,7.26,0
2026-01-21 10:28:00,7.26,7.26,7.26,7.26,0
2026-01-21 10:29:00,7.26,7.26,7.26,7.26,0
2026-01-21 10:30:00,7.26,7.26,7.26,7.26,0
2026-01-21 10:31:00,7.26,7.26,7.26,7.26,0
2026-01-21 10:32:00,7.26,7.26,7.26,7.26,0
2026-01-21 10:33:00,7.26,7.26,7.26,7.26,0
2026-01-21 10:34:00,7.26,7.26,7.26,7.26,0
2026-01-21 10:35:00,7.22,7.22,7.21,7.22,2
2026-01-21 10:36:00,7.22,7.22,7.22,7.22,0
2026-01-21 10:37:00,7.22,7.22,7.22,7.22,0
2026-01-21 10:38:00,7.22,7.22,7.22,7.22,0
2026-01-21 10:39:00,7.22,7.22,7.22,7.22,0
2026-01-21 10:40:00,7.22,7.22,7.22,7.22,2
2026-01-21 10:41:00,7.22,7.22,7.22,7.22,0
2026-01-21 10:42:00,7.22,7.22,7.22,7.22,0
2026-01-21 10:43:00,7.2,7.22,7.2,7.22,8
2026-01-21 10:44:00,7.2,7.21,7.2,7.2,35
2026-01-21 10:45:00,7.22,7.22,7.21,7.22,3
2026-01-21 10:46:00,7.22,7.22,7.21,7.22,1
2026-01-21 10:47:00,7.22,7.22,7.22,7.22,0
2026-01-21 10:48:00,7.21,7.21,7.21,7.21,2
2026-01-21 10:49:00,7.22,7.24,7.22,7.23,5
2026-01-21 10:50:00,7.25,7.26,7.25,7.26,17
2026-01-21 10:51:00,7.27,7.29,7.27,7.29,7
2026-01-21 10:52:00,7.29,7.29,7.27,7.27,4
2026-01-21 10:53:00,7.27,7.27,7.27,7.27,0
2026-01-21 10:54:00,7.27,7.27,7.27,7.27,0
2026-01-21 10:55:00,7.27,7.27,7.27,7.27,0
2026-01-21 10:56:00,7.27,7.27,7.27,7.27,0
2026-01-21 10:57:00,7.28,7.28,7.27,7.28,8
2026-01-21 10:58:00,7.28,7.3,7.28,7.29,5
2026-01-21 10:59:00,7.29,7.29,7.29,7.29,1
2026-01-21 11:00:00,7.29,7.29,7.29,7.29,0
2026-01-21 11:01:00,7.29,7.29,7.29,7.29,1
2026-01-21 11:02:00,7.29,7.29,7.27,7.28,19
2026-01-21 11:03:00,7.27,7.29,7.27,7.29,12
2026-01-21 11:04:00,7.31,7.31,7.29,7.29,3
2026-01-21 11:05:00,7.31,7.31,7.3,7.31,15
2026-01-21 11:06:00,7.31,7.35,7.31,7.33,39
2026-01-21 11:07:00,7.33,7.35,7.31,7.34,11
2026-01-21 11:08:00,7.34,7.34,7.34,7.34,0
2026-01-21 11:09:00,7.34,7.34,7.34,7.34,0
2026-01-21 11:10:00,7.34,7.34,7.34,7.34,0
2026-01-21 11:11:00,7.29,7.29,7.27,7.27,3
2026-01-21 11:12:00,7.27,7.27,7.26,7.27,4
2026-01-21 11:13:00,7.27,7.27,7.27,7.27,0
2026-01-21 11:14:00,7.27,7.27,7.27,7.27,0
2026-01-21 11:15:00,7.27,7.27,7.27,7.27,0
2026-01-21 11:16:00,7.27,7.27,7.27,7.27,0
2026-01-21 11:17:00,7.26,7.26,7.26,7.26,1
2026-01-21 11:18:00,7.26,7.26,7.26,7.26,0
2026-01-21 11:19:00,7.24,7.24,7.24,7.24,6
2026-01-21 11:20:00,7.24,7.24,7.24,7.24,0
2026-01-21 11:21:00,7.24,7.24,7.24,7.24,0
2026-01-21 11:22:00,7.26,7.26,7.24,7.25,7
2026-01-21 11:23:00,7.23,7.23,7.23,7.23,2
2026-01-21 11:24:00,7.23,7.23,7.23,7.23,0
2026-01-21 11:25:00,7.23,7.23,7.23,7.23,0
2026-01-21 11:26:00,7.23,7.23,7.21,7.21,2
2026-01-21 11:27:00,7.21,7.21,7.21,7.21,0
2026-01-21 11:28:00,7.21,7.21,7.21,7.21,0
2026-01-21 11:29:00,7.21,7.21,7.2,7.21,4
2026-01-21 11:30:00,7.23,7.23,7.22,7.23,8
2026-01-21 11:31:00,7.22,7.22,7.21,7.22,1
2026-01-21 11:32:00,7.22,7.22,7.22,7.22,0
2026-01-21 11:33:00,7.23,7.23,7.21,7.22,2
2026-01-21 11:34:00,7.22,7.22,7.22,7.22,0
2026-01-21 11:35:00,7.22,7.22,7.22,7.22,0
2026-01-21 11:36:00,7.2,7.2,7.19,7.2,14
2026-01-21 11:37:00,7.18,7.18,7.16,7.16,2
2026-01-21 11:38:00,7.16,7.16,7.15,7.16,8
2026-01-21 11:39:00,7.14,7.14,7.13,7.14,1
2026-01-21 11:40:00,7.14,7.14,7.14,7.14,0
2026-01-21 11:41:00,7.14,7.14,7.14,7.14,0
2026-01-21 11:42:00,7.14,7.14,7.14,7.14,0
2026-01-21 11:43:00,7.14,7.14,7.14,7.14,0
2026-01-21 11:44:00,7.14,7.14,7.14,7.14,0
2026-01-21 11:45:00,7.12,7.12,7.1,7.11,67
2026-01-21 11:46:00,7.12,7.12,7.12,7.12,10
2026-01-21 11:47:00,7.12,7.12,7.12,7.12,0
2026-01-21 11:48:00,7.12,7.14,7.12,7.13,9
2026-01-21 11:49:00,7.13,7.13,7.13,7.13,0
2026-01-21 11:50:00,7.13,7.13,7.13,7.13,0
2026-01-21 11:51:00,7.13,7.13,7.12,7.13,2
2026-01-21 11:52:00,7.12,7.12,7.12,7.12,2
2026-01-21 11:53:00,7.1,7.1,7.08,7.1,86
2026-01-21 11:54:00,7.1,7.1,7.1,7.1,1
2026-01-21 11:55:00,7.11,7.12,7.11,7.11,4
2026-01-21 11:56:00,7.11,7.11,7.11,7.11,0
2026-01-21 11:57:00,7.09,7.09,7.09,7.09,4
2026-01-21 11:58:00,7.1,7.1,7.09,7.09,28
2026-01-21 11:59:00,7.09,7.09,7.09,7.09,4
2026-01-21 12:00:00,7.1,7.11,7.09,7.11,34
2026-01-21 12:01:00,7.11,7.11,7.11,7.11,0
2026-01-21 12:02:00,7.08,7.08,7.08,7.08,50
2026-01-21 12:03:00,7.07,7.07,7.07,7.07,2
2026-01-21 12:04:00,7.07,7.07,7.07,7.07,0
2026-01-21 12:05:00,7.06,7.06,7.06,7.06,1
2026-01-21 12:06:00,7.06,7.06,7.06,7.06,0
2026-01-21 12:07:00,7.06,7.06,7.06,7.06,0
2026-01-21 12:08:00,7.05,7.05,7.04,7.04,4
2026-01-21 12:09:00,7.04,7.04,7.04,7.04,0
2026-01-21 12:10:00,7.03,7.03,7.03,7.03,1
2026-01-21 12:11:00,7.03,7.03,7.03,7.03,0
2026-01-21 12:12:00,7.03,7.03,7.02,7.02,3
2026-01-21 12:13:00,7.02,7.02,7.0,7.0,5
2026-01-21 12:14:00,7.0,7.0,7.0,7.0,1
2026-01-21 12:15:00,7.01,7.01,7.01,7.01,4
2026-01-21 12:16:00,7.02,7.02,7.01,7.02,5
2026-01-21 12:17:00,7.02,7.04,7.02,7.04,7
2026-01-21 12:18:00,7.04,7.07,7.04,7.07,7
2026-01-21 12:19:00,7.04,7.05,7.04,7.04,1
2026-01-21 12:20:00,7.05,7.05,7.04,7.05,22
2026-01-21 12:21:00,7.05,7.05,7.05,7.05,0
2026-01-21 12:22:00,7.05,7.05,7.05,7.05,0
2026-01-21 12:23:00,7.05,7.06,7.05,7.06,3
2026-01-21 12:24:00,7.06,7.06,7.06,7.06,0
2026-01-21 12:25:00,7.06,7.06,7.06,7.06,0
2026-01-21 12:26:00,7.06,7.06,7.05,7.06,1
2026-01-21 12:27:00,7.05,7.05,7.05,7.05,1
2026-01-21 12:28:00,7.06,7.08,7.05,7.08,27
2026-01-21 12:29:00,7.08,7.08,7.08,7.08,0
2026-01-21 12:30:00,7.05,7.05,7.05,7.05,1
2026-01-21 12:31:00,7.05,7.05,7.05,7.05,0
2026-01-21 12:32:00,7.05,7.05,7.05,7.05,0
2026-01-21 12:33:00,7.06,7.06,7.05,7.06,1
2026-01-21 12:34:00,7.06,7.06,7.06,7.06,0
2026-01-21 12:35:00,7.05,7.06,7.05,7.06,4
2026-01-21 12:36:00,7.05,7.05,7.05,7.05,2
2026-01-21 12:37:00,7.05,7.06,7.05,7.05,4
2026-01-21 12:38:00,7.05,7.05,7.05,7.05,0
2026-01-21 12:39:00,7.05,7.05,7.05,7.05,0
2026-01-21 12:40:00,7.05,7.05,7.05,7.05,1
2026-01-21 12:41:00,7.06,7.06,7.06,7.06,3
2026-01-21 12:42:00,7.06,7.06,7.06,7.06,0
2026-01-21 12:43:00,7.06,7.06,7.06,7.06,0
2026-01-21 12:44:00,7.06,7.06,7.06,7.06,5
2026-01-21 12:45:00,7.05,7.05,7.04,7.04,3
2026-01-21 12:46:00,7.04,7.04,7.04,7.04,0
2026-01-21 12:47:00,7.05,7.05,7.05,7.05,2
2026-01-21 12:48:00,7.05,7.05,7.05,7.05,0
2026-01-21 12:49:00,7.05,7.05,7.05,7.05,1
2026-01-21 12:50:00,7.05,7.05,7.05,7.05,0
2026-01-21 12:51:00,7.05,7.05,7.05,7.05,0
2026-01-21 12:52:00,7.05,7.05,7.05,7.05,0
2026-01-21 12:53:00,7.05,7.05,7.05,7.05,0
2026-01-21 12:54:00,7.05,7.05,7.05,7.05,0
2026-01-21 12:55:00,7.09,7.09,7.09,7.09,1
2026-01-21 12:56:00,7.08,7.08,7.07,7.08,3
2026-01-21 12:57:00,7.08,7.08,7.08,7.08,0
2026-01-21 12:58:00,7.08,7.08,7.08,7.08,0
2026-01-21 12:59:00,7.08,7.08,7.08,7.08,0
2026-01-21 13:00:00,7.08,7.08,7.08,7.08,0
2026-01-21 13:01:00,7.06,7.06,7.06,7.06,1
2026-01-21 13:02:00,7.06,7.06,7.06,7.06,0
2026-01-21 13:03:00,7.05,7.05,7.05,7.05,1
2026-01-21 13:04:00,7.04,7.04,7.03,7.03,2
2026-01-21 13:05:00,7.03,7.03,7.03,7.03,0
2026-01-21 13:06:00,7.04,7.04,7.04,7.04,1
2026-01-21 13:07:00,7.03,7.03,7.02,7.03,7
2026-01-21 13:08:00,7.01,7.01,7.01,7.01,98
2026-01-21 13:09:00,7.01,7.01,7.01,7.01,0
2026-01-21 13:10:00,7.01,7.01,7.01,7.01,0
2026-01-21 13:11:00,7.01,7.01,7.01,7.01,0
2026-01-21 13:12:00,7.01,7.01,7.01,7.01,0
2026-01-21 13:13:00,7.01,7.01,7.01,7.01,0
2026-01-21 13:14:00,7.01,7.01,7.01,7.01,0
2026-01-21 13:15:00,7.01,7.01,7.01,7.01,0
2026-01-21 13:16:00,7.03,7.03,7.02,7.03,1
2026-01-21 13:17:00,7.03,7.03,7.02,7.03,1
2026-01-21 13:18:00,7.03,7.03,7.03,7.03,0
2026-01-21 13:19:00,7.03,7.03,7.03,7.03,0
2026-01-21 13:20:00,7.03,7.03,7.03,7.03,0
2026-01-21 13:21:00,7.03,7.03,7.03,7.03,0
2026-01-21 13:22:00,7.03,7.03,7.02,7.03,4
2026-01-21 13:23:00,7.03,7.03,7.03,7.03,0
2026-01-21 13:24:00,7.01,7.02,7.01,7.01,6
2026-01-21 13:25:00,7.01,7.02,7.0,7.02,36
2026-01-21 13:26:00,7.01,7.01,7.01,7.01,1
2026-01-21 13:27:00,7.01,7.03,7.01,7.03,2
2026-01-21 13:28:00,7.04,7.04,7.04,7.04,5
2026-01-21 13:29:00,7.04,7.04,7.04,7.04,4
2026-01-21 13:30:00,7.05,7.05,7.05,7.05,9
2026-01-21 13:31:00,7.06,7.06,7.06,7.06,5
2026-01-21 13:32:00,7.06,7.07,7.06,7.07,6
2026-01-21 13:33:00,7.07,7.07,7.07,7.07,0
2026-01-21 13:34:00,7.06,7.07,7.06,7.06,2
2026-01-21 13:35:00,7.06,7.07,7.06,7.06,3
2026-01-21 13:36:00,7.06,7.06,7.06,7.06,4
2026-01-21 13:37:00,7.06,7.06,7.06,7.06,10
2026-01-21 13:38:00,7.06,7.06,7.06,7.06,0
2026-01-21 13:39:00,7.06,7.06,7.06,7.06,0
2026-01-21 13:40:00,7.06,7.06,7.06,7.06,0
2026-01-21 13:41:00,7.06,7.06,7.06,7.06,0
2026-01-21 13:42:00,7.06,7.06,7.06,7.06,2
2026-01-21 13:43:00,7.06,7.06,7.06,7.06,1
2026-01-21 13:44:00,7.06,7.06,7.05,7.06,15
2026-01-21 13:45:00,7.06,7.06,7.06,7.06,0
2026-01-21 13:46:00,7.06,7.06,7.06,7.06,0
2026-01-21 13:47:00,7.06,7.06,7.06,7.06,1
2026-01-21 13:48:00,7.06,7.06,7.06,7.06,1
2026-01-21 13:49:00,7.06,7.06,7.06,7.06,0
2026-01-21 13:50:00,7.07,7.08,7.07,7.08,3
2026-01-21 13:51:00,7.07,7.07,7.07,7.07,2
2026-01-21 13:52:00,7.07,7.07,7.07,7.07,0
2026-01-21 13:53:00,7.07,7.07,7.07,7.07,0
2026-01-21 13:54:00,7.07,7.07,7.07,7.07,0
2026-01-21 13:55:00,7.07,7.07,7.07,7.07,0
2026-01-21 13:56:00,7.07,7.07,7.07,7.07,0
2026-01-21 13:57:00,7.08,7.08,7.08,7.08,2
2026-01-21 13:58:00,7.09,7.09,7.07,7.07,2
2026-01-21 13:59:00,7.07,7.07,7.07,7.07,0
2026-01-21 14:00:00,7.07,7.07,7.07,7.07,0
2026-01-21 14:01:00,7.07,7.07,7.06,7.06,3
2026-01-21 14:02:00,7.05,7.06,7.05,7.06,11
2026-01-21 14:03:00,7.06,7.06,7.06,7.06,0
2026-01-21 14:04:00,7.06,7.06,7.06,7.06,0
2026-01-21 14:05:00,7.07,7.07,7.04,7.04,6
2026-01-21 14:06:00,7.04,7.04,7.04,7.04,0
2026-01-21 14:07:00,7.04,7.04,7.04,7.04,0
2026-01-21 14:08:00,7.04,7.04,7.04,7.04,0
2026-01-21 14:09:00,7.04,7.04,7.04,7.04,0
2026-01-21 14:10:00,7.03,7.03,7.03,7.03,1
2026-01-21 14:11:00,7.04,7.04,7.04,7.04,2
2026-01-21 14:12:00,7.04,7.04,7.04,7.04,0
2026-01-21 14:13:00,7.05,7.05,7.05,7.05,3
2026-01-21 14:14:00,7.05,7.05,7.05,7.05,0
2026-01-21 14:15:00,7.06,7.08,7.05,7.08,9
2026-01-21 14:16:00,7.05,7.05,7.05,7.05,1
2026-01-21 14:17:00,7.05,7.05,7.05,7.05,0
2026-01-21 14:18:00,7.05,7.05,7.05,7.05,0
2026-01-21 14:19:00,7.08,7.09,7.08,7.09,6
2026-01-21 14:20:00,7.09,7.09,7.09,7.09,1
2026-01-21 14:21:00,7.09,7.09,7.09,7.09,0
2026-01-21 14:22:00,7.08,7.09,7.08,7.09,3
2026-01-21 14:23:00,7.09,7.09,7.09,7.09,0
2026-01-21 14:24:00,7.09,7.09,7.09,7.09,0
2026-01-21 14:25:00,7.09,7.09,7.09,7.09,1
2026-01-21 14:26:00,7.09,7.09,7.09,7.09,0
2026-01-21 14:27:00,7.12,7.16,7.12,7.16,6
2026-01-21 14:28:00,7.16,7.16,7.16,7.16,1
2026-01-21 14:29:00,7.16,7.16,7.16,7.16,0
2026-01-21 14:30:00,7.16,7.16,7.16,7.16,0
2026-01-21 14:31:00,7.16,7.16,7.16,7.16,0
2026-01-21 14:32:00,7.17,7.17,7.16,7.17,1
2026-01-21 14:33:00,7.19,7.2,7.19,7.2,6
2026-01-21 14:34:00,7.22,7.23,7.19,7.23,4
2026-01-21 14:35:00,7.23,7.23,7.23,7.23,0
2026-01-21 14:36:00,7.23,7.23,7.22,7.23,1
2026-01-21 14:37:00,7.25,7.25,7.23,7.23,9
2026-01-21 14:38:00,7.28,7.28,7.28,7.28,1
2026-01-21 14:39:00,7.25,7.26,7.25,7.26,2
2026-01-21 14:40:00,7.25,7.25,7.25,7.25,1
2026-01-21 14:41:00,7.25,7.25,7.25,7.25,0
2026-01-21 14:42:00,7.26,7.27,7.26,7.27,4
2026-01-21 14:43:00,7.25,7.25,7.25,7.25,5
2026-01-21 14:44:00,7.25,7.25,7.23,7.23,10
2026-01-21 14:45:00,7.23,7.23,7.23,7.23,0
2026-01-21 14:46:00,7.26,7.27,7.26,7.27,9
2026-01-21 14:47:00,7.27,7.27,7.26,7.26,40
2026-01-21 14:48:00,7.27,7.3,7.26,7.29,13
2026-01-21 14:49:00,7.28,7.3,7.27,7.29,5
2026-01-21 14:50:00,7.29,7.3,7.28,7.29,7
2026-01-21 14:51:00,7.27,7.27,7.27,7.27,3
2026-01-21 14:52:00,7.27,7.27,7.27,7.27,0
2026-01-21 14:53:00,7.27,7.27,7.27,7.27,0
2026-01-21 14:54:00,7.28,7.29,7.28,7.29,2
2026-01-21 14:55:00,7.29,7.29,7.29,7.29,0
2026-01-21 14:56:00,7.29,7.29,7.28,7.29,2
2026-01-21 14:57:00,7.29,7.29,7.27,7.28,5
2026-01-21 14:58:00,7.28,7.28,7.27,7.28,11
2026-01-21 14:59:00,7.28,7.28,7.28,7.28,0
2026-01-21 15:00:00,7.28,7.28,7.28,7.28,0
2026-01-21 15:01:00,7.26,7.26,7.26,7.26,6
2026-01-21 15:02:00,7.26,7.26,7.26,7.26,0
2026-01-21 15:03:00,7.26,7.26,7.26,7.26,0
2026-01-21 15:04:00,7.26,7.26,7.26,7.26,0
2026-01-21 15:05:00,7.25,7.25,7.25,7.25,2
2026-01-21 15:06:00,7.25,7.25,7.25,7.25,0
2026-01-21 15:07:00,7.26,7.26,7.24,7.24,55
2026-01-21 15:08:00,7.25,7.25,7.24,7.25,13
2026-01-21 15:09:00,7.24,7.24,7.21,7.22,18
2026-01-21 15:10:00,7.21,7.22,7.21,7.22,10
2026-01-21 15:11:00,7.22,7.22,7.22,7.22,16
2026-01-21 15:12:00,7.21,7.21,7.21,7.21,1
2026-01-21 15:13:00,7.22,7.26,7.22,7.26,67
2026-01-21 15:14:00,7.26,7.26,7.26,7.26,0
2026-01-21 15:15:00,7.23,7.23,7.23,7.23,5
2026-01-21 15:16:00,7.23,7.23,7.22,7.23,2
2026-01-21 15:17:00,7.23,7.23,7.23,7.23,1
2026-01-21 15:18:00,7.23,7.23,7.23,7.23,0
2026-01-21 15:19:00,7.23,7.23,7.23,7.23,0
2026-01-21 15:20:00,7.23,7.24,7.23,7.23,23
2026-01-21 15:21:00,7.23,7.23,7.23,7.23,3
2026-01-21 15:22:00,7.23,7.23,7.23,7.23,40
2026-01-21 15:23:00,7.23,7.23,7.22,7.22,9
2026-01-21 15:24:00,7.23,7.23,7.23,7.23,6
2026-01-21 15:25:00,7.23,7.23,7.23,7.23,3
2026-01-21 15:26:00,7.22,7.22,7.22,7.22,6
2026-01-21 15:27:00,7.23,7.24,7.23,7.24,5
2026-01-21 15:28:00,7.24,7.24,7.24,7.24,0
2026-01-21 15:29:00,7.24,7.25,7.24,7.25,9
2026-01-21 15:30:00,7.25,7.25,7.24,7.24,7
2026-01-21 15:31:00,7.25,7.25,7.24,7.25,1
2026-01-21 15:32:00,7.26,7.26,7.26,7.26,2
2026-01-21 15:33:00,7.26,7.3,7.26,7.29,35
2026-01-21 15:34:00,7.3,7.3,7.29,7.29,29
2026-01-21 15:35:00,7.29,7.29,7.29,7.29,0
2026-01-21 15:36:00,7.29,7.29,7.28,7.28,2
2026-01-21 15:37:00,7.27,7.28,7.27,7.27,3
2026-01-21 15:38:00,7.29,7.29,7.28,7.29,9
2026-01-21 15:39:00,7.29,7.29,7.28,7.29,6
2026-01-21 15:40:00,7.29,7.29,7.28,7.28,49
2026-01-21 15:41:00,7.29,7.29,7.29,7.29,5
2026-01-21 15:42:00,7.28,7.29,7.27,7.29,7
2026-01-21 15:43:00,7.28,7.28,7.28,7.28,4
2026-01-21 15:44:00,7.28,7.28,7.28,7.28,0
2026-01-21 15:45:00,7.29,7.29,7.28,7.29,2
2026-01-21 15:46:00,7.28,7.28,7.28,7.28,1
2026-01-21 15:47:00,7.28,7.28,7.28,7.28,0
2026-01-21 15:48:00,7.29,7.29,7.28,7.29,1
2026-01-21 15:49:00,7.28,7.28,7.28,7.28,2
2026-01-21 15:50:00,7.28,7.28,7.27,7.27,3
2026-01-21 15:51:00,7.26,7.26,7.24,7.25,11
2026-01-21 15:52:00,7.26,7.27,7.25,7.27,7
2026-01-21 15:53:00,7.27,7.27,7.25,7.26,2
2026-01-21 15:54:00,7.26,7.29,7.26,7.29,5
2026-01-21 15:55:00,7.3,7.31,7.29,7.31,20
2026-01-21 15:56:00,7.3,7.3,7.28,7.29,12
2026-01-21 15:57:00,7.28,7.28,7.27,7.27,7
2026-01-21 15:58:00,7.28,7.31,7.27,7.31,76
2026-01-21 15:59:00,7.3,7.3,7.25,7.26,160
2026-01-22 09:30:00,7.36,7.37,7.35,7.35,44
2026-01-22 09:31:00,7.33,7.33,7.32,7.32,10
2026-01-22 09:32:00,7.32,7.32,7.32,7.32,0
2026-01-22 09:33:00,7.38,7.41,7.35,7.41,15
2026-01-22 09:34:00,7.41,7.41,7.4,7.41,2
2026-01-22 09:35:00,7.44,7.47,7.44,7.47,15
2026-01-22 09:36:00,7.5,7.54,7.48,7.52,18
2026-01-22 09:37:00,7.52,7.52,7.51,7.51,5
2026-01-22 09:38:00,7.51,7.51,7.51,7.51,0
2026-01-22 09:39:00,7.52,7.54,7.52,7.54,17
2026-01-22 09:40:00,7.54,7.54,7.54,7.54,0
2026-01-22 09:41:00,7.57,7.57,7.53,7.54,4
2026-01-22 09:42:00,7.55,7.59,7.55,7.55,16
2026-01-22 09:43:00,7.59,7.59,7.52,7.56,14
2026-01-22 09:44:00,7.56,7.56,7.56,7.56,0
2026-01-22 09:45:00,7.56,7.57,7.56,7.57,8
2026-01-22 09:46:00,7.57,7.57,7.57,7.57,0
2026-01-22 09:47:00,7.6,7.66,7.59,7.66,257
2026-01-22 09:48:00,7.66,7.66,7.66,7.66,13
2026-01-22 09:49:00,7.67,7.67,7.64,7.64,10
2026-01-22 09:50:00,7.62,7.62,7.59,7.6,4
2026-01-22 09:51:00,7.61,7.69,7.6,7.69,17
2026-01-22 09:52:00,7.69,7.69,7.69,7.69,0
2026-01-22 09:53:00,7.74,7.74,7.71,7.71,29
2026-01-22 09:54:00,7.72,7.74,7.71,7.71,26
2026-01-22 09:55:00,7.75,7.78,7.73,7.78,12
2026-01-22 09:56:00,7.77,7.81,7.76,7.8,13
2026-01-22 09:57:00,7.75,7.75,7.75,7.75,3
2026-01-22 09:58:00,7.73,7.76,7.72,7.73,52
2026-01-22 09:59:00,7.73,7.73,7.71,7.72,34
2026-01-22 10:00:00,7.71,7.72,7.7,7.72,23
2026-01-22 10:01:00,7.72,7.73,7.72,7.72,2
2026-01-22 10:02:00,7.7,7.7,7.68,7.68,8
2026-01-22 10:03:00,7.66,7.67,7.66,7.67,4
2026-01-22 10:04:00,7.67,7.67,7.67,7.67,0
2026-01-22 10:05:00,7.66,7.68,7.65,7.65,31
2026-01-22 10:06:00,7.65,7.65,7.65,7.65,0
2026-01-22 10:07:00,7.68,7.68,7.68,7.68,3
2026-01-22 10:08:00,7.7,7.72,7.7,7.72,8
2026-01-22 10:09:00,7.76,7.78,7.76,7.78,9
2026-01-22 10:10:00,7.75,7.75,7.75,7.75,6
2026-01-22 10:11:00,7.74,7.77,7.74,7.77,23
2026-01-22 10:12:00,7.76,7.78,7.76,7.78,13
2026-01-22 10:13:00,7.78,7.78,7.76,7.76,28
2026-01-22 10:14:00,7.76,7.76,7.76,7.76,0
2026-01-22 10:15:00,7.78,7.78,7.78,7.78,4
2026-01-22 10:16:00,7.8,7.8,7.77,7.77,21
2026-01-22 10:17:00,7.8,7.84,7.79,7.83,28
2026-01-22 10:18:00,7.84,7.84,7.81,7.82,8
2026-01-22 10:19:00,7.81,7.82,7.79,7.82,27
2026-01-22 10:20:00,7.82,7.82,7.81,7.82,2
2026-01-22 10:21:00,7.84,7.84,7.82,7.84,4
2026-01-22 10:22:00,7.83,7.83,7.79,7.82,11
2026-01-22 10:23:00,7.8,7.83,7.8,7.82,4
2026-01-22 10:24:00,7.82,7.82,7.82,7.82,0
2026-01-22 10:25:00,7.79,7.79,7.77,7.78,9
2026-01-22 10:26:00,7.79,7.82,7.78,7.82,16
2026-01-22 10:27:00,7.8,7.82,7.79,7.79,4
2026-01-22 10:28:00,7.79,7.79,7.79,7.79,0
2026-01-22 10:29:00,7.77,7.8,7.76,7.76,26
2026-01-22 10:30:00,7.76,7.76,7.76,7.76,0
2026-01-22 10:31:00,7.76,7.76,7.76,7.76,0
2026-01-22 10:32:00,7.77,7.77,7.76,7.77,1
2026-01-22 10:33:00,7.77,7.77,7.77,7.77,0
2026-01-22 10:34:00,7.77,7.77,7.77,7.77,0
2026-01-22 10:35:00,7.79,7.82,7.78,7.78,59
2026-01-22 10:36:00,7.78,7.78,7.78,7.78,0
2026-01-22 10:37:00,7.8,7.84,7.79,7.84,53
2026-01-22 10:38:00,7.82,7.82,7.82,7.82,1
2026-01-22 10:39:00,7.82,7.85,7.8,7.82,56
2026-01-22 10:40:00,7.82,7.82,7.81,7.82,1
2026-01-22 10:41:00,7.8,7.82,7.8,7.82,9
2026-01-22 10:42:00,7.82,7.84,7.8,7.84,27
2026-01-22 10:43:00,7.83,7.84,7.83,7.83,14
2026-01-22 10:44:00,7.83,7.85,7.82,7.82,9
2026-01-22 10:45:00,7.83,7.85,7.82,7.85,24
2026-01-22 10:46:00,7.83,7.85,7.83,7.83,31
2026-01-22 10:47:00,7.85,7.85,7.85,7.85,3
2026-01-22 10:48:00,7.85,7.85,7.85,7.85,0
2026-01-22 10:49:00,7.89,7.89,7.89,7.89,2
2026-01-22 10:50:00,7.89,7.89,7.89,7.89,0
2026-01-22 10:51:00,7.86,7.86,7.85,7.86,2
2026-01-22 10:52:00,7.86,7.86,7.86,7.86,0
2026-01-22 10:53:00,7.86,7.86,7.86,7.86,0
2026-01-22 10:54:00,7.87,7.88,7.86,7.88,18
2026-01-22 10:55:00,7.89,7.89,7.89,7.89,1
2026-01-22 10:56:00,7.88,7.88,7.87,7.88,2
2026-01-22 10:57:00,7.88,7.88,7.88,7.88,0
2026-01-22 10:58:00,7.88,7.88,7.88,7.88,0
2026-01-22 10:59:00,7.87,7.87,7.86,7.87,6
2026-01-22 11:00:00,7.88,7.88,7.87,7.88,1
2026-01-22 11:01:00,7.87,7.87,7.87,7.87,1
2026-01-22 11:02:00,7.87,7.87,7.87,7.87,0
2026-01-22 11:03:00,7.87,7.87,7.86,7.87,2
2026-01-22 11:04:00,7.87,7.87,7.87,7.87,0
2026-01-22 11:05:00,7.87,7.87,7.87,7.87,0
2026-01-22 11:06:00,7.86,7.86,7.86,7.86,3
2026-01-22 11:07:00,7.86,7.86,7.86,7.86,0
2026-01-22 11:08:00,7.86,7.86,7.86,7.86,0
2026-01-22 11:09:00,7.87,7.87,7.86,7.87,4
2026-01-22 11:10:00,7.87,7.87,7.86,7.86,3
2026-01-22 11:11:00,7.85,7.85,7.84,7.84,6
2026-01-22 11:12:00,7.86,7.86,7.86,7.86,3
2026-01-22 11:13:00,7.86,7.86,7.86,7.86,0
2026-01-22 11:14:00,7.84,7.85,7.84,7.84,5
2026-01-22 11:15:00,7.84,7.84,7.84,7.84,0
2026-01-22 11:16:00,7.86,7.86,7.84,7.84,14
2026-01-22 11:17:00,7.84,7.84,7.84,7.84,0
2026-01-22 11:18:00,7.83,7.83,7.81,7.82,17
2026-01-22 11:19:00,7.82,7.84,7.82,7.84,7
2026-01-22 11:20:00,7.84,7.84,7.84,7.84,0
2026-01-22 11:21:00,7.85,7.85,7.84,7.85,1
2026-01-22 11:22:00,7.85,7.86,7.84,7.86,47
2026-01-22 11:23:00,7.85,7.85,7.85,7.85,10
2026-01-22 11:24:00,7.88,7.88,7.88,7.88,1
2026-01-22 11:25:00,7.88,7.88,7.88,7.88,0
2026-01-22 11:26:00,7.87,7.87,7.85,7.85,10
2026-01-22 11:27:00,7.85,7.85,7.85,7.85,6
2026-01-22 11:28:00,7.85,7.85,7.85,7.85,5
2026-01-22 11:29:00,7.84,7.84,7.84,7.84,2
2026-01-22 11:30:00,7.85,7.85,7.85,7.85,1
2026-01-22 11:31:00,7.84,7.84,7.84,7.84,8
2026-01-22 11:32:00,7.84,7.84,7.84,7.84,0
2026-01-22 11:33:00,7.83,7.83,7.82,7.82,4
2026-01-22 11:34:00,7.8,7.81,7.8,7.8,3
2026-01-22 11:35:00,7.83,7.83,7.83,7.83,30
2026-01-22 11:36:00,7.8,7.8,7.78,7.78,6
2026-01-22 11:37:00,7.78,7.78,7.78,7.78,0
2026-01-22 11:38:00,7.78,7.78,7.78,7.78,1
2026-01-22 11:39:00,7.78,7.78,7.78,7.78,0
2026-01-22 11:40:00,7.78,7.78,7.78,7.78,0
2026-01-22 11:41:00,7.81,7.81,7.8,7.81,21
2026-01-22 11:42:00,7.81,7.81,7.81,7.81,0
2026-01-22 11:43:00,7.79,7.83,7.79,7.83,18
2026-01-22 11:44:00,7.83,7.84,7.81,7.84,7
2026-01-22 11:45:00,7.84,7.84,7.84,7.84,0
2026-01-22 11:46:00,7.84,7.84,7.84,7.84,0
2026-01-22 11:47:00,7.81,7.86,7.81,7.81,78
2026-01-22 11:48:00,7.81,7.83,7.8,7.8,7
2026-01-22 11:49:00,7.8,7.82,7.8,7.82,8
2026-01-22 11:50:00,7.82,7.82,7.82,7.82,0
2026-01-22 11:51:00,7.8,7.8,7.77,7.78,17
2026-01-22 11:52:00,7.78,7.78,7.78,7.78,0
2026-01-22 11:53:00,7.78,7.78,7.78,7.78,0
2026-01-22 11:54:00,7.81,7.81,7.78,7.78,11
2026-01-22 11:55:00,7.76,7.77,7.76,7.76,2
2026-01-22 11:56:00,7.76,7.77,7.76,7.77,9
2026-01-22 11:57:00,7.77,7.77,7.77,7.77,0
2026-01-22 11:58:00,7.76,7.76,7.76,7.76,2
2026-01-22 11:59:00,7.76,7.76,7.76,7.76,0
2026-01-22 12:00:00,7.76,7.76,7.75,7.76,1
2026-01-22 12:01:00,7.77,7.77,7.76,7.77,9
2026-01-22 12:02:00,7.77,7.77,7.77,7.77,0
2026-01-22 12:03:00,7.79,7.79,7.76,7.76,6
2026-01-22 12:04:00,7.76,7.76,7.76,7.76,0
2026-01-22 12:05:00,7.76,7.76,7.76,7.76,0
2026-01-22 12:06:00,7.76,7.76,7.76,7.76,0
2026-01-22 12:07:00,7.79,7.79,7.79,7.79,2
2026-01-22 12:08:00,7.79,7.79,7.79,7.79,1
2026-01-22 12:09:00,7.79,7.79,7.79,7.79,0
2026-01-22 12:10:00,7.79,7.79,7.79,7.79,1
2026-01-22 12:11:00,7.79,7.79,7.79,7.79,0
2026-01-22 12:12:00,7.81,7.81,7.81,7.81,4
2026-01-22 12:13:00,7.81,7.81,7.81,7.81,0
2026-01-22 12:14:00,7.81,7.81,7.81,7.81,0
2026-01-22 12:15:00,7.8,7.8,7.8,7.8,3
2026-01-22 12:16:00,7.78,7.79,7.78,7.79,3
2026-01-22 12:17:00,7.79,7.79,7.77,7.77,3
2026-01-22 12:18:00,7.79,7.79,7.78,7.79,2
2026-01-22 12:19:00,7.79,7.79,7.73,7.73,74
2026-01-22 12:20:00,7.71,7.71,7.7,7.7,30
2026-01-22 12:21:00,7.7,7.7,7.7,7.7,0
2026-01-22 12:22:00,7.67,7.67,7.63,7.66,45
2026-01-22 12:23:00,7.66,7.66,7.65,7.66,8
2026-01-22 12:24:00,7.66,7.66,7.63,7.66,30
2026-01-22 12:25:00,7.66,7.66,7.64,7.64,162
2026-01-22 12:26:00,7.66,7.67,7.64,7.64,6
2026-01-22 12:27:00,7.64,7.66,7.62,7.66,76
2026-01-22 12:28:00,7.67,7.69,7.65,7.66,117
2026-01-22 12:29:00,7.67,7.67,7.67,7.67,5
2026-01-22 12:30:00,7.67,7.67,7.67,7.67,5
2026-01-22 12:31:00,7.68,7.68,7.67,7.67,12
2026-01-22 12:32:00,7.67,7.67,7.67,7.67,0
2026-01-22 12:33:00,7.67,7.67,7.67,7.67,11
2026-01-22 12:34:00,7.69,7.69,7.69,7.69,1
2026-01-22 12:35:00,7.67,7.67,7.66,7.66,7
2026-01-22 12:36:00,7.67,7.7,7.66,7.7,29
2026-01-22 12:37:00,7.66,7.68,7.66,7.66,25
2026-01-22 12:38:00,7.66,7.67,7.66,7.67,12
2026-01-22 12:39:00,7.66,7.67,7.66,7.67,9
2026-01-22 12:40:00,7.7,7.7,7.7,7.7,2
2026-01-22 12:41:00,7.69,7.69,7.67,7.67,31
2026-01-22 12:42:00,7.67,7.69,7.67,7.68,23
2026-01-22 12:43:00,7.67,7.68,7.66,7.68,24
2026-01-22 12:44:00,7.66,7.68,7.66,7.66,7
2026-01-22 12:45:00,7.66,7.69,7.66,7.69,14
2026-01-22 12:46:00,7.69,7.69,7.67,7.67,12
2026-01-22 12:47:00,7.68,7.69,7.68,7.69,14
2026-01-22 12:48:00,7.69,7.69,7.69,7.69,4
2026-01-22 12:49:00,7.68,7.68,7.66,7.67,20
2026-01-22 12:50:00,7.66,7.67,7.65,7.67,44
2026-01-22 12:51:00,7.65,7.67,7.65,7.66,20
2026-01-22 12:52:00,7.65,7.66,7.65,7.66,5
2026-01-22 12:53:00,7.65,7.66,7.65,7.66,7
2026-01-22 12:54:00,7.65,7.65,7.65,7.65,1
2026-01-22 12:55:00,7.65,7.66,7.64,7.64,15
2026-01-22 12:56:00,7.64,7.64,7.64,7.64,1
2026-01-22 12:57:00,7.65,7.65,7.65,7.65,1
2026-01-22 12:58:00,7.65,7.66,7.64,7.64,5
2026-01-22 12:59:00,7.65,7.65,7.65,7.65,5
2026-01-22 13:00:00,7.65,7.65,7.64,7.64,22
2026-01-22 13:01:00,7.64,7.64,7.64,7.64,0
2026-01-22 13:02:00,7.64,7.64,7.64,7.64,5
2026-01-22 13:03:00,7.66,7.66,7.66,7.66,1
2026-01-22 13:04:00,7.64,7.64,7.64,7.64,13
2026-01-22 13:05:00,7.66,7.66,7.64,7.64,3
2026-01-22 13:06:00,7.65,7.65,7.64,7.64,3
2026-01-22 13:07:00,7.65,7.65,7.64,7.65,11
2026-01-22 13:08:00,7.65,7.65,7.64,7.64,9
2026-01-22 13:09:00,7.65,7.65,7.64,7.65,3
2026-01-22 13:10:00,7.65,7.65,7.64,7.64,20
2026-01-22 13:11:00,7.63,7.63,7.63,7.63,5
2026-01-22 13:12:00,7.63,7.64,7.62,7.62,11
2026-01-22 13:13:00,7.62,7.62,7.62,7.62,0
2026-01-22 13:14:00,7.62,7.64,7.62,7.64,12
2026-01-22 13:15:00,7.63,7.63,7.61,7.61,4
2026-01-22 13:16:00,7.63,7.63,7.63,7.63,3
2026-01-22 13:17:00,7.63,7.63,7.63,7.63,0
2026-01-22 13:18:00,7.62,7.63,7.62,7.63,10
2026-01-22 13:19:00,7.62,7.64,7.62,7.64,23
2026-01-22 13:20:00,7.65,7.65,7.64,7.65,13
2026-01-22 13:21:00,7.65,7.66,7.65,7.66,12
2026-01-22 13:22:00,7.64,7.64,7.64,7.64,4
2026-01-22 13:23:00,7.64,7.64,7.64,7.64,1
2026-01-22 13:24:00,7.66,7.66,7.64,7.64,5
2026-01-22 13:25:00,7.64,7.64,7.63,7.63,12
2026-01-22 13:26:00,7.6,7.62,7.6,7.6,5
2026-01-22 13:27:00,7.6,7.62,7.6,7.6,37
2026-01-22 13:28:00,7.6,7.61,7.6,7.61,12
2026-01-22 13:29:00,7.61,7.61,7.6,7.6,12
2026-01-22 13:30:00,7.6,7.6,7.6,7.6,1
2026-01-22 13:31:00,7.6,7.62,7.6,7.62,14
2026-01-22 13:32:00,7.62,7.62,7.62,7.62,0
2026-01-22 13:33:00,7.62,7.62,7.62,7.62,0
2026-01-22 13:34:00,7.62,7.62,7.62,7.62,4
2026-01-22 13:35:00,7.62,7.62,7.62,7.62,0
2026-01-22 13:36:00,7.62,7.63,7.62,7.62,8
2026-01-22 13:37:00,7.62,7.62,7.62,7.62,0
2026-01-22 13:38:00,7.61,7.62,7.61,7.61,1
2026-01-22 13:39:00,7.61,7.61,7.61,7.61,0
2026-01-22 13:40:00,7.61,7.61,7.6,7.6,10
2026-01-22 13:41:00,7.6,7.6,7.6,7.6,0
2026-01-22 13:42:00,7.6,7.6,7.6,7.6,0
2026-01-22 13:43:00,7.63,7.63,7.59,7.59,4
2026-01-22 13:44:00,7.59,7.63,7.59,7.6,17
2026-01-22 13:45:00,7.59,7.6,7.59,7.59,6
2026-01-22 13:46:00,7.6,7.6,7.59,7.59,11
2026-01-22 13:47:00,7.58,7.59,7.58,7.58,3
2026-01-22 13:48:00,7.58,7.59,7.58,7.59,5
2026-01-22 13:49:00,7.59,7.59,7.58,7.58,15
2026-01-22 13:50:00,7.58,7.58,7.58,7.58,0
2026-01-22 13:51:00,7.6,7.6,7.6,7.6,2
2026-01-22 13:52:00,7.58,7.58,7.58,7.58,1
2026-01-22 13:53:00,7.59,7.59,7.59,7.59,2
2026-01-22 13:54:00,7.58,7.58,7.58,7.58,1
2026-01-22 13:55:00,7.58,7.58,7.58,7.58,1
2026-01-22 13:56:00,7.58,7.61,7.58,7.61,26
2026-01-22 13:57:00,7.61,7.61,7.61,7.61,2
2026-01-22 13:58:00,7.61,7.61,7.61,7.61,1
2026-01-22 13:59:00,7.62,7.63,7.59,7.63,10
2026-01-22 14:00:00,7.63,7.63,7.63,7.63,0
2026-01-22 14:01:00,7.63,7.63,7.63,7.63,0
2026-01-22 14:02:00,7.63,7.63,7.63,7.63,0
2026-01-22 14:03:00,7.65,7.66,7.65,7.66,6
2026-01-22 14:04:00,7.67,7.68,7.67,7.68,3
2026-01-22 14:05:00,7.66,7.67,7.66,7.66,19
2026-01-22 14:06:00,7.68,7.69,7.68,7.68,1
2026-01-22 14:07:00,7.68,7.68,7.68,7.68,0
2026-01-22 14:08:00,7.68,7.68,7.68,7.68,0
2026-01-22 14:09:00,7.72,7.72,7.72,7.72,1
2026-01-22 14:10:00,7.71,7.71,7.69,7.69,17
2026-01-22 14:11:00,7.69,7.69,7.69,7.69,2
2026-01-22 14:12:00,7.68,7.69,7.68,7.69,2
2026-01-22 14:13:00,7.69,7.69,7.69,7.69,0
2026-01-22 14:14:00,7.69,7.69,7.69,7.69,0
2026-01-22 14:15:00,7.69,7.69,7.69,7.69,0
2026-01-22 14:16:00,7.68,7.68,7.66,7.66,13
2026-01-22 14:17:00,7.66,7.66,7.66,7.66,0
2026-01-22 14:18:00,7.66,7.66,7.66,7.66,9
2026-01-22 14:19:00,7.66,7.67,7.66,7.67,16
2026-01-22 14:20:00,7.66,7.66,7.66,7.66,4
2026-01-22 14:21:00,7.66,7.66,7.66,7.66,3
2026-01-22 14:22:00,7.66,7.66,7.66,7.66,0
2026-01-22 14:23:00,7.66,7.67,7.66,7.67,3
2026-01-22 14:24:00,7.67,7.67,7.67,7.67,0
2026-01-22 14:25:00,7.67,7.67,7.67,7.67,0
2026-01-22 14:26:00,7.65,7.65,7.65,7.65,1
2026-01-22 14:27:00,7.65,7.65,7.65,7.65,0
2026-01-22 14:28:00,7.65,7.65,7.65,7.65,0
2026-01-22 14:29:00,7.65,7.65,7.65,7.65,0
2026-01-22 14:30:00,7.65,7.68,7.65,7.68,24
2026-01-22 14:31:00,7.67,7.67,7.65,7.66,41
2026-01-22 14:32:00,7.65,7.66,7.65,7.66,17
2026-01-22 14:33:00,7.66,7.66,7.65,7.65,4
2026-01-22 14:34:00,7.65,7.65,7.65,7.65,0
2026-01-22 14:35:00,7.65,7.65,7.65,7.65,0
2026-01-22 14:36:00,7.67,7.67,7.67,7.67,8
2026-01-22 14:37:00,7.68,7.7,7.68,7.7,12
2026-01-22 14:38:00,7.7,7.7,7.7,7.7,0
2026-01-22 14:39:00,7.7,7.7,7.7,7.7,0
2026-01-22 14:40:00,7.69,7.69,7.67,7.67,14
2026-01-22 14:41:00,7.67,7.67,7.67,7.67,0
2026-01-22 14:42:00,7.67,7.67,7.67,7.67,0
2026-01-22 14:43:00,7.67,7.67,7.67,7.67,0
2026-01-22 14:44:00,7.7,7.7,7.7,7.7,1
2026-01-22 14:45:00,7.7,7.7,7.7,7.7,0
2026-01-22 14:46:00,7.7,7.7,7.68,7.68,2
2026-01-22 14:47:00,7.68,7.68,7.68,7.68,0
2026-01-22 14:48:00,7.68,7.68,7.68,7.68,0
2026-01-22 14:49:00,7.68,7.68,7.68,7.68,0
2026-01-22 14:50:00,7.67,7.68,7.67,7.67,1
2026-01-22 14:51:00,7.68,7.69,7.68,7.68,9
2026-01-22 14:52:00,7.67,7.67,7.67,7.67,3
2026-01-22 14:53:00,7.67,7.67,7.67,7.67,1
2026-01-22 14:54:00,7.68,7.68,7.66,7.66,7
2026-01-22 14:55:00,7.66,7.66,7.66,7.66,5
2026-01-22 14:56:00,7.66,7.66,7.66,7.66,0
2026-01-22 14:57:00,7.66,7.66,7.66,7.66,0
2026-01-22 14:58:00,7.66,7.66,7.66,7.66,0
2026-01-22 14:59:00,7.65,7.65,7.65,7.65,2
2026-01-22 15:00:00,7.65,7.65,7.65,7.65,6
2026-01-22 15:01:00,7.64,7.64,7.63,7.63,8
2026-01-22 15:02:00,7.63,7.63,7.63,7.63,0
2026-01-22 15:03:00,7.62,7.62,7.62,7.62,10
2026-01-22 15:04:00,7.62,7.62,7.62,7.62,6
2026-01-22 15:05:00,7.61,7.62,7.61,7.62,6
2026-01-22 15:06:00,7.62,7.62,7.62,7.62,0
2026-01-22 15:07:00,7.62,7.62,7.62,7.62,0
2026-01-22 15:08:00,7.62,7.62,7.62,7.62,0
2026-01-22 15:09:00,7.61,7.61,7.61,7.61,1
2026-01-22 15:10:00,7.61,7.61,7.61,7.61,1
2026-01-22 15:11:00,7.63,7.64,7.62,7.63,17
2026-01-22 15:12:00,7.63,7.63,7.63,7.63,0
2026-01-22 15:13:00,7.62,7.64,7.62,7.64,2
2026-01-22 15:14:00,7.65,7.65,7.65,7.65,1
2026-01-22 15:15:00,7.65,7.66,7.65,7.65,3
2026-01-22 15:16:00,7.65,7.65,7.64,7.64,23
2026-01-22 15:17:00,7.64,7.64,7.64,7.64,10
2026-01-22 15:18:00,7.64,7.64,7.64,7.64,0
2026-01-22 15:19:00,7.63,7.63,7.63,7.63,5
2026-01-22 15:20:00,7.62,7.62,7.62,7.62,10
2026-01-22 15:21:00,7.62,7.62,7.62,7.62,0
2026-01-22 15:22:00,7.62,7.62,7.61,7.61,21
2026-01-22 15:23:00,7.61,7.61,7.61,7.61,0
2026-01-22 15:24:00,7.61,7.61,7.61,7.61,0
2026-01-22 15:25:00,7.61,7.61,7.61,7.61,0
2026-01-22 15:26:00,7.61,7.61,7.61,7.61,8
2026-01-22 15:27:00,7.6,7.6,7.6,7.6,5
2026-01-22 15:28:00,7.6,7.63,7.6,7.62,36
2026-01-22 15:29:00,7.62,7.63,7.62,7.62,24
2026-01-22 15:30:00,7.62,7.62,7.62,7.62,14
2026-01-22 15:31:00,7.63,7.64,7.62,7.63,13
2026-01-22 15:32:00,7.65,7.65,7.65,7.65,15
2026-01-22 15:33:00,7.66,7.66,7.65,7.65,20
2026-01-22 15:34:00,7.64,7.64,7.64,7.64,2
2026-01-22 15:35:00,7.64,7.64,7.64,7.64,0
2026-01-22 15:36:00,7.65,7.65,7.64,7.65,1
2026-01-22 15:37:00,7.64,7.64,7.64,7.64,10
2026-01-22 15:38:00,7.64,7.64,7.63,7.64,1
2026-01-22 15:39:00,7.63,7.63,7.61,7.61,19
2026-01-22 15:40:00,7.61,7.61,7.6,7.6,9
2026-01-22 15:41:00,7.61,7.61,7.6,7.61,5
2026-01-22 15:42:00,7.6,7.6,7.6,7.6,2
2026-01-22 15:43:00,7.6,7.6,7.6,7.6,4
2026-01-22 15:44:00,7.61,7.61,7.6,7.6,6
2026-01-22 15:45:00,7.59,7.59,7.59,7.59,2
2026-01-22 15:46:00,7.58,7.59,7.58,7.58,4
2026-01-22 15:47:00,7.58,7.59,7.58,7.58,1
2026-01-22 15:48:00,7.57,7.57,7.57,7.57,11
2026-01-22 15:49:00,7.57,7.57,7.55,7.55,6
2026-01-22 15:50:00,7.56,7.56,7.55,7.56,9
2026-01-22 15:51:00,7.56,7.57,7.56,7.57,17
2026-01-22 15:52:00,7.57,7.57,7.57,7.57,0
2026-01-22 15:53:00,7.57,7.57,7.57,7.57,1
2026-01-22 15:54:00,7.56,7.57,7.56,7.57,8
2026-01-22 15:55:00,7.58,7.58,7.56,7.58,29
2026-01-22 15:56:00,7.58,7.58,7.57,7.57,5
2026-01-22 15:57:00,7.58,7.59,7.57,7.59,41
2026-01-22 15:58:00,7.58,7.59,7.56,7.56,58
2026-01-22 15:59:00,7.56,7.6,7.56,7.6,52
2026-01-23 09:30:00,7.71,7.71,7.6,7.7,213
2026-01-23 09:31:00,7.59,7.61,7.59,7.59,13
2026-01-23 09:32:00,7.67,7.67,7.67,7.67,1
2026-01-23 09:33:00,7.77,7.77,7.67,7.77,3
2026-01-23 09:34:00,7.77,7.77,7.61,7.76,11
2026-01-23 09:35:00,7.76,7.76,7.76,7.76,0
2026-01-23 09:36:00,7.74,7.74,7.73,7.74,3
2026-01-23 09:37:00,7.74,7.74,7.72,7.72,5
2026-01-23 09:38:00,7.69,7.77,7.69,7.73,76
2026-01-23 09:39:00,7.73,7.76,7.7,7.72,138
2026-01-23 09:40:00,7.72,7.72,7.69,7.69,22
2026-01-23 09:41:00,7.72,7.72,7.61,7.61,14
2026-01-23 09:42:00,7.65,7.67,7.62,7.67,12
2026-01-23 09:43:00,7.73,7.73,7.66,7.68,6
2026-01-23 09:44:00,7.68,7.68,7.68,7.68,0
2026-01-23 09:45:00,7.65,7.69,7.65,7.68,9
2026-01-23 09:46:00,7.65,7.67,7.62,7.62,48
2026-01-23 09:47:00,7.62,7.62,7.61,7.62,1
2026-01-23 09:48:00,7.6,7.6,7.6,7.6,1
2026-01-23 09:49:00,7.6,7.6,7.6,7.6,0
2026-01-23 09:50:00,7.61,7.61,7.61,7.61,3
2026-01-23 09:51:00,7.59,7.59,7.54,7.54,17
2026-01-23 09:52:00,7.54,7.55,7.54,7.54,2
2026-01-23 09:53:00,7.54,7.55,7.5,7.53,85
2026-01-23 09:54:00,7.54,7.55,7.54,7.54,3
2026-01-23 09:55:00,7.53,7.54,7.53,7.54,3
2026-01-23 09:56:00,7.53,7.53,7.52,7.53,1
2026-01-23 09:57:00,7.56,7.56,7.54,7.54,11
2026-01-23 09:58:00,7.55,7.55,7.51,7.51,28
2026-01-23 09:59:00,7.51,7.51,7.51,7.51,3
2026-01-23 10:00:00,7.51,7.52,7.48,7.48,37
2026-01-23 10:01:00,7.46,7.49,7.46,7.48,23
2026-01-23 10:02:00,7.5,7.52,7.49,7.52,16
2026-01-23 10:03:00,7.47,7.48,7.47,7.47,9
2026-01-23 10:04:00,7.52,7.52,7.5,7.5,5
2026-01-23 10:05:00,7.51,7.53,7.5,7.53,16
2026-01-23 10:06:00,7.51,7.51,7.5,7.51,2
2026-01-23 10:07:00,7.5,7.5,7.5,7.5,2
2026-01-23 10:08:00,7.5,7.5,7.5,7.5,1
2026-01-23 10:09:00,7.49,7.49,7.49,7.49,5
2026-01-23 10:10:00,7.48,7.49,7.45,7.45,13
2026-01-23 10:11:00,7.46,7.48,7.45,7.47,18
2026-01-23 10:12:00,7.5,7.52,7.5,7.51,4
2026-01-23 10:13:00,7.51,7.51,7.51,7.51,0
2026-01-23 10:14:00,7.5,7.53,7.5,7.53,27
2026-01-23 10:15:00,7.53,7.53,7.53,7.53,0
2026-01-23 10:16:00,7.52,7.52,7.52,7.52,1
2026-01-23 10:17:00,7.51,7.52,7.51,7.52,13
2026-01-23 10:18:00,7.52,7.52,7.51,7.51,17
2026-01-23 10:19:00,7.52,7.53,7.51,7.53,11
2026-01-23 10:20:00,7.53,7.53,7.53,7.53,0
2026-01-23 10:21:00,7.52,7.52,7.51,7.52,3
2026-01-23 10:22:00,7.53,7.53,7.53,7.53,4
2026-01-23 10:23:00,7.52,7.52,7.51,7.52,1
2026-01-23 10:24:00,7.52,7.52,7.51,7.52,2
2026-01-23 10:25:00,7.52,7.54,7.51,7.52,31
2026-01-23 10:26:00,7.52,7.52,7.52,7.52,4
2026-01-23 10:27:00,7.52,7.52,7.5,7.5,14
2026-01-23 10:28:00,7.5,7.5,7.5,7.5,0
2026-01-23 10:29:00,7.5,7.51,7.49,7.51,4
2026-01-23 10:30:00,7.52,7.52,7.51,7.52,2
2026-01-23 10:31:00,7.52,7.52,7.51,7.52,1
2026-01-23 10:32:00,7.52,7.52,7.52,7.52,0
2026-01-23 10:33:00,7.52,7.53,7.51,7.52,68
2026-01-23 10:34:00,7.52,7.52,7.52,7.52,0
2026-01-23 10:35:00,7.52,7.52,7.52,7.52,8
2026-01-23 10:36:00,7.52,7.52,7.52,7.52,0
2026-01-23 10:37:00,7.52,7.52,7.52,7.52,2
2026-01-23 10:38:00,7.54,7.54,7.53,7.54,2
2026-01-23 10:39:00,7.54,7.54,7.54,7.54,0
2026-01-23 10:40:00,7.54,7.54,7.52,7.53,9
2026-01-23 10:41:00,7.53,7.53,7.53,7.53,0
2026-01-23 10:42:00,7.53,7.53,7.53,7.53,0
2026-01-23 10:43:00,7.52,7.52,7.52,7.52,2
2026-01-23 10:44:00,7.53,7.56,7.53,7.55,27
2026-01-23 10:45:00,7.55,7.56,7.55,7.56,30
2026-01-23 10:46:00,7.56,7.56,7.56,7.56,0
2026-01-23 10:47:00,7.59,7.59,7.58,7.59,5
2026-01-23 10:48:00,7.57,7.58,7.56,7.57,12
2026-01-23 10:49:00,7.57,7.57,7.57,7.57,0
2026-01-23 10:50:00,7.57,7.57,7.57,7.57,0
2026-01-23 10:51:00,7.57,7.57,7.57,7.57,0
2026-01-23 10:52:00,7.57,7.58,7.57,7.57,15
2026-01-23 10:53:00,7.58,7.59,7.58,7.58,6
2026-01-23 10:54:00,7.59,7.59,7.59,7.59,2
2026-01-23 10:55:00,7.6,7.6,7.6,7.6,1
2026-01-23 10:56:00,7.6,7.61,7.59,7.61,9
2026-01-23 10:57:00,7.61,7.61,7.61,7.61,0
2026-01-23 10:58:00,7.61,7.61,7.61,7.61,0
2026-01-23 10:59:00,7.58,7.58,7.58,7.58,3
2026-01-23 11:00:00,7.58,7.58,7.58,7.58,0
2026-01-23 11:01:00,7.58,7.58,7.58,7.58,0
2026-01-23 11:02:00,7.59,7.59,7.58,7.59,1
2026-01-23 11:03:00,7.57,7.57,7.57,7.57,28
2026-01-23 11:04:00,7.59,7.59,7.56,7.58,4
2026-01-23 11:05:00,7.58,7.58,7.58,7.58,0
2026-01-23 11:06:00,7.58,7.58,7.58,7.58,2
2026-01-23 11:07:00,7.58,7.58,7.58,7.58,0
2026-01-23 11:08:00,7.56,7.58,7.56,7.58,8
2026-01-23 11:09:00,7.58,7.6,7.58,7.6,11
2026-01-23 11:10:00,7.58,7.58,7.58,7.58,1
2026-01-23 11:11:00,7.6,7.6,7.55,7.56,12
2026-01-23 11:12:00,7.56,7.56,7.55,7.56,4
2026-01-23 11:13:00,7.56,7.57,7.56,7.57,4
2026-01-23 11:14:00,7.58,7.58,7.57,7.58,2
2026-01-23 11:15:00,7.57,7.57,7.56,7.57,1
2026-01-23 11:16:00,7.57,7.57,7.57,7.57,0
2026-01-23 11:17:00,7.57,7.57,7.57,7.57,0
2026-01-23 11:18:00,7.57,7.57,7.57,7.57,0
2026-01-23 11:19:00,7.57,7.57,7.57,7.57,0
2026-01-23 11:20:00,7.57,7.57,7.56,7.57,1
2026-01-23 11:21:00,7.58,7.58,7.57,7.58,1
2026-01-23 11:22:00,7.57,7.57,7.56,7.56,3
2026-01-23 11:23:00,7.55,7.56,7.55,7.55,1
2026-01-23 11:24:00,7.55,7.55,7.55,7.55,0
2026-01-23 11:25:00,7.55,7.55,7.55,7.55,0
2026-01-23 11:26:00,7.55,7.55,7.55,7.55,0
2026-01-23 11:27:00,7.56,7.56,7.52,7.52,14
2026-01-23 11:28:00,7.52,7.52,7.52,7.52,5
2026-01-23 11:29:00,7.52,7.52,7.52,7.52,0
2026-01-23 11:30:00,7.52,7.52,7.5,7.52,14
2026-01-23 11:31:00,7.52,7.52,7.52,7.52,0
2026-01-23 11:32:00,7.52,7.52,7.52,7.52,0
2026-01-23 11:33:00,7.52,7.52,7.52,7.52,0
2026-01-23 11:34:00,7.52,7.52,7.52,7.52,0
2026-01-23 11:35:00,7.52,7.52,7.52,7.52,0
2026-01-23 11:36:00,7.51,7.52,7.51,7.52,6
2026-01-23 11:37:00,7.5,7.5,7.5,7.5,6
2026-01-23 11:38:00,7.52,7.54,7.52,7.53,20
2026-01-23 11:39:00,7.55,7.55,7.55,7.55,1
2026-01-23 11:40:00,7.55,7.55,7.55,7.55,0
2026-01-23 11:41:00,7.55,7.55,7.55,7.55,0
2026-01-23 11:42:00,7.55,7.55,7.55,7.55,0
2026-01-23 11:43:00,7.58,7.59,7.58,7.59,7
2026-01-23 11:44:00,7.59,7.63,7.59,7.63,8
2026-01-23 11:45:00,7.62,7.62,7.62,7.62,3
2026-01-23 11:46:00,7.6,7.6,7.6,7.6,1
2026-01-23 11:47:00,7.58,7.59,7.58,7.58,4
2026-01-23 11:48:00,7.58,7.59,7.58,7.58,3
2026-01-23 11:49:00,7.57,7.57,7.57,7.57,8
2026-01-23 11:50:00,7.57,7.57,7.57,7.57,0
2026-01-23 11:51:00,7.57,7.57,7.57,7.57,0
2026-01-23 11:52:00,7.57,7.57,7.57,7.57,10
2026-01-23 11:53:00,7.57,7.57,7.52,7.52,34
2026-01-23 11:54:00,7.53,7.53,7.52,7.52,3
2026-01-23 11:55:00,7.52,7.52,7.52,7.52,0
2026-01-23 11:56:00,7.52,7.52,7.52,7.52,0
2026-01-23 11:57:00,7.52,7.52,7.52,7.52,0
2026-01-23 11:58:00,7.52,7.52,7.52,7.52,4
2026-01-23 11:59:00,7.52,7.52,7.52,7.52,0
2026-01-23 12:00:00,7.51,7.51,7.5,7.51,14
2026-01-23 12:01:00,7.51,7.51,7.51,7.51,0
2026-01-23 12:02:00,7.51,7.51,7.51,7.51,0
2026-01-23 12:03:00,7.51,7.51,7.51,7.51,0
2026-01-23 12:04:00,7.51,7.51,7.51,7.51,2
2026-01-23 12:05:00,7.52,7.52,7.51,7.52,1
2026-01-23 12:06:00,7.52,7.52,7.51,7.52,8
2026-01-23 12:07:00,7.53,7.54,7.53,7.54,4
2026-01-23 12:08:00,7.54,7.54,7.54,7.54,0
2026-01-23 12:09:00,7.53,7.53,7.51,7.52,10
2026-01-23 12:10:00,7.52,7.52,7.52,7.52,0
2026-01-23 12:11:00,7.52,7.52,7.52,7.52,0
2026-01-23 12:12:00,7.55,7.55,7.55,7.55,1
2026-01-23 12:13:00,7.56,7.56,7.56,7.56,7
2026-01-23 12:14:00,7.56,7.56,7.56,7.56,0
2026-01-23 12:15:00,7.56,7.56,7.56,7.56,0
2026-01-23 12:16:00,7.56,7.56,7.55,7.56,1
2026-01-23 12:17:00,7.56,7.56,7.56,7.56,0
2026-01-23 12:18:00,7.56,7.56,7.54,7.54,16
2026-01-23 12:19:00,7.57,7.57,7.57,7.57,3
2026-01-23 12:20:00,7.56,7.56,7.56,7.56,1
2026-01-23 12:21:00,7.56,7.56,7.56,7.56,0
2026-01-23 12:22:00,7.54,7.56,7.54,7.55,4
2026-01-23 12:23:00,7.56,7.56,7.55,7.56,1
2026-01-23 12:24:00,7.56,7.56,7.55,7.55,2
2026-01-23 12:25:00,7.54,7.55,7.53,7.54,8
2026-01-23 12:26:00,7.54,7.54,7.54,7.54,0
2026-01-23 12:27:00,7.54,7.54,7.5,7.52,79
2026-01-23 12:28:00,7.52,7.52,7.52,7.52,0
2026-01-23 12:29:00,7.52,7.52,7.52,7.52,0
2026-01-23 12:30:00,7.52,7.52,7.52,7.52,1
2026-01-23 12:31:00,7.52,7.52,7.52,7.52,3
2026-01-23 12:32:00,7.54,7.54,7.52,7.52,5
2026-01-23 12:33:00,7.51,7.51,7.51,7.51,1
2026-01-23 12:34:00,7.51,7.51,7.51,7.51,0
2026-01-23 12:35:00,7.51,7.51,7.5,7.51,2
2026-01-23 12:36:00,7.51,7.51,7.51,7.51,3
2026-01-23 12:37:00,7.51,7.51,7.51,7.51,0
2026-01-23 12:38:00,7.52,7.52,7.52,7.52,5
2026-01-23 12:39:00,7.52,7.52,7.52,7.52,2
2026-01-23 12:40:00,7.53,7.53,7.53,7.53,3
2026-01-23 12:41:00,7.53,7.53,7.52,7.52,2
2026-01-23 12:42:00,7.51,7.51,7.5,7.5,25
2026-01-23 12:43:00,7.5,7.5,7.49,7.5,1
2026-01-23 12:44:00,7.5,7.51,7.49,7.51,7
2026-01-23 12:45:00,7.51,7.51,7.5,7.51,13
2026-01-23 12:46:00,7.51,7.51,7.5,7.5,6
2026-01-23 12:47:00,7.5,7.5,7.5,7.5,0
2026-01-23 12:48:00,7.5,7.5,7.5,7.5,0
2026-01-23 12:49:00,7.5,7.5,7.5,7.5,0
2026-01-23 12:50:00,7.5,7.52,7.5,7.52,3
2026-01-23 12:51:00,7.5,7.51,7.5,7.51,27
2026-01-23 12:52:00,7.51,7.52,7.5,7.52,3
2026-01-23 12:53:00,7.52,7.52,7.52,7.52,0
2026-01-23 12:54:00,7.52,7.52,7.52,7.52,0
2026-01-23 12:55:00,7.5,7.51,7.5,7.5,3
2026-01-23 12:56:00,7.5,7.5,7.49,7.5,7
2026-01-23 12:57:00,7.5,7.5,7.5,7.5,0
2026-01-23 12:58:00,7.5,7.5,7.5,7.5,3
2026-01-23 12:59:00,7.5,7.5,7.5,7.5,0
2026-01-23 13:00:00,7.49,7.49,7.49,7.49,7
2026-01-23 13:01:00,7.49,7.49,7.49,7.49,0
2026-01-23 13:02:00,7.5,7.5,7.5,7.5,1
2026-01-23 13:03:00,7.5,7.5,7.5,7.5,3
2026-01-23 13:04:00,7.51,7.51,7.51,7.51,1
2026-01-23 13:05:00,7.52,7.52,7.51,7.52,1
2026-01-23 13:06:00,7.52,7.52,7.52,7.52,1
2026-01-23 13:07:00,7.52,7.52,7.52,7.52,0
2026-01-23 13:08:00,7.53,7.53,7.52,7.53,2
2026-01-23 13:09:00,7.54,7.55,7.54,7.55,6
2026-01-23 13:10:00,7.54,7.54,7.51,7.53,8
2026-01-23 13:11:00,7.53,7.53,7.53,7.53,2
2026-01-23 13:12:00,7.53,7.53,7.52,7.53,4
2026-01-23 13:13:00,7.52,7.52,7.52,7.52,6
2026-01-23 13:14:00,7.52,7.52,7.52,7.52,0
2026-01-23 13:15:00,7.51,7.51,7.51,7.51,4
2026-01-23 13:16:00,7.51,7.51,7.51,7.51,0
2026-01-23 13:17:00,7.53,7.53,7.53,7.53,3
2026-01-23 13:18:00,7.53,7.53,7.53,7.53,0
2026-01-23 13:19:00,7.54,7.54,7.53,7.53,6
2026-01-23 13:20:00,7.53,7.53,7.52,7.52,3
2026-01-23 13:21:00,7.52,7.52,7.52,7.52,0
2026-01-23 13:22:00,7.52,7.52,7.5,7.52,12
2026-01-23 13:23:00,7.52,7.52,7.52,7.52,0
2026-01-23 13:24:00,7.52,7.52,7.52,7.52,0
2026-01-23 13:25:00,7.52,7.52,7.52,7.52,0
2026-01-23 13:26:00,7.51,7.51,7.51,7.51,2
2026-01-23 13:27:00,7.5,7.51,7.5,7.51,6
2026-01-23 13:28:00,7.51,7.51,7.51,7.51,0
2026-01-23 13:29:00,7.51,7.51,7.51,7.51,0
2026-01-23 13:30:00,7.51,7.51,7.51,7.51,0
2026-01-23 13:31:00,7.51,7.51,7.5,7.51,3
2026-01-23 13:32:00,7.51,7.51,7.5,7.5,6
2026-01-23 13:33:00,7.5,7.5,7.5,7.5,0
2026-01-23 13:34:00,7.49,7.49,7.48,7.48,6
2026-01-23 13:35:00,7.48,7.48,7.47,7.48,1
2026-01-23 13:36:00,7.48,7.48,7.48,7.48,0
2026-01-23 13:37:00,7.48,7.48,7.48,7.48,2
2026-01-23 13:38:00,7.49,7.49,7.49,7.49,3
2026-01-23 13:39:00,7.5,7.5,7.5,7.5,1
2026-01-23 13:40:00,7.5,7.5,7.5,7.5,1
2026-01-23 13:41:00,7.49,7.49,7.47,7.47,14
2026-01-23 13:42:00,7.48,7.48,7.45,7.46,7
2026-01-23 13:43:00,7.46,7.46,7.46,7.46,0
2026-01-23 13:44:00,7.46,7.46,7.46,7.46,0
2026-01-23 13:45:00,7.46,7.46,7.45,7.46,1
2026-01-23 13:46:00,7.46,7.46,7.46,7.46,0
2026-01-23 13:47:00,7.46,7.46,7.46,7.46,0
2026-01-23 13:48:00,7.46,7.46,7.46,7.46,0
2026-01-23 13:49:00,7.46,7.46,7.46,7.46,0
2026-01-23 13:50:00,7.46,7.46,7.46,7.46,0
2026-01-23 13:51:00,7.46,7.46,7.45,7.46,1
2026-01-23 13:52:00,7.46,7.46,7.46,7.46,2
2026-01-23 13:53:00,7.46,7.46,7.46,7.46,0
2026-01-23 13:54:00,7.46,7.46,7.46,7.46,0
2026-01-23 13:55:00,7.45,7.45,7.45,7.45,1
2026-01-23 13:56:00,7.46,7.46,7.45,7.45,7
2026-01-23 13:57:00,7.46,7.46,7.46,7.46,2
2026-01-23 13:58:00,7.47,7.47,7.47,7.47,1
2026-01-23 13:59:00,7.47,7.47,7.47,7.47,0
2026-01-23 14:00:00,7.46,7.46,7.46,7.46,2
2026-01-23 14:01:00,7.46,7.47,7.46,7.47,5
2026-01-23 14:02:00,7.47,7.47,7.47,7.47,0
2026-01-23 14:03:00,7.47,7.47,7.47,7.47,0
2026-01-23 14:04:00,7.47,7.47,7.47,7.47,1
2026-01-23 14:05:00,7.46,7.46,7.46,7.46,1
2026-01-23 14:06:00,7.46,7.46,7.46,7.46,4
2026-01-23 14:07:00,7.46,7.46,7.46,7.46,1
2026-01-23 14:08:00,7.47,7.47,7.46,7.47,2
2026-01-23 14:09:00,7.47,7.47,7.47,7.47,0
2026-01-23 14:10:00,7.47,7.47,7.47,7.47,0
2026-01-23 14:11:00,7.47,7.47,7.47,7.47,0
2026-01-23 14:12:00,7.47,7.47,7.47,7.47,0
2026-01-23 14:13:00,7.47,7.47,7.46,7.47,1
2026-01-23 14:14:00,7.47,7.47,7.47,7.47,0
2026-01-23 14:15:00,7.47,7.47,7.47,7.47,0
2026-01-23 14:16:00,7.48,7.48,7.48,7.48,1
2026-01-23 14:17:00,7.48,7.48,7.48,7.48,0
2026-01-23 14:18:00,7.48,7.48,7.48,7.48,0
2026-01-23 14:19:00,7.47,7.47,7.46,7.47,11
2026-01-23 14:20:00,7.47,7.47,7.47,7.47,0
2026-01-23 14:21:00,7.48,7.49,7.48,7.49,8
2026-01-23 14:22:00,7.49,7.49,7.47,7.47,17
2026-01-23 14:23:00,7.47,7.47,7.47,7.47,0
2026-01-23 14:24:00,7.47,7.47,7.47,7.47,0
2026-01-23 14:25:00,7.47,7.47,7.47,7.47,0
2026-01-23 14:26:00,7.47,7.47,7.47,7.47,0
2026-01-23 14:27:00,7.48,7.48,7.48,7.48,2
2026-01-23 14:28:00,7.48,7.48,7.48,7.48,1
2026-01-23 14:29:00,7.48,7.48,7.48,7.48,0
2026-01-23 14:30:00,7.47,7.47,7.47,7.47,1
2026-01-23 14:31:00,7.47,7.47,7.47,7.47,1
2026-01-23 14:32:00,7.47,7.48,7.47,7.47,2
2026-01-23 14:33:00,7.47,7.47,7.47,7.47,1
2026-01-23 14:34:00,7.47,7.47,7.47,7.47,0
2026-01-23 14:35:00,7.48,7.48,7.47,7.47,2
2026-01-23 14:36:00,7.48,7.48,7.48,7.48,1
2026-01-23 14:37:00,7.48,7.48,7.48,7.48,0
2026-01-23 14:38:00,7.47,7.47,7.45,7.46,8
2026-01-23 14:39:00,7.46,7.46,7.45,7.46,3
2026-01-23 14:40:00,7.46,7.46,7.45,7.45,6
2026-01-23 14:41:00,7.46,7.46,7.46,7.46,1
2026-01-23 14:42:00,7.45,7.45,7.42,7.42,6
2026-01-23 14:43:00,7.42,7.42,7.42,7.42,0
2026-01-23 14:44:00,7.44,7.44,7.44,7.44,10
2026-01-23 14:45:00,7.44,7.45,7.44,7.45,4
2026-01-23 14:46:00,7.45,7.45,7.45,7.45,0
2026-01-23 14:47:00,7.45,7.45,7.45,7.45,0
2026-01-23 14:48:00,7.44,7.44,7.43,7.44,7
2026-01-23 14:49:00,7.44,7.44,7.44,7.44,0
2026-01-23 14:50:00,7.44,7.44,7.44,7.44,0
2026-01-23 14:51:00,7.44,7.44,7.44,7.44,0
2026-01-23 14:52:00,7.44,7.44,7.43,7.44,2
2026-01-23 14:53:00,7.44,7.44,7.44,7.44,1
2026-01-23 14:54:00,7.44,7.44,7.43,7.44,3
2026-01-23 14:55:00,7.44,7.44,7.43,7.44,1
2026-01-23 14:56:00,7.44,7.44,7.43,7.44,1
2026-01-23 14:57:00,7.44,7.44,7.44,7.44,1
2026-01-23 14:58:00,7.45,7.46,7.44,7.44,9
2026-01-23 14:59:00,7.44,7.44,7.44,7.44,2
2026-01-23 15:00:00,7.44,7.44,7.41,7.42,11
2026-01-23 15:01:00,7.42,7.42,7.42,7.42,0
2026-01-23 15:02:00,7.42,7.42,7.42,7.42,0
2026-01-23 15:03:00,7.42,7.43,7.41,7.43,5
2026-01-23 15:04:00,7.42,7.42,7.42,7.42,3
2026-01-23 15:05:00,7.42,7.42,7.42,7.42,0
2026-01-23 15:06:00,7.42,7.42,7.42,7.42,4
2026-01-23 15:07:00,7.42,7.43,7.42,7.42,9
2026-01-23 15:08:00,7.42,7.43,7.42,7.42,7
2026-01-23 15:09:00,7.43,7.45,7.43,7.44,7
2026-01-23 15:10:00,7.44,7.44,7.44,7.44,2
2026-01-23 15:11:00,7.44,7.45,7.43,7.44,10
2026-01-23 15:12:00,7.44,7.44,7.44,7.44,1
2026-01-23 15:13:00,7.44,7.44,7.44,7.44,0
2026-01-23 15:14:00,7.44,7.44,7.44,7.44,0
2026-01-23 15:15:00,7.43,7.45,7.43,7.45,9
2026-01-23 15:16:00,7.44,7.45,7.44,7.45,4
2026-01-23 15:17:00,7.46,7.46,7.45,7.46,2
2026-01-23 15:18:00,7.45,7.46,7.45,7.46,18
2026-01-23 15:19:00,7.46,7.46,7.46,7.46,0
2026-01-23 15:20:00,7.45,7.46,7.45,7.46,6
2026-01-23 15:21:00,7.45,7.45,7.45,7.45,2
2026-01-23 15:22:00,7.45,7.45,7.45,7.45,1
2026-01-23 15:23:00,7.45,7.46,7.45,7.46,7
2026-01-23 15:24:00,7.46,7.46,7.46,7.46,0
2026-01-23 15:25:00,7.45,7.45,7.44,7.45,61
2026-01-23 15:26:00,7.46,7.46,7.46,7.46,1
2026-01-23 15:27:00,7.46,7.46,7.46,7.46,0
2026-01-23 15:28:00,7.45,7.46,7.45,7.46,2
2026-01-23 15:29:00,7.46,7.46,7.45,7.46,13
2026-01-23 15:30:00,7.46,7.46,7.43,7.46,34
2026-01-23 15:31:00,7.46,7.46,7.46,7.46,0
2026-01-23 15:32:00,7.46,7.46,7.45,7.46,3
2026-01-23 15:33:00,7.46,7.48,7.46,7.48,8
2026-01-23 15:34:00,7.48,7.48,7.48,7.48,0
2026-01-23 15:35:00,7.48,7.52,7.47,7.51,40
2026-01-23 15:36:00,7.51,7.51,7.51,7.51,0
2026-01-23 15:37:00,7.53,7.53,7.52,7.53,1
2026-01-23 15:38:00,7.53,7.53,7.51,7.51,3
2026-01-23 15:39:00,7.51,7.52,7.5,7.51,11
2026-01-23 15:40:00,7.51,7.53,7.51,7.53,4
2026-01-23 15:41:00,7.53,7.53,7.52,7.53,4
2026-01-23 15:42:00,7.53,7.53,7.53,7.53,0
2026-01-23 15:43:00,7.53,7.53,7.52,7.52,4
2026-01-23 15:44:00,7.53,7.53,7.52,7.53,7
2026-01-23 15:45:00,7.53,7.54,7.52,7.54,21
2026-01-23 15:46:00,7.54,7.54,7.53,7.54,13
2026-01-23 15:47:00,7.54,7.54,7.53,7.54,1
2026-01-23 15:48:00,7.53,7.54,7.52,7.54,21
2026-01-23 15:49:00,7.54,7.54,7.54,7.54,1
2026-01-23 15:50:00,7.54,7.56,7.53,7.56,11
2026-01-23 15:51:00,7.55,7.56,7.55,7.56,4
2026-01-23 15:52:00,7.54,7.54,7.53,7.54,17
2026-01-23 15:53:00,7.54,7.55,7.54,7.55,10
2026-01-23 15:54:00,7.55,7.55,7.52,7.53,22
2026-01-23 15:55:00,7.53,7.54,7.53,7.53,4
2026-01-23 15:56:00,7.52,7.52,7.5,7.5,24
2026-01-23 15:57:00,7.51,7.52,7.5,7.52,68
2026-01-23 15:58:00,7.51,7.53,7.5,7.53,42
2026-01-23 15:59:00,7.52,7.54,7.51,7.53,105
2026-01-26 09:30:00,7.5,7.5,7.4,7.4,103
2026-01-26 09:31:00,7.36,7.39,7.28,7.3,28
2026-01-26 09:32:00,7.3,7.3,7.3,7.3,0
2026-01-26 09:33:00,7.3,7.35,7.3,7.35,15
2026-01-26 09:34:00,7.35,7.35,7.35,7.35,0
2026-01-26 09:35:00,7.32,7.32,7.28,7.28,14
2026-01-26 09:36:00,7.28,7.28,7.28,7.28,0
2026-01-26 09:37:00,7.33,7.33,7.32,7.33,5
2026-01-26 09:38:00,7.33,7.34,7.33,7.33,4
2026-01-26 09:39:00,7.32,7.34,7.32,7.33,3
2026-01-26 09:40:00,7.31,7.35,7.31,7.35,21
2026-01-26 09:41:00,7.35,7.35,7.35,7.35,0
2026-01-26 09:42:00,7.34,7.36,7.34,7.36,3
2026-01-26 09:43:00,7.36,7.36,7.36,7.36,0
2026-01-26 09:44:00,7.4,7.42,7.39,7.41,14
2026-01-26 09:45:00,7.41,7.44,7.41,7.44,7
2026-01-26 09:46:00,7.41,7.41,7.41,7.41,2
2026-01-26 09:47:00,7.46,7.46,7.44,7.46,8
2026-01-26 09:48:00,7.46,7.47,7.46,7.46,3
2026-01-26 09:49:00,7.45,7.45,7.45,7.45,3
2026-01-26 09:50:00,7.44,7.46,7.39,7.39,99
2026-01-26 09:51:00,7.43,7.44,7.43,7.43,1
2026-01-26 09:52:00,7.43,7.43,7.43,7.43,0
2026-01-26 09:53:00,7.43,7.43,7.43,7.43,0
2026-01-26 09:54:00,7.41,7.43,7.39,7.43,36
2026-01-26 09:55:00,7.39,7.39,7.3,7.33,109
2026-01-26 09:56:00,7.33,7.33,7.33,7.33,0
2026-01-26 09:57:00,7.33,7.33,7.33,7.33,0
2026-01-26 09:58:00,7.33,7.33,7.33,7.33,0
2026-01-26 09:59:00,7.31,7.32,7.31,7.31,1
2026-01-26 10:00:00,7.31,7.31,7.3,7.3,17
2026-01-26 10:01:00,7.31,7.31,7.31,7.31,1
2026-01-26 10:02:00,7.32,7.34,7.31,7.34,6
2026-01-26 10:03:00,7.34,7.35,7.34,7.34,25
2026-01-26 10:04:00,7.31,7.32,7.31,7.31,8
2026-01-26 10:05:00,7.31,7.31,7.29,7.3,25
2026-01-26 10:06:00,7.3,7.3,7.3,7.3,0
2026-01-26 10:07:00,7.29,7.3,7.29,7.29,6
2026-01-26 10:08:00,7.28,7.28,7.28,7.28,13
2026-01-26 10:09:00,7.27,7.29,7.27,7.29,31
2026-01-26 10:10:00,7.29,7.32,7.29,7.32,16
2026-01-26 10:11:00,7.3,7.3,7.29,7.29,3
2026-01-26 10:12:00,7.3,7.3,7.3,7.3,2
2026-01-26 10:13:00,7.3,7.3,7.3,7.3,0
2026-01-26 10:14:00,7.28,7.28,7.28,7.28,3
2026-01-26 10:15:00,7.28,7.28,7.28,7.28,10
2026-01-26 10:16:00,7.28,7.28,7.28,7.28,0
2026-01-26 10:17:00,7.3,7.35,7.3,7.35,7
2026-01-26 10:18:00,7.34,7.35,7.34,7.35,15
2026-01-26 10:19:00,7.35,7.35,7.35,7.35,0
2026-01-26 10:20:00,7.36,7.36,7.36,7.36,1
2026-01-26 10:21:00,7.37,7.37,7.35,7.36,11
2026-01-26 10:22:00,7.33,7.33,7.33,7.33,1
2026-01-26 10:23:00,7.31,7.32,7.31,7.31,8
2026-01-26 10:24:00,7.31,7.31,7.31,7.31,7
2026-01-26 10:25:00,7.31,7.31,7.31,7.31,0
2026-01-26 10:26:00,7.31,7.31,7.31,7.31,0
2026-01-26 10:27:00,7.31,7.31,7.31,7.31,0
2026-01-26 10:28:00,7.31,7.31,7.31,7.31,0
2026-01-26 10:29:00,7.31,7.31,7.31,7.31,0
2026-01-26 10:30:00,7.31,7.31,7.31,7.31,0
2026-01-26 10:31:00,7.33,7.33,7.32,7.33,1
2026-01-26 10:32:00,7.34,7.34,7.34,7.34,1
2026-01-26 10:33:00,7.35,7.35,7.35,7.35,2
2026-01-26 10:34:00,7.35,7.35,7.35,7.35,0
2026-01-26 10:35:00,7.36,7.36,7.36,7.36,1
2026-01-26 10:36:00,7.36,7.36,7.36,7.36,2
2026-01-26 10:37:00,7.37,7.37,7.36,7.36,3
2026-01-26 10:38:00,7.36,7.36,7.36,7.36,0
2026-01-26 10:39:00,7.35,7.35,7.34,7.34,29
2026-01-26 10:40:00,7.35,7.35,7.35,7.35,2
2026-01-26 10:41:00,7.36,7.37,7.33,7.37,13
2026-01-26 10:42:00,7.37,7.37,7.37,7.37,0
2026-01-26 10:43:00,7.36,7.38,7.36,7.38,4
2026-01-26 10:44:00,7.37,7.37,7.37,7.37,3
2026-01-26 10:45:00,7.35,7.36,7.35,7.35,1
2026-01-26 10:46:00,7.35,7.35,7.35,7.35,0
2026-01-26 10:47:00,7.35,7.35,7.35,7.35,0
2026-01-26 10:48:00,7.42,7.43,7.42,7.43,3
2026-01-26 10:49:00,7.43,7.43,7.43,7.43,0
2026-01-26 10:50:00,7.4,7.42,7.4,7.42,3
2026-01-26 10:51:00,7.42,7.42,7.42,7.42,0
2026-01-26 10:52:00,7.42,7.42,7.41,7.42,2
2026-01-26 10:53:00,7.42,7.42,7.42,7.42,0
2026-01-26 10:54:00,7.4,7.4,7.37,7.38,10
2026-01-26 10:55:00,7.38,7.38,7.38,7.38,0
2026-01-26 10:56:00,7.38,7.38,7.38,7.38,0
2026-01-26 10:57:00,7.38,7.38,7.38,7.38,0
2026-01-26 10:58:00,7.38,7.38,7.38,7.38,1
2026-01-26 10:59:00,7.38,7.38,7.38,7.38,0
2026-01-26 11:00:00,7.38,7.38,7.38,7.38,0
2026-01-26 11:01:00,7.35,7.36,7.35,7.35,3
2026-01-26 11:02:00,7.35,7.35,7.35,7.35,0
2026-01-26 11:03:00,7.4,7.4,7.4,7.4,1
2026-01-26 11:04:00,7.36,7.38,7.36,7.37,3
2026-01-26 11:05:00,7.37,7.37,7.37,7.37,0
2026-01-26 11:06:00,7.38,7.38,7.38,7.38,1
2026-01-26 11:07:00,7.35,7.35,7.35,7.35,18
2026-01-26 11:08:00,7.35,7.35,7.35,7.35,0
2026-01-26 11:09:00,7.38,7.38,7.35,7.36,2
2026-01-26 11:10:00,7.36,7.36,7.34,7.34,6
2026-01-26 11:11:00,7.34,7.34,7.34,7.34,0
2026-01-26 11:12:00,7.33,7.33,7.33,7.33,3
2026-01-26 11:13:00,7.34,7.34,7.34,7.34,4
2026-01-26 11:14:00,7.34,7.34,7.34,7.34,0
2026-01-26 11:15:00,7.32,7.32,7.32,7.32,1
2026-01-26 11:16:00,7.32,7.33,7.32,7.32,5
2026-01-26 11:17:00,7.33,7.33,7.32,7.33,2
2026-01-26 11:18:00,7.33,7.35,7.32,7.35,15
2026-01-26 11:19:00,7.35,7.35,7.35,7.35,7
2026-01-26 11:20:00,7.35,7.37,7.35,7.37,10
2026-01-26 11:21:00,7.35,7.35,7.35,7.35,1
2026-01-26 11:22:00,7.35,7.35,7.35,7.35,1
2026-01-26 11:23:00,7.35,7.35,7.35,7.35,0
2026-01-26 11:24:00,7.35,7.35,7.35,7.35,0
2026-01-26 11:25:00,7.36,7.37,7.36,7.37,3
2026-01-26 11:26:00,7.37,7.37,7.37,7.37,0
2026-01-26 11:27:00,7.37,7.37,7.37,7.37,0
2026-01-26 11:28:00,7.37,7.37,7.37,7.37,0
2026-01-26 11:29:00,7.39,7.39,7.39,7.39,1
2026-01-26 11:30:00,7.39,7.39,7.39,7.39,0
2026-01-26 11:31:00,7.38,7.39,7.38,7.38,29
2026-01-26 11:32:00,7.38,7.38,7.38,7.38,0
2026-01-26 11:33:00,7.38,7.38,7.38,7.38,0
2026-01-26 11:34:00,7.38,7.38,7.38,7.38,0
2026-01-26 11:35:00,7.38,7.39,7.38,7.39,16
2026-01-26 11:36:00,7.39,7.39,7.39,7.39,0
2026-01-26 11:37:00,7.4,7.4,7.4,7.4,2
2026-01-26 11:38:00,7.4,7.4,7.39,7.4,2
2026-01-26 11:39:00,7.4,7.4,7.39,7.39,5
2026-01-26 11:40:00,7.39,7.39,7.39,7.39,0
2026-01-26 11:41:00,7.39,7.39,7.39,7.39,2
2026-01-26 11:42:00,7.39,7.39,7.39,7.39,0
2026-01-26 11:43:00,7.37,7.37,7.37,7.37,2
2026-01-26 11:44:00,7.37,7.37,7.37,7.37,0
2026-01-26 11:45:00,7.38,7.38,7.38,7.38,1
2026-01-26 11:46:00,7.38,7.38,7.38,7.38,0
2026-01-26 11:47:00,7.38,7.38,7.38,7.38,0
2026-01-26 11:48:00,7.38,7.38,7.38,7.38,0
2026-01-26 11:49:00,7.38,7.38,7.38,7.38,1
2026-01-26 11:50:00,7.38,7.38,7.38,7.38,0
2026-01-26 11:51:00,7.38,7.38,7.38,7.38,1
2026-01-26 11:52:00,7.38,7.38,7.38,7.38,0
2026-01-26 11:53:00,7.38,7.38,7.38,7.38,0
2026-01-26 11:54:00,7.38,7.38,7.38,7.38,0
2026-01-26 11:55:00,7.38,7.38,7.38,7.38,1
2026-01-26 11:56:00,7.37,7.37,7.37,7.37,14
2026-01-26 11:57:00,7.37,7.37,7.36,7.37,10
2026-01-26 11:58:00,7.37,7.37,7.37,7.37,0
2026-01-26 11:59:00,7.37,7.37,7.37,7.37,0
2026-01-26 12:00:00,7.37,7.37,7.37,7.37,0
2026-01-26 12:01:00,7.36,7.36,7.36,7.36,3
2026-01-26 12:02:00,7.36,7.36,7.36,7.36,0
2026-01-26 12:03:00,7.36,7.36,7.36,7.36,0
2026-01-26 12:04:00,7.36,7.36,7.36,7.36,0
2026-01-26 12:05:00,7.36,7.36,7.36,7.36,0
2026-01-26 12:06:00,7.35,7.35,7.35,7.35,2
2026-01-26 12:07:00,7.35,7.35,7.35,7.35,3
2026-01-26 12:08:00,7.36,7.36,7.36,7.36,2
2026-01-26 12:09:00,7.36,7.37,7.36,7.37,3
2026-01-26 12:10:00,7.37,7.37,7.37,7.37,0
2026-01-26 12:11:00,7.37,7.37,7.37,7.37,0
2026-01-26 12:12:00,7.37,7.37,7.37,7.37,0
2026-01-26 12:13:00,7.36,7.37,7.36,7.36,4
2026-01-26 12:14:00,7.36,7.36,7.36,7.36,0
2026-01-26 12:15:00,7.36,7.36,7.35,7.36,10
2026-01-26 12:16:00,7.34,7.35,7.34,7.35,6
2026-01-26 12:17:00,7.36,7.36,7.36,7.36,1
2026-01-26 12:18:00,7.36,7.36,7.36,7.36,0
2026-01-26 12:19:00,7.36,7.36,7.36,7.36,0
2026-01-26 12:20:00,7.36,7.36,7.36,7.36,0
2026-01-26 12:21:00,7.34,7.34,7.34,7.34,1
2026-01-26 12:22:00,7.36,7.36,7.36,7.36,2
2026-01-26 12:23:00,7.36,7.36,7.36,7.36,0
2026-01-26 12:24:00,7.37,7.37,7.36,7.36,99
2026-01-26 12:25:00,7.36,7.36,7.36,7.36,0
2026-01-26 12:26:00,7.38,7.38,7.37,7.38,5
2026-01-26 12:27:00,7.38,7.38,7.38,7.38,7
2026-01-26 12:28:00,7.38,7.38,7.38,7.38,5
2026-01-26 12:29:00,7.39,7.39,7.38,7.39,1
2026-01-26 12:30:00,7.39,7.39,7.39,7.39,1
2026-01-26 12:31:00,7.39,7.39,7.39,7.39,4
2026-01-26 12:32:00,7.39,7.39,7.39,7.39,0
2026-01-26 12:33:00,7.39,7.39,7.39,7.39,0
2026-01-26 12:34:00,7.39,7.39,7.38,7.39,1
2026-01-26 12:35:00,7.39,7.39,7.39,7.39,0
2026-01-26 12:36:00,7.39,7.39,7.39,7.39,0
2026-01-26 12:37:00,7.39,7.39,7.38,7.38,2
2026-01-26 12:38:00,7.38,7.38,7.38,7.38,0
2026-01-26 12:39:00,7.38,7.38,7.38,7.38,8
2026-01-26 12:40:00,7.38,7.38,7.38,7.38,1
2026-01-26 12:41:00,7.38,7.38,7.38,7.38,0
2026-01-26 12:42:00,7.38,7.38,7.38,7.38,0
2026-01-26 12:43:00,7.38,7.38,7.38,7.38,0
2026-01-26 12:44:00,7.38,7.38,7.38,7.38,0
2026-01-26 12:45:00,7.39,7.4,7.38,7.38,15
2026-01-26 12:46:00,7.38,7.38,7.38,7.38,0
2026-01-26 12:47:00,7.38,7.39,7.38,7.38,21
2026-01-26 12:48:00,7.38,7.38,7.38,7.38,0
2026-01-26 12:49:00,7.4,7.43,7.4,7.43,15
2026-01-26 12:50:00,7.41,7.41,7.41,7.41,10
2026-01-26 12:51:00,7.44,7.44,7.44,7.44,1
2026-01-26 12:52:00,7.43,7.43,7.43,7.43,4
2026-01-26 12:53:00,7.43,7.43,7.43,7.43,0
2026-01-26 12:54:00,7.43,7.43,7.43,7.43,0
2026-01-26 12:55:00,7.43,7.43,7.43,7.43,0
2026-01-26 12:56:00,7.45,7.45,7.45,7.45,1
2026-01-26 12:57:00,7.45,7.45,7.45,7.45,0
2026-01-26 12:58:00,7.45,7.45,7.45,7.45,0
2026-01-26 12:59:00,7.45,7.45,7.45,7.45,0
2026-01-26 13:00:00,7.45,7.45,7.45,7.45,1
2026-01-26 13:01:00,7.41,7.42,7.41,7.41,3
2026-01-26 13:02:00,7.43,7.43,7.43,7.43,1
2026-01-26 13:03:00,7.43,7.43,7.43,7.43,0
2026-01-26 13:04:00,7.43,7.43,7.41,7.41,3
2026-01-26 13:05:00,7.41,7.41,7.41,7.41,0
2026-01-26 13:06:00,7.41,7.41,7.41,7.41,0
2026-01-26 13:07:00,7.41,7.41,7.41,7.41,0
2026-01-26 13:08:00,7.41,7.41,7.41,7.41,1
2026-01-26 13:09:00,7.41,7.41,7.41,7.41,0
2026-01-26 13:10:00,7.41,7.41,7.41,7.41,0
2026-01-26 13:11:00,7.41,7.41,7.41,7.41,0
2026-01-26 13:12:00,7.41,7.41,7.4,7.41,2
2026-01-26 13:13:00,7.39,7.39,7.39,7.39,11
2026-01-26 13:14:00,7.39,7.39,7.39,7.39,1
2026-01-26 13:15:00,7.39,7.39,7.39,7.39,0
2026-01-26 13:16:00,7.39,7.39,7.39,7.39,1
2026-01-26 13:17:00,7.39,7.39,7.39,7.39,0
2026-01-26 13:18:00,7.39,7.39,7.39,7.39,0
2026-01-26 13:19:00,7.39,7.39,7.39,7.39,0
2026-01-26 13:20:00,7.39,7.39,7.39,7.39,0
2026-01-26 13:21:00,7.39,7.4,7.39,7.4,12
2026-01-26 13:22:00,7.4,7.4,7.4,7.4,0
2026-01-26 13:23:00,7.4,7.4,7.4,7.4,0
2026-01-26 13:24:00,7.4,7.4,7.4,7.4,0
2026-01-26 13:25:00,7.42,7.42,7.41,7.41,2
2026-01-26 13:26:00,7.41,7.41,7.41,7.41,0
2026-01-26 13:27:00,7.41,7.41,7.41,7.41,0
2026-01-26 13:28:00,7.41,7.41,7.41,7.41,0
2026-01-26 13:29:00,7.41,7.41,7.41,7.41,0
2026-01-26 13:30:00,7.41,7.41,7.41,7.41,0
2026-01-26 13:31:00,7.39,7.39,7.38,7.39,1
2026-01-26 13:32:00,7.39,7.39,7.39,7.39,0
2026-01-26 13:33:00,7.39,7.39,7.39,7.39,0
2026-01-26 13:34:00,7.4,7.4,7.4,7.4,6
2026-01-26 13:35:00,7.4,7.4,7.4,7.4,0
2026-01-26 13:36:00,7.4,7.4,7.4,7.4,0
2026-01-26 13:37:00,7.4,7.4,7.4,7.4,0
2026-01-26 13:38:00,7.4,7.4,7.4,7.4,0
2026-01-26 13:39:00,7.39,7.39,7.39,7.39,5
2026-01-26 13:40:00,7.39,7.39,7.39,7.39,0
2026-01-26 13:41:00,7.4,7.4,7.39,7.4,4
2026-01-26 13:42:00,7.4,7.4,7.4,7.4,0
2026-01-26 13:43:00,7.4,7.4,7.4,7.4,0
2026-01-26 13:44:00,7.4,7.4,7.4,7.4,0
2026-01-26 13:45:00,7.39,7.39,7.39,7.39,5
2026-01-26 13:46:00,7.39,7.39,7.39,7.39,0
2026-01-26 13:47:00,7.39,7.39,7.39,7.39,0
2026-01-26 13:48:00,7.38,7.39,7.38,7.39,3
2026-01-26 13:49:00,7.39,7.39,7.39,7.39,0
2026-01-26 13:50:00,7.38,7.39,7.36,7.38,14
2026-01-26 13:51:00,7.38,7.38,7.38,7.38,0
2026-01-26 13:52:00,7.38,7.38,7.38,7.38,0
2026-01-26 13:53:00,7.38,7.38,7.38,7.38,0
2026-01-26 13:54:00,7.38,7.38,7.38,7.38,0
2026-01-26 13:55:00,7.37,7.37,7.37,7.37,1
2026-01-26 13:56:00,7.37,7.37,7.37,7.37,0
2026-01-26 13:57:00,7.37,7.37,7.37,7.37,0
2026-01-26 13:58:00,7.38,7.38,7.37,7.38,3
2026-01-26 13:59:00,7.38,7.38,7.38,7.38,0
2026-01-26 14:00:00,7.38,7.38,7.38,7.38,0
2026-01-26 14:01:00,7.36,7.36,7.36,7.36,2
2026-01-26 14:02:00,7.36,7.36,7.36,7.36,0
2026-01-26 14:03:00,7.36,7.36,7.36,7.36,0
2026-01-26 14:04:00,7.36,7.36,7.36,7.36,0
2026-01-26 14:05:00,7.36,7.36,7.36,7.36,1
2026-01-26 14:06:00,7.36,7.36,7.36,7.36,0
2026-01-26 14:07:00,7.36,7.36,7.36,7.36,0
2026-01-26 14:08:00,7.36,7.36,7.36,7.36,0
2026-01-26 14:09:00,7.36,7.36,7.36,7.36,1
2026-01-26 14:10:00,7.35,7.35,7.32,7.33,3
2026-01-26 14:11:00,7.34,7.35,7.33,7.35,22
2026-01-26 14:12:00,7.35,7.35,7.35,7.35,0
2026-01-26 14:13:00,7.35,7.35,7.35,7.35,0
2026-01-26 14:14:00,7.35,7.35,7.35,7.35,0
2026-01-26 14:15:00,7.35,7.35,7.35,7.35,0
2026-01-26 14:16:00,7.35,7.35,7.35,7.35,0
2026-01-26 14:17:00,7.35,7.35,7.35,7.35,0
2026-01-26 14:18:00,7.34,7.35,7.32,7.35,17
2026-01-26 14:19:00,7.35,7.35,7.35,7.35,0
2026-01-26 14:20:00,7.35,7.35,7.35,7.35,0
2026-01-26 14:21:00,7.35,7.35,7.35,7.35,0
2026-01-26 14:22:00,7.36,7.36,7.36,7.36,3
2026-01-26 14:23:00,7.36,7.36,7.36,7.36,0
2026-01-26 14:24:00,7.36,7.36,7.36,7.36,0
2026-01-26 14:25:00,7.36,7.36,7.36,7.36,0
2026-01-26 14:26:00,7.36,7.36,7.36,7.36,0
2026-01-26 14:27:00,7.38,7.38,7.38,7.38,1
2026-01-26 14:28:00,7.38,7.38,7.38,7.38,0
2026-01-26 14:29:00,7.38,7.38,7.38,7.38,0
2026-01-26 14:30:00,7.38,7.38,7.38,7.38,0
2026-01-26 14:31:00,7.38,7.38,7.38,7.38,0
2026-01-26 14:32:00,7.38,7.38,7.38,7.38,0
2026-01-26 14:33:00,7.37,7.37,7.37,7.37,3
2026-01-26 14:34:00,7.37,7.37,7.37,7.37,0
2026-01-26 14:35:00,7.37,7.37,7.37,7.37,2
2026-01-26 14:36:00,7.37,7.37,7.37,7.37,2
2026-01-26 14:37:00,7.37,7.37,7.37,7.37,0
2026-01-26 14:38:00,7.37,7.37,7.37,7.37,0
2026-01-26 14:39:00,7.37,7.37,7.37,7.37,0
2026-01-26 14:40:00,7.37,7.37,7.37,7.37,0
2026-01-26 14:41:00,7.37,7.37,7.36,7.36,7
2026-01-26 14:42:00,7.36,7.36,7.36,7.36,0
2026-01-26 14:43:00,7.36,7.36,7.36,7.36,0
2026-01-26 14:44:00,7.36,7.36,7.36,7.36,0
2026-01-26 14:45:00,7.36,7.36,7.36,7.36,0
2026-01-26 14:46:00,7.36,7.36,7.36,7.36,0
2026-01-26 14:47:00,7.36,7.36,7.36,7.36,0
2026-01-26 14:48:00,7.34,7.34,7.34,7.34,9
2026-01-26 14:49:00,7.32,7.32,7.32,7.32,8
2026-01-26 14:50:00,7.32,7.33,7.32,7.33,22
2026-01-26 14:51:00,7.33,7.33,7.33,7.33,1
2026-01-26 14:52:00,7.33,7.33,7.33,7.33,0
2026-01-26 14:53:00,7.33,7.33,7.33,7.33,0
2026-01-26 14:54:00,7.33,7.33,7.33,7.33,3
2026-01-26 14:55:00,7.33,7.34,7.33,7.33,1
2026-01-26 14:56:00,7.33,7.33,7.33,7.33,5
2026-01-26 14:57:00,7.33,7.33,7.33,7.33,0
2026-01-26 14:58:00,7.33,7.33,7.32,7.33,5
2026-01-26 14:59:00,7.33,7.33,7.33,7.33,0
2026-01-26 15:00:00,7.33,7.34,7.33,7.34,6
2026-01-26 15:01:00,7.34,7.34,7.34,7.34,0
2026-01-26 15:02:00,7.34,7.34,7.33,7.33,4
2026-01-26 15:03:00,7.33,7.33,7.33,7.33,0
2026-01-26 15:04:00,7.33,7.34,7.33,7.34,2
2026-01-26 15:05:00,7.35,7.35,7.35,7.35,3
2026-01-26 15:06:00,7.35,7.35,7.35,7.35,0
2026-01-26 15:07:00,7.35,7.35,7.34,7.35,2
2026-01-26 15:08:00,7.35,7.35,7.35,7.35,1
2026-01-26 15:09:00,7.37,7.37,7.37,7.37,3
2026-01-26 15:10:00,7.38,7.38,7.37,7.38,1
2026-01-26 15:11:00,7.38,7.38,7.37,7.38,2
2026-01-26 15:12:00,7.38,7.38,7.38,7.38,1
2026-01-26 15:13:00,7.38,7.38,7.38,7.38,0
2026-01-26 15:14:00,7.38,7.38,7.38,7.38,0
2026-01-26 15:15:00,7.38,7.38,7.37,7.38,2
2026-01-26 15:16:00,7.38,7.38,7.38,7.38,0
2026-01-26 15:17:00,7.38,7.38,7.38,7.38,0
2026-01-26 15:18:00,7.38,7.38,7.38,7.38,0
2026-01-26 15:19:00,7.38,7.38,7.38,7.38,3
2026-01-26 15:20:00,7.38,7.38,7.37,7.38,1
2026-01-26 15:21:00,7.39,7.39,7.39,7.39,2
2026-01-26 15:22:00,7.39,7.39,7.39,7.39,0
2026-01-26 15:23:00,7.39,7.39,7.39,7.39,8
2026-01-26 15:24:00,7.39,7.39,7.39,7.39,0
2026-01-26 15:25:00,7.4,7.4,7.4,7.4,5
2026-01-26 15:26:00,7.4,7.4,7.4,7.4,0
2026-01-26 15:27:00,7.41,7.42,7.39,7.39,7
2026-01-26 15:28:00,7.41,7.41,7.41,7.41,3
2026-01-26 15:29:00,7.41,7.41,7.41,7.41,0
2026-01-26 15:30:00,7.4,7.4,7.4,7.4,4
2026-01-26 15:31:00,7.4,7.4,7.4,7.4,0
2026-01-26 15:32:00,7.4,7.4,7.4,7.4,0
2026-01-26 15:33:00,7.4,7.4,7.4,7.4,0
2026-01-26 15:34:00,7.4,7.4,7.39,7.4,6
2026-01-26 15:35:00,7.4,7.4,7.4,7.4,0
2026-01-26 15:36:00,7.4,7.4,7.39,7.39,14
2026-01-26 15:37:00,7.38,7.38,7.37,7.38,2
2026-01-26 15:38:00,7.38,7.38,7.38,7.38,0
2026-01-26 15:39:00,7.38,7.38,7.37,7.38,3
2026-01-26 15:40:00,7.37,7.38,7.36,7.38,31
2026-01-26 15:41:00,7.38,7.38,7.38,7.38,0
2026-01-26 15:42:00,7.39,7.39,7.38,7.39,1
2026-01-26 15:43:00,7.39,7.39,7.38,7.39,1
2026-01-26 15:44:00,7.39,7.39,7.38,7.38,17
2026-01-26 15:45:00,7.38,7.38,7.38,7.38,0
2026-01-26 15:46:00,7.38,7.39,7.38,7.39,2
2026-01-26 15:47:00,7.39,7.39,7.38,7.39,2
2026-01-26 15:48:00,7.39,7.39,7.39,7.39,0
2026-01-26 15:49:00,7.39,7.39,7.38,7.39,10
2026-01-26 15:50:00,7.39,7.39,7.38,7.38,15
2026-01-26 15:51:00,7.38,7.38,7.37,7.38,3
2026-01-26 15:52:00,7.38,7.38,7.38,7.38,0
2026-01-26 15:53:00,7.37,7.38,7.37,7.38,16
2026-01-26 15:54:00,7.38,7.38,7.37,7.38,7
2026-01-26 15:55:00,7.38,7.38,7.35,7.35,18
2026-01-26 15:56:00,7.35,7.35,7.35,7.35,0
2026-01-26 15:57:00,7.35,7.35,7.35,7.35,0
2026-01-26 15:58:00,7.35,7.37,7.34,7.36,82
2026-01-26 15:59:00,7.35,7.38,7.35,7.37,60
2026-01-27 09:30:00,7.4,7.49,7.4,7.4,83
2026-01-27 09:31:00,7.45,7.48,7.44,7.48,5
2026-01-27 09:32:00,7.44,7.45,7.44,7.44,10
2026-01-27 09:33:00,7.48,7.52,7.45,7.52,45
2026-01-27 09:34:00,7.54,7.54,7.51,7.52,6
2026-01-27 09:35:00,7.58,7.59,7.58,7.59,2
2026-01-27 09:36:00,7.59,7.59,7.55,7.55,10
2026-01-27 09:37:00,7.55,7.57,7.55,7.57,21
2026-01-27 09:38:00,7.55,7.55,7.52,7.52,5
2026-01-27 09:39:00,7.52,7.52,7.49,7.49,3
2026-01-27 09:40:00,7.42,7.44,7.42,7.43,11
2026-01-27 09:41:00,7.48,7.48,7.47,7.48,1
2026-01-27 09:42:00,7.48,7.48,7.48,7.48,1
2026-01-27 09:43:00,7.49,7.5,7.48,7.5,22
2026-01-27 09:44:00,7.51,7.51,7.51,7.51,4
2026-01-27 09:45:00,7.51,7.51,7.51,7.51,0
2026-01-27 09:46:00,7.51,7.51,7.51,7.51,0
2026-01-27 09:47:00,7.46,7.46,7.45,7.46,8
2026-01-27 09:48:00,7.44,7.44,7.43,7.43,10
2026-01-27 09:49:00,7.42,7.42,7.41,7.42,2
2026-01-27 09:50:00,7.43,7.43,7.43,7.43,4
2026-01-27 09:51:00,7.43,7.43,7.43,7.43,0
2026-01-27 09:52:00,7.45,7.45,7.45,7.45,2
2026-01-27 09:53:00,7.46,7.46,7.45,7.46,2
2026-01-27 09:54:00,7.46,7.46,7.46,7.46,0
2026-01-27 09:55:00,7.46,7.46,7.46,7.46,0
2026-01-27 09:56:00,7.46,7.46,7.46,7.46,0
2026-01-27 09:57:00,7.41,7.42,7.41,7.41,1
2026-01-27 09:58:00,7.41,7.41,7.41,7.41,0
2026-01-27 09:59:00,7.43,7.43,7.4,7.41,22
2026-01-27 10:00:00,7.41,7.41,7.41,7.41,0
2026-01-27 10:01:00,7.41,7.41,7.41,7.41,0
2026-01-27 10:02:00,7.41,7.41,7.41,7.41,0
2026-01-27 10:03:00,7.41,7.41,7.41,7.41,0
2026-01-27 10:04:00,7.42,7.42,7.41,7.42,37
2026-01-27 10:05:00,7.42,7.42,7.42,7.42,0
2026-01-27 10:06:00,7.39,7.39,7.39,7.39,2
2026-01-27 10:07:00,7.41,7.41,7.41,7.41,1
2026-01-27 10:08:00,7.41,7.41,7.41,7.41,6
2026-01-27 10:09:00,7.41,7.41,7.41,7.41,0
2026-01-27 10:10:00,7.41,7.41,7.41,7.41,0
2026-01-27 10:11:00,7.42,7.43,7.42,7.43,6
2026-01-27 10:12:00,7.42,7.42,7.42,7.42,40
2026-01-27 10:13:00,7.42,7.42,7.42,7.42,17
2026-01-27 10:14:00,7.42,7.42,7.41,7.42,3
2026-01-27 10:15:00,7.42,7.42,7.42,7.42,0
2026-01-27 10:16:00,7.42,7.42,7.42,7.42,0
2026-01-27 10:17:00,7.41,7.44,7.41,7.44,8
2026-01-27 10:18:00,7.44,7.44,7.44,7.44,1
2026-01-27 10:19:00,7.44,7.44,7.44,7.44,1
2026-01-27 10:20:00,7.44,7.44,7.44,7.44,0
2026-01-27 10:21:00,7.43,7.43,7.43,7.43,1
2026-01-27 10:22:00,7.45,7.46,7.44,7.46,3
2026-01-27 10:23:00,7.47,7.47,7.46,7.47,9
2026-01-27 10:24:00,7.46,7.46,7.45,7.45,4
2026-01-27 10:25:00,7.43,7.43,7.42,7.43,2
2026-01-27 10:26:00,7.43,7.43,7.43,7.43,3
2026-01-27 10:27:00,7.45,7.45,7.45,7.45,1
2026-01-27 10:28:00,7.45,7.45,7.45,7.45,0
2026-01-27 10:29:00,7.45,7.45,7.45,7.45,0
2026-01-27 10:30:00,7.45,7.45,7.45,7.45,2
2026-01-27 10:31:00,7.44,7.44,7.41,7.42,25
2026-01-27 10:32:00,7.43,7.43,7.42,7.43,6
2026-01-27 10:33:00,7.4,7.42,7.4,7.42,2
2026-01-27 10:34:00,7.42,7.42,7.4,7.4,27
2026-01-27 10:35:00,7.4,7.42,7.39,7.39,6
2026-01-27 10:36:00,7.39,7.39,7.39,7.39,0
2026-01-27 10:37:00,7.39,7.39,7.39,7.39,0
2026-01-27 10:38:00,7.39,7.39,7.39,7.39,0
2026-01-27 10:39:00,7.39,7.39,7.39,7.39,0
2026-01-27 10:40:00,7.39,7.39,7.39,7.39,0
2026-01-27 10:41:00,7.39,7.39,7.39,7.39,0
2026-01-27 10:42:00,7.4,7.4,7.39,7.4,1
2026-01-27 10:43:00,7.4,7.4,7.4,7.4,0
2026-01-27 10:44:00,7.41,7.41,7.39,7.4,4
2026-01-27 10:45:00,7.41,7.46,7.41,7.46,21
2026-01-27 10:46:00,7.44,7.44,7.43,7.44,1
2026-01-27 10:47:00,7.46,7.46,7.45,7.46,2
2026-01-27 10:48:00,7.43,7.43,7.43,7.43,2
2026-01-27 10:49:00,7.43,7.43,7.43,7.43,0
2026-01-27 10:50:00,7.43,7.43,7.43,7.43,1
2026-01-27 10:51:00,7.43,7.43,7.43,7.43,0
2026-01-27 10:52:00,7.43,7.43,7.43,7.43,17
2026-01-27 10:53:00,7.45,7.45,7.45,7.45,1
2026-01-27 10:54:00,7.45,7.45,7.45,7.45,0
2026-01-27 10:55:00,7.45,7.45,7.45,7.45,0
2026-01-27 10:56:00,7.45,7.45,7.45,7.45,0
2026-01-27 10:57:00,7.45,7.45,7.45,7.45,0
2026-01-27 10:58:00,7.43,7.44,7.43,7.43,1
2026-01-27 10:59:00,7.43,7.43,7.43,7.43,0
2026-01-27 11:00:00,7.43,7.43,7.43,7.43,0
2026-01-27 11:01:00,7.43,7.43,7.43,7.43,0
2026-01-27 11:02:00,7.43,7.43,7.43,7.43,0
2026-01-27 11:03:00,7.43,7.43,7.43,7.43,0
2026-01-27 11:04:00,7.43,7.43,7.43,7.43,0
2026-01-27 11:05:00,7.46,7.46,7.45,7.46,1
2026-01-27 11:06:00,7.46,7.46,7.46,7.46,0
2026-01-27 11:07:00,7.46,7.46,7.46,7.46,0
2026-01-27 11:08:00,7.46,7.46,7.46,7.46,0
2026-01-27 11:09:00,7.46,7.46,7.46,7.46,0
2026-01-27 11:10:00,7.46,7.46,7.46,7.46,0
2026-01-27 11:11:00,7.46,7.46,7.46,7.46,0
2026-01-27 11:12:00,7.46,7.46,7.46,7.46,0
2026-01-27 11:13:00,7.46,7.46,7.46,7.46,1
2026-01-27 11:14:00,7.46,7.46,7.46,7.46,0
2026-01-27 11:15:00,7.46,7.46,7.46,7.46,8
2026-01-27 11:16:00,7.44,7.46,7.44,7.46,6
2026-01-27 11:17:00,7.46,7.46,7.46,7.46,0
2026-01-27 11:18:00,7.46,7.46,7.46,7.46,0
2026-01-27 11:19:00,7.44,7.45,7.44,7.44,5
2026-01-27 11:20:00,7.44,7.44,7.44,7.44,0
2026-01-27 11:21:00,7.44,7.44,7.44,7.44,0
2026-01-27 11:22:00,7.46,7.46,7.46,7.46,1
2026-01-27 11:23:00,7.46,7.49,7.46,7.47,6
2026-01-27 11:24:00,7.47,7.47,7.47,7.47,0
2026-01-27 11:25:00,7.48,7.48,7.47,7.48,2
2026-01-27 11:26:00,7.48,7.48,7.48,7.48,0
2026-01-27 11:27:00,7.48,7.48,7.48,7.48,0
2026-01-27 11:28:00,7.46,7.48,7.46,7.46,13
2026-01-27 11:29:00,7.46,7.46,7.46,7.46,0
2026-01-27 11:30:00,7.46,7.47,7.45,7.47,36
2026-01-27 11:31:00,7.46,7.49,7.46,7.49,7
2026-01-27 11:32:00,7.49,7.49,7.49,7.49,0
2026-01-27 11:33:00,7.47,7.48,7.47,7.47,2
2026-01-27 11:34:00,7.47,7.47,7.47,7.47,0
2026-01-27 11:35:00,7.48,7.48,7.47,7.48,16
2026-01-27 11:36:00,7.47,7.48,7.47,7.47,27
2026-01-27 11:37:00,7.45,7.45,7.45,7.45,3
2026-01-27 11:38:00,7.46,7.47,7.46,7.47,4
2026-01-27 11:39:00,7.47,7.47,7.47,7.47,0
2026-01-27 11:40:00,7.47,7.47,7.47,7.47,0
2026-01-27 11:41:00,7.47,7.47,7.47,7.47,0
2026-01-27 11:42:00,7.47,7.47,7.47,7.47,4
2026-01-27 11:43:00,7.48,7.48,7.48,7.48,1
2026-01-27 11:44:00,7.48,7.48,7.48,7.48,1
2026-01-27 11:45:00,7.48,7.48,7.48,7.48,0
2026-01-27 11:46:00,7.49,7.49,7.47,7.47,2
2026-01-27 11:47:00,7.47,7.47,7.47,7.47,0
2026-01-27 11:48:00,7.47,7.47,7.47,7.47,0
2026-01-27 11:49:00,7.5,7.5,7.5,7.5,3
2026-01-27 11:50:00,7.5,7.5,7.5,7.5,0
2026-01-27 11:51:00,7.5,7.5,7.5,7.5,0
2026-01-27 11:52:00,7.5,7.5,7.5,7.5,0
2026-01-27 11:53:00,7.5,7.5,7.5,7.5,0
2026-01-27 11:54:00,7.5,7.51,7.48,7.48,3
2026-01-27 11:55:00,7.48,7.48,7.48,7.48,0
2026-01-27 11:56:00,7.48,7.48,7.48,7.48,0
2026-01-27 11:57:00,7.48,7.48,7.48,7.48,0
2026-01-27 11:58:00,7.48,7.48,7.48,7.48,0
2026-01-27 11:59:00,7.48,7.48,7.48,7.48,0
2026-01-27 12:00:00,7.47,7.47,7.46,7.46,14
2026-01-27 12:01:00,7.46,7.46,7.46,7.46,0
2026-01-27 12:02:00,7.46,7.46,7.46,7.46,0
2026-01-27 12:03:00,7.46,7.46,7.46,7.46,13
2026-01-27 12:04:00,7.46,7.46,7.46,7.46,0
2026-01-27 12:05:00,7.49,7.49,7.48,7.48,4
2026-01-27 12:06:00,7.48,7.48,7.48,7.48,0
2026-01-27 12:07:00,7.48,7.48,7.48,7.48,0
2026-01-27 12:08:00,7.48,7.48,7.48,7.48,0
2026-01-27 12:09:00,7.48,7.48,7.48,7.48,0
2026-01-27 12:10:00,7.48,7.48,7.48,7.48,0
2026-01-27 12:11:00,7.46,7.48,7.45,7.45,3
2026-01-27 12:12:00,7.45,7.45,7.45,7.45,0
2026-01-27 12:13:00,7.47,7.47,7.45,7.46,2
2026-01-27 12:14:00,7.46,7.46,7.46,7.46,0
2026-01-27 12:15:00,7.46,7.46,7.46,7.46,0
2026-01-27 12:16:00,7.46,7.46,7.46,7.46,0
2026-01-27 12:17:00,7.45,7.45,7.44,7.45,6
2026-01-27 12:18:00,7.43,7.44,7.43,7.43,1
2026-01-27 12:19:00,7.41,7.42,7.41,7.41,2
2026-01-27 12:20:00,7.41,7.41,7.41,7.41,0
2026-01-27 12:21:00,7.41,7.41,7.41,7.41,0
2026-01-27 12:22:00,7.41,7.41,7.41,7.41,0
2026-01-27 12:23:00,7.42,7.42,7.42,7.42,7
2026-01-27 12:24:00,7.42,7.42,7.42,7.42,0
2026-01-27 12:25:00,7.42,7.42,7.42,7.42,0
2026-01-27 12:26:00,7.42,7.42,7.42,7.42,0
2026-01-27 12:27:00,7.42,7.42,7.42,7.42,2
2026-01-27 12:28:00,7.42,7.42,7.42,7.42,0
2026-01-27 12:29:00,7.42,7.42,7.42,7.42,0
2026-01-27 12:30:00,7.42,7.42,7.42,7.42,0
2026-01-27 12:31:00,7.42,7.42,7.42,7.42,0
2026-01-27 12:32:00,7.42,7.42,7.42,7.42,0
2026-01-27 12:33:00,7.42,7.42,7.42,7.42,0
2026-01-27 12:34:00,7.41,7.41,7.41,7.41,4
2026-01-27 12:35:00,7.42,7.42,7.41,7.41,2
2026-01-27 12:36:00,7.4,7.4,7.4,7.4,11
2026-01-27 12:37:00,7.4,7.4,7.4,7.4,0
2026-01-27 12:38:00,7.4,7.4,7.4,7.4,0
2026-01-27 12:39:00,7.4,7.4,7.4,7.4,0
2026-01-27 12:40:00,7.4,7.4,7.4,7.4,0
2026-01-27 12:41:00,7.4,7.4,7.4,7.4,0
2026-01-27 12:42:00,7.38,7.38,7.38,7.38,12
2026-01-27 12:43:00,7.38,7.38,7.38,7.38,0
2026-01-27 12:44:00,7.38,7.39,7.37,7.39,5
2026-01-27 12:45:00,7.39,7.39,7.39,7.39,0
2026-01-27 12:46:00,7.37,7.37,7.37,7.37,3
2026-01-27 12:47:00,7.37,7.37,7.37,7.37,0
2026-01-27 12:48:00,7.37,7.37,7.37,7.37,0
2026-01-27 12:49:00,7.37,7.37,7.37,7.37,0
2026-01-27 12:50:00,7.37,7.37,7.37,7.37,0
2026-01-27 12:51:00,7.37,7.37,7.37,7.37,0
2026-01-27 12:52:00,7.38,7.38,7.36,7.37,5
2026-01-27 12:53:00,7.36,7.36,7.34,7.34,14
2026-01-27 12:54:00,7.34,7.34,7.34,7.34,0
2026-01-27 12:55:00,7.34,7.34,7.34,7.34,0
2026-01-27 12:56:00,7.35,7.35,7.35,7.35,6
2026-01-27 12:57:00,7.34,7.35,7.34,7.34,8
2026-01-27 12:58:00,7.34,7.34,7.34,7.34,0
2026-01-27 12:59:00,7.34,7.34,7.34,7.34,0
2026-01-27 13:00:00,7.37,7.37,7.37,7.37,25
2026-01-27 13:01:00,7.37,7.37,7.37,7.37,0
2026-01-27 13:02:00,7.36,7.37,7.34,7.37,68
2026-01-27 13:03:00,7.37,7.37,7.36,7.36,7
2026-01-27 13:04:00,7.36,7.36,7.36,7.36,0
2026-01-27 13:05:00,7.36,7.36,7.35,7.35,3
2026-01-27 13:06:00,7.34,7.35,7.34,7.35,8
2026-01-27 13:07:00,7.35,7.35,7.35,7.35,3
2026-01-27 13:08:00,7.35,7.35,7.35,7.35,0
2026-01-27 13:09:00,7.35,7.35,7.35,7.35,0
2026-01-27 13:10:00,7.35,7.35,7.35,7.35,0
2026-01-27 13:11:00,7.35,7.35,7.35,7.35,0
2026-01-27 13:12:00,7.35,7.35,7.35,7.35,0
2026-01-27 13:13:00,7.33,7.34,7.33,7.33,3
2026-01-27 13:14:00,7.35,7.35,7.35,7.35,1
2026-01-27 13:15:00,7.36,7.36,7.35,7.35,3
2026-01-27 13:16:00,7.36,7.36,7.35,7.36,3
2026-01-27 13:17:00,7.36,7.36,7.35,7.36,1
2026-01-27 13:18:00,7.36,7.36,7.36,7.36,0
2026-01-27 13:19:00,7.36,7.36,7.36,7.36,0
2026-01-27 13:20:00,7.38,7.38,7.38,7.38,1
2026-01-27 13:21:00,7.38,7.38,7.37,7.37,3
2026-01-27 13:22:00,7.37,7.37,7.37,7.37,0
2026-01-27 13:23:00,7.37,7.37,7.37,7.37,0
2026-01-27 13:24:00,7.37,7.37,7.37,7.37,0
2026-01-27 13:25:00,7.37,7.37,7.36,7.37,3
2026-01-27 13:26:00,7.38,7.38,7.38,7.38,2
2026-01-27 13:27:00,7.41,7.41,7.41,7.41,20
2026-01-27 13:28:00,7.4,7.41,7.4,7.4,5
2026-01-27 13:29:00,7.41,7.41,7.4,7.41,1
2026-01-27 13:30:00,7.41,7.41,7.41,7.41,0
2026-01-27 13:31:00,7.41,7.41,7.41,7.41,0
2026-01-27 13:32:00,7.42,7.42,7.42,7.42,3
2026-01-27 13:33:00,7.42,7.42,7.42,7.42,0
2026-01-27 13:34:00,7.42,7.43,7.42,7.43,2
2026-01-27 13:35:00,7.44,7.44,7.43,7.43,4
2026-01-27 13:36:00,7.43,7.44,7.43,7.44,27
2026-01-27 13:37:00,7.44,7.44,7.44,7.44,0
2026-01-27 13:38:00,7.42,7.42,7.42,7.42,4
2026-01-27 13:39:00,7.42,7.42,7.42,7.42,0
2026-01-27 13:40:00,7.41,7.42,7.41,7.41,3
2026-01-27 13:41:00,7.41,7.41,7.41,7.41,0
2026-01-27 13:42:00,7.41,7.41,7.41,7.41,0
2026-01-27 13:43:00,7.41,7.41,7.4,7.41,1
2026-01-27 13:44:00,7.4,7.41,7.4,7.41,47
2026-01-27 13:45:00,7.4,7.42,7.35,7.42,111
2026-01-27 13:46:00,7.41,7.41,7.4,7.41,40
2026-01-27 13:47:00,7.41,7.41,7.41,7.41,0
2026-01-27 13:48:00,7.41,7.42,7.41,7.42,57
2026-01-27 13:49:00,7.43,7.43,7.42,7.43,1
2026-01-27 13:50:00,7.43,7.43,7.43,7.43,1
2026-01-27 13:51:00,7.43,7.43,7.43,7.43,4
2026-01-27 13:52:00,7.42,7.42,7.42,7.42,4
2026-01-27 13:53:00,7.42,7.42,7.41,7.41,4
2026-01-27 13:54:00,7.41,7.41,7.41,7.41,0
2026-01-27 13:55:00,7.41,7.41,7.41,7.41,0
2026-01-27 13:56:00,7.42,7.42,7.42,7.42,2
2026-01-27 13:57:00,7.42,7.42,7.42,7.42,2
2026-01-27 13:58:00,7.42,7.42,7.42,7.42,0
2026-01-27 13:59:00,7.42,7.43,7.42,7.43,3
2026-01-27 14:00:00,7.42,7.42,7.41,7.41,2
2026-01-27 14:01:00,7.41,7.42,7.41,7.41,2
2026-01-27 14:02:00,7.41,7.41,7.41,7.41,1
2026-01-27 14:03:00,7.41,7.41,7.39,7.4,15
2026-01-27 14:04:00,7.4,7.4,7.39,7.4,4
2026-01-27 14:05:00,7.38,7.38,7.38,7.38,1
2026-01-27 14:06:00,7.38,7.41,7.38,7.4,11
2026-01-27 14:07:00,7.4,7.4,7.4,7.4,1
2026-01-27 14:08:00,7.4,7.4,7.4,7.4,3
2026-01-27 14:09:00,7.4,7.41,7.4,7.41,3
2026-01-27 14:10:00,7.41,7.41,7.41,7.41,1
2026-01-27 14:11:00,7.42,7.42,7.41,7.42,3
2026-01-27 14:12:00,7.4,7.4,7.4,7.4,1
2026-01-27 14:13:00,7.41,7.42,7.41,7.42,3
2026-01-27 14:14:00,7.42,7.42,7.42,7.42,1
2026-01-27 14:15:00,7.42,7.42,7.42,7.42,2
2026-01-27 14:16:00,7.43,7.43,7.42,7.42,5
2026-01-27 14:17:00,7.42,7.42,7.42,7.42,1
2026-01-27 14:18:00,7.42,7.42,7.42,7.42,0
2026-01-27 14:19:00,7.42,7.42,7.42,7.42,2
2026-01-27 14:20:00,7.42,7.43,7.42,7.43,3
2026-01-27 14:21:00,7.43,7.43,7.42,7.43,1
2026-01-27 14:22:00,7.43,7.43,7.43,7.43,0
2026-01-27 14:23:00,7.42,7.42,7.42,7.42,1
2026-01-27 14:24:00,7.42,7.42,7.42,7.42,6
2026-01-27 14:25:00,7.42,7.42,7.42,7.42,0
2026-01-27 14:26:00,7.43,7.44,7.43,7.44,2
2026-01-27 14:27:00,7.43,7.43,7.43,7.43,1
2026-01-27 14:28:00,7.43,7.43,7.43,7.43,2
2026-01-27 14:29:00,7.43,7.43,7.43,7.43,1
2026-01-27 14:30:00,7.43,7.43,7.43,7.43,1
2026-01-27 14:31:00,7.44,7.45,7.44,7.45,2
2026-01-27 14:32:00,7.45,7.45,7.44,7.45,2
2026-01-27 14:33:00,7.45,7.45,7.45,7.45,0
2026-01-27 14:34:00,7.45,7.45,7.45,7.45,0
2026-01-27 14:35:00,7.45,7.45,7.45,7.45,0
2026-01-27 14:36:00,7.45,7.45,7.45,7.45,6
2026-01-27 14:37:00,7.45,7.45,7.45,7.45,0
2026-01-27 14:38:00,7.43,7.43,7.43,7.43,1
2026-01-27 14:39:00,7.43,7.44,7.43,7.43,31
2026-01-27 14:40:00,7.43,7.43,7.43,7.43,0
2026-01-27 14:41:00,7.44,7.44,7.43,7.43,2
2026-01-27 14:42:00,7.43,7.43,7.43,7.43,0
2026-01-27 14:43:00,7.43,7.43,7.43,7.43,0
2026-01-27 14:44:00,7.43,7.43,7.43,7.43,0
2026-01-27 14:45:00,7.42,7.42,7.42,7.42,2
2026-01-27 14:46:00,7.42,7.42,7.42,7.42,0
2026-01-27 14:47:00,7.42,7.42,7.42,7.42,0
2026-01-27 14:48:00,7.42,7.42,7.42,7.42,0
2026-01-27 14:49:00,7.42,7.42,7.42,7.42,0
2026-01-27 14:50:00,7.41,7.41,7.41,7.41,2
2026-01-27 14:51:00,7.41,7.41,7.41,7.41,0
2026-01-27 14:52:00,7.41,7.41,7.41,7.41,0
2026-01-27 14:53:00,7.41,7.41,7.41,7.41,0
2026-01-27 14:54:00,7.42,7.42,7.42,7.42,9
2026-01-27 14:55:00,7.42,7.42,7.42,7.42,0
2026-01-27 14:56:00,7.42,7.42,7.42,7.42,0
2026-01-27 14:57:00,7.42,7.42,7.42,7.42,0
2026-01-27 14:58:00,7.42,7.42,7.42,7.42,4
2026-01-27 14:59:00,7.42,7.42,7.42,7.42,0
2026-01-27 15:00:00,7.41,7.41,7.41,7.41,2
2026-01-27 15:01:00,7.41,7.41,7.41,7.41,0
2026-01-27 15:02:00,7.41,7.41,7.41,7.41,0
2026-01-27 15:03:00,7.41,7.41,7.41,7.41,0
2026-01-27 15:04:00,7.41,7.41,7.41,7.41,0
2026-01-27 15:05:00,7.43,7.43,7.43,7.43,1
2026-01-27 15:06:00,7.41,7.41,7.41,7.41,1
2026-01-27 15:07:00,7.42,7.42,7.42,7.42,1
2026-01-27 15:08:00,7.44,7.44,7.44,7.44,1
2026-01-27 15:09:00,7.44,7.44,7.44,7.44,0
2026-01-27 15:10:00,7.44,7.44,7.44,7.44,0
2026-01-27 15:11:00,7.46,7.46,7.46,7.46,1
2026-01-27 15:12:00,7.46,7.46,7.46,7.46,0
2026-01-27 15:13:00,7.46,7.46,7.46,7.46,0
2026-01-27 15:14:00,7.45,7.46,7.45,7.46,2
2026-01-27 15:15:00,7.46,7.46,7.46,7.46,0
2026-01-27 15:16:00,7.46,7.46,7.46,7.46,0
2026-01-27 15:17:00,7.46,7.46,7.46,7.46,0
2026-01-27 15:18:00,7.46,7.46,7.46,7.46,0
2026-01-27 15:19:00,7.46,7.47,7.46,7.47,6
2026-01-27 15:20:00,7.47,7.47,7.47,7.47,0
2026-01-27 15:21:00,7.48,7.48,7.48,7.48,2
2026-01-27 15:22:00,7.48,7.48,7.48,7.48,0
2026-01-27 15:23:00,7.47,7.47,7.47,7.47,1
2026-01-27 15:24:00,7.47,7.47,7.47,7.47,0
2026-01-27 15:25:00,7.47,7.47,7.47,7.47,0
2026-01-27 15:26:00,7.46,7.46,7.46,7.46,1
2026-01-27 15:27:00,7.46,7.46,7.45,7.45,9
2026-01-27 15:28:00,7.45,7.45,7.45,7.45,0
2026-01-27 15:29:00,7.45,7.45,7.45,7.45,0
2026-01-27 15:30:00,7.43,7.43,7.42,7.43,8
2026-01-27 15:31:00,7.44,7.44,7.44,7.44,1
2026-01-27 15:32:00,7.44,7.44,7.44,7.44,2
2026-01-27 15:33:00,7.44,7.44,7.44,7.44,0
2026-01-27 15:34:00,7.44,7.44,7.44,7.44,0
2026-01-27 15:35:00,7.44,7.44,7.44,7.44,0
2026-01-27 15:36:00,7.44,7.44,7.44,7.44,0
2026-01-27 15:37:00,7.44,7.44,7.44,7.44,0
2026-01-27 15:38:00,7.43,7.43,7.43,7.43,1
2026-01-27 15:39:00,7.43,7.43,7.43,7.43,2
2026-01-27 15:40:00,7.43,7.43,7.42,7.43,10
2026-01-27 15:41:00,7.43,7.43,7.42,7.43,8
2026-01-27 15:42:00,7.43,7.43,7.42,7.42,3
2026-01-27 15:43:00,7.42,7.42,7.42,7.42,0
2026-01-27 15:44:00,7.43,7.44,7.41,7.41,45
2026-01-27 15:45:00,7.43,7.43,7.42,7.43,25
2026-01-27 15:46:00,7.44,7.44,7.44,7.44,5
2026-01-27 15:47:00,7.43,7.43,7.43,7.43,1
2026-01-27 15:48:00,7.43,7.43,7.43,7.43,3
2026-01-27 15:49:00,7.43,7.44,7.42,7.43,15
2026-01-27 15:50:00,7.43,7.43,7.42,7.43,5
2026-01-27 15:51:00,7.43,7.43,7.42,7.42,4
2026-01-27 15:52:00,7.42,7.42,7.41,7.42,12
2026-01-27 15:53:00,7.43,7.43,7.42,7.42,7
2026-01-27 15:54:00,7.42,7.42,7.41,7.42,5
2026-01-27 15:55:00,7.43,7.44,7.43,7.44,16
2026-01-27 15:56:00,7.43,7.44,7.43,7.43,5
2026-01-27 15:57:00,7.43,7.44,7.43,7.44,8
2026-01-27 15:58:00,7.43,7.45,7.43,7.45,18
2026-01-27 15:59:00,7.45,7.46,7.44,7.44,49
2026-01-28 09:30:00,7.5,7.58,7.48,7.57,44
2026-01-28 09:31:00,7.57,7.57,7.57,7.57,0
2026-01-28 09:32:00,7.58,7.59,7.52,7.52,10
2026-01-28 09:33:00,7.47,7.47,7.46,7.47,6
2026-01-28 09:34:00,7.47,7.47,7.47,7.47,0
2026-01-28 09:35:00,7.47,7.47,7.45,7.46,2
2026-01-28 09:36:00,7.46,7.46,7.46,7.46,0
2026-01-28 09:37:00,7.46,7.46,7.46,7.46,0
2026-01-28 09:38:00,7.52,7.52,7.52,7.52,1
2026-01-28 09:39:00,7.48,7.48,7.48,7.48,10
2026-01-28 09:40:00,7.54,7.54,7.54,7.54,1
2026-01-28 09:41:00,7.51,7.51,7.48,7.48,3
2026-01-28 09:42:00,7.49,7.51,7.47,7.48,19
2026-01-28 09:43:00,7.5,7.5,7.47,7.49,7
2026-01-28 09:44:00,7.46,7.46,7.46,7.46,9
2026-01-28 09:45:00,7.46,7.46,7.46,7.46,0
2026-01-28 09:46:00,7.46,7.46,7.46,7.46,0
2026-01-28 09:47:00,7.41,7.41,7.39,7.4,37
2026-01-28 09:48:00,7.4,7.4,7.36,7.36,26
2026-01-28 09:49:00,7.36,7.36,7.36,7.36,0
2026-01-28 09:50:00,7.35,7.37,7.34,7.37,21
2026-01-28 09:51:00,7.37,7.37,7.36,7.37,4
2026-01-28 09:52:00,7.37,7.37,7.37,7.37,0
2026-01-28 09:53:00,7.34,7.34,7.33,7.33,20
2026-01-28 09:54:00,7.33,7.33,7.33,7.33,0
2026-01-28 09:55:00,7.33,7.33,7.33,7.33,0
2026-01-28 09:56:00,7.33,7.34,7.33,7.34,10
2026-01-28 09:57:00,7.34,7.36,7.34,7.36,32
2026-01-28 09:58:00,7.35,7.35,7.35,7.35,1
2026-01-28 09:59:00,7.34,7.34,7.3,7.3,27
2026-01-28 10:00:00,7.3,7.3,7.3,7.3,0
2026-01-28 10:01:00,7.33,7.33,7.33,7.33,25
2026-01-28 10:02:00,7.32,7.33,7.31,7.32,2
2026-01-28 10:03:00,7.35,7.36,7.35,7.35,3
2026-01-28 10:04:00,7.36,7.36,7.35,7.36,7
2026-01-28 10:05:00,7.36,7.36,7.36,7.36,0
2026-01-28 10:06:00,7.36,7.36,7.36,7.36,0
2026-01-28 10:07:00,7.36,7.36,7.36,7.36,0
2026-01-28 10:08:00,7.34,7.34,7.33,7.34,9
2026-01-28 10:09:00,7.32,7.32,7.31,7.32,2
2026-01-28 10:10:00,7.31,7.31,7.3,7.3,29
2026-01-28 10:11:00,7.3,7.3,7.3,7.3,0
2026-01-28 10:12:00,7.31,7.32,7.28,7.31,64
2026-01-28 10:13:00,7.31,7.31,7.31,7.31,1
2026-01-28 10:14:00,7.29,7.29,7.28,7.28,22
2026-01-28 10:15:00,7.29,7.29,7.29,7.29,2
2026-01-28 10:16:00,7.29,7.29,7.29,7.29,0
2026-01-28 10:17:00,7.29,7.29,7.28,7.28,11
2026-01-28 10:18:00,7.28,7.28,7.27,7.28,10
2026-01-28 10:19:00,7.28,7.28,7.28,7.28,6
2026-01-28 10:20:00,7.29,7.29,7.29,7.29,2
2026-01-28 10:21:00,7.29,7.29,7.28,7.29,2
2026-01-28 10:22:00,7.29,7.29,7.28,7.29,2
2026-01-28 10:23:00,7.29,7.29,7.29,7.29,0
2026-01-28 10:24:00,7.31,7.31,7.3,7.31,1
2026-01-28 10:25:00,7.3,7.3,7.29,7.29,6
2026-01-28 10:26:00,7.29,7.29,7.29,7.29,0
2026-01-28 10:27:00,7.29,7.29,7.29,7.29,0
2026-01-28 10:28:00,7.29,7.3,7.29,7.29,1
2026-01-28 10:29:00,7.29,7.29,7.29,7.29,0
2026-01-28 10:30:00,7.32,7.32,7.32,7.32,46
2026-01-28 10:31:00,7.34,7.34,7.32,7.33,6
2026-01-28 10:32:00,7.31,7.35,7.31,7.35,17
2026-01-28 10:33:00,7.35,7.35,7.35,7.35,0
2026-01-28 10:34:00,7.33,7.34,7.33,7.33,1
2026-01-28 10:35:00,7.33,7.34,7.33,7.33,14
2026-01-28 10:36:00,7.36,7.36,7.35,7.36,2
2026-01-28 10:37:00,7.36,7.36,7.36,7.36,0
2026-01-28 10:38:00,7.36,7.36,7.36,7.36,0
2026-01-28 10:39:00,7.36,7.36,7.36,7.36,0
2026-01-28 10:40:00,7.34,7.34,7.34,7.34,1
2026-01-28 10:41:00,7.34,7.34,7.34,7.34,0
2026-01-28 10:42:00,7.36,7.36,7.35,7.35,27
2026-01-28 10:43:00,7.37,7.38,7.37,7.38,7
2026-01-28 10:44:00,7.38,7.38,7.37,7.38,1
2026-01-28 10:45:00,7.38,7.38,7.38,7.38,0
2026-01-28 10:46:00,7.38,7.38,7.36,7.37,8
2026-01-28 10:47:00,7.37,7.37,7.36,7.37,20
2026-01-28 10:48:00,7.36,7.36,7.36,7.36,3
2026-01-28 10:49:00,7.36,7.36,7.36,7.36,3
2026-01-28 10:50:00,7.36,7.39,7.36,7.39,6
2026-01-28 10:51:00,7.38,7.38,7.37,7.37,5
2026-01-28 10:52:00,7.37,7.37,7.37,7.37,2
2026-01-28 10:53:00,7.37,7.37,7.36,7.37,1
2026-01-28 10:54:00,7.37,7.37,7.37,7.37,0
2026-01-28 10:55:00,7.37,7.37,7.37,7.37,10
2026-01-28 10:56:00,7.38,7.38,7.38,7.38,1
2026-01-28 10:57:00,7.38,7.38,7.38,7.38,0
2026-01-28 10:58:00,7.36,7.36,7.35,7.35,2
2026-01-28 10:59:00,7.35,7.35,7.35,7.35,0
2026-01-28 11:00:00,7.34,7.34,7.34,7.34,1
2026-01-28 11:01:00,7.35,7.35,7.35,7.35,1
2026-01-28 11:02:00,7.35,7.35,7.35,7.35,0
2026-01-28 11:03:00,7.35,7.35,7.35,7.35,0
2026-01-28 11:04:00,7.35,7.35,7.35,7.35,0
2026-01-28 11:05:00,7.35,7.35,7.35,7.35,0
2026-01-28 11:06:00,7.34,7.36,7.34,7.36,5
2026-01-28 11:07:00,7.36,7.36,7.36,7.36,0
2026-01-28 11:08:00,7.36,7.36,7.36,7.36,0
2026-01-28 11:09:00,7.36,7.36,7.36,7.36,0
2026-01-28 11:10:00,7.36,7.36,7.36,7.36,0
2026-01-28 11:11:00,7.35,7.35,7.34,7.35,1
2026-01-28 11:12:00,7.35,7.35,7.35,7.35,0
2026-01-28 11:13:00,7.35,7.35,7.35,7.35,0
2026-01-28 11:14:00,7.35,7.35,7.35,7.35,0
2026-01-28 11:15:00,7.35,7.35,7.35,7.35,0
2026-01-28 11:16:00,7.35,7.35,7.35,7.35,0
2026-01-28 11:17:00,7.34,7.34,7.34,7.34,3
2026-01-28 11:18:00,7.34,7.34,7.34,7.34,0
2026-01-28 11:19:00,7.35,7.36,7.35,7.36,6
2026-01-28 11:20:00,7.35,7.35,7.35,7.35,2
2026-01-28 11:21:00,7.35,7.35,7.35,7.35,0
2026-01-28 11:22:00,7.37,7.37,7.37,7.37,10
2026-01-28 11:23:00,7.37,7.37,7.37,7.37,0
2026-01-28 11:24:00,7.37,7.37,7.37,7.37,0
2026-01-28 11:25:00,7.37,7.37,7.37,7.37,0
2026-01-28 11:26:00,7.37,7.37,7.37,7.37,0
2026-01-28 11:27:00,7.37,7.37,7.34,7.35,9
2026-01-28 11:28:00,7.37,7.37,7.37,7.37,3
2026-01-28 11:29:00,7.37,7.37,7.37,7.37,0
2026-01-28 11:30:00,7.37,7.37,7.37,7.37,0
2026-01-28 11:31:00,7.37,7.37,7.37,7.37,0
2026-01-28 11:32:00,7.37,7.37,7.37,7.37,0
2026-01-28 11:33:00,7.37,7.37,7.37,7.37,0
2026-01-28 11:34:00,7.38,7.38,7.38,7.38,2
2026-01-28 11:35:00,7.39,7.39,7.37,7.39,27
2026-01-28 11:36:00,7.39,7.39,7.39,7.39,0
2026-01-28 11:37:00,7.39,7.39,7.39,7.39,0
2026-01-28 11:38:00,7.38,7.39,7.38,7.39,2
2026-01-28 11:39:00,7.38,7.39,7.38,7.39,7
2026-01-28 11:40:00,7.39,7.39,7.39,7.39,0
2026-01-28 11:41:00,7.4,7.4,7.4,7.4,15
2026-01-28 11:42:00,7.4,7.4,7.4,7.4,2
2026-01-28 11:43:00,7.4,7.4,7.4,7.4,0
2026-01-28 11:44:00,7.4,7.4,7.4,7.4,0
2026-01-28 11:45:00,7.39,7.4,7.39,7.39,2
2026-01-28 11:46:00,7.39,7.39,7.39,7.39,0
2026-01-28 11:47:00,7.39,7.39,7.39,7.39,0
2026-01-28 11:48:00,7.39,7.39,7.39,7.39,0
2026-01-28 11:49:00,7.39,7.39,7.39,7.39,0
2026-01-28 11:50:00,7.39,7.39,7.39,7.39,0
2026-01-28 11:51:00,7.39,7.39,7.39,7.39,0
2026-01-28 11:52:00,7.4,7.41,7.4,7.41,13
2026-01-28 11:53:00,7.41,7.41,7.41,7.41,0
2026-01-28 11:54:00,7.41,7.41,7.41,7.41,0
2026-01-28 11:55:00,7.41,7.41,7.41,7.41,0
2026-01-28 11:56:00,7.41,7.41,7.41,7.41,0
2026-01-28 11:57:00,7.41,7.41,7.41,7.41,0
2026-01-28 11:58:00,7.41,7.41,7.41,7.41,0
2026-01-28 11:59:00,7.41,7.41,7.41,7.41,0
2026-01-28 12:00:00,7.41,7.41,7.41,7.41,0
2026-01-28 12:01:00,7.41,7.41,7.41,7.41,0
2026-01-28 12:02:00,7.4,7.4,7.4,7.4,1
2026-01-28 12:03:00,7.4,7.4,7.4,7.4,0
2026-01-28 12:04:00,7.4,7.4,7.4,7.4,0
2026-01-28 12:05:00,7.4,7.4,7.39,7.4,6
2026-01-28 12:06:00,7.4,7.4,7.4,7.4,0
2026-01-28 12:07:00,7.41,7.42,7.41,7.42,6
2026-01-28 12:08:00,7.42,7.42,7.42,7.42,0
2026-01-28 12:09:00,7.41,7.41,7.41,7.41,27
2026-01-28 12:10:00,7.42,7.42,7.42,7.42,1
2026-01-28 12:11:00,7.42,7.42,7.42,7.42,0
2026-01-28 12:12:00,7.42,7.42,7.42,7.42,0
2026-01-28 12:13:00,7.42,7.44,7.42,7.44,4
2026-01-28 12:14:00,7.45,7.45,7.45,7.45,4
2026-01-28 12:15:00,7.45,7.46,7.45,7.46,7
2026-01-28 12:16:00,7.45,7.46,7.45,7.46,5
2026-01-28 12:17:00,7.46,7.46,7.46,7.46,0
2026-01-28 12:18:00,7.46,7.46,7.46,7.46,1
2026-01-28 12:19:00,7.46,7.46,7.46,7.46,2
2026-01-28 12:20:00,7.46,7.46,7.46,7.46,8
2026-01-28 12:21:00,7.46,7.46,7.46,7.46,0
2026-01-28 12:22:00,7.46,7.46,7.46,7.46,0
2026-01-28 12:23:00,7.46,7.46,7.46,7.46,0
2026-01-28 12:24:00,7.46,7.46,7.46,7.46,0
2026-01-28 12:25:00,7.46,7.46,7.45,7.46,1
2026-01-28 12:26:00,7.46,7.46,7.45,7.46,1
2026-01-28 12:27:00,7.46,7.46,7.46,7.46,0
2026-01-28 12:28:00,7.46,7.46,7.46,7.46,0
2026-01-28 12:29:00,7.47,7.47,7.46,7.47,75
2026-01-28 12:30:00,7.47,7.47,7.47,7.47,0
2026-01-28 12:31:00,7.48,7.48,7.47,7.47,7
2026-01-28 12:32:00,7.47,7.47,7.47,7.47,2
2026-01-28 12:33:00,7.47,7.47,7.47,7.47,1
2026-01-28 12:34:00,7.47,7.47,7.47,7.47,2
2026-01-28 12:35:00,7.47,7.47,7.47,7.47,0
2026-01-28 12:36:00,7.47,7.47,7.47,7.47,0
2026-01-28 12:37:00,7.47,7.47,7.47,7.47,0
2026-01-28 12:38:00,7.47,7.47,7.47,7.47,0
2026-01-28 12:39:00,7.47,7.47,7.46,7.46,3
2026-01-28 12:40:00,7.46,7.46,7.46,7.46,1
2026-01-28 12:41:00,7.46,7.46,7.46,7.46,0
2026-01-28 12:42:00,7.47,7.47,7.47,7.47,1
2026-01-28 12:43:00,7.47,7.48,7.47,7.47,9
2026-01-28 12:44:00,7.48,7.48,7.48,7.48,1
2026-01-28 12:45:00,7.48,7.48,7.48,7.48,4
2026-01-28 12:46:00,7.48,7.48,7.48,7.48,0
2026-01-28 12:47:00,7.48,7.48,7.48,7.48,0
2026-01-28 12:48:00,7.48,7.48,7.48,7.48,0
2026-01-28 12:49:00,7.48,7.48,7.48,7.48,0
2026-01-28 12:50:00,7.48,7.48,7.48,7.48,0
2026-01-28 12:51:00,7.5,7.5,7.5,7.5,2
2026-01-28 12:52:00,7.48,7.48,7.48,7.48,1
2026-01-28 12:53:00,7.5,7.5,7.48,7.48,12
2026-01-28 12:54:00,7.46,7.46,7.46,7.46,3
2026-01-28 12:55:00,7.46,7.46,7.46,7.46,0
2026-01-28 12:56:00,7.46,7.46,7.46,7.46,0
2026-01-28 12:57:00,7.46,7.46,7.46,7.46,0
2026-01-28 12:58:00,7.46,7.46,7.46,7.46,0
2026-01-28 12:59:00,7.47,7.47,7.45,7.46,2
2026-01-28 13:00:00,7.47,7.47,7.47,7.47,3
2026-01-28 13:01:00,7.47,7.47,7.47,7.47,2
2026-01-28 13:02:00,7.47,7.48,7.47,7.48,4
2026-01-28 13:03:00,7.48,7.48,7.47,7.48,2
2026-01-28 13:04:00,7.48,7.48,7.48,7.48,0
2026-01-28 13:05:00,7.48,7.48,7.48,7.48,0
2026-01-28 13:06:00,7.48,7.48,7.48,7.48,1
2026-01-28 13:07:00,7.48,7.48,7.48,7.48,2
2026-01-28 13:08:00,7.49,7.49,7.47,7.47,8
2026-01-28 13:09:00,7.47,7.47,7.47,7.47,0
2026-01-28 13:10:00,7.47,7.47,7.47,7.47,0
2026-01-28 13:11:00,7.48,7.48,7.48,7.48,1
2026-01-28 13:12:00,7.48,7.48,7.48,7.48,1
2026-01-28 13:13:00,7.48,7.48,7.46,7.47,4
2026-01-28 13:14:00,7.46,7.46,7.46,7.46,2
2026-01-28 13:15:00,7.47,7.47,7.46,7.47,1
2026-01-28 13:16:00,7.47,7.47,7.47,7.47,0
2026-01-28 13:17:00,7.47,7.47,7.47,7.47,0
2026-01-28 13:18:00,7.48,7.48,7.48,7.48,1
2026-01-28 13:19:00,7.48,7.48,7.48,7.48,1
2026-01-28 13:20:00,7.48,7.48,7.48,7.48,0
2026-01-28 13:21:00,7.49,7.49,7.48,7.48,2
2026-01-28 13:22:00,7.48,7.48,7.48,7.48,6
2026-01-28 13:23:00,7.48,7.48,7.48,7.48,0
2026-01-28 13:24:00,7.48,7.48,7.48,7.48,0
2026-01-28 13:25:00,7.48,7.48,7.48,7.48,0
2026-01-28 13:26:00,7.49,7.49,7.47,7.48,6
2026-01-28 13:27:00,7.48,7.48,7.48,7.48,0
2026-01-28 13:28:00,7.48,7.48,7.48,7.48,1
2026-01-28 13:29:00,7.48,7.48,7.48,7.48,0
2026-01-28 13:30:00,7.48,7.48,7.48,7.48,0
2026-01-28 13:31:00,7.49,7.52,7.49,7.52,21
2026-01-28 13:32:00,7.51,7.52,7.49,7.5,20
2026-01-28 13:33:00,7.5,7.5,7.5,7.5,0
2026-01-28 13:34:00,7.5,7.5,7.49,7.5,1
2026-01-28 13:35:00,7.5,7.5,7.5,7.5,0
2026-01-28 13:36:00,7.5,7.5,7.5,7.5,0
2026-01-28 13:37:00,7.5,7.5,7.5,7.5,0
2026-01-28 13:38:00,7.49,7.49,7.49,7.49,1
2026-01-28 13:39:00,7.5,7.5,7.49,7.5,1
2026-01-28 13:40:00,7.5,7.5,7.5,7.5,0
2026-01-28 13:41:00,7.51,7.52,7.51,7.51,6
2026-01-28 13:42:00,7.51,7.51,7.51,7.51,0
2026-01-28 13:43:00,7.52,7.52,7.51,7.52,3
2026-01-28 13:44:00,7.52,7.52,7.52,7.52,0
2026-01-28 13:45:00,7.52,7.52,7.51,7.52,2
2026-01-28 13:46:00,7.52,7.52,7.51,7.52,3
2026-01-28 13:47:00,7.52,7.52,7.52,7.52,0
2026-01-28 13:48:00,7.52,7.52,7.52,7.52,0
2026-01-28 13:49:00,7.52,7.52,7.52,7.52,0
2026-01-28 13:50:00,7.52,7.59,7.5,7.57,60
2026-01-28 13:51:00,7.57,7.57,7.57,7.57,0
2026-01-28 13:52:00,7.58,7.58,7.54,7.54,6
2026-01-28 13:53:00,7.54,7.56,7.54,7.54,30
2026-01-28 13:54:00,7.54,7.56,7.54,7.54,5
2026-01-28 13:55:00,7.54,7.56,7.54,7.56,20
2026-01-28 13:56:00,7.52,7.56,7.51,7.52,20
2026-01-28 13:57:00,7.52,7.53,7.51,7.53,14
2026-01-28 13:58:00,7.54,7.55,7.54,7.55,3
2026-01-28 13:59:00,7.54,7.54,7.53,7.54,2
2026-01-28 14:00:00,7.55,7.55,7.55,7.55,2
2026-01-28 14:01:00,7.51,7.51,7.51,7.51,1
2026-01-28 14:02:00,7.52,7.53,7.52,7.52,10
2026-01-28 14:03:00,7.53,7.56,7.53,7.56,15
2026-01-28 14:04:00,7.57,7.57,7.57,7.57,1
2026-01-28 14:05:00,7.57,7.59,7.56,7.59,2
2026-01-28 14:06:00,7.59,7.59,7.59,7.59,0
2026-01-28 14:07:00,7.58,7.61,7.57,7.61,2
2026-01-28 14:08:00,7.59,7.59,7.57,7.57,2
2026-01-28 14:09:00,7.62,7.62,7.62,7.62,1
2026-01-28 14:10:00,7.57,7.57,7.55,7.55,14
2026-01-28 14:11:00,7.58,7.58,7.58,7.58,1
2026-01-28 14:12:00,7.58,7.58,7.58,7.58,0
2026-01-28 14:13:00,7.58,7.58,7.58,7.58,0
2026-01-28 14:14:00,7.57,7.57,7.57,7.57,2
2026-01-28 14:15:00,7.57,7.57,7.57,7.57,0
2026-01-28 14:16:00,7.57,7.57,7.57,7.57,0
2026-01-28 14:17:00,7.58,7.59,7.58,7.58,2
2026-01-28 14:18:00,7.57,7.58,7.57,7.57,5
2026-01-28 14:19:00,7.58,7.58,7.58,7.58,2
2026-01-28 14:20:00,7.57,7.57,7.56,7.57,19
2026-01-28 14:21:00,7.57,7.57,7.57,7.57,0
2026-01-28 14:22:00,7.57,7.57,7.57,7.57,0
2026-01-28 14:23:00,7.57,7.57,7.57,7.57,0
2026-01-28 14:24:00,7.61,7.61,7.6,7.6,2
2026-01-28 14:25:00,7.61,7.61,7.6,7.61,5
2026-01-28 14:26:00,7.61,7.61,7.61,7.61,0
2026-01-28 14:27:00,7.61,7.61,7.61,7.61,1
2026-01-28 14:28:00,7.6,7.6,7.6,7.6,6
2026-01-28 14:29:00,7.59,7.59,7.54,7.54,9
2026-01-28 14:30:00,7.49,7.54,7.49,7.54,12
2026-01-28 14:31:00,7.56,7.61,7.56,7.59,14
2026-01-28 14:32:00,7.59,7.59,7.59,7.59,0
2026-01-28 14:33:00,7.58,7.58,7.46,7.5,18
2026-01-28 14:34:00,7.51,7.51,7.5,7.51,1
2026-01-28 14:35:00,7.5,7.5,7.49,7.49,2
2026-01-28 14:36:00,7.47,7.47,7.47,7.47,1
2026-01-28 14:37:00,7.45,7.45,7.45,7.45,9
2026-01-28 14:38:00,7.45,7.45,7.45,7.45,0
2026-01-28 14:39:00,7.45,7.45,7.45,7.45,0
2026-01-28 14:40:00,7.46,7.48,7.44,7.48,6
2026-01-28 14:41:00,7.47,7.47,7.47,7.47,2
2026-01-28 14:42:00,7.49,7.49,7.49,7.49,2
2026-01-28 14:43:00,7.51,7.55,7.51,7.55,38
2026-01-28 14:44:00,7.55,7.55,7.55,7.55,0
2026-01-28 14:45:00,7.55,7.55,7.55,7.55,4
2026-01-28 14:46:00,7.55,7.55,7.55,7.55,7
2026-01-28 14:47:00,7.55,7.55,7.55,7.55,2
2026-01-28 14:48:00,7.55,7.55,7.55,7.55,0
2026-01-28 14:49:00,7.55,7.55,7.55,7.55,4
2026-01-28 14:50:00,7.55,7.55,7.53,7.53,14
2026-01-28 14:51:00,7.53,7.53,7.53,7.53,0
2026-01-28 14:52:00,7.53,7.53,7.53,7.53,0
2026-01-28 14:53:00,7.53,7.53,7.53,7.53,7
2026-01-28 14:54:00,7.53,7.53,7.53,7.53,0
2026-01-28 14:55:00,7.53,7.53,7.53,7.53,0
2026-01-28 14:56:00,7.53,7.53,7.53,7.53,5
2026-01-28 14:57:00,7.53,7.53,7.53,7.53,0
2026-01-28 14:58:00,7.53,7.53,7.53,7.53,0
2026-01-28 14:59:00,7.5,7.5,7.5,7.5,1
2026-01-28 15:00:00,7.5,7.5,7.5,7.5,0
2026-01-28 15:01:00,7.5,7.5,7.5,7.5,0
2026-01-28 15:02:00,7.5,7.5,7.5,7.5,0
2026-01-28 15:03:00,7.5,7.5,7.5,7.5,0
2026-01-28 15:04:00,7.43,7.43,7.43,7.43,1
2026-01-28 15:05:00,7.43,7.43,7.43,7.43,0
2026-01-28 15:06:00,7.43,7.43,7.43,7.43,0
2026-01-28 15:07:00,7.43,7.43,7.43,7.43,0
2026-01-28 15:08:00,7.43,7.43,7.43,7.43,0
2026-01-28 15:09:00,7.43,7.43,7.43,7.43,0
2026-01-28 15:10:00,7.43,7.43,7.43,7.43,0
2026-01-28 15:11:00,7.43,7.43,7.43,7.43,0
2026-01-28 15:12:00,7.41,7.41,7.41,7.41,1
2026-01-28 15:13:00,7.41,7.41,7.41,7.41,1
2026-01-28 15:14:00,7.39,7.39,7.39,7.39,3
2026-01-28 15:15:00,7.39,7.39,7.39,7.39,0
2026-01-28 15:16:00,7.41,7.41,7.41,7.41,9
2026-01-28 15:17:00,7.4,7.4,7.4,7.4,1
2026-01-28 15:18:00,7.4,7.4,7.4,7.4,0
2026-01-28 15:19:00,7.4,7.4,7.4,7.4,0
2026-01-28 15:20:00,7.4,7.4,7.4,7.4,0
2026-01-28 15:21:00,7.4,7.4,7.4,7.4,0
2026-01-28 15:22:00,7.4,7.4,7.4,7.4,0
2026-01-28 15:23:00,7.4,7.4,7.4,7.4,0
2026-01-28 15:24:00,7.4,7.4,7.4,7.4,0
2026-01-28 15:25:00,7.39,7.39,7.39,7.39,1
2026-01-28 15:26:00,7.39,7.39,7.39,7.39,0
2026-01-28 15:27:00,7.39,7.39,7.39,7.39,1
2026-01-28 15:28:00,7.39,7.41,7.39,7.41,13
2026-01-28 15:29:00,7.41,7.41,7.41,7.41,0
2026-01-28 15:30:00,7.41,7.41,7.41,7.41,0
2026-01-28 15:31:00,7.41,7.41,7.41,7.41,0
2026-01-28 15:32:00,7.41,7.41,7.41,7.41,0
2026-01-28 15:33:00,7.39,7.39,7.38,7.39,6
2026-01-28 15:34:00,7.39,7.39,7.38,7.39,4
2026-01-28 15:35:00,7.39,7.39,7.39,7.39,0
2026-01-28 15:36:00,7.39,7.39,7.38,7.39,2
2026-01-28 15:37:00,7.39,7.4,7.38,7.4,11
2026-01-28 15:38:00,7.38,7.38,7.38,7.38,2
2026-01-28 15:39:00,7.38,7.39,7.37,7.39,8
2026-01-28 15:40:00,7.37,7.38,7.37,7.37,3
2026-01-28 15:41:00,7.37,7.37,7.37,7.37,0
2026-01-28 15:42:00,7.37,7.37,7.37,7.37,0
2026-01-28 15:43:00,7.37,7.37,7.37,7.37,0
2026-01-28 15:44:00,7.39,7.39,7.38,7.39,2
2026-01-28 15:45:00,7.38,7.38,7.38,7.38,1
2026-01-28 15:46:00,7.38,7.38,7.38,7.38,1
2026-01-28 15:47:00,7.37,7.37,7.37,7.37,1
2026-01-28 15:48:00,7.37,7.37,7.37,7.37,0
2026-01-28 15:49:00,7.35,7.35,7.35,7.35,7
2026-01-28 15:50:00,7.34,7.35,7.34,7.35,5
2026-01-28 15:51:00,7.35,7.35,7.34,7.35,56
2026-01-28 15:52:00,7.34,7.34,7.33,7.34,10
2026-01-28 15:53:00,7.34,7.34,7.34,7.34,0
2026-01-28 15:54:00,7.34,7.36,7.34,7.36,3
2026-01-28 15:55:00,7.35,7.36,7.34,7.35,10
2026-01-28 15:56:00,7.36,7.37,7.35,7.37,71
2026-01-28 15:57:00,7.36,7.36,7.36,7.36,1
2026-01-28 15:58:00,7.36,7.39,7.36,7.38,32
2026-01-28 15:59:00,7.39,7.39,7.37,7.39,47
2026-01-29 09:30:00,7.37,7.38,7.36,7.36,44
2026-01-29 09:31:00,7.35,7.35,7.34,7.34,16
2026-01-29 09:32:00,7.33,7.34,7.32,7.34,24
2026-01-29 09:33:00,7.33,7.34,7.31,7.31,5
2026-01-29 09:34:00,7.31,7.31,7.31,7.31,0
2026-01-29 09:35:00,7.31,7.32,7.31,7.32,3
2026-01-29 09:36:00,7.33,7.34,7.32,7.34,4
2026-01-29 09:37:00,7.35,7.35,7.35,7.35,1
2026-01-29 09:38:00,7.37,7.44,7.37,7.44,10
2026-01-29 09:39:00,7.44,7.44,7.43,7.44,1
2026-01-29 09:40:00,7.44,7.44,7.43,7.44,1
2026-01-29 09:41:00,7.44,7.44,7.44,7.44,0
2026-01-29 09:42:00,7.44,7.44,7.44,7.44,0
2026-01-29 09:43:00,7.44,7.44,7.44,7.44,0
2026-01-29 09:44:00,7.44,7.44,7.44,7.44,0
2026-01-29 09:45:00,7.44,7.44,7.44,7.44,0
2026-01-29 09:46:00,7.39,7.39,7.39,7.39,4
2026-01-29 09:47:00,7.38,7.39,7.37,7.37,16
2026-01-29 09:48:00,7.37,7.37,7.37,7.37,1
2026-01-29 09:49:00,7.37,7.38,7.36,7.37,9
2026-01-29 09:50:00,7.37,7.37,7.37,7.37,0
2026-01-29 09:51:00,7.35,7.35,7.33,7.35,8
2026-01-29 09:52:00,7.34,7.34,7.34,7.34,1
2026-01-29 09:53:00,7.34,7.34,7.34,7.34,4
2026-01-29 09:54:00,7.36,7.36,7.36,7.36,3
2026-01-29 09:55:00,7.39,7.4,7.39,7.4,5
2026-01-29 09:56:00,7.38,7.38,7.34,7.35,5
2026-01-29 09:57:00,7.35,7.36,7.34,7.36,9
2026-01-29 09:58:00,7.37,7.37,7.37,7.37,6
2026-01-29 09:59:00,7.37,7.37,7.36,7.37,1
2026-01-29 10:00:00,7.36,7.36,7.35,7.36,2
2026-01-29 10:01:00,7.36,7.36,7.32,7.32,24
2026-01-29 10:02:00,7.31,7.32,7.31,7.31,2
2026-01-29 10:03:00,7.32,7.32,7.32,7.32,4
2026-01-29 10:04:00,7.32,7.33,7.32,7.33,3
2026-01-29 10:05:00,7.34,7.35,7.34,7.35,7
2026-01-29 10:06:00,7.35,7.35,7.35,7.35,0
2026-01-29 10:07:00,7.32,7.32,7.32,7.32,5
2026-01-29 10:08:00,7.32,7.32,7.32,7.32,0
2026-01-29 10:09:00,7.32,7.32,7.32,7.32,0
2026-01-29 10:10:00,7.31,7.32,7.31,7.32,20
2026-01-29 10:11:00,7.34,7.34,7.31,7.31,11
2026-01-29 10:12:00,7.32,7.33,7.31,7.31,9
2026-01-29 10:13:00,7.31,7.32,7.3,7.31,17
2026-01-29 10:14:00,7.3,7.3,7.3,7.3,2
2026-01-29 10:15:00,7.32,7.33,7.31,7.33,6
2026-01-29 10:16:00,7.33,7.33,7.33,7.33,0
2026-01-29 10:17:00,7.33,7.33,7.33,7.33,0
2026-01-29 10:18:00,7.32,7.34,7.31,7.33,11
2026-01-29 10:19:00,7.33,7.33,7.33,7.33,0
2026-01-29 10:20:00,7.3,7.3,7.26,7.29,57
2026-01-29 10:21:00,7.29,7.29,7.29,7.29,1
2026-01-29 10:22:00,7.3,7.3,7.3,7.3,2
2026-01-29 10:23:00,7.3,7.3,7.3,7.3,0
2026-01-29 10:24:00,7.3,7.3,7.3,7.3,0
2026-01-29 10:25:00,7.3,7.3,7.3,7.3,0
2026-01-29 10:26:00,7.33,7.33,7.32,7.33,1
2026-01-29 10:27:00,7.34,7.35,7.34,7.35,2
2026-01-29 10:28:00,7.33,7.34,7.32,7.33,15
2026-01-29 10:29:00,7.33,7.33,7.33,7.33,0
2026-01-29 10:30:00,7.33,7.37,7.33,7.36,6
2026-01-29 10:31:00,7.36,7.36,7.36,7.36,0
2026-01-29 10:32:00,7.36,7.36,7.35,7.36,1
2026-01-29 10:33:00,7.37,7.37,7.37,7.37,1
2026-01-29 10:34:00,7.37,7.37,7.37,7.37,0
2026-01-29 10:35:00,7.33,7.35,7.32,7.35,10
2026-01-29 10:36:00,7.32,7.33,7.3,7.33,7
2026-01-29 10:37:00,7.33,7.33,7.33,7.33,3
2026-01-29 10:38:00,7.33,7.33,7.33,7.33,0
2026-01-29 10:39:00,7.33,7.33,7.33,7.33,0
2026-01-29 10:40:00,7.32,7.32,7.32,7.32,1
2026-01-29 10:41:00,7.32,7.32,7.31,7.32,1
2026-01-29 10:42:00,7.3,7.3,7.29,7.29,14
2026-01-29 10:43:00,7.28,7.28,7.28,7.28,1
2026-01-29 10:44:00,7.28,7.29,7.28,7.28,6
2026-01-29 10:45:00,7.27,7.27,7.26,7.26,13
2026-01-29 10:46:00,7.27,7.27,7.25,7.26,12
2026-01-29 10:47:00,7.26,7.26,7.26,7.26,0
2026-01-29 10:48:00,7.26,7.26,7.26,7.26,1
2026-01-29 10:49:00,7.26,7.26,7.26,7.26,1
2026-01-29 10:50:00,7.27,7.27,7.27,7.27,1
2026-01-29 10:51:00,7.26,7.26,7.26,7.26,19
2026-01-29 10:52:00,7.27,7.27,7.25,7.26,9
2026-01-29 10:53:00,7.25,7.25,7.25,7.25,1
2026-01-29 10:54:00,7.25,7.25,7.25,7.25,0
2026-01-29 10:55:00,7.24,7.24,7.24,7.24,5
2026-01-29 10:56:00,7.24,7.26,7.24,7.26,30
2026-01-29 10:57:00,7.26,7.26,7.26,7.26,2
2026-01-29 10:58:00,7.27,7.27,7.26,7.27,2
2026-01-29 10:59:00,7.28,7.28,7.28,7.28,1
2026-01-29 11:00:00,7.28,7.29,7.27,7.29,2
2026-01-29 11:01:00,7.28,7.28,7.28,7.28,1
2026-01-29 11:02:00,7.28,7.28,7.28,7.28,0
2026-01-29 11:03:00,7.29,7.29,7.28,7.29,5
2026-01-29 11:04:00,7.29,7.32,7.28,7.32,14
2026-01-29 11:05:00,7.32,7.32,7.32,7.32,0
2026-01-29 11:06:00,7.32,7.32,7.32,7.32,0
2026-01-29 11:07:00,7.3,7.3,7.3,7.3,1
2026-01-29 11:08:00,7.3,7.3,7.3,7.3,0
2026-01-29 11:09:00,7.29,7.29,7.29,7.29,24
2026-01-29 11:10:00,7.28,7.28,7.28,7.28,5
2026-01-29 11:11:00,7.29,7.29,7.29,7.29,3
2026-01-29 11:12:00,7.3,7.31,7.3,7.31,3
2026-01-29 11:13:00,7.31,7.31,7.31,7.31,0
2026-01-29 11:14:00,7.3,7.33,7.3,7.33,13
2026-01-29 11:15:00,7.33,7.33,7.33,7.33,0
2026-01-29 11:16:00,7.33,7.33,7.33,7.33,0
2026-01-29 11:17:00,7.33,7.33,7.33,7.33,0
2026-01-29 11:18:00,7.33,7.33,7.33,7.33,0
2026-01-29 11:19:00,7.33,7.33,7.33,7.33,0
2026-01-29 11:20:00,7.32,7.32,7.32,7.32,1
2026-01-29 11:21:00,7.32,7.32,7.32,7.32,1
2026-01-29 11:22:00,7.31,7.31,7.3,7.3,5
2026-01-29 11:23:00,7.28,7.3,7.28,7.29,10
2026-01-29 11:24:00,7.3,7.3,7.3,7.3,2
2026-01-29 11:25:00,7.29,7.3,7.29,7.3,6
2026-01-29 11:26:00,7.3,7.3,7.3,7.3,0
2026-01-29 11:27:00,7.3,7.3,7.3,7.3,0
2026-01-29 11:28:00,7.3,7.31,7.3,7.31,2
2026-01-29 11:29:00,7.31,7.31,7.31,7.31,0
2026-01-29 11:30:00,7.31,7.31,7.31,7.31,0
2026-01-29 11:31:00,7.31,7.31,7.31,7.31,0
2026-01-29 11:32:00,7.31,7.31,7.31,7.31,0
2026-01-29 11:33:00,7.31,7.31,7.31,7.31,0
2026-01-29 11:34:00,7.29,7.29,7.29,7.29,1
2026-01-29 11:35:00,7.29,7.29,7.29,7.29,0
2026-01-29 11:36:00,7.29,7.3,7.29,7.29,1
2026-01-29 11:37:00,7.29,7.29,7.29,7.29,0
2026-01-29 11:38:00,7.29,7.3,7.29,7.3,7
2026-01-29 11:39:00,7.3,7.3,7.3,7.3,0
2026-01-29 11:40:00,7.3,7.3,7.3,7.3,1
2026-01-29 11:41:00,7.33,7.33,7.33,7.33,4
2026-01-29 11:42:00,7.33,7.33,7.33,7.33,0
2026-01-29 11:43:00,7.33,7.33,7.33,7.33,0
2026-01-29 11:44:00,7.32,7.32,7.32,7.32,1
2026-01-29 11:45:00,7.32,7.33,7.3,7.3,6
2026-01-29 11:46:00,7.32,7.36,7.32,7.36,5
2026-01-29 11:47:00,7.34,7.35,7.34,7.34,1
2026-01-29 11:48:00,7.34,7.34,7.34,7.34,0
2026-01-29 11:49:00,7.35,7.35,7.35,7.35,1
2026-01-29 11:50:00,7.35,7.35,7.35,7.35,0
2026-01-29 11:51:00,7.34,7.35,7.34,7.35,4
2026-01-29 11:52:00,7.35,7.35,7.35,7.35,0
2026-01-29 11:53:00,7.34,7.34,7.34,7.34,1
2026-01-29 11:54:00,7.33,7.34,7.33,7.33,2
2026-01-29 11:55:00,7.33,7.33,7.33,7.33,0
2026-01-29 11:56:00,7.33,7.33,7.33,7.33,0
2026-01-29 11:57:00,7.34,7.34,7.34,7.34,1
2026-01-29 11:58:00,7.34,7.34,7.34,7.34,0
2026-01-29 11:59:00,7.33,7.34,7.33,7.33,1
2026-01-29 12:00:00,7.33,7.33,7.33,7.33,0
2026-01-29 12:01:00,7.33,7.33,7.33,7.33,0
2026-01-29 12:02:00,7.35,7.35,7.35,7.35,5
2026-01-29 12:03:00,7.34,7.35,7.34,7.34,5
2026-01-29 12:04:00,7.34,7.34,7.33,7.34,1
2026-01-29 12:05:00,7.36,7.36,7.36,7.36,5
2026-01-29 12:06:00,7.33,7.33,7.33,7.33,1
2026-01-29 12:07:00,7.35,7.35,7.35,7.35,1
2026-01-29 12:08:00,7.35,7.35,7.35,7.35,0
2026-01-29 12:09:00,7.33,7.34,7.33,7.33,1
2026-01-29 12:10:00,7.33,7.33,7.33,7.33,0
2026-01-29 12:11:00,7.33,7.33,7.33,7.33,0
2026-01-29 12:12:00,7.33,7.33,7.33,7.33,5
2026-01-29 12:13:00,7.33,7.33,7.33,7.33,0
2026-01-29 12:14:00,7.33,7.33,7.33,7.33,0
2026-01-29 12:15:00,7.33,7.33,7.33,7.33,0
2026-01-29 12:16:00,7.32,7.32,7.32,7.32,1
2026-01-29 12:17:00,7.32,7.38,7.32,7.37,16
2026-01-29 12:18:00,7.37,7.37,7.37,7.37,0
2026-01-29 12:19:00,7.38,7.39,7.37,7.39,4
2026-01-29 12:20:00,7.39,7.39,7.39,7.39,0
2026-01-29 12:21:00,7.39,7.39,7.39,7.39,0
2026-01-29 12:22:00,7.38,7.38,7.38,7.38,1
2026-01-29 12:23:00,7.38,7.38,7.38,7.38,0
2026-01-29 12:24:00,7.38,7.38,7.38,7.38,1
2026-01-29 12:25:00,7.37,7.38,7.37,7.37,3
2026-01-29 12:26:00,7.37,7.37,7.37,7.37,0
2026-01-29 12:27:00,7.37,7.37,7.37,7.37,0
2026-01-29 12:28:00,7.37,7.37,7.37,7.37,0
2026-01-29 12:29:00,7.35,7.36,7.35,7.35,1
2026-01-29 12:30:00,7.35,7.35,7.35,7.35,0
2026-01-29 12:31:00,7.35,7.35,7.35,7.35,0
2026-01-29 12:32:00,7.35,7.35,7.35,7.35,0
2026-01-29 12:33:00,7.35,7.35,7.35,7.35,4
2026-01-29 12:34:00,7.35,7.35,7.35,7.35,0
2026-01-29 12:35:00,7.35,7.35,7.35,7.35,0
2026-01-29 12:36:00,7.35,7.35,7.35,7.35,0
2026-01-29 12:37:00,7.33,7.33,7.33,7.33,1
2026-01-29 12:38:00,7.34,7.34,7.34,7.34,4
2026-01-29 12:39:00,7.34,7.34,7.32,7.33,50
2026-01-29 12:40:00,7.33,7.33,7.33,7.33,0
2026-01-29 12:41:00,7.33,7.34,7.33,7.33,5
2026-01-29 12:42:00,7.33,7.33,7.33,7.33,0
2026-01-29 12:43:00,7.33,7.33,7.33,7.33,0
2026-01-29 12:44:00,7.33,7.33,7.33,7.33,0
2026-01-29 12:45:00,7.33,7.33,7.33,7.33,0
2026-01-29 12:46:00,7.33,7.33,7.33,7.33,0
2026-01-29 12:47:00,7.33,7.33,7.32,7.33,1
2026-01-29 12:48:00,7.31,7.31,7.31,7.31,1
2026-01-29 12:49:00,7.31,7.31,7.31,7.31,0
2026-01-29 12:50:00,7.31,7.31,7.31,7.31,0
2026-01-29 12:51:00,7.31,7.31,7.31,7.31,1
2026-01-29 12:52:00,7.32,7.32,7.31,7.31,11
2026-01-29 12:53:00,7.31,7.31,7.31,7.31,0
2026-01-29 12:54:00,7.31,7.31,7.31,7.31,0
2026-01-29 12:55:00,7.31,7.31,7.31,7.31,0
2026-01-29 12:56:00,7.3,7.3,7.3,7.3,1
2026-01-29 12:57:00,7.3,7.3,7.3,7.3,0
2026-01-29 12:58:00,7.29,7.29,7.29,7.29,6
2026-01-29 12:59:00,7.28,7.29,7.28,7.29,7
2026-01-29 13:00:00,7.31,7.33,7.31,7.33,59
2026-01-29 13:01:00,7.33,7.33,7.31,7.32,8
2026-01-29 13:02:00,7.31,7.34,7.31,7.34,20
2026-01-29 13:03:00,7.33,7.36,7.33,7.36,18
2026-01-29 13:04:00,7.39,7.39,7.33,7.33,29
2026-01-29 13:05:00,7.34,7.38,7.33,7.38,90
2026-01-29 13:06:00,7.38,7.44,7.38,7.44,71
2026-01-29 13:07:00,7.44,7.44,7.39,7.4,32
2026-01-29 13:08:00,7.39,7.39,7.38,7.39,2
2026-01-29 13:09:00,7.39,7.39,7.39,7.39,2
2026-01-29 13:10:00,7.39,7.39,7.39,7.39,0
2026-01-29 13:11:00,7.39,7.39,7.39,7.39,2
2026-01-29 13:12:00,7.39,7.39,7.39,7.39,0
2026-01-29 13:13:00,7.39,7.39,7.39,7.39,0
2026-01-29 13:14:00,7.39,7.39,7.39,7.39,0
2026-01-29 13:15:00,7.39,7.39,7.39,7.39,1
2026-01-29 13:16:00,7.39,7.39,7.38,7.39,2
2026-01-29 13:17:00,7.4,7.44,7.4,7.44,50
2026-01-29 13:18:00,7.45,7.46,7.43,7.43,50
2026-01-29 13:19:00,7.44,7.44,7.43,7.44,1
2026-01-29 13:20:00,7.44,7.45,7.44,7.45,14
2026-01-29 13:21:00,7.46,7.46,7.46,7.46,1
2026-01-29 13:22:00,7.46,7.46,7.46,7.46,0
2026-01-29 13:23:00,7.46,7.49,7.46,7.49,6
2026-01-29 13:24:00,7.5,7.5,7.49,7.49,7
2026-01-29 13:25:00,7.49,7.5,7.49,7.5,25
2026-01-29 13:26:00,7.5,7.51,7.5,7.51,81
2026-01-29 13:27:00,7.52,7.53,7.51,7.52,8
2026-01-29 13:28:00,7.55,7.55,7.55,7.55,6
2026-01-29 13:29:00,7.57,7.58,7.57,7.57,16
2026-01-29 13:30:00,7.57,7.57,7.52,7.54,71
2026-01-29 13:31:00,7.56,7.58,7.55,7.58,2
2026-01-29 13:32:00,7.58,7.58,7.58,7.58,0
2026-01-29 13:33:00,7.58,7.64,7.58,7.64,50
2026-01-29 13:34:00,7.64,7.64,7.64,7.64,5
2026-01-29 13:35:00,7.64,7.67,7.63,7.64,31
2026-01-29 13:36:00,7.64,7.64,7.6,7.62,18
2026-01-29 13:37:00,7.65,7.66,7.65,7.65,6
2026-01-29 13:38:00,7.65,7.65,7.65,7.65,0
2026-01-29 13:39:00,7.66,7.66,7.66,7.66,12
2026-01-29 13:40:00,7.66,7.7,7.66,7.69,16
2026-01-29 13:41:00,7.69,7.69,7.69,7.69,20
2026-01-29 13:42:00,7.69,7.69,7.64,7.64,43
2026-01-29 13:43:00,7.61,7.64,7.61,7.64,15
2026-01-29 13:44:00,7.62,7.66,7.62,7.66,12
2026-01-29 13:45:00,7.64,7.65,7.54,7.56,50
2026-01-29 13:46:00,7.56,7.56,7.56,7.56,0
2026-01-29 13:47:00,7.57,7.57,7.57,7.57,1
2026-01-29 13:48:00,7.57,7.62,7.57,7.58,46
2026-01-29 13:49:00,7.59,7.59,7.59,7.59,1
2026-01-29 13:50:00,7.59,7.59,7.59,7.59,0
2026-01-29 13:51:00,7.6,7.61,7.6,7.61,3
2026-01-29 13:52:00,7.61,7.61,7.61,7.61,0
2026-01-29 13:53:00,7.61,7.63,7.61,7.63,25
2026-01-29 13:54:00,7.62,7.62,7.61,7.62,28
2026-01-29 13:55:00,7.63,7.63,7.61,7.62,10
2026-01-29 13:56:00,7.63,7.65,7.6,7.6,36
2026-01-29 13:57:00,7.59,7.6,7.58,7.58,6
2026-01-29 13:58:00,7.58,7.58,7.58,7.58,0
2026-01-29 13:59:00,7.58,7.58,7.58,7.58,0
2026-01-29 14:00:00,7.51,7.51,7.51,7.51,28
2026-01-29 14:01:00,7.53,7.53,7.51,7.53,4
2026-01-29 14:02:00,7.53,7.56,7.53,7.55,9
2026-01-29 14:03:00,7.56,7.56,7.55,7.55,18
2026-01-29 14:04:00,7.54,7.55,7.54,7.54,5
2026-01-29 14:05:00,7.53,7.54,7.52,7.54,25
2026-01-29 14:06:00,7.53,7.54,7.53,7.54,3
2026-01-29 14:07:00,7.54,7.54,7.54,7.54,0
2026-01-29 14:08:00,7.54,7.54,7.54,7.54,4
2026-01-29 14:09:00,7.55,7.55,7.55,7.55,3
2026-01-29 14:10:00,7.56,7.56,7.55,7.56,1
2026-01-29 14:11:00,7.56,7.56,7.55,7.56,3
2026-01-29 14:12:00,7.56,7.56,7.56,7.56,0
2026-01-29 14:13:00,7.56,7.56,7.56,7.56,11
2026-01-29 14:14:00,7.56,7.56,7.56,7.56,2
2026-01-29 14:15:00,7.56,7.56,7.54,7.54,15
2026-01-29 14:16:00,7.55,7.55,7.55,7.55,7
2026-01-29 14:17:00,7.56,7.6,7.56,7.6,17
2026-01-29 14:18:00,7.6,7.6,7.57,7.58,17
2026-01-29 14:19:00,7.58,7.58,7.58,7.58,0
2026-01-29 14:20:00,7.58,7.58,7.58,7.58,0
2026-01-29 14:21:00,7.58,7.58,7.58,7.58,11
2026-01-29 14:22:00,7.58,7.58,7.58,7.58,1
2026-01-29 14:23:00,7.59,7.59,7.59,7.59,2
2026-01-29 14:24:00,7.58,7.6,7.58,7.59,21
2026-01-29 14:25:00,7.59,7.59,7.59,7.59,0
2026-01-29 14:26:00,7.59,7.59,7.59,7.59,0
2026-01-29 14:27:00,7.59,7.59,7.59,7.59,0
2026-01-29 14:28:00,7.59,7.59,7.59,7.59,0
2026-01-29 14:29:00,7.59,7.6,7.59,7.59,4
2026-01-29 14:30:00,7.59,7.59,7.54,7.54,24
2026-01-29 14:31:00,7.55,7.57,7.54,7.57,10
2026-01-29 14:32:00,7.56,7.56,7.56,7.56,3
2026-01-29 14:33:00,7.56,7.56,7.56,7.56,0
2026-01-29 14:34:00,7.56,7.56,7.56,7.56,9
2026-01-29 14:35:00,7.56,7.56,7.56,7.56,0
2026-01-29 14:36:00,7.56,7.58,7.56,7.58,6
2026-01-29 14:37:00,7.58,7.58,7.58,7.58,0
2026-01-29 14:38:00,7.59,7.59,7.59,7.59,1
2026-01-29 14:39:00,7.58,7.58,7.58,7.58,9
2026-01-29 14:40:00,7.58,7.58,7.56,7.56,11
2026-01-29 14:41:00,7.57,7.58,7.56,7.57,10
2026-01-29 14:42:00,7.57,7.57,7.57,7.57,0
2026-01-29 14:43:00,7.57,7.57,7.57,7.57,0
2026-01-29 14:44:00,7.57,7.57,7.57,7.57,1
2026-01-29 14:45:00,7.57,7.58,7.57,7.58,3
2026-01-29 14:46:00,7.57,7.59,7.57,7.58,7
2026-01-29 14:47:00,7.58,7.58,7.57,7.58,11
2026-01-29 14:48:00,7.58,7.58,7.53,7.54,24
2026-01-29 14:49:00,7.54,7.54,7.54,7.54,0
2026-01-29 14:50:00,7.53,7.53,7.52,7.52,7
2026-01-29 14:51:00,7.52,7.52,7.52,7.52,0
2026-01-29 14:52:00,7.51,7.51,7.51,7.51,2
2026-01-29 14:53:00,7.52,7.54,7.51,7.54,27
2026-01-29 14:54:00,7.55,7.55,7.55,7.55,7
2026-01-29 14:55:00,7.57,7.57,7.56,7.57,15
2026-01-29 14:56:00,7.54,7.57,7.53,7.55,33
2026-01-29 14:57:00,7.55,7.56,7.55,7.55,12
2026-01-29 14:58:00,7.56,7.56,7.55,7.56,3
2026-01-29 14:59:00,7.55,7.56,7.55,7.56,9
2026-01-29 15:00:00,7.54,7.55,7.54,7.54,1
2026-01-29 15:01:00,7.55,7.55,7.54,7.55,5
2026-01-29 15:02:00,7.56,7.56,7.56,7.56,1
2026-01-29 15:03:00,7.56,7.57,7.55,7.57,10
2026-01-29 15:04:00,7.58,7.58,7.58,7.58,3
2026-01-29 15:05:00,7.58,7.59,7.58,7.59,7
2026-01-29 15:06:00,7.59,7.6,7.57,7.57,21
2026-01-29 15:07:00,7.57,7.57,7.57,7.57,1
2026-01-29 15:08:00,7.57,7.6,7.57,7.6,16
2026-01-29 15:09:00,7.64,7.64,7.63,7.64,5
2026-01-29 15:10:00,7.64,7.64,7.61,7.61,28
2026-01-29 15:11:00,7.61,7.61,7.61,7.61,6
2026-01-29 15:12:00,7.6,7.6,7.59,7.59,12
2026-01-29 15:13:00,7.6,7.6,7.57,7.57,9
2026-01-29 15:14:00,7.57,7.57,7.57,7.57,0
2026-01-29 15:15:00,7.57,7.57,7.57,7.57,0
2026-01-29 15:16:00,7.55,7.59,7.55,7.58,30
2026-01-29 15:17:00,7.58,7.58,7.58,7.58,0
2026-01-29 15:18:00,7.57,7.57,7.56,7.57,7
2026-01-29 15:19:00,7.57,7.57,7.57,7.57,0
2026-01-29 15:20:00,7.57,7.58,7.57,7.58,2
2026-01-29 15:21:00,7.58,7.58,7.57,7.57,9
2026-01-29 15:22:00,7.58,7.58,7.57,7.57,21
2026-01-29 15:23:00,7.57,7.57,7.57,7.57,0
2026-01-29 15:24:00,7.56,7.59,7.56,7.58,121
2026-01-29 15:25:00,7.58,7.58,7.58,7.58,1
2026-01-29 15:26:00,7.58,7.58,7.58,7.58,5
2026-01-29 15:27:00,7.58,7.63,7.58,7.63,23
2026-01-29 15:28:00,7.63,7.69,7.62,7.66,167
2026-01-29 15:29:00,7.67,7.67,7.62,7.62,19
2026-01-29 15:30:00,7.65,7.68,7.65,7.66,9
2026-01-29 15:31:00,7.65,7.65,7.64,7.65,2
2026-01-29 15:32:00,7.66,7.66,7.65,7.65,4
2026-01-29 15:33:00,7.65,7.66,7.64,7.64,13
2026-01-29 15:34:00,7.64,7.65,7.64,7.65,6
2026-01-29 15:35:00,7.63,7.68,7.63,7.65,68
2026-01-29 15:36:00,7.65,7.65,7.65,7.65,5
2026-01-29 15:37:00,7.65,7.66,7.65,7.66,6
2026-01-29 15:38:00,7.65,7.66,7.65,7.66,4
2026-01-29 15:39:00,7.65,7.65,7.64,7.64,14
2026-01-29 15:40:00,7.65,7.65,7.63,7.64,14
2026-01-29 15:41:00,7.64,7.65,7.64,7.65,19
2026-01-29 15:42:00,7.65,7.65,7.65,7.65,5
2026-01-29 15:43:00,7.65,7.66,7.65,7.66,30
2026-01-29 15:44:00,7.66,7.66,7.66,7.66,0
2026-01-29 15:45:00,7.67,7.67,7.66,7.66,7
2026-01-29 15:46:00,7.65,7.67,7.65,7.67,31
2026-01-29 15:47:00,7.66,7.67,7.65,7.66,22
2026-01-29 15:48:00,7.66,7.66,7.65,7.66,6
2026-01-29 15:49:00,7.65,7.66,7.63,7.63,75
2026-01-29 15:50:00,7.64,7.67,7.64,7.64,43
2026-01-29 15:51:00,7.65,7.66,7.64,7.64,22
2026-01-29 15:52:00,7.65,7.66,7.65,7.66,6
2026-01-29 15:53:00,7.65,7.66,7.65,7.65,11
2026-01-29 15:54:00,7.65,7.65,7.62,7.62,12
2026-01-29 15:55:00,7.59,7.62,7.59,7.59,52
2026-01-29 15:56:00,7.58,7.6,7.58,7.58,33
2026-01-29 15:57:00,7.58,7.59,7.58,7.59,33
2026-01-29 15:58:00,7.59,7.62,7.58,7.59,126
2026-01-29 15:59:00,7.59,7.59,7.58,7.58,93
2026-01-30 09:30:00,7.47,7.51,7.47,7.51,60
2026-01-30 09:31:00,7.51,7.51,7.49,7.5,4
2026-01-30 09:32:00,7.49,7.49,7.49,7.49,2
2026-01-30 09:33:00,7.49,7.49,7.49,7.49,0
2026-01-30 09:34:00,7.52,7.6,7.52,7.6,16
2026-01-30 09:35:00,7.58,7.58,7.56,7.56,6
2026-01-30 09:36:00,7.57,7.57,7.55,7.55,45
2026-01-30 09:37:00,7.53,7.54,7.52,7.53,17
2026-01-30 09:38:00,7.51,7.51,7.5,7.5,2
2026-01-30 09:39:00,7.5,7.5,7.5,7.5,1
2026-01-30 09:40:00,7.5,7.5,7.5,7.5,0
2026-01-30 09:41:00,7.5,7.5,7.46,7.47,7
2026-01-30 09:42:00,7.49,7.49,7.49,7.49,10
2026-01-30 09:43:00,7.45,7.45,7.45,7.45,1
2026-01-30 09:44:00,7.45,7.45,7.45,7.45,0
2026-01-30 09:45:00,7.48,7.5,7.47,7.5,17
2026-01-30 09:46:00,7.53,7.53,7.48,7.48,8
2026-01-30 09:47:00,7.51,7.52,7.51,7.52,4
2026-01-30 09:48:00,7.51,7.54,7.5,7.5,14
2026-01-30 09:49:00,7.49,7.49,7.46,7.46,9
2026-01-30 09:50:00,7.48,7.48,7.44,7.45,7
2026-01-30 09:51:00,7.45,7.45,7.45,7.45,0
2026-01-30 09:52:00,7.49,7.5,7.46,7.47,9
2026-01-30 09:53:00,7.47,7.47,7.44,7.44,3
2026-01-30 09:54:00,7.45,7.46,7.45,7.46,8
2026-01-30 09:55:00,7.44,7.44,7.41,7.41,4
2026-01-30 09:56:00,7.41,7.41,7.41,7.41,0
2026-01-30 09:57:00,7.39,7.39,7.39,7.39,1
2026-01-30 09:58:00,7.39,7.39,7.37,7.37,5
2026-01-30 09:59:00,7.37,7.39,7.36,7.39,57
2026-01-30 10:00:00,7.39,7.39,7.39,7.39,0
2026-01-30 10:01:00,7.35,7.35,7.32,7.32,7
2026-01-30 10:02:00,7.34,7.34,7.34,7.34,1
2026-01-30 10:03:00,7.33,7.33,7.33,7.33,1
2026-01-30 10:04:00,7.33,7.33,7.33,7.33,0
2026-01-30 10:05:00,7.34,7.38,7.34,7.38,9
2026-01-30 10:06:00,7.41,7.42,7.4,7.4,8
2026-01-30 10:07:00,7.4,7.4,7.4,7.4,0
2026-01-30 10:08:00,7.39,7.39,7.39,7.39,2
2026-01-30 10:09:00,7.4,7.42,7.4,7.42,3
2026-01-30 10:10:00,7.41,7.41,7.41,7.41,0
2026-01-30 10:11:00,7.4,7.4,7.4,7.4,1
2026-01-30 10:12:00,7.41,7.42,7.38,7.38,35
2026-01-30 10:13:00,7.36,7.38,7.36,7.38,3
2026-01-30 10:14:00,7.37,7.37,7.37,7.37,4
2026-01-30 10:15:00,7.37,7.37,7.37,7.37,0
2026-01-30 10:16:00,7.36,7.36,7.35,7.35,13
2026-01-30 10:17:00,7.35,7.35,7.35,7.35,0
2026-01-30 10:18:00,7.34,7.34,7.34,7.34,9
2026-01-30 10:19:00,7.34,7.34,7.32,7.33,6
2026-01-30 10:20:00,7.33,7.33,7.33,7.33,2
2026-01-30 10:21:00,7.33,7.33,7.33,7.33,5
2026-01-30 10:22:00,7.33,7.33,7.33,7.33,0
2026-01-30 10:23:00,7.33,7.33,7.33,7.33,0
2026-01-30 10:24:00,7.33,7.33,7.33,7.33,2
2026-01-30 10:25:00,7.33,7.33,7.33,7.33,0
2026-01-30 10:26:00,7.31,7.31,7.26,7.26,37
2026-01-30 10:27:00,7.26,7.27,7.25,7.25,13
2026-01-30 10:28:00,7.25,7.25,7.25,7.25,0
2026-01-30 10:29:00,7.22,7.23,7.21,7.22,24
2026-01-30 10:30:00,7.22,7.22,7.18,7.2,53
2026-01-30 10:31:00,7.19,7.19,7.19,7.19,1
2026-01-30 10:32:00,7.2,7.21,7.2,7.21,6
2026-01-30 10:33:00,7.21,7.21,7.21,7.21,0
2026-01-30 10:34:00,7.21,7.21,7.19,7.19,5
2026-01-30 10:35:00,7.2,7.24,7.19,7.24,15
2026-01-30 10:36:00,7.23,7.23,7.23,7.23,2
2026-01-30 10:37:00,7.23,7.23,7.23,7.23,6
2026-01-30 10:38:00,7.23,7.26,7.23,7.26,3
2026-01-30 10:39:00,7.28,7.28,7.27,7.28,9
2026-01-30 10:40:00,7.28,7.28,7.28,7.28,0
2026-01-30 10:41:00,7.3,7.31,7.3,7.31,10
2026-01-30 10:42:00,7.3,7.3,7.3,7.3,0
2026-01-30 10:43:00,7.32,7.33,7.32,7.33,5
2026-01-30 10:44:00,7.34,7.34,7.32,7.32,8
2026-01-30 10:45:00,7.32,7.32,7.32,7.32,0
2026-01-30 10:46:00,7.34,7.34,7.34,7.34,1
2026-01-30 10:47:00,7.34,7.34,7.34,7.34,1
2026-01-30 10:48:00,7.34,7.34,7.34,7.34,1
2026-01-30 10:49:00,7.32,7.32,7.32,7.32,1
2026-01-30 10:50:00,7.33,7.33,7.33,7.33,3
2026-01-30 10:51:00,7.33,7.33,7.33,7.33,0
2026-01-30 10:52:00,7.33,7.33,7.33,7.33,5
2026-01-30 10:53:00,7.33,7.33,7.33,7.33,0
2026-01-30 10:54:00,7.33,7.33,7.33,7.33,0
2026-01-30 10:55:00,7.33,7.33,7.33,7.33,1
2026-01-30 10:56:00,7.33,7.33,7.33,7.33,0
2026-01-30 10:57:00,7.31,7.31,7.31,7.31,1
2026-01-30 10:58:00,7.33,7.34,7.32,7.34,32
2026-01-30 10:59:00,7.35,7.37,7.34,7.37,14
2026-01-30 11:00:00,7.36,7.4,7.36,7.4,9
2026-01-30 11:01:00,7.39,7.4,7.39,7.4,9
2026-01-30 11:02:00,7.39,7.39,7.38,7.38,3
2026-01-30 11:03:00,7.39,7.39,7.39,7.39,1
2026-01-30 11:04:00,7.38,7.38,7.38,7.38,1
2026-01-30 11:05:00,7.38,7.38,7.38,7.38,0
2026-01-30 11:06:00,7.38,7.38,7.38,7.38,0
2026-01-30 11:07:00,7.36,7.36,7.36,7.36,3
2026-01-30 11:08:00,7.36,7.36,7.36,7.36,0
2026-01-30 11:09:00,7.36,7.36,7.36,7.36,0
2026-01-30 11:10:00,7.36,7.36,7.36,7.36,0
2026-01-30 11:11:00,7.36,7.36,7.36,7.36,0
2026-01-30 11:12:00,7.36,7.36,7.36,7.36,0
2026-01-30 11:13:00,7.36,7.37,7.36,7.37,4
2026-01-30 11:14:00,7.37,7.37,7.37,7.37,0
2026-01-30 11:15:00,7.37,7.37,7.37,7.37,0
2026-01-30 11:16:00,7.36,7.36,7.34,7.34,4
2026-01-30 11:17:00,7.35,7.35,7.35,7.35,2
2026-01-30 11:18:00,7.35,7.35,7.35,7.35,0
2026-01-30 11:19:00,7.34,7.34,7.34,7.34,1
2026-01-30 11:20:00,7.33,7.33,7.33,7.33,2
2026-01-30 11:21:00,7.33,7.33,7.33,7.33,1
2026-01-30 11:22:00,7.33,7.34,7.33,7.34,6
2026-01-30 11:23:00,7.34,7.34,7.34,7.34,0
2026-01-30 11:24:00,7.34,7.34,7.34,7.34,0
2026-01-30 11:25:00,7.34,7.34,7.34,7.34,0
2026-01-30 11:26:00,7.33,7.34,7.33,7.33,2
2026-01-30 11:27:00,7.34,7.34,7.34,7.34,2
2026-01-30 11:28:00,7.34,7.36,7.34,7.36,6
2026-01-30 11:29:00,7.37,7.37,7.37,7.37,2
2026-01-30 11:30:00,7.41,7.44,7.41,7.44,4
2026-01-30 11:31:00,7.41,7.42,7.41,7.42,14
2026-01-30 11:32:00,7.41,7.41,7.41,7.41,0
2026-01-30 11:33:00,7.41,7.42,7.41,7.42,3
2026-01-30 11:34:00,7.41,7.41,7.41,7.41,0
2026-01-30 11:35:00,7.4,7.42,7.4,7.42,2
2026-01-30 11:36:00,7.42,7.42,7.42,7.42,0
2026-01-30 11:37:00,7.42,7.42,7.42,7.42,0
2026-01-30 11:38:00,7.42,7.42,7.42,7.42,0
2026-01-30 11:39:00,7.4,7.41,7.4,7.41,2
2026-01-30 11:40:00,7.41,7.41,7.41,7.41,0
2026-01-30 11:41:00,7.41,7.41,7.41,7.41,0
2026-01-30 11:42:00,7.41,7.41,7.41,7.41,0
2026-01-30 11:43:00,7.42,7.48,7.42,7.48,9
2026-01-30 11:44:00,7.48,7.48,7.48,7.48,1
2026-01-30 11:45:00,7.45,7.46,7.44,7.46,9
2026-01-30 11:46:00,7.46,7.46,7.46,7.46,1
2026-01-30 11:47:00,7.45,7.45,7.45,7.45,3
2026-01-30 11:48:00,7.45,7.45,7.45,7.45,0
2026-01-30 11:49:00,7.45,7.45,7.45,7.45,0
2026-01-30 11:50:00,7.45,7.45,7.45,7.45,0
2026-01-30 11:51:00,7.47,7.47,7.46,7.47,2
2026-01-30 11:52:00,7.44,7.44,7.44,7.44,4
2026-01-30 11:53:00,7.44,7.44,7.44,7.44,0
2026-01-30 11:54:00,7.48,7.49,7.48,7.49,2
2026-01-30 11:55:00,7.49,7.49,7.49,7.49,0
2026-01-30 11:56:00,7.49,7.49,7.49,7.49,0
2026-01-30 11:57:00,7.49,7.5,7.49,7.5,3
2026-01-30 11:58:00,7.5,7.53,7.5,7.53,19
2026-01-30 11:59:00,7.52,7.52,7.52,7.52,1
2026-01-30 12:00:00,7.51,7.51,7.51,7.51,10
2026-01-30 12:01:00,7.53,7.55,7.53,7.55,3
2026-01-30 12:02:00,7.56,7.56,7.56,7.56,1
2026-01-30 12:03:00,7.57,7.57,7.57,7.57,1
2026-01-30 12:04:00,7.58,7.59,7.55,7.55,11
2026-01-30 12:05:00,7.55,7.55,7.55,7.55,0
2026-01-30 12:06:00,7.52,7.52,7.51,7.51,3
2026-01-30 12:07:00,7.48,7.48,7.44,7.47,33
2026-01-30 12:08:00,7.5,7.54,7.48,7.54,13
2026-01-30 12:09:00,7.54,7.54,7.54,7.54,0
2026-01-30 12:10:00,7.54,7.54,7.54,7.54,0
2026-01-30 12:11:00,7.54,7.54,7.54,7.54,0
2026-01-30 12:12:00,7.54,7.54,7.54,7.54,0
2026-01-30 12:13:00,7.54,7.54,7.54,7.54,0
2026-01-30 12:14:00,7.53,7.53,7.53,7.53,1
2026-01-30 12:15:00,7.53,7.53,7.53,7.53,1
2026-01-30 12:16:00,7.55,7.56,7.54,7.56,9
2026-01-30 12:17:00,7.54,7.54,7.54,7.54,2
2026-01-30 12:18:00,7.54,7.54,7.54,7.54,0
2026-01-30 12:19:00,7.55,7.55,7.55,7.55,2
2026-01-30 12:20:00,7.54,7.54,7.54,7.54,1
2026-01-30 12:21:00,7.54,7.54,7.54,7.54,0
2026-01-30 12:22:00,7.57,7.57,7.57,7.57,1
2026-01-30 12:23:00,7.56,7.56,7.56,7.56,17
2026-01-30 12:24:00,7.6,7.6,7.6,7.6,1
2026-01-30 12:25:00,7.58,7.59,7.55,7.57,19
2026-01-30 12:26:00,7.53,7.57,7.53,7.57,3
2026-01-30 12:27:00,7.56,7.57,7.55,7.57,6
2026-01-30 12:28:00,7.58,7.58,7.58,7.58,1
2026-01-30 12:29:00,7.56,7.56,7.56,7.56,6
2026-01-30 12:30:00,7.56,7.56,7.56,7.56,0
2026-01-30 12:31:00,7.55,7.55,7.55,7.55,1
2026-01-30 12:32:00,7.55,7.55,7.55,7.55,0
2026-01-30 12:33:00,7.55,7.55,7.55,7.55,0
2026-01-30 12:34:00,7.54,7.54,7.54,7.54,4
2026-01-30 12:35:00,7.53,7.53,7.53,7.53,3
2026-01-30 12:36:00,7.52,7.52,7.52,7.52,1
2026-01-30 12:37:00,7.51,7.51,7.51,7.51,3
2026-01-30 12:38:00,7.53,7.54,7.53,7.54,7
2026-01-30 12:39:00,7.53,7.53,7.53,7.53,0
2026-01-30 12:40:00,7.53,7.53,7.53,7.53,0
2026-01-30 12:41:00,7.51,7.51,7.51,7.51,1
2026-01-30 12:42:00,7.51,7.51,7.51,7.51,1
2026-01-30 12:43:00,7.51,7.51,7.51,7.51,0
2026-01-30 12:44:00,7.51,7.51,7.51,7.51,1
2026-01-30 12:45:00,7.51,7.51,7.51,7.51,1
2026-01-30 12:46:00,7.52,7.52,7.52,7.52,1
2026-01-30 12:47:00,7.52,7.52,7.49,7.49,7
2026-01-30 12:48:00,7.5,7.54,7.49,7.52,26
2026-01-30 12:49:00,7.52,7.52,7.52,7.52,0
2026-01-30 12:50:00,7.52,7.52,7.52,7.52,0
2026-01-30 12:51:00,7.51,7.51,7.44,7.48,320
2026-01-30 12:52:00,7.48,7.49,7.46,7.46,7
2026-01-30 12:53:00,7.46,7.46,7.46,7.46,0
2026-01-30 12:54:00,7.46,7.46,7.46,7.46,3
2026-01-30 12:55:00,7.46,7.49,7.46,7.48,8
2026-01-30 12:56:00,7.48,7.48,7.48,7.48,0
2026-01-30 12:57:00,7.48,7.48,7.48,7.48,1
2026-01-30 12:58:00,7.45,7.45,7.45,7.45,1
2026-01-30 12:59:00,7.45,7.45,7.45,7.45,0
2026-01-30 13:00:00,7.45,7.45,7.45,7.45,0
2026-01-30 13:01:00,7.44,7.44,7.44,7.44,4
2026-01-30 13:02:00,7.44,7.44,7.44,7.44,5
2026-01-30 13:03:00,7.44,7.44,7.44,7.44,1
2026-01-30 13:04:00,7.44,7.44,7.44,7.44,1
2026-01-30 13:05:00,7.44,7.44,7.44,7.44,0
2026-01-30 13:06:00,7.44,7.44,7.44,7.44,0
2026-01-30 13:07:00,7.43,7.43,7.43,7.43,2
2026-01-30 13:08:00,7.44,7.44,7.44,7.44,1
2026-01-30 13:09:00,7.44,7.44,7.44,7.44,0
2026-01-30 13:10:00,7.43,7.43,7.43,7.43,3
2026-01-30 13:11:00,7.43,7.43,7.43,7.43,0
2026-01-30 13:12:00,7.43,7.43,7.43,7.43,0
2026-01-30 13:13:00,7.42,7.42,7.41,7.41,4
2026-01-30 13:14:00,7.41,7.41,7.41,7.41,0
2026-01-30 13:15:00,7.41,7.41,7.41,7.41,0
2026-01-30 13:16:00,7.39,7.39,7.39,7.39,1
2026-01-30 13:17:00,7.38,7.39,7.38,7.38,9
2026-01-30 13:18:00,7.38,7.38,7.38,7.38,2
2026-01-30 13:19:00,7.39,7.4,7.35,7.35,73
2026-01-30 13:20:00,7.35,7.35,7.35,7.35,0
2026-01-30 13:21:00,7.35,7.35,7.35,7.35,0
2026-01-30 13:22:00,7.34,7.35,7.33,7.33,12
2026-01-30 13:23:00,7.33,7.33,7.33,7.33,0
2026-01-30 13:24:00,7.34,7.34,7.34,7.34,2
2026-01-30 13:25:00,7.34,7.34,7.34,7.34,0
2026-01-30 13:26:00,7.35,7.37,7.35,7.37,7
2026-01-30 13:27:00,7.37,7.37,7.37,7.37,0
2026-01-30 13:28:00,7.37,7.37,7.37,7.37,0
2026-01-30 13:29:00,7.36,7.36,7.36,7.36,1
2026-01-30 13:30:00,7.35,7.36,7.35,7.36,2
2026-01-30 13:31:00,7.36,7.36,7.36,7.36,0
2026-01-30 13:32:00,7.36,7.36,7.36,7.36,1
2026-01-30 13:33:00,7.35,7.35,7.35,7.35,4
2026-01-30 13:34:00,7.35,7.35,7.32,7.32,10
2026-01-30 13:35:00,7.32,7.32,7.32,7.32,0
2026-01-30 13:36:00,7.32,7.32,7.32,7.32,1
2026-01-30 13:37:00,7.32,7.32,7.32,7.32,2
2026-01-30 13:38:00,7.32,7.32,7.32,7.32,0
2026-01-30 13:39:00,7.32,7.36,7.32,7.36,16
2026-01-30 13:40:00,7.34,7.37,7.34,7.36,9
2026-01-30 13:41:00,7.37,7.37,7.37,7.37,4
2026-01-30 13:42:00,7.36,7.39,7.36,7.39,13
2026-01-30 13:43:00,7.39,7.39,7.39,7.39,1
2026-01-30 13:44:00,7.39,7.39,7.38,7.39,14
2026-01-30 13:45:00,7.37,7.37,7.37,7.37,2
2026-01-30 13:46:00,7.37,7.37,7.34,7.34,4
2026-01-30 13:47:00,7.34,7.34,7.34,7.34,3
2026-01-30 13:48:00,7.34,7.34,7.34,7.34,0
2026-01-30 13:49:00,7.34,7.34,7.34,7.34,1
2026-01-30 13:50:00,7.35,7.36,7.35,7.36,6
2026-01-30 13:51:00,7.33,7.34,7.33,7.34,2
2026-01-30 13:52:00,7.35,7.35,7.34,7.35,3
2026-01-30 13:53:00,7.34,7.34,7.34,7.34,0
2026-01-30 13:54:00,7.34,7.34,7.34,7.34,0
2026-01-30 13:55:00,7.36,7.37,7.36,7.37,4
2026-01-30 13:56:00,7.37,7.37,7.37,7.37,0
2026-01-30 13:57:00,7.37,7.37,7.37,7.37,1
2026-01-30 13:58:00,7.39,7.41,7.39,7.41,5
2026-01-30 13:59:00,7.4,7.4,7.39,7.4,3
2026-01-30 14:00:00,7.4,7.41,7.4,7.41,5
2026-01-30 14:01:00,7.41,7.41,7.41,7.41,0
2026-01-30 14:02:00,7.43,7.46,7.43,7.44,14
2026-01-30 14:03:00,7.44,7.44,7.44,7.44,0
2026-01-30 14:04:00,7.45,7.45,7.45,7.45,1
2026-01-30 14:05:00,7.45,7.45,7.45,7.45,0
2026-01-30 14:06:00,7.45,7.47,7.45,7.47,2
2026-01-30 14:07:00,7.48,7.48,7.47,7.47,3
2026-01-30 14:08:00,7.47,7.47,7.47,7.47,0
2026-01-30 14:09:00,7.47,7.47,7.47,7.47,1
2026-01-30 14:10:00,7.47,7.47,7.47,7.47,5
2026-01-30 14:11:00,7.47,7.48,7.47,7.48,3
2026-01-30 14:12:00,7.47,7.47,7.47,7.47,1
2026-01-30 14:13:00,7.46,7.46,7.46,7.46,3
2026-01-30 14:14:00,7.44,7.45,7.44,7.45,2
2026-01-30 14:15:00,7.44,7.44,7.44,7.44,1
2026-01-30 14:16:00,7.46,7.46,7.46,7.46,4
2026-01-30 14:17:00,7.46,7.46,7.46,7.46,0
2026-01-30 14:18:00,7.47,7.48,7.47,7.48,7
2026-01-30 14:19:00,7.49,7.49,7.49,7.49,4
2026-01-30 14:20:00,7.5,7.5,7.49,7.49,20
2026-01-30 14:21:00,7.49,7.49,7.49,7.49,1
2026-01-30 14:22:00,7.49,7.49,7.49,7.49,0
2026-01-30 14:23:00,7.5,7.51,7.49,7.51,4
2026-01-30 14:24:00,7.52,7.52,7.51,7.52,10
2026-01-30 14:25:00,7.52,7.52,7.52,7.52,7
2026-01-30 14:26:00,7.51,7.53,7.51,7.53,9
2026-01-30 14:27:00,7.53,7.53,7.53,7.53,1
2026-01-30 14:28:00,7.55,7.55,7.55,7.55,2
2026-01-30 14:29:00,7.53,7.53,7.5,7.5,10
2026-01-30 14:30:00,7.48,7.48,7.45,7.45,20
2026-01-30 14:31:00,7.46,7.5,7.46,7.5,7
2026-01-30 14:32:00,7.49,7.49,7.47,7.47,4
2026-01-30 14:33:00,7.48,7.48,7.48,7.48,2
2026-01-30 14:34:00,7.49,7.49,7.49,7.49,1
2026-01-30 14:35:00,7.46,7.46,7.46,7.46,1
2026-01-30 14:36:00,7.46,7.46,7.46,7.46,0
2026-01-30 14:37:00,7.45,7.45,7.45,7.45,2
2026-01-30 14:38:00,7.47,7.47,7.47,7.47,2
2026-01-30 14:39:00,7.47,7.47,7.47,7.47,0
2026-01-30 14:40:00,7.45,7.47,7.45,7.47,10
2026-01-30 14:41:00,7.46,7.48,7.46,7.48,22
2026-01-30 14:42:00,7.48,7.48,7.48,7.48,1
2026-01-30 14:43:00,7.5,7.5,7.48,7.48,12
2026-01-30 14:44:00,7.49,7.49,7.49,7.49,6
2026-01-30 14:45:00,7.49,7.49,7.49,7.49,0
2026-01-30 14:46:00,7.49,7.49,7.49,7.49,0
2026-01-30 14:47:00,7.49,7.49,7.49,7.49,0
2026-01-30 14:48:00,7.48,7.48,7.48,7.48,1
2026-01-30 14:49:00,7.47,7.47,7.44,7.44,8
2026-01-30 14:50:00,7.44,7.44,7.44,7.44,0
2026-01-30 14:51:00,7.44,7.44,7.44,7.44,0
2026-01-30 14:52:00,7.45,7.45,7.45,7.45,3
2026-01-30 14:53:00,7.46,7.48,7.46,7.47,6
2026-01-30 14:54:00,7.48,7.48,7.48,7.48,1
2026-01-30 14:55:00,7.48,7.48,7.48,7.48,0
2026-01-30 14:56:00,7.49,7.49,7.49,7.49,2
2026-01-30 14:57:00,7.5,7.5,7.46,7.46,2
2026-01-30 14:58:00,7.46,7.46,7.46,7.46,0
2026-01-30 14:59:00,7.46,7.46,7.41,7.41,6
2026-01-30 15:00:00,7.41,7.41,7.41,7.41,1
2026-01-30 15:01:00,7.41,7.41,7.41,7.41,0
2026-01-30 15:02:00,7.41,7.41,7.41,7.41,0
2026-01-30 15:03:00,7.42,7.42,7.41,7.41,6
2026-01-30 15:04:00,7.41,7.41,7.41,7.41,0
2026-01-30 15:05:00,7.42,7.42,7.41,7.41,8
2026-01-30 15:06:00,7.39,7.39,7.39,7.39,2
2026-01-30 15:07:00,7.39,7.39,7.39,7.39,0
2026-01-30 15:08:00,7.39,7.39,7.39,7.39,0
2026-01-30 15:09:00,7.37,7.37,7.37,7.37,1
2026-01-30 15:10:00,7.37,7.37,7.37,7.37,0
2026-01-30 15:11:00,7.36,7.37,7.36,7.37,13
2026-01-30 15:12:00,7.36,7.37,7.36,7.36,3
2026-01-30 15:13:00,7.36,7.36,7.36,7.36,1
2026-01-30 15:14:00,7.36,7.36,7.36,7.36,0
2026-01-30 15:15:00,7.36,7.36,7.36,7.36,0
2026-01-30 15:16:00,7.35,7.36,7.34,7.36,11
2026-01-30 15:17:00,7.36,7.36,7.36,7.36,2
2026-01-30 15:18:00,7.37,7.38,7.36,7.36,9
2026-01-30 15:19:00,7.37,7.37,7.37,7.37,1
2026-01-30 15:20:00,7.38,7.39,7.37,7.39,6
2026-01-30 15:21:00,7.38,7.38,7.38,7.38,1
2026-01-30 15:22:00,7.38,7.38,7.38,7.38,1
2026-01-30 15:23:00,7.39,7.4,7.39,7.4,5
2026-01-30 15:24:00,7.4,7.44,7.39,7.41,32
2026-01-30 15:25:00,7.41,7.41,7.39,7.39,12
2026-01-30 15:26:00,7.38,7.38,7.38,7.38,1
2026-01-30 15:27:00,7.38,7.38,7.38,7.38,0
2026-01-30 15:28:00,7.38,7.39,7.37,7.39,7
2026-01-30 15:29:00,7.39,7.39,7.39,7.39,0
2026-01-30 15:30:00,7.39,7.39,7.39,7.39,0
2026-01-30 15:31:00,7.38,7.38,7.38,7.38,4
2026-01-30 15:32:00,7.39,7.4,7.39,7.39,7
2026-01-30 15:33:00,7.39,7.39,7.39,7.39,0
2026-01-30 15:34:00,7.38,7.38,7.38,7.38,1
2026-01-30 15:35:00,7.38,7.38,7.38,7.38,0
2026-01-30 15:36:00,7.38,7.38,7.38,7.38,0
2026-01-30 15:37:00,7.37,7.37,7.37,7.37,1
2026-01-30 15:38:00,7.37,7.39,7.37,7.39,23
2026-01-30 15:39:00,7.38,7.38,7.38,7.38,4
2026-01-30 15:40:00,7.38,7.38,7.38,7.38,6
2026-01-30 15:41:00,7.37,7.37,7.37,7.37,2
2026-01-30 15:42:00,7.37,7.37,7.37,7.37,0
2026-01-30 15:43:00,7.38,7.39,7.38,7.39,6
2026-01-30 15:44:00,7.38,7.4,7.38,7.4,7
2026-01-30 15:45:00,7.41,7.41,7.4,7.41,5
2026-01-30 15:46:00,7.41,7.41,7.39,7.4,14
2026-01-30 15:47:00,7.39,7.42,7.39,7.42,10
2026-01-30 15:48:00,7.42,7.42,7.42,7.42,0
2026-01-30 15:49:00,7.41,7.41,7.4,7.41,7
2026-01-30 15:50:00,7.41,7.41,7.41,7.41,5
2026-01-30 15:51:00,7.42,7.42,7.41,7.42,4
2026-01-30 15:52:00,7.41,7.42,7.4,7.4,20
2026-01-30 15:53:00,7.4,7.4,7.4,7.4,1
2026-01-30 15:54:00,7.4,7.41,7.39,7.4,14
2026-01-30 15:55:00,7.4,7.43,7.4,7.43,9
2026-01-30 15:56:00,7.44,7.48,7.44,7.48,40
2026-01-30 15:57:00,7.48,7.48,7.44,7.44,25
2026-01-30 15:58:00,7.44,7.46,7.44,7.45,43
2026-01-30 15:59:00,7.46,7.5,7.46,7.49,359
