datetime,open,high,low,close,volume
2025-12-22 09:30:00,5.775,5.775,5.71,5.76,384
2025-12-22 09:31:00,5.74,5.76,5.74,5.755,12
2025-12-22 09:32:00,5.78,5.81,5.78,5.791,79
2025-12-22 09:33:00,5.79,5.83,5.78,5.83,45
2025-12-22 09:34:00,5.86,5.86,5.83,5.83,45
2025-12-22 09:35:00,5.84,5.86,5.835,5.84,68
2025-12-22 09:36:00,5.83,5.86,5.83,5.86,61
2025-12-22 09:37:00,5.855,5.86,5.805,5.805,57
2025-12-22 09:38:00,5.81,5.81,5.8,5.801,7
2025-12-22 09:39:00,5.801,5.801,5.8,5.8,4
2025-12-22 09:40:00,5.81,5.811,5.803,5.811,29
2025-12-22 09:41:00,5.81,5.811,5.81,5.811,4
2025-12-22 09:42:00,5.81,5.82,5.8,5.801,22
2025-12-22 09:43:00,5.801,5.81,5.795,5.8,20
2025-12-22 09:44:00,5.8,5.8,5.78,5.786,53
2025-12-22 09:45:00,5.79,5.795,5.785,5.785,37
2025-12-22 09:46:00,5.785,5.7888,5.76,5.76,25
2025-12-22 09:47:00,5.76,5.76,5.76,5.76,7
2025-12-22 09:48:00,5.755,5.76,5.75,5.755,159
2025-12-22 09:49:00,5.755,5.78,5.755,5.765,78
2025-12-22 09:50:00,5.76,5.775,5.755,5.775,19
2025-12-22 09:51:00,5.79,5.79,5.775,5.775,10
2025-12-22 09:52:00,5.78,5.79,5.77,5.775,38
2025-12-22 09:53:00,5.775,5.775,5.775,5.775,7
2025-12-22 09:54:00,5.775,5.79,5.775,5.785,24
2025-12-22 09:55:00,5.785,5.8,5.785,5.79,14
2025-12-22 09:56:00,5.79,5.82,5.79,5.805,41
2025-12-22 09:57:00,5.815,5.815,5.815,5.815,10
2025-12-22 09:58:00,5.8,5.83,5.8,5.83,25
2025-12-22 09:59:00,5.83,5.85,5.83,5.83,44
2025-12-22 10:00:00,5.83,5.85,5.825,5.85,33
2025-12-22 10:01:00,5.85,5.85,5.835,5.835,41
2025-12-22 10:02:00,5.835,5.84,5.8301,5.835,52
2025-12-22 10:03:00,5.84,5.84,5.835,5.835,5
2025-12-22 10:04:00,5.84,5.84,5.835,5.835,175
2025-12-22 10:05:00,5.835,5.84,5.835,5.84,35
2025-12-22 10:06:00,5.84,5.85,5.84,5.846,35
2025-12-22 10:07:00,5.85,5.855,5.845,5.855,18
2025-12-22 10:08:00,5.86,5.86,5.855,5.86,103
2025-12-22 10:09:00,5.855,5.86,5.85,5.85,87
2025-12-22 10:10:00,5.85,5.86,5.85,5.86,22
2025-12-22 10:11:00,5.8584,5.8584,5.855,5.855,26
2025-12-22 10:12:00,5.855,5.855,5.8536,5.855,67
2025-12-22 10:13:00,5.855,5.86,5.855,5.855,27
2025-12-22 10:14:00,5.855,5.86,5.84,5.84,68
2025-12-22 10:15:00,5.84,5.88,5.84,5.88,418
2025-12-22 10:16:00,5.875,5.875,5.855,5.855,38
2025-12-22 10:17:00,5.855,5.865,5.855,5.865,13
2025-12-22 10:18:00,5.87,5.87,5.86,5.865,43
2025-12-22 10:19:00,5.87,5.875,5.87,5.875,14
2025-12-22 10:20:00,5.87,5.87,5.8636,5.865,82
2025-12-22 10:21:00,5.865,5.87,5.86,5.86,115
2025-12-22 10:22:00,5.855,5.86,5.855,5.86,7
2025-12-22 10:23:00,5.85,5.855,5.85,5.8517,4
2025-12-22 10:24:00,5.855,5.855,5.845,5.845,51
2025-12-22 10:25:00,5.845,5.845,5.84,5.845,9
2025-12-22 10:26:00,5.845,5.845,5.84,5.845,4
2025-12-22 10:27:00,5.845,5.845,5.845,5.845,2
2025-12-22 10:28:00,5.845,5.845,5.845,5.845,9
2025-12-22 10:29:00,5.85,5.85,5.845,5.85,5
2025-12-22 10:30:00,5.845,5.85,5.845,5.85,22
2025-12-22 10:31:00,5.85,5.85,5.845,5.845,16
2025-12-22 10:32:00,5.845,5.85,5.845,5.85,19
2025-12-22 10:33:00,5.845,5.845,5.835,5.845,78
2025-12-22 10:34:00,5.8414,5.8414,5.8414,5.8414,5
2025-12-22 10:35:00,5.845,5.845,5.845,5.845,1
2025-12-22 10:36:00,5.84,5.84,5.835,5.835,30
2025-12-22 10:37:00,5.835,5.835,5.835,5.835,3
2025-12-22 10:38:00,5.835,5.835,5.83,5.835,3
2025-12-22 10:39:00,5.835,5.835,5.835,5.835,8
2025-12-22 10:40:00,5.8301,5.84,5.8301,5.84,15
2025-12-22 10:41:00,5.835,5.84,5.83,5.83,7
2025-12-22 10:42:00,5.835,5.84,5.8336,5.835,33
2025-12-22 10:43:00,5.835,5.84,5.835,5.84,30
2025-12-22 10:44:00,5.83,5.835,5.825,5.825,86
2025-12-22 10:45:00,5.825,5.83,5.8201,5.83,12
2025-12-22 10:46:00,5.83,5.835,5.83,5.83,64
2025-12-22 10:47:00,5.83,5.835,5.83,5.835,17
2025-12-22 10:48:00,5.83,5.83,5.82,5.825,43
2025-12-22 10:49:00,5.825,5.825,5.825,5.825,2
2025-12-22 10:50:00,5.83,5.83,5.83,5.83,38
2025-12-22 10:51:00,5.83,5.83,5.825,5.825,118
2025-12-22 10:52:00,5.825,5.825,5.8225,5.825,21
2025-12-22 10:53:00,5.825,5.825,5.825,5.825,0
2025-12-22 10:54:00,5.825,5.825,5.825,5.825,18
2025-12-22 10:55:00,5.8213,5.83,5.8213,5.825,11
2025-12-22 10:56:00,5.825,5.835,5.825,5.835,39
2025-12-22 10:57:00,5.835,5.84,5.835,5.836,69
2025-12-22 10:58:00,5.8387,5.84,5.8326,5.8326,28
2025-12-22 10:59:00,5.835,5.84,5.835,5.835,19
2025-12-22 11:00:00,5.84,5.84,5.82,5.83,57
2025-12-22 11:01:00,5.83,5.835,5.825,5.835,18
2025-12-22 11:02:00,5.835,5.84,5.835,5.84,89
2025-12-22 11:03:00,5.84,5.85,5.84,5.85,24
2025-12-22 11:04:00,5.85,5.85,5.85,5.85,25
2025-12-22 11:05:00,5.855,5.855,5.855,5.855,2
2025-12-22 11:06:00,5.86,5.86,5.855,5.855,32
2025-12-22 11:07:00,5.855,5.86,5.835,5.835,56
2025-12-22 11:08:00,5.835,5.835,5.835,5.835,2
2025-12-22 11:09:00,5.835,5.86,5.835,5.8566,70
2025-12-22 11:10:00,5.855,5.855,5.85,5.855,3
2025-12-22 11:11:00,5.86,5.86,5.86,5.86,7
2025-12-22 11:12:00,5.86,5.86,5.85,5.85,41
2025-12-22 11:13:00,5.855,5.855,5.855,5.855,1
2025-12-22 11:14:00,5.855,5.855,5.85,5.855,7
2025-12-22 11:15:00,5.855,5.855,5.855,5.855,5
2025-12-22 11:16:00,5.855,5.855,5.84,5.845,42
2025-12-22 11:17:00,5.85,5.855,5.85,5.855,17
2025-12-22 11:18:00,5.855,5.855,5.855,5.855,0
2025-12-22 11:19:00,5.855,5.855,5.85,5.855,9
2025-12-22 11:20:00,5.855,5.855,5.855,5.855,34
2025-12-22 11:21:00,5.86,5.86,5.855,5.86,14
2025-12-22 11:22:00,5.855,5.86,5.845,5.845,106
2025-12-22 11:23:00,5.845,5.845,5.835,5.835,20
2025-12-22 11:24:00,5.835,5.835,5.835,5.835,1
2025-12-22 11:25:00,5.835,5.835,5.835,5.835,2
2025-12-22 11:26:00,5.835,5.835,5.835,5.835,4
2025-12-22 11:27:00,5.8317,5.84,5.815,5.835,293
2025-12-22 11:28:00,5.835,5.84,5.835,5.84,19
2025-12-22 11:29:00,5.835,5.835,5.835,5.835,1
2025-12-22 11:30:00,5.84,5.84,5.84,5.84,37
2025-12-22 11:31:00,5.84,5.85,5.8391,5.85,15
2025-12-22 11:32:00,5.85,5.85,5.845,5.85,13
2025-12-22 11:33:00,5.86,5.86,5.855,5.86,12
2025-12-22 11:34:00,5.855,5.86,5.855,5.86,10
2025-12-22 11:35:00,5.855,5.86,5.855,5.86,18
2025-12-22 11:36:00,5.854,5.86,5.854,5.86,19
2025-12-22 11:37:00,5.86,5.86,5.855,5.855,20
2025-12-22 11:38:00,5.86,5.86,5.855,5.855,16
2025-12-22 11:39:00,5.86,5.86,5.855,5.86,29
2025-12-22 11:40:00,5.86,5.86,5.85,5.86,16
2025-12-22 11:41:00,5.86,5.865,5.855,5.865,19
2025-12-22 11:42:00,5.86,5.86,5.855,5.855,82
2025-12-22 11:43:00,5.8599,5.8599,5.855,5.855,12
2025-12-22 11:44:00,5.855,5.86,5.855,5.86,3
2025-12-22 11:45:00,5.85,5.85,5.845,5.845,46
2025-12-22 11:46:00,5.845,5.845,5.845,5.845,9
2025-12-22 11:47:00,5.845,5.845,5.845,5.845,4
2025-12-22 11:48:00,5.84,5.845,5.835,5.845,72
2025-12-22 11:49:00,5.845,5.8498,5.845,5.8498,36
2025-12-22 11:50:00,5.845,5.845,5.845,5.845,37
2025-12-22 11:51:00,5.8436,5.85,5.835,5.85,88
2025-12-22 11:52:00,5.845,5.845,5.845,5.845,5
2025-12-22 11:53:00,5.845,5.85,5.845,5.85,12
2025-12-22 11:54:00,5.845,5.845,5.845,5.845,4
2025-12-22 11:55:00,5.85,5.85,5.85,5.85,4
2025-12-22 11:56:00,5.845,5.85,5.845,5.845,60
2025-12-22 11:57:00,5.845,5.85,5.84,5.85,27
2025-12-22 11:58:00,5.845,5.85,5.845,5.85,47
2025-12-22 11:59:00,5.845,5.8689,5.845,5.8603,122
2025-12-22 12:00:00,5.865,5.87,5.855,5.855,94
2025-12-22 12:01:00,5.855,5.86,5.85,5.855,390
2025-12-22 12:02:00,5.855,5.855,5.855,5.855,4
2025-12-22 12:03:00,5.86,5.86,5.86,5.86,4
2025-12-22 12:04:00,5.86,5.865,5.86,5.865,102
2025-12-22 12:05:00,5.865,5.865,5.86,5.86,28
2025-12-22 12:06:00,5.87,5.87,5.865,5.865,8
2025-12-22 12:07:00,5.8699,5.87,5.8699,5.87,20
2025-12-22 12:08:00,5.87,5.87,5.87,5.87,3
2025-12-22 12:09:00,5.87,5.87,5.865,5.87,27
2025-12-22 12:10:00,5.865,5.87,5.865,5.865,8
2025-12-22 12:11:00,5.865,5.87,5.865,5.865,6
2025-12-22 12:12:00,5.865,5.865,5.865,5.865,6
2025-12-22 12:13:00,5.8644,5.865,5.86,5.8603,105
2025-12-22 12:14:00,5.865,5.87,5.8501,5.855,148
2025-12-22 12:15:00,5.86,5.86,5.8569,5.86,28
2025-12-22 12:16:00,5.86,5.86,5.86,5.86,0
2025-12-22 12:17:00,5.86,5.86,5.86,5.86,3
2025-12-22 12:18:00,5.86,5.86,5.86,5.86,3
2025-12-22 12:19:00,5.855,5.855,5.855,5.855,8
2025-12-22 12:20:00,5.86,5.86,5.855,5.855,15
2025-12-22 12:21:00,5.85,5.855,5.85,5.855,103
2025-12-22 12:22:00,5.8512,5.855,5.85,5.855,45
2025-12-22 12:23:00,5.855,5.855,5.855,5.855,4
2025-12-22 12:24:00,5.855,5.855,5.855,5.855,4
2025-12-22 12:25:00,5.855,5.86,5.85,5.86,12
2025-12-22 12:26:00,5.85,5.86,5.85,5.86,15
2025-12-22 12:27:00,5.85,5.855,5.85,5.855,17
2025-12-22 12:28:00,5.8545,5.86,5.8545,5.855,9
2025-12-22 12:29:00,5.86,5.86,5.85,5.855,9
2025-12-22 12:30:00,5.855,5.86,5.855,5.855,9
2025-12-22 12:31:00,5.855,5.855,5.845,5.845,133
2025-12-22 12:32:00,5.84,5.84,5.84,5.84,3
2025-12-22 12:33:00,5.84,5.84,5.84,5.84,4
2025-12-22 12:34:00,5.84,5.84,5.835,5.835,36
2025-12-22 12:35:00,5.835,5.855,5.835,5.855,100
2025-12-22 12:36:00,5.855,5.855,5.855,5.855,4
2025-12-22 12:37:00,5.85,5.85,5.85,5.85,1
2025-12-22 12:38:00,5.855,5.855,5.855,5.855,3
2025-12-22 12:39:00,5.855,5.855,5.845,5.845,37
2025-12-22 12:40:00,5.845,5.85,5.845,5.85,3
2025-12-22 12:41:00,5.845,5.85,5.845,5.8499,50
2025-12-22 12:42:00,5.845,5.845,5.845,5.845,1
2025-12-22 12:43:00,5.845,5.845,5.845,5.845,2
2025-12-22 12:44:00,5.845,5.8501,5.845,5.85,65
2025-12-22 12:45:00,5.85,5.85,5.845,5.85,18
2025-12-22 12:46:00,5.85,5.85,5.85,5.85,3
2025-12-22 12:47:00,5.8486,5.855,5.845,5.855,30
2025-12-22 12:48:00,5.855,5.86,5.855,5.86,5
2025-12-22 12:49:00,5.86,5.86,5.855,5.855,45
2025-12-22 12:50:00,5.86,5.86,5.855,5.855,3
2025-12-22 12:51:00,5.86,5.865,5.86,5.86,96
2025-12-22 12:52:00,5.8586,5.8586,5.8586,5.8586,3
2025-12-22 12:53:00,5.86,5.865,5.86,5.865,61
2025-12-22 12:54:00,5.865,5.865,5.865,5.865,3
2025-12-22 12:55:00,5.865,5.865,5.855,5.855,37
2025-12-22 12:56:00,5.85,5.855,5.85,5.855,14
2025-12-22 12:57:00,5.855,5.855,5.855,5.855,0
2025-12-22 12:58:00,5.855,5.855,5.85,5.85,9
2025-12-22 12:59:00,5.85,5.8556,5.85,5.855,58
2025-12-22 13:00:00,5.855,5.855,5.855,5.855,4
2025-12-22 13:01:00,5.855,5.855,5.855,5.855,0
2025-12-22 13:02:00,5.855,5.855,5.855,5.855,5
2025-12-22 13:03:00,5.855,5.855,5.855,5.855,0
2025-12-22 13:04:00,5.855,5.855,5.85,5.8519,20
2025-12-22 13:05:00,5.85,5.855,5.85,5.85,27
2025-12-22 13:06:00,5.855,5.86,5.855,5.855,23
2025-12-22 13:07:00,5.855,5.855,5.855,5.855,2
2025-12-22 13:08:00,5.855,5.855,5.855,5.855,6
2025-12-22 13:09:00,5.85,5.86,5.85,5.855,21
2025-12-22 13:10:00,5.85,5.855,5.845,5.845,109
2025-12-22 13:11:00,5.845,5.845,5.845,5.845,17
2025-12-22 13:12:00,5.845,5.8456,5.845,5.845,4
2025-12-22 13:13:00,5.845,5.845,5.845,5.845,10
2025-12-22 13:14:00,5.845,5.845,5.845,5.845,2
2025-12-22 13:15:00,5.845,5.845,5.845,5.845,2
2025-12-22 13:16:00,5.845,5.855,5.845,5.855,72
2025-12-22 13:17:00,5.855,5.855,5.855,5.855,2
2025-12-22 13:18:00,5.85,5.85,5.845,5.845,83
2025-12-22 13:19:00,5.845,5.845,5.845,5.845,0
2025-12-22 13:20:00,5.845,5.845,5.845,5.845,0
2025-12-22 13:21:00,5.845,5.845,5.845,5.845,8
2025-12-22 13:22:00,5.845,5.85,5.845,5.85,5
2025-12-22 13:23:00,5.85,5.85,5.85,5.85,0
2025-12-22 13:24:00,5.845,5.845,5.845,5.845,2
2025-12-22 13:25:00,5.845,5.855,5.845,5.8535,75
2025-12-22 13:26:00,5.855,5.86,5.855,5.855,17
2025-12-22 13:27:00,5.855,5.855,5.855,5.855,5
2025-12-22 13:28:00,5.855,5.855,5.855,5.855,0
2025-12-22 13:29:00,5.8507,5.86,5.8507,5.86,44
2025-12-22 13:30:00,5.855,5.86,5.855,5.86,22
2025-12-22 13:31:00,5.86,5.86,5.855,5.855,19
2025-12-22 13:32:00,5.86,5.86,5.86,5.86,6
2025-12-22 13:33:00,5.86,5.86,5.855,5.855,4
2025-12-22 13:34:00,5.86,5.86,5.855,5.855,2
2025-12-22 13:35:00,5.86,5.86,5.85,5.855,37
2025-12-22 13:36:00,5.86,5.86,5.855,5.855,30
2025-12-22 13:37:00,5.86,5.86,5.855,5.86,18
2025-12-22 13:38:00,5.855,5.86,5.855,5.86,9
2025-12-22 13:39:00,5.86,5.86,5.855,5.855,4
2025-12-22 13:40:00,5.855,5.86,5.855,5.855,7
2025-12-22 13:41:00,5.86,5.86,5.855,5.86,11
2025-12-22 13:42:00,5.86,5.865,5.86,5.865,50
2025-12-22 13:43:00,5.865,5.87,5.86,5.87,36
2025-12-22 13:44:00,5.8616,5.865,5.86,5.865,23
2025-12-22 13:45:00,5.86,5.865,5.86,5.865,16
2025-12-22 13:46:00,5.87,5.87,5.855,5.855,111
2025-12-22 13:47:00,5.855,5.86,5.855,5.86,4
2025-12-22 13:48:00,5.8585,5.87,5.8585,5.87,43
2025-12-22 13:49:00,5.87,5.88,5.87,5.88,66
2025-12-22 13:50:00,5.875,5.875,5.875,5.875,5
2025-12-22 13:51:00,5.87,5.87,5.87,5.87,1
2025-12-22 13:52:00,5.875,5.875,5.875,5.875,20
2025-12-22 13:53:00,5.875,5.875,5.875,5.875,3
2025-12-22 13:54:00,5.875,5.875,5.875,5.875,9
2025-12-22 13:55:00,5.88,5.88,5.8713,5.875,10
2025-12-22 13:56:00,5.875,5.88,5.875,5.875,6
2025-12-22 13:57:00,5.875,5.875,5.87,5.8719,27
2025-12-22 13:58:00,5.875,5.8782,5.87,5.875,13
2025-12-22 13:59:00,5.87,5.875,5.87,5.875,14
2025-12-22 14:00:00,5.88,5.88,5.875,5.875,58
2025-12-22 14:01:00,5.875,5.875,5.85,5.85,229
2025-12-22 14:02:00,5.85,5.85,5.85,5.85,1
2025-12-22 14:03:00,5.85,5.855,5.85,5.855,13
2025-12-22 14:04:00,5.855,5.855,5.855,5.855,0
2025-12-22 14:05:00,5.85,5.85,5.85,5.85,9
2025-12-22 14:06:00,5.855,5.855,5.855,5.855,2
2025-12-22 14:07:00,5.855,5.855,5.855,5.855,17
2025-12-22 14:08:00,5.855,5.86,5.855,5.855,19
2025-12-22 14:09:00,5.855,5.855,5.855,5.855,5
2025-12-22 14:10:00,5.86,5.87,5.855,5.855,110
2025-12-22 14:11:00,5.865,5.865,5.865,5.865,8
2025-12-22 14:12:00,5.865,5.865,5.86,5.8618,34
2025-12-22 14:13:00,5.865,5.865,5.86,5.865,53
2025-12-22 14:14:00,5.87,5.87,5.865,5.865,8
2025-12-22 14:15:00,5.865,5.865,5.855,5.855,69
2025-12-22 14:16:00,5.855,5.855,5.855,5.855,4
2025-12-22 14:17:00,5.855,5.855,5.855,5.855,30
2025-12-22 14:18:00,5.855,5.855,5.855,5.855,0
2025-12-22 14:19:00,5.855,5.855,5.8537,5.855,24
2025-12-22 14:20:00,5.8586,5.8586,5.8586,5.8586,1
2025-12-22 14:21:00,5.855,5.86,5.855,5.855,25
2025-12-22 14:22:00,5.855,5.855,5.855,5.855,0
2025-12-22 14:23:00,5.855,5.86,5.855,5.855,3
2025-12-22 14:24:00,5.86,5.86,5.86,5.86,25
2025-12-22 14:25:00,5.855,5.86,5.855,5.86,18
2025-12-22 14:26:00,5.855,5.86,5.855,5.86,14
2025-12-22 14:27:00,5.86,5.86,5.855,5.86,4
2025-12-22 14:28:00,5.86,5.86,5.855,5.86,17
2025-12-22 14:29:00,5.86,5.865,5.86,5.865,53
2025-12-22 14:30:00,5.86,5.87,5.86,5.865,13
2025-12-22 14:31:00,5.87,5.87,5.865,5.865,26
2025-12-22 14:32:00,5.87,5.87,5.87,5.87,4
2025-12-22 14:33:00,5.87,5.87,5.865,5.865,19
2025-12-22 14:34:00,5.87,5.87,5.865,5.865,3
2025-12-22 14:35:00,5.865,5.865,5.865,5.865,13
2025-12-22 14:36:00,5.865,5.87,5.86,5.87,7
2025-12-22 14:37:00,5.865,5.865,5.865,5.865,7
2025-12-22 14:38:00,5.865,5.87,5.86,5.865,20
2025-12-22 14:39:00,5.866,5.866,5.855,5.855,145
2025-12-22 14:40:00,5.855,5.855,5.855,5.855,1
2025-12-22 14:41:00,5.855,5.855,5.855,5.855,1
2025-12-22 14:42:00,5.855,5.855,5.855,5.855,26
2025-12-22 14:43:00,5.855,5.86,5.855,5.855,24
2025-12-22 14:44:00,5.855,5.855,5.855,5.855,2
2025-12-22 14:45:00,5.86,5.86,5.855,5.855,34
2025-12-22 14:46:00,5.855,5.855,5.855,5.855,7
2025-12-22 14:47:00,5.855,5.855,5.855,5.855,15
2025-12-22 14:48:00,5.855,5.855,5.85,5.855,32
2025-12-22 14:49:00,5.86,5.86,5.85,5.855,4
2025-12-22 14:50:00,5.86,5.86,5.855,5.86,36
2025-12-22 14:51:00,5.86,5.86,5.855,5.86,13
2025-12-22 14:52:00,5.855,5.86,5.855,5.86,24
2025-12-22 14:53:00,5.855,5.86,5.855,5.86,12
2025-12-22 14:54:00,5.86,5.86,5.855,5.86,4
2025-12-22 14:55:00,5.86,5.86,5.855,5.86,24
2025-12-22 14:56:00,5.86,5.865,5.86,5.865,82
2025-12-22 14:57:00,5.87,5.88,5.87,5.88,107
2025-12-22 14:58:00,5.87,5.88,5.87,5.88,16
2025-12-22 14:59:00,5.875,5.875,5.87,5.875,103
2025-12-22 15:00:00,5.875,5.875,5.875,5.875,38
2025-12-22 15:01:00,5.875,5.8951,5.875,5.89,172
2025-12-22 15:02:00,5.895,5.895,5.88,5.88,94
2025-12-22 15:03:00,5.875,5.875,5.875,5.875,26
2025-12-22 15:04:00,5.8787,5.8787,5.875,5.875,25
2025-12-22 15:05:00,5.875,5.875,5.875,5.875,0
2025-12-22 15:06:00,5.88,5.89,5.88,5.89,59
2025-12-22 15:07:00,5.88,5.8887,5.875,5.875,71
2025-12-22 15:08:00,5.88,5.88,5.88,5.88,45
2025-12-22 15:09:00,5.88,5.88,5.88,5.88,39
2025-12-22 15:10:00,5.87,5.8799,5.87,5.8799,4
2025-12-22 15:11:00,5.875,5.875,5.875,5.875,4
2025-12-22 15:12:00,5.875,5.875,5.875,5.875,11
2025-12-22 15:13:00,5.875,5.88,5.875,5.88,26
2025-12-22 15:14:00,5.88,5.88,5.875,5.875,18
2025-12-22 15:15:00,5.88,5.88,5.875,5.88,6
2025-12-22 15:16:00,5.875,5.88,5.875,5.88,5
2025-12-22 15:17:00,5.875,5.88,5.87,5.875,6
2025-12-22 15:18:00,5.87,5.87,5.865,5.865,161
2025-12-22 15:19:00,5.87,5.87,5.87,5.87,65
2025-12-22 15:20:00,5.875,5.875,5.875,5.875,2
2025-12-22 15:21:00,5.875,5.875,5.875,5.875,5
2025-12-22 15:22:00,5.875,5.8836,5.875,5.8836,73
2025-12-22 15:23:00,5.885,5.885,5.8801,5.8801,26
2025-12-22 15:24:00,5.89,5.89,5.885,5.885,15
2025-12-22 15:25:00,5.89,5.89,5.89,5.89,3
2025-12-22 15:26:00,5.89,5.89,5.8845,5.8845,25
2025-12-22 15:27:00,5.89,5.895,5.885,5.895,69
2025-12-22 15:28:00,5.895,5.9,5.89,5.8901,33
2025-12-22 15:29:00,5.895,5.9,5.895,5.9,12
2025-12-22 15:30:00,5.9,5.9,5.885,5.89,155
2025-12-22 15:31:00,5.89,5.89,5.89,5.89,0
2025-12-22 15:32:00,5.885,5.885,5.885,5.885,3
2025-12-22 15:33:00,5.885,5.885,5.885,5.885,50
2025-12-22 15:34:00,5.885,5.8899,5.885,5.885,57
2025-12-22 15:35:00,5.885,5.8955,5.885,5.895,130
2025-12-22 15:36:00,5.895,5.9,5.895,5.9,4
2025-12-22 15:37:00,5.895,5.895,5.875,5.875,195
2025-12-22 15:38:00,5.875,5.88,5.875,5.875,29
2025-12-22 15:39:00,5.875,5.88,5.875,5.875,13
2025-12-22 15:40:00,5.875,5.875,5.875,5.875,9
2025-12-22 15:41:00,5.875,5.8799,5.87,5.875,35
2025-12-22 15:42:00,5.875,5.875,5.875,5.875,22
2025-12-22 15:43:00,5.875,5.875,5.8745,5.875,26
2025-12-22 15:44:00,5.875,5.88,5.875,5.875,7
2025-12-22 15:45:00,5.875,5.8788,5.875,5.875,31
2025-12-22 15:46:00,5.87,5.875,5.87,5.87,35
2025-12-22 15:47:00,5.875,5.875,5.87,5.875,50
2025-12-22 15:48:00,5.875,5.89,5.875,5.885,105
2025-12-22 15:49:00,5.88,5.885,5.88,5.88,113
2025-12-22 15:50:00,5.88,5.88,5.835,5.835,439
2025-12-22 15:51:00,5.835,5.84,5.835,5.835,21
2025-12-22 15:52:00,5.835,5.86,5.835,5.855,188
2025-12-22 15:53:00,5.855,5.86,5.855,5.86,3
2025-12-22 15:54:00,5.855,5.86,5.855,5.86,358
2025-12-22 15:55:00,5.855,5.86,5.8307,5.835,385
2025-12-22 15:56:00,5.835,5.84,5.8314,5.835,119
2025-12-22 15:57:00,5.835,5.84,5.83,5.84,323
2025-12-22 15:58:00,5.84,5.84,5.83,5.83,370
2025-12-22 15:59:00,5.83,5.84,5.83,5.83,561
2025-12-23 09:30:00,5.83,5.84,5.77,5.785,121
2025-12-23 09:31:00,5.8,5.81,5.78,5.78,10
2025-12-23 09:32:00,5.78,5.815,5.78,5.815,21
2025-12-23 09:33:00,5.8077,5.8077,5.78,5.78,26
2025-12-23 09:34:00,5.78,5.78,5.76,5.76,107
2025-12-23 09:35:00,5.76,5.76,5.755,5.755,47
2025-12-23 09:36:00,5.755,5.755,5.755,5.755,4
2025-12-23 09:37:00,5.7699,5.79,5.7699,5.79,61
2025-12-23 09:38:00,5.78,5.81,5.78,5.81,47
2025-12-23 09:39:00,5.81,5.81,5.8,5.8,3
2025-12-23 09:40:00,5.81,5.81,5.78,5.78,3
2025-12-23 09:41:00,5.81,5.81,5.78,5.78,22
2025-12-23 09:42:00,5.78,5.79,5.77,5.79,6
2025-12-23 09:43:00,5.78,5.78,5.77,5.78,36
2025-12-23 09:44:00,5.775,5.78,5.77,5.775,21
2025-12-23 09:45:00,5.776,5.8,5.775,5.795,66
2025-12-23 09:46:00,5.8,5.8,5.79,5.8,16
2025-12-23 09:47:00,5.8,5.8,5.785,5.79,46
2025-12-23 09:48:00,5.8,5.8,5.79,5.79,7
2025-12-23 09:49:00,5.785,5.79,5.785,5.79,6
2025-12-23 09:50:00,5.79,5.79,5.7842,5.79,13
2025-12-23 09:51:00,5.78,5.79,5.78,5.785,28
2025-12-23 09:52:00,5.79,5.79,5.78,5.78,2
2025-12-23 09:53:00,5.79,5.79,5.785,5.785,54
2025-12-23 09:54:00,5.79,5.79,5.78,5.7886,7
2025-12-23 09:55:00,5.785,5.79,5.78,5.79,54
2025-12-23 09:56:00,5.785,5.79,5.785,5.785,32
2025-12-23 09:57:00,5.78,5.78,5.765,5.77,263
2025-12-23 09:58:00,5.77,5.77,5.77,5.77,0
2025-12-23 09:59:00,5.77,5.77,5.77,5.77,10
2025-12-23 10:00:00,5.765,5.77,5.765,5.7699,5
2025-12-23 10:01:00,5.765,5.77,5.765,5.77,3
2025-12-23 10:02:00,5.765,5.765,5.755,5.755,27
2025-12-23 10:03:00,5.755,5.755,5.74,5.745,30
2025-12-23 10:04:00,5.74,5.74,5.73,5.73,142
2025-12-23 10:05:00,5.73,5.745,5.725,5.74,83
2025-12-23 10:06:00,5.74,5.74,5.735,5.74,12
2025-12-23 10:07:00,5.7316,5.74,5.7316,5.735,24
2025-12-23 10:08:00,5.74,5.74,5.74,5.74,1
2025-12-23 10:09:00,5.74,5.745,5.74,5.74,61
2025-12-23 10:10:00,5.74,5.74,5.74,5.74,10
2025-12-23 10:11:00,5.745,5.75,5.745,5.75,2
2025-12-23 10:12:00,5.745,5.745,5.745,5.745,1
2025-12-23 10:13:00,5.745,5.745,5.745,5.745,5
2025-12-23 10:14:00,5.745,5.745,5.745,5.745,1
2025-12-23 10:15:00,5.75,5.75,5.745,5.745,5
2025-12-23 10:16:00,5.745,5.75,5.745,5.75,2
2025-12-23 10:17:00,5.745,5.745,5.74,5.745,27
2025-12-23 10:18:00,5.75,5.755,5.75,5.755,15
2025-12-23 10:19:00,5.7549,5.7549,5.7549,5.7549,2
2025-12-23 10:20:00,5.76,5.76,5.76,5.76,1
2025-12-23 10:21:00,5.76,5.76,5.755,5.755,3
2025-12-23 10:22:00,5.755,5.76,5.755,5.755,7
2025-12-23 10:23:00,5.75,5.75,5.74,5.74,49
2025-12-23 10:24:00,5.74,5.74,5.74,5.74,0
2025-12-23 10:25:00,5.74,5.74,5.74,5.74,6
2025-12-23 10:26:00,5.74,5.74,5.74,5.74,0
2025-12-23 10:27:00,5.74,5.75,5.74,5.745,25
2025-12-23 10:28:00,5.745,5.76,5.745,5.755,99
2025-12-23 10:29:00,5.755,5.755,5.755,5.755,5
2025-12-23 10:30:00,5.755,5.76,5.755,5.755,12
2025-12-23 10:31:00,5.755,5.76,5.755,5.76,101
2025-12-23 10:32:00,5.755,5.76,5.75,5.755,6
2025-12-23 10:33:00,5.755,5.76,5.755,5.76,5
2025-12-23 10:34:00,5.7507,5.755,5.7507,5.755,22
2025-12-23 10:35:00,5.76,5.76,5.76,5.76,14
2025-12-23 10:36:00,5.77,5.78,5.77,5.7796,39
2025-12-23 10:37:00,5.78,5.78,5.775,5.78,6
2025-12-23 10:38:00,5.78,5.78,5.78,5.78,5
2025-12-23 10:39:00,5.78,5.79,5.78,5.785,17
2025-12-23 10:40:00,5.79,5.79,5.79,5.79,3
2025-12-23 10:41:00,5.79,5.79,5.785,5.79,8
2025-12-23 10:42:00,5.785,5.785,5.785,5.785,3
2025-12-23 10:43:00,5.785,5.79,5.785,5.785,8
2025-12-23 10:44:00,5.785,5.785,5.785,5.785,4
2025-12-23 10:45:00,5.785,5.79,5.785,5.785,22
2025-12-23 10:46:00,5.785,5.785,5.785,5.785,5
2025-12-23 10:47:00,5.785,5.79,5.78,5.785,46
2025-12-23 10:48:00,5.785,5.785,5.785,5.785,3
2025-12-23 10:49:00,5.785,5.79,5.78,5.7801,55
2025-12-23 10:50:00,5.785,5.785,5.775,5.775,50
2025-12-23 10:51:00,5.78,5.78,5.775,5.775,4
2025-12-23 10:52:00,5.775,5.78,5.775,5.78,2
2025-12-23 10:53:00,5.775,5.775,5.775,5.775,1
2025-12-23 10:54:00,5.78,5.78,5.78,5.78,1
2025-12-23 10:55:00,5.775,5.78,5.775,5.775,9
2025-12-23 10:56:00,5.78,5.78,5.7712,5.78,8
2025-12-23 10:57:00,5.78,5.78,5.775,5.78,13
2025-12-23 10:58:00,5.78,5.78,5.775,5.775,5
2025-12-23 10:59:00,5.77,5.78,5.77,5.77,57
2025-12-23 11:00:00,5.77,5.77,5.77,5.77,0
2025-12-23 11:01:00,5.765,5.765,5.76,5.76,19
2025-12-23 11:02:00,5.765,5.765,5.765,5.765,5
2025-12-23 11:03:00,5.765,5.765,5.765,5.765,2
2025-12-23 11:04:00,5.765,5.765,5.765,5.765,0
2025-12-23 11:05:00,5.765,5.77,5.765,5.765,7
2025-12-23 11:06:00,5.765,5.765,5.765,5.765,3
2025-12-23 11:07:00,5.77,5.77,5.765,5.765,4
2025-12-23 11:08:00,5.765,5.765,5.765,5.765,1
2025-12-23 11:09:00,5.765,5.77,5.765,5.77,5
2025-12-23 11:10:00,5.765,5.77,5.765,5.765,10
2025-12-23 11:11:00,5.7603,5.7603,5.755,5.76,121
2025-12-23 11:12:00,5.76,5.76,5.755,5.755,6
2025-12-23 11:13:00,5.755,5.755,5.755,5.755,4
2025-12-23 11:14:00,5.755,5.755,5.755,5.755,1
2025-12-23 11:15:00,5.76,5.765,5.76,5.76,59
2025-12-23 11:16:00,5.765,5.77,5.765,5.77,8
2025-12-23 11:17:00,5.77,5.77,5.77,5.77,0
2025-12-23 11:18:00,5.77,5.77,5.77,5.77,2
2025-12-23 11:19:00,5.77,5.775,5.77,5.775,16
2025-12-23 11:20:00,5.775,5.78,5.775,5.78,4
2025-12-23 11:21:00,5.78,5.78,5.775,5.775,3
2025-12-23 11:22:00,5.775,5.775,5.775,5.775,2
2025-12-23 11:23:00,5.775,5.7799,5.775,5.775,33
2025-12-23 11:24:00,5.775,5.78,5.735,5.735,290
2025-12-23 11:25:00,5.73,5.73,5.72,5.725,86
2025-12-23 11:26:00,5.73,5.73,5.72,5.73,19
2025-12-23 11:27:00,5.725,5.745,5.725,5.745,75
2025-12-23 11:28:00,5.745,5.745,5.735,5.74,24
2025-12-23 11:29:00,5.735,5.735,5.735,5.735,20
2025-12-23 11:30:00,5.735,5.735,5.73,5.73,12
2025-12-23 11:31:00,5.735,5.735,5.7322,5.7322,21
2025-12-23 11:32:00,5.735,5.7397,5.735,5.735,13
2025-12-23 11:33:00,5.735,5.735,5.735,5.735,6
2025-12-23 11:34:00,5.735,5.735,5.735,5.735,8
2025-12-23 11:35:00,5.735,5.735,5.72,5.725,23
2025-12-23 11:36:00,5.725,5.725,5.725,5.725,7
2025-12-23 11:37:00,5.725,5.725,5.725,5.725,1
2025-12-23 11:38:00,5.725,5.73,5.725,5.73,2
2025-12-23 11:39:00,5.73,5.73,5.725,5.725,4
2025-12-23 11:40:00,5.725,5.7298,5.725,5.7298,6
2025-12-23 11:41:00,5.73,5.73,5.73,5.73,22
2025-12-23 11:42:00,5.73,5.74,5.73,5.74,23
2025-12-23 11:43:00,5.74,5.74,5.735,5.74,25
2025-12-23 11:44:00,5.74,5.74,5.735,5.735,13
2025-12-23 11:45:00,5.74,5.74,5.735,5.735,3
2025-12-23 11:46:00,5.73,5.735,5.73,5.735,139
2025-12-23 11:47:00,5.735,5.735,5.735,5.735,3
2025-12-23 11:48:00,5.735,5.735,5.735,5.735,2
2025-12-23 11:49:00,5.735,5.74,5.735,5.735,15
2025-12-23 11:50:00,5.735,5.74,5.735,5.735,7
2025-12-23 11:51:00,5.74,5.745,5.74,5.74,29
2025-12-23 11:52:00,5.745,5.745,5.745,5.745,6
2025-12-23 11:53:00,5.745,5.745,5.745,5.745,4
2025-12-23 11:54:00,5.745,5.745,5.74,5.74,45
2025-12-23 11:55:00,5.74,5.755,5.74,5.745,81
2025-12-23 11:56:00,5.745,5.745,5.745,5.745,3
2025-12-23 11:57:00,5.75,5.75,5.75,5.75,18
2025-12-23 11:58:00,5.755,5.755,5.74,5.745,125
2025-12-23 11:59:00,5.745,5.745,5.745,5.745,0
2025-12-23 12:00:00,5.74,5.74,5.73,5.735,123
2025-12-23 12:01:00,5.74,5.74,5.74,5.74,1
2025-12-23 12:02:00,5.735,5.735,5.735,5.735,2
2025-12-23 12:03:00,5.735,5.735,5.735,5.735,0
2025-12-23 12:04:00,5.735,5.735,5.735,5.735,0
2025-12-23 12:05:00,5.735,5.735,5.735,5.735,0
2025-12-23 12:06:00,5.735,5.75,5.735,5.735,253
2025-12-23 12:07:00,5.735,5.735,5.735,5.735,0
2025-12-23 12:08:00,5.735,5.735,5.735,5.735,1
2025-12-23 12:09:00,5.735,5.735,5.735,5.735,0
2025-12-23 12:10:00,5.735,5.735,5.735,5.735,0
2025-12-23 12:11:00,5.7399,5.74,5.73,5.74,20
2025-12-23 12:12:00,5.74,5.74,5.74,5.74,0
2025-12-23 12:13:00,5.74,5.755,5.74,5.74,626
2025-12-23 12:14:00,5.745,5.75,5.745,5.75,4
2025-12-23 12:15:00,5.75,5.76,5.75,5.755,31
2025-12-23 12:16:00,5.755,5.755,5.755,5.755,6
2025-12-23 12:17:00,5.755,5.755,5.755,5.755,2
2025-12-23 12:18:00,5.755,5.755,5.755,5.755,0
2025-12-23 12:19:00,5.75,5.75,5.74,5.745,46
2025-12-23 12:20:00,5.745,5.745,5.745,5.745,1
2025-12-23 12:21:00,5.745,5.745,5.745,5.745,1
2025-12-23 12:22:00,5.74,5.74,5.74,5.74,14
2025-12-23 12:23:00,5.735,5.735,5.735,5.735,2
2025-12-23 12:24:00,5.735,5.735,5.735,5.735,7
2025-12-23 12:25:00,5.7316,5.735,5.7316,5.735,4
2025-12-23 12:26:00,5.735,5.74,5.73,5.735,25
2025-12-23 12:27:00,5.735,5.735,5.735,5.735,1
2025-12-23 12:28:00,5.735,5.74,5.735,5.7399,16
2025-12-23 12:29:00,5.735,5.745,5.735,5.745,27
2025-12-23 12:30:00,5.745,5.745,5.745,5.745,0
2025-12-23 12:31:00,5.75,5.76,5.75,5.755,46
2025-12-23 12:32:00,5.755,5.76,5.755,5.76,4
2025-12-23 12:33:00,5.76,5.76,5.755,5.755,4
2025-12-23 12:34:00,5.755,5.755,5.745,5.745,66
2025-12-23 12:35:00,5.745,5.745,5.745,5.745,3
2025-12-23 12:36:00,5.75,5.75,5.75,5.75,6
2025-12-23 12:37:00,5.745,5.75,5.745,5.745,77
2025-12-23 12:38:00,5.745,5.745,5.745,5.745,3
2025-12-23 12:39:00,5.75,5.755,5.75,5.755,27
2025-12-23 12:40:00,5.755,5.755,5.755,5.755,6
2025-12-23 12:41:00,5.755,5.755,5.75,5.75,18
2025-12-23 12:42:00,5.75,5.75,5.75,5.75,0
2025-12-23 12:43:00,5.75,5.75,5.745,5.745,3
2025-12-23 12:44:00,5.745,5.75,5.745,5.745,8
2025-12-23 12:45:00,5.75,5.75,5.75,5.75,3
2025-12-23 12:46:00,5.75,5.75,5.75,5.75,16
2025-12-23 12:47:00,5.755,5.76,5.75,5.755,17
2025-12-23 12:48:00,5.756,5.756,5.755,5.755,7
2025-12-23 12:49:00,5.755,5.755,5.75,5.75,15
2025-12-23 12:50:00,5.745,5.765,5.745,5.765,48
2025-12-23 12:51:00,5.765,5.77,5.765,5.77,34
2025-12-23 12:52:00,5.765,5.78,5.76,5.78,56
2025-12-23 12:53:00,5.775,5.78,5.775,5.78,4
2025-12-23 12:54:00,5.775,5.78,5.77,5.775,92
2025-12-23 12:55:00,5.7704,5.78,5.7583,5.7583,119
2025-12-23 12:56:00,5.755,5.755,5.755,5.755,10
2025-12-23 12:57:00,5.75,5.755,5.75,5.755,4
2025-12-23 12:58:00,5.76,5.76,5.75,5.755,45
2025-12-23 12:59:00,5.755,5.755,5.75,5.755,16
2025-12-23 13:00:00,5.755,5.755,5.755,5.755,0
2025-12-23 13:01:00,5.755,5.7551,5.74,5.74,44
2025-12-23 13:02:00,5.745,5.745,5.745,5.745,2
2025-12-23 13:03:00,5.745,5.745,5.7444,5.745,4
2025-12-23 13:04:00,5.74,5.75,5.74,5.75,41
2025-12-23 13:05:00,5.75,5.755,5.75,5.755,146
2025-12-23 13:06:00,5.75,5.7556,5.75,5.7556,36
2025-12-23 13:07:00,5.755,5.76,5.755,5.76,8
2025-12-23 13:08:00,5.76,5.76,5.755,5.76,14
2025-12-23 13:09:00,5.76,5.77,5.76,5.765,41
2025-12-23 13:10:00,5.76,5.76,5.75,5.7512,51
2025-12-23 13:11:00,5.755,5.756,5.75,5.755,36
2025-12-23 13:12:00,5.755,5.755,5.755,5.755,0
2025-12-23 13:13:00,5.755,5.755,5.755,5.755,1
2025-12-23 13:14:00,5.755,5.755,5.755,5.755,2
2025-12-23 13:15:00,5.755,5.755,5.755,5.755,0
2025-12-23 13:16:00,5.75,5.755,5.75,5.7501,25
2025-12-23 13:17:00,5.7501,5.755,5.75,5.755,24
2025-12-23 13:18:00,5.76,5.76,5.755,5.755,9
2025-12-23 13:19:00,5.75,5.755,5.75,5.75,29
2025-12-23 13:20:00,5.76,5.76,5.75,5.755,5
2025-12-23 13:21:00,5.755,5.765,5.755,5.765,38
2025-12-23 13:22:00,5.76,5.76,5.7535,5.7535,35
2025-12-23 13:23:00,5.76,5.76,5.76,5.76,15
2025-12-23 13:24:00,5.7686,5.7686,5.76,5.765,29
2025-12-23 13:25:00,5.7687,5.7687,5.76,5.7601,21
2025-12-23 13:26:00,5.765,5.77,5.76,5.7697,40
2025-12-23 13:27:00,5.77,5.77,5.765,5.77,9
2025-12-23 13:28:00,5.76,5.77,5.76,5.77,16
2025-12-23 13:29:00,5.77,5.77,5.765,5.765,4
2025-12-23 13:30:00,5.7601,5.77,5.76,5.77,32
2025-12-23 13:31:00,5.765,5.765,5.765,5.765,8
2025-12-23 13:32:00,5.765,5.765,5.765,5.765,0
2025-12-23 13:33:00,5.765,5.765,5.765,5.765,6
2025-12-23 13:34:00,5.765,5.765,5.76,5.765,91
2025-12-23 13:35:00,5.76,5.7601,5.76,5.7601,9
2025-12-23 13:36:00,5.76,5.7636,5.76,5.7632,19
2025-12-23 13:37:00,5.765,5.765,5.765,5.765,16
2025-12-23 13:38:00,5.76,5.765,5.76,5.765,20
2025-12-23 13:39:00,5.765,5.765,5.765,5.765,0
2025-12-23 13:40:00,5.765,5.765,5.765,5.765,10
2025-12-23 13:41:00,5.765,5.765,5.765,5.765,0
2025-12-23 13:42:00,5.76,5.765,5.76,5.765,20
2025-12-23 13:43:00,5.76,5.76,5.76,5.76,1
2025-12-23 13:44:00,5.765,5.765,5.765,5.765,1
2025-12-23 13:45:00,5.765,5.765,5.765,5.765,13
2025-12-23 13:46:00,5.76,5.76,5.75,5.75,49
2025-12-23 13:47:00,5.755,5.755,5.745,5.745,30
2025-12-23 13:48:00,5.745,5.745,5.745,5.745,3
2025-12-23 13:49:00,5.745,5.755,5.745,5.755,74
2025-12-23 13:50:00,5.75,5.756,5.75,5.755,21
2025-12-23 13:51:00,5.75,5.7503,5.75,5.7503,3
2025-12-23 13:52:00,5.755,5.76,5.755,5.76,5
2025-12-23 13:53:00,5.755,5.755,5.755,5.755,4
2025-12-23 13:54:00,5.755,5.76,5.755,5.76,15
2025-12-23 13:55:00,5.755,5.755,5.755,5.755,4
2025-12-23 13:56:00,5.76,5.76,5.76,5.76,1
2025-12-23 13:57:00,5.75,5.76,5.75,5.76,2
2025-12-23 13:58:00,5.755,5.755,5.755,5.755,6
2025-12-23 13:59:00,5.76,5.76,5.75,5.75,3
2025-12-23 14:00:00,5.755,5.755,5.75,5.75,3
2025-12-23 14:01:00,5.755,5.755,5.755,5.755,9
2025-12-23 14:02:00,5.755,5.755,5.75,5.751,30
2025-12-23 14:03:00,5.7529,5.7536,5.75,5.7536,13
2025-12-23 14:04:00,5.75,5.755,5.75,5.755,21
2025-12-23 14:05:00,5.755,5.755,5.745,5.745,36
2025-12-23 14:06:00,5.745,5.745,5.745,5.745,5
2025-12-23 14:07:00,5.745,5.75,5.745,5.7498,58
2025-12-23 14:08:00,5.75,5.755,5.75,5.755,71
2025-12-23 14:09:00,5.755,5.755,5.755,5.755,4
2025-12-23 14:10:00,5.755,5.755,5.75,5.755,5
2025-12-23 14:11:00,5.755,5.755,5.755,5.755,2
2025-12-23 14:12:00,5.76,5.76,5.755,5.755,14
2025-12-23 14:13:00,5.75,5.755,5.75,5.75,17
2025-12-23 14:14:00,5.75,5.755,5.75,5.755,15
2025-12-23 14:15:00,5.755,5.755,5.75,5.755,29
2025-12-23 14:16:00,5.755,5.755,5.755,5.755,8
2025-12-23 14:17:00,5.755,5.755,5.755,5.755,1
2025-12-23 14:18:00,5.755,5.755,5.75,5.75,14
2025-12-23 14:19:00,5.755,5.755,5.7444,5.7444,69
2025-12-23 14:20:00,5.745,5.745,5.745,5.745,1
2025-12-23 14:21:00,5.745,5.745,5.745,5.745,0
2025-12-23 14:22:00,5.75,5.78,5.75,5.76,226
2025-12-23 14:23:00,5.76,5.76,5.76,5.76,0
2025-12-23 14:24:00,5.76,5.76,5.76,5.76,0
2025-12-23 14:25:00,5.76,5.76,5.76,5.76,0
2025-12-23 14:26:00,5.765,5.765,5.76,5.7636,21
2025-12-23 14:27:00,5.765,5.77,5.76,5.7617,25
2025-12-23 14:28:00,5.76,5.7618,5.76,5.76,37
2025-12-23 14:29:00,5.76,5.765,5.76,5.765,12
2025-12-23 14:30:00,5.762,5.762,5.762,5.762,1
2025-12-23 14:31:00,5.762,5.762,5.762,5.762,0
2025-12-23 14:32:00,5.765,5.765,5.7641,5.7641,44
2025-12-23 14:33:00,5.765,5.765,5.765,5.765,1
2025-12-23 14:34:00,5.765,5.765,5.765,5.765,11
2025-12-23 14:35:00,5.765,5.7683,5.765,5.765,71
2025-12-23 14:36:00,5.765,5.765,5.765,5.765,3
2025-12-23 14:37:00,5.77,5.77,5.77,5.77,3
2025-12-23 14:38:00,5.77,5.77,5.765,5.77,20
2025-12-23 14:39:00,5.77,5.775,5.77,5.775,39
2025-12-23 14:40:00,5.78,5.78,5.77,5.775,6
2025-12-23 14:41:00,5.78,5.78,5.78,5.78,3
2025-12-23 14:42:00,5.78,5.78,5.78,5.78,11
2025-12-23 14:43:00,5.775,5.78,5.775,5.78,8
2025-12-23 14:44:00,5.775,5.78,5.775,5.78,16
2025-12-23 14:45:00,5.78,5.78,5.7713,5.7713,10
2025-12-23 14:46:00,5.775,5.775,5.765,5.765,72
2025-12-23 14:47:00,5.76,5.77,5.76,5.77,11
2025-12-23 14:48:00,5.765,5.765,5.765,5.765,2
2025-12-23 14:49:00,5.765,5.765,5.765,5.765,3
2025-12-23 14:50:00,5.765,5.765,5.765,5.765,3
2025-12-23 14:51:00,5.765,5.765,5.7635,5.7635,13
2025-12-23 14:52:00,5.765,5.765,5.765,5.765,4
2025-12-23 14:53:00,5.765,5.77,5.765,5.77,9
2025-12-23 14:54:00,5.765,5.77,5.765,5.77,8
2025-12-23 14:55:00,5.77,5.77,5.765,5.765,3
2025-12-23 14:56:00,5.765,5.765,5.765,5.765,9
2025-12-23 14:57:00,5.76,5.77,5.76,5.7619,23
2025-12-23 14:58:00,5.765,5.77,5.765,5.765,8
2025-12-23 14:59:00,5.765,5.765,5.765,5.765,5
2025-12-23 15:00:00,5.765,5.775,5.765,5.775,76
2025-12-23 15:01:00,5.77,5.775,5.76,5.765,109
2025-12-23 15:02:00,5.76,5.765,5.76,5.7601,22
2025-12-23 15:03:00,5.765,5.765,5.765,5.765,6
2025-12-23 15:04:00,5.765,5.765,5.76,5.76,47
2025-12-23 15:05:00,5.76,5.775,5.75,5.775,110
2025-12-23 15:06:00,5.775,5.78,5.775,5.78,8
2025-12-23 15:07:00,5.78,5.78,5.78,5.78,5
2025-12-23 15:08:00,5.78,5.78,5.78,5.78,7
2025-12-23 15:09:00,5.78,5.78,5.778,5.78,43
2025-12-23 15:10:00,5.775,5.775,5.775,5.775,4
2025-12-23 15:11:00,5.775,5.775,5.775,5.775,4
2025-12-23 15:12:00,5.7701,5.775,5.7701,5.775,6
2025-12-23 15:13:00,5.78,5.79,5.765,5.77,954
2025-12-23 15:14:00,5.77,5.78,5.77,5.7736,90
2025-12-23 15:15:00,5.7736,5.7736,5.7736,5.7736,0
2025-12-23 15:16:00,5.775,5.775,5.775,5.775,1
2025-12-23 15:17:00,5.775,5.775,5.775,5.775,0
2025-12-23 15:18:00,5.775,5.775,5.765,5.765,89
2025-12-23 15:19:00,5.765,5.765,5.765,5.765,1
2025-12-23 15:20:00,5.765,5.765,5.765,5.765,0
2025-12-23 15:21:00,5.765,5.765,5.765,5.765,0
2025-12-23 15:22:00,5.765,5.77,5.765,5.77,10
2025-12-23 15:23:00,5.77,5.77,5.765,5.77,17
2025-12-23 15:24:00,5.77,5.77,5.77,5.77,14
2025-12-23 15:25:00,5.768,5.77,5.768,5.77,23
2025-12-23 15:26:00,5.77,5.77,5.765,5.765,11
2025-12-23 15:27:00,5.765,5.77,5.765,5.77,20
2025-12-23 15:28:00,5.765,5.765,5.765,5.765,61
2025-12-23 15:29:00,5.765,5.77,5.76,5.765,18
2025-12-23 15:30:00,5.765,5.765,5.765,5.765,10
2025-12-23 15:31:00,5.765,5.765,5.76,5.76,63
2025-12-23 15:32:00,5.765,5.765,5.765,5.765,3
2025-12-23 15:33:00,5.765,5.765,5.755,5.765,84
2025-12-23 15:34:00,5.76,5.775,5.76,5.775,132
2025-12-23 15:35:00,5.775,5.785,5.775,5.785,150
2025-12-23 15:36:00,5.785,5.785,5.785,5.785,3
2025-12-23 15:37:00,5.79,5.83,5.79,5.815,871
2025-12-23 15:38:00,5.81,5.81,5.795,5.795,178
2025-12-23 15:39:00,5.795,5.795,5.795,5.795,4
2025-12-23 15:40:00,5.795,5.795,5.795,5.795,9
2025-12-23 15:41:00,5.8,5.805,5.8,5.805,68
2025-12-23 15:42:00,5.805,5.81,5.805,5.81,9
2025-12-23 15:43:00,5.81,5.815,5.81,5.815,71
2025-12-23 15:44:00,5.815,5.8199,5.805,5.805,71
2025-12-23 15:45:00,5.805,5.815,5.805,5.8101,103
2025-12-23 15:46:00,5.815,5.815,5.815,5.815,16
2025-12-23 15:47:00,5.82,5.82,5.8185,5.82,63
2025-12-23 15:48:00,5.815,5.815,5.81,5.815,75
2025-12-23 15:49:00,5.815,5.815,5.81,5.815,178
2025-12-23 15:50:00,5.815,5.82,5.8,5.81,166
2025-12-23 15:51:00,5.805,5.81,5.8,5.81,79
2025-12-23 15:52:00,5.81,5.81,5.805,5.805,43
2025-12-23 15:53:00,5.805,5.805,5.795,5.795,132
2025-12-23 15:54:00,5.795,5.8,5.795,5.8,87
2025-12-23 15:55:00,5.8,5.8,5.79,5.795,116
2025-12-23 15:56:00,5.795,5.805,5.795,5.805,400
2025-12-23 15:57:00,5.805,5.81,5.805,5.81,71
2025-12-23 15:58:00,5.81,5.815,5.805,5.805,447
2025-12-23 15:59:00,5.805,5.81,5.8,5.805,548
2025-12-24 09:30:00,5.8,5.83,5.77,5.77,214
2025-12-24 09:31:00,5.78,5.78,5.78,5.78,2
2025-12-24 09:32:00,5.82,5.82,5.79,5.82,3
2025-12-24 09:33:00,5.79,5.83,5.78,5.8,75
2025-12-24 09:34:00,5.8,5.82,5.8,5.82,21
2025-12-24 09:35:00,5.8096,5.8096,5.79,5.79,7
2025-12-24 09:36:00,5.79,5.79,5.78,5.78,20
2025-12-24 09:37:00,5.79,5.79,5.78,5.785,25
2025-12-24 09:38:00,5.78,5.78,5.78,5.78,7
2025-12-24 09:39:00,5.78,5.78,5.78,5.78,0
2025-12-24 09:40:00,5.79,5.795,5.785,5.795,30
2025-12-24 09:41:00,5.795,5.795,5.795,5.795,1
2025-12-24 09:42:00,5.8,5.81,5.8,5.81,22
2025-12-24 09:43:00,5.81,5.81,5.81,5.81,0
2025-12-24 09:44:00,5.81,5.81,5.81,5.81,19
2025-12-24 09:45:00,5.805,5.815,5.805,5.815,21
2025-12-24 09:46:00,5.815,5.8199,5.815,5.8199,3
2025-12-24 09:47:00,5.8199,5.8199,5.8199,5.8199,0
2025-12-24 09:48:00,5.815,5.815,5.81,5.815,12
2025-12-24 09:49:00,5.82,5.82,5.82,5.82,17
2025-12-24 09:50:00,5.82,5.82,5.82,5.82,0
2025-12-24 09:51:00,5.82,5.82,5.82,5.82,0
2025-12-24 09:52:00,5.82,5.82,5.82,5.82,1
2025-12-24 09:53:00,5.82,5.83,5.82,5.825,27
2025-12-24 09:54:00,5.825,5.825,5.825,5.825,0
2025-12-24 09:55:00,5.83,5.83,5.83,5.83,1
2025-12-24 09:56:00,5.83,5.85,5.815,5.85,106
2025-12-24 09:57:00,5.84,5.84,5.83,5.83,25
2025-12-24 09:58:00,5.83,5.83,5.83,5.83,0
2025-12-24 09:59:00,5.825,5.825,5.825,5.825,1
2025-12-24 10:00:00,5.8259,5.8259,5.8259,5.8259,12
2025-12-24 10:01:00,5.825,5.825,5.82,5.82,7
2025-12-24 10:02:00,5.825,5.825,5.825,5.825,1
2025-12-24 10:03:00,5.83,5.84,5.825,5.84,216
2025-12-24 10:04:00,5.845,5.89,5.845,5.8734,1363
2025-12-24 10:05:00,5.875,5.875,5.87,5.87,6
2025-12-24 10:06:00,5.875,5.88,5.875,5.88,21
2025-12-24 10:07:00,5.8879,5.8879,5.8879,5.8879,2
2025-12-24 10:08:00,5.88,5.9,5.88,5.9,41
2025-12-24 10:09:00,5.895,5.905,5.895,5.905,35
2025-12-24 10:10:00,5.905,5.905,5.905,5.905,1
2025-12-24 10:11:00,5.905,5.91,5.905,5.91,10
2025-12-24 10:12:00,5.905,5.91,5.905,5.91,2
2025-12-24 10:13:00,5.905,5.91,5.905,5.905,5
2025-12-24 10:14:00,5.91,5.91,5.905,5.905,2
2025-12-24 10:15:00,5.91,5.925,5.91,5.925,32
2025-12-24 10:16:00,5.93,5.935,5.93,5.935,13
2025-12-24 10:17:00,5.935,5.955,5.935,5.95,126
2025-12-24 10:18:00,5.955,5.96,5.95,5.955,44
2025-12-24 10:19:00,5.95,5.96,5.95,5.96,12
2025-12-24 10:20:00,5.955,5.96,5.955,5.96,6
2025-12-24 10:21:00,5.96,5.96,5.96,5.96,1
2025-12-24 10:22:00,5.96,5.99,5.955,5.99,108
2025-12-24 10:23:00,5.985,5.99,5.9815,5.9815,100
2025-12-24 10:24:00,5.985,5.99,5.9846,5.99,17
2025-12-24 10:25:00,5.9899,5.995,5.9899,5.9941,124
2025-12-24 10:26:00,6.0,6.0,5.995,5.995,5
2025-12-24 10:27:00,5.9983,6.02,5.9912,6.02,167
2025-12-24 10:28:00,6.015,6.015,6.005,6.005,54
2025-12-24 10:29:00,6.0001,6.0001,5.995,5.9986,175
2025-12-24 10:30:00,5.995,5.995,5.995,5.995,2
2025-12-24 10:31:00,6.0,6.005,5.985,5.985,100
2025-12-24 10:32:00,5.985,5.985,5.984,5.985,50
2025-12-24 10:33:00,5.985,5.985,5.9817,5.985,5
2025-12-24 10:34:00,5.985,5.985,5.98,5.985,38
2025-12-24 10:35:00,5.985,5.99,5.985,5.985,35
2025-12-24 10:36:00,5.985,5.985,5.975,5.985,114
2025-12-24 10:37:00,5.985,5.9912,5.985,5.9912,43
2025-12-24 10:38:00,6.0,6.005,5.995,5.995,59
2025-12-24 10:39:00,5.995,5.995,5.995,5.995,0
2025-12-24 10:40:00,5.995,6.0,5.995,6.0,3
2025-12-24 10:41:00,6.0,6.0,5.995,5.995,10
2025-12-24 10:42:00,6.0,6.0,5.995,5.9991,156
2025-12-24 10:43:00,6.0,6.0,5.995,5.995,4
2025-12-24 10:44:00,5.995,6.0,5.9928,5.9998,14
2025-12-24 10:45:00,6.0,6.0,5.995,5.995,3
2025-12-24 10:46:00,6.0,6.0,5.995,5.995,58
2025-12-24 10:47:00,6.0,6.0,5.995,5.995,7
2025-12-24 10:48:00,5.995,6.0,5.995,6.0,5
2025-12-24 10:49:00,5.995,6.0,5.995,5.995,80
2025-12-24 10:50:00,5.995,6.0,5.995,5.995,3
2025-12-24 10:51:00,5.995,6.0,5.99,5.995,15
2025-12-24 10:52:00,5.995,6.0,5.995,6.0,51
2025-12-24 10:53:00,6.0,6.005,6.0,6.0,154
2025-12-24 10:54:00,6.0,6.005,6.0,6.005,71
2025-12-24 10:55:00,6.0,6.0,5.99,5.995,113
2025-12-24 10:56:00,5.99,5.9987,5.99,5.9987,16
2025-12-24 10:57:00,5.9903,6.0,5.9903,6.0,20
2025-12-24 10:58:00,5.995,5.995,5.995,5.995,2
2025-12-24 10:59:00,5.995,6.035,5.995,6.035,453
2025-12-24 11:00:00,6.035,6.035,6.035,6.035,9
2025-12-24 11:01:00,6.035,6.035,6.035,6.035,3
2025-12-24 11:02:00,6.035,6.035,6.015,6.015,184
2025-12-24 11:03:00,6.015,6.015,6.015,6.015,2
2025-12-24 11:04:00,6.02,6.02,6.01,6.015,6
2025-12-24 11:05:00,6.015,6.015,6.015,6.015,3
2025-12-24 11:06:00,6.015,6.015,6.01,6.015,5
2025-12-24 11:07:00,6.015,6.015,6.015,6.015,5
2025-12-24 11:08:00,6.015,6.015,6.01,6.01,5
2025-12-24 11:09:00,6.015,6.015,6.015,6.015,5
2025-12-24 11:10:00,6.015,6.02,5.99,6.01,302
2025-12-24 11:11:00,6.0,6.01,6.0,6.01,50
2025-12-24 11:12:00,6.015,6.015,6.0101,6.015,73
2025-12-24 11:13:00,6.015,6.015,6.01,6.01,21
2025-12-24 11:14:00,6.005,6.005,6.005,6.005,1
2025-12-24 11:15:00,6.005,6.015,5.99,6.015,285
2025-12-24 11:16:00,6.015,6.025,6.015,6.025,56
2025-12-24 11:17:00,6.025,6.025,6.025,6.025,3
2025-12-24 11:18:00,6.025,6.025,6.0213,6.025,19
2025-12-24 11:19:00,6.025,6.025,6.02,6.02,13
2025-12-24 11:20:00,6.025,6.025,6.02,6.025,14
2025-12-24 11:21:00,6.025,6.025,6.015,6.015,47
2025-12-24 11:22:00,6.015,6.015,6.01,6.015,7
2025-12-24 11:23:00,6.015,6.015,6.01,6.01,52
2025-12-24 11:24:00,6.015,6.015,6.0116,6.015,8
2025-12-24 11:25:00,6.015,6.015,6.01,6.015,19
2025-12-24 11:26:00,6.015,6.015,6.015,6.015,3
2025-12-24 11:27:00,6.0162,6.0162,6.015,6.015,13
2025-12-24 11:28:00,6.015,6.015,6.015,6.015,2
2025-12-24 11:29:00,6.015,6.015,6.0132,6.015,15
2025-12-24 11:30:00,6.015,6.015,6.015,6.015,18
2025-12-24 11:31:00,6.01,6.02,6.01,6.015,25
2025-12-24 11:32:00,6.015,6.015,6.015,6.015,6
2025-12-24 11:33:00,6.015,6.015,6.005,6.01,86
2025-12-24 11:34:00,6.015,6.015,6.01,6.015,7
2025-12-24 11:35:00,6.015,6.02,6.01,6.015,184
2025-12-24 11:36:00,6.01,6.015,6.01,6.015,24
2025-12-24 11:37:00,6.015,6.015,6.015,6.015,54
2025-12-24 11:38:00,6.015,6.015,6.01,6.0138,44
2025-12-24 11:39:00,6.015,6.015,6.01,6.015,6
2025-12-24 11:40:00,6.015,6.015,6.015,6.015,3
2025-12-24 11:41:00,6.015,6.015,6.015,6.015,7
2025-12-24 11:42:00,6.015,6.015,6.015,6.015,4
2025-12-24 11:43:00,6.015,6.02,6.015,6.015,131
2025-12-24 11:44:00,6.01,6.02,6.01,6.015,118
2025-12-24 11:45:00,6.015,6.015,6.01,6.015,12
2025-12-24 11:46:00,6.01,6.01,6.005,6.005,105
2025-12-24 11:47:00,6.005,6.005,6.0,6.0,3
2025-12-24 11:48:00,6.005,6.005,5.985,6.005,216
2025-12-24 11:49:00,6.005,6.005,6.005,6.005,19
2025-12-24 11:50:00,6.005,6.005,6.0,6.0,5
2025-12-24 11:51:00,6.005,6.005,6.005,6.005,6
2025-12-24 11:52:00,6.0,6.005,6.0,6.005,3
2025-12-24 11:53:00,6.005,6.005,6.005,6.005,4
2025-12-24 11:54:00,6.005,6.015,6.005,6.005,136
2025-12-24 11:55:00,6.005,6.005,6.005,6.005,2
2025-12-24 11:56:00,6.005,6.005,6.005,6.005,4
2025-12-24 11:57:00,6.005,6.02,6.005,6.015,158
2025-12-24 11:58:00,6.015,6.02,6.015,6.015,7
2025-12-24 11:59:00,6.015,6.02,6.015,6.015,5
2025-12-24 12:00:00,6.015,6.015,6.015,6.015,2
2025-12-24 12:01:00,6.02,6.02,6.015,6.015,5
2025-12-24 12:02:00,6.02,6.03,6.015,6.015,96
2025-12-24 12:03:00,6.015,6.03,6.015,6.025,110
2025-12-24 12:04:00,6.03,6.03,6.0201,6.025,39
2025-12-24 12:05:00,6.025,6.025,6.02,6.025,16
2025-12-24 12:06:00,6.02,6.02,6.0101,6.015,122
2025-12-24 12:07:00,6.015,6.015,6.015,6.015,0
2025-12-24 12:08:00,6.0113,6.015,6.0113,6.015,34
2025-12-24 12:09:00,6.015,6.015,6.015,6.015,0
2025-12-24 12:10:00,6.015,6.015,6.01,6.01,4
2025-12-24 12:11:00,6.01,6.01,6.005,6.005,59
2025-12-24 12:12:00,6.005,6.005,6.005,6.005,1
2025-12-24 12:13:00,6.005,6.005,6.0,6.0038,19
2025-12-24 12:14:00,6.005,6.01,6.0,6.005,11
2025-12-24 12:15:00,6.005,6.005,6.005,6.005,6
2025-12-24 12:16:00,6.005,6.005,6.0,6.0,12
2025-12-24 12:17:00,6.005,6.005,6.0,6.0,3
2025-12-24 12:18:00,6.0,6.005,6.0,6.0,4
2025-12-24 12:19:00,6.0,6.0056,6.0,6.005,10
2025-12-24 12:20:00,6.0,6.005,6.0,6.005,18
2025-12-24 12:21:00,6.0003,6.0003,5.98,5.985,267
2025-12-24 12:22:00,5.985,5.9859,5.985,5.9859,28
2025-12-24 12:23:00,5.985,5.986,5.985,5.985,65
2025-12-24 12:24:00,5.985,5.985,5.985,5.985,5
2025-12-24 12:25:00,5.9813,5.988,5.98,5.985,69
2025-12-24 12:26:00,5.985,5.985,5.985,5.985,3
2025-12-24 12:27:00,5.985,5.995,5.985,5.995,47
2025-12-24 12:28:00,5.995,6.0,5.995,5.995,4
2025-12-24 12:29:00,6.0,6.0,5.995,5.995,6
2025-12-24 12:30:00,5.995,6.0,5.99,5.99,9
2025-12-24 12:31:00,5.995,6.0,5.995,6.0,36
2025-12-24 12:32:00,6.0,6.005,5.99,5.99,166
2025-12-24 12:33:00,5.99,5.99,5.99,5.99,35
2025-12-24 12:34:00,5.985,5.985,5.985,5.985,2
2025-12-24 12:35:00,5.99,5.99,5.985,5.99,8
2025-12-24 12:36:00,5.99,5.99,5.98,5.98,7
2025-12-24 12:37:00,5.985,5.99,5.98,5.99,17
2025-12-24 12:38:00,5.985,5.985,5.985,5.985,6
2025-12-24 12:39:00,5.985,5.985,5.985,5.985,9
2025-12-24 12:40:00,5.985,5.99,5.98,5.98,11
2025-12-24 12:41:00,5.98,5.99,5.98,5.985,31
2025-12-24 12:42:00,5.985,5.99,5.985,5.99,42
2025-12-24 12:43:00,5.985,5.985,5.975,5.975,82
2025-12-24 12:44:00,5.975,5.975,5.975,5.975,1
2025-12-24 12:45:00,5.975,5.975,5.97,5.975,7
2025-12-24 12:46:00,5.98,5.98,5.97,5.98,26
2025-12-24 12:47:00,5.98,5.98,5.97,5.98,83
2025-12-24 12:48:00,5.98,5.98,5.975,5.98,19
2025-12-24 12:49:00,5.975,5.975,5.975,5.975,5
2025-12-24 12:50:00,5.978,5.98,5.97,5.975,103
2025-12-24 12:51:00,5.975,5.99,5.975,5.985,85
2025-12-24 12:52:00,5.985,5.99,5.985,5.99,59
2025-12-24 12:53:00,5.99,5.99,5.98,5.985,32
2025-12-24 12:54:00,5.985,5.998,5.985,5.998,127
2025-12-24 12:55:00,5.998,6.0,5.995,5.995,25
2025-12-24 12:56:00,5.995,6.0,5.995,5.995,35
2025-12-24 12:57:00,6.0,6.0,5.985,5.985,198
2025-12-24 12:58:00,5.985,5.99,5.98,5.985,193
2025-12-24 12:59:00,5.98,5.99,5.98,5.98,256
2025-12-26 09:30:00,5.93,5.93,5.885,5.885,374
2025-12-26 09:31:00,5.86,5.93,5.86,5.93,71
2025-12-26 09:32:00,5.91,5.95,5.91,5.94,30
2025-12-26 09:33:00,5.95,5.95,5.91,5.91,119
2025-12-26 09:34:00,5.92,5.92,5.91,5.9199,4
2025-12-26 09:35:00,5.92,5.93,5.92,5.92,47
2025-12-26 09:36:00,5.92,5.92,5.92,5.92,0
2025-12-26 09:37:00,5.92,5.92,5.91,5.91,132
2025-12-26 09:38:00,5.9113,5.9113,5.9,5.9,3
2025-12-26 09:39:00,5.89,5.89,5.89,5.89,13
2025-12-26 09:40:00,5.89,5.89,5.8801,5.8801,8
2025-12-26 09:41:00,5.88,5.8801,5.87,5.88,188
2025-12-26 09:42:00,5.885,5.885,5.88,5.88,18
2025-12-26 09:43:00,5.88,5.88,5.87,5.87,79
2025-12-26 09:44:00,5.88,5.9097,5.88,5.9097,76
2025-12-26 09:45:00,5.91,5.91,5.905,5.905,11
2025-12-26 09:46:00,5.905,5.905,5.905,5.905,0
2025-12-26 09:47:00,5.9,5.9,5.89,5.89,13
2025-12-26 09:48:00,5.88,5.88,5.88,5.88,1
2025-12-26 09:49:00,5.885,5.885,5.885,5.885,40
2025-12-26 09:50:00,5.88,5.88,5.88,5.88,9
2025-12-26 09:51:00,5.87,5.87,5.855,5.86,50
2025-12-26 09:52:00,5.86,5.86,5.86,5.86,0
2025-12-26 09:53:00,5.855,5.855,5.855,5.855,9
2025-12-26 09:54:00,5.85,5.85,5.84,5.84,44
2025-12-26 09:55:00,5.841,5.841,5.83,5.83,127
2025-12-26 09:56:00,5.835,5.835,5.83,5.83,14
2025-12-26 09:57:00,5.83,5.8398,5.83,5.8398,36
2025-12-26 09:58:00,5.8398,5.8398,5.8398,5.8398,0
2025-12-26 09:59:00,5.835,5.835,5.835,5.835,1
2025-12-26 10:00:00,5.835,5.835,5.83,5.83,6
2025-12-26 10:01:00,5.825,5.83,5.825,5.83,22
2025-12-26 10:02:00,5.82,5.83,5.82,5.83,32
2025-12-26 10:03:00,5.8286,5.83,5.8286,5.83,4
2025-12-26 10:04:00,5.8285,5.8299,5.8244,5.8244,13
2025-12-26 10:05:00,5.825,5.83,5.82,5.83,34
2025-12-26 10:06:00,5.83,5.83,5.83,5.83,0
2025-12-26 10:07:00,5.8298,5.8299,5.8298,5.8299,8
2025-12-26 10:08:00,5.8266,5.83,5.825,5.8286,51
2025-12-26 10:09:00,5.8262,5.8262,5.8262,5.8262,4
2025-12-26 10:10:00,5.825,5.8291,5.825,5.8291,9
2025-12-26 10:11:00,5.825,5.825,5.8213,5.8213,2
2025-12-26 10:12:00,5.8298,5.8298,5.825,5.825,14
2025-12-26 10:13:00,5.83,5.83,5.82,5.8225,46
2025-12-26 10:14:00,5.825,5.825,5.81,5.81,95
2025-12-26 10:15:00,5.81,5.81,5.81,5.81,1
2025-12-26 10:16:00,5.81,5.815,5.81,5.815,54
2025-12-26 10:17:00,5.815,5.815,5.815,5.815,13
2025-12-26 10:18:00,5.815,5.8197,5.815,5.8197,2
2025-12-26 10:19:00,5.815,5.815,5.815,5.815,1
2025-12-26 10:20:00,5.82,5.82,5.815,5.8199,20
2025-12-26 10:21:00,5.82,5.82,5.815,5.815,7
2025-12-26 10:22:00,5.81,5.82,5.81,5.8165,104
2025-12-26 10:23:00,5.815,5.815,5.815,5.815,32
2025-12-26 10:24:00,5.81,5.81,5.81,5.81,25
2025-12-26 10:25:00,5.805,5.805,5.805,5.805,9
2025-12-26 10:26:00,5.805,5.81,5.805,5.81,76
2025-12-26 10:27:00,5.805,5.805,5.801,5.805,21
2025-12-26 10:28:00,5.805,5.805,5.805,5.805,0
2025-12-26 10:29:00,5.805,5.805,5.79,5.795,190
2025-12-26 10:30:00,5.798,5.798,5.798,5.798,10
2025-12-26 10:31:00,5.8,5.8186,5.8,5.8156,37
2025-12-26 10:32:00,5.8145,5.82,5.8109,5.82,113
2025-12-26 10:33:00,5.815,5.82,5.815,5.82,37
2025-12-26 10:34:00,5.8165,5.8165,5.8165,5.8165,3
2025-12-26 10:35:00,5.8165,5.8165,5.8165,5.8165,0
2025-12-26 10:36:00,5.82,5.82,5.815,5.815,30
2025-12-26 10:37:00,5.815,5.815,5.81,5.81,3
2025-12-26 10:38:00,5.815,5.815,5.815,5.815,20
2025-12-26 10:39:00,5.82,5.82,5.805,5.805,25
2025-12-26 10:40:00,5.8,5.8,5.8,5.8,3
2025-12-26 10:41:00,5.8,5.8,5.8,5.8,0
2025-12-26 10:42:00,5.8,5.8,5.8,5.8,0
2025-12-26 10:43:00,5.805,5.805,5.805,5.805,1
2025-12-26 10:44:00,5.8084,5.8084,5.805,5.805,15
2025-12-26 10:45:00,5.805,5.805,5.8017,5.805,22
2025-12-26 10:46:00,5.805,5.8056,5.805,5.805,5
2025-12-26 10:47:00,5.805,5.805,5.8001,5.805,50
2025-12-26 10:48:00,5.805,5.805,5.805,5.805,0
2025-12-26 10:49:00,5.805,5.81,5.805,5.81,68
2025-12-26 10:50:00,5.81,5.81,5.81,5.81,1
2025-12-26 10:51:00,5.81,5.81,5.805,5.805,35
2025-12-26 10:52:00,5.805,5.8064,5.8,5.8064,99
2025-12-26 10:53:00,5.805,5.805,5.805,5.805,3
2025-12-26 10:54:00,5.81,5.815,5.81,5.815,16
2025-12-26 10:55:00,5.815,5.815,5.815,5.815,0
2025-12-26 10:56:00,5.815,5.815,5.815,5.815,0
2025-12-26 10:57:00,5.815,5.815,5.815,5.815,1
2025-12-26 10:58:00,5.815,5.815,5.815,5.815,0
2025-12-26 10:59:00,5.81,5.81,5.81,5.81,1
2025-12-26 11:00:00,5.82,5.83,5.82,5.83,14
2025-12-26 11:01:00,5.825,5.825,5.82,5.825,36
2025-12-26 11:02:00,5.8299,5.83,5.825,5.825,20
2025-12-26 11:03:00,5.8284,5.83,5.825,5.83,4
2025-12-26 11:04:00,5.83,5.845,5.83,5.845,44
2025-12-26 11:05:00,5.8419,5.85,5.84,5.84,28
2025-12-26 11:06:00,5.845,5.845,5.845,5.845,2
2025-12-26 11:07:00,5.85,5.85,5.84,5.84,59
2025-12-26 11:08:00,5.84,5.84,5.84,5.84,2
2025-12-26 11:09:00,5.835,5.835,5.835,5.835,1
2025-12-26 11:10:00,5.835,5.835,5.82,5.825,139
2025-12-26 11:11:00,5.82,5.82,5.82,5.82,17
2025-12-26 11:12:00,5.815,5.815,5.815,5.815,2
2025-12-26 11:13:00,5.815,5.815,5.815,5.815,1
2025-12-26 11:14:00,5.82,5.825,5.82,5.825,36
2025-12-26 11:15:00,5.82,5.82,5.815,5.815,5
2025-12-26 11:16:00,5.815,5.815,5.815,5.815,0
2025-12-26 11:17:00,5.815,5.815,5.815,5.815,0
2025-12-26 11:18:00,5.815,5.815,5.815,5.815,0
2025-12-26 11:19:00,5.81,5.815,5.81,5.815,2
2025-12-26 11:20:00,5.815,5.815,5.81,5.81,2
2025-12-26 11:21:00,5.81,5.81,5.81,5.81,0
2025-12-26 11:22:00,5.815,5.815,5.81,5.815,60
2025-12-26 11:23:00,5.82,5.825,5.82,5.825,24
2025-12-26 11:24:00,5.825,5.825,5.825,5.825,3
2025-12-26 11:25:00,5.825,5.825,5.825,5.825,3
2025-12-26 11:26:00,5.825,5.825,5.825,5.825,0
2025-12-26 11:27:00,5.825,5.825,5.825,5.825,0
2025-12-26 11:28:00,5.825,5.825,5.825,5.825,4
2025-12-26 11:29:00,5.83,5.83,5.825,5.825,15
2025-12-26 11:30:00,5.825,5.825,5.825,5.825,2
2025-12-26 11:31:00,5.825,5.825,5.825,5.825,0
2025-12-26 11:32:00,5.825,5.825,5.825,5.825,1
2025-12-26 11:33:00,5.825,5.825,5.825,5.825,3
2025-12-26 11:34:00,5.8236,5.825,5.8236,5.825,2
2025-12-26 11:35:00,5.825,5.825,5.8201,5.825,58
2025-12-26 11:36:00,5.83,5.83,5.825,5.83,51
2025-12-26 11:37:00,5.8256,5.83,5.8256,5.83,6
2025-12-26 11:38:00,5.825,5.825,5.825,5.825,3
2025-12-26 11:39:00,5.83,5.83,5.83,5.83,2
2025-12-26 11:40:00,5.83,5.83,5.83,5.83,3
2025-12-26 11:41:00,5.83,5.835,5.83,5.83,69
2025-12-26 11:42:00,5.825,5.825,5.825,5.825,10
2025-12-26 11:43:00,5.825,5.825,5.825,5.825,1
2025-12-26 11:44:00,5.825,5.825,5.825,5.825,0
2025-12-26 11:45:00,5.82,5.825,5.82,5.825,40
2025-12-26 11:46:00,5.825,5.825,5.825,5.825,0
2025-12-26 11:47:00,5.825,5.83,5.825,5.825,26
2025-12-26 11:48:00,5.825,5.825,5.825,5.825,1
2025-12-26 11:49:00,5.8201,5.825,5.8201,5.825,110
2025-12-26 11:50:00,5.8232,5.83,5.8232,5.83,55
2025-12-26 11:51:00,5.83,5.83,5.825,5.825,8
2025-12-26 11:52:00,5.8256,5.83,5.825,5.825,8
2025-12-26 11:53:00,5.83,5.83,5.83,5.83,2
2025-12-26 11:54:00,5.83,5.83,5.8277,5.8277,7
2025-12-26 11:55:00,5.83,5.83,5.83,5.83,7
2025-12-26 11:56:00,5.83,5.835,5.825,5.825,99
2025-12-26 11:57:00,5.82,5.82,5.81,5.81,82
2025-12-26 11:58:00,5.81,5.81,5.81,5.81,0
2025-12-26 11:59:00,5.815,5.815,5.815,5.815,8
2025-12-26 12:00:00,5.81,5.8156,5.81,5.81,41
2025-12-26 12:01:00,5.8103,5.815,5.8103,5.815,6
2025-12-26 12:02:00,5.81,5.815,5.8,5.805,35
2025-12-26 12:03:00,5.805,5.805,5.805,5.805,9
2025-12-26 12:04:00,5.805,5.805,5.805,5.805,1
2025-12-26 12:05:00,5.8,5.805,5.79,5.79,154
2025-12-26 12:06:00,5.79,5.805,5.79,5.805,111
2025-12-26 12:07:00,5.805,5.81,5.805,5.805,18
2025-12-26 12:08:00,5.8001,5.8001,5.8,5.8,166
2025-12-26 12:09:00,5.8,5.8,5.8,5.8,1
2025-12-26 12:10:00,5.8,5.8,5.8,5.8,1
2025-12-26 12:11:00,5.8,5.8,5.795,5.795,44
2025-12-26 12:12:00,5.79,5.7999,5.79,5.7999,131
2025-12-26 12:13:00,5.795,5.795,5.795,5.795,1
2025-12-26 12:14:00,5.8,5.805,5.8,5.805,48
2025-12-26 12:15:00,5.8,5.8,5.8,5.8,1
2025-12-26 12:16:00,5.805,5.805,5.8,5.8,8
2025-12-26 12:17:00,5.8,5.8,5.795,5.795,22
2025-12-26 12:18:00,5.795,5.795,5.795,5.795,1
2025-12-26 12:19:00,5.795,5.7976,5.795,5.7976,4
2025-12-26 12:20:00,5.795,5.795,5.795,5.795,1
2025-12-26 12:21:00,5.795,5.795,5.795,5.795,0
2025-12-26 12:22:00,5.79,5.795,5.79,5.795,7
2025-12-26 12:23:00,5.795,5.795,5.79,5.79,3
2025-12-26 12:24:00,5.795,5.795,5.795,5.795,1
2025-12-26 12:25:00,5.795,5.7957,5.795,5.795,14
2025-12-26 12:26:00,5.7962,5.805,5.795,5.805,77
2025-12-26 12:27:00,5.805,5.805,5.805,5.805,4
2025-12-26 12:28:00,5.805,5.805,5.805,5.805,0
2025-12-26 12:29:00,5.805,5.81,5.805,5.805,13
2025-12-26 12:30:00,5.805,5.805,5.805,5.805,0
2025-12-26 12:31:00,5.81,5.81,5.805,5.805,39
2025-12-26 12:32:00,5.805,5.805,5.805,5.805,1
2025-12-26 12:33:00,5.805,5.805,5.805,5.805,4
2025-12-26 12:34:00,5.805,5.805,5.805,5.805,3
2025-12-26 12:35:00,5.805,5.805,5.805,5.805,12
2025-12-26 12:36:00,5.805,5.805,5.805,5.805,8
2025-12-26 12:37:00,5.805,5.805,5.805,5.805,0
2025-12-26 12:38:00,5.8,5.805,5.8,5.805,7
2025-12-26 12:39:00,5.805,5.805,5.805,5.805,0
2025-12-26 12:40:00,5.8,5.805,5.8,5.805,35
2025-12-26 12:41:00,5.8047,5.8047,5.8047,5.8047,2
2025-12-26 12:42:00,5.805,5.805,5.8,5.8,6
2025-12-26 12:43:00,5.805,5.805,5.805,5.805,1
2025-12-26 12:44:00,5.81,5.81,5.805,5.805,5
2025-12-26 12:45:00,5.8,5.81,5.8,5.81,6
2025-12-26 12:46:00,5.805,5.815,5.805,5.81,177
2025-12-26 12:47:00,5.815,5.83,5.815,5.83,87
2025-12-26 12:48:00,5.84,5.85,5.835,5.835,169
2025-12-26 12:49:00,5.84,5.84,5.835,5.84,20
2025-12-26 12:50:00,5.845,5.845,5.845,5.845,4
2025-12-26 12:51:00,5.845,5.845,5.84,5.84,42
2025-12-26 12:52:00,5.8422,5.8422,5.8422,5.8422,50
2025-12-26 12:53:00,5.845,5.845,5.83,5.83,55
2025-12-26 12:54:00,5.835,5.835,5.835,5.835,2
2025-12-26 12:55:00,5.8387,5.8387,5.8387,5.8387,18
2025-12-26 12:56:00,5.835,5.835,5.83,5.83,3
2025-12-26 12:57:00,5.8314,5.8314,5.8314,5.8314,2
2025-12-26 12:58:00,5.8314,5.8314,5.8314,5.8314,0
2025-12-26 12:59:00,5.84,5.84,5.8244,5.8244,39
2025-12-26 13:00:00,5.82,5.825,5.82,5.825,5
2025-12-26 13:01:00,5.825,5.825,5.825,5.825,17
2025-12-26 13:02:00,5.82,5.82,5.82,5.82,1
2025-12-26 13:03:00,5.8251,5.8251,5.8251,5.8251,25
2025-12-26 13:04:00,5.825,5.825,5.82,5.825,8
2025-12-26 13:05:00,5.825,5.825,5.825,5.825,1
2025-12-26 13:06:00,5.8262,5.8262,5.82,5.82,2
2025-12-26 13:07:00,5.82,5.83,5.82,5.83,14
2025-12-26 13:08:00,5.83,5.83,5.82,5.82,13
2025-12-26 13:09:00,5.83,5.83,5.82,5.8204,13
2025-12-26 13:10:00,5.825,5.825,5.825,5.825,1
2025-12-26 13:11:00,5.82,5.825,5.82,5.825,11
2025-12-26 13:12:00,5.82,5.82,5.82,5.82,1
2025-12-26 13:13:00,5.82,5.82,5.82,5.82,4
2025-12-26 13:14:00,5.82,5.825,5.82,5.825,23
2025-12-26 13:15:00,5.82,5.825,5.82,5.82,44
2025-12-26 13:16:00,5.825,5.825,5.825,5.825,6
2025-12-26 13:17:00,5.825,5.8299,5.825,5.825,11
2025-12-26 13:18:00,5.83,5.84,5.83,5.84,75
2025-12-26 13:19:00,5.84,5.84,5.84,5.84,19
2025-12-26 13:20:00,5.84,5.84,5.835,5.835,16
2025-12-26 13:21:00,5.835,5.8356,5.83,5.8356,11
2025-12-26 13:22:00,5.83,5.83,5.83,5.83,10
2025-12-26 13:23:00,5.835,5.835,5.835,5.835,53
2025-12-26 13:24:00,5.835,5.835,5.83,5.835,4
2025-12-26 13:25:00,5.835,5.835,5.83,5.83,3
2025-12-26 13:26:00,5.835,5.835,5.835,5.835,1
2025-12-26 13:27:00,5.84,5.84,5.83,5.83,4
2025-12-26 13:28:00,5.83,5.83,5.82,5.825,100
2025-12-26 13:29:00,5.825,5.825,5.825,5.825,0
2025-12-26 13:30:00,5.82,5.82,5.82,5.82,53
2025-12-26 13:31:00,5.82,5.82,5.82,5.82,2
2025-12-26 13:32:00,5.825,5.825,5.82,5.82,11
2025-12-26 13:33:00,5.825,5.83,5.825,5.825,34
2025-12-26 13:34:00,5.83,5.83,5.82,5.8228,8
2025-12-26 13:35:00,5.825,5.83,5.825,5.83,5
2025-12-26 13:36:00,5.82,5.83,5.82,5.825,4
2025-12-26 13:37:00,5.83,5.83,5.825,5.8299,15
2025-12-26 13:38:00,5.83,5.83,5.82,5.82,26
2025-12-26 13:39:00,5.825,5.825,5.82,5.82,2
2025-12-26 13:40:00,5.825,5.825,5.825,5.825,2
2025-12-26 13:41:00,5.82,5.82,5.82,5.82,1
2025-12-26 13:42:00,5.825,5.825,5.825,5.825,1
2025-12-26 13:43:00,5.825,5.8256,5.82,5.8256,13
2025-12-26 13:44:00,5.825,5.825,5.825,5.825,6
2025-12-26 13:45:00,5.825,5.825,5.82,5.82,4
2025-12-26 13:46:00,5.825,5.825,5.825,5.825,1
2025-12-26 13:47:00,5.825,5.825,5.82,5.82,2
2025-12-26 13:48:00,5.825,5.83,5.825,5.83,3
2025-12-26 13:49:00,5.825,5.835,5.825,5.835,98
2025-12-26 13:50:00,5.835,5.835,5.835,5.835,1
2025-12-26 13:51:00,5.83,5.83,5.825,5.825,31
2025-12-26 13:52:00,5.825,5.825,5.825,5.825,28
2025-12-26 13:53:00,5.825,5.825,5.825,5.825,10
2025-12-26 13:54:00,5.825,5.825,5.825,5.825,1
2025-12-26 13:55:00,5.825,5.8259,5.825,5.8259,59
2025-12-26 13:56:00,5.825,5.825,5.825,5.825,2
2025-12-26 13:57:00,5.825,5.825,5.825,5.825,0
2025-12-26 13:58:00,5.825,5.8288,5.82,5.825,68
2025-12-26 13:59:00,5.825,5.825,5.825,5.825,11
2025-12-26 14:00:00,5.825,5.825,5.81,5.81,90
2025-12-26 14:01:00,5.8,5.8,5.8,5.8,1
2025-12-26 14:02:00,5.805,5.8056,5.805,5.8056,20
2025-12-26 14:03:00,5.805,5.8062,5.8,5.8062,24
2025-12-26 14:04:00,5.8,5.8099,5.8,5.8099,4
2025-12-26 14:05:00,5.8,5.805,5.8,5.8,9
2025-12-26 14:06:00,5.8051,5.8051,5.8,5.8026,5
2025-12-26 14:07:00,5.8026,5.8026,5.8026,5.8026,0
2025-12-26 14:08:00,5.8,5.805,5.8,5.805,10
2025-12-26 14:09:00,5.8,5.8099,5.8,5.805,12
2025-12-26 14:10:00,5.8,5.805,5.8,5.805,14
2025-12-26 14:11:00,5.805,5.805,5.805,5.805,20
2025-12-26 14:12:00,5.805,5.81,5.8,5.8051,63
2025-12-26 14:13:00,5.805,5.81,5.805,5.805,18
2025-12-26 14:14:00,5.805,5.805,5.8,5.805,4
2025-12-26 14:15:00,5.805,5.805,5.805,5.805,7
2025-12-26 14:16:00,5.805,5.805,5.805,5.805,4
2025-12-26 14:17:00,5.8,5.81,5.8,5.805,23
2025-12-26 14:18:00,5.805,5.805,5.805,5.805,1
2025-12-26 14:19:00,5.8,5.81,5.8,5.805,5
2025-12-26 14:20:00,5.805,5.805,5.805,5.805,54
2025-12-26 14:21:00,5.8,5.805,5.8,5.805,2
2025-12-26 14:22:00,5.8,5.805,5.8,5.805,10
2025-12-26 14:23:00,5.8,5.81,5.79,5.79,553
2025-12-26 14:24:00,5.79,5.79,5.78,5.785,100
2025-12-26 14:25:00,5.78,5.78,5.775,5.775,24
2025-12-26 14:26:00,5.775,5.775,5.76,5.764,56
2025-12-26 14:27:00,5.765,5.765,5.765,5.765,12
2025-12-26 14:28:00,5.765,5.765,5.765,5.765,2
2025-12-26 14:29:00,5.77,5.77,5.7649,5.769,9
2025-12-26 14:30:00,5.76,5.7699,5.76,5.7699,14
2025-12-26 14:31:00,5.76,5.765,5.76,5.765,6
2025-12-26 14:32:00,5.7656,5.77,5.765,5.77,80
2025-12-26 14:33:00,5.765,5.7689,5.765,5.765,22
2025-12-26 14:34:00,5.76,5.76,5.76,5.76,1
2025-12-26 14:35:00,5.765,5.77,5.765,5.765,10
2025-12-26 14:36:00,5.765,5.765,5.76,5.765,3
2025-12-26 14:37:00,5.77,5.77,5.765,5.765,9
2025-12-26 14:38:00,5.764,5.765,5.76,5.76,9
2025-12-26 14:39:00,5.765,5.765,5.765,5.765,1
2025-12-26 14:40:00,5.765,5.77,5.765,5.765,18
2025-12-26 14:41:00,5.76,5.765,5.76,5.765,13
2025-12-26 14:42:00,5.76,5.76,5.76,5.76,6
2025-12-26 14:43:00,5.765,5.765,5.76,5.765,3
2025-12-26 14:44:00,5.76,5.765,5.76,5.765,14
2025-12-26 14:45:00,5.76,5.765,5.76,5.765,3
2025-12-26 14:46:00,5.765,5.765,5.765,5.765,6
2025-12-26 14:47:00,5.76,5.76,5.76,5.76,3
2025-12-26 14:48:00,5.765,5.765,5.765,5.765,2
2025-12-26 14:49:00,5.76,5.76,5.76,5.76,1
2025-12-26 14:50:00,5.765,5.765,5.765,5.765,2
2025-12-26 14:51:00,5.76,5.76,5.755,5.755,59
2025-12-26 14:52:00,5.75,5.75,5.75,5.75,13
2025-12-26 14:53:00,5.75,5.755,5.75,5.755,2
2025-12-26 14:54:00,5.75,5.75,5.745,5.75,251
2025-12-26 14:55:00,5.745,5.745,5.745,5.745,2
2025-12-26 14:56:00,5.745,5.75,5.745,5.75,65
2025-12-26 14:57:00,5.745,5.755,5.745,5.755,68
2025-12-26 14:58:00,5.755,5.76,5.755,5.755,21
2025-12-26 14:59:00,5.755,5.765,5.75,5.755,156
2025-12-26 15:00:00,5.75,5.75,5.7429,5.745,80
2025-12-26 15:01:00,5.745,5.745,5.745,5.745,7
2025-12-26 15:02:00,5.745,5.75,5.745,5.7483,67
2025-12-26 15:03:00,5.745,5.76,5.745,5.755,109
2025-12-26 15:04:00,5.755,5.76,5.755,5.76,5
2025-12-26 15:05:00,5.75,5.76,5.75,5.755,28
2025-12-26 15:06:00,5.76,5.76,5.755,5.755,2
2025-12-26 15:07:00,5.75,5.755,5.73,5.75,306
2025-12-26 15:08:00,5.735,5.735,5.735,5.735,21
2025-12-26 15:09:00,5.735,5.74,5.735,5.74,17
2025-12-26 15:10:00,5.7387,5.74,5.735,5.735,150
2025-12-26 15:11:00,5.75,5.75,5.745,5.745,16
2025-12-26 15:12:00,5.75,5.75,5.745,5.745,13
2025-12-26 15:13:00,5.745,5.75,5.74,5.75,207
2025-12-26 15:14:00,5.7486,5.7486,5.745,5.745,3
2025-12-26 15:15:00,5.745,5.75,5.745,5.75,5
2025-12-26 15:16:00,5.745,5.75,5.745,5.745,11
2025-12-26 15:17:00,5.748,5.75,5.745,5.75,57
2025-12-26 15:18:00,5.745,5.76,5.745,5.76,94
2025-12-26 15:19:00,5.755,5.76,5.755,5.755,13
2025-12-26 15:20:00,5.7565,5.7565,5.755,5.755,9
2025-12-26 15:21:00,5.76,5.76,5.76,5.76,1
2025-12-26 15:22:00,5.76,5.76,5.76,5.76,0
2025-12-26 15:23:00,5.76,5.76,5.76,5.76,0
2025-12-26 15:24:00,5.755,5.755,5.755,5.755,9
2025-12-26 15:25:00,5.754,5.76,5.75,5.75,8
2025-12-26 15:26:00,5.755,5.755,5.755,5.755,1
2025-12-26 15:27:00,5.75,5.755,5.75,5.75,3
2025-12-26 15:28:00,5.75,5.76,5.75,5.755,6
2025-12-26 15:29:00,5.755,5.755,5.75,5.755,10
2025-12-26 15:30:00,5.755,5.7599,5.75,5.7599,5
2025-12-26 15:31:00,5.75,5.755,5.745,5.745,66
2025-12-26 15:32:00,5.745,5.745,5.74,5.745,26
2025-12-26 15:33:00,5.745,5.745,5.745,5.745,4
2025-12-26 15:34:00,5.745,5.755,5.745,5.755,146
2025-12-26 15:35:00,5.755,5.755,5.755,5.755,0
2025-12-26 15:36:00,5.755,5.755,5.755,5.755,0
2025-12-26 15:37:00,5.755,5.755,5.755,5.755,14
2025-12-26 15:38:00,5.755,5.755,5.75,5.755,93
2025-12-26 15:39:00,5.7586,5.76,5.755,5.76,177
2025-12-26 15:40:00,5.765,5.77,5.76,5.76,3
2025-12-26 15:41:00,5.77,5.77,5.765,5.765,3
2025-12-26 15:42:00,5.77,5.77,5.77,5.77,3
2025-12-26 15:43:00,5.765,5.77,5.765,5.77,15
2025-12-26 15:44:00,5.765,5.77,5.76,5.77,13
2025-12-26 15:45:00,5.77,5.775,5.77,5.775,132
2025-12-26 15:46:00,5.775,5.775,5.775,5.775,1
2025-12-26 15:47:00,5.775,5.775,5.77,5.77,61
2025-12-26 15:48:00,5.77,5.77,5.765,5.765,37
2025-12-26 15:49:00,5.765,5.765,5.76,5.76,20
2025-12-26 15:50:00,5.77,5.78,5.76,5.765,264
2025-12-26 15:51:00,5.7644,5.77,5.7644,5.77,77
2025-12-26 15:52:00,5.77,5.77,5.755,5.755,170
2025-12-26 15:53:00,5.755,5.76,5.755,5.755,44
2025-12-26 15:54:00,5.755,5.76,5.755,5.755,25
2025-12-26 15:55:00,5.7585,5.76,5.75,5.75,386
2025-12-26 15:56:00,5.75,5.76,5.745,5.745,339
2025-12-26 15:57:00,5.745,5.745,5.74,5.74,64
2025-12-26 15:58:00,5.74,5.745,5.73,5.73,421
2025-12-26 15:59:00,5.73,5.74,5.73,5.735,635
2025-12-29 09:30:00,5.75,5.755,5.731,5.74,248
2025-12-29 09:31:00,5.7498,5.76,5.7498,5.76,19
2025-12-29 09:32:00,5.75,5.7501,5.71,5.741,438
2025-12-29 09:33:00,5.75,5.75,5.7065,5.7065,17
2025-12-29 09:34:00,5.73,5.73,5.715,5.715,5
2025-12-29 09:35:00,5.72,5.72,5.7001,5.716,193
2025-12-29 09:36:00,5.72,5.741,5.72,5.741,175
2025-12-29 09:37:00,5.75,5.76,5.75,5.76,45
2025-12-29 09:38:00,5.755,5.756,5.755,5.755,14
2025-12-29 09:39:00,5.75,5.775,5.75,5.76,23
2025-12-29 09:40:00,5.77,5.77,5.76,5.76,9
2025-12-29 09:41:00,5.75,5.75,5.74,5.75,16
2025-12-29 09:42:00,5.74,5.74,5.725,5.735,375
2025-12-29 09:43:00,5.74,5.74,5.72,5.72,16
2025-12-29 09:44:00,5.72,5.72,5.72,5.72,1
2025-12-29 09:45:00,5.72,5.74,5.72,5.74,11
2025-12-29 09:46:00,5.72,5.73,5.72,5.73,3
2025-12-29 09:47:00,5.74,5.74,5.7249,5.735,18
2025-12-29 09:48:00,5.73,5.74,5.73,5.735,16
2025-12-29 09:49:00,5.735,5.735,5.725,5.725,46
2025-12-29 09:50:00,5.73,5.73,5.7212,5.7212,22
2025-12-29 09:51:00,5.725,5.73,5.7234,5.73,12
2025-12-29 09:52:00,5.74,5.74,5.74,5.74,1
2025-12-29 09:53:00,5.735,5.735,5.735,5.735,7
2025-12-29 09:54:00,5.74,5.755,5.74,5.75,99
2025-12-29 09:55:00,5.76,5.76,5.73,5.745,55
2025-12-29 09:56:00,5.74,5.75,5.74,5.75,27
2025-12-29 09:57:00,5.76,5.76,5.76,5.76,2
2025-12-29 09:58:00,5.76,5.76,5.76,5.76,0
2025-12-29 09:59:00,5.76,5.76,5.75,5.755,16
2025-12-29 10:00:00,5.755,5.7592,5.7534,5.7534,13
2025-12-29 10:01:00,5.755,5.755,5.74,5.74,71
2025-12-29 10:02:00,5.73,5.73,5.73,5.73,6
2025-12-29 10:03:00,5.73,5.73,5.725,5.7275,30
2025-12-29 10:04:00,5.725,5.73,5.71,5.725,85
2025-12-29 10:05:00,5.72,5.7287,5.72,5.725,17
2025-12-29 10:06:00,5.725,5.73,5.725,5.725,15
2025-12-29 10:07:00,5.73,5.73,5.725,5.73,13
2025-12-29 10:08:00,5.725,5.735,5.725,5.735,11
2025-12-29 10:09:00,5.735,5.735,5.735,5.735,3
2025-12-29 10:10:00,5.735,5.74,5.72,5.73,193
2025-12-29 10:11:00,5.72,5.72,5.715,5.7156,59
2025-12-29 10:12:00,5.71,5.71,5.71,5.71,1
2025-12-29 10:13:00,5.72,5.72,5.72,5.72,1
2025-12-29 10:14:00,5.72,5.72,5.715,5.715,2
2025-12-29 10:15:00,5.72,5.72,5.72,5.72,1
2025-12-29 10:16:00,5.72,5.72,5.715,5.715,14
2025-12-29 10:17:00,5.71,5.71,5.71,5.71,3
2025-12-29 10:18:00,5.71,5.715,5.705,5.705,33
2025-12-29 10:19:00,5.705,5.705,5.705,5.705,0
2025-12-29 10:20:00,5.71,5.71,5.7018,5.705,14
2025-12-29 10:21:00,5.705,5.705,5.705,5.705,3
2025-12-29 10:22:00,5.705,5.71,5.705,5.71,19
2025-12-29 10:23:00,5.71,5.715,5.71,5.715,6
2025-12-29 10:24:00,5.715,5.715,5.715,5.715,2
2025-12-29 10:25:00,5.715,5.715,5.715,5.715,2
2025-12-29 10:26:00,5.71,5.71,5.705,5.705,8
2025-12-29 10:27:00,5.7025,5.7025,5.7,5.7,31
2025-12-29 10:28:00,5.705,5.7099,5.705,5.705,7
2025-12-29 10:29:00,5.705,5.705,5.705,5.705,0
2025-12-29 10:30:00,5.705,5.705,5.705,5.705,0
2025-12-29 10:31:00,5.705,5.705,5.705,5.705,4
2025-12-29 10:32:00,5.705,5.705,5.705,5.705,6
2025-12-29 10:33:00,5.71,5.71,5.71,5.71,10
2025-12-29 10:34:00,5.71,5.71,5.71,5.71,0
2025-12-29 10:35:00,5.715,5.715,5.715,5.715,4
2025-12-29 10:36:00,5.71,5.72,5.71,5.72,139
2025-12-29 10:37:00,5.72,5.72,5.71,5.71,26
2025-12-29 10:38:00,5.71,5.715,5.705,5.715,93
2025-12-29 10:39:00,5.715,5.715,5.71,5.71,7
2025-12-29 10:40:00,5.71,5.71,5.71,5.71,0
2025-12-29 10:41:00,5.71,5.71,5.71,5.71,0
2025-12-29 10:42:00,5.7165,5.72,5.71,5.7101,45
2025-12-29 10:43:00,5.715,5.72,5.7106,5.72,49
2025-12-29 10:44:00,5.715,5.7187,5.715,5.7187,3
2025-12-29 10:45:00,5.7187,5.7187,5.715,5.715,4
2025-12-29 10:46:00,5.72,5.73,5.72,5.73,4
2025-12-29 10:47:00,5.72,5.7256,5.72,5.7256,26
2025-12-29 10:48:00,5.73,5.73,5.725,5.725,10
2025-12-29 10:49:00,5.73,5.73,5.73,5.73,3
2025-12-29 10:50:00,5.73,5.73,5.73,5.73,0
2025-12-29 10:51:00,5.725,5.725,5.725,5.725,1
2025-12-29 10:52:00,5.725,5.725,5.725,5.725,1
2025-12-29 10:53:00,5.7287,5.7287,5.725,5.725,5
2025-12-29 10:54:00,5.73,5.7301,5.73,5.73,36
2025-12-29 10:55:00,5.725,5.725,5.725,5.725,2
2025-12-29 10:56:00,5.7299,5.7299,5.7299,5.7299,1
2025-12-29 10:57:00,5.7299,5.7299,5.7299,5.7299,0
2025-12-29 10:58:00,5.73,5.74,5.725,5.725,49
2025-12-29 10:59:00,5.725,5.725,5.725,5.725,0
2025-12-29 11:00:00,5.725,5.725,5.725,5.725,0
2025-12-29 11:01:00,5.72,5.72,5.7114,5.7114,17
2025-12-29 11:02:00,5.71,5.71,5.71,5.71,17
2025-12-29 11:03:00,5.705,5.7099,5.705,5.705,38
2025-12-29 11:04:00,5.7,5.7,5.7,5.7,3
2025-12-29 11:05:00,5.705,5.705,5.7006,5.7006,2
2025-12-29 11:06:00,5.71,5.71,5.705,5.705,2
2025-12-29 11:07:00,5.705,5.705,5.705,5.705,44
2025-12-29 11:08:00,5.705,5.715,5.705,5.715,59
2025-12-29 11:09:00,5.72,5.725,5.7196,5.725,79
2025-12-29 11:10:00,5.73,5.73,5.73,5.73,30
2025-12-29 11:11:00,5.73,5.73,5.72,5.725,75
2025-12-29 11:12:00,5.725,5.725,5.725,5.725,2
2025-12-29 11:13:00,5.73,5.73,5.73,5.73,9
2025-12-29 11:14:00,5.73,5.73,5.73,5.73,1
2025-12-29 11:15:00,5.725,5.725,5.725,5.725,5
2025-12-29 11:16:00,5.72,5.725,5.72,5.72,58
2025-12-29 11:17:00,5.72,5.72,5.71,5.71,33
2025-12-29 11:18:00,5.71,5.71,5.71,5.71,0
2025-12-29 11:19:00,5.715,5.715,5.71,5.715,45
2025-12-29 11:20:00,5.72,5.72,5.71,5.71,2
2025-12-29 11:21:00,5.71,5.71,5.71,5.71,0
2025-12-29 11:22:00,5.715,5.715,5.715,5.715,1
2025-12-29 11:23:00,5.715,5.715,5.715,5.715,0
2025-12-29 11:24:00,5.7193,5.7193,5.7193,5.7193,10
2025-12-29 11:25:00,5.7193,5.7193,5.7193,5.7193,0
2025-12-29 11:26:00,5.715,5.715,5.715,5.715,10
2025-12-29 11:27:00,5.715,5.715,5.715,5.715,0
2025-12-29 11:28:00,5.715,5.715,5.715,5.715,0
2025-12-29 11:29:00,5.715,5.715,5.715,5.715,1
2025-12-29 11:30:00,5.715,5.715,5.715,5.715,0
2025-12-29 11:31:00,5.715,5.715,5.715,5.715,0
2025-12-29 11:32:00,5.7185,5.72,5.7185,5.72,16
2025-12-29 11:33:00,5.72,5.72,5.72,5.72,0
2025-12-29 11:34:00,5.725,5.73,5.725,5.73,2
2025-12-29 11:35:00,5.73,5.73,5.73,5.73,0
2025-12-29 11:36:00,5.73,5.73,5.73,5.73,0
2025-12-29 11:37:00,5.725,5.725,5.72,5.72,15
2025-12-29 11:38:00,5.72,5.72,5.72,5.72,14
2025-12-29 11:39:00,5.72,5.72,5.7149,5.72,29
2025-12-29 11:40:00,5.72,5.72,5.72,5.72,0
2025-12-29 11:41:00,5.7159,5.7172,5.7159,5.7172,37
2025-12-29 11:42:00,5.7196,5.72,5.7196,5.72,75
2025-12-29 11:43:00,5.725,5.73,5.725,5.73,4
2025-12-29 11:44:00,5.73,5.73,5.73,5.73,0
2025-12-29 11:45:00,5.725,5.725,5.725,5.725,3
2025-12-29 11:46:00,5.73,5.735,5.73,5.735,20
2025-12-29 11:47:00,5.735,5.735,5.73,5.73,49
2025-12-29 11:48:00,5.73,5.73,5.73,5.73,0
2025-12-29 11:49:00,5.72,5.72,5.72,5.72,11
2025-12-29 11:50:00,5.7288,5.7288,5.72,5.72,2
2025-12-29 11:51:00,5.72,5.72,5.72,5.72,0
2025-12-29 11:52:00,5.72,5.72,5.72,5.72,0
2025-12-29 11:53:00,5.725,5.725,5.725,5.725,2
2025-12-29 11:54:00,5.72,5.725,5.72,5.725,57
2025-12-29 11:55:00,5.73,5.73,5.73,5.73,1
2025-12-29 11:56:00,5.721,5.721,5.721,5.721,7
2025-12-29 11:57:00,5.725,5.725,5.725,5.725,6
2025-12-29 11:58:00,5.72,5.725,5.72,5.725,4
2025-12-29 11:59:00,5.725,5.725,5.725,5.725,1
2025-12-29 12:00:00,5.725,5.725,5.725,5.725,0
2025-12-29 12:01:00,5.725,5.725,5.725,5.725,0
2025-12-29 12:02:00,5.725,5.725,5.725,5.725,0
2025-12-29 12:03:00,5.725,5.725,5.725,5.725,0
2025-12-29 12:04:00,5.72,5.725,5.72,5.72,22
2025-12-29 12:05:00,5.72,5.72,5.7186,5.7186,19
2025-12-29 12:06:00,5.7186,5.7186,5.7186,5.7186,0
2025-12-29 12:07:00,5.71,5.71,5.705,5.705,55
2025-12-29 12:08:00,5.705,5.705,5.705,5.705,0
2025-12-29 12:09:00,5.705,5.705,5.7,5.7,2
2025-12-29 12:10:00,5.7,5.7,5.69,5.69,320
2025-12-29 12:11:00,5.69,5.75,5.69,5.735,296
2025-12-29 12:12:00,5.735,5.77,5.735,5.7599,675
2025-12-29 12:13:00,5.76,5.785,5.755,5.7799,299
2025-12-29 12:14:00,5.775,5.78,5.77,5.77,20
2025-12-29 12:15:00,5.775,5.775,5.77,5.775,27
2025-12-29 12:16:00,5.77,5.77,5.77,5.77,2
2025-12-29 12:17:00,5.77,5.775,5.76,5.76,22
2025-12-29 12:18:00,5.76,5.76,5.76,5.76,2
2025-12-29 12:19:00,5.76,5.765,5.76,5.76,7
2025-12-29 12:20:00,5.765,5.765,5.74,5.745,44
2025-12-29 12:21:00,5.745,5.745,5.74,5.74,5
2025-12-29 12:22:00,5.74,5.74,5.735,5.735,61
2025-12-29 12:23:00,5.735,5.74,5.735,5.735,6
2025-12-29 12:24:00,5.735,5.735,5.73,5.73,3
2025-12-29 12:25:00,5.735,5.735,5.73,5.73,14
2025-12-29 12:26:00,5.73,5.735,5.73,5.73,3
2025-12-29 12:27:00,5.73,5.735,5.73,5.735,2
2025-12-29 12:28:00,5.735,5.735,5.735,5.735,1
2025-12-29 12:29:00,5.73,5.73,5.72,5.725,21
2025-12-29 12:30:00,5.725,5.735,5.725,5.725,121
2025-12-29 12:31:00,5.725,5.725,5.725,5.725,2
2025-12-29 12:32:00,5.725,5.73,5.725,5.73,2
2025-12-29 12:33:00,5.725,5.735,5.725,5.735,41
2025-12-29 12:34:00,5.735,5.7351,5.735,5.735,9
2025-12-29 12:35:00,5.735,5.735,5.73,5.73,5
2025-12-29 12:36:00,5.73,5.7412,5.73,5.735,141
2025-12-29 12:37:00,5.735,5.735,5.73,5.73,7
2025-12-29 12:38:00,5.735,5.745,5.73,5.745,338
2025-12-29 12:39:00,5.745,5.75,5.745,5.745,146
2025-12-29 12:40:00,5.745,5.7498,5.74,5.7498,12
2025-12-29 12:41:00,5.74,5.74,5.735,5.74,15
2025-12-29 12:42:00,5.735,5.74,5.735,5.735,5
2025-12-29 12:43:00,5.735,5.75,5.735,5.745,80
2025-12-29 12:44:00,5.745,5.75,5.745,5.745,4
2025-12-29 12:45:00,5.75,5.75,5.745,5.75,4
2025-12-29 12:46:00,5.745,5.745,5.745,5.745,3
2025-12-29 12:47:00,5.75,5.755,5.745,5.755,88
2025-12-29 12:48:00,5.7501,5.7501,5.7501,5.7501,1
2025-12-29 12:49:00,5.75,5.75,5.745,5.745,43
2025-12-29 12:50:00,5.745,5.755,5.745,5.755,29
2025-12-29 12:51:00,5.755,5.755,5.755,5.755,1
2025-12-29 12:52:00,5.755,5.755,5.755,5.755,2
2025-12-29 12:53:00,5.755,5.755,5.755,5.755,2
2025-12-29 12:54:00,5.755,5.755,5.755,5.755,5
2025-12-29 12:55:00,5.755,5.76,5.755,5.76,83
2025-12-29 12:56:00,5.755,5.755,5.755,5.755,7
2025-12-29 12:57:00,5.755,5.755,5.755,5.755,1
2025-12-29 12:58:00,5.76,5.765,5.76,5.76,37
2025-12-29 12:59:00,5.755,5.755,5.755,5.755,4
2025-12-29 13:00:00,5.755,5.755,5.755,5.755,0
2025-12-29 13:01:00,5.75,5.75,5.74,5.74,35
2025-12-29 13:02:00,5.74,5.74,5.74,5.74,3
2025-12-29 13:03:00,5.74,5.7455,5.74,5.74,18
2025-12-29 13:04:00,5.745,5.745,5.73,5.735,288
2025-12-29 13:05:00,5.735,5.735,5.735,5.735,4
2025-12-29 13:06:00,5.735,5.735,5.735,5.735,0
2025-12-29 13:07:00,5.735,5.735,5.735,5.735,6
2025-12-29 13:08:00,5.735,5.735,5.735,5.735,3
2025-12-29 13:09:00,5.74,5.745,5.74,5.745,19
2025-12-29 13:10:00,5.74,5.745,5.74,5.745,5
2025-12-29 13:11:00,5.745,5.745,5.74,5.74,5
2025-12-29 13:12:00,5.74,5.74,5.74,5.74,0
2025-12-29 13:13:00,5.745,5.745,5.745,5.745,3
2025-12-29 13:14:00,5.74,5.74,5.74,5.74,1
2025-12-29 13:15:00,5.74,5.75,5.74,5.745,84
2025-12-29 13:16:00,5.75,5.76,5.75,5.76,20
2025-12-29 13:17:00,5.755,5.76,5.755,5.755,21
2025-12-29 13:18:00,5.755,5.76,5.755,5.755,5
2025-12-29 13:19:00,5.755,5.7599,5.755,5.7599,3
2025-12-29 13:20:00,5.755,5.76,5.755,5.7581,5
2025-12-29 13:21:00,5.755,5.755,5.7548,5.755,11
2025-12-29 13:22:00,5.755,5.755,5.755,5.755,3
2025-12-29 13:23:00,5.755,5.755,5.755,5.755,2
2025-12-29 13:24:00,5.755,5.76,5.755,5.755,4
2025-12-29 13:25:00,5.755,5.76,5.755,5.76,33
2025-12-29 13:26:00,5.76,5.76,5.755,5.755,4
2025-12-29 13:27:00,5.755,5.755,5.755,5.755,2
2025-12-29 13:28:00,5.755,5.755,5.755,5.755,13
2025-12-29 13:29:00,5.75,5.755,5.75,5.755,10
2025-12-29 13:30:00,5.755,5.755,5.755,5.755,4
2025-12-29 13:31:00,5.755,5.775,5.755,5.775,195
2025-12-29 13:32:00,5.775,5.775,5.775,5.775,2
2025-12-29 13:33:00,5.775,5.78,5.775,5.775,3
2025-12-29 13:34:00,5.775,5.785,5.775,5.785,19
2025-12-29 13:35:00,5.785,5.785,5.78,5.78,18
2025-12-29 13:36:00,5.78,5.785,5.78,5.785,4
2025-12-29 13:37:00,5.78,5.785,5.78,5.785,5
2025-12-29 13:38:00,5.78,5.78,5.775,5.775,53
2025-12-29 13:39:00,5.775,5.775,5.775,5.775,3
2025-12-29 13:40:00,5.775,5.775,5.775,5.775,0
2025-12-29 13:41:00,5.77,5.77,5.765,5.765,50
2025-12-29 13:42:00,5.765,5.765,5.765,5.765,3
2025-12-29 13:43:00,5.765,5.77,5.765,5.77,4
2025-12-29 13:44:00,5.765,5.765,5.765,5.765,3
2025-12-29 13:45:00,5.765,5.775,5.765,5.775,21
2025-12-29 13:46:00,5.77,5.77,5.77,5.77,1
2025-12-29 13:47:00,5.7784,5.7784,5.765,5.765,27
2025-12-29 13:48:00,5.765,5.765,5.765,5.765,6
2025-12-29 13:49:00,5.765,5.765,5.765,5.765,2
2025-12-29 13:50:00,5.765,5.765,5.765,5.765,3
2025-12-29 13:51:00,5.765,5.765,5.765,5.765,2
2025-12-29 13:52:00,5.765,5.765,5.765,5.765,0
2025-12-29 13:53:00,5.765,5.765,5.76,5.76,3
2025-12-29 13:54:00,5.76,5.765,5.76,5.765,4
2025-12-29 13:55:00,5.765,5.765,5.765,5.765,2
2025-12-29 13:56:00,5.765,5.765,5.76,5.76,11
2025-12-29 13:57:00,5.76,5.762,5.76,5.762,2
2025-12-29 13:58:00,5.762,5.762,5.762,5.762,0
2025-12-29 13:59:00,5.762,5.762,5.762,5.762,0
2025-12-29 14:00:00,5.76,5.76,5.76,5.76,1
2025-12-29 14:01:00,5.76,5.76,5.76,5.76,0
2025-12-29 14:02:00,5.76,5.76,5.7549,5.755,51
2025-12-29 14:03:00,5.755,5.755,5.755,5.755,2
2025-12-29 14:04:00,5.755,5.755,5.755,5.755,0
2025-12-29 14:05:00,5.76,5.765,5.76,5.765,31
2025-12-29 14:06:00,5.76,5.765,5.76,5.765,20
2025-12-29 14:07:00,5.765,5.765,5.765,5.765,0
2025-12-29 14:08:00,5.765,5.765,5.765,5.765,0
2025-12-29 14:09:00,5.76,5.762,5.76,5.762,16
2025-12-29 14:10:00,5.765,5.77,5.765,5.77,2
2025-12-29 14:11:00,5.76,5.76,5.755,5.7551,72
2025-12-29 14:12:00,5.755,5.755,5.755,5.755,8
2025-12-29 14:13:00,5.75,5.756,5.75,5.756,9
2025-12-29 14:14:00,5.755,5.756,5.755,5.756,14
2025-12-29 14:15:00,5.755,5.755,5.755,5.755,8
2025-12-29 14:16:00,5.75,5.75,5.75,5.75,6
2025-12-29 14:17:00,5.7582,5.7582,5.7582,5.7582,1
2025-12-29 14:18:00,5.7582,5.7582,5.7582,5.7582,0
2025-12-29 14:19:00,5.7567,5.7567,5.7567,5.7567,8
2025-12-29 14:20:00,5.755,5.755,5.755,5.755,4
2025-12-29 14:21:00,5.755,5.76,5.755,5.76,6
2025-12-29 14:22:00,5.76,5.76,5.76,5.76,4
2025-12-29 14:23:00,5.76,5.76,5.755,5.755,10
2025-12-29 14:24:00,5.755,5.755,5.755,5.755,10
2025-12-29 14:25:00,5.755,5.755,5.755,5.755,2
2025-12-29 14:26:00,5.755,5.755,5.755,5.755,1
2025-12-29 14:27:00,5.755,5.755,5.755,5.755,2
2025-12-29 14:28:00,5.755,5.755,5.755,5.755,1
2025-12-29 14:29:00,5.75,5.75,5.73,5.735,155
2025-12-29 14:30:00,5.735,5.7356,5.73,5.73,36
2025-12-29 14:31:00,5.73,5.73,5.73,5.73,2
2025-12-29 14:32:00,5.73,5.73,5.73,5.73,0
2025-12-29 14:33:00,5.735,5.735,5.735,5.735,1
2025-12-29 14:34:00,5.735,5.735,5.735,5.735,0
2025-12-29 14:35:00,5.735,5.735,5.735,5.735,0
2025-12-29 14:36:00,5.7315,5.735,5.725,5.725,28
2025-12-29 14:37:00,5.725,5.725,5.725,5.725,0
2025-12-29 14:38:00,5.725,5.725,5.725,5.725,0
2025-12-29 14:39:00,5.725,5.725,5.725,5.725,0
2025-12-29 14:40:00,5.725,5.725,5.725,5.725,0
2025-12-29 14:41:00,5.72,5.72,5.72,5.72,12
2025-12-29 14:42:00,5.72,5.72,5.72,5.72,1
2025-12-29 14:43:00,5.72,5.72,5.72,5.72,0
2025-12-29 14:44:00,5.72,5.72,5.72,5.72,0
2025-12-29 14:45:00,5.7285,5.7285,5.7285,5.7285,1
2025-12-29 14:46:00,5.7217,5.7217,5.7217,5.7217,15
2025-12-29 14:47:00,5.7217,5.7217,5.7217,5.7217,0
2025-12-29 14:48:00,5.72,5.725,5.72,5.7217,8
2025-12-29 14:49:00,5.72,5.72,5.715,5.715,55
2025-12-29 14:50:00,5.72,5.72,5.72,5.72,27
2025-12-29 14:51:00,5.72,5.72,5.72,5.72,0
2025-12-29 14:52:00,5.7118,5.715,5.7118,5.715,8
2025-12-29 14:53:00,5.715,5.715,5.715,5.715,9
2025-12-29 14:54:00,5.715,5.715,5.71,5.715,22
2025-12-29 14:55:00,5.715,5.715,5.715,5.715,0
2025-12-29 14:56:00,5.715,5.715,5.715,5.715,0
2025-12-29 14:57:00,5.715,5.715,5.71,5.71,3
2025-12-29 14:58:00,5.71,5.71,5.71,5.71,3
2025-12-29 14:59:00,5.71,5.715,5.71,5.715,5
2025-12-29 15:00:00,5.71,5.715,5.71,5.715,15
2025-12-29 15:01:00,5.715,5.715,5.715,5.715,1
2025-12-29 15:02:00,5.715,5.715,5.715,5.715,8
2025-12-29 15:03:00,5.7102,5.7102,5.7102,5.7102,1
2025-12-29 15:04:00,5.715,5.715,5.705,5.705,130
2025-12-29 15:05:00,5.705,5.7069,5.705,5.705,67
2025-12-29 15:06:00,5.705,5.705,5.705,5.705,0
2025-12-29 15:07:00,5.705,5.71,5.705,5.71,18
2025-12-29 15:08:00,5.71,5.715,5.71,5.715,88
2025-12-29 15:09:00,5.715,5.715,5.715,5.715,24
2025-12-29 15:10:00,5.715,5.715,5.715,5.715,1
2025-12-29 15:11:00,5.715,5.715,5.715,5.715,1
2025-12-29 15:12:00,5.715,5.715,5.715,5.715,0
2025-12-29 15:13:00,5.715,5.715,5.715,5.715,3
2025-12-29 15:14:00,5.715,5.715,5.715,5.715,7
2025-12-29 15:15:00,5.7117,5.715,5.7117,5.715,15
2025-12-29 15:16:00,5.72,5.7261,5.72,5.725,31
2025-12-29 15:17:00,5.725,5.725,5.725,5.725,27
2025-12-29 15:18:00,5.7235,5.725,5.7235,5.725,3
2025-12-29 15:19:00,5.72,5.72,5.71,5.715,132
2025-12-29 15:20:00,5.716,5.716,5.716,5.716,11
2025-12-29 15:21:00,5.715,5.715,5.7115,5.7115,30
2025-12-29 15:22:00,5.7164,5.7164,5.71,5.71,10
2025-12-29 15:23:00,5.715,5.73,5.715,5.73,141
2025-12-29 15:24:00,5.725,5.725,5.72,5.72,4
2025-12-29 15:25:00,5.72,5.72,5.72,5.72,3
2025-12-29 15:26:00,5.72,5.72,5.72,5.72,3
2025-12-29 15:27:00,5.72,5.72,5.72,5.72,3
2025-12-29 15:28:00,5.72,5.72,5.72,5.72,3
2025-12-29 15:29:00,5.72,5.72,5.72,5.72,2
2025-12-29 15:30:00,5.72,5.725,5.715,5.715,49
2025-12-29 15:31:00,5.71,5.71,5.705,5.705,29
2025-12-29 15:32:00,5.71,5.7198,5.71,5.7198,40
2025-12-29 15:33:00,5.7198,5.72,5.715,5.715,49
2025-12-29 15:34:00,5.715,5.72,5.71,5.715,23
2025-12-29 15:35:00,5.715,5.715,5.715,5.715,0
2025-12-29 15:36:00,5.72,5.72,5.72,5.72,1
2025-12-29 15:37:00,5.715,5.715,5.715,5.715,2
2025-12-29 15:38:00,5.715,5.715,5.715,5.715,3
2025-12-29 15:39:00,5.715,5.72,5.7101,5.7101,50
2025-12-29 15:40:00,5.715,5.715,5.705,5.7065,110
2025-12-29 15:41:00,5.7042,5.708,5.7042,5.7061,17
2025-12-29 15:42:00,5.705,5.705,5.7016,5.705,28
2025-12-29 15:43:00,5.7029,5.7052,5.7029,5.705,42
2025-12-29 15:44:00,5.705,5.705,5.7,5.7,88
2025-12-29 15:45:00,5.7,5.705,5.7,5.705,52
2025-12-29 15:46:00,5.705,5.705,5.7,5.705,26
2025-12-29 15:47:00,5.7069,5.715,5.7045,5.715,192
2025-12-29 15:48:00,5.715,5.715,5.7101,5.715,46
2025-12-29 15:49:00,5.71,5.715,5.71,5.715,8
2025-12-29 15:50:00,5.72,5.73,5.717,5.725,247
2025-12-29 15:51:00,5.725,5.725,5.72,5.7231,159
2025-12-29 15:52:00,5.725,5.725,5.72,5.725,42
2025-12-29 15:53:00,5.725,5.725,5.725,5.725,3
2025-12-29 15:54:00,5.725,5.735,5.725,5.73,228
2025-12-29 15:55:00,5.74,5.76,5.74,5.76,172
2025-12-29 15:56:00,5.755,5.76,5.755,5.755,67
2025-12-29 15:57:00,5.755,5.76,5.7518,5.755,125
2025-12-29 15:58:00,5.755,5.77,5.755,5.77,381
2025-12-29 15:59:00,5.77,5.78,5.76,5.78,969
2025-12-30 09:30:00,5.82,5.9,5.82,5.89,584
2025-12-30 09:31:00,5.895,5.91,5.88,5.905,213
2025-12-30 09:32:00,5.905,5.91,5.905,5.905,8
2025-12-30 09:33:00,5.9088,5.94,5.905,5.94,218
2025-12-30 09:34:00,5.95,5.99,5.95,5.99,272
2025-12-30 09:35:00,5.97,5.99,5.96,5.96,219
2025-12-30 09:36:00,5.95,5.95,5.94,5.9401,38
2025-12-30 09:37:00,5.941,5.941,5.916,5.916,19
2025-12-30 09:38:00,5.91,5.936,5.91,5.935,22
2025-12-30 09:39:00,5.935,5.935,5.91,5.91,21
2025-12-30 09:40:00,5.91,5.92,5.91,5.92,33
2025-12-30 09:41:00,5.92,5.92,5.8854,5.895,109
2025-12-30 09:42:00,5.895,5.9,5.89,5.9,33
2025-12-30 09:43:00,5.905,5.92,5.905,5.92,15
2025-12-30 09:44:00,5.915,5.92,5.915,5.92,14
2025-12-30 09:45:00,5.92,5.93,5.92,5.93,6
2025-12-30 09:46:00,5.93,5.93,5.9,5.91,29
2025-12-30 09:47:00,5.92,5.92,5.9,5.91,84
2025-12-30 09:48:00,5.91,5.91,5.9,5.91,6
2025-12-30 09:49:00,5.91,5.91,5.9,5.91,7
2025-12-30 09:50:00,5.91,5.91,5.9,5.9,3
2025-12-30 09:51:00,5.9,5.9,5.89,5.895,45
2025-12-30 09:52:00,5.9,5.92,5.9,5.91,62
2025-12-30 09:53:00,5.905,5.905,5.905,5.905,7
2025-12-30 09:54:00,5.9,5.9,5.88,5.895,105
2025-12-30 09:55:00,5.895,5.896,5.895,5.895,56
2025-12-30 09:56:00,5.895,5.895,5.895,5.895,3
2025-12-30 09:57:00,5.895,5.895,5.89,5.895,4
2025-12-30 09:58:00,5.89,5.9,5.87,5.87,287
2025-12-30 09:59:00,5.881,5.881,5.86,5.86,27
2025-12-30 10:00:00,5.86,5.86,5.84,5.84,20
2025-12-30 10:01:00,5.85,5.85,5.85,5.85,1
2025-12-30 10:02:00,5.84,5.845,5.84,5.845,6
2025-12-30 10:03:00,5.84,5.84,5.835,5.835,17
2025-12-30 10:04:00,5.84,5.85,5.84,5.845,27
2025-12-30 10:05:00,5.845,5.845,5.845,5.845,0
2025-12-30 10:06:00,5.845,5.845,5.845,5.845,1
2025-12-30 10:07:00,5.845,5.85,5.845,5.85,5
2025-12-30 10:08:00,5.85,5.85,5.83,5.83,25
2025-12-30 10:09:00,5.835,5.84,5.835,5.84,37
2025-12-30 10:10:00,5.845,5.845,5.84,5.84,9
2025-12-30 10:11:00,5.845,5.845,5.84,5.84,25
2025-12-30 10:12:00,5.835,5.835,5.835,5.835,18
2025-12-30 10:13:00,5.835,5.835,5.835,5.835,1
2025-12-30 10:14:00,5.835,5.835,5.8345,5.835,60
2025-12-30 10:15:00,5.835,5.84,5.83,5.83,23
2025-12-30 10:16:00,5.84,5.84,5.825,5.825,451
2025-12-30 10:17:00,5.826,5.845,5.825,5.845,136
2025-12-30 10:18:00,5.8461,5.85,5.8461,5.85,23
2025-12-30 10:19:00,5.85,5.85,5.85,5.85,20
2025-12-30 10:20:00,5.85,5.855,5.85,5.855,72
2025-12-30 10:21:00,5.86,5.865,5.84,5.84,274
2025-12-30 10:22:00,5.845,5.845,5.83,5.83,94
2025-12-30 10:23:00,5.83,5.83,5.83,5.83,5
2025-12-30 10:24:00,5.83,5.835,5.83,5.835,16
2025-12-30 10:25:00,5.83,5.845,5.83,5.8445,32
2025-12-30 10:26:00,5.85,5.85,5.845,5.845,4
2025-12-30 10:27:00,5.85,5.85,5.815,5.815,57
2025-12-30 10:28:00,5.815,5.815,5.815,5.815,1
2025-12-30 10:29:00,5.815,5.815,5.81,5.81,4
2025-12-30 10:30:00,5.815,5.815,5.815,5.815,1
2025-12-30 10:31:00,5.815,5.815,5.81,5.81,11
2025-12-30 10:32:00,5.81,5.815,5.81,5.815,15
2025-12-30 10:33:00,5.815,5.82,5.815,5.82,3
2025-12-30 10:34:00,5.82,5.82,5.81,5.82,25
2025-12-30 10:35:00,5.81,5.82,5.81,5.81,23
2025-12-30 10:36:00,5.8,5.805,5.8,5.805,2
2025-12-30 10:37:00,5.8,5.8,5.8,5.8,1
2025-12-30 10:38:00,5.8,5.8,5.8,5.8,1
2025-12-30 10:39:00,5.8,5.8008,5.8,5.8008,2
2025-12-30 10:40:00,5.8,5.8,5.8,5.8,50
2025-12-30 10:41:00,5.79,5.7984,5.79,5.7984,8
2025-12-30 10:42:00,5.79,5.8,5.79,5.795,52
2025-12-30 10:43:00,5.795,5.795,5.795,5.795,1
2025-12-30 10:44:00,5.795,5.795,5.79,5.79,31
2025-12-30 10:45:00,5.79,5.795,5.79,5.795,17
2025-12-30 10:46:00,5.7947,5.795,5.7947,5.795,4
2025-12-30 10:47:00,5.795,5.795,5.795,5.795,2
2025-12-30 10:48:00,5.79,5.79,5.79,5.79,18
2025-12-30 10:49:00,5.79,5.79,5.79,5.79,0
2025-12-30 10:50:00,5.785,5.785,5.785,5.785,4
2025-12-30 10:51:00,5.785,5.785,5.785,5.785,0
2025-12-30 10:52:00,5.79,5.79,5.785,5.785,13
2025-12-30 10:53:00,5.785,5.785,5.785,5.785,1
2025-12-30 10:54:00,5.79,5.795,5.785,5.785,234
2025-12-30 10:55:00,5.785,5.785,5.785,5.785,17
2025-12-30 10:56:00,5.7855,5.7855,5.77,5.7701,274
2025-12-30 10:57:00,5.7701,5.7701,5.7701,5.7701,0
2025-12-30 10:58:00,5.765,5.765,5.765,5.765,7
2025-12-30 10:59:00,5.765,5.765,5.765,5.765,0
2025-12-30 11:00:00,5.765,5.785,5.76,5.785,145
2025-12-30 11:01:00,5.785,5.79,5.77,5.785,182
2025-12-30 11:02:00,5.785,5.785,5.78,5.785,39
2025-12-30 11:03:00,5.785,5.785,5.785,5.785,39
2025-12-30 11:04:00,5.78,5.78,5.78,5.78,30
2025-12-30 11:05:00,5.77,5.77,5.755,5.755,36
2025-12-30 11:06:00,5.755,5.755,5.755,5.755,0
2025-12-30 11:07:00,5.7599,5.7599,5.7599,5.7599,2
2025-12-30 11:08:00,5.755,5.758,5.755,5.7572,6
2025-12-30 11:09:00,5.755,5.755,5.75,5.75,2
2025-12-30 11:10:00,5.755,5.755,5.75,5.75,3
2025-12-30 11:11:00,5.755,5.755,5.75,5.75,10
2025-12-30 11:12:00,5.75,5.755,5.75,5.755,3
2025-12-30 11:13:00,5.755,5.755,5.75,5.755,6
2025-12-30 11:14:00,5.76,5.76,5.755,5.755,9
2025-12-30 11:15:00,5.76,5.76,5.76,5.76,2
2025-12-30 11:16:00,5.76,5.76,5.755,5.76,90
2025-12-30 11:17:00,5.765,5.78,5.7645,5.78,40
2025-12-30 11:18:00,5.7784,5.785,5.7784,5.785,29
2025-12-30 11:19:00,5.79,5.8,5.785,5.8,129
2025-12-30 11:20:00,5.795,5.8,5.79,5.795,18
2025-12-30 11:21:00,5.795,5.795,5.7724,5.7724,145
2025-12-30 11:22:00,5.7724,5.7724,5.7724,5.7724,0
2025-12-30 11:23:00,5.775,5.775,5.775,5.775,23
2025-12-30 11:24:00,5.77,5.775,5.77,5.775,80
2025-12-30 11:25:00,5.775,5.775,5.775,5.775,6
2025-12-30 11:26:00,5.77,5.775,5.77,5.775,55
2025-12-30 11:27:00,5.775,5.775,5.77,5.775,6
2025-12-30 11:28:00,5.7701,5.7701,5.765,5.765,36
2025-12-30 11:29:00,5.765,5.765,5.76,5.765,56
2025-12-30 11:30:00,5.765,5.765,5.765,5.765,3
2025-12-30 11:31:00,5.765,5.765,5.765,5.765,0
2025-12-30 11:32:00,5.765,5.775,5.765,5.775,51
2025-12-30 11:33:00,5.775,5.775,5.775,5.775,7
2025-12-30 11:34:00,5.775,5.775,5.775,5.775,8
2025-12-30 11:35:00,5.775,5.775,5.775,5.775,0
2025-12-30 11:36:00,5.775,5.775,5.765,5.765,49
2025-12-30 11:37:00,5.765,5.768,5.765,5.768,37
2025-12-30 11:38:00,5.765,5.765,5.76,5.76,3
2025-12-30 11:39:00,5.76,5.76,5.755,5.755,17
2025-12-30 11:40:00,5.753,5.753,5.753,5.753,21
2025-12-30 11:41:00,5.756,5.765,5.756,5.765,45
2025-12-30 11:42:00,5.765,5.77,5.765,5.765,38
2025-12-30 11:43:00,5.77,5.77,5.77,5.77,1
2025-12-30 11:44:00,5.765,5.765,5.76,5.765,12
2025-12-30 11:45:00,5.765,5.765,5.765,5.765,10
2025-12-30 11:46:00,5.765,5.765,5.755,5.755,51
2025-12-30 11:47:00,5.7555,5.7555,5.7555,5.7555,1
2025-12-30 11:48:00,5.755,5.77,5.755,5.77,67
2025-12-30 11:49:00,5.77,5.77,5.77,5.77,0
2025-12-30 11:50:00,5.7612,5.7612,5.7612,5.7612,1
2025-12-30 11:51:00,5.7612,5.7612,5.7612,5.7612,0
2025-12-30 11:52:00,5.77,5.77,5.77,5.77,1
2025-12-30 11:53:00,5.765,5.765,5.76,5.7618,22
2025-12-30 11:54:00,5.765,5.765,5.765,5.765,4
2025-12-30 11:55:00,5.765,5.765,5.755,5.755,42
2025-12-30 11:56:00,5.755,5.755,5.755,5.755,1
2025-12-30 11:57:00,5.76,5.76,5.75,5.75,37
2025-12-30 11:58:00,5.75,5.7516,5.745,5.745,199
2025-12-30 11:59:00,5.74,5.75,5.74,5.745,21
2025-12-30 12:00:00,5.745,5.745,5.74,5.74,12
2025-12-30 12:01:00,5.74,5.74,5.74,5.74,14
2025-12-30 12:02:00,5.74,5.74,5.73,5.73,4
2025-12-30 12:03:00,5.73,5.7301,5.72,5.72,56
2025-12-30 12:04:00,5.72,5.7256,5.72,5.725,55
2025-12-30 12:05:00,5.725,5.726,5.725,5.725,3
2025-12-30 12:06:00,5.725,5.7263,5.7216,5.7216,105
2025-12-30 12:07:00,5.72,5.725,5.72,5.725,66
2025-12-30 12:08:00,5.725,5.745,5.725,5.745,209
2025-12-30 12:09:00,5.745,5.746,5.745,5.745,5
2025-12-30 12:10:00,5.75,5.75,5.745,5.745,7
2025-12-30 12:11:00,5.745,5.745,5.745,5.745,4
2025-12-30 12:12:00,5.75,5.75,5.745,5.745,3
2025-12-30 12:13:00,5.745,5.745,5.745,5.745,0
2025-12-30 12:14:00,5.745,5.745,5.745,5.745,10
2025-12-30 12:15:00,5.745,5.745,5.745,5.745,0
2025-12-30 12:16:00,5.7487,5.75,5.745,5.745,16
2025-12-30 12:17:00,5.75,5.75,5.745,5.745,86
2025-12-30 12:18:00,5.745,5.75,5.745,5.75,10
2025-12-30 12:19:00,5.75,5.75,5.75,5.75,0
2025-12-30 12:20:00,5.745,5.75,5.745,5.75,3
2025-12-30 12:21:00,5.745,5.745,5.74,5.7441,74
2025-12-30 12:22:00,5.75,5.75,5.745,5.745,2
2025-12-30 12:23:00,5.745,5.75,5.745,5.75,2
2025-12-30 12:24:00,5.745,5.75,5.745,5.745,16
2025-12-30 12:25:00,5.745,5.75,5.7401,5.75,241
2025-12-30 12:26:00,5.745,5.75,5.74,5.745,40
2025-12-30 12:27:00,5.745,5.75,5.74,5.75,5
2025-12-30 12:28:00,5.75,5.75,5.74,5.75,46
2025-12-30 12:29:00,5.7483,5.75,5.745,5.75,9
2025-12-30 12:30:00,5.75,5.75,5.745,5.745,5
2025-12-30 12:31:00,5.75,5.75,5.745,5.745,11
2025-12-30 12:32:00,5.75,5.75,5.745,5.745,14
2025-12-30 12:33:00,5.745,5.75,5.745,5.75,6
2025-12-30 12:34:00,5.74,5.75,5.74,5.75,2
2025-12-30 12:35:00,5.74,5.75,5.74,5.745,4
2025-12-30 12:36:00,5.75,5.75,5.745,5.75,4
2025-12-30 12:37:00,5.75,5.75,5.745,5.745,3
2025-12-30 12:38:00,5.75,5.75,5.75,5.75,1
2025-12-30 12:39:00,5.75,5.755,5.745,5.745,132
2025-12-30 12:40:00,5.745,5.75,5.745,5.75,3
2025-12-30 12:41:00,5.745,5.745,5.745,5.745,10
2025-12-30 12:42:00,5.7424,5.745,5.7424,5.745,110
2025-12-30 12:43:00,5.745,5.745,5.745,5.745,5
2025-12-30 12:44:00,5.745,5.745,5.745,5.745,0
2025-12-30 12:45:00,5.7499,5.77,5.7499,5.766,197
2025-12-30 12:46:00,5.765,5.765,5.765,5.765,2
2025-12-30 12:47:00,5.76,5.76,5.75,5.755,95
2025-12-30 12:48:00,5.755,5.755,5.755,5.755,12
2025-12-30 12:49:00,5.755,5.755,5.755,5.755,0
2025-12-30 12:50:00,5.755,5.755,5.755,5.755,0
2025-12-30 12:51:00,5.76,5.76,5.7599,5.7599,45
2025-12-30 12:52:00,5.7599,5.7599,5.7599,5.7599,0
2025-12-30 12:53:00,5.7599,5.7599,5.7599,5.7599,0
2025-12-30 12:54:00,5.7599,5.7599,5.7599,5.7599,0
2025-12-30 12:55:00,5.7599,5.7599,5.7599,5.7599,0
2025-12-30 12:56:00,5.75,5.75,5.75,5.75,1
2025-12-30 12:57:00,5.755,5.755,5.755,5.755,14
2025-12-30 12:58:00,5.7599,5.76,5.755,5.755,5
2025-12-30 12:59:00,5.755,5.76,5.755,5.76,2
2025-12-30 13:00:00,5.76,5.76,5.755,5.76,3
2025-12-30 13:01:00,5.76,5.76,5.755,5.755,12
2025-12-30 13:02:00,5.76,5.77,5.76,5.765,41
2025-12-30 13:03:00,5.77,5.77,5.765,5.765,4
2025-12-30 13:04:00,5.77,5.77,5.77,5.77,1
2025-12-30 13:05:00,5.77,5.77,5.765,5.765,7
2025-12-30 13:06:00,5.76,5.77,5.76,5.77,39
2025-12-30 13:07:00,5.77,5.78,5.77,5.7786,80
2025-12-30 13:08:00,5.775,5.78,5.775,5.775,8
2025-12-30 13:09:00,5.775,5.775,5.775,5.775,2
2025-12-30 13:10:00,5.775,5.79,5.76,5.765,364
2025-12-30 13:11:00,5.765,5.765,5.755,5.755,59
2025-12-30 13:12:00,5.755,5.755,5.755,5.755,4
2025-12-30 13:13:00,5.755,5.755,5.755,5.755,0
2025-12-30 13:14:00,5.755,5.755,5.755,5.755,0
2025-12-30 13:15:00,5.755,5.755,5.755,5.755,0
2025-12-30 13:16:00,5.755,5.755,5.755,5.755,0
2025-12-30 13:17:00,5.755,5.755,5.755,5.755,0
2025-12-30 13:18:00,5.75,5.755,5.75,5.755,2
2025-12-30 13:19:00,5.75,5.7513,5.75,5.7513,2
2025-12-30 13:20:00,5.755,5.755,5.75,5.75,15
2025-12-30 13:21:00,5.755,5.755,5.755,5.755,2
2025-12-30 13:22:00,5.75,5.75,5.75,5.75,1
2025-12-30 13:23:00,5.76,5.76,5.75,5.755,3
2025-12-30 13:24:00,5.76,5.76,5.75,5.76,5
2025-12-30 13:25:00,5.7599,5.77,5.755,5.765,177
2025-12-30 13:26:00,5.765,5.765,5.765,5.765,3
2025-12-30 13:27:00,5.765,5.765,5.76,5.765,91
2025-12-30 13:28:00,5.765,5.765,5.76,5.76,41
2025-12-30 13:29:00,5.76,5.76,5.76,5.76,1
2025-12-30 13:30:00,5.76,5.76,5.76,5.76,1
2025-12-30 13:31:00,5.765,5.765,5.765,5.765,2
2025-12-30 13:32:00,5.77,5.77,5.77,5.77,1
2025-12-30 13:33:00,5.77,5.77,5.765,5.77,112
2025-12-30 13:34:00,5.765,5.77,5.765,5.77,2
2025-12-30 13:35:00,5.77,5.79,5.77,5.785,92
2025-12-30 13:36:00,5.78,5.78,5.77,5.779,86
2025-12-30 13:37:00,5.775,5.775,5.775,5.775,4
2025-12-30 13:38:00,5.7701,5.775,5.7701,5.775,21
2025-12-30 13:39:00,5.77,5.77,5.77,5.77,1
2025-12-30 13:40:00,5.77,5.77,5.765,5.765,46
2025-12-30 13:41:00,5.765,5.765,5.765,5.765,10
2025-12-30 13:42:00,5.77,5.775,5.77,5.775,41
2025-12-30 13:43:00,5.775,5.775,5.775,5.775,0
2025-12-30 13:44:00,5.775,5.775,5.775,5.775,0
2025-12-30 13:45:00,5.775,5.78,5.775,5.775,12
2025-12-30 13:46:00,5.775,5.775,5.775,5.775,15
2025-12-30 13:47:00,5.7708,5.775,5.7708,5.775,4
2025-12-30 13:48:00,5.78,5.785,5.78,5.78,51
2025-12-30 13:49:00,5.78,5.78,5.775,5.775,36
2025-12-30 13:50:00,5.7758,5.785,5.7758,5.785,42
2025-12-30 13:51:00,5.785,5.785,5.785,5.785,1
2025-12-30 13:52:00,5.785,5.785,5.785,5.785,0
2025-12-30 13:53:00,5.785,5.785,5.785,5.785,1
2025-12-30 13:54:00,5.785,5.785,5.785,5.785,0
2025-12-30 13:55:00,5.78,5.78,5.765,5.775,266
2025-12-30 13:56:00,5.775,5.775,5.75,5.755,844
2025-12-30 13:57:00,5.755,5.77,5.75,5.765,234
2025-12-30 13:58:00,5.77,5.77,5.77,5.77,1
2025-12-30 13:59:00,5.77,5.77,5.77,5.77,2
2025-12-30 14:00:00,5.77,5.77,5.77,5.77,0
2025-12-30 14:01:00,5.765,5.765,5.765,5.765,12
2025-12-30 14:02:00,5.765,5.78,5.765,5.78,74
2025-12-30 14:03:00,5.78,5.78,5.775,5.78,95
2025-12-30 14:04:00,5.78,5.78,5.78,5.78,3
2025-12-30 14:05:00,5.78,5.78,5.78,5.78,8
2025-12-30 14:06:00,5.78,5.78,5.775,5.775,11
2025-12-30 14:07:00,5.77,5.775,5.77,5.775,28
2025-12-30 14:08:00,5.775,5.78,5.7732,5.7732,49
2025-12-30 14:09:00,5.78,5.78,5.775,5.775,3
2025-12-30 14:10:00,5.775,5.78,5.775,5.78,4
2025-12-30 14:11:00,5.78,5.78,5.775,5.775,2
2025-12-30 14:12:00,5.775,5.78,5.77,5.77,13
2025-12-30 14:13:00,5.775,5.78,5.775,5.78,7
2025-12-30 14:14:00,5.775,5.78,5.775,5.775,4
2025-12-30 14:15:00,5.78,5.78,5.77,5.775,6
2025-12-30 14:16:00,5.775,5.78,5.7701,5.775,29
2025-12-30 14:17:00,5.775,5.78,5.775,5.775,7
2025-12-30 14:18:00,5.77,5.78,5.77,5.78,22
2025-12-30 14:19:00,5.775,5.78,5.77,5.78,7
2025-12-30 14:20:00,5.775,5.78,5.77,5.78,15
2025-12-30 14:21:00,5.78,5.78,5.775,5.775,6
2025-12-30 14:22:00,5.775,5.78,5.775,5.78,5
2025-12-30 14:23:00,5.78,5.78,5.775,5.78,9
2025-12-30 14:24:00,5.78,5.78,5.775,5.78,4
2025-12-30 14:25:00,5.775,5.78,5.77,5.775,5
2025-12-30 14:26:00,5.78,5.78,5.77,5.77,3
2025-12-30 14:27:00,5.78,5.78,5.775,5.775,2
2025-12-30 14:28:00,5.78,5.78,5.7788,5.7788,4
2025-12-30 14:29:00,5.78,5.78,5.775,5.78,4
2025-12-30 14:30:00,5.78,5.78,5.775,5.775,3
2025-12-30 14:31:00,5.775,5.78,5.77,5.78,20
2025-12-30 14:32:00,5.775,5.775,5.77,5.77,7
2025-12-30 14:33:00,5.775,5.78,5.775,5.775,27
2025-12-30 14:34:00,5.775,5.78,5.77,5.775,23
2025-12-30 14:35:00,5.775,5.78,5.775,5.775,30
2025-12-30 14:36:00,5.775,5.775,5.77,5.77,3
2025-12-30 14:37:00,5.78,5.78,5.77,5.77,13
2025-12-30 14:38:00,5.775,5.79,5.775,5.79,64
2025-12-30 14:39:00,5.785,5.79,5.7844,5.7844,6
2025-12-30 14:40:00,5.79,5.79,5.785,5.79,13
2025-12-30 14:41:00,5.785,5.79,5.785,5.785,3
2025-12-30 14:42:00,5.785,5.785,5.785,5.785,2
2025-12-30 14:43:00,5.785,5.785,5.785,5.785,3
2025-12-30 14:44:00,5.785,5.79,5.783,5.785,19
2025-12-30 14:45:00,5.785,5.79,5.78,5.79,19
2025-12-30 14:46:00,5.785,5.785,5.775,5.785,233
2025-12-30 14:47:00,5.785,5.785,5.785,5.785,20
2025-12-30 14:48:00,5.785,5.79,5.785,5.785,12
2025-12-30 14:49:00,5.785,5.785,5.785,5.785,15
2025-12-30 14:50:00,5.785,5.785,5.76,5.76,333
2025-12-30 14:51:00,5.76,5.765,5.76,5.765,17
2025-12-30 14:52:00,5.765,5.765,5.76,5.76,9
2025-12-30 14:53:00,5.765,5.765,5.76,5.76,5
2025-12-30 14:54:00,5.765,5.77,5.765,5.7699,122
2025-12-30 14:55:00,5.77,5.77,5.765,5.765,10
2025-12-30 14:56:00,5.765,5.765,5.765,5.765,7
2025-12-30 14:57:00,5.765,5.765,5.765,5.765,11
2025-12-30 14:58:00,5.765,5.765,5.765,5.765,10
2025-12-30 14:59:00,5.77,5.78,5.77,5.775,85
2025-12-30 15:00:00,5.775,5.78,5.775,5.775,27
2025-12-30 15:01:00,5.775,5.775,5.765,5.765,63
2025-12-30 15:02:00,5.765,5.765,5.765,5.765,8
2025-12-30 15:03:00,5.765,5.765,5.765,5.765,6
2025-12-30 15:04:00,5.765,5.775,5.7644,5.775,80
2025-12-30 15:05:00,5.78,5.78,5.78,5.78,4
2025-12-30 15:06:00,5.775,5.7788,5.7715,5.775,38
2025-12-30 15:07:00,5.775,5.78,5.775,5.775,15
2025-12-30 15:08:00,5.775,5.775,5.7738,5.775,16
2025-12-30 15:09:00,5.775,5.78,5.77,5.775,79
2025-12-30 15:10:00,5.775,5.775,5.7712,5.775,15
2025-12-30 15:11:00,5.775,5.78,5.775,5.78,8
2025-12-30 15:12:00,5.775,5.78,5.775,5.775,16
2025-12-30 15:13:00,5.77,5.78,5.77,5.775,11
2025-12-30 15:14:00,5.78,5.78,5.77,5.78,17
2025-12-30 15:15:00,5.775,5.78,5.775,5.775,14
2025-12-30 15:16:00,5.775,5.78,5.77,5.775,16
2025-12-30 15:17:00,5.78,5.78,5.775,5.775,12
2025-12-30 15:18:00,5.78,5.78,5.775,5.775,21
2025-12-30 15:19:00,5.775,5.78,5.775,5.78,24
2025-12-30 15:20:00,5.78,5.78,5.775,5.775,63
2025-12-30 15:21:00,5.775,5.78,5.77,5.775,62
2025-12-30 15:22:00,5.77,5.78,5.77,5.775,13
2025-12-30 15:23:00,5.77,5.78,5.77,5.775,57
2025-12-30 15:24:00,5.775,5.78,5.77,5.775,15
2025-12-30 15:25:00,5.775,5.78,5.77,5.78,72
2025-12-30 15:26:00,5.775,5.78,5.775,5.78,25
2025-12-30 15:27:00,5.78,5.78,5.775,5.78,15
2025-12-30 15:28:00,5.775,5.78,5.775,5.775,12
2025-12-30 15:29:00,5.775,5.78,5.775,5.775,14
2025-12-30 15:30:00,5.775,5.78,5.77,5.77,43
2025-12-30 15:31:00,5.775,5.775,5.76,5.765,332
2025-12-30 15:32:00,5.765,5.765,5.76,5.765,27
2025-12-30 15:33:00,5.765,5.765,5.76,5.765,18
2025-12-30 15:34:00,5.76,5.766,5.76,5.765,84
2025-12-30 15:35:00,5.765,5.765,5.76,5.765,25
2025-12-30 15:36:00,5.765,5.765,5.76,5.765,12
2025-12-30 15:37:00,5.765,5.765,5.76,5.765,18
2025-12-30 15:38:00,5.765,5.765,5.76,5.765,22
2025-12-30 15:39:00,5.765,5.765,5.76,5.765,44
2025-12-30 15:40:00,5.765,5.765,5.76,5.765,86
2025-12-30 15:41:00,5.765,5.765,5.76,5.765,196
2025-12-30 15:42:00,5.76,5.765,5.76,5.76,17
2025-12-30 15:43:00,5.765,5.765,5.755,5.765,246
2025-12-30 15:44:00,5.7656,5.7656,5.765,5.765,24
2025-12-30 15:45:00,5.765,5.77,5.76,5.76,95
2025-12-30 15:46:00,5.765,5.765,5.76,5.76,41
2025-12-30 15:47:00,5.76,5.765,5.76,5.76,42
2025-12-30 15:48:00,5.765,5.765,5.76,5.765,35
2025-12-30 15:49:00,5.765,5.77,5.765,5.77,7
2025-12-30 15:50:00,5.765,5.77,5.765,5.77,55
2025-12-30 15:51:00,5.77,5.77,5.765,5.77,8
2025-12-30 15:52:00,5.765,5.77,5.765,5.77,35
2025-12-30 15:53:00,5.77,5.77,5.765,5.77,31
2025-12-30 15:54:00,5.765,5.8,5.765,5.795,1043
2025-12-30 15:55:00,5.795,5.8,5.795,5.795,187
2025-12-30 15:56:00,5.795,5.8,5.795,5.795,74
2025-12-30 15:57:00,5.795,5.8,5.795,5.8,145
2025-12-30 15:58:00,5.8,5.8,5.79,5.8,747
2025-12-30 15:59:00,5.8,5.81,5.795,5.805,1494
2025-12-31 09:30:00,5.8,5.82,5.79,5.805,124
2025-12-31 09:31:00,5.81,5.82,5.8,5.81,33
2025-12-31 09:32:00,5.7924,5.8,5.7901,5.7901,3
2025-12-31 09:33:00,5.79,5.8,5.79,5.8,9
2025-12-31 09:34:00,5.805,5.805,5.78,5.78,67
2025-12-31 09:35:00,5.78,5.78,5.77,5.78,103
2025-12-31 09:36:00,5.7775,5.79,5.7775,5.79,44
2025-12-31 09:37:00,5.7993,5.7993,5.7993,5.7993,5
2025-12-31 09:38:00,5.79,5.79,5.79,5.79,1
2025-12-31 09:39:00,5.79,5.79,5.79,5.79,0
2025-12-31 09:40:00,5.8,5.8,5.79,5.79,13
2025-12-31 09:41:00,5.79,5.79,5.79,5.79,11
2025-12-31 09:42:00,5.8,5.81,5.8,5.8,45
2025-12-31 09:43:00,5.805,5.81,5.8,5.8061,62
2025-12-31 09:44:00,5.805,5.805,5.805,5.805,11
2025-12-31 09:45:00,5.8,5.8,5.795,5.795,4
2025-12-31 09:46:00,5.795,5.795,5.795,5.795,0
2025-12-31 09:47:00,5.792,5.7931,5.792,5.7931,12
2025-12-31 09:48:00,5.79,5.795,5.79,5.795,13
2025-12-31 09:49:00,5.79,5.79,5.79,5.79,1
2025-12-31 09:50:00,5.795,5.795,5.795,5.795,2
2025-12-31 09:51:00,5.7971,5.7971,5.795,5.795,5
2025-12-31 09:52:00,5.8,5.805,5.8,5.8,18
2025-12-31 09:53:00,5.795,5.795,5.79,5.79,3
2025-12-31 09:54:00,5.7913,5.795,5.7913,5.795,5
2025-12-31 09:55:00,5.79,5.79,5.785,5.785,6
2025-12-31 09:56:00,5.785,5.785,5.785,5.785,80
2025-12-31 09:57:00,5.786,5.7985,5.786,5.796,57
2025-12-31 09:58:00,5.795,5.795,5.7902,5.795,41
2025-12-31 09:59:00,5.795,5.795,5.795,5.795,8
2025-12-31 10:00:00,5.79,5.7955,5.79,5.7955,7
2025-12-31 10:01:00,5.795,5.795,5.795,5.795,11
2025-12-31 10:02:00,5.795,5.81,5.795,5.81,127
2025-12-31 10:03:00,5.8001,5.805,5.8001,5.805,2
2025-12-31 10:04:00,5.805,5.805,5.805,5.805,0
2025-12-31 10:05:00,5.805,5.805,5.805,5.805,1
2025-12-31 10:06:00,5.8001,5.805,5.795,5.795,39
2025-12-31 10:07:00,5.795,5.8,5.795,5.8,36
2025-12-31 10:08:00,5.8051,5.8051,5.8051,5.8051,3
2025-12-31 10:09:00,5.805,5.815,5.802,5.805,91
2025-12-31 10:10:00,5.8099,5.81,5.805,5.81,12
2025-12-31 10:11:00,5.81,5.81,5.81,5.81,0
2025-12-31 10:12:00,5.805,5.805,5.805,5.805,2
2025-12-31 10:13:00,5.805,5.805,5.805,5.805,2
2025-12-31 10:14:00,5.805,5.805,5.805,5.805,1
2025-12-31 10:15:00,5.8024,5.81,5.8024,5.805,23
2025-12-31 10:16:00,5.805,5.805,5.8,5.805,4
2025-12-31 10:17:00,5.805,5.805,5.805,5.805,3
2025-12-31 10:18:00,5.805,5.805,5.8,5.8,19
2025-12-31 10:19:00,5.8001,5.805,5.8001,5.805,12
2025-12-31 10:20:00,5.805,5.805,5.805,5.805,6
2025-12-31 10:21:00,5.805,5.805,5.8,5.8,67
2025-12-31 10:22:00,5.795,5.795,5.795,5.795,1
2025-12-31 10:23:00,5.8,5.805,5.8,5.805,29
2025-12-31 10:24:00,5.805,5.805,5.805,5.805,4
2025-12-31 10:25:00,5.805,5.805,5.805,5.805,3
2025-12-31 10:26:00,5.805,5.805,5.805,5.805,5
2025-12-31 10:27:00,5.805,5.81,5.805,5.8099,22
2025-12-31 10:28:00,5.805,5.815,5.805,5.805,122
2025-12-31 10:29:00,5.81,5.85,5.8099,5.85,194
2025-12-31 10:30:00,5.85,5.87,5.85,5.8639,223
2025-12-31 10:31:00,5.865,5.865,5.86,5.865,12
2025-12-31 10:32:00,5.87,5.88,5.86,5.87,283
2025-12-31 10:33:00,5.87,5.87,5.87,5.87,0
2025-12-31 10:34:00,5.87,5.895,5.87,5.89,196
2025-12-31 10:35:00,5.88,5.885,5.85,5.85,270
2025-12-31 10:36:00,5.855,5.875,5.855,5.875,50
2025-12-31 10:37:00,5.875,5.875,5.86,5.865,29
2025-12-31 10:38:00,5.8655,5.8655,5.865,5.865,6
2025-12-31 10:39:00,5.865,5.865,5.865,5.865,12
2025-12-31 10:40:00,5.86,5.865,5.86,5.865,8
2025-12-31 10:41:00,5.86,5.8684,5.86,5.8684,12
2025-12-31 10:42:00,5.865,5.87,5.865,5.87,16
2025-12-31 10:43:00,5.875,5.875,5.875,5.875,13
2025-12-31 10:44:00,5.875,5.875,5.875,5.875,2
2025-12-31 10:45:00,5.8701,5.875,5.8701,5.875,7
2025-12-31 10:46:00,5.875,5.875,5.875,5.875,1
2025-12-31 10:47:00,5.875,5.89,5.8715,5.89,59
2025-12-31 10:48:00,5.89,5.905,5.89,5.895,212
2025-12-31 10:49:00,5.9,5.9,5.895,5.895,7
2025-12-31 10:50:00,5.9,5.905,5.8924,5.905,34
2025-12-31 10:51:00,5.905,5.91,5.905,5.91,88
2025-12-31 10:52:00,5.91,5.91,5.91,5.91,0
2025-12-31 10:53:00,5.905,5.91,5.905,5.91,21
2025-12-31 10:54:00,5.905,5.905,5.875,5.875,889
2025-12-31 10:55:00,5.88,5.88,5.865,5.865,118
2025-12-31 10:56:00,5.86,5.86,5.86,5.86,4
2025-12-31 10:57:00,5.855,5.855,5.855,5.855,5
2025-12-31 10:58:00,5.86,5.86,5.86,5.86,37
2025-12-31 10:59:00,5.86,5.861,5.856,5.86,22
2025-12-31 11:00:00,5.855,5.855,5.855,5.855,1
2025-12-31 11:01:00,5.855,5.855,5.855,5.855,1
2025-12-31 11:02:00,5.855,5.855,5.855,5.855,1
2025-12-31 11:03:00,5.855,5.885,5.855,5.885,136
2025-12-31 11:04:00,5.885,5.885,5.885,5.885,0
2025-12-31 11:05:00,5.88,5.88,5.88,5.88,42
2025-12-31 11:06:00,5.875,5.88,5.875,5.88,98
2025-12-31 11:07:00,5.8756,5.8756,5.875,5.875,34
2025-12-31 11:08:00,5.875,5.875,5.87,5.87,15
2025-12-31 11:09:00,5.87,5.87,5.87,5.87,1
2025-12-31 11:10:00,5.875,5.875,5.865,5.865,41
2025-12-31 11:11:00,5.865,5.865,5.865,5.865,0
2025-12-31 11:12:00,5.865,5.865,5.865,5.865,1
2025-12-31 11:13:00,5.87,5.875,5.87,5.875,52
2025-12-31 11:14:00,5.875,5.875,5.875,5.875,0
2025-12-31 11:15:00,5.87,5.87,5.865,5.865,30
2025-12-31 11:16:00,5.865,5.865,5.865,5.865,1
2025-12-31 11:17:00,5.865,5.865,5.8618,5.8632,22
2025-12-31 11:18:00,5.86,5.86,5.86,5.86,3
2025-12-31 11:19:00,5.87,5.875,5.87,5.875,56
2025-12-31 11:20:00,5.875,5.875,5.875,5.875,0
2025-12-31 11:21:00,5.88,5.88,5.88,5.88,5
2025-12-31 11:22:00,5.88,5.88,5.88,5.88,2
2025-12-31 11:23:00,5.88,5.88,5.88,5.88,57
2025-12-31 11:24:00,5.88,5.88,5.875,5.88,35
2025-12-31 11:25:00,5.88,5.89,5.865,5.865,140
2025-12-31 11:26:00,5.865,5.87,5.865,5.87,27
2025-12-31 11:27:00,5.8755,5.8755,5.8755,5.8755,10
2025-12-31 11:28:00,5.875,5.875,5.875,5.875,1
2025-12-31 11:29:00,5.875,5.875,5.875,5.875,0
2025-12-31 11:30:00,5.875,5.875,5.875,5.875,0
2025-12-31 11:31:00,5.875,5.875,5.875,5.875,0
2025-12-31 11:32:00,5.875,5.875,5.875,5.875,0
2025-12-31 11:33:00,5.88,5.885,5.88,5.885,35
2025-12-31 11:34:00,5.885,5.89,5.885,5.89,21
2025-12-31 11:35:00,5.89,5.89,5.885,5.885,34
2025-12-31 11:36:00,5.89,5.89,5.89,5.89,40
2025-12-31 11:37:00,5.89,5.895,5.89,5.895,20
2025-12-31 11:38:00,5.9,5.91,5.9,5.91,101
2025-12-31 11:39:00,5.91,5.91,5.91,5.91,0
2025-12-31 11:40:00,5.905,5.905,5.89,5.895,48
2025-12-31 11:41:00,5.895,5.895,5.895,5.895,0
2025-12-31 11:42:00,5.895,5.895,5.89,5.89,23
2025-12-31 11:43:00,5.895,5.895,5.8901,5.895,36
2025-12-31 11:44:00,5.89,5.89,5.88,5.88,29
2025-12-31 11:45:00,5.88,5.885,5.88,5.88,30
2025-12-31 11:46:00,5.88,5.885,5.87,5.875,274
2025-12-31 11:47:00,5.875,5.88,5.875,5.88,14
2025-12-31 11:48:00,5.88,5.885,5.88,5.8815,54
2025-12-31 11:49:00,5.885,5.885,5.885,5.885,1
2025-12-31 11:50:00,5.885,5.89,5.885,5.89,15
2025-12-31 11:51:00,5.885,5.89,5.885,5.89,12
2025-12-31 11:52:00,5.885,5.89,5.885,5.885,15
2025-12-31 11:53:00,5.89,5.9,5.89,5.9,27
2025-12-31 11:54:00,5.9,5.9,5.9,5.9,0
2025-12-31 11:55:00,5.8939,5.9,5.8939,5.895,6
2025-12-31 11:56:00,5.8935,5.8935,5.875,5.875,174
2025-12-31 11:57:00,5.87,5.87,5.87,5.87,1
2025-12-31 11:58:00,5.87,5.87,5.87,5.87,0
2025-12-31 11:59:00,5.87,5.87,5.87,5.87,2
2025-12-31 12:00:00,5.87,5.87,5.86,5.86,22
2025-12-31 12:01:00,5.86,5.86,5.86,5.86,1
2025-12-31 12:02:00,5.865,5.865,5.865,5.865,6
2025-12-31 12:03:00,5.865,5.865,5.86,5.86,4
2025-12-31 12:04:00,5.865,5.865,5.86,5.86,3
2025-12-31 12:05:00,5.86,5.86,5.86,5.86,1
2025-12-31 12:06:00,5.86,5.86,5.86,5.86,43
2025-12-31 12:07:00,5.865,5.865,5.865,5.865,13
2025-12-31 12:08:00,5.865,5.865,5.865,5.865,1
2025-12-31 12:09:00,5.865,5.87,5.865,5.87,45
2025-12-31 12:10:00,5.87,5.87,5.865,5.87,5
2025-12-31 12:11:00,5.87,5.87,5.8645,5.8645,3
2025-12-31 12:12:00,5.8645,5.8645,5.8645,5.8645,0
2025-12-31 12:13:00,5.87,5.87,5.87,5.87,3
2025-12-31 12:14:00,5.87,5.87,5.87,5.87,3
2025-12-31 12:15:00,5.87,5.87,5.87,5.87,2
2025-12-31 12:16:00,5.87,5.87,5.8639,5.87,14
2025-12-31 12:17:00,5.87,5.87,5.87,5.87,1
2025-12-31 12:18:00,5.87,5.89,5.87,5.89,216
2025-12-31 12:19:00,5.89,5.89,5.89,5.89,0
2025-12-31 12:20:00,5.885,5.885,5.88,5.885,58
2025-12-31 12:21:00,5.88,5.885,5.88,5.885,7
2025-12-31 12:22:00,5.885,5.89,5.885,5.89,12
2025-12-31 12:23:00,5.885,5.885,5.885,5.885,11
2025-12-31 12:24:00,5.89,5.89,5.89,5.89,1
2025-12-31 12:25:00,5.89,5.89,5.889,5.89,7
2025-12-31 12:26:00,5.89,5.89,5.885,5.885,33
2025-12-31 12:27:00,5.885,5.89,5.885,5.89,3
2025-12-31 12:28:00,5.89,5.89,5.89,5.89,1
2025-12-31 12:29:00,5.885,5.89,5.885,5.89,3
2025-12-31 12:30:00,5.89,5.895,5.885,5.885,684
2025-12-31 12:31:00,5.8893,5.8893,5.8865,5.8865,30
2025-12-31 12:32:00,5.885,5.885,5.885,5.885,21
2025-12-31 12:33:00,5.89,5.89,5.8899,5.8899,2
2025-12-31 12:34:00,5.89,5.89,5.885,5.885,14
2025-12-31 12:35:00,5.89,5.89,5.8855,5.8855,2
2025-12-31 12:36:00,5.89,5.89,5.885,5.885,2
2025-12-31 12:37:00,5.89,5.89,5.89,5.89,3
2025-12-31 12:38:00,5.89,5.89,5.885,5.8854,28
2025-12-31 12:39:00,5.8888,5.9,5.8844,5.895,362
2025-12-31 12:40:00,5.8944,5.9,5.89,5.89,15
2025-12-31 12:41:00,5.895,5.9,5.895,5.9,2
2025-12-31 12:42:00,5.895,5.895,5.885,5.885,115
2025-12-31 12:43:00,5.885,5.885,5.885,5.885,1
2025-12-31 12:44:00,5.885,5.885,5.885,5.885,3
2025-12-31 12:45:00,5.885,5.885,5.8845,5.8845,66
2025-12-31 12:46:00,5.885,5.89,5.885,5.885,14
2025-12-31 12:47:00,5.885,5.885,5.88,5.885,25
2025-12-31 12:48:00,5.885,5.885,5.885,5.885,1
2025-12-31 12:49:00,5.89,5.89,5.89,5.89,48
2025-12-31 12:50:00,5.89,5.89,5.89,5.89,0
2025-12-31 12:51:00,5.89,5.89,5.89,5.89,0
2025-12-31 12:52:00,5.885,5.89,5.885,5.89,4
2025-12-31 12:53:00,5.885,5.885,5.885,5.885,6
2025-12-31 12:54:00,5.89,5.89,5.8867,5.89,74
2025-12-31 12:55:00,5.885,5.89,5.885,5.89,6
2025-12-31 12:56:00,5.89,5.89,5.885,5.885,17
2025-12-31 12:57:00,5.89,5.89,5.885,5.89,32
2025-12-31 12:58:00,5.89,5.89,5.885,5.885,14
2025-12-31 12:59:00,5.89,5.89,5.885,5.89,16
2025-12-31 13:00:00,5.89,5.89,5.89,5.89,1
2025-12-31 13:01:00,5.885,5.89,5.885,5.89,12
2025-12-31 13:02:00,5.885,5.89,5.885,5.89,8
2025-12-31 13:03:00,5.885,5.885,5.885,5.885,9
2025-12-31 13:04:00,5.885,5.885,5.885,5.885,1
2025-12-31 13:05:00,5.885,5.89,5.885,5.885,24
2025-12-31 13:06:00,5.89,5.89,5.89,5.89,3
2025-12-31 13:07:00,5.885,5.885,5.885,5.885,1
2025-12-31 13:08:00,5.89,5.89,5.89,5.89,1
2025-12-31 13:09:00,5.89,5.89,5.88,5.885,10
2025-12-31 13:10:00,5.885,5.89,5.885,5.885,11
2025-12-31 13:11:00,5.89,5.895,5.88,5.895,187
2025-12-31 13:12:00,5.895,5.9,5.895,5.9,5
2025-12-31 13:13:00,5.9,5.9,5.9,5.9,0
2025-12-31 13:14:00,5.895,5.895,5.89,5.89,10
2025-12-31 13:15:00,5.89,5.89,5.885,5.885,87
2025-12-31 13:16:00,5.885,5.885,5.87,5.87,36
2025-12-31 13:17:00,5.87,5.87,5.85,5.85,17
2025-12-31 13:18:00,5.85,5.856,5.85,5.855,37
2025-12-31 13:19:00,5.86,5.86,5.855,5.855,14
2025-12-31 13:20:00,5.855,5.86,5.855,5.855,21
2025-12-31 13:21:00,5.86,5.865,5.86,5.865,34
2025-12-31 13:22:00,5.865,5.87,5.86,5.8614,14
2025-12-31 13:23:00,5.8615,5.866,5.86,5.865,78
2025-12-31 13:24:00,5.86,5.865,5.86,5.865,10
2025-12-31 13:25:00,5.865,5.87,5.865,5.87,12
2025-12-31 13:26:00,5.86,5.865,5.86,5.865,12
2025-12-31 13:27:00,5.865,5.865,5.865,5.865,6
2025-12-31 13:28:00,5.865,5.87,5.865,5.865,14
2025-12-31 13:29:00,5.865,5.865,5.865,5.865,2
2025-12-31 13:30:00,5.865,5.865,5.865,5.865,8
2025-12-31 13:31:00,5.865,5.865,5.865,5.865,11
2025-12-31 13:32:00,5.87,5.87,5.86,5.865,11
2025-12-31 13:33:00,5.865,5.865,5.865,5.865,7
2025-12-31 13:34:00,5.865,5.87,5.865,5.865,17
2025-12-31 13:35:00,5.87,5.87,5.865,5.87,3
2025-12-31 13:36:00,5.865,5.865,5.865,5.865,6
2025-12-31 13:37:00,5.865,5.89,5.865,5.8887,239
2025-12-31 13:38:00,5.885,5.89,5.865,5.865,202
2025-12-31 13:39:00,5.87,5.87,5.865,5.865,35
2025-12-31 13:40:00,5.86,5.86,5.85,5.8503,17
2025-12-31 13:41:00,5.86,5.86,5.84,5.845,48
2025-12-31 13:42:00,5.845,5.845,5.845,5.845,7
2025-12-31 13:43:00,5.845,5.845,5.845,5.845,16
2025-12-31 13:44:00,5.85,5.86,5.845,5.855,222
2025-12-31 13:45:00,5.86,5.875,5.86,5.875,214
2025-12-31 13:46:00,5.875,5.88,5.875,5.875,73
2025-12-31 13:47:00,5.8798,5.8799,5.875,5.875,154
2025-12-31 13:48:00,5.875,5.875,5.875,5.875,5
2025-12-31 13:49:00,5.875,5.88,5.875,5.88,4
2025-12-31 13:50:00,5.875,5.875,5.875,5.875,15
2025-12-31 13:51:00,5.875,5.875,5.87,5.875,23
2025-12-31 13:52:00,5.87,5.875,5.87,5.875,26
2025-12-31 13:53:00,5.88,5.88,5.875,5.875,8
2025-12-31 13:54:00,5.875,5.875,5.875,5.875,5
2025-12-31 13:55:00,5.875,5.88,5.875,5.875,7
2025-12-31 13:56:00,5.875,5.88,5.875,5.875,9
2025-12-31 13:57:00,5.875,5.88,5.875,5.88,14
2025-12-31 13:58:00,5.88,5.88,5.875,5.88,8
2025-12-31 13:59:00,5.88,5.88,5.875,5.88,11
2025-12-31 14:00:00,5.88,5.89,5.88,5.89,63
2025-12-31 14:01:00,5.89,5.89,5.885,5.885,33
2025-12-31 14:02:00,5.88,5.88,5.875,5.875,124
2025-12-31 14:03:00,5.87,5.87,5.87,5.87,20
2025-12-31 14:04:00,5.86,5.865,5.86,5.86,17
2025-12-31 14:05:00,5.865,5.865,5.855,5.855,24
2025-12-31 14:06:00,5.85,5.85,5.85,5.85,4
2025-12-31 14:07:00,5.85,5.855,5.85,5.855,21
2025-12-31 14:08:00,5.855,5.855,5.855,5.855,0
2025-12-31 14:09:00,5.855,5.855,5.855,5.855,6
2025-12-31 14:10:00,5.855,5.855,5.855,5.855,2
2025-12-31 14:11:00,5.855,5.865,5.855,5.865,55
2025-12-31 14:12:00,5.87,5.87,5.87,5.87,2
2025-12-31 14:13:00,5.865,5.865,5.865,5.865,7
2025-12-31 14:14:00,5.87,5.87,5.87,5.87,1
2025-12-31 14:15:00,5.87,5.87,5.865,5.865,6
2025-12-31 14:16:00,5.87,5.87,5.86,5.87,9
2025-12-31 14:17:00,5.87,5.87,5.865,5.865,6
2025-12-31 14:18:00,5.865,5.865,5.86,5.86,3
2025-12-31 14:19:00,5.87,5.87,5.86,5.865,27
2025-12-31 14:20:00,5.865,5.865,5.865,5.865,6
2025-12-31 14:21:00,5.865,5.865,5.865,5.865,9
2025-12-31 14:22:00,5.865,5.87,5.865,5.87,8
2025-12-31 14:23:00,5.865,5.87,5.865,5.87,31
2025-12-31 14:24:00,5.87,5.87,5.865,5.865,7
2025-12-31 14:25:00,5.87,5.87,5.865,5.87,8
2025-12-31 14:26:00,5.87,5.87,5.865,5.865,12
2025-12-31 14:27:00,5.865,5.87,5.865,5.865,13
2025-12-31 14:28:00,5.865,5.865,5.865,5.865,7
2025-12-31 14:29:00,5.865,5.865,5.86,5.865,28
2025-12-31 14:30:00,5.865,5.865,5.865,5.865,6
2025-12-31 14:31:00,5.865,5.865,5.86,5.865,71
2025-12-31 14:32:00,5.865,5.87,5.865,5.865,16
2025-12-31 14:33:00,5.865,5.87,5.865,5.865,10
2025-12-31 14:34:00,5.865,5.865,5.86,5.865,12
2025-12-31 14:35:00,5.865,5.87,5.855,5.855,45
2025-12-31 14:36:00,5.855,5.855,5.855,5.855,0
2025-12-31 14:37:00,5.85,5.855,5.85,5.855,14
2025-12-31 14:38:00,5.855,5.855,5.855,5.855,9
2025-12-31 14:39:00,5.855,5.855,5.84,5.845,422
2025-12-31 14:40:00,5.845,5.86,5.845,5.86,160
2025-12-31 14:41:00,5.851,5.851,5.851,5.851,2
2025-12-31 14:42:00,5.855,5.855,5.855,5.855,43
2025-12-31 14:43:00,5.855,5.86,5.855,5.86,2
2025-12-31 14:44:00,5.855,5.855,5.855,5.855,11
2025-12-31 14:45:00,5.855,5.86,5.855,5.855,12
2025-12-31 14:46:00,5.855,5.86,5.855,5.855,5
2025-12-31 14:47:00,5.855,5.855,5.855,5.855,0
2025-12-31 14:48:00,5.855,5.86,5.8501,5.855,31
2025-12-31 14:49:00,5.855,5.86,5.8503,5.855,38
2025-12-31 14:50:00,5.855,5.86,5.855,5.86,14
2025-12-31 14:51:00,5.86,5.87,5.855,5.87,200
2025-12-31 14:52:00,5.865,5.87,5.865,5.87,2
2025-12-31 14:53:00,5.865,5.87,5.865,5.87,12
2025-12-31 14:54:00,5.865,5.87,5.865,5.87,21
2025-12-31 14:55:00,5.8619,5.87,5.8619,5.87,21
2025-12-31 14:56:00,5.87,5.87,5.8619,5.865,18
2025-12-31 14:57:00,5.865,5.87,5.865,5.87,56
2025-12-31 14:58:00,5.87,5.87,5.865,5.865,12
2025-12-31 14:59:00,5.865,5.87,5.865,5.87,10
2025-12-31 15:00:00,5.865,5.865,5.84,5.84,362
2025-12-31 15:01:00,5.835,5.84,5.81,5.825,1264
2025-12-31 15:02:00,5.83,5.83,5.8,5.825,851
2025-12-31 15:03:00,5.825,5.825,5.805,5.815,634
2025-12-31 15:04:00,5.82,5.83,5.815,5.83,530
2025-12-31 15:05:00,5.83,5.83,5.805,5.81,495
2025-12-31 15:06:00,5.81,5.81,5.805,5.805,260
2025-12-31 15:07:00,5.81,5.815,5.805,5.805,282
2025-12-31 15:08:00,5.805,5.81,5.8,5.8,10
2025-12-31 15:09:00,5.805,5.805,5.775,5.785,567
2025-12-31 15:10:00,5.785,5.785,5.775,5.78,298
2025-12-31 15:11:00,5.785,5.79,5.78,5.785,206
2025-12-31 15:12:00,5.78,5.785,5.765,5.765,381
2025-12-31 15:13:00,5.77,5.78,5.765,5.78,271
2025-12-31 15:14:00,5.78,5.79,5.78,5.79,142
2025-12-31 15:15:00,5.79,5.81,5.785,5.81,507
2025-12-31 15:16:00,5.81,5.82,5.81,5.82,69
2025-12-31 15:17:00,5.82,5.83,5.82,5.83,57
2025-12-31 15:18:00,5.835,5.84,5.835,5.84,154
2025-12-31 15:19:00,5.84,5.84,5.84,5.84,12
2025-12-31 15:20:00,5.84,5.84,5.835,5.84,50
2025-12-31 15:21:00,5.84,5.86,5.8334,5.8334,483
2025-12-31 15:22:00,5.84,5.84,5.84,5.84,9
2025-12-31 15:23:00,5.84,5.84,5.835,5.835,7
2025-12-31 15:24:00,5.84,5.84,5.815,5.815,148
2025-12-31 15:25:00,5.82,5.82,5.815,5.815,6
2025-12-31 15:26:00,5.82,5.825,5.82,5.825,59
2025-12-31 15:27:00,5.825,5.825,5.82,5.82,57
2025-12-31 15:28:00,5.82,5.82,5.82,5.82,0
2025-12-31 15:29:00,5.82,5.82,5.82,5.82,0
2025-12-31 15:30:00,5.81,5.81,5.805,5.805,37
2025-12-31 15:31:00,5.805,5.805,5.805,5.805,4
2025-12-31 15:32:00,5.805,5.805,5.805,5.805,2
2025-12-31 15:33:00,5.805,5.805,5.805,5.805,7
2025-12-31 15:34:00,5.805,5.805,5.805,5.805,1
2025-12-31 15:35:00,5.8,5.82,5.8,5.82,59
2025-12-31 15:36:00,5.815,5.815,5.815,5.815,3
2025-12-31 15:37:00,5.815,5.815,5.815,5.815,1
2025-12-31 15:38:00,5.82,5.825,5.82,5.8215,88
2025-12-31 15:39:00,5.82,5.82,5.815,5.815,44
2025-12-31 15:40:00,5.815,5.815,5.815,5.815,6
2025-12-31 15:41:00,5.815,5.815,5.815,5.815,5
2025-12-31 15:42:00,5.815,5.815,5.81,5.815,103
2025-12-31 15:43:00,5.815,5.815,5.81,5.8101,12
2025-12-31 15:44:00,5.81,5.81,5.805,5.805,71
2025-12-31 15:45:00,5.805,5.805,5.805,5.805,3
2025-12-31 15:46:00,5.805,5.81,5.805,5.81,64
2025-12-31 15:47:00,5.81,5.81,5.8051,5.8051,6
2025-12-31 15:48:00,5.81,5.81,5.805,5.81,5
2025-12-31 15:49:00,5.81,5.81,5.805,5.81,3
2025-12-31 15:50:00,5.805,5.81,5.805,5.81,11
2025-12-31 15:51:00,5.81,5.81,5.805,5.805,17
2025-12-31 15:52:00,5.81,5.81,5.805,5.805,27
2025-12-31 15:53:00,5.8051,5.83,5.805,5.83,393
2025-12-31 15:54:00,5.83,5.84,5.83,5.835,176
2025-12-31 15:55:00,5.83,5.83,5.81,5.815,379
2025-12-31 15:56:00,5.815,5.82,5.815,5.82,18
2025-12-31 15:57:00,5.815,5.82,5.815,5.82,93
2025-12-31 15:58:00,5.815,5.82,5.81,5.815,179
2025-12-31 15:59:00,5.815,5.83,5.81,5.82,1655
2026-01-02 09:30:00,5.84,5.85,5.82,5.83,299
2026-01-02 09:31:00,5.83,5.84,5.82,5.83,91
2026-01-02 09:32:00,5.8372,5.8372,5.82,5.82,34
2026-01-02 09:33:00,5.81,5.82,5.81,5.81,7
2026-01-02 09:34:00,5.81,5.835,5.81,5.825,158
2026-01-02 09:35:00,5.83,5.835,5.83,5.835,140
2026-01-02 09:36:00,5.835,5.835,5.83,5.83,7
2026-01-02 09:37:00,5.835,5.835,5.825,5.825,10
2026-01-02 09:38:00,5.8255,5.845,5.815,5.84,245
2026-01-02 09:39:00,5.845,5.87,5.845,5.87,58
2026-01-02 09:40:00,5.875,5.88,5.872,5.88,9
2026-01-02 09:41:00,5.875,5.92,5.875,5.895,411
2026-01-02 09:42:00,5.885,5.885,5.885,5.885,7
2026-01-02 09:43:00,5.89,5.895,5.89,5.895,29
2026-01-02 09:44:00,5.895,5.895,5.8773,5.88,71
2026-01-02 09:45:00,5.88,5.885,5.88,5.885,46
2026-01-02 09:46:00,5.885,5.885,5.88,5.885,27
2026-01-02 09:47:00,5.885,5.895,5.885,5.89,27
2026-01-02 09:48:00,5.89,5.89,5.8824,5.8824,4
2026-01-02 09:49:00,5.89,5.89,5.89,5.89,6
2026-01-02 09:50:00,5.9,5.9,5.89,5.89,14
2026-01-02 09:51:00,5.9,5.935,5.9,5.935,257
2026-01-02 09:52:00,5.935,5.946,5.92,5.925,86
2026-01-02 09:53:00,5.925,5.925,5.92,5.92,13
2026-01-02 09:54:00,5.93,5.93,5.93,5.93,1
2026-01-02 09:55:00,5.911,5.915,5.911,5.915,11
2026-01-02 09:56:00,5.915,5.94,5.91,5.94,171
2026-01-02 09:57:00,5.94,5.945,5.93,5.94,180
2026-01-02 09:58:00,5.938,5.94,5.935,5.94,131
2026-01-02 09:59:00,5.9399,5.95,5.9399,5.95,14
2026-01-02 10:00:00,5.95,5.975,5.95,5.96,493
2026-01-02 10:01:00,5.96,5.966,5.96,5.965,27
2026-01-02 10:02:00,5.96,5.96,5.925,5.925,128
2026-01-02 10:03:00,5.925,5.928,5.905,5.92,140
2026-01-02 10:04:00,5.9201,5.925,5.92,5.92,33
2026-01-02 10:05:00,5.925,5.925,5.915,5.915,168
2026-01-02 10:06:00,5.91,5.913,5.91,5.91,3
2026-01-02 10:07:00,5.91,5.91,5.9,5.9,35
2026-01-02 10:08:00,5.895,5.91,5.89,5.895,228
2026-01-02 10:09:00,5.89,5.895,5.87,5.87,185
2026-01-02 10:10:00,5.86,5.86,5.8532,5.855,40
2026-01-02 10:11:00,5.85,5.855,5.85,5.85,147
2026-01-02 10:12:00,5.8514,5.89,5.85,5.88,332
2026-01-02 10:13:00,5.875,5.875,5.875,5.875,16
2026-01-02 10:14:00,5.875,5.9,5.875,5.895,32
2026-01-02 10:15:00,5.89,5.895,5.885,5.892,47
2026-01-02 10:16:00,5.895,5.915,5.895,5.91,109
2026-01-02 10:17:00,5.91,5.91,5.89,5.89,52
2026-01-02 10:18:00,5.885,5.885,5.885,5.885,1
2026-01-02 10:19:00,5.8865,5.895,5.8865,5.895,23
2026-01-02 10:20:00,5.895,5.895,5.885,5.885,26
2026-01-02 10:21:00,5.885,5.8855,5.885,5.885,21
2026-01-02 10:22:00,5.885,5.885,5.88,5.885,26
2026-01-02 10:23:00,5.885,5.885,5.88,5.88,25
2026-01-02 10:24:00,5.88,5.885,5.88,5.88,8
2026-01-02 10:25:00,5.88,5.88,5.88,5.88,14
2026-01-02 10:26:00,5.885,5.885,5.88,5.885,7
2026-01-02 10:27:00,5.89,5.895,5.89,5.895,45
2026-01-02 10:28:00,5.898,5.915,5.895,5.915,166
2026-01-02 10:29:00,5.92,5.925,5.92,5.925,18
2026-01-02 10:30:00,5.92,5.92,5.915,5.915,6
2026-01-02 10:31:00,5.915,5.915,5.905,5.905,18
2026-01-02 10:32:00,5.91,5.9252,5.91,5.9252,53
2026-01-02 10:33:00,5.9252,5.9252,5.9252,5.9252,0
2026-01-02 10:34:00,5.93,5.96,5.93,5.96,154
2026-01-02 10:35:00,5.955,5.9585,5.955,5.9585,3
2026-01-02 10:36:00,5.96,5.965,5.945,5.945,105
2026-01-02 10:37:00,5.945,5.949,5.945,5.945,38
2026-01-02 10:38:00,5.945,5.945,5.935,5.945,30
2026-01-02 10:39:00,5.95,5.955,5.95,5.955,43
2026-01-02 10:40:00,5.95,5.955,5.945,5.945,99
2026-01-02 10:41:00,5.945,5.945,5.935,5.945,207
2026-01-02 10:42:00,5.945,5.955,5.945,5.955,90
2026-01-02 10:43:00,5.95,5.965,5.95,5.96,156
2026-01-02 10:44:00,5.96,5.98,5.96,5.98,42
2026-01-02 10:45:00,5.97,5.975,5.965,5.965,76
2026-01-02 10:46:00,5.961,5.98,5.961,5.9717,165
2026-01-02 10:47:00,5.9799,5.99,5.9797,5.985,172
2026-01-02 10:48:00,5.985,5.9912,5.98,5.9912,156
2026-01-02 10:49:00,5.9993,6.005,5.985,5.995,571
2026-01-02 10:50:00,5.998,6.005,5.995,6.0,292
2026-01-02 10:51:00,6.0,6.0,5.995,6.0,16
2026-01-02 10:52:00,5.995,6.0,5.9801,5.99,148
2026-01-02 10:53:00,5.9873,5.99,5.9873,5.99,66
2026-01-02 10:54:00,5.995,6.005,5.99,6.005,119
2026-01-02 10:55:00,6.005,6.005,6.005,6.005,30
2026-01-02 10:56:00,6.005,6.005,6.005,6.005,25
2026-01-02 10:57:00,6.01,6.025,6.01,6.015,255
2026-01-02 10:58:00,6.0101,6.015,6.005,6.005,28
2026-01-02 10:59:00,6.0,6.005,6.0,6.005,89
2026-01-02 11:00:00,6.005,6.005,6.0,6.005,10
2026-01-02 11:01:00,6.0,6.015,6.0,6.01,82
2026-01-02 11:02:00,6.015,6.035,6.015,6.03,48
2026-01-02 11:03:00,6.035,6.0399,6.025,6.025,59
2026-01-02 11:04:00,6.025,6.025,6.025,6.025,0
2026-01-02 11:05:00,6.0299,6.0299,6.015,6.015,35
2026-01-02 11:06:00,6.01,6.01,6.0001,6.005,109
2026-01-02 11:07:00,6.005,6.005,6.0,6.005,30
2026-01-02 11:08:00,6.005,6.005,6.0,6.0,34
2026-01-02 11:09:00,6.0,6.008,5.995,5.995,119
2026-01-02 11:10:00,5.995,6.01,5.995,6.005,112
2026-01-02 11:11:00,6.005,6.01,6.005,6.005,176
2026-01-02 11:12:00,6.005,6.005,6.0,6.005,44
2026-01-02 11:13:00,6.005,6.015,6.005,6.005,417
2026-01-02 11:14:00,6.006,6.006,6.0,6.0,12
2026-01-02 11:15:00,6.005,6.005,6.005,6.005,8
2026-01-02 11:16:00,6.005,6.005,6.005,6.005,3
2026-01-02 11:17:00,6.005,6.01,6.005,6.01,62
2026-01-02 11:18:00,6.0,6.02,5.985,6.02,297
2026-01-02 11:19:00,6.025,6.025,6.015,6.015,66
2026-01-02 11:20:00,6.015,6.015,6.015,6.015,6
2026-01-02 11:21:00,6.015,6.015,6.015,6.015,58
2026-01-02 11:22:00,6.015,6.02,6.01,6.015,29
2026-01-02 11:23:00,6.015,6.016,6.005,6.005,156
2026-01-02 11:24:00,6.0,6.01,6.0,6.005,56
2026-01-02 11:25:00,6.005,6.01,5.995,5.995,752
2026-01-02 11:26:00,6.0,6.03,5.99,6.03,147
2026-01-02 11:27:00,6.035,6.06,6.035,6.045,330
2026-01-02 11:28:00,6.05,6.115,6.05,6.1143,708
2026-01-02 11:29:00,6.11,6.1199,6.105,6.1132,451
2026-01-02 11:30:00,6.115,6.115,6.11,6.115,33
2026-01-02 11:31:00,6.1181,6.1181,6.105,6.115,129
2026-01-02 11:32:00,6.11,6.115,6.105,6.11,63
2026-01-02 11:33:00,6.114,6.1153,6.11,6.11,71
2026-01-02 11:34:00,6.115,6.15,6.115,6.15,831
2026-01-02 11:35:00,6.145,6.1756,6.1401,6.165,716
2026-01-02 11:36:00,6.16,6.16,6.125,6.125,208
2026-01-02 11:37:00,6.13,6.165,6.125,6.1647,214
2026-01-02 11:38:00,6.165,6.225,6.155,6.225,973
2026-01-02 11:39:00,6.225,6.26,6.225,6.255,623
2026-01-02 11:40:00,6.26,6.3,6.235,6.255,577
2026-01-02 11:41:00,6.2532,6.275,6.225,6.24,640
2026-01-02 11:42:00,6.245,6.27,6.245,6.265,270
2026-01-02 11:43:00,6.265,6.265,6.25,6.255,73
2026-01-02 11:44:00,6.255,6.2577,6.23,6.235,123
2026-01-02 11:45:00,6.23,6.3,6.22,6.2499,1026
2026-01-02 11:46:00,6.245,6.27,6.23,6.255,598
2026-01-02 11:47:00,6.255,6.29,6.25,6.2601,889
2026-01-02 11:48:00,6.266,6.35,6.265,6.307,1048
2026-01-02 11:49:00,6.305,6.31,6.24,6.245,1049
2026-01-02 11:50:00,6.245,6.325,6.245,6.285,1014
2026-01-02 11:51:00,6.285,6.285,6.255,6.285,1153
2026-01-02 11:52:00,6.285,6.305,6.28,6.305,657
2026-01-02 11:53:00,6.3018,6.369,6.3018,6.36,564
2026-01-02 11:54:00,6.365,6.3998,6.345,6.346,1300
2026-01-02 11:55:00,6.35,6.3701,6.345,6.35,677
2026-01-02 11:56:00,6.3495,6.36,6.3201,6.335,1041
2026-01-02 11:57:00,6.325,6.33,6.3,6.325,924
2026-01-02 11:58:00,6.3045,6.36,6.295,6.3069,1045
2026-01-02 11:59:00,6.2918,6.305,6.2816,6.2866,237
2026-01-02 12:00:00,6.28,6.305,6.275,6.3,474
2026-01-02 12:01:00,6.285,6.295,6.285,6.295,149
2026-01-02 12:02:00,6.295,6.34,6.28,6.335,593
2026-01-02 12:03:00,6.3343,6.3343,6.31,6.3101,106
2026-01-02 12:04:00,6.315,6.36,6.31,6.36,443
2026-01-02 12:05:00,6.35,6.35,6.33,6.345,92
2026-01-02 12:06:00,6.34,6.36,6.34,6.345,586
2026-01-02 12:07:00,6.33,6.36,6.325,6.345,796
2026-01-02 12:08:00,6.3487,6.35,6.335,6.341,427
2026-01-02 12:09:00,6.34,6.36,6.295,6.315,870
2026-01-02 12:10:00,6.315,6.35,6.26,6.266,934
2026-01-02 12:11:00,6.27,6.28,6.19,6.2,1164
2026-01-02 12:12:00,6.19,6.24,6.185,6.22,397
2026-01-02 12:13:00,6.22,6.255,6.22,6.22,158
2026-01-02 12:14:00,6.23,6.255,6.23,6.2532,143
2026-01-02 12:15:00,6.255,6.29,6.255,6.26,1550
2026-01-02 12:16:00,6.275,6.305,6.27,6.295,336
2026-01-02 12:17:00,6.305,6.3269,6.3,6.31,1345
2026-01-02 12:18:00,6.3101,6.325,6.285,6.285,280
2026-01-02 12:19:00,6.28,6.285,6.275,6.285,38
2026-01-02 12:20:00,6.285,6.285,6.2814,6.2835,6
2026-01-02 12:21:00,6.285,6.315,6.285,6.315,215
2026-01-02 12:22:00,6.315,6.335,6.3,6.3,774
2026-01-02 12:23:00,6.325,6.335,6.3095,6.33,320
2026-01-02 12:24:00,6.33,6.335,6.33,6.335,10
2026-01-02 12:25:00,6.335,6.335,6.32,6.32,97
2026-01-02 12:26:00,6.31,6.335,6.285,6.325,340
2026-01-02 12:27:00,6.324,6.35,6.32,6.345,1161
2026-01-02 12:28:00,6.3401,6.355,6.335,6.3401,111
2026-01-02 12:29:00,6.345,6.35,6.3403,6.3403,11
2026-01-02 12:30:00,6.345,6.345,6.315,6.315,40
2026-01-02 12:31:00,6.32,6.34,6.3195,6.33,116
2026-01-02 12:32:00,6.325,6.35,6.3201,6.345,247
2026-01-02 12:33:00,6.345,6.35,6.3417,6.345,71
2026-01-02 12:34:00,6.345,6.35,6.335,6.34,57
2026-01-02 12:35:00,6.335,6.34,6.335,6.34,26
2026-01-02 12:36:00,6.34,6.34,6.335,6.335,114
2026-01-02 12:37:00,6.34,6.3499,6.31,6.32,336
2026-01-02 12:38:00,6.31,6.3299,6.31,6.325,136
2026-01-02 12:39:00,6.3299,6.36,6.3299,6.34,306
2026-01-02 12:40:00,6.345,6.3771,6.345,6.3699,446
2026-01-02 12:41:00,6.3616,6.375,6.345,6.35,659
2026-01-02 12:42:00,6.35,6.375,6.3499,6.37,551
2026-01-02 12:43:00,6.37,6.37,6.35,6.355,355
2026-01-02 12:44:00,6.355,6.355,6.335,6.335,82
2026-01-02 12:45:00,6.33,6.35,6.325,6.345,402
2026-01-02 12:46:00,6.345,6.3484,6.34,6.345,87
2026-01-02 12:47:00,6.35,6.35,6.35,6.35,1
2026-01-02 12:48:00,6.34,6.34,6.3301,6.3301,44
2026-01-02 12:49:00,6.33,6.33,6.315,6.3214,110
2026-01-02 12:50:00,6.32,6.325,6.305,6.31,93
2026-01-02 12:51:00,6.31,6.33,6.31,6.33,217
2026-01-02 12:52:00,6.345,6.345,6.33,6.34,163
2026-01-02 12:53:00,6.345,6.35,6.34,6.35,122
2026-01-02 12:54:00,6.345,6.37,6.345,6.355,308
2026-01-02 12:55:00,6.355,6.36,6.3545,6.3545,30
2026-01-02 12:56:00,6.35,6.35,6.34,6.34,32
2026-01-02 12:57:00,6.345,6.345,6.332,6.345,388
2026-01-02 12:58:00,6.345,6.35,6.3212,6.335,724
2026-01-02 12:59:00,6.335,6.35,6.335,6.335,449
2026-01-02 13:00:00,6.33,6.345,6.325,6.33,433
2026-01-02 13:01:00,6.325,6.33,6.3201,6.3201,27
2026-01-02 13:02:00,6.325,6.325,6.315,6.315,21
2026-01-02 13:03:00,6.3,6.3,6.28,6.288,187
2026-01-02 13:04:00,6.29,6.31,6.29,6.295,166
2026-01-02 13:05:00,6.2907,6.295,6.28,6.2884,118
2026-01-02 13:06:00,6.2885,6.2885,6.285,6.2884,21
2026-01-02 13:07:00,6.29,6.3,6.29,6.295,281
2026-01-02 13:08:00,6.295,6.295,6.285,6.285,15
2026-01-02 13:09:00,6.285,6.32,6.285,6.32,297
2026-01-02 13:10:00,6.32,6.32,6.305,6.305,100
2026-01-02 13:11:00,6.3,6.3,6.3,6.3,2
2026-01-02 13:12:00,6.3,6.305,6.3,6.3,34
2026-01-02 13:13:00,6.305,6.315,6.295,6.315,351
2026-01-02 13:14:00,6.315,6.35,6.315,6.34,145
2026-01-02 13:15:00,6.3305,6.3305,6.325,6.325,28
2026-01-02 13:16:00,6.325,6.3382,6.325,6.325,372
2026-01-02 13:17:00,6.33,6.335,6.33,6.335,27
2026-01-02 13:18:00,6.335,6.335,6.3267,6.3267,33
2026-01-02 13:19:00,6.33,6.335,6.325,6.335,44
2026-01-02 13:20:00,6.3345,6.335,6.33,6.335,16
2026-01-02 13:21:00,6.335,6.365,6.3349,6.3539,365
2026-01-02 13:22:00,6.3599,6.3599,6.355,6.355,33
2026-01-02 13:23:00,6.355,6.355,6.34,6.34,126
2026-01-02 13:24:00,6.33,6.335,6.325,6.325,21
2026-01-02 13:25:00,6.32,6.33,6.295,6.325,401
2026-01-02 13:26:00,6.32,6.32,6.315,6.32,28
2026-01-02 13:27:00,6.32,6.32,6.32,6.32,6
2026-01-02 13:28:00,6.3101,6.325,6.3101,6.325,24
2026-01-02 13:29:00,6.33,6.335,6.33,6.335,18
2026-01-02 13:30:00,6.335,6.335,6.3,6.3,117
2026-01-02 13:31:00,6.3,6.3001,6.3,6.3001,6
2026-01-02 13:32:00,6.3,6.31,6.26,6.31,655
2026-01-02 13:33:00,6.3,6.3,6.295,6.295,55
2026-01-02 13:34:00,6.295,6.295,6.29,6.295,30
2026-01-02 13:35:00,6.29,6.29,6.275,6.275,21
2026-01-02 13:36:00,6.28,6.305,6.28,6.305,68
2026-01-02 13:37:00,6.305,6.31,6.295,6.3,207
2026-01-02 13:38:00,6.295,6.31,6.295,6.305,123
2026-01-02 13:39:00,6.305,6.305,6.295,6.295,42
2026-01-02 13:40:00,6.295,6.295,6.29,6.295,19
2026-01-02 13:41:00,6.29,6.2947,6.29,6.2947,7
2026-01-02 13:42:00,6.29,6.29,6.29,6.29,10
2026-01-02 13:43:00,6.285,6.285,6.275,6.276,67
2026-01-02 13:44:00,6.27,6.27,6.27,6.27,6
2026-01-02 13:45:00,6.275,6.275,6.265,6.27,90
2026-01-02 13:46:00,6.28,6.28,6.2784,6.28,11
2026-01-02 13:47:00,6.275,6.275,6.275,6.275,17
2026-01-02 13:48:00,6.275,6.275,6.265,6.265,73
2026-01-02 13:49:00,6.2693,6.2693,6.2693,6.2693,1
2026-01-02 13:50:00,6.261,6.261,6.255,6.255,38
2026-01-02 13:51:00,6.255,6.255,6.25,6.25,13
2026-01-02 13:52:00,6.255,6.26,6.25,6.255,5
2026-01-02 13:53:00,6.255,6.255,6.24,6.245,56
2026-01-02 13:54:00,6.245,6.25,6.235,6.235,83
2026-01-02 13:55:00,6.23,6.23,6.21,6.215,200
2026-01-02 13:56:00,6.215,6.215,6.16,6.165,621
2026-01-02 13:57:00,6.17,6.19,6.1699,6.185,233
2026-01-02 13:58:00,6.185,6.185,6.16,6.175,366
2026-01-02 13:59:00,6.18,6.21,6.18,6.205,399
2026-01-02 14:00:00,6.205,6.205,6.1705,6.185,456
2026-01-02 14:01:00,6.185,6.185,6.185,6.185,20
2026-01-02 14:02:00,6.185,6.19,6.165,6.185,547
2026-01-02 14:03:00,6.185,6.2,6.185,6.2,61
2026-01-02 14:04:00,6.2,6.205,6.2,6.205,65
2026-01-02 14:05:00,6.205,6.215,6.185,6.205,205
2026-01-02 14:06:00,6.2099,6.215,6.2099,6.215,108
2026-01-02 14:07:00,6.215,6.22,6.215,6.215,43
2026-01-02 14:08:00,6.215,6.215,6.2132,6.215,41
2026-01-02 14:09:00,6.215,6.215,6.215,6.215,8
2026-01-02 14:10:00,6.215,6.215,6.205,6.205,22
2026-01-02 14:11:00,6.205,6.23,6.205,6.22,130
2026-01-02 14:12:00,6.22,6.225,6.22,6.225,33
2026-01-02 14:13:00,6.23,6.245,6.23,6.245,39
2026-01-02 14:14:00,6.245,6.245,6.245,6.245,1
2026-01-02 14:15:00,6.245,6.245,6.235,6.235,25
2026-01-02 14:16:00,6.235,6.235,6.23,6.23,12
2026-01-02 14:17:00,6.23,6.23,6.225,6.225,20
2026-01-02 14:18:00,6.225,6.225,6.215,6.215,24
2026-01-02 14:19:00,6.215,6.215,6.215,6.215,7
2026-01-02 14:20:00,6.215,6.215,6.215,6.215,10
2026-01-02 14:21:00,6.215,6.215,6.215,6.215,4
2026-01-02 14:22:00,6.22,6.2355,6.22,6.235,114
2026-01-02 14:23:00,6.235,6.235,6.235,6.235,107
2026-01-02 14:24:00,6.235,6.255,6.235,6.25,76
2026-01-02 14:25:00,6.25,6.25,6.245,6.245,30
2026-01-02 14:26:00,6.245,6.245,6.235,6.235,72
2026-01-02 14:27:00,6.235,6.235,6.23,6.23,2
2026-01-02 14:28:00,6.235,6.235,6.23,6.235,6
2026-01-02 14:29:00,6.235,6.235,6.225,6.2299,32
2026-01-02 14:30:00,6.225,6.225,6.22,6.22,15
2026-01-02 14:31:00,6.215,6.22,6.21,6.215,49
2026-01-02 14:32:00,6.215,6.225,6.215,6.22,82
2026-01-02 14:33:00,6.23,6.245,6.228,6.245,109
2026-01-02 14:34:00,6.245,6.2598,6.245,6.2598,159
2026-01-02 14:35:00,6.26,6.26,6.258,6.2591,77
2026-01-02 14:36:00,6.26,6.275,6.25,6.25,356
2026-01-02 14:37:00,6.26,6.26,6.26,6.26,7
2026-01-02 14:38:00,6.265,6.27,6.265,6.27,54
2026-01-02 14:39:00,6.265,6.265,6.265,6.265,7
2026-01-02 14:40:00,6.26,6.2692,6.26,6.265,30
2026-01-02 14:41:00,6.26,6.265,6.26,6.265,16
2026-01-02 14:42:00,6.265,6.265,6.26,6.26,9
2026-01-02 14:43:00,6.265,6.27,6.26,6.26,21
2026-01-02 14:44:00,6.255,6.26,6.255,6.26,6
2026-01-02 14:45:00,6.255,6.265,6.255,6.265,71
2026-01-02 14:46:00,6.2699,6.2699,6.255,6.26,15
2026-01-02 14:47:00,6.255,6.255,6.255,6.255,15
2026-01-02 14:48:00,6.255,6.26,6.255,6.255,86
2026-01-02 14:49:00,6.255,6.265,6.255,6.265,71
2026-01-02 14:50:00,6.265,6.265,6.265,6.265,0
2026-01-02 14:51:00,6.265,6.265,6.265,6.265,8
2026-01-02 14:52:00,6.265,6.265,6.2641,6.265,64
2026-01-02 14:53:00,6.26,6.265,6.255,6.255,34
2026-01-02 14:54:00,6.255,6.2599,6.25,6.2599,13
2026-01-02 14:55:00,6.255,6.255,6.245,6.245,51
2026-01-02 14:56:00,6.245,6.245,6.245,6.245,11
2026-01-02 14:57:00,6.24,6.29,6.24,6.265,1106
2026-01-02 14:58:00,6.26,6.265,6.255,6.255,37
2026-01-02 14:59:00,6.255,6.27,6.255,6.266,110
2026-01-02 15:00:00,6.265,6.265,6.255,6.255,16
2026-01-02 15:01:00,6.25,6.25,6.2423,6.25,20
2026-01-02 15:02:00,6.2403,6.28,6.2403,6.28,192
2026-01-02 15:03:00,6.28,6.28,6.2799,6.2799,3
2026-01-02 15:04:00,6.2754,6.2754,6.2729,6.275,23
2026-01-02 15:05:00,6.2715,6.275,6.2715,6.275,13
2026-01-02 15:06:00,6.275,6.275,6.2715,6.275,41
2026-01-02 15:07:00,6.275,6.28,6.275,6.275,106
2026-01-02 15:08:00,6.27,6.28,6.26,6.26,229
2026-01-02 15:09:00,6.26,6.26,6.225,6.225,149
2026-01-02 15:10:00,6.225,6.225,6.225,6.225,5
2026-01-02 15:11:00,6.225,6.245,6.225,6.235,139
2026-01-02 15:12:00,6.23,6.2301,6.22,6.22,99
2026-01-02 15:13:00,6.215,6.215,6.215,6.215,14
2026-01-02 15:14:00,6.215,6.215,6.215,6.215,32
2026-01-02 15:15:00,6.21,6.21,6.205,6.2066,24
2026-01-02 15:16:00,6.205,6.205,6.205,6.205,12
2026-01-02 15:17:00,6.205,6.215,6.205,6.215,37
2026-01-02 15:18:00,6.215,6.215,6.215,6.215,4
2026-01-02 15:19:00,6.215,6.215,6.215,6.215,29
2026-01-02 15:20:00,6.22,6.23,6.215,6.23,97
2026-01-02 15:21:00,6.225,6.23,6.225,6.225,10
2026-01-02 15:22:00,6.225,6.225,6.19,6.195,375
2026-01-02 15:23:00,6.195,6.205,6.19,6.2,475
2026-01-02 15:24:00,6.2,6.2,6.195,6.195,4
2026-01-02 15:25:00,6.195,6.195,6.195,6.195,0
2026-01-02 15:26:00,6.195,6.195,6.19,6.19,36
2026-01-02 15:27:00,6.19,6.19,6.185,6.185,194
2026-01-02 15:28:00,6.185,6.19,6.185,6.185,11
2026-01-02 15:29:00,6.185,6.19,6.18,6.18,70
2026-01-02 15:30:00,6.185,6.185,6.175,6.185,112
2026-01-02 15:31:00,6.185,6.185,6.18,6.185,30
2026-01-02 15:32:00,6.185,6.195,6.185,6.185,222
2026-01-02 15:33:00,6.185,6.1856,6.175,6.18,65
2026-01-02 15:34:00,6.175,6.175,6.165,6.165,193
2026-01-02 15:35:00,6.1615,6.165,6.15,6.155,184
2026-01-02 15:36:00,6.155,6.155,6.14,6.14,140
2026-01-02 15:37:00,6.14,6.14,6.13,6.1339,63
2026-01-02 15:38:00,6.135,6.14,6.13,6.135,135
2026-01-02 15:39:00,6.13,6.135,6.13,6.135,49
2026-01-02 15:40:00,6.13,6.135,6.13,6.135,23
2026-01-02 15:41:00,6.135,6.135,6.13,6.135,64
2026-01-02 15:42:00,6.135,6.145,6.125,6.145,297
2026-01-02 15:43:00,6.145,6.145,6.135,6.135,16
2026-01-02 15:44:00,6.13,6.13,6.125,6.125,40
2026-01-02 15:45:00,6.125,6.128,6.12,6.125,143
2026-01-02 15:46:00,6.125,6.15,6.125,6.15,240
2026-01-02 15:47:00,6.145,6.145,6.14,6.1415,16
2026-01-02 15:48:00,6.145,6.145,6.13,6.1344,88
2026-01-02 15:49:00,6.13,6.135,6.125,6.135,230
2026-01-02 15:50:00,6.135,6.14,6.13,6.135,339
2026-01-02 15:51:00,6.1301,6.135,6.1217,6.1217,127
2026-01-02 15:52:00,6.13,6.13,6.12,6.125,28
2026-01-02 15:53:00,6.125,6.1255,6.1215,6.1215,51
2026-01-02 15:54:00,6.125,6.14,6.1215,6.135,444
2026-01-02 15:55:00,6.14,6.1456,6.135,6.1456,199
2026-01-02 15:56:00,6.145,6.145,6.125,6.1301,559
2026-01-02 15:57:00,6.135,6.14,6.125,6.125,389
2026-01-02 15:58:00,6.125,6.145,6.12,6.145,942
2026-01-02 15:59:00,6.15,6.16,6.14,6.145,812
2026-01-05 09:30:00,6.16,6.2,6.16,6.19,528
2026-01-05 09:31:00,6.175,6.24,6.175,6.22,27
2026-01-05 09:32:00,6.215,6.22,6.13,6.15,330
2026-01-05 09:33:00,6.15,6.175,6.12,6.135,182
2026-01-05 09:34:00,6.135,6.15,6.13,6.1301,167
2026-01-05 09:35:00,6.13,6.145,6.11,6.11,410
2026-01-05 09:36:00,6.12,6.12,6.08,6.085,642
2026-01-05 09:37:00,6.09,6.095,6.08,6.085,282
2026-01-05 09:38:00,6.08,6.08,6.0499,6.0518,365
2026-01-05 09:39:00,6.06,6.065,6.0401,6.06,226
2026-01-05 09:40:00,6.07,6.085,6.06,6.07,298
2026-01-05 09:41:00,6.07,6.07,6.04,6.055,388
2026-01-05 09:42:00,6.05,6.05,6.025,6.03,61
2026-01-05 09:43:00,6.03,6.04,6.025,6.03,116
2026-01-05 09:44:00,6.0228,6.06,6.0228,6.045,291
2026-01-05 09:45:00,6.04,6.136,6.038,6.136,492
2026-01-05 09:46:00,6.13,6.16,6.13,6.135,135
2026-01-05 09:47:00,6.14,6.145,6.13,6.13,56
2026-01-05 09:48:00,6.1237,6.125,6.08,6.08,322
2026-01-05 09:49:00,6.085,6.095,6.085,6.09,82
2026-01-05 09:50:00,6.09,6.09,6.03,6.03,392
2026-01-05 09:51:00,6.03,6.045,6.0,6.03,449
2026-01-05 09:52:00,6.0371,6.0371,6.0216,6.025,163
2026-01-05 09:53:00,6.02,6.03,6.005,6.015,300
2026-01-05 09:54:00,6.015,6.04,6.01,6.03,201
2026-01-05 09:55:00,6.03,6.035,6.02,6.02,345
2026-01-05 09:56:00,6.025,6.035,6.02,6.03,277
2026-01-05 09:57:00,6.025,6.025,6.015,6.02,210
2026-01-05 09:58:00,6.015,6.015,6.005,6.01,290
2026-01-05 09:59:00,6.015,6.02,6.005,6.01,53
2026-01-05 10:00:00,6.01,6.01,5.975,5.995,924
2026-01-05 10:01:00,5.9949,6.005,5.99,6.005,72
2026-01-05 10:02:00,6.005,6.005,5.985,5.99,70
2026-01-05 10:03:00,5.995,6.0,5.995,5.995,54
2026-01-05 10:04:00,6.0,6.005,5.965,5.975,232
2026-01-05 10:05:00,5.98,5.98,5.98,5.98,14
2026-01-05 10:06:00,5.98,5.98,5.92,5.93,1053
2026-01-05 10:07:00,5.9368,5.95,5.9368,5.94,126
2026-01-05 10:08:00,5.935,5.94,5.92,5.92,85
2026-01-05 10:09:00,5.925,5.97,5.925,5.965,458
2026-01-05 10:10:00,5.9699,5.9699,5.945,5.945,2347
2026-01-05 10:11:00,5.95,5.97,5.945,5.965,331
2026-01-05 10:12:00,5.96,6.02,5.955,6.005,775
2026-01-05 10:13:00,5.99,6.02,5.985,5.995,619
2026-01-05 10:14:00,5.99,5.99,5.9701,5.975,165
2026-01-05 10:15:00,5.98,5.98,5.955,5.96,300
2026-01-05 10:16:00,5.95,5.955,5.95,5.95,27
2026-01-05 10:17:00,5.95,5.955,5.945,5.945,255
2026-01-05 10:18:00,5.94,5.945,5.935,5.935,87
2026-01-05 10:19:00,5.935,5.935,5.92,5.925,26
2026-01-05 10:20:00,5.92,5.925,5.92,5.925,29
2026-01-05 10:21:00,5.925,5.925,5.915,5.915,100
2026-01-05 10:22:00,5.915,5.945,5.915,5.935,290
2026-01-05 10:23:00,5.935,5.935,5.88,5.885,482
2026-01-05 10:24:00,5.88,5.8986,5.88,5.895,299
2026-01-05 10:25:00,5.89,5.89,5.86,5.865,507
2026-01-05 10:26:00,5.86,5.86,5.82,5.835,978
2026-01-05 10:27:00,5.835,5.8397,5.835,5.835,14
2026-01-05 10:28:00,5.835,5.855,5.835,5.845,105
2026-01-05 10:29:00,5.845,5.85,5.8445,5.845,193
2026-01-05 10:30:00,5.845,5.845,5.83,5.83,176
2026-01-05 10:31:00,5.83,5.85,5.82,5.82,243
2026-01-05 10:32:00,5.82,5.8285,5.8,5.8,154
2026-01-05 10:33:00,5.81,5.81,5.695,5.705,3585
2026-01-05 10:34:00,5.7,5.715,5.65,5.6675,416
2026-01-05 10:35:00,5.675,5.7,5.66,5.675,871
2026-01-05 10:36:00,5.67,5.715,5.65,5.7097,485
2026-01-05 10:37:00,5.705,5.7099,5.675,5.695,387
2026-01-05 10:38:00,5.7,5.725,5.695,5.708,393
2026-01-05 10:39:00,5.705,5.7699,5.705,5.7699,184
2026-01-05 10:40:00,5.77,5.78,5.76,5.7785,238
2026-01-05 10:41:00,5.775,5.795,5.7699,5.77,695
2026-01-05 10:42:00,5.7698,5.7798,5.765,5.765,60
2026-01-05 10:43:00,5.7649,5.77,5.754,5.765,224
2026-01-05 10:44:00,5.765,5.77,5.755,5.77,53
2026-01-05 10:45:00,5.78,5.785,5.755,5.76,368
2026-01-05 10:46:00,5.7581,5.78,5.755,5.775,113
2026-01-05 10:47:00,5.775,5.78,5.77,5.775,30
2026-01-05 10:48:00,5.775,5.78,5.74,5.74,174
2026-01-05 10:49:00,5.745,5.745,5.72,5.725,40
2026-01-05 10:50:00,5.72,5.755,5.705,5.705,205
2026-01-05 10:51:00,5.71,5.73,5.7,5.72,352
2026-01-05 10:52:00,5.72,5.72,5.715,5.72,27
2026-01-05 10:53:00,5.715,5.73,5.715,5.725,61
2026-01-05 10:54:00,5.725,5.725,5.725,5.725,3
2026-01-05 10:55:00,5.7269,5.74,5.7029,5.7029,119
2026-01-05 10:56:00,5.7099,5.71,5.698,5.7,130
2026-01-05 10:57:00,5.695,5.725,5.6901,5.705,318
2026-01-05 10:58:00,5.71,5.71,5.705,5.71,5
2026-01-05 10:59:00,5.71,5.71,5.69,5.695,154
2026-01-05 11:00:00,5.695,5.705,5.68,5.705,119
2026-01-05 11:01:00,5.71,5.73,5.71,5.71,225
2026-01-05 11:02:00,5.715,5.73,5.715,5.73,70
2026-01-05 11:03:00,5.726,5.735,5.695,5.695,185
2026-01-05 11:04:00,5.7,5.7099,5.7,5.705,26
2026-01-05 11:05:00,5.705,5.71,5.68,5.68,163
2026-01-05 11:06:00,5.6894,5.69,5.6797,5.6799,207
2026-01-05 11:07:00,5.675,5.6798,5.675,5.675,16
2026-01-05 11:08:00,5.675,5.675,5.65,5.66,368
2026-01-05 11:09:00,5.66,5.72,5.66,5.715,443
2026-01-05 11:10:00,5.715,5.72,5.698,5.705,153
2026-01-05 11:11:00,5.71,5.73,5.705,5.71,268
2026-01-05 11:12:00,5.72,5.725,5.698,5.698,123
2026-01-05 11:13:00,5.7,5.705,5.69,5.695,124
2026-01-05 11:14:00,5.6912,5.699,5.685,5.6897,30
2026-01-05 11:15:00,5.685,5.7,5.685,5.69,53
2026-01-05 11:16:00,5.695,5.695,5.69,5.69,4
2026-01-05 11:17:00,5.695,5.71,5.685,5.705,120
2026-01-05 11:18:00,5.7,5.7,5.69,5.7,95
2026-01-05 11:19:00,5.695,5.7,5.6901,5.7,67
2026-01-05 11:20:00,5.695,5.705,5.6932,5.7,243
2026-01-05 11:21:00,5.695,5.71,5.694,5.6975,224
2026-01-05 11:22:00,5.6984,5.7087,5.695,5.705,156
2026-01-05 11:23:00,5.705,5.71,5.69,5.695,203
2026-01-05 11:24:00,5.695,5.7,5.6866,5.7,357
2026-01-05 11:25:00,5.6984,5.6999,5.68,5.685,70
2026-01-05 11:26:00,5.685,5.6899,5.68,5.685,135
2026-01-05 11:27:00,5.685,5.6985,5.685,5.69,54
2026-01-05 11:28:00,5.7,5.7199,5.695,5.7199,1016
2026-01-05 11:29:00,5.715,5.76,5.71,5.76,702
2026-01-05 11:30:00,5.75,5.755,5.745,5.75,68
2026-01-05 11:31:00,5.745,5.745,5.725,5.725,52
2026-01-05 11:32:00,5.729,5.729,5.715,5.715,58
2026-01-05 11:33:00,5.71,5.715,5.705,5.705,140
2026-01-05 11:34:00,5.7001,5.705,5.695,5.705,277
2026-01-05 11:35:00,5.7,5.7,5.6945,5.695,89
2026-01-05 11:36:00,5.695,5.695,5.682,5.685,33
2026-01-05 11:37:00,5.685,5.7099,5.685,5.705,183
2026-01-05 11:38:00,5.705,5.735,5.705,5.735,196
2026-01-05 11:39:00,5.74,5.745,5.735,5.735,56
2026-01-05 11:40:00,5.735,5.745,5.735,5.74,55
2026-01-05 11:41:00,5.7343,5.74,5.7343,5.74,17
2026-01-05 11:42:00,5.74,5.77,5.74,5.77,328
2026-01-05 11:43:00,5.77,5.79,5.7665,5.79,117
2026-01-05 11:44:00,5.79,5.79,5.7727,5.775,155
2026-01-05 11:45:00,5.7745,5.78,5.765,5.765,291
2026-01-05 11:46:00,5.765,5.765,5.765,5.765,14
2026-01-05 11:47:00,5.76,5.78,5.76,5.78,192
2026-01-05 11:48:00,5.775,5.7768,5.76,5.765,131
2026-01-05 11:49:00,5.77,5.77,5.76,5.765,12
2026-01-05 11:50:00,5.765,5.77,5.7601,5.77,33
2026-01-05 11:51:00,5.765,5.78,5.765,5.78,146
2026-01-05 11:52:00,5.775,5.775,5.775,5.775,58
2026-01-05 11:53:00,5.775,5.775,5.77,5.77,103
2026-01-05 11:54:00,5.765,5.775,5.76,5.765,281
2026-01-05 11:55:00,5.77,5.77,5.77,5.77,1
2026-01-05 11:56:00,5.765,5.775,5.765,5.775,66
2026-01-05 11:57:00,5.775,5.775,5.765,5.765,54
2026-01-05 11:58:00,5.765,5.775,5.765,5.775,67
2026-01-05 11:59:00,5.775,5.775,5.775,5.775,9
2026-01-05 12:00:00,5.78,5.78,5.78,5.78,12
2026-01-05 12:01:00,5.78,5.8,5.775,5.785,1534
2026-01-05 12:02:00,5.785,5.785,5.765,5.765,1187
2026-01-05 12:03:00,5.765,5.79,5.765,5.7884,370
2026-01-05 12:04:00,5.785,5.795,5.785,5.785,541
2026-01-05 12:05:00,5.79,5.7999,5.7899,5.795,133
2026-01-05 12:06:00,5.795,5.81,5.79,5.81,322
2026-01-05 12:07:00,5.805,5.825,5.805,5.8211,136
2026-01-05 12:08:00,5.825,5.8283,5.815,5.815,409
2026-01-05 12:09:00,5.815,5.855,5.815,5.83,471
2026-01-05 12:10:00,5.83,5.835,5.815,5.83,423
2026-01-05 12:11:00,5.835,5.835,5.8301,5.8301,5
2026-01-05 12:12:00,5.835,5.845,5.835,5.8415,44
2026-01-05 12:13:00,5.84,5.845,5.82,5.82,141
2026-01-05 12:14:00,5.82,5.825,5.815,5.815,49
2026-01-05 12:15:00,5.81,5.8155,5.81,5.81,181
2026-01-05 12:16:00,5.81,5.81,5.805,5.805,146
2026-01-05 12:17:00,5.805,5.805,5.8,5.805,66
2026-01-05 12:18:00,5.805,5.8099,5.8,5.8,5
2026-01-05 12:19:00,5.805,5.805,5.805,5.805,21
2026-01-05 12:20:00,5.805,5.815,5.8,5.815,75
2026-01-05 12:21:00,5.815,5.815,5.815,5.815,3
2026-01-05 12:22:00,5.82,5.82,5.8135,5.8135,25
2026-01-05 12:23:00,5.82,5.825,5.82,5.82,33
2026-01-05 12:24:00,5.82,5.82,5.815,5.82,85
2026-01-05 12:25:00,5.82,5.82,5.815,5.815,3
2026-01-05 12:26:00,5.815,5.825,5.81,5.825,40
2026-01-05 12:27:00,5.825,5.835,5.825,5.833,113
2026-01-05 12:28:00,5.835,5.835,5.83,5.83,20
2026-01-05 12:29:00,5.84,5.86,5.84,5.8497,170
2026-01-05 12:30:00,5.845,5.845,5.835,5.84,25
2026-01-05 12:31:00,5.84,5.84,5.84,5.84,0
2026-01-05 12:32:00,5.845,5.865,5.845,5.85,185
2026-01-05 12:33:00,5.855,5.855,5.84,5.845,49
2026-01-05 12:34:00,5.85,5.85,5.85,5.85,10
2026-01-05 12:35:00,5.855,5.88,5.855,5.865,194
2026-01-05 12:36:00,5.865,5.87,5.865,5.865,35
2026-01-05 12:37:00,5.86,5.865,5.86,5.865,17
2026-01-05 12:38:00,5.865,5.865,5.855,5.855,24
2026-01-05 12:39:00,5.86,5.86,5.86,5.86,45
2026-01-05 12:40:00,5.865,5.865,5.865,5.865,6
2026-01-05 12:41:00,5.87,5.875,5.87,5.875,73
2026-01-05 12:42:00,5.875,5.88,5.875,5.875,15
2026-01-05 12:43:00,5.8794,5.88,5.855,5.855,329
2026-01-05 12:44:00,5.855,5.88,5.855,5.855,1118
2026-01-05 12:45:00,5.855,5.88,5.85,5.88,1058
2026-01-05 12:46:00,5.88,5.8818,5.865,5.88,551
2026-01-05 12:47:00,5.885,5.9088,5.885,5.9,224
2026-01-05 12:48:00,5.9,5.92,5.9,5.92,557
2026-01-05 12:49:00,5.915,5.94,5.905,5.94,546
2026-01-05 12:50:00,5.94,5.94,5.905,5.93,309
2026-01-05 12:51:00,5.93,5.945,5.915,5.92,463
2026-01-05 12:52:00,5.91,5.94,5.905,5.905,168
2026-01-05 12:53:00,5.905,5.905,5.905,5.905,17
2026-01-05 12:54:00,5.905,5.905,5.89,5.89,27
2026-01-05 12:55:00,5.88,5.9,5.88,5.88,77
2026-01-05 12:56:00,5.875,5.875,5.86,5.865,22
2026-01-05 12:57:00,5.865,5.865,5.865,5.865,7
2026-01-05 12:58:00,5.865,5.8655,5.855,5.86,42
2026-01-05 12:59:00,5.865,5.87,5.865,5.87,213
2026-01-05 13:00:00,5.875,5.875,5.875,5.875,22
2026-01-05 13:01:00,5.8772,5.8772,5.87,5.875,10
2026-01-05 13:02:00,5.875,5.875,5.865,5.875,64
2026-01-05 13:03:00,5.875,5.875,5.87,5.875,45
2026-01-05 13:04:00,5.875,5.875,5.875,5.875,0
2026-01-05 13:05:00,5.875,5.875,5.875,5.875,6
2026-01-05 13:06:00,5.875,5.91,5.875,5.905,124
2026-01-05 13:07:00,5.905,5.905,5.905,5.905,3
2026-01-05 13:08:00,5.905,5.905,5.905,5.905,11
2026-01-05 13:09:00,5.905,5.91,5.905,5.905,8
2026-01-05 13:10:00,5.905,5.91,5.905,5.905,6
2026-01-05 13:11:00,5.91,5.915,5.9083,5.915,151
2026-01-05 13:12:00,5.915,5.915,5.91,5.915,23
2026-01-05 13:13:00,5.9151,5.9151,5.905,5.91,122
2026-01-05 13:14:00,5.905,5.905,5.905,5.905,1
2026-01-05 13:15:00,5.905,5.905,5.905,5.905,13
2026-01-05 13:16:00,5.91,5.925,5.91,5.925,75
2026-01-05 13:17:00,5.925,5.9399,5.925,5.925,106
2026-01-05 13:18:00,5.925,5.93,5.9245,5.93,16
2026-01-05 13:19:00,5.9272,5.93,5.9201,5.925,48
2026-01-05 13:20:00,5.925,5.925,5.91,5.916,79
2026-01-05 13:21:00,5.915,5.92,5.915,5.92,3
2026-01-05 13:22:00,5.915,5.915,5.915,5.915,6
2026-01-05 13:23:00,5.915,5.915,5.91,5.915,25
2026-01-05 13:24:00,5.915,5.915,5.915,5.915,9
2026-01-05 13:25:00,5.915,5.925,5.915,5.925,34
2026-01-05 13:26:00,5.92,5.93,5.92,5.93,35
2026-01-05 13:27:00,5.922,5.9285,5.92,5.9232,61
2026-01-05 13:28:00,5.925,5.925,5.925,5.925,3
2026-01-05 13:29:00,5.92,5.925,5.915,5.915,66
2026-01-05 13:30:00,5.91,5.91,5.905,5.9071,43
2026-01-05 13:31:00,5.905,5.905,5.9,5.9,41
2026-01-05 13:32:00,5.895,5.895,5.895,5.895,1
2026-01-05 13:33:00,5.895,5.905,5.895,5.905,81
2026-01-05 13:34:00,5.9,5.905,5.9,5.9017,34
2026-01-05 13:35:00,5.9017,5.9017,5.9017,5.9017,0
2026-01-05 13:36:00,5.9,5.905,5.9,5.905,35
2026-01-05 13:37:00,5.9061,5.9061,5.9048,5.9048,4
2026-01-05 13:38:00,5.905,5.905,5.905,5.905,11
2026-01-05 13:39:00,5.905,5.9099,5.905,5.9099,46
2026-01-05 13:40:00,5.905,5.91,5.905,5.91,17
2026-01-05 13:41:00,5.905,5.905,5.905,5.905,8
2026-01-05 13:42:00,5.905,5.905,5.905,5.905,9
2026-01-05 13:43:00,5.905,5.91,5.905,5.91,12
2026-01-05 13:44:00,5.905,5.91,5.905,5.905,25
2026-01-05 13:45:00,5.905,5.915,5.895,5.895,157
2026-01-05 13:46:00,5.895,5.898,5.895,5.8955,14
2026-01-05 13:47:00,5.9,5.915,5.9,5.915,77
2026-01-05 13:48:00,5.91,5.91,5.9,5.905,12
2026-01-05 13:49:00,5.9098,5.9098,5.9097,5.9097,11
2026-01-05 13:50:00,5.91,5.93,5.91,5.925,117
2026-01-05 13:51:00,5.925,5.93,5.92,5.925,22
2026-01-05 13:52:00,5.925,5.925,5.9236,5.925,21
2026-01-05 13:53:00,5.92,5.93,5.915,5.93,137
2026-01-05 13:54:00,5.935,5.9374,5.935,5.935,20
2026-01-05 13:55:00,5.94,5.94,5.94,5.94,1
2026-01-05 13:56:00,5.94,5.945,5.94,5.945,48
2026-01-05 13:57:00,5.945,5.95,5.945,5.95,34
2026-01-05 13:58:00,5.945,5.945,5.94,5.94,67
2026-01-05 13:59:00,5.93,5.93,5.93,5.93,6
2026-01-05 14:00:00,5.935,5.935,5.935,5.935,6
2026-01-05 14:01:00,5.935,5.935,5.935,5.935,7
2026-01-05 14:02:00,5.935,5.955,5.935,5.955,114
2026-01-05 14:03:00,5.955,5.97,5.955,5.965,60
2026-01-05 14:04:00,5.97,5.97,5.965,5.965,9
2026-01-05 14:05:00,5.965,5.98,5.965,5.98,41
2026-01-05 14:06:00,5.975,5.9799,5.975,5.975,12
2026-01-05 14:07:00,5.975,5.995,5.975,5.995,61
2026-01-05 14:08:00,5.995,6.0,5.99,6.0,85
2026-01-05 14:09:00,6.0,6.0,5.995,5.995,11
2026-01-05 14:10:00,5.995,6.02,5.995,6.02,509
2026-01-05 14:11:00,6.025,6.035,6.02,6.03,308
2026-01-05 14:12:00,6.035,6.045,6.025,6.045,314
2026-01-05 14:13:00,6.045,6.05,6.045,6.045,36
2026-01-05 14:14:00,6.04,6.04,6.025,6.025,41
2026-01-05 14:15:00,6.025,6.03,6.025,6.03,60
2026-01-05 14:16:00,6.03,6.035,6.03,6.03,69
2026-01-05 14:17:00,6.035,6.035,6.025,6.035,118
2026-01-05 14:18:00,6.035,6.035,6.035,6.035,0
2026-01-05 14:19:00,6.0302,6.0302,6.03,6.03,11
2026-01-05 14:20:00,6.035,6.035,6.035,6.035,3
2026-01-05 14:21:00,6.03,6.03,6.02,6.03,130
2026-01-05 14:22:00,6.0393,6.045,6.0314,6.045,64
2026-01-05 14:23:00,6.045,6.05,6.045,6.045,84
2026-01-05 14:24:00,6.045,6.045,6.045,6.045,8
2026-01-05 14:25:00,6.045,6.045,6.035,6.035,43
2026-01-05 14:26:00,6.035,6.035,6.035,6.035,3
2026-01-05 14:27:00,6.04,6.0575,6.04,6.0575,101
2026-01-05 14:28:00,6.06,6.0687,6.0599,6.065,94
2026-01-05 14:29:00,6.07,6.088,6.07,6.075,170
2026-01-05 14:30:00,6.08,6.085,6.08,6.085,6
2026-01-05 14:31:00,6.085,6.085,6.07,6.075,101
2026-01-05 14:32:00,6.075,6.1,6.075,6.099,208
2026-01-05 14:33:00,6.095,6.1,6.075,6.089,372
2026-01-05 14:34:00,6.08,6.1,6.075,6.085,250
2026-01-05 14:35:00,6.085,6.0857,6.068,6.085,274
2026-01-05 14:36:00,6.0863,6.1,6.0863,6.1,54
2026-01-05 14:37:00,6.09,6.11,6.09,6.11,321
2026-01-05 14:38:00,6.1199,6.1199,6.1141,6.1141,76
2026-01-05 14:39:00,6.12,6.12,6.11,6.115,168
2026-01-05 14:40:00,6.11,6.125,6.11,6.12,111
2026-01-05 14:41:00,6.125,6.1283,6.125,6.125,13
2026-01-05 14:42:00,6.125,6.13,6.125,6.13,173
2026-01-05 14:43:00,6.125,6.125,6.115,6.12,59
2026-01-05 14:44:00,6.12,6.125,6.12,6.125,10
2026-01-05 14:45:00,6.125,6.18,6.125,6.16,781
2026-01-05 14:46:00,6.16,6.16,6.15,6.15,133
2026-01-05 14:47:00,6.14,6.145,6.135,6.145,97
2026-01-05 14:48:00,6.14,6.145,6.135,6.1369,34
2026-01-05 14:49:00,6.135,6.145,6.13,6.145,102
2026-01-05 14:50:00,6.145,6.145,6.135,6.135,41
2026-01-05 14:51:00,6.1339,6.1399,6.13,6.135,95
2026-01-05 14:52:00,6.135,6.135,6.13,6.13,9
2026-01-05 14:53:00,6.1301,6.1301,6.12,6.1291,91
2026-01-05 14:54:00,6.125,6.125,6.1201,6.125,41
2026-01-05 14:55:00,6.125,6.125,6.1,6.105,235
2026-01-05 14:56:00,6.1056,6.1061,6.1,6.105,109
2026-01-05 14:57:00,6.1,6.1,6.05,6.0543,571
2026-01-05 14:58:00,6.05,6.0699,6.0416,6.065,289
2026-01-05 14:59:00,6.065,6.065,6.06,6.065,48
2026-01-05 15:00:00,6.0656,6.0656,6.0601,6.065,378
2026-01-05 15:01:00,6.0688,6.0688,6.065,6.065,23
2026-01-05 15:02:00,6.07,6.075,6.065,6.075,110
2026-01-05 15:03:00,6.0716,6.09,6.065,6.07,175
2026-01-05 15:04:00,6.085,6.085,6.085,6.085,4
2026-01-05 15:05:00,6.085,6.085,6.0645,6.065,47
2026-01-05 15:06:00,6.065,6.065,6.04,6.055,399
2026-01-05 15:07:00,6.0588,6.0588,6.055,6.055,12
2026-01-05 15:08:00,6.055,6.055,6.055,6.055,0
2026-01-05 15:09:00,6.055,6.06,6.055,6.06,4
2026-01-05 15:10:00,6.06,6.06,6.055,6.055,3
2026-01-05 15:11:00,6.0506,6.06,6.0506,6.06,61
2026-01-05 15:12:00,6.065,6.065,6.055,6.055,45
2026-01-05 15:13:00,6.06,6.065,6.06,6.065,28
2026-01-05 15:14:00,6.065,6.065,6.065,6.065,7
2026-01-05 15:15:00,6.065,6.065,6.06,6.065,36
2026-01-05 15:16:00,6.065,6.065,6.06,6.06,30
2026-01-05 15:17:00,6.065,6.065,6.065,6.065,9
2026-01-05 15:18:00,6.065,6.065,6.065,6.065,13
2026-01-05 15:19:00,6.065,6.07,6.05,6.055,303
2026-01-05 15:20:00,6.055,6.055,6.05,6.055,27
2026-01-05 15:21:00,6.05,6.05,6.0441,6.045,39
2026-01-05 15:22:00,6.045,6.07,6.045,6.055,155
2026-01-05 15:23:00,6.0544,6.0598,6.0544,6.0598,42
2026-01-05 15:24:00,6.055,6.055,6.055,6.055,1
2026-01-05 15:25:00,6.058,6.085,6.055,6.085,416
2026-01-05 15:26:00,6.085,6.085,6.075,6.075,30
2026-01-05 15:27:00,6.08,6.085,6.08,6.085,30
2026-01-05 15:28:00,6.08,6.08,6.075,6.08,56
2026-01-05 15:29:00,6.08,6.08,6.075,6.075,4
2026-01-05 15:30:00,6.075,6.0799,6.075,6.0799,6
2026-01-05 15:31:00,6.075,6.085,6.075,6.085,43
2026-01-05 15:32:00,6.0826,6.0855,6.0826,6.0855,25
2026-01-05 15:33:00,6.08,6.085,6.08,6.085,9
2026-01-05 15:34:00,6.085,6.095,6.085,6.09,98
2026-01-05 15:35:00,6.09,6.09,6.075,6.075,58
2026-01-05 15:36:00,6.07,6.07,6.065,6.065,29
2026-01-05 15:37:00,6.065,6.07,6.065,6.07,35
2026-01-05 15:38:00,6.065,6.075,6.065,6.075,36
2026-01-05 15:39:00,6.075,6.08,6.0733,6.075,23
2026-01-05 15:40:00,6.0799,6.0799,6.06,6.06,36
2026-01-05 15:41:00,6.06,6.0651,6.055,6.065,79
2026-01-05 15:42:00,6.06,6.085,6.055,6.08,335
2026-01-05 15:43:00,6.07,6.07,6.07,6.07,2
2026-01-05 15:44:00,6.07,6.08,6.07,6.071,27
2026-01-05 15:45:00,6.075,6.0868,6.075,6.0868,155
2026-01-05 15:46:00,6.0814,6.0857,6.0811,6.0857,34
2026-01-05 15:47:00,6.085,6.085,6.085,6.085,12
2026-01-05 15:48:00,6.085,6.0961,6.085,6.095,167
2026-01-05 15:49:00,6.09,6.09,6.075,6.075,132
2026-01-05 15:50:00,6.07,6.07,6.0649,6.065,47
2026-01-05 15:51:00,6.065,6.075,6.065,6.075,161
2026-01-05 15:52:00,6.075,6.08,6.075,6.075,28
2026-01-05 15:53:00,6.075,6.085,6.075,6.085,268
2026-01-05 15:54:00,6.085,6.09,6.07,6.085,280
2026-01-05 15:55:00,6.08,6.0985,6.08,6.095,215
2026-01-05 15:56:00,6.095,6.1,6.09,6.09,128
2026-01-05 15:57:00,6.0901,6.135,6.09,6.13,1003
2026-01-05 15:58:00,6.13,6.14,6.11,6.115,978
2026-01-05 15:59:00,6.12,6.12,6.085,6.09,1517
2026-01-06 09:30:00,6.03,6.05,6.0175,6.04,559
2026-01-06 09:31:00,6.05,6.07,6.02,6.035,172
2026-01-06 09:32:00,6.035,6.035,5.94,5.94,354
2026-01-06 09:33:00,5.94,5.94,5.91,5.91,16
2026-01-06 09:34:00,5.91,5.95,5.91,5.95,51
2026-01-06 09:35:00,5.94,5.97,5.94,5.94,378
2026-01-06 09:36:00,5.93,5.93,5.88,5.91,242
2026-01-06 09:37:00,5.9,5.9,5.89,5.9,55
2026-01-06 09:38:00,5.895,5.95,5.895,5.94,170
2026-01-06 09:39:00,5.9536,5.975,5.95,5.97,21
2026-01-06 09:40:00,5.9875,5.9999,5.962,5.9708,84
2026-01-06 09:41:00,5.98,5.9849,5.98,5.9849,3
2026-01-06 09:42:00,5.97,5.97,5.95,5.96,45
2026-01-06 09:43:00,5.9613,5.9613,5.955,5.9584,20
2026-01-06 09:44:00,5.96,5.99,5.96,5.99,121
2026-01-06 09:45:00,5.9899,6.02,5.985,6.01,105
2026-01-06 09:46:00,6.02,6.05,6.02,6.05,204
2026-01-06 09:47:00,6.04,6.04,6.02,6.02,54
2026-01-06 09:48:00,6.01,6.02,6.005,6.02,22
2026-01-06 09:49:00,6.01,6.025,6.01,6.02,31
2026-01-06 09:50:00,6.01,6.01,6.0014,6.005,8
2026-01-06 09:51:00,6.005,6.005,5.98,5.98,336
2026-01-06 09:52:00,5.98,5.98,5.96,5.97,253
2026-01-06 09:53:00,5.96,5.965,5.96,5.965,6
2026-01-06 09:54:00,5.965,5.9799,5.96,5.975,226
2026-01-06 09:55:00,5.975,5.975,5.965,5.965,64
2026-01-06 09:56:00,5.96,5.99,5.96,5.99,73
2026-01-06 09:57:00,5.99,5.99,5.99,5.99,4
2026-01-06 09:58:00,5.99,5.99,5.99,5.99,65
2026-01-06 09:59:00,5.99,5.99,5.98,5.98,35
2026-01-06 10:00:00,5.98,5.98,5.975,5.975,12
2026-01-06 10:01:00,5.975,5.975,5.965,5.965,6
2026-01-06 10:02:00,5.97,5.97,5.965,5.965,30
2026-01-06 10:03:00,5.9634,5.97,5.9634,5.97,7
2026-01-06 10:04:00,5.965,5.97,5.96,5.96,190
2026-01-06 10:05:00,5.955,5.96,5.955,5.96,24
2026-01-06 10:06:00,5.955,5.965,5.955,5.96,95
2026-01-06 10:07:00,5.96,5.96,5.95,5.95,16
2026-01-06 10:08:00,5.96,5.985,5.95,5.985,116
2026-01-06 10:09:00,5.985,6.035,5.98,6.035,453
2026-01-06 10:10:00,6.035,6.06,6.01,6.03,337
2026-01-06 10:11:00,6.03,6.05,6.02,6.03,244
2026-01-06 10:12:00,6.03,6.03,6.02,6.025,8
2026-01-06 10:13:00,6.025,6.04,6.01,6.04,92
2026-01-06 10:14:00,6.05,6.05,6.04,6.0427,26
2026-01-06 10:15:00,6.04,6.04,6.03,6.035,104
2026-01-06 10:16:00,6.035,6.04,6.02,6.03,47
2026-01-06 10:17:00,6.02,6.025,6.015,6.025,63
2026-01-06 10:18:00,6.03,6.04,6.03,6.04,36
2026-01-06 10:19:00,6.035,6.035,6.03,6.035,32
2026-01-06 10:20:00,6.035,6.035,6.02,6.025,100
2026-01-06 10:21:00,6.025,6.025,6.02,6.025,12
2026-01-06 10:22:00,6.025,6.025,6.015,6.015,24
2026-01-06 10:23:00,6.015,6.12,6.01,6.055,509
2026-01-06 10:24:00,6.05,6.065,6.04,6.04,113
2026-01-06 10:25:00,6.045,6.045,6.03,6.03,22
2026-01-06 10:26:00,6.02,6.02,6.01,6.015,79
2026-01-06 10:27:00,6.01,6.045,6.01,6.035,269
2026-01-06 10:28:00,6.035,6.0355,6.035,6.035,17
2026-01-06 10:29:00,6.035,6.035,6.025,6.025,20
2026-01-06 10:30:00,6.03,6.035,6.03,6.035,18
2026-01-06 10:31:00,6.035,6.035,6.02,6.025,61
2026-01-06 10:32:00,6.02,6.025,6.02,6.02,27
2026-01-06 10:33:00,6.02,6.03,6.02,6.03,39
2026-01-06 10:34:00,6.025,6.03,6.01,6.015,30
2026-01-06 10:35:00,6.015,6.015,6.005,6.005,13
2026-01-06 10:36:00,6.005,6.02,6.0017,6.02,106
2026-01-06 10:37:00,6.02,6.025,6.0114,6.0114,29
2026-01-06 10:38:00,6.01,6.02,6.01,6.015,22
2026-01-06 10:39:00,6.015,6.015,6.015,6.015,0
2026-01-06 10:40:00,6.015,6.015,6.01,6.01,139
2026-01-06 10:41:00,6.005,6.005,6.0,6.0,9
2026-01-06 10:42:00,5.9901,6.0,5.9901,5.9986,25
2026-01-06 10:43:00,5.995,5.995,5.945,5.945,301
2026-01-06 10:44:00,5.945,5.945,5.935,5.935,32
2026-01-06 10:45:00,5.9388,5.945,5.935,5.945,159
2026-01-06 10:46:00,5.945,5.945,5.92,5.92,99
2026-01-06 10:47:00,5.92,5.92,5.92,5.92,0
2026-01-06 10:48:00,5.92,5.92,5.92,5.92,23
2026-01-06 10:49:00,5.91,5.91,5.9,5.9,65
2026-01-06 10:50:00,5.909,5.909,5.9,5.9018,30
2026-01-06 10:51:00,5.9099,5.9099,5.9,5.9,13
2026-01-06 10:52:00,5.91,5.91,5.905,5.905,24
2026-01-06 10:53:00,5.9,5.9,5.89,5.895,69
2026-01-06 10:54:00,5.895,5.96,5.895,5.945,2303
2026-01-06 10:55:00,5.945,5.945,5.91,5.91,101
2026-01-06 10:56:00,5.905,5.905,5.895,5.895,20
2026-01-06 10:57:00,5.9,5.91,5.89,5.905,137
2026-01-06 10:58:00,5.9,5.9,5.89,5.895,52
2026-01-06 10:59:00,5.895,5.9,5.895,5.9,3
2026-01-06 11:00:00,5.895,5.895,5.88,5.88,41
2026-01-06 11:01:00,5.885,5.885,5.88,5.885,55
2026-01-06 11:02:00,5.89,5.895,5.89,5.895,38
2026-01-06 11:03:00,5.895,5.895,5.895,5.895,9
2026-01-06 11:04:00,5.895,5.895,5.86,5.865,186
2026-01-06 11:05:00,5.8644,5.865,5.8644,5.865,18
2026-01-06 11:06:00,5.865,5.865,5.865,5.865,1
2026-01-06 11:07:00,5.865,5.875,5.865,5.865,42
2026-01-06 11:08:00,5.865,5.865,5.86,5.865,3
2026-01-06 11:09:00,5.865,5.8688,5.86,5.8688,25
2026-01-06 11:10:00,5.865,5.88,5.865,5.88,86
2026-01-06 11:11:00,5.885,5.885,5.875,5.875,32
2026-01-06 11:12:00,5.87,5.8762,5.865,5.87,136
2026-01-06 11:13:00,5.875,5.875,5.875,5.875,15
2026-01-06 11:14:00,5.875,5.875,5.865,5.865,30
2026-01-06 11:15:00,5.87,5.875,5.87,5.875,54
2026-01-06 11:16:00,5.87,5.875,5.87,5.875,20
2026-01-06 11:17:00,5.8745,5.88,5.8745,5.88,16
2026-01-06 11:18:00,5.875,5.9,5.87,5.889,272
2026-01-06 11:19:00,5.89,5.89,5.885,5.885,43
2026-01-06 11:20:00,5.885,5.888,5.885,5.888,32
2026-01-06 11:21:00,5.8865,5.8865,5.87,5.875,160
2026-01-06 11:22:00,5.88,5.88,5.875,5.875,30
2026-01-06 11:23:00,5.875,5.875,5.87,5.87,9
2026-01-06 11:24:00,5.8799,5.8799,5.875,5.879,116
2026-01-06 11:25:00,5.875,5.875,5.87,5.875,24
2026-01-06 11:26:00,5.875,5.8775,5.875,5.875,11
2026-01-06 11:27:00,5.88,5.88,5.875,5.875,5
2026-01-06 11:28:00,5.8763,5.8763,5.875,5.875,13
2026-01-06 11:29:00,5.88,5.885,5.88,5.885,82
2026-01-06 11:30:00,5.885,5.885,5.885,5.885,7
2026-01-06 11:31:00,5.885,5.885,5.865,5.865,91
2026-01-06 11:32:00,5.865,5.89,5.865,5.8799,373
2026-01-06 11:33:00,5.875,5.875,5.875,5.875,21
2026-01-06 11:34:00,5.87,5.875,5.865,5.865,15
2026-01-06 11:35:00,5.865,5.865,5.859,5.86,38
2026-01-06 11:36:00,5.85,5.855,5.84,5.845,373
2026-01-06 11:37:00,5.84,5.84,5.83,5.83,10
2026-01-06 11:38:00,5.83,5.83,5.83,5.83,0
2026-01-06 11:39:00,5.83,5.83,5.83,5.83,1
2026-01-06 11:40:00,5.83,5.83,5.8175,5.82,131
2026-01-06 11:41:00,5.825,5.835,5.825,5.835,79
2026-01-06 11:42:00,5.8384,5.8384,5.835,5.835,24
2026-01-06 11:43:00,5.835,5.835,5.83,5.835,19
2026-01-06 11:44:00,5.835,5.835,5.835,5.835,28
2026-01-06 11:45:00,5.835,5.85,5.83,5.83,98
2026-01-06 11:46:00,5.82,5.825,5.82,5.82,9
2026-01-06 11:47:00,5.8257,5.8257,5.8257,5.8257,10
2026-01-06 11:48:00,5.82,5.82,5.81,5.81,19
2026-01-06 11:49:00,5.815,5.815,5.815,5.815,1
2026-01-06 11:50:00,5.8165,5.8165,5.815,5.815,6
2026-01-06 11:51:00,5.81,5.81,5.81,5.81,18
2026-01-06 11:52:00,5.8118,5.8118,5.8,5.8001,222
2026-01-06 11:53:00,5.805,5.805,5.8,5.8,10
2026-01-06 11:54:00,5.8086,5.8086,5.795,5.805,1044
2026-01-06 11:55:00,5.8,5.805,5.8,5.805,88
2026-01-06 11:56:00,5.8,5.81,5.8,5.805,238
2026-01-06 11:57:00,5.81,5.8165,5.8012,5.8012,74
2026-01-06 11:58:00,5.805,5.805,5.804,5.805,21
2026-01-06 11:59:00,5.8042,5.805,5.8,5.805,56
2026-01-06 12:00:00,5.8,5.8001,5.795,5.795,171
2026-01-06 12:01:00,5.795,5.795,5.79,5.795,63
2026-01-06 12:02:00,5.795,5.795,5.785,5.7897,80
2026-01-06 12:03:00,5.785,5.795,5.785,5.79,122
2026-01-06 12:04:00,5.795,5.795,5.785,5.785,55
2026-01-06 12:05:00,5.785,5.785,5.785,5.785,6
2026-01-06 12:06:00,5.785,5.785,5.785,5.785,8
2026-01-06 12:07:00,5.785,5.785,5.785,5.785,24
2026-01-06 12:08:00,5.785,5.785,5.765,5.765,171
2026-01-06 12:09:00,5.765,5.779,5.765,5.77,125
2026-01-06 12:10:00,5.765,5.765,5.755,5.755,80
2026-01-06 12:11:00,5.75,5.757,5.75,5.757,119
2026-01-06 12:12:00,5.75,5.75,5.73,5.7456,217
2026-01-06 12:13:00,5.745,5.765,5.745,5.755,169
2026-01-06 12:14:00,5.7588,5.7588,5.7516,5.755,98
2026-01-06 12:15:00,5.75,5.75,5.7499,5.7499,50
2026-01-06 12:16:00,5.7446,5.745,5.735,5.7416,50
2026-01-06 12:17:00,5.74,5.75,5.74,5.74,30
2026-01-06 12:18:00,5.749,5.749,5.74,5.745,7
2026-01-06 12:19:00,5.74,5.745,5.74,5.74,46
2026-01-06 12:20:00,5.74,5.745,5.74,5.74,44
2026-01-06 12:21:00,5.74,5.745,5.735,5.735,77
2026-01-06 12:22:00,5.735,5.735,5.725,5.725,24
2026-01-06 12:23:00,5.7288,5.7288,5.72,5.725,26
2026-01-06 12:24:00,5.725,5.725,5.72,5.7241,17
2026-01-06 12:25:00,5.725,5.7297,5.72,5.725,79
2026-01-06 12:26:00,5.725,5.7299,5.725,5.725,17
2026-01-06 12:27:00,5.725,5.745,5.725,5.735,160
2026-01-06 12:28:00,5.73,5.73,5.72,5.725,439
2026-01-06 12:29:00,5.7281,5.7399,5.725,5.7299,124
2026-01-06 12:30:00,5.72,5.725,5.72,5.72,19
2026-01-06 12:31:00,5.715,5.7199,5.71,5.7199,9
2026-01-06 12:32:00,5.715,5.72,5.715,5.715,14
2026-01-06 12:33:00,5.715,5.715,5.715,5.715,5
2026-01-06 12:34:00,5.715,5.715,5.71,5.71,8
2026-01-06 12:35:00,5.71,5.71,5.7,5.7,46
2026-01-06 12:36:00,5.7,5.7086,5.7,5.702,64
2026-01-06 12:37:00,5.705,5.705,5.7,5.705,10
2026-01-06 12:38:00,5.7,5.715,5.7,5.7098,169
2026-01-06 12:39:00,5.705,5.7098,5.705,5.705,15
2026-01-06 12:40:00,5.7,5.705,5.7,5.705,21
2026-01-06 12:41:00,5.7,5.705,5.7,5.705,45
2026-01-06 12:42:00,5.705,5.715,5.705,5.715,47
2026-01-06 12:43:00,5.72,5.735,5.72,5.725,212
2026-01-06 12:44:00,5.72,5.735,5.72,5.725,156
2026-01-06 12:45:00,5.7246,5.73,5.7246,5.73,85
2026-01-06 12:46:00,5.7253,5.735,5.7253,5.7267,168
2026-01-06 12:47:00,5.725,5.75,5.725,5.735,199
2026-01-06 12:48:00,5.735,5.735,5.715,5.715,67
2026-01-06 12:49:00,5.715,5.715,5.71,5.71,7
2026-01-06 12:50:00,5.71,5.72,5.71,5.715,127
2026-01-06 12:51:00,5.7114,5.7119,5.7114,5.7119,5
2026-01-06 12:52:00,5.72,5.72,5.71,5.7133,19
2026-01-06 12:53:00,5.71,5.7189,5.71,5.7189,162
2026-01-06 12:54:00,5.71,5.715,5.68,5.6897,426
2026-01-06 12:55:00,5.685,5.685,5.68,5.68,15
2026-01-06 12:56:00,5.68,5.725,5.68,5.725,193
2026-01-06 12:57:00,5.725,5.73,5.715,5.725,137
2026-01-06 12:58:00,5.73,5.73,5.725,5.725,3
2026-01-06 12:59:00,5.725,5.725,5.725,5.725,6
2026-01-06 13:00:00,5.725,5.73,5.725,5.73,4
2026-01-06 13:01:00,5.73,5.75,5.725,5.725,257
2026-01-06 13:02:00,5.725,5.725,5.7206,5.725,6
2026-01-06 13:03:00,5.725,5.7268,5.725,5.725,7
2026-01-06 13:04:00,5.7284,5.74,5.7284,5.74,166
2026-01-06 13:05:00,5.735,5.735,5.735,5.735,1
2026-01-06 13:06:00,5.735,5.735,5.7271,5.7271,34
2026-01-06 13:07:00,5.7285,5.7285,5.7247,5.7247,21
2026-01-06 13:08:00,5.725,5.725,5.725,5.725,3
2026-01-06 13:09:00,5.7244,5.73,5.7244,5.73,65
2026-01-06 13:10:00,5.735,5.7498,5.73,5.7498,91
2026-01-06 13:11:00,5.745,5.75,5.745,5.745,16
2026-01-06 13:12:00,5.745,5.745,5.7398,5.7398,45
2026-01-06 13:13:00,5.7367,5.7367,5.735,5.735,3
2026-01-06 13:14:00,5.735,5.735,5.735,5.735,0
2026-01-06 13:15:00,5.7349,5.7349,5.7349,5.7349,10
2026-01-06 13:16:00,5.74,5.75,5.74,5.75,88
2026-01-06 13:17:00,5.7599,5.7599,5.75,5.75,103
2026-01-06 13:18:00,5.745,5.745,5.745,5.745,2
2026-01-06 13:19:00,5.745,5.745,5.735,5.74,34
2026-01-06 13:20:00,5.74,5.74,5.73,5.73,49
2026-01-06 13:21:00,5.73,5.73,5.73,5.73,0
2026-01-06 13:22:00,5.735,5.735,5.735,5.735,11
2026-01-06 13:23:00,5.73,5.735,5.73,5.73,20
2026-01-06 13:24:00,5.725,5.73,5.72,5.72,79
2026-01-06 13:25:00,5.725,5.725,5.725,5.725,11
2026-01-06 13:26:00,5.725,5.725,5.72,5.725,11
2026-01-06 13:27:00,5.725,5.725,5.715,5.715,80
2026-01-06 13:28:00,5.715,5.725,5.715,5.725,62
2026-01-06 13:29:00,5.725,5.725,5.725,5.725,6
2026-01-06 13:30:00,5.725,5.7256,5.72,5.7256,16
2026-01-06 13:31:00,5.72,5.72,5.715,5.715,14
2026-01-06 13:32:00,5.715,5.72,5.715,5.72,55
2026-01-06 13:33:00,5.715,5.725,5.715,5.725,41
2026-01-06 13:34:00,5.725,5.725,5.725,5.725,6
2026-01-06 13:35:00,5.725,5.725,5.72,5.72,6
2026-01-06 13:36:00,5.72,5.72,5.71,5.715,28
2026-01-06 13:37:00,5.71,5.715,5.7083,5.715,46
2026-01-06 13:38:00,5.715,5.715,5.7025,5.705,53
2026-01-06 13:39:00,5.705,5.705,5.7,5.7,21
2026-01-06 13:40:00,5.7,5.705,5.7,5.705,20
2026-01-06 13:41:00,5.7,5.701,5.695,5.695,50
2026-01-06 13:42:00,5.695,5.705,5.695,5.705,63
2026-01-06 13:43:00,5.71,5.725,5.71,5.715,95
2026-01-06 13:44:00,5.715,5.7199,5.715,5.715,14
2026-01-06 13:45:00,5.7168,5.7168,5.7109,5.7115,22
2026-01-06 13:46:00,5.715,5.715,5.71,5.71,9
2026-01-06 13:47:00,5.71,5.71,5.7,5.7056,173
2026-01-06 13:48:00,5.705,5.705,5.7047,5.705,15
2026-01-06 13:49:00,5.705,5.715,5.705,5.715,90
2026-01-06 13:50:00,5.715,5.715,5.715,5.715,2
2026-01-06 13:51:00,5.7188,5.7188,5.7188,5.7188,1
2026-01-06 13:52:00,5.715,5.715,5.715,5.715,8
2026-01-06 13:53:00,5.715,5.725,5.715,5.715,113
2026-01-06 13:54:00,5.72,5.745,5.72,5.725,258
2026-01-06 13:55:00,5.725,5.725,5.71,5.715,40
2026-01-06 13:56:00,5.7165,5.7165,5.705,5.7082,102
2026-01-06 13:57:00,5.7082,5.7082,5.7082,5.7082,0
2026-01-06 13:58:00,5.708,5.73,5.705,5.725,225
2026-01-06 13:59:00,5.725,5.725,5.725,5.725,8
2026-01-06 14:00:00,5.7217,5.725,5.7217,5.725,18
2026-01-06 14:01:00,5.7299,5.7299,5.705,5.705,143
2026-01-06 14:02:00,5.7,5.71,5.7,5.71,29
2026-01-06 14:03:00,5.705,5.705,5.7,5.705,21
2026-01-06 14:04:00,5.7,5.7,5.675,5.68,408
2026-01-06 14:05:00,5.68,5.7088,5.68,5.7,158
2026-01-06 14:06:00,5.705,5.705,5.705,5.705,13
2026-01-06 14:07:00,5.705,5.715,5.705,5.715,115
2026-01-06 14:08:00,5.712,5.715,5.712,5.715,11
2026-01-06 14:09:00,5.715,5.715,5.705,5.705,37
2026-01-06 14:10:00,5.71,5.715,5.705,5.715,54
2026-01-06 14:11:00,5.715,5.715,5.715,5.715,10
2026-01-06 14:12:00,5.715,5.715,5.715,5.715,5
2026-01-06 14:13:00,5.7186,5.7186,5.7186,5.7186,1
2026-01-06 14:14:00,5.715,5.715,5.715,5.715,12
2026-01-06 14:15:00,5.715,5.715,5.715,5.715,3
2026-01-06 14:16:00,5.715,5.715,5.715,5.715,6
2026-01-06 14:17:00,5.71,5.715,5.71,5.715,16
2026-01-06 14:18:00,5.715,5.715,5.71,5.715,21
2026-01-06 14:19:00,5.71,5.715,5.705,5.71,139
2026-01-06 14:20:00,5.715,5.715,5.71,5.71,23
2026-01-06 14:21:00,5.7,5.705,5.7,5.7,29
2026-01-06 14:22:00,5.7,5.7054,5.7,5.7,19
2026-01-06 14:23:00,5.705,5.705,5.7,5.705,27
2026-01-06 14:24:00,5.705,5.715,5.7,5.71,397
2026-01-06 14:25:00,5.71,5.71,5.7,5.705,80
2026-01-06 14:26:00,5.7,5.705,5.7,5.705,10
2026-01-06 14:27:00,5.705,5.705,5.705,5.705,10
2026-01-06 14:28:00,5.705,5.705,5.705,5.705,13
2026-01-06 14:29:00,5.705,5.7154,5.705,5.7154,75
2026-01-06 14:30:00,5.715,5.715,5.7124,5.7124,32
2026-01-06 14:31:00,5.71,5.71,5.695,5.7,315
2026-01-06 14:32:00,5.7026,5.7026,5.695,5.7,137
2026-01-06 14:33:00,5.69,5.695,5.69,5.695,25
2026-01-06 14:34:00,5.69,5.695,5.68,5.695,168
2026-01-06 14:35:00,5.69,5.69,5.69,5.69,1
2026-01-06 14:36:00,5.69,5.6918,5.69,5.69,14
2026-01-06 14:37:00,5.69,5.695,5.68,5.68,45
2026-01-06 14:38:00,5.685,5.685,5.685,5.685,14
2026-01-06 14:39:00,5.685,5.6987,5.685,5.6987,104
2026-01-06 14:40:00,5.69,5.69,5.685,5.685,14
2026-01-06 14:41:00,5.685,5.685,5.68,5.68,30
2026-01-06 14:42:00,5.685,5.6856,5.68,5.6856,18
2026-01-06 14:43:00,5.685,5.6887,5.68,5.6801,27
2026-01-06 14:44:00,5.685,5.685,5.675,5.68,190
2026-01-06 14:45:00,5.68,5.685,5.67,5.67,70
2026-01-06 14:46:00,5.6745,5.675,5.67,5.67,8
2026-01-06 14:47:00,5.67,5.675,5.67,5.67,132
2026-01-06 14:48:00,5.67,5.675,5.67,5.67,37
2026-01-06 14:49:00,5.67,5.6784,5.67,5.675,31
2026-01-06 14:50:00,5.675,5.675,5.675,5.675,8
2026-01-06 14:51:00,5.67,5.68,5.67,5.67,19
2026-01-06 14:52:00,5.67,5.67,5.66,5.66,153
2026-01-06 14:53:00,5.665,5.665,5.66,5.66,80
2026-01-06 14:54:00,5.66,5.665,5.66,5.66,67
2026-01-06 14:55:00,5.66,5.665,5.65,5.665,202
2026-01-06 14:56:00,5.6654,5.6668,5.6623,5.6623,18
2026-01-06 14:57:00,5.665,5.665,5.665,5.665,6
2026-01-06 14:58:00,5.66,5.665,5.66,5.66,35
2026-01-06 14:59:00,5.665,5.665,5.66,5.66,9
2026-01-06 15:00:00,5.66,5.665,5.65,5.655,64
2026-01-06 15:01:00,5.655,5.66,5.65,5.65,82
2026-01-06 15:02:00,5.65,5.65,5.65,5.65,4
2026-01-06 15:03:00,5.65,5.655,5.65,5.65,14
2026-01-06 15:04:00,5.65,5.655,5.65,5.65,11
2026-01-06 15:05:00,5.65,5.655,5.65,5.65,32
2026-01-06 15:06:00,5.65,5.65,5.625,5.63,638
2026-01-06 15:07:00,5.63,5.635,5.63,5.635,26
2026-01-06 15:08:00,5.63,5.635,5.63,5.6319,38
2026-01-06 15:09:00,5.63,5.645,5.63,5.645,293
2026-01-06 15:10:00,5.645,5.645,5.64,5.64,3
2026-01-06 15:11:00,5.6417,5.645,5.6417,5.645,34
2026-01-06 15:12:00,5.645,5.645,5.6213,5.625,182
2026-01-06 15:13:00,5.625,5.64,5.625,5.64,193
2026-01-06 15:14:00,5.63,5.63,5.63,5.63,1
2026-01-06 15:15:00,5.63,5.635,5.63,5.6333,132
2026-01-06 15:16:00,5.635,5.636,5.63,5.63,19
2026-01-06 15:17:00,5.635,5.635,5.625,5.625,214
2026-01-06 15:18:00,5.625,5.645,5.6214,5.645,400
2026-01-06 15:19:00,5.645,5.655,5.6403,5.645,239
2026-01-06 15:20:00,5.64,5.64,5.6346,5.6346,69
2026-01-06 15:21:00,5.64,5.65,5.64,5.645,93
2026-01-06 15:22:00,5.645,5.645,5.645,5.645,33
2026-01-06 15:23:00,5.645,5.6499,5.6444,5.6444,6
2026-01-06 15:24:00,5.64,5.6468,5.64,5.64,21
2026-01-06 15:25:00,5.6411,5.65,5.64,5.645,149
2026-01-06 15:26:00,5.64,5.65,5.64,5.65,129
2026-01-06 15:27:00,5.655,5.655,5.645,5.645,174
2026-01-06 15:28:00,5.645,5.645,5.645,5.645,17
2026-01-06 15:29:00,5.65,5.6554,5.65,5.655,143
2026-01-06 15:30:00,5.65,5.65,5.63,5.635,241
2026-01-06 15:31:00,5.635,5.635,5.62,5.62,62
2026-01-06 15:32:00,5.62,5.6261,5.605,5.61,260
2026-01-06 15:33:00,5.615,5.615,5.6,5.61,207
2026-01-06 15:34:00,5.61,5.615,5.605,5.61,187
2026-01-06 15:35:00,5.61,5.6155,5.61,5.615,69
2026-01-06 15:36:00,5.615,5.625,5.61,5.615,199
2026-01-06 15:37:00,5.615,5.63,5.615,5.625,300
2026-01-06 15:38:00,5.62,5.6265,5.62,5.6265,9
2026-01-06 15:39:00,5.625,5.625,5.625,5.625,15
2026-01-06 15:40:00,5.625,5.64,5.625,5.635,136
2026-01-06 15:41:00,5.635,5.635,5.625,5.625,65
2026-01-06 15:42:00,5.625,5.625,5.62,5.625,44
2026-01-06 15:43:00,5.625,5.635,5.625,5.625,180
2026-01-06 15:44:00,5.625,5.625,5.6233,5.625,51
2026-01-06 15:45:00,5.625,5.625,5.62,5.62,22
2026-01-06 15:46:00,5.62,5.63,5.62,5.62,23
2026-01-06 15:47:00,5.62,5.625,5.62,5.62,78
2026-01-06 15:48:00,5.62,5.6288,5.61,5.61,170
2026-01-06 15:49:00,5.61,5.62,5.61,5.61,103
2026-01-06 15:50:00,5.615,5.62,5.59,5.59,1009
2026-01-06 15:51:00,5.59,5.595,5.58,5.58,179
2026-01-06 15:52:00,5.58,5.59,5.57,5.57,325
2026-01-06 15:53:00,5.57,5.59,5.57,5.585,447
2026-01-06 15:54:00,5.58,5.585,5.555,5.555,687
2026-01-06 15:55:00,5.56,5.56,5.53,5.535,720
2026-01-06 15:56:00,5.54,5.555,5.5301,5.555,568
2026-01-06 15:57:00,5.555,5.57,5.555,5.5656,594
2026-01-06 15:58:00,5.565,5.58,5.565,5.58,1127
2026-01-06 15:59:00,5.575,5.58,5.555,5.57,1133
2026-01-07 09:30:00,5.61,5.66,5.59,5.635,847
2026-01-07 09:31:00,5.65,5.67,5.635,5.66,134
2026-01-07 09:32:00,5.64,5.64,5.61,5.615,371
2026-01-07 09:33:00,5.61,5.61,5.59,5.59,264
2026-01-07 09:34:00,5.59,5.63,5.59,5.63,152
2026-01-07 09:35:00,5.62,5.63,5.605,5.63,74
2026-01-07 09:36:00,5.625,5.66,5.625,5.655,111
2026-01-07 09:37:00,5.65,5.66,5.625,5.635,465
2026-01-07 09:38:00,5.64,5.65,5.63,5.63,732
2026-01-07 09:39:00,5.635,5.655,5.635,5.655,99
2026-01-07 09:40:00,5.66,5.68,5.66,5.68,111
2026-01-07 09:41:00,5.68,5.685,5.67,5.6797,166
2026-01-07 09:42:00,5.68,5.7,5.66,5.66,745
2026-01-07 09:43:00,5.66,5.7,5.65,5.688,384
2026-01-07 09:44:00,5.6842,5.7056,5.6759,5.68,151
2026-01-07 09:45:00,5.68,5.73,5.67,5.73,113
2026-01-07 09:46:00,5.73,5.76,5.73,5.745,29
2026-01-07 09:47:00,5.75,5.75,5.73,5.75,115
2026-01-07 09:48:00,5.7558,5.7767,5.75,5.7767,62
2026-01-07 09:49:00,5.775,5.785,5.77,5.785,128
2026-01-07 09:50:00,5.79,5.82,5.79,5.81,164
2026-01-07 09:51:00,5.8195,5.84,5.805,5.805,101
2026-01-07 09:52:00,5.805,5.92,5.805,5.91,1811
2026-01-07 09:53:00,5.9,5.96,5.9,5.95,920
2026-01-07 09:54:00,5.95,5.9737,5.94,5.9737,163
2026-01-07 09:55:00,5.94,5.96,5.9296,5.9298,147
2026-01-07 09:56:00,5.9001,5.98,5.9001,5.95,276
2026-01-07 09:57:00,5.95,5.99,5.94,5.98,420
2026-01-07 09:58:00,5.99,5.99,5.97,5.97,118
2026-01-07 09:59:00,5.97,5.98,5.94,5.965,210
2026-01-07 10:00:00,5.96,5.9754,5.94,5.94,137
2026-01-07 10:01:00,5.93,5.935,5.9235,5.9235,82
2026-01-07 10:02:00,5.925,5.93,5.91,5.92,569
2026-01-07 10:03:00,5.925,5.99,5.925,5.99,491
2026-01-07 10:04:00,5.98,6.0278,5.98,6.0278,345
2026-01-07 10:05:00,6.025,6.0699,6.02,6.065,534
2026-01-07 10:06:00,6.066,6.07,6.04,6.05,447
2026-01-07 10:07:00,6.04,6.04,5.99,5.99,682
2026-01-07 10:08:00,5.99,5.995,5.94,5.955,415
2026-01-07 10:09:00,5.955,5.96,5.9491,5.9491,56
2026-01-07 10:10:00,5.94,5.98,5.94,5.95,271
2026-01-07 10:11:00,5.95,5.9618,5.95,5.955,96
2026-01-07 10:12:00,5.96,5.96,5.92,5.925,255
2026-01-07 10:13:00,5.925,5.97,5.925,5.955,110
2026-01-07 10:14:00,5.9599,5.97,5.955,5.965,68
2026-01-07 10:15:00,5.9601,5.98,5.94,5.98,617
2026-01-07 10:16:00,5.9784,5.9784,5.955,5.97,88
2026-01-07 10:17:00,5.975,5.99,5.965,5.975,121
2026-01-07 10:18:00,5.98,6.015,5.975,5.995,684
2026-01-07 10:19:00,5.995,5.9999,5.985,5.985,34
2026-01-07 10:20:00,5.99,6.02,5.99,6.0105,296
2026-01-07 10:21:00,6.012,6.015,6.0,6.005,292
2026-01-07 10:22:00,6.005,6.015,5.96,5.965,411
2026-01-07 10:23:00,5.96,5.985,5.96,5.98,98
2026-01-07 10:24:00,5.98,6.0,5.96,5.98,807
2026-01-07 10:25:00,5.975,5.98,5.97,5.97,41
2026-01-07 10:26:00,5.97,5.975,5.92,5.935,1188
2026-01-07 10:27:00,5.935,5.95,5.935,5.945,152
2026-01-07 10:28:00,5.94,5.965,5.92,5.965,456
2026-01-07 10:29:00,5.965,5.965,5.93,5.935,200
2026-01-07 10:30:00,5.935,5.935,5.89,5.895,137
2026-01-07 10:31:00,5.89,5.89,5.87,5.875,54
2026-01-07 10:32:00,5.87,5.875,5.85,5.865,250
2026-01-07 10:33:00,5.865,5.87,5.86,5.865,39
2026-01-07 10:34:00,5.865,5.87,5.865,5.87,72
2026-01-07 10:35:00,5.865,5.88,5.865,5.88,26
2026-01-07 10:36:00,5.875,5.9,5.875,5.895,147
2026-01-07 10:37:00,5.895,5.895,5.88,5.885,153
2026-01-07 10:38:00,5.885,5.89,5.865,5.865,47
2026-01-07 10:39:00,5.865,5.87,5.85,5.855,181
2026-01-07 10:40:00,5.852,5.88,5.85,5.8775,425
2026-01-07 10:41:00,5.875,5.885,5.86,5.885,295
2026-01-07 10:42:00,5.89,5.895,5.875,5.895,305
2026-01-07 10:43:00,5.9,5.9,5.875,5.885,123
2026-01-07 10:44:00,5.885,5.8999,5.885,5.895,97
2026-01-07 10:45:00,5.895,5.92,5.895,5.92,110
2026-01-07 10:46:00,5.925,5.93,5.915,5.93,469
2026-01-07 10:47:00,5.925,5.96,5.925,5.95,393
2026-01-07 10:48:00,5.95,5.97,5.95,5.97,330
2026-01-07 10:49:00,5.965,5.965,5.955,5.955,185
2026-01-07 10:50:00,5.955,5.955,5.9,5.9,31
2026-01-07 10:51:00,5.9,5.9013,5.9,5.9013,23
2026-01-07 10:52:00,5.9,5.94,5.9,5.94,313
2026-01-07 10:53:00,5.94,5.955,5.935,5.955,122
2026-01-07 10:54:00,5.9594,5.96,5.95,5.955,370
2026-01-07 10:55:00,5.955,5.985,5.955,5.975,245
2026-01-07 10:56:00,5.975,6.0,5.975,5.995,443
2026-01-07 10:57:00,5.99,6.005,5.99,6.0,244
2026-01-07 10:58:00,6.005,6.0093,5.985,5.985,343
2026-01-07 10:59:00,5.985,5.985,5.965,5.975,566
2026-01-07 11:00:00,5.98,6.01,5.965,6.005,646
2026-01-07 11:01:00,6.01,6.03,6.005,6.025,446
2026-01-07 11:02:00,6.02,6.025,6.02,6.02,15
2026-01-07 11:03:00,6.025,6.025,5.985,5.9877,299
2026-01-07 11:04:00,5.985,5.985,5.98,5.98,17
2026-01-07 11:05:00,5.98,5.985,5.965,5.965,32
2026-01-07 11:06:00,5.965,6.005,5.96,6.0,98
2026-01-07 11:07:00,5.995,5.995,5.96,5.975,282
2026-01-07 11:08:00,5.975,5.99,5.975,5.99,48
2026-01-07 11:09:00,5.985,5.985,5.985,5.985,3
2026-01-07 11:10:00,5.9893,5.9893,5.955,5.96,308
2026-01-07 11:11:00,5.965,5.965,5.96,5.96,7
2026-01-07 11:12:00,5.96,5.96,5.955,5.955,7
2026-01-07 11:13:00,5.955,5.975,5.955,5.9741,351
2026-01-07 11:14:00,5.975,5.99,5.97,5.99,238
2026-01-07 11:15:00,5.995,6.015,5.985,6.0,288
2026-01-07 11:16:00,6.0,6.0,6.0,6.0,12
2026-01-07 11:17:00,5.995,5.995,5.988,5.995,69
2026-01-07 11:18:00,5.99,5.99,5.98,5.985,88
2026-01-07 11:19:00,5.985,5.985,5.985,5.985,0
2026-01-07 11:20:00,5.9815,5.9815,5.955,5.955,26
2026-01-07 11:21:00,5.955,5.955,5.9501,5.9501,13
2026-01-07 11:22:00,5.955,5.955,5.955,5.955,5
2026-01-07 11:23:00,5.955,5.955,5.94,5.945,118
2026-01-07 11:24:00,5.94,5.945,5.925,5.925,81
2026-01-07 11:25:00,5.92,5.925,5.92,5.925,39
2026-01-07 11:26:00,5.92,5.92,5.92,5.92,4
2026-01-07 11:27:00,5.91,5.91,5.9,5.905,141
2026-01-07 11:28:00,5.905,5.905,5.9,5.9,24
2026-01-07 11:29:00,5.905,5.905,5.905,5.905,48
2026-01-07 11:30:00,5.91,5.925,5.905,5.925,180
2026-01-07 11:31:00,5.925,5.925,5.92,5.92,8
2026-01-07 11:32:00,5.925,5.925,5.925,5.925,7
2026-01-07 11:33:00,5.92,5.92,5.915,5.915,11
2026-01-07 11:34:00,5.91,5.91,5.9,5.905,14
2026-01-07 11:35:00,5.9,5.9,5.9,5.9,1
2026-01-07 11:36:00,5.9,5.9,5.87,5.87,137
2026-01-07 11:37:00,5.875,5.9,5.875,5.885,163
2026-01-07 11:38:00,5.88,5.885,5.875,5.88,178
2026-01-07 11:39:00,5.88,5.905,5.88,5.9038,164
2026-01-07 11:40:00,5.905,5.91,5.905,5.905,84
2026-01-07 11:41:00,5.915,5.915,5.915,5.915,3
2026-01-07 11:42:00,5.9155,5.92,5.915,5.916,54
2026-01-07 11:43:00,5.92,5.92,5.915,5.915,17
2026-01-07 11:44:00,5.92,5.95,5.915,5.945,59
2026-01-07 11:45:00,5.945,5.96,5.945,5.955,122
2026-01-07 11:46:00,5.955,5.97,5.955,5.965,69
2026-01-07 11:47:00,5.965,5.965,5.935,5.935,322
2026-01-07 11:48:00,5.93,5.935,5.92,5.925,195
2026-01-07 11:49:00,5.93,5.94,5.93,5.935,69
2026-01-07 11:50:00,5.93,5.93,5.925,5.925,14
2026-01-07 11:51:00,5.925,5.94,5.92,5.935,57
2026-01-07 11:52:00,5.935,5.935,5.935,5.935,34
2026-01-07 11:53:00,5.935,5.94,5.935,5.94,27
2026-01-07 11:54:00,5.945,5.945,5.94,5.94,6
2026-01-07 11:55:00,5.945,5.945,5.935,5.945,46
2026-01-07 11:56:00,5.94,5.94,5.94,5.94,1
2026-01-07 11:57:00,5.945,5.95,5.945,5.945,7
2026-01-07 11:58:00,5.95,5.955,5.95,5.955,26
2026-01-07 11:59:00,5.955,6.005,5.955,6.005,137
2026-01-07 12:00:00,5.995,5.995,5.98,5.985,110
2026-01-07 12:01:00,5.985,5.99,5.985,5.985,9
2026-01-07 12:02:00,5.98,5.98,5.98,5.98,29
2026-01-07 12:03:00,5.97,5.975,5.965,5.975,132
2026-01-07 12:04:00,5.975,5.985,5.975,5.985,39
2026-01-07 12:05:00,5.985,5.99,5.96,5.965,264
2026-01-07 12:06:00,5.965,5.965,5.965,5.965,3
2026-01-07 12:07:00,5.965,5.965,5.935,5.935,84
2026-01-07 12:08:00,5.935,5.945,5.905,5.945,214
2026-01-07 12:09:00,5.95,5.95,5.94,5.945,10
2026-01-07 12:10:00,5.945,5.95,5.92,5.925,202
2026-01-07 12:11:00,5.925,5.925,5.925,5.925,9
2026-01-07 12:12:00,5.92,5.92,5.905,5.905,13
2026-01-07 12:13:00,5.905,5.925,5.9,5.915,110
2026-01-07 12:14:00,5.915,5.93,5.915,5.925,6
2026-01-07 12:15:00,5.925,5.925,5.92,5.925,4
2026-01-07 12:16:00,5.925,5.925,5.92,5.925,16
2026-01-07 12:17:00,5.925,5.935,5.925,5.935,10
2026-01-07 12:18:00,5.935,5.935,5.925,5.925,100
2026-01-07 12:19:00,5.92,5.92,5.91,5.915,16
2026-01-07 12:20:00,5.915,5.92,5.915,5.915,55
2026-01-07 12:21:00,5.915,5.915,5.895,5.895,43
2026-01-07 12:22:00,5.89,5.89,5.89,5.89,5
2026-01-07 12:23:00,5.89,5.905,5.89,5.905,50
2026-01-07 12:24:00,5.91,5.915,5.904,5.905,33
2026-01-07 12:25:00,5.905,5.905,5.9,5.9,3
2026-01-07 12:26:00,5.905,5.91,5.905,5.905,25
2026-01-07 12:27:00,5.905,5.935,5.905,5.935,38
2026-01-07 12:28:00,5.935,5.935,5.93,5.935,9
2026-01-07 12:29:00,5.935,5.945,5.935,5.94,23
2026-01-07 12:30:00,5.94,5.94,5.93,5.93,21
2026-01-07 12:31:00,5.93,5.93,5.93,5.93,0
2026-01-07 12:32:00,5.93,5.93,5.91,5.915,32
2026-01-07 12:33:00,5.915,5.915,5.91,5.915,11
2026-01-07 12:34:00,5.915,5.918,5.91,5.915,31
2026-01-07 12:35:00,5.915,5.92,5.915,5.92,43
2026-01-07 12:36:00,5.9267,5.9267,5.92,5.9201,17
2026-01-07 12:37:00,5.92,5.93,5.92,5.9275,33
2026-01-07 12:38:00,5.935,5.95,5.935,5.95,58
2026-01-07 12:39:00,5.945,5.95,5.945,5.95,24
2026-01-07 12:40:00,5.95,5.95,5.94,5.945,14
2026-01-07 12:41:00,5.945,5.945,5.935,5.935,16
2026-01-07 12:42:00,5.935,5.935,5.93,5.9313,6
2026-01-07 12:43:00,5.93,5.93,5.93,5.93,1
2026-01-07 12:44:00,5.93,5.935,5.925,5.93,215
2026-01-07 12:45:00,5.93,5.935,5.92,5.93,37
2026-01-07 12:46:00,5.925,5.925,5.92,5.92,16
2026-01-07 12:47:00,5.925,5.93,5.91,5.91,110
2026-01-07 12:48:00,5.9113,5.915,5.91,5.91,11
2026-01-07 12:49:00,5.92,5.92,5.91,5.91,49
2026-01-07 12:50:00,5.91,5.925,5.91,5.9217,70
2026-01-07 12:51:00,5.92,5.925,5.915,5.915,47
2026-01-07 12:52:00,5.915,5.92,5.91,5.91,17
2026-01-07 12:53:00,5.91,5.915,5.885,5.885,144
2026-01-07 12:54:00,5.89,5.905,5.89,5.905,35
2026-01-07 12:55:00,5.9,5.9001,5.9,5.9001,17
2026-01-07 12:56:00,5.9,5.9,5.88,5.895,453
2026-01-07 12:57:00,5.89,5.895,5.88,5.895,165
2026-01-07 12:58:00,5.895,5.895,5.895,5.895,0
2026-01-07 12:59:00,5.89,5.895,5.89,5.895,6
2026-01-07 13:00:00,5.895,5.895,5.89,5.89,11
2026-01-07 13:01:00,5.89,5.89,5.89,5.89,22
2026-01-07 13:02:00,5.89,5.89,5.88,5.88,157
2026-01-07 13:03:00,5.885,5.885,5.885,5.885,7
2026-01-07 13:04:00,5.885,5.89,5.885,5.89,22
2026-01-07 13:05:00,5.89,5.895,5.87,5.875,195
2026-01-07 13:06:00,5.87,5.8787,5.865,5.87,92
2026-01-07 13:07:00,5.8701,5.875,5.8643,5.865,39
2026-01-07 13:08:00,5.87,5.875,5.865,5.87,119
2026-01-07 13:09:00,5.87,5.87,5.87,5.87,8
2026-01-07 13:10:00,5.86,5.86,5.845,5.85,215
2026-01-07 13:11:00,5.85,5.85,5.8435,5.845,156
2026-01-07 13:12:00,5.845,5.8554,5.845,5.855,168
2026-01-07 13:13:00,5.855,5.855,5.835,5.84,37
2026-01-07 13:14:00,5.835,5.835,5.835,5.835,8
2026-01-07 13:15:00,5.8301,5.835,5.8301,5.835,13
2026-01-07 13:16:00,5.83,5.835,5.83,5.835,42
2026-01-07 13:17:00,5.835,5.8359,5.835,5.8359,12
2026-01-07 13:18:00,5.835,5.835,5.83,5.83,8
2026-01-07 13:19:00,5.835,5.84,5.835,5.835,69
2026-01-07 13:20:00,5.835,5.85,5.835,5.845,76
2026-01-07 13:21:00,5.8484,5.85,5.83,5.83,54
2026-01-07 13:22:00,5.835,5.8385,5.83,5.8385,13
2026-01-07 13:23:00,5.83,5.835,5.83,5.835,12
2026-01-07 13:24:00,5.83,5.83,5.825,5.825,29
2026-01-07 13:25:00,5.8284,5.83,5.825,5.83,109
2026-01-07 13:26:00,5.825,5.825,5.825,5.825,8
2026-01-07 13:27:00,5.825,5.825,5.82,5.82,4
2026-01-07 13:28:00,5.82,5.825,5.82,5.825,4
2026-01-07 13:29:00,5.82,5.825,5.82,5.825,23
2026-01-07 13:30:00,5.83,5.83,5.825,5.825,5
2026-01-07 13:31:00,5.82,5.83,5.82,5.825,234
2026-01-07 13:32:00,5.825,5.845,5.825,5.845,152
2026-01-07 13:33:00,5.845,5.85,5.845,5.845,54
2026-01-07 13:34:00,5.845,5.865,5.835,5.855,255
2026-01-07 13:35:00,5.855,5.855,5.855,5.855,16
2026-01-07 13:36:00,5.86,5.88,5.86,5.86,199
2026-01-07 13:37:00,5.855,5.855,5.845,5.845,40
2026-01-07 13:38:00,5.845,5.845,5.845,5.845,6
2026-01-07 13:39:00,5.845,5.85,5.845,5.845,8
2026-01-07 13:40:00,5.845,5.845,5.84,5.845,12
2026-01-07 13:41:00,5.845,5.85,5.845,5.845,33
2026-01-07 13:42:00,5.845,5.8499,5.84,5.8401,147
2026-01-07 13:43:00,5.84,5.855,5.835,5.835,167
2026-01-07 13:44:00,5.835,5.835,5.83,5.83,3
2026-01-07 13:45:00,5.83,5.83,5.82,5.82,28
2026-01-07 13:46:00,5.82,5.825,5.82,5.825,18
2026-01-07 13:47:00,5.825,5.835,5.825,5.835,69
2026-01-07 13:48:00,5.835,5.835,5.835,5.835,4
2026-01-07 13:49:00,5.835,5.835,5.835,5.835,14
2026-01-07 13:50:00,5.835,5.835,5.83,5.83,22
2026-01-07 13:51:00,5.82,5.825,5.82,5.825,17
2026-01-07 13:52:00,5.825,5.825,5.825,5.825,7
2026-01-07 13:53:00,5.82,5.825,5.82,5.825,28
2026-01-07 13:54:00,5.825,5.835,5.825,5.83,101
2026-01-07 13:55:00,5.835,5.835,5.835,5.835,2
2026-01-07 13:56:00,5.835,5.835,5.825,5.825,19
2026-01-07 13:57:00,5.825,5.825,5.825,5.825,29
2026-01-07 13:58:00,5.825,5.825,5.82,5.825,13
2026-01-07 13:59:00,5.825,5.825,5.825,5.825,32
2026-01-07 14:00:00,5.825,5.825,5.825,5.825,15
2026-01-07 14:01:00,5.82,5.82,5.82,5.82,5
2026-01-07 14:02:00,5.82,5.82,5.785,5.795,966
2026-01-07 14:03:00,5.795,5.795,5.79,5.79,4
2026-01-07 14:04:00,5.795,5.8,5.7901,5.7901,61
2026-01-07 14:05:00,5.7905,5.7905,5.79,5.79,13
2026-01-07 14:06:00,5.795,5.795,5.79,5.79,8
2026-01-07 14:07:00,5.79,5.79,5.79,5.79,34
2026-01-07 14:08:00,5.79,5.8,5.79,5.795,228
2026-01-07 14:09:00,5.795,5.795,5.795,5.795,2
2026-01-07 14:10:00,5.795,5.815,5.795,5.815,117
2026-01-07 14:11:00,5.81,5.825,5.81,5.825,121
2026-01-07 14:12:00,5.825,5.83,5.82,5.82,197
2026-01-07 14:13:00,5.8206,5.83,5.8206,5.825,18
2026-01-07 14:14:00,5.82,5.825,5.82,5.825,3
2026-01-07 14:15:00,5.825,5.825,5.805,5.805,152
2026-01-07 14:16:00,5.805,5.8254,5.805,5.8254,224
2026-01-07 14:17:00,5.83,5.83,5.825,5.825,18
2026-01-07 14:18:00,5.825,5.825,5.825,5.825,23
2026-01-07 14:19:00,5.82,5.825,5.82,5.825,24
2026-01-07 14:20:00,5.8201,5.8201,5.815,5.815,40
2026-01-07 14:21:00,5.815,5.84,5.815,5.835,708
2026-01-07 14:22:00,5.835,5.84,5.835,5.84,64
2026-01-07 14:23:00,5.84,5.84,5.84,5.84,0
2026-01-07 14:24:00,5.84,5.845,5.84,5.845,10
2026-01-07 14:25:00,5.84,5.85,5.83,5.83,304
2026-01-07 14:26:00,5.835,5.84,5.83,5.835,55
2026-01-07 14:27:00,5.835,5.835,5.83,5.83,37
2026-01-07 14:28:00,5.83,5.83,5.83,5.83,17
2026-01-07 14:29:00,5.83,5.83,5.82,5.82,21
2026-01-07 14:30:00,5.82,5.835,5.82,5.83,251
2026-01-07 14:31:00,5.835,5.835,5.835,5.835,1
2026-01-07 14:32:00,5.83,5.83,5.825,5.825,32
2026-01-07 14:33:00,5.825,5.825,5.82,5.82,12
2026-01-07 14:34:00,5.82,5.82,5.82,5.82,5
2026-01-07 14:35:00,5.82,5.82,5.815,5.815,91
2026-01-07 14:36:00,5.815,5.82,5.815,5.815,41
2026-01-07 14:37:00,5.82,5.83,5.82,5.8226,184
2026-01-07 14:38:00,5.82,5.825,5.82,5.82,54
2026-01-07 14:39:00,5.82,5.82,5.815,5.815,51
2026-01-07 14:40:00,5.82,5.825,5.8175,5.825,99
2026-01-07 14:41:00,5.8246,5.8246,5.82,5.82,20
2026-01-07 14:42:00,5.82,5.82,5.82,5.82,13
2026-01-07 14:43:00,5.82,5.82,5.815,5.815,14
2026-01-07 14:44:00,5.815,5.82,5.815,5.82,145
2026-01-07 14:45:00,5.8175,5.83,5.8175,5.825,62
2026-01-07 14:46:00,5.825,5.8279,5.8201,5.825,10
2026-01-07 14:47:00,5.825,5.83,5.825,5.825,36
2026-01-07 14:48:00,5.825,5.87,5.825,5.87,502
2026-01-07 14:49:00,5.87,6.07,5.865,5.955,4272
2026-01-07 14:50:00,5.955,5.955,5.92,5.925,243
2026-01-07 14:51:00,5.925,5.94,5.925,5.925,150
2026-01-07 14:52:00,5.93,5.965,5.92,5.965,268
2026-01-07 14:53:00,5.96,5.96,5.94,5.9499,63
2026-01-07 14:54:00,5.945,5.96,5.92,5.9336,338
2026-01-07 14:55:00,5.93,5.94,5.93,5.9375,82
2026-01-07 14:56:00,5.95,5.96,5.945,5.945,107
2026-01-07 14:57:00,5.95,5.98,5.95,5.955,205
2026-01-07 14:58:00,5.955,5.975,5.95,5.97,87
2026-01-07 14:59:00,5.975,5.985,5.975,5.985,53
2026-01-07 15:00:00,5.985,5.985,5.955,5.955,507
2026-01-07 15:01:00,5.96,5.96,5.935,5.955,165
2026-01-07 15:02:00,5.955,5.96,5.93,5.945,114
2026-01-07 15:03:00,5.945,5.955,5.935,5.94,90
2026-01-07 15:04:00,5.935,5.94,5.925,5.93,101
2026-01-07 15:05:00,5.925,5.95,5.925,5.935,322
2026-01-07 15:06:00,5.935,5.945,5.935,5.935,132
2026-01-07 15:07:00,5.935,5.945,5.935,5.945,93
2026-01-07 15:08:00,5.945,5.96,5.945,5.955,74
2026-01-07 15:09:00,5.955,5.955,5.945,5.945,64
2026-01-07 15:10:00,5.945,5.95,5.9402,5.95,15
2026-01-07 15:11:00,5.94,5.94,5.93,5.935,81
2026-01-07 15:12:00,5.93,5.93,5.905,5.905,74
2026-01-07 15:13:00,5.905,5.905,5.9,5.9,54
2026-01-07 15:14:00,5.9014,5.9014,5.89,5.89,22
2026-01-07 15:15:00,5.895,5.895,5.89,5.89,36
2026-01-07 15:16:00,5.8982,5.9,5.885,5.895,297
2026-01-07 15:17:00,5.895,5.905,5.895,5.905,120
2026-01-07 15:18:00,5.905,5.906,5.89,5.89,29
2026-01-07 15:19:00,5.895,5.895,5.885,5.885,42
2026-01-07 15:20:00,5.885,5.885,5.88,5.88,21
2026-01-07 15:21:00,5.87,5.88,5.87,5.88,75
2026-01-07 15:22:00,5.875,5.88,5.87,5.87,100
2026-01-07 15:23:00,5.87,5.87,5.86,5.86,21
2026-01-07 15:24:00,5.865,5.865,5.84,5.84,217
2026-01-07 15:25:00,5.84,5.85,5.84,5.84,16
2026-01-07 15:26:00,5.84,5.8468,5.84,5.845,19
2026-01-07 15:27:00,5.845,5.845,5.825,5.825,73
2026-01-07 15:28:00,5.825,5.825,5.82,5.82,13
2026-01-07 15:29:00,5.82,5.84,5.82,5.835,313
2026-01-07 15:30:00,5.8399,5.85,5.8317,5.835,250
2026-01-07 15:31:00,5.835,5.835,5.835,5.835,4
2026-01-07 15:32:00,5.83,5.835,5.83,5.835,5
2026-01-07 15:33:00,5.835,5.835,5.83,5.83,6
2026-01-07 15:34:00,5.83,5.835,5.825,5.835,76
2026-01-07 15:35:00,5.83,5.83,5.82,5.8218,21
2026-01-07 15:36:00,5.825,5.83,5.825,5.83,112
2026-01-07 15:37:00,5.835,5.835,5.835,5.835,1
2026-01-07 15:38:00,5.83,5.83,5.8235,5.825,74
2026-01-07 15:39:00,5.824,5.825,5.82,5.825,66
2026-01-07 15:40:00,5.825,5.835,5.825,5.835,101
2026-01-07 15:41:00,5.83,5.84,5.83,5.835,367
2026-01-07 15:42:00,5.83,5.83,5.83,5.83,1
2026-01-07 15:43:00,5.83,5.8397,5.83,5.83,8
2026-01-07 15:44:00,5.835,5.84,5.835,5.835,46
2026-01-07 15:45:00,5.835,5.84,5.825,5.825,123
2026-01-07 15:46:00,5.825,5.8266,5.82,5.8266,13
2026-01-07 15:47:00,5.825,5.825,5.81,5.81,89
2026-01-07 15:48:00,5.81,5.815,5.81,5.81,29
2026-01-07 15:49:00,5.81,5.82,5.81,5.81,147
2026-01-07 15:50:00,5.81,5.81,5.795,5.805,355
2026-01-07 15:51:00,5.805,5.815,5.8,5.8,203
2026-01-07 15:52:00,5.8,5.835,5.8,5.82,399
2026-01-07 15:53:00,5.82,5.825,5.82,5.82,69
2026-01-07 15:54:00,5.82,5.83,5.81,5.825,776
2026-01-07 15:55:00,5.82,5.84,5.81,5.82,660
2026-01-07 15:56:00,5.82,5.82,5.8,5.805,201
2026-01-07 15:57:00,5.805,5.845,5.805,5.835,1413
2026-01-07 15:58:00,5.835,5.85,5.83,5.8466,1333
2026-01-07 15:59:00,5.84,5.845,5.815,5.82,1328
2026-01-08 09:30:00,6.17,6.4,6.12,6.39,4432
2026-01-08 09:31:00,6.39,6.65,6.36,6.59,2065
2026-01-08 09:32:00,6.59,6.64,6.49,6.57,1753
2026-01-08 09:33:00,6.565,6.66,6.565,6.64,608
2026-01-08 09:34:00,6.596,6.5973,6.47,6.47,312
2026-01-08 09:35:00,6.48,6.5899,6.4506,6.5364,575
2026-01-08 09:36:00,6.5227,6.58,6.5,6.5,450
2026-01-08 09:37:00,6.5022,6.55,6.47,6.5194,678
2026-01-08 09:38:00,6.515,6.52,6.38,6.41,763
2026-01-08 09:39:00,6.41,6.52,6.41,6.4739,563
2026-01-08 09:40:00,6.4774,6.55,6.4774,6.5284,148
2026-01-08 09:41:00,6.53,6.54,6.46,6.53,885
2026-01-08 09:42:00,6.53,6.53,6.5,6.51,212
2026-01-08 09:43:00,6.505,6.55,6.4806,6.51,1162
2026-01-08 09:44:00,6.52,6.57,6.49,6.57,974
2026-01-08 09:45:00,6.55,6.6,6.49,6.6,1324
2026-01-08 09:46:00,6.6,6.7,6.596,6.7,1374
2026-01-08 09:47:00,6.69,6.75,6.65,6.6905,1662
2026-01-08 09:48:00,6.69,6.69,6.6,6.6,987
2026-01-08 09:49:00,6.6,6.61,6.58,6.61,317
2026-01-08 09:50:00,6.6,6.7,6.56,6.7,288
2026-01-08 09:51:00,6.7,6.73,6.675,6.715,277
2026-01-08 09:52:00,6.73,6.73,6.67,6.672,156
2026-01-08 09:53:00,6.68,6.69,6.6,6.675,891
2026-01-08 09:54:00,6.67,6.67,6.6101,6.62,203
2026-01-08 09:55:00,6.65,6.65,6.55,6.55,451
2026-01-08 09:56:00,6.55,6.59,6.52,6.575,994
2026-01-08 09:57:00,6.575,6.66,6.57,6.61,254
2026-01-08 09:58:00,6.6199,6.65,6.6199,6.62,269
2026-01-08 09:59:00,6.61,6.62,6.55,6.62,712
2026-01-08 10:00:00,6.615,6.615,6.57,6.6,256
2026-01-08 10:01:00,6.595,6.63,6.58,6.625,214
2026-01-08 10:02:00,6.625,6.64,6.615,6.615,139
2026-01-08 10:03:00,6.61,6.61,6.5601,6.575,181
2026-01-08 10:04:00,6.575,6.615,6.575,6.615,122
2026-01-08 10:05:00,6.615,6.625,6.57,6.579,293
2026-01-08 10:06:00,6.57,6.57,6.51,6.535,85
2026-01-08 10:07:00,6.535,6.545,6.525,6.53,215
2026-01-08 10:08:00,6.535,6.58,6.535,6.555,255
2026-01-08 10:09:00,6.5593,6.57,6.53,6.535,446
2026-01-08 10:10:00,6.5356,6.545,6.51,6.51,341
2026-01-08 10:11:00,6.5101,6.575,6.5101,6.575,59
2026-01-08 10:12:00,6.58,6.59,6.56,6.57,333
2026-01-08 10:13:00,6.58,6.5979,6.57,6.59,179
2026-01-08 10:14:00,6.5999,6.5999,6.56,6.5799,110
2026-01-08 10:15:00,6.575,6.605,6.5749,6.595,528
2026-01-08 10:16:00,6.595,6.61,6.58,6.58,332
2026-01-08 10:17:00,6.585,6.605,6.585,6.595,73
2026-01-08 10:18:00,6.59,6.59,6.52,6.525,155
2026-01-08 10:19:00,6.53,6.53,6.5246,6.525,36
2026-01-08 10:20:00,6.53,6.55,6.52,6.55,104
2026-01-08 10:21:00,6.54,6.54,6.525,6.53,126
2026-01-08 10:22:00,6.535,6.535,6.49,6.505,269
2026-01-08 10:23:00,6.506,6.515,6.5,6.515,328
2026-01-08 10:24:00,6.515,6.645,6.515,6.62,755
2026-01-08 10:25:00,6.624,6.68,6.624,6.675,249
2026-01-08 10:26:00,6.675,6.72,6.67,6.7199,746
2026-01-08 10:27:00,6.72,6.77,6.72,6.725,1611
2026-01-08 10:28:00,6.7275,6.77,6.725,6.7401,836
2026-01-08 10:29:00,6.745,6.745,6.69,6.71,302
2026-01-08 10:30:00,6.705,6.7697,6.705,6.755,496
2026-01-08 10:31:00,6.755,6.77,6.74,6.77,317
2026-01-08 10:32:00,6.765,6.85,6.765,6.85,905
2026-01-08 10:33:00,6.85,6.88,6.83,6.84,1130
2026-01-08 10:34:00,6.845,6.87,6.84,6.86,726
2026-01-08 10:35:00,6.8501,6.895,6.8501,6.889,768
2026-01-08 10:36:00,6.8899,6.895,6.87,6.885,249
2026-01-08 10:37:00,6.89,6.915,6.89,6.915,456
2026-01-08 10:38:00,6.91,6.94,6.91,6.92,597
2026-01-08 10:39:00,6.9115,6.916,6.8944,6.905,549
2026-01-08 10:40:00,6.9099,6.925,6.85,6.87,1207
2026-01-08 10:41:00,6.875,6.91,6.86,6.905,717
2026-01-08 10:42:00,6.905,6.9099,6.83,6.845,818
2026-01-08 10:43:00,6.845,6.855,6.835,6.8499,183
2026-01-08 10:44:00,6.845,6.855,6.79,6.81,624
2026-01-08 10:45:00,6.816,6.845,6.81,6.8299,567
2026-01-08 10:46:00,6.83,6.8354,6.82,6.835,142
2026-01-08 10:47:00,6.84,6.89,6.835,6.8697,1073
2026-01-08 10:48:00,6.87,6.8985,6.865,6.8985,1464
2026-01-08 10:49:00,6.895,6.9,6.8733,6.875,258
2026-01-08 10:50:00,6.88,6.895,6.875,6.875,322
2026-01-08 10:51:00,6.88,6.885,6.8,6.805,413
2026-01-08 10:52:00,6.8,6.82,6.765,6.765,719
2026-01-08 10:53:00,6.765,6.7757,6.765,6.775,165
2026-01-08 10:54:00,6.775,6.82,6.775,6.81,806
2026-01-08 10:55:00,6.81,6.82,6.78,6.82,543
2026-01-08 10:56:00,6.815,6.82,6.78,6.795,664
2026-01-08 10:57:00,6.7986,6.805,6.7933,6.805,56
2026-01-08 10:58:00,6.805,6.81,6.77,6.78,117
2026-01-08 10:59:00,6.78,6.79,6.76,6.765,121
2026-01-08 11:00:00,6.7799,6.8,6.7715,6.8,126
2026-01-08 11:01:00,6.8,6.805,6.7906,6.805,46
2026-01-08 11:02:00,6.805,6.81,6.7933,6.7933,203
2026-01-08 11:03:00,6.795,6.8,6.78,6.78,119
2026-01-08 11:04:00,6.775,6.775,6.7601,6.765,76
2026-01-08 11:05:00,6.77,6.785,6.765,6.765,115
2026-01-08 11:06:00,6.76,6.77,6.73,6.755,652
2026-01-08 11:07:00,6.752,6.795,6.752,6.765,172
2026-01-08 11:08:00,6.765,6.78,6.765,6.775,27
2026-01-08 11:09:00,6.78,6.795,6.745,6.755,507
2026-01-08 11:10:00,6.755,6.77,6.755,6.77,58
2026-01-08 11:11:00,6.7698,6.77,6.745,6.754,301
2026-01-08 11:12:00,6.755,6.76,6.75,6.7583,75
2026-01-08 11:13:00,6.76,6.765,6.75,6.755,292
2026-01-08 11:14:00,6.7548,6.76,6.75,6.755,86
2026-01-08 11:15:00,6.755,6.76,6.75,6.755,17
2026-01-08 11:16:00,6.755,6.755,6.73,6.755,954
2026-01-08 11:17:00,6.755,6.755,6.75,6.755,92
2026-01-08 11:18:00,6.755,6.77,6.75,6.76,258
2026-01-08 11:19:00,6.77,6.775,6.7616,6.7616,71
2026-01-08 11:20:00,6.77,6.77,6.765,6.765,25
2026-01-08 11:21:00,6.7667,6.77,6.7616,6.765,66
2026-01-08 11:22:00,6.77,6.78,6.765,6.7783,47
2026-01-08 11:23:00,6.775,6.775,6.755,6.755,190
2026-01-08 11:24:00,6.75,6.765,6.74,6.7555,236
2026-01-08 11:25:00,6.755,6.755,6.69,6.7,720
2026-01-08 11:26:00,6.7,6.7067,6.6835,6.685,256
2026-01-08 11:27:00,6.685,6.69,6.67,6.675,362
2026-01-08 11:28:00,6.68,6.68,6.6738,6.68,19
2026-01-08 11:29:00,6.678,6.7,6.6774,6.7,125
2026-01-08 11:30:00,6.7089,6.715,6.7046,6.715,106
2026-01-08 11:31:00,6.715,6.74,6.705,6.7285,180
2026-01-08 11:32:00,6.72,6.725,6.675,6.675,336
2026-01-08 11:33:00,6.675,6.68,6.67,6.675,103
2026-01-08 11:34:00,6.675,6.71,6.675,6.699,130
2026-01-08 11:35:00,6.695,6.71,6.6896,6.695,131
2026-01-08 11:36:00,6.695,6.695,6.68,6.68,100
2026-01-08 11:37:00,6.675,6.675,6.66,6.665,39
2026-01-08 11:38:00,6.665,6.6754,6.655,6.675,225
2026-01-08 11:39:00,6.67,6.68,6.66,6.665,71
2026-01-08 11:40:00,6.67,6.69,6.665,6.665,172
2026-01-08 11:41:00,6.6692,6.6899,6.6633,6.685,114
2026-01-08 11:42:00,6.685,6.685,6.655,6.655,80
2026-01-08 11:43:00,6.65,6.665,6.65,6.655,78
2026-01-08 11:44:00,6.655,6.665,6.655,6.665,11
2026-01-08 11:45:00,6.66,6.66,6.655,6.66,30
2026-01-08 11:46:00,6.655,6.665,6.655,6.665,63
2026-01-08 11:47:00,6.665,6.665,6.655,6.665,48
2026-01-08 11:48:00,6.665,6.665,6.655,6.655,148
2026-01-08 11:49:00,6.655,6.66,6.655,6.655,88
2026-01-08 11:50:00,6.655,6.655,6.64,6.645,83
2026-01-08 11:51:00,6.64,6.645,6.64,6.645,26
2026-01-08 11:52:00,6.64,6.645,6.635,6.635,32
2026-01-08 11:53:00,6.635,6.64,6.625,6.625,182
2026-01-08 11:54:00,6.625,6.625,6.61,6.6127,106
2026-01-08 11:55:00,6.615,6.6185,6.6131,6.615,11
2026-01-08 11:56:00,6.615,6.615,6.6108,6.615,19
2026-01-08 11:57:00,6.615,6.625,6.6046,6.6046,104
2026-01-08 11:58:00,6.605,6.62,6.6,6.62,230
2026-01-08 11:59:00,6.625,6.64,6.625,6.6395,79
2026-01-08 12:00:00,6.6355,6.6355,6.6101,6.6101,123
2026-01-08 12:01:00,6.62,6.62,6.615,6.62,61
2026-01-08 12:02:00,6.615,6.62,6.605,6.605,98
2026-01-08 12:03:00,6.605,6.655,6.605,6.65,209
2026-01-08 12:04:00,6.6449,6.66,6.6449,6.655,95
2026-01-08 12:05:00,6.655,6.69,6.655,6.685,428
2026-01-08 12:06:00,6.685,6.73,6.685,6.73,963
2026-01-08 12:07:00,6.724,6.74,6.724,6.7381,48
2026-01-08 12:08:00,6.735,6.76,6.735,6.76,281
2026-01-08 12:09:00,6.765,6.775,6.764,6.775,72
2026-01-08 12:10:00,6.7799,6.78,6.7648,6.765,271
2026-01-08 12:11:00,6.7686,6.8,6.7602,6.795,190
2026-01-08 12:12:00,6.7903,6.8,6.7903,6.7988,82
2026-01-08 12:13:00,6.795,6.8,6.7945,6.7945,75
2026-01-08 12:14:00,6.795,6.8,6.7946,6.795,17
2026-01-08 12:15:00,6.795,6.825,6.785,6.795,880
2026-01-08 12:16:00,6.795,6.7987,6.775,6.775,173
2026-01-08 12:17:00,6.775,6.7887,6.7631,6.7887,115
2026-01-08 12:18:00,6.785,6.8,6.785,6.795,142
2026-01-08 12:19:00,6.795,6.81,6.794,6.81,106
2026-01-08 12:20:00,6.81,6.81,6.7701,6.775,192
2026-01-08 12:21:00,6.78,6.79,6.78,6.785,28
2026-01-08 12:22:00,6.785,6.8,6.785,6.795,123
2026-01-08 12:23:00,6.8,6.8,6.795,6.8,125
2026-01-08 12:24:00,6.8,6.81,6.8,6.805,99
2026-01-08 12:25:00,6.805,6.805,6.7801,6.785,94
2026-01-08 12:26:00,6.785,6.7999,6.785,6.795,45
2026-01-08 12:27:00,6.7963,6.8,6.795,6.8,41
2026-01-08 12:28:00,6.8,6.815,6.7999,6.815,71
2026-01-08 12:29:00,6.816,6.816,6.805,6.815,207
2026-01-08 12:30:00,6.815,6.82,6.8107,6.815,76
2026-01-08 12:31:00,6.815,6.82,6.815,6.815,17
2026-01-08 12:32:00,6.815,6.82,6.81,6.815,39
2026-01-08 12:33:00,6.815,6.86,6.815,6.8555,452
2026-01-08 12:34:00,6.855,6.86,6.855,6.86,162
2026-01-08 12:35:00,6.855,6.855,6.835,6.84,207
2026-01-08 12:36:00,6.8401,6.845,6.835,6.845,365
2026-01-08 12:37:00,6.845,6.85,6.8344,6.845,182
2026-01-08 12:38:00,6.845,6.8455,6.835,6.84,205
2026-01-08 12:39:00,6.8366,6.84,6.83,6.84,85
2026-01-08 12:40:00,6.84,6.86,6.84,6.845,293
2026-01-08 12:41:00,6.848,6.87,6.845,6.865,196
2026-01-08 12:42:00,6.865,6.865,6.855,6.855,47
2026-01-08 12:43:00,6.8557,6.865,6.855,6.865,44
2026-01-08 12:44:00,6.865,6.88,6.865,6.88,86
2026-01-08 12:45:00,6.8716,6.93,6.8716,6.9244,505
2026-01-08 12:46:00,6.925,6.93,6.915,6.915,181
2026-01-08 12:47:00,6.9188,6.9188,6.905,6.9087,157
2026-01-08 12:48:00,6.9,6.9,6.88,6.895,435
2026-01-08 12:49:00,6.885,6.885,6.88,6.885,42
2026-01-08 12:50:00,6.8833,6.885,6.8746,6.875,47
2026-01-08 12:51:00,6.8701,6.9,6.8701,6.895,244
2026-01-08 12:52:00,6.9,6.9167,6.9,6.914,79
2026-01-08 12:53:00,6.915,6.915,6.905,6.91,40
2026-01-08 12:54:00,6.905,6.9188,6.905,6.915,148
2026-01-08 12:55:00,6.915,6.92,6.9,6.9001,209
2026-01-08 12:56:00,6.905,6.905,6.902,6.905,26
2026-01-08 12:57:00,6.905,6.905,6.9,6.905,61
2026-01-08 12:58:00,6.91,6.92,6.91,6.915,99
2026-01-08 12:59:00,6.915,6.92,6.91,6.915,40
2026-01-08 13:00:00,6.91,6.915,6.9048,6.9048,104
2026-01-08 13:01:00,6.9,6.9092,6.9,6.9083,52
2026-01-08 13:02:00,6.905,6.93,6.905,6.905,349
2026-01-08 13:03:00,6.905,6.925,6.905,6.9238,56
2026-01-08 13:04:00,6.925,6.926,6.915,6.915,55
2026-01-08 13:05:00,6.9181,6.92,6.91,6.92,129
2026-01-08 13:06:00,6.9226,6.9226,6.91,6.915,82
2026-01-08 13:07:00,6.915,6.9257,6.915,6.92,172
2026-01-08 13:08:00,6.915,6.9192,6.915,6.915,41
2026-01-08 13:09:00,6.915,6.94,6.91,6.936,439
2026-01-08 13:10:00,6.935,6.98,6.935,6.975,428
2026-01-08 13:11:00,6.97,6.975,6.95,6.955,358
2026-01-08 13:12:00,6.955,6.955,6.95,6.95,108
2026-01-08 13:13:00,6.95,6.9599,6.95,6.9599,24
2026-01-08 13:14:00,6.96,6.965,6.95,6.95,193
2026-01-08 13:15:00,6.945,6.95,6.925,6.935,155
2026-01-08 13:16:00,6.935,6.955,6.93,6.955,439
2026-01-08 13:17:00,6.95,6.95,6.94,6.9498,94
2026-01-08 13:18:00,6.945,6.95,6.94,6.949,74
2026-01-08 13:19:00,6.946,6.955,6.94,6.945,161
2026-01-08 13:20:00,6.95,6.965,6.94,6.96,137
2026-01-08 13:21:00,6.95,6.965,6.95,6.965,202
2026-01-08 13:22:00,6.9668,6.97,6.9613,6.97,69
2026-01-08 13:23:00,6.965,6.97,6.96,6.965,12
2026-01-08 13:24:00,6.97,6.975,6.96,6.965,268
2026-01-08 13:25:00,6.965,6.97,6.96,6.965,240
2026-01-08 13:26:00,6.965,6.975,6.96,6.975,537
2026-01-08 13:27:00,6.97,6.976,6.97,6.97,300
2026-01-08 13:28:00,6.975,6.98,6.97,6.975,52
2026-01-08 13:29:00,6.975,6.975,6.9601,6.965,296
2026-01-08 13:30:00,6.965,6.97,6.96,6.96,231
2026-01-08 13:31:00,6.97,6.97,6.95,6.955,462
2026-01-08 13:32:00,6.95,6.955,6.94,6.95,316
2026-01-08 13:33:00,6.96,6.96,6.9501,6.955,25
2026-01-08 13:34:00,6.955,6.955,6.945,6.945,95
2026-01-08 13:35:00,6.945,6.96,6.925,6.93,609
2026-01-08 13:36:00,6.925,6.925,6.895,6.895,519
2026-01-08 13:37:00,6.9,6.92,6.885,6.915,256
2026-01-08 13:38:00,6.9113,6.95,6.9113,6.95,282
2026-01-08 13:39:00,6.95,7.0,6.95,6.985,3273
2026-01-08 13:40:00,6.985,7.01,6.98,7.0054,3185
2026-01-08 13:41:00,7.005,7.025,6.985,6.995,643
2026-01-08 13:42:00,7.0,7.005,6.98,6.995,368
2026-01-08 13:43:00,6.995,7.0,6.967,6.97,215
2026-01-08 13:44:00,6.975,6.9873,6.975,6.9854,84
2026-01-08 13:45:00,6.99,6.995,6.98,6.995,132
2026-01-08 13:46:00,6.99,6.99,6.975,6.975,98
2026-01-08 13:47:00,6.975,6.995,6.975,6.995,31
2026-01-08 13:48:00,6.9906,7.0,6.985,6.985,101
2026-01-08 13:49:00,6.9885,7.0,6.97,6.985,726
2026-01-08 13:50:00,6.98,6.982,6.965,6.965,885
2026-01-08 13:51:00,6.97,6.97,6.955,6.955,38
2026-01-08 13:52:00,6.955,6.965,6.95,6.965,284
2026-01-08 13:53:00,6.97,6.985,6.97,6.98,89
2026-01-08 13:54:00,6.98,6.985,6.98,6.98,40
2026-01-08 13:55:00,6.98,6.985,6.98,6.985,31
2026-01-08 13:56:00,6.9825,6.99,6.98,6.985,40
2026-01-08 13:57:00,6.98,6.985,6.975,6.9846,52
2026-01-08 13:58:00,6.9812,7.0,6.9812,6.99,254
2026-01-08 13:59:00,7.0,7.0,6.99,6.995,104
2026-01-08 14:00:00,6.995,7.01,6.995,7.01,487
2026-01-08 14:01:00,7.005,7.005,6.995,6.9986,415
2026-01-08 14:02:00,6.9983,7.0,6.97,6.97,272
2026-01-08 14:03:00,6.9786,6.9786,6.96,6.965,189
2026-01-08 14:04:00,6.965,6.97,6.96,6.9684,32
2026-01-08 14:05:00,6.965,6.97,6.955,6.955,168
2026-01-08 14:06:00,6.955,6.96,6.945,6.955,252
2026-01-08 14:07:00,6.955,6.955,6.945,6.945,22
2026-01-08 14:08:00,6.946,6.955,6.945,6.955,67
2026-01-08 14:09:00,6.955,6.975,6.955,6.97,131
2026-01-08 14:10:00,6.975,6.975,6.955,6.96,71
2026-01-08 14:11:00,6.965,6.975,6.96,6.975,128
2026-01-08 14:12:00,6.9754,6.9754,6.9725,6.975,14
2026-01-08 14:13:00,6.97,7.0,6.97,6.995,1260
2026-01-08 14:14:00,6.9923,7.0,6.975,6.975,124
2026-01-08 14:15:00,6.975,6.98,6.9614,6.965,59
2026-01-08 14:16:00,6.965,6.97,6.934,6.935,275
2026-01-08 14:17:00,6.935,6.96,6.935,6.955,212
2026-01-08 14:18:00,6.96,6.9686,6.955,6.965,56
2026-01-08 14:19:00,6.97,6.975,6.97,6.975,51
2026-01-08 14:20:00,6.975,6.98,6.97,6.975,124
2026-01-08 14:21:00,6.9718,6.975,6.965,6.965,187
2026-01-08 14:22:00,6.965,6.97,6.965,6.965,8
2026-01-08 14:23:00,6.9654,6.9654,6.96,6.965,45
2026-01-08 14:24:00,6.965,6.9686,6.965,6.9686,9
2026-01-08 14:25:00,6.965,6.975,6.96,6.965,199
2026-01-08 14:26:00,6.965,6.975,6.9616,6.975,131
2026-01-08 14:27:00,6.975,6.975,6.975,6.975,7
2026-01-08 14:28:00,6.98,6.985,6.975,6.975,73
2026-01-08 14:29:00,6.975,6.975,6.97,6.975,12
2026-01-08 14:30:00,6.98,6.98,6.9601,6.965,72
2026-01-08 14:31:00,6.9612,6.97,6.96,6.965,73
2026-01-08 14:32:00,6.965,7.03,6.965,7.03,1356
2026-01-08 14:33:00,7.035,7.09,7.035,7.0619,1388
2026-01-08 14:34:00,7.0649,7.1,7.06,7.07,494
2026-01-08 14:35:00,7.0656,7.0658,7.05,7.055,127
2026-01-08 14:36:00,7.055,7.065,7.03,7.035,303
2026-01-08 14:37:00,7.0399,7.04,7.03,7.035,43
2026-01-08 14:38:00,7.03,7.0599,7.03,7.0583,174
2026-01-08 14:39:00,7.0544,7.0586,7.05,7.0586,84
2026-01-08 14:40:00,7.0588,7.0588,7.05,7.05,69
2026-01-08 14:41:00,7.05,7.05,6.9801,6.9801,1080
2026-01-08 14:42:00,6.9832,6.99,6.98,6.9816,73
2026-01-08 14:43:00,6.985,7.0,6.985,6.995,84
2026-01-08 14:44:00,6.9997,7.005,6.995,7.005,70
2026-01-08 14:45:00,7.01,7.0261,7.0014,7.0014,337
2026-01-08 14:46:00,7.0085,7.0085,6.98,6.985,253
2026-01-08 14:47:00,6.98,6.9995,6.98,6.9981,257
2026-01-08 14:48:00,6.9901,6.9973,6.98,6.99,237
2026-01-08 14:49:00,6.9945,7.015,6.9945,7.0098,92
2026-01-08 14:50:00,7.0,7.005,7.0,7.005,77
2026-01-08 14:51:00,7.005,7.015,7.005,7.015,236
2026-01-08 14:52:00,7.02,7.02,7.015,7.015,8
2026-01-08 14:53:00,7.015,7.02,7.0146,7.015,31
2026-01-08 14:54:00,7.015,7.02,7.01,7.015,20
2026-01-08 14:55:00,7.015,7.015,6.99,6.99,110
2026-01-08 14:56:00,6.99,6.99,6.9715,6.975,206
2026-01-08 14:57:00,6.975,6.995,6.97,6.99,102
2026-01-08 14:58:00,6.992,6.995,6.992,6.995,17
2026-01-08 14:59:00,7.0,7.005,6.99,7.0,482
2026-01-08 15:00:00,6.99,6.995,6.9715,6.975,134
2026-01-08 15:01:00,6.975,6.975,6.935,6.935,177
2026-01-08 15:02:00,6.93,6.94,6.925,6.935,146
2026-01-08 15:03:00,6.9333,6.9479,6.9333,6.9401,110
2026-01-08 15:04:00,6.945,6.945,6.9255,6.94,144
2026-01-08 15:05:00,6.94,6.94,6.94,6.94,0
2026-01-08 15:06:00,6.94,6.95,6.92,6.945,249
2026-01-08 15:07:00,6.955,6.9562,6.955,6.9562,51
2026-01-08 15:08:00,6.955,6.96,6.95,6.95,117
2026-01-08 15:09:00,6.9498,6.9586,6.945,6.955,117
2026-01-08 15:10:00,6.955,6.9666,6.955,6.965,208
2026-01-08 15:11:00,6.97,6.975,6.96,6.975,108
2026-01-08 15:12:00,6.974,6.9787,6.965,6.965,69
2026-01-08 15:13:00,6.97,6.975,6.9614,6.9701,111
2026-01-08 15:14:00,6.98,6.98,6.975,6.98,12
2026-01-08 15:15:00,6.975,6.975,6.945,6.95,378
2026-01-08 15:16:00,6.96,6.96,6.955,6.955,45
2026-01-08 15:17:00,6.955,6.965,6.955,6.96,167
2026-01-08 15:18:00,6.965,6.97,6.965,6.965,30
2026-01-08 15:19:00,6.965,6.975,6.954,6.955,169
2026-01-08 15:20:00,6.96,6.96,6.955,6.955,17
2026-01-08 15:21:00,6.955,6.9599,6.955,6.955,57
2026-01-08 15:22:00,6.96,6.96,6.93,6.935,110
2026-01-08 15:23:00,6.9357,6.937,6.93,6.935,103
2026-01-08 15:24:00,6.935,6.94,6.9346,6.935,46
2026-01-08 15:25:00,6.935,6.95,6.935,6.945,115
2026-01-08 15:26:00,6.945,6.945,6.935,6.935,364
2026-01-08 15:27:00,6.935,6.94,6.9301,6.9383,14
2026-01-08 15:28:00,6.935,6.935,6.93,6.935,27
2026-01-08 15:29:00,6.935,6.94,6.93,6.935,23
2026-01-08 15:30:00,6.935,6.94,6.935,6.935,12
2026-01-08 15:31:00,6.935,6.94,6.93,6.935,236
2026-01-08 15:32:00,6.9346,6.94,6.91,6.9144,77
2026-01-08 15:33:00,6.9128,6.915,6.885,6.8999,413
2026-01-08 15:34:00,6.8931,6.895,6.89,6.895,91
2026-01-08 15:35:00,6.895,6.995,6.895,6.98,1056
2026-01-08 15:36:00,6.98,7.0,6.97,7.0,340
2026-01-08 15:37:00,7.0,7.015,6.995,6.995,1006
2026-01-08 15:38:00,6.995,6.995,6.9701,6.975,484
2026-01-08 15:39:00,6.98,6.995,6.9701,6.995,239
2026-01-08 15:40:00,7.0,7.045,6.97,6.97,2669
2026-01-08 15:41:00,6.98,6.985,6.97,6.975,189
2026-01-08 15:42:00,6.9754,7.005,6.97,7.005,515
2026-01-08 15:43:00,7.005,7.01,6.995,6.9985,134
2026-01-08 15:44:00,6.995,6.995,6.99,6.995,247
2026-01-08 15:45:00,6.99,7.0167,6.98,7.01,638
2026-01-08 15:46:00,7.01,7.0254,7.01,7.02,292
2026-01-08 15:47:00,7.02,7.02,6.995,7.01,312
2026-01-08 15:48:00,7.005,7.02,7.005,7.02,251
2026-01-08 15:49:00,7.015,7.02,7.01,7.015,143
2026-01-08 15:50:00,7.02,7.035,6.995,7.025,1239
2026-01-08 15:51:00,7.03,7.04,7.025,7.025,570
2026-01-08 15:52:00,7.025,7.025,6.9915,7.0,798
2026-01-08 15:53:00,7.0,7.03,6.995,7.025,245
2026-01-08 15:54:00,7.025,7.03,6.99,6.995,1051
2026-01-08 15:55:00,6.99,7.006,6.975,6.995,1252
2026-01-08 15:56:00,6.995,7.0,6.99,6.995,768
2026-01-08 15:57:00,6.995,7.02,6.995,7.015,981
2026-01-08 15:58:00,7.02,7.03,7.01,7.025,1863
2026-01-08 15:59:00,7.025,7.025,6.985,6.99,2113
2026-01-09 09:30:00,7.295,7.42,7.219,7.41,3638
2026-01-09 09:31:00,7.42,7.59,7.41,7.5818,3249
2026-01-09 09:32:00,7.58,7.6,7.49,7.59,2258
2026-01-09 09:33:00,7.58,7.68,7.56,7.66,2068
2026-01-09 09:34:00,7.66,7.7,7.58,7.69,2747
2026-01-09 09:35:00,7.69,7.74,7.64,7.67,2634
2026-01-09 09:36:00,7.66,7.67,7.59,7.592,1508
2026-01-09 09:37:00,7.6,7.66,7.58,7.62,558
2026-01-09 09:38:00,7.625,7.71,7.6201,7.7,319
2026-01-09 09:39:00,7.7,7.715,7.55,7.55,859
2026-01-09 09:40:00,7.5517,7.57,7.5401,7.55,188
2026-01-09 09:41:00,7.545,7.6461,7.545,7.61,510
2026-01-09 09:42:00,7.61,7.64,7.6,7.6007,167
2026-01-09 09:43:00,7.6,7.605,7.56,7.59,638
2026-01-09 09:44:00,7.58,7.58,7.48,7.48,619
2026-01-09 09:45:00,7.48,7.57,7.45,7.56,355
2026-01-09 09:46:00,7.55,7.62,7.55,7.565,824
2026-01-09 09:47:00,7.565,7.615,7.515,7.61,806
2026-01-09 09:48:00,7.61,7.6193,7.585,7.59,289
2026-01-09 09:49:00,7.59,7.6188,7.5814,7.5814,189
2026-01-09 09:50:00,7.59,7.65,7.59,7.62,748
2026-01-09 09:51:00,7.615,7.66,7.615,7.655,1005
2026-01-09 09:52:00,7.65,7.65,7.58,7.6,586
2026-01-09 09:53:00,7.595,7.5982,7.54,7.5725,756
2026-01-09 09:54:00,7.5694,7.64,7.56,7.62,166
2026-01-09 09:55:00,7.61,7.62,7.6,7.61,202
2026-01-09 09:56:00,7.605,7.66,7.605,7.66,186
2026-01-09 09:57:00,7.67,7.69,7.64,7.64,245
2026-01-09 09:58:00,7.63,7.655,7.63,7.63,112
2026-01-09 09:59:00,7.63,7.64,7.61,7.63,263
2026-01-09 10:00:00,7.63,7.665,7.61,7.64,598
2026-01-09 10:01:00,7.6406,7.665,7.6406,7.66,118
2026-01-09 10:02:00,7.66,7.69,7.6599,7.69,499
2026-01-09 10:03:00,7.69,7.71,7.69,7.69,758
2026-01-09 10:04:00,7.695,7.72,7.695,7.715,270
2026-01-09 10:05:00,7.71,7.72,7.685,7.685,429
2026-01-09 10:06:00,7.685,7.71,7.665,7.671,437
2026-01-09 10:07:00,7.69,7.69,7.64,7.65,1099
2026-01-09 10:08:00,7.65,7.675,7.62,7.675,543
2026-01-09 10:09:00,7.68,7.6894,7.65,7.685,605
2026-01-09 10:10:00,7.6898,7.77,7.6898,7.765,1307
2026-01-09 10:11:00,7.77,7.8,7.76,7.795,687
2026-01-09 10:12:00,7.8,7.8,7.79,7.8,822
2026-01-09 10:13:00,7.8,7.82,7.7986,7.805,905
2026-01-09 10:14:00,7.805,7.805,7.77,7.785,596
2026-01-09 10:15:00,7.785,7.79,7.75,7.7765,397
2026-01-09 10:16:00,7.78,7.81,7.78,7.805,405
2026-01-09 10:17:00,7.805,7.81,7.785,7.785,681
2026-01-09 10:18:00,7.785,7.81,7.785,7.805,166
2026-01-09 10:19:00,7.805,7.81,7.8,7.805,143
2026-01-09 10:20:00,7.805,7.815,7.76,7.785,499
2026-01-09 10:21:00,7.785,7.8,7.7801,7.795,188
2026-01-09 10:22:00,7.795,7.81,7.795,7.81,342
2026-01-09 10:23:00,7.8056,7.83,7.805,7.825,364
2026-01-09 10:24:00,7.82,7.85,7.82,7.85,757
2026-01-09 10:25:00,7.8497,7.87,7.84,7.855,500
2026-01-09 10:26:00,7.86,7.8899,7.855,7.875,584
2026-01-09 10:27:00,7.875,7.88,7.85,7.855,216
2026-01-09 10:28:00,7.855,7.89,7.85,7.885,81
2026-01-09 10:29:00,7.885,7.89,7.87,7.89,441
2026-01-09 10:30:00,7.89,7.9,7.8846,7.895,256
2026-01-09 10:31:00,7.8962,7.94,7.885,7.94,1284
2026-01-09 10:32:00,7.935,7.94,7.92,7.93,765
2026-01-09 10:33:00,7.93,7.97,7.92,7.955,833
2026-01-09 10:34:00,7.955,7.97,7.95,7.96,360
2026-01-09 10:35:00,7.9559,7.97,7.95,7.97,242
2026-01-09 10:36:00,7.9684,8.01,7.96,8.0073,3164
2026-01-09 10:37:00,8.005,8.03,7.98,8.0,2186
2026-01-09 10:38:00,7.995,8.0,7.975,7.995,751
2026-01-09 10:39:00,7.995,8.01,7.98,8.0,410
2026-01-09 10:40:00,7.995,8.025,7.991,8.0183,456
2026-01-09 10:41:00,8.0159,8.04,7.99,8.0399,609
2026-01-09 10:42:00,8.035,8.05,8.02,8.0235,437
2026-01-09 10:43:00,8.03,8.045,8.0287,8.04,160
2026-01-09 10:44:00,8.04,8.04,7.99,8.0106,774
2026-01-09 10:45:00,8.015,8.02,8.01,8.015,297
2026-01-09 10:46:00,8.015,8.05,8.0101,8.05,363
2026-01-09 10:47:00,8.045,8.045,8.03,8.035,446
2026-01-09 10:48:00,8.035,8.045,8.0101,8.02,360
2026-01-09 10:49:00,8.025,8.03,8.002,8.01,262
2026-01-09 10:50:00,8.005,8.03,8.005,8.025,105
2026-01-09 10:51:00,8.0299,8.03,8.015,8.015,144
2026-01-09 10:52:00,8.015,8.025,8.015,8.015,84
2026-01-09 10:53:00,8.015,8.02,8.01,8.015,106
2026-01-09 10:54:00,8.02,8.03,8.01,8.02,251
2026-01-09 10:55:00,8.02,8.025,8.01,8.015,276
2026-01-09 10:56:00,8.015,8.02,7.97,7.99,3083
2026-01-09 10:57:00,7.99,8.01,7.915,7.9213,1141
2026-01-09 10:58:00,7.9207,7.93,7.855,7.86,298
2026-01-09 10:59:00,7.865,7.8699,7.85,7.85,193
2026-01-09 11:00:00,7.855,7.9,7.8301,7.89,339
2026-01-09 11:01:00,7.88,7.88,7.87,7.8716,251
2026-01-09 11:02:00,7.88,7.895,7.845,7.85,273
2026-01-09 11:03:00,7.86,7.89,7.85,7.875,135
2026-01-09 11:04:00,7.88,7.88,7.85,7.855,244
2026-01-09 11:05:00,7.855,7.87,7.83,7.84,871
2026-01-09 11:06:00,7.835,7.84,7.82,7.83,153
2026-01-09 11:07:00,7.825,7.83,7.76,7.7614,1096
2026-01-09 11:08:00,7.765,7.78,7.752,7.7689,759
2026-01-09 11:09:00,7.76,7.7601,7.72,7.74,397
2026-01-09 11:10:00,7.745,7.78,7.7418,7.775,254
2026-01-09 11:11:00,7.775,7.775,7.74,7.74,449
2026-01-09 11:12:00,7.735,7.74,7.73,7.7301,71
2026-01-09 11:13:00,7.735,7.755,7.73,7.755,107
2026-01-09 11:14:00,7.755,7.78,7.755,7.775,175
2026-01-09 11:15:00,7.775,7.785,7.7646,7.78,98
2026-01-09 11:16:00,7.7798,7.78,7.775,7.775,162
2026-01-09 11:17:00,7.78,7.79,7.74,7.7489,609
2026-01-09 11:18:00,7.7401,7.745,7.725,7.735,105
2026-01-09 11:19:00,7.735,7.755,7.735,7.74,67
2026-01-09 11:20:00,7.745,7.7452,7.74,7.745,124
2026-01-09 11:21:00,7.745,7.745,7.73,7.735,68
2026-01-09 11:22:00,7.7337,7.7359,7.71,7.728,269
2026-01-09 11:23:00,7.73,7.738,7.72,7.73,416
2026-01-09 11:24:00,7.73,7.7381,7.72,7.73,119
2026-01-09 11:25:00,7.73,7.75,7.7,7.7,464
2026-01-09 11:26:00,7.71,7.73,7.7,7.7199,374
2026-01-09 11:27:00,7.71,7.71,7.7,7.7,278
2026-01-09 11:28:00,7.705,7.705,7.69,7.69,119
2026-01-09 11:29:00,7.695,7.7,7.69,7.695,837
2026-01-09 11:30:00,7.6957,7.7,7.69,7.7,83
2026-01-09 11:31:00,7.7,7.7,7.695,7.7,129
2026-01-09 11:32:00,7.695,7.7,7.62,7.645,905
2026-01-09 11:33:00,7.64,7.67,7.64,7.665,296
2026-01-09 11:34:00,7.67,7.68,7.64,7.65,327
2026-01-09 11:35:00,7.645,7.65,7.63,7.65,92
2026-01-09 11:36:00,7.66,7.69,7.66,7.69,156
2026-01-09 11:37:00,7.685,7.71,7.68,7.6989,214
2026-01-09 11:38:00,7.6986,7.72,7.69,7.7199,186
2026-01-09 11:39:00,7.72,7.755,7.71,7.75,662
2026-01-09 11:40:00,7.755,7.78,7.75,7.76,230
2026-01-09 11:41:00,7.76,7.77,7.75,7.765,217
2026-01-09 11:42:00,7.765,7.78,7.7601,7.77,280
2026-01-09 11:43:00,7.78,7.79,7.775,7.785,364
2026-01-09 11:44:00,7.785,7.795,7.78,7.78,626
2026-01-09 11:45:00,7.785,7.785,7.745,7.76,492
2026-01-09 11:46:00,7.755,7.78,7.73,7.755,654
2026-01-09 11:47:00,7.755,7.77,7.75,7.765,244
2026-01-09 11:48:00,7.765,7.765,7.735,7.735,257
2026-01-09 11:49:00,7.735,7.74,7.7,7.705,289
2026-01-09 11:50:00,7.705,7.78,7.66,7.775,591
2026-01-09 11:51:00,7.775,7.78,7.735,7.735,600
2026-01-09 11:52:00,7.735,7.76,7.72,7.725,669
2026-01-09 11:53:00,7.725,7.755,7.72,7.745,749
2026-01-09 11:54:00,7.745,7.755,7.735,7.735,363
2026-01-09 11:55:00,7.735,7.747,7.73,7.735,148
2026-01-09 11:56:00,7.735,7.74,7.71,7.74,311
2026-01-09 11:57:00,7.7316,7.75,7.72,7.745,260
2026-01-09 11:58:00,7.745,7.765,7.74,7.74,415
2026-01-09 11:59:00,7.74,7.74,7.7,7.7099,124
2026-01-09 12:00:00,7.705,7.705,7.68,7.695,136
2026-01-09 12:01:00,7.695,7.72,7.695,7.7199,61
2026-01-09 12:02:00,7.715,7.725,7.715,7.725,50
2026-01-09 12:03:00,7.725,7.73,7.715,7.715,140
2026-01-09 12:04:00,7.715,7.74,7.715,7.725,75
2026-01-09 12:05:00,7.73,7.75,7.73,7.75,55
2026-01-09 12:06:00,7.75,7.75,7.74,7.745,68
2026-01-09 12:07:00,7.745,7.745,7.73,7.735,96
2026-01-09 12:08:00,7.735,7.74,7.73,7.74,8
2026-01-09 12:09:00,7.73,7.745,7.73,7.74,116
2026-01-09 12:10:00,7.735,7.745,7.73,7.745,226
2026-01-09 12:11:00,7.75,7.765,7.73,7.73,803
2026-01-09 12:12:00,7.725,7.735,7.7211,7.735,53
2026-01-09 12:13:00,7.735,7.75,7.72,7.7401,414
2026-01-09 12:14:00,7.745,7.75,7.745,7.75,47
2026-01-09 12:15:00,7.74,7.75,7.74,7.745,67
2026-01-09 12:16:00,7.745,7.755,7.745,7.75,293
2026-01-09 12:17:00,7.75,7.75,7.74,7.745,92
2026-01-09 12:18:00,7.745,7.75,7.7401,7.75,130
2026-01-09 12:19:00,7.75,7.75,7.745,7.75,93
2026-01-09 12:20:00,7.745,7.75,7.745,7.75,54
2026-01-09 12:21:00,7.75,7.75,7.74,7.745,202
2026-01-09 12:22:00,7.745,7.75,7.745,7.75,49
2026-01-09 12:23:00,7.75,7.75,7.74,7.75,143
2026-01-09 12:24:00,7.745,7.75,7.745,7.75,47
2026-01-09 12:25:00,7.75,7.75,7.715,7.715,767
2026-01-09 12:26:00,7.715,7.715,7.69,7.705,1268
2026-01-09 12:27:00,7.705,7.705,7.68,7.695,195
2026-01-09 12:28:00,7.695,7.725,7.695,7.715,83
2026-01-09 12:29:00,7.715,7.72,7.715,7.715,57
2026-01-09 12:30:00,7.715,7.725,7.715,7.725,124
2026-01-09 12:31:00,7.725,7.73,7.725,7.725,32
2026-01-09 12:32:00,7.725,7.73,7.71,7.715,304
2026-01-09 12:33:00,7.715,7.725,7.715,7.72,62
2026-01-09 12:34:00,7.72,7.73,7.72,7.725,71
2026-01-09 12:35:00,7.725,7.73,7.725,7.725,205
2026-01-09 12:36:00,7.725,7.735,7.725,7.735,47
2026-01-09 12:37:00,7.73,7.73,7.72,7.725,180
2026-01-09 12:38:00,7.725,7.73,7.72,7.73,52
2026-01-09 12:39:00,7.725,7.73,7.72,7.73,19
2026-01-09 12:40:00,7.7282,7.74,7.72,7.735,248
2026-01-09 12:41:00,7.7365,7.7365,7.725,7.725,292
2026-01-09 12:42:00,7.725,7.725,7.7142,7.715,101
2026-01-09 12:43:00,7.715,7.735,7.715,7.735,52
2026-01-09 12:44:00,7.74,7.795,7.73,7.795,1068
2026-01-09 12:45:00,7.8,7.825,7.75,7.75,476
2026-01-09 12:46:00,7.7516,7.77,7.74,7.765,191
2026-01-09 12:47:00,7.765,7.765,7.745,7.765,113
2026-01-09 12:48:00,7.765,7.77,7.76,7.76,196
2026-01-09 12:49:00,7.765,7.775,7.76,7.765,191
2026-01-09 12:50:00,7.765,7.77,7.755,7.765,129
2026-01-09 12:51:00,7.765,7.775,7.755,7.76,321
2026-01-09 12:52:00,7.76,7.77,7.755,7.76,140
2026-01-09 12:53:00,7.755,7.76,7.74,7.755,110
2026-01-09 12:54:00,7.755,7.7673,7.75,7.755,190
2026-01-09 12:55:00,7.755,7.76,7.7514,7.76,163
2026-01-09 12:56:00,7.755,7.76,7.75,7.755,222
2026-01-09 12:57:00,7.75,7.755,7.725,7.73,489
2026-01-09 12:58:00,7.73,7.74,7.72,7.72,859
2026-01-09 12:59:00,7.715,7.715,7.695,7.715,276
2026-01-09 13:00:00,7.715,7.725,7.7,7.71,588
2026-01-09 13:01:00,7.715,7.72,7.71,7.715,36
2026-01-09 13:02:00,7.715,7.73,7.69,7.69,308
2026-01-09 13:03:00,7.685,7.685,7.6815,7.685,29
2026-01-09 13:04:00,7.685,7.69,7.6742,7.6742,113
2026-01-09 13:05:00,7.675,7.695,7.675,7.69,51
2026-01-09 13:06:00,7.69,7.7,7.69,7.695,111
2026-01-09 13:07:00,7.695,7.7,7.685,7.7,101
2026-01-09 13:08:00,7.6983,7.7,7.68,7.6816,177
2026-01-09 13:09:00,7.685,7.7,7.685,7.695,95
2026-01-09 13:10:00,7.695,7.715,7.69,7.71,245
2026-01-09 13:11:00,7.715,7.725,7.705,7.7201,231
2026-01-09 13:12:00,7.725,7.725,7.67,7.675,682
2026-01-09 13:13:00,7.675,7.7186,7.67,7.7186,238
2026-01-09 13:14:00,7.72,7.725,7.64,7.695,349
2026-01-09 13:15:00,7.7,7.705,7.685,7.685,223
2026-01-09 13:16:00,7.69,7.7,7.68,7.68,417
2026-01-09 13:17:00,7.675,7.685,7.67,7.675,130
2026-01-09 13:18:00,7.67,7.675,7.67,7.675,375
2026-01-09 13:19:00,7.675,7.725,7.67,7.72,99
2026-01-09 13:20:00,7.72,7.74,7.72,7.725,71
2026-01-09 13:21:00,7.73,7.74,7.73,7.74,84
2026-01-09 13:22:00,7.74,7.745,7.675,7.68,190
2026-01-09 13:23:00,7.69,7.7,7.68,7.7,215
2026-01-09 13:24:00,7.7,7.7,7.695,7.7,64
2026-01-09 13:25:00,7.695,7.697,7.67,7.676,236
2026-01-09 13:26:00,7.675,7.675,7.65,7.66,105
2026-01-09 13:27:00,7.66,7.67,7.65,7.67,89
2026-01-09 13:28:00,7.67,7.685,7.67,7.68,84
2026-01-09 13:29:00,7.68,7.68,7.6514,7.655,135
2026-01-09 13:30:00,7.66,7.67,7.655,7.655,329
2026-01-09 13:31:00,7.65,7.67,7.65,7.665,123
2026-01-09 13:32:00,7.665,7.67,7.655,7.66,345
2026-01-09 13:33:00,7.655,7.66,7.65,7.655,22
2026-01-09 13:34:00,7.655,7.675,7.655,7.67,199
2026-01-09 13:35:00,7.665,7.675,7.665,7.67,73
2026-01-09 13:36:00,7.67,7.67,7.665,7.665,37
2026-01-09 13:37:00,7.67,7.68,7.665,7.675,62
2026-01-09 13:38:00,7.68,7.68,7.665,7.665,110
2026-01-09 13:39:00,7.665,7.67,7.66,7.66,9
2026-01-09 13:40:00,7.67,7.68,7.665,7.67,172
2026-01-09 13:41:00,7.665,7.67,7.66,7.665,17
2026-01-09 13:42:00,7.665,7.675,7.66,7.67,211
2026-01-09 13:43:00,7.67,7.67,7.664,7.665,35
2026-01-09 13:44:00,7.665,7.68,7.6645,7.68,70
2026-01-09 13:45:00,7.68,7.68,7.67,7.675,194
2026-01-09 13:46:00,7.675,7.675,7.665,7.665,163
2026-01-09 13:47:00,7.665,7.685,7.66,7.685,65
2026-01-09 13:48:00,7.69,7.71,7.685,7.7,270
2026-01-09 13:49:00,7.7,7.705,7.7,7.705,128
2026-01-09 13:50:00,7.71,7.715,7.7,7.71,162
2026-01-09 13:51:00,7.71,7.71,7.705,7.71,62
2026-01-09 13:52:00,7.71,7.71,7.68,7.685,299
2026-01-09 13:53:00,7.685,7.7,7.68,7.68,158
2026-01-09 13:54:00,7.675,7.675,7.64,7.645,538
2026-01-09 13:55:00,7.645,7.655,7.63,7.63,502
2026-01-09 13:56:00,7.63,7.6334,7.61,7.615,170
2026-01-09 13:57:00,7.615,7.625,7.6,7.605,490
2026-01-09 13:58:00,7.6015,7.61,7.6015,7.605,294
2026-01-09 13:59:00,7.605,7.61,7.6,7.61,163
2026-01-09 14:00:00,7.61,7.65,7.6,7.65,319
2026-01-09 14:01:00,7.65,7.65,7.6481,7.65,10
2026-01-09 14:02:00,7.65,7.66,7.64,7.645,377
2026-01-09 14:03:00,7.65,7.66,7.65,7.6599,42
2026-01-09 14:04:00,7.66,7.685,7.66,7.6632,458
2026-01-09 14:05:00,7.665,7.665,7.615,7.615,158
2026-01-09 14:06:00,7.615,7.63,7.61,7.6299,101
2026-01-09 14:07:00,7.63,7.63,7.6012,7.6012,382
2026-01-09 14:08:00,7.605,7.605,7.595,7.5984,326
2026-01-09 14:09:00,7.6,7.605,7.6,7.605,185
2026-01-09 14:10:00,7.6012,7.625,7.5996,7.615,499
2026-01-09 14:11:00,7.615,7.62,7.6,7.62,486
2026-01-09 14:12:00,7.615,7.615,7.6,7.61,243
2026-01-09 14:13:00,7.615,7.64,7.61,7.635,123
2026-01-09 14:14:00,7.63,7.65,7.63,7.65,86
2026-01-09 14:15:00,7.65,7.65,7.64,7.65,143
2026-01-09 14:16:00,7.655,7.655,7.62,7.62,179
2026-01-09 14:17:00,7.615,7.625,7.615,7.625,35
2026-01-09 14:18:00,7.625,7.63,7.6212,7.625,56
2026-01-09 14:19:00,7.625,7.625,7.6216,7.625,61
2026-01-09 14:20:00,7.625,7.625,7.605,7.605,98
2026-01-09 14:21:00,7.605,7.615,7.605,7.615,62
2026-01-09 14:22:00,7.62,7.625,7.61,7.625,92
2026-01-09 14:23:00,7.625,7.63,7.615,7.615,105
2026-01-09 14:24:00,7.61,7.62,7.61,7.62,9
2026-01-09 14:25:00,7.62,7.62,7.6101,7.62,61
2026-01-09 14:26:00,7.6154,7.62,7.615,7.62,55
2026-01-09 14:27:00,7.615,7.63,7.615,7.625,96
2026-01-09 14:28:00,7.625,7.63,7.61,7.615,238
2026-01-09 14:29:00,7.6141,7.625,7.6141,7.625,70
2026-01-09 14:30:00,7.625,7.625,7.605,7.61,123
2026-01-09 14:31:00,7.605,7.615,7.605,7.615,45
2026-01-09 14:32:00,7.615,7.62,7.5827,7.585,305
2026-01-09 14:33:00,7.585,7.595,7.57,7.595,178
2026-01-09 14:34:00,7.595,7.595,7.585,7.585,89
2026-01-09 14:35:00,7.585,7.585,7.58,7.585,35
2026-01-09 14:36:00,7.585,7.585,7.555,7.555,271
2026-01-09 14:37:00,7.555,7.565,7.555,7.565,42
2026-01-09 14:38:00,7.5603,7.57,7.5603,7.565,16
2026-01-09 14:39:00,7.565,7.57,7.555,7.555,244
2026-01-09 14:40:00,7.555,7.5685,7.555,7.565,46
2026-01-09 14:41:00,7.565,7.57,7.55,7.55,153
2026-01-09 14:42:00,7.56,7.57,7.555,7.57,62
2026-01-09 14:43:00,7.5699,7.57,7.565,7.5699,88
2026-01-09 14:44:00,7.57,7.585,7.57,7.585,117
2026-01-09 14:45:00,7.585,7.585,7.575,7.58,265
2026-01-09 14:46:00,7.575,7.59,7.555,7.555,210
2026-01-09 14:47:00,7.555,7.585,7.555,7.585,146
2026-01-09 14:48:00,7.59,7.65,7.589,7.615,805
2026-01-09 14:49:00,7.615,7.62,7.615,7.62,27
2026-01-09 14:50:00,7.6198,7.63,7.61,7.615,450
2026-01-09 14:51:00,7.62,7.63,7.615,7.615,79
2026-01-09 14:52:00,7.6119,7.625,7.605,7.605,286
2026-01-09 14:53:00,7.605,7.605,7.595,7.605,168
2026-01-09 14:54:00,7.605,7.61,7.6,7.605,37
2026-01-09 14:55:00,7.605,7.6299,7.6,7.625,183
2026-01-09 14:56:00,7.625,7.63,7.6,7.605,928
2026-01-09 14:57:00,7.61,7.615,7.59,7.61,170
2026-01-09 14:58:00,7.605,7.63,7.605,7.63,75
2026-01-09 14:59:00,7.625,7.63,7.62,7.625,60
2026-01-09 15:00:00,7.63,7.655,7.59,7.5971,1433
2026-01-09 15:01:00,7.595,7.615,7.595,7.61,90
2026-01-09 15:02:00,7.605,7.61,7.605,7.605,19
2026-01-09 15:03:00,7.605,7.61,7.6046,7.605,77
2026-01-09 15:04:00,7.61,7.615,7.605,7.615,109
2026-01-09 15:05:00,7.615,7.615,7.58,7.585,269
2026-01-09 15:06:00,7.585,7.61,7.585,7.585,227
2026-01-09 15:07:00,7.59,7.6,7.585,7.595,137
2026-01-09 15:08:00,7.595,7.6,7.59,7.595,63
2026-01-09 15:09:00,7.595,7.62,7.59,7.62,122
2026-01-09 15:10:00,7.62,7.64,7.62,7.63,119
2026-01-09 15:11:00,7.63,7.63,7.62,7.625,162
2026-01-09 15:12:00,7.625,7.625,7.59,7.5917,288
2026-01-09 15:13:00,7.595,7.595,7.58,7.58,16
2026-01-09 15:14:00,7.5884,7.6,7.58,7.6,64
2026-01-09 15:15:00,7.6,7.62,7.6,7.605,142
2026-01-09 15:16:00,7.61,7.615,7.605,7.61,83
2026-01-09 15:17:00,7.61,7.615,7.605,7.61,127
2026-01-09 15:18:00,7.61,7.615,7.605,7.615,90
2026-01-09 15:19:00,7.612,7.612,7.595,7.605,343
2026-01-09 15:20:00,7.6,7.605,7.595,7.605,123
2026-01-09 15:21:00,7.61,7.64,7.61,7.64,108
2026-01-09 15:22:00,7.64,7.64,7.635,7.64,26
2026-01-09 15:23:00,7.64,7.645,7.635,7.64,211
2026-01-09 15:24:00,7.64,7.64,7.615,7.615,399
2026-01-09 15:25:00,7.615,7.62,7.605,7.605,261
2026-01-09 15:26:00,7.605,7.61,7.6,7.605,47
2026-01-09 15:27:00,7.605,7.606,7.58,7.58,135
2026-01-09 15:28:00,7.585,7.6,7.585,7.6,165
2026-01-09 15:29:00,7.6,7.6,7.58,7.58,154
2026-01-09 15:30:00,7.585,7.585,7.57,7.58,233
2026-01-09 15:31:00,7.575,7.58,7.56,7.575,143
2026-01-09 15:32:00,7.575,7.58,7.56,7.565,498
2026-01-09 15:33:00,7.565,7.6,7.56,7.6,588
2026-01-09 15:34:00,7.61,7.635,7.605,7.635,177
2026-01-09 15:35:00,7.64,7.65,7.6386,7.65,67
2026-01-09 15:36:00,7.66,7.68,7.65,7.68,216
2026-01-09 15:37:00,7.675,7.685,7.67,7.67,357
2026-01-09 15:38:00,7.67,7.69,7.665,7.68,147
2026-01-09 15:39:00,7.675,7.685,7.675,7.685,34
2026-01-09 15:40:00,7.69,7.69,7.68,7.685,164
2026-01-09 15:41:00,7.69,7.7,7.67,7.69,446
2026-01-09 15:42:00,7.685,7.695,7.675,7.68,280
2026-01-09 15:43:00,7.675,7.68,7.67,7.68,175
2026-01-09 15:44:00,7.675,7.68,7.65,7.655,278
2026-01-09 15:45:00,7.66,7.68,7.66,7.675,184
2026-01-09 15:46:00,7.675,7.68,7.665,7.67,259
2026-01-09 15:47:00,7.665,7.68,7.66,7.675,118
2026-01-09 15:48:00,7.675,7.69,7.675,7.69,103
2026-01-09 15:49:00,7.685,7.69,7.67,7.6765,598
2026-01-09 15:50:00,7.675,7.675,7.655,7.67,453
2026-01-09 15:51:00,7.665,7.68,7.665,7.68,576
2026-01-09 15:52:00,7.685,7.71,7.68,7.705,505
2026-01-09 15:53:00,7.705,7.73,7.695,7.7203,2039
2026-01-09 15:54:00,7.73,7.7625,7.72,7.745,1143
2026-01-09 15:55:00,7.75,7.75,7.72,7.745,1101
2026-01-09 15:56:00,7.75,7.75,7.725,7.75,1674
2026-01-09 15:57:00,7.75,7.75,7.74,7.745,1200
2026-01-09 15:58:00,7.745,7.77,7.72,7.745,4683
2026-01-09 15:59:00,7.75,7.76,7.74,7.75,3797
2026-01-12 09:30:00,7.635,7.7399,7.635,7.695,990
2026-01-12 09:31:00,7.66,7.67,7.549,7.5552,154
2026-01-12 09:32:00,7.56,7.5899,7.53,7.57,141
2026-01-12 09:33:00,7.55,7.55,7.4,7.402,1002
2026-01-12 09:34:00,7.4,7.44,7.33,7.424,449
2026-01-12 09:35:00,7.41,7.44,7.4037,7.4102,417
2026-01-12 09:36:00,7.415,7.44,7.4,7.43,81
2026-01-12 09:37:00,7.4323,7.44,7.4,7.405,168
2026-01-12 09:38:00,7.4065,7.42,7.4002,7.42,42
2026-01-12 09:39:00,7.4175,7.4477,7.4175,7.4477,76
2026-01-12 09:40:00,7.4416,7.442,7.4,7.415,212
2026-01-12 09:41:00,7.4066,7.44,7.4066,7.43,179
2026-01-12 09:42:00,7.427,7.46,7.427,7.449,77
2026-01-12 09:43:00,7.45,7.45,7.415,7.415,178
2026-01-12 09:44:00,7.404,7.404,7.37,7.3706,460
2026-01-12 09:45:00,7.38,7.385,7.365,7.365,312
2026-01-12 09:46:00,7.37,7.385,7.33,7.35,254
2026-01-12 09:47:00,7.3487,7.38,7.3487,7.36,161
2026-01-12 09:48:00,7.38,7.38,7.3513,7.355,228
2026-01-12 09:49:00,7.355,7.39,7.355,7.385,69
2026-01-12 09:50:00,7.385,7.39,7.38,7.39,46
2026-01-12 09:51:00,7.39,7.396,7.375,7.396,67
2026-01-12 09:52:00,7.3889,7.45,7.385,7.41,2005
2026-01-12 09:53:00,7.41,7.44,7.4,7.425,360
2026-01-12 09:54:00,7.42,7.42,7.409,7.409,38
2026-01-12 09:55:00,7.41,7.42,7.38,7.42,182
2026-01-12 09:56:00,7.4101,7.45,7.4101,7.445,129
2026-01-12 09:57:00,7.44,7.45,7.4235,7.45,126
2026-01-12 09:58:00,7.448,7.45,7.43,7.44,127
2026-01-12 09:59:00,7.43,7.455,7.425,7.4545,160
2026-01-12 10:00:00,7.455,7.49,7.455,7.465,121
2026-01-12 10:01:00,7.465,7.51,7.46,7.5059,221
2026-01-12 10:02:00,7.51,7.52,7.48,7.4945,289
2026-01-12 10:03:00,7.495,7.495,7.41,7.41,399
2026-01-12 10:04:00,7.42,7.435,7.41,7.435,367
2026-01-12 10:05:00,7.435,7.435,7.41,7.415,43
2026-01-12 10:06:00,7.415,7.415,7.37,7.39,214
2026-01-12 10:07:00,7.405,7.41,7.4,7.405,77
2026-01-12 10:08:00,7.4,7.405,7.38,7.395,105
2026-01-12 10:09:00,7.395,7.4,7.38,7.38,96
2026-01-12 10:10:00,7.39,7.405,7.38,7.395,212
2026-01-12 10:11:00,7.395,7.4,7.375,7.375,68
2026-01-12 10:12:00,7.38,7.4,7.38,7.395,36
2026-01-12 10:13:00,7.395,7.41,7.395,7.41,112
2026-01-12 10:14:00,7.41,7.44,7.405,7.43,208
2026-01-12 10:15:00,7.435,7.45,7.425,7.445,70
2026-01-12 10:16:00,7.4413,7.45,7.435,7.44,32
2026-01-12 10:17:00,7.44,7.44,7.425,7.425,40
2026-01-12 10:18:00,7.43,7.44,7.395,7.42,165
2026-01-12 10:19:00,7.42,7.45,7.41,7.45,266
2026-01-12 10:20:00,7.455,7.4586,7.44,7.44,85
2026-01-12 10:21:00,7.44,7.45,7.435,7.45,99
2026-01-12 10:22:00,7.455,7.47,7.44,7.47,318
2026-01-12 10:23:00,7.465,7.47,7.455,7.46,75
2026-01-12 10:24:00,7.465,7.485,7.46,7.465,303
2026-01-12 10:25:00,7.47,7.485,7.47,7.485,110
2026-01-12 10:26:00,7.485,7.485,7.45,7.46,153
2026-01-12 10:27:00,7.45,7.4511,7.435,7.435,60
2026-01-12 10:28:00,7.4332,7.4355,7.425,7.425,71
2026-01-12 10:29:00,7.42,7.425,7.41,7.42,52
2026-01-12 10:30:00,7.425,7.425,7.405,7.405,64
2026-01-12 10:31:00,7.405,7.415,7.405,7.415,48
2026-01-12 10:32:00,7.415,7.43,7.415,7.43,65
2026-01-12 10:33:00,7.425,7.435,7.42,7.43,74
2026-01-12 10:34:00,7.42,7.425,7.39,7.4,236
2026-01-12 10:35:00,7.405,7.405,7.405,7.405,19
2026-01-12 10:36:00,7.4,7.41,7.395,7.41,128
2026-01-12 10:37:00,7.41,7.43,7.41,7.43,74
2026-01-12 10:38:00,7.4292,7.435,7.4241,7.4299,147
2026-01-12 10:39:00,7.4269,7.4269,7.4214,7.4214,28
2026-01-12 10:40:00,7.425,7.425,7.395,7.405,202
2026-01-12 10:41:00,7.41,7.4197,7.4,7.415,104
2026-01-12 10:42:00,7.42,7.43,7.395,7.395,137
2026-01-12 10:43:00,7.3905,7.4,7.39,7.395,76
2026-01-12 10:44:00,7.395,7.395,7.375,7.375,41
2026-01-12 10:45:00,7.37,7.3701,7.3501,7.365,191
2026-01-12 10:46:00,7.365,7.37,7.35,7.355,91
2026-01-12 10:47:00,7.355,7.36,7.35,7.355,92
2026-01-12 10:48:00,7.356,7.36,7.315,7.3234,142
2026-01-12 10:49:00,7.325,7.33,7.3,7.31,105
2026-01-12 10:50:00,7.3,7.3,7.29,7.2904,58
2026-01-12 10:51:00,7.29,7.295,7.27,7.28,533
2026-01-12 10:52:00,7.275,7.285,7.275,7.285,33
2026-01-12 10:53:00,7.285,7.295,7.285,7.295,49
2026-01-12 10:54:00,7.2987,7.305,7.29,7.295,135
2026-01-12 10:55:00,7.295,7.3,7.2905,7.295,55
2026-01-12 10:56:00,7.295,7.305,7.29,7.295,29
2026-01-12 10:57:00,7.295,7.2986,7.295,7.2986,13
2026-01-12 10:58:00,7.295,7.3,7.295,7.295,169
2026-01-12 10:59:00,7.295,7.295,7.275,7.275,81
2026-01-12 11:00:00,7.2703,7.275,7.23,7.23,586
2026-01-12 11:01:00,7.2307,7.245,7.205,7.245,177
2026-01-12 11:02:00,7.249,7.249,7.23,7.23,253
2026-01-12 11:03:00,7.235,7.26,7.235,7.2406,530
2026-01-12 11:04:00,7.24,7.245,7.22,7.225,76
2026-01-12 11:05:00,7.2243,7.23,7.2225,7.225,25
2026-01-12 11:06:00,7.23,7.25,7.23,7.235,502
2026-01-12 11:07:00,7.23,7.25,7.23,7.25,67
2026-01-12 11:08:00,7.25,7.25,7.2404,7.245,43
2026-01-12 11:09:00,7.24,7.248,7.235,7.235,90
2026-01-12 11:10:00,7.24,7.2489,7.24,7.2489,20
2026-01-12 11:11:00,7.24,7.245,7.23,7.235,369
2026-01-12 11:12:00,7.2394,7.245,7.235,7.245,31
2026-01-12 11:13:00,7.245,7.275,7.245,7.275,100
2026-01-12 11:14:00,7.2745,7.275,7.2608,7.265,87
2026-01-12 11:15:00,7.265,7.325,7.265,7.315,208
2026-01-12 11:16:00,7.315,7.33,7.315,7.3193,34
2026-01-12 11:17:00,7.315,7.315,7.315,7.315,3
2026-01-12 11:18:00,7.315,7.315,7.31,7.31,49
2026-01-12 11:19:00,7.305,7.325,7.3,7.325,61
2026-01-12 11:20:00,7.325,7.3254,7.31,7.31,26
2026-01-12 11:21:00,7.3,7.31,7.285,7.31,112
2026-01-12 11:22:00,7.31,7.315,7.2999,7.315,95
2026-01-12 11:23:00,7.315,7.315,7.304,7.305,112
2026-01-12 11:24:00,7.3,7.3,7.275,7.285,188
2026-01-12 11:25:00,7.285,7.29,7.28,7.29,7
2026-01-12 11:26:00,7.285,7.29,7.285,7.285,7
2026-01-12 11:27:00,7.285,7.29,7.28,7.29,7
2026-01-12 11:28:00,7.285,7.285,7.278,7.28,39
2026-01-12 11:29:00,7.29,7.29,7.285,7.285,12
2026-01-12 11:30:00,7.29,7.295,7.29,7.29,35
2026-01-12 11:31:00,7.288,7.29,7.28,7.28,16
2026-01-12 11:32:00,7.28,7.285,7.28,7.285,9
2026-01-12 11:33:00,7.285,7.285,7.285,7.285,12
2026-01-12 11:34:00,7.29,7.29,7.285,7.285,50
2026-01-12 11:35:00,7.285,7.285,7.28,7.285,37
2026-01-12 11:36:00,7.29,7.29,7.29,7.29,1
2026-01-12 11:37:00,7.29,7.3,7.285,7.285,45
2026-01-12 11:38:00,7.29,7.295,7.285,7.285,110
2026-01-12 11:39:00,7.285,7.285,7.285,7.285,1
2026-01-12 11:40:00,7.28,7.28,7.26,7.275,114
2026-01-12 11:41:00,7.275,7.275,7.275,7.275,14
2026-01-12 11:42:00,7.27,7.275,7.265,7.2686,51
2026-01-12 11:43:00,7.27,7.28,7.27,7.28,51
2026-01-12 11:44:00,7.275,7.275,7.265,7.27,42
2026-01-12 11:45:00,7.265,7.27,7.2635,7.265,23
2026-01-12 11:46:00,7.265,7.265,7.26,7.26,39
2026-01-12 11:47:00,7.255,7.255,7.255,7.255,4
2026-01-12 11:48:00,7.255,7.255,7.225,7.225,153
2026-01-12 11:49:00,7.2234,7.26,7.2234,7.25,1918
2026-01-12 11:50:00,7.245,7.2499,7.2401,7.2401,28
2026-01-12 11:51:00,7.25,7.25,7.245,7.245,3
2026-01-12 11:52:00,7.245,7.26,7.24,7.2454,198
2026-01-12 11:53:00,7.2406,7.255,7.24,7.255,71
2026-01-12 11:54:00,7.25,7.26,7.25,7.26,30
2026-01-12 11:55:00,7.2618,7.265,7.26,7.2601,34
2026-01-12 11:56:00,7.2659,7.28,7.24,7.2411,97
2026-01-12 11:57:00,7.2499,7.2499,7.235,7.235,20
2026-01-12 11:58:00,7.23,7.235,7.205,7.215,192
2026-01-12 11:59:00,7.215,7.23,7.205,7.215,150
2026-01-12 12:00:00,7.215,7.2155,7.2,7.21,709
2026-01-12 12:01:00,7.215,7.215,7.215,7.215,2
2026-01-12 12:02:00,7.2101,7.2189,7.1901,7.1928,221
2026-01-12 12:03:00,7.19,7.2,7.19,7.2,50
2026-01-12 12:04:00,7.19,7.205,7.19,7.205,70
2026-01-12 12:05:00,7.205,7.205,7.19,7.195,29
2026-01-12 12:06:00,7.195,7.195,7.195,7.195,1
2026-01-12 12:07:00,7.195,7.199,7.19,7.195,17
2026-01-12 12:08:00,7.195,7.215,7.19,7.215,89
2026-01-12 12:09:00,7.215,7.215,7.21,7.215,9
2026-01-12 12:10:00,7.215,7.215,7.21,7.215,15
2026-01-12 12:11:00,7.2189,7.24,7.215,7.2313,83
2026-01-12 12:12:00,7.23,7.24,7.23,7.23,157
2026-01-12 12:13:00,7.2261,7.2261,7.225,7.225,4
2026-01-12 12:14:00,7.225,7.2299,7.22,7.22,39
2026-01-12 12:15:00,7.215,7.215,7.215,7.215,4
2026-01-12 12:16:00,7.2199,7.2199,7.215,7.215,9
2026-01-12 12:17:00,7.215,7.23,7.215,7.215,21
2026-01-12 12:18:00,7.21,7.225,7.21,7.225,27
2026-01-12 12:19:00,7.225,7.225,7.225,7.225,0
2026-01-12 12:20:00,7.225,7.225,7.215,7.215,39
2026-01-12 12:21:00,7.22,7.235,7.22,7.23,68
2026-01-12 12:22:00,7.235,7.25,7.235,7.25,24
2026-01-12 12:23:00,7.245,7.245,7.245,7.245,1
2026-01-12 12:24:00,7.245,7.2498,7.245,7.245,38
2026-01-12 12:25:00,7.245,7.245,7.24,7.245,16
2026-01-12 12:26:00,7.2446,7.245,7.2446,7.245,58
2026-01-12 12:27:00,7.245,7.26,7.225,7.23,183
2026-01-12 12:28:00,7.235,7.235,7.225,7.225,12
2026-01-12 12:29:00,7.23,7.23,7.225,7.23,13
2026-01-12 12:30:00,7.23,7.235,7.23,7.23,11
2026-01-12 12:31:00,7.2201,7.225,7.2201,7.225,5
2026-01-12 12:32:00,7.225,7.225,7.225,7.225,0
2026-01-12 12:33:00,7.225,7.225,7.221,7.221,13
2026-01-12 12:34:00,7.22,7.22,7.215,7.215,18
2026-01-12 12:35:00,7.215,7.225,7.215,7.225,48
2026-01-12 12:36:00,7.225,7.24,7.225,7.235,30
2026-01-12 12:37:00,7.24,7.24,7.235,7.24,10
2026-01-12 12:38:00,7.235,7.235,7.235,7.235,3
2026-01-12 12:39:00,7.235,7.2383,7.235,7.235,11
2026-01-12 12:40:00,7.235,7.235,7.225,7.235,111
2026-01-12 12:41:00,7.23,7.2399,7.23,7.235,57
2026-01-12 12:42:00,7.235,7.2399,7.22,7.22,300
2026-01-12 12:43:00,7.225,7.235,7.22,7.22,66
2026-01-12 12:44:00,7.225,7.26,7.225,7.245,128
2026-01-12 12:45:00,7.245,7.245,7.245,7.245,1
2026-01-12 12:46:00,7.245,7.25,7.238,7.24,61
2026-01-12 12:47:00,7.245,7.245,7.24,7.245,13
2026-01-12 12:48:00,7.25,7.255,7.25,7.251,27
2026-01-12 12:49:00,7.255,7.255,7.25,7.25,3
2026-01-12 12:50:00,7.25,7.25,7.25,7.25,0
2026-01-12 12:51:00,7.245,7.2499,7.24,7.2401,62
2026-01-12 12:52:00,7.2497,7.25,7.235,7.235,25
2026-01-12 12:53:00,7.2311,7.2361,7.225,7.225,16
2026-01-12 12:54:00,7.225,7.225,7.22,7.22,2
2026-01-12 12:55:00,7.22,7.23,7.21,7.2199,348
2026-01-12 12:56:00,7.215,7.2177,7.215,7.215,29
2026-01-12 12:57:00,7.215,7.22,7.21,7.21,244
2026-01-12 12:58:00,7.215,7.215,7.2101,7.215,30
2026-01-12 12:59:00,7.215,7.215,7.215,7.215,7
2026-01-12 13:00:00,7.215,7.215,7.215,7.215,12
2026-01-12 13:01:00,7.215,7.215,7.215,7.215,9
2026-01-12 13:02:00,7.215,7.215,7.21,7.21,27
2026-01-12 13:03:00,7.21,7.215,7.18,7.18,337
2026-01-12 13:04:00,7.18,7.195,7.17,7.195,211
2026-01-12 13:05:00,7.195,7.195,7.1902,7.1902,5
2026-01-12 13:06:00,7.19,7.19,7.185,7.19,49
2026-01-12 13:07:00,7.185,7.19,7.18,7.185,228
2026-01-12 13:08:00,7.19,7.19,7.185,7.185,34
2026-01-12 13:09:00,7.185,7.185,7.185,7.185,11
2026-01-12 13:10:00,7.185,7.185,7.18,7.185,18
2026-01-12 13:11:00,7.18,7.185,7.18,7.18,67
2026-01-12 13:12:00,7.17,7.18,7.165,7.18,150
2026-01-12 13:13:00,7.185,7.185,7.1813,7.185,15
2026-01-12 13:14:00,7.185,7.225,7.18,7.225,138
2026-01-12 13:15:00,7.2241,7.23,7.2241,7.23,39
2026-01-12 13:16:00,7.23,7.235,7.23,7.235,12
2026-01-12 13:17:00,7.235,7.235,7.235,7.235,19
2026-01-12 13:18:00,7.235,7.235,7.235,7.235,15
2026-01-12 13:19:00,7.235,7.235,7.235,7.235,0
2026-01-12 13:20:00,7.235,7.2359,7.23,7.235,24
2026-01-12 13:21:00,7.239,7.245,7.2207,7.2207,112
2026-01-12 13:22:00,7.2201,7.24,7.22,7.235,274
2026-01-12 13:23:00,7.23,7.2371,7.2241,7.225,81
2026-01-12 13:24:00,7.22,7.225,7.22,7.225,206
2026-01-12 13:25:00,7.225,7.225,7.225,7.225,21
2026-01-12 13:26:00,7.225,7.3,7.22,7.22,1355
2026-01-12 13:27:00,7.225,7.23,7.225,7.225,10
2026-01-12 13:28:00,7.23,7.28,7.22,7.22,1586
2026-01-12 13:29:00,7.22,7.24,7.22,7.235,162
2026-01-12 13:30:00,7.24,7.285,7.23,7.27,575
2026-01-12 13:31:00,7.27,7.32,7.25,7.32,1333
2026-01-12 13:32:00,7.315,7.32,7.29,7.31,642
2026-01-12 13:33:00,7.305,7.36,7.305,7.325,659
2026-01-12 13:34:00,7.36,7.4,7.355,7.4,564
2026-01-12 13:35:00,7.409,7.409,7.365,7.365,373
2026-01-12 13:36:00,7.365,7.38,7.34,7.35,293
2026-01-12 13:37:00,7.3532,7.38,7.35,7.37,442
2026-01-12 13:38:00,7.36,7.38,7.35,7.36,708
2026-01-12 13:39:00,7.365,7.38,7.35,7.37,652
2026-01-12 13:40:00,7.365,7.3836,7.36,7.38,527
2026-01-12 13:41:00,7.38,7.38,7.35,7.38,258
2026-01-12 13:42:00,7.38,7.39,7.365,7.39,147
2026-01-12 13:43:00,7.39,7.39,7.35,7.355,194
2026-01-12 13:44:00,7.35,7.355,7.35,7.355,25
2026-01-12 13:45:00,7.35,7.355,7.34,7.34,44
2026-01-12 13:46:00,7.34,7.34,7.32,7.32,53
2026-01-12 13:47:00,7.32,7.375,7.32,7.375,175
2026-01-12 13:48:00,7.375,7.375,7.37,7.375,31
2026-01-12 13:49:00,7.375,7.4,7.365,7.365,233
2026-01-12 13:50:00,7.365,7.365,7.355,7.36,55
2026-01-12 13:51:00,7.365,7.365,7.36,7.365,5
2026-01-12 13:52:00,7.365,7.385,7.36,7.385,66
2026-01-12 13:53:00,7.385,7.39,7.375,7.385,41
2026-01-12 13:54:00,7.3858,7.3858,7.375,7.375,38
2026-01-12 13:55:00,7.375,7.38,7.375,7.38,15
2026-01-12 13:56:00,7.375,7.375,7.365,7.365,64
2026-01-12 13:57:00,7.365,7.375,7.36,7.375,98
2026-01-12 13:58:00,7.375,7.375,7.365,7.375,74
2026-01-12 13:59:00,7.37,7.37,7.365,7.37,40
2026-01-12 14:00:00,7.3655,7.3655,7.3601,7.365,42
2026-01-12 14:01:00,7.3682,7.3682,7.365,7.365,35
2026-01-12 14:02:00,7.365,7.375,7.365,7.375,40
2026-01-12 14:03:00,7.378,7.385,7.375,7.385,87
2026-01-12 14:04:00,7.385,7.425,7.385,7.425,145
2026-01-12 14:05:00,7.41,7.42,7.395,7.405,317
2026-01-12 14:06:00,7.405,7.405,7.395,7.405,106
2026-01-12 14:07:00,7.405,7.41,7.385,7.405,244
2026-01-12 14:08:00,7.405,7.415,7.4,7.405,432
2026-01-12 14:09:00,7.405,7.4161,7.4,7.415,182
2026-01-12 14:10:00,7.4165,7.4165,7.405,7.41,157
2026-01-12 14:11:00,7.41,7.425,7.405,7.425,186
2026-01-12 14:12:00,7.425,7.435,7.425,7.43,216
2026-01-12 14:13:00,7.43,7.45,7.43,7.4493,393
2026-01-12 14:14:00,7.445,7.46,7.445,7.455,190
2026-01-12 14:15:00,7.455,7.455,7.43,7.43,63
2026-01-12 14:16:00,7.43,7.45,7.43,7.435,435
2026-01-12 14:17:00,7.44,7.45,7.435,7.44,343
2026-01-12 14:18:00,7.44,7.445,7.425,7.435,210
2026-01-12 14:19:00,7.435,7.455,7.435,7.445,331
2026-01-12 14:20:00,7.445,7.45,7.444,7.445,82
2026-01-12 14:21:00,7.44,7.44,7.425,7.425,49
2026-01-12 14:22:00,7.42,7.425,7.415,7.425,111
2026-01-12 14:23:00,7.425,7.425,7.405,7.405,75
2026-01-12 14:24:00,7.405,7.405,7.385,7.385,78
2026-01-12 14:25:00,7.385,7.3889,7.38,7.385,48
2026-01-12 14:26:00,7.385,7.4075,7.385,7.405,92
2026-01-12 14:27:00,7.405,7.405,7.385,7.385,47
2026-01-12 14:28:00,7.385,7.395,7.385,7.395,43
2026-01-12 14:29:00,7.395,7.395,7.395,7.395,24
2026-01-12 14:30:00,7.4,7.41,7.4,7.405,93
2026-01-12 14:31:00,7.405,7.405,7.405,7.405,8
2026-01-12 14:32:00,7.4,7.4,7.39,7.395,122
2026-01-12 14:33:00,7.395,7.395,7.39,7.39,20
2026-01-12 14:34:00,7.39,7.3993,7.385,7.385,57
2026-01-12 14:35:00,7.38,7.38,7.37,7.375,28
2026-01-12 14:36:00,7.38,7.38,7.365,7.365,35
2026-01-12 14:37:00,7.37,7.485,7.365,7.485,711
2026-01-12 14:38:00,7.485,7.5,7.4745,7.48,331
2026-01-12 14:39:00,7.485,7.495,7.485,7.49,188
2026-01-12 14:40:00,7.48,7.4899,7.475,7.4899,139
2026-01-12 14:41:00,7.485,7.52,7.485,7.51,344
2026-01-12 14:42:00,7.505,7.525,7.505,7.525,80
2026-01-12 14:43:00,7.525,7.5259,7.515,7.525,159
2026-01-12 14:44:00,7.525,7.525,7.505,7.5099,132
2026-01-12 14:45:00,7.505,7.505,7.495,7.495,65
2026-01-12 14:46:00,7.495,7.52,7.495,7.52,89
2026-01-12 14:47:00,7.5299,7.55,7.525,7.54,180
2026-01-12 14:48:00,7.54,7.55,7.535,7.545,86
2026-01-12 14:49:00,7.54,7.545,7.535,7.545,98
2026-01-12 14:50:00,7.5401,7.545,7.535,7.535,32
2026-01-12 14:51:00,7.535,7.535,7.52,7.525,64
2026-01-12 14:52:00,7.525,7.53,7.52,7.5227,96
2026-01-12 14:53:00,7.525,7.525,7.515,7.515,39
2026-01-12 14:54:00,7.51,7.515,7.505,7.505,97
2026-01-12 14:55:00,7.505,7.505,7.505,7.505,19
2026-01-12 14:56:00,7.505,7.505,7.505,7.505,12
2026-01-12 14:57:00,7.51,7.525,7.505,7.525,91
2026-01-12 14:58:00,7.52,7.52,7.511,7.511,49
2026-01-12 14:59:00,7.515,7.5186,7.515,7.515,49
2026-01-12 15:00:00,7.515,7.515,7.505,7.505,96
2026-01-12 15:01:00,7.505,7.515,7.505,7.515,69
2026-01-12 15:02:00,7.51,7.51,7.505,7.505,27
2026-01-12 15:03:00,7.505,7.515,7.505,7.515,63
2026-01-12 15:04:00,7.51,7.515,7.505,7.515,78
2026-01-12 15:05:00,7.515,7.52,7.515,7.515,37
2026-01-12 15:06:00,7.515,7.515,7.505,7.505,61
2026-01-12 15:07:00,7.505,7.52,7.49,7.51,179
2026-01-12 15:08:00,7.515,7.52,7.5135,7.515,118
2026-01-12 15:09:00,7.51,7.51,7.505,7.505,70
2026-01-12 15:10:00,7.505,7.51,7.5007,7.505,56
2026-01-12 15:11:00,7.505,7.505,7.505,7.505,25
2026-01-12 15:12:00,7.505,7.505,7.495,7.495,80
2026-01-12 15:13:00,7.49,7.495,7.49,7.495,106
2026-01-12 15:14:00,7.495,7.495,7.475,7.475,141
2026-01-12 15:15:00,7.47,7.47,7.455,7.455,341
2026-01-12 15:16:00,7.455,7.465,7.445,7.455,144
2026-01-12 15:17:00,7.455,7.455,7.445,7.445,25
2026-01-12 15:18:00,7.445,7.445,7.44,7.445,12
2026-01-12 15:19:00,7.445,7.445,7.4301,7.4301,46
2026-01-12 15:20:00,7.435,7.435,7.43,7.435,104
2026-01-12 15:21:00,7.43,7.435,7.43,7.43,43
2026-01-12 15:22:00,7.435,7.435,7.43,7.4301,34
2026-01-12 15:23:00,7.43,7.43,7.41,7.415,43
2026-01-12 15:24:00,7.41,7.415,7.39,7.395,129
2026-01-12 15:25:00,7.39,7.395,7.39,7.395,34
2026-01-12 15:26:00,7.395,7.405,7.385,7.385,176
2026-01-12 15:27:00,7.385,7.395,7.385,7.39,76
2026-01-12 15:28:00,7.395,7.405,7.395,7.405,66
2026-01-12 15:29:00,7.41,7.415,7.405,7.405,41
2026-01-12 15:30:00,7.405,7.405,7.405,7.405,53
2026-01-12 15:31:00,7.405,7.425,7.405,7.425,103
2026-01-12 15:32:00,7.425,7.425,7.42,7.425,130
2026-01-12 15:33:00,7.425,7.425,7.425,7.425,33
2026-01-12 15:34:00,7.425,7.4258,7.42,7.425,36
2026-01-12 15:35:00,7.4299,7.435,7.425,7.435,104
2026-01-12 15:36:00,7.435,7.435,7.425,7.425,69
2026-01-12 15:37:00,7.425,7.44,7.425,7.435,114
2026-01-12 15:38:00,7.435,7.435,7.435,7.435,70
2026-01-12 15:39:00,7.435,7.4359,7.435,7.435,35
2026-01-12 15:40:00,7.435,7.455,7.43,7.435,123
2026-01-12 15:41:00,7.435,7.4373,7.395,7.405,251
2026-01-12 15:42:00,7.405,7.405,7.3901,7.395,246
2026-01-12 15:43:00,7.395,7.395,7.39,7.395,26
2026-01-12 15:44:00,7.395,7.405,7.395,7.395,188
2026-01-12 15:45:00,7.395,7.405,7.385,7.395,252
2026-01-12 15:46:00,7.39,7.39,7.37,7.38,144
2026-01-12 15:47:00,7.38,7.381,7.37,7.3702,122
2026-01-12 15:48:00,7.37,7.37,7.3401,7.355,373
2026-01-12 15:49:00,7.355,7.355,7.35,7.35,20
2026-01-12 15:50:00,7.355,7.36,7.32,7.335,204
2026-01-12 15:51:00,7.335,7.365,7.335,7.365,521
2026-01-12 15:52:00,7.365,7.365,7.355,7.355,191
2026-01-12 15:53:00,7.36,7.365,7.35,7.355,206
2026-01-12 15:54:00,7.355,7.385,7.355,7.385,258
2026-01-12 15:55:00,7.385,7.395,7.36,7.365,359
2026-01-12 15:56:00,7.365,7.365,7.35,7.35,79
2026-01-12 15:57:00,7.355,7.355,7.34,7.34,365
2026-01-12 15:58:00,7.345,7.365,7.34,7.345,760
2026-01-12 15:59:00,7.34,7.37,7.34,7.37,1339
2026-01-13 09:30:00,7.29,7.34,7.25,7.295,299
2026-01-13 09:31:00,7.3271,7.3271,7.22,7.22,87
2026-01-13 09:32:00,7.23,7.2325,7.15,7.17,72
2026-01-13 09:33:00,7.17,7.17,7.152,7.152,74
2026-01-13 09:34:00,7.1545,7.17,7.15,7.16,96
2026-01-13 09:35:00,7.16,7.16,7.08,7.1,783
2026-01-13 09:36:00,7.08,7.09,7.0735,7.08,279
2026-01-13 09:37:00,7.08,7.09,7.07,7.085,178
2026-01-13 09:38:00,7.09,7.1,7.08,7.085,284
2026-01-13 09:39:00,7.085,7.1,7.07,7.08,92
2026-01-13 09:40:00,7.09,7.09,7.05,7.051,300
2026-01-13 09:41:00,7.05,7.05,7.01,7.02,115
2026-01-13 09:42:00,7.0187,7.0187,7.0,7.0087,276
2026-01-13 09:43:00,7.01,7.0299,7.0,7.005,430
2026-01-13 09:44:00,7.005,7.0195,6.96,6.98,1112
2026-01-13 09:45:00,6.99,7.02,6.99,7.02,63
2026-01-13 09:46:00,7.02,7.065,7.02,7.055,527
2026-01-13 09:47:00,7.05,7.075,7.03,7.07,107
2026-01-13 09:48:00,7.06,7.07,7.05,7.07,199
2026-01-13 09:49:00,7.07,7.11,7.06,7.105,345
2026-01-13 09:50:00,7.105,7.17,7.09,7.145,388
2026-01-13 09:51:00,7.145,7.17,7.1307,7.16,147
2026-01-13 09:52:00,7.15,7.21,7.15,7.195,224
2026-01-13 09:53:00,7.195,7.24,7.19,7.23,1486
2026-01-13 09:54:00,7.2199,7.245,7.205,7.24,439
2026-01-13 09:55:00,7.2307,7.32,7.2301,7.32,251
2026-01-13 09:56:00,7.32,7.33,7.27,7.29,259
2026-01-13 09:57:00,7.27,7.3,7.27,7.2812,108
2026-01-13 09:58:00,7.285,7.3,7.285,7.29,78
2026-01-13 09:59:00,7.29,7.3,7.225,7.225,259
2026-01-13 10:00:00,7.225,7.2399,7.19,7.195,38
2026-01-13 10:01:00,7.195,7.2216,7.18,7.2216,286
2026-01-13 10:02:00,7.22,7.22,7.18,7.18,80
2026-01-13 10:03:00,7.175,7.175,7.1401,7.145,44
2026-01-13 10:04:00,7.14,7.185,7.14,7.185,77
2026-01-13 10:05:00,7.185,7.195,7.17,7.185,71
2026-01-13 10:06:00,7.1754,7.19,7.175,7.19,48
2026-01-13 10:07:00,7.19,7.19,7.15,7.17,160
2026-01-13 10:08:00,7.16,7.19,7.16,7.165,139
2026-01-13 10:09:00,7.16,7.165,7.14,7.145,34
2026-01-13 10:10:00,7.145,7.145,7.115,7.135,302
2026-01-13 10:11:00,7.13,7.135,7.115,7.13,81
2026-01-13 10:12:00,7.125,7.13,7.115,7.12,49
2026-01-13 10:13:00,7.125,7.125,7.115,7.115,22
2026-01-13 10:14:00,7.115,7.1184,7.105,7.105,21
2026-01-13 10:15:00,7.1098,7.1166,7.08,7.0901,621
2026-01-13 10:16:00,7.096,7.096,7.085,7.09,27
2026-01-13 10:17:00,7.0999,7.1199,7.095,7.095,416
2026-01-13 10:18:00,7.1,7.14,7.1,7.125,216
2026-01-13 10:19:00,7.125,7.205,7.12,7.205,158
2026-01-13 10:20:00,7.205,7.205,7.178,7.185,94
2026-01-13 10:21:00,7.188,7.22,7.185,7.205,592
2026-01-13 10:22:00,7.205,7.21,7.185,7.19,92
2026-01-13 10:23:00,7.1899,7.2,7.1899,7.195,166
2026-01-13 10:24:00,7.195,7.195,7.16,7.165,77
2026-01-13 10:25:00,7.16,7.17,7.16,7.165,31
2026-01-13 10:26:00,7.165,7.165,7.1301,7.15,263
2026-01-13 10:27:00,7.145,7.1487,7.13,7.135,167
2026-01-13 10:28:00,7.135,7.15,7.1301,7.1332,95
2026-01-13 10:29:00,7.14,7.1599,7.13,7.155,256
2026-01-13 10:30:00,7.155,7.16,7.1501,7.16,24
2026-01-13 10:31:00,7.155,7.155,7.145,7.155,51
2026-01-13 10:32:00,7.16,7.16,7.15,7.15,54
2026-01-13 10:33:00,7.155,7.16,7.1499,7.15,65
2026-01-13 10:34:00,7.155,7.155,7.08,7.08,122
2026-01-13 10:35:00,7.08,7.095,7.0701,7.095,245
2026-01-13 10:36:00,7.095,7.095,7.03,7.04,1655
2026-01-13 10:37:00,7.045,7.045,7.02,7.0337,93
2026-01-13 10:38:00,7.035,7.07,7.035,7.055,166
2026-01-13 10:39:00,7.055,7.065,7.055,7.065,86
2026-01-13 10:40:00,7.065,7.07,7.06,7.0614,44
2026-01-13 10:41:00,7.065,7.075,7.055,7.07,82
2026-01-13 10:42:00,7.065,7.065,7.05,7.055,20
2026-01-13 10:43:00,7.055,7.06,7.05,7.05,277
2026-01-13 10:44:00,7.045,7.045,7.02,7.025,281
2026-01-13 10:45:00,7.035,7.055,7.02,7.02,442
2026-01-13 10:46:00,7.025,7.055,7.025,7.045,134
2026-01-13 10:47:00,7.05,7.05,7.035,7.04,100
2026-01-13 10:48:00,7.045,7.055,7.045,7.055,50
2026-01-13 10:49:00,7.0554,7.065,7.055,7.055,70
2026-01-13 10:50:00,7.055,7.065,7.045,7.055,49
2026-01-13 10:51:00,7.055,7.07,7.0541,7.065,70
2026-01-13 10:52:00,7.07,7.07,7.0615,7.0641,13
2026-01-13 10:53:00,7.07,7.075,7.065,7.075,44
2026-01-13 10:54:00,7.075,7.075,7.06,7.07,29
2026-01-13 10:55:00,7.065,7.07,7.06,7.065,34
2026-01-13 10:56:00,7.065,7.07,7.06,7.06,45
2026-01-13 10:57:00,7.065,7.075,7.055,7.075,56
2026-01-13 10:58:00,7.08,7.08,7.07,7.07,23
2026-01-13 10:59:00,7.06,7.065,7.06,7.06,35
2026-01-13 11:00:00,7.0666,7.0666,7.03,7.0345,69
2026-01-13 11:01:00,7.04,7.04,7.0308,7.035,46
2026-01-13 11:02:00,7.035,7.035,7.01,7.015,329
2026-01-13 11:03:00,7.01,7.02,6.995,7.005,315
2026-01-13 11:04:00,7.0,7.0,6.99,6.995,232
2026-01-13 11:05:00,6.99,7.0,6.98,7.0,73
2026-01-13 11:06:00,7.0,7.0,6.99,6.995,34
2026-01-13 11:07:00,6.995,7.005,6.99,6.995,44
2026-01-13 11:08:00,6.995,7.0,6.99,7.0,32
2026-01-13 11:09:00,7.0056,7.0056,6.99,6.995,57
2026-01-13 11:10:00,6.9908,6.995,6.99,6.995,34
2026-01-13 11:11:00,6.995,6.995,6.98,6.9897,41
2026-01-13 11:12:00,6.985,6.99,6.98,6.985,65
2026-01-13 11:13:00,6.985,6.995,6.98,6.99,40
2026-01-13 11:14:00,6.99,6.99,6.975,6.975,35
2026-01-13 11:15:00,6.975,6.985,6.97,6.98,91
2026-01-13 11:16:00,6.9799,6.9799,6.97,6.975,11
2026-01-13 11:17:00,6.975,6.9799,6.97,6.975,120
2026-01-13 11:18:00,6.97,6.985,6.97,6.985,199
2026-01-13 11:19:00,6.985,6.9859,6.9811,6.985,38
2026-01-13 11:20:00,6.98,6.98,6.975,6.975,32
2026-01-13 11:21:00,6.975,6.975,6.97,6.975,9
2026-01-13 11:22:00,6.975,6.975,6.955,6.96,196
2026-01-13 11:23:00,6.965,6.965,6.9301,6.935,244
2026-01-13 11:24:00,6.935,6.945,6.9346,6.94,237
2026-01-13 11:25:00,6.9485,6.9485,6.94,6.945,27
2026-01-13 11:26:00,6.9499,6.9499,6.94,6.9445,25
2026-01-13 11:27:00,6.945,6.945,6.93,6.9384,116
2026-01-13 11:28:00,6.93,6.93,6.93,6.93,2
2026-01-13 11:29:00,6.935,6.9387,6.93,6.935,32
2026-01-13 11:30:00,6.93,6.935,6.93,6.935,63
2026-01-13 11:31:00,6.9397,6.9464,6.93,6.945,345
2026-01-13 11:32:00,6.945,6.95,6.9311,6.9495,165
2026-01-13 11:33:00,6.95,6.95,6.945,6.945,62
2026-01-13 11:34:00,6.945,6.95,6.94,6.945,143
2026-01-13 11:35:00,6.945,6.9489,6.945,6.9489,20
2026-01-13 11:36:00,6.945,6.95,6.945,6.945,41
2026-01-13 11:37:00,6.9499,6.9499,6.935,6.935,179
2026-01-13 11:38:00,6.935,6.94,6.935,6.935,77
2026-01-13 11:39:00,6.935,6.94,6.935,6.935,23
2026-01-13 11:40:00,6.935,6.945,6.935,6.945,41
2026-01-13 11:41:00,6.94,6.945,6.935,6.945,66
2026-01-13 11:42:00,6.945,6.945,6.94,6.945,16
2026-01-13 11:43:00,6.935,6.94,6.935,6.94,8
2026-01-13 11:44:00,6.935,6.945,6.93,6.945,148
2026-01-13 11:45:00,6.945,6.955,6.945,6.945,114
2026-01-13 11:46:00,6.94,6.94,6.93,6.935,6
2026-01-13 11:47:00,6.9359,6.94,6.935,6.9379,40
2026-01-13 11:48:00,6.94,6.94,6.935,6.94,71
2026-01-13 11:49:00,6.935,6.955,6.935,6.955,112
2026-01-13 11:50:00,6.96,6.97,6.955,6.97,56
2026-01-13 11:51:00,6.969,6.97,6.965,6.965,29
2026-01-13 11:52:00,6.965,6.97,6.955,6.96,63
2026-01-13 11:53:00,6.96,6.9603,6.955,6.955,75
2026-01-13 11:54:00,6.955,6.96,6.9514,6.9514,33
2026-01-13 11:55:00,6.955,6.9559,6.955,6.955,33
2026-01-13 11:56:00,6.955,6.955,6.95,6.95,25
2026-01-13 11:57:00,6.96,6.96,6.955,6.955,12
2026-01-13 11:58:00,6.955,6.96,6.9501,6.955,24
2026-01-13 11:59:00,6.955,6.955,6.95,6.95,24
2026-01-13 12:00:00,6.95,6.955,6.95,6.955,4
2026-01-13 12:01:00,6.95,6.96,6.95,6.96,17
2026-01-13 12:02:00,6.955,6.955,6.94,6.94,44
2026-01-13 12:03:00,6.94,6.945,6.935,6.945,149
2026-01-13 12:04:00,6.945,6.96,6.945,6.96,103
2026-01-13 12:05:00,6.9599,6.98,6.955,6.9799,123
2026-01-13 12:06:00,6.978,7.02,6.975,7.015,292
2026-01-13 12:07:00,7.0189,7.025,7.015,7.025,81
2026-01-13 12:08:00,7.025,7.03,7.0043,7.01,46
2026-01-13 12:09:00,7.015,7.015,7.005,7.005,30
2026-01-13 12:10:00,7.005,7.01,7.005,7.0068,82
2026-01-13 12:11:00,7.005,7.015,7.005,7.015,91
2026-01-13 12:12:00,7.015,7.02,7.015,7.015,22
2026-01-13 12:13:00,7.0171,7.02,7.015,7.02,103
2026-01-13 12:14:00,7.015,7.06,7.015,7.02,349
2026-01-13 12:15:00,7.055,7.06,7.025,7.0254,180
2026-01-13 12:16:00,7.025,7.025,7.0204,7.025,28
2026-01-13 12:17:00,7.025,7.0254,7.025,7.0254,32
2026-01-13 12:18:00,7.025,7.03,7.02,7.03,68
2026-01-13 12:19:00,7.025,7.03,7.025,7.029,40
2026-01-13 12:20:00,7.03,7.03,7.02,7.03,16
2026-01-13 12:21:00,7.03,7.035,6.9901,6.9986,267
2026-01-13 12:22:00,6.9992,6.9992,6.995,6.995,25
2026-01-13 12:23:00,7.0,7.01,6.995,7.0,120
2026-01-13 12:24:00,7.0,7.0,6.995,7.0,19
2026-01-13 12:25:00,6.9907,7.01,6.9907,7.0001,56
2026-01-13 12:26:00,6.9901,7.0,6.9901,6.995,112
2026-01-13 12:27:00,6.995,7.02,6.995,7.02,114
2026-01-13 12:28:00,7.0145,7.02,7.0145,7.02,30
2026-01-13 12:29:00,7.01,7.015,7.01,7.015,118
2026-01-13 12:30:00,7.015,7.029,7.015,7.029,156
2026-01-13 12:31:00,7.025,7.025,7.01,7.025,96
2026-01-13 12:32:00,7.025,7.025,7.025,7.025,2
2026-01-13 12:33:00,7.025,7.025,7.01,7.02,67
2026-01-13 12:34:00,7.0196,7.03,7.015,7.03,147
2026-01-13 12:35:00,7.03,7.03,7.01,7.015,15
2026-01-13 12:36:00,7.0135,7.0168,7.01,7.01,138
2026-01-13 12:37:00,7.0,7.005,7.0,7.005,12
2026-01-13 12:38:00,7.005,7.01,7.0,7.0,43
2026-01-13 12:39:00,7.005,7.01,7.005,7.005,21
2026-01-13 12:40:00,7.0098,7.0098,7.0,7.005,35
2026-01-13 12:41:00,7.005,7.005,7.0,7.005,25
2026-01-13 12:42:00,7.0044,7.015,7.0044,7.015,33
2026-01-13 12:43:00,7.0101,7.015,7.005,7.005,30
2026-01-13 12:44:00,7.0,7.005,7.0,7.0,33
2026-01-13 12:45:00,7.005,7.01,7.0,7.005,140
2026-01-13 12:46:00,7.005,7.01,7.0,7.005,13
2026-01-13 12:47:00,7.005,7.005,7.0,7.005,20
2026-01-13 12:48:00,7.005,7.015,7.005,7.005,85
2026-01-13 12:49:00,7.005,7.01,7.0,7.0,22
2026-01-13 12:50:00,7.005,7.005,7.0,7.005,24
2026-01-13 12:51:00,7.0036,7.005,7.0,7.005,22
2026-01-13 12:52:00,7.0085,7.0085,7.0,7.005,42
2026-01-13 12:53:00,7.0,7.005,7.0,7.005,22
2026-01-13 12:54:00,7.0,7.005,7.0,7.0,34
2026-01-13 12:55:00,7.005,7.01,7.0,7.0025,62
2026-01-13 12:56:00,7.0,7.0,6.99,6.995,247
2026-01-13 12:57:00,6.995,7.0,6.99,6.995,81
2026-01-13 12:58:00,6.995,7.005,6.995,7.005,51
2026-01-13 12:59:00,7.005,7.045,7.005,7.045,396
2026-01-13 13:00:00,7.04,7.045,7.035,7.035,28
2026-01-13 13:01:00,7.03,7.035,7.02,7.025,41
2026-01-13 13:02:00,7.025,7.05,7.02,7.05,504
2026-01-13 13:03:00,7.03,7.04,7.03,7.035,42
2026-01-13 13:04:00,7.035,7.035,7.03,7.03,10
2026-01-13 13:05:00,7.03,7.035,7.03,7.035,65
2026-01-13 13:06:00,7.035,7.08,7.035,7.08,141
2026-01-13 13:07:00,7.075,7.08,7.065,7.065,32
2026-01-13 13:08:00,7.065,7.0799,7.06,7.06,127
2026-01-13 13:09:00,7.055,7.06,7.055,7.06,45
2026-01-13 13:10:00,7.06,7.065,7.055,7.06,43
2026-01-13 13:11:00,7.05,7.055,7.025,7.025,276
2026-01-13 13:12:00,7.025,7.03,7.025,7.025,9
2026-01-13 13:13:00,7.025,7.08,7.025,7.045,369
2026-01-13 13:14:00,7.045,7.045,7.0401,7.0401,30
2026-01-13 13:15:00,7.045,7.05,7.045,7.05,13
2026-01-13 13:16:00,7.05,7.05,7.045,7.05,36
2026-01-13 13:17:00,7.045,7.05,7.045,7.045,9
2026-01-13 13:18:00,7.05,7.05,7.045,7.05,6
2026-01-13 13:19:00,7.045,7.05,7.045,7.045,13
2026-01-13 13:20:00,7.04,7.04,7.03,7.035,38
2026-01-13 13:21:00,7.03,7.035,7.01,7.015,94
2026-01-13 13:22:00,7.015,7.03,7.015,7.03,69
2026-01-13 13:23:00,7.035,7.04,7.035,7.04,12
2026-01-13 13:24:00,7.035,7.035,7.025,7.025,64
2026-01-13 13:25:00,7.03,7.035,7.025,7.025,23
2026-01-13 13:26:00,7.03,7.03,7.025,7.03,29
2026-01-13 13:27:00,7.04,7.045,7.03,7.0312,25
2026-01-13 13:28:00,7.0353,7.0353,7.03,7.035,11
2026-01-13 13:29:00,7.035,7.035,7.03,7.035,43
2026-01-13 13:30:00,7.03,7.035,7.03,7.03,36
2026-01-13 13:31:00,7.02,7.0299,7.02,7.0299,33
2026-01-13 13:32:00,7.025,7.035,7.02,7.035,51
2026-01-13 13:33:00,7.035,7.035,7.025,7.03,14
2026-01-13 13:34:00,7.025,7.03,7.015,7.025,160
2026-01-13 13:35:00,7.025,7.035,7.025,7.035,32
2026-01-13 13:36:00,7.035,7.035,7.03,7.035,14
2026-01-13 13:37:00,7.035,7.035,7.0212,7.0212,116
2026-01-13 13:38:00,7.025,7.03,7.025,7.025,14
2026-01-13 13:39:00,7.025,7.03,7.0246,7.025,13
2026-01-13 13:40:00,7.03,7.035,7.025,7.03,46
2026-01-13 13:41:00,7.03,7.03,7.025,7.025,14
2026-01-13 13:42:00,7.03,7.03,7.025,7.03,16
2026-01-13 13:43:00,7.025,7.035,7.025,7.0299,46
2026-01-13 13:44:00,7.025,7.03,7.025,7.025,5
2026-01-13 13:45:00,7.025,7.025,7.02,7.02,14
2026-01-13 13:46:00,7.02,7.035,7.02,7.035,72
2026-01-13 13:47:00,7.03,7.03,7.025,7.03,35
2026-01-13 13:48:00,7.035,7.035,7.03,7.035,4
2026-01-13 13:49:00,7.03,7.035,7.025,7.025,9
2026-01-13 13:50:00,7.025,7.025,7.02,7.02,28
2026-01-13 13:51:00,7.025,7.0313,7.02,7.0313,55
2026-01-13 13:52:00,7.0313,7.0313,7.0313,7.0313,0
2026-01-13 13:53:00,7.04,7.04,7.03,7.035,5
2026-01-13 13:54:00,7.03,7.035,7.025,7.03,146
2026-01-13 13:55:00,7.035,7.035,7.025,7.025,79
2026-01-13 13:56:00,7.02,7.021,7.015,7.015,29
2026-01-13 13:57:00,7.015,7.025,7.015,7.025,31
2026-01-13 13:58:00,7.025,7.025,7.0223,7.0223,16
2026-01-13 13:59:00,7.025,7.04,7.025,7.04,40
2026-01-13 14:00:00,7.04,7.045,7.035,7.04,31
2026-01-13 14:01:00,7.035,7.04,7.025,7.025,80
2026-01-13 14:02:00,7.02,7.02,7.015,7.015,15
2026-01-13 14:03:00,7.015,7.015,7.01,7.015,17
2026-01-13 14:04:00,7.01,7.01,7.005,7.005,5
2026-01-13 14:05:00,7.005,7.005,7.005,7.005,9
2026-01-13 14:06:00,7.005,7.0101,7.0,7.0101,45
2026-01-13 14:07:00,7.01,7.01,7.0021,7.005,33
2026-01-13 14:08:00,7.0,7.005,7.0,7.0015,26
2026-01-13 14:09:00,7.0,7.0036,6.965,6.965,155
2026-01-13 14:10:00,6.97,6.97,6.955,6.955,50
2026-01-13 14:11:00,6.95,6.955,6.95,6.955,24
2026-01-13 14:12:00,6.9517,6.98,6.945,6.955,332
2026-01-13 14:13:00,6.96,6.97,6.955,6.9668,76
2026-01-13 14:14:00,6.9697,6.975,6.965,6.975,31
2026-01-13 14:15:00,6.975,6.975,6.975,6.975,0
2026-01-13 14:16:00,6.975,6.985,6.975,6.985,22
2026-01-13 14:17:00,6.985,6.985,6.9823,6.9823,12
2026-01-13 14:18:00,6.98,7.01,6.975,7.005,310
2026-01-13 14:19:00,7.005,7.01,6.995,6.995,27
2026-01-13 14:20:00,7.0,7.005,7.0,7.005,25
2026-01-13 14:21:00,7.005,7.02,7.005,7.02,124
2026-01-13 14:22:00,7.02,7.02,7.0101,7.0101,22
2026-01-13 14:23:00,7.015,7.0177,7.015,7.015,13
2026-01-13 14:24:00,7.015,7.025,7.015,7.02,45
2026-01-13 14:25:00,7.02,7.02,7.0101,7.015,12
2026-01-13 14:26:00,7.015,7.019,7.01,7.01,19
2026-01-13 14:27:00,7.01,7.015,7.01,7.015,10
2026-01-13 14:28:00,7.01,7.015,7.0,7.005,64
2026-01-13 14:29:00,7.005,7.015,7.0001,7.015,40
2026-01-13 14:30:00,7.015,7.025,7.015,7.025,16
2026-01-13 14:31:00,7.025,7.025,7.015,7.015,14
2026-01-13 14:32:00,7.015,7.025,7.015,7.025,27
2026-01-13 14:33:00,7.025,7.045,7.025,7.045,40
2026-01-13 14:34:00,7.045,7.045,7.035,7.035,12
2026-01-13 14:35:00,7.035,7.035,7.03,7.035,9
2026-01-13 14:36:00,7.035,7.0393,7.03,7.035,9
2026-01-13 14:37:00,7.035,7.035,7.03,7.035,20
2026-01-13 14:38:00,7.03,7.035,7.03,7.035,3
2026-01-13 14:39:00,7.035,7.035,7.03,7.03,9
2026-01-13 14:40:00,7.035,7.035,7.03,7.035,24
2026-01-13 14:41:00,7.035,7.04,7.03,7.04,48
2026-01-13 14:42:00,7.045,7.045,7.04,7.045,19
2026-01-13 14:43:00,7.04,7.06,7.04,7.055,45
2026-01-13 14:44:00,7.055,7.055,7.055,7.055,6
2026-01-13 14:45:00,7.055,7.065,7.05,7.06,172
2026-01-13 14:46:00,7.059,7.06,7.055,7.055,17
2026-01-13 14:47:00,7.055,7.075,7.055,7.075,118
2026-01-13 14:48:00,7.075,7.075,7.065,7.075,43
2026-01-13 14:49:00,7.075,7.075,7.075,7.075,18
2026-01-13 14:50:00,7.075,7.075,7.075,7.075,9
2026-01-13 14:51:00,7.075,7.1,7.075,7.09,132
2026-01-13 14:52:00,7.095,7.095,7.085,7.0899,43
2026-01-13 14:53:00,7.085,7.0955,7.085,7.09,48
2026-01-13 14:54:00,7.08,7.09,7.08,7.08,34
2026-01-13 14:55:00,7.085,7.095,7.085,7.095,137
2026-01-13 14:56:00,7.095,7.099,7.09,7.095,25
2026-01-13 14:57:00,7.095,7.115,7.095,7.095,266
2026-01-13 14:58:00,7.095,7.095,7.09,7.09,23
2026-01-13 14:59:00,7.095,7.0975,7.095,7.095,19
2026-01-13 15:00:00,7.095,7.095,7.085,7.085,42
2026-01-13 15:01:00,7.085,7.085,7.07,7.07,28
2026-01-13 15:02:00,7.07,7.07,7.06,7.06,26
2026-01-13 15:03:00,7.065,7.07,7.06,7.06,25
2026-01-13 15:04:00,7.06,7.065,7.05,7.06,85
2026-01-13 15:05:00,7.055,7.055,7.045,7.05,208
2026-01-13 15:06:00,7.06,7.06,7.0522,7.0522,7
2026-01-13 15:07:00,7.055,7.0586,7.05,7.055,27
2026-01-13 15:08:00,7.055,7.065,7.05,7.055,89
2026-01-13 15:09:00,7.055,7.065,7.055,7.065,260
2026-01-13 15:10:00,7.065,7.065,7.05,7.0599,25
2026-01-13 15:11:00,7.055,7.0597,7.05,7.0597,109
2026-01-13 15:12:00,7.055,7.055,7.055,7.055,11
2026-01-13 15:13:00,7.055,7.055,7.05,7.055,68
2026-01-13 15:14:00,7.055,7.055,7.035,7.05,115
2026-01-13 15:15:00,7.055,7.06,7.055,7.06,13
2026-01-13 15:16:00,7.06,7.061,7.06,7.061,10
2026-01-13 15:17:00,7.06,7.065,7.06,7.065,38
2026-01-13 15:18:00,7.06,7.0673,7.05,7.055,37
2026-01-13 15:19:00,7.055,7.055,7.05,7.055,31
2026-01-13 15:20:00,7.05,7.055,7.05,7.055,12
2026-01-13 15:21:00,7.055,7.07,7.05,7.065,115
2026-01-13 15:22:00,7.06,7.0601,7.06,7.06,12
2026-01-13 15:23:00,7.06,7.06,7.05,7.06,27
2026-01-13 15:24:00,7.05,7.065,7.05,7.065,55
2026-01-13 15:25:00,7.065,7.065,7.055,7.055,110
2026-01-13 15:26:00,7.055,7.055,7.055,7.055,1
2026-01-13 15:27:00,7.055,7.0592,7.05,7.0592,16
2026-01-13 15:28:00,7.05,7.055,7.05,7.055,17
2026-01-13 15:29:00,7.055,7.055,7.05,7.055,27
2026-01-13 15:30:00,7.05,7.05,7.04,7.045,53
2026-01-13 15:31:00,7.045,7.045,7.04,7.04,15
2026-01-13 15:32:00,7.04,7.045,7.04,7.045,73
2026-01-13 15:33:00,7.045,7.0487,7.04,7.04,45
2026-01-13 15:34:00,7.045,7.07,7.045,7.045,404
2026-01-13 15:35:00,7.045,7.045,7.0401,7.045,17
2026-01-13 15:36:00,7.04,7.0485,7.04,7.045,6
2026-01-13 15:37:00,7.045,7.0485,7.045,7.0485,79
2026-01-13 15:38:00,7.045,7.05,7.04,7.045,20
2026-01-13 15:39:00,7.04,7.06,7.04,7.055,62
2026-01-13 15:40:00,7.055,7.06,7.05,7.06,17
2026-01-13 15:41:00,7.055,7.0599,7.05,7.05,7
2026-01-13 15:42:00,7.055,7.055,7.04,7.055,148
2026-01-13 15:43:00,7.055,7.06,7.05,7.05,5
2026-01-13 15:44:00,7.055,7.07,7.055,7.07,77
2026-01-13 15:45:00,7.08,7.08,7.065,7.065,41
2026-01-13 15:46:00,7.065,7.0685,7.065,7.0685,8
2026-01-13 15:47:00,7.07,7.075,7.07,7.075,63
2026-01-13 15:48:00,7.075,7.075,7.065,7.065,34
2026-01-13 15:49:00,7.065,7.065,7.055,7.055,87
2026-01-13 15:50:00,7.055,7.06,7.05,7.05,114
2026-01-13 15:51:00,7.05,7.055,7.05,7.05,24
2026-01-13 15:52:00,7.055,7.06,7.045,7.055,208
2026-01-13 15:53:00,7.055,7.0585,7.05,7.05,76
2026-01-13 15:54:00,7.055,7.065,7.05,7.055,336
2026-01-13 15:55:00,7.05,7.075,7.05,7.075,260
2026-01-13 15:56:00,7.075,7.1,7.065,7.065,374
2026-01-13 15:57:00,7.065,7.07,7.035,7.035,327
2026-01-13 15:58:00,7.04,7.05,7.035,7.04,822
2026-01-13 15:59:00,7.04,7.04,7.025,7.03,745
2026-01-14 09:30:00,7.02,7.07,7.01,7.06,1143
2026-01-14 09:31:00,7.06,7.07,7.06,7.07,13
2026-01-14 09:32:00,7.07,7.09,7.05,7.05,49
2026-01-14 09:33:00,7.055,7.064,7.04,7.055,87
2026-01-14 09:34:00,7.0647,7.07,7.02,7.0399,114
2026-01-14 09:35:00,7.0391,7.0599,7.0391,7.0599,42
2026-01-14 09:36:00,7.049,7.049,7.01,7.01,16
2026-01-14 09:37:00,7.004,7.029,7.004,7.029,85
2026-01-14 09:38:00,7.019,7.045,7.01,7.045,86
2026-01-14 09:39:00,7.032,7.045,7.03,7.034,88
2026-01-14 09:40:00,7.0362,7.0362,7.0362,7.0362,25
2026-01-14 09:41:00,7.029,7.04,7.02,7.02,122
2026-01-14 09:42:00,7.02,7.04,7.02,7.03,29
2026-01-14 09:43:00,7.02,7.0398,7.015,7.0398,118
2026-01-14 09:44:00,7.02,7.04,7.02,7.035,32
2026-01-14 09:45:00,7.035,7.04,7.01,7.01,193
2026-01-14 09:46:00,7.0,7.01,6.995,7.0,119
2026-01-14 09:47:00,6.9987,7.0,6.9987,7.0,130
2026-01-14 09:48:00,7.0,7.0059,6.99,7.0059,42
2026-01-14 09:49:00,7.01,7.03,7.01,7.03,13
2026-01-14 09:50:00,7.03,7.03,6.995,6.995,13
2026-01-14 09:51:00,6.99,7.005,6.985,6.99,32
2026-01-14 09:52:00,6.98,6.9972,6.98,6.9972,25
2026-01-14 09:53:00,7.0,7.0,6.98,6.99,94
2026-01-14 09:54:00,6.99,6.99,6.99,6.99,0
2026-01-14 09:55:00,6.98,6.98,6.96,6.9609,35
2026-01-14 09:56:00,6.965,6.965,6.95,6.965,33
2026-01-14 09:57:00,6.965,6.9771,6.96,6.97,23
2026-01-14 09:58:00,6.97,6.97,6.94,6.94,61
2026-01-14 09:59:00,6.94,6.94,6.92,6.92,54
2026-01-14 10:00:00,6.91,6.915,6.88,6.9,286
2026-01-14 10:01:00,6.9,6.91,6.894,6.91,109
2026-01-14 10:02:00,6.91,6.92,6.885,6.895,88
2026-01-14 10:03:00,6.8984,6.8993,6.89,6.894,27
2026-01-14 10:04:00,6.895,6.905,6.895,6.905,134
2026-01-14 10:05:00,6.905,6.905,6.905,6.905,62
2026-01-14 10:06:00,6.905,6.945,6.9015,6.94,128
2026-01-14 10:07:00,6.945,6.945,6.925,6.925,168
2026-01-14 10:08:00,6.9246,6.925,6.9,6.9188,68
2026-01-14 10:09:00,6.9141,6.92,6.88,6.885,223
2026-01-14 10:10:00,6.88,6.88,6.87,6.88,112
2026-01-14 10:11:00,6.875,6.905,6.875,6.905,56
2026-01-14 10:12:00,6.9,6.9,6.895,6.9,23
2026-01-14 10:13:00,6.8914,6.9,6.8914,6.894,17
2026-01-14 10:14:00,6.9,6.905,6.89,6.8958,78
2026-01-14 10:15:00,6.9,6.9,6.875,6.875,74
2026-01-14 10:16:00,6.875,6.895,6.875,6.89,140
2026-01-14 10:17:00,6.89,6.9,6.89,6.9,10
2026-01-14 10:18:00,6.895,6.9,6.88,6.89,33
2026-01-14 10:19:00,6.89,6.91,6.8878,6.904,107
2026-01-14 10:20:00,6.905,6.91,6.905,6.905,32
2026-01-14 10:21:00,6.91,6.92,6.905,6.915,62
2026-01-14 10:22:00,6.915,6.92,6.905,6.9184,126
2026-01-14 10:23:00,6.9197,6.9197,6.895,6.895,26
2026-01-14 10:24:00,6.8999,6.9,6.89,6.89,52
2026-01-14 10:25:00,6.895,6.96,6.895,6.955,455
2026-01-14 10:26:00,6.96,6.985,6.96,6.985,31
2026-01-14 10:27:00,6.985,6.9898,6.985,6.985,29
2026-01-14 10:28:00,6.99,6.99,6.955,6.955,172
2026-01-14 10:29:00,6.955,6.97,6.955,6.965,43
2026-01-14 10:30:00,6.965,6.985,6.965,6.985,56
2026-01-14 10:31:00,6.99,6.99,6.985,6.985,23
2026-01-14 10:32:00,6.985,7.0,6.975,6.985,174
2026-01-14 10:33:00,6.99,7.005,6.99,6.995,90
2026-01-14 10:34:00,6.995,7.005,6.98,6.9846,96
2026-01-14 10:35:00,6.985,6.99,6.98,6.985,43
2026-01-14 10:36:00,6.98,6.98,6.975,6.975,9
2026-01-14 10:37:00,6.975,6.975,6.9654,6.9654,36
2026-01-14 10:38:00,6.97,6.97,6.965,6.965,9
2026-01-14 10:39:00,6.97,6.975,6.955,6.955,73
2026-01-14 10:40:00,6.955,6.955,6.9546,6.955,25
2026-01-14 10:41:00,6.9501,6.96,6.935,6.9398,24
2026-01-14 10:42:00,6.9311,6.935,6.9311,6.935,13
2026-01-14 10:43:00,6.9326,6.9326,6.925,6.93,12
2026-01-14 10:44:00,6.93,6.935,6.93,6.93,48
2026-01-14 10:45:00,6.93,6.94,6.93,6.935,45
2026-01-14 10:46:00,6.93,6.935,6.93,6.9316,34
2026-01-14 10:47:00,6.935,6.935,6.935,6.935,2
2026-01-14 10:48:00,6.935,6.945,6.935,6.945,24
2026-01-14 10:49:00,6.9488,6.975,6.945,6.97,81
2026-01-14 10:50:00,6.9699,6.9699,6.96,6.96,96
2026-01-14 10:51:00,6.965,6.97,6.965,6.965,17
2026-01-14 10:52:00,6.97,6.97,6.965,6.97,8
2026-01-14 10:53:00,6.97,6.97,6.97,6.97,0
2026-01-14 10:54:00,6.965,6.965,6.965,6.965,3
2026-01-14 10:55:00,6.965,6.985,6.965,6.985,184
2026-01-14 10:56:00,6.985,6.995,6.98,6.985,198
2026-01-14 10:57:00,6.985,7.0,6.98,6.985,168
2026-01-14 10:58:00,6.98,6.99,6.975,6.975,92
2026-01-14 10:59:00,6.975,6.98,6.975,6.9793,9
2026-01-14 11:00:00,6.9739,6.985,6.97,6.985,33
2026-01-14 11:01:00,6.985,6.988,6.985,6.988,12
2026-01-14 11:02:00,6.985,6.985,6.9825,6.9825,12
2026-01-14 11:03:00,6.985,7.0,6.985,6.995,291
2026-01-14 11:04:00,6.995,6.995,6.995,6.995,13
2026-01-14 11:05:00,6.99,6.9988,6.97,6.975,58
2026-01-14 11:06:00,6.975,6.975,6.97,6.97,15
2026-01-14 11:07:00,6.965,6.965,6.95,6.95,12
2026-01-14 11:08:00,6.95,6.95,6.95,6.95,10
2026-01-14 11:09:00,6.95,6.975,6.945,6.975,39
2026-01-14 11:10:00,6.975,6.975,6.975,6.975,0
2026-01-14 11:11:00,6.9714,6.9773,6.95,6.95,61
2026-01-14 11:12:00,6.95,6.96,6.95,6.96,7
2026-01-14 11:13:00,6.955,6.955,6.94,6.945,69
2026-01-14 11:14:00,6.93,6.935,6.915,6.9183,77
2026-01-14 11:15:00,6.915,6.92,6.91,6.92,58
2026-01-14 11:16:00,6.915,6.915,6.91,6.915,5
2026-01-14 11:17:00,6.91,6.915,6.91,6.915,8
2026-01-14 11:18:00,6.91,6.93,6.91,6.925,63
2026-01-14 11:19:00,6.925,6.955,6.925,6.955,49
2026-01-14 11:20:00,6.955,6.96,6.95,6.955,6
2026-01-14 11:21:00,6.955,6.96,6.955,6.955,22
2026-01-14 11:22:00,6.95,6.95,6.94,6.945,54
2026-01-14 11:23:00,6.945,6.945,6.9213,6.925,86
2026-01-14 11:24:00,6.925,6.925,6.91,6.915,26
2026-01-14 11:25:00,6.915,6.915,6.915,6.915,4
2026-01-14 11:26:00,6.91,6.91,6.905,6.9084,12
2026-01-14 11:27:00,6.9,6.9085,6.9,6.9085,4
2026-01-14 11:28:00,6.9,6.905,6.9,6.905,4
2026-01-14 11:29:00,6.905,6.905,6.89,6.89,141
2026-01-14 11:30:00,6.895,6.92,6.895,6.92,48
2026-01-14 11:31:00,6.92,6.925,6.92,6.92,15
2026-01-14 11:32:00,6.915,6.925,6.915,6.915,32
2026-01-14 11:33:00,6.915,6.915,6.915,6.915,7
2026-01-14 11:34:00,6.915,6.915,6.9,6.905,21
2026-01-14 11:35:00,6.905,6.905,6.9,6.9,8
2026-01-14 11:36:00,6.905,6.905,6.9,6.9,4
2026-01-14 11:37:00,6.9,6.9,6.9,6.9,2
2026-01-14 11:38:00,6.905,6.905,6.9,6.9,13
2026-01-14 11:39:00,6.9,6.905,6.9,6.905,4
2026-01-14 11:40:00,6.905,6.905,6.9,6.9,89
2026-01-14 11:41:00,6.9,6.905,6.9,6.905,4
2026-01-14 11:42:00,6.9,6.905,6.9,6.9,15
2026-01-14 11:43:00,6.905,6.905,6.9,6.905,21
2026-01-14 11:44:00,6.905,6.91,6.905,6.91,28
2026-01-14 11:45:00,6.915,6.915,6.8949,6.895,77
2026-01-14 11:46:00,6.895,6.905,6.895,6.905,33
2026-01-14 11:47:00,6.905,6.91,6.905,6.905,15
2026-01-14 11:48:00,6.91,6.935,6.91,6.935,59
2026-01-14 11:49:00,6.935,6.955,6.92,6.92,77
2026-01-14 11:50:00,6.915,6.915,6.911,6.911,3
2026-01-14 11:51:00,6.915,6.92,6.915,6.9175,14
2026-01-14 11:52:00,6.9175,6.9175,6.9175,6.9175,0
2026-01-14 11:53:00,6.915,6.9186,6.91,6.91,12
2026-01-14 11:54:00,6.91,6.91,6.905,6.905,3
2026-01-14 11:55:00,6.9087,6.9087,6.895,6.895,63
2026-01-14 11:56:00,6.9,6.9,6.9,6.9,1
2026-01-14 11:57:00,6.895,6.9,6.895,6.895,31
2026-01-14 11:58:00,6.895,6.8958,6.895,6.895,10
2026-01-14 11:59:00,6.9,6.9,6.895,6.895,7
2026-01-14 12:00:00,6.89,6.895,6.885,6.885,35
2026-01-14 12:01:00,6.885,6.885,6.875,6.875,86
2026-01-14 12:02:00,6.8787,6.8787,6.875,6.875,12
2026-01-14 12:03:00,6.88,6.88,6.875,6.875,39
2026-01-14 12:04:00,6.875,6.875,6.86,6.8638,49
2026-01-14 12:05:00,6.86,6.869,6.86,6.865,15
2026-01-14 12:06:00,6.865,6.8687,6.865,6.865,7
2026-01-14 12:07:00,6.865,6.865,6.865,6.865,2
2026-01-14 12:08:00,6.865,6.865,6.865,6.865,4
2026-01-14 12:09:00,6.86,6.875,6.86,6.87,36
2026-01-14 12:10:00,6.88,6.88,6.875,6.875,29
2026-01-14 12:11:00,6.875,6.8799,6.875,6.8799,19
2026-01-14 12:12:00,6.875,6.88,6.87,6.88,27
2026-01-14 12:13:00,6.875,6.88,6.875,6.88,39
2026-01-14 12:14:00,6.885,6.9,6.88,6.885,101
2026-01-14 12:15:00,6.8888,6.8888,6.88,6.885,4
2026-01-14 12:16:00,6.885,6.885,6.885,6.885,2
2026-01-14 12:17:00,6.885,6.885,6.885,6.885,0
2026-01-14 12:18:00,6.88,6.88,6.8701,6.8701,49
2026-01-14 12:19:00,6.875,6.885,6.875,6.885,21
2026-01-14 12:20:00,6.885,6.885,6.88,6.88,14
2026-01-14 12:21:00,6.8796,6.8796,6.875,6.875,34
2026-01-14 12:22:00,6.875,6.875,6.865,6.875,171
2026-01-14 12:23:00,6.875,6.875,6.875,6.875,22
2026-01-14 12:24:00,6.875,6.885,6.875,6.885,44
2026-01-14 12:25:00,6.885,6.885,6.885,6.885,0
2026-01-14 12:26:00,6.885,6.885,6.8816,6.8816,2
2026-01-14 12:27:00,6.8899,6.8899,6.87,6.875,175
2026-01-14 12:28:00,6.8799,6.8799,6.875,6.875,6
2026-01-14 12:29:00,6.875,6.875,6.875,6.875,1
2026-01-14 12:30:00,6.875,6.875,6.87,6.87,58
2026-01-14 12:31:00,6.865,6.865,6.865,6.865,1
2026-01-14 12:32:00,6.86,6.86,6.82,6.82,636
2026-01-14 12:33:00,6.825,6.825,6.8216,6.8216,13
2026-01-14 12:34:00,6.8258,6.85,6.825,6.845,113
2026-01-14 12:35:00,6.845,6.85,6.845,6.845,28
2026-01-14 12:36:00,6.845,6.85,6.845,6.85,7
2026-01-14 12:37:00,6.855,6.86,6.855,6.86,18
2026-01-14 12:38:00,6.855,6.855,6.845,6.845,61
2026-01-14 12:39:00,6.845,6.855,6.845,6.855,69
2026-01-14 12:40:00,6.8546,6.925,6.8546,6.925,922
2026-01-14 12:41:00,6.9299,6.93,6.925,6.93,9
2026-01-14 12:42:00,6.935,6.94,6.93,6.935,82
2026-01-14 12:43:00,6.9302,6.9302,6.9302,6.9302,20
2026-01-14 12:44:00,6.935,6.935,6.925,6.925,44
2026-01-14 12:45:00,6.9216,6.9413,6.9216,6.9413,34
2026-01-14 12:46:00,6.95,6.95,6.95,6.95,29
2026-01-14 12:47:00,6.945,6.95,6.935,6.94,11
2026-01-14 12:48:00,6.94,6.94,6.935,6.94,7
2026-01-14 12:49:00,6.94,6.94,6.94,6.94,13
2026-01-14 12:50:00,6.94,6.945,6.9374,6.9374,13
2026-01-14 12:51:00,6.94,6.94,6.935,6.935,13
2026-01-14 12:52:00,6.9383,6.9383,6.935,6.935,2
2026-01-14 12:53:00,6.935,6.935,6.93,6.93,5
2026-01-14 12:54:00,6.93,6.93,6.93,6.93,0
2026-01-14 12:55:00,6.9308,6.9308,6.93,6.93,3
2026-01-14 12:56:00,6.935,6.935,6.935,6.935,22
2026-01-14 12:57:00,6.935,6.94,6.935,6.94,12
2026-01-14 12:58:00,6.935,6.94,6.935,6.935,3
2026-01-14 12:59:00,6.94,6.94,6.935,6.935,23
2026-01-14 13:00:00,6.935,6.935,6.935,6.935,8
2026-01-14 13:01:00,6.935,6.945,6.935,6.94,45
2026-01-14 13:02:00,6.94,6.94,6.9312,6.935,132
2026-01-14 13:03:00,6.935,6.935,6.935,6.935,12
2026-01-14 13:04:00,6.93,6.935,6.9239,6.925,89
2026-01-14 13:05:00,6.925,6.925,6.925,6.925,1
2026-01-14 13:06:00,6.925,6.925,6.925,6.925,2
2026-01-14 13:07:00,6.925,6.925,6.925,6.925,3
2026-01-14 13:08:00,6.925,6.945,6.925,6.9446,115
2026-01-14 13:09:00,6.94,6.94,6.93,6.935,52
2026-01-14 13:10:00,6.94,6.94,6.94,6.94,1
2026-01-14 13:11:00,6.935,6.935,6.93,6.935,93
2026-01-14 13:12:00,6.93,6.96,6.93,6.945,517
2026-01-14 13:13:00,6.945,6.945,6.945,6.945,31
2026-01-14 13:14:00,6.945,6.95,6.9432,6.9432,47
2026-01-14 13:15:00,6.945,6.95,6.9432,6.9432,71
2026-01-14 13:16:00,6.945,6.945,6.935,6.935,39
2026-01-14 13:17:00,6.9322,6.935,6.9322,6.935,277
2026-01-14 13:18:00,6.935,6.945,6.925,6.945,76
2026-01-14 13:19:00,6.945,6.9499,6.935,6.935,47
2026-01-14 13:20:00,6.935,6.935,6.935,6.935,2
2026-01-14 13:21:00,6.935,6.935,6.935,6.935,10
2026-01-14 13:22:00,6.935,6.935,6.935,6.935,0
2026-01-14 13:23:00,6.935,6.94,6.935,6.94,13
2026-01-14 13:24:00,6.94,6.94,6.935,6.935,13
2026-01-14 13:25:00,6.935,6.935,6.935,6.935,0
2026-01-14 13:26:00,6.93,6.931,6.925,6.925,21
2026-01-14 13:27:00,6.925,6.925,6.92,6.925,32
2026-01-14 13:28:00,6.93,6.93,6.92,6.925,120
2026-01-14 13:29:00,6.92,6.93,6.92,6.925,17
2026-01-14 13:30:00,6.925,6.93,6.925,6.925,32
2026-01-14 13:31:00,6.92,6.925,6.92,6.925,18
2026-01-14 13:32:00,6.925,6.928,6.92,6.92,16
2026-01-14 13:33:00,6.915,6.915,6.91,6.9109,26
2026-01-14 13:34:00,6.915,6.915,6.915,6.915,6
2026-01-14 13:35:00,6.915,6.92,6.915,6.915,26
2026-01-14 13:36:00,6.915,6.915,6.895,6.895,37
2026-01-14 13:37:00,6.8901,6.8901,6.865,6.865,37
2026-01-14 13:38:00,6.87,6.87,6.865,6.865,8
2026-01-14 13:39:00,6.865,6.8685,6.86,6.865,19
2026-01-14 13:40:00,6.865,6.865,6.8625,6.865,14
2026-01-14 13:41:00,6.865,6.865,6.865,6.865,20
2026-01-14 13:42:00,6.86,6.865,6.86,6.86,31
2026-01-14 13:43:00,6.86,6.86,6.855,6.855,13
2026-01-14 13:44:00,6.855,6.86,6.855,6.855,9
2026-01-14 13:45:00,6.85,6.855,6.85,6.855,41
2026-01-14 13:46:00,6.855,6.855,6.855,6.855,0
2026-01-14 13:47:00,6.855,6.855,6.85,6.85,4
2026-01-14 13:48:00,6.85,6.85,6.845,6.845,82
2026-01-14 13:49:00,6.85,6.85,6.845,6.845,16
2026-01-14 13:50:00,6.845,6.855,6.845,6.855,27
2026-01-14 13:51:00,6.855,6.855,6.855,6.855,0
2026-01-14 13:52:00,6.855,6.87,6.855,6.8699,57
2026-01-14 13:53:00,6.865,6.8699,6.865,6.8699,9
2026-01-14 13:54:00,6.8699,6.8699,6.8699,6.8699,0
2026-01-14 13:55:00,6.865,6.865,6.855,6.855,35
2026-01-14 13:56:00,6.8589,6.8589,6.8589,6.8589,1
2026-01-14 13:57:00,6.85,6.85,6.845,6.845,16
2026-01-14 13:58:00,6.845,6.87,6.8401,6.87,186
2026-01-14 13:59:00,6.865,6.865,6.86,6.86,37
2026-01-14 14:00:00,6.86,6.86,6.855,6.855,11
2026-01-14 14:01:00,6.85,6.85,6.83,6.83,40
2026-01-14 14:02:00,6.835,6.84,6.835,6.835,41
2026-01-14 14:03:00,6.8368,6.85,6.835,6.85,39
2026-01-14 14:04:00,6.845,6.845,6.845,6.845,2
2026-01-14 14:05:00,6.845,6.8486,6.845,6.845,3
2026-01-14 14:06:00,6.845,6.86,6.845,6.86,12
2026-01-14 14:07:00,6.854,6.854,6.854,6.854,5
2026-01-14 14:08:00,6.855,6.855,6.855,6.855,9
2026-01-14 14:09:00,6.85,6.85,6.845,6.845,29
2026-01-14 14:10:00,6.845,6.845,6.84,6.84,6
2026-01-14 14:11:00,6.845,6.845,6.8403,6.845,15
2026-01-14 14:12:00,6.845,6.855,6.845,6.855,78
2026-01-14 14:13:00,6.855,6.8599,6.855,6.855,63
2026-01-14 14:14:00,6.8507,6.855,6.8507,6.855,5
2026-01-14 14:15:00,6.85,6.85,6.845,6.845,30
2026-01-14 14:16:00,6.845,6.845,6.845,6.845,4
2026-01-14 14:17:00,6.845,6.845,6.845,6.845,2
2026-01-14 14:18:00,6.845,6.845,6.845,6.845,0
2026-01-14 14:19:00,6.85,6.865,6.845,6.865,77
2026-01-14 14:20:00,6.8646,6.865,6.8646,6.865,32
2026-01-14 14:21:00,6.865,6.865,6.865,6.865,9
2026-01-14 14:22:00,6.865,6.865,6.865,6.865,9
2026-01-14 14:23:00,6.865,6.865,6.865,6.865,23
2026-01-14 14:24:00,6.8621,6.865,6.8621,6.865,27
2026-01-14 14:25:00,6.865,6.865,6.8607,6.865,15
2026-01-14 14:26:00,6.8607,6.8659,6.8607,6.865,45
2026-01-14 14:27:00,6.865,6.875,6.8642,6.875,175
2026-01-14 14:28:00,6.875,6.875,6.87,6.875,28
2026-01-14 14:29:00,6.875,6.88,6.8746,6.88,10
2026-01-14 14:30:00,6.88,6.88,6.875,6.875,30
2026-01-14 14:31:00,6.875,6.875,6.865,6.865,183
2026-01-14 14:32:00,6.865,6.875,6.865,6.865,49
2026-01-14 14:33:00,6.865,6.865,6.865,6.865,12
2026-01-14 14:34:00,6.86,6.86,6.8502,6.855,64
2026-01-14 14:35:00,6.855,6.855,6.845,6.845,15
2026-01-14 14:36:00,6.845,6.85,6.845,6.845,12
2026-01-14 14:37:00,6.845,6.845,6.8416,6.8416,4
2026-01-14 14:38:00,6.84,6.85,6.84,6.845,17
2026-01-14 14:39:00,6.845,6.845,6.845,6.845,3
2026-01-14 14:40:00,6.8486,6.8486,6.845,6.845,5
2026-01-14 14:41:00,6.845,6.845,6.845,6.845,4
2026-01-14 14:42:00,6.845,6.845,6.835,6.835,64
2026-01-14 14:43:00,6.8315,6.835,6.8315,6.835,9
2026-01-14 14:44:00,6.835,6.84,6.835,6.835,10
2026-01-14 14:45:00,6.835,6.835,6.835,6.835,7
2026-01-14 14:46:00,6.835,6.835,6.835,6.835,8
2026-01-14 14:47:00,6.835,6.835,6.83,6.835,20
2026-01-14 14:48:00,6.8399,6.85,6.835,6.8472,191
2026-01-14 14:49:00,6.845,6.848,6.845,6.845,41
2026-01-14 14:50:00,6.845,6.845,6.8413,6.845,24
2026-01-14 14:51:00,6.84,6.84,6.835,6.84,57
2026-01-14 14:52:00,6.845,6.845,6.845,6.845,1
2026-01-14 14:53:00,6.845,6.845,6.835,6.835,11
2026-01-14 14:54:00,6.835,6.835,6.83,6.835,165
2026-01-14 14:55:00,6.835,6.84,6.8343,6.8343,40
2026-01-14 14:56:00,6.83,6.835,6.83,6.835,30
2026-01-14 14:57:00,6.8365,6.845,6.83,6.84,36
2026-01-14 14:58:00,6.84,6.84,6.835,6.835,21
2026-01-14 14:59:00,6.838,6.848,6.835,6.845,91
2026-01-14 15:00:00,6.85,6.855,6.845,6.855,80
2026-01-14 15:01:00,6.8545,6.86,6.8545,6.855,30
2026-01-14 15:02:00,6.855,6.86,6.85,6.855,266
2026-01-14 15:03:00,6.8513,6.86,6.845,6.845,72
2026-01-14 15:04:00,6.85,6.865,6.85,6.865,32
2026-01-14 15:05:00,6.865,6.87,6.855,6.87,37
2026-01-14 15:06:00,6.88,6.89,6.875,6.89,30
2026-01-14 15:07:00,6.89,6.89,6.885,6.885,18
2026-01-14 15:08:00,6.885,6.89,6.885,6.89,19
2026-01-14 15:09:00,6.89,6.89,6.885,6.89,84
2026-01-14 15:10:00,6.885,6.885,6.885,6.885,15
2026-01-14 15:11:00,6.885,6.89,6.885,6.885,14
2026-01-14 15:12:00,6.885,6.885,6.875,6.875,55
2026-01-14 15:13:00,6.88,6.895,6.875,6.89,127
2026-01-14 15:14:00,6.89,6.89,6.885,6.885,7
2026-01-14 15:15:00,6.88,6.885,6.88,6.885,2
2026-01-14 15:16:00,6.88,6.88,6.87,6.87,58
2026-01-14 15:17:00,6.8699,6.875,6.8686,6.875,47
2026-01-14 15:18:00,6.875,6.875,6.875,6.875,1
2026-01-14 15:19:00,6.875,6.88,6.87,6.87,49
2026-01-14 15:20:00,6.8715,6.875,6.87,6.87,18
2026-01-14 15:21:00,6.8701,6.8701,6.87,6.87,4
2026-01-14 15:22:00,6.875,6.875,6.875,6.875,18
2026-01-14 15:23:00,6.8741,6.875,6.8741,6.875,4
2026-01-14 15:24:00,6.87,6.87,6.87,6.87,20
2026-01-14 15:25:00,6.87,6.87,6.865,6.87,26
2026-01-14 15:26:00,6.875,6.875,6.875,6.875,11
2026-01-14 15:27:00,6.88,6.885,6.875,6.875,63
2026-01-14 15:28:00,6.875,6.875,6.875,6.875,11
2026-01-14 15:29:00,6.875,6.885,6.875,6.875,44
2026-01-14 15:30:00,6.875,6.888,6.8737,6.885,127
2026-01-14 15:31:00,6.885,6.885,6.885,6.885,2
2026-01-14 15:32:00,6.88,6.8857,6.875,6.8857,116
2026-01-14 15:33:00,6.885,6.895,6.885,6.885,98
2026-01-14 15:34:00,6.8816,6.8816,6.8816,6.8816,1
2026-01-14 15:35:00,6.885,6.89,6.885,6.885,9
2026-01-14 15:36:00,6.885,6.89,6.885,6.89,42
2026-01-14 15:37:00,6.89,6.895,6.89,6.895,37
2026-01-14 15:38:00,6.9,6.9,6.89,6.895,25
2026-01-14 15:39:00,6.895,6.895,6.885,6.885,62
2026-01-14 15:40:00,6.88,6.885,6.88,6.885,29
2026-01-14 15:41:00,6.8887,6.8887,6.88,6.885,34
2026-01-14 15:42:00,6.885,6.885,6.875,6.875,75
2026-01-14 15:43:00,6.87,6.875,6.865,6.865,26
2026-01-14 15:44:00,6.865,6.87,6.865,6.8685,5
2026-01-14 15:45:00,6.8685,6.8685,6.8685,6.8685,0
2026-01-14 15:46:00,6.8699,6.8699,6.855,6.855,99
2026-01-14 15:47:00,6.855,6.86,6.855,6.855,27
2026-01-14 15:48:00,6.855,6.86,6.85,6.855,32
2026-01-14 15:49:00,6.855,6.86,6.845,6.845,39
2026-01-14 15:50:00,6.85,6.87,6.845,6.865,164
2026-01-14 15:51:00,6.865,6.87,6.86,6.865,372
2026-01-14 15:52:00,6.865,6.89,6.865,6.885,437
2026-01-14 15:53:00,6.885,6.89,6.88,6.885,81
2026-01-14 15:54:00,6.885,6.89,6.855,6.885,443
2026-01-14 15:55:00,6.89,6.91,6.885,6.905,158
2026-01-14 15:56:00,6.905,6.92,6.9,6.915,441
2026-01-14 15:57:00,6.915,6.92,6.905,6.915,530
2026-01-14 15:58:00,6.915,6.92,6.89,6.89,443
2026-01-14 15:59:00,6.89,6.9,6.88,6.88,1124
2026-01-15 09:30:00,6.9,6.95,6.9,6.945,764
2026-01-15 09:31:00,6.94,6.94,6.9,6.91,128
2026-01-15 09:32:00,6.89,6.92,6.85,6.85,81
2026-01-15 09:33:00,6.83,6.85,6.81,6.85,905
2026-01-15 09:34:00,6.865,6.88,6.8101,6.8101,230
2026-01-15 09:35:00,6.81,6.81,6.8,6.8,545
2026-01-15 09:36:00,6.81,6.81,6.76,6.78,175
2026-01-15 09:37:00,6.7825,6.8,6.78,6.79,1129
2026-01-15 09:38:00,6.79,6.79,6.761,6.79,268
2026-01-15 09:39:00,6.79,6.8,6.78,6.8,75
2026-01-15 09:40:00,6.795,6.83,6.79,6.8299,274
2026-01-15 09:41:00,6.825,6.87,6.825,6.855,75
2026-01-15 09:42:00,6.87,6.8925,6.86,6.89,235
2026-01-15 09:43:00,6.885,6.89,6.88,6.89,8
2026-01-15 09:44:00,6.89,6.91,6.8811,6.9073,102
2026-01-15 09:45:00,6.91,6.999,6.905,6.997,542
2026-01-15 09:46:00,7.0,7.0297,7.0,7.0112,256
2026-01-15 09:47:00,7.015,7.05,7.015,7.045,250
2026-01-15 09:48:00,7.045,7.08,7.03,7.07,234
2026-01-15 09:49:00,7.05,7.05,7.0354,7.05,160
2026-01-15 09:50:00,7.04,7.04,6.98,6.98,278
2026-01-15 09:51:00,6.97,6.98,6.96,6.98,220
2026-01-15 09:52:00,6.98,6.98,6.96,6.965,117
2026-01-15 09:53:00,6.97,6.985,6.9688,6.98,106
2026-01-15 09:54:00,6.975,6.99,6.96,6.97,135
2026-01-15 09:55:00,6.96,6.97,6.96,6.97,77
2026-01-15 09:56:00,6.965,6.965,6.96,6.96,43
2026-01-15 09:57:00,6.95,6.95,6.922,6.93,118
2026-01-15 09:58:00,6.93,6.94,6.91,6.91,149
2026-01-15 09:59:00,6.9,6.92,6.9,6.92,28
2026-01-15 10:00:00,6.93,6.94,6.92,6.925,188
2026-01-15 10:01:00,6.925,6.925,6.91,6.925,223
2026-01-15 10:02:00,6.925,6.925,6.905,6.92,66
2026-01-15 10:03:00,6.925,6.925,6.915,6.92,105
2026-01-15 10:04:00,6.92,7.04,6.92,7.04,1225
2026-01-15 10:05:00,7.04,7.05,7.01,7.01,218
2026-01-15 10:06:00,7.01,7.025,7.005,7.005,154
2026-01-15 10:07:00,7.0,7.0,6.9901,6.995,242
2026-01-15 10:08:00,6.995,7.005,6.98,7.005,296
2026-01-15 10:09:00,7.005,7.005,6.99,6.995,648
2026-01-15 10:10:00,6.99,6.99,6.945,6.96,159
2026-01-15 10:11:00,6.95,6.9586,6.94,6.95,168
2026-01-15 10:12:00,6.955,6.955,6.91,6.91,57
2026-01-15 10:13:00,6.92,6.945,6.92,6.94,170
2026-01-15 10:14:00,6.935,6.94,6.92,6.92,88
2026-01-15 10:15:00,6.92,6.92,6.915,6.915,35
2026-01-15 10:16:00,6.915,6.94,6.905,6.935,428
2026-01-15 10:17:00,6.935,6.955,6.93,6.93,422
2026-01-15 10:18:00,6.937,6.937,6.925,6.925,28
2026-01-15 10:19:00,6.93,6.97,6.93,6.97,91
2026-01-15 10:20:00,6.97,6.978,6.96,6.965,46
2026-01-15 10:21:00,6.965,6.965,6.955,6.955,30
2026-01-15 10:22:00,6.955,6.97,6.95,6.97,54
2026-01-15 10:23:00,6.975,6.98,6.975,6.975,31
2026-01-15 10:24:00,6.9784,6.9784,6.9517,6.955,97
2026-01-15 10:25:00,6.955,6.975,6.95,6.975,52
2026-01-15 10:26:00,6.975,6.975,6.965,6.965,59
2026-01-15 10:27:00,6.96,6.965,6.96,6.965,43
2026-01-15 10:28:00,6.965,6.995,6.965,6.995,184
2026-01-15 10:29:00,6.995,7.02,6.995,7.015,155
2026-01-15 10:30:00,7.019,7.019,7.0,7.007,139
2026-01-15 10:31:00,7.005,7.05,7.0,7.05,138
2026-01-15 10:32:00,7.0486,7.07,7.045,7.055,92
2026-01-15 10:33:00,7.05,7.06,7.02,7.025,116
2026-01-15 10:34:00,7.025,7.03,7.025,7.025,19
2026-01-15 10:35:00,7.025,7.025,7.015,7.015,41
2026-01-15 10:36:00,7.015,7.025,7.015,7.025,31
2026-01-15 10:37:00,7.02,7.025,7.02,7.025,54
2026-01-15 10:38:00,7.03,7.03,7.0214,7.03,6
2026-01-15 10:39:00,7.025,7.025,7.025,7.025,11
2026-01-15 10:40:00,7.025,7.025,7.0247,7.025,16
2026-01-15 10:41:00,7.025,7.025,7.0141,7.015,203
2026-01-15 10:42:00,7.015,7.015,7.01,7.015,14
2026-01-15 10:43:00,7.015,7.02,6.98,7.015,258
2026-01-15 10:44:00,7.015,7.02,7.0104,7.02,40
2026-01-15 10:45:00,7.0188,7.02,7.01,7.01,52
2026-01-15 10:46:00,7.005,7.005,7.005,7.005,1
2026-01-15 10:47:00,7.005,7.04,7.005,7.04,56
2026-01-15 10:48:00,7.0358,7.065,7.035,7.055,516
2026-01-15 10:49:00,7.055,7.0558,7.0427,7.0427,68
2026-01-15 10:50:00,7.045,7.045,7.045,7.045,4
2026-01-15 10:51:00,7.045,7.05,7.03,7.035,109
2026-01-15 10:52:00,7.0383,7.0383,7.0383,7.0383,1
2026-01-15 10:53:00,7.035,7.04,7.035,7.035,18
2026-01-15 10:54:00,7.035,7.035,7.025,7.025,8
2026-01-15 10:55:00,7.03,7.035,7.02,7.035,142
2026-01-15 10:56:00,7.035,7.05,7.035,7.04,33
2026-01-15 10:57:00,7.045,7.06,7.04,7.045,92
2026-01-15 10:58:00,7.045,7.05,7.0427,7.05,11
2026-01-15 10:59:00,7.05,7.07,7.05,7.06,42
2026-01-15 11:00:00,7.06,7.08,7.06,7.075,100
2026-01-15 11:01:00,7.07,7.08,7.06,7.08,122
2026-01-15 11:02:00,7.085,7.09,7.075,7.075,200
2026-01-15 11:03:00,7.07,7.075,7.07,7.075,73
2026-01-15 11:04:00,7.075,7.15,7.075,7.145,868
2026-01-15 11:05:00,7.1489,7.1489,7.125,7.125,164
2026-01-15 11:06:00,7.125,7.13,7.1138,7.115,89
2026-01-15 11:07:00,7.115,7.14,7.115,7.135,242
2026-01-15 11:08:00,7.14,7.17,7.14,7.1599,413
2026-01-15 11:09:00,7.155,7.165,7.15,7.16,68
2026-01-15 11:10:00,7.16,7.18,7.14,7.16,262
2026-01-15 11:11:00,7.155,7.1699,7.155,7.155,125
2026-01-15 11:12:00,7.1599,7.18,7.155,7.175,57
2026-01-15 11:13:00,7.175,7.195,7.175,7.1899,108
2026-01-15 11:14:00,7.2,7.2,7.175,7.175,227
2026-01-15 11:15:00,7.1751,7.1792,7.17,7.175,95
2026-01-15 11:16:00,7.175,7.1773,7.1601,7.165,181
2026-01-15 11:17:00,7.165,7.195,7.16,7.195,68
2026-01-15 11:18:00,7.199,7.21,7.19,7.21,411
2026-01-15 11:19:00,7.205,7.23,7.195,7.225,147
2026-01-15 11:20:00,7.2259,7.25,7.215,7.245,936
2026-01-15 11:21:00,7.25,7.25,7.23,7.245,123
2026-01-15 11:22:00,7.24,7.2499,7.235,7.245,224
2026-01-15 11:23:00,7.24,7.2485,7.225,7.23,149
2026-01-15 11:24:00,7.225,7.23,7.2218,7.23,37
2026-01-15 11:25:00,7.225,7.2283,7.22,7.221,66
2026-01-15 11:26:00,7.219,7.245,7.219,7.2366,65
2026-01-15 11:27:00,7.235,7.2355,7.22,7.225,114
2026-01-15 11:28:00,7.225,7.225,7.2,7.205,299
2026-01-15 11:29:00,7.2,7.205,7.19,7.19,130
2026-01-15 11:30:00,7.195,7.22,7.195,7.205,198
2026-01-15 11:31:00,7.2,7.205,7.195,7.195,29
2026-01-15 11:32:00,7.19,7.195,7.1899,7.1899,23
2026-01-15 11:33:00,7.185,7.19,7.18,7.18,35
2026-01-15 11:34:00,7.185,7.19,7.185,7.185,5
2026-01-15 11:35:00,7.18,7.19,7.17,7.17,49
2026-01-15 11:36:00,7.17,7.17,7.165,7.165,9
2026-01-15 11:37:00,7.16,7.17,7.16,7.165,21
2026-01-15 11:38:00,7.165,7.17,7.165,7.165,28
2026-01-15 11:39:00,7.17,7.2,7.17,7.195,325
2026-01-15 11:40:00,7.19,7.19,7.17,7.17,50
2026-01-15 11:41:00,7.1767,7.18,7.1742,7.18,13
2026-01-15 11:42:00,7.18,7.185,7.175,7.18,12
2026-01-15 11:43:00,7.18,7.185,7.17,7.175,23
2026-01-15 11:44:00,7.18,7.185,7.16,7.17,223
2026-01-15 11:45:00,7.18,7.19,7.175,7.185,40
2026-01-15 11:46:00,7.18,7.1988,7.18,7.19,127
2026-01-15 11:47:00,7.195,7.205,7.195,7.205,31
2026-01-15 11:48:00,7.21,7.21,7.2,7.205,84
2026-01-15 11:49:00,7.205,7.205,7.18,7.18,102
2026-01-15 11:50:00,7.17,7.1702,7.17,7.1702,4
2026-01-15 11:51:00,7.17,7.17,7.165,7.165,12
2026-01-15 11:52:00,7.165,7.165,7.16,7.165,14
2026-01-15 11:53:00,7.165,7.17,7.165,7.17,29
2026-01-15 11:54:00,7.17,7.18,7.17,7.175,33
2026-01-15 11:55:00,7.1788,7.1788,7.17,7.175,12
2026-01-15 11:56:00,7.175,7.175,7.165,7.165,40
2026-01-15 11:57:00,7.165,7.175,7.165,7.175,10
2026-01-15 11:58:00,7.175,7.19,7.17,7.175,71
2026-01-15 11:59:00,7.175,7.175,7.17,7.175,4
2026-01-15 12:00:00,7.1799,7.1799,7.17,7.175,17
2026-01-15 12:01:00,7.175,7.175,7.175,7.175,11
2026-01-15 12:02:00,7.175,7.19,7.175,7.185,36
2026-01-15 12:03:00,7.185,7.185,7.18,7.185,28
2026-01-15 12:04:00,7.19,7.195,7.18,7.1899,47
2026-01-15 12:05:00,7.1842,7.185,7.1842,7.185,15
2026-01-15 12:06:00,7.185,7.1893,7.185,7.1893,21
2026-01-15 12:07:00,7.19,7.195,7.19,7.195,20
2026-01-15 12:08:00,7.195,7.2,7.19,7.195,27
2026-01-15 12:09:00,7.2,7.205,7.195,7.195,86
2026-01-15 12:10:00,7.19,7.19,7.18,7.185,33
2026-01-15 12:11:00,7.185,7.19,7.18,7.185,56
2026-01-15 12:12:00,7.185,7.21,7.185,7.205,47
2026-01-15 12:13:00,7.205,7.21,7.205,7.205,10
2026-01-15 12:14:00,7.2025,7.215,7.195,7.205,101
2026-01-15 12:15:00,7.21,7.22,7.21,7.215,138
2026-01-15 12:16:00,7.215,7.215,7.21,7.215,33
2026-01-15 12:17:00,7.21,7.21,7.205,7.205,6
2026-01-15 12:18:00,7.205,7.21,7.2,7.205,74
2026-01-15 12:19:00,7.205,7.205,7.205,7.205,0
2026-01-15 12:20:00,7.205,7.205,7.19,7.1958,35
2026-01-15 12:21:00,7.195,7.195,7.195,7.195,2
2026-01-15 12:22:00,7.195,7.2,7.19,7.2,6
2026-01-15 12:23:00,7.195,7.21,7.195,7.21,40
2026-01-15 12:24:00,7.21,7.21,7.2,7.205,47
2026-01-15 12:25:00,7.205,7.2058,7.205,7.205,21
2026-01-15 12:26:00,7.205,7.2076,7.2,7.205,15
2026-01-15 12:27:00,7.205,7.22,7.205,7.217,136
2026-01-15 12:28:00,7.22,7.22,7.21,7.215,5
2026-01-15 12:29:00,7.215,7.215,7.2142,7.215,7
2026-01-15 12:30:00,7.214,7.215,7.21,7.21,45
2026-01-15 12:31:00,7.215,7.215,7.19,7.195,232
2026-01-15 12:32:00,7.19,7.215,7.19,7.215,114
2026-01-15 12:33:00,7.215,7.215,7.21,7.215,6
2026-01-15 12:34:00,7.21,7.215,7.205,7.215,81
2026-01-15 12:35:00,7.2112,7.225,7.21,7.225,151
2026-01-15 12:36:00,7.225,7.23,7.22,7.2263,93
2026-01-15 12:37:00,7.225,7.225,7.225,7.225,6
2026-01-15 12:38:00,7.226,7.226,7.22,7.225,16
2026-01-15 12:39:00,7.22,7.22,7.1843,7.185,265
2026-01-15 12:40:00,7.185,7.19,7.18,7.185,21
2026-01-15 12:41:00,7.18,7.185,7.18,7.18,9
2026-01-15 12:42:00,7.185,7.19,7.18,7.19,37
2026-01-15 12:43:00,7.195,7.216,7.19,7.216,85
2026-01-15 12:44:00,7.215,7.2158,7.2,7.21,40
2026-01-15 12:45:00,7.215,7.22,7.2142,7.22,84
2026-01-15 12:46:00,7.215,7.22,7.21,7.21,46
2026-01-15 12:47:00,7.215,7.22,7.2124,7.215,28
2026-01-15 12:48:00,7.2143,7.215,7.21,7.215,56
2026-01-15 12:49:00,7.21,7.215,7.2046,7.215,62
2026-01-15 12:50:00,7.21,7.215,7.21,7.215,25
2026-01-15 12:51:00,7.21,7.215,7.21,7.215,16
2026-01-15 12:52:00,7.215,7.215,7.205,7.205,40
2026-01-15 12:53:00,7.2001,7.21,7.2,7.205,69
2026-01-15 12:54:00,7.205,7.205,7.19,7.19,12
2026-01-15 12:55:00,7.1863,7.19,7.1863,7.19,9
2026-01-15 12:56:00,7.19,7.195,7.19,7.195,12
2026-01-15 12:57:00,7.195,7.195,7.195,7.195,8
2026-01-15 12:58:00,7.19,7.195,7.19,7.195,25
2026-01-15 12:59:00,7.2,7.215,7.2,7.215,80
2026-01-15 13:00:00,7.21,7.215,7.21,7.215,2
2026-01-15 13:01:00,7.215,7.215,7.2021,7.205,36
2026-01-15 13:02:00,7.2,7.205,7.2,7.205,5
2026-01-15 13:03:00,7.205,7.2095,7.2,7.2,42
2026-01-15 13:04:00,7.21,7.24,7.21,7.23,483
2026-01-15 13:05:00,7.2352,7.25,7.23,7.23,122
2026-01-15 13:06:00,7.235,7.235,7.23,7.23,7
2026-01-15 13:07:00,7.23,7.235,7.23,7.23,17
2026-01-15 13:08:00,7.235,7.235,7.215,7.215,22
2026-01-15 13:09:00,7.215,7.215,7.21,7.215,61
2026-01-15 13:10:00,7.22,7.23,7.215,7.225,73
2026-01-15 13:11:00,7.225,7.225,7.22,7.225,58
2026-01-15 13:12:00,7.225,7.23,7.225,7.23,2
2026-01-15 13:13:00,7.225,7.225,7.22,7.225,20
2026-01-15 13:14:00,7.225,7.23,7.22,7.225,12
2026-01-15 13:15:00,7.225,7.225,7.205,7.215,404
2026-01-15 13:16:00,7.2143,7.225,7.2143,7.225,76
2026-01-15 13:17:00,7.225,7.225,7.215,7.215,31
2026-01-15 13:18:00,7.22,7.22,7.215,7.215,6
2026-01-15 13:19:00,7.215,7.215,7.21,7.215,4
2026-01-15 13:20:00,7.215,7.215,7.215,7.215,49
2026-01-15 13:21:00,7.215,7.215,7.21,7.215,7
2026-01-15 13:22:00,7.215,7.215,7.215,7.215,3
2026-01-15 13:23:00,7.215,7.22,7.195,7.22,187
2026-01-15 13:24:00,7.225,7.225,7.21,7.21,34
2026-01-15 13:25:00,7.21,7.21,7.19,7.19,128
2026-01-15 13:26:00,7.18,7.1827,7.18,7.1827,3
2026-01-15 13:27:00,7.18,7.185,7.175,7.185,44
2026-01-15 13:28:00,7.18,7.188,7.18,7.188,6
2026-01-15 13:29:00,7.19,7.19,7.18,7.185,24
2026-01-15 13:30:00,7.19,7.19,7.185,7.185,3
2026-01-15 13:31:00,7.19,7.19,7.18,7.185,12
2026-01-15 13:32:00,7.185,7.1898,7.18,7.1898,124
2026-01-15 13:33:00,7.19,7.205,7.19,7.205,67
2026-01-15 13:34:00,7.2,7.2,7.195,7.1999,64
2026-01-15 13:35:00,7.1998,7.205,7.19,7.195,190
2026-01-15 13:36:00,7.195,7.195,7.195,7.195,5
2026-01-15 13:37:00,7.19,7.195,7.185,7.195,23
2026-01-15 13:38:00,7.19,7.2,7.19,7.199,15
2026-01-15 13:39:00,7.195,7.2,7.19,7.195,25
2026-01-15 13:40:00,7.19,7.19,7.185,7.185,14
2026-01-15 13:41:00,7.185,7.19,7.18,7.19,8
2026-01-15 13:42:00,7.19,7.2,7.19,7.2,14
2026-01-15 13:43:00,7.195,7.2,7.19,7.195,22
2026-01-15 13:44:00,7.195,7.195,7.195,7.195,5
2026-01-15 13:45:00,7.195,7.195,7.185,7.185,29
2026-01-15 13:46:00,7.185,7.185,7.185,7.185,4
2026-01-15 13:47:00,7.185,7.185,7.155,7.155,76
2026-01-15 13:48:00,7.16,7.165,7.155,7.165,12
2026-01-15 13:49:00,7.165,7.18,7.165,7.18,82
2026-01-15 13:50:00,7.175,7.175,7.16,7.165,16
2026-01-15 13:51:00,7.165,7.175,7.165,7.175,19
2026-01-15 13:52:00,7.18,7.185,7.18,7.185,18
2026-01-15 13:53:00,7.18,7.19,7.18,7.185,8
2026-01-15 13:54:00,7.185,7.19,7.185,7.185,15
2026-01-15 13:55:00,7.18,7.19,7.18,7.185,59
2026-01-15 13:56:00,7.185,7.195,7.185,7.195,20
2026-01-15 13:57:00,7.19,7.2,7.185,7.2,26
2026-01-15 13:58:00,7.19,7.195,7.19,7.195,55
2026-01-15 13:59:00,7.195,7.195,7.19,7.195,9
2026-01-15 14:00:00,7.2,7.2,7.19,7.19,43
2026-01-15 14:01:00,7.2,7.2,7.175,7.175,39
2026-01-15 14:02:00,7.17,7.17,7.165,7.17,47
2026-01-15 14:03:00,7.165,7.1655,7.165,7.165,16
2026-01-15 14:04:00,7.17,7.175,7.17,7.175,33
2026-01-15 14:05:00,7.175,7.175,7.165,7.165,35
2026-01-15 14:06:00,7.165,7.18,7.165,7.18,27
2026-01-15 14:07:00,7.17,7.175,7.17,7.175,12
2026-01-15 14:08:00,7.17,7.175,7.17,7.17,4
2026-01-15 14:09:00,7.17,7.17,7.16,7.165,23
2026-01-15 14:10:00,7.1658,7.1658,7.165,7.165,12
2026-01-15 14:11:00,7.168,7.175,7.165,7.175,46
2026-01-15 14:12:00,7.175,7.18,7.17,7.175,16
2026-01-15 14:13:00,7.18,7.18,7.17,7.175,39
2026-01-15 14:14:00,7.175,7.2,7.175,7.2,388
2026-01-15 14:15:00,7.195,7.2,7.19,7.199,19
2026-01-15 14:16:00,7.195,7.2,7.195,7.2,20
2026-01-15 14:17:00,7.21,7.21,7.2,7.21,8
2026-01-15 14:18:00,7.21,7.21,7.209,7.209,22
2026-01-15 14:19:00,7.205,7.22,7.2,7.22,129
2026-01-15 14:20:00,7.215,7.215,7.19,7.195,234
2026-01-15 14:21:00,7.195,7.2099,7.195,7.205,82
2026-01-15 14:22:00,7.2037,7.2037,7.2037,7.2037,10
2026-01-15 14:23:00,7.2,7.205,7.2,7.205,47
2026-01-15 14:24:00,7.205,7.205,7.205,7.205,4
2026-01-15 14:25:00,7.2,7.205,7.2,7.205,4
2026-01-15 14:26:00,7.2,7.205,7.2,7.205,27
2026-01-15 14:27:00,7.2,7.205,7.2,7.205,6
2026-01-15 14:28:00,7.205,7.205,7.2,7.205,11
2026-01-15 14:29:00,7.205,7.205,7.2045,7.205,8
2026-01-15 14:30:00,7.205,7.205,7.18,7.18,52
2026-01-15 14:31:00,7.185,7.1855,7.18,7.18,76
2026-01-15 14:32:00,7.175,7.175,7.17,7.17,15
2026-01-15 14:33:00,7.175,7.185,7.175,7.185,51
2026-01-15 14:34:00,7.18,7.18,7.17,7.17,28
2026-01-15 14:35:00,7.17,7.17,7.17,7.17,12
2026-01-15 14:36:00,7.1711,7.1711,7.15,7.15,20
2026-01-15 14:37:00,7.1554,7.1554,7.145,7.145,37
2026-01-15 14:38:00,7.14,7.15,7.135,7.15,112
2026-01-15 14:39:00,7.155,7.155,7.14,7.1416,33
2026-01-15 14:40:00,7.14,7.145,7.14,7.14,6
2026-01-15 14:41:00,7.145,7.145,7.145,7.145,1
2026-01-15 14:42:00,7.1446,7.15,7.14,7.15,89
2026-01-15 14:43:00,7.14,7.1467,7.14,7.145,18
2026-01-15 14:44:00,7.15,7.16,7.15,7.16,162
2026-01-15 14:45:00,7.155,7.16,7.155,7.155,18
2026-01-15 14:46:00,7.15,7.15,7.14,7.145,65
2026-01-15 14:47:00,7.145,7.15,7.145,7.15,59
2026-01-15 14:48:00,7.15,7.1502,7.145,7.145,28
2026-01-15 14:49:00,7.1496,7.1496,7.1415,7.1415,17
2026-01-15 14:50:00,7.14,7.155,7.14,7.155,64
2026-01-15 14:51:00,7.155,7.165,7.155,7.165,23
2026-01-15 14:52:00,7.165,7.165,7.15,7.155,72
2026-01-15 14:53:00,7.15,7.155,7.145,7.145,21
2026-01-15 14:54:00,7.145,7.15,7.145,7.1465,49
2026-01-15 14:55:00,7.15,7.1501,7.145,7.145,73
2026-01-15 14:56:00,7.145,7.15,7.14,7.14,43
2026-01-15 14:57:00,7.145,7.15,7.145,7.145,74
2026-01-15 14:58:00,7.145,7.155,7.142,7.1521,93
2026-01-15 14:59:00,7.155,7.165,7.155,7.165,57
2026-01-15 15:00:00,7.16,7.16,7.11,7.115,88
2026-01-15 15:01:00,7.115,7.1369,7.115,7.135,85
2026-01-15 15:02:00,7.135,7.135,7.13,7.13,4
2026-01-15 15:03:00,7.14,7.145,7.14,7.145,16
2026-01-15 15:04:00,7.145,7.145,7.135,7.135,24
2026-01-15 15:05:00,7.135,7.135,7.13,7.135,15
2026-01-15 15:06:00,7.13,7.13,7.12,7.12,23
2026-01-15 15:07:00,7.115,7.115,7.115,7.115,4
2026-01-15 15:08:00,7.115,7.115,7.11,7.115,23
2026-01-15 15:09:00,7.115,7.115,7.1105,7.115,84
2026-01-15 15:10:00,7.115,7.13,7.11,7.115,51
2026-01-15 15:11:00,7.115,7.115,7.115,7.115,16
2026-01-15 15:12:00,7.12,7.12,7.115,7.12,58
2026-01-15 15:13:00,7.125,7.125,7.12,7.125,56
2026-01-15 15:14:00,7.125,7.125,7.12,7.125,34
2026-01-15 15:15:00,7.125,7.1273,7.125,7.127,14
2026-01-15 15:16:00,7.125,7.135,7.12,7.125,47
2026-01-15 15:17:00,7.1201,7.125,7.1201,7.1233,17
2026-01-15 15:18:00,7.12,7.12,7.115,7.115,23
2026-01-15 15:19:00,7.115,7.14,7.115,7.115,129
2026-01-15 15:20:00,7.115,7.12,7.11,7.115,31
2026-01-15 15:21:00,7.112,7.1199,7.11,7.1199,28
2026-01-15 15:22:00,7.115,7.115,7.09,7.095,201
2026-01-15 15:23:00,7.095,7.1,7.09,7.095,51
2026-01-15 15:24:00,7.0968,7.0968,7.09,7.0954,111
2026-01-15 15:25:00,7.09,7.09,7.085,7.09,30
2026-01-15 15:26:00,7.08,7.095,7.08,7.09,60
2026-01-15 15:27:00,7.095,7.1,7.09,7.09,14
2026-01-15 15:28:00,7.095,7.1,7.09,7.1,18
2026-01-15 15:29:00,7.095,7.095,7.07,7.07,156
2026-01-15 15:30:00,7.079,7.095,7.079,7.095,142
2026-01-15 15:31:00,7.09,7.09,7.08,7.08,11
2026-01-15 15:32:00,7.08,7.085,7.075,7.085,129
2026-01-15 15:33:00,7.085,7.085,7.065,7.065,53
2026-01-15 15:34:00,7.065,7.065,7.06,7.065,31
2026-01-15 15:35:00,7.06,7.07,7.06,7.065,73
2026-01-15 15:36:00,7.07,7.075,7.065,7.065,34
2026-01-15 15:37:00,7.065,7.07,7.06,7.065,15
2026-01-15 15:38:00,7.065,7.07,7.06,7.0645,44
2026-01-15 15:39:00,7.065,7.07,7.065,7.07,21
2026-01-15 15:40:00,7.06,7.08,7.06,7.075,68
2026-01-15 15:41:00,7.08,7.08,7.07,7.075,12
2026-01-15 15:42:00,7.08,7.085,7.075,7.08,65
2026-01-15 15:43:00,7.08,7.085,7.07,7.075,63
2026-01-15 15:44:00,7.07,7.075,7.0615,7.065,33
2026-01-15 15:45:00,7.065,7.075,7.06,7.075,111
2026-01-15 15:46:00,7.075,7.0785,7.07,7.07,19
2026-01-15 15:47:00,7.075,7.075,7.065,7.065,58
2026-01-15 15:48:00,7.07,7.075,7.065,7.075,99
2026-01-15 15:49:00,7.075,7.075,7.065,7.065,67
2026-01-15 15:50:00,7.065,7.075,7.0601,7.065,164
2026-01-15 15:51:00,7.065,7.0685,7.06,7.065,96
2026-01-15 15:52:00,7.065,7.065,7.05,7.06,136
2026-01-15 15:53:00,7.06,7.06,7.0512,7.055,108
2026-01-15 15:54:00,7.055,7.055,7.04,7.045,235
2026-01-15 15:55:00,7.0414,7.045,7.02,7.025,262
2026-01-15 15:56:00,7.025,7.035,7.025,7.035,138
2026-01-15 15:57:00,7.035,7.04,7.025,7.035,247
2026-01-15 15:58:00,7.035,7.04,7.03,7.04,334
2026-01-15 15:59:00,7.035,7.045,7.03,7.04,802
2026-01-16 09:30:00,7.07,7.1055,7.0401,7.075,1044
2026-01-16 09:31:00,7.075,7.075,6.99,7.01,92
2026-01-16 09:32:00,7.01,7.02,6.98,7.0194,45
2026-01-16 09:33:00,6.995,6.995,6.97,6.985,29
2026-01-16 09:34:00,6.985,7.0,6.985,7.0,65
2026-01-16 09:35:00,6.9992,7.01,6.9837,7.01,114
2026-01-16 09:36:00,7.0,7.0,6.98,6.98,93
2026-01-16 09:37:00,6.97,6.97,6.9636,6.97,191
2026-01-16 09:38:00,6.97,6.9751,6.96,6.97,33
2026-01-16 09:39:00,6.97,6.98,6.96,6.98,27
2026-01-16 09:40:00,6.98,6.98,6.97,6.98,24
2026-01-16 09:41:00,6.99,6.99,6.96,6.98,13
2026-01-16 09:42:00,6.965,6.985,6.965,6.97,32
2026-01-16 09:43:00,6.97,6.98,6.96,6.97,69
2026-01-16 09:44:00,6.97,7.0,6.96,7.0,17
2026-01-16 09:45:00,6.985,6.985,6.98,6.985,9
2026-01-16 09:46:00,6.985,7.025,6.985,7.02,48
2026-01-16 09:47:00,7.0,7.0,6.99,6.995,130
2026-01-16 09:48:00,6.995,7.01,6.99,6.99,149
2026-01-16 09:49:00,7.0,7.0,6.98,6.9999,32
2026-01-16 09:50:00,6.99,6.99,6.98,6.98,7
2026-01-16 09:51:00,6.98,6.985,6.97,6.985,18
2026-01-16 09:52:00,6.985,6.985,6.97,6.975,22
2026-01-16 09:53:00,6.97,6.98,6.97,6.97,8
2026-01-16 09:54:00,6.98,6.98,6.975,6.975,8
2026-01-16 09:55:00,6.975,7.02,6.97,7.02,47
2026-01-16 09:56:00,7.02,7.035,7.01,7.0335,103
2026-01-16 09:57:00,7.04,7.06,7.01,7.01,405
2026-01-16 09:58:00,7.02,7.02,7.0,7.02,46
2026-01-16 09:59:00,7.01,7.015,7.0,7.015,266
2026-01-16 10:00:00,7.02,7.06,7.0,7.04,1366
2026-01-16 10:01:00,7.04,7.04,7.025,7.025,34
2026-01-16 10:02:00,7.025,7.025,7.025,7.025,11
2026-01-16 10:03:00,7.025,7.035,7.025,7.035,85
2026-01-16 10:04:00,7.04,7.04,7.03,7.0398,34
2026-01-16 10:05:00,7.04,7.105,7.04,7.105,245
2026-01-16 10:06:00,7.105,7.15,7.105,7.115,486
2026-01-16 10:07:00,7.12,7.14,7.0999,7.0999,110
2026-01-16 10:08:00,7.095,7.11,7.095,7.105,87
2026-01-16 10:09:00,7.105,7.105,7.07,7.07,32
2026-01-16 10:10:00,7.07,7.07,7.06,7.065,30
2026-01-16 10:11:00,7.065,7.07,7.0545,7.07,65
2026-01-16 10:12:00,7.065,7.065,7.045,7.045,34
2026-01-16 10:13:00,7.045,7.06,7.045,7.045,56
2026-01-16 10:14:00,7.05,7.055,7.045,7.05,23
2026-01-16 10:15:00,7.055,7.055,7.035,7.04,24
2026-01-16 10:16:00,7.04,7.055,7.035,7.055,166
2026-01-16 10:17:00,7.055,7.07,7.055,7.07,142
2026-01-16 10:18:00,7.075,7.075,7.065,7.065,126
2026-01-16 10:19:00,7.065,7.11,7.06,7.105,179
2026-01-16 10:20:00,7.105,7.11,7.1,7.105,8
2026-01-16 10:21:00,7.105,7.15,7.105,7.125,237
2026-01-16 10:22:00,7.12,7.1273,7.115,7.12,58
2026-01-16 10:23:00,7.12,7.12,7.115,7.12,6
2026-01-16 10:24:00,7.115,7.125,7.11,7.125,132
2026-01-16 10:25:00,7.125,7.125,7.1,7.1,50
2026-01-16 10:26:00,7.09,7.095,7.09,7.09,7
2026-01-16 10:27:00,7.09,7.1,7.085,7.09,42
2026-01-16 10:28:00,7.095,7.095,7.08,7.085,36
2026-01-16 10:29:00,7.085,7.095,7.08,7.085,86
2026-01-16 10:30:00,7.085,7.095,7.085,7.095,37
2026-01-16 10:31:00,7.09,7.09,7.075,7.075,22
2026-01-16 10:32:00,7.075,7.085,7.065,7.065,89
2026-01-16 10:33:00,7.07,7.075,7.065,7.07,31
2026-01-16 10:34:00,7.065,7.065,7.055,7.055,57
2026-01-16 10:35:00,7.055,7.055,7.02,7.0496,119
2026-01-16 10:36:00,7.045,7.065,7.045,7.065,67
2026-01-16 10:37:00,7.065,7.065,7.05,7.055,26
2026-01-16 10:38:00,7.055,7.055,7.045,7.045,18
2026-01-16 10:39:00,7.04,7.05,7.04,7.045,48
2026-01-16 10:40:00,7.0499,7.0499,7.04,7.045,159
2026-01-16 10:41:00,7.045,7.045,7.03,7.04,32
2026-01-16 10:42:00,7.035,7.045,7.03,7.045,95
2026-01-16 10:43:00,7.045,7.05,7.04,7.045,12
2026-01-16 10:44:00,7.04,7.04,7.03,7.03,305
2026-01-16 10:45:00,7.035,7.045,7.0327,7.045,123
2026-01-16 10:46:00,7.045,7.0456,7.04,7.045,70
2026-01-16 10:47:00,7.04,7.045,7.03,7.035,62
2026-01-16 10:48:00,7.035,7.05,7.025,7.025,132
2026-01-16 10:49:00,7.02,7.0791,6.995,6.995,985
2026-01-16 10:50:00,6.995,7.0,6.995,7.0,11
2026-01-16 10:51:00,6.995,7.005,6.98,6.98,87
2026-01-16 10:52:00,6.975,6.975,6.97,6.975,55
2026-01-16 10:53:00,6.975,6.975,6.97,6.975,18
2026-01-16 10:54:00,6.975,6.98,6.9746,6.975,12
2026-01-16 10:55:00,6.975,6.975,6.975,6.975,7
2026-01-16 10:56:00,6.97,6.985,6.9509,6.97,206
2026-01-16 10:57:00,6.965,6.965,6.95,6.955,128
2026-01-16 10:58:00,6.95,6.955,6.95,6.955,4
2026-01-16 10:59:00,6.955,6.955,6.955,6.955,6
2026-01-16 11:00:00,6.955,6.965,6.955,6.955,42
2026-01-16 11:01:00,6.955,6.9599,6.95,6.95,15
2026-01-16 11:02:00,6.95,6.955,6.95,6.955,8
2026-01-16 11:03:00,6.9537,6.9563,6.95,6.955,10
2026-01-16 11:04:00,6.96,6.96,6.95,6.955,19
2026-01-16 11:05:00,6.955,6.96,6.955,6.96,39
2026-01-16 11:06:00,6.96,6.967,6.9585,6.9585,39
2026-01-16 11:07:00,6.955,6.9599,6.95,6.95,7
2026-01-16 11:08:00,6.955,6.985,6.955,6.98,57
2026-01-16 11:09:00,6.99,6.99,6.97,6.97,63
2026-01-16 11:10:00,6.97,6.97,6.965,6.965,16
2026-01-16 11:11:00,6.965,6.965,6.955,6.955,6
2026-01-16 11:12:00,6.9563,6.96,6.955,6.96,18
2026-01-16 11:13:00,6.965,6.9654,6.96,6.96,33
2026-01-16 11:14:00,6.965,6.965,6.965,6.965,8
2026-01-16 11:15:00,6.965,6.965,6.965,6.965,7
2026-01-16 11:16:00,6.965,6.965,6.965,6.965,34
2026-01-16 11:17:00,6.96,6.96,6.955,6.955,37
2026-01-16 11:18:00,6.955,6.955,6.94,6.945,100
2026-01-16 11:19:00,6.945,6.955,6.945,6.955,117
2026-01-16 11:20:00,6.955,6.955,6.955,6.955,3
2026-01-16 11:21:00,6.955,6.955,6.955,6.955,0
2026-01-16 11:22:00,6.955,6.955,6.955,6.955,1
2026-01-16 11:23:00,6.955,6.955,6.925,6.935,242
2026-01-16 11:24:00,6.935,6.935,6.93,6.93,15
2026-01-16 11:25:00,6.93,6.945,6.93,6.945,90
2026-01-16 11:26:00,6.94,6.94,6.935,6.9373,30
2026-01-16 11:27:00,6.94,6.94,6.94,6.94,21
2026-01-16 11:28:00,6.945,6.945,6.945,6.945,2
2026-01-16 11:29:00,6.9445,6.9445,6.93,6.93,92
2026-01-16 11:30:00,6.935,6.9397,6.935,6.935,9
2026-01-16 11:31:00,6.935,6.935,6.935,6.935,8
2026-01-16 11:32:00,6.935,6.9599,6.935,6.955,171
2026-01-16 11:33:00,6.9549,6.955,6.95,6.955,53
2026-01-16 11:34:00,6.955,6.955,6.955,6.955,44
2026-01-16 11:35:00,6.95,6.95,6.945,6.95,16
2026-01-16 11:36:00,6.94,6.9485,6.94,6.945,34
2026-01-16 11:37:00,6.945,6.945,6.945,6.945,7
2026-01-16 11:38:00,6.945,6.95,6.945,6.945,22
2026-01-16 11:39:00,6.945,6.95,6.9446,6.945,16
2026-01-16 11:40:00,6.9488,6.95,6.945,6.945,9
2026-01-16 11:41:00,6.945,6.945,6.945,6.945,2
2026-01-16 11:42:00,6.945,6.955,6.945,6.955,59
2026-01-16 11:43:00,6.955,6.955,6.945,6.945,18
2026-01-16 11:44:00,6.9446,6.9446,6.9446,6.9446,5
2026-01-16 11:45:00,6.9446,6.9446,6.9446,6.9446,0
2026-01-16 11:46:00,6.945,6.95,6.94,6.945,140
2026-01-16 11:47:00,6.945,6.945,6.945,6.945,2
2026-01-16 11:48:00,6.9433,6.9433,6.94,6.94,6
2026-01-16 11:49:00,6.945,6.945,6.94,6.94,22
2026-01-16 11:50:00,6.945,6.965,6.94,6.956,110
2026-01-16 11:51:00,6.955,6.97,6.955,6.955,227
2026-01-16 11:52:00,6.95,6.955,6.95,6.955,21
2026-01-16 11:53:00,6.955,6.955,6.955,6.955,0
2026-01-16 11:54:00,6.95,6.965,6.945,6.965,107
2026-01-16 11:55:00,6.96,6.965,6.96,6.965,57
2026-01-16 11:56:00,6.965,6.965,6.965,6.965,0
2026-01-16 11:57:00,6.96,6.96,6.955,6.955,22
2026-01-16 11:58:00,6.955,6.955,6.955,6.955,2
2026-01-16 11:59:00,6.955,6.955,6.955,6.955,2
2026-01-16 12:00:00,6.955,6.955,6.955,6.955,4
2026-01-16 12:01:00,6.955,6.955,6.95,6.955,4
2026-01-16 12:02:00,6.955,6.955,6.93,6.935,75
2026-01-16 12:03:00,6.94,6.94,6.935,6.935,17
2026-01-16 12:04:00,6.935,6.9388,6.935,6.935,8
2026-01-16 12:05:00,6.935,6.935,6.935,6.935,5
2026-01-16 12:06:00,6.93,6.93,6.92,6.925,84
2026-01-16 12:07:00,6.925,6.925,6.91,6.915,100
2026-01-16 12:08:00,6.915,6.915,6.915,6.915,6
2026-01-16 12:09:00,6.91,6.915,6.91,6.915,4
2026-01-16 12:10:00,6.915,6.915,6.885,6.89,425
2026-01-16 12:11:00,6.89,6.895,6.89,6.895,39
2026-01-16 12:12:00,6.895,6.935,6.895,6.925,895
2026-01-16 12:13:00,6.925,6.925,6.92,6.92,6
2026-01-16 12:14:00,6.915,6.93,6.915,6.925,42
2026-01-16 12:15:00,6.925,6.93,6.925,6.93,16
2026-01-16 12:16:00,6.93,6.935,6.925,6.925,274
2026-01-16 12:17:00,6.925,6.925,6.92,6.925,12
2026-01-16 12:18:00,6.925,6.925,6.925,6.925,12
2026-01-16 12:19:00,6.925,6.94,6.92,6.92,134
2026-01-16 12:20:00,6.92,6.92,6.92,6.92,2
2026-01-16 12:21:00,6.92,6.925,6.92,6.925,3
2026-01-16 12:22:00,6.925,6.925,6.925,6.925,3
2026-01-16 12:23:00,6.925,6.935,6.925,6.933,94
2026-01-16 12:24:00,6.935,6.935,6.923,6.925,18
2026-01-16 12:25:00,6.92,6.92,6.92,6.92,2
2026-01-16 12:26:00,6.915,6.925,6.915,6.925,30
2026-01-16 12:27:00,6.925,6.925,6.925,6.925,1
2026-01-16 12:28:00,6.925,6.93,6.925,6.93,2
2026-01-16 12:29:00,6.925,6.93,6.925,6.925,42
2026-01-16 12:30:00,6.925,6.925,6.925,6.925,2
2026-01-16 12:31:00,6.925,6.925,6.925,6.925,3
2026-01-16 12:32:00,6.925,6.925,6.925,6.925,3
2026-01-16 12:33:00,6.925,6.925,6.92,6.925,4
2026-01-16 12:34:00,6.925,6.925,6.9242,6.925,3
2026-01-16 12:35:00,6.925,6.925,6.92,6.925,43
2026-01-16 12:36:00,6.92,6.925,6.92,6.92,14
2026-01-16 12:37:00,6.92,6.925,6.915,6.915,22
2026-01-16 12:38:00,6.915,6.915,6.915,6.915,4
2026-01-16 12:39:00,6.91,6.915,6.91,6.91,4
2026-01-16 12:40:00,6.91,6.91,6.91,6.91,9
2026-01-16 12:41:00,6.91,6.915,6.91,6.915,10
2026-01-16 12:42:00,6.915,6.915,6.915,6.915,7
2026-01-16 12:43:00,6.915,6.915,6.91,6.9112,30
2026-01-16 12:44:00,6.915,6.915,6.915,6.915,5
2026-01-16 12:45:00,6.915,6.915,6.91,6.915,17
2026-01-16 12:46:00,6.915,6.9288,6.915,6.9288,236
2026-01-16 12:47:00,6.9288,6.9288,6.9288,6.9288,0
2026-01-16 12:48:00,6.925,6.925,6.925,6.925,16
2026-01-16 12:49:00,6.92,6.925,6.92,6.925,2
2026-01-16 12:50:00,6.925,6.925,6.925,6.925,4
2026-01-16 12:51:00,6.925,6.925,6.925,6.925,34
2026-01-16 12:52:00,6.925,6.925,6.925,6.925,3
2026-01-16 12:53:00,6.925,6.935,6.925,6.93,66
2026-01-16 12:54:00,6.93,6.93,6.9299,6.9299,4
2026-01-16 12:55:00,6.92,6.92,6.92,6.92,4
2026-01-16 12:56:00,6.925,6.925,6.925,6.925,9
2026-01-16 12:57:00,6.925,6.93,6.922,6.925,78
2026-01-16 12:58:00,6.92,6.925,6.92,6.92,45
2026-01-16 12:59:00,6.91,6.92,6.905,6.92,52
2026-01-16 13:00:00,6.915,6.915,6.91,6.915,25
2026-01-16 13:01:00,6.915,6.915,6.915,6.915,1
2026-01-16 13:02:00,6.915,6.915,6.915,6.915,33
2026-01-16 13:03:00,6.912,6.916,6.91,6.916,39
2026-01-16 13:04:00,6.912,6.915,6.91,6.91,20
2026-01-16 13:05:00,6.9101,6.9154,6.9101,6.9127,12
2026-01-16 13:06:00,6.9103,6.915,6.905,6.91,75
2026-01-16 13:07:00,6.915,6.915,6.915,6.915,6
2026-01-16 13:08:00,6.915,6.915,6.902,6.91,138
2026-01-16 13:09:00,6.905,6.905,6.895,6.895,257
2026-01-16 13:10:00,6.89,6.8953,6.89,6.8953,10
2026-01-16 13:11:00,6.895,6.895,6.88,6.88,270
2026-01-16 13:12:00,6.88,6.885,6.87,6.885,141
2026-01-16 13:13:00,6.885,6.885,6.875,6.885,68
2026-01-16 13:14:00,6.885,6.886,6.88,6.886,35
2026-01-16 13:15:00,6.89,6.892,6.885,6.885,45
2026-01-16 13:16:00,6.889,6.905,6.889,6.905,158
2026-01-16 13:17:00,6.9,6.9,6.89,6.89,14
2026-01-16 13:18:00,6.895,6.905,6.895,6.905,27
2026-01-16 13:19:00,6.905,6.905,6.905,6.905,0
2026-01-16 13:20:00,6.905,6.905,6.905,6.905,1
2026-01-16 13:21:00,6.905,6.905,6.9,6.905,12
2026-01-16 13:22:00,6.905,6.9068,6.9,6.9,35
2026-01-16 13:23:00,6.905,6.905,6.905,6.905,1
2026-01-16 13:24:00,6.9057,6.9057,6.9057,6.9057,1
2026-01-16 13:25:00,6.905,6.905,6.905,6.905,2
2026-01-16 13:26:00,6.905,6.91,6.905,6.91,6
2026-01-16 13:27:00,6.905,6.905,6.905,6.905,2
2026-01-16 13:28:00,6.905,6.92,6.905,6.915,977
2026-01-16 13:29:00,6.915,6.92,6.905,6.905,430
2026-01-16 13:30:00,6.905,6.9099,6.9,6.905,8
2026-01-16 13:31:00,6.9,6.905,6.895,6.905,137
2026-01-16 13:32:00,6.905,6.91,6.9,6.905,30
2026-01-16 13:33:00,6.9099,6.915,6.905,6.905,259
2026-01-16 13:34:00,6.905,6.9059,6.9046,6.905,13
2026-01-16 13:35:00,6.905,6.905,6.905,6.905,68
2026-01-16 13:36:00,6.905,6.905,6.9,6.905,27
2026-01-16 13:37:00,6.905,6.915,6.88,6.88,323
2026-01-16 13:38:00,6.885,6.885,6.885,6.885,3
2026-01-16 13:39:00,6.885,6.885,6.885,6.885,0
2026-01-16 13:40:00,6.885,6.885,6.885,6.885,1
2026-01-16 13:41:00,6.885,6.885,6.88,6.885,61
2026-01-16 13:42:00,6.89,6.895,6.89,6.895,11
2026-01-16 13:43:00,6.89,6.89,6.885,6.885,39
2026-01-16 13:44:00,6.885,6.885,6.885,6.885,3
2026-01-16 13:45:00,6.885,6.885,6.885,6.885,6
2026-01-16 13:46:00,6.885,6.885,6.885,6.885,7
2026-01-16 13:47:00,6.89,6.89,6.885,6.89,6
2026-01-16 13:48:00,6.89,6.89,6.86,6.865,1056
2026-01-16 13:49:00,6.86,6.87,6.86,6.87,6
2026-01-16 13:50:00,6.87,6.87,6.865,6.87,10
2026-01-16 13:51:00,6.875,6.875,6.875,6.875,5
2026-01-16 13:52:00,6.87,6.87,6.865,6.865,64
2026-01-16 13:53:00,6.86,6.875,6.855,6.875,71
2026-01-16 13:54:00,6.88,6.885,6.8711,6.8711,31
2026-01-16 13:55:00,6.875,6.88,6.875,6.88,85
2026-01-16 13:56:00,6.8775,6.88,6.875,6.875,51
2026-01-16 13:57:00,6.875,6.88,6.875,6.875,30
2026-01-16 13:58:00,6.875,6.8799,6.875,6.875,58
2026-01-16 13:59:00,6.875,6.88,6.875,6.875,55
2026-01-16 14:00:00,6.87,6.88,6.865,6.88,77
2026-01-16 14:01:00,6.8835,6.8835,6.8766,6.8799,67
2026-01-16 14:02:00,6.88,6.88,6.875,6.875,36
2026-01-16 14:03:00,6.87,6.87,6.84,6.845,505
2026-01-16 14:04:00,6.845,6.845,6.8301,6.835,163
2026-01-16 14:05:00,6.835,6.8365,6.835,6.8365,13
2026-01-16 14:06:00,6.835,6.84,6.83,6.835,73
2026-01-16 14:07:00,6.8388,6.8388,6.83,6.83,29
2026-01-16 14:08:00,6.83,6.83,6.83,6.83,0
2026-01-16 14:09:00,6.835,6.845,6.83,6.845,47
2026-01-16 14:10:00,6.845,6.8475,6.845,6.845,9
2026-01-16 14:11:00,6.845,6.865,6.845,6.86,177
2026-01-16 14:12:00,6.85,6.88,6.845,6.865,359
2026-01-16 14:13:00,6.865,6.87,6.865,6.865,57
2026-01-16 14:14:00,6.865,6.865,6.865,6.865,0
2026-01-16 14:15:00,6.865,6.8684,6.855,6.86,48
2026-01-16 14:16:00,6.855,6.855,6.855,6.855,6
2026-01-16 14:17:00,6.855,6.855,6.855,6.855,3
2026-01-16 14:18:00,6.8587,6.8587,6.855,6.855,12
2026-01-16 14:19:00,6.855,6.855,6.855,6.855,1
2026-01-16 14:20:00,6.8599,6.86,6.855,6.855,8
2026-01-16 14:21:00,6.855,6.86,6.855,6.855,41
2026-01-16 14:22:00,6.855,6.86,6.855,6.86,16
2026-01-16 14:23:00,6.855,6.86,6.855,6.86,39
2026-01-16 14:24:00,6.86,6.86,6.855,6.855,37
2026-01-16 14:25:00,6.855,6.86,6.85,6.855,16
2026-01-16 14:26:00,6.855,6.87,6.855,6.87,157
2026-01-16 14:27:00,6.865,6.865,6.865,6.865,15
2026-01-16 14:28:00,6.865,6.87,6.865,6.87,18
2026-01-16 14:29:00,6.87,6.875,6.845,6.845,208
2026-01-16 14:30:00,6.845,6.8466,6.845,6.8466,3
2026-01-16 14:31:00,6.8401,6.85,6.84,6.84,170
2026-01-16 14:32:00,6.845,6.85,6.845,6.85,6
2026-01-16 14:33:00,6.85,6.85,6.8401,6.845,32
2026-01-16 14:34:00,6.8453,6.85,6.845,6.85,27
2026-01-16 14:35:00,6.85,6.855,6.85,6.85,47
2026-01-16 14:36:00,6.85,6.85,6.85,6.85,12
2026-01-16 14:37:00,6.85,6.855,6.85,6.855,27
2026-01-16 14:38:00,6.855,6.86,6.855,6.86,26
2026-01-16 14:39:00,6.86,6.86,6.8535,6.855,13
2026-01-16 14:40:00,6.86,6.86,6.855,6.855,45
2026-01-16 14:41:00,6.855,6.86,6.855,6.86,11
2026-01-16 14:42:00,6.86,6.86,6.86,6.86,7
2026-01-16 14:43:00,6.86,6.86,6.86,6.86,7
2026-01-16 14:44:00,6.855,6.855,6.845,6.845,77
2026-01-16 14:45:00,6.845,6.845,6.845,6.845,0
2026-01-16 14:46:00,6.84,6.845,6.83,6.835,89
2026-01-16 14:47:00,6.835,6.835,6.835,6.835,1
2026-01-16 14:48:00,6.8319,6.835,6.8319,6.835,13
2026-01-16 14:49:00,6.8385,6.8385,6.8385,6.8385,2
2026-01-16 14:50:00,6.84,6.84,6.835,6.835,10
2026-01-16 14:51:00,6.835,6.835,6.83,6.83,121
2026-01-16 14:52:00,6.8227,6.8227,6.8227,6.8227,1
2026-01-16 14:53:00,6.83,6.835,6.83,6.835,109
2026-01-16 14:54:00,6.835,6.835,6.835,6.835,0
2026-01-16 14:55:00,6.835,6.835,6.815,6.825,182
2026-01-16 14:56:00,6.8298,6.8299,6.8298,6.8299,6
2026-01-16 14:57:00,6.825,6.825,6.825,6.825,20
2026-01-16 14:58:00,6.825,6.8261,6.815,6.815,112
2026-01-16 14:59:00,6.815,6.83,6.815,6.83,91
2026-01-16 15:00:00,6.825,6.825,6.815,6.815,92
2026-01-16 15:01:00,6.82,6.83,6.82,6.83,113
2026-01-16 15:02:00,6.835,6.835,6.825,6.825,529
2026-01-16 15:03:00,6.825,6.825,6.825,6.825,6
2026-01-16 15:04:00,6.825,6.83,6.825,6.825,16
2026-01-16 15:05:00,6.825,6.825,6.825,6.825,45
2026-01-16 15:06:00,6.825,6.825,6.825,6.825,22
2026-01-16 15:07:00,6.825,6.83,6.82,6.825,53
2026-01-16 15:08:00,6.825,6.825,6.825,6.825,18
2026-01-16 15:09:00,6.825,6.83,6.8219,6.8219,17
2026-01-16 15:10:00,6.825,6.825,6.805,6.805,88
2026-01-16 15:11:00,6.805,6.81,6.8,6.81,73
2026-01-16 15:12:00,6.805,6.82,6.805,6.82,56
2026-01-16 15:13:00,6.815,6.82,6.815,6.815,10
2026-01-16 15:14:00,6.82,6.82,6.8187,6.82,24
2026-01-16 15:15:00,6.82,6.825,6.82,6.825,60
2026-01-16 15:16:00,6.825,6.825,6.8146,6.815,61
2026-01-16 15:17:00,6.81,6.815,6.805,6.805,34
2026-01-16 15:18:00,6.81,6.81,6.805,6.81,15
2026-01-16 15:19:00,6.8097,6.81,6.8097,6.81,10
2026-01-16 15:20:00,6.81,6.815,6.8,6.805,109
2026-01-16 15:21:00,6.8,6.81,6.8,6.81,9
2026-01-16 15:22:00,6.8099,6.81,6.8099,6.81,22
2026-01-16 15:23:00,6.81,6.81,6.8012,6.81,20
2026-01-16 15:24:00,6.805,6.81,6.8001,6.805,24
2026-01-16 15:25:00,6.81,6.81,6.8,6.805,32
2026-01-16 15:26:00,6.81,6.81,6.805,6.8084,22
2026-01-16 15:27:00,6.81,6.81,6.81,6.81,106
2026-01-16 15:28:00,6.805,6.825,6.805,6.825,319
2026-01-16 15:29:00,6.825,6.825,6.815,6.825,146
2026-01-16 15:30:00,6.825,6.825,6.8,6.805,446
2026-01-16 15:31:00,6.805,6.8257,6.7917,6.795,1445
2026-01-16 15:32:00,6.795,6.795,6.79,6.79,15
2026-01-16 15:33:00,6.795,6.795,6.795,6.795,37
2026-01-16 15:34:00,6.795,6.795,6.77,6.775,260
2026-01-16 15:35:00,6.7747,6.7858,6.7742,6.785,224
2026-01-16 15:36:00,6.7883,6.7883,6.785,6.785,41
2026-01-16 15:37:00,6.785,6.7882,6.785,6.7856,7
2026-01-16 15:38:00,6.78,6.785,6.775,6.785,164
2026-01-16 15:39:00,6.785,6.7883,6.785,6.7854,13
2026-01-16 15:40:00,6.78,6.785,6.78,6.785,2
2026-01-16 15:41:00,6.785,6.796,6.785,6.795,107
2026-01-16 15:42:00,6.795,6.795,6.79,6.795,78
2026-01-16 15:43:00,6.798,6.798,6.795,6.795,5
2026-01-16 15:44:00,6.795,6.795,6.78,6.785,168
2026-01-16 15:45:00,6.785,6.7859,6.78,6.78,31
2026-01-16 15:46:00,6.78,6.78,6.774,6.775,161
2026-01-16 15:47:00,6.775,6.775,6.7745,6.775,77
2026-01-16 15:48:00,6.775,6.775,6.7701,6.7701,26
2026-01-16 15:49:00,6.775,6.7763,6.765,6.765,243
2026-01-16 15:50:00,6.765,6.775,6.7615,6.765,304
2026-01-16 15:51:00,6.765,6.7699,6.765,6.765,43
2026-01-16 15:52:00,6.765,6.765,6.73,6.73,1337
2026-01-16 15:53:00,6.735,6.76,6.735,6.755,254
2026-01-16 15:54:00,6.7566,6.7566,6.745,6.745,323
2026-01-16 15:55:00,6.745,6.755,6.7436,6.755,208
2026-01-16 15:56:00,6.755,6.755,6.735,6.735,389
2026-01-16 15:57:00,6.735,6.74,6.73,6.735,253
2026-01-16 15:58:00,6.74,6.745,6.73,6.74,902
2026-01-16 15:59:00,6.74,6.75,6.73,6.745,791
2026-01-20 09:30:00,6.85,7.11,6.84,7.1,2495
2026-01-20 09:31:00,7.0701,7.15,7.0701,7.134,127
2026-01-20 09:32:00,7.12,7.3,7.12,7.27,800
2026-01-20 09:33:00,7.23,7.36,7.22,7.29,622
2026-01-20 09:34:00,7.28,7.47,7.28,7.42,683
2026-01-20 09:35:00,7.41,7.45,7.205,7.21,889
2026-01-20 09:36:00,7.21,7.2918,7.153,7.245,523
2026-01-20 09:37:00,7.23,7.335,7.225,7.25,656
2026-01-20 09:38:00,7.24,7.29,7.19,7.29,173
2026-01-20 09:39:00,7.24,7.28,7.225,7.225,176
2026-01-20 09:40:00,7.2399,7.2399,7.21,7.22,164
2026-01-20 09:41:00,7.21,7.262,7.2067,7.2354,180
2026-01-20 09:42:00,7.23,7.35,7.23,7.35,381
2026-01-20 09:43:00,7.325,7.34,7.28,7.29,169
2026-01-20 09:44:00,7.29,7.32,7.29,7.3,404
2026-01-20 09:45:00,7.3,7.3099,7.225,7.2399,594
2026-01-20 09:46:00,7.23,7.27,7.229,7.235,193
2026-01-20 09:47:00,7.23,7.23,7.205,7.225,153
2026-01-20 09:48:00,7.225,7.225,7.175,7.175,299
2026-01-20 09:49:00,7.175,7.175,7.15,7.155,377
2026-01-20 09:50:00,7.165,7.19,7.16,7.16,246
2026-01-20 09:51:00,7.16,7.21,7.155,7.1681,490
2026-01-20 09:52:00,7.16,7.23,7.16,7.22,171
2026-01-20 09:53:00,7.2299,7.24,7.2126,7.235,389
2026-01-20 09:54:00,7.235,7.26,7.22,7.255,151
2026-01-20 09:55:00,7.26,7.3,7.25,7.2834,499
2026-01-20 09:56:00,7.28,7.3,7.27,7.3,251
2026-01-20 09:57:00,7.2999,7.36,7.2901,7.3583,617
2026-01-20 09:58:00,7.35,7.47,7.35,7.47,1635
2026-01-20 09:59:00,7.44,7.49,7.4146,7.475,687
2026-01-20 10:00:00,7.49,7.52,7.415,7.42,2315
2026-01-20 10:01:00,7.43,7.44,7.35,7.36,607
2026-01-20 10:02:00,7.36,7.405,7.36,7.375,308
2026-01-20 10:03:00,7.37,7.38,7.35,7.365,210
2026-01-20 10:04:00,7.365,7.4,7.36,7.36,388
2026-01-20 10:05:00,7.365,7.3771,7.33,7.3771,247
2026-01-20 10:06:00,7.38,7.4,7.375,7.395,779
2026-01-20 10:07:00,7.3941,7.395,7.34,7.385,3051
2026-01-20 10:08:00,7.38,7.385,7.35,7.355,193
2026-01-20 10:09:00,7.36,7.39,7.36,7.365,894
2026-01-20 10:10:00,7.36,7.4,7.36,7.39,294
2026-01-20 10:11:00,7.4,7.45,7.395,7.4,877
2026-01-20 10:12:00,7.4,7.478,7.4,7.465,380
2026-01-20 10:13:00,7.465,7.475,7.41,7.4289,382
2026-01-20 10:14:00,7.425,7.49,7.42,7.485,189
2026-01-20 10:15:00,7.485,7.5,7.43,7.445,434
2026-01-20 10:16:00,7.45,7.49,7.4414,7.46,1088
2026-01-20 10:17:00,7.4686,7.48,7.455,7.47,313
2026-01-20 10:18:00,7.4758,7.55,7.4758,7.5433,1661
2026-01-20 10:19:00,7.55,7.555,7.505,7.515,926
2026-01-20 10:20:00,7.515,7.54,7.51,7.535,331
2026-01-20 10:21:00,7.535,7.57,7.535,7.57,297
2026-01-20 10:22:00,7.575,7.59,7.57,7.57,420
2026-01-20 10:23:00,7.5799,7.59,7.545,7.56,421
2026-01-20 10:24:00,7.56,7.565,7.52,7.535,143
2026-01-20 10:25:00,7.535,7.57,7.535,7.56,102
2026-01-20 10:26:00,7.565,7.595,7.555,7.555,175
2026-01-20 10:27:00,7.552,7.62,7.53,7.61,1090
2026-01-20 10:28:00,7.615,7.635,7.61,7.635,324
2026-01-20 10:29:00,7.6389,7.67,7.635,7.65,464
2026-01-20 10:30:00,7.66,7.665,7.645,7.665,509
2026-01-20 10:31:00,7.6667,7.695,7.665,7.68,316
2026-01-20 10:32:00,7.685,7.685,7.655,7.6686,311
2026-01-20 10:33:00,7.665,7.675,7.64,7.65,591
2026-01-20 10:34:00,7.655,7.71,7.6545,7.69,564
2026-01-20 10:35:00,7.6901,7.7,7.66,7.675,798
2026-01-20 10:36:00,7.675,7.675,7.62,7.645,337
2026-01-20 10:37:00,7.645,7.645,7.61,7.63,264
2026-01-20 10:38:00,7.6236,7.64,7.62,7.64,193
2026-01-20 10:39:00,7.635,7.6473,7.6008,7.605,344
2026-01-20 10:40:00,7.605,7.6098,7.58,7.58,254
2026-01-20 10:41:00,7.585,7.62,7.5642,7.615,316
2026-01-20 10:42:00,7.615,7.615,7.6,7.6,38
2026-01-20 10:43:00,7.595,7.645,7.595,7.645,206
2026-01-20 10:44:00,7.645,7.67,7.6413,7.6699,274
2026-01-20 10:45:00,7.662,7.665,7.64,7.665,337
2026-01-20 10:46:00,7.665,7.6686,7.63,7.635,150
2026-01-20 10:47:00,7.635,7.635,7.615,7.635,82
2026-01-20 10:48:00,7.6383,7.65,7.605,7.62,258
2026-01-20 10:49:00,7.615,7.615,7.6,7.605,358
2026-01-20 10:50:00,7.61,7.62,7.585,7.585,271
2026-01-20 10:51:00,7.585,7.59,7.58,7.5899,73
2026-01-20 10:52:00,7.585,7.585,7.56,7.56,122
2026-01-20 10:53:00,7.565,7.57,7.56,7.57,45
2026-01-20 10:54:00,7.57,7.59,7.55,7.555,136
2026-01-20 10:55:00,7.555,7.555,7.5,7.5,160
2026-01-20 10:56:00,7.505,7.51,7.505,7.505,77
2026-01-20 10:57:00,7.505,7.515,7.5044,7.505,115
2026-01-20 10:58:00,7.505,7.53,7.49,7.515,539
2026-01-20 10:59:00,7.52,7.52,7.455,7.456,522
2026-01-20 11:00:00,7.455,7.455,7.42,7.42,170
2026-01-20 11:01:00,7.42,7.43,7.375,7.415,706
2026-01-20 11:02:00,7.415,7.4199,7.4036,7.4199,89
2026-01-20 11:03:00,7.415,7.44,7.41,7.4345,96
2026-01-20 11:04:00,7.44,7.44,7.4366,7.4366,20
2026-01-20 11:05:00,7.435,7.435,7.405,7.405,97
2026-01-20 11:06:00,7.4099,7.41,7.39,7.405,519
2026-01-20 11:07:00,7.405,7.405,7.38,7.3982,195
2026-01-20 11:08:00,7.4,7.4,7.395,7.395,29
2026-01-20 11:09:00,7.4,7.41,7.375,7.385,235
2026-01-20 11:10:00,7.385,7.385,7.375,7.375,131
2026-01-20 11:11:00,7.37,7.405,7.36,7.385,426
2026-01-20 11:12:00,7.385,7.388,7.38,7.3872,53
2026-01-20 11:13:00,7.385,7.385,7.365,7.3686,489
2026-01-20 11:14:00,7.37,7.3899,7.365,7.3761,162
2026-01-20 11:15:00,7.3713,7.38,7.3513,7.3513,154
2026-01-20 11:16:00,7.355,7.38,7.355,7.37,316
2026-01-20 11:17:00,7.37,7.38,7.37,7.375,94
2026-01-20 11:18:00,7.3799,7.39,7.375,7.385,69
2026-01-20 11:19:00,7.38,7.4089,7.38,7.405,116
2026-01-20 11:20:00,7.41,7.42,7.405,7.41,167
2026-01-20 11:21:00,7.405,7.43,7.405,7.425,54
2026-01-20 11:22:00,7.42,7.44,7.41,7.425,298
2026-01-20 11:23:00,7.425,7.425,7.4,7.405,90
2026-01-20 11:24:00,7.405,7.405,7.385,7.385,30
2026-01-20 11:25:00,7.385,7.385,7.38,7.38,7
2026-01-20 11:26:00,7.385,7.41,7.385,7.41,67
2026-01-20 11:27:00,7.415,7.42,7.415,7.42,10
2026-01-20 11:28:00,7.415,7.44,7.415,7.44,117
2026-01-20 11:29:00,7.435,7.445,7.435,7.435,81
2026-01-20 11:30:00,7.4327,7.445,7.4327,7.445,58
2026-01-20 11:31:00,7.44,7.44,7.425,7.44,54
2026-01-20 11:32:00,7.44,7.44,7.415,7.42,259
2026-01-20 11:33:00,7.41,7.415,7.41,7.415,54
2026-01-20 11:34:00,7.415,7.415,7.36,7.38,390
2026-01-20 11:35:00,7.3837,7.405,7.38,7.385,159
2026-01-20 11:36:00,7.385,7.3886,7.385,7.385,20
2026-01-20 11:37:00,7.385,7.405,7.385,7.4,200
2026-01-20 11:38:00,7.395,7.425,7.38,7.425,120
2026-01-20 11:39:00,7.425,7.44,7.425,7.43,161
2026-01-20 11:40:00,7.44,7.46,7.44,7.4499,345
2026-01-20 11:41:00,7.45,7.455,7.44,7.44,102
2026-01-20 11:42:00,7.45,7.45,7.425,7.425,172
2026-01-20 11:43:00,7.43,7.43,7.425,7.43,14
2026-01-20 11:44:00,7.4298,7.4298,7.415,7.415,228
2026-01-20 11:45:00,7.415,7.425,7.405,7.405,121
2026-01-20 11:46:00,7.405,7.4099,7.405,7.405,7
2026-01-20 11:47:00,7.405,7.405,7.39,7.3993,251
2026-01-20 11:48:00,7.395,7.405,7.395,7.405,122
2026-01-20 11:49:00,7.4086,7.41,7.4,7.405,144
2026-01-20 11:50:00,7.41,7.415,7.395,7.405,231
2026-01-20 11:51:00,7.395,7.395,7.39,7.395,73
2026-01-20 11:52:00,7.395,7.405,7.395,7.4,182
2026-01-20 11:53:00,7.405,7.405,7.4,7.405,19
2026-01-20 11:54:00,7.405,7.4082,7.395,7.395,130
2026-01-20 11:55:00,7.395,7.4067,7.3946,7.4067,58
2026-01-20 11:56:00,7.41,7.43,7.41,7.43,131
2026-01-20 11:57:00,7.43,7.4351,7.415,7.425,290
2026-01-20 11:58:00,7.4214,7.44,7.41,7.42,133
2026-01-20 11:59:00,7.42,7.425,7.415,7.42,44
2026-01-20 12:00:00,7.42,7.44,7.415,7.44,110
2026-01-20 12:01:00,7.44,7.455,7.435,7.45,88
2026-01-20 12:02:00,7.455,7.46,7.4446,7.455,291
2026-01-20 12:03:00,7.4546,7.5,7.4546,7.4745,423
2026-01-20 12:04:00,7.475,7.48,7.47,7.475,355
2026-01-20 12:05:00,7.475,7.5,7.475,7.5,48
2026-01-20 12:06:00,7.5,7.515,7.48,7.485,383
2026-01-20 12:07:00,7.485,7.4898,7.48,7.4898,9
2026-01-20 12:08:00,7.485,7.56,7.485,7.555,643
2026-01-20 12:09:00,7.55,7.58,7.55,7.575,558
2026-01-20 12:10:00,7.575,7.5753,7.56,7.575,307
2026-01-20 12:11:00,7.5733,7.59,7.5733,7.59,206
2026-01-20 12:12:00,7.585,7.6,7.58,7.585,807
2026-01-20 12:13:00,7.585,7.595,7.57,7.595,297
2026-01-20 12:14:00,7.59,7.66,7.59,7.66,603
2026-01-20 12:15:00,7.66,7.778,7.66,7.775,1807
2026-01-20 12:16:00,7.7799,7.8,7.77,7.79,565
2026-01-20 12:17:00,7.79,7.8,7.7413,7.78,1674
2026-01-20 12:18:00,7.78,7.79,7.7,7.705,2509
2026-01-20 12:19:00,7.7099,7.72,7.68,7.695,804
2026-01-20 12:20:00,7.6946,7.75,7.6909,7.73,1273
2026-01-20 12:21:00,7.735,7.7399,7.71,7.735,258
2026-01-20 12:22:00,7.7346,7.74,7.7,7.705,974
2026-01-20 12:23:00,7.705,7.725,7.69,7.725,662
2026-01-20 12:24:00,7.725,7.73,7.71,7.7297,226
2026-01-20 12:25:00,7.73,7.73,7.695,7.71,287
2026-01-20 12:26:00,7.72,7.725,7.71,7.715,201
2026-01-20 12:27:00,7.71,7.715,7.67,7.695,377
2026-01-20 12:28:00,7.7,7.75,7.7,7.725,357
2026-01-20 12:29:00,7.73,7.74,7.7,7.705,382
2026-01-20 12:30:00,7.705,7.715,7.69,7.7,197
2026-01-20 12:31:00,7.7,7.73,7.65,7.655,857
2026-01-20 12:32:00,7.655,7.66,7.61,7.615,178
2026-01-20 12:33:00,7.615,7.63,7.615,7.62,64
2026-01-20 12:34:00,7.615,7.64,7.615,7.625,250
2026-01-20 12:35:00,7.625,7.68,7.6,7.68,186
2026-01-20 12:36:00,7.685,7.7,7.665,7.6943,190
2026-01-20 12:37:00,7.695,7.6984,7.68,7.6842,191
2026-01-20 12:38:00,7.685,7.69,7.68,7.68,80
2026-01-20 12:39:00,7.6853,7.6853,7.66,7.6763,390
2026-01-20 12:40:00,7.6745,7.7,7.6745,7.6983,198
2026-01-20 12:41:00,7.6968,7.7,7.68,7.685,321
2026-01-20 12:42:00,7.6896,7.7775,7.6848,7.7775,624
2026-01-20 12:43:00,7.78,7.785,7.73,7.765,1927
2026-01-20 12:44:00,7.765,7.77,7.74,7.75,800
2026-01-20 12:45:00,7.7586,7.7586,7.73,7.7386,250
2026-01-20 12:46:00,7.7399,7.755,7.7,7.7017,702
2026-01-20 12:47:00,7.7099,7.71,7.6903,7.705,650
2026-01-20 12:48:00,7.7,7.7,7.665,7.665,269
2026-01-20 12:49:00,7.66,7.668,7.66,7.666,39
2026-01-20 12:50:00,7.665,7.6699,7.6616,7.665,49
2026-01-20 12:51:00,7.665,7.69,7.665,7.68,351
2026-01-20 12:52:00,7.685,7.695,7.685,7.6913,111
2026-01-20 12:53:00,7.6915,7.72,7.67,7.72,562
2026-01-20 12:54:00,7.71,7.75,7.71,7.7412,507
2026-01-20 12:55:00,7.7492,7.76,7.7326,7.735,1080
2026-01-20 12:56:00,7.735,7.745,7.73,7.74,262
2026-01-20 12:57:00,7.7322,7.76,7.7322,7.755,254
2026-01-20 12:58:00,7.75,7.75,7.73,7.7487,221
2026-01-20 12:59:00,7.7499,7.75,7.74,7.7454,249
2026-01-20 13:00:00,7.745,7.745,7.7391,7.7391,68
2026-01-20 13:01:00,7.7354,7.75,7.7307,7.7307,454
2026-01-20 13:02:00,7.73,7.73,7.725,7.7258,105
2026-01-20 13:03:00,7.724,7.735,7.724,7.735,135
2026-01-20 13:04:00,7.735,7.7463,7.735,7.735,257
2026-01-20 13:05:00,7.7373,7.74,7.735,7.7373,49
2026-01-20 13:06:00,7.7373,7.75,7.7373,7.74,181
2026-01-20 13:07:00,7.74,7.75,7.74,7.745,126
2026-01-20 13:08:00,7.75,7.75,7.74,7.75,86
2026-01-20 13:09:00,7.745,7.745,7.72,7.7387,596
2026-01-20 13:10:00,7.735,7.745,7.71,7.735,268
2026-01-20 13:11:00,7.73,7.74,7.73,7.74,81
2026-01-20 13:12:00,7.74,7.74,7.73,7.735,118
2026-01-20 13:13:00,7.7399,7.74,7.715,7.715,165
2026-01-20 13:14:00,7.715,7.73,7.705,7.725,296
2026-01-20 13:15:00,7.725,7.725,7.695,7.7,420
2026-01-20 13:16:00,7.71,7.71,7.695,7.705,53
2026-01-20 13:17:00,7.7048,7.76,7.7,7.75,902
2026-01-20 13:18:00,7.7355,7.755,7.73,7.7494,857
2026-01-20 13:19:00,7.75,7.77,7.74,7.7498,613
2026-01-20 13:20:00,7.745,7.765,7.74,7.745,98
2026-01-20 13:21:00,7.745,7.75,7.745,7.75,69
2026-01-20 13:22:00,7.75,7.75,7.745,7.7484,140
2026-01-20 13:23:00,7.745,7.75,7.73,7.74,321
2026-01-20 13:24:00,7.74,7.745,7.73,7.745,213
2026-01-20 13:25:00,7.745,7.745,7.73,7.735,200
2026-01-20 13:26:00,7.735,7.735,7.705,7.73,219
2026-01-20 13:27:00,7.73,7.74,7.72,7.735,112
2026-01-20 13:28:00,7.7337,7.745,7.73,7.745,174
2026-01-20 13:29:00,7.745,7.75,7.735,7.74,98
2026-01-20 13:30:00,7.735,7.735,7.72,7.725,64
2026-01-20 13:31:00,7.7287,7.7287,7.7201,7.725,27
2026-01-20 13:32:00,7.72,7.745,7.72,7.725,116
2026-01-20 13:33:00,7.7299,7.7299,7.705,7.705,89
2026-01-20 13:34:00,7.7045,7.71,7.7,7.705,31
2026-01-20 13:35:00,7.705,7.71,7.7,7.71,47
2026-01-20 13:36:00,7.71,7.71,7.705,7.705,48
2026-01-20 13:37:00,7.705,7.705,7.695,7.7,168
2026-01-20 13:38:00,7.7099,7.7099,7.7099,7.7099,5
2026-01-20 13:39:00,7.705,7.725,7.705,7.715,66
2026-01-20 13:40:00,7.715,7.72,7.7,7.705,210
2026-01-20 13:41:00,7.7,7.7,7.6829,7.6899,81
2026-01-20 13:42:00,7.6899,7.6899,7.6899,7.6899,0
2026-01-20 13:43:00,7.685,7.695,7.685,7.695,23
2026-01-20 13:44:00,7.695,7.7,7.69,7.7,41
2026-01-20 13:45:00,7.7,7.71,7.7,7.705,21
2026-01-20 13:46:00,7.71,7.71,7.69,7.69,299
2026-01-20 13:47:00,7.69,7.69,7.68,7.68,18
2026-01-20 13:48:00,7.6846,7.695,7.6846,7.695,122
2026-01-20 13:49:00,7.695,7.695,7.695,7.695,1
2026-01-20 13:50:00,7.695,7.695,7.68,7.68,121
2026-01-20 13:51:00,7.685,7.699,7.685,7.699,70
2026-01-20 13:52:00,7.6937,7.72,7.69,7.715,242
2026-01-20 13:53:00,7.7199,7.7199,7.7,7.7,246
2026-01-20 13:54:00,7.7,7.705,7.695,7.695,115
2026-01-20 13:55:00,7.695,7.7,7.695,7.695,18
2026-01-20 13:56:00,7.7,7.705,7.6982,7.705,96
2026-01-20 13:57:00,7.71,7.715,7.705,7.715,93
2026-01-20 13:58:00,7.71,7.74,7.71,7.7163,379
2026-01-20 13:59:00,7.715,7.725,7.71,7.725,61
2026-01-20 14:00:00,7.715,7.73,7.715,7.73,34
2026-01-20 14:01:00,7.725,7.725,7.7,7.7142,539
2026-01-20 14:02:00,7.715,7.715,7.715,7.715,6
2026-01-20 14:03:00,7.715,7.725,7.705,7.725,459
2026-01-20 14:04:00,7.729,7.7386,7.7271,7.7386,48
2026-01-20 14:05:00,7.73,7.73,7.72,7.725,73
2026-01-20 14:06:00,7.72,7.72,7.71,7.71,90
2026-01-20 14:07:00,7.71,7.72,7.71,7.72,22
2026-01-20 14:08:00,7.72,7.725,7.715,7.7181,251
2026-01-20 14:09:00,7.7195,7.7195,7.6949,7.695,108
2026-01-20 14:10:00,7.695,7.715,7.695,7.715,96
2026-01-20 14:11:00,7.715,7.73,7.715,7.715,118
2026-01-20 14:12:00,7.715,7.72,7.71,7.71,375
2026-01-20 14:13:00,7.705,7.71,7.7,7.7,542
2026-01-20 14:14:00,7.7,7.71,7.695,7.695,357
2026-01-20 14:15:00,7.695,7.7,7.675,7.6876,291
2026-01-20 14:16:00,7.685,7.6887,7.68,7.68,275
2026-01-20 14:17:00,7.675,7.675,7.665,7.665,150
2026-01-20 14:18:00,7.665,7.665,7.66,7.66,9
2026-01-20 14:19:00,7.66,7.675,7.66,7.66,198
2026-01-20 14:20:00,7.665,7.665,7.66,7.665,42
2026-01-20 14:21:00,7.665,7.67,7.655,7.655,75
2026-01-20 14:22:00,7.655,7.675,7.645,7.675,244
2026-01-20 14:23:00,7.675,7.68,7.67,7.68,12
2026-01-20 14:24:00,7.67,7.69,7.67,7.6739,321
2026-01-20 14:25:00,7.675,7.68,7.672,7.675,96
2026-01-20 14:26:00,7.6716,7.68,7.6716,7.68,21
2026-01-20 14:27:00,7.6799,7.685,7.675,7.675,99
2026-01-20 14:28:00,7.675,7.68,7.67,7.675,202
2026-01-20 14:29:00,7.6716,7.68,7.665,7.665,165
2026-01-20 14:30:00,7.66,7.665,7.635,7.635,104
2026-01-20 14:31:00,7.635,7.635,7.62,7.635,435
2026-01-20 14:32:00,7.635,7.65,7.63,7.632,111
2026-01-20 14:33:00,7.635,7.635,7.6116,7.615,176
2026-01-20 14:34:00,7.611,7.63,7.611,7.625,509
2026-01-20 14:35:00,7.625,7.625,7.62,7.625,7
2026-01-20 14:36:00,7.625,7.65,7.62,7.645,357
2026-01-20 14:37:00,7.65,7.65,7.6445,7.65,48
2026-01-20 14:38:00,7.65,7.67,7.65,7.655,251
2026-01-20 14:39:00,7.658,7.665,7.655,7.6643,54
2026-01-20 14:40:00,7.67,7.675,7.6667,7.675,147
2026-01-20 14:41:00,7.675,7.685,7.67,7.6761,684
2026-01-20 14:42:00,7.675,7.68,7.665,7.675,487
2026-01-20 14:43:00,7.675,7.675,7.6746,7.675,46
2026-01-20 14:44:00,7.675,7.675,7.6425,7.645,175
2026-01-20 14:45:00,7.645,7.645,7.635,7.635,110
2026-01-20 14:46:00,7.635,7.635,7.625,7.625,192
2026-01-20 14:47:00,7.625,7.6499,7.625,7.6443,193
2026-01-20 14:48:00,7.6463,7.655,7.645,7.655,75
2026-01-20 14:49:00,7.655,7.66,7.655,7.66,253
2026-01-20 14:50:00,7.66,7.66,7.645,7.645,130
2026-01-20 14:51:00,7.645,7.645,7.6,7.615,572
2026-01-20 14:52:00,7.61,7.6186,7.61,7.618,25
2026-01-20 14:53:00,7.615,7.635,7.615,7.635,114
2026-01-20 14:54:00,7.64,7.64,7.635,7.635,44
2026-01-20 14:55:00,7.64,7.64,7.61,7.615,196
2026-01-20 14:56:00,7.615,7.615,7.6,7.605,168
2026-01-20 14:57:00,7.605,7.605,7.6,7.605,36
2026-01-20 14:58:00,7.605,7.64,7.6,7.62,438
2026-01-20 14:59:00,7.615,7.63,7.61,7.63,112
2026-01-20 15:00:00,7.63,7.63,7.611,7.615,77
2026-01-20 15:01:00,7.615,7.635,7.615,7.625,252
2026-01-20 15:02:00,7.6201,7.64,7.6201,7.625,379
2026-01-20 15:03:00,7.625,7.645,7.62,7.6329,513
2026-01-20 15:04:00,7.635,7.6499,7.635,7.64,191
2026-01-20 15:05:00,7.635,7.635,7.63,7.635,73
2026-01-20 15:06:00,7.635,7.6363,7.63,7.635,58
2026-01-20 15:07:00,7.63,7.63,7.595,7.615,487
2026-01-20 15:08:00,7.615,7.63,7.615,7.625,100
2026-01-20 15:09:00,7.625,7.63,7.62,7.6233,176
2026-01-20 15:10:00,7.62,7.625,7.5813,7.5901,799
2026-01-20 15:11:00,7.5982,7.6,7.585,7.595,314
2026-01-20 15:12:00,7.595,7.5983,7.595,7.595,14
2026-01-20 15:13:00,7.595,7.6,7.595,7.595,104
2026-01-20 15:14:00,7.595,7.6263,7.595,7.62,351
2026-01-20 15:15:00,7.62,7.625,7.6,7.6,473
2026-01-20 15:16:00,7.5972,7.63,7.595,7.625,170
2026-01-20 15:17:00,7.625,7.635,7.62,7.625,514
2026-01-20 15:18:00,7.625,7.625,7.6101,7.62,128
2026-01-20 15:19:00,7.615,7.635,7.615,7.635,213
2026-01-20 15:20:00,7.64,7.67,7.64,7.66,251
2026-01-20 15:21:00,7.66,7.6637,7.65,7.65,414
2026-01-20 15:22:00,7.645,7.6485,7.645,7.645,15
2026-01-20 15:23:00,7.645,7.645,7.64,7.64,25
2026-01-20 15:24:00,7.645,7.6486,7.64,7.64,20
2026-01-20 15:25:00,7.645,7.66,7.645,7.655,185
2026-01-20 15:26:00,7.655,7.66,7.65,7.66,80
2026-01-20 15:27:00,7.655,7.66,7.65,7.655,60
2026-01-20 15:28:00,7.655,7.67,7.65,7.65,333
2026-01-20 15:29:00,7.655,7.66,7.65,7.66,106
2026-01-20 15:30:00,7.655,7.6597,7.65,7.65,111
2026-01-20 15:31:00,7.65,7.66,7.65,7.66,31
2026-01-20 15:32:00,7.655,7.665,7.645,7.66,433
2026-01-20 15:33:00,7.665,7.68,7.66,7.67,271
2026-01-20 15:34:00,7.675,7.68,7.67,7.675,168
2026-01-20 15:35:00,7.68,7.68,7.66,7.675,305
2026-01-20 15:36:00,7.675,7.72,7.675,7.705,1168
2026-01-20 15:37:00,7.7046,7.705,7.69,7.705,422
2026-01-20 15:38:00,7.7099,7.7099,7.69,7.7058,286
2026-01-20 15:39:00,7.7055,7.735,7.702,7.72,484
2026-01-20 15:40:00,7.7146,7.7193,7.71,7.715,42
2026-01-20 15:41:00,7.7117,7.7299,7.71,7.72,381
2026-01-20 15:42:00,7.715,7.72,7.71,7.715,159
2026-01-20 15:43:00,7.71,7.712,7.695,7.695,340
2026-01-20 15:44:00,7.695,7.72,7.695,7.715,273
2026-01-20 15:45:00,7.715,7.72,7.71,7.72,512
2026-01-20 15:46:00,7.72,7.72,7.715,7.7199,106
2026-01-20 15:47:00,7.72,7.74,7.72,7.735,921
2026-01-20 15:48:00,7.735,7.735,7.71,7.715,884
2026-01-20 15:49:00,7.715,7.735,7.7101,7.7183,796
2026-01-20 15:50:00,7.71,7.74,7.705,7.7399,685
2026-01-20 15:51:00,7.74,7.75,7.725,7.725,1565
2026-01-20 15:52:00,7.725,7.735,7.7245,7.725,322
2026-01-20 15:53:00,7.73,7.7399,7.695,7.715,1733
2026-01-20 15:54:00,7.715,7.72,7.67,7.67,1088
2026-01-20 15:55:00,7.675,7.715,7.665,7.715,1607
2026-01-20 15:56:00,7.715,7.73,7.68,7.7251,2386
2026-01-20 15:57:00,7.725,7.73,7.7,7.73,2182
2026-01-20 15:58:00,7.725,7.75,7.725,7.75,1618
2026-01-20 15:59:00,7.75,7.77,7.74,7.765,2813
2026-01-21 09:30:00,7.79,7.85,7.75,7.81,1417
2026-01-21 09:31:00,7.798,8.0,7.78,7.9763,2039
2026-01-21 09:32:00,7.954,8.1,7.935,7.99,3514
2026-01-21 09:33:00,8.0,8.1,7.9584,8.0,1695
2026-01-21 09:34:00,7.99,8.018,7.98,7.985,539
2026-01-21 09:35:00,7.979,7.995,7.96,7.9829,459
2026-01-21 09:36:00,7.985,8.0,7.97,8.0,1164
2026-01-21 09:37:00,7.99,8.1,7.984,8.0799,967
2026-01-21 09:38:00,8.0799,8.135,8.07,8.0982,538
2026-01-21 09:39:00,8.095,8.17,8.09,8.1466,716
2026-01-21 09:40:00,8.166,8.166,8.11,8.12,479
2026-01-21 09:41:00,8.12,8.135,8.1,8.125,207
2026-01-21 09:42:00,8.125,8.13,8.08,8.1,649
2026-01-21 09:43:00,8.1,8.111,8.08,8.085,404
2026-01-21 09:44:00,8.09,8.1,8.04,8.055,362
2026-01-21 09:45:00,8.06,8.0999,8.055,8.055,174
2026-01-21 09:46:00,8.055,8.08,8.045,8.07,116
2026-01-21 09:47:00,8.0651,8.075,8.05,8.073,94
2026-01-21 09:48:00,8.07,8.08,8.055,8.07,162
2026-01-21 09:49:00,8.06,8.095,8.06,8.08,121
2026-01-21 09:50:00,8.08,8.08,8.03,8.045,249
2026-01-21 09:51:00,8.04,8.06,8.04,8.05,77
2026-01-21 09:52:00,8.05,8.059,8.03,8.05,128
2026-01-21 09:53:00,8.04,8.04,7.94,7.94,444
2026-01-21 09:54:00,7.94,7.9445,7.91,7.9312,98
2026-01-21 09:55:00,7.93,7.94,7.92,7.9254,67
2026-01-21 09:56:00,7.925,7.93,7.87,7.87,474
2026-01-21 09:57:00,7.87,7.895,7.865,7.869,217
2026-01-21 09:58:00,7.87,7.87,7.8509,7.86,74
2026-01-21 09:59:00,7.8501,7.8788,7.8501,7.868,78
2026-01-21 10:00:00,7.855,7.9174,7.84,7.915,343
2026-01-21 10:01:00,7.915,7.975,7.915,7.96,241
2026-01-21 10:02:00,7.96,7.995,7.945,7.97,370
2026-01-21 10:03:00,7.97,7.975,7.94,7.94,322
2026-01-21 10:04:00,7.935,7.96,7.935,7.9488,148
2026-01-21 10:05:00,7.945,7.945,7.9309,7.935,121
2026-01-21 10:06:00,7.94,7.98,7.94,7.97,88
2026-01-21 10:07:00,7.9699,7.9878,7.96,7.9768,256
2026-01-21 10:08:00,7.97,7.975,7.9601,7.9746,75
2026-01-21 10:09:00,7.975,8.03,7.9645,8.025,333
2026-01-21 10:10:00,8.025,8.04,8.01,8.03,214
2026-01-21 10:11:00,8.0183,8.065,8.01,8.065,141
2026-01-21 10:12:00,8.065,8.09,8.06,8.07,156
2026-01-21 10:13:00,8.0673,8.069,8.04,8.05,140
2026-01-21 10:14:00,8.04,8.075,8.04,8.075,148
2026-01-21 10:15:00,8.08,8.1,8.0731,8.095,947
2026-01-21 10:16:00,8.095,8.115,8.07,8.07,554
2026-01-21 10:17:00,8.08,8.08,8.035,8.035,139
2026-01-21 10:18:00,8.03,8.06,8.02,8.055,96
2026-01-21 10:19:00,8.05,8.05,8.04,8.045,103
2026-01-21 10:20:00,8.045,8.045,8.04,8.045,13
2026-01-21 10:21:00,8.045,8.045,8.001,8.001,141
2026-01-21 10:22:00,8.01,8.015,8.0,8.0,30
2026-01-21 10:23:00,8.002,8.02,7.97,7.98,121
2026-01-21 10:24:00,7.98,7.99,7.98,7.99,14
2026-01-21 10:25:00,7.985,8.01,7.985,8.01,60
2026-01-21 10:26:00,8.005,8.005,7.975,7.975,73
2026-01-21 10:27:00,7.97,7.97,7.95,7.96,16
2026-01-21 10:28:00,7.955,7.955,7.93,7.93,126
2026-01-21 10:29:00,7.93,7.935,7.91,7.915,108
2026-01-21 10:30:00,7.912,7.925,7.895,7.905,192
2026-01-21 10:31:00,7.9,7.915,7.8993,7.915,64
2026-01-21 10:32:00,7.915,7.95,7.915,7.945,137
2026-01-21 10:33:00,7.945,8.0,7.9347,8.0,137
2026-01-21 10:34:00,7.995,7.995,7.9611,7.97,124
2026-01-21 10:35:00,7.975,8.01,7.975,8.005,77
2026-01-21 10:36:00,8.005,8.0293,8.0,8.0159,358
2026-01-21 10:37:00,8.02,8.025,8.02,8.025,30
2026-01-21 10:38:00,8.025,8.045,8.025,8.045,85
2026-01-21 10:39:00,8.05,8.055,8.05,8.055,163
2026-01-21 10:40:00,8.055,8.0599,8.05,8.0514,39
2026-01-21 10:41:00,8.06,8.08,8.03,8.0794,929
2026-01-21 10:42:00,8.075,8.085,8.075,8.0801,82
2026-01-21 10:43:00,8.085,8.105,8.0834,8.105,233
2026-01-21 10:44:00,8.105,8.11,8.1,8.105,146
2026-01-21 10:45:00,8.105,8.115,8.08,8.085,393
2026-01-21 10:46:00,8.09,8.1,8.08,8.1,54
2026-01-21 10:47:00,8.105,8.105,8.095,8.095,13
2026-01-21 10:48:00,8.095,8.095,8.085,8.085,196
2026-01-21 10:49:00,8.085,8.095,8.085,8.095,29
2026-01-21 10:50:00,8.09,8.09,8.07,8.075,195
2026-01-21 10:51:00,8.075,8.0794,8.0706,8.075,105
2026-01-21 10:52:00,8.075,8.1,8.075,8.095,95
2026-01-21 10:53:00,8.095,8.1,8.09,8.095,58
2026-01-21 10:54:00,8.095,8.1,8.045,8.045,193
2026-01-21 10:55:00,8.05,8.07,8.045,8.065,141
2026-01-21 10:56:00,8.065,8.065,8.0607,8.0608,65
2026-01-21 10:57:00,8.07,8.07,8.045,8.05,110
2026-01-21 10:58:00,8.055,8.06,8.03,8.03,543
2026-01-21 10:59:00,8.0294,8.0294,7.995,8.015,231
2026-01-21 11:00:00,8.015,8.015,7.98,8.0,211
2026-01-21 11:01:00,8.005,8.015,7.995,8.01,123
2026-01-21 11:02:00,8.005,8.01,8.0,8.0015,23
2026-01-21 11:03:00,8.005,8.015,8.005,8.0099,120
2026-01-21 11:04:00,8.0099,8.01,8.005,8.01,50
2026-01-21 11:05:00,8.01,8.01,8.005,8.005,2
2026-01-21 11:06:00,8.005,8.01,8.005,8.01,9
2026-01-21 11:07:00,8.01,8.05,8.01,8.045,219
2026-01-21 11:08:00,8.045,8.05,8.04,8.045,102
2026-01-21 11:09:00,8.045,8.05,8.0191,8.02,219
2026-01-21 11:10:00,8.02,8.0299,8.0106,8.0299,31
2026-01-21 11:11:00,8.02,8.0233,8.015,8.015,20
2026-01-21 11:12:00,8.015,8.025,8.005,8.02,164
2026-01-21 11:13:00,8.01,8.025,8.01,8.015,131
2026-01-21 11:14:00,8.02,8.025,8.0137,8.0137,50
2026-01-21 11:15:00,8.015,8.02,8.005,8.02,141
2026-01-21 11:16:00,8.015,8.019,8.015,8.015,23
2026-01-21 11:17:00,8.0101,8.015,7.995,7.995,150
2026-01-21 11:18:00,7.995,8.015,7.995,8.015,61
2026-01-21 11:19:00,8.01,8.03,8.0049,8.03,111
2026-01-21 11:20:00,8.02,8.02,8.005,8.005,78
2026-01-21 11:21:00,8.01,8.01,8.0,8.005,158
2026-01-21 11:22:00,8.005,8.005,7.9801,7.99,204
2026-01-21 11:23:00,7.99,7.995,7.985,7.995,39
2026-01-21 11:24:00,8.0,8.005,7.995,7.995,252
2026-01-21 11:25:00,8.0,8.0,7.985,7.995,70
2026-01-21 11:26:00,7.995,7.995,7.99,7.995,215
2026-01-21 11:27:00,7.995,7.995,7.995,7.995,15
2026-01-21 11:28:00,7.9971,8.005,7.9971,8.005,126
2026-01-21 11:29:00,8.005,8.0055,8.0,8.0,36
2026-01-21 11:30:00,8.0007,8.005,8.0,8.005,123
2026-01-21 11:31:00,8.005,8.005,7.985,7.985,269
2026-01-21 11:32:00,7.985,7.9854,7.985,7.9854,128
2026-01-21 11:33:00,7.985,7.99,7.985,7.985,54
2026-01-21 11:34:00,7.985,7.99,7.9814,7.985,26
2026-01-21 11:35:00,7.985,7.99,7.985,7.985,30
2026-01-21 11:36:00,7.9813,7.99,7.9813,7.985,51
2026-01-21 11:37:00,7.985,7.99,7.975,7.985,582
2026-01-21 11:38:00,7.985,7.9892,7.98,7.985,31
2026-01-21 11:39:00,7.99,7.99,7.985,7.985,61
2026-01-21 11:40:00,7.985,7.99,7.985,7.985,52
2026-01-21 11:41:00,7.99,7.99,7.9811,7.99,59
2026-01-21 11:42:00,7.985,7.99,7.985,7.985,114
2026-01-21 11:43:00,7.99,7.99,7.98,7.98,23
2026-01-21 11:44:00,7.98,7.99,7.98,7.9812,170
2026-01-21 11:45:00,7.985,7.995,7.975,7.975,205
2026-01-21 11:46:00,7.975,7.985,7.975,7.985,52
2026-01-21 11:47:00,7.9863,7.99,7.9807,7.99,22
2026-01-21 11:48:00,7.99,8.005,7.98,7.985,253
2026-01-21 11:49:00,7.99,8.0,7.985,7.995,149
2026-01-21 11:50:00,7.9999,8.0,7.99,8.0,67
2026-01-21 11:51:00,7.995,8.0,7.99,7.995,113
2026-01-21 11:52:00,7.995,7.995,7.975,7.985,156
2026-01-21 11:53:00,7.985,7.985,7.9518,7.96,244
2026-01-21 11:54:00,7.965,7.9688,7.965,7.965,24
2026-01-21 11:55:00,7.965,7.97,7.965,7.97,6
2026-01-21 11:56:00,7.965,7.97,7.93,7.93,157
2026-01-21 11:57:00,7.936,7.94,7.9117,7.915,104
2026-01-21 11:58:00,7.915,7.92,7.91,7.92,126
2026-01-21 11:59:00,7.9102,7.9197,7.89,7.9197,125
2026-01-21 12:00:00,7.915,7.9799,7.915,7.9786,445
2026-01-21 12:01:00,7.98,7.9903,7.975,7.99,70
2026-01-21 12:02:00,7.985,7.9988,7.985,7.985,87
2026-01-21 12:03:00,7.985,7.995,7.985,7.995,43
2026-01-21 12:04:00,8.0,8.0,7.9911,8.0,17
2026-01-21 12:05:00,7.995,8.0,7.9942,8.0,20
2026-01-21 12:06:00,7.995,8.0,7.985,7.99,61
2026-01-21 12:07:00,7.985,7.985,7.9801,7.9801,22
2026-01-21 12:08:00,7.985,7.985,7.97,7.97,111
2026-01-21 12:09:00,7.965,7.965,7.965,7.965,7
2026-01-21 12:10:00,7.965,7.98,7.965,7.975,68
2026-01-21 12:11:00,7.975,7.9799,7.97,7.97,61
2026-01-21 12:12:00,7.975,7.98,7.97,7.97,42
2026-01-21 12:13:00,7.975,7.975,7.965,7.965,70
2026-01-21 12:14:00,7.9686,7.9686,7.945,7.945,76
2026-01-21 12:15:00,7.95,7.955,7.9446,7.945,53
2026-01-21 12:16:00,7.945,7.945,7.915,7.935,122
2026-01-21 12:17:00,7.94,7.95,7.93,7.935,55
2026-01-21 12:18:00,7.935,7.95,7.92,7.92,165
2026-01-21 12:19:00,7.925,7.935,7.915,7.935,102
2026-01-21 12:20:00,7.935,7.935,7.935,7.935,3
2026-01-21 12:21:00,7.935,7.945,7.93,7.94,66
2026-01-21 12:22:00,7.945,7.97,7.945,7.97,66
2026-01-21 12:23:00,7.97,7.98,7.964,7.975,88
2026-01-21 12:24:00,7.98,8.0,7.97,8.0,134
2026-01-21 12:25:00,7.995,8.0,7.945,7.945,318
2026-01-21 12:26:00,7.945,7.945,7.905,7.905,127
2026-01-21 12:27:00,7.905,7.93,7.905,7.93,29
2026-01-21 12:28:00,7.94,7.96,7.94,7.96,147
2026-01-21 12:29:00,7.955,7.955,7.93,7.94,78
2026-01-21 12:30:00,7.93,7.93,7.925,7.925,38
2026-01-21 12:31:00,7.925,7.925,7.9,7.905,193
2026-01-21 12:32:00,7.91,7.92,7.9,7.91,149
2026-01-21 12:33:00,7.905,7.91,7.8947,7.8947,93
2026-01-21 12:34:00,7.895,7.9,7.86,7.875,1761
2026-01-21 12:35:00,7.88,7.89,7.8699,7.8699,90
2026-01-21 12:36:00,7.865,7.89,7.865,7.89,110
2026-01-21 12:37:00,7.89,7.89,7.8701,7.885,67
2026-01-21 12:38:00,7.8861,7.89,7.8712,7.8852,64
2026-01-21 12:39:00,7.8899,7.92,7.8899,7.92,98
2026-01-21 12:40:00,7.925,7.93,7.92,7.9216,18
2026-01-21 12:41:00,7.925,7.93,7.92,7.93,18
2026-01-21 12:42:00,7.93,7.935,7.9281,7.935,64
2026-01-21 12:43:00,7.935,7.96,7.935,7.95,228
2026-01-21 12:44:00,7.945,7.945,7.925,7.925,66
2026-01-21 12:45:00,7.92,7.92,7.915,7.915,17
2026-01-21 12:46:00,7.915,7.92,7.9127,7.92,144
2026-01-21 12:47:00,7.92,7.9502,7.92,7.9446,179
2026-01-21 12:48:00,7.95,7.95,7.94,7.945,39
2026-01-21 12:49:00,7.945,7.945,7.93,7.935,19
2026-01-21 12:50:00,7.935,7.94,7.915,7.935,112
2026-01-21 12:51:00,7.935,7.95,7.935,7.95,128
2026-01-21 12:52:00,7.95,7.95,7.945,7.95,34
2026-01-21 12:53:00,7.95,7.95,7.9411,7.9436,19
2026-01-21 12:54:00,7.95,7.95,7.945,7.945,20
2026-01-21 12:55:00,7.9496,7.95,7.94,7.945,45
2026-01-21 12:56:00,7.9498,7.95,7.945,7.945,33
2026-01-21 12:57:00,7.945,7.95,7.945,7.945,18
2026-01-21 12:58:00,7.9415,7.95,7.92,7.925,232
2026-01-21 12:59:00,7.925,7.925,7.915,7.915,19
2026-01-21 13:00:00,7.915,7.915,7.8998,7.8998,59
2026-01-21 13:01:00,7.8901,7.895,7.88,7.89,52
2026-01-21 13:02:00,7.88,7.885,7.88,7.885,15
2026-01-21 13:03:00,7.88,7.88,7.86,7.86,88
2026-01-21 13:04:00,7.8699,7.87,7.865,7.87,24
2026-01-21 13:05:00,7.87,7.87,7.865,7.8699,37
2026-01-21 13:06:00,7.87,7.89,7.865,7.89,50
2026-01-21 13:07:00,7.885,7.89,7.8801,7.885,33
2026-01-21 13:08:00,7.885,7.89,7.885,7.885,5
2026-01-21 13:09:00,7.885,7.885,7.865,7.865,99
2026-01-21 13:10:00,7.87,7.89,7.87,7.8899,71
2026-01-21 13:11:00,7.885,7.8854,7.885,7.8854,5
2026-01-21 13:12:00,7.885,7.89,7.88,7.885,47
2026-01-21 13:13:00,7.8813,7.885,7.865,7.869,113
2026-01-21 13:14:00,7.865,7.8676,7.85,7.865,249
2026-01-21 13:15:00,7.8655,7.8655,7.84,7.8401,135
2026-01-21 13:16:00,7.845,7.845,7.845,7.845,4
2026-01-21 13:17:00,7.845,7.85,7.845,7.85,71
2026-01-21 13:18:00,7.855,7.86,7.855,7.855,65
2026-01-21 13:19:00,7.855,7.8601,7.855,7.8601,38
2026-01-21 13:20:00,7.855,7.855,7.855,7.855,12
2026-01-21 13:21:00,7.855,7.8587,7.83,7.835,116
2026-01-21 13:22:00,7.835,7.845,7.835,7.845,21
2026-01-21 13:23:00,7.84,7.84,7.835,7.835,55
2026-01-21 13:24:00,7.835,7.835,7.83,7.83,30
2026-01-21 13:25:00,7.8268,7.8268,7.825,7.825,16
2026-01-21 13:26:00,7.825,7.83,7.82,7.82,9
2026-01-21 13:27:00,7.825,7.835,7.825,7.825,70
2026-01-21 13:28:00,7.825,7.825,7.825,7.825,6
2026-01-21 13:29:00,7.82,7.82,7.815,7.815,17
2026-01-21 13:30:00,7.815,7.82,7.815,7.82,11
2026-01-21 13:31:00,7.815,7.83,7.815,7.825,61
2026-01-21 13:32:00,7.825,7.83,7.825,7.83,29
2026-01-21 13:33:00,7.83,7.895,7.8273,7.88,519
2026-01-21 13:34:00,7.88,7.885,7.88,7.885,20
2026-01-21 13:35:00,7.89,7.89,7.88,7.89,52
2026-01-21 13:36:00,7.89,7.955,7.885,7.95,238
2026-01-21 13:37:00,7.95,7.96,7.9304,7.94,313
2026-01-21 13:38:00,7.9347,7.94,7.925,7.925,82
2026-01-21 13:39:00,7.925,7.94,7.925,7.925,124
2026-01-21 13:40:00,7.925,7.94,7.915,7.925,285
2026-01-21 13:41:00,7.925,7.94,7.92,7.9399,223
2026-01-21 13:42:00,7.935,7.94,7.925,7.94,279
2026-01-21 13:43:00,7.9365,7.95,7.935,7.945,105
2026-01-21 13:44:00,7.945,7.9499,7.94,7.94,45
2026-01-21 13:45:00,7.9365,7.94,7.935,7.935,104
2026-01-21 13:46:00,7.9397,7.95,7.93,7.945,97
2026-01-21 13:47:00,7.95,7.96,7.95,7.955,98
2026-01-21 13:48:00,7.955,7.955,7.91,7.925,400
2026-01-21 13:49:00,7.925,7.945,7.925,7.9412,29
2026-01-21 13:50:00,7.945,7.945,7.94,7.945,19
2026-01-21 13:51:00,7.945,7.95,7.945,7.95,9
2026-01-21 13:52:00,7.95,7.95,7.945,7.945,24
2026-01-21 13:53:00,7.945,7.945,7.935,7.945,57
2026-01-21 13:54:00,7.94,7.945,7.935,7.94,82
2026-01-21 13:55:00,7.935,7.945,7.935,7.945,39
2026-01-21 13:56:00,7.945,7.95,7.94,7.94,52
2026-01-21 13:57:00,7.935,7.9385,7.935,7.935,4
2026-01-21 13:58:00,7.935,7.945,7.925,7.945,124
2026-01-21 13:59:00,7.95,7.97,7.95,7.955,511
2026-01-21 14:00:00,7.96,7.97,7.96,7.965,119
2026-01-21 14:01:00,7.97,7.9965,7.97,7.99,246
2026-01-21 14:02:00,7.99,7.99,7.985,7.99,105
2026-01-21 14:03:00,7.985,7.99,7.982,7.985,43
2026-01-21 14:04:00,7.985,7.99,7.985,7.985,13
2026-01-21 14:05:00,7.985,7.985,7.965,7.965,159
2026-01-21 14:06:00,7.965,7.975,7.965,7.975,27
2026-01-21 14:07:00,7.975,7.975,7.975,7.975,3
2026-01-21 14:08:00,7.98,7.985,7.975,7.975,72
2026-01-21 14:09:00,7.975,7.975,7.975,7.975,7
2026-01-21 14:10:00,7.975,7.975,7.97,7.975,22
2026-01-21 14:11:00,7.975,7.975,7.965,7.965,70
2026-01-21 14:12:00,7.96,7.965,7.93,7.935,168
2026-01-21 14:13:00,7.93,7.975,7.9,7.97,1438
2026-01-21 14:14:00,7.97,7.97,7.965,7.965,28
2026-01-21 14:15:00,7.965,7.965,7.9542,7.955,143
2026-01-21 14:16:00,7.9584,7.96,7.95,7.9599,83
2026-01-21 14:17:00,7.95,7.96,7.95,7.96,12
2026-01-21 14:18:00,7.96,7.98,7.95,7.98,93
2026-01-21 14:19:00,7.98,7.995,7.9799,7.985,172
2026-01-21 14:20:00,7.985,7.985,7.9795,7.9795,90
2026-01-21 14:21:00,7.975,7.98,7.975,7.975,14
2026-01-21 14:22:00,7.9786,7.985,7.9706,7.985,44
2026-01-21 14:23:00,7.99,8.0,7.985,8.0,91
2026-01-21 14:24:00,7.995,8.0,7.995,8.0,30
2026-01-21 14:25:00,8.0,8.0,7.995,8.0,31
2026-01-21 14:26:00,8.0,8.0,7.995,8.0,17
2026-01-21 14:27:00,7.995,8.015,7.99,8.005,844
2026-01-21 14:28:00,8.01,8.02,8.0,8.015,384
2026-01-21 14:29:00,8.015,8.02,8.005,8.005,231
2026-01-21 14:30:00,8.0,8.0193,8.0,8.015,68
2026-01-21 14:31:00,8.015,8.0175,8.005,8.005,66
2026-01-21 14:32:00,8.005,8.0142,8.0,8.0,89
2026-01-21 14:33:00,7.995,7.995,7.99,7.99,7
2026-01-21 14:34:00,7.99,7.995,7.98,7.98,52
2026-01-21 14:35:00,7.98,7.985,7.965,7.975,132
2026-01-21 14:36:00,7.9758,7.99,7.975,7.985,50
2026-01-21 14:37:00,7.99,8.0,7.99,8.0,35
2026-01-21 14:38:00,8.0,8.0,7.995,7.995,9
2026-01-21 14:39:00,7.995,7.995,7.97,7.97,93
2026-01-21 14:40:00,7.96,7.96,7.945,7.945,83
2026-01-21 14:41:00,7.95,7.955,7.94,7.94,112
2026-01-21 14:42:00,7.935,7.96,7.9316,7.96,121
2026-01-21 14:43:00,7.97,7.975,7.96,7.975,23
2026-01-21 14:44:00,7.98,7.985,7.9788,7.985,40
2026-01-21 14:45:00,7.985,7.985,7.975,7.975,85
2026-01-21 14:46:00,7.975,7.99,7.975,7.99,39
2026-01-21 14:47:00,7.99,7.99,7.99,7.99,1
2026-01-21 14:48:00,7.99,8.0,7.99,8.0,35
2026-01-21 14:49:00,7.995,8.0,7.995,7.995,136
2026-01-21 14:50:00,8.0,8.0,7.9933,7.995,29
2026-01-21 14:51:00,7.995,7.995,7.985,7.985,107
2026-01-21 14:52:00,7.985,7.985,7.98,7.985,12
2026-01-21 14:53:00,7.985,7.99,7.985,7.985,54
2026-01-21 14:54:00,7.98,7.98,7.955,7.97,296
2026-01-21 14:55:00,7.9786,7.9786,7.94,7.955,276
2026-01-21 14:56:00,7.9513,7.965,7.9513,7.965,26
2026-01-21 14:57:00,7.965,7.965,7.955,7.955,84
2026-01-21 14:58:00,7.9542,7.965,7.9542,7.965,58
2026-01-21 14:59:00,7.965,7.97,7.965,7.965,12
2026-01-21 15:00:00,7.965,7.9766,7.96,7.9766,60
2026-01-21 15:01:00,7.975,7.98,7.96,7.96,135
2026-01-21 15:02:00,7.965,7.965,7.965,7.965,4
2026-01-21 15:03:00,7.965,7.965,7.965,7.965,8
2026-01-21 15:04:00,7.965,7.975,7.9634,7.965,254
2026-01-21 15:05:00,7.96,7.96,7.945,7.945,109
2026-01-21 15:06:00,7.94,7.94,7.935,7.935,34
2026-01-21 15:07:00,7.935,7.965,7.935,7.965,200
2026-01-21 15:08:00,7.96,7.965,7.955,7.96,90
2026-01-21 15:09:00,7.965,7.975,7.96,7.97,48
2026-01-21 15:10:00,7.9763,7.9763,7.96,7.975,216
2026-01-21 15:11:00,7.975,7.975,7.975,7.975,0
2026-01-21 15:12:00,7.975,7.98,7.9723,7.975,14
2026-01-21 15:13:00,7.975,7.975,7.965,7.965,120
2026-01-21 15:14:00,7.965,7.975,7.965,7.97,58
2026-01-21 15:15:00,7.965,7.965,7.965,7.965,22
2026-01-21 15:16:00,7.965,7.9784,7.965,7.9784,122
2026-01-21 15:17:00,7.975,7.975,7.955,7.9599,267
2026-01-21 15:18:00,7.955,7.955,7.935,7.945,180
2026-01-21 15:19:00,7.945,7.945,7.935,7.935,39
2026-01-21 15:20:00,7.935,7.935,7.935,7.935,87
2026-01-21 15:21:00,7.935,7.935,7.925,7.93,156
2026-01-21 15:22:00,7.92,7.92,7.91,7.915,80
2026-01-21 15:23:00,7.915,7.92,7.915,7.915,22
2026-01-21 15:24:00,7.915,7.915,7.905,7.915,157
2026-01-21 15:25:00,7.915,7.925,7.915,7.925,32
2026-01-21 15:26:00,7.925,7.935,7.925,7.93,59
2026-01-21 15:27:00,7.94,7.955,7.94,7.955,208
2026-01-21 15:28:00,7.95,7.955,7.95,7.955,121
2026-01-21 15:29:00,7.955,7.96,7.95,7.95,24
2026-01-21 15:30:00,7.955,7.955,7.955,7.955,25
2026-01-21 15:31:00,7.955,7.96,7.955,7.955,20
2026-01-21 15:32:00,7.955,7.9785,7.95,7.975,353
2026-01-21 15:33:00,7.975,7.99,7.975,7.9874,92
2026-01-21 15:34:00,7.99,8.0,7.985,7.99,155
2026-01-21 15:35:00,7.99,7.99,7.985,7.985,13
2026-01-21 15:36:00,7.985,8.0,7.985,7.995,166
2026-01-21 15:37:00,8.0,8.005,7.98,7.9885,324
2026-01-21 15:38:00,7.9832,7.9851,7.97,7.985,53
2026-01-21 15:39:00,7.99,8.0,7.99,8.0,43
2026-01-21 15:40:00,7.995,8.0,7.995,7.995,31
2026-01-21 15:41:00,8.0,8.005,7.995,7.9954,234
2026-01-21 15:42:00,7.995,8.005,7.99,8.005,151
2026-01-21 15:43:00,8.005,8.03,8.005,8.025,117
2026-01-21 15:44:00,8.025,8.025,8.0117,8.02,143
2026-01-21 15:45:00,8.015,8.015,8.0,8.005,980
2026-01-21 15:46:00,8.005,8.005,7.9837,7.985,546
2026-01-21 15:47:00,7.985,7.995,7.985,7.995,148
2026-01-21 15:48:00,7.995,8.02,7.9901,8.0116,250
2026-01-21 15:49:00,8.0161,8.025,8.01,8.01,445
2026-01-21 15:50:00,8.01,8.015,8.0,8.005,341
2026-01-21 15:51:00,8.005,8.01,8.0,8.005,65
2026-01-21 15:52:00,8.005,8.025,8.005,8.015,330
2026-01-21 15:53:00,8.015,8.02,8.015,8.02,247
2026-01-21 15:54:00,8.015,8.03,8.01,8.015,364
2026-01-21 15:55:00,8.01,8.01,7.99,7.995,438
2026-01-21 15:56:00,7.995,8.0,7.975,7.975,456
2026-01-21 15:57:00,7.97,7.98,7.96,7.98,535
2026-01-21 15:58:00,7.975,8.005,7.975,7.995,1378
2026-01-21 15:59:00,7.995,8.0,7.97,7.99,1878
2026-01-22 09:30:00,8.03,8.0387,7.96,7.96,336
2026-01-22 09:31:00,7.96,8.02,7.96,7.99,74
2026-01-22 09:32:00,7.995,7.995,7.9616,7.98,19
2026-01-22 09:33:00,7.97,7.97,7.91,7.95,185
2026-01-22 09:34:00,7.955,7.96,7.92,7.92,36
2026-01-22 09:35:00,7.925,7.93,7.914,7.93,65
2026-01-22 09:36:00,7.91,7.91,7.8912,7.8912,44
2026-01-22 09:37:00,7.88,7.92,7.875,7.92,87
2026-01-22 09:38:00,7.9287,7.93,7.919,7.93,19
2026-01-22 09:39:00,7.919,7.93,7.9,7.9,83
2026-01-22 09:40:00,7.9,7.9,7.875,7.884,55
2026-01-22 09:41:00,7.8801,7.895,7.8801,7.895,90
2026-01-22 09:42:00,7.8999,7.91,7.8901,7.9,77
2026-01-22 09:43:00,7.9292,7.9292,7.88,7.89,36
2026-01-22 09:44:00,7.88,7.89,7.8701,7.885,28
2026-01-22 09:45:00,7.8798,7.88,7.8509,7.88,158
2026-01-22 09:46:00,7.88,7.895,7.88,7.89,47
2026-01-22 09:47:00,7.89,7.9,7.87,7.9,118
2026-01-22 09:48:00,7.88,7.895,7.8728,7.875,77
2026-01-22 09:49:00,7.875,7.88,7.875,7.88,34
2026-01-22 09:50:00,7.885,7.885,7.875,7.88,14
2026-01-22 09:51:00,7.875,7.9353,7.875,7.9353,89
2026-01-22 09:52:00,7.9399,7.95,7.92,7.95,69
2026-01-22 09:53:00,7.955,7.955,7.955,7.955,1
2026-01-22 09:54:00,7.9599,7.96,7.935,7.935,29
2026-01-22 09:55:00,7.94,7.94,7.93,7.93,29
2026-01-22 09:56:00,7.93,7.93,7.915,7.9246,58
2026-01-22 09:57:00,7.93,7.94,7.93,7.94,31
2026-01-22 09:58:00,7.94,7.94,7.9337,7.94,24
2026-01-22 09:59:00,7.95,7.96,7.94,7.945,143
2026-01-22 10:00:00,7.94,7.94,7.88,7.89,141
2026-01-22 10:01:00,7.88,7.9,7.8692,7.895,85
2026-01-22 10:02:00,7.895,7.9358,7.895,7.935,130
2026-01-22 10:03:00,7.9311,7.9311,7.895,7.91,47
2026-01-22 10:04:00,7.9,7.9081,7.895,7.9,45
2026-01-22 10:05:00,7.8923,7.915,7.8923,7.91,57
2026-01-22 10:06:00,7.9089,7.9089,7.9004,7.9004,82
2026-01-22 10:07:00,7.9,7.915,7.895,7.915,70
2026-01-22 10:08:00,7.92,7.9267,7.92,7.925,30
2026-01-22 10:09:00,7.925,7.93,7.905,7.905,74
2026-01-22 10:10:00,7.905,7.915,7.905,7.91,60
2026-01-22 10:11:00,7.905,7.9099,7.9001,7.9099,36
2026-01-22 10:12:00,7.9,7.9,7.89,7.9,98
2026-01-22 10:13:00,7.895,7.9,7.895,7.895,20
2026-01-22 10:14:00,7.89,7.89,7.87,7.87,43
2026-01-22 10:15:00,7.875,7.8788,7.875,7.8788,13
2026-01-22 10:16:00,7.875,7.885,7.87,7.875,56
2026-01-22 10:17:00,7.87,7.875,7.87,7.875,19
2026-01-22 10:18:00,7.875,7.8893,7.875,7.88,77
2026-01-22 10:19:00,7.885,7.885,7.8801,7.885,18
2026-01-22 10:20:00,7.88,7.89,7.875,7.89,206
2026-01-22 10:21:00,7.885,7.9,7.87,7.87,166
2026-01-22 10:22:00,7.875,7.875,7.87,7.875,9
2026-01-22 10:23:00,7.875,7.89,7.87,7.885,96
2026-01-22 10:24:00,7.889,7.889,7.875,7.875,37
2026-01-22 10:25:00,7.875,7.905,7.875,7.895,157
2026-01-22 10:26:00,7.895,7.9,7.89,7.895,46
2026-01-22 10:27:00,7.895,7.895,7.89,7.89,9
2026-01-22 10:28:00,7.89,7.895,7.89,7.89,7
2026-01-22 10:29:00,7.89,7.915,7.885,7.91,98
2026-01-22 10:30:00,7.91,7.9199,7.9011,7.9199,28
2026-01-22 10:31:00,7.915,7.94,7.915,7.93,55
2026-01-22 10:32:00,7.935,7.935,7.935,7.935,2
2026-01-22 10:33:00,7.935,7.935,7.915,7.915,16
2026-01-22 10:34:00,7.92,7.9561,7.92,7.9561,63
2026-01-22 10:35:00,7.955,7.955,7.955,7.955,3
2026-01-22 10:36:00,7.955,7.99,7.95,7.98,156
2026-01-22 10:37:00,7.98,7.995,7.975,7.9881,42
2026-01-22 10:38:00,7.985,8.0,7.98,8.0,53
2026-01-22 10:39:00,7.995,7.995,7.985,7.985,79
2026-01-22 10:40:00,7.985,7.9889,7.975,7.975,32
2026-01-22 10:41:00,7.9783,7.9783,7.97,7.9754,16
2026-01-22 10:42:00,7.98,8.015,7.98,8.015,252
2026-01-22 10:43:00,8.01,8.015,8.0,8.005,63
2026-01-22 10:44:00,8.0,8.015,8.0,8.0126,39
2026-01-22 10:45:00,8.015,8.025,8.015,8.0199,97
2026-01-22 10:46:00,8.015,8.08,8.015,8.075,182
2026-01-22 10:47:00,8.0746,8.075,8.05,8.055,44
2026-01-22 10:48:00,8.055,8.06,8.035,8.035,33
2026-01-22 10:49:00,8.04,8.05,8.04,8.045,131
2026-01-22 10:50:00,8.045,8.05,8.035,8.035,66
2026-01-22 10:51:00,8.04,8.04,8.035,8.04,93
2026-01-22 10:52:00,8.04,8.045,8.04,8.045,43
2026-01-22 10:53:00,8.04,8.045,8.035,8.0437,51
2026-01-22 10:54:00,8.045,8.05,8.045,8.045,19
2026-01-22 10:55:00,8.045,8.05,8.04,8.04,174
2026-01-22 10:56:00,8.04,8.0499,8.0328,8.035,101
2026-01-22 10:57:00,8.035,8.035,8.03,8.0313,17
2026-01-22 10:58:00,8.035,8.0358,8.0301,8.035,47
2026-01-22 10:59:00,8.035,8.045,8.02,8.04,265
2026-01-22 11:00:00,8.04,8.045,8.0,8.0,254
2026-01-22 11:01:00,8.0,8.005,7.9706,7.985,108
2026-01-22 11:02:00,7.985,7.985,7.98,7.98,7
2026-01-22 11:03:00,7.985,8.01,7.9834,8.0,57
2026-01-22 11:04:00,8.005,8.005,7.99,7.99,164
2026-01-22 11:05:00,7.99,8.005,7.9834,8.005,48
2026-01-22 11:06:00,8.005,8.01,8.0,8.01,44
2026-01-22 11:07:00,8.005,8.015,8.005,8.005,35
2026-01-22 11:08:00,8.005,8.06,8.005,8.06,70
2026-01-22 11:09:00,8.06,8.07,8.025,8.025,152
2026-01-22 11:10:00,8.025,8.05,8.025,8.035,85
2026-01-22 11:11:00,8.035,8.035,8.0331,8.035,39
2026-01-22 11:12:00,8.035,8.0496,8.035,8.045,136
2026-01-22 11:13:00,8.045,8.045,8.045,8.045,3
2026-01-22 11:14:00,8.045,8.06,8.04,8.045,45
2026-01-22 11:15:00,8.04,8.04,8.01,8.03,117
2026-01-22 11:16:00,8.035,8.085,8.035,8.08,144
2026-01-22 11:17:00,8.08,8.115,8.08,8.115,413
2026-01-22 11:18:00,8.115,8.2,8.115,8.1843,2367
2026-01-22 11:19:00,8.19,8.22,8.1802,8.21,302
2026-01-22 11:20:00,8.21,8.21,8.11,8.185,384
2026-01-22 11:21:00,8.185,8.195,8.1644,8.169,289
2026-01-22 11:22:00,8.165,8.165,8.13,8.1393,237
2026-01-22 11:23:00,8.14,8.14,8.125,8.1368,138
2026-01-22 11:24:00,8.135,8.1392,8.135,8.135,42
2026-01-22 11:25:00,8.13,8.1375,8.115,8.135,147
2026-01-22 11:26:00,8.13,8.135,8.12,8.12,118
2026-01-22 11:27:00,8.1246,8.13,8.11,8.11,43
2026-01-22 11:28:00,8.115,8.125,8.11,8.12,52
2026-01-22 11:29:00,8.105,8.105,8.095,8.095,13
2026-01-22 11:30:00,8.095,8.1,8.0716,8.075,136
2026-01-22 11:31:00,8.075,8.0899,8.065,8.0899,99
2026-01-22 11:32:00,8.09,8.1013,8.09,8.09,62
2026-01-22 11:33:00,8.09,8.095,8.09,8.09,21
2026-01-22 11:34:00,8.087,8.095,8.07,8.0927,82
2026-01-22 11:35:00,8.0932,8.1,8.09,8.095,54
2026-01-22 11:36:00,8.09,8.091,8.09,8.091,22
2026-01-22 11:37:00,8.09,8.1,8.085,8.1,159
2026-01-22 11:38:00,8.0966,8.1,8.095,8.1,77
2026-01-22 11:39:00,8.095,8.12,8.0944,8.115,162
2026-01-22 11:40:00,8.115,8.115,8.1,8.105,27
2026-01-22 11:41:00,8.095,8.0999,8.095,8.095,12
2026-01-22 11:42:00,8.095,8.095,8.085,8.085,37
2026-01-22 11:43:00,8.085,8.1,8.085,8.1,65
2026-01-22 11:44:00,8.1,8.1,8.1,8.1,2
2026-01-22 11:45:00,8.095,8.1,8.09,8.095,82
2026-01-22 11:46:00,8.09,8.095,8.09,8.095,11
2026-01-22 11:47:00,8.09,8.095,8.09,8.095,20
2026-01-22 11:48:00,8.09,8.135,8.09,8.125,164
2026-01-22 11:49:00,8.13,8.145,8.11,8.13,147
2026-01-22 11:50:00,8.125,8.125,8.11,8.1213,92
2026-01-22 11:51:00,8.125,8.13,8.1,8.12,554
2026-01-22 11:52:00,8.125,8.1254,8.125,8.1254,4
2026-01-22 11:53:00,8.12,8.17,8.12,8.155,202
2026-01-22 11:54:00,8.15,8.15,8.14,8.14,68
2026-01-22 11:55:00,8.135,8.16,8.13,8.145,95
2026-01-22 11:56:00,8.13,8.145,8.13,8.135,38
2026-01-22 11:57:00,8.13,8.16,8.13,8.15,113
2026-01-22 11:58:00,8.155,8.155,8.13,8.155,365
2026-01-22 11:59:00,8.155,8.17,8.155,8.165,52
2026-01-22 12:00:00,8.165,8.17,8.1545,8.1615,48
2026-01-22 12:01:00,8.165,8.17,8.13,8.14,314
2026-01-22 12:02:00,8.14,8.15,8.135,8.15,68
2026-01-22 12:03:00,8.145,8.145,8.14,8.145,15
2026-01-22 12:04:00,8.145,8.145,8.145,8.145,20
2026-01-22 12:05:00,8.145,8.145,8.125,8.13,36
2026-01-22 12:06:00,8.13,8.13,8.105,8.105,22
2026-01-22 12:07:00,8.1,8.1,8.09,8.09,116
2026-01-22 12:08:00,8.1,8.105,8.095,8.105,28
2026-01-22 12:09:00,8.105,8.13,8.06,8.065,450
2026-01-22 12:10:00,8.065,8.075,8.065,8.07,72
2026-01-22 12:11:00,8.07,8.095,8.05,8.085,247
2026-01-22 12:12:00,8.085,8.1,8.07,8.07,63
2026-01-22 12:13:00,8.07,8.07,8.04,8.04,19
2026-01-22 12:14:00,8.04,8.04,8.03,8.04,55
2026-01-22 12:15:00,8.045,8.0467,8.045,8.0467,14
2026-01-22 12:16:00,8.04,8.04,8.03,8.03,11
2026-01-22 12:17:00,8.03,8.05,8.025,8.0411,84
2026-01-22 12:18:00,8.0499,8.06,8.0446,8.055,58
2026-01-22 12:19:00,8.0546,8.055,8.0546,8.055,56
2026-01-22 12:20:00,8.05,8.065,8.05,8.065,58
2026-01-22 12:21:00,8.065,8.065,8.065,8.065,7
2026-01-22 12:22:00,8.065,8.07,8.05,8.0654,18
2026-01-22 12:23:00,8.065,8.065,8.0602,8.0602,15
2026-01-22 12:24:00,8.065,8.075,8.065,8.065,47
2026-01-22 12:25:00,8.065,8.08,8.0626,8.075,48
2026-01-22 12:26:00,8.075,8.075,8.0735,8.075,53
2026-01-22 12:27:00,8.075,8.08,8.06,8.075,122
2026-01-22 12:28:00,8.08,8.08,8.075,8.0775,25
2026-01-22 12:29:00,8.08,8.08,8.07,8.075,18
2026-01-22 12:30:00,8.075,8.08,8.075,8.0754,64
2026-01-22 12:31:00,8.07,8.07,8.0643,8.0645,40
2026-01-22 12:32:00,8.065,8.085,8.065,8.085,76
2026-01-22 12:33:00,8.085,8.085,8.0846,8.085,24
2026-01-22 12:34:00,8.0846,8.085,8.0846,8.085,2
2026-01-22 12:35:00,8.085,8.085,8.08,8.08,35
2026-01-22 12:36:00,8.075,8.085,8.075,8.085,70
2026-01-22 12:37:00,8.085,8.085,8.085,8.085,0
2026-01-22 12:38:00,8.085,8.09,8.085,8.09,70
2026-01-22 12:39:00,8.09,8.09,8.09,8.09,0
2026-01-22 12:40:00,8.095,8.0955,8.095,8.0955,9
2026-01-22 12:41:00,8.095,8.095,8.09,8.095,19
2026-01-22 12:42:00,8.095,8.1,8.095,8.1,53
2026-01-22 12:43:00,8.09,8.09,8.085,8.085,13
2026-01-22 12:44:00,8.09,8.1,8.09,8.0999,57
2026-01-22 12:45:00,8.0917,8.1,8.0917,8.1,2
2026-01-22 12:46:00,8.1,8.125,8.1,8.11,141
2026-01-22 12:47:00,8.12,8.12,8.115,8.115,3
2026-01-22 12:48:00,8.115,8.115,8.115,8.115,1
2026-01-22 12:49:00,8.115,8.115,8.115,8.115,0
2026-01-22 12:50:00,8.115,8.12,8.105,8.12,132
2026-01-22 12:51:00,8.115,8.115,8.115,8.115,3
2026-01-22 12:52:00,8.115,8.115,8.1135,8.1135,6
2026-01-22 12:53:00,8.11,8.115,8.11,8.115,4
2026-01-22 12:54:00,8.11,8.11,8.11,8.11,5
2026-01-22 12:55:00,8.11,8.11,8.105,8.105,19
2026-01-22 12:56:00,8.11,8.115,8.11,8.1127,69
2026-01-22 12:57:00,8.115,8.115,8.11,8.11,2
2026-01-22 12:58:00,8.115,8.135,8.11,8.135,71
2026-01-22 12:59:00,8.135,8.135,8.13,8.135,43
2026-01-22 13:00:00,8.13,8.13,8.125,8.125,13
2026-01-22 13:01:00,8.125,8.125,8.125,8.125,5
2026-01-22 13:02:00,8.125,8.13,8.125,8.13,13
2026-01-22 13:03:00,8.125,8.139,8.125,8.135,69
2026-01-22 13:04:00,8.135,8.135,8.13,8.135,67
2026-01-22 13:05:00,8.13,8.135,8.1011,8.1011,109
2026-01-22 13:06:00,8.1,8.105,8.095,8.095,149
2026-01-22 13:07:00,8.0916,8.0916,8.0855,8.0855,9
2026-01-22 13:08:00,8.085,8.09,8.0701,8.075,133
2026-01-22 13:09:00,8.075,8.075,8.075,8.075,0
2026-01-22 13:10:00,8.07,8.07,8.05,8.05,83
2026-01-22 13:11:00,8.04,8.045,8.03,8.045,153
2026-01-22 13:12:00,8.05,8.05,8.045,8.045,3
2026-01-22 13:13:00,8.045,8.045,8.03,8.03,41
2026-01-22 13:14:00,8.035,8.045,8.0346,8.045,133
2026-01-22 13:15:00,8.0401,8.0401,8.03,8.0399,80
2026-01-22 13:16:00,8.04,8.04,8.03,8.035,39
2026-01-22 13:17:00,8.04,8.045,8.035,8.045,45
2026-01-22 13:18:00,8.045,8.045,8.045,8.045,0
2026-01-22 13:19:00,8.045,8.046,8.04,8.04,59
2026-01-22 13:20:00,8.04,8.045,8.04,8.04,11
2026-01-22 13:21:00,8.04,8.0492,8.035,8.035,95
2026-01-22 13:22:00,8.04,8.05,8.04,8.045,91
2026-01-22 13:23:00,8.0467,8.055,8.035,8.055,113
2026-01-22 13:24:00,8.055,8.055,8.055,8.055,1
2026-01-22 13:25:00,8.055,8.055,8.04,8.04,25
2026-01-22 13:26:00,8.04,8.045,8.04,8.04,3
2026-01-22 13:27:00,8.04,8.045,8.04,8.045,10
2026-01-22 13:28:00,8.045,8.045,8.04,8.045,23
2026-01-22 13:29:00,8.04,8.045,8.035,8.045,65
2026-01-22 13:30:00,8.045,8.045,8.045,8.045,2
2026-01-22 13:31:00,8.0446,8.045,8.0446,8.045,2
2026-01-22 13:32:00,8.045,8.05,8.04,8.04,9
2026-01-22 13:33:00,8.04,8.055,8.04,8.055,60
2026-01-22 13:34:00,8.05,8.05,8.05,8.05,16
2026-01-22 13:35:00,8.05,8.055,8.05,8.055,33
2026-01-22 13:36:00,8.055,8.055,8.055,8.055,1
2026-01-22 13:37:00,8.05,8.075,8.045,8.075,80
2026-01-22 13:38:00,8.075,8.075,8.075,8.075,1
2026-01-22 13:39:00,8.075,8.075,8.075,8.075,1
2026-01-22 13:40:00,8.0758,8.0758,8.075,8.075,34
2026-01-22 13:41:00,8.0715,8.0715,8.07,8.07,4
2026-01-22 13:42:00,8.07,8.075,8.07,8.07,17
2026-01-22 13:43:00,8.07,8.075,8.065,8.07,30
2026-01-22 13:44:00,8.07,8.075,8.065,8.065,26
2026-01-22 13:45:00,8.07,8.07,8.065,8.065,6
2026-01-22 13:46:00,8.06,8.06,8.055,8.055,16
2026-01-22 13:47:00,8.05,8.05,8.04,8.045,147
2026-01-22 13:48:00,8.04,8.075,8.04,8.065,242
2026-01-22 13:49:00,8.065,8.065,8.065,8.065,3
2026-01-22 13:50:00,8.06,8.065,8.06,8.065,11
2026-01-22 13:51:00,8.065,8.065,8.065,8.065,0
2026-01-22 13:52:00,8.065,8.065,8.06,8.06,3
2026-01-22 13:53:00,8.06,8.065,8.05,8.055,42
2026-01-22 13:54:00,8.055,8.06,8.05,8.05,187
2026-01-22 13:55:00,8.05,8.05,8.025,8.025,270
2026-01-22 13:56:00,8.025,8.04,8.025,8.04,69
2026-01-22 13:57:00,8.045,8.045,8.045,8.045,3
2026-01-22 13:58:00,8.045,8.0799,8.045,8.074,196
2026-01-22 13:59:00,8.08,8.08,8.07,8.08,16
2026-01-22 14:00:00,8.075,8.075,8.065,8.065,35
2026-01-22 14:01:00,8.0684,8.0684,8.06,8.06,27
2026-01-22 14:02:00,8.06,8.065,8.055,8.06,59
2026-01-22 14:03:00,8.05,8.055,8.05,8.055,15
2026-01-22 14:04:00,8.06,8.06,8.055,8.055,3
2026-01-22 14:05:00,8.055,8.055,8.055,8.055,4
2026-01-22 14:06:00,8.055,8.055,8.0514,8.055,8
2026-01-22 14:07:00,8.06,8.065,8.055,8.065,46
2026-01-22 14:08:00,8.065,8.07,8.065,8.07,20
2026-01-22 14:09:00,8.07,8.07,8.0624,8.0624,31
2026-01-22 14:10:00,8.06,8.06,8.06,8.06,2
2026-01-22 14:11:00,8.06,8.06,8.06,8.06,0
2026-01-22 14:12:00,8.0662,8.0662,8.065,8.065,9
2026-01-22 14:13:00,8.065,8.065,8.06,8.065,59
2026-01-22 14:14:00,8.065,8.065,8.055,8.055,30
2026-01-22 14:15:00,8.05,8.055,8.05,8.055,18
2026-01-22 14:16:00,8.055,8.06,8.052,8.052,40
2026-01-22 14:17:00,8.055,8.06,8.05,8.055,10
2026-01-22 14:18:00,8.055,8.06,8.055,8.055,95
2026-01-22 14:19:00,8.055,8.055,8.0437,8.05,72
2026-01-22 14:20:00,8.04,8.04,8.035,8.035,68
2026-01-22 14:21:00,8.035,8.04,8.025,8.035,55
2026-01-22 14:22:00,8.03,8.035,8.03,8.035,22
2026-01-22 14:23:00,8.03,8.038,8.03,8.035,14
2026-01-22 14:24:00,8.03,8.035,8.02,8.035,69
2026-01-22 14:25:00,8.035,8.04,7.99,7.995,383
2026-01-22 14:26:00,7.9942,7.995,7.97,7.97,177
2026-01-22 14:27:00,7.97,7.9835,7.965,7.98,180
2026-01-22 14:28:00,7.9801,7.9801,7.96,7.96,89
2026-01-22 14:29:00,7.965,7.9675,7.96,7.96,129
2026-01-22 14:30:00,7.9525,7.97,7.9525,7.96,200
2026-01-22 14:31:00,7.96,7.96,7.94,7.94,109
2026-01-22 14:32:00,7.94,7.9401,7.935,7.94,95
2026-01-22 14:33:00,7.94,7.945,7.94,7.94,28
2026-01-22 14:34:00,7.945,7.955,7.945,7.955,112
2026-01-22 14:35:00,7.955,7.96,7.94,7.94,106
2026-01-22 14:36:00,7.94,7.96,7.94,7.95,93
2026-01-22 14:37:00,7.95,7.96,7.95,7.955,23
2026-01-22 14:38:00,7.955,7.955,7.955,7.955,0
2026-01-22 14:39:00,7.95,7.96,7.945,7.955,90
2026-01-22 14:40:00,7.95,7.955,7.945,7.945,49
2026-01-22 14:41:00,7.945,7.945,7.945,7.945,8
2026-01-22 14:42:00,7.945,7.96,7.945,7.955,49
2026-01-22 14:43:00,7.955,7.955,7.955,7.955,12
2026-01-22 14:44:00,7.95,7.965,7.95,7.965,65
2026-01-22 14:45:00,7.9611,7.9694,7.96,7.96,47
2026-01-22 14:46:00,7.965,7.97,7.965,7.97,46
2026-01-22 14:47:00,7.975,7.98,7.9642,7.965,143
2026-01-22 14:48:00,7.96,7.965,7.96,7.965,39
2026-01-22 14:49:00,7.965,7.9686,7.96,7.9686,46
2026-01-22 14:50:00,7.96,7.9698,7.96,7.96,63
2026-01-22 14:51:00,7.965,7.97,7.96,7.96,75
2026-01-22 14:52:00,7.96,7.9686,7.96,7.965,37
2026-01-22 14:53:00,7.965,7.965,7.965,7.965,12
2026-01-22 14:54:00,7.97,7.99,7.97,7.975,370
2026-01-22 14:55:00,7.97,7.9755,7.97,7.9755,26
2026-01-22 14:56:00,7.97,7.97,7.96,7.96,56
2026-01-22 14:57:00,7.96,7.97,7.955,7.965,108
2026-01-22 14:58:00,7.965,7.97,7.965,7.97,5
2026-01-22 14:59:00,7.97,7.97,7.97,7.97,1
2026-01-22 15:00:00,7.965,7.985,7.96,7.96,149
2026-01-22 15:01:00,7.96,7.96,7.95,7.95,65
2026-01-22 15:02:00,7.955,7.955,7.955,7.955,32
2026-01-22 15:03:00,7.95,7.96,7.95,7.955,141
2026-01-22 15:04:00,7.955,7.955,7.95,7.9501,36
2026-01-22 15:05:00,7.955,7.955,7.955,7.955,2
2026-01-22 15:06:00,7.955,7.96,7.945,7.96,250
2026-01-22 15:07:00,7.955,7.955,7.95,7.95,10
2026-01-22 15:08:00,7.95,7.9586,7.95,7.9586,29
2026-01-22 15:09:00,7.955,7.955,7.955,7.955,29
2026-01-22 15:10:00,7.955,7.9599,7.945,7.95,95
2026-01-22 15:11:00,7.95,7.965,7.945,7.965,216
2026-01-22 15:12:00,7.965,7.965,7.965,7.965,25
2026-01-22 15:13:00,7.96,7.96,7.94,7.945,122
2026-01-22 15:14:00,7.945,7.96,7.945,7.96,96
2026-01-22 15:15:00,7.955,7.96,7.95,7.95,65
2026-01-22 15:16:00,7.945,7.945,7.94,7.94,17
2026-01-22 15:17:00,7.95,7.955,7.945,7.945,88
2026-01-22 15:18:00,7.945,7.95,7.945,7.945,3
2026-01-22 15:19:00,7.945,7.95,7.935,7.94,64
2026-01-22 15:20:00,7.935,7.935,7.93,7.935,67
2026-01-22 15:21:00,7.935,7.935,7.925,7.93,48
2026-01-22 15:22:00,7.925,7.935,7.925,7.935,116
2026-01-22 15:23:00,7.935,7.94,7.935,7.94,18
2026-01-22 15:24:00,7.9364,7.9364,7.935,7.935,45
2026-01-22 15:25:00,7.93,7.93,7.925,7.925,82
2026-01-22 15:26:00,7.925,7.94,7.925,7.94,77
2026-01-22 15:27:00,7.945,7.99,7.945,7.955,574
2026-01-22 15:28:00,7.955,7.96,7.9546,7.955,140
2026-01-22 15:29:00,7.96,7.98,7.945,7.945,111
2026-01-22 15:30:00,7.945,7.945,7.935,7.935,23
2026-01-22 15:31:00,7.935,7.935,7.935,7.935,3
2026-01-22 15:32:00,7.935,7.955,7.935,7.945,93
2026-01-22 15:33:00,7.945,7.95,7.945,7.95,13
2026-01-22 15:34:00,7.945,7.945,7.93,7.935,87
2026-01-22 15:35:00,7.935,7.935,7.935,7.935,8
2026-01-22 15:36:00,7.935,7.935,7.935,7.935,6
2026-01-22 15:37:00,7.9366,7.9366,7.935,7.935,3
2026-01-22 15:38:00,7.935,7.935,7.93,7.935,15
2026-01-22 15:39:00,7.93,7.935,7.895,7.9,489
2026-01-22 15:40:00,7.909,7.93,7.9,7.925,271
2026-01-22 15:41:00,7.925,7.94,7.925,7.935,89
2026-01-22 15:42:00,7.935,7.945,7.935,7.945,123
2026-01-22 15:43:00,7.945,7.955,7.945,7.955,43
2026-01-22 15:44:00,7.955,7.955,7.955,7.955,13
2026-01-22 15:45:00,7.96,7.995,7.955,7.985,355
2026-01-22 15:46:00,7.985,8.0,7.985,7.995,51
2026-01-22 15:47:00,7.995,7.995,7.995,7.995,27
2026-01-22 15:48:00,7.995,8.0,7.99,7.995,222
2026-01-22 15:49:00,8.0,8.0,7.98,7.98,124
2026-01-22 15:50:00,7.98,7.98,7.97,7.975,127
2026-01-22 15:51:00,7.975,7.98,7.96,7.96,243
2026-01-22 15:52:00,7.965,7.965,7.955,7.965,225
2026-01-22 15:53:00,7.965,7.965,7.94,7.955,448
2026-01-22 15:54:00,7.9552,7.96,7.945,7.945,79
2026-01-22 15:55:00,7.94,7.94,7.9,7.905,285
2026-01-22 15:56:00,7.905,7.915,7.9,7.915,381
2026-01-22 15:57:00,7.915,7.915,7.895,7.905,728
2026-01-22 15:58:00,7.905,7.925,7.895,7.925,779
2026-01-22 15:59:00,7.925,7.94,7.91,7.94,1420
2026-01-23 09:30:00,7.92,7.92,7.89,7.9,296
2026-01-23 09:31:00,7.88,7.88,7.85,7.865,297
2026-01-23 09:32:00,7.85,7.88,7.85,7.87,53
2026-01-23 09:33:00,7.87,7.93,7.87,7.93,25
2026-01-23 09:34:00,7.95,7.95,7.9495,7.95,7
2026-01-23 09:35:00,7.95,7.98,7.95,7.98,24
2026-01-23 09:36:00,7.97,7.97,7.92,7.95,57
2026-01-23 09:37:00,7.9578,7.96,7.94,7.94,117
2026-01-23 09:38:00,7.945,7.9999,7.945,7.9999,42
2026-01-23 09:39:00,7.98,7.98,7.955,7.955,29
2026-01-23 09:40:00,7.955,7.97,7.9504,7.955,25
2026-01-23 09:41:00,7.94,7.94,7.89,7.9,150
2026-01-23 09:42:00,7.905,7.97,7.905,7.9563,175
2026-01-23 09:43:00,7.945,7.945,7.925,7.935,118
2026-01-23 09:44:00,7.95,8.23,7.95,8.21,1254
2026-01-23 09:45:00,8.21,8.22,8.16,8.175,396
2026-01-23 09:46:00,8.175,8.3,8.175,8.3,771
2026-01-23 09:47:00,8.295,8.4,8.295,8.38,1136
2026-01-23 09:48:00,8.34,8.34,8.16,8.25,162
2026-01-23 09:49:00,8.26,8.26,8.21,8.22,132
2026-01-23 09:50:00,8.215,8.2395,8.1596,8.19,101
2026-01-23 09:51:00,8.1684,8.23,8.16,8.18,298
2026-01-23 09:52:00,8.2,8.23,8.19,8.21,173
2026-01-23 09:53:00,8.21,8.275,8.21,8.27,152
2026-01-23 09:54:00,8.265,8.28,8.24,8.28,96
2026-01-23 09:55:00,8.28,8.325,8.235,8.31,527
2026-01-23 09:56:00,8.28,8.3192,8.28,8.3,161
2026-01-23 09:57:00,8.31,8.35,8.295,8.35,334
2026-01-23 09:58:00,8.345,8.36,8.31,8.35,207
2026-01-23 09:59:00,8.36,8.36,8.32,8.335,168
2026-01-23 10:00:00,8.3486,8.35,8.28,8.29,726
2026-01-23 10:01:00,8.29,8.31,8.285,8.285,76
2026-01-23 10:02:00,8.3,8.315,8.265,8.275,273
2026-01-23 10:03:00,8.27,8.28,8.25,8.255,146
2026-01-23 10:04:00,8.255,8.265,8.23,8.265,62
2026-01-23 10:05:00,8.27,8.2779,8.22,8.2258,491
2026-01-23 10:06:00,8.225,8.225,8.17,8.175,161
2026-01-23 10:07:00,8.18,8.18,8.125,8.15,176
2026-01-23 10:08:00,8.1446,8.155,8.12,8.125,95
2026-01-23 10:09:00,8.125,8.14,8.115,8.115,49
2026-01-23 10:10:00,8.11,8.11,8.09,8.1,109
2026-01-23 10:11:00,8.0987,8.15,8.095,8.135,186
2026-01-23 10:12:00,8.14,8.155,8.135,8.155,95
2026-01-23 10:13:00,8.155,8.18,8.155,8.165,28
2026-01-23 10:14:00,8.165,8.18,8.14,8.14,159
2026-01-23 10:15:00,8.1445,8.1445,8.1,8.1,89
2026-01-23 10:16:00,8.11,8.155,8.11,8.15,87
2026-01-23 10:17:00,8.14,8.16,8.1354,8.16,136
2026-01-23 10:18:00,8.16,8.16,8.13,8.13,21
2026-01-23 10:19:00,8.135,8.1399,8.11,8.11,83
2026-01-23 10:20:00,8.12,8.145,8.12,8.14,89
2026-01-23 10:21:00,8.135,8.14,8.125,8.14,19
2026-01-23 10:22:00,8.14,8.14,8.135,8.135,50
2026-01-23 10:23:00,8.13,8.145,8.11,8.145,77
2026-01-23 10:24:00,8.145,8.17,8.135,8.165,235
2026-01-23 10:25:00,8.17,8.19,8.165,8.165,124
2026-01-23 10:26:00,8.165,8.17,8.155,8.16,55
2026-01-23 10:27:00,8.165,8.165,8.155,8.155,7
2026-01-23 10:28:00,8.16,8.165,8.15,8.16,244
2026-01-23 10:29:00,8.155,8.16,8.155,8.155,47
2026-01-23 10:30:00,8.155,8.175,8.155,8.175,107
2026-01-23 10:31:00,8.175,8.185,8.17,8.175,129
2026-01-23 10:32:00,8.18,8.18,8.18,8.18,1
2026-01-23 10:33:00,8.175,8.18,8.155,8.175,84
2026-01-23 10:34:00,8.18,8.18,8.16,8.16,67
2026-01-23 10:35:00,8.15,8.15,8.11,8.115,120
2026-01-23 10:36:00,8.12,8.125,8.115,8.125,21
2026-01-23 10:37:00,8.12,8.135,8.12,8.135,29
2026-01-23 10:38:00,8.14,8.14,8.135,8.135,18
2026-01-23 10:39:00,8.1399,8.145,8.135,8.14,34
2026-01-23 10:40:00,8.14,8.15,8.135,8.15,23
2026-01-23 10:41:00,8.155,8.169,8.145,8.165,65
2026-01-23 10:42:00,8.17,8.17,8.1314,8.1314,30
2026-01-23 10:43:00,8.1312,8.145,8.13,8.135,120
2026-01-23 10:44:00,8.14,8.14,8.1394,8.14,20
2026-01-23 10:45:00,8.145,8.145,8.13,8.135,23
2026-01-23 10:46:00,8.14,8.14,8.135,8.135,12
2026-01-23 10:47:00,8.135,8.14,8.135,8.135,33
2026-01-23 10:48:00,8.13,8.13,8.125,8.125,60
2026-01-23 10:49:00,8.12,8.135,8.12,8.135,38
2026-01-23 10:50:00,8.135,8.14,8.13,8.135,21
2026-01-23 10:51:00,8.135,8.14,8.135,8.135,16
2026-01-23 10:52:00,8.14,8.14,8.135,8.135,13
2026-01-23 10:53:00,8.135,8.135,8.135,8.135,0
2026-01-23 10:54:00,8.14,8.14,8.14,8.14,1
2026-01-23 10:55:00,8.14,8.145,8.125,8.125,42
2026-01-23 10:56:00,8.13,8.13,8.11,8.115,76
2026-01-23 10:57:00,8.11,8.11,8.095,8.095,141
2026-01-23 10:58:00,8.1,8.1,8.09,8.09,50
2026-01-23 10:59:00,8.085,8.09,8.08,8.08,27
2026-01-23 11:00:00,8.08,8.0899,8.075,8.085,103
2026-01-23 11:01:00,8.09,8.095,8.065,8.075,128
2026-01-23 11:02:00,8.08,8.08,8.0612,8.065,18
2026-01-23 11:03:00,8.065,8.065,8.0614,8.065,16
2026-01-23 11:04:00,8.07,8.07,8.055,8.055,16
2026-01-23 11:05:00,8.0683,8.0683,8.06,8.06,7
2026-01-23 11:06:00,8.06,8.06,8.045,8.055,91
2026-01-23 11:07:00,8.0503,8.0593,8.0503,8.055,19
2026-01-23 11:08:00,8.055,8.07,8.045,8.07,79
2026-01-23 11:09:00,8.075,8.09,8.075,8.075,35
2026-01-23 11:10:00,8.075,8.075,8.0645,8.065,14
2026-01-23 11:11:00,8.06,8.09,8.06,8.09,49
2026-01-23 11:12:00,8.085,8.085,8.08,8.08,4
2026-01-23 11:13:00,8.085,8.085,8.075,8.0766,50
2026-01-23 11:14:00,8.08,8.08,8.074,8.074,7
2026-01-23 11:15:00,8.075,8.085,8.065,8.078,138
2026-01-23 11:16:00,8.08,8.08,8.075,8.075,5
2026-01-23 11:17:00,8.07,8.07,8.06,8.06,16
2026-01-23 11:18:00,8.0601,8.0601,8.055,8.06,14
2026-01-23 11:19:00,8.05,8.055,8.05,8.05,13
2026-01-23 11:20:00,8.055,8.06,8.045,8.055,21
2026-01-23 11:21:00,8.06,8.065,8.055,8.065,22
2026-01-23 11:22:00,8.07,8.075,8.045,8.045,32
2026-01-23 11:23:00,8.045,8.0579,8.04,8.0501,109
2026-01-23 11:24:00,8.05,8.065,8.05,8.065,19
2026-01-23 11:25:00,8.065,8.065,8.065,8.065,2
2026-01-23 11:26:00,8.065,8.065,8.065,8.065,1
2026-01-23 11:27:00,8.06,8.06,8.05,8.055,17
2026-01-23 11:28:00,8.06,8.06,8.055,8.055,5
2026-01-23 11:29:00,8.055,8.055,8.055,8.055,1
2026-01-23 11:30:00,8.06,8.06,8.05,8.055,5
2026-01-23 11:31:00,8.0558,8.059,8.055,8.055,16
2026-01-23 11:32:00,8.05,8.0587,8.045,8.0587,133
2026-01-23 11:33:00,8.05,8.06,8.05,8.055,18
2026-01-23 11:34:00,8.06,8.06,8.055,8.055,5
2026-01-23 11:35:00,8.0546,8.055,8.05,8.055,9
2026-01-23 11:36:00,8.055,8.06,8.045,8.05,42
2026-01-23 11:37:00,8.045,8.065,8.045,8.065,109
2026-01-23 11:38:00,8.07,8.07,8.07,8.07,4
2026-01-23 11:39:00,8.0699,8.08,8.0699,8.075,20
2026-01-23 11:40:00,8.08,8.095,8.08,8.095,28
2026-01-23 11:41:00,8.095,8.0967,8.0932,8.095,24
2026-01-23 11:42:00,8.1,8.1,8.0806,8.0806,56
2026-01-23 11:43:00,8.085,8.085,8.0834,8.085,7
2026-01-23 11:44:00,8.09,8.105,8.085,8.095,165
2026-01-23 11:45:00,8.09,8.09,8.075,8.075,35
2026-01-23 11:46:00,8.08,8.08,8.075,8.075,4
2026-01-23 11:47:00,8.07,8.09,8.055,8.0858,129
2026-01-23 11:48:00,8.09,8.09,8.015,8.03,497
2026-01-23 11:49:00,8.035,8.035,8.02,8.025,73
2026-01-23 11:50:00,8.03,8.03,7.99,7.9972,335
2026-01-23 11:51:00,7.995,7.995,7.995,7.995,6
2026-01-23 11:52:00,8.0,8.0,7.99,7.99,25
2026-01-23 11:53:00,7.995,7.995,7.985,7.985,29
2026-01-23 11:54:00,7.985,8.01,7.98,8.005,174
2026-01-23 11:55:00,8.005,8.005,8.005,8.005,6
2026-01-23 11:56:00,8.01,8.01,7.995,7.995,36
2026-01-23 11:57:00,7.99,7.99,7.95,7.95,165
2026-01-23 11:58:00,7.955,7.955,7.945,7.945,103
2026-01-23 11:59:00,7.945,7.955,7.945,7.945,31
2026-01-23 12:00:00,7.945,7.96,7.945,7.955,38
2026-01-23 12:01:00,7.955,7.955,7.945,7.945,41
2026-01-23 12:02:00,7.945,7.975,7.935,7.97,124
2026-01-23 12:03:00,7.9684,7.97,7.96,7.97,7
2026-01-23 12:04:00,7.96,7.97,7.96,7.965,13
2026-01-23 12:05:00,7.97,7.97,7.9633,7.97,40
2026-01-23 12:06:00,7.98,7.985,7.97,7.97,25
2026-01-23 12:07:00,7.9699,7.9699,7.9645,7.965,51
2026-01-23 12:08:00,7.97,7.97,7.965,7.965,9
2026-01-23 12:09:00,7.96,7.9656,7.945,7.945,37
2026-01-23 12:10:00,7.95,7.95,7.94,7.945,34
2026-01-23 12:11:00,7.945,7.95,7.94,7.9489,69
2026-01-23 12:12:00,7.95,7.96,7.95,7.96,27
2026-01-23 12:13:00,7.952,7.9999,7.945,7.985,748
2026-01-23 12:14:00,7.99,7.99,7.965,7.965,33
2026-01-23 12:15:00,7.965,7.98,7.965,7.975,44
2026-01-23 12:16:00,7.97,7.97,7.965,7.965,10
2026-01-23 12:17:00,7.965,7.965,7.965,7.965,3
2026-01-23 12:18:00,7.97,7.97,7.96,7.96,11
2026-01-23 12:19:00,7.965,7.965,7.965,7.965,12
2026-01-23 12:20:00,7.97,7.97,7.96,7.97,6
2026-01-23 12:21:00,7.96,7.96,7.95,7.955,267
2026-01-23 12:22:00,7.955,7.955,7.94,7.945,59
2026-01-23 12:23:00,7.945,7.97,7.945,7.97,47
2026-01-23 12:24:00,7.965,7.965,7.955,7.955,5
2026-01-23 12:25:00,7.9586,7.9586,7.955,7.955,8
2026-01-23 12:26:00,7.96,7.97,7.955,7.965,95
2026-01-23 12:27:00,7.96,7.96,7.955,7.955,8
2026-01-23 12:28:00,7.96,7.96,7.955,7.955,15
2026-01-23 12:29:00,7.955,7.955,7.955,7.955,3
2026-01-23 12:30:00,7.96,7.96,7.95,7.955,29
2026-01-23 12:31:00,7.945,7.945,7.945,7.945,2
2026-01-23 12:32:00,7.95,7.95,7.93,7.93,25
2026-01-23 12:33:00,7.93,7.939,7.93,7.935,101
2026-01-23 12:34:00,7.94,7.945,7.93,7.935,74
2026-01-23 12:35:00,7.935,7.935,7.925,7.9294,28
2026-01-23 12:36:00,7.93,7.945,7.93,7.945,50
2026-01-23 12:37:00,7.94,7.94,7.94,7.94,1
2026-01-23 12:38:00,7.95,7.95,7.945,7.9499,44
2026-01-23 12:39:00,7.945,7.945,7.94,7.945,16
2026-01-23 12:40:00,7.95,7.95,7.925,7.925,111
2026-01-23 12:41:00,7.925,7.925,7.925,7.925,12
2026-01-23 12:42:00,7.925,7.93,7.925,7.93,34
2026-01-23 12:43:00,7.925,7.925,7.925,7.925,3
2026-01-23 12:44:00,7.925,7.945,7.925,7.94,65
2026-01-23 12:45:00,7.925,7.925,7.925,7.925,2
2026-01-23 12:46:00,7.93,7.93,7.92,7.92,25
2026-01-23 12:47:00,7.925,7.93,7.925,7.93,37
2026-01-23 12:48:00,7.935,7.935,7.925,7.925,7
2026-01-23 12:49:00,7.925,7.925,7.925,7.925,3
2026-01-23 12:50:00,7.93,7.93,7.925,7.925,6
2026-01-23 12:51:00,7.9299,7.9299,7.92,7.92,9
2026-01-23 12:52:00,7.92,7.925,7.915,7.925,81
2026-01-23 12:53:00,7.925,7.925,7.925,7.925,14
2026-01-23 12:54:00,7.92,7.92,7.9109,7.915,36
2026-01-23 12:55:00,7.915,7.915,7.9146,7.915,13
2026-01-23 12:56:00,7.92,7.92,7.885,7.9,394
2026-01-23 12:57:00,7.892,7.892,7.88,7.885,55
2026-01-23 12:58:00,7.89,7.8966,7.885,7.895,66
2026-01-23 12:59:00,7.895,7.895,7.895,7.895,8
2026-01-23 13:00:00,7.9,7.905,7.885,7.8885,69
2026-01-23 13:01:00,7.89,7.89,7.885,7.885,42
2026-01-23 13:02:00,7.89,7.89,7.8891,7.8891,10
2026-01-23 13:03:00,7.885,7.905,7.885,7.905,49
2026-01-23 13:04:00,7.91,7.91,7.905,7.905,31
2026-01-23 13:05:00,7.91,7.91,7.9,7.905,67
2026-01-23 13:06:00,7.91,7.91,7.9,7.905,37
2026-01-23 13:07:00,7.905,7.91,7.905,7.905,7
2026-01-23 13:08:00,7.91,7.915,7.9,7.91,73
2026-01-23 13:09:00,7.9,7.9,7.8946,7.8946,16
2026-01-23 13:10:00,7.9,7.9,7.885,7.885,19
2026-01-23 13:11:00,7.88,7.8855,7.88,7.885,5
2026-01-23 13:12:00,7.885,7.885,7.88,7.885,48
2026-01-23 13:13:00,7.885,7.885,7.885,7.885,13
2026-01-23 13:14:00,7.89,7.89,7.87,7.875,68
2026-01-23 13:15:00,7.875,7.8754,7.875,7.875,5
2026-01-23 13:16:00,7.88,7.88,7.875,7.875,25
2026-01-23 13:17:00,7.875,7.875,7.875,7.875,7
2026-01-23 13:18:00,7.87,7.88,7.87,7.875,15
2026-01-23 13:19:00,7.875,7.875,7.82,7.825,300
2026-01-23 13:20:00,7.825,7.845,7.81,7.83,158
2026-01-23 13:21:00,7.835,7.839,7.835,7.839,15
2026-01-23 13:22:00,7.84,7.84,7.815,7.82,35
2026-01-23 13:23:00,7.815,7.8154,7.8118,7.815,41
2026-01-23 13:24:00,7.82,7.825,7.815,7.815,100
2026-01-23 13:25:00,7.815,7.83,7.815,7.8289,45
2026-01-23 13:26:00,7.825,7.83,7.825,7.8254,16
2026-01-23 13:27:00,7.825,7.8252,7.815,7.815,89
2026-01-23 13:28:00,7.815,7.8187,7.815,7.8187,6
2026-01-23 13:29:00,7.815,7.815,7.805,7.805,23
2026-01-23 13:30:00,7.805,7.81,7.8,7.8,110
2026-01-23 13:31:00,7.81,7.81,7.805,7.81,5
2026-01-23 13:32:00,7.8046,7.82,7.8046,7.815,75
2026-01-23 13:33:00,7.8159,7.82,7.8144,7.82,81
2026-01-23 13:34:00,7.815,7.815,7.805,7.805,82
2026-01-23 13:35:00,7.8099,7.81,7.805,7.81,11
2026-01-23 13:36:00,7.8083,7.8084,7.805,7.805,15
2026-01-23 13:37:00,7.81,7.825,7.81,7.82,74
2026-01-23 13:38:00,7.8199,7.825,7.815,7.815,84
2026-01-23 13:39:00,7.815,7.815,7.805,7.81,37
2026-01-23 13:40:00,7.805,7.807,7.795,7.805,155
2026-01-23 13:41:00,7.805,7.82,7.805,7.82,24
2026-01-23 13:42:00,7.81,7.815,7.805,7.805,18
2026-01-23 13:43:00,7.805,7.81,7.8009,7.81,17
2026-01-23 13:44:00,7.8,7.805,7.8,7.8034,7
2026-01-23 13:45:00,7.8,7.805,7.8,7.805,6
2026-01-23 13:46:00,7.8,7.8,7.785,7.785,89
2026-01-23 13:47:00,7.782,7.79,7.78,7.79,84
2026-01-23 13:48:00,7.785,7.785,7.78,7.78,17
2026-01-23 13:49:00,7.785,7.8,7.785,7.8,35
2026-01-23 13:50:00,7.795,7.7956,7.79,7.795,30
2026-01-23 13:51:00,7.7913,7.81,7.7913,7.81,26
2026-01-23 13:52:00,7.805,7.825,7.8,7.825,194
2026-01-23 13:53:00,7.83,7.83,7.815,7.815,22
2026-01-23 13:54:00,7.82,7.82,7.8144,7.815,38
2026-01-23 13:55:00,7.815,7.815,7.815,7.815,5
2026-01-23 13:56:00,7.815,7.816,7.8101,7.815,49
2026-01-23 13:57:00,7.815,7.84,7.815,7.84,41
2026-01-23 13:58:00,7.84,7.845,7.84,7.845,12
2026-01-23 13:59:00,7.845,7.845,7.825,7.83,28
2026-01-23 14:00:00,7.825,7.825,7.815,7.815,7
2026-01-23 14:01:00,7.81,7.8299,7.805,7.82,77
2026-01-23 14:02:00,7.815,7.815,7.815,7.815,10
2026-01-23 14:03:00,7.815,7.815,7.815,7.815,8
2026-01-23 14:04:00,7.8198,7.83,7.815,7.825,142
2026-01-23 14:05:00,7.827,7.83,7.825,7.825,24
2026-01-23 14:06:00,7.825,7.845,7.825,7.84,87
2026-01-23 14:07:00,7.83,7.83,7.81,7.82,36
2026-01-23 14:08:00,7.82,7.83,7.82,7.83,30
2026-01-23 14:09:00,7.835,7.84,7.835,7.84,45
2026-01-23 14:10:00,7.84,7.84,7.835,7.835,6
2026-01-23 14:11:00,7.835,7.84,7.835,7.84,45
2026-01-23 14:12:00,7.8353,7.84,7.83,7.835,41
2026-01-23 14:13:00,7.83,7.83,7.82,7.83,51
2026-01-23 14:14:00,7.825,7.845,7.825,7.845,89
2026-01-23 14:15:00,7.845,7.85,7.845,7.85,3
2026-01-23 14:16:00,7.845,7.845,7.8445,7.845,10
2026-01-23 14:17:00,7.845,7.85,7.84,7.85,23
2026-01-23 14:18:00,7.8499,7.85,7.845,7.845,49
2026-01-23 14:19:00,7.845,7.85,7.845,7.85,3
2026-01-23 14:20:00,7.85,7.855,7.8401,7.845,124
2026-01-23 14:21:00,7.845,7.85,7.84,7.85,138
2026-01-23 14:22:00,7.845,7.8479,7.845,7.845,16
2026-01-23 14:23:00,7.85,7.85,7.85,7.85,1
2026-01-23 14:24:00,7.845,7.845,7.845,7.845,11
2026-01-23 14:25:00,7.85,7.85,7.835,7.84,37
2026-01-23 14:26:00,7.84,7.84,7.835,7.8385,21
2026-01-23 14:27:00,7.835,7.84,7.835,7.84,5
2026-01-23 14:28:00,7.835,7.835,7.835,7.835,2
2026-01-23 14:29:00,7.835,7.8458,7.835,7.845,50
2026-01-23 14:30:00,7.84,7.84,7.815,7.815,41
2026-01-23 14:31:00,7.815,7.82,7.813,7.82,56
2026-01-23 14:32:00,7.815,7.825,7.815,7.825,32
2026-01-23 14:33:00,7.83,7.83,7.83,7.83,1
2026-01-23 14:34:00,7.82,7.82,7.815,7.815,18
2026-01-23 14:35:00,7.815,7.82,7.815,7.82,36
2026-01-23 14:36:00,7.825,7.83,7.825,7.825,5
2026-01-23 14:37:00,7.82,7.82,7.81,7.81,56
2026-01-23 14:38:00,7.815,7.815,7.81,7.815,31
2026-01-23 14:39:00,7.8154,7.8154,7.805,7.81,36
2026-01-23 14:40:00,7.815,7.82,7.815,7.8161,147
2026-01-23 14:41:00,7.815,7.82,7.81,7.82,24
2026-01-23 14:42:00,7.815,7.83,7.815,7.82,264
2026-01-23 14:43:00,7.82,7.835,7.815,7.835,95
2026-01-23 14:44:00,7.835,7.835,7.835,7.835,0
2026-01-23 14:45:00,7.835,7.845,7.825,7.835,219
2026-01-23 14:46:00,7.83,7.83,7.825,7.825,24
2026-01-23 14:47:00,7.825,7.83,7.825,7.825,18
2026-01-23 14:48:00,7.825,7.825,7.81,7.815,40
2026-01-23 14:49:00,7.815,7.82,7.815,7.82,2
2026-01-23 14:50:00,7.815,7.815,7.815,7.815,6
2026-01-23 14:51:00,7.82,7.83,7.815,7.83,76
2026-01-23 14:52:00,7.83,7.83,7.82,7.82,21
2026-01-23 14:53:00,7.815,7.82,7.815,7.82,5
2026-01-23 14:54:00,7.815,7.815,7.815,7.815,1
2026-01-23 14:55:00,7.815,7.815,7.78,7.785,362
2026-01-23 14:56:00,7.7865,7.7865,7.782,7.785,8
2026-01-23 14:57:00,7.785,7.79,7.785,7.79,63
2026-01-23 14:58:00,7.785,7.795,7.785,7.795,61
2026-01-23 14:59:00,7.795,7.8,7.795,7.795,5
2026-01-23 15:00:00,7.795,7.795,7.785,7.785,103
2026-01-23 15:01:00,7.78,7.79,7.77,7.7865,130
2026-01-23 15:02:00,7.785,7.805,7.785,7.795,223
2026-01-23 15:03:00,7.795,7.8,7.795,7.8,5
2026-01-23 15:04:00,7.7955,7.8,7.795,7.795,14
2026-01-23 15:05:00,7.795,7.8,7.795,7.8,5
2026-01-23 15:06:00,7.795,7.795,7.795,7.795,5
2026-01-23 15:07:00,7.795,7.795,7.78,7.785,57
2026-01-23 15:08:00,7.785,7.79,7.785,7.785,61
2026-01-23 15:09:00,7.785,7.7951,7.785,7.79,130
2026-01-23 15:10:00,7.785,7.795,7.785,7.795,50
2026-01-23 15:11:00,7.795,7.8,7.795,7.8,2
2026-01-23 15:12:00,7.8,7.8,7.8,7.8,0
2026-01-23 15:13:00,7.795,7.8,7.7906,7.8,69
2026-01-23 15:14:00,7.795,7.795,7.795,7.795,6
2026-01-23 15:15:00,7.795,7.8,7.79,7.8,9
2026-01-23 15:16:00,7.795,7.8,7.79,7.8,21
2026-01-23 15:17:00,7.795,7.8,7.795,7.8,10
2026-01-23 15:18:00,7.795,7.805,7.795,7.805,174
2026-01-23 15:19:00,7.8094,7.8094,7.785,7.785,76
2026-01-23 15:20:00,7.785,7.8,7.785,7.7993,57
2026-01-23 15:21:00,7.795,7.795,7.79,7.79,18
2026-01-23 15:22:00,7.788,7.79,7.785,7.785,37
2026-01-23 15:23:00,7.7837,7.79,7.7837,7.79,19
2026-01-23 15:24:00,7.785,7.785,7.7833,7.785,4
2026-01-23 15:25:00,7.785,7.79,7.785,7.79,11
2026-01-23 15:26:00,7.79,7.795,7.785,7.795,52
2026-01-23 15:27:00,7.795,7.8,7.795,7.795,18
2026-01-23 15:28:00,7.795,7.8,7.7916,7.795,11
2026-01-23 15:29:00,7.795,7.8,7.79,7.8,190
2026-01-23 15:30:00,7.8,7.8,7.775,7.785,179
2026-01-23 15:31:00,7.785,7.79,7.785,7.79,38
2026-01-23 15:32:00,7.785,7.8,7.785,7.795,45
2026-01-23 15:33:00,7.8,7.8055,7.795,7.8,54
2026-01-23 15:34:00,7.8,7.81,7.8,7.805,138
2026-01-23 15:35:00,7.805,7.815,7.805,7.805,151
2026-01-23 15:36:00,7.805,7.805,7.795,7.795,214
2026-01-23 15:37:00,7.795,7.82,7.795,7.82,120
2026-01-23 15:38:00,7.815,7.8198,7.805,7.805,92
2026-01-23 15:39:00,7.805,7.82,7.804,7.815,129
2026-01-23 15:40:00,7.81,7.82,7.81,7.82,56
2026-01-23 15:41:00,7.8194,7.825,7.815,7.815,102
2026-01-23 15:42:00,7.815,7.82,7.8139,7.8168,42
2026-01-23 15:43:00,7.82,7.83,7.8199,7.83,81
2026-01-23 15:44:00,7.825,7.835,7.825,7.825,143
2026-01-23 15:45:00,7.825,7.84,7.825,7.835,120
2026-01-23 15:46:00,7.83,7.835,7.83,7.835,49
2026-01-23 15:47:00,7.835,7.84,7.835,7.835,54
2026-01-23 15:48:00,7.83,7.83,7.8236,7.825,97
2026-01-23 15:49:00,7.825,7.825,7.81,7.811,133
2026-01-23 15:50:00,7.815,7.82,7.815,7.82,35
2026-01-23 15:51:00,7.8199,7.8385,7.805,7.805,403
2026-01-23 15:52:00,7.8097,7.8097,7.795,7.795,155
2026-01-23 15:53:00,7.795,7.7986,7.79,7.795,65
2026-01-23 15:54:00,7.79,7.8,7.775,7.775,238
2026-01-23 15:55:00,7.78,7.78,7.77,7.78,272
2026-01-23 15:56:00,7.775,7.7781,7.775,7.775,96
2026-01-23 15:57:00,7.775,7.78,7.765,7.765,582
2026-01-23 15:58:00,7.765,7.785,7.765,7.78,396
2026-01-23 15:59:00,7.785,7.79,7.76,7.77,869
2026-01-26 09:30:00,7.76,7.76,7.62,7.63,637
2026-01-26 09:31:00,7.63,7.63,7.5605,7.595,164
2026-01-26 09:32:00,7.57,7.59,7.561,7.561,43
2026-01-26 09:33:00,7.59,7.59,7.55,7.5834,136
2026-01-26 09:34:00,7.58,7.615,7.58,7.61,106
2026-01-26 09:35:00,7.5901,7.66,7.5901,7.64,98
2026-01-26 09:36:00,7.62,7.68,7.62,7.68,147
2026-01-26 09:37:00,7.67,7.675,7.655,7.67,42
2026-01-26 09:38:00,7.67,7.7388,7.67,7.7388,85
2026-01-26 09:39:00,7.725,7.7367,7.72,7.72,52
2026-01-26 09:40:00,7.71,7.71,7.7026,7.709,18
2026-01-26 09:41:00,7.72,7.73,7.71,7.73,50
2026-01-26 09:42:00,7.72,7.7283,7.72,7.72,44
2026-01-26 09:43:00,7.73,7.745,7.7258,7.7399,52
2026-01-26 09:44:00,7.73,7.745,7.72,7.745,27
2026-01-26 09:45:00,7.74,7.82,7.74,7.815,368
2026-01-26 09:46:00,7.815,7.87,7.815,7.8657,241
2026-01-26 09:47:00,7.87,7.92,7.86,7.87,170
2026-01-26 09:48:00,7.9,7.9,7.865,7.865,27
2026-01-26 09:49:00,7.86,7.89,7.86,7.89,28
2026-01-26 09:50:00,7.875,7.9274,7.8738,7.92,72
2026-01-26 09:51:00,7.925,7.93,7.895,7.91,54
2026-01-26 09:52:00,7.91,7.92,7.89,7.89,88
2026-01-26 09:53:00,7.88,7.88,7.87,7.87,14
2026-01-26 09:54:00,7.875,7.88,7.85,7.86,44
2026-01-26 09:55:00,7.845,7.845,7.84,7.84,7
2026-01-26 09:56:00,7.813,7.84,7.813,7.84,7
2026-01-26 09:57:00,7.825,7.84,7.81,7.8387,25
2026-01-26 09:58:00,7.825,7.84,7.81,7.81,20
2026-01-26 09:59:00,7.825,7.84,7.79,7.795,56
2026-01-26 10:00:00,7.805,7.835,7.8,7.834,128
2026-01-26 10:01:00,7.824,7.855,7.82,7.855,85
2026-01-26 10:02:00,7.8599,7.8656,7.845,7.8656,100
2026-01-26 10:03:00,7.865,7.865,7.85,7.855,120
2026-01-26 10:04:00,7.855,7.86,7.845,7.845,36
2026-01-26 10:05:00,7.84,7.84,7.81,7.815,44
2026-01-26 10:06:00,7.815,7.815,7.8,7.805,8
2026-01-26 10:07:00,7.805,7.805,7.8,7.8,38
2026-01-26 10:08:00,7.8,7.805,7.8,7.805,14
2026-01-26 10:09:00,7.805,7.81,7.805,7.805,86
2026-01-26 10:10:00,7.805,7.82,7.8,7.815,105
2026-01-26 10:11:00,7.8145,7.8262,7.8145,7.825,16
2026-01-26 10:12:00,7.82,7.82,7.81,7.815,69
2026-01-26 10:13:00,7.81,7.817,7.805,7.805,16
2026-01-26 10:14:00,7.81,7.81,7.805,7.805,3
2026-01-26 10:15:00,7.805,7.829,7.805,7.8254,37
2026-01-26 10:16:00,7.82,7.84,7.8186,7.835,44
2026-01-26 10:17:00,7.835,7.875,7.835,7.86,62
2026-01-26 10:18:00,7.855,7.855,7.85,7.855,31
2026-01-26 10:19:00,7.86,7.865,7.86,7.865,24
2026-01-26 10:20:00,7.8696,7.89,7.865,7.89,99
2026-01-26 10:21:00,7.89,7.915,7.88,7.895,126
2026-01-26 10:22:00,7.8999,7.92,7.895,7.92,80
2026-01-26 10:23:00,7.915,7.935,7.91,7.9289,97
2026-01-26 10:24:00,7.925,7.925,7.92,7.925,63
2026-01-26 10:25:00,7.93,7.93,7.915,7.915,61
2026-01-26 10:26:00,7.92,7.925,7.9069,7.915,78
2026-01-26 10:27:00,7.915,7.92,7.915,7.92,16
2026-01-26 10:28:00,7.925,7.925,7.92,7.92,3
2026-01-26 10:29:00,7.91,7.915,7.905,7.905,17
2026-01-26 10:30:00,7.9,7.9,7.89,7.89,36
2026-01-26 10:31:00,7.8872,7.9,7.885,7.9,43
2026-01-26 10:32:00,7.8901,7.895,7.89,7.895,57
2026-01-26 10:33:00,7.895,7.895,7.895,7.895,1
2026-01-26 10:34:00,7.895,7.9,7.895,7.895,4
2026-01-26 10:35:00,7.895,7.9,7.87,7.87,127
2026-01-26 10:36:00,7.875,7.875,7.87,7.87,6
2026-01-26 10:37:00,7.87,7.87,7.86,7.865,19
2026-01-26 10:38:00,7.865,7.885,7.865,7.88,35
2026-01-26 10:39:00,7.885,7.885,7.87,7.875,27
2026-01-26 10:40:00,7.875,7.875,7.86,7.865,20
2026-01-26 10:41:00,7.865,7.88,7.865,7.875,35
2026-01-26 10:42:00,7.875,7.875,7.83,7.83,536
2026-01-26 10:43:00,7.835,7.835,7.835,7.835,4
2026-01-26 10:44:00,7.835,7.835,7.83,7.83,21
2026-01-26 10:45:00,7.825,7.83,7.825,7.83,10
2026-01-26 10:46:00,7.835,7.845,7.835,7.845,17
2026-01-26 10:47:00,7.85,7.85,7.845,7.845,5
2026-01-26 10:48:00,7.85,7.858,7.84,7.85,21
2026-01-26 10:49:00,7.86,7.86,7.845,7.845,26
2026-01-26 10:50:00,7.845,7.86,7.845,7.855,65
2026-01-26 10:51:00,7.8558,7.865,7.855,7.865,20
2026-01-26 10:52:00,7.86,7.86,7.855,7.855,15
2026-01-26 10:53:00,7.86,7.86,7.85,7.85,32
2026-01-26 10:54:00,7.85,7.85,7.84,7.84,34
2026-01-26 10:55:00,7.845,7.855,7.84,7.84,58
2026-01-26 10:56:00,7.8399,7.84,7.835,7.84,14
2026-01-26 10:57:00,7.8401,7.8401,7.8401,7.8401,1
2026-01-26 10:58:00,7.845,7.85,7.84,7.84,37
2026-01-26 10:59:00,7.845,7.845,7.845,7.845,1
2026-01-26 11:00:00,7.845,7.845,7.845,7.845,24
2026-01-26 11:01:00,7.845,7.845,7.84,7.84,12
2026-01-26 11:02:00,7.845,7.85,7.8317,7.8317,32
2026-01-26 11:03:00,7.84,7.8499,7.835,7.845,34
2026-01-26 11:04:00,7.84,7.84,7.84,7.84,1
2026-01-26 11:05:00,7.84,7.84,7.8214,7.825,32
2026-01-26 11:06:00,7.8255,7.8276,7.8255,7.8276,3
2026-01-26 11:07:00,7.82,7.825,7.82,7.825,3
2026-01-26 11:08:00,7.825,7.845,7.825,7.845,25
2026-01-26 11:09:00,7.845,7.86,7.84,7.84,22
2026-01-26 11:10:00,7.845,7.85,7.845,7.845,3
2026-01-26 11:11:00,7.845,7.8458,7.845,7.8458,9
2026-01-26 11:12:00,7.85,7.85,7.825,7.825,42
2026-01-26 11:13:00,7.825,7.83,7.825,7.825,12
2026-01-26 11:14:00,7.82,7.82,7.82,7.82,6
2026-01-26 11:15:00,7.815,7.815,7.81,7.815,10
2026-01-26 11:16:00,7.815,7.815,7.815,7.815,1
2026-01-26 11:17:00,7.815,7.835,7.815,7.83,73
2026-01-26 11:18:00,7.8345,7.835,7.8318,7.835,16
2026-01-26 11:19:00,7.83,7.83,7.83,7.83,43
2026-01-26 11:20:00,7.83,7.8311,7.8211,7.8214,65
2026-01-26 11:21:00,7.83,7.835,7.83,7.835,10
2026-01-26 11:22:00,7.8367,7.865,7.835,7.86,61
2026-01-26 11:23:00,7.85,7.85,7.845,7.8499,27
2026-01-26 11:24:00,7.845,7.8476,7.845,7.845,58
2026-01-26 11:25:00,7.845,7.845,7.84,7.84,3
2026-01-26 11:26:00,7.845,7.845,7.84,7.84,3
2026-01-26 11:27:00,7.845,7.855,7.84,7.84,54
2026-01-26 11:28:00,7.83,7.835,7.83,7.835,2
2026-01-26 11:29:00,7.83,7.835,7.83,7.83,5
2026-01-26 11:30:00,7.835,7.835,7.83,7.83,10
2026-01-26 11:31:00,7.83,7.83,7.8203,7.825,32
2026-01-26 11:32:00,7.825,7.8499,7.825,7.8499,53
2026-01-26 11:33:00,7.845,7.845,7.845,7.845,4
2026-01-26 11:34:00,7.845,7.845,7.8301,7.835,86
2026-01-26 11:35:00,7.83,7.83,7.82,7.825,23
2026-01-26 11:36:00,7.825,7.825,7.82,7.82,4
2026-01-26 11:37:00,7.825,7.825,7.82,7.825,10
2026-01-26 11:38:00,7.825,7.829,7.825,7.825,10
2026-01-26 11:39:00,7.82,7.82,7.82,7.82,1
2026-01-26 11:40:00,7.825,7.825,7.815,7.815,62
2026-01-26 11:41:00,7.815,7.82,7.815,7.82,22
2026-01-26 11:42:00,7.82,7.82,7.815,7.815,13
2026-01-26 11:43:00,7.815,7.82,7.8139,7.82,57
2026-01-26 11:44:00,7.825,7.825,7.82,7.825,8
2026-01-26 11:45:00,7.825,7.825,7.825,7.825,0
2026-01-26 11:46:00,7.825,7.825,7.825,7.825,2
2026-01-26 11:47:00,7.83,7.83,7.82,7.825,9
2026-01-26 11:48:00,7.825,7.83,7.825,7.825,5
2026-01-26 11:49:00,7.825,7.83,7.825,7.825,8
2026-01-26 11:50:00,7.82,7.83,7.815,7.82,71
2026-01-26 11:51:00,7.815,7.815,7.812,7.815,5
2026-01-26 11:52:00,7.82,7.82,7.82,7.82,10
2026-01-26 11:53:00,7.815,7.815,7.815,7.815,1
2026-01-26 11:54:00,7.815,7.82,7.815,7.82,4
2026-01-26 11:55:00,7.81,7.815,7.81,7.815,3
2026-01-26 11:56:00,7.8107,7.815,7.8107,7.815,9
2026-01-26 11:57:00,7.82,7.835,7.81,7.835,86
2026-01-26 11:58:00,7.83,7.835,7.83,7.835,8
2026-01-26 11:59:00,7.8317,7.845,7.8317,7.835,154
2026-01-26 12:00:00,7.835,7.835,7.83,7.83,4
2026-01-26 12:01:00,7.83,7.83,7.83,7.83,0
2026-01-26 12:02:00,7.833,7.833,7.833,7.833,1
2026-01-26 12:03:00,7.835,7.835,7.83,7.835,6
2026-01-26 12:04:00,7.835,7.86,7.835,7.855,93
2026-01-26 12:05:00,7.855,7.855,7.85,7.855,77
2026-01-26 12:06:00,7.855,7.89,7.85,7.875,474
2026-01-26 12:07:00,7.875,7.875,7.875,7.875,2
2026-01-26 12:08:00,7.87,7.87,7.85,7.855,49
2026-01-26 12:09:00,7.855,7.855,7.855,7.855,6
2026-01-26 12:10:00,7.855,7.855,7.85,7.85,9
2026-01-26 12:11:00,7.845,7.85,7.845,7.85,16
2026-01-26 12:12:00,7.845,7.845,7.845,7.845,1
2026-01-26 12:13:00,7.845,7.845,7.845,7.845,2
2026-01-26 12:14:00,7.84,7.845,7.84,7.845,2
2026-01-26 12:15:00,7.845,7.845,7.845,7.845,3
2026-01-26 12:16:00,7.845,7.845,7.84,7.84,5
2026-01-26 12:17:00,7.845,7.845,7.84,7.845,7
2026-01-26 12:18:00,7.845,7.845,7.845,7.845,2
2026-01-26 12:19:00,7.85,7.85,7.845,7.845,6
2026-01-26 12:20:00,7.845,7.85,7.845,7.845,4
2026-01-26 12:21:00,7.845,7.85,7.845,7.85,3
2026-01-26 12:22:00,7.85,7.85,7.84,7.85,4
2026-01-26 12:23:00,7.85,7.85,7.845,7.85,8
2026-01-26 12:24:00,7.85,7.85,7.84,7.84,7
2026-01-26 12:25:00,7.845,7.85,7.845,7.85,5
2026-01-26 12:26:00,7.85,7.85,7.84,7.845,7
2026-01-26 12:27:00,7.85,7.855,7.84,7.845,65
2026-01-26 12:28:00,7.84,7.85,7.835,7.85,62
2026-01-26 12:29:00,7.86,7.87,7.855,7.87,31
2026-01-26 12:30:00,7.865,7.865,7.855,7.865,34
2026-01-26 12:31:00,7.865,7.865,7.865,7.865,2
2026-01-26 12:32:00,7.865,7.865,7.865,7.865,0
2026-01-26 12:33:00,7.86,7.8699,7.86,7.8699,4
2026-01-26 12:34:00,7.87,7.88,7.865,7.88,10
2026-01-26 12:35:00,7.875,7.885,7.87,7.88,46
2026-01-26 12:36:00,7.88,7.88,7.88,7.88,1
2026-01-26 12:37:00,7.875,7.88,7.875,7.875,7
2026-01-26 12:38:00,7.872,7.872,7.8619,7.865,144
2026-01-26 12:39:00,7.865,7.865,7.86,7.86,19
2026-01-26 12:40:00,7.85,7.85,7.845,7.845,13
2026-01-26 12:41:00,7.84,7.855,7.84,7.855,27
2026-01-26 12:42:00,7.8554,7.8554,7.8554,7.8554,4
2026-01-26 12:43:00,7.855,7.88,7.855,7.86,59
2026-01-26 12:44:00,7.86,7.86,7.86,7.86,0
2026-01-26 12:45:00,7.8645,7.87,7.86,7.87,34
2026-01-26 12:46:00,7.865,7.875,7.86,7.875,15
2026-01-26 12:47:00,7.875,7.875,7.87,7.87,27
2026-01-26 12:48:00,7.865,7.87,7.865,7.865,38
2026-01-26 12:49:00,7.86,7.88,7.86,7.8799,123
2026-01-26 12:50:00,7.885,7.89,7.8846,7.8846,6
2026-01-26 12:51:00,7.89,7.89,7.88,7.885,5
2026-01-26 12:52:00,7.885,7.885,7.875,7.875,32
2026-01-26 12:53:00,7.875,7.88,7.875,7.88,8
2026-01-26 12:54:00,7.875,7.8786,7.87,7.8701,107
2026-01-26 12:55:00,7.875,7.875,7.87,7.87,5
2026-01-26 12:56:00,7.87,7.88,7.87,7.875,4
2026-01-26 12:57:00,7.87,7.88,7.855,7.865,48
2026-01-26 12:58:00,7.86,7.86,7.86,7.86,1
2026-01-26 12:59:00,7.855,7.855,7.85,7.85,5
2026-01-26 13:00:00,7.85,7.85,7.85,7.85,0
2026-01-26 13:01:00,7.855,7.855,7.85,7.85,5
2026-01-26 13:02:00,7.84,7.845,7.835,7.84,19
2026-01-26 13:03:00,7.84,7.84,7.84,7.84,7
2026-01-26 13:04:00,7.84,7.85,7.84,7.845,5
2026-01-26 13:05:00,7.84,7.84,7.84,7.84,1
2026-01-26 13:06:00,7.845,7.845,7.845,7.845,1
2026-01-26 13:07:00,7.85,7.865,7.85,7.86,86
2026-01-26 13:08:00,7.86,7.86,7.86,7.86,0
2026-01-26 13:09:00,7.86,7.86,7.86,7.86,0
2026-01-26 13:10:00,7.85,7.86,7.85,7.85,7
2026-01-26 13:11:00,7.8545,7.8545,7.8545,7.8545,50
2026-01-26 13:12:00,7.855,7.855,7.855,7.855,3
2026-01-26 13:13:00,7.85,7.85,7.84,7.845,65
2026-01-26 13:14:00,7.845,7.85,7.845,7.845,38
2026-01-26 13:15:00,7.845,7.85,7.845,7.85,10
2026-01-26 13:16:00,7.84,7.855,7.84,7.845,37
2026-01-26 13:17:00,7.85,7.85,7.8442,7.85,9
2026-01-26 13:18:00,7.85,7.87,7.85,7.87,123
2026-01-26 13:19:00,7.865,7.865,7.865,7.865,1
2026-01-26 13:20:00,7.87,7.87,7.865,7.865,3
2026-01-26 13:21:00,7.8699,7.88,7.8699,7.875,70
2026-01-26 13:22:00,7.8714,7.8714,7.87,7.87,73
2026-01-26 13:23:00,7.8658,7.8658,7.865,7.865,53
2026-01-26 13:24:00,7.86,7.865,7.86,7.865,7
2026-01-26 13:25:00,7.87,7.87,7.865,7.865,54
2026-01-26 13:26:00,7.865,7.865,7.86,7.86,4
2026-01-26 13:27:00,7.865,7.8688,7.865,7.8688,7
2026-01-26 13:28:00,7.86,7.865,7.86,7.865,28
2026-01-26 13:29:00,7.86,7.865,7.86,7.865,4
2026-01-26 13:30:00,7.87,7.87,7.865,7.87,3
2026-01-26 13:31:00,7.865,7.87,7.865,7.865,63
2026-01-26 13:32:00,7.86,7.87,7.86,7.87,2
2026-01-26 13:33:00,7.865,7.865,7.865,7.865,2
2026-01-26 13:34:00,7.865,7.865,7.86,7.86,13
2026-01-26 13:35:00,7.8614,7.865,7.86,7.86,55
2026-01-26 13:36:00,7.855,7.855,7.855,7.855,5
2026-01-26 13:37:00,7.855,7.855,7.845,7.845,123
2026-01-26 13:38:00,7.845,7.845,7.845,7.845,7
2026-01-26 13:39:00,7.8499,7.8499,7.835,7.835,19
2026-01-26 13:40:00,7.84,7.85,7.84,7.85,40
2026-01-26 13:41:00,7.855,7.86,7.855,7.86,2
2026-01-26 13:42:00,7.855,7.855,7.855,7.855,4
2026-01-26 13:43:00,7.85,7.85,7.845,7.845,18
2026-01-26 13:44:00,7.8499,7.8499,7.845,7.845,16
2026-01-26 13:45:00,7.84,7.84,7.84,7.84,1
2026-01-26 13:46:00,7.845,7.85,7.845,7.85,30
2026-01-26 13:47:00,7.855,7.855,7.855,7.855,3
2026-01-26 13:48:00,7.855,7.855,7.855,7.855,2
2026-01-26 13:49:00,7.852,7.855,7.852,7.855,22
2026-01-26 13:50:00,7.855,7.855,7.855,7.855,2
2026-01-26 13:51:00,7.85,7.86,7.85,7.855,52
2026-01-26 13:52:00,7.86,7.87,7.855,7.8667,103
2026-01-26 13:53:00,7.87,7.87,7.865,7.865,6
2026-01-26 13:54:00,7.87,7.87,7.87,7.87,1
2026-01-26 13:55:00,7.87,7.885,7.865,7.87,106
2026-01-26 13:56:00,7.87,7.88,7.87,7.88,11
2026-01-26 13:57:00,7.88,7.88,7.875,7.875,25
2026-01-26 13:58:00,7.88,7.88,7.87,7.875,11
2026-01-26 13:59:00,7.87,7.88,7.87,7.87,49
2026-01-26 14:00:00,7.87,7.875,7.87,7.87,18
2026-01-26 14:01:00,7.87,7.87,7.845,7.845,146
2026-01-26 14:02:00,7.847,7.847,7.845,7.845,26
2026-01-26 14:03:00,7.845,7.855,7.845,7.855,14
2026-01-26 14:04:00,7.85,7.85,7.84,7.845,7
2026-01-26 14:05:00,7.845,7.845,7.8414,7.8414,26
2026-01-26 14:06:00,7.845,7.845,7.83,7.835,29
2026-01-26 14:07:00,7.83,7.835,7.83,7.835,5
2026-01-26 14:08:00,7.83,7.83,7.83,7.83,2
2026-01-26 14:09:00,7.83,7.835,7.83,7.835,7
2026-01-26 14:10:00,7.835,7.835,7.835,7.835,7
2026-01-26 14:11:00,7.8314,7.8386,7.8314,7.8386,9
2026-01-26 14:12:00,7.83,7.83,7.83,7.83,1
2026-01-26 14:13:00,7.835,7.8361,7.835,7.8361,21
2026-01-26 14:14:00,7.835,7.835,7.835,7.835,6
2026-01-26 14:15:00,7.835,7.835,7.82,7.8242,126
2026-01-26 14:16:00,7.83,7.83,7.83,7.83,32
2026-01-26 14:17:00,7.83,7.83,7.83,7.83,1
2026-01-26 14:18:00,7.835,7.835,7.815,7.825,48
2026-01-26 14:19:00,7.83,7.83,7.825,7.825,40
2026-01-26 14:20:00,7.82,7.82,7.82,7.82,1
2026-01-26 14:21:00,7.83,7.83,7.825,7.825,28
2026-01-26 14:22:00,7.825,7.825,7.825,7.825,3
2026-01-26 14:23:00,7.825,7.825,7.825,7.825,3
2026-01-26 14:24:00,7.825,7.825,7.825,7.825,20
2026-01-26 14:25:00,7.8299,7.8299,7.825,7.825,29
2026-01-26 14:26:00,7.825,7.825,7.825,7.825,4
2026-01-26 14:27:00,7.825,7.825,7.825,7.825,0
2026-01-26 14:28:00,7.825,7.83,7.82,7.8299,4
2026-01-26 14:29:00,7.825,7.825,7.825,7.825,2
2026-01-26 14:30:00,7.822,7.825,7.822,7.825,5
2026-01-26 14:31:00,7.83,7.835,7.83,7.835,39
2026-01-26 14:32:00,7.835,7.8385,7.83,7.8385,34
2026-01-26 14:33:00,7.835,7.835,7.835,7.835,4
2026-01-26 14:34:00,7.83,7.83,7.825,7.825,7
2026-01-26 14:35:00,7.825,7.83,7.825,7.83,4
2026-01-26 14:36:00,7.8201,7.826,7.82,7.82,35
2026-01-26 14:37:00,7.825,7.825,7.825,7.825,1
2026-01-26 14:38:00,7.825,7.835,7.825,7.825,74
2026-01-26 14:39:00,7.8289,7.8289,7.82,7.82,8
2026-01-26 14:40:00,7.82,7.82,7.815,7.815,38
2026-01-26 14:41:00,7.815,7.815,7.81,7.81,2
2026-01-26 14:42:00,7.81,7.81,7.81,7.81,2
2026-01-26 14:43:00,7.81,7.815,7.81,7.815,5
2026-01-26 14:44:00,7.815,7.815,7.805,7.805,26
2026-01-26 14:45:00,7.81,7.815,7.81,7.815,12
2026-01-26 14:46:00,7.815,7.815,7.815,7.815,5
2026-01-26 14:47:00,7.815,7.815,7.815,7.815,24
2026-01-26 14:48:00,7.81,7.815,7.81,7.815,3
2026-01-26 14:49:00,7.81,7.825,7.81,7.82,66
2026-01-26 14:50:00,7.8201,7.825,7.8001,7.8001,104
2026-01-26 14:51:00,7.805,7.825,7.805,7.825,39
2026-01-26 14:52:00,7.82,7.82,7.82,7.82,1
2026-01-26 14:53:00,7.825,7.825,7.825,7.825,1
2026-01-26 14:54:00,7.825,7.825,7.82,7.825,10
2026-01-26 14:55:00,7.825,7.83,7.825,7.83,4
2026-01-26 14:56:00,7.825,7.825,7.82,7.82,11
2026-01-26 14:57:00,7.82,7.825,7.82,7.82,3
2026-01-26 14:58:00,7.82,7.825,7.8,7.815,177
2026-01-26 14:59:00,7.815,7.815,7.815,7.815,1
2026-01-26 15:00:00,7.81,7.815,7.8,7.805,33
2026-01-26 15:01:00,7.81,7.81,7.8013,7.805,13
2026-01-26 15:02:00,7.8099,7.8099,7.805,7.805,50
2026-01-26 15:03:00,7.81,7.81,7.805,7.805,7
2026-01-26 15:04:00,7.81,7.83,7.805,7.825,93
2026-01-26 15:05:00,7.83,7.835,7.8299,7.835,138
2026-01-26 15:06:00,7.835,7.855,7.835,7.855,52
2026-01-26 15:07:00,7.855,7.855,7.855,7.855,0
2026-01-26 15:08:00,7.86,7.87,7.8545,7.865,185
2026-01-26 15:09:00,7.865,7.87,7.835,7.835,147
2026-01-26 15:10:00,7.84,7.85,7.8376,7.84,57
2026-01-26 15:11:00,7.835,7.835,7.83,7.83,64
2026-01-26 15:12:00,7.835,7.835,7.835,7.835,3
2026-01-26 15:13:00,7.835,7.835,7.835,7.835,1
2026-01-26 15:14:00,7.835,7.835,7.83,7.835,15
2026-01-26 15:15:00,7.835,7.84,7.835,7.835,9
2026-01-26 15:16:00,7.835,7.84,7.83,7.83,15
2026-01-26 15:17:00,7.835,7.835,7.83,7.83,33
2026-01-26 15:18:00,7.825,7.825,7.825,7.825,2
2026-01-26 15:19:00,7.825,7.83,7.825,7.83,32
2026-01-26 15:20:00,7.83,7.83,7.825,7.825,3
2026-01-26 15:21:00,7.83,7.835,7.825,7.825,52
2026-01-26 15:22:00,7.83,7.835,7.83,7.835,12
2026-01-26 15:23:00,7.84,7.84,7.83,7.83,2
2026-01-26 15:24:00,7.835,7.84,7.835,7.835,3
2026-01-26 15:25:00,7.83,7.84,7.83,7.84,5
2026-01-26 15:26:00,7.84,7.85,7.84,7.85,12
2026-01-26 15:27:00,7.85,7.85,7.84,7.845,9
2026-01-26 15:28:00,7.85,7.85,7.845,7.845,5
2026-01-26 15:29:00,7.85,7.85,7.845,7.845,8
2026-01-26 15:30:00,7.84,7.85,7.84,7.845,97
2026-01-26 15:31:00,7.8482,7.8591,7.845,7.857,84
2026-01-26 15:32:00,7.8514,7.86,7.85,7.85,6
2026-01-26 15:33:00,7.855,7.855,7.85,7.855,32
2026-01-26 15:34:00,7.855,7.855,7.855,7.855,2
2026-01-26 15:35:00,7.855,7.855,7.85,7.85,29
2026-01-26 15:36:00,7.86,7.86,7.8342,7.835,246
2026-01-26 15:37:00,7.8399,7.8399,7.8301,7.835,62
2026-01-26 15:38:00,7.835,7.835,7.82,7.82,40
2026-01-26 15:39:00,7.825,7.83,7.823,7.825,111
2026-01-26 15:40:00,7.82,7.825,7.8183,7.8183,44
2026-01-26 15:41:00,7.8168,7.8168,7.81,7.815,25
2026-01-26 15:42:00,7.82,7.825,7.82,7.825,29
2026-01-26 15:43:00,7.825,7.835,7.825,7.83,35
2026-01-26 15:44:00,7.835,7.84,7.835,7.84,4
2026-01-26 15:45:00,7.835,7.84,7.835,7.835,57
2026-01-26 15:46:00,7.835,7.835,7.835,7.835,7
2026-01-26 15:47:00,7.835,7.835,7.825,7.8255,81
2026-01-26 15:48:00,7.82,7.825,7.82,7.825,8
2026-01-26 15:49:00,7.825,7.825,7.82,7.82,28
2026-01-26 15:50:00,7.825,7.83,7.82,7.825,155
2026-01-26 15:51:00,7.82,7.82,7.81,7.81,82
2026-01-26 15:52:00,7.81,7.81,7.805,7.805,56
2026-01-26 15:53:00,7.81,7.84,7.8099,7.825,267
2026-01-26 15:54:00,7.825,7.825,7.81,7.815,96
2026-01-26 15:55:00,7.815,7.815,7.79,7.805,165
2026-01-26 15:56:00,7.805,7.8099,7.795,7.795,170
2026-01-26 15:57:00,7.795,7.8,7.79,7.795,43
2026-01-26 15:58:00,7.795,7.8,7.78,7.795,435
2026-01-26 15:59:00,7.8,7.8,7.78,7.79,370
2026-01-27 09:30:00,8.0,8.0499,7.91,7.996,1316
2026-01-27 09:31:00,8.02,8.05,7.99,7.99,307
2026-01-27 09:32:00,7.985,7.985,7.94,7.985,72
2026-01-27 09:33:00,8.01,8.08,8.0,8.075,330
2026-01-27 09:34:00,8.0983,8.11,8.075,8.1,309
2026-01-27 09:35:00,8.1,8.1144,8.01,8.06,294
2026-01-27 09:36:00,8.05,8.0634,8.03,8.03,122
2026-01-27 09:37:00,8.03,8.05,7.995,7.995,93
2026-01-27 09:38:00,7.9956,8.03,7.99,8.025,138
2026-01-27 09:39:00,8.025,8.025,8.0,8.0,2
2026-01-27 09:40:00,8.015,8.0375,8.0,8.03,86
2026-01-27 09:41:00,8.03,8.03,8.012,8.015,42
2026-01-27 09:42:00,8.015,8.018,7.97,7.97,520
2026-01-27 09:43:00,7.97,7.97,7.97,7.97,25
2026-01-27 09:44:00,7.97,7.985,7.955,7.955,44
2026-01-27 09:45:00,7.955,7.955,7.91,7.92,57
2026-01-27 09:46:00,7.91,7.93,7.91,7.925,299
2026-01-27 09:47:00,7.92,7.92,7.905,7.905,21
2026-01-27 09:48:00,7.905,7.97,7.905,7.95,51
2026-01-27 09:49:00,7.95,7.95,7.94,7.95,6
2026-01-27 09:50:00,7.94,7.959,7.93,7.93,28
2026-01-27 09:51:00,7.9239,7.925,7.9239,7.925,11
2026-01-27 09:52:00,7.93,7.97,7.93,7.96,42
2026-01-27 09:53:00,7.961,7.97,7.94,7.95,39
2026-01-27 09:54:00,7.9739,7.9739,7.93,7.9499,58
2026-01-27 09:55:00,7.93,7.96,7.92,7.96,103
2026-01-27 09:56:00,7.95,7.95,7.925,7.925,9
2026-01-27 09:57:00,7.928,7.93,7.92,7.92,170
2026-01-27 09:58:00,7.925,7.93,7.925,7.93,13
2026-01-27 09:59:00,7.92,7.9287,7.91,7.91,40
2026-01-27 10:00:00,7.9,7.91,7.89,7.9,87
2026-01-27 10:01:00,7.9,7.905,7.89,7.9,40
2026-01-27 10:02:00,7.905,7.905,7.895,7.895,6
2026-01-27 10:03:00,7.9,7.905,7.888,7.89,38
2026-01-27 10:04:00,7.885,7.8955,7.885,7.89,31
2026-01-27 10:05:00,7.885,7.9,7.885,7.8999,42
2026-01-27 10:06:00,7.895,7.915,7.895,7.915,67
2026-01-27 10:07:00,7.91,7.91,7.905,7.905,3
2026-01-27 10:08:00,7.9,7.9,7.9,7.9,8
2026-01-27 10:09:00,7.895,7.91,7.895,7.91,58
2026-01-27 10:10:00,7.91,7.915,7.905,7.915,11
2026-01-27 10:11:00,7.915,8.02,7.915,8.015,373
2026-01-27 10:12:00,8.015,8.0199,8.015,8.015,21
2026-01-27 10:13:00,8.015,8.02,7.95,7.95,214
2026-01-27 10:14:00,7.9499,7.955,7.94,7.955,80
2026-01-27 10:15:00,7.955,7.955,7.92,7.925,19
2026-01-27 10:16:00,7.93,7.94,7.9191,7.9191,106
2026-01-27 10:17:00,7.92,7.95,7.92,7.95,70
2026-01-27 10:18:00,7.95,7.97,7.95,7.97,11
2026-01-27 10:19:00,7.96,7.9634,7.955,7.955,15
2026-01-27 10:20:00,7.955,7.96,7.935,7.935,29
2026-01-27 10:21:00,7.94,7.9994,7.9146,7.935,420
2026-01-27 10:22:00,7.935,7.94,7.925,7.935,59
2026-01-27 10:23:00,7.94,7.94,7.92,7.92,54
2026-01-27 10:24:00,7.91,7.915,7.905,7.915,80
2026-01-27 10:25:00,7.915,7.915,7.871,7.885,182
2026-01-27 10:26:00,7.88,7.9148,7.875,7.895,344
2026-01-27 10:27:00,7.9,7.93,7.9,7.925,138
2026-01-27 10:28:00,7.9299,7.9299,7.915,7.915,161
2026-01-27 10:29:00,7.915,7.925,7.915,7.92,36
2026-01-27 10:30:00,7.92,7.92,7.89,7.9,11
2026-01-27 10:31:00,7.895,7.9254,7.88,7.895,292
2026-01-27 10:32:00,7.895,7.9,7.895,7.9,6
2026-01-27 10:33:00,7.895,7.915,7.895,7.905,289
2026-01-27 10:34:00,7.905,7.905,7.885,7.89,10
2026-01-27 10:35:00,7.89,7.89,7.88,7.885,149
2026-01-27 10:36:00,7.8899,7.89,7.88,7.885,14
2026-01-27 10:37:00,7.88,7.885,7.88,7.88,6
2026-01-27 10:38:00,7.885,7.885,7.88,7.88,5
2026-01-27 10:39:00,7.885,7.885,7.875,7.875,5
2026-01-27 10:40:00,7.875,7.875,7.865,7.865,6
2026-01-27 10:41:00,7.87,7.875,7.87,7.875,20
2026-01-27 10:42:00,7.8782,7.8782,7.86,7.87,44
2026-01-27 10:43:00,7.8759,7.88,7.875,7.875,20
2026-01-27 10:44:00,7.8799,7.8799,7.8745,7.8745,8
2026-01-27 10:45:00,7.875,7.875,7.87,7.875,18
2026-01-27 10:46:00,7.87,7.87,7.87,7.87,23
2026-01-27 10:47:00,7.875,7.875,7.87,7.87,14
2026-01-27 10:48:00,7.8798,7.8798,7.865,7.865,15
2026-01-27 10:49:00,7.865,7.865,7.86,7.86,3
2026-01-27 10:50:00,7.855,7.87,7.84,7.845,220
2026-01-27 10:51:00,7.845,7.8499,7.84,7.8499,11
2026-01-27 10:52:00,7.8487,7.865,7.8487,7.865,64
2026-01-27 10:53:00,7.87,7.88,7.87,7.875,10
2026-01-27 10:54:00,7.875,7.875,7.875,7.875,0
2026-01-27 10:55:00,7.875,7.885,7.875,7.885,21
2026-01-27 10:56:00,7.885,7.885,7.885,7.885,1
2026-01-27 10:57:00,7.885,7.8858,7.885,7.885,15
2026-01-27 10:58:00,7.88,7.88,7.88,7.88,16
2026-01-27 10:59:00,7.875,7.875,7.875,7.875,2
2026-01-27 11:00:00,7.87,7.89,7.87,7.885,83
2026-01-27 11:01:00,7.885,7.885,7.88,7.885,6
2026-01-27 11:02:00,7.8891,7.8891,7.88,7.88,14
2026-01-27 11:03:00,7.875,7.875,7.875,7.875,14
2026-01-27 11:04:00,7.88,7.89,7.88,7.89,22
2026-01-27 11:05:00,7.885,7.8899,7.885,7.8899,35
2026-01-27 11:06:00,7.89,7.895,7.8882,7.8882,8
2026-01-27 11:07:00,7.88,7.88,7.875,7.875,6
2026-01-27 11:08:00,7.875,7.8799,7.875,7.875,26
2026-01-27 11:09:00,7.875,7.97,7.875,7.965,292
2026-01-27 11:10:00,7.965,7.97,7.955,7.97,76
2026-01-27 11:11:00,7.96,7.985,7.955,7.98,90
2026-01-27 11:12:00,7.975,7.975,7.97,7.97,9
2026-01-27 11:13:00,7.97,7.97,7.97,7.97,0
2026-01-27 11:14:00,7.965,7.97,7.95,7.96,94
2026-01-27 11:15:00,7.965,7.965,7.95,7.955,10
2026-01-27 11:16:00,7.955,7.955,7.955,7.955,5
2026-01-27 11:17:00,7.955,7.9588,7.95,7.9588,17
2026-01-27 11:18:00,7.955,7.955,7.955,7.955,2
2026-01-27 11:19:00,7.95,7.965,7.95,7.965,28
2026-01-27 11:20:00,7.9646,7.965,7.945,7.945,19
2026-01-27 11:21:00,7.94,7.94,7.935,7.935,14
2026-01-27 11:22:00,7.935,7.935,7.935,7.935,2
2026-01-27 11:23:00,7.93,7.93,7.92,7.93,25
2026-01-27 11:24:00,7.925,7.96,7.925,7.95,154
2026-01-27 11:25:00,7.94,7.95,7.935,7.945,35
2026-01-27 11:26:00,7.945,7.9555,7.945,7.9555,16
2026-01-27 11:27:00,7.955,7.955,7.945,7.945,26
2026-01-27 11:28:00,7.945,7.955,7.945,7.955,21
2026-01-27 11:29:00,7.96,7.965,7.96,7.96,18
2026-01-27 11:30:00,7.955,7.955,7.955,7.955,2
2026-01-27 11:31:00,7.96,7.965,7.96,7.96,8
2026-01-27 11:32:00,7.965,7.965,7.955,7.955,21
2026-01-27 11:33:00,7.955,7.955,7.955,7.955,3
2026-01-27 11:34:00,7.95,7.955,7.95,7.955,4
2026-01-27 11:35:00,7.95,7.955,7.95,7.955,16
2026-01-27 11:36:00,7.9598,7.96,7.9598,7.96,21
2026-01-27 11:37:00,7.955,7.955,7.955,7.955,10
2026-01-27 11:38:00,7.955,7.955,7.955,7.955,22
2026-01-27 11:39:00,7.955,7.955,7.955,7.955,6
2026-01-27 11:40:00,7.955,7.955,7.955,7.955,6
2026-01-27 11:41:00,7.96,7.96,7.96,7.96,9
2026-01-27 11:42:00,7.955,7.955,7.955,7.955,2
2026-01-27 11:43:00,7.9589,7.96,7.955,7.96,22
2026-01-27 11:44:00,7.965,7.97,7.96,7.96,22
2026-01-27 11:45:00,7.965,7.965,7.965,7.965,4
2026-01-27 11:46:00,7.9654,7.9654,7.955,7.955,16
2026-01-27 11:47:00,7.95,7.95,7.945,7.945,12
2026-01-27 11:48:00,7.945,7.945,7.945,7.945,18
2026-01-27 11:49:00,7.941,7.945,7.941,7.945,7
2026-01-27 11:50:00,7.945,7.945,7.94,7.945,11
2026-01-27 11:51:00,7.945,7.975,7.945,7.955,108
2026-01-27 11:52:00,7.9534,7.96,7.95,7.955,125
2026-01-27 11:53:00,7.955,7.955,7.955,7.955,8
2026-01-27 11:54:00,7.95,7.955,7.94,7.945,264
2026-01-27 11:55:00,7.945,7.96,7.945,7.945,23
2026-01-27 11:56:00,7.949,7.9493,7.945,7.9493,11
2026-01-27 11:57:00,7.9425,7.955,7.94,7.945,92
2026-01-27 11:58:00,7.945,7.945,7.94,7.945,32
2026-01-27 11:59:00,7.94,7.945,7.94,7.945,4
2026-01-27 12:00:00,7.945,7.95,7.94,7.945,22
2026-01-27 12:01:00,7.945,7.945,7.945,7.945,1
2026-01-27 12:02:00,7.945,7.945,7.945,7.945,2
2026-01-27 12:03:00,7.945,7.965,7.945,7.96,49
2026-01-27 12:04:00,7.955,7.96,7.955,7.955,8
2026-01-27 12:05:00,7.95,7.955,7.95,7.95,5
2026-01-27 12:06:00,7.96,7.965,7.945,7.945,136
2026-01-27 12:07:00,7.945,7.9498,7.94,7.94,40
2026-01-27 12:08:00,7.93,7.935,7.915,7.9199,29
2026-01-27 12:09:00,7.92,7.92,7.9133,7.9133,18
2026-01-27 12:10:00,7.9194,7.9194,7.91,7.91,17
2026-01-27 12:11:00,7.91,7.91,7.9,7.9,5
2026-01-27 12:12:00,7.9085,7.9099,7.9014,7.9014,15
2026-01-27 12:13:00,7.9,7.905,7.9,7.9,9
2026-01-27 12:14:00,7.905,7.91,7.905,7.905,19
2026-01-27 12:15:00,7.905,7.905,7.9,7.905,15
2026-01-27 12:16:00,7.905,7.905,7.895,7.895,12
2026-01-27 12:17:00,7.895,7.9,7.895,7.9,23
2026-01-27 12:18:00,7.89,7.895,7.89,7.89,7
2026-01-27 12:19:00,7.89,7.89,7.89,7.89,0
2026-01-27 12:20:00,7.892,7.892,7.892,7.892,5
2026-01-27 12:21:00,7.892,7.892,7.892,7.892,0
2026-01-27 12:22:00,7.895,7.895,7.895,7.895,1
2026-01-27 12:23:00,7.895,7.895,7.894,7.895,30
2026-01-27 12:24:00,7.89,7.89,7.89,7.89,1
2026-01-27 12:25:00,7.9,7.9,7.89,7.89,8
2026-01-27 12:26:00,7.9,7.9,7.895,7.895,3
2026-01-27 12:27:00,7.895,7.895,7.895,7.895,2
2026-01-27 12:28:00,7.9,7.9,7.895,7.895,3
2026-01-27 12:29:00,7.895,7.905,7.895,7.905,38
2026-01-27 12:30:00,7.905,7.905,7.905,7.905,0
2026-01-27 12:31:00,7.9099,7.9099,7.9099,7.9099,20
2026-01-27 12:32:00,7.9099,7.9099,7.9099,7.9099,0
2026-01-27 12:33:00,7.9099,7.9099,7.9099,7.9099,0
2026-01-27 12:34:00,7.9,7.9,7.89,7.89,334
2026-01-27 12:35:00,7.885,7.8917,7.885,7.885,81
2026-01-27 12:36:00,7.88,7.894,7.88,7.894,90
2026-01-27 12:37:00,7.89,7.89,7.885,7.885,13
2026-01-27 12:38:00,7.885,7.89,7.885,7.89,28
2026-01-27 12:39:00,7.885,7.885,7.885,7.885,17
2026-01-27 12:40:00,7.8871,7.8871,7.88,7.88,6
2026-01-27 12:41:00,7.88,7.88,7.88,7.88,2
2026-01-27 12:42:00,7.88,7.88,7.88,7.88,0
2026-01-27 12:43:00,7.885,7.885,7.885,7.885,9
2026-01-27 12:44:00,7.8898,7.895,7.8898,7.895,51
2026-01-27 12:45:00,7.8945,7.8945,7.8945,7.8945,4
2026-01-27 12:46:00,7.895,7.895,7.895,7.895,1
2026-01-27 12:47:00,7.895,7.895,7.895,7.895,0
2026-01-27 12:48:00,7.895,7.895,7.89,7.89,33
2026-01-27 12:49:00,7.895,7.895,7.895,7.895,2
2026-01-27 12:50:00,7.89,7.89,7.885,7.885,23
2026-01-27 12:51:00,7.88,7.885,7.88,7.885,9
2026-01-27 12:52:00,7.885,7.885,7.885,7.885,5
2026-01-27 12:53:00,7.885,7.885,7.885,7.885,1
2026-01-27 12:54:00,7.885,7.885,7.885,7.885,1
2026-01-27 12:55:00,7.88,7.885,7.88,7.885,11
2026-01-27 12:56:00,7.88,7.885,7.88,7.885,4
2026-01-27 12:57:00,7.88,7.89,7.88,7.8899,104
2026-01-27 12:58:00,7.89,7.89,7.89,7.89,1
2026-01-27 12:59:00,7.89,7.89,7.89,7.89,0
2026-01-27 13:00:00,7.89,7.89,7.89,7.89,0
2026-01-27 13:01:00,7.895,7.895,7.8937,7.8937,6
2026-01-27 13:02:00,7.895,7.895,7.895,7.895,3
2026-01-27 13:03:00,7.895,7.895,7.88,7.88,12
2026-01-27 13:04:00,7.8885,7.8885,7.8885,7.8885,1
2026-01-27 13:05:00,7.88,7.8887,7.88,7.881,20
2026-01-27 13:06:00,7.885,7.885,7.88,7.88,18
2026-01-27 13:07:00,7.88,7.88,7.875,7.875,16
2026-01-27 13:08:00,7.88,7.88,7.88,7.88,33
2026-01-27 13:09:00,7.88,7.88,7.87,7.87,15
2026-01-27 13:10:00,7.875,7.875,7.875,7.875,1
2026-01-27 13:11:00,7.875,7.875,7.875,7.875,12
2026-01-27 13:12:00,7.875,7.895,7.875,7.895,140
2026-01-27 13:13:00,7.895,7.895,7.895,7.895,0
2026-01-27 13:14:00,7.89,7.895,7.89,7.895,6
2026-01-27 13:15:00,7.9,7.905,7.8958,7.8958,32
2026-01-27 13:16:00,7.9,7.9,7.89,7.895,16
2026-01-27 13:17:00,7.895,7.895,7.88,7.88,27
2026-01-27 13:18:00,7.9,7.9,7.9,7.9,1
2026-01-27 13:19:00,7.9,7.9,7.9,7.9,9
2026-01-27 13:20:00,7.895,7.895,7.895,7.895,1
2026-01-27 13:21:00,7.8901,7.8901,7.8901,7.8901,8
2026-01-27 13:22:00,7.895,7.895,7.895,7.895,1
2026-01-27 13:23:00,7.895,7.895,7.895,7.895,1
2026-01-27 13:24:00,7.89,7.89,7.89,7.89,1
2026-01-27 13:25:00,7.895,7.895,7.89,7.895,3
2026-01-27 13:26:00,7.8983,7.92,7.8983,7.92,54
2026-01-27 13:27:00,7.915,7.915,7.915,7.915,50
2026-01-27 13:28:00,7.915,7.925,7.915,7.925,20
2026-01-27 13:29:00,7.925,7.925,7.92,7.925,13
2026-01-27 13:30:00,7.925,7.925,7.925,7.925,1
2026-01-27 13:31:00,7.9299,7.93,7.9299,7.93,18
2026-01-27 13:32:00,7.935,7.935,7.935,7.935,9
2026-01-27 13:33:00,7.94,7.94,7.935,7.9399,16
2026-01-27 13:34:00,7.94,7.955,7.94,7.955,31
2026-01-27 13:35:00,7.957,7.96,7.957,7.96,67
2026-01-27 13:36:00,7.955,7.9558,7.9537,7.9537,35
2026-01-27 13:37:00,7.95,7.95,7.94,7.94,14
2026-01-27 13:38:00,7.94,7.94,7.935,7.935,7
2026-01-27 13:39:00,7.9301,7.9302,7.9242,7.93,132
2026-01-27 13:40:00,7.93,7.94,7.93,7.94,35
2026-01-27 13:41:00,7.945,7.945,7.945,7.945,1
2026-01-27 13:42:00,7.945,7.945,7.945,7.945,1
2026-01-27 13:43:00,7.945,7.945,7.945,7.945,11
2026-01-27 13:44:00,7.95,7.97,7.95,7.955,165
2026-01-27 13:45:00,7.955,7.96,7.955,7.955,6
2026-01-27 13:46:00,7.955,7.955,7.9445,7.9445,69
2026-01-27 13:47:00,7.945,7.945,7.9403,7.945,4
2026-01-27 13:48:00,7.95,7.96,7.94,7.955,121
2026-01-27 13:49:00,7.955,7.9599,7.955,7.9599,19
2026-01-27 13:50:00,7.9599,7.9599,7.9599,7.9599,0
2026-01-27 13:51:00,7.96,7.96,7.955,7.955,73
2026-01-27 13:52:00,7.95,7.95,7.94,7.945,61
2026-01-27 13:53:00,7.945,7.95,7.945,7.945,19
2026-01-27 13:54:00,7.94,7.945,7.94,7.945,15
2026-01-27 13:55:00,7.935,7.935,7.935,7.935,16
2026-01-27 13:56:00,7.94,7.94,7.94,7.94,19
2026-01-27 13:57:00,7.9455,7.9455,7.945,7.945,12
2026-01-27 13:58:00,7.945,7.9454,7.945,7.945,7
2026-01-27 13:59:00,7.9427,7.9427,7.93,7.93,11
2026-01-27 14:00:00,7.9399,7.9399,7.9399,7.9399,1
2026-01-27 14:01:00,7.935,7.935,7.935,7.935,3
2026-01-27 14:02:00,7.9398,7.945,7.9398,7.945,41
2026-01-27 14:03:00,7.945,7.945,7.945,7.945,4
2026-01-27 14:04:00,7.945,7.955,7.945,7.9507,79
2026-01-27 14:05:00,7.95,7.95,7.945,7.945,6
2026-01-27 14:06:00,7.945,7.945,7.935,7.935,57
2026-01-27 14:07:00,7.935,7.935,7.92,7.925,26
2026-01-27 14:08:00,7.92,7.925,7.92,7.925,7
2026-01-27 14:09:00,7.925,7.925,7.925,7.925,4
2026-01-27 14:10:00,7.925,7.93,7.925,7.93,40
2026-01-27 14:11:00,7.93,7.93,7.93,7.93,15
2026-01-27 14:12:00,7.92,7.92,7.905,7.905,38
2026-01-27 14:13:00,7.905,7.915,7.865,7.87,272
2026-01-27 14:14:00,7.865,7.87,7.86,7.86,110
2026-01-27 14:15:00,7.855,7.86,7.855,7.86,42
2026-01-27 14:16:00,7.855,7.8598,7.855,7.8598,11
2026-01-27 14:17:00,7.855,7.855,7.8548,7.8548,24
2026-01-27 14:18:00,7.855,7.855,7.85,7.85,9
2026-01-27 14:19:00,7.85,7.85,7.79,7.815,298
2026-01-27 14:20:00,7.815,7.83,7.815,7.83,75
2026-01-27 14:21:00,7.835,7.8399,7.8326,7.8399,67
2026-01-27 14:22:00,7.835,7.835,7.82,7.82,44
2026-01-27 14:23:00,7.82,7.82,7.8112,7.8112,9
2026-01-27 14:24:00,7.8163,7.84,7.8163,7.835,70
2026-01-27 14:25:00,7.8399,7.8399,7.8399,7.8399,4
2026-01-27 14:26:00,7.835,7.835,7.835,7.835,5
2026-01-27 14:27:00,7.835,7.835,7.835,7.835,2
2026-01-27 14:28:00,7.83,7.835,7.83,7.835,17
2026-01-27 14:29:00,7.835,7.835,7.835,7.835,2
2026-01-27 14:30:00,7.835,7.835,7.835,7.835,4
2026-01-27 14:31:00,7.835,7.84,7.835,7.835,6
2026-01-27 14:32:00,7.835,7.8398,7.8345,7.835,28
2026-01-27 14:33:00,7.84,7.845,7.84,7.845,20
2026-01-27 14:34:00,7.845,7.845,7.84,7.84,11
2026-01-27 14:35:00,7.845,7.8475,7.84,7.845,4
2026-01-27 14:36:00,7.845,7.85,7.845,7.8498,56
2026-01-27 14:37:00,7.8498,7.8498,7.84,7.84,5
2026-01-27 14:38:00,7.845,7.845,7.8373,7.8373,10
2026-01-27 14:39:00,7.835,7.8351,7.83,7.835,34
2026-01-27 14:40:00,7.835,7.84,7.835,7.84,42
2026-01-27 14:41:00,7.84,7.84,7.8301,7.835,22
2026-01-27 14:42:00,7.835,7.835,7.835,7.835,0
2026-01-27 14:43:00,7.835,7.8387,7.8271,7.8271,19
2026-01-27 14:44:00,7.825,7.825,7.825,7.825,4
2026-01-27 14:45:00,7.825,7.83,7.81,7.815,48
2026-01-27 14:46:00,7.815,7.815,7.815,7.815,30
2026-01-27 14:47:00,7.815,7.845,7.815,7.8318,205
2026-01-27 14:48:00,7.83,7.83,7.83,7.83,13
2026-01-27 14:49:00,7.8263,7.8287,7.825,7.825,25
2026-01-27 14:50:00,7.825,7.83,7.82,7.83,43
2026-01-27 14:51:00,7.835,7.839,7.8258,7.835,42
2026-01-27 14:52:00,7.84,7.84,7.84,7.84,2
2026-01-27 14:53:00,7.84,7.85,7.8365,7.8365,51
2026-01-27 14:54:00,7.83,7.835,7.83,7.835,4
2026-01-27 14:55:00,7.8302,7.84,7.8301,7.835,26
2026-01-27 14:56:00,7.835,7.835,7.83,7.83,14
2026-01-27 14:57:00,7.83,7.83,7.83,7.83,32
2026-01-27 14:58:00,7.835,7.84,7.825,7.825,16
2026-01-27 14:59:00,7.825,7.825,7.825,7.825,3
2026-01-27 15:00:00,7.829,7.83,7.8237,7.8237,69
2026-01-27 15:01:00,7.825,7.8293,7.825,7.825,16
2026-01-27 15:02:00,7.825,7.83,7.82,7.82,16
2026-01-27 15:03:00,7.8219,7.825,7.8219,7.825,22
2026-01-27 15:04:00,7.825,7.825,7.825,7.825,3
2026-01-27 15:05:00,7.825,7.835,7.825,7.835,74
2026-01-27 15:06:00,7.83,7.83,7.8282,7.8282,35
2026-01-27 15:07:00,7.83,7.85,7.83,7.845,127
2026-01-27 15:08:00,7.845,7.855,7.845,7.855,64
2026-01-27 15:09:00,7.855,7.86,7.845,7.845,157
2026-01-27 15:10:00,7.84,7.85,7.84,7.84,8
2026-01-27 15:11:00,7.8432,7.845,7.8432,7.845,56
2026-01-27 15:12:00,7.845,7.86,7.845,7.855,60
2026-01-27 15:13:00,7.855,7.8594,7.855,7.8581,18
2026-01-27 15:14:00,7.86,7.86,7.854,7.86,16
2026-01-27 15:15:00,7.8567,7.8567,7.851,7.851,33
2026-01-27 15:16:00,7.86,7.86,7.85,7.855,3
2026-01-27 15:17:00,7.86,7.86,7.8579,7.8579,21
2026-01-27 15:18:00,7.86,7.86,7.86,7.86,1
2026-01-27 15:19:00,7.8554,7.86,7.8501,7.855,29
2026-01-27 15:20:00,7.855,7.8585,7.8545,7.855,29
2026-01-27 15:21:00,7.855,7.86,7.855,7.86,5
2026-01-27 15:22:00,7.855,7.855,7.855,7.855,6
2026-01-27 15:23:00,7.8581,7.88,7.855,7.88,226
2026-01-27 15:24:00,7.8765,7.88,7.8765,7.88,30
2026-01-27 15:25:00,7.8728,7.8741,7.8728,7.8741,65
2026-01-27 15:26:00,7.88,7.88,7.8733,7.874,30
2026-01-27 15:27:00,7.875,7.875,7.87,7.875,23
2026-01-27 15:28:00,7.875,7.88,7.875,7.8799,19
2026-01-27 15:29:00,7.88,7.88,7.86,7.865,145
2026-01-27 15:30:00,7.865,7.865,7.86,7.8648,32
2026-01-27 15:31:00,7.865,7.87,7.865,7.865,26
2026-01-27 15:32:00,7.865,7.8654,7.86,7.8654,12
2026-01-27 15:33:00,7.865,7.869,7.855,7.865,53
2026-01-27 15:34:00,7.865,7.87,7.865,7.865,29
2026-01-27 15:35:00,7.865,7.865,7.8617,7.865,13
2026-01-27 15:36:00,7.87,7.87,7.865,7.865,5
2026-01-27 15:37:00,7.865,7.87,7.86,7.86,17
2026-01-27 15:38:00,7.86,7.865,7.855,7.855,45
2026-01-27 15:39:00,7.855,7.86,7.85,7.85,23
2026-01-27 15:40:00,7.855,7.88,7.855,7.88,146
2026-01-27 15:41:00,7.875,7.8899,7.87,7.875,206
2026-01-27 15:42:00,7.875,7.887,7.874,7.887,223
2026-01-27 15:43:00,7.89,7.89,7.8813,7.89,144
2026-01-27 15:44:00,7.885,7.91,7.885,7.909,168
2026-01-27 15:45:00,7.905,7.925,7.905,7.91,279
2026-01-27 15:46:00,7.915,7.9258,7.915,7.915,221
2026-01-27 15:47:00,7.91,7.915,7.9,7.91,192
2026-01-27 15:48:00,7.91,7.92,7.905,7.9099,113
2026-01-27 15:49:00,7.905,7.905,7.885,7.885,42
2026-01-27 15:50:00,7.89,7.89,7.88,7.885,117
2026-01-27 15:51:00,7.88,7.885,7.87,7.875,90
2026-01-27 15:52:00,7.87,7.875,7.87,7.87,52
2026-01-27 15:53:00,7.87,7.88,7.87,7.875,111
2026-01-27 15:54:00,7.875,7.875,7.84,7.855,312
2026-01-27 15:55:00,7.86,7.86,7.855,7.855,56
2026-01-27 15:56:00,7.86,7.8897,7.855,7.885,243
2026-01-27 15:57:00,7.885,7.905,7.885,7.905,205
2026-01-27 15:58:00,7.905,7.905,7.88,7.905,425
2026-01-27 15:59:00,7.9,7.91,7.89,7.895,445
2026-01-28 09:30:00,7.85,7.8938,7.84,7.8501,477
2026-01-28 09:31:00,7.8668,7.899,7.8668,7.875,10
2026-01-28 09:32:00,7.9,7.9,7.8,7.8,101
2026-01-28 09:33:00,7.785,7.83,7.785,7.79,58
2026-01-28 09:34:00,7.7966,7.8,7.76,7.77,114
2026-01-28 09:35:00,7.79,7.84,7.79,7.8102,74
2026-01-28 09:36:00,7.825,7.825,7.825,7.825,5
2026-01-28 09:37:00,7.81,7.81,7.81,7.81,92
2026-01-28 09:38:00,7.81,7.82,7.8,7.815,117
2026-01-28 09:39:00,7.82,7.84,7.82,7.83,101
2026-01-28 09:40:00,7.83,7.84,7.815,7.83,47
2026-01-28 09:41:00,7.83,7.83,7.83,7.83,1
2026-01-28 09:42:00,7.83,7.83,7.82,7.8242,37
2026-01-28 09:43:00,7.825,7.84,7.825,7.825,196
2026-01-28 09:44:00,7.82,7.84,7.77,7.775,193
2026-01-28 09:45:00,7.77,7.77,7.76,7.77,15
2026-01-28 09:46:00,7.764,7.77,7.75,7.7643,58
2026-01-28 09:47:00,7.7613,7.7613,7.75,7.76,76
2026-01-28 09:48:00,7.75,7.75,7.74,7.75,26
2026-01-28 09:49:00,7.74,7.75,7.74,7.74,4
2026-01-28 09:50:00,7.75,7.75,7.74,7.74,88
2026-01-28 09:51:00,7.75,7.755,7.74,7.74,50
2026-01-28 09:52:00,7.73,7.7394,7.73,7.73,25
2026-01-28 09:53:00,7.7327,7.7327,7.7292,7.7292,24
2026-01-28 09:54:00,7.74,7.74,7.7297,7.74,40
2026-01-28 09:55:00,7.735,7.7375,7.7,7.71,159
2026-01-28 09:56:00,7.71,7.7299,7.71,7.7208,365
2026-01-28 09:57:00,7.72,7.7275,7.72,7.72,29
2026-01-28 09:58:00,7.72,7.725,7.71,7.72,47
2026-01-28 09:59:00,7.72,7.74,7.72,7.73,75
2026-01-28 10:00:00,7.73,7.73,7.72,7.725,10
2026-01-28 10:01:00,7.73,7.74,7.725,7.725,59
2026-01-28 10:02:00,7.72,7.74,7.72,7.735,63
2026-01-28 10:03:00,7.735,7.77,7.735,7.765,92
2026-01-28 10:04:00,7.765,7.77,7.765,7.765,18
2026-01-28 10:05:00,7.76,7.78,7.75,7.765,113
2026-01-28 10:06:00,7.7646,7.77,7.7646,7.77,44
2026-01-28 10:07:00,7.765,7.77,7.76,7.76,29
2026-01-28 10:08:00,7.77,7.78,7.77,7.7799,29
2026-01-28 10:09:00,7.775,7.775,7.7737,7.7737,8
2026-01-28 10:10:00,7.775,7.785,7.76,7.76,101
2026-01-28 10:11:00,7.76,7.76,7.7501,7.755,12
2026-01-28 10:12:00,7.755,7.755,7.745,7.745,93
2026-01-28 10:13:00,7.745,7.75,7.7341,7.7341,85
2026-01-28 10:14:00,7.735,7.735,7.725,7.725,105
2026-01-28 10:15:00,7.7255,7.735,7.725,7.725,171
2026-01-28 10:16:00,7.725,7.73,7.72,7.72,29
2026-01-28 10:17:00,7.72,7.72,7.7101,7.715,30
2026-01-28 10:18:00,7.7199,7.7199,7.715,7.7199,24
2026-01-28 10:19:00,7.715,7.725,7.715,7.72,33
2026-01-28 10:20:00,7.72,7.725,7.72,7.725,6
2026-01-28 10:21:00,7.725,7.725,7.72,7.725,21
2026-01-28 10:22:00,7.725,7.735,7.72,7.73,54
2026-01-28 10:23:00,7.735,7.735,7.735,7.735,1
2026-01-28 10:24:00,7.735,7.735,7.735,7.735,2
2026-01-28 10:25:00,7.735,7.735,7.725,7.725,14
2026-01-28 10:26:00,7.725,7.76,7.725,7.75,174
2026-01-28 10:27:00,7.7499,7.79,7.7499,7.78,207
2026-01-28 10:28:00,7.78,7.78,7.7602,7.7602,40
2026-01-28 10:29:00,7.765,7.77,7.755,7.755,215
2026-01-28 10:30:00,7.76,7.775,7.76,7.765,28
2026-01-28 10:31:00,7.765,7.77,7.765,7.77,67
2026-01-28 10:32:00,7.765,7.7657,7.745,7.745,28
2026-01-28 10:33:00,7.74,7.74,7.73,7.73,35
2026-01-28 10:34:00,7.73,7.73,7.72,7.72,17
2026-01-28 10:35:00,7.725,7.735,7.7246,7.73,26
2026-01-28 10:36:00,7.73,7.73,7.725,7.7286,16
2026-01-28 10:37:00,7.725,7.725,7.725,7.725,1
2026-01-28 10:38:00,7.725,7.735,7.725,7.735,25
2026-01-28 10:39:00,7.735,7.735,7.725,7.725,11
2026-01-28 10:40:00,7.725,7.73,7.725,7.73,4
2026-01-28 10:41:00,7.725,7.725,7.72,7.72,7
2026-01-28 10:42:00,7.725,7.725,7.72,7.72,11
2026-01-28 10:43:00,7.725,7.725,7.72,7.72,13
2026-01-28 10:44:00,7.715,7.725,7.715,7.725,26
2026-01-28 10:45:00,7.72,7.73,7.72,7.73,11
2026-01-28 10:46:00,7.735,7.735,7.72,7.725,36
2026-01-28 10:47:00,7.725,7.7399,7.725,7.7399,29
2026-01-28 10:48:00,7.7346,7.74,7.7301,7.74,40
2026-01-28 10:49:00,7.7399,7.78,7.7334,7.78,168
2026-01-28 10:50:00,7.775,7.798,7.77,7.798,170
2026-01-28 10:51:00,7.8,7.815,7.8,7.805,138
2026-01-28 10:52:00,7.81,7.81,7.79,7.79,25
2026-01-28 10:53:00,7.785,7.785,7.785,7.785,4
2026-01-28 10:54:00,7.7832,7.7832,7.775,7.7792,135
2026-01-28 10:55:00,7.775,7.785,7.7712,7.785,70
2026-01-28 10:56:00,7.785,7.7985,7.785,7.795,61
2026-01-28 10:57:00,7.795,7.8,7.795,7.7986,12
2026-01-28 10:58:00,7.79,7.79,7.79,7.79,16
2026-01-28 10:59:00,7.785,7.785,7.785,7.785,2
2026-01-28 11:00:00,7.78,7.785,7.78,7.785,11
2026-01-28 11:01:00,7.785,7.785,7.78,7.785,59
2026-01-28 11:02:00,7.785,7.785,7.78,7.78,6
2026-01-28 11:03:00,7.7892,7.7892,7.78,7.7855,28
2026-01-28 11:04:00,7.785,7.785,7.78,7.78,5
2026-01-28 11:05:00,7.78,7.79,7.7797,7.7811,68
2026-01-28 11:06:00,7.7861,7.7861,7.7817,7.7817,4
2026-01-28 11:07:00,7.78,7.805,7.78,7.805,51
2026-01-28 11:08:00,7.805,7.805,7.805,7.805,3
2026-01-28 11:09:00,7.8,7.8,7.79,7.795,19
2026-01-28 11:10:00,7.795,7.795,7.79,7.79,4
2026-01-28 11:11:00,7.795,7.7994,7.795,7.7994,27
2026-01-28 11:12:00,7.8,7.8,7.7817,7.7817,18
2026-01-28 11:13:00,7.79,7.79,7.79,7.79,1
2026-01-28 11:14:00,7.785,7.785,7.785,7.785,1
2026-01-28 11:15:00,7.785,7.785,7.785,7.785,2
2026-01-28 11:16:00,7.785,7.785,7.785,7.785,0
2026-01-28 11:17:00,7.785,7.79,7.785,7.79,19
2026-01-28 11:18:00,7.785,7.785,7.785,7.785,1
2026-01-28 11:19:00,7.785,7.785,7.785,7.785,1
2026-01-28 11:20:00,7.78,7.785,7.78,7.785,2
2026-01-28 11:21:00,7.785,7.785,7.78,7.785,7
2026-01-28 11:22:00,7.785,7.785,7.7846,7.7846,8
2026-01-28 11:23:00,7.78,7.785,7.78,7.785,42
2026-01-28 11:24:00,7.785,7.785,7.775,7.775,14
2026-01-28 11:25:00,7.775,7.775,7.77,7.7701,6
2026-01-28 11:26:00,7.77,7.775,7.77,7.77,4
2026-01-28 11:27:00,7.775,7.84,7.7686,7.83,214
2026-01-28 11:28:00,7.825,7.895,7.825,7.895,166
2026-01-28 11:29:00,7.895,7.895,7.88,7.895,87
2026-01-28 11:30:00,7.8986,7.95,7.895,7.945,201
2026-01-28 11:31:00,7.945,7.965,7.945,7.96,115
2026-01-28 11:32:00,7.9565,7.9565,7.955,7.955,5
2026-01-28 11:33:00,7.9563,7.96,7.955,7.96,8
2026-01-28 11:34:00,7.9519,7.97,7.9519,7.965,63
2026-01-28 11:35:00,7.965,7.965,7.965,7.965,1
2026-01-28 11:36:00,7.965,7.965,7.95,7.96,25
2026-01-28 11:37:00,7.955,7.955,7.935,7.9539,334
2026-01-28 11:38:00,7.957,8.03,7.957,8.02,644
2026-01-28 11:39:00,8.02,8.0276,7.995,7.995,241
2026-01-28 11:40:00,7.985,7.985,7.98,7.985,16
2026-01-28 11:41:00,7.9886,7.9886,7.98,7.98,16
2026-01-28 11:42:00,7.9899,7.9899,7.965,7.965,27
2026-01-28 11:43:00,7.9675,7.9756,7.9675,7.975,44
2026-01-28 11:44:00,7.975,7.9864,7.97,7.975,75
2026-01-28 11:45:00,7.9745,7.985,7.97,7.985,42
2026-01-28 11:46:00,7.985,7.99,7.985,7.99,18
2026-01-28 11:47:00,7.985,7.995,7.985,7.995,135
2026-01-28 11:48:00,7.9941,7.9941,7.9941,7.9941,1
2026-01-28 11:49:00,7.99,8.0,7.98,8.0,131
2026-01-28 11:50:00,8.0,8.025,7.995,8.0,165
2026-01-28 11:51:00,7.99,7.99,7.965,7.9661,42
2026-01-28 11:52:00,7.9614,7.97,7.9614,7.97,6
2026-01-28 11:53:00,7.965,7.97,7.965,7.965,16
2026-01-28 11:54:00,7.9633,7.9676,7.9633,7.965,80
2026-01-28 11:55:00,7.965,7.97,7.965,7.97,30
2026-01-28 11:56:00,7.9702,7.9703,7.965,7.97,91
2026-01-28 11:57:00,7.965,7.9687,7.965,7.965,6
2026-01-28 11:58:00,7.965,7.965,7.965,7.965,0
2026-01-28 11:59:00,7.965,7.965,7.96,7.96,84
2026-01-28 12:00:00,7.955,8.045,7.955,8.0415,404
2026-01-28 12:01:00,8.045,8.045,8.035,8.04,85
2026-01-28 12:02:00,8.044,8.044,8.035,8.04,15
2026-01-28 12:03:00,8.035,8.06,8.0346,8.051,92
2026-01-28 12:04:00,8.05,8.05,8.03,8.03,29
2026-01-28 12:05:00,8.015,8.015,8.0114,8.015,46
2026-01-28 12:06:00,8.0199,8.0199,8.01,8.01,13
2026-01-28 12:07:00,8.01,8.01,8.01,8.01,0
2026-01-28 12:08:00,8.016,8.016,8.01,8.01,30
2026-01-28 12:09:00,8.005,8.01,8.0,8.01,34
2026-01-28 12:10:00,8.005,8.0073,8.005,8.0073,4
2026-01-28 12:11:00,8.0,8.005,7.99,8.0,52
2026-01-28 12:12:00,8.005,8.0193,8.005,8.0193,67
2026-01-28 12:13:00,8.02,8.02,8.015,8.015,26
2026-01-28 12:14:00,8.0145,8.0145,8.0145,8.0145,10
2026-01-28 12:15:00,8.01,8.0181,8.01,8.01,23
2026-01-28 12:16:00,8.015,8.025,8.0,8.005,74
2026-01-28 12:17:00,8.0007,8.0007,7.992,7.992,65
2026-01-28 12:18:00,7.995,7.999,7.995,7.995,8
2026-01-28 12:19:00,7.995,7.995,7.99,7.99,4
2026-01-28 12:20:00,7.995,8.0,7.99,7.99,5
2026-01-28 12:21:00,7.99,7.99,7.99,7.99,1
2026-01-28 12:22:00,7.99,7.995,7.99,7.99,4
2026-01-28 12:23:00,7.99,7.99,7.98,7.9871,67
2026-01-28 12:24:00,7.985,7.99,7.98,7.9883,58
2026-01-28 12:25:00,7.98,7.9899,7.98,7.9899,52
2026-01-28 12:26:00,7.985,7.985,7.98,7.98,3
2026-01-28 12:27:00,7.9802,7.985,7.98,7.985,12
2026-01-28 12:28:00,7.98,7.985,7.9764,7.98,48
2026-01-28 12:29:00,7.98,7.985,7.975,7.975,14
2026-01-28 12:30:00,7.975,7.98,7.97,7.98,33
2026-01-28 12:31:00,7.9853,7.9853,7.9853,7.9853,1
2026-01-28 12:32:00,7.985,7.99,7.98,7.99,27
2026-01-28 12:33:00,7.9987,7.9987,7.9987,7.9987,2
2026-01-28 12:34:00,7.99,7.99,7.9899,7.9899,8
2026-01-28 12:35:00,7.985,7.985,7.985,7.985,55
2026-01-28 12:36:00,7.985,7.985,7.9809,7.9809,9
2026-01-28 12:37:00,7.985,7.99,7.98,7.99,8
2026-01-28 12:38:00,7.985,7.985,7.985,7.985,2
2026-01-28 12:39:00,7.985,7.985,7.985,7.985,1
2026-01-28 12:40:00,7.98,7.985,7.98,7.98,6
2026-01-28 12:41:00,7.985,7.99,7.98,7.98,17
2026-01-28 12:42:00,7.985,7.99,7.985,7.985,9
2026-01-28 12:43:00,7.985,7.985,7.98,7.98,5
2026-01-28 12:44:00,7.985,7.985,7.92,7.935,338
2026-01-28 12:45:00,7.94,7.94,7.94,7.94,1
2026-01-28 12:46:00,7.935,7.94,7.935,7.94,49
2026-01-28 12:47:00,7.939,7.939,7.9316,7.9372,4
2026-01-28 12:48:00,7.94,7.95,7.94,7.945,28
2026-01-28 12:49:00,7.945,7.945,7.94,7.945,19
2026-01-28 12:50:00,7.94,7.94,7.94,7.94,1
2026-01-28 12:51:00,7.94,7.94,7.94,7.94,6
2026-01-28 12:52:00,7.935,7.935,7.92,7.9284,88
2026-01-28 12:53:00,7.925,7.9387,7.925,7.935,40
2026-01-28 12:54:00,7.9397,7.9397,7.9333,7.935,16
2026-01-28 12:55:00,7.94,7.9426,7.935,7.935,19
2026-01-28 12:56:00,7.935,7.935,7.935,7.935,0
2026-01-28 12:57:00,7.935,7.935,7.935,7.935,1
2026-01-28 12:58:00,7.93,7.935,7.93,7.93,4
2026-01-28 12:59:00,7.93,7.9384,7.92,7.92,16
2026-01-28 13:00:00,7.93,7.935,7.93,7.9315,27
2026-01-28 13:01:00,7.94,7.94,7.94,7.94,13
2026-01-28 13:02:00,7.9499,7.95,7.94,7.945,78
2026-01-28 13:03:00,7.945,7.945,7.94,7.94,3
2026-01-28 13:04:00,7.94,7.94,7.94,7.94,0
2026-01-28 13:05:00,7.94,7.9417,7.935,7.94,39
2026-01-28 13:06:00,7.9385,7.9385,7.9385,7.9385,1
2026-01-28 13:07:00,7.93,7.935,7.925,7.935,31
2026-01-28 13:08:00,7.935,7.935,7.93,7.93,6
2026-01-28 13:09:00,7.93,7.94,7.925,7.935,22
2026-01-28 13:10:00,7.93,7.9371,7.93,7.9371,8
2026-01-28 13:11:00,7.93,7.93,7.925,7.9299,16
2026-01-28 13:12:00,7.9284,7.93,7.925,7.93,40
2026-01-28 13:13:00,7.935,7.9356,7.935,7.9356,2
2026-01-28 13:14:00,7.9356,7.9356,7.9356,7.9356,0
2026-01-28 13:15:00,7.935,7.935,7.935,7.935,45
2026-01-28 13:16:00,7.94,7.945,7.935,7.945,33
2026-01-28 13:17:00,7.945,7.95,7.945,7.946,49
2026-01-28 13:18:00,7.9471,7.98,7.945,7.975,226
2026-01-28 13:19:00,7.97,7.97,7.9642,7.9642,15
2026-01-28 13:20:00,7.965,7.965,7.965,7.965,1
2026-01-28 13:21:00,7.965,7.965,7.965,7.965,1
2026-01-28 13:22:00,7.965,7.97,7.965,7.97,21
2026-01-28 13:23:00,7.97,7.97,7.97,7.97,1
2026-01-28 13:24:00,7.97,7.97,7.97,7.97,5
2026-01-28 13:25:00,7.965,7.97,7.96,7.96,12
2026-01-28 13:26:00,7.965,7.965,7.96,7.96,7
2026-01-28 13:27:00,7.96,7.985,7.96,7.9829,117
2026-01-28 13:28:00,7.985,8.005,7.985,7.995,183
2026-01-28 13:29:00,7.99,7.995,7.98,7.99,61
2026-01-28 13:30:00,7.985,7.9886,7.975,7.975,13
2026-01-28 13:31:00,7.97,7.97,7.96,7.96,7
2026-01-28 13:32:00,7.955,7.955,7.95,7.955,24
2026-01-28 13:33:00,7.9514,7.9575,7.92,7.92,105
2026-01-28 13:34:00,7.92,7.92,7.91,7.915,90
2026-01-28 13:35:00,7.91,7.9189,7.91,7.9184,33
2026-01-28 13:36:00,7.915,7.915,7.9125,7.9125,21
2026-01-28 13:37:00,7.915,7.915,7.9101,7.9101,21
2026-01-28 13:38:00,7.91,7.91,7.9,7.91,66
2026-01-28 13:39:00,7.91,7.92,7.91,7.9151,6
2026-01-28 13:40:00,7.91,7.91,7.91,7.91,1
2026-01-28 13:41:00,7.91,7.93,7.91,7.93,52
2026-01-28 13:42:00,7.93,7.93,7.93,7.93,1
2026-01-28 13:43:00,7.93,7.935,7.93,7.935,3
2026-01-28 13:44:00,7.93,7.93,7.93,7.93,1
2026-01-28 13:45:00,7.93,7.935,7.93,7.93,7
2026-01-28 13:46:00,7.93,7.93,7.93,7.93,9
2026-01-28 13:47:00,7.925,7.925,7.925,7.925,2
2026-01-28 13:48:00,7.93,7.9305,7.93,7.9305,31
2026-01-28 13:49:00,7.9358,7.9358,7.935,7.935,2
2026-01-28 13:50:00,7.93,7.93,7.925,7.925,8
2026-01-28 13:51:00,7.93,7.93,7.93,7.93,3
2026-01-28 13:52:00,7.93,7.935,7.93,7.9316,37
2026-01-28 13:53:00,7.9316,7.9316,7.9316,7.9316,0
2026-01-28 13:54:00,7.93,7.93,7.925,7.925,4
2026-01-28 13:55:00,7.92,7.925,7.92,7.925,2
2026-01-28 13:56:00,7.92,7.9284,7.92,7.9284,4
2026-01-28 13:57:00,7.9284,7.9284,7.9284,7.9284,0
2026-01-28 13:58:00,7.92,7.92,7.91,7.91,4
2026-01-28 13:59:00,7.9208,7.9208,7.92,7.92,7
2026-01-28 14:00:00,7.91,7.9101,7.91,7.9101,53
2026-01-28 14:01:00,7.91,7.9175,7.905,7.905,36
2026-01-28 14:02:00,7.9,7.9056,7.9,7.9,78
2026-01-28 14:03:00,7.9099,7.9099,7.9,7.905,43
2026-01-28 14:04:00,7.9,7.9,7.89,7.89,151
2026-01-28 14:05:00,7.895,7.895,7.89,7.89,143
2026-01-28 14:06:00,7.89,7.895,7.89,7.89,37
2026-01-28 14:07:00,7.89,7.895,7.89,7.89,8
2026-01-28 14:08:00,7.89,7.9,7.89,7.89,20
2026-01-28 14:09:00,7.89,7.89,7.89,7.89,8
2026-01-28 14:10:00,7.89,7.895,7.89,7.89,7
2026-01-28 14:11:00,7.89,7.8981,7.89,7.89,24
2026-01-28 14:12:00,7.89,7.895,7.89,7.89,8
2026-01-28 14:13:00,7.89,7.8911,7.88,7.885,36
2026-01-28 14:14:00,7.88,7.91,7.88,7.91,145
2026-01-28 14:15:00,7.905,7.905,7.905,7.905,1
2026-01-28 14:16:00,7.905,7.905,7.905,7.905,0
2026-01-28 14:17:00,7.9,7.9,7.895,7.895,5
2026-01-28 14:18:00,7.89,7.89,7.89,7.89,38
2026-01-28 14:19:00,7.8987,7.8987,7.89,7.89,6
2026-01-28 14:20:00,7.89,7.89,7.885,7.885,5
2026-01-28 14:21:00,7.89,7.9,7.89,7.9,86
2026-01-28 14:22:00,7.9,7.92,7.9,7.91,132
2026-01-28 14:23:00,7.91,7.91,7.91,7.91,0
2026-01-28 14:24:00,7.915,7.915,7.905,7.905,51
2026-01-28 14:25:00,7.91,7.915,7.91,7.915,53
2026-01-28 14:26:00,7.915,7.92,7.915,7.92,47
2026-01-28 14:27:00,7.92,7.92,7.92,7.92,1
2026-01-28 14:28:00,7.92,7.925,7.92,7.925,2
2026-01-28 14:29:00,7.925,7.925,7.85,7.85,313
2026-01-28 14:30:00,7.855,7.9212,7.835,7.9212,567
2026-01-28 14:31:00,7.93,7.94,7.91,7.91,55
2026-01-28 14:32:00,7.92,7.93,7.905,7.93,191
2026-01-28 14:33:00,7.935,7.935,7.885,7.885,97
2026-01-28 14:34:00,7.89,7.9,7.88,7.88,96
2026-01-28 14:35:00,7.89,7.895,7.885,7.895,49
2026-01-28 14:36:00,7.895,7.905,7.895,7.905,37
2026-01-28 14:37:00,7.9,7.9,7.895,7.895,10
2026-01-28 14:38:00,7.89,7.89,7.885,7.89,54
2026-01-28 14:39:00,7.8904,7.9,7.89,7.895,51
2026-01-28 14:40:00,7.9,7.92,7.9,7.92,60
2026-01-28 14:41:00,7.915,7.915,7.9,7.905,89
2026-01-28 14:42:00,7.904,7.905,7.904,7.905,7
2026-01-28 14:43:00,7.905,7.91,7.9,7.9,4
2026-01-28 14:44:00,7.9,7.905,7.9,7.905,4
2026-01-28 14:45:00,7.9,7.9,7.9,7.9,2
2026-01-28 14:46:00,7.9,7.905,7.9,7.905,98
2026-01-28 14:47:00,7.91,7.925,7.91,7.925,81
2026-01-28 14:48:00,7.9261,7.9261,7.925,7.925,3
2026-01-28 14:49:00,7.925,7.935,7.9216,7.935,77
2026-01-28 14:50:00,7.9354,7.9354,7.92,7.92,112
2026-01-28 14:51:00,7.92,7.92,7.92,7.92,0
2026-01-28 14:52:00,7.92,7.9385,7.92,7.9385,31
2026-01-28 14:53:00,7.93,7.945,7.93,7.945,76
2026-01-28 14:54:00,7.945,7.9699,7.945,7.96,143
2026-01-28 14:55:00,7.96,7.96,7.93,7.93,89
2026-01-28 14:56:00,7.93,7.93,7.925,7.9258,16
2026-01-28 14:57:00,7.93,7.93,7.93,7.93,41
2026-01-28 14:58:00,7.925,7.925,7.92,7.92,3
2026-01-28 14:59:00,7.92,7.93,7.91,7.915,70
2026-01-28 15:00:00,7.915,7.915,7.9,7.9,22
2026-01-28 15:01:00,7.9,7.915,7.9,7.915,13
2026-01-28 15:02:00,7.915,7.915,7.915,7.915,11
2026-01-28 15:03:00,7.915,7.915,7.9142,7.9142,41
2026-01-28 15:04:00,7.91,7.915,7.91,7.915,28
2026-01-28 15:05:00,7.91,7.91,7.9,7.905,62
2026-01-28 15:06:00,7.9099,7.95,7.9099,7.925,172
2026-01-28 15:07:00,7.925,7.94,7.9242,7.9314,78
2026-01-28 15:08:00,7.94,7.945,7.93,7.9313,31
2026-01-28 15:09:00,7.939,7.94,7.939,7.94,4
2026-01-28 15:10:00,7.94,7.94,7.935,7.935,3
2026-01-28 15:11:00,7.94,7.95,7.94,7.95,16
2026-01-28 15:12:00,7.94,7.945,7.915,7.92,44
2026-01-28 15:13:00,7.9165,7.9165,7.905,7.91,47
2026-01-28 15:14:00,7.9094,7.92,7.9094,7.91,18
2026-01-28 15:15:00,7.905,7.915,7.905,7.91,19
2026-01-28 15:16:00,7.905,7.92,7.9,7.92,38
2026-01-28 15:17:00,7.92,7.92,7.92,7.92,0
2026-01-28 15:18:00,7.915,7.915,7.915,7.915,1
2026-01-28 15:19:00,7.915,7.935,7.915,7.93,55
2026-01-28 15:20:00,7.93,7.93,7.93,7.93,0
2026-01-28 15:21:00,7.93,7.934,7.93,7.934,37
2026-01-28 15:22:00,7.935,7.935,7.935,7.935,3
2026-01-28 15:23:00,7.935,7.935,7.935,7.935,0
2026-01-28 15:24:00,7.935,7.935,7.93,7.93,24
2026-01-28 15:25:00,7.925,7.925,7.9202,7.9202,26
2026-01-28 15:26:00,7.925,7.925,7.925,7.925,2
2026-01-28 15:27:00,7.92,7.92,7.92,7.92,3
2026-01-28 15:28:00,7.9265,7.9265,7.92,7.92,6
2026-01-28 15:29:00,7.9284,7.9284,7.91,7.91,33
2026-01-28 15:30:00,7.92,7.92,7.915,7.915,5
2026-01-28 15:31:00,7.91,7.91,7.91,7.91,5
2026-01-28 15:32:00,7.91,7.915,7.91,7.915,37
2026-01-28 15:33:00,7.91,7.915,7.91,7.915,7
2026-01-28 15:34:00,7.915,7.915,7.9,7.905,91
2026-01-28 15:35:00,7.9,7.905,7.9,7.905,13
2026-01-28 15:36:00,7.905,7.905,7.9,7.9,19
2026-01-28 15:37:00,7.905,7.92,7.905,7.91,150
2026-01-28 15:38:00,7.919,7.919,7.919,7.919,2
2026-01-28 15:39:00,7.915,7.925,7.915,7.92,69
2026-01-28 15:40:00,7.925,7.925,7.915,7.915,77
2026-01-28 15:41:00,7.915,7.915,7.915,7.915,10
2026-01-28 15:42:00,7.915,7.915,7.915,7.915,22
2026-01-28 15:43:00,7.915,7.915,7.9,7.9,152
2026-01-28 15:44:00,7.91,7.915,7.91,7.915,63
2026-01-28 15:45:00,7.92,7.92,7.91,7.91,44
2026-01-28 15:46:00,7.91,7.9101,7.905,7.905,39
2026-01-28 15:47:00,7.905,7.905,7.905,7.905,0
2026-01-28 15:48:00,7.905,7.905,7.895,7.895,81
2026-01-28 15:49:00,7.89,7.89,7.88,7.88,55
2026-01-28 15:50:00,7.885,7.89,7.875,7.8779,112
2026-01-28 15:51:00,7.875,7.8786,7.87,7.87,14
2026-01-28 15:52:00,7.87,7.87,7.85,7.865,227
2026-01-28 15:53:00,7.865,7.87,7.865,7.865,51
2026-01-28 15:54:00,7.865,7.865,7.86,7.86,17
2026-01-28 15:55:00,7.86,7.865,7.845,7.8504,309
2026-01-28 15:56:00,7.855,7.86,7.825,7.835,229
2026-01-28 15:57:00,7.84,7.86,7.835,7.855,280
2026-01-28 15:58:00,7.855,7.87,7.85,7.87,203
2026-01-28 15:59:00,7.87,7.89,7.86,7.88,603
2026-01-29 09:30:00,7.89,7.9,7.85,7.9,667
2026-01-29 09:31:00,7.9,7.91,7.87,7.895,18
2026-01-29 09:32:00,7.95,7.95,7.875,7.92,236
2026-01-29 09:33:00,7.9,7.9,7.8701,7.8701,39
2026-01-29 09:34:00,7.8701,7.8701,7.8701,7.8701,0
2026-01-29 09:35:00,7.865,7.92,7.865,7.915,32
2026-01-29 09:36:00,7.94,7.9788,7.94,7.945,27
2026-01-29 09:37:00,7.9599,7.9899,7.95,7.975,136
2026-01-29 09:38:00,7.975,7.975,7.94,7.95,155
2026-01-29 09:39:00,7.93,7.955,7.93,7.95,32
2026-01-29 09:40:00,7.94,7.95,7.94,7.95,2
2026-01-29 09:41:00,7.9465,7.9465,7.9465,7.9465,6
2026-01-29 09:42:00,7.93,7.93,7.93,7.93,1
2026-01-29 09:43:00,7.92,7.94,7.92,7.94,3
2026-01-29 09:44:00,7.95,7.95,7.935,7.935,15
2026-01-29 09:45:00,7.93,7.93,7.92,7.93,29
2026-01-29 09:46:00,7.93,7.935,7.91,7.925,60
2026-01-29 09:47:00,7.925,7.94,7.92,7.92,39
2026-01-29 09:48:00,7.92,7.92,7.92,7.92,0
2026-01-29 09:49:00,7.92,7.935,7.92,7.935,34
2026-01-29 09:50:00,7.935,7.935,7.905,7.91,36
2026-01-29 09:51:00,7.91,7.915,7.91,7.915,12
2026-01-29 09:52:00,7.92,7.94,7.92,7.93,132
2026-01-29 09:53:00,7.93,7.96,7.93,7.96,62
2026-01-29 09:54:00,7.96,7.98,7.95,7.98,39
2026-01-29 09:55:00,7.975,7.975,7.915,7.915,99
2026-01-29 09:56:00,7.9,7.9299,7.9,7.919,33
2026-01-29 09:57:00,7.91,7.92,7.905,7.915,35
2026-01-29 09:58:00,7.915,7.92,7.91,7.91,11
2026-01-29 09:59:00,7.91,7.92,7.91,7.92,7
2026-01-29 10:00:00,7.9,7.9,7.87,7.87,115
2026-01-29 10:01:00,7.87,7.875,7.865,7.875,65
2026-01-29 10:02:00,7.87,7.89,7.87,7.89,17
2026-01-29 10:03:00,7.8986,7.8986,7.885,7.885,5
2026-01-29 10:04:00,7.89,7.895,7.88,7.8942,159
2026-01-29 10:05:00,7.8898,7.8898,7.88,7.885,43
2026-01-29 10:06:00,7.88,7.88,7.865,7.874,53
2026-01-29 10:07:00,7.87,7.88,7.87,7.875,47
2026-01-29 10:08:00,7.87,7.88,7.87,7.88,8
2026-01-29 10:09:00,7.88,7.88,7.88,7.88,3
2026-01-29 10:10:00,7.885,7.885,7.84,7.855,58
2026-01-29 10:11:00,7.855,7.86,7.845,7.855,103
2026-01-29 10:12:00,7.85,7.8575,7.85,7.855,7
2026-01-29 10:13:00,7.845,7.855,7.845,7.855,12
2026-01-29 10:14:00,7.855,7.865,7.85,7.865,39
2026-01-29 10:15:00,7.865,7.88,7.865,7.88,42
2026-01-29 10:16:00,7.88,7.88,7.875,7.88,14
2026-01-29 10:17:00,7.88,7.8899,7.88,7.88,47
2026-01-29 10:18:00,7.885,7.89,7.88,7.885,28
2026-01-29 10:19:00,7.885,7.885,7.845,7.845,88
2026-01-29 10:20:00,7.845,7.8485,7.84,7.8485,38
2026-01-29 10:21:00,7.85,7.8699,7.8484,7.8599,30
2026-01-29 10:22:00,7.8583,7.86,7.8407,7.8499,119
2026-01-29 10:23:00,7.84,7.8499,7.835,7.8358,233
2026-01-29 10:24:00,7.84,7.855,7.8,7.815,346
2026-01-29 10:25:00,7.815,7.83,7.815,7.83,15
2026-01-29 10:26:00,7.835,7.84,7.825,7.84,80
2026-01-29 10:27:00,7.84,7.84,7.825,7.83,32
2026-01-29 10:28:00,7.82,7.82,7.81,7.82,50
2026-01-29 10:29:00,7.815,7.825,7.81,7.82,151
2026-01-29 10:30:00,7.82,7.83,7.81,7.8199,76
2026-01-29 10:31:00,7.81,7.82,7.8,7.8101,187
2026-01-29 10:32:00,7.81,7.815,7.81,7.815,13
2026-01-29 10:33:00,7.81,7.81,7.8,7.8,78
2026-01-29 10:34:00,7.805,7.8099,7.8,7.805,14
2026-01-29 10:35:00,7.8,7.8,7.795,7.795,62
2026-01-29 10:36:00,7.8,7.8063,7.799,7.8,116
2026-01-29 10:37:00,7.8,7.81,7.8,7.805,15
2026-01-29 10:38:00,7.8088,7.81,7.8,7.805,15
2026-01-29 10:39:00,7.805,7.8097,7.805,7.805,97
2026-01-29 10:40:00,7.8,7.8,7.78,7.785,25
2026-01-29 10:41:00,7.785,7.785,7.7815,7.784,22
2026-01-29 10:42:00,7.785,7.7899,7.775,7.775,34
2026-01-29 10:43:00,7.7777,7.7777,7.775,7.775,2
2026-01-29 10:44:00,7.78,7.785,7.77,7.78,68
2026-01-29 10:45:00,7.775,7.775,7.77,7.77,6
2026-01-29 10:46:00,7.78,7.78,7.78,7.78,16
2026-01-29 10:47:00,7.785,7.785,7.785,7.785,3
2026-01-29 10:48:00,7.79,7.79,7.78,7.7872,17
2026-01-29 10:49:00,7.7888,7.7888,7.785,7.785,12
2026-01-29 10:50:00,7.785,7.79,7.7845,7.7845,21
2026-01-29 10:51:00,7.785,7.785,7.75,7.7583,91
2026-01-29 10:52:00,7.7584,7.7584,7.74,7.745,57
2026-01-29 10:53:00,7.74,7.7465,7.735,7.745,33
2026-01-29 10:54:00,7.74,7.74,7.7301,7.7386,13
2026-01-29 10:55:00,7.739,7.745,7.7301,7.745,46
2026-01-29 10:56:00,7.75,7.765,7.75,7.765,44
2026-01-29 10:57:00,7.765,7.78,7.765,7.775,85
2026-01-29 10:58:00,7.7763,7.78,7.775,7.775,25
2026-01-29 10:59:00,7.78,7.7893,7.78,7.785,19
2026-01-29 11:00:00,7.785,7.785,7.775,7.775,6
2026-01-29 11:01:00,7.78,7.78,7.77,7.77,16
2026-01-29 11:02:00,7.77,7.775,7.765,7.765,14
2026-01-29 11:03:00,7.77,7.77,7.77,7.77,1
2026-01-29 11:04:00,7.77,7.77,7.765,7.765,88
2026-01-29 11:05:00,7.765,7.775,7.765,7.775,6
2026-01-29 11:06:00,7.77,7.77,7.77,7.77,7
2026-01-29 11:07:00,7.775,7.775,7.775,7.775,1
2026-01-29 11:08:00,7.775,7.775,7.775,7.775,3
2026-01-29 11:09:00,7.775,7.775,7.775,7.775,1
2026-01-29 11:10:00,7.77,7.775,7.7613,7.775,45
2026-01-29 11:11:00,7.78,7.785,7.78,7.785,15
2026-01-29 11:12:00,7.79,7.795,7.785,7.79,14
2026-01-29 11:13:00,7.7899,7.7899,7.7899,7.7899,2
2026-01-29 11:14:00,7.784,7.79,7.784,7.785,35
2026-01-29 11:15:00,7.7856,7.7898,7.785,7.785,80
2026-01-29 11:16:00,7.788,7.795,7.785,7.795,12
2026-01-29 11:17:00,7.795,7.795,7.785,7.785,6
2026-01-29 11:18:00,7.785,7.845,7.785,7.845,255
2026-01-29 11:19:00,7.845,7.845,7.84,7.84,7
2026-01-29 11:20:00,7.84,7.86,7.84,7.855,35
2026-01-29 11:21:00,7.855,7.855,7.82,7.82,125
2026-01-29 11:22:00,7.815,7.815,7.795,7.795,25
2026-01-29 11:23:00,7.79,7.79,7.785,7.785,10
2026-01-29 11:24:00,7.78,7.88,7.78,7.83,197
2026-01-29 11:25:00,7.8201,7.84,7.82,7.825,100
2026-01-29 11:26:00,7.82,7.83,7.82,7.83,91
2026-01-29 11:27:00,7.83,7.83,7.82,7.82,9
2026-01-29 11:28:00,7.81,7.815,7.805,7.805,6
2026-01-29 11:29:00,7.8168,7.8168,7.8168,7.8168,2
2026-01-29 11:30:00,7.82,7.825,7.82,7.82,8
2026-01-29 11:31:00,7.815,7.815,7.815,7.815,12
2026-01-29 11:32:00,7.81,7.815,7.8,7.8,38
2026-01-29 11:33:00,7.81,7.815,7.81,7.81,13
2026-01-29 11:34:00,7.81,7.8167,7.81,7.8167,7
2026-01-29 11:35:00,7.81,7.81,7.81,7.81,2
2026-01-29 11:36:00,7.82,7.82,7.81,7.81,4
2026-01-29 11:37:00,7.81,7.81,7.81,7.81,4
2026-01-29 11:38:00,7.805,7.815,7.805,7.81,4
2026-01-29 11:39:00,7.81,7.81,7.81,7.81,0
2026-01-29 11:40:00,7.815,7.825,7.81,7.82,45
2026-01-29 11:41:00,7.815,7.815,7.815,7.815,2
2026-01-29 11:42:00,7.815,7.815,7.815,7.815,0
2026-01-29 11:43:00,7.82,7.825,7.82,7.825,63
2026-01-29 11:44:00,7.825,7.845,7.825,7.845,57
2026-01-29 11:45:00,7.855,7.855,7.835,7.835,14
2026-01-29 11:46:00,7.84,7.85,7.84,7.85,26
2026-01-29 11:47:00,7.8499,7.865,7.8499,7.865,16
2026-01-29 11:48:00,7.86,7.865,7.86,7.865,2
2026-01-29 11:49:00,7.865,7.9,7.865,7.9,70
2026-01-29 11:50:00,7.895,7.895,7.89,7.895,19
2026-01-29 11:51:00,7.89,7.89,7.8858,7.8858,3
2026-01-29 11:52:00,7.885,7.885,7.885,7.885,5
2026-01-29 11:53:00,7.885,7.885,7.885,7.885,0
2026-01-29 11:54:00,7.885,7.89,7.88,7.885,19
2026-01-29 11:55:00,7.88,7.8883,7.88,7.8883,33
2026-01-29 11:56:00,7.885,7.885,7.87,7.875,26
2026-01-29 11:57:00,7.875,7.875,7.8688,7.8688,17
2026-01-29 11:58:00,7.865,7.87,7.865,7.87,2
2026-01-29 11:59:00,7.865,7.865,7.86,7.86,12
2026-01-29 12:00:00,7.86,7.885,7.86,7.885,44
2026-01-29 12:01:00,7.885,7.885,7.885,7.885,2
2026-01-29 12:02:00,7.88,7.885,7.88,7.885,4
2026-01-29 12:03:00,7.885,7.895,7.885,7.895,16
2026-01-29 12:04:00,7.895,7.895,7.8599,7.86,101
2026-01-29 12:05:00,7.855,7.865,7.855,7.865,8
2026-01-29 12:06:00,7.86,7.86,7.845,7.845,40
2026-01-29 12:07:00,7.84,7.845,7.83,7.83,46
2026-01-29 12:08:00,7.83,7.835,7.83,7.835,7
2026-01-29 12:09:00,7.83,7.8351,7.825,7.825,31
2026-01-29 12:10:00,7.825,7.845,7.82,7.835,32
2026-01-29 12:11:00,7.835,7.835,7.825,7.825,18
2026-01-29 12:12:00,7.82,7.835,7.82,7.834,26
2026-01-29 12:13:00,7.835,7.845,7.83,7.83,36
2026-01-29 12:14:00,7.835,7.835,7.83,7.835,64
2026-01-29 12:15:00,7.83,7.835,7.83,7.835,4
2026-01-29 12:16:00,7.83,7.835,7.83,7.835,4
2026-01-29 12:17:00,7.84,7.845,7.84,7.845,11
2026-01-29 12:18:00,7.845,7.85,7.84,7.845,30
2026-01-29 12:19:00,7.845,7.845,7.845,7.845,1
2026-01-29 12:20:00,7.845,7.845,7.845,7.845,0
2026-01-29 12:21:00,7.845,7.845,7.845,7.845,1
2026-01-29 12:22:00,7.85,7.855,7.835,7.835,44
2026-01-29 12:23:00,7.84,7.85,7.84,7.85,9
2026-01-29 12:24:00,7.84,7.855,7.84,7.845,23
2026-01-29 12:25:00,7.845,7.845,7.845,7.845,1
2026-01-29 12:26:00,7.845,7.845,7.845,7.845,0
2026-01-29 12:27:00,7.845,7.8471,7.845,7.845,11
2026-01-29 12:28:00,7.84,7.845,7.835,7.835,7
2026-01-29 12:29:00,7.84,7.845,7.84,7.84,12
2026-01-29 12:30:00,7.8401,7.8401,7.83,7.835,38
2026-01-29 12:31:00,7.835,7.835,7.835,7.835,3
2026-01-29 12:32:00,7.83,7.83,7.83,7.83,1
2026-01-29 12:33:00,7.835,7.835,7.835,7.835,2
2026-01-29 12:34:00,7.835,7.835,7.83,7.835,42
2026-01-29 12:35:00,7.835,7.835,7.835,7.835,0
2026-01-29 12:36:00,7.835,7.84,7.835,7.835,3
2026-01-29 12:37:00,7.835,7.835,7.835,7.835,5
2026-01-29 12:38:00,7.83,7.845,7.83,7.845,46
2026-01-29 12:39:00,7.845,7.85,7.845,7.85,20
2026-01-29 12:40:00,7.845,7.845,7.835,7.835,28
2026-01-29 12:41:00,7.835,7.835,7.82,7.82,306
2026-01-29 12:42:00,7.82,7.825,7.82,7.82,7
2026-01-29 12:43:00,7.82,7.82,7.815,7.8183,21
2026-01-29 12:44:00,7.815,7.815,7.81,7.815,6
2026-01-29 12:45:00,7.815,7.8155,7.81,7.81,22
2026-01-29 12:46:00,7.815,7.815,7.815,7.815,2
2026-01-29 12:47:00,7.815,7.815,7.815,7.815,0
2026-01-29 12:48:00,7.81,7.81,7.805,7.805,15
2026-01-29 12:49:00,7.81,7.81,7.805,7.805,6
2026-01-29 12:50:00,7.805,7.805,7.78,7.78,54
2026-01-29 12:51:00,7.7818,7.785,7.775,7.775,25
2026-01-29 12:52:00,7.77,7.775,7.77,7.775,4
2026-01-29 12:53:00,7.77,7.7799,7.77,7.77,11
2026-01-29 12:54:00,7.775,7.775,7.77,7.77,6
2026-01-29 12:55:00,7.775,7.78,7.77,7.7758,85
2026-01-29 12:56:00,7.775,7.79,7.77,7.775,185
2026-01-29 12:57:00,7.775,7.785,7.775,7.785,54
2026-01-29 12:58:00,7.78,7.795,7.78,7.795,24
2026-01-29 12:59:00,7.795,7.8,7.795,7.8,3
2026-01-29 13:00:00,7.795,7.7999,7.785,7.785,84
2026-01-29 13:01:00,7.79,7.795,7.79,7.795,31
2026-01-29 13:02:00,7.79,7.8,7.785,7.795,244
2026-01-29 13:03:00,7.79,7.79,7.775,7.775,26
2026-01-29 13:04:00,7.77,7.7899,7.77,7.7802,137
2026-01-29 13:05:00,7.79,7.795,7.79,7.795,14
2026-01-29 13:06:00,7.79,7.795,7.79,7.7929,13
2026-01-29 13:07:00,7.795,7.795,7.795,7.795,2
2026-01-29 13:08:00,7.795,7.795,7.785,7.79,14
2026-01-29 13:09:00,7.795,7.795,7.79,7.795,21
2026-01-29 13:10:00,7.79,7.79,7.785,7.79,27
2026-01-29 13:11:00,7.795,7.795,7.79,7.79,5
2026-01-29 13:12:00,7.79,7.82,7.79,7.815,53
2026-01-29 13:13:00,7.81,7.81,7.8025,7.805,52
2026-01-29 13:14:00,7.805,7.805,7.805,7.805,1
2026-01-29 13:15:00,7.805,7.805,7.805,7.805,6
2026-01-29 13:16:00,7.805,7.805,7.8,7.8,2
2026-01-29 13:17:00,7.805,7.8051,7.801,7.805,43
2026-01-29 13:18:00,7.8,7.81,7.8,7.805,4
2026-01-29 13:19:00,7.8,7.8,7.795,7.8,61
2026-01-29 13:20:00,7.8,7.8,7.765,7.765,33
2026-01-29 13:21:00,7.765,7.78,7.765,7.77,154
2026-01-29 13:22:00,7.77,7.77,7.76,7.765,65
2026-01-29 13:23:00,7.765,7.765,7.765,7.765,3
2026-01-29 13:24:00,7.76,7.765,7.76,7.765,15
2026-01-29 13:25:00,7.76,7.77,7.755,7.765,28
2026-01-29 13:26:00,7.76,7.76,7.755,7.76,16
2026-01-29 13:27:00,7.76,7.76,7.755,7.755,7
2026-01-29 13:28:00,7.755,7.765,7.755,7.7617,4
2026-01-29 13:29:00,7.7617,7.7617,7.7617,7.7617,0
2026-01-29 13:30:00,7.76,7.765,7.75,7.75,15
2026-01-29 13:31:00,7.76,7.77,7.76,7.77,13
2026-01-29 13:32:00,7.77,7.775,7.77,7.775,6
2026-01-29 13:33:00,7.775,7.775,7.775,7.775,2
2026-01-29 13:34:00,7.775,7.775,7.77,7.77,15
2026-01-29 13:35:00,7.77,7.7799,7.77,7.7799,8
2026-01-29 13:36:00,7.77,7.77,7.77,7.77,13
2026-01-29 13:37:00,7.775,7.775,7.775,7.775,5
2026-01-29 13:38:00,7.775,7.775,7.775,7.775,4
2026-01-29 13:39:00,7.775,7.785,7.775,7.785,15
2026-01-29 13:40:00,7.78,7.785,7.78,7.785,4
2026-01-29 13:41:00,7.785,7.7899,7.785,7.785,42
2026-01-29 13:42:00,7.78,7.7873,7.775,7.775,21
2026-01-29 13:43:00,7.775,7.775,7.775,7.775,1
2026-01-29 13:44:00,7.775,7.785,7.775,7.785,34
2026-01-29 13:45:00,7.78,7.785,7.78,7.78,4
2026-01-29 13:46:00,7.78,7.78,7.775,7.775,9
2026-01-29 13:47:00,7.775,7.775,7.775,7.775,2
2026-01-29 13:48:00,7.775,7.775,7.765,7.77,24
2026-01-29 13:49:00,7.775,7.775,7.775,7.775,4
2026-01-29 13:50:00,7.77,7.77,7.77,7.77,1
2026-01-29 13:51:00,7.775,7.775,7.775,7.775,8
2026-01-29 13:52:00,7.77,7.775,7.77,7.775,2
2026-01-29 13:53:00,7.7701,7.78,7.765,7.775,121
2026-01-29 13:54:00,7.77,7.775,7.77,7.775,16
2026-01-29 13:55:00,7.775,7.78,7.775,7.78,3
2026-01-29 13:56:00,7.78,7.79,7.78,7.79,8
2026-01-29 13:57:00,7.785,7.785,7.785,7.785,1
2026-01-29 13:58:00,7.78,7.785,7.78,7.785,3
2026-01-29 13:59:00,7.7893,7.7893,7.78,7.78,13
2026-01-29 14:00:00,7.78,7.78,7.775,7.775,18
2026-01-29 14:01:00,7.775,7.775,7.775,7.775,0
2026-01-29 14:02:00,7.77,7.775,7.77,7.775,8
2026-01-29 14:03:00,7.78,7.785,7.78,7.785,20
2026-01-29 14:04:00,7.78,7.785,7.78,7.785,3
2026-01-29 14:05:00,7.79,7.795,7.785,7.795,7
2026-01-29 14:06:00,7.795,7.795,7.79,7.795,3
2026-01-29 14:07:00,7.795,7.795,7.795,7.795,0
2026-01-29 14:08:00,7.795,7.8,7.795,7.795,37
2026-01-29 14:09:00,7.795,7.795,7.795,7.795,5
2026-01-29 14:10:00,7.79,7.8,7.79,7.795,15
2026-01-29 14:11:00,7.79,7.8,7.79,7.8,11
2026-01-29 14:12:00,7.8,7.81,7.8,7.8099,62
2026-01-29 14:13:00,7.805,7.805,7.8,7.805,5
2026-01-29 14:14:00,7.8,7.805,7.8,7.805,13
2026-01-29 14:15:00,7.805,7.805,7.805,7.805,4
2026-01-29 14:16:00,7.8,7.825,7.8,7.82,55
2026-01-29 14:17:00,7.8175,7.8295,7.8175,7.825,46
2026-01-29 14:18:00,7.82,7.8271,7.82,7.8271,56
2026-01-29 14:19:00,7.8201,7.85,7.8201,7.8401,195
2026-01-29 14:20:00,7.84,7.84,7.83,7.8314,13
2026-01-29 14:21:00,7.835,7.8367,7.83,7.8367,13
2026-01-29 14:22:00,7.835,7.835,7.83,7.835,15
2026-01-29 14:23:00,7.832,7.8355,7.83,7.835,75
2026-01-29 14:24:00,7.83,7.8333,7.83,7.8333,13
2026-01-29 14:25:00,7.83,7.835,7.83,7.835,18
2026-01-29 14:26:00,7.83,7.838,7.83,7.835,30
2026-01-29 14:27:00,7.84,7.8401,7.84,7.84,35
2026-01-29 14:28:00,7.835,7.835,7.82,7.8299,71
2026-01-29 14:29:00,7.825,7.83,7.825,7.825,12
2026-01-29 14:30:00,7.825,7.825,7.815,7.815,75
2026-01-29 14:31:00,7.8199,7.835,7.8199,7.835,48
2026-01-29 14:32:00,7.83,7.83,7.83,7.83,7
2026-01-29 14:33:00,7.825,7.825,7.825,7.825,27
2026-01-29 14:34:00,7.82,7.825,7.82,7.82,12
2026-01-29 14:35:00,7.82,7.82,7.82,7.82,18
2026-01-29 14:36:00,7.82,7.83,7.82,7.83,27
2026-01-29 14:37:00,7.835,7.84,7.835,7.84,36
2026-01-29 14:38:00,7.84,7.84,7.84,7.84,9
2026-01-29 14:39:00,7.835,7.84,7.83,7.83,162
2026-01-29 14:40:00,7.83,7.83,7.825,7.825,18
2026-01-29 14:41:00,7.825,7.825,7.825,7.825,0
2026-01-29 14:42:00,7.825,7.83,7.825,7.83,42
2026-01-29 14:43:00,7.834,7.835,7.834,7.835,13
2026-01-29 14:44:00,7.83,7.835,7.83,7.835,6
2026-01-29 14:45:00,7.8387,7.845,7.8387,7.845,5
2026-01-29 14:46:00,7.84,7.84,7.84,7.84,1
2026-01-29 14:47:00,7.845,7.85,7.83,7.83,35
2026-01-29 14:48:00,7.82,7.82,7.8146,7.8146,74
2026-01-29 14:49:00,7.815,7.815,7.815,7.815,1
2026-01-29 14:50:00,7.81,7.82,7.81,7.815,5
2026-01-29 14:51:00,7.815,7.82,7.815,7.82,30
2026-01-29 14:52:00,7.8249,7.8249,7.8245,7.8245,30
2026-01-29 14:53:00,7.825,7.825,7.825,7.825,10
2026-01-29 14:54:00,7.82,7.84,7.82,7.84,52
2026-01-29 14:55:00,7.84,7.84,7.84,7.84,7
2026-01-29 14:56:00,7.83,7.835,7.8283,7.8283,56
2026-01-29 14:57:00,7.83,7.835,7.83,7.83,60
2026-01-29 14:58:00,7.84,7.84,7.8326,7.8328,45
2026-01-29 14:59:00,7.835,7.835,7.82,7.82,65
2026-01-29 15:00:00,7.83,7.83,7.825,7.825,42
2026-01-29 15:01:00,7.825,7.825,7.825,7.825,52
2026-01-29 15:02:00,7.83,7.8763,7.83,7.865,298
2026-01-29 15:03:00,7.855,7.855,7.85,7.85,5
2026-01-29 15:04:00,7.8533,7.855,7.8533,7.855,22
2026-01-29 15:05:00,7.855,7.86,7.85,7.85,78
2026-01-29 15:06:00,7.86,7.865,7.86,7.865,55
2026-01-29 15:07:00,7.86,7.87,7.86,7.86,56
2026-01-29 15:08:00,7.87,7.88,7.87,7.875,104
2026-01-29 15:09:00,7.875,7.89,7.875,7.88,18
2026-01-29 15:10:00,7.8801,7.89,7.8801,7.885,50
2026-01-29 15:11:00,7.89,7.89,7.87,7.87,121
2026-01-29 15:12:00,7.87,7.875,7.87,7.8741,73
2026-01-29 15:13:00,7.875,7.875,7.865,7.865,61
2026-01-29 15:14:00,7.86,7.86,7.85,7.8512,38
2026-01-29 15:15:00,7.845,7.845,7.83,7.83,293
2026-01-29 15:16:00,7.84,7.855,7.84,7.85,91
2026-01-29 15:17:00,7.849,7.85,7.84,7.84,55
2026-01-29 15:18:00,7.84,7.85,7.835,7.8467,84
2026-01-29 15:19:00,7.85,7.85,7.84,7.84,62
2026-01-29 15:20:00,7.8437,7.845,7.8437,7.845,22
2026-01-29 15:21:00,7.85,7.85,7.845,7.845,4
2026-01-29 15:22:00,7.85,7.85,7.85,7.85,2
2026-01-29 15:23:00,7.8493,7.8493,7.845,7.845,2
2026-01-29 15:24:00,7.8401,7.8455,7.8401,7.8414,27
2026-01-29 15:25:00,7.845,7.845,7.84,7.84,3
2026-01-29 15:26:00,7.84,7.85,7.84,7.845,17
2026-01-29 15:27:00,7.845,7.85,7.84,7.84,4
2026-01-29 15:28:00,7.845,7.845,7.8401,7.845,25
2026-01-29 15:29:00,7.84,7.84,7.82,7.82,123
2026-01-29 15:30:00,7.82,7.8299,7.82,7.8201,36
2026-01-29 15:31:00,7.825,7.825,7.82,7.82,8
2026-01-29 15:32:00,7.825,7.825,7.82,7.82,51
2026-01-29 15:33:00,7.825,7.8278,7.82,7.82,21
2026-01-29 15:34:00,7.8273,7.84,7.825,7.835,141
2026-01-29 15:35:00,7.83,7.83,7.82,7.82,67
2026-01-29 15:36:00,7.825,7.825,7.82,7.82,12
2026-01-29 15:37:00,7.825,7.825,7.82,7.82,73
2026-01-29 15:38:00,7.825,7.8293,7.825,7.825,51
2026-01-29 15:39:00,7.83,7.835,7.83,7.83,81
2026-01-29 15:40:00,7.832,7.835,7.8242,7.83,69
2026-01-29 15:41:00,7.83,7.83,7.8201,7.8201,168
2026-01-29 15:42:00,7.8201,7.8201,7.8201,7.8201,0
2026-01-29 15:43:00,7.8299,7.83,7.81,7.81,141
2026-01-29 15:44:00,7.8101,7.8101,7.81,7.81,17
2026-01-29 15:45:00,7.815,7.815,7.81,7.815,36
2026-01-29 15:46:00,7.815,7.82,7.81,7.81,37
2026-01-29 15:47:00,7.81,7.81,7.8,7.8,20
2026-01-29 15:48:00,7.8,7.805,7.795,7.795,142
2026-01-29 15:49:00,7.795,7.795,7.79,7.79,32
2026-01-29 15:50:00,7.8,7.805,7.795,7.795,88
2026-01-29 15:51:00,7.795,7.795,7.78,7.785,68
2026-01-29 15:52:00,7.785,7.8099,7.785,7.805,132
2026-01-29 15:53:00,7.805,7.805,7.8,7.8,51
2026-01-29 15:54:00,7.805,7.825,7.805,7.811,205
2026-01-29 15:55:00,7.81,7.81,7.78,7.78,127
2026-01-29 15:56:00,7.789,7.795,7.775,7.79,158
2026-01-29 15:57:00,7.795,7.82,7.79,7.815,104
2026-01-29 15:58:00,7.82,7.855,7.795,7.835,730
2026-01-29 15:59:00,7.835,7.86,7.835,7.86,513
2026-01-30 09:30:00,7.78,7.82,7.78,7.815,126
2026-01-30 09:31:00,7.8148,7.82,7.8,7.809,51
2026-01-30 09:32:00,7.82,7.82,7.82,7.82,45
2026-01-30 09:33:00,7.83,7.87,7.83,7.8625,61
2026-01-30 09:34:00,7.88,7.88,7.86,7.8796,9
2026-01-30 09:35:00,7.8656,7.87,7.86,7.86,4
2026-01-30 09:36:00,7.88,7.88,7.785,7.79,109
2026-01-30 09:37:00,7.79,7.79,7.77,7.77,55
2026-01-30 09:38:00,7.775,7.78,7.76,7.77,23
2026-01-30 09:39:00,7.77,7.779,7.77,7.7714,15
2026-01-30 09:40:00,7.78,7.79,7.78,7.785,17
2026-01-30 09:41:00,7.785,7.79,7.765,7.765,54
2026-01-30 09:42:00,7.7601,7.7675,7.7601,7.7675,12
2026-01-30 09:43:00,7.76,7.76,7.7301,7.75,190
2026-01-30 09:44:00,7.7599,7.77,7.7599,7.77,33
2026-01-30 09:45:00,7.77,7.777,7.76,7.765,104
2026-01-30 09:46:00,7.76,7.76,7.75,7.7599,17
2026-01-30 09:47:00,7.75,7.76,7.75,7.76,22
2026-01-30 09:48:00,7.76,7.76,7.755,7.76,3
2026-01-30 09:49:00,7.755,7.76,7.72,7.72,68
2026-01-30 09:50:00,7.725,7.7286,7.72,7.72,33
2026-01-30 09:51:00,7.7165,7.73,7.7165,7.73,66
2026-01-30 09:52:00,7.735,7.735,7.715,7.72,46
2026-01-30 09:53:00,7.715,7.72,7.715,7.72,2
2026-01-30 09:54:00,7.715,7.715,7.67,7.6899,129
2026-01-30 09:55:00,7.6701,7.68,7.665,7.665,26
2026-01-30 09:56:00,7.665,7.67,7.665,7.67,34
2026-01-30 09:57:00,7.67,7.67,7.66,7.6684,73
2026-01-30 09:58:00,7.6616,7.6616,7.65,7.659,73
2026-01-30 09:59:00,7.65,7.65,7.645,7.645,53
2026-01-30 10:00:00,7.65,7.665,7.65,7.655,73
2026-01-30 10:01:00,7.655,7.66,7.645,7.655,34
2026-01-30 10:02:00,7.655,7.66,7.65,7.655,13
2026-01-30 10:03:00,7.6537,7.6599,7.65,7.655,19
2026-01-30 10:04:00,7.655,7.665,7.6426,7.645,144
2026-01-30 10:05:00,7.65,7.68,7.65,7.68,32
2026-01-30 10:06:00,7.68,7.7,7.68,7.7,56
2026-01-30 10:07:00,7.71,7.71,7.69,7.695,28
2026-01-30 10:08:00,7.69,7.69,7.6799,7.6799,11
2026-01-30 10:09:00,7.67,7.68,7.67,7.675,8
2026-01-30 10:10:00,7.675,7.6799,7.67,7.67,16
2026-01-30 10:11:00,7.66,7.665,7.66,7.66,23
2026-01-30 10:12:00,7.655,7.66,7.605,7.605,448
2026-01-30 10:13:00,7.605,7.62,7.585,7.62,201
2026-01-30 10:14:00,7.615,7.6195,7.61,7.6157,85
2026-01-30 10:15:00,7.6199,7.64,7.6199,7.63,577
2026-01-30 10:16:00,7.635,7.64,7.625,7.64,95
2026-01-30 10:17:00,7.635,7.635,7.62,7.624,68
2026-01-30 10:18:00,7.625,7.625,7.625,7.625,2
2026-01-30 10:19:00,7.63,7.64,7.62,7.64,83
2026-01-30 10:20:00,7.645,7.655,7.645,7.655,40
2026-01-30 10:21:00,7.65,7.655,7.645,7.65,15
2026-01-30 10:22:00,7.65,7.66,7.65,7.655,17
2026-01-30 10:23:00,7.655,7.66,7.655,7.659,9
2026-01-30 10:24:00,7.655,7.655,7.64,7.65,36
2026-01-30 10:25:00,7.64,7.64,7.635,7.635,42
2026-01-30 10:26:00,7.6338,7.6338,7.62,7.62,13
2026-01-30 10:27:00,7.615,7.64,7.615,7.625,230
2026-01-30 10:28:00,7.625,7.625,7.62,7.625,17
2026-01-30 10:29:00,7.62,7.62,7.61,7.61,37
2026-01-30 10:30:00,7.61,7.61,7.6,7.61,82
2026-01-30 10:31:00,7.61,7.6155,7.61,7.615,64
2026-01-30 10:32:00,7.615,7.6293,7.615,7.619,45
2026-01-30 10:33:00,7.62,7.6255,7.62,7.6255,10
2026-01-30 10:34:00,7.62,7.635,7.62,7.635,14
2026-01-30 10:35:00,7.63,7.64,7.62,7.635,20
2026-01-30 10:36:00,7.635,7.635,7.63,7.63,11
2026-01-30 10:37:00,7.625,7.64,7.625,7.639,14
2026-01-30 10:38:00,7.635,7.635,7.63,7.635,18
2026-01-30 10:39:00,7.635,7.64,7.635,7.635,10
2026-01-30 10:40:00,7.635,7.64,7.63,7.64,8
2026-01-30 10:41:00,7.635,7.65,7.635,7.645,84
2026-01-30 10:42:00,7.64,7.645,7.64,7.64,31
2026-01-30 10:43:00,7.645,7.655,7.64,7.6516,55
2026-01-30 10:44:00,7.655,7.665,7.655,7.66,26
2026-01-30 10:45:00,7.655,7.655,7.655,7.655,1
2026-01-30 10:46:00,7.6501,7.655,7.65,7.65,26
2026-01-30 10:47:00,7.66,7.66,7.655,7.655,3
2026-01-30 10:48:00,7.65,7.665,7.65,7.66,38
2026-01-30 10:49:00,7.665,7.665,7.645,7.665,239
2026-01-30 10:50:00,7.6699,7.6699,7.665,7.665,6
2026-01-30 10:51:00,7.665,7.67,7.665,7.665,9
2026-01-30 10:52:00,7.66,7.6603,7.655,7.655,87
2026-01-30 10:53:00,7.655,7.655,7.655,7.655,6
2026-01-30 10:54:00,7.658,7.665,7.655,7.665,52
2026-01-30 10:55:00,7.66,7.6899,7.66,7.6883,76
2026-01-30 10:56:00,7.68,7.68,7.65,7.655,296
2026-01-30 10:57:00,7.65,7.65,7.635,7.635,44
2026-01-30 10:58:00,7.64,7.645,7.64,7.645,14
2026-01-30 10:59:00,7.645,7.645,7.635,7.635,34
2026-01-30 11:00:00,7.6337,7.64,7.6337,7.64,9
2026-01-30 11:01:00,7.645,7.65,7.645,7.649,7
2026-01-30 11:02:00,7.645,7.65,7.645,7.645,10
2026-01-30 11:03:00,7.645,7.645,7.6419,7.645,22
2026-01-30 11:04:00,7.645,7.65,7.64,7.65,33
2026-01-30 11:05:00,7.645,7.65,7.645,7.645,15
2026-01-30 11:06:00,7.6455,7.65,7.645,7.645,6
2026-01-30 11:07:00,7.65,7.665,7.64,7.655,34
2026-01-30 11:08:00,7.655,7.655,7.645,7.6455,83
2026-01-30 11:09:00,7.64,7.64,7.63,7.63,21
2026-01-30 11:10:00,7.635,7.635,7.63,7.635,16
2026-01-30 11:11:00,7.635,7.635,7.635,7.635,2
2026-01-30 11:12:00,7.635,7.645,7.63,7.64,35
2026-01-30 11:13:00,7.645,7.645,7.63,7.635,39
2026-01-30 11:14:00,7.635,7.64,7.63,7.64,20
2026-01-30 11:15:00,7.645,7.645,7.635,7.6399,35
2026-01-30 11:16:00,7.64,7.6497,7.64,7.645,23
2026-01-30 11:17:00,7.6483,7.65,7.644,7.6483,24
2026-01-30 11:18:00,7.6463,7.6599,7.645,7.655,22
2026-01-30 11:19:00,7.655,7.655,7.6499,7.65,57
2026-01-30 11:20:00,7.645,7.655,7.645,7.655,8
2026-01-30 11:21:00,7.6516,7.655,7.65,7.655,23
2026-01-30 11:22:00,7.66,7.67,7.66,7.67,16
2026-01-30 11:23:00,7.665,7.665,7.665,7.665,2
2026-01-30 11:24:00,7.665,7.665,7.66,7.665,14
2026-01-30 11:25:00,7.665,7.68,7.665,7.68,25
2026-01-30 11:26:00,7.68,7.685,7.68,7.68,35
2026-01-30 11:27:00,7.68,7.685,7.68,7.685,25
2026-01-30 11:28:00,7.685,7.685,7.685,7.685,7
2026-01-30 11:29:00,7.685,7.69,7.68,7.69,31
2026-01-30 11:30:00,7.69,7.705,7.6893,7.705,25
2026-01-30 11:31:00,7.7018,7.71,7.7018,7.71,15
2026-01-30 11:32:00,7.705,7.71,7.705,7.7065,33
2026-01-30 11:33:00,7.71,7.71,7.705,7.705,42
2026-01-30 11:34:00,7.705,7.705,7.705,7.705,7
2026-01-30 11:35:00,7.705,7.71,7.705,7.71,5
2026-01-30 11:36:00,7.71,7.71,7.7,7.705,11
2026-01-30 11:37:00,7.705,7.715,7.705,7.715,17
2026-01-30 11:38:00,7.715,7.7152,7.7142,7.7142,11
2026-01-30 11:39:00,7.72,7.725,7.71,7.725,174
2026-01-30 11:40:00,7.72,7.73,7.72,7.725,6
2026-01-30 11:41:00,7.725,7.725,7.725,7.725,3
2026-01-30 11:42:00,7.725,7.73,7.715,7.73,61
2026-01-30 11:43:00,7.73,7.73,7.73,7.73,22
2026-01-30 11:44:00,7.7366,7.7366,7.7366,7.7366,1
2026-01-30 11:45:00,7.7366,7.7366,7.7366,7.7366,0
2026-01-30 11:46:00,7.74,7.74,7.73,7.735,47
2026-01-30 11:47:00,7.75,7.75,7.745,7.745,6
2026-01-30 11:48:00,7.745,7.745,7.745,7.745,9
2026-01-30 11:49:00,7.7499,7.7499,7.7418,7.7418,11
2026-01-30 11:50:00,7.745,7.745,7.73,7.73,48
2026-01-30 11:51:00,7.725,7.725,7.725,7.725,1
2026-01-30 11:52:00,7.725,7.725,7.72,7.72,4
2026-01-30 11:53:00,7.725,7.7299,7.725,7.7299,2
2026-01-30 11:54:00,7.73,7.74,7.73,7.74,19
2026-01-30 11:55:00,7.735,7.745,7.735,7.74,31
2026-01-30 11:56:00,7.73,7.735,7.73,7.735,9
2026-01-30 11:57:00,7.735,7.735,7.73,7.73,28
2026-01-30 11:58:00,7.73,7.73,7.73,7.73,25
2026-01-30 11:59:00,7.725,7.725,7.725,7.725,5
2026-01-30 12:00:00,7.725,7.725,7.72,7.725,7
2026-01-30 12:01:00,7.73,7.74,7.73,7.735,24
2026-01-30 12:02:00,7.74,7.74,7.7384,7.74,8
2026-01-30 12:03:00,7.74,7.74,7.735,7.735,7
2026-01-30 12:04:00,7.735,7.735,7.73,7.73,22
2026-01-30 12:05:00,7.735,7.735,7.735,7.735,2
2026-01-30 12:06:00,7.73,7.73,7.72,7.725,16
2026-01-30 12:07:00,7.725,7.725,7.72,7.72,11
2026-01-30 12:08:00,7.72,7.725,7.72,7.725,3
2026-01-30 12:09:00,7.73,7.73,7.7,7.705,178
2026-01-30 12:10:00,7.7,7.7175,7.69,7.7175,317
2026-01-30 12:11:00,7.715,7.725,7.715,7.725,25
2026-01-30 12:12:00,7.725,7.725,7.725,7.725,4
2026-01-30 12:13:00,7.725,7.725,7.725,7.725,33
2026-01-30 12:14:00,7.725,7.725,7.725,7.725,22
2026-01-30 12:15:00,7.725,7.73,7.7209,7.73,39
2026-01-30 12:16:00,7.73,7.735,7.73,7.735,8
2026-01-30 12:17:00,7.735,7.735,7.705,7.705,62
2026-01-30 12:18:00,7.705,7.73,7.705,7.73,23
2026-01-30 12:19:00,7.73,7.74,7.725,7.725,12
2026-01-30 12:20:00,7.73,7.73,7.71,7.71,47
2026-01-30 12:21:00,7.7125,7.73,7.7125,7.73,51
2026-01-30 12:22:00,7.735,7.735,7.735,7.735,7
2026-01-30 12:23:00,7.74,7.74,7.74,7.74,7
2026-01-30 12:24:00,7.745,7.745,7.745,7.745,23
2026-01-30 12:25:00,7.7493,7.75,7.745,7.745,8
2026-01-30 12:26:00,7.75,7.75,7.75,7.75,6
2026-01-30 12:27:00,7.755,7.755,7.755,7.755,11
2026-01-30 12:28:00,7.7558,7.76,7.755,7.76,10
2026-01-30 12:29:00,7.76,7.76,7.755,7.755,6
2026-01-30 12:30:00,7.76,7.78,7.76,7.78,11
2026-01-30 12:31:00,7.78,7.78,7.77,7.775,80
2026-01-30 12:32:00,7.77,7.78,7.77,7.78,7
2026-01-30 12:33:00,7.775,7.775,7.77,7.775,11
2026-01-30 12:34:00,7.775,7.775,7.77,7.77,118
2026-01-30 12:35:00,7.7609,7.765,7.74,7.745,107
2026-01-30 12:36:00,7.7493,7.75,7.745,7.745,15
2026-01-30 12:37:00,7.745,7.75,7.745,7.75,21
2026-01-30 12:38:00,7.755,7.755,7.755,7.755,2
2026-01-30 12:39:00,7.756,7.756,7.755,7.755,16
2026-01-30 12:40:00,7.755,7.755,7.755,7.755,5
2026-01-30 12:41:00,7.755,7.755,7.75,7.755,3
2026-01-30 12:42:00,7.755,7.7551,7.75,7.75,102
2026-01-30 12:43:00,7.755,7.755,7.745,7.75,83
2026-01-30 12:44:00,7.755,7.7791,7.755,7.775,68
2026-01-30 12:45:00,7.78,7.785,7.78,7.785,6
2026-01-30 12:46:00,7.785,7.795,7.785,7.795,29
2026-01-30 12:47:00,7.795,7.7963,7.785,7.785,33
2026-01-30 12:48:00,7.785,7.7901,7.785,7.7901,52
2026-01-30 12:49:00,7.79,7.79,7.79,7.79,19
2026-01-30 12:50:00,7.795,7.8,7.795,7.8,6
2026-01-30 12:51:00,7.8,7.8,7.8,7.8,3
2026-01-30 12:52:00,7.8,7.8,7.795,7.795,5
2026-01-30 12:53:00,7.795,7.8,7.7901,7.7901,26
2026-01-30 12:54:00,7.79,7.795,7.79,7.7937,31
2026-01-30 12:55:00,7.795,7.795,7.795,7.795,1
2026-01-30 12:56:00,7.795,7.795,7.795,7.795,5
2026-01-30 12:57:00,7.7901,7.8,7.79,7.795,15
2026-01-30 12:58:00,7.795,7.8,7.79,7.7958,7
2026-01-30 12:59:00,7.795,7.795,7.79,7.79,28
2026-01-30 13:00:00,7.79,7.79,7.7819,7.785,25
2026-01-30 13:01:00,7.785,7.795,7.785,7.785,71
2026-01-30 13:02:00,7.79,7.795,7.79,7.795,8
2026-01-30 13:03:00,7.795,7.795,7.795,7.795,0
2026-01-30 13:04:00,7.795,7.8,7.79,7.795,97
2026-01-30 13:05:00,7.795,7.8,7.79,7.795,64
2026-01-30 13:06:00,7.8,7.8,7.8,7.8,1
2026-01-30 13:07:00,7.795,7.795,7.7914,7.795,17
2026-01-30 13:08:00,7.795,7.8,7.795,7.795,8
2026-01-30 13:09:00,7.795,7.8,7.795,7.8,29
2026-01-30 13:10:00,7.795,7.795,7.7801,7.7814,52
2026-01-30 13:11:00,7.785,7.785,7.785,7.785,1
2026-01-30 13:12:00,7.79,7.79,7.785,7.785,20
2026-01-30 13:13:00,7.7891,7.79,7.78,7.78,15
2026-01-30 13:14:00,7.785,7.785,7.785,7.785,2
2026-01-30 13:15:00,7.7887,7.79,7.785,7.785,25
2026-01-30 13:16:00,7.7861,7.7861,7.78,7.78,48
2026-01-30 13:17:00,7.785,7.785,7.785,7.785,41
2026-01-30 13:18:00,7.7823,7.785,7.78,7.7814,26
2026-01-30 13:19:00,7.785,7.81,7.78,7.81,73
2026-01-30 13:20:00,7.81,7.81,7.8,7.805,31
2026-01-30 13:21:00,7.8,7.8,7.785,7.785,62
2026-01-30 13:22:00,7.785,7.785,7.785,7.785,1
2026-01-30 13:23:00,7.78,7.785,7.7715,7.785,36
2026-01-30 13:24:00,7.78,7.785,7.7,7.735,2006
2026-01-30 13:25:00,7.735,7.745,7.735,7.745,28
2026-01-30 13:26:00,7.745,7.745,7.745,7.745,20
2026-01-30 13:27:00,7.75,7.76,7.75,7.75,17
2026-01-30 13:28:00,7.755,7.77,7.755,7.76,36
2026-01-30 13:29:00,7.76,7.765,7.76,7.765,14
2026-01-30 13:30:00,7.765,7.765,7.765,7.765,5
2026-01-30 13:31:00,7.765,7.765,7.765,7.765,7
2026-01-30 13:32:00,7.76,7.76,7.755,7.755,44
2026-01-30 13:33:00,7.75,7.75,7.745,7.745,11
2026-01-30 13:34:00,7.7455,7.7455,7.7455,7.7455,1
2026-01-30 13:35:00,7.7429,7.745,7.7429,7.745,2
2026-01-30 13:36:00,7.745,7.755,7.745,7.755,16
2026-01-30 13:37:00,7.75,7.75,7.75,7.75,8
2026-01-30 13:38:00,7.745,7.75,7.745,7.75,8
2026-01-30 13:39:00,7.755,7.755,7.75,7.75,24
2026-01-30 13:40:00,7.745,7.7458,7.745,7.7458,4
2026-01-30 13:41:00,7.75,7.76,7.745,7.755,28
2026-01-30 13:42:00,7.76,7.76,7.755,7.755,13
2026-01-30 13:43:00,7.75,7.75,7.74,7.745,36
2026-01-30 13:44:00,7.7407,7.7407,7.7407,7.7407,1
2026-01-30 13:45:00,7.74,7.755,7.74,7.755,18
2026-01-30 13:46:00,7.755,7.755,7.75,7.75,33
2026-01-30 13:47:00,7.75,7.755,7.75,7.755,14
2026-01-30 13:48:00,7.755,7.755,7.755,7.755,0
2026-01-30 13:49:00,7.755,7.76,7.755,7.76,5
2026-01-30 13:50:00,7.755,7.755,7.7435,7.75,55
2026-01-30 13:51:00,7.7415,7.745,7.7415,7.745,12
2026-01-30 13:52:00,7.75,7.76,7.7435,7.7435,128
2026-01-30 13:53:00,7.75,7.76,7.75,7.76,19
2026-01-30 13:54:00,7.76,7.76,7.76,7.76,0
2026-01-30 13:55:00,7.765,7.765,7.765,7.765,4
2026-01-30 13:56:00,7.765,7.765,7.76,7.765,10
2026-01-30 13:57:00,7.765,7.77,7.76,7.77,24
2026-01-30 13:58:00,7.76,7.78,7.76,7.78,48
2026-01-30 13:59:00,7.78,7.78,7.77,7.77,31
2026-01-30 14:00:00,7.77,7.78,7.77,7.78,19
2026-01-30 14:01:00,7.78,7.78,7.78,7.78,10
2026-01-30 14:02:00,7.79,7.795,7.785,7.785,45
2026-01-30 14:03:00,7.785,7.79,7.7847,7.7847,13
2026-01-30 14:04:00,7.79,7.7986,7.7898,7.7986,23
2026-01-30 14:05:00,7.8,7.805,7.79,7.805,59
2026-01-30 14:06:00,7.805,7.805,7.805,7.805,5
2026-01-30 14:07:00,7.805,7.805,7.805,7.805,1
2026-01-30 14:08:00,7.805,7.805,7.8,7.805,13
2026-01-30 14:09:00,7.805,7.805,7.8,7.8,7
2026-01-30 14:10:00,7.8,7.81,7.8,7.81,26
2026-01-30 14:11:00,7.805,7.805,7.765,7.77,148
2026-01-30 14:12:00,7.77,7.77,7.77,7.77,0
2026-01-30 14:13:00,7.765,7.765,7.745,7.745,40
2026-01-30 14:14:00,7.745,7.7458,7.745,7.7458,22
2026-01-30 14:15:00,7.745,7.745,7.745,7.745,33
2026-01-30 14:16:00,7.75,7.76,7.75,7.755,229
2026-01-30 14:17:00,7.755,7.755,7.755,7.755,0
2026-01-30 14:18:00,7.755,7.76,7.755,7.755,7
2026-01-30 14:19:00,7.755,7.755,7.755,7.755,4
2026-01-30 14:20:00,7.755,7.755,7.755,7.755,3
2026-01-30 14:21:00,7.76,7.765,7.755,7.765,31
2026-01-30 14:22:00,7.765,7.765,7.76,7.76,28
2026-01-30 14:23:00,7.76,7.76,7.76,7.76,10
2026-01-30 14:24:00,7.76,7.76,7.76,7.76,0
2026-01-30 14:25:00,7.765,7.765,7.765,7.765,1
2026-01-30 14:26:00,7.76,7.765,7.76,7.765,7
2026-01-30 14:27:00,7.77,7.775,7.77,7.775,55
2026-01-30 14:28:00,7.775,7.775,7.775,7.775,4
2026-01-30 14:29:00,7.775,7.775,7.755,7.755,79
2026-01-30 14:30:00,7.75,7.755,7.725,7.725,87
2026-01-30 14:31:00,7.7201,7.735,7.7201,7.735,54
2026-01-30 14:32:00,7.73,7.735,7.73,7.73,24
2026-01-30 14:33:00,7.72,7.725,7.71,7.725,49
2026-01-30 14:34:00,7.7284,7.7387,7.7284,7.73,33
2026-01-30 14:35:00,7.735,7.735,7.735,7.735,8
2026-01-30 14:36:00,7.735,7.735,7.735,7.735,0
2026-01-30 14:37:00,7.735,7.735,7.73,7.73,24
2026-01-30 14:38:00,7.73,7.7312,7.73,7.73,12
2026-01-30 14:39:00,7.73,7.73,7.725,7.73,41
2026-01-30 14:40:00,7.735,7.74,7.735,7.74,3
2026-01-30 14:41:00,7.74,7.74,7.735,7.74,6
2026-01-30 14:42:00,7.735,7.74,7.735,7.735,39
2026-01-30 14:43:00,7.7339,7.735,7.7339,7.735,9
2026-01-30 14:44:00,7.735,7.735,7.735,7.735,0
2026-01-30 14:45:00,7.735,7.745,7.735,7.745,24
2026-01-30 14:46:00,7.74,7.74,7.735,7.735,23
2026-01-30 14:47:00,7.735,7.735,7.735,7.735,6
2026-01-30 14:48:00,7.735,7.735,7.735,7.735,3
2026-01-30 14:49:00,7.735,7.74,7.73,7.735,10
2026-01-30 14:50:00,7.735,7.7386,7.735,7.735,8
2026-01-30 14:51:00,7.735,7.74,7.73,7.74,13
2026-01-30 14:52:00,7.735,7.745,7.735,7.74,94
2026-01-30 14:53:00,7.74,7.74,7.735,7.74,54
2026-01-30 14:54:00,7.75,7.75,7.75,7.75,12
2026-01-30 14:55:00,7.755,7.755,7.75,7.755,13
2026-01-30 14:56:00,7.76,7.76,7.76,7.76,2
2026-01-30 14:57:00,7.75,7.75,7.745,7.745,18
2026-01-30 14:58:00,7.74,7.745,7.74,7.745,6
2026-01-30 14:59:00,7.74,7.745,7.74,7.745,41
2026-01-30 15:00:00,7.745,7.745,7.745,7.745,0
2026-01-30 15:01:00,7.745,7.745,7.74,7.745,11
2026-01-30 15:02:00,7.745,7.75,7.7445,7.75,7
2026-01-30 15:03:00,7.745,7.76,7.74,7.755,137
2026-01-30 15:04:00,7.7582,7.7582,7.7582,7.7582,1
2026-01-30 15:05:00,7.7507,7.7507,7.725,7.725,139
2026-01-30 15:06:00,7.73,7.74,7.73,7.735,56
2026-01-30 15:07:00,7.73,7.73,7.73,7.73,18
2026-01-30 15:08:00,7.72,7.73,7.72,7.73,31
2026-01-30 15:09:00,7.73,7.73,7.724,7.724,25
2026-01-30 15:10:00,7.724,7.724,7.724,7.724,0
2026-01-30 15:11:00,7.725,7.725,7.725,7.725,1
2026-01-30 15:12:00,7.725,7.725,7.71,7.7139,44
2026-01-30 15:13:00,7.7113,7.7113,7.7,7.702,21
2026-01-30 15:14:00,7.7052,7.71,7.7,7.71,10
2026-01-30 15:15:00,7.705,7.705,7.7,7.7,31
2026-01-30 15:16:00,7.695,7.695,7.6919,7.695,8
2026-01-30 15:17:00,7.6981,7.6981,7.685,7.685,26
2026-01-30 15:18:00,7.685,7.6892,7.685,7.685,20
2026-01-30 15:19:00,7.68,7.685,7.68,7.685,9
2026-01-30 15:20:00,7.685,7.69,7.685,7.685,13
2026-01-30 15:21:00,7.685,7.685,7.685,7.685,6
2026-01-30 15:22:00,7.685,7.69,7.685,7.69,8
2026-01-30 15:23:00,7.69,7.7,7.69,7.695,25
2026-01-30 15:24:00,7.7,7.725,7.7,7.725,134
2026-01-30 15:25:00,7.725,7.745,7.725,7.745,94
2026-01-30 15:26:00,7.75,7.75,7.745,7.75,6
2026-01-30 15:27:00,7.745,7.75,7.745,7.745,14
2026-01-30 15:28:00,7.74,7.75,7.7311,7.745,87
2026-01-30 15:29:00,7.74,7.745,7.732,7.745,49
2026-01-30 15:30:00,7.75,7.75,7.75,7.75,1
2026-01-30 15:31:00,7.75,7.755,7.75,7.75,39
2026-01-30 15:32:00,7.755,7.7599,7.755,7.755,21
2026-01-30 15:33:00,7.755,7.755,7.74,7.74,153
2026-01-30 15:34:00,7.735,7.74,7.735,7.74,7
2026-01-30 15:35:00,7.735,7.74,7.735,7.735,89
2026-01-30 15:36:00,7.7386,7.7386,7.73,7.735,12
2026-01-30 15:37:00,7.73,7.735,7.725,7.725,33
2026-01-30 15:38:00,7.725,7.725,7.725,7.725,1
2026-01-30 15:39:00,7.73,7.73,7.73,7.73,30
2026-01-30 15:40:00,7.735,7.735,7.734,7.735,39
2026-01-30 15:41:00,7.735,7.75,7.735,7.745,65
2026-01-30 15:42:00,7.75,7.75,7.745,7.745,10
2026-01-30 15:43:00,7.745,7.76,7.745,7.75,238
2026-01-30 15:44:00,7.755,7.76,7.755,7.76,10
2026-01-30 15:45:00,7.7501,7.76,7.7501,7.76,91
2026-01-30 15:46:00,7.76,7.76,7.76,7.76,10
2026-01-30 15:47:00,7.759,7.765,7.759,7.7634,62
2026-01-30 15:48:00,7.76,7.76,7.735,7.735,195
2026-01-30 15:49:00,7.7302,7.7302,7.7215,7.725,48
2026-01-30 15:50:00,7.725,7.735,7.7245,7.725,73
2026-01-30 15:51:00,7.725,7.725,7.725,7.725,18
2026-01-30 15:52:00,7.725,7.725,7.695,7.695,133
2026-01-30 15:53:00,7.695,7.695,7.69,7.695,24
2026-01-30 15:54:00,7.695,7.695,7.675,7.679,244
2026-01-30 15:55:00,7.675,7.68,7.66,7.6797,283
2026-01-30 15:56:00,7.675,7.69,7.6727,7.685,194
2026-01-30 15:57:00,7.685,7.7,7.68,7.7,392
2026-01-30 15:58:00,7.7,7.705,7.665,7.675,681
2026-01-30 15:59:00,7.675,7.7,7.67,7.7,745
