datetime,open,high,low,close,volume
2025-12-22 09:30:00,855.01,856.91,852.02,854.49,114
2025-12-22 09:31:00,855.96,859.44,855.95,858.69,62
2025-12-22 09:32:00,858.22,859.66,857.06,857.06,44
2025-12-22 09:33:00,856.83,857.73,856.03,857.11,31
2025-12-22 09:34:00,856.87,857.09,856.1,856.68,23
2025-12-22 09:35:00,856.83,858.43,856.79,858.43,28
2025-12-22 09:36:00,858.51,859.23,858.51,859.23,12
2025-12-22 09:37:00,859.3,859.3,858.37,858.37,3
2025-12-22 09:38:00,859.19,859.19,858.68,858.68,5
2025-12-22 09:39:00,858.68,858.68,858.68,858.68,0
2025-12-22 09:40:00,858.44,858.49,858.44,858.49,3
2025-12-22 09:41:00,857.96,858.12,856.32,856.32,19
2025-12-22 09:42:00,857.47,857.47,856.38,856.38,6
2025-12-22 09:43:00,857.7,857.7,857.17,857.17,6
2025-12-22 09:44:00,857.17,857.17,857.17,857.17,0
2025-12-22 09:45:00,857.07,858.78,856.12,856.96,209
2025-12-22 09:46:00,856.26,856.26,856.26,856.26,2
2025-12-22 09:47:00,856.26,856.26,856.26,856.26,0
2025-12-22 09:48:00,856.83,856.83,856.04,856.08,7
2025-12-22 09:49:00,855.94,857.18,855.94,856.97,5
2025-12-22 09:50:00,857.31,857.31,856.5,856.7,3
2025-12-22 09:51:00,856.75,856.75,855.84,855.99,16
2025-12-22 09:52:00,855.98,855.98,855.6,855.6,9
2025-12-22 09:53:00,855.6,855.6,855.6,855.6,0
2025-12-22 09:54:00,855.6,855.6,855.6,855.6,0
2025-12-22 09:55:00,857.0,857.13,856.74,857.13,8
2025-12-22 09:56:00,857.46,857.46,857.16,857.16,2
2025-12-22 09:57:00,857.57,857.57,857.48,857.49,2
2025-12-22 09:58:00,857.49,857.49,857.49,857.49,0
2025-12-22 09:59:00,857.49,857.49,857.49,857.49,0
2025-12-22 10:00:00,858.0,858.0,858.0,858.0,1
2025-12-22 10:01:00,857.63,859.23,857.63,858.74,10
2025-12-22 10:02:00,859.29,859.29,858.91,858.91,3
2025-12-22 10:03:00,858.91,858.91,858.91,858.91,0
2025-12-22 10:04:00,858.02,858.11,857.92,857.92,3
2025-12-22 10:05:00,858.16,858.16,858.16,858.16,1
2025-12-22 10:06:00,858.86,859.45,858.86,859.45,3
2025-12-22 10:07:00,859.74,860.56,859.73,859.82,7
2025-12-22 10:08:00,859.91,859.91,859.32,859.32,6
2025-12-22 10:09:00,859.7,859.7,858.9,858.9,2
2025-12-22 10:10:00,859.03,859.03,859.03,859.03,1
2025-12-22 10:11:00,859.0,859.0,858.72,858.72,2
2025-12-22 10:12:00,858.24,858.24,858.16,858.16,2
2025-12-22 10:13:00,858.16,858.16,858.16,858.16,0
2025-12-22 10:14:00,857.99,858.05,857.99,858.04,3
2025-12-22 10:15:00,857.81,857.81,857.81,857.81,1
2025-12-22 10:16:00,857.17,857.44,857.17,857.44,3
2025-12-22 10:17:00,858.06,858.27,858.0,858.0,3
2025-12-22 10:18:00,857.79,857.79,857.28,857.29,3
2025-12-22 10:19:00,857.29,857.29,857.29,857.29,0
2025-12-22 10:20:00,856.77,857.37,856.77,857.37,5
2025-12-22 10:21:00,857.37,857.37,857.37,857.37,0
2025-12-22 10:22:00,857.77,857.77,857.43,857.43,3
2025-12-22 10:23:00,857.43,857.43,857.43,857.43,0
2025-12-22 10:24:00,857.23,857.23,856.77,856.77,2
2025-12-22 10:25:00,856.32,856.32,856.27,856.27,4
2025-12-22 10:26:00,856.37,856.37,856.36,856.37,1
2025-12-22 10:27:00,855.42,855.42,855.42,855.42,1
2025-12-22 10:28:00,855.75,855.76,854.66,854.66,11
2025-12-22 10:29:00,854.93,855.22,854.62,854.63,7
2025-12-22 10:30:00,853.95,854.37,853.06,854.28,84
2025-12-22 10:31:00,854.35,854.57,853.06,853.06,18
2025-12-22 10:32:00,853.5,853.94,853.13,853.53,21
2025-12-22 10:33:00,853.29,853.29,852.42,852.42,5
2025-12-22 10:34:00,852.62,852.79,852.62,852.79,2
2025-12-22 10:35:00,852.66,852.99,852.38,852.48,23
2025-12-22 10:36:00,852.41,852.41,851.88,851.88,3
2025-12-22 10:37:00,852.03,852.03,852.03,852.03,1
2025-12-22 10:38:00,852.03,852.03,851.55,851.55,2
2025-12-22 10:39:00,851.72,851.89,851.72,851.79,14
2025-12-22 10:40:00,851.62,851.96,851.6,851.6,4
2025-12-22 10:41:00,852.05,852.05,851.58,851.58,8
2025-12-22 10:42:00,851.32,851.97,851.32,851.75,15
2025-12-22 10:43:00,852.05,853.27,852.04,853.02,38
2025-12-22 10:44:00,852.49,853.37,852.33,852.33,24
2025-12-22 10:45:00,852.33,852.33,852.33,852.33,0
2025-12-22 10:46:00,852.63,852.63,852.33,852.33,2
2025-12-22 10:47:00,852.23,852.23,851.85,851.85,2
2025-12-22 10:48:00,851.84,851.84,851.84,851.84,2
2025-12-22 10:49:00,851.53,851.53,851.02,851.02,3
2025-12-22 10:50:00,851.57,851.73,851.57,851.73,23
2025-12-22 10:51:00,851.7,851.86,851.67,851.86,27
2025-12-22 10:52:00,851.82,852.66,851.82,852.66,30
2025-12-22 10:53:00,852.32,852.32,851.94,851.94,2
2025-12-22 10:54:00,852.56,852.56,852.33,852.43,4
2025-12-22 10:55:00,852.43,852.43,852.43,852.43,0
2025-12-22 10:56:00,851.64,852.4,851.64,852.4,3
2025-12-22 10:57:00,852.4,852.4,852.4,852.4,0
2025-12-22 10:58:00,852.1,852.1,852.02,852.02,2
2025-12-22 10:59:00,852.38,855.04,852.06,855.04,14
2025-12-22 11:00:00,854.55,854.55,853.74,853.98,5
2025-12-22 11:01:00,854.55,854.55,854.55,854.55,1
2025-12-22 11:02:00,854.55,854.55,854.55,854.55,0
2025-12-22 11:03:00,854.41,854.99,854.41,854.92,14
2025-12-22 11:04:00,854.61,854.61,854.61,854.61,1
2025-12-22 11:05:00,854.87,855.03,854.81,854.95,6
2025-12-22 11:06:00,854.67,854.67,853.56,853.56,7
2025-12-22 11:07:00,854.06,854.5,854.06,854.42,5
2025-12-22 11:08:00,854.16,854.16,854.16,854.16,1
2025-12-22 11:09:00,853.99,854.93,853.85,854.93,15
2025-12-22 11:10:00,855.03,855.03,854.6,854.6,3
2025-12-22 11:11:00,854.52,855.09,854.52,855.0,8
2025-12-22 11:12:00,855.0,855.0,855.0,855.0,0
2025-12-22 11:13:00,854.51,854.51,854.42,854.42,3
2025-12-22 11:14:00,854.12,854.71,854.12,854.71,7
2025-12-22 11:15:00,854.71,854.71,854.71,854.71,0
2025-12-22 11:16:00,854.42,854.47,854.08,854.47,33
2025-12-22 11:17:00,854.5,854.84,854.18,854.83,11
2025-12-22 11:18:00,855.09,855.09,855.09,855.09,1
2025-12-22 11:19:00,855.07,855.07,854.91,854.91,5
2025-12-22 11:20:00,854.98,854.98,854.98,854.98,1
2025-12-22 11:21:00,855.29,855.67,855.22,855.37,15
2025-12-22 11:22:00,855.31,855.53,855.31,855.53,2
2025-12-22 11:23:00,855.28,855.28,855.25,855.26,4
2025-12-22 11:24:00,854.82,854.82,853.97,853.97,9
2025-12-22 11:25:00,853.97,854.09,853.39,853.53,8
2025-12-22 11:26:00,853.36,853.36,853.22,853.22,2
2025-12-22 11:27:00,853.14,853.66,853.14,853.55,7
2025-12-22 11:28:00,853.26,853.26,852.97,852.97,4
2025-12-22 11:29:00,853.14,853.14,852.86,853.06,5
2025-12-22 11:30:00,852.43,852.43,852.43,852.43,1
2025-12-22 11:31:00,852.42,852.42,851.91,851.92,6
2025-12-22 11:32:00,851.95,852.18,851.94,851.95,4
2025-12-22 11:33:00,852.35,852.36,851.94,851.95,4
2025-12-22 11:34:00,851.95,853.38,851.94,853.0,104
2025-12-22 11:35:00,852.5,852.5,850.78,850.78,10
2025-12-22 11:36:00,850.78,850.78,850.78,850.78,0
2025-12-22 11:37:00,850.65,850.65,850.59,850.59,3
2025-12-22 11:38:00,850.59,850.59,850.59,850.59,0
2025-12-22 11:39:00,850.59,851.22,850.59,851.22,3
2025-12-22 11:40:00,851.5,851.5,851.5,851.5,1
2025-12-22 11:41:00,851.5,851.5,851.5,851.5,0
2025-12-22 11:42:00,851.5,851.5,851.5,851.5,0
2025-12-22 11:43:00,851.72,851.83,851.54,851.83,5
2025-12-22 11:44:00,851.56,851.81,851.55,851.55,4
2025-12-22 11:45:00,851.55,851.55,851.55,851.55,0
2025-12-22 11:46:00,851.23,851.23,851.07,851.07,2
2025-12-22 11:47:00,850.99,851.01,850.57,850.57,7
2025-12-22 11:48:00,850.88,850.95,850.46,850.72,10
2025-12-22 11:49:00,850.45,850.45,850.45,850.45,3
2025-12-22 11:50:00,850.45,850.45,850.45,850.45,6
2025-12-22 11:51:00,850.45,850.45,850.45,850.45,3
2025-12-22 11:52:00,850.48,850.48,850.48,850.48,1
2025-12-22 11:53:00,850.32,850.32,849.29,849.29,13
2025-12-22 11:54:00,849.36,849.52,848.74,848.74,13
2025-12-22 11:55:00,848.69,848.88,848.69,848.75,3
2025-12-22 11:56:00,849.39,849.39,849.03,849.03,3
2025-12-22 11:57:00,849.03,849.03,849.03,849.03,0
2025-12-22 11:58:00,849.22,849.57,849.22,849.28,4
2025-12-22 11:59:00,849.25,849.28,849.25,849.28,3
2025-12-22 12:00:00,849.62,849.62,849.47,849.47,2
2025-12-22 12:01:00,849.43,850.17,849.43,849.9,9
2025-12-22 12:02:00,849.75,849.93,849.37,849.37,18
2025-12-22 12:03:00,849.69,849.69,849.26,849.4,7
2025-12-22 12:04:00,849.4,849.4,849.4,849.4,0
2025-12-22 12:05:00,849.22,849.63,848.63,848.63,10
2025-12-22 12:06:00,848.69,848.75,848.49,848.49,6
2025-12-22 12:07:00,848.49,848.49,848.49,848.49,0
2025-12-22 12:08:00,848.39,848.39,848.39,848.39,1
2025-12-22 12:09:00,848.39,848.39,848.39,848.39,0
2025-12-22 12:10:00,848.39,848.39,848.39,848.39,0
2025-12-22 12:11:00,848.41,848.41,848.4,848.4,4
2025-12-22 12:12:00,848.4,848.4,848.4,848.4,0
2025-12-22 12:13:00,849.0,849.01,849.0,849.0,3
2025-12-22 12:14:00,848.63,849.26,848.62,849.12,8
2025-12-22 12:15:00,849.12,849.12,848.63,848.63,5
2025-12-22 12:16:00,848.63,848.63,848.63,848.63,0
2025-12-22 12:17:00,849.61,849.61,849.23,849.25,6
2025-12-22 12:18:00,849.25,849.25,849.25,849.25,0
2025-12-22 12:19:00,849.81,849.81,849.81,849.81,1
2025-12-22 12:20:00,849.82,849.82,849.58,849.58,2
2025-12-22 12:21:00,849.45,849.51,849.23,849.23,6
2025-12-22 12:22:00,849.23,849.23,849.23,849.23,0
2025-12-22 12:23:00,849.23,849.23,849.23,849.23,0
2025-12-22 12:24:00,849.67,849.67,849.42,849.42,2
2025-12-22 12:25:00,849.42,849.42,849.42,849.42,0
2025-12-22 12:26:00,849.21,849.21,849.21,849.21,2
2025-12-22 12:27:00,849.21,849.21,849.21,849.21,4
2025-12-22 12:28:00,849.21,849.21,849.21,849.21,0
2025-12-22 12:29:00,849.21,849.21,849.21,849.21,0
2025-12-22 12:30:00,849.21,849.21,849.21,849.21,0
2025-12-22 12:31:00,849.22,849.24,849.22,849.24,2
2025-12-22 12:32:00,849.24,849.24,849.24,849.24,0
2025-12-22 12:33:00,849.24,849.24,849.24,849.24,0
2025-12-22 12:34:00,849.79,849.79,849.22,849.79,3
2025-12-22 12:35:00,850.23,850.23,849.62,849.63,4
2025-12-22 12:36:00,849.42,849.66,849.35,849.66,3
2025-12-22 12:37:00,849.88,849.89,849.39,849.88,5
2025-12-22 12:38:00,849.88,849.88,849.88,849.88,0
2025-12-22 12:39:00,849.61,849.79,849.61,849.79,6
2025-12-22 12:40:00,850.01,850.07,850.01,850.07,2
2025-12-22 12:41:00,850.07,850.07,850.07,850.07,0
2025-12-22 12:42:00,849.87,849.87,849.61,849.61,7
2025-12-22 12:43:00,849.88,849.88,849.68,849.69,2
2025-12-22 12:44:00,850.37,850.38,849.74,849.74,3
2025-12-22 12:45:00,849.46,849.46,849.46,849.46,1
2025-12-22 12:46:00,849.46,849.46,849.46,849.46,0
2025-12-22 12:47:00,849.66,849.66,849.66,849.66,2
2025-12-22 12:48:00,849.66,849.66,849.66,849.66,0
2025-12-22 12:49:00,849.41,849.64,849.41,849.64,2
2025-12-22 12:50:00,849.64,849.64,849.64,849.64,0
2025-12-22 12:51:00,849.64,849.64,849.64,849.64,0
2025-12-22 12:52:00,850.07,850.07,850.07,850.07,1
2025-12-22 12:53:00,850.07,850.07,850.07,850.07,0
2025-12-22 12:54:00,850.07,850.07,850.07,850.07,0
2025-12-22 12:55:00,850.07,850.07,850.07,850.07,0
2025-12-22 12:56:00,850.62,850.62,850.61,850.62,1
2025-12-22 12:57:00,850.48,850.48,850.48,850.48,2
2025-12-22 12:58:00,850.39,850.39,850.03,850.14,6
2025-12-22 12:59:00,850.14,850.14,850.14,850.14,0
2025-12-22 13:00:00,850.14,850.14,850.14,850.14,0
2025-12-22 13:01:00,851.05,851.05,851.05,851.05,1
2025-12-22 13:02:00,849.95,849.95,849.95,849.95,1
2025-12-22 13:03:00,849.95,849.95,849.95,849.95,0
2025-12-22 13:04:00,850.47,850.47,850.47,850.47,1
2025-12-22 13:05:00,850.27,850.27,850.27,850.27,1
2025-12-22 13:06:00,850.07,850.28,850.04,850.04,6
2025-12-22 13:07:00,850.04,850.04,850.04,850.04,0
2025-12-22 13:08:00,850.04,850.04,850.04,850.04,0
2025-12-22 13:09:00,850.04,850.04,850.04,850.04,1
2025-12-22 13:10:00,850.04,850.04,850.04,850.04,0
2025-12-22 13:11:00,850.04,850.04,850.04,850.04,0
2025-12-22 13:12:00,850.21,850.42,850.2,850.21,8
2025-12-22 13:13:00,850.21,850.21,850.21,850.21,0
2025-12-22 13:14:00,850.34,850.34,850.34,850.34,2
2025-12-22 13:15:00,850.32,850.32,850.32,850.32,1
2025-12-22 13:16:00,850.46,850.46,850.22,850.33,8
2025-12-22 13:17:00,850.33,850.33,850.33,850.33,0
2025-12-22 13:18:00,850.43,850.43,850.43,850.43,2
2025-12-22 13:19:00,850.43,850.43,850.43,850.43,0
2025-12-22 13:20:00,850.43,850.43,850.43,850.43,0
2025-12-22 13:21:00,850.06,850.06,850.01,850.01,3
2025-12-22 13:22:00,850.01,850.01,850.01,850.01,0
2025-12-22 13:23:00,849.65,849.65,849.65,849.65,1
2025-12-22 13:24:00,849.62,849.62,849.62,849.62,4
2025-12-22 13:25:00,850.29,850.29,850.29,850.29,1
2025-12-22 13:26:00,850.29,850.29,850.29,850.29,0
2025-12-22 13:27:00,849.69,849.69,849.69,849.69,1
2025-12-22 13:28:00,849.69,849.69,849.69,849.69,0
2025-12-22 13:29:00,849.69,849.69,849.69,849.69,0
2025-12-22 13:30:00,849.71,849.71,849.63,849.63,2
2025-12-22 13:31:00,849.63,849.63,849.63,849.63,0
2025-12-22 13:32:00,849.63,849.63,849.63,849.63,0
2025-12-22 13:33:00,850.45,850.83,850.04,850.04,8
2025-12-22 13:34:00,850.1,850.1,850.1,850.1,1
2025-12-22 13:35:00,850.25,850.44,850.24,850.44,4
2025-12-22 13:36:00,850.41,850.41,850.41,850.41,9
2025-12-22 13:37:00,850.36,850.39,850.02,850.39,23
2025-12-22 13:38:00,850.07,850.07,850.03,850.04,3
2025-12-22 13:39:00,850.02,850.75,850.02,850.36,8
2025-12-22 13:40:00,850.02,850.45,850.02,850.32,5
2025-12-22 13:41:00,850.73,851.26,850.73,850.99,48
2025-12-22 13:42:00,851.48,851.95,851.48,851.55,24
2025-12-22 13:43:00,852.5,852.75,852.5,852.75,7
2025-12-22 13:44:00,853.11,853.66,852.92,853.66,6
2025-12-22 13:45:00,853.66,853.66,853.66,853.66,0
2025-12-22 13:46:00,853.3,853.3,853.3,853.3,1
2025-12-22 13:47:00,853.5,853.5,853.22,853.22,3
2025-12-22 13:48:00,853.22,853.22,853.22,853.22,0
2025-12-22 13:49:00,853.22,853.22,853.22,853.22,0
2025-12-22 13:50:00,853.36,853.36,853.36,853.36,2
2025-12-22 13:51:00,853.63,854.07,853.63,854.07,2
2025-12-22 13:52:00,855.13,855.13,853.41,853.41,12
2025-12-22 13:53:00,853.41,853.41,853.41,853.41,0
2025-12-22 13:54:00,853.41,853.41,853.41,853.41,0
2025-12-22 13:55:00,853.41,853.41,853.41,853.41,0
2025-12-22 13:56:00,853.57,853.65,853.27,853.27,3
2025-12-22 13:57:00,853.26,853.27,853.26,853.27,3
2025-12-22 13:58:00,852.76,852.77,852.49,852.49,4
2025-12-22 13:59:00,852.99,852.99,852.99,852.99,1
2025-12-22 14:00:00,853.03,853.76,853.03,853.76,2
2025-12-22 14:01:00,853.82,853.82,853.04,853.04,4
2025-12-22 14:02:00,853.85,853.85,853.01,853.01,2
2025-12-22 14:03:00,853.01,853.01,853.01,853.01,0
2025-12-22 14:04:00,853.41,853.41,852.68,852.69,6
2025-12-22 14:05:00,853.65,853.65,852.67,852.67,4
2025-12-22 14:06:00,852.67,852.67,852.67,852.67,0
2025-12-22 14:07:00,852.64,852.64,852.64,852.64,1
2025-12-22 14:08:00,852.64,852.64,852.64,852.64,0
2025-12-22 14:09:00,853.63,853.64,853.63,853.63,1
2025-12-22 14:10:00,852.77,852.77,852.66,852.66,2
2025-12-22 14:11:00,852.66,852.66,852.66,852.66,0
2025-12-22 14:12:00,852.66,852.66,852.66,852.66,0
2025-12-22 14:13:00,852.73,853.95,852.73,853.18,7
2025-12-22 14:14:00,853.15,853.2,853.15,853.2,2
2025-12-22 14:15:00,853.2,853.2,853.2,853.2,0
2025-12-22 14:16:00,853.09,853.38,852.81,852.81,14
2025-12-22 14:17:00,852.82,852.82,852.33,852.33,6
2025-12-22 14:18:00,852.15,852.15,852.15,852.15,70
2025-12-22 14:19:00,852.9,853.3,852.9,853.09,3
2025-12-22 14:20:00,853.66,853.72,853.65,853.72,3
2025-12-22 14:21:00,854.03,854.03,854.03,854.03,1
2025-12-22 14:22:00,854.44,854.45,853.86,853.86,27
2025-12-22 14:23:00,853.39,853.39,853.2,853.2,2
2025-12-22 14:24:00,853.58,853.58,853.58,853.58,3
2025-12-22 14:25:00,853.05,853.07,852.99,853.07,4
2025-12-22 14:26:00,853.23,853.74,852.88,853.4,10
2025-12-22 14:27:00,853.4,853.4,853.4,853.4,0
2025-12-22 14:28:00,853.06,853.1,852.8,852.8,3
2025-12-22 14:29:00,852.8,852.8,852.8,852.8,0
2025-12-22 14:30:00,852.91,852.91,852.89,852.89,2
2025-12-22 14:31:00,853.59,853.92,853.26,853.92,14
2025-12-22 14:32:00,853.26,853.71,853.26,853.71,9
2025-12-22 14:33:00,853.71,853.71,853.71,853.71,0
2025-12-22 14:34:00,853.31,853.31,853.31,853.31,1
2025-12-22 14:35:00,853.31,853.31,853.31,853.31,0
2025-12-22 14:36:00,853.31,853.31,853.31,853.31,0
2025-12-22 14:37:00,853.3,853.3,853.3,853.3,1
2025-12-22 14:38:00,853.8,853.8,853.8,853.8,2
2025-12-22 14:39:00,853.58,853.63,853.55,853.55,11
2025-12-22 14:40:00,853.55,853.56,853.55,853.55,3
2025-12-22 14:41:00,853.52,853.97,853.38,853.97,9
2025-12-22 14:42:00,853.97,853.97,853.97,853.97,0
2025-12-22 14:43:00,853.71,853.71,853.7,853.71,1
2025-12-22 14:44:00,853.71,853.71,853.71,853.71,0
2025-12-22 14:45:00,853.36,853.84,853.27,853.84,6
2025-12-22 14:46:00,853.13,853.27,853.1,853.27,4
2025-12-22 14:47:00,853.27,853.27,853.27,853.27,0
2025-12-22 14:48:00,853.63,853.69,853.63,853.69,4
2025-12-22 14:49:00,853.31,853.31,853.31,853.31,1
2025-12-22 14:50:00,853.67,853.98,853.67,853.98,3
2025-12-22 14:51:00,853.98,853.98,853.98,853.98,0
2025-12-22 14:52:00,853.67,854.51,853.67,854.51,3
2025-12-22 14:53:00,853.41,853.41,853.41,853.41,1
2025-12-22 14:54:00,853.41,853.41,853.41,853.41,0
2025-12-22 14:55:00,853.98,853.98,853.97,853.98,1
2025-12-22 14:56:00,853.5,853.5,853.5,853.5,1
2025-12-22 14:57:00,853.99,853.99,853.98,853.99,1
2025-12-22 14:58:00,853.99,853.99,853.99,853.99,0
2025-12-22 14:59:00,853.51,853.51,853.51,853.51,1
2025-12-22 15:00:00,854.48,854.57,854.47,854.53,8
2025-12-22 15:01:00,854.78,854.83,854.73,854.82,14
2025-12-22 15:02:00,854.51,854.57,853.79,853.79,16
2025-12-22 15:03:00,853.92,853.99,853.21,853.21,11
2025-12-22 15:04:00,853.11,853.11,853.1,853.11,2
2025-12-22 15:05:00,853.22,853.3,852.86,853.3,6
2025-12-22 15:06:00,853.32,853.32,853.32,853.32,1
2025-12-22 15:07:00,853.32,853.32,853.32,853.32,0
2025-12-22 15:08:00,853.17,853.17,853.16,853.17,3
2025-12-22 15:09:00,853.39,853.39,852.87,852.87,2
2025-12-22 15:10:00,853.17,853.17,852.86,852.86,7
2025-12-22 15:11:00,852.86,852.86,852.86,852.86,0
2025-12-22 15:12:00,853.06,853.06,852.6,852.66,6
2025-12-22 15:13:00,852.54,852.54,852.21,852.48,35
2025-12-22 15:14:00,852.48,852.48,852.48,852.48,0
2025-12-22 15:15:00,852.48,852.48,852.48,852.48,0
2025-12-22 15:16:00,852.46,852.46,852.06,852.06,9
2025-12-22 15:17:00,852.05,852.05,852.04,852.04,2
2025-12-22 15:18:00,852.05,852.05,851.43,851.43,7
2025-12-22 15:19:00,851.44,851.44,851.23,851.23,2
2025-12-22 15:20:00,851.51,851.52,851.51,851.52,3
2025-12-22 15:21:00,851.56,851.67,851.42,851.65,15
2025-12-22 15:22:00,851.26,851.39,851.18,851.18,6
2025-12-22 15:23:00,851.6,851.67,851.39,851.39,7
2025-12-22 15:24:00,851.39,851.39,851.39,851.39,0
2025-12-22 15:25:00,851.39,851.39,851.39,851.39,0
2025-12-22 15:26:00,851.39,851.39,851.39,851.39,0
2025-12-22 15:27:00,851.45,851.89,851.3,851.3,6
2025-12-22 15:28:00,851.31,851.31,851.31,851.31,1
2025-12-22 15:29:00,851.45,852.27,851.31,852.26,12
2025-12-22 15:30:00,851.85,852.1,851.36,851.36,8
2025-12-22 15:31:00,851.4,852.23,851.39,851.59,15
2025-12-22 15:32:00,851.32,851.72,851.32,851.72,6
2025-12-22 15:33:00,851.32,851.72,851.32,851.72,10
2025-12-22 15:34:00,851.41,851.41,851.15,851.15,6
2025-12-22 15:35:00,851.46,852.4,851.46,852.03,25
2025-12-22 15:36:00,852.18,854.41,852.12,854.41,24
2025-12-22 15:37:00,853.15,853.99,852.9,853.05,15
2025-12-22 15:38:00,853.37,853.37,853.37,853.37,2
2025-12-22 15:39:00,853.37,853.37,853.37,853.37,2
2025-12-22 15:40:00,852.66,853.56,852.66,853.56,19
2025-12-22 15:41:00,853.56,853.56,853.56,853.56,0
2025-12-22 15:42:00,852.67,852.87,852.67,852.87,3
2025-12-22 15:43:00,852.87,852.87,852.82,852.82,2
2025-12-22 15:44:00,852.21,852.45,852.1,852.45,17
2025-12-22 15:45:00,852.0,852.11,851.54,851.54,5
2025-12-22 15:46:00,851.89,851.91,851.48,851.6,7
2025-12-22 15:47:00,851.64,852.5,851.64,852.41,14
2025-12-22 15:48:00,852.76,853.2,852.72,853.2,11
2025-12-22 15:49:00,852.6,853.3,852.6,852.84,5
2025-12-22 15:50:00,853.3,853.3,853.1,853.1,3
2025-12-22 15:51:00,852.93,853.11,852.92,853.02,9
2025-12-22 15:52:00,853.83,853.83,853.01,853.01,5
2025-12-22 15:53:00,853.92,853.95,853.15,853.15,17
2025-12-22 15:54:00,852.95,853.34,852.66,852.66,5
2025-12-22 15:55:00,852.66,853.33,852.61,852.61,15
2025-12-22 15:56:00,853.07,853.07,852.69,852.88,14
2025-12-22 15:57:00,852.88,852.88,851.79,851.8,76
2025-12-22 15:58:00,851.62,852.47,851.58,852.33,127
2025-12-22 15:59:00,852.47,852.47,851.13,851.31,174
2025-12-23 09:30:00,852.07,852.28,851.34,852.28,23
2025-12-23 09:31:00,852.48,853.85,852.43,852.47,17
2025-12-23 09:32:00,852.99,852.99,851.4,851.4,7
2025-12-23 09:33:00,851.4,851.4,851.4,851.4,0
2025-12-23 09:34:00,852.0,852.25,852.0,852.07,8
2025-12-23 09:35:00,851.94,852.85,851.56,852.85,11
2025-12-23 09:36:00,854.29,854.31,854.29,854.31,4
2025-12-23 09:37:00,855.66,855.66,855.66,855.66,1
2025-12-23 09:38:00,855.3,855.3,855.11,855.11,4
2025-12-23 09:39:00,854.9,856.04,854.4,856.04,13
2025-12-23 09:40:00,856.04,856.04,856.04,856.04,0
2025-12-23 09:41:00,856.59,856.59,854.8,854.8,27
2025-12-23 09:42:00,854.92,854.92,854.92,854.92,1
2025-12-23 09:43:00,855.53,855.53,855.11,855.11,5
2025-12-23 09:44:00,855.52,855.56,854.55,854.56,37
2025-12-23 09:45:00,855.24,855.24,855.24,855.24,1
2025-12-23 09:46:00,855.79,855.79,855.49,855.49,4
2025-12-23 09:47:00,855.71,855.71,855.29,855.29,3
2025-12-23 09:48:00,855.29,855.29,855.29,855.29,0
2025-12-23 09:49:00,855.16,855.47,854.46,854.74,42
2025-12-23 09:50:00,854.82,855.1,854.22,854.22,62
2025-12-23 09:51:00,854.52,854.82,853.52,853.52,7
2025-12-23 09:52:00,853.35,853.35,853.23,853.25,4
2025-12-23 09:53:00,853.53,853.6,853.53,853.6,2
2025-12-23 09:54:00,853.55,854.03,853.55,853.85,20
2025-12-23 09:55:00,853.26,853.26,852.33,852.52,10
2025-12-23 09:56:00,851.95,851.95,850.76,850.76,7
2025-12-23 09:57:00,850.73,851.13,850.73,851.13,5
2025-12-23 09:58:00,851.13,851.13,851.13,851.13,0
2025-12-23 09:59:00,850.45,851.0,850.0,850.0,27
2025-12-23 10:00:00,850.44,851.02,850.44,850.66,22
2025-12-23 10:01:00,850.78,850.79,850.63,850.63,5
2025-12-23 10:02:00,850.62,850.62,849.27,850.13,36
2025-12-23 10:03:00,850.21,850.23,849.36,849.36,8
2025-12-23 10:04:00,849.01,849.53,849.01,849.25,5
2025-12-23 10:05:00,849.3,849.86,848.89,849.64,19
2025-12-23 10:06:00,850.68,850.68,850.68,850.68,1
2025-12-23 10:07:00,850.68,850.68,850.68,850.68,0
2025-12-23 10:08:00,850.68,850.68,850.68,850.68,0
2025-12-23 10:09:00,850.46,850.63,849.77,849.77,7
2025-12-23 10:10:00,849.61,849.61,849.05,849.23,9
2025-12-23 10:11:00,849.06,849.64,849.06,849.64,17
2025-12-23 10:12:00,849.85,850.06,849.69,849.69,12
2025-12-23 10:13:00,849.32,849.32,848.73,848.73,5
2025-12-23 10:14:00,848.89,849.81,848.83,849.66,10
2025-12-23 10:15:00,850.07,850.08,850.07,850.08,3
2025-12-23 10:16:00,850.17,850.17,849.96,850.11,12
2025-12-23 10:17:00,849.91,849.91,849.91,849.91,4
2025-12-23 10:18:00,850.2,850.2,849.71,849.71,2
2025-12-23 10:19:00,849.87,849.87,849.72,849.72,4
2025-12-23 10:20:00,850.14,850.58,850.14,850.34,7
2025-12-23 10:21:00,850.59,850.59,850.33,850.38,11
2025-12-23 10:22:00,850.17,850.17,850.17,850.17,2
2025-12-23 10:23:00,850.4,850.41,850.28,850.29,5
2025-12-23 10:24:00,850.6,850.73,850.58,850.58,5
2025-12-23 10:25:00,850.58,850.58,850.58,850.58,0
2025-12-23 10:26:00,850.29,850.29,850.28,850.28,4
2025-12-23 10:27:00,850.28,850.43,849.68,849.68,11
2025-12-23 10:28:00,849.68,849.68,849.3,849.3,3
2025-12-23 10:29:00,849.28,849.34,849.13,849.16,12
2025-12-23 10:30:00,849.62,850.41,849.37,850.41,8
2025-12-23 10:31:00,850.3,850.68,850.24,850.25,6
2025-12-23 10:32:00,850.04,850.04,849.92,849.99,3
2025-12-23 10:33:00,849.99,850.35,849.99,850.25,6
2025-12-23 10:34:00,850.25,850.25,850.25,850.25,0
2025-12-23 10:35:00,850.25,850.25,850.25,850.25,0
2025-12-23 10:36:00,851.32,851.68,851.32,851.49,4
2025-12-23 10:37:00,851.72,851.72,851.18,851.19,3
2025-12-23 10:38:00,851.08,851.69,851.08,851.69,6
2025-12-23 10:39:00,851.8,851.8,851.8,851.8,1
2025-12-23 10:40:00,851.8,851.8,851.8,851.8,0
2025-12-23 10:41:00,851.3,851.33,850.94,851.27,14
2025-12-23 10:42:00,851.27,851.27,851.27,851.27,0
2025-12-23 10:43:00,850.88,850.88,850.42,850.42,8
2025-12-23 10:44:00,850.09,850.09,850.09,850.09,1
2025-12-23 10:45:00,850.18,850.18,849.35,849.35,4
2025-12-23 10:46:00,849.87,849.87,849.67,849.67,4
2025-12-23 10:47:00,849.97,850.03,849.7,850.02,15
2025-12-23 10:48:00,850.06,850.21,849.88,849.88,5
2025-12-23 10:49:00,849.88,849.88,849.16,849.16,3
2025-12-23 10:50:00,849.13,849.13,849.13,849.13,5
2025-12-23 10:51:00,848.72,848.72,848.23,848.37,5
2025-12-23 10:52:00,848.37,848.37,848.37,848.37,0
2025-12-23 10:53:00,847.64,847.71,847.64,847.71,2
2025-12-23 10:54:00,847.71,847.71,847.71,847.71,0
2025-12-23 10:55:00,847.26,847.26,847.26,847.26,10
2025-12-23 10:56:00,847.52,848.16,847.52,847.95,26
2025-12-23 10:57:00,848.25,848.25,847.66,847.95,15
2025-12-23 10:58:00,848.05,848.23,848.04,848.21,5
2025-12-23 10:59:00,848.77,848.77,848.73,848.73,2
2025-12-23 11:00:00,849.1,849.21,849.1,849.21,2
2025-12-23 11:01:00,849.21,849.21,849.21,849.21,0
2025-12-23 11:02:00,849.21,849.21,849.21,849.21,0
2025-12-23 11:03:00,849.58,849.58,849.58,849.58,1
2025-12-23 11:04:00,849.58,849.58,849.58,849.58,0
2025-12-23 11:05:00,849.58,849.58,849.58,849.58,0
2025-12-23 11:06:00,849.73,850.02,849.73,850.02,3
2025-12-23 11:07:00,850.17,850.17,849.95,849.95,4
2025-12-23 11:08:00,849.73,850.21,849.73,850.21,15
2025-12-23 11:09:00,849.76,849.97,849.37,849.37,10
2025-12-23 11:10:00,849.31,849.44,849.23,849.23,10
2025-12-23 11:11:00,849.24,849.24,848.56,848.56,12
2025-12-23 11:12:00,848.56,848.56,848.56,848.56,0
2025-12-23 11:13:00,848.76,848.97,848.24,848.5,36
2025-12-23 11:14:00,848.95,849.27,848.95,849.09,9
2025-12-23 11:15:00,848.94,849.01,848.19,848.19,10
2025-12-23 11:16:00,848.76,848.76,848.76,848.76,1
2025-12-23 11:17:00,848.54,848.54,848.41,848.41,3
2025-12-23 11:18:00,847.26,847.26,847.26,847.26,9
2025-12-23 11:19:00,847.27,847.47,847.26,847.47,8
2025-12-23 11:20:00,847.52,847.8,847.46,847.47,12
2025-12-23 11:21:00,847.39,847.63,847.39,847.63,2
2025-12-23 11:22:00,847.63,847.63,847.63,847.63,0
2025-12-23 11:23:00,847.97,847.97,847.6,847.6,4
2025-12-23 11:24:00,848.06,848.06,847.42,847.42,5
2025-12-23 11:25:00,847.26,847.66,846.68,847.41,55
2025-12-23 11:26:00,847.33,847.33,847.08,847.08,4
2025-12-23 11:27:00,846.77,847.16,846.66,847.16,17
2025-12-23 11:28:00,847.17,847.47,846.71,847.1,23
2025-12-23 11:29:00,847.1,847.1,847.1,847.1,0
2025-12-23 11:30:00,846.3,846.3,845.77,845.77,9
2025-12-23 11:31:00,845.52,845.52,845.0,845.38,12
2025-12-23 11:32:00,845.74,846.54,845.74,846.13,45
2025-12-23 11:33:00,846.17,846.68,846.16,846.68,8
2025-12-23 11:34:00,846.16,847.97,845.91,847.97,87
2025-12-23 11:35:00,847.91,848.38,846.43,846.43,94
2025-12-23 11:36:00,846.04,846.04,845.67,845.67,19
2025-12-23 11:37:00,845.71,846.31,845.71,846.3,11
2025-12-23 11:38:00,846.3,846.3,846.3,846.3,0
2025-12-23 11:39:00,846.06,846.06,845.67,845.67,9
2025-12-23 11:40:00,845.97,845.97,845.68,845.74,4
2025-12-23 11:41:00,845.74,845.74,845.74,845.74,0
2025-12-23 11:42:00,845.69,845.69,845.69,845.69,1
2025-12-23 11:43:00,845.69,845.69,845.69,845.69,0
2025-12-23 11:44:00,845.69,845.69,845.69,845.69,0
2025-12-23 11:45:00,846.16,846.16,846.16,846.16,3
2025-12-23 11:46:00,846.16,846.16,846.16,846.16,3
2025-12-23 11:47:00,846.18,846.18,846.17,846.18,1
2025-12-23 11:48:00,846.74,846.92,846.55,846.81,25
2025-12-23 11:49:00,846.47,846.47,846.1,846.1,10
2025-12-23 11:50:00,846.35,846.63,846.35,846.63,6
2025-12-23 11:51:00,846.89,846.89,846.89,846.89,3
2025-12-23 11:52:00,847.25,847.42,847.25,847.25,7
2025-12-23 11:53:00,847.25,847.25,847.25,847.25,0
2025-12-23 11:54:00,846.96,846.96,846.96,846.96,2
2025-12-23 11:55:00,847.53,847.68,847.25,847.25,7
2025-12-23 11:56:00,847.7,847.7,847.39,847.39,5
2025-12-23 11:57:00,847.48,848.51,847.27,848.41,16
2025-12-23 11:58:00,848.59,848.62,848.59,848.62,4
2025-12-23 11:59:00,848.62,848.62,848.62,848.62,0
2025-12-23 12:00:00,848.57,848.57,848.2,848.2,7
2025-12-23 12:01:00,848.2,848.2,848.2,848.2,0
2025-12-23 12:02:00,848.21,848.21,848.19,848.21,4
2025-12-23 12:03:00,848.37,848.56,848.13,848.56,9
2025-12-23 12:04:00,848.66,848.8,848.64,848.8,9
2025-12-23 12:05:00,849.16,849.17,848.69,848.7,6
2025-12-23 12:06:00,848.51,848.51,848.2,848.2,4
2025-12-23 12:07:00,848.15,848.57,847.29,847.29,14
2025-12-23 12:08:00,847.38,847.38,846.66,846.66,6
2025-12-23 12:09:00,847.41,847.41,846.86,847.41,19
2025-12-23 12:10:00,847.41,847.41,847.41,847.41,0
2025-12-23 12:11:00,846.76,846.76,846.76,846.76,1
2025-12-23 12:12:00,846.76,846.76,846.76,846.76,2
2025-12-23 12:13:00,846.77,846.77,846.77,846.77,1
2025-12-23 12:14:00,847.51,847.51,847.51,847.51,3
2025-12-23 12:15:00,847.51,847.51,847.51,847.51,0
2025-12-23 12:16:00,848.11,848.53,847.88,847.89,15
2025-12-23 12:17:00,847.86,847.86,847.86,847.86,2
2025-12-23 12:18:00,847.73,848.68,847.73,848.68,3
2025-12-23 12:19:00,847.54,847.77,847.54,847.77,2
2025-12-23 12:20:00,848.7,848.71,847.54,847.54,2
2025-12-23 12:21:00,847.54,847.54,847.54,847.54,0
2025-12-23 12:22:00,847.54,847.54,847.54,847.54,0
2025-12-23 12:23:00,847.65,847.65,847.65,847.65,1
2025-12-23 12:24:00,847.19,847.65,847.18,847.25,12
2025-12-23 12:25:00,847.55,847.55,847.55,847.55,1
2025-12-23 12:26:00,847.55,847.55,847.55,847.55,0
2025-12-23 12:27:00,847.55,847.55,847.55,847.55,0
2025-12-23 12:28:00,847.55,847.55,847.55,847.55,0
2025-12-23 12:29:00,847.55,847.55,847.55,847.55,0
2025-12-23 12:30:00,847.03,847.18,847.03,847.18,8
2025-12-23 12:31:00,847.63,847.63,847.12,847.12,6
2025-12-23 12:32:00,847.06,847.18,847.06,847.18,4
2025-12-23 12:33:00,847.18,847.18,847.18,847.18,0
2025-12-23 12:34:00,846.87,846.87,846.87,846.87,3
2025-12-23 12:35:00,846.87,846.87,846.87,846.87,0
2025-12-23 12:36:00,846.87,846.87,846.87,846.87,0
2025-12-23 12:37:00,846.93,846.93,846.88,846.88,4
2025-12-23 12:38:00,846.97,846.97,846.97,846.97,1
2025-12-23 12:39:00,846.97,846.97,846.97,846.97,0
2025-12-23 12:40:00,846.97,846.97,846.97,846.97,0
2025-12-23 12:41:00,846.97,846.97,846.97,846.97,0
2025-12-23 12:42:00,846.97,846.97,846.97,846.97,0
2025-12-23 12:43:00,846.88,846.89,846.88,846.88,1
2025-12-23 12:44:00,847.42,847.42,847.42,847.42,1
2025-12-23 12:45:00,847.42,847.42,847.42,847.42,0
2025-12-23 12:46:00,847.42,847.42,847.42,847.42,0
2025-12-23 12:47:00,846.72,846.72,845.8,846.28,18
2025-12-23 12:48:00,845.74,845.74,845.09,845.09,7
2025-12-23 12:49:00,845.35,845.37,844.88,844.88,15
2025-12-23 12:50:00,844.63,844.94,844.63,844.94,4
2025-12-23 12:51:00,844.86,845.07,844.85,845.07,5
2025-12-23 12:52:00,844.38,844.38,844.08,844.38,8
2025-12-23 12:53:00,844.38,844.38,844.16,844.17,7
2025-12-23 12:54:00,844.17,844.17,844.17,844.17,0
2025-12-23 12:55:00,844.05,844.44,844.05,844.44,4
2025-12-23 12:56:00,844.44,844.45,844.43,844.44,3
2025-12-23 12:57:00,844.44,844.44,844.43,844.44,5
2025-12-23 12:58:00,843.93,844.58,843.93,844.47,5
2025-12-23 12:59:00,844.47,844.47,844.47,844.47,0
2025-12-23 13:00:00,844.28,844.28,843.66,843.69,15
2025-12-23 13:01:00,843.91,843.91,843.06,843.06,12
2025-12-23 13:02:00,843.03,843.39,843.03,843.39,4
2025-12-23 13:03:00,843.51,843.52,843.51,843.51,1
2025-12-23 13:04:00,843.17,843.17,843.17,843.17,1
2025-12-23 13:05:00,843.76,844.57,843.51,844.57,21
2025-12-23 13:06:00,844.28,844.28,844.28,844.28,3
2025-12-23 13:07:00,844.44,844.75,844.44,844.65,7
2025-12-23 13:08:00,844.66,844.66,844.48,844.48,3
2025-12-23 13:09:00,844.75,844.75,844.75,844.75,1
2025-12-23 13:10:00,844.29,845.02,844.28,845.01,9
2025-12-23 13:11:00,845.01,845.01,845.01,845.01,0
2025-12-23 13:12:00,845.17,845.17,844.7,845.01,7
2025-12-23 13:13:00,845.11,845.38,845.01,845.38,8
2025-12-23 13:14:00,845.63,845.82,845.39,845.82,10
2025-12-23 13:15:00,845.82,846.08,845.56,845.92,20
2025-12-23 13:16:00,845.92,845.92,845.92,845.92,0
2025-12-23 13:17:00,845.92,845.92,845.92,845.92,0
2025-12-23 13:18:00,845.69,846.17,845.69,845.88,5
2025-12-23 13:19:00,845.67,845.67,845.67,845.67,1
2025-12-23 13:20:00,845.67,845.67,845.67,845.67,0
2025-12-23 13:21:00,845.67,845.67,845.67,845.67,0
2025-12-23 13:22:00,845.67,845.67,845.67,845.67,0
2025-12-23 13:23:00,845.67,845.67,845.67,845.67,0
2025-12-23 13:24:00,845.76,845.76,845.76,845.76,1
2025-12-23 13:25:00,845.76,845.76,845.76,845.76,0
2025-12-23 13:26:00,845.76,845.76,845.76,845.76,0
2025-12-23 13:27:00,845.76,845.76,845.76,845.76,0
2025-12-23 13:28:00,845.77,845.77,845.77,845.77,1
2025-12-23 13:29:00,845.69,845.69,845.69,845.69,2
2025-12-23 13:30:00,845.7,845.7,845.56,845.68,11
2025-12-23 13:31:00,845.49,845.49,844.71,844.81,9
2025-12-23 13:32:00,844.8,844.8,844.33,844.33,10
2025-12-23 13:33:00,844.31,844.32,844.31,844.32,4
2025-12-23 13:34:00,844.32,844.32,844.32,844.32,0
2025-12-23 13:35:00,844.32,844.32,844.32,844.32,0
2025-12-23 13:36:00,844.0,844.0,843.99,844.0,1
2025-12-23 13:37:00,844.42,844.42,844.42,844.42,1
2025-12-23 13:38:00,844.31,844.71,844.3,844.42,7
2025-12-23 13:39:00,844.71,844.71,844.7,844.7,4
2025-12-23 13:40:00,844.7,844.7,844.7,844.7,0
2025-12-23 13:41:00,844.86,845.07,844.86,845.07,7
2025-12-23 13:42:00,845.07,845.08,845.07,845.08,5
2025-12-23 13:43:00,845.26,845.26,844.73,844.73,3
2025-12-23 13:44:00,845.25,845.25,844.72,844.73,6
2025-12-23 13:45:00,844.98,845.3,844.97,845.3,4
2025-12-23 13:46:00,845.29,845.29,844.65,844.65,2
2025-12-23 13:47:00,845.28,845.28,845.28,845.28,1
2025-12-23 13:48:00,845.25,845.25,845.25,845.25,1
2025-12-23 13:49:00,844.75,844.99,844.41,844.41,23
2025-12-23 13:50:00,844.41,844.58,844.34,844.42,11
2025-12-23 13:51:00,844.58,844.82,844.42,844.82,12
2025-12-23 13:52:00,844.82,844.82,844.82,844.82,0
2025-12-23 13:53:00,844.82,844.82,844.82,844.82,0
2025-12-23 13:54:00,844.82,844.82,844.82,844.82,0
2025-12-23 13:55:00,844.94,845.06,844.94,845.06,6
2025-12-23 13:56:00,845.06,845.06,845.06,845.06,0
2025-12-23 13:57:00,845.23,845.23,845.23,845.23,2
2025-12-23 13:58:00,844.81,844.94,844.81,844.94,2
2025-12-23 13:59:00,844.94,845.24,844.89,844.9,15
2025-12-23 14:00:00,845.39,846.04,845.2,845.71,10
2025-12-23 14:01:00,845.71,845.71,845.71,845.71,4
2025-12-23 14:02:00,845.71,845.71,845.71,845.71,0
2025-12-23 14:03:00,845.71,845.71,845.71,845.71,0
2025-12-23 14:04:00,846.67,847.1,846.67,847.1,4
2025-12-23 14:05:00,847.1,847.1,847.1,847.1,0
2025-12-23 14:06:00,846.84,847.52,846.84,847.5,6
2025-12-23 14:07:00,848.83,848.83,847.53,847.96,5
2025-12-23 14:08:00,848.58,848.87,848.58,848.87,3
2025-12-23 14:09:00,848.86,848.86,848.86,848.86,1
2025-12-23 14:10:00,848.86,849.11,848.86,849.1,9
2025-12-23 14:11:00,848.65,849.11,848.57,849.1,16
2025-12-23 14:12:00,848.9,848.9,848.9,848.9,3
2025-12-23 14:13:00,848.4,848.4,848.4,848.4,3
2025-12-23 14:14:00,848.4,848.4,848.4,848.4,0
2025-12-23 14:15:00,848.49,848.74,847.98,848.74,20
2025-12-23 14:16:00,848.74,848.74,848.74,848.74,0
2025-12-23 14:17:00,847.77,847.77,847.77,847.77,1
2025-12-23 14:18:00,847.77,847.77,847.77,847.77,0
2025-12-23 14:19:00,847.77,847.77,847.77,847.77,0
2025-12-23 14:20:00,847.77,847.77,847.77,847.77,0
2025-12-23 14:21:00,847.57,847.57,847.57,847.57,1
2025-12-23 14:22:00,847.57,847.57,847.57,847.57,0
2025-12-23 14:23:00,848.28,848.28,848.27,848.28,1
2025-12-23 14:24:00,848.28,848.28,848.28,848.28,1
2025-12-23 14:25:00,848.28,848.28,847.57,847.57,13
2025-12-23 14:26:00,847.31,847.31,846.58,846.68,39
2025-12-23 14:27:00,846.87,846.87,846.82,846.87,4
2025-12-23 14:28:00,846.87,846.87,846.87,846.87,0
2025-12-23 14:29:00,846.87,846.87,846.87,846.87,0
2025-12-23 14:30:00,846.44,846.44,846.2,846.36,11
2025-12-23 14:31:00,846.36,846.36,846.36,846.36,1
2025-12-23 14:32:00,846.41,846.95,846.41,846.95,11
2025-12-23 14:33:00,846.99,847.08,846.69,846.69,7
2025-12-23 14:34:00,846.6,846.6,846.45,846.45,3
2025-12-23 14:35:00,846.72,846.72,846.72,846.72,1
2025-12-23 14:36:00,846.75,846.75,846.63,846.64,3
2025-12-23 14:37:00,846.64,846.64,846.64,846.64,0
2025-12-23 14:38:00,846.64,846.64,846.64,846.64,0
2025-12-23 14:39:00,846.53,846.53,846.36,846.36,7
2025-12-23 14:40:00,846.68,846.68,846.68,846.68,1
2025-12-23 14:41:00,846.28,846.28,846.2,846.2,3
2025-12-23 14:42:00,845.67,846.18,845.66,846.15,7
2025-12-23 14:43:00,846.24,846.24,846.1,846.11,4
2025-12-23 14:44:00,846.0,846.24,846.0,846.24,2
2025-12-23 14:45:00,846.51,846.51,846.51,846.51,1
2025-12-23 14:46:00,846.51,846.51,846.51,846.51,0
2025-12-23 14:47:00,846.51,846.51,846.51,846.51,0
2025-12-23 14:48:00,846.23,846.23,846.0,846.0,5
2025-12-23 14:49:00,846.0,846.0,846.0,846.0,0
2025-12-23 14:50:00,845.99,845.99,845.99,845.99,1
2025-12-23 14:51:00,845.99,845.99,845.99,845.99,0
2025-12-23 14:52:00,845.87,845.87,845.87,845.87,1
2025-12-23 14:53:00,845.87,845.87,845.87,845.87,0
2025-12-23 14:54:00,845.87,845.87,845.87,845.87,0
2025-12-23 14:55:00,845.87,845.87,845.87,845.87,0
2025-12-23 14:56:00,845.87,845.87,845.87,845.87,0
2025-12-23 14:57:00,845.87,845.87,845.87,845.87,0
2025-12-23 14:58:00,845.87,845.87,845.87,845.87,0
2025-12-23 14:59:00,845.82,845.82,845.82,845.82,1
2025-12-23 15:00:00,846.37,846.37,846.37,846.37,1
2025-12-23 15:01:00,846.26,846.89,846.26,846.61,10
2025-12-23 15:02:00,845.98,845.99,845.98,845.98,1
2025-12-23 15:03:00,845.98,845.98,845.98,845.98,0
2025-12-23 15:04:00,845.98,845.98,845.34,845.34,20
2025-12-23 15:05:00,845.34,845.34,845.34,845.34,0
2025-12-23 15:06:00,845.34,845.34,845.34,845.34,0
2025-12-23 15:07:00,845.35,845.63,845.16,845.63,8
2025-12-23 15:08:00,845.63,845.63,845.63,845.63,0
2025-12-23 15:09:00,845.67,845.67,845.66,845.67,4
2025-12-23 15:10:00,845.34,845.34,845.34,845.34,1
2025-12-23 15:11:00,845.45,845.67,845.45,845.67,3
2025-12-23 15:12:00,845.14,845.14,845.1,845.1,2
2025-12-23 15:13:00,845.52,845.98,845.47,845.98,5
2025-12-23 15:14:00,845.29,845.35,845.29,845.35,3
2025-12-23 15:15:00,845.67,845.67,845.67,845.67,1
2025-12-23 15:16:00,845.48,845.67,845.45,845.67,6
2025-12-23 15:17:00,845.44,845.44,845.32,845.32,2
2025-12-23 15:18:00,845.36,845.71,845.1,845.25,44
2025-12-23 15:19:00,845.11,845.13,844.95,845.03,18
2025-12-23 15:20:00,845.03,845.28,845.03,845.14,57
2025-12-23 15:21:00,845.14,845.14,845.14,845.14,0
2025-12-23 15:22:00,844.82,844.82,843.99,843.99,25
2025-12-23 15:23:00,844.87,844.88,844.73,844.73,3
2025-12-23 15:24:00,844.08,844.08,844.0,844.04,8
2025-12-23 15:25:00,844.34,844.36,844.32,844.36,12
2025-12-23 15:26:00,844.37,844.37,844.37,844.37,1
2025-12-23 15:27:00,844.73,844.73,844.28,844.3,9
2025-12-23 15:28:00,844.3,844.3,844.3,844.3,0
2025-12-23 15:29:00,844.56,844.56,844.55,844.56,2
2025-12-23 15:30:00,843.98,844.56,843.98,844.56,3
2025-12-23 15:31:00,843.98,843.98,843.98,843.98,2
2025-12-23 15:32:00,843.98,843.98,843.98,843.98,0
2025-12-23 15:33:00,843.97,843.97,843.97,843.97,1
2025-12-23 15:34:00,844.03,844.44,844.03,844.44,3
2025-12-23 15:35:00,843.9,844.5,843.9,844.45,8
2025-12-23 15:36:00,844.52,846.59,844.51,846.59,35
2025-12-23 15:37:00,847.53,847.53,846.71,846.94,37
2025-12-23 15:38:00,846.34,846.85,845.67,846.85,25
2025-12-23 15:39:00,846.98,846.98,846.98,846.98,2
2025-12-23 15:40:00,846.98,846.98,846.98,846.98,0
2025-12-23 15:41:00,846.98,846.98,846.98,846.98,0
2025-12-23 15:42:00,846.98,847.02,845.73,845.97,38
2025-12-23 15:43:00,845.79,845.85,845.79,845.85,5
2025-12-23 15:44:00,845.76,845.83,845.67,845.83,4
2025-12-23 15:45:00,845.63,845.97,845.49,845.97,14
2025-12-23 15:46:00,846.36,846.36,846.36,846.36,2
2025-12-23 15:47:00,846.36,846.36,846.36,846.36,0
2025-12-23 15:48:00,846.24,846.37,846.24,846.37,2
2025-12-23 15:49:00,846.62,846.62,846.58,846.58,2
2025-12-23 15:50:00,846.25,846.63,845.64,845.65,31
2025-12-23 15:51:00,845.62,845.69,845.38,845.58,21
2025-12-23 15:52:00,845.58,846.07,845.58,845.67,11
2025-12-23 15:53:00,846.1,846.11,845.48,845.48,18
2025-12-23 15:54:00,846.1,846.1,845.32,845.33,22
2025-12-23 15:55:00,844.69,845.0,844.55,844.55,16
2025-12-23 15:56:00,845.32,845.51,844.9,845.08,47
2025-12-23 15:57:00,844.92,844.92,844.63,844.63,20
2025-12-23 15:58:00,844.97,845.62,844.63,845.6,51
2025-12-23 15:59:00,845.35,845.87,845.33,845.71,60
2025-12-24 09:30:00,845.95,852.88,845.95,852.88,12
2025-12-24 09:31:00,852.88,852.88,852.88,852.88,0
2025-12-24 09:32:00,852.88,852.88,852.88,852.88,0
2025-12-24 09:33:00,846.0,848.2,845.76,848.2,14
2025-12-24 09:34:00,858.8,858.8,858.79,858.8,2
2025-12-24 09:35:00,844.77,855.64,844.75,854.9,52
2025-12-24 09:36:00,849.09,849.37,849.09,849.11,4
2025-12-24 09:37:00,850.84,850.84,850.83,850.84,6
2025-12-24 09:38:00,850.84,850.84,850.83,850.84,2
2025-12-24 09:39:00,850.67,850.67,850.67,850.67,1
2025-12-24 09:40:00,849.31,849.31,849.27,849.28,3
2025-12-24 09:41:00,849.28,849.28,849.27,849.28,2
2025-12-24 09:42:00,853.51,853.52,849.77,849.88,14
2025-12-24 09:43:00,849.9,854.41,849.87,849.88,4
2025-12-24 09:44:00,850.86,850.86,850.86,850.86,1
2025-12-24 09:45:00,850.86,850.88,848.79,848.79,19
2025-12-24 09:46:00,848.79,848.79,848.79,848.79,0
2025-12-24 09:47:00,848.79,848.79,848.79,848.79,0
2025-12-24 09:48:00,848.85,848.85,848.73,848.79,4
2025-12-24 09:49:00,848.85,848.85,848.85,848.85,7
2025-12-24 09:50:00,850.54,851.66,850.53,851.66,64
2025-12-24 09:51:00,851.66,853.25,849.98,852.14,104
2025-12-24 09:52:00,852.14,852.14,852.14,852.14,0
2025-12-24 09:53:00,853.0,853.8,852.92,853.8,18
2025-12-24 09:54:00,853.6,854.5,853.6,854.47,15
2025-12-24 09:55:00,854.47,854.47,854.47,854.47,0
2025-12-24 09:56:00,854.0,854.01,853.81,853.81,5
2025-12-24 09:57:00,853.97,854.0,853.62,854.0,14
2025-12-24 09:58:00,854.0,854.0,854.0,854.0,0
2025-12-24 09:59:00,854.0,854.0,854.0,854.0,0
2025-12-24 10:00:00,853.97,853.97,852.78,853.25,15
2025-12-24 10:01:00,852.53,852.54,852.44,852.44,15
2025-12-24 10:02:00,852.59,853.62,850.44,850.44,7
2025-12-24 10:03:00,850.45,853.07,850.44,852.95,10
2025-12-24 10:04:00,852.95,852.95,852.95,852.95,0
2025-12-24 10:05:00,851.85,854.21,851.85,854.21,18
2025-12-24 10:06:00,854.95,854.95,854.95,854.95,1
2025-12-24 10:07:00,855.85,856.49,855.85,856.49,14
2025-12-24 10:08:00,856.49,856.49,856.49,856.49,0
2025-12-24 10:09:00,855.7,855.7,855.64,855.64,2
2025-12-24 10:10:00,856.94,856.94,856.93,856.94,3
2025-12-24 10:11:00,856.94,856.94,856.94,856.94,0
2025-12-24 10:12:00,857.46,857.46,857.46,857.46,1
2025-12-24 10:13:00,856.0,856.0,856.0,856.0,2
2025-12-24 10:14:00,857.69,857.69,857.68,857.69,2
2025-12-24 10:15:00,857.69,857.69,857.68,857.69,1
2025-12-24 10:16:00,857.69,857.69,857.69,857.69,0
2025-12-24 10:17:00,855.99,857.03,855.99,857.03,3
2025-12-24 10:18:00,855.34,856.2,855.34,856.2,2
2025-12-24 10:19:00,857.04,857.04,854.79,854.8,18
2025-12-24 10:20:00,854.37,855.55,854.37,855.55,4
2025-12-24 10:21:00,855.47,855.69,854.44,855.69,18
2025-12-24 10:22:00,855.69,855.69,855.69,855.69,0
2025-12-24 10:23:00,853.86,855.55,853.14,853.83,13
2025-12-24 10:24:00,853.83,853.83,853.83,853.83,0
2025-12-24 10:25:00,853.52,854.25,853.52,854.25,2
2025-12-24 10:26:00,854.13,854.14,854.13,854.13,1
2025-12-24 10:27:00,854.93,854.93,854.92,854.93,1
2025-12-24 10:28:00,854.09,854.09,854.08,854.09,1
2025-12-24 10:29:00,854.09,854.09,854.09,854.09,0
2025-12-24 10:30:00,852.67,852.67,852.67,852.67,1
2025-12-24 10:31:00,852.67,852.67,852.67,852.67,0
2025-12-24 10:32:00,853.18,854.75,853.18,854.75,2
2025-12-24 10:33:00,854.75,854.75,854.75,854.75,0
2025-12-24 10:34:00,852.28,852.28,852.08,852.08,4
2025-12-24 10:35:00,850.65,850.65,850.65,850.65,3
2025-12-24 10:36:00,850.65,850.65,850.65,850.65,0
2025-12-24 10:37:00,851.37,851.37,850.66,850.66,9
2025-12-24 10:38:00,851.01,851.02,849.66,851.02,9
2025-12-24 10:39:00,850.07,850.34,850.07,850.34,4
2025-12-24 10:40:00,850.34,850.34,850.34,850.34,0
2025-12-24 10:41:00,850.34,850.34,850.34,850.34,0
2025-12-24 10:42:00,850.34,850.34,850.34,850.34,0
2025-12-24 10:43:00,851.02,851.02,851.02,851.02,1
2025-12-24 10:44:00,852.67,852.68,852.67,852.67,1
2025-12-24 10:45:00,852.67,852.67,852.67,852.67,0
2025-12-24 10:46:00,851.14,851.14,851.13,851.14,1
2025-12-24 10:47:00,851.14,851.14,851.14,851.14,0
2025-12-24 10:48:00,850.89,850.89,850.89,850.89,4
2025-12-24 10:49:00,851.57,851.57,851.23,851.23,3
2025-12-24 10:50:00,851.57,852.92,850.85,852.92,5
2025-12-24 10:51:00,851.78,851.78,851.78,851.78,2
2025-12-24 10:52:00,851.78,851.78,851.78,851.78,0
2025-12-24 10:53:00,851.78,851.78,851.78,851.78,0
2025-12-24 10:54:00,851.78,851.78,851.78,851.78,0
2025-12-24 10:55:00,851.78,851.78,851.78,851.78,0
2025-12-24 10:56:00,852.92,852.92,852.92,852.92,1
2025-12-24 10:57:00,852.92,852.92,852.92,852.92,1
2025-12-24 10:58:00,852.92,852.92,852.92,852.92,0
2025-12-24 10:59:00,852.92,852.92,852.92,852.92,1
2025-12-24 11:00:00,852.92,852.92,852.92,852.92,0
2025-12-24 11:01:00,852.92,855.51,852.92,855.51,4
2025-12-24 11:02:00,852.19,852.19,852.18,852.19,1
2025-12-24 11:03:00,852.19,852.19,852.18,852.19,2
2025-12-24 11:04:00,852.19,852.19,852.19,852.19,0
2025-12-24 11:05:00,850.33,852.31,850.33,852.31,6
2025-12-24 11:06:00,850.42,852.32,850.42,852.32,4
2025-12-24 11:07:00,851.27,852.13,851.27,851.63,5
2025-12-24 11:08:00,851.62,851.62,849.09,850.21,42
2025-12-24 11:09:00,849.47,849.47,849.46,849.47,4
2025-12-24 11:10:00,849.14,849.14,849.14,849.14,1
2025-12-24 11:11:00,849.14,849.14,849.14,849.14,0
2025-12-24 11:12:00,849.07,849.07,849.07,849.07,1
2025-12-24 11:13:00,849.01,850.21,849.01,850.21,2
2025-12-24 11:14:00,850.21,850.21,850.21,850.21,0
2025-12-24 11:15:00,849.01,849.01,849.01,849.01,1
2025-12-24 11:16:00,849.01,849.01,849.01,849.01,0
2025-12-24 11:17:00,849.63,849.63,849.42,849.42,2
2025-12-24 11:18:00,850.5,850.5,850.5,850.5,1
2025-12-24 11:19:00,850.5,850.5,850.5,850.5,1
2025-12-24 11:20:00,850.5,850.5,850.5,850.5,0
2025-12-24 11:21:00,850.5,850.5,850.5,850.5,0
2025-12-24 11:22:00,849.51,849.51,849.51,849.51,1
2025-12-24 11:23:00,849.51,849.51,849.51,849.51,0
2025-12-24 11:24:00,849.51,849.51,849.51,849.51,0
2025-12-24 11:25:00,850.5,851.7,850.5,851.7,58
2025-12-24 11:26:00,849.5,849.82,849.5,849.6,7
2025-12-24 11:27:00,849.83,849.83,849.62,849.63,3
2025-12-24 11:28:00,849.95,849.95,849.95,849.95,1
2025-12-24 11:29:00,849.95,849.95,849.95,849.95,0
2025-12-24 11:30:00,849.95,849.95,849.95,849.95,0
2025-12-24 11:31:00,849.95,849.95,849.95,849.95,0
2025-12-24 11:32:00,849.95,849.95,849.95,849.95,0
2025-12-24 11:33:00,849.3,849.31,849.3,849.3,5
2025-12-24 11:34:00,849.3,849.3,849.3,849.3,0
2025-12-24 11:35:00,850.37,850.37,849.84,850.26,6
2025-12-24 11:36:00,850.26,850.26,848.68,848.69,13
2025-12-24 11:37:00,848.69,848.69,848.69,848.69,0
2025-12-24 11:38:00,848.69,848.69,848.69,848.69,0
2025-12-24 11:39:00,848.69,848.69,848.69,848.69,0
2025-12-24 11:40:00,848.69,848.69,848.69,848.69,0
2025-12-24 11:41:00,848.69,848.69,848.69,848.69,0
2025-12-24 11:42:00,850.05,850.05,848.89,848.89,3
2025-12-24 11:43:00,849.89,849.9,849.89,849.89,1
2025-12-24 11:44:00,848.89,848.89,848.89,848.89,1
2025-12-24 11:45:00,847.88,848.94,847.87,848.94,7
2025-12-24 11:46:00,848.83,849.16,848.83,849.16,11
2025-12-24 11:47:00,849.16,849.16,849.16,849.16,0
2025-12-24 11:48:00,849.03,849.03,848.53,848.54,2
2025-12-24 11:49:00,848.54,848.54,848.54,848.54,0
2025-12-24 11:50:00,848.54,848.54,848.54,848.54,0
2025-12-24 11:51:00,848.54,848.54,848.54,848.54,0
2025-12-24 11:52:00,848.54,848.54,848.54,848.54,0
2025-12-24 11:53:00,849.26,849.27,848.04,848.04,2
2025-12-24 11:54:00,848.04,848.04,848.04,848.04,0
2025-12-24 11:55:00,848.65,848.76,848.64,848.71,4
2025-12-24 11:56:00,848.88,849.39,848.88,849.39,2
2025-12-24 11:57:00,849.43,849.43,849.42,849.43,1
2025-12-24 11:58:00,849.43,849.43,849.43,849.43,0
2025-12-24 11:59:00,849.01,849.01,849.01,849.01,1
2025-12-24 12:00:00,849.24,849.61,848.88,849.61,5
2025-12-24 12:01:00,848.86,849.05,847.91,847.91,59
2025-12-24 12:02:00,848.94,848.94,848.94,848.94,1
2025-12-24 12:03:00,848.94,848.94,848.94,848.94,0
2025-12-24 12:04:00,848.45,848.96,848.13,848.96,34
2025-12-24 12:05:00,848.96,848.96,848.96,848.96,0
2025-12-24 12:06:00,847.67,847.85,847.66,847.85,7
2025-12-24 12:07:00,848.05,848.52,848.05,848.22,25
2025-12-24 12:08:00,848.09,848.22,847.83,848.14,29
2025-12-24 12:09:00,848.14,848.14,848.14,848.14,0
2025-12-24 12:10:00,848.55,848.55,848.55,848.55,2
2025-12-24 12:11:00,847.76,849.81,847.68,849.57,82
2025-12-24 12:12:00,849.7,849.71,849.7,849.71,22
2025-12-24 12:13:00,849.71,849.71,849.71,849.71,0
2025-12-24 12:14:00,848.63,848.63,848.63,848.63,4
2025-12-24 12:15:00,848.83,849.11,848.83,848.94,6
2025-12-24 12:16:00,848.88,848.88,848.56,848.56,6
2025-12-24 12:17:00,848.94,849.73,847.96,848.2,59
2025-12-24 12:18:00,848.92,849.31,848.91,849.31,2
2025-12-24 12:19:00,849.31,849.31,849.31,849.31,0
2025-12-24 12:20:00,848.3,848.3,848.3,848.3,5
2025-12-24 12:21:00,848.11,848.11,848.04,848.05,8
2025-12-24 12:22:00,848.05,848.05,848.05,848.05,0
2025-12-24 12:23:00,848.06,848.06,847.49,847.49,10
2025-12-24 12:24:00,847.49,847.49,847.49,847.49,0
2025-12-24 12:25:00,847.49,847.49,847.49,847.49,0
2025-12-24 12:26:00,847.49,847.49,847.49,847.49,0
2025-12-24 12:27:00,847.49,847.49,847.49,847.49,0
2025-12-24 12:28:00,847.49,847.49,847.49,847.49,0
2025-12-24 12:29:00,847.48,847.48,847.48,847.48,2
2025-12-24 12:30:00,847.71,847.71,847.45,847.45,2
2025-12-24 12:31:00,847.86,847.86,847.85,847.86,1
2025-12-24 12:32:00,847.86,847.86,847.86,847.86,0
2025-12-24 12:33:00,847.49,847.49,847.49,847.49,4
2025-12-24 12:34:00,847.7,847.71,847.49,847.49,10
2025-12-24 12:35:00,847.49,847.49,847.49,847.49,0
2025-12-24 12:36:00,847.85,848.43,847.56,848.08,70
2025-12-24 12:37:00,848.05,848.05,847.8,847.8,5
2025-12-24 12:38:00,847.46,848.45,847.44,848.28,38
2025-12-24 12:39:00,847.89,848.14,847.89,848.13,12
2025-12-24 12:40:00,848.13,848.13,848.13,848.13,0
2025-12-24 12:41:00,848.13,848.14,848.13,848.13,3
2025-12-24 12:42:00,848.13,848.13,848.13,848.13,0
2025-12-24 12:43:00,848.13,848.13,848.13,848.13,0
2025-12-24 12:44:00,848.13,848.19,847.96,847.96,16
2025-12-24 12:45:00,848.04,848.04,847.63,847.63,10
2025-12-24 12:46:00,847.75,847.75,847.75,847.75,1
2025-12-24 12:47:00,847.75,847.75,847.75,847.75,0
2025-12-24 12:48:00,847.76,848.6,847.76,848.29,130
2025-12-24 12:49:00,849.06,849.06,849.06,849.06,2
2025-12-24 12:50:00,849.06,849.06,849.06,849.06,0
2025-12-24 12:51:00,848.5,849.1,848.42,849.1,6
2025-12-24 12:52:00,849.71,851.34,849.7,851.33,2
2025-12-24 12:53:00,848.94,848.94,848.68,848.68,5
2025-12-24 12:54:00,848.7,849.65,848.51,849.36,7
2025-12-24 12:55:00,848.47,848.55,848.47,848.47,5
2025-12-24 12:56:00,848.48,848.66,848.45,848.49,4
2025-12-24 12:57:00,848.48,848.76,848.46,848.76,3
2025-12-24 12:58:00,848.73,849.36,848.6,848.6,21
2025-12-24 12:59:00,848.61,849.44,848.6,849.34,12
2025-12-26 09:30:00,854.44,854.48,854.14,854.14,13
2025-12-26 09:31:00,852.98,852.98,847.98,852.46,13
2025-12-26 09:32:00,852.46,852.46,852.46,852.46,0
2025-12-26 09:33:00,852.46,852.46,852.46,852.46,0
2025-12-26 09:34:00,852.46,852.46,852.46,852.46,0
2025-12-26 09:35:00,852.46,852.46,852.46,852.46,0
2025-12-26 09:36:00,852.46,852.46,852.46,852.46,0
2025-12-26 09:37:00,852.46,852.46,852.46,852.46,0
2025-12-26 09:38:00,852.46,852.46,852.46,852.46,0
2025-12-26 09:39:00,852.46,852.46,852.46,852.46,0
2025-12-26 09:40:00,852.46,852.46,852.46,852.46,0
2025-12-26 09:41:00,850.34,850.34,848.88,848.88,6
2025-12-26 09:42:00,846.69,848.2,846.57,847.73,10
2025-12-26 09:43:00,847.73,848.28,847.21,847.21,21
2025-12-26 09:44:00,846.58,846.58,846.57,846.58,2
2025-12-26 09:45:00,846.58,846.58,846.58,846.58,0
2025-12-26 09:46:00,846.58,846.58,846.58,846.58,0
2025-12-26 09:47:00,846.58,846.58,846.58,846.58,0
2025-12-26 09:48:00,846.58,846.58,846.58,846.58,0
2025-12-26 09:49:00,846.58,846.58,846.58,846.58,0
2025-12-26 09:50:00,845.86,845.87,845.02,845.13,14
2025-12-26 09:51:00,845.25,845.63,845.01,845.01,14
2025-12-26 09:52:00,845.01,845.01,845.01,845.01,0
2025-12-26 09:53:00,845.01,845.01,845.01,845.01,0
2025-12-26 09:54:00,846.07,846.08,846.07,846.08,2
2025-12-26 09:55:00,846.08,846.08,846.08,846.08,0
2025-12-26 09:56:00,847.32,847.32,846.42,847.09,12
2025-12-26 09:57:00,847.09,847.09,847.09,847.09,0
2025-12-26 09:58:00,847.09,847.09,847.09,847.09,0
2025-12-26 09:59:00,847.09,847.09,847.09,847.09,0
2025-12-26 10:00:00,847.09,847.09,847.09,847.09,0
2025-12-26 10:01:00,846.01,846.01,845.67,845.67,3
2025-12-26 10:02:00,845.67,845.67,845.67,845.67,0
2025-12-26 10:03:00,845.67,845.67,845.67,845.67,0
2025-12-26 10:04:00,845.67,845.67,845.67,845.67,0
2025-12-26 10:05:00,845.67,845.67,845.67,845.67,0
2025-12-26 10:06:00,845.67,845.67,845.67,845.67,0
2025-12-26 10:07:00,845.67,845.67,845.67,845.67,0
2025-12-26 10:08:00,845.67,845.67,845.67,845.67,0
2025-12-26 10:09:00,845.67,845.67,845.67,845.67,0
2025-12-26 10:10:00,845.67,845.67,845.67,845.67,0
2025-12-26 10:11:00,845.75,845.75,845.74,845.75,1
2025-12-26 10:12:00,845.75,845.75,845.75,845.75,0
2025-12-26 10:13:00,844.82,844.82,843.51,843.51,4
2025-12-26 10:14:00,843.51,843.51,843.51,843.51,0
2025-12-26 10:15:00,843.43,843.99,842.86,843.99,5
2025-12-26 10:16:00,843.29,843.29,843.29,843.29,1
2025-12-26 10:17:00,843.7,843.7,843.41,843.41,2
2025-12-26 10:18:00,843.41,843.41,843.41,843.41,0
2025-12-26 10:19:00,843.41,843.41,843.41,843.41,0
2025-12-26 10:20:00,843.41,843.41,843.41,843.41,0
2025-12-26 10:21:00,845.44,845.44,845.44,845.44,1
2025-12-26 10:22:00,844.59,844.59,844.58,844.59,1
2025-12-26 10:23:00,844.59,844.59,844.59,844.59,0
2025-12-26 10:24:00,844.59,844.59,844.59,844.59,0
2025-12-26 10:25:00,844.59,844.59,844.59,844.59,0
2025-12-26 10:26:00,844.59,844.59,844.59,844.59,0
2025-12-26 10:27:00,844.59,844.59,844.59,844.59,0
2025-12-26 10:28:00,844.59,844.59,844.59,844.59,0
2025-12-26 10:29:00,844.59,844.59,844.59,844.59,0
2025-12-26 10:30:00,844.59,844.59,844.59,844.59,0
2025-12-26 10:31:00,844.59,844.59,844.59,844.59,0
2025-12-26 10:32:00,845.04,845.12,844.11,844.22,42
2025-12-26 10:33:00,845.15,845.15,844.3,844.66,7
2025-12-26 10:34:00,844.66,844.66,844.66,844.66,0
2025-12-26 10:35:00,844.39,844.92,844.39,844.92,3
2025-12-26 10:36:00,844.73,844.73,844.73,844.73,1
2025-12-26 10:37:00,844.73,844.73,844.73,844.73,0
2025-12-26 10:38:00,844.73,844.73,844.73,844.73,0
2025-12-26 10:39:00,845.26,845.26,844.84,844.97,4
2025-12-26 10:40:00,844.81,845.06,844.81,845.06,2
2025-12-26 10:41:00,845.06,845.06,845.06,845.06,0
2025-12-26 10:42:00,845.27,845.27,845.27,845.27,2
2025-12-26 10:43:00,845.27,845.27,845.27,845.27,0
2025-12-26 10:44:00,845.27,845.27,845.27,845.27,0
2025-12-26 10:45:00,845.27,845.27,845.27,845.27,0
2025-12-26 10:46:00,845.27,845.27,845.27,845.27,0
2025-12-26 10:47:00,845.27,845.27,845.27,845.27,0
2025-12-26 10:48:00,845.27,845.27,845.27,845.27,0
2025-12-26 10:49:00,845.14,845.14,844.95,844.95,2
2025-12-26 10:50:00,845.21,845.21,844.58,844.58,4
2025-12-26 10:51:00,844.58,844.58,844.58,844.58,0
2025-12-26 10:52:00,844.58,844.58,844.58,844.58,0
2025-12-26 10:53:00,844.58,844.58,844.58,844.58,0
2025-12-26 10:54:00,844.58,844.58,844.58,844.58,0
2025-12-26 10:55:00,844.58,844.58,844.58,844.58,0
2025-12-26 10:56:00,844.58,844.58,844.58,844.58,0
2025-12-26 10:57:00,844.58,844.58,844.58,844.58,0
2025-12-26 10:58:00,845.05,845.05,845.05,845.05,5
2025-12-26 10:59:00,845.05,845.05,845.05,845.05,0
2025-12-26 11:00:00,845.05,845.05,845.05,845.05,0
2025-12-26 11:01:00,845.05,845.05,845.05,845.05,0
2025-12-26 11:02:00,845.25,845.25,845.24,845.25,8
2025-12-26 11:03:00,845.25,845.25,845.25,845.25,0
2025-12-26 11:04:00,844.84,844.84,844.84,844.84,1
2025-12-26 11:05:00,844.84,844.84,844.84,844.84,0
2025-12-26 11:06:00,844.84,844.84,844.84,844.84,0
2025-12-26 11:07:00,844.84,844.84,844.84,844.84,0
2025-12-26 11:08:00,844.84,844.84,844.84,844.84,0
2025-12-26 11:09:00,844.98,844.98,844.98,844.98,5
2025-12-26 11:10:00,844.98,844.98,844.98,844.98,0
2025-12-26 11:11:00,845.05,845.05,845.05,845.05,1
2025-12-26 11:12:00,845.58,845.58,845.58,845.58,1
2025-12-26 11:13:00,845.58,845.58,845.58,845.58,0
2025-12-26 11:14:00,845.58,845.58,845.58,845.58,0
2025-12-26 11:15:00,845.58,845.58,845.58,845.58,0
2025-12-26 11:16:00,844.55,844.55,844.55,844.55,2
2025-12-26 11:17:00,844.55,844.55,844.55,844.55,0
2025-12-26 11:18:00,844.56,844.78,844.56,844.78,2
2025-12-26 11:19:00,844.56,845.21,844.55,844.55,6
2025-12-26 11:20:00,844.55,844.55,844.55,844.55,0
2025-12-26 11:21:00,845.0,846.27,844.86,845.68,91
2025-12-26 11:22:00,846.27,846.29,845.14,845.14,10
2025-12-26 11:23:00,845.14,845.14,845.14,845.14,0
2025-12-26 11:24:00,845.14,845.14,845.14,845.14,0
2025-12-26 11:25:00,845.14,845.14,845.14,845.14,0
2025-12-26 11:26:00,845.23,845.23,845.22,845.23,1
2025-12-26 11:27:00,845.23,845.23,845.23,845.23,0
2025-12-26 11:28:00,845.23,845.23,845.23,845.23,0
2025-12-26 11:29:00,846.53,846.81,846.53,846.72,17
2025-12-26 11:30:00,847.05,847.05,847.05,847.05,2
2025-12-26 11:31:00,846.81,846.81,846.0,846.0,6
2025-12-26 11:32:00,846.0,846.0,846.0,846.0,0
2025-12-26 11:33:00,846.99,846.99,846.99,846.99,1
2025-12-26 11:34:00,847.97,847.97,847.97,847.97,1
2025-12-26 11:35:00,847.78,847.78,847.48,847.49,5
2025-12-26 11:36:00,847.49,847.49,847.49,847.49,0
2025-12-26 11:37:00,847.49,847.49,847.49,847.49,0
2025-12-26 11:38:00,847.49,847.49,847.49,847.49,0
2025-12-26 11:39:00,847.79,847.79,847.79,847.79,2
2025-12-26 11:40:00,847.79,847.79,847.79,847.79,0
2025-12-26 11:41:00,847.72,847.72,847.71,847.72,1
2025-12-26 11:42:00,847.72,847.72,847.72,847.72,0
2025-12-26 11:43:00,847.59,848.17,847.58,848.17,2
2025-12-26 11:44:00,848.17,848.18,848.17,848.18,2
2025-12-26 11:45:00,848.18,848.18,848.18,848.18,0
2025-12-26 11:46:00,848.18,848.18,848.18,848.18,0
2025-12-26 11:47:00,847.6,848.18,847.59,848.18,4
2025-12-26 11:48:00,847.95,847.95,847.72,847.72,4
2025-12-26 11:49:00,847.72,847.72,847.72,847.72,0
2025-12-26 11:50:00,847.72,847.72,847.72,847.72,0
2025-12-26 11:51:00,847.72,847.72,847.72,847.72,0
2025-12-26 11:52:00,847.72,847.72,847.72,847.72,0
2025-12-26 11:53:00,847.72,847.72,847.72,847.72,0
2025-12-26 11:54:00,848.25,848.25,848.25,848.25,2
2025-12-26 11:55:00,848.25,848.25,848.25,848.25,0
2025-12-26 11:56:00,848.25,848.25,848.25,848.25,0
2025-12-26 11:57:00,848.25,848.25,848.25,848.25,0
2025-12-26 11:58:00,848.25,848.25,848.25,848.25,0
2025-12-26 11:59:00,848.25,848.25,848.25,848.25,0
2025-12-26 12:00:00,848.25,848.25,848.25,848.25,0
2025-12-26 12:01:00,848.25,848.25,848.25,848.25,0
2025-12-26 12:02:00,848.03,848.03,848.02,848.03,1
2025-12-26 12:03:00,847.88,849.99,847.88,849.99,33
2025-12-26 12:04:00,848.62,849.17,848.62,848.62,25
2025-12-26 12:05:00,848.62,848.62,848.62,848.62,0
2025-12-26 12:06:00,848.62,848.62,848.62,848.62,0
2025-12-26 12:07:00,848.62,848.62,848.62,848.62,0
2025-12-26 12:08:00,848.68,848.68,848.43,848.44,10
2025-12-26 12:09:00,848.44,848.44,848.44,848.44,0
2025-12-26 12:10:00,849.88,849.89,849.88,849.88,1
2025-12-26 12:11:00,849.88,849.88,849.88,849.88,0
2025-12-26 12:12:00,849.88,849.88,849.88,849.88,0
2025-12-26 12:13:00,849.28,849.28,849.28,849.28,2
2025-12-26 12:14:00,849.28,849.28,849.28,849.28,0
2025-12-26 12:15:00,849.28,849.28,849.28,849.28,0
2025-12-26 12:16:00,849.86,849.86,849.83,849.86,3
2025-12-26 12:17:00,849.42,849.42,849.29,849.29,2
2025-12-26 12:18:00,849.29,849.29,849.29,849.29,0
2025-12-26 12:19:00,849.29,849.29,849.29,849.29,0
2025-12-26 12:20:00,849.29,849.29,849.29,849.29,0
2025-12-26 12:21:00,848.78,848.78,848.41,848.73,15
2025-12-26 12:22:00,848.83,848.83,848.82,848.83,2
2025-12-26 12:23:00,848.83,848.83,848.83,848.83,0
2025-12-26 12:24:00,848.96,848.96,848.5,848.5,5
2025-12-26 12:25:00,848.5,848.5,848.5,848.5,0
2025-12-26 12:26:00,849.88,849.88,849.87,849.88,5
2025-12-26 12:27:00,849.86,849.86,849.62,849.86,11
2025-12-26 12:28:00,849.86,849.86,849.86,849.86,0
2025-12-26 12:29:00,850.06,850.06,849.04,849.04,5
2025-12-26 12:30:00,849.04,849.04,849.04,849.04,0
2025-12-26 12:31:00,849.04,849.04,849.04,849.04,0
2025-12-26 12:32:00,849.07,849.07,849.06,849.07,5
2025-12-26 12:33:00,849.14,849.14,849.14,849.14,1
2025-12-26 12:34:00,849.14,849.14,849.14,849.14,0
2025-12-26 12:35:00,848.39,848.39,848.39,848.39,1
2025-12-26 12:36:00,848.39,848.39,848.39,848.39,0
2025-12-26 12:37:00,848.5,848.5,848.2,848.37,37
2025-12-26 12:38:00,846.79,846.79,846.13,846.13,2
2025-12-26 12:39:00,846.13,846.13,846.13,846.13,0
2025-12-26 12:40:00,844.99,845.33,844.99,845.33,20
2025-12-26 12:41:00,845.33,845.33,845.33,845.33,0
2025-12-26 12:42:00,845.33,845.33,845.33,845.33,0
2025-12-26 12:43:00,845.33,845.33,845.33,845.33,0
2025-12-26 12:44:00,845.33,845.33,845.33,845.33,0
2025-12-26 12:45:00,845.33,845.33,845.33,845.33,0
2025-12-26 12:46:00,845.33,845.33,845.33,845.33,0
2025-12-26 12:47:00,844.67,844.67,844.21,844.21,3
2025-12-26 12:48:00,844.21,844.21,844.21,844.21,0
2025-12-26 12:49:00,845.32,846.46,845.32,846.46,2
2025-12-26 12:50:00,846.4,846.4,846.4,846.4,1
2025-12-26 12:51:00,846.4,846.4,846.4,846.4,0
2025-12-26 12:52:00,846.46,846.46,845.68,845.69,3
2025-12-26 12:53:00,846.08,846.08,846.08,846.08,1
2025-12-26 12:54:00,846.08,846.08,846.08,846.08,0
2025-12-26 12:55:00,846.08,846.08,846.08,846.08,0
2025-12-26 12:56:00,846.08,846.08,846.08,846.08,0
2025-12-26 12:57:00,845.57,845.57,845.57,845.57,1
2025-12-26 12:58:00,845.57,845.57,845.57,845.57,0
2025-12-26 12:59:00,845.57,845.57,845.57,845.57,0
2025-12-26 13:00:00,845.57,845.57,845.57,845.57,0
2025-12-26 13:01:00,845.79,845.79,845.79,845.79,1
2025-12-26 13:02:00,845.79,845.79,845.79,845.79,0
2025-12-26 13:03:00,845.79,845.79,845.79,845.79,0
2025-12-26 13:04:00,846.21,846.21,846.21,846.21,1
2025-12-26 13:05:00,846.21,846.21,846.21,846.21,0
2025-12-26 13:06:00,846.21,846.21,846.21,846.21,0
2025-12-26 13:07:00,846.21,846.21,846.21,846.21,0
2025-12-26 13:08:00,847.39,847.39,847.39,847.39,1
2025-12-26 13:09:00,847.39,847.39,847.39,847.39,0
2025-12-26 13:10:00,847.39,847.39,847.39,847.39,0
2025-12-26 13:11:00,847.39,847.39,847.39,847.39,0
2025-12-26 13:12:00,847.39,847.39,847.39,847.39,0
2025-12-26 13:13:00,847.39,847.39,847.39,847.39,0
2025-12-26 13:14:00,847.39,847.39,847.39,847.39,0
2025-12-26 13:15:00,847.39,847.39,847.39,847.39,0
2025-12-26 13:16:00,847.39,847.39,847.39,847.39,0
2025-12-26 13:17:00,845.58,845.89,845.58,845.89,5
2025-12-26 13:18:00,845.76,845.76,845.76,845.76,1
2025-12-26 13:19:00,845.59,845.9,845.07,845.07,8
2025-12-26 13:20:00,845.07,845.07,845.07,845.07,0
2025-12-26 13:21:00,845.07,845.07,845.07,845.07,0
2025-12-26 13:22:00,844.3,844.3,844.3,844.3,1
2025-12-26 13:23:00,844.3,844.3,844.3,844.3,0
2025-12-26 13:24:00,844.3,844.3,844.3,844.3,0
2025-12-26 13:25:00,844.22,844.22,844.22,844.22,1
2025-12-26 13:26:00,844.22,844.51,844.22,844.51,2
2025-12-26 13:27:00,844.71,844.71,844.71,844.71,2
2025-12-26 13:28:00,844.45,844.69,844.45,844.66,9
2025-12-26 13:29:00,844.66,844.66,844.66,844.66,0
2025-12-26 13:30:00,844.66,844.66,844.66,844.66,0
2025-12-26 13:31:00,844.66,844.66,844.66,844.66,0
2025-12-26 13:32:00,844.66,844.66,844.66,844.66,0
2025-12-26 13:33:00,845.45,845.45,845.25,845.25,3
2025-12-26 13:34:00,846.03,846.31,846.03,846.31,8
2025-12-26 13:35:00,846.31,846.31,845.1,845.61,11
2025-12-26 13:36:00,845.57,845.57,845.56,845.57,2
2025-12-26 13:37:00,845.57,845.57,845.57,845.57,0
2025-12-26 13:38:00,845.39,845.41,845.39,845.39,5
2025-12-26 13:39:00,845.39,845.39,845.39,845.39,0
2025-12-26 13:40:00,845.39,845.39,845.39,845.39,0
2025-12-26 13:41:00,845.39,845.39,845.39,845.39,0
2025-12-26 13:42:00,845.39,845.39,845.39,845.39,0
2025-12-26 13:43:00,845.39,845.39,845.39,845.39,0
2025-12-26 13:44:00,845.39,845.39,845.39,845.39,0
2025-12-26 13:45:00,845.39,845.39,845.39,845.39,0
2025-12-26 13:46:00,845.39,845.39,845.39,845.39,0
2025-12-26 13:47:00,845.39,845.39,845.39,845.39,0
2025-12-26 13:48:00,845.39,845.39,845.39,845.39,0
2025-12-26 13:49:00,845.39,845.39,845.39,845.39,0
2025-12-26 13:50:00,845.39,845.39,845.39,845.39,0
2025-12-26 13:51:00,847.05,847.05,847.04,847.05,1
2025-12-26 13:52:00,847.05,847.05,847.05,847.05,0
2025-12-26 13:53:00,847.05,847.05,847.05,847.05,0
2025-12-26 13:54:00,847.05,847.05,847.05,847.05,0
2025-12-26 13:55:00,847.05,847.05,847.05,847.05,0
2025-12-26 13:56:00,845.87,845.87,845.87,845.87,1
2025-12-26 13:57:00,845.87,845.87,845.87,845.87,0
2025-12-26 13:58:00,845.87,845.87,845.87,845.87,0
2025-12-26 13:59:00,845.87,845.87,845.87,845.87,0
2025-12-26 14:00:00,846.18,846.18,846.18,846.18,1
2025-12-26 14:01:00,846.18,846.18,846.18,846.18,0
2025-12-26 14:02:00,845.67,845.68,845.39,845.39,13
2025-12-26 14:03:00,845.35,845.35,845.35,845.35,1
2025-12-26 14:04:00,845.5,845.5,845.5,845.5,1
2025-12-26 14:05:00,845.5,845.5,845.5,845.5,0
2025-12-26 14:06:00,845.5,845.5,845.5,845.5,0
2025-12-26 14:07:00,845.5,845.5,845.5,845.5,0
2025-12-26 14:08:00,845.98,845.98,845.91,845.92,3
2025-12-26 14:09:00,845.92,845.92,845.92,845.92,0
2025-12-26 14:10:00,845.92,845.92,845.92,845.92,0
2025-12-26 14:11:00,845.92,845.92,845.92,845.92,0
2025-12-26 14:12:00,846.6,846.6,846.19,846.19,5
2025-12-26 14:13:00,846.19,846.19,846.19,846.19,0
2025-12-26 14:14:00,846.33,846.33,846.33,846.33,1
2025-12-26 14:15:00,846.33,846.33,846.33,846.33,0
2025-12-26 14:16:00,846.33,846.33,846.33,846.33,0
2025-12-26 14:17:00,846.33,846.33,846.33,846.33,0
2025-12-26 14:18:00,846.33,846.33,846.33,846.33,0
2025-12-26 14:19:00,846.33,846.33,846.33,846.33,0
2025-12-26 14:20:00,846.33,846.33,846.33,846.33,0
2025-12-26 14:21:00,846.33,846.33,846.33,846.33,0
2025-12-26 14:22:00,846.12,846.13,845.76,846.13,7
2025-12-26 14:23:00,846.13,846.13,846.13,846.13,0
2025-12-26 14:24:00,846.13,846.13,846.13,846.13,0
2025-12-26 14:25:00,845.86,845.86,845.86,845.86,1
2025-12-26 14:26:00,846.29,846.29,846.28,846.29,4
2025-12-26 14:27:00,845.76,846.11,845.76,845.87,10
2025-12-26 14:28:00,845.87,845.87,845.87,845.87,0
2025-12-26 14:29:00,845.87,845.87,845.87,845.87,0
2025-12-26 14:30:00,845.87,845.87,845.87,845.87,0
2025-12-26 14:31:00,845.87,845.87,845.87,845.87,0
2025-12-26 14:32:00,845.87,845.87,845.87,845.87,0
2025-12-26 14:33:00,846.5,846.5,846.1,846.1,5
2025-12-26 14:34:00,846.1,846.1,846.1,846.1,0
2025-12-26 14:35:00,847.27,847.27,847.27,847.27,1
2025-12-26 14:36:00,847.27,847.27,847.27,847.27,0
2025-12-26 14:37:00,846.44,846.44,846.44,846.44,2
2025-12-26 14:38:00,846.44,846.44,846.44,846.44,0
2025-12-26 14:39:00,845.73,847.2,845.38,847.2,11
2025-12-26 14:40:00,847.2,847.2,847.2,847.2,0
2025-12-26 14:41:00,847.2,847.2,847.2,847.2,0
2025-12-26 14:42:00,847.2,847.2,847.2,847.2,0
2025-12-26 14:43:00,845.04,845.04,845.04,845.04,3
2025-12-26 14:44:00,845.04,845.04,845.04,845.04,0
2025-12-26 14:45:00,845.04,845.04,845.04,845.04,0
2025-12-26 14:46:00,845.04,845.04,845.04,845.04,0
2025-12-26 14:47:00,845.3,845.3,845.3,845.3,1
2025-12-26 14:48:00,845.3,845.3,845.3,845.3,0
2025-12-26 14:49:00,845.3,845.3,845.3,845.3,0
2025-12-26 14:50:00,845.3,845.3,845.3,845.3,0
2025-12-26 14:51:00,845.3,845.3,845.3,845.3,0
2025-12-26 14:52:00,845.3,845.3,845.3,845.3,0
2025-12-26 14:53:00,845.17,845.48,845.1,845.35,10
2025-12-26 14:54:00,845.35,845.35,845.35,845.35,0
2025-12-26 14:55:00,845.28,845.73,845.17,845.73,7
2025-12-26 14:56:00,845.3,845.3,845.3,845.3,1
2025-12-26 14:57:00,845.17,845.17,845.17,845.17,3
2025-12-26 14:58:00,845.17,845.17,845.17,845.17,0
2025-12-26 14:59:00,845.17,845.17,845.17,845.17,0
2025-12-26 15:00:00,845.17,845.17,845.17,845.17,0
2025-12-26 15:01:00,845.17,845.17,845.17,845.17,0
2025-12-26 15:02:00,845.17,845.17,845.17,845.17,0
2025-12-26 15:03:00,845.17,845.17,845.17,845.17,0
2025-12-26 15:04:00,845.17,845.17,845.17,845.17,0
2025-12-26 15:05:00,845.17,845.17,845.17,845.17,0
2025-12-26 15:06:00,845.17,845.17,845.17,845.17,0
2025-12-26 15:07:00,845.17,845.17,845.17,845.17,0
2025-12-26 15:08:00,845.43,845.43,844.8,844.8,6
2025-12-26 15:09:00,844.8,844.8,844.8,844.8,0
2025-12-26 15:10:00,844.8,844.8,844.8,844.8,0
2025-12-26 15:11:00,845.44,845.45,844.38,844.75,23
2025-12-26 15:12:00,844.75,844.75,844.75,844.75,0
2025-12-26 15:13:00,844.55,844.55,844.54,844.55,1
2025-12-26 15:14:00,844.55,844.55,844.55,844.55,0
2025-12-26 15:15:00,844.55,844.55,844.55,844.55,0
2025-12-26 15:16:00,844.55,844.55,844.55,844.55,0
2025-12-26 15:17:00,844.55,844.55,844.55,844.55,0
2025-12-26 15:18:00,844.55,844.55,844.55,844.55,0
2025-12-26 15:19:00,844.55,844.55,844.55,844.55,0
2025-12-26 15:20:00,844.7,844.7,844.38,844.41,17
2025-12-26 15:21:00,844.52,844.52,843.88,843.88,2
2025-12-26 15:22:00,844.03,844.37,844.03,844.37,2
2025-12-26 15:23:00,843.97,844.36,843.9,844.36,6
2025-12-26 15:24:00,844.43,844.43,844.43,844.43,1
2025-12-26 15:25:00,844.43,844.43,844.43,844.43,0
2025-12-26 15:26:00,843.9,844.91,843.9,844.62,10
2025-12-26 15:27:00,844.38,844.39,844.38,844.39,2
2025-12-26 15:28:00,844.35,844.41,844.35,844.41,2
2025-12-26 15:29:00,844.41,844.41,844.24,844.24,6
2025-12-26 15:30:00,844.24,844.41,843.92,844.41,20
2025-12-26 15:31:00,844.67,846.05,844.67,846.05,17
2025-12-26 15:32:00,845.56,846.62,845.36,845.98,14
2025-12-26 15:33:00,845.98,845.98,845.98,845.98,0
2025-12-26 15:34:00,845.98,845.98,845.98,845.98,0
2025-12-26 15:35:00,846.35,846.56,846.35,846.4,8
2025-12-26 15:36:00,846.29,846.55,846.24,846.46,6
2025-12-26 15:37:00,846.41,846.97,846.29,846.29,20
2025-12-26 15:38:00,845.93,846.4,845.92,846.4,6
2025-12-26 15:39:00,845.97,846.8,845.96,846.49,12
2025-12-26 15:40:00,846.45,847.27,846.44,847.27,12
2025-12-26 15:41:00,846.68,846.77,846.68,846.77,2
2025-12-26 15:42:00,846.68,846.77,846.68,846.77,3
2025-12-26 15:43:00,847.52,847.52,847.52,847.52,1
2025-12-26 15:44:00,847.52,847.52,847.52,847.52,0
2025-12-26 15:45:00,847.52,847.52,847.52,847.52,0
2025-12-26 15:46:00,846.65,847.52,846.65,847.52,2
2025-12-26 15:47:00,846.68,847.53,846.57,846.58,4
2025-12-26 15:48:00,846.5,847.54,846.24,846.29,17
2025-12-26 15:49:00,846.05,846.18,846.05,846.18,3
2025-12-26 15:50:00,846.08,847.11,845.93,847.11,12
2025-12-26 15:51:00,846.33,846.33,845.69,845.76,26
2025-12-26 15:52:00,845.69,845.69,845.31,845.49,12
2025-12-26 15:53:00,845.31,846.39,845.25,846.39,12
2025-12-26 15:54:00,846.3,846.3,845.5,845.5,29
2025-12-26 15:55:00,845.79,846.15,845.5,845.83,9
2025-12-26 15:56:00,846.14,846.14,845.65,846.14,9
2025-12-26 15:57:00,845.84,846.2,844.64,844.65,45
2025-12-26 15:58:00,844.65,845.08,844.59,844.83,36
2025-12-26 15:59:00,844.83,845.77,844.59,844.93,81
2025-12-29 09:30:00,843.29,844.77,842.47,842.85,16
2025-12-29 09:31:00,842.91,843.02,842.2,842.91,15
2025-12-29 09:32:00,842.22,842.22,840.02,840.02,73
2025-12-29 09:33:00,840.08,840.51,840.05,840.27,19
2025-12-29 09:34:00,840.05,840.83,839.72,839.82,25
2025-12-29 09:35:00,840.02,840.02,839.81,839.81,4
2025-12-29 09:36:00,840.39,841.37,840.33,841.37,10
2025-12-29 09:37:00,841.13,841.13,841.04,841.04,3
2025-12-29 09:38:00,841.04,841.04,841.04,841.04,0
2025-12-29 09:39:00,841.14,841.14,841.0,841.0,2
2025-12-29 09:40:00,841.14,842.59,841.14,842.59,14
2025-12-29 09:41:00,842.02,842.78,841.97,842.78,4
2025-12-29 09:42:00,842.17,842.59,841.04,842.59,36
2025-12-29 09:43:00,842.27,843.07,842.13,842.89,19
2025-12-29 09:44:00,843.17,843.27,843.14,843.21,5
2025-12-29 09:45:00,843.13,843.55,843.13,843.26,10
2025-12-29 09:46:00,843.23,843.26,843.1,843.1,8
2025-12-29 09:47:00,843.0,843.1,843.0,843.1,2
2025-12-29 09:48:00,842.73,842.73,842.08,842.25,12
2025-12-29 09:49:00,842.25,842.25,842.25,842.25,0
2025-12-29 09:50:00,841.85,841.85,841.84,841.84,2
2025-12-29 09:51:00,841.8,841.8,840.4,840.4,6
2025-12-29 09:52:00,840.4,840.4,840.4,840.4,0
2025-12-29 09:53:00,840.4,840.4,840.4,840.4,0
2025-12-29 09:54:00,840.24,840.47,840.24,840.28,8
2025-12-29 09:55:00,841.12,841.92,841.12,841.92,26
2025-12-29 09:56:00,841.9,841.9,841.38,841.38,6
2025-12-29 09:57:00,841.7,843.14,841.7,842.26,26
2025-12-29 09:58:00,842.12,842.12,841.78,841.78,3
2025-12-29 09:59:00,841.26,841.26,840.84,840.84,2
2025-12-29 10:00:00,840.68,840.68,839.51,839.51,3
2025-12-29 10:01:00,839.51,839.51,839.51,839.51,0
2025-12-29 10:02:00,840.15,840.15,840.06,840.06,3
2025-12-29 10:03:00,840.06,840.06,840.06,840.06,0
2025-12-29 10:04:00,839.98,840.13,839.39,839.39,16
2025-12-29 10:05:00,839.47,840.1,839.29,840.1,30
2025-12-29 10:06:00,840.2,840.2,840.19,840.2,2
2025-12-29 10:07:00,840.2,840.2,840.2,840.2,0
2025-12-29 10:08:00,840.2,840.2,840.2,840.2,0
2025-12-29 10:09:00,840.2,840.2,840.2,840.2,0
2025-12-29 10:10:00,840.83,840.98,840.65,840.97,4
2025-12-29 10:11:00,840.44,840.45,839.67,839.83,11
2025-12-29 10:12:00,840.08,840.55,840.07,840.55,2
2025-12-29 10:13:00,840.05,841.02,840.05,841.02,4
2025-12-29 10:14:00,841.02,841.02,841.02,841.02,0
2025-12-29 10:15:00,840.94,840.94,840.94,840.94,2
2025-12-29 10:16:00,840.72,840.72,840.59,840.6,4
2025-12-29 10:17:00,840.6,840.6,840.6,840.6,0
2025-12-29 10:18:00,840.6,840.6,840.6,840.6,0
2025-12-29 10:19:00,841.8,841.8,841.79,841.8,1
2025-12-29 10:20:00,841.45,841.89,841.44,841.88,25
2025-12-29 10:21:00,841.88,841.88,841.88,841.88,0
2025-12-29 10:22:00,841.51,842.15,841.38,842.15,7
2025-12-29 10:23:00,841.93,841.93,841.7,841.7,2
2025-12-29 10:24:00,841.7,841.7,841.7,841.7,0
2025-12-29 10:25:00,841.45,841.86,841.44,841.86,4
2025-12-29 10:26:00,841.83,841.83,841.83,841.83,3
2025-12-29 10:27:00,841.83,841.83,841.83,841.83,0
2025-12-29 10:28:00,841.83,841.83,841.83,841.83,0
2025-12-29 10:29:00,841.83,841.83,841.83,841.83,0
2025-12-29 10:30:00,841.83,841.83,841.83,841.83,0
2025-12-29 10:31:00,842.54,843.64,842.52,843.64,29
2025-12-29 10:32:00,843.08,844.54,843.08,844.2,7
2025-12-29 10:33:00,843.93,843.93,843.49,843.49,2
2025-12-29 10:34:00,843.49,843.49,843.49,843.49,0
2025-12-29 10:35:00,843.49,843.49,843.49,843.49,0
2025-12-29 10:36:00,843.49,843.49,843.49,843.49,0
2025-12-29 10:37:00,842.91,842.91,842.41,842.42,8
2025-12-29 10:38:00,842.11,842.67,842.11,842.45,6
2025-12-29 10:39:00,842.61,842.61,842.61,842.61,1
2025-12-29 10:40:00,842.61,842.61,842.61,842.61,0
2025-12-29 10:41:00,842.61,842.61,842.61,842.61,0
2025-12-29 10:42:00,842.65,842.65,842.65,842.65,1
2025-12-29 10:43:00,842.72,843.25,842.71,843.25,4
2025-12-29 10:44:00,843.49,843.49,843.42,843.43,10
2025-12-29 10:45:00,843.46,843.47,843.46,843.47,2
2025-12-29 10:46:00,843.26,843.26,843.26,843.26,1
2025-12-29 10:47:00,842.88,842.88,842.88,842.88,1
2025-12-29 10:48:00,842.88,842.88,842.88,842.88,0
2025-12-29 10:49:00,842.98,843.07,842.98,843.07,3
2025-12-29 10:50:00,843.06,843.2,843.06,843.2,2
2025-12-29 10:51:00,843.2,843.2,843.2,843.2,0
2025-12-29 10:52:00,842.35,842.36,842.35,842.36,5
2025-12-29 10:53:00,842.01,842.01,841.9,841.9,5
2025-12-29 10:54:00,842.2,842.23,842.2,842.23,10
2025-12-29 10:55:00,841.66,841.66,841.66,841.66,1
2025-12-29 10:56:00,841.36,841.37,841.36,841.37,2
2025-12-29 10:57:00,841.37,841.37,841.37,841.37,0
2025-12-29 10:58:00,841.89,841.89,841.89,841.89,1
2025-12-29 10:59:00,841.89,841.89,841.89,841.89,0
2025-12-29 11:00:00,841.89,841.89,841.89,841.89,0
2025-12-29 11:01:00,841.89,841.89,841.89,841.89,0
2025-12-29 11:02:00,841.89,841.89,841.89,841.89,0
2025-12-29 11:03:00,841.89,841.89,841.89,841.89,0
2025-12-29 11:04:00,841.89,841.89,841.89,841.89,0
2025-12-29 11:05:00,841.89,841.89,841.89,841.89,0
2025-12-29 11:06:00,841.89,841.89,841.89,841.89,0
2025-12-29 11:07:00,841.24,841.24,841.24,841.24,1
2025-12-29 11:08:00,841.24,841.24,841.24,841.24,0
2025-12-29 11:09:00,841.49,841.5,841.36,841.47,8
2025-12-29 11:10:00,841.51,841.51,841.16,841.16,6
2025-12-29 11:11:00,841.13,841.13,840.44,840.45,25
2025-12-29 11:12:00,840.69,841.67,840.65,841.67,60
2025-12-29 11:13:00,841.71,841.95,841.71,841.95,5
2025-12-29 11:14:00,841.21,841.35,840.42,840.94,24
2025-12-29 11:15:00,840.94,840.94,840.94,840.94,0
2025-12-29 11:16:00,840.17,840.17,840.01,840.01,3
2025-12-29 11:17:00,840.06,840.06,839.91,839.91,4
2025-12-29 11:18:00,839.79,839.79,839.78,839.78,3
2025-12-29 11:19:00,839.78,839.78,839.78,839.78,0
2025-12-29 11:20:00,839.81,840.11,839.81,840.11,2
2025-12-29 11:21:00,840.11,840.11,840.1,840.1,3
2025-12-29 11:22:00,840.1,840.1,840.1,840.1,0
2025-12-29 11:23:00,840.01,840.31,839.99,840.31,3
2025-12-29 11:24:00,840.18,840.18,839.97,839.97,9
2025-12-29 11:25:00,839.78,839.78,839.78,839.78,2
2025-12-29 11:26:00,839.26,839.26,839.26,839.26,2
2025-12-29 11:27:00,839.48,839.48,839.48,839.48,1
2025-12-29 11:28:00,839.48,839.48,839.48,839.48,0
2025-12-29 11:29:00,839.48,839.48,839.48,839.48,0
2025-12-29 11:30:00,839.22,840.38,838.27,839.82,24
2025-12-29 11:31:00,840.05,840.05,839.48,839.82,7
2025-12-29 11:32:00,839.82,839.82,839.82,839.82,0
2025-12-29 11:33:00,839.82,839.82,839.82,839.82,0
2025-12-29 11:34:00,840.38,840.88,839.92,840.86,63
2025-12-29 11:35:00,840.61,840.64,840.17,840.18,44
2025-12-29 11:36:00,840.18,840.19,839.98,839.98,6
2025-12-29 11:37:00,839.98,839.98,839.98,839.98,0
2025-12-29 11:38:00,839.4,840.14,839.4,839.67,13
2025-12-29 11:39:00,839.45,839.45,839.29,839.29,2
2025-12-29 11:40:00,839.2,839.57,839.19,839.57,24
2025-12-29 11:41:00,839.57,842.38,839.57,841.1,7
2025-12-29 11:42:00,842.38,842.38,841.85,841.85,2
2025-12-29 11:43:00,841.24,841.58,840.47,840.47,7
2025-12-29 11:44:00,840.47,840.47,840.47,840.47,0
2025-12-29 11:45:00,840.47,840.47,840.47,840.47,0
2025-12-29 11:46:00,840.47,840.47,840.47,840.47,4
2025-12-29 11:47:00,841.62,841.62,840.34,840.34,5
2025-12-29 11:48:00,840.26,840.26,839.56,839.56,18
2025-12-29 11:49:00,839.54,839.54,839.54,839.54,1
2025-12-29 11:50:00,839.24,839.24,839.04,839.04,2
2025-12-29 11:51:00,839.12,839.12,839.12,839.12,2
2025-12-29 11:52:00,839.12,839.12,839.12,839.12,1
2025-12-29 11:53:00,839.86,839.86,839.14,839.14,3
2025-12-29 11:54:00,839.22,839.22,839.22,839.22,1
2025-12-29 11:55:00,839.48,840.71,839.12,839.12,3
2025-12-29 11:56:00,839.25,839.86,839.25,839.86,3
2025-12-29 11:57:00,839.87,840.04,839.53,839.54,4
2025-12-29 11:58:00,839.54,839.54,839.53,839.53,2
2025-12-29 11:59:00,839.28,839.28,839.03,839.03,2
2025-12-29 12:00:00,839.03,839.03,838.29,838.31,10
2025-12-29 12:01:00,838.32,838.4,838.32,838.4,3
2025-12-29 12:02:00,838.4,838.4,838.4,838.4,0
2025-12-29 12:03:00,837.99,838.45,837.98,838.44,4
2025-12-29 12:04:00,838.32,838.32,838.32,838.32,1
2025-12-29 12:05:00,838.32,838.32,838.32,838.32,0
2025-12-29 12:06:00,838.35,838.35,838.35,838.35,1
2025-12-29 12:07:00,838.35,838.35,838.35,838.35,0
2025-12-29 12:08:00,838.35,838.35,838.35,838.35,0
2025-12-29 12:09:00,838.35,838.35,838.35,838.35,0
2025-12-29 12:10:00,838.35,838.35,838.35,838.35,0
2025-12-29 12:11:00,838.35,838.35,838.35,838.35,0
2025-12-29 12:12:00,838.35,838.35,838.35,838.35,0
2025-12-29 12:13:00,840.14,840.14,840.14,840.14,1
2025-12-29 12:14:00,838.52,838.52,838.51,838.52,2
2025-12-29 12:15:00,838.52,838.52,838.52,838.52,0
2025-12-29 12:16:00,838.52,838.52,838.52,838.52,0
2025-12-29 12:17:00,838.52,838.52,838.52,838.52,0
2025-12-29 12:18:00,839.8,839.8,839.8,839.8,1
2025-12-29 12:19:00,839.8,839.8,839.8,839.8,0
2025-12-29 12:20:00,839.8,839.8,839.8,839.8,0
2025-12-29 12:21:00,839.8,839.8,839.8,839.8,0
2025-12-29 12:22:00,839.8,839.8,839.8,839.8,0
2025-12-29 12:23:00,839.8,839.8,839.8,839.8,0
2025-12-29 12:24:00,839.8,839.8,839.8,839.8,0
2025-12-29 12:25:00,838.97,838.97,838.97,838.97,1
2025-12-29 12:26:00,838.9,838.9,838.9,838.9,1
2025-12-29 12:27:00,838.9,838.9,838.9,838.9,0
2025-12-29 12:28:00,838.9,838.9,838.9,838.9,1
2025-12-29 12:29:00,838.9,838.9,838.9,838.9,0
2025-12-29 12:30:00,838.9,838.9,838.9,838.9,0
2025-12-29 12:31:00,839.11,839.37,839.11,839.37,8
2025-12-29 12:32:00,839.56,839.56,838.42,838.42,13
2025-12-29 12:33:00,838.42,838.42,838.42,838.42,0
2025-12-29 12:34:00,838.7,838.7,838.7,838.7,1
2025-12-29 12:35:00,838.7,838.7,838.7,838.7,0
2025-12-29 12:36:00,839.13,839.14,839.07,839.07,4
2025-12-29 12:37:00,838.57,838.7,838.43,838.43,6
2025-12-29 12:38:00,838.43,838.43,838.43,838.43,0
2025-12-29 12:39:00,838.43,838.43,838.43,838.43,0
2025-12-29 12:40:00,838.43,838.43,838.43,838.43,0
2025-12-29 12:41:00,838.71,838.71,838.41,838.41,13
2025-12-29 12:42:00,838.41,838.41,838.41,838.41,0
2025-12-29 12:43:00,838.41,838.41,838.41,838.41,0
2025-12-29 12:44:00,838.41,838.41,838.41,838.41,0
2025-12-29 12:45:00,838.57,838.57,838.57,838.57,1
2025-12-29 12:46:00,838.57,838.57,838.57,838.57,0
2025-12-29 12:47:00,838.57,838.57,838.57,838.57,0
2025-12-29 12:48:00,838.57,838.57,838.57,838.57,0
2025-12-29 12:49:00,838.57,838.57,838.57,838.57,0
2025-12-29 12:50:00,838.7,839.4,838.7,839.0,3
2025-12-29 12:51:00,839.11,839.11,839.11,839.11,1
2025-12-29 12:52:00,839.11,839.11,839.11,839.11,0
2025-12-29 12:53:00,838.98,838.99,838.98,838.98,4
2025-12-29 12:54:00,838.98,838.98,838.98,838.98,0
2025-12-29 12:55:00,838.98,838.98,838.98,838.98,0
2025-12-29 12:56:00,838.98,838.98,838.98,838.98,0
2025-12-29 12:57:00,838.82,838.82,838.82,838.82,2
2025-12-29 12:58:00,838.95,838.95,838.94,838.95,1
2025-12-29 12:59:00,839.01,839.47,838.88,839.47,5
2025-12-29 13:00:00,839.47,839.47,839.47,839.47,0
2025-12-29 13:01:00,839.47,839.47,839.47,839.47,0
2025-12-29 13:02:00,838.3,838.3,838.3,838.3,4
2025-12-29 13:03:00,838.3,838.3,838.3,838.3,0
2025-12-29 13:04:00,838.41,839.04,838.41,838.89,5
2025-12-29 13:05:00,838.89,838.89,838.89,838.89,1
2025-12-29 13:06:00,838.89,839.46,838.89,839.46,4
2025-12-29 13:07:00,839.46,839.46,839.46,839.46,0
2025-12-29 13:08:00,839.46,839.46,839.46,839.46,2
2025-12-29 13:09:00,838.9,838.9,838.89,838.9,2
2025-12-29 13:10:00,838.9,838.9,838.89,838.9,1
2025-12-29 13:11:00,838.9,838.9,838.89,838.9,2
2025-12-29 13:12:00,838.9,838.9,838.89,838.9,7
2025-12-29 13:13:00,839.64,839.64,839.64,839.64,1
2025-12-29 13:14:00,839.64,839.64,839.64,839.64,0
2025-12-29 13:15:00,839.64,839.64,839.64,839.64,0
2025-12-29 13:16:00,838.97,838.97,838.97,838.97,3
2025-12-29 13:17:00,838.97,838.97,838.97,838.97,0
2025-12-29 13:18:00,838.97,838.97,838.97,838.97,0
2025-12-29 13:19:00,838.97,838.97,838.97,838.97,0
2025-12-29 13:20:00,838.97,838.97,838.97,838.97,0
2025-12-29 13:21:00,839.45,839.45,839.45,839.45,1
2025-12-29 13:22:00,839.77,839.78,839.77,839.77,1
2025-12-29 13:23:00,839.77,839.77,839.77,839.77,0
2025-12-29 13:24:00,839.77,839.77,839.77,839.77,0
2025-12-29 13:25:00,839.12,839.12,839.12,839.12,1
2025-12-29 13:26:00,839.12,839.12,839.12,839.12,0
2025-12-29 13:27:00,839.12,839.12,839.12,839.12,0
2025-12-29 13:28:00,839.32,839.32,838.99,838.99,23
2025-12-29 13:29:00,838.99,838.99,838.99,838.99,0
2025-12-29 13:30:00,838.99,838.99,838.99,838.99,0
2025-12-29 13:31:00,838.99,838.99,838.99,838.99,0
2025-12-29 13:32:00,838.99,838.99,838.99,838.99,0
2025-12-29 13:33:00,838.99,838.99,838.99,838.99,0
2025-12-29 13:34:00,840.22,840.22,840.22,840.22,1
2025-12-29 13:35:00,840.22,840.22,840.22,840.22,0
2025-12-29 13:36:00,839.83,839.83,839.83,839.83,3
2025-12-29 13:37:00,839.83,839.83,839.83,839.83,0
2025-12-29 13:38:00,839.83,839.83,839.83,839.83,0
2025-12-29 13:39:00,839.72,839.73,839.59,839.59,10
2025-12-29 13:40:00,839.59,839.59,839.59,839.59,0
2025-12-29 13:41:00,839.6,839.6,839.59,839.59,8
2025-12-29 13:42:00,839.59,839.59,839.59,839.59,0
2025-12-29 13:43:00,839.59,839.59,839.59,839.59,0
2025-12-29 13:44:00,839.51,839.51,839.51,839.51,1
2025-12-29 13:45:00,839.51,839.51,839.51,839.51,0
2025-12-29 13:46:00,839.51,839.51,839.51,839.51,0
2025-12-29 13:47:00,839.51,839.51,839.51,839.51,1
2025-12-29 13:48:00,839.51,839.51,839.51,839.51,0
2025-12-29 13:49:00,839.51,839.51,839.51,839.51,0
2025-12-29 13:50:00,839.4,839.4,839.38,839.38,3
2025-12-29 13:51:00,839.38,839.38,839.38,839.38,0
2025-12-29 13:52:00,839.38,839.38,839.38,839.38,0
2025-12-29 13:53:00,839.38,839.38,839.38,839.38,0
2025-12-29 13:54:00,839.38,839.38,839.38,839.38,0
2025-12-29 13:55:00,839.38,839.38,839.38,839.38,0
2025-12-29 13:56:00,839.38,839.38,839.38,839.38,0
2025-12-29 13:57:00,839.38,839.38,839.38,839.38,0
2025-12-29 13:58:00,839.38,839.38,839.38,839.38,0
2025-12-29 13:59:00,839.38,839.38,839.38,839.38,0
2025-12-29 14:00:00,839.3,839.3,839.3,839.3,2
2025-12-29 14:01:00,839.24,839.24,839.14,839.14,7
2025-12-29 14:02:00,839.03,839.03,839.03,839.03,1
2025-12-29 14:03:00,839.03,839.03,839.03,839.03,0
2025-12-29 14:04:00,839.12,839.76,839.11,839.16,63
2025-12-29 14:05:00,839.16,839.16,839.16,839.16,0
2025-12-29 14:06:00,839.16,839.16,839.16,839.16,0
2025-12-29 14:07:00,839.19,839.19,839.18,839.19,2
2025-12-29 14:08:00,839.19,839.77,839.18,839.72,8
2025-12-29 14:09:00,839.77,841.05,839.77,841.05,6
2025-12-29 14:10:00,840.53,840.53,840.03,840.04,9
2025-12-29 14:11:00,841.87,841.87,841.86,841.87,3
2025-12-29 14:12:00,841.87,841.87,841.87,841.87,0
2025-12-29 14:13:00,841.87,841.87,841.87,841.87,0
2025-12-29 14:14:00,841.87,841.87,841.87,841.87,0
2025-12-29 14:15:00,841.87,841.87,841.87,841.87,0
2025-12-29 14:16:00,841.87,841.87,841.87,841.87,0
2025-12-29 14:17:00,841.87,841.87,841.87,841.87,0
2025-12-29 14:18:00,840.6,840.6,839.84,839.84,2
2025-12-29 14:19:00,839.85,839.85,839.66,839.66,9
2025-12-29 14:20:00,839.35,839.36,839.27,839.27,3
2025-12-29 14:21:00,839.27,839.27,839.27,839.27,0
2025-12-29 14:22:00,839.27,839.27,839.27,839.27,0
2025-12-29 14:23:00,838.66,838.66,838.66,838.66,1
2025-12-29 14:24:00,838.78,838.78,838.78,838.78,1
2025-12-29 14:25:00,838.76,838.76,838.76,838.76,1
2025-12-29 14:26:00,838.76,838.76,838.76,838.76,0
2025-12-29 14:27:00,838.76,838.76,838.76,838.76,0
2025-12-29 14:28:00,838.76,838.76,838.76,838.76,0
2025-12-29 14:29:00,838.85,838.86,838.71,838.71,2
2025-12-29 14:30:00,838.62,839.05,838.62,839.05,4
2025-12-29 14:31:00,839.05,839.05,839.05,839.05,0
2025-12-29 14:32:00,838.65,838.65,838.65,838.65,1
2025-12-29 14:33:00,838.85,838.85,838.85,838.85,2
2025-12-29 14:34:00,839.2,839.21,839.2,839.21,2
2025-12-29 14:35:00,839.21,839.21,839.21,839.21,0
2025-12-29 14:36:00,839.21,839.21,839.21,839.21,0
2025-12-29 14:37:00,839.21,839.21,839.21,839.21,0
2025-12-29 14:38:00,839.2,839.22,839.2,839.22,3
2025-12-29 14:39:00,839.05,839.05,839.05,839.05,2
2025-12-29 14:40:00,839.05,839.05,839.05,839.05,0
2025-12-29 14:41:00,838.95,838.95,838.95,838.95,1
2025-12-29 14:42:00,838.95,838.95,838.95,838.95,0
2025-12-29 14:43:00,839.05,839.51,839.05,839.5,12
2025-12-29 14:44:00,839.5,839.5,839.5,839.5,0
2025-12-29 14:45:00,839.5,839.5,839.5,839.5,0
2025-12-29 14:46:00,839.5,839.5,839.5,839.5,0
2025-12-29 14:47:00,839.5,839.5,839.5,839.5,0
2025-12-29 14:48:00,839.5,839.5,839.5,839.5,0
2025-12-29 14:49:00,839.35,839.45,839.05,839.45,19
2025-12-29 14:50:00,838.99,838.99,838.76,838.76,3
2025-12-29 14:51:00,838.76,838.76,838.76,838.76,0
2025-12-29 14:52:00,838.76,838.76,838.76,838.76,0
2025-12-29 14:53:00,838.76,838.76,838.76,838.76,0
2025-12-29 14:54:00,838.76,838.76,838.76,838.76,0
2025-12-29 14:55:00,838.76,838.76,838.76,838.76,0
2025-12-29 14:56:00,838.76,838.76,838.76,838.76,0
2025-12-29 14:57:00,839.11,839.11,839.11,839.11,4
2025-12-29 14:58:00,839.1,839.1,838.77,838.83,4
2025-12-29 14:59:00,838.83,838.83,838.83,838.83,0
2025-12-29 15:00:00,838.83,838.83,838.83,838.83,0
2025-12-29 15:01:00,839.56,839.56,839.55,839.56,1
2025-12-29 15:02:00,838.78,838.78,838.78,838.78,1
2025-12-29 15:03:00,838.78,838.78,838.78,838.78,0
2025-12-29 15:04:00,839.05,839.05,839.05,839.05,1
2025-12-29 15:05:00,838.86,838.86,838.8,838.8,4
2025-12-29 15:06:00,838.71,838.71,838.71,838.71,1
2025-12-29 15:07:00,838.96,838.96,838.96,838.96,1
2025-12-29 15:08:00,839.16,839.26,839.16,839.26,2
2025-12-29 15:09:00,839.26,839.26,839.26,839.26,2
2025-12-29 15:10:00,839.62,839.62,839.34,839.34,3
2025-12-29 15:11:00,839.34,839.34,839.34,839.34,0
2025-12-29 15:12:00,839.34,839.34,839.34,839.34,0
2025-12-29 15:13:00,839.34,839.34,839.34,839.34,0
2025-12-29 15:14:00,839.34,839.34,839.34,839.34,0
2025-12-29 15:15:00,839.9,839.9,839.53,839.54,66
2025-12-29 15:16:00,839.74,840.07,839.33,840.07,11
2025-12-29 15:17:00,840.07,840.07,840.07,840.07,0
2025-12-29 15:18:00,840.05,840.05,839.56,839.68,7
2025-12-29 15:19:00,839.68,839.68,839.68,839.68,0
2025-12-29 15:20:00,840.09,840.09,840.09,840.09,1
2025-12-29 15:21:00,839.56,839.56,839.45,839.45,6
2025-12-29 15:22:00,840.13,840.13,840.12,840.13,1
2025-12-29 15:23:00,840.13,840.13,840.13,840.13,0
2025-12-29 15:24:00,839.46,839.46,839.46,839.46,1
2025-12-29 15:25:00,839.46,839.46,839.46,839.46,0
2025-12-29 15:26:00,839.47,839.47,839.47,839.47,1
2025-12-29 15:27:00,839.47,839.47,839.47,839.47,0
2025-12-29 15:28:00,840.13,840.13,840.12,840.13,1
2025-12-29 15:29:00,839.46,839.71,839.12,839.12,22
2025-12-29 15:30:00,839.49,839.49,839.49,839.49,1
2025-12-29 15:31:00,839.02,839.02,839.02,839.02,2
2025-12-29 15:32:00,838.93,839.0,838.47,838.5,64
2025-12-29 15:33:00,838.5,838.5,838.5,838.5,0
2025-12-29 15:34:00,838.64,838.91,838.64,838.91,2
2025-12-29 15:35:00,838.74,838.74,838.74,838.74,1
2025-12-29 15:36:00,838.74,838.74,838.74,838.74,0
2025-12-29 15:37:00,838.74,838.74,838.74,838.74,0
2025-12-29 15:38:00,838.96,839.14,838.96,839.14,3
2025-12-29 15:39:00,839.14,839.14,839.14,839.14,0
2025-12-29 15:40:00,838.95,838.95,838.95,838.95,2
2025-12-29 15:41:00,838.95,838.95,838.95,838.95,0
2025-12-29 15:42:00,838.95,838.95,838.95,838.95,0
2025-12-29 15:43:00,838.76,838.76,838.76,838.76,1
2025-12-29 15:44:00,838.95,838.95,838.94,838.95,1
2025-12-29 15:45:00,838.95,838.95,838.95,838.95,0
2025-12-29 15:46:00,838.6,838.6,838.6,838.6,1
2025-12-29 15:47:00,838.6,838.6,837.75,837.75,31
2025-12-29 15:48:00,837.75,837.77,837.63,837.75,7
2025-12-29 15:49:00,837.37,837.99,837.36,837.99,8
2025-12-29 15:50:00,837.9,837.94,837.89,837.94,2
2025-12-29 15:51:00,837.59,838.0,837.55,837.9,6
2025-12-29 15:52:00,837.87,837.87,837.86,837.87,1
2025-12-29 15:53:00,837.83,838.09,837.55,837.82,26
2025-12-29 15:54:00,837.55,837.98,837.38,837.98,6
2025-12-29 15:55:00,837.98,837.98,837.97,837.98,2
2025-12-29 15:56:00,837.4,837.41,836.82,836.82,24
2025-12-29 15:57:00,836.82,837.96,836.82,837.96,17
2025-12-29 15:58:00,837.97,837.97,837.22,837.43,40
2025-12-29 15:59:00,837.22,837.51,836.49,837.06,52
2025-12-30 09:30:00,837.57,839.77,837.57,839.29,30
2025-12-30 09:31:00,838.99,838.99,837.56,837.56,8
2025-12-30 09:32:00,837.56,837.56,837.56,837.56,0
2025-12-30 09:33:00,837.56,837.56,837.56,837.56,0
2025-12-30 09:34:00,838.69,838.69,837.8,837.8,6
2025-12-30 09:35:00,837.65,838.67,837.65,838.67,13
2025-12-30 09:36:00,838.67,838.67,838.67,838.67,0
2025-12-30 09:37:00,838.03,838.03,837.56,837.56,5
2025-12-30 09:38:00,838.0,838.0,838.0,838.0,1
2025-12-30 09:39:00,837.69,837.69,837.69,837.69,1
2025-12-30 09:40:00,837.85,838.98,837.85,838.76,46
2025-12-30 09:41:00,838.76,838.76,838.76,838.76,0
2025-12-30 09:42:00,838.76,838.76,838.76,838.76,0
2025-12-30 09:43:00,839.2,839.2,838.91,838.92,2
2025-12-30 09:44:00,838.97,838.97,838.89,838.96,4
2025-12-30 09:45:00,838.96,838.96,838.96,838.96,0
2025-12-30 09:46:00,838.15,838.62,838.14,838.61,6
2025-12-30 09:47:00,838.21,838.21,838.21,838.21,1
2025-12-30 09:48:00,838.67,838.67,838.58,838.58,3
2025-12-30 09:49:00,838.44,838.44,838.33,838.33,2
2025-12-30 09:50:00,838.38,839.38,838.31,839.37,8
2025-12-30 09:51:00,839.08,839.08,839.0,839.0,4
2025-12-30 09:52:00,839.69,839.84,839.23,839.25,13
2025-12-30 09:53:00,839.09,839.09,839.08,839.08,5
2025-12-30 09:54:00,839.08,839.08,839.08,839.08,0
2025-12-30 09:55:00,839.08,839.08,839.08,839.08,0
2025-12-30 09:56:00,838.98,838.98,838.69,838.74,18
2025-12-30 09:57:00,838.49,838.49,838.01,838.01,6
2025-12-30 09:58:00,837.96,838.2,837.74,837.74,16
2025-12-30 09:59:00,838.04,838.05,837.54,837.69,24
2025-12-30 10:00:00,838.01,838.01,837.94,837.95,6
2025-12-30 10:01:00,837.65,837.65,836.61,836.71,41
2025-12-30 10:02:00,837.39,837.58,837.15,837.15,46
2025-12-30 10:03:00,836.74,836.74,836.74,836.74,2
2025-12-30 10:04:00,836.6,836.64,836.31,836.31,7
2025-12-30 10:05:00,836.31,836.31,836.31,836.31,0
2025-12-30 10:06:00,837.18,837.18,836.89,836.99,9
2025-12-30 10:07:00,836.99,836.99,836.99,836.99,0
2025-12-30 10:08:00,836.99,836.99,836.99,836.99,0
2025-12-30 10:09:00,836.99,836.99,836.99,836.99,0
2025-12-30 10:10:00,837.13,837.13,837.13,837.13,1
2025-12-30 10:11:00,836.81,836.84,836.11,836.11,22
2025-12-30 10:12:00,835.87,835.87,835.87,835.87,1
2025-12-30 10:13:00,835.97,835.97,835.97,835.97,12
2025-12-30 10:14:00,835.71,835.83,835.7,835.83,7
2025-12-30 10:15:00,836.01,836.37,836.0,836.31,7
2025-12-30 10:16:00,836.97,837.02,836.8,836.8,4
2025-12-30 10:17:00,836.81,836.81,836.8,836.81,2
2025-12-30 10:18:00,837.07,837.07,837.07,837.07,2
2025-12-30 10:19:00,837.07,837.07,837.07,837.07,0
2025-12-30 10:20:00,837.17,837.37,837.17,837.37,7
2025-12-30 10:21:00,836.85,837.09,836.11,836.11,7
2025-12-30 10:22:00,836.11,836.11,836.11,836.11,0
2025-12-30 10:23:00,836.63,836.63,836.51,836.51,2
2025-12-30 10:24:00,836.45,836.56,836.25,836.56,25
2025-12-30 10:25:00,836.56,836.56,836.56,836.56,0
2025-12-30 10:26:00,836.65,836.65,836.32,836.32,3
2025-12-30 10:27:00,836.33,836.33,835.93,836.03,7
2025-12-30 10:28:00,836.16,836.2,836.15,836.2,5
2025-12-30 10:29:00,836.22,836.52,836.21,836.52,2
2025-12-30 10:30:00,835.92,835.92,835.92,835.92,1
2025-12-30 10:31:00,836.16,836.21,836.16,836.21,2
2025-12-30 10:32:00,836.21,836.21,836.21,836.21,0
2025-12-30 10:33:00,836.21,836.21,836.21,836.21,0
2025-12-30 10:34:00,836.68,836.79,836.68,836.78,4
2025-12-30 10:35:00,836.78,836.78,836.78,836.78,0
2025-12-30 10:36:00,836.78,836.78,836.78,836.78,0
2025-12-30 10:37:00,836.78,836.78,836.78,836.78,0
2025-12-30 10:38:00,836.92,837.28,836.92,836.92,7
2025-12-30 10:39:00,836.92,836.92,836.92,836.92,0
2025-12-30 10:40:00,836.92,836.92,836.92,836.92,0
2025-12-30 10:41:00,836.43,836.43,836.43,836.43,1
2025-12-30 10:42:00,836.43,836.43,836.43,836.43,0
2025-12-30 10:43:00,836.43,836.43,836.43,836.43,0
2025-12-30 10:44:00,835.99,836.21,835.69,835.9,10
2025-12-30 10:45:00,835.73,836.06,835.72,836.06,6
2025-12-30 10:46:00,836.59,836.59,836.59,836.59,5
2025-12-30 10:47:00,836.59,836.59,836.59,836.59,0
2025-12-30 10:48:00,836.34,836.34,836.34,836.34,1
2025-12-30 10:49:00,836.34,836.34,836.34,836.34,0
2025-12-30 10:50:00,836.74,836.75,836.74,836.75,2
2025-12-30 10:51:00,836.87,836.97,836.87,836.97,3
2025-12-30 10:52:00,836.97,836.97,836.97,836.97,0
2025-12-30 10:53:00,836.97,836.97,836.97,836.97,0
2025-12-30 10:54:00,836.35,836.35,835.86,835.86,10
2025-12-30 10:55:00,835.86,835.86,835.86,835.86,0
2025-12-30 10:56:00,835.86,835.86,835.86,835.86,0
2025-12-30 10:57:00,836.34,836.5,836.34,836.5,3
2025-12-30 10:58:00,836.5,836.5,836.5,836.5,0
2025-12-30 10:59:00,836.74,837.07,836.73,837.07,6
2025-12-30 11:00:00,836.83,836.83,836.83,836.83,2
2025-12-30 11:01:00,836.55,836.55,836.55,836.55,1
2025-12-30 11:02:00,836.55,836.55,836.55,836.55,0
2025-12-30 11:03:00,836.55,836.55,836.55,836.55,0
2025-12-30 11:04:00,836.55,836.55,836.55,836.55,0
2025-12-30 11:05:00,836.55,836.55,836.55,836.55,0
2025-12-30 11:06:00,836.2,836.61,836.2,836.61,6
2025-12-30 11:07:00,836.71,836.71,836.71,836.71,1
2025-12-30 11:08:00,836.71,836.71,836.71,836.71,0
2025-12-30 11:09:00,837.05,837.05,836.64,836.64,7
2025-12-30 11:10:00,836.49,836.49,836.49,836.49,1
2025-12-30 11:11:00,836.71,837.05,836.71,837.05,4
2025-12-30 11:12:00,837.05,837.05,837.05,837.05,0
2025-12-30 11:13:00,836.77,836.77,836.35,836.35,10
2025-12-30 11:14:00,836.42,836.49,836.17,836.22,11
2025-12-30 11:15:00,836.15,836.18,835.45,835.61,21
2025-12-30 11:16:00,836.01,836.03,836.01,836.03,2
2025-12-30 11:17:00,836.03,836.03,836.03,836.03,0
2025-12-30 11:18:00,836.03,836.03,836.03,836.03,0
2025-12-30 11:19:00,836.0,836.0,835.88,835.88,3
2025-12-30 11:20:00,835.82,835.82,835.54,835.55,3
2025-12-30 11:21:00,835.55,835.55,835.55,835.55,0
2025-12-30 11:22:00,835.51,835.97,835.51,835.97,9
2025-12-30 11:23:00,835.97,835.97,835.97,835.97,0
2025-12-30 11:24:00,835.97,835.97,835.97,835.97,0
2025-12-30 11:25:00,835.65,835.85,835.65,835.85,2
2025-12-30 11:26:00,835.6,835.6,835.59,835.59,3
2025-12-30 11:27:00,835.81,835.81,835.81,835.81,1
2025-12-30 11:28:00,835.78,836.03,835.78,836.03,2
2025-12-30 11:29:00,836.3,836.52,836.19,836.19,4
2025-12-30 11:30:00,835.8,836.2,835.61,835.61,12
2025-12-30 11:31:00,835.61,835.61,835.61,835.61,0
2025-12-30 11:32:00,835.61,835.61,835.61,835.61,1
2025-12-30 11:33:00,835.03,835.03,835.03,835.03,1
2025-12-30 11:34:00,835.21,837.42,835.2,837.17,120
2025-12-30 11:35:00,837.7,838.38,837.7,838.21,43
2025-12-30 11:36:00,838.37,838.37,838.37,838.37,2
2025-12-30 11:37:00,838.45,838.46,838.45,838.46,5
2025-12-30 11:38:00,838.47,838.96,838.46,838.96,4
2025-12-30 11:39:00,837.97,837.97,837.22,837.22,13
2025-12-30 11:40:00,837.63,839.65,837.47,839.65,49
2025-12-30 11:41:00,841.18,841.18,841.18,841.18,3
2025-12-30 11:42:00,841.18,841.18,841.18,841.18,0
2025-12-30 11:43:00,841.18,841.18,841.18,841.18,0
2025-12-30 11:44:00,839.54,839.54,839.53,839.54,2
2025-12-30 11:45:00,839.55,839.55,839.54,839.55,1
2025-12-30 11:46:00,839.55,839.55,839.55,839.55,0
2025-12-30 11:47:00,840.45,840.45,839.57,839.57,3
2025-12-30 11:48:00,840.13,840.45,839.6,839.6,22
2025-12-30 11:49:00,839.6,839.6,839.6,839.6,0
2025-12-30 11:50:00,839.07,839.85,837.06,837.42,91
2025-12-30 11:51:00,837.43,837.86,837.43,837.86,4
2025-12-30 11:52:00,837.86,837.86,837.86,837.86,0
2025-12-30 11:53:00,838.35,838.35,838.35,838.35,8
2025-12-30 11:54:00,838.35,838.35,838.35,838.35,0
2025-12-30 11:55:00,837.01,837.01,836.52,836.52,4
2025-12-30 11:56:00,836.52,836.52,836.52,836.52,0
2025-12-30 11:57:00,836.53,836.53,836.52,836.53,1
2025-12-30 11:58:00,836.53,836.53,836.53,836.53,0
2025-12-30 11:59:00,836.53,836.53,836.53,836.53,0
2025-12-30 12:00:00,836.53,836.53,836.53,836.53,0
2025-12-30 12:01:00,835.95,835.95,835.95,835.95,1
2025-12-30 12:02:00,835.71,835.71,835.71,835.71,1
2025-12-30 12:03:00,836.8,836.8,836.79,836.8,1
2025-12-30 12:04:00,836.8,836.8,836.8,836.8,0
2025-12-30 12:05:00,836.8,836.8,836.8,836.8,0
2025-12-30 12:06:00,836.4,836.55,836.4,836.55,2
2025-12-30 12:07:00,836.5,836.5,836.41,836.41,2
2025-12-30 12:08:00,836.89,836.94,836.89,836.94,4
2025-12-30 12:09:00,836.94,836.94,836.94,836.94,0
2025-12-30 12:10:00,836.94,836.94,836.94,836.94,0
2025-12-30 12:11:00,836.85,836.85,836.85,836.85,1
2025-12-30 12:12:00,836.85,836.85,836.85,836.85,0
2025-12-30 12:13:00,836.4,836.4,836.07,836.07,4
2025-12-30 12:14:00,836.23,836.23,836.22,836.23,3
2025-12-30 12:15:00,836.23,836.23,836.23,836.23,0
2025-12-30 12:16:00,836.23,836.23,836.23,836.23,0
2025-12-30 12:17:00,836.23,836.23,836.23,836.23,0
2025-12-30 12:18:00,836.23,836.23,836.23,836.23,0
2025-12-30 12:19:00,837.03,837.03,837.03,837.03,1
2025-12-30 12:20:00,837.03,837.03,837.03,837.03,0
2025-12-30 12:21:00,837.03,837.03,837.03,837.03,0
2025-12-30 12:22:00,836.63,836.63,836.43,836.43,5
2025-12-30 12:23:00,836.28,836.45,836.22,836.45,4
2025-12-30 12:24:00,836.45,836.45,836.45,836.45,0
2025-12-30 12:25:00,836.45,836.45,836.45,836.45,0
2025-12-30 12:26:00,836.8,836.8,836.8,836.8,2
2025-12-30 12:27:00,836.8,836.8,836.8,836.8,0
2025-12-30 12:28:00,836.8,836.8,836.8,836.8,0
2025-12-30 12:29:00,836.8,836.8,836.8,836.8,0
2025-12-30 12:30:00,836.8,836.8,836.8,836.8,0
2025-12-30 12:31:00,836.8,836.8,836.8,836.8,0
2025-12-30 12:32:00,837.23,837.23,837.23,837.23,1
2025-12-30 12:33:00,837.23,837.23,837.23,837.23,0
2025-12-30 12:34:00,837.23,837.23,837.23,837.23,0
2025-12-30 12:35:00,836.75,836.75,836.15,836.26,37
2025-12-30 12:36:00,836.26,836.26,836.26,836.26,0
2025-12-30 12:37:00,836.04,836.04,836.0,836.0,6
2025-12-30 12:38:00,836.0,836.0,836.0,836.0,0
2025-12-30 12:39:00,836.0,836.0,836.0,836.0,0
2025-12-30 12:40:00,836.0,836.0,836.0,836.0,0
2025-12-30 12:41:00,836.0,836.0,836.0,836.0,0
2025-12-30 12:42:00,836.0,836.0,836.0,836.0,0
2025-12-30 12:43:00,836.0,836.0,835.6,835.6,7
2025-12-30 12:44:00,835.6,835.6,835.6,835.6,0
2025-12-30 12:45:00,837.0,837.0,837.0,837.0,1
2025-12-30 12:46:00,835.55,835.55,835.55,835.55,1
2025-12-30 12:47:00,835.59,835.59,835.59,835.59,1
2025-12-30 12:48:00,835.59,835.59,835.59,835.59,0
2025-12-30 12:49:00,835.59,835.59,835.59,835.59,0
2025-12-30 12:50:00,835.59,835.59,835.59,835.59,0
2025-12-30 12:51:00,837.1,837.1,837.09,837.1,1
2025-12-30 12:52:00,837.1,837.1,837.1,837.1,0
2025-12-30 12:53:00,837.1,837.1,837.1,837.1,0
2025-12-30 12:54:00,836.81,836.81,836.8,836.81,1
2025-12-30 12:55:00,836.81,836.81,836.81,836.81,0
2025-12-30 12:56:00,836.81,836.81,836.81,836.81,0
2025-12-30 12:57:00,836.81,836.81,836.81,836.81,0
2025-12-30 12:58:00,836.81,836.81,836.81,836.81,0
2025-12-30 12:59:00,836.81,836.81,836.8,836.81,1
2025-12-30 13:00:00,836.81,836.81,836.81,836.81,0
2025-12-30 13:01:00,836.81,836.81,836.81,836.81,0
2025-12-30 13:02:00,836.47,836.47,836.47,836.47,1
2025-12-30 13:03:00,836.0,836.0,836.0,836.0,1
2025-12-30 13:04:00,836.65,836.65,836.65,836.65,1
2025-12-30 13:05:00,836.65,836.65,836.65,836.65,0
2025-12-30 13:06:00,836.65,836.65,836.65,836.65,0
2025-12-30 13:07:00,836.65,836.65,836.65,836.65,0
2025-12-30 13:08:00,836.79,836.79,836.79,836.79,1
2025-12-30 13:09:00,836.42,836.68,836.42,836.68,7
2025-12-30 13:10:00,836.68,836.68,836.68,836.68,0
2025-12-30 13:11:00,836.68,836.68,836.68,836.68,0
2025-12-30 13:12:00,836.68,836.68,836.68,836.68,0
2025-12-30 13:13:00,836.71,836.71,836.71,836.71,1
2025-12-30 13:14:00,836.7,836.7,836.7,836.7,1
2025-12-30 13:15:00,836.7,836.7,836.7,836.7,0
2025-12-30 13:16:00,836.7,836.7,836.7,836.7,0
2025-12-30 13:17:00,837.12,837.12,837.11,837.12,1
2025-12-30 13:18:00,837.12,837.12,837.12,837.12,0
2025-12-30 13:19:00,837.12,837.12,837.12,837.12,0
2025-12-30 13:20:00,837.12,837.12,837.12,837.12,0
2025-12-30 13:21:00,837.12,837.12,837.12,837.12,0
2025-12-30 13:22:00,836.95,836.95,836.95,836.95,1
2025-12-30 13:23:00,836.26,836.26,836.12,836.12,14
2025-12-30 13:24:00,836.12,836.12,836.12,836.12,0
2025-12-30 13:25:00,836.12,836.12,836.12,836.12,0
2025-12-30 13:26:00,836.12,836.12,836.12,836.12,0
2025-12-30 13:27:00,836.12,836.12,836.12,836.12,0
2025-12-30 13:28:00,836.12,836.12,836.12,836.12,0
2025-12-30 13:29:00,836.21,836.76,836.21,836.61,11
2025-12-30 13:30:00,836.6,836.6,836.6,836.6,2
2025-12-30 13:31:00,836.6,836.6,836.6,836.6,0
2025-12-30 13:32:00,836.68,836.68,836.68,836.68,1
2025-12-30 13:33:00,836.68,836.68,836.68,836.68,0
2025-12-30 13:34:00,836.68,836.68,836.68,836.68,0
2025-12-30 13:35:00,836.19,836.19,835.03,835.04,12
2025-12-30 13:36:00,835.04,835.04,835.04,835.04,0
2025-12-30 13:37:00,835.04,835.04,835.04,835.04,0
2025-12-30 13:38:00,835.04,835.04,835.04,835.04,0
2025-12-30 13:39:00,835.04,835.04,835.04,835.04,0
2025-12-30 13:40:00,835.04,835.04,835.04,835.04,0
2025-12-30 13:41:00,835.04,835.04,835.04,835.04,0
2025-12-30 13:42:00,835.73,835.73,835.52,835.57,3
2025-12-30 13:43:00,835.57,835.57,835.57,835.57,0
2025-12-30 13:44:00,835.57,835.57,835.57,835.57,0
2025-12-30 13:45:00,835.57,835.57,835.57,835.57,0
2025-12-30 13:46:00,835.57,835.57,835.57,835.57,0
2025-12-30 13:47:00,836.63,836.74,836.63,836.74,2
2025-12-30 13:48:00,836.63,836.64,836.63,836.63,1
2025-12-30 13:49:00,836.63,836.63,836.63,836.63,0
2025-12-30 13:50:00,836.63,836.63,836.63,836.63,0
2025-12-30 13:51:00,836.63,836.63,836.63,836.63,0
2025-12-30 13:52:00,836.63,836.63,836.63,836.63,0
2025-12-30 13:53:00,836.96,836.96,836.96,836.96,1
2025-12-30 13:54:00,836.96,836.96,836.96,836.96,0
2025-12-30 13:55:00,836.96,836.96,836.96,836.96,0
2025-12-30 13:56:00,836.96,836.96,836.96,836.96,0
2025-12-30 13:57:00,836.96,836.96,836.96,836.96,0
2025-12-30 13:58:00,836.52,836.52,836.52,836.52,1
2025-12-30 13:59:00,836.52,836.52,836.52,836.52,0
2025-12-30 14:00:00,836.52,836.52,836.52,836.52,0
2025-12-30 14:01:00,836.81,836.81,836.81,836.81,3
2025-12-30 14:02:00,836.81,836.81,836.81,836.81,0
2025-12-30 14:03:00,837.74,837.74,837.74,837.74,1
2025-12-30 14:04:00,837.74,837.74,837.74,837.74,0
2025-12-30 14:05:00,836.8,836.81,836.8,836.81,5
2025-12-30 14:06:00,836.81,836.81,836.81,836.81,0
2025-12-30 14:07:00,836.8,836.81,836.6,836.62,8
2025-12-30 14:08:00,836.62,836.62,836.62,836.62,0
2025-12-30 14:09:00,836.62,836.62,836.62,836.62,1
2025-12-30 14:10:00,836.62,836.63,836.42,836.42,7
2025-12-30 14:11:00,836.84,836.84,836.84,836.84,1
2025-12-30 14:12:00,836.84,836.84,836.84,836.84,0
2025-12-30 14:13:00,836.9,836.9,836.42,836.42,2
2025-12-30 14:14:00,836.42,836.42,836.42,836.42,0
2025-12-30 14:15:00,837.26,837.26,837.26,837.26,1
2025-12-30 14:16:00,837.26,837.26,837.26,837.26,0
2025-12-30 14:17:00,837.26,837.26,837.26,837.26,0
2025-12-30 14:18:00,837.26,837.26,837.26,837.26,0
2025-12-30 14:19:00,837.26,837.26,837.26,837.26,0
2025-12-30 14:20:00,837.26,837.26,837.26,837.26,0
2025-12-30 14:21:00,837.26,837.26,837.26,837.26,0
2025-12-30 14:22:00,837.26,837.26,837.26,837.26,0
2025-12-30 14:23:00,837.0,837.2,837.0,837.19,10
2025-12-30 14:24:00,837.19,837.19,837.19,837.19,0
2025-12-30 14:25:00,837.19,837.19,837.19,837.19,0
2025-12-30 14:26:00,837.26,838.01,837.08,838.01,9
2025-12-30 14:27:00,838.01,838.01,838.01,838.01,1
2025-12-30 14:28:00,838.01,838.01,838.01,838.01,0
2025-12-30 14:29:00,838.01,838.01,838.01,838.01,0
2025-12-30 14:30:00,837.11,837.89,837.02,837.88,12
2025-12-30 14:31:00,837.88,837.88,837.88,837.88,0
2025-12-30 14:32:00,837.88,837.88,837.88,837.88,0
2025-12-30 14:33:00,837.02,837.02,836.7,836.7,3
2025-12-30 14:34:00,836.7,836.7,836.7,836.7,0
2025-12-30 14:35:00,836.7,836.7,836.7,836.7,0
2025-12-30 14:36:00,836.7,836.7,836.7,836.7,0
2025-12-30 14:37:00,836.7,836.7,836.7,836.7,0
2025-12-30 14:38:00,836.7,836.7,836.7,836.7,0
2025-12-30 14:39:00,836.7,836.7,836.7,836.7,0
2025-12-30 14:40:00,836.94,837.16,836.94,837.16,2
2025-12-30 14:41:00,837.48,837.48,837.47,837.48,1
2025-12-30 14:42:00,837.48,837.48,837.48,837.48,0
2025-12-30 14:43:00,837.48,837.48,837.48,837.48,0
2025-12-30 14:44:00,837.48,837.48,837.48,837.48,0
2025-12-30 14:45:00,837.48,837.48,837.48,837.48,0
2025-12-30 14:46:00,837.48,837.48,837.48,837.48,0
2025-12-30 14:47:00,837.41,837.41,837.41,837.41,1
2025-12-30 14:48:00,837.41,837.41,837.19,837.19,3
2025-12-30 14:49:00,837.01,837.59,837.01,837.59,5
2025-12-30 14:50:00,837.59,837.59,837.59,837.59,0
2025-12-30 14:51:00,837.59,837.59,837.59,837.59,0
2025-12-30 14:52:00,837.8,837.8,837.8,837.8,1
2025-12-30 14:53:00,836.87,836.87,836.86,836.86,6
2025-12-30 14:54:00,836.86,836.86,836.86,836.86,0
2025-12-30 14:55:00,836.86,836.86,836.86,836.86,0
2025-12-30 14:56:00,836.86,836.86,836.86,836.86,0
2025-12-30 14:57:00,836.86,836.86,836.86,836.86,0
2025-12-30 14:58:00,836.86,836.86,836.86,836.86,0
2025-12-30 14:59:00,836.86,836.86,836.86,836.86,0
2025-12-30 15:00:00,837.57,837.57,837.56,837.57,1
2025-12-30 15:01:00,837.88,837.88,837.88,837.88,1
2025-12-30 15:02:00,837.38,837.38,836.72,836.72,5
2025-12-30 15:03:00,836.75,836.77,836.65,836.68,9
2025-12-30 15:04:00,836.84,836.88,836.84,836.88,2
2025-12-30 15:05:00,836.88,836.88,836.88,836.88,0
2025-12-30 15:06:00,836.86,836.88,836.43,836.43,8
2025-12-30 15:07:00,836.43,836.43,836.43,836.43,0
2025-12-30 15:08:00,836.92,836.92,836.92,836.92,1
2025-12-30 15:09:00,836.92,836.92,836.92,836.92,0
2025-12-30 15:10:00,836.92,836.92,836.92,836.92,0
2025-12-30 15:11:00,836.92,836.92,836.92,836.92,0
2025-12-30 15:12:00,836.6,836.6,836.57,836.57,3
2025-12-30 15:13:00,837.0,837.0,836.85,836.86,3
2025-12-30 15:14:00,836.86,836.86,836.85,836.86,1
2025-12-30 15:15:00,837.06,837.91,837.06,837.91,5
2025-12-30 15:16:00,837.91,837.91,837.91,837.91,2
2025-12-30 15:17:00,837.83,837.83,837.66,837.66,3
2025-12-30 15:18:00,837.66,837.66,837.66,837.66,0
2025-12-30 15:19:00,838.07,838.07,838.07,838.07,1
2025-12-30 15:20:00,838.07,838.07,838.07,838.07,0
2025-12-30 15:21:00,838.07,838.07,838.07,838.07,0
2025-12-30 15:22:00,838.11,838.11,838.06,838.07,2
2025-12-30 15:23:00,837.59,837.59,837.59,837.59,2
2025-12-30 15:24:00,838.07,838.07,838.07,838.07,1
2025-12-30 15:25:00,838.07,838.07,838.07,838.07,0
2025-12-30 15:26:00,838.07,838.28,838.07,838.28,3
2025-12-30 15:27:00,837.08,837.85,837.06,837.45,8
2025-12-30 15:28:00,837.45,837.45,837.45,837.45,0
2025-12-30 15:29:00,837.46,838.49,837.46,838.49,6
2025-12-30 15:30:00,838.34,838.34,837.73,837.74,3
2025-12-30 15:31:00,837.74,837.74,837.74,837.74,0
2025-12-30 15:32:00,837.74,837.74,837.73,837.74,1
2025-12-30 15:33:00,837.79,838.5,837.79,838.5,3
2025-12-30 15:34:00,838.5,838.5,838.5,838.5,1
2025-12-30 15:35:00,838.5,838.5,838.5,838.5,0
2025-12-30 15:36:00,838.5,839.03,838.5,839.03,2
2025-12-30 15:37:00,838.5,838.5,838.5,838.5,2
2025-12-30 15:38:00,838.5,838.5,838.5,838.5,1
2025-12-30 15:39:00,838.5,838.56,838.5,838.55,6
2025-12-30 15:40:00,838.56,838.72,837.96,838.72,17
2025-12-30 15:41:00,838.73,838.73,838.73,838.73,1
2025-12-30 15:42:00,838.58,838.88,838.58,838.75,14
2025-12-30 15:43:00,838.49,838.49,838.25,838.26,10
2025-12-30 15:44:00,838.36,838.54,838.36,838.54,7
2025-12-30 15:45:00,838.53,838.73,838.52,838.73,2
2025-12-30 15:46:00,838.71,838.74,838.71,838.74,9
2025-12-30 15:47:00,838.5,838.51,838.5,838.5,6
2025-12-30 15:48:00,838.74,838.74,838.74,838.74,1
2025-12-30 15:49:00,838.29,838.29,838.17,838.2,12
2025-12-30 15:50:00,837.86,838.37,837.86,838.33,22
2025-12-30 15:51:00,838.33,838.33,838.33,838.33,0
2025-12-30 15:52:00,838.15,838.38,838.11,838.11,5
2025-12-30 15:53:00,838.38,838.98,837.93,838.98,8
2025-12-30 15:54:00,838.6,838.92,837.87,838.39,90
2025-12-30 15:55:00,837.91,837.91,837.91,837.91,1
2025-12-30 15:56:00,837.92,838.52,837.87,838.51,14
2025-12-30 15:57:00,838.11,838.83,837.87,838.83,31
2025-12-30 15:58:00,838.58,838.82,837.66,837.67,54
2025-12-30 15:59:00,837.43,837.55,837.14,837.34,41
2025-12-31 09:30:00,836.77,836.77,836.77,836.77,8
2025-12-31 09:31:00,837.68,837.68,835.32,835.32,5
2025-12-31 09:32:00,835.32,835.32,835.32,835.32,0
2025-12-31 09:33:00,835.32,835.32,835.32,835.32,0
2025-12-31 09:34:00,835.03,835.36,835.02,835.36,18
2025-12-31 09:35:00,835.36,835.36,835.36,835.36,0
2025-12-31 09:36:00,835.36,835.36,835.36,835.36,0
2025-12-31 09:37:00,835.36,835.36,835.36,835.36,0
2025-12-31 09:38:00,835.36,835.36,835.36,835.36,0
2025-12-31 09:39:00,835.36,835.36,835.36,835.36,0
2025-12-31 09:40:00,835.36,835.36,835.36,835.36,0
2025-12-31 09:41:00,837.05,837.05,837.05,837.05,1
2025-12-31 09:42:00,837.05,837.05,837.05,837.05,0
2025-12-31 09:43:00,837.05,837.05,837.05,837.05,0
2025-12-31 09:44:00,837.05,837.05,837.05,837.05,0
2025-12-31 09:45:00,837.05,837.05,837.05,837.05,0
2025-12-31 09:46:00,837.34,837.34,837.33,837.34,1
2025-12-31 09:47:00,837.34,837.34,837.34,837.34,0
2025-12-31 09:48:00,837.34,837.34,837.34,837.34,0
2025-12-31 09:49:00,837.34,837.34,837.34,837.34,0
2025-12-31 09:50:00,837.34,837.34,837.34,837.34,0
2025-12-31 09:51:00,837.34,837.34,837.34,837.34,0
2025-12-31 09:52:00,836.15,837.08,835.92,835.93,4
2025-12-31 09:53:00,835.93,835.93,835.93,835.93,0
2025-12-31 09:54:00,835.93,835.93,835.93,835.93,0
2025-12-31 09:55:00,835.05,835.19,835.05,835.19,4
2025-12-31 09:56:00,835.19,835.19,835.19,835.19,0
2025-12-31 09:57:00,835.87,835.87,835.73,835.73,3
2025-12-31 09:58:00,836.42,836.96,836.42,836.96,4
2025-12-31 09:59:00,836.96,836.96,836.96,836.96,0
2025-12-31 10:00:00,836.56,836.56,836.56,836.56,1
2025-12-31 10:01:00,836.56,836.56,836.56,836.56,0
2025-12-31 10:02:00,836.56,836.56,836.56,836.56,0
2025-12-31 10:03:00,836.56,836.56,836.56,836.56,0
2025-12-31 10:04:00,836.56,836.56,836.56,836.56,0
2025-12-31 10:05:00,836.56,836.56,836.56,836.56,0
2025-12-31 10:06:00,836.56,836.56,836.56,836.56,0
2025-12-31 10:07:00,836.56,836.56,836.56,836.56,0
2025-12-31 10:08:00,836.56,836.56,836.56,836.56,0
2025-12-31 10:09:00,836.56,836.56,836.56,836.56,0
2025-12-31 10:10:00,836.01,836.01,836.01,836.01,1
2025-12-31 10:11:00,836.1,836.1,835.62,835.62,2
2025-12-31 10:12:00,835.62,835.62,835.62,835.62,0
2025-12-31 10:13:00,835.62,835.62,835.62,835.62,0
2025-12-31 10:14:00,835.77,835.77,835.77,835.77,1
2025-12-31 10:15:00,835.5,838.28,835.5,837.18,43
2025-12-31 10:16:00,838.45,838.45,838.45,838.45,1
2025-12-31 10:17:00,838.45,838.45,838.45,838.45,0
2025-12-31 10:18:00,838.45,838.45,838.45,838.45,0
2025-12-31 10:19:00,838.45,838.45,838.45,838.45,0
2025-12-31 10:20:00,838.45,838.45,838.45,838.45,0
2025-12-31 10:21:00,838.86,838.86,838.82,838.82,2
2025-12-31 10:22:00,837.85,837.85,837.85,837.85,2
2025-12-31 10:23:00,837.85,837.85,837.85,837.85,0
2025-12-31 10:24:00,837.85,837.85,837.85,837.85,1
2025-12-31 10:25:00,838.51,838.51,838.15,838.15,2
2025-12-31 10:26:00,838.15,838.15,838.15,838.15,0
2025-12-31 10:27:00,838.15,838.15,838.15,838.15,0
2025-12-31 10:28:00,838.15,838.15,838.15,838.15,0
2025-12-31 10:29:00,838.15,838.15,838.15,838.15,0
2025-12-31 10:30:00,837.45,837.46,837.45,837.45,1
2025-12-31 10:31:00,837.45,837.45,837.45,837.45,0
2025-12-31 10:32:00,838.15,838.15,837.79,837.79,11
2025-12-31 10:33:00,837.79,837.79,837.79,837.79,0
2025-12-31 10:34:00,838.33,838.33,838.33,838.33,1
2025-12-31 10:35:00,838.33,838.33,838.33,838.33,0
2025-12-31 10:36:00,837.79,838.06,836.99,836.99,20
2025-12-31 10:37:00,836.99,836.99,836.99,836.99,0
2025-12-31 10:38:00,836.99,836.99,836.99,836.99,0
2025-12-31 10:39:00,836.99,836.99,836.99,836.99,0
2025-12-31 10:40:00,837.63,837.63,837.37,837.38,2
2025-12-31 10:41:00,837.38,837.38,837.38,837.38,0
2025-12-31 10:42:00,838.01,838.01,838.01,838.01,1
2025-12-31 10:43:00,838.01,838.01,838.01,838.01,0
2025-12-31 10:44:00,838.01,838.01,838.01,838.01,0
2025-12-31 10:45:00,838.01,838.01,838.01,838.01,0
2025-12-31 10:46:00,836.88,836.89,836.88,836.88,1
2025-12-31 10:47:00,836.88,836.88,836.88,836.88,0
2025-12-31 10:48:00,837.14,837.48,837.14,837.48,5
2025-12-31 10:49:00,837.48,837.48,837.47,837.48,1
2025-12-31 10:50:00,837.48,837.64,837.47,837.62,16
2025-12-31 10:51:00,837.63,837.64,837.63,837.63,1
2025-12-31 10:52:00,837.63,837.7,837.52,837.7,37
2025-12-31 10:53:00,837.7,837.7,837.69,837.7,2
2025-12-31 10:54:00,837.7,837.7,837.69,837.7,5
2025-12-31 10:55:00,837.7,837.7,837.7,837.7,0
2025-12-31 10:56:00,837.5,837.68,837.5,837.68,3
2025-12-31 10:57:00,837.5,837.5,836.52,836.52,8
2025-12-31 10:58:00,836.52,836.52,836.52,836.52,0
2025-12-31 10:59:00,836.52,837.54,836.52,837.32,10
2025-12-31 11:00:00,838.5,838.5,838.5,838.5,1
2025-12-31 11:01:00,837.5,837.5,837.47,837.5,7
2025-12-31 11:02:00,837.5,837.5,837.5,837.5,0
2025-12-31 11:03:00,837.32,837.69,837.11,837.3,13
2025-12-31 11:04:00,837.3,837.3,837.3,837.3,0
2025-12-31 11:05:00,837.3,837.3,837.3,837.3,0
2025-12-31 11:06:00,837.3,837.3,837.3,837.3,0
2025-12-31 11:07:00,837.3,837.3,837.3,837.3,0
2025-12-31 11:08:00,837.3,837.3,837.3,837.3,0
2025-12-31 11:09:00,837.3,837.3,837.3,837.3,0
2025-12-31 11:10:00,837.3,837.3,837.3,837.3,0
2025-12-31 11:11:00,837.3,837.3,837.3,837.3,0
2025-12-31 11:12:00,837.3,837.3,837.3,837.3,0
2025-12-31 11:13:00,837.47,838.1,837.46,838.1,3
2025-12-31 11:14:00,838.1,838.1,838.1,838.1,0
2025-12-31 11:15:00,838.1,838.1,838.1,838.1,0
2025-12-31 11:16:00,838.1,838.1,838.1,838.1,0
2025-12-31 11:17:00,837.94,838.1,837.94,838.1,2
2025-12-31 11:18:00,838.1,838.1,838.1,838.1,0
2025-12-31 11:19:00,838.1,838.87,838.1,838.87,3
2025-12-31 11:20:00,838.87,838.87,838.87,838.87,0
2025-12-31 11:21:00,838.87,838.87,838.87,838.87,0
2025-12-31 11:22:00,838.87,838.87,838.87,838.87,4
2025-12-31 11:23:00,838.87,838.87,838.87,838.87,0
2025-12-31 11:24:00,838.4,838.4,838.39,838.4,1
2025-12-31 11:25:00,838.86,839.59,838.65,838.87,9
2025-12-31 11:26:00,840.32,840.32,840.32,840.32,1
2025-12-31 11:27:00,840.32,840.32,840.32,840.32,0
2025-12-31 11:28:00,840.32,840.32,840.32,840.32,0
2025-12-31 11:29:00,840.61,841.17,839.94,841.17,15
2025-12-31 11:30:00,841.17,841.17,841.17,841.17,0
2025-12-31 11:31:00,841.17,841.17,841.17,841.17,0
2025-12-31 11:32:00,839.6,840.19,839.6,840.19,2
2025-12-31 11:33:00,839.2,839.2,839.2,839.2,2
2025-12-31 11:34:00,839.2,839.2,838.41,838.41,6
2025-12-31 11:35:00,838.41,838.41,838.41,838.41,0
2025-12-31 11:36:00,838.41,838.41,838.41,838.41,0
2025-12-31 11:37:00,838.41,838.41,838.41,838.41,0
2025-12-31 11:38:00,838.25,838.25,838.21,838.21,2
2025-12-31 11:39:00,838.24,838.24,838.24,838.24,1
2025-12-31 11:40:00,838.24,838.24,838.24,838.24,0
2025-12-31 11:41:00,839.13,839.13,838.28,838.28,2
2025-12-31 11:42:00,838.28,838.28,838.28,838.28,0
2025-12-31 11:43:00,838.05,838.95,838.05,838.94,4
2025-12-31 11:44:00,838.94,838.94,838.94,838.94,0
2025-12-31 11:45:00,838.94,838.94,838.94,838.94,0
2025-12-31 11:46:00,838.94,838.94,838.94,838.94,0
2025-12-31 11:47:00,838.94,838.94,838.94,838.94,0
2025-12-31 11:48:00,838.06,838.06,838.05,838.05,4
2025-12-31 11:49:00,838.05,838.05,838.05,838.05,0
2025-12-31 11:50:00,838.05,838.05,838.05,838.05,0
2025-12-31 11:51:00,838.05,838.05,838.05,838.05,0
2025-12-31 11:52:00,838.05,838.05,838.05,838.05,0
2025-12-31 11:53:00,838.22,838.22,838.22,838.22,1
2025-12-31 11:54:00,838.22,838.22,838.22,838.22,0
2025-12-31 11:55:00,838.22,838.22,838.22,838.22,0
2025-12-31 11:56:00,838.22,838.22,838.22,838.22,0
2025-12-31 11:57:00,838.22,838.22,838.22,838.22,0
2025-12-31 11:58:00,838.05,838.05,838.05,838.05,4
2025-12-31 11:59:00,838.05,838.05,838.05,838.05,0
2025-12-31 12:00:00,839.22,839.22,839.21,839.22,1
2025-12-31 12:01:00,839.22,839.22,839.22,839.22,0
2025-12-31 12:02:00,839.22,839.22,839.22,839.22,0
2025-12-31 12:03:00,838.17,839.22,838.17,839.22,2
2025-12-31 12:04:00,839.22,839.22,839.22,839.22,0
2025-12-31 12:05:00,839.22,839.22,839.22,839.22,0
2025-12-31 12:06:00,839.22,839.22,839.22,839.22,0
2025-12-31 12:07:00,839.22,839.22,839.22,839.22,0
2025-12-31 12:08:00,839.22,839.22,839.22,839.22,0
2025-12-31 12:09:00,839.22,839.22,839.22,839.22,0
2025-12-31 12:10:00,839.22,839.22,839.22,839.22,0
2025-12-31 12:11:00,839.22,839.22,839.22,839.22,0
2025-12-31 12:12:00,839.52,839.53,839.27,839.27,2
2025-12-31 12:13:00,839.27,839.27,839.27,839.27,0
2025-12-31 12:14:00,839.27,839.27,839.27,839.27,0
2025-12-31 12:15:00,839.27,839.27,839.27,839.27,0
2025-12-31 12:16:00,839.27,839.27,839.27,839.27,0
2025-12-31 12:17:00,839.27,839.27,839.27,839.27,0
2025-12-31 12:18:00,839.27,839.27,839.27,839.27,7
2025-12-31 12:19:00,839.27,839.27,839.27,839.27,0
2025-12-31 12:20:00,839.27,839.27,839.27,839.27,0
2025-12-31 12:21:00,839.27,839.27,839.27,839.27,0
2025-12-31 12:22:00,840.2,840.2,839.93,840.2,5
2025-12-31 12:23:00,840.37,841.17,840.37,840.84,9
2025-12-31 12:24:00,840.84,840.84,840.84,840.84,0
2025-12-31 12:25:00,840.84,840.84,840.84,840.84,0
2025-12-31 12:26:00,840.84,840.84,840.84,840.84,0
2025-12-31 12:27:00,840.84,840.84,840.84,840.84,0
2025-12-31 12:28:00,841.15,841.16,840.94,840.94,6
2025-12-31 12:29:00,840.94,840.94,840.94,840.94,0
2025-12-31 12:30:00,840.44,840.44,840.44,840.44,1
2025-12-31 12:31:00,840.44,840.44,840.44,840.44,0
2025-12-31 12:32:00,840.28,840.58,840.28,840.58,10
2025-12-31 12:33:00,840.71,840.71,840.7,840.71,2
2025-12-31 12:34:00,840.71,840.71,840.71,840.71,0
2025-12-31 12:35:00,840.71,840.71,840.71,840.71,0
2025-12-31 12:36:00,840.71,840.71,840.71,840.71,0
2025-12-31 12:37:00,840.71,840.71,840.71,840.71,0
2025-12-31 12:38:00,840.71,840.71,840.71,840.71,0
2025-12-31 12:39:00,841.41,841.61,841.41,841.44,3
2025-12-31 12:40:00,841.44,841.44,841.44,841.44,0
2025-12-31 12:41:00,842.12,842.12,842.12,842.12,1
2025-12-31 12:42:00,842.12,842.12,842.12,842.12,0
2025-12-31 12:43:00,842.12,842.12,842.12,842.12,0
2025-12-31 12:44:00,842.77,842.77,842.77,842.77,1
2025-12-31 12:45:00,842.77,842.77,842.77,842.77,0
2025-12-31 12:46:00,842.77,842.77,842.77,842.77,0
2025-12-31 12:47:00,842.77,842.77,842.77,842.77,0
2025-12-31 12:48:00,842.88,843.17,842.06,842.19,4
2025-12-31 12:49:00,842.19,842.19,842.19,842.19,4
2025-12-31 12:50:00,842.19,842.19,842.19,842.19,0
2025-12-31 12:51:00,842.19,842.19,842.19,842.19,0
2025-12-31 12:52:00,842.19,842.19,842.19,842.19,0
2025-12-31 12:53:00,842.2,842.2,842.2,842.2,2
2025-12-31 12:54:00,842.2,842.2,842.2,842.2,0
2025-12-31 12:55:00,842.2,842.2,842.2,842.2,2
2025-12-31 12:56:00,841.05,841.05,841.05,841.05,2
2025-12-31 12:57:00,841.05,841.05,841.05,841.05,0
2025-12-31 12:58:00,840.86,840.86,840.8,840.81,4
2025-12-31 12:59:00,841.08,842.22,840.28,840.28,9
2025-12-31 13:00:00,840.05,840.05,840.05,840.05,1
2025-12-31 13:01:00,841.66,841.66,841.66,841.66,3
2025-12-31 13:02:00,841.66,841.66,841.66,841.66,0
2025-12-31 13:03:00,841.36,841.36,839.89,839.89,2
2025-12-31 13:04:00,839.89,839.89,839.89,839.89,0
2025-12-31 13:05:00,839.89,839.89,839.89,839.89,0
2025-12-31 13:06:00,839.89,839.89,839.89,839.89,0
2025-12-31 13:07:00,839.89,839.89,839.89,839.89,0
2025-12-31 13:08:00,839.89,839.89,839.89,839.89,0
2025-12-31 13:09:00,840.34,840.34,840.34,840.34,1
2025-12-31 13:10:00,840.34,840.34,840.34,840.34,0
2025-12-31 13:11:00,840.34,840.34,840.34,840.34,0
2025-12-31 13:12:00,840.34,840.34,840.34,840.34,0
2025-12-31 13:13:00,840.34,840.34,840.34,840.34,0
2025-12-31 13:14:00,840.35,840.35,840.35,840.35,1
2025-12-31 13:15:00,840.74,840.77,840.72,840.73,7
2025-12-31 13:16:00,840.74,840.79,840.01,840.01,7
2025-12-31 13:17:00,840.71,840.81,840.71,840.79,7
2025-12-31 13:18:00,840.84,840.84,840.37,840.37,2
2025-12-31 13:19:00,840.37,840.37,840.37,840.37,0
2025-12-31 13:20:00,840.37,840.37,840.37,840.37,0
2025-12-31 13:21:00,840.64,840.84,840.64,840.73,3
2025-12-31 13:22:00,840.73,840.73,840.73,840.73,0
2025-12-31 13:23:00,840.73,840.73,840.73,840.73,0
2025-12-31 13:24:00,840.73,840.73,840.73,840.73,0
2025-12-31 13:25:00,840.73,840.73,840.73,840.73,0
2025-12-31 13:26:00,840.05,840.14,839.91,840.07,10
2025-12-31 13:27:00,840.07,840.07,840.07,840.07,0
2025-12-31 13:28:00,840.07,840.07,840.07,840.07,0
2025-12-31 13:29:00,841.23,841.23,841.23,841.23,1
2025-12-31 13:30:00,840.03,841.29,840.0,841.29,14
2025-12-31 13:31:00,841.29,841.29,839.39,839.39,6
2025-12-31 13:32:00,839.39,839.39,839.39,839.39,0
2025-12-31 13:33:00,839.42,839.42,839.42,839.42,2
2025-12-31 13:34:00,839.42,839.42,839.42,839.42,0
2025-12-31 13:35:00,839.42,839.42,839.42,839.42,0
2025-12-31 13:36:00,839.42,839.42,839.42,839.42,0
2025-12-31 13:37:00,839.42,839.42,839.42,839.42,0
2025-12-31 13:38:00,839.42,839.42,839.42,839.42,0
2025-12-31 13:39:00,839.42,839.42,839.42,839.42,0
2025-12-31 13:40:00,839.42,839.42,839.42,839.42,0
2025-12-31 13:41:00,839.42,839.42,839.42,839.42,0
2025-12-31 13:42:00,839.42,839.42,839.42,839.42,0
2025-12-31 13:43:00,839.63,839.63,839.63,839.63,1
2025-12-31 13:44:00,839.63,839.63,839.63,839.63,0
2025-12-31 13:45:00,839.63,839.63,839.63,839.63,0
2025-12-31 13:46:00,839.63,839.63,839.63,839.63,0
2025-12-31 13:47:00,839.63,839.63,839.63,839.63,0
2025-12-31 13:48:00,841.11,841.12,841.11,841.12,5
2025-12-31 13:49:00,841.12,841.12,841.12,841.12,0
2025-12-31 13:50:00,841.12,841.12,841.12,841.12,0
2025-12-31 13:51:00,841.12,841.12,841.12,841.12,0
2025-12-31 13:52:00,841.12,841.12,841.12,841.12,0
2025-12-31 13:53:00,841.98,841.98,841.19,841.2,2
2025-12-31 13:54:00,841.2,841.2,841.2,841.2,0
2025-12-31 13:55:00,841.2,841.2,841.2,841.2,0
2025-12-31 13:56:00,841.2,841.2,841.2,841.2,0
2025-12-31 13:57:00,841.2,841.2,841.2,841.2,0
2025-12-31 13:58:00,841.2,841.2,841.2,841.2,0
2025-12-31 13:59:00,841.2,841.2,841.2,841.2,0
2025-12-31 14:00:00,841.2,841.2,841.2,841.2,0
2025-12-31 14:01:00,841.2,841.2,841.2,841.2,0
2025-12-31 14:02:00,841.2,841.2,841.2,841.2,0
2025-12-31 14:03:00,841.2,841.2,841.2,841.2,0
2025-12-31 14:04:00,841.2,841.2,841.2,841.2,0
2025-12-31 14:05:00,841.12,841.12,840.05,841.11,9
2025-12-31 14:06:00,841.11,841.11,841.11,841.11,0
2025-12-31 14:07:00,840.12,840.12,840.12,840.12,1
2025-12-31 14:08:00,840.12,840.12,840.12,840.12,0
2025-12-31 14:09:00,840.12,840.12,840.12,840.12,0
2025-12-31 14:10:00,840.12,840.12,840.12,840.12,0
2025-12-31 14:11:00,840.47,840.47,840.46,840.47,1
2025-12-31 14:12:00,840.47,840.47,840.47,840.47,0
2025-12-31 14:13:00,840.47,840.47,840.47,840.47,0
2025-12-31 14:14:00,840.01,840.01,838.62,839.82,17
2025-12-31 14:15:00,839.82,840.23,838.82,838.83,31
2025-12-31 14:16:00,838.83,838.83,838.83,838.83,0
2025-12-31 14:17:00,838.83,838.83,838.83,838.83,0
2025-12-31 14:18:00,838.83,838.83,838.83,838.83,0
2025-12-31 14:19:00,838.83,838.83,838.83,838.83,0
2025-12-31 14:20:00,839.6,839.6,839.59,839.6,2
2025-12-31 14:21:00,839.6,839.6,839.6,839.6,0
2025-12-31 14:22:00,840.23,840.48,840.23,840.48,8
2025-12-31 14:23:00,840.48,840.48,840.48,840.48,0
2025-12-31 14:24:00,840.48,840.48,840.2,840.2,3
2025-12-31 14:25:00,840.2,840.2,840.2,840.2,0
2025-12-31 14:26:00,840.47,840.48,840.47,840.48,2
2025-12-31 14:27:00,840.48,840.48,840.48,840.48,0
2025-12-31 14:28:00,840.48,840.48,840.48,840.48,0
2025-12-31 14:29:00,840.48,840.48,840.48,840.48,0
2025-12-31 14:30:00,840.64,840.64,840.51,840.51,2
2025-12-31 14:31:00,840.51,840.51,840.51,840.51,0
2025-12-31 14:32:00,840.51,840.51,840.51,840.51,0
2025-12-31 14:33:00,840.51,840.51,840.51,840.51,0
2025-12-31 14:34:00,840.51,840.51,840.51,840.51,0
2025-12-31 14:35:00,840.51,840.51,840.51,840.51,0
2025-12-31 14:36:00,840.73,840.73,840.73,840.73,1
2025-12-31 14:37:00,840.94,841.32,840.94,841.32,4
2025-12-31 14:38:00,841.32,841.32,841.32,841.32,0
2025-12-31 14:39:00,841.32,841.32,841.32,841.32,0
2025-12-31 14:40:00,841.32,841.32,841.32,841.32,0
2025-12-31 14:41:00,841.32,841.32,841.32,841.32,0
2025-12-31 14:42:00,841.32,841.32,841.32,841.32,0
2025-12-31 14:43:00,840.72,841.38,840.72,841.38,5
2025-12-31 14:44:00,840.7,840.7,840.37,840.37,6
2025-12-31 14:45:00,840.37,840.37,840.37,840.37,0
2025-12-31 14:46:00,840.37,840.37,840.37,840.37,0
2025-12-31 14:47:00,840.37,840.37,840.37,840.37,0
2025-12-31 14:48:00,840.37,840.37,840.37,840.37,0
2025-12-31 14:49:00,840.19,840.19,840.19,840.19,2
2025-12-31 14:50:00,840.19,840.19,840.19,840.19,0
2025-12-31 14:51:00,840.58,840.58,840.57,840.58,1
2025-12-31 14:52:00,840.58,840.58,840.58,840.58,0
2025-12-31 14:53:00,840.21,840.21,840.21,840.21,1
2025-12-31 14:54:00,840.21,840.21,840.21,840.21,0
2025-12-31 14:55:00,840.21,840.21,840.21,840.21,0
2025-12-31 14:56:00,840.21,840.21,840.21,840.21,0
2025-12-31 14:57:00,840.21,840.21,840.21,840.21,0
2025-12-31 14:58:00,840.81,840.81,840.8,840.81,3
2025-12-31 14:59:00,839.64,839.64,839.64,839.64,1
2025-12-31 15:00:00,839.64,839.64,839.64,839.64,0
2025-12-31 15:01:00,839.65,839.65,839.65,839.65,3
2025-12-31 15:02:00,839.65,839.65,839.65,839.65,0
2025-12-31 15:03:00,839.65,839.65,839.65,839.65,0
2025-12-31 15:04:00,840.31,840.31,840.31,840.31,1
2025-12-31 15:05:00,840.53,840.53,840.53,840.53,1
2025-12-31 15:06:00,840.53,840.53,840.53,840.53,0
2025-12-31 15:07:00,840.0,840.0,839.09,839.1,5
2025-12-31 15:08:00,839.1,839.1,839.1,839.1,0
2025-12-31 15:09:00,839.1,839.1,839.1,839.1,0
2025-12-31 15:10:00,839.4,839.4,839.11,839.11,2
2025-12-31 15:11:00,840.38,840.39,840.38,840.38,1
2025-12-31 15:12:00,840.59,840.59,840.58,840.59,2
2025-12-31 15:13:00,840.59,840.59,840.59,840.59,0
2025-12-31 15:14:00,840.62,840.62,840.61,840.62,2
2025-12-31 15:15:00,840.62,841.22,840.61,841.22,3
2025-12-31 15:16:00,841.97,842.74,841.9,842.74,25
2025-12-31 15:17:00,842.74,842.74,842.74,842.74,1
2025-12-31 15:18:00,843.13,843.93,843.13,843.92,4
2025-12-31 15:19:00,843.92,843.92,843.92,843.92,0
2025-12-31 15:20:00,844.07,844.07,844.06,844.07,1
2025-12-31 15:21:00,844.07,844.07,843.11,843.12,2
2025-12-31 15:22:00,843.12,843.12,843.12,843.12,0
2025-12-31 15:23:00,843.51,843.52,842.42,843.03,17
2025-12-31 15:24:00,841.25,841.25,841.25,841.25,1
2025-12-31 15:25:00,841.25,841.25,840.88,840.88,4
2025-12-31 15:26:00,840.88,840.88,840.88,840.88,0
2025-12-31 15:27:00,840.88,840.88,840.88,840.88,0
2025-12-31 15:28:00,840.71,840.71,840.46,840.47,5
2025-12-31 15:29:00,840.47,840.47,840.47,840.47,0
2025-12-31 15:30:00,840.47,840.47,840.46,840.47,1
2025-12-31 15:31:00,841.7,841.7,841.7,841.7,1
2025-12-31 15:32:00,841.98,842.47,841.65,842.47,5
2025-12-31 15:33:00,842.73,844.16,842.34,843.36,17
2025-12-31 15:34:00,843.49,843.49,843.48,843.49,2
2025-12-31 15:35:00,843.49,843.49,843.48,843.49,1
2025-12-31 15:36:00,843.49,843.49,843.48,843.48,3
2025-12-31 15:37:00,843.48,843.48,842.41,842.41,3
2025-12-31 15:38:00,842.54,842.54,842.54,842.54,1
2025-12-31 15:39:00,842.58,842.58,842.11,842.24,20
2025-12-31 15:40:00,843.51,843.51,843.5,843.5,7
2025-12-31 15:41:00,843.97,844.04,843.96,844.04,3
2025-12-31 15:42:00,844.04,844.04,844.03,844.04,1
2025-12-31 15:43:00,843.22,843.66,842.81,842.82,23
2025-12-31 15:44:00,842.82,842.82,842.82,842.82,0
2025-12-31 15:45:00,842.74,842.97,841.94,842.62,28
2025-12-31 15:46:00,842.76,842.77,842.76,842.76,2
2025-12-31 15:47:00,842.59,842.59,842.59,842.59,1
2025-12-31 15:48:00,843.54,843.86,842.6,842.72,21
2025-12-31 15:49:00,843.23,843.23,842.73,843.23,5
2025-12-31 15:50:00,842.73,843.23,842.73,843.18,6
2025-12-31 15:51:00,842.84,842.84,842.7,842.71,3
2025-12-31 15:52:00,842.7,842.7,841.88,842.26,17
2025-12-31 15:53:00,842.03,843.16,842.02,843.16,28
2025-12-31 15:54:00,842.5,843.29,840.16,841.04,72
2025-12-31 15:55:00,841.1,842.19,840.59,842.19,37
2025-12-31 15:56:00,841.88,842.42,841.75,842.21,16
2025-12-31 15:57:00,842.21,842.44,842.2,842.21,15
2025-12-31 15:58:00,842.21,842.53,841.77,841.9,69
2025-12-31 15:59:00,842.1,842.33,840.86,841.59,100
2026-01-02 09:30:00,842.93,847.34,842.93,846.25,45
2026-01-02 09:31:00,845.9,845.9,845.08,845.36,3
2026-01-02 09:32:00,845.37,845.37,843.93,844.83,20
2026-01-02 09:33:00,844.79,844.8,843.66,843.66,7
2026-01-02 09:34:00,843.79,843.79,843.79,843.79,1
2026-01-02 09:35:00,844.06,844.3,841.96,841.96,59
2026-01-02 09:36:00,842.38,842.85,842.14,842.85,8
2026-01-02 09:37:00,842.85,842.85,842.85,842.85,0
2026-01-02 09:38:00,842.55,842.55,841.86,841.99,23
2026-01-02 09:39:00,841.74,842.15,841.73,842.15,4
2026-01-02 09:40:00,841.09,841.09,840.33,840.34,2
2026-01-02 09:41:00,841.04,841.05,841.04,841.05,2
2026-01-02 09:42:00,841.13,841.5,841.09,841.5,8
2026-01-02 09:43:00,842.21,842.21,842.2,842.21,4
2026-01-02 09:44:00,841.13,841.28,841.13,841.27,5
2026-01-02 09:45:00,841.27,841.27,841.27,841.27,0
2026-01-02 09:46:00,841.52,841.52,841.52,841.52,1
2026-01-02 09:47:00,842.35,842.54,842.3,842.54,3
2026-01-02 09:48:00,843.25,843.27,843.25,843.27,3
2026-01-02 09:49:00,843.27,843.27,843.27,843.27,0
2026-01-02 09:50:00,843.27,843.27,843.27,843.27,0
2026-01-02 09:51:00,845.16,845.17,845.16,845.17,2
2026-01-02 09:52:00,845.17,845.17,845.17,845.17,0
2026-01-02 09:53:00,845.17,845.17,845.17,845.17,0
2026-01-02 09:54:00,845.57,846.18,845.57,846.18,2
2026-01-02 09:55:00,846.31,846.8,846.26,846.76,7
2026-01-02 09:56:00,846.68,847.58,846.68,847.58,7
2026-01-02 09:57:00,847.64,848.05,846.99,847.6,17
2026-01-02 09:58:00,847.7,847.94,847.7,847.94,3
2026-01-02 09:59:00,848.77,849.25,848.34,849.25,5
2026-01-02 10:00:00,849.57,850.01,849.57,850.01,3
2026-01-02 10:01:00,850.01,850.01,850.01,850.01,0
2026-01-02 10:02:00,849.56,849.56,848.73,848.74,7
2026-01-02 10:03:00,848.47,848.95,848.47,848.87,4
2026-01-02 10:04:00,849.4,849.4,849.39,849.39,3
2026-01-02 10:05:00,848.56,849.42,848.56,849.42,12
2026-01-02 10:06:00,849.98,850.11,848.88,849.17,65
2026-01-02 10:07:00,849.1,849.1,848.58,848.58,7
2026-01-02 10:08:00,848.23,849.13,847.99,849.13,18
2026-01-02 10:09:00,849.32,849.36,848.95,848.95,23
2026-01-02 10:10:00,848.84,848.84,848.5,848.5,21
2026-01-02 10:11:00,848.46,848.46,848.26,848.29,13
2026-01-02 10:12:00,847.8,848.52,847.5,848.52,26
2026-01-02 10:13:00,848.39,848.39,848.39,848.39,1
2026-01-02 10:14:00,848.39,848.39,848.39,848.39,0
2026-01-02 10:15:00,848.11,848.12,847.86,847.86,5
2026-01-02 10:16:00,847.86,847.86,847.86,847.86,0
2026-01-02 10:17:00,847.86,847.86,847.86,847.86,0
2026-01-02 10:18:00,847.74,848.0,847.69,848.0,11
2026-01-02 10:19:00,848.53,848.65,848.12,848.12,13
2026-01-02 10:20:00,848.14,848.14,847.92,847.93,5
2026-01-02 10:21:00,847.63,847.63,847.63,847.63,1
2026-01-02 10:22:00,847.63,847.63,847.63,847.63,0
2026-01-02 10:23:00,847.63,847.63,847.63,847.63,0
2026-01-02 10:24:00,846.2,846.91,846.2,846.51,9
2026-01-02 10:25:00,846.07,846.07,845.8,845.8,3
2026-01-02 10:26:00,845.8,845.8,845.8,845.8,0
2026-01-02 10:27:00,845.8,845.8,845.8,845.8,0
2026-01-02 10:28:00,845.86,847.1,845.86,847.1,4
2026-01-02 10:29:00,847.25,847.25,847.25,847.25,1
2026-01-02 10:30:00,847.54,847.55,847.54,847.54,1
2026-01-02 10:31:00,847.54,847.54,847.54,847.54,0
2026-01-02 10:32:00,847.47,847.49,847.47,847.49,2
2026-01-02 10:33:00,847.09,847.4,847.09,847.4,6
2026-01-02 10:34:00,847.7,848.14,847.7,848.14,5
2026-01-02 10:35:00,849.16,849.16,849.16,849.16,1
2026-01-02 10:36:00,848.98,848.98,848.97,848.98,1
2026-01-02 10:37:00,849.34,850.26,849.31,850.18,18
2026-01-02 10:38:00,849.98,850.26,849.97,850.17,14
2026-01-02 10:39:00,850.55,851.04,850.55,850.75,7
2026-01-02 10:40:00,851.13,851.14,851.13,851.14,2
2026-01-02 10:41:00,851.14,851.14,851.14,851.14,0
2026-01-02 10:42:00,851.2,851.2,851.19,851.2,1
2026-01-02 10:43:00,851.4,851.46,851.4,851.44,4
2026-01-02 10:44:00,851.44,851.44,851.44,851.44,0
2026-01-02 10:45:00,851.55,852.4,851.55,852.4,7
2026-01-02 10:46:00,852.61,852.68,852.61,852.67,11
2026-01-02 10:47:00,852.99,853.7,852.99,853.7,11
2026-01-02 10:48:00,853.76,853.83,853.55,853.55,3
2026-01-02 10:49:00,853.48,853.77,853.42,853.43,8
2026-01-02 10:50:00,853.48,853.48,853.19,853.19,2
2026-01-02 10:51:00,853.04,853.04,852.71,852.71,9
2026-01-02 10:52:00,852.11,852.52,852.11,852.52,5
2026-01-02 10:53:00,852.52,852.52,852.52,852.52,0
2026-01-02 10:54:00,853.69,854.02,853.69,854.02,5
2026-01-02 10:55:00,854.71,855.16,854.37,855.15,25
2026-01-02 10:56:00,855.1,855.43,855.03,855.28,6
2026-01-02 10:57:00,855.23,855.23,854.66,854.66,20
2026-01-02 10:58:00,854.61,854.79,854.08,854.08,18
2026-01-02 10:59:00,854.08,854.08,854.08,854.08,0
2026-01-02 11:00:00,854.02,854.44,854.02,854.44,3
2026-01-02 11:01:00,853.99,853.99,853.84,853.84,6
2026-01-02 11:02:00,853.2,853.22,853.19,853.19,7
2026-01-02 11:03:00,853.04,853.04,852.53,852.59,20
2026-01-02 11:04:00,853.08,853.08,852.95,852.95,4
2026-01-02 11:05:00,852.77,852.77,852.05,852.05,4
2026-01-02 11:06:00,851.96,851.97,851.95,851.97,2
2026-01-02 11:07:00,851.85,851.96,850.58,850.58,56
2026-01-02 11:08:00,849.47,849.47,849.0,849.47,5
2026-01-02 11:09:00,848.53,848.64,848.53,848.62,12
2026-01-02 11:10:00,848.9,850.21,848.9,850.21,16
2026-01-02 11:11:00,849.95,849.95,849.94,849.95,1
2026-01-02 11:12:00,849.18,849.18,849.18,849.18,1
2026-01-02 11:13:00,849.18,849.18,849.18,849.18,0
2026-01-02 11:14:00,849.21,849.21,849.2,849.21,1
2026-01-02 11:15:00,849.44,849.56,849.44,849.56,3
2026-01-02 11:16:00,849.57,849.58,849.55,849.55,2
2026-01-02 11:17:00,849.92,850.03,849.92,850.03,2
2026-01-02 11:18:00,849.54,849.54,849.53,849.53,2
2026-01-02 11:19:00,849.98,850.33,849.67,850.33,12
2026-01-02 11:20:00,850.26,850.26,850.0,850.0,3
2026-01-02 11:21:00,850.0,850.0,850.0,850.0,0
2026-01-02 11:22:00,850.2,850.25,850.08,850.08,3
2026-01-02 11:23:00,849.89,849.89,849.89,849.89,2
2026-01-02 11:24:00,849.89,849.89,849.89,849.89,0
2026-01-02 11:25:00,849.89,849.89,849.89,849.89,0
2026-01-02 11:26:00,849.89,849.89,849.89,849.89,0
2026-01-02 11:27:00,849.89,849.89,849.89,849.89,0
2026-01-02 11:28:00,849.56,849.71,849.56,849.71,2
2026-01-02 11:29:00,849.27,849.27,849.27,849.27,1
2026-01-02 11:30:00,848.95,850.15,848.9,849.86,74
2026-01-02 11:31:00,849.5,849.51,848.78,849.51,30
2026-01-02 11:32:00,849.5,849.51,848.91,849.5,58
2026-01-02 11:33:00,848.74,849.33,848.18,849.33,19
2026-01-02 11:34:00,849.4,850.51,849.17,850.17,106
2026-01-02 11:35:00,849.56,851.28,849.56,851.28,48
2026-01-02 11:36:00,851.02,851.28,851.02,851.28,2
2026-01-02 11:37:00,850.93,850.93,850.93,850.93,2
2026-01-02 11:38:00,852.19,852.19,852.19,852.19,1
2026-01-02 11:39:00,852.19,852.19,852.19,852.19,2
2026-01-02 11:40:00,852.19,852.35,850.92,852.29,4
2026-01-02 11:41:00,852.24,852.24,850.92,850.92,7
2026-01-02 11:42:00,850.92,850.92,850.92,850.92,8
2026-01-02 11:43:00,852.07,852.07,852.07,852.07,1
2026-01-02 11:44:00,852.35,852.35,852.35,852.35,1
2026-01-02 11:45:00,852.26,852.26,852.26,852.26,1
2026-01-02 11:46:00,852.26,852.26,852.26,852.26,2
2026-01-02 11:47:00,853.19,853.19,853.1,853.1,3
2026-01-02 11:48:00,852.98,852.98,852.98,852.98,1
2026-01-02 11:49:00,853.12,853.12,852.96,852.96,2
2026-01-02 11:50:00,851.64,853.16,851.64,853.16,3
2026-01-02 11:51:00,853.24,853.24,853.06,853.06,3
2026-01-02 11:52:00,853.16,853.16,851.93,851.94,3
2026-01-02 11:53:00,852.99,852.99,852.99,852.99,1
2026-01-02 11:54:00,852.89,853.18,852.89,853.18,3
2026-01-02 11:55:00,852.86,853.25,851.69,853.25,3
2026-01-02 11:56:00,853.06,853.06,851.93,851.94,3
2026-01-02 11:57:00,852.79,852.99,852.53,852.99,4
2026-01-02 11:58:00,851.9,851.9,851.89,851.9,3
2026-01-02 11:59:00,851.9,851.9,851.9,851.9,0
2026-01-02 12:00:00,851.9,851.9,851.89,851.9,1
2026-01-02 12:01:00,851.9,851.9,851.89,851.9,3
2026-01-02 12:02:00,851.9,851.9,851.9,851.9,0
2026-01-02 12:03:00,850.52,851.9,850.31,850.59,14
2026-01-02 12:04:00,849.71,849.71,849.7,849.71,2
2026-01-02 12:05:00,849.71,849.71,849.71,849.71,0
2026-01-02 12:06:00,849.71,849.71,849.71,849.71,0
2026-01-02 12:07:00,850.42,850.42,850.42,850.42,1
2026-01-02 12:08:00,849.7,849.7,849.7,849.7,2
2026-01-02 12:09:00,849.7,849.7,849.7,849.7,0
2026-01-02 12:10:00,850.45,850.45,850.45,850.45,1
2026-01-02 12:11:00,850.45,850.45,850.45,850.45,0
2026-01-02 12:12:00,850.45,850.45,850.45,850.45,0
2026-01-02 12:13:00,850.69,850.69,850.69,850.69,1
2026-01-02 12:14:00,850.69,850.69,850.69,850.69,0
2026-01-02 12:15:00,850.69,850.69,850.69,850.69,0
2026-01-02 12:16:00,850.69,850.69,850.69,850.69,0
2026-01-02 12:17:00,851.36,851.36,851.36,851.36,1
2026-01-02 12:18:00,850.46,851.64,850.46,851.64,3
2026-01-02 12:19:00,851.64,851.64,851.64,851.64,0
2026-01-02 12:20:00,850.2,850.2,850.2,850.2,2
2026-01-02 12:21:00,850.2,850.2,850.2,850.2,0
2026-01-02 12:22:00,850.2,850.2,850.2,850.2,0
2026-01-02 12:23:00,850.2,850.2,850.2,850.2,0
2026-01-02 12:24:00,850.51,850.52,848.61,849.37,16
2026-01-02 12:25:00,848.74,848.94,848.54,848.76,10
2026-01-02 12:26:00,848.76,848.76,848.76,848.76,0
2026-01-02 12:27:00,848.76,848.76,848.76,848.76,0
2026-01-02 12:28:00,848.76,848.76,848.76,848.76,0
2026-01-02 12:29:00,848.76,848.76,848.76,848.76,0
2026-01-02 12:30:00,848.76,848.76,848.76,848.76,0
2026-01-02 12:31:00,848.76,848.76,848.76,848.76,0
2026-01-02 12:32:00,847.4,847.4,847.39,847.4,3
2026-01-02 12:33:00,847.4,847.4,847.4,847.4,0
2026-01-02 12:34:00,847.4,847.4,847.4,847.4,0
2026-01-02 12:35:00,847.4,847.4,847.4,847.4,0
2026-01-02 12:36:00,847.4,847.4,847.4,847.4,0
2026-01-02 12:37:00,848.15,848.15,848.15,848.15,1
2026-01-02 12:38:00,848.15,848.15,848.15,848.15,0
2026-01-02 12:39:00,848.15,848.15,848.15,848.15,0
2026-01-02 12:40:00,848.15,848.15,848.15,848.15,0
2026-01-02 12:41:00,848.15,848.15,848.15,848.15,0
2026-01-02 12:42:00,848.15,848.15,848.15,848.15,0
2026-01-02 12:43:00,848.15,848.15,848.15,848.15,0
2026-01-02 12:44:00,848.26,848.26,847.16,847.16,2
2026-01-02 12:45:00,847.19,848.32,847.19,847.4,7
2026-01-02 12:46:00,847.4,847.4,847.4,847.4,0
2026-01-02 12:47:00,847.4,847.4,847.4,847.4,0
2026-01-02 12:48:00,847.02,847.02,847.02,847.02,1
2026-01-02 12:49:00,847.02,847.02,847.02,847.02,0
2026-01-02 12:50:00,847.02,847.02,847.02,847.02,0
2026-01-02 12:51:00,847.02,847.02,847.02,847.02,0
2026-01-02 12:52:00,847.13,847.14,847.13,847.13,1
2026-01-02 12:53:00,847.13,847.14,847.13,847.13,1
2026-01-02 12:54:00,847.2,847.2,847.12,847.12,2
2026-01-02 12:55:00,847.12,847.12,847.12,847.12,0
2026-01-02 12:56:00,847.12,847.12,847.12,847.12,0
2026-01-02 12:57:00,848.1,848.1,848.1,848.1,1
2026-01-02 12:58:00,848.1,848.1,848.1,848.1,0
2026-01-02 12:59:00,848.1,848.1,848.1,848.1,0
2026-01-02 13:00:00,848.1,848.1,848.1,848.1,0
2026-01-02 13:01:00,848.1,848.1,848.1,848.1,0
2026-01-02 13:02:00,846.52,846.52,846.52,846.52,1
2026-01-02 13:03:00,846.52,846.52,846.52,846.52,0
2026-01-02 13:04:00,846.83,846.83,846.82,846.83,2
2026-01-02 13:05:00,846.83,846.83,846.82,846.83,1
2026-01-02 13:06:00,846.83,846.83,846.83,846.83,2
2026-01-02 13:07:00,846.83,846.83,846.83,846.83,0
2026-01-02 13:08:00,846.84,846.84,846.84,846.84,1
2026-01-02 13:09:00,846.84,846.84,846.84,846.84,3
2026-01-02 13:10:00,846.84,846.84,846.84,846.84,0
2026-01-02 13:11:00,846.84,846.84,846.84,846.84,0
2026-01-02 13:12:00,846.84,846.84,846.84,846.84,0
2026-01-02 13:13:00,846.84,846.84,846.84,846.84,0
2026-01-02 13:14:00,846.83,846.83,846.82,846.83,1
2026-01-02 13:15:00,846.83,846.83,846.83,846.83,0
2026-01-02 13:16:00,846.83,846.83,846.82,846.83,1
2026-01-02 13:17:00,846.83,846.83,846.83,846.83,0
2026-01-02 13:18:00,846.83,846.83,846.83,846.83,0
2026-01-02 13:19:00,847.58,847.64,847.58,847.64,3
2026-01-02 13:20:00,847.64,847.64,847.64,847.64,0
2026-01-02 13:21:00,848.22,848.45,848.22,848.45,2
2026-01-02 13:22:00,848.2,848.2,847.0,847.0,3
2026-01-02 13:23:00,847.0,847.0,847.0,847.0,0
2026-01-02 13:24:00,847.0,847.0,847.0,847.0,0
2026-01-02 13:25:00,847.0,847.0,847.0,847.0,0
2026-01-02 13:26:00,846.22,846.61,845.72,846.0,10
2026-01-02 13:27:00,846.0,846.0,846.0,846.0,0
2026-01-02 13:28:00,845.75,845.75,845.75,845.75,1
2026-01-02 13:29:00,845.75,845.75,845.75,845.75,0
2026-01-02 13:30:00,845.75,845.76,845.75,845.75,2
2026-01-02 13:31:00,846.07,846.07,845.75,845.75,6
2026-01-02 13:32:00,845.75,845.75,845.75,845.75,0
2026-01-02 13:33:00,845.18,845.75,845.12,845.75,5
2026-01-02 13:34:00,844.94,844.94,844.69,844.7,7
2026-01-02 13:35:00,844.7,844.7,844.7,844.7,0
2026-01-02 13:36:00,844.06,844.06,843.46,843.68,15
2026-01-02 13:37:00,843.68,843.68,843.68,843.68,0
2026-01-02 13:38:00,843.68,843.68,843.68,843.68,0
2026-01-02 13:39:00,843.68,843.68,843.68,843.68,0
2026-01-02 13:40:00,844.03,844.03,843.62,843.62,3
2026-01-02 13:41:00,843.62,843.62,843.62,843.62,0
2026-01-02 13:42:00,843.05,843.05,841.64,842.52,46
2026-01-02 13:43:00,842.19,842.19,842.18,842.19,1
2026-01-02 13:44:00,839.85,839.85,839.85,839.85,1
2026-01-02 13:45:00,839.78,839.78,839.78,839.78,2
2026-01-02 13:46:00,839.78,839.78,839.78,839.78,0
2026-01-02 13:47:00,839.78,839.78,839.78,839.78,0
2026-01-02 13:48:00,839.78,839.78,839.78,839.78,0
2026-01-02 13:49:00,839.78,839.78,839.78,839.78,0
2026-01-02 13:50:00,839.78,839.78,839.78,839.78,0
2026-01-02 13:51:00,839.78,839.78,839.78,839.78,0
2026-01-02 13:52:00,839.51,839.85,839.51,839.85,3
2026-01-02 13:53:00,839.85,839.85,839.85,839.85,0
2026-01-02 13:54:00,839.85,839.85,839.85,839.85,0
2026-01-02 13:55:00,839.85,839.85,839.85,839.85,0
2026-01-02 13:56:00,839.85,839.85,839.85,839.85,0
2026-01-02 13:57:00,839.85,839.85,839.85,839.85,0
2026-01-02 13:58:00,840.13,840.39,840.13,840.39,2
2026-01-02 13:59:00,841.38,841.38,841.38,841.38,2
2026-01-02 14:00:00,841.38,841.38,841.38,841.38,0
2026-01-02 14:01:00,842.39,842.39,841.24,841.24,28
2026-01-02 14:02:00,840.64,840.64,840.64,840.64,4
2026-01-02 14:03:00,840.64,840.64,840.64,840.64,0
2026-01-02 14:04:00,840.64,840.64,840.64,840.64,0
2026-01-02 14:05:00,842.99,842.99,842.98,842.99,1
2026-01-02 14:06:00,842.99,842.99,842.99,842.99,0
2026-01-02 14:07:00,842.98,842.98,841.51,842.98,4
2026-01-02 14:08:00,842.88,842.9,842.88,842.9,2
2026-01-02 14:09:00,842.9,842.9,842.9,842.9,0
2026-01-02 14:10:00,842.9,842.9,842.9,842.9,0
2026-01-02 14:11:00,842.92,842.92,841.63,841.97,44
2026-01-02 14:12:00,841.97,841.97,841.97,841.97,0
2026-01-02 14:13:00,841.97,841.97,841.97,841.97,0
2026-01-02 14:14:00,841.97,841.97,841.97,841.97,0
2026-01-02 14:15:00,841.85,841.88,839.6,840.0,111
2026-01-02 14:16:00,840.0,840.0,840.0,840.0,0
2026-01-02 14:17:00,840.0,840.0,840.0,840.0,0
2026-01-02 14:18:00,840.0,840.0,840.0,840.0,0
2026-01-02 14:19:00,840.0,840.0,840.0,840.0,0
2026-01-02 14:20:00,839.63,841.5,839.63,841.45,21
2026-01-02 14:21:00,841.17,841.17,841.17,841.17,1
2026-01-02 14:22:00,839.84,839.84,839.83,839.84,1
2026-01-02 14:23:00,839.84,839.84,839.84,839.84,0
2026-01-02 14:24:00,841.21,842.18,841.21,842.18,2
2026-01-02 14:25:00,841.72,843.13,841.35,841.92,200
2026-01-02 14:26:00,841.92,841.92,841.92,841.92,0
2026-01-02 14:27:00,839.67,839.67,839.67,839.67,112
2026-01-02 14:28:00,840.67,840.67,840.67,840.67,1
2026-01-02 14:29:00,840.67,840.67,840.67,840.67,0
2026-01-02 14:30:00,840.67,840.67,840.67,840.67,0
2026-01-02 14:31:00,840.67,840.67,840.67,840.67,0
2026-01-02 14:32:00,840.67,840.67,840.67,840.67,0
2026-01-02 14:33:00,840.67,840.67,840.67,840.67,0
2026-01-02 14:34:00,843.43,843.43,842.73,842.84,3
2026-01-02 14:35:00,842.23,842.23,842.22,842.23,2
2026-01-02 14:36:00,843.78,843.78,842.81,842.81,2
2026-01-02 14:37:00,843.18,843.18,843.18,843.18,1
2026-01-02 14:38:00,843.18,844.15,843.18,844.15,5
2026-01-02 14:39:00,844.15,844.15,844.15,844.15,0
2026-01-02 14:40:00,844.15,844.15,844.15,844.15,0
2026-01-02 14:41:00,843.03,843.05,842.89,842.91,104
2026-01-02 14:42:00,843.0,843.0,843.0,843.0,15
2026-01-02 14:43:00,843.0,843.0,843.0,843.0,0
2026-01-02 14:44:00,843.0,843.0,843.0,843.0,0
2026-01-02 14:45:00,843.0,843.0,843.0,843.0,0
2026-01-02 14:46:00,843.0,843.0,843.0,843.0,0
2026-01-02 14:47:00,843.0,843.0,843.0,843.0,0
2026-01-02 14:48:00,843.0,843.0,843.0,843.0,0
2026-01-02 14:49:00,842.3,842.84,842.02,842.84,3
2026-01-02 14:50:00,842.11,842.11,842.11,842.11,1
2026-01-02 14:51:00,842.11,842.11,842.11,842.11,0
2026-01-02 14:52:00,842.12,842.31,842.12,842.31,3
2026-01-02 14:53:00,842.12,842.13,841.84,842.13,5
2026-01-02 14:54:00,841.8,841.9,841.8,841.9,2
2026-01-02 14:55:00,841.9,841.9,841.9,841.9,0
2026-01-02 14:56:00,841.9,841.9,841.9,841.9,0
2026-01-02 14:57:00,841.49,841.62,841.49,841.62,2
2026-01-02 14:58:00,841.97,841.97,841.96,841.97,1
2026-01-02 14:59:00,841.97,841.97,841.97,841.97,0
2026-01-02 15:00:00,842.0,842.34,841.82,841.83,4
2026-01-02 15:01:00,841.93,842.39,841.93,842.39,3
2026-01-02 15:02:00,843.0,843.0,843.0,843.0,1
2026-01-02 15:03:00,843.0,843.0,843.0,843.0,0
2026-01-02 15:04:00,843.45,843.45,843.08,843.08,5
2026-01-02 15:05:00,842.62,842.63,842.04,842.11,13
2026-01-02 15:06:00,842.11,842.11,842.11,842.11,0
2026-01-02 15:07:00,842.11,842.11,842.11,842.11,0
2026-01-02 15:08:00,842.94,842.94,842.83,842.84,5
2026-01-02 15:09:00,843.0,843.0,843.0,843.0,1
2026-01-02 15:10:00,842.5,842.7,842.05,842.05,98
2026-01-02 15:11:00,842.05,842.05,842.05,842.05,0
2026-01-02 15:12:00,841.94,841.94,841.04,841.04,14
2026-01-02 15:13:00,841.04,841.04,841.04,841.04,0
2026-01-02 15:14:00,840.25,840.26,840.25,840.25,1
2026-01-02 15:15:00,840.88,840.88,840.88,840.88,1
2026-01-02 15:16:00,840.88,840.88,840.88,840.88,0
2026-01-02 15:17:00,841.26,841.27,841.26,841.26,3
2026-01-02 15:18:00,841.26,841.26,841.26,841.26,0
2026-01-02 15:19:00,841.58,841.58,841.58,841.58,1
2026-01-02 15:20:00,841.97,842.08,841.97,842.07,3
2026-01-02 15:21:00,842.08,842.08,841.98,841.98,10
2026-01-02 15:22:00,841.98,841.98,841.98,841.98,0
2026-01-02 15:23:00,841.73,841.73,841.73,841.73,1
2026-01-02 15:24:00,841.67,841.67,841.57,841.6,3
2026-01-02 15:25:00,841.18,841.18,841.18,841.18,2
2026-01-02 15:26:00,841.19,841.19,841.19,841.19,1
2026-01-02 15:27:00,841.09,841.09,841.09,841.09,1
2026-01-02 15:28:00,841.09,841.09,841.09,841.09,2
2026-01-02 15:29:00,841.09,841.09,841.09,841.09,0
2026-01-02 15:30:00,840.68,840.68,840.68,840.68,1
2026-01-02 15:31:00,840.68,840.68,840.68,840.68,0
2026-01-02 15:32:00,841.62,841.62,841.62,841.62,1
2026-01-02 15:33:00,841.63,841.63,841.62,841.63,1
2026-01-02 15:34:00,841.66,841.66,841.66,841.66,2
2026-01-02 15:35:00,840.95,840.95,840.72,840.72,3
2026-01-02 15:36:00,840.57,840.57,840.57,840.57,1
2026-01-02 15:37:00,840.46,841.62,840.46,841.62,3
2026-01-02 15:38:00,840.54,840.54,840.54,840.54,1
2026-01-02 15:39:00,840.54,840.54,840.54,840.54,0
2026-01-02 15:40:00,840.54,840.54,840.54,840.54,0
2026-01-02 15:41:00,841.43,841.43,840.47,840.47,3
2026-01-02 15:42:00,840.48,841.8,840.47,840.47,5
2026-01-02 15:43:00,840.69,841.11,840.46,841.11,10
2026-01-02 15:44:00,841.21,841.21,840.03,840.03,3
2026-01-02 15:45:00,840.03,840.03,840.03,840.03,0
2026-01-02 15:46:00,841.46,841.46,841.45,841.46,2
2026-01-02 15:47:00,840.92,840.92,840.92,840.92,1
2026-01-02 15:48:00,841.74,841.74,841.07,841.07,13
2026-01-02 15:49:00,840.86,840.86,840.86,840.86,5
2026-01-02 15:50:00,840.12,840.48,839.32,839.44,39
2026-01-02 15:51:00,840.49,841.04,840.49,841.0,7
2026-01-02 15:52:00,841.36,841.36,841.32,841.36,15
2026-01-02 15:53:00,841.19,841.19,841.18,841.19,4
2026-01-02 15:54:00,841.19,841.19,841.18,841.19,2
2026-01-02 15:55:00,839.96,841.41,839.77,839.77,17
2026-01-02 15:56:00,839.93,841.1,839.91,840.38,19
2026-01-02 15:57:00,840.47,841.0,840.19,841.0,23
2026-01-02 15:58:00,841.0,841.12,839.84,840.2,139
2026-01-02 15:59:00,840.0,841.07,839.82,840.25,114
2026-01-05 09:30:00,835.05,835.53,829.9,831.6,103
2026-01-05 09:31:00,830.12,830.99,828.96,829.0,115
2026-01-05 09:32:00,828.41,831.52,828.4,831.06,44
2026-01-05 09:33:00,830.98,830.98,828.24,828.43,53
2026-01-05 09:34:00,828.43,828.48,823.74,824.88,111
2026-01-05 09:35:00,824.81,824.81,819.4,820.47,80
2026-01-05 09:36:00,820.99,822.23,819.77,819.86,51
2026-01-05 09:37:00,819.99,819.99,817.51,817.51,52
2026-01-05 09:38:00,817.15,818.37,816.21,817.61,34
2026-01-05 09:39:00,818.24,818.74,818.24,818.73,3
2026-01-05 09:40:00,818.44,818.6,817.26,818.6,115
2026-01-05 09:41:00,819.04,819.4,817.41,818.0,131
2026-01-05 09:42:00,818.0,821.57,818.0,819.49,126
2026-01-05 09:43:00,819.11,819.12,817.93,818.0,71
2026-01-05 09:44:00,818.14,819.68,818.14,819.04,13
2026-01-05 09:45:00,819.77,820.56,819.56,820.41,10
2026-01-05 09:46:00,820.59,823.12,820.59,823.11,27
2026-01-05 09:47:00,823.49,823.49,820.76,820.95,49
2026-01-05 09:48:00,820.75,820.75,819.5,819.5,11
2026-01-05 09:49:00,819.15,819.48,818.84,819.48,16
2026-01-05 09:50:00,818.61,818.61,815.12,817.61,155
2026-01-05 09:51:00,818.01,818.77,815.28,818.0,669
2026-01-05 09:52:00,818.0,818.0,816.85,816.85,60
2026-01-05 09:53:00,817.63,817.63,817.2,817.2,14
2026-01-05 09:54:00,817.26,817.26,814.25,814.25,42
2026-01-05 09:55:00,814.32,815.76,814.32,815.75,17
2026-01-05 09:56:00,815.35,815.35,813.34,813.35,44
2026-01-05 09:57:00,813.82,814.17,812.1,812.1,73
2026-01-05 09:58:00,811.91,812.26,810.52,811.17,92
2026-01-05 09:59:00,812.08,812.08,812.08,812.08,2
2026-01-05 10:00:00,811.42,811.44,809.04,809.38,37
2026-01-05 10:01:00,809.9,810.97,809.9,810.97,29
2026-01-05 10:02:00,810.54,811.91,810.06,811.34,38
2026-01-05 10:03:00,811.55,813.45,811.43,811.43,17
2026-01-05 10:04:00,812.19,812.48,809.97,810.01,37
2026-01-05 10:05:00,810.64,810.64,810.64,810.64,1
2026-01-05 10:06:00,811.26,812.34,810.41,810.41,34
2026-01-05 10:07:00,810.0,810.0,809.38,809.38,7
2026-01-05 10:08:00,809.82,809.83,809.82,809.82,4
2026-01-05 10:09:00,810.15,810.98,810.15,810.44,7
2026-01-05 10:10:00,809.85,810.0,809.85,809.98,6
2026-01-05 10:11:00,809.65,809.65,808.62,808.91,10
2026-01-05 10:12:00,809.2,809.32,808.52,809.32,9
2026-01-05 10:13:00,810.0,810.05,808.9,808.9,7
2026-01-05 10:14:00,808.52,809.32,807.49,809.29,79
2026-01-05 10:15:00,809.96,810.28,808.05,808.05,35
2026-01-05 10:16:00,807.53,808.8,807.53,807.9,4
2026-01-05 10:17:00,807.59,807.59,806.82,806.82,20
2026-01-05 10:18:00,806.79,806.79,806.79,806.79,1
2026-01-05 10:19:00,806.03,807.02,805.37,806.88,33
2026-01-05 10:20:00,806.42,808.15,806.38,807.74,29
2026-01-05 10:21:00,806.84,806.84,806.18,806.18,20
2026-01-05 10:22:00,805.87,807.24,805.68,806.69,12
2026-01-05 10:23:00,806.78,807.07,806.01,806.01,21
2026-01-05 10:24:00,806.6,807.06,806.6,807.06,4
2026-01-05 10:25:00,805.88,805.88,805.0,805.2,5
2026-01-05 10:26:00,805.07,805.07,804.6,804.6,5
2026-01-05 10:27:00,804.35,805.94,804.0,805.94,133
2026-01-05 10:28:00,805.41,805.41,804.11,804.12,31
2026-01-05 10:29:00,804.43,805.14,804.42,805.14,3
2026-01-05 10:30:00,805.0,805.62,804.69,804.69,9
2026-01-05 10:31:00,804.11,804.71,803.91,803.91,17
2026-01-05 10:32:00,803.17,803.22,802.52,802.52,44
2026-01-05 10:33:00,803.03,803.03,802.14,802.14,37
2026-01-05 10:34:00,802.23,804.19,802.23,804.18,8
2026-01-05 10:35:00,803.71,803.75,803.71,803.75,2
2026-01-05 10:36:00,803.39,803.4,803.06,803.06,2
2026-01-05 10:37:00,802.93,803.44,802.93,803.44,3
2026-01-05 10:38:00,803.44,803.44,803.44,803.44,0
2026-01-05 10:39:00,803.62,803.73,803.61,803.61,4
2026-01-05 10:40:00,803.58,803.95,802.81,802.81,9
2026-01-05 10:41:00,802.1,803.86,802.0,803.06,33
2026-01-05 10:42:00,803.06,803.06,803.06,803.06,0
2026-01-05 10:43:00,803.77,804.45,803.53,803.87,18
2026-01-05 10:44:00,803.86,803.86,803.03,803.03,41
2026-01-05 10:45:00,802.92,803.13,801.61,801.61,10
2026-01-05 10:46:00,801.15,802.71,801.15,802.39,6
2026-01-05 10:47:00,802.39,802.39,802.39,802.39,0
2026-01-05 10:48:00,802.85,802.85,802.84,802.84,3
2026-01-05 10:49:00,802.54,802.54,802.54,802.54,4
2026-01-05 10:50:00,802.1,802.1,802.09,802.1,7
2026-01-05 10:51:00,802.15,802.15,802.01,802.01,2
2026-01-05 10:52:00,801.46,801.53,800.92,801.53,9
2026-01-05 10:53:00,801.41,801.71,801.4,801.71,14
2026-01-05 10:54:00,802.56,802.56,801.42,801.42,3
2026-01-05 10:55:00,802.32,802.33,802.32,802.32,1
2026-01-05 10:56:00,801.81,801.81,801.81,801.81,1
2026-01-05 10:57:00,801.99,803.43,801.4,801.4,194
2026-01-05 10:58:00,802.05,802.56,802.05,802.56,4
2026-01-05 10:59:00,802.55,802.91,802.55,802.91,4
2026-01-05 11:00:00,802.48,802.48,801.46,801.46,14
2026-01-05 11:01:00,801.17,801.17,800.25,800.39,5
2026-01-05 11:02:00,800.75,800.75,799.91,799.91,11
2026-01-05 11:03:00,799.96,799.96,799.96,799.96,1
2026-01-05 11:04:00,800.54,801.04,800.53,800.81,4
2026-01-05 11:05:00,800.95,801.07,800.29,800.29,11
2026-01-05 11:06:00,799.91,799.91,799.91,799.91,1
2026-01-05 11:07:00,799.61,799.61,799.61,799.61,1
2026-01-05 11:08:00,800.13,800.14,800.13,800.13,6
2026-01-05 11:09:00,800.32,801.5,800.28,800.28,19
2026-01-05 11:10:00,800.0,800.0,799.69,799.83,13
2026-01-05 11:11:00,799.92,800.03,799.66,799.74,23
2026-01-05 11:12:00,799.88,800.36,799.69,800.36,57
2026-01-05 11:13:00,800.06,800.39,799.91,800.0,32
2026-01-05 11:14:00,800.0,800.71,798.9,798.9,119
2026-01-05 11:15:00,798.89,798.9,797.97,797.97,13
2026-01-05 11:16:00,797.92,798.57,797.91,798.57,4
2026-01-05 11:17:00,798.26,798.65,797.52,798.29,19
2026-01-05 11:18:00,797.84,798.01,797.0,797.0,13
2026-01-05 11:19:00,797.58,797.58,796.76,796.76,2
2026-01-05 11:20:00,797.45,797.5,796.72,796.72,16
2026-01-05 11:21:00,796.59,796.59,796.23,796.23,6
2026-01-05 11:22:00,795.69,796.18,795.27,796.17,77
2026-01-05 11:23:00,795.67,795.86,795.56,795.56,19
2026-01-05 11:24:00,795.62,796.09,795.02,795.08,288
2026-01-05 11:25:00,795.13,796.65,795.02,795.61,53
2026-01-05 11:26:00,795.4,796.86,795.02,796.86,37
2026-01-05 11:27:00,798.46,798.46,797.93,797.93,6
2026-01-05 11:28:00,798.68,798.68,798.25,798.31,9
2026-01-05 11:29:00,797.77,797.77,796.09,796.1,15
2026-01-05 11:30:00,796.6,796.97,796.6,796.68,6
2026-01-05 11:31:00,796.33,796.49,796.0,796.49,65
2026-01-05 11:32:00,795.64,798.55,795.54,798.55,34
2026-01-05 11:33:00,798.0,798.35,797.91,797.91,18
2026-01-05 11:34:00,796.78,799.0,796.77,799.0,161
2026-01-05 11:35:00,800.0,800.8,799.81,800.2,54
2026-01-05 11:36:00,800.52,800.85,799.64,800.39,75
2026-01-05 11:37:00,800.39,800.39,800.39,800.39,0
2026-01-05 11:38:00,800.79,801.34,800.58,800.59,19
2026-01-05 11:39:00,800.56,801.27,800.06,800.8,50
2026-01-05 11:40:00,799.92,800.2,799.92,800.2,5
2026-01-05 11:41:00,800.2,800.87,800.2,800.87,21
2026-01-05 11:42:00,801.0,801.99,799.98,800.41,107
2026-01-05 11:43:00,799.98,800.26,799.13,799.25,47
2026-01-05 11:44:00,798.3,798.31,797.07,797.07,15
2026-01-05 11:45:00,797.01,797.01,796.26,796.68,6
2026-01-05 11:46:00,796.35,796.39,796.35,796.38,3
2026-01-05 11:47:00,796.38,796.38,796.38,796.38,0
2026-01-05 11:48:00,795.65,795.66,795.02,795.65,25
2026-01-05 11:49:00,795.02,795.02,793.68,793.68,14
2026-01-05 11:50:00,793.68,793.68,793.68,793.68,0
2026-01-05 11:51:00,793.68,793.68,793.68,793.68,0
2026-01-05 11:52:00,793.08,793.86,791.89,792.36,48
2026-01-05 11:53:00,791.62,791.63,791.62,791.62,3
2026-01-05 11:54:00,792.36,792.36,792.36,792.36,7
2026-01-05 11:55:00,791.63,791.63,791.63,791.63,1
2026-01-05 11:56:00,792.36,794.85,792.36,793.63,65
2026-01-05 11:57:00,795.47,795.87,794.91,794.91,10
2026-01-05 11:58:00,795.22,795.8,795.22,795.8,17
2026-01-05 11:59:00,797.46,797.46,796.88,797.46,16
2026-01-05 12:00:00,798.2,799.27,796.5,799.26,21
2026-01-05 12:01:00,799.26,799.26,799.26,799.26,0
2026-01-05 12:02:00,799.26,799.26,799.26,799.26,0
2026-01-05 12:03:00,800.38,800.38,800.38,800.38,1
2026-01-05 12:04:00,800.63,803.51,799.26,803.51,148
2026-01-05 12:05:00,803.87,803.87,801.66,802.54,20
2026-01-05 12:06:00,802.18,802.18,802.18,802.18,1
2026-01-05 12:07:00,802.18,802.18,802.18,802.18,1
2026-01-05 12:08:00,802.18,802.18,802.18,802.18,0
2026-01-05 12:09:00,802.24,802.24,802.24,802.24,5
2026-01-05 12:10:00,802.24,802.24,802.24,802.24,0
2026-01-05 12:11:00,802.0,802.0,800.57,801.9,3
2026-01-05 12:12:00,801.99,801.99,801.99,801.99,1
2026-01-05 12:13:00,801.99,801.99,801.99,801.99,1
2026-01-05 12:14:00,801.99,801.99,801.99,801.99,1
2026-01-05 12:15:00,799.82,799.82,799.82,799.82,1
2026-01-05 12:16:00,799.82,799.82,799.82,799.82,0
2026-01-05 12:17:00,801.27,801.28,800.82,801.28,8
2026-01-05 12:18:00,799.12,799.12,798.82,798.82,10
2026-01-05 12:19:00,798.2,798.2,797.72,797.72,3
2026-01-05 12:20:00,799.33,799.33,799.33,799.33,1
2026-01-05 12:21:00,799.33,799.33,799.33,799.33,0
2026-01-05 12:22:00,799.33,799.33,799.33,799.33,0
2026-01-05 12:23:00,798.86,800.49,798.86,800.49,38
2026-01-05 12:24:00,799.68,799.68,798.42,798.42,3
2026-01-05 12:25:00,800.78,800.78,800.77,800.78,1
2026-01-05 12:26:00,800.78,800.78,800.78,800.78,0
2026-01-05 12:27:00,800.78,800.78,800.77,800.78,2
2026-01-05 12:28:00,799.05,800.66,798.42,800.65,6
2026-01-05 12:29:00,800.65,800.65,800.65,800.65,0
2026-01-05 12:30:00,800.65,800.65,800.65,800.65,0
2026-01-05 12:31:00,798.43,798.43,798.43,798.43,1
2026-01-05 12:32:00,800.78,800.78,800.77,800.78,1
2026-01-05 12:33:00,800.75,800.76,800.75,800.75,1
2026-01-05 12:34:00,800.77,800.77,798.42,800.43,24
2026-01-05 12:35:00,798.53,798.53,798.37,798.37,11
2026-01-05 12:36:00,799.1,799.95,799.1,799.95,2
2026-01-05 12:37:00,799.95,799.95,799.95,799.95,0
2026-01-05 12:38:00,799.95,799.95,799.95,799.95,0
2026-01-05 12:39:00,798.9,798.9,798.9,798.9,1
2026-01-05 12:40:00,798.7,798.7,798.65,798.65,4
2026-01-05 12:41:00,798.65,799.55,798.65,798.74,6
2026-01-05 12:42:00,798.65,798.65,797.56,798.25,14
2026-01-05 12:43:00,799.29,800.06,799.29,799.64,23
2026-01-05 12:44:00,799.84,799.84,799.84,799.84,8
2026-01-05 12:45:00,799.72,800.46,799.27,799.27,12
2026-01-05 12:46:00,800.09,800.64,799.4,800.21,111
2026-01-05 12:47:00,799.76,802.31,799.7,802.24,181
2026-01-05 12:48:00,801.25,801.35,801.24,801.35,3
2026-01-05 12:49:00,802.31,802.32,802.31,802.32,3
2026-01-05 12:50:00,802.32,802.32,802.31,802.32,6
2026-01-05 12:51:00,802.0,802.0,799.96,799.96,11
2026-01-05 12:52:00,800.9,800.9,800.9,800.9,1
2026-01-05 12:53:00,800.38,800.43,799.85,799.85,3
2026-01-05 12:54:00,800.38,800.38,800.25,800.25,5
2026-01-05 12:55:00,799.99,799.99,798.82,798.82,52
2026-01-05 12:56:00,799.41,799.79,799.41,799.79,6
2026-01-05 12:57:00,799.35,799.35,799.35,799.35,1
2026-01-05 12:58:00,800.16,800.16,800.15,800.16,1
2026-01-05 12:59:00,799.6,799.6,799.6,799.6,2
2026-01-05 13:00:00,799.56,799.78,798.92,799.15,18
2026-01-05 13:01:00,798.75,798.75,798.75,798.75,1
2026-01-05 13:02:00,800.0,800.01,799.27,799.28,2
2026-01-05 13:03:00,799.3,800.34,799.3,800.34,4
2026-01-05 13:04:00,799.55,799.57,799.55,799.57,6
2026-01-05 13:05:00,799.57,799.57,799.57,799.57,0
2026-01-05 13:06:00,798.9,799.78,798.9,799.23,4
2026-01-05 13:07:00,799.45,800.1,799.45,800.1,4
2026-01-05 13:08:00,799.45,799.45,799.34,799.35,4
2026-01-05 13:09:00,799.25,799.25,799.25,799.25,1
2026-01-05 13:10:00,798.94,799.13,798.94,799.13,7
2026-01-05 13:11:00,798.3,798.3,798.3,798.3,1
2026-01-05 13:12:00,799.77,799.78,799.56,799.56,6
2026-01-05 13:13:00,799.56,799.56,799.56,799.56,0
2026-01-05 13:14:00,799.16,799.47,799.16,799.47,9
2026-01-05 13:15:00,799.33,799.37,799.28,799.33,6
2026-01-05 13:16:00,798.41,798.89,798.38,798.81,14
2026-01-05 13:17:00,798.29,798.84,798.29,798.83,4
2026-01-05 13:18:00,798.02,798.35,797.78,798.35,13
2026-01-05 13:19:00,797.93,797.97,797.64,797.93,6
2026-01-05 13:20:00,797.93,797.93,797.93,797.93,0
2026-01-05 13:21:00,797.64,797.65,796.75,797.36,3
2026-01-05 13:22:00,796.73,797.17,796.72,797.16,5
2026-01-05 13:23:00,796.63,796.72,796.63,796.63,5
2026-01-05 13:24:00,796.9,796.9,796.9,796.9,2
2026-01-05 13:25:00,795.23,795.23,795.23,795.23,1
2026-01-05 13:26:00,795.23,796.58,795.23,796.3,15
2026-01-05 13:27:00,795.11,796.52,795.11,796.51,5
2026-01-05 13:28:00,795.0,795.99,795.0,795.99,6
2026-01-05 13:29:00,794.37,794.48,794.28,794.48,4
2026-01-05 13:30:00,795.66,795.66,795.65,795.66,2
2026-01-05 13:31:00,794.27,795.47,794.22,794.22,5
2026-01-05 13:32:00,794.27,795.1,794.27,794.75,28
2026-01-05 13:33:00,794.06,794.06,794.05,794.06,1
2026-01-05 13:34:00,794.06,794.06,794.05,794.06,7
2026-01-05 13:35:00,794.06,795.01,794.06,794.43,7
2026-01-05 13:36:00,795.01,795.68,795.0,795.68,19
2026-01-05 13:37:00,795.68,795.68,794.41,794.41,5
2026-01-05 13:38:00,794.43,794.43,794.32,794.33,15
2026-01-05 13:39:00,794.33,794.33,794.33,794.33,0
2026-01-05 13:40:00,794.33,794.33,794.33,794.33,0
2026-01-05 13:41:00,794.28,794.3,794.28,794.3,2
2026-01-05 13:42:00,794.3,794.3,794.3,794.3,0
2026-01-05 13:43:00,794.14,794.14,793.7,793.7,3
2026-01-05 13:44:00,793.42,795.1,792.53,793.3,230
2026-01-05 13:45:00,795.1,795.34,795.1,795.34,5
2026-01-05 13:46:00,793.91,795.91,793.91,795.91,5
2026-01-05 13:47:00,794.5,795.14,794.31,794.34,17
2026-01-05 13:48:00,793.03,793.04,792.0,792.97,205
2026-01-05 13:49:00,792.9,792.9,791.97,791.97,16
2026-01-05 13:50:00,793.01,793.92,792.0,792.0,99
2026-01-05 13:51:00,792.0,792.76,791.39,792.43,149
2026-01-05 13:52:00,791.32,792.9,791.32,792.9,45
2026-01-05 13:53:00,792.26,793.22,791.36,791.75,57
2026-01-05 13:54:00,791.83,791.83,787.96,787.96,18
2026-01-05 13:55:00,787.25,788.5,787.02,787.02,26
2026-01-05 13:56:00,787.2,788.68,787.09,788.05,8
2026-01-05 13:57:00,788.54,790.36,787.02,790.36,19
2026-01-05 13:58:00,787.25,790.02,787.02,787.02,15
2026-01-05 13:59:00,787.61,788.09,787.02,787.56,31
2026-01-05 14:00:00,787.2,789.59,787.2,788.33,26
2026-01-05 14:01:00,789.91,789.91,789.9,789.91,1
2026-01-05 14:02:00,788.34,789.11,788.1,789.1,10
2026-01-05 14:03:00,788.0,788.0,788.0,788.0,5
2026-01-05 14:04:00,790.34,790.34,787.66,787.8,30
2026-01-05 14:05:00,789.68,789.68,787.02,789.24,21
2026-01-05 14:06:00,789.24,789.24,789.24,789.24,0
2026-01-05 14:07:00,789.24,790.66,787.92,790.35,216
2026-01-05 14:08:00,790.35,792.66,788.75,788.75,22
2026-01-05 14:09:00,790.78,790.8,788.76,790.8,19
2026-01-05 14:10:00,788.91,788.91,788.91,788.91,1
2026-01-05 14:11:00,788.6,788.6,788.57,788.57,9
2026-01-05 14:12:00,788.59,790.03,787.03,789.38,12
2026-01-05 14:13:00,788.8,789.85,788.8,789.29,6
2026-01-05 14:14:00,789.29,789.29,789.29,789.29,3
2026-01-05 14:15:00,791.15,792.17,789.92,790.1,11
2026-01-05 14:16:00,790.41,791.22,790.12,790.58,10
2026-01-05 14:17:00,791.09,792.06,791.08,791.18,14
2026-01-05 14:18:00,791.34,791.34,791.33,791.34,2
2026-01-05 14:19:00,790.72,790.73,789.32,789.32,20
2026-01-05 14:20:00,790.46,790.46,790.46,790.46,2
2026-01-05 14:21:00,790.55,790.55,790.54,790.54,2
2026-01-05 14:22:00,790.55,790.55,790.54,790.54,2
2026-01-05 14:23:00,790.55,791.11,790.55,791.11,3
2026-01-05 14:24:00,792.0,792.4,792.0,792.4,5
2026-01-05 14:25:00,791.77,792.35,791.73,791.73,9
2026-01-05 14:26:00,791.45,791.45,791.29,791.29,4
2026-01-05 14:27:00,791.19,795.43,791.1,795.43,166
2026-01-05 14:28:00,795.43,796.0,793.9,796.0,27
2026-01-05 14:29:00,796.0,796.0,795.99,796.0,6
2026-01-05 14:30:00,796.0,797.97,795.33,796.71,56
2026-01-05 14:31:00,797.88,797.88,795.72,796.68,20
2026-01-05 14:32:00,795.36,796.57,794.55,796.57,49
2026-01-05 14:33:00,796.56,796.56,794.19,795.38,151
2026-01-05 14:34:00,795.38,795.97,795.37,795.97,16
2026-01-05 14:35:00,795.38,797.52,795.04,797.52,7
2026-01-05 14:36:00,795.88,797.25,795.35,795.35,13
2026-01-05 14:37:00,795.07,796.72,794.99,796.72,11
2026-01-05 14:38:00,795.53,796.95,795.53,796.05,8
2026-01-05 14:39:00,796.04,796.39,795.91,796.16,17
2026-01-05 14:40:00,796.26,796.27,796.26,796.26,1
2026-01-05 14:41:00,797.66,800.2,797.18,799.06,120
2026-01-05 14:42:00,799.22,800.21,799.21,799.76,110
2026-01-05 14:43:00,800.85,800.85,799.05,799.95,36
2026-01-05 14:44:00,798.69,799.04,798.68,798.69,4
2026-01-05 14:45:00,798.22,798.79,797.43,797.65,21
2026-01-05 14:46:00,797.44,797.45,797.43,797.43,7
2026-01-05 14:47:00,797.43,797.43,796.24,796.25,9
2026-01-05 14:48:00,796.09,796.51,795.68,795.68,13
2026-01-05 14:49:00,795.68,795.68,795.68,795.68,0
2026-01-05 14:50:00,795.93,796.39,795.61,796.39,15
2026-01-05 14:51:00,795.63,796.39,795.62,795.97,11
2026-01-05 14:52:00,795.97,795.97,795.97,795.97,2
2026-01-05 14:53:00,795.99,795.99,795.85,795.85,3
2026-01-05 14:54:00,795.99,797.69,795.99,797.69,3
2026-01-05 14:55:00,796.48,797.79,796.48,797.79,4
2026-01-05 14:56:00,796.48,796.84,796.26,796.48,7
2026-01-05 14:57:00,797.92,797.93,796.82,796.82,4
2026-01-05 14:58:00,798.18,798.18,798.18,798.18,1
2026-01-05 14:59:00,796.97,798.25,796.88,798.11,12
2026-01-05 15:00:00,797.92,799.15,797.92,798.83,21
2026-01-05 15:01:00,798.3,798.69,798.08,798.57,9
2026-01-05 15:02:00,798.84,799.0,798.42,798.42,17
2026-01-05 15:03:00,798.07,798.42,797.55,797.78,47
2026-01-05 15:04:00,797.65,797.69,797.65,797.69,3
2026-01-05 15:05:00,797.61,797.79,797.61,797.79,2
2026-01-05 15:06:00,798.22,798.22,797.49,797.49,19
2026-01-05 15:07:00,797.36,797.37,797.36,797.37,2
2026-01-05 15:08:00,797.36,797.36,797.36,797.36,1
2026-01-05 15:09:00,797.37,797.37,797.37,797.37,1
2026-01-05 15:10:00,797.36,797.64,797.06,797.64,18
2026-01-05 15:11:00,797.63,797.7,797.32,797.32,4
2026-01-05 15:12:00,797.31,797.31,797.18,797.18,2
2026-01-05 15:13:00,797.81,797.81,797.18,797.18,3
2026-01-05 15:14:00,798.29,798.44,795.73,797.58,240
2026-01-05 15:15:00,797.17,797.63,796.27,796.27,56
2026-01-05 15:16:00,796.32,797.05,796.32,797.05,16
2026-01-05 15:17:00,797.31,797.66,796.67,796.99,54
2026-01-05 15:18:00,796.57,796.58,795.87,796.32,34
2026-01-05 15:19:00,796.66,796.66,795.89,795.89,7
2026-01-05 15:20:00,795.78,796.39,795.77,795.81,46
2026-01-05 15:21:00,795.77,796.98,795.77,796.98,16
2026-01-05 15:22:00,796.4,796.98,795.62,795.72,45
2026-01-05 15:23:00,794.93,795.47,793.83,794.67,114
2026-01-05 15:24:00,794.67,794.67,794.67,794.67,0
2026-01-05 15:25:00,794.54,795.48,794.54,795.38,77
2026-01-05 15:26:00,794.45,796.75,794.32,796.75,131
2026-01-05 15:27:00,795.44,795.52,794.82,795.19,18
2026-01-05 15:28:00,796.19,796.19,796.19,796.19,1
2026-01-05 15:29:00,795.06,795.43,793.6,793.86,115
2026-01-05 15:30:00,794.05,795.68,793.65,795.67,92
2026-01-05 15:31:00,797.16,797.16,797.15,797.15,30
2026-01-05 15:32:00,796.68,796.68,796.67,796.68,1
2026-01-05 15:33:00,797.59,797.59,797.59,797.59,5
2026-01-05 15:34:00,796.68,799.04,796.68,799.04,38
2026-01-05 15:35:00,798.59,799.23,798.58,798.94,13
2026-01-05 15:36:00,798.29,798.94,798.29,798.94,3
2026-01-05 15:37:00,798.94,799.0,798.93,799.0,10
2026-01-05 15:38:00,799.28,800.06,798.88,799.54,22
2026-01-05 15:39:00,799.3,799.45,798.75,798.99,18
2026-01-05 15:40:00,799.39,799.53,799.34,799.45,8
2026-01-05 15:41:00,799.54,800.58,799.25,800.37,18
2026-01-05 15:42:00,800.92,800.92,799.88,799.89,26
2026-01-05 15:43:00,799.77,799.96,799.76,799.9,34
2026-01-05 15:44:00,799.96,800.45,799.6,800.36,46
2026-01-05 15:45:00,800.29,800.99,800.03,800.95,30
2026-01-05 15:46:00,799.97,800.99,798.81,798.82,58
2026-01-05 15:47:00,798.8,800.35,797.99,799.38,90
2026-01-05 15:48:00,799.38,800.37,799.37,800.06,121
2026-01-05 15:49:00,800.53,800.76,799.5,799.52,17
2026-01-05 15:50:00,800.56,800.76,799.65,800.48,118
2026-01-05 15:51:00,800.04,801.27,800.04,800.15,170
2026-01-05 15:52:00,800.24,801.0,799.98,800.5,76
2026-01-05 15:53:00,800.03,800.03,798.82,799.68,81
2026-01-05 15:54:00,800.8,802.97,800.25,801.1,132
2026-01-05 15:55:00,802.41,802.41,800.27,800.59,88
2026-01-05 15:56:00,800.59,801.15,799.17,801.15,214
2026-01-05 15:57:00,801.25,801.71,799.61,800.05,121
2026-01-05 15:58:00,800.32,800.47,799.62,800.02,339
2026-01-05 15:59:00,800.03,801.2,799.28,800.17,267
2026-01-06 09:30:00,805.26,807.38,805.26,807.34,37
2026-01-06 09:31:00,807.4,810.37,806.2,809.98,31
2026-01-06 09:32:00,809.69,809.85,808.96,808.96,12
2026-01-06 09:33:00,808.89,810.88,808.73,810.29,46
2026-01-06 09:34:00,810.23,811.85,810.23,811.62,59
2026-01-06 09:35:00,810.33,811.71,809.11,809.11,67
2026-01-06 09:36:00,810.08,810.55,808.33,808.39,36
2026-01-06 09:37:00,807.72,809.41,807.62,809.15,17
2026-01-06 09:38:00,808.41,808.41,807.35,807.35,7
2026-01-06 09:39:00,807.6,808.17,807.07,807.68,27
2026-01-06 09:40:00,807.56,808.0,807.35,808.0,16
2026-01-06 09:41:00,807.68,807.68,805.73,805.8,28
2026-01-06 09:42:00,806.04,807.13,806.04,806.8,19
2026-01-06 09:43:00,806.54,806.54,806.42,806.43,2
2026-01-06 09:44:00,806.4,806.4,806.22,806.22,3
2026-01-06 09:45:00,806.18,806.83,805.61,805.61,135
2026-01-06 09:46:00,806.31,806.5,803.85,803.85,34
2026-01-06 09:47:00,803.81,804.19,803.04,803.04,52
2026-01-06 09:48:00,802.84,803.47,802.37,803.47,34
2026-01-06 09:49:00,804.11,805.02,803.44,803.52,38
2026-01-06 09:50:00,803.36,804.56,802.31,804.56,54
2026-01-06 09:51:00,804.4,804.44,804.04,804.04,5
2026-01-06 09:52:00,803.56,804.02,803.3,803.75,29
2026-01-06 09:53:00,804.51,804.51,804.03,804.03,13
2026-01-06 09:54:00,804.34,805.09,804.17,804.68,23
2026-01-06 09:55:00,804.31,804.31,804.29,804.3,4
2026-01-06 09:56:00,804.11,804.59,804.11,804.59,8
2026-01-06 09:57:00,805.14,805.14,804.81,804.81,2
2026-01-06 09:58:00,804.95,804.95,803.85,803.94,14
2026-01-06 09:59:00,803.2,803.2,802.73,802.74,4
2026-01-06 10:00:00,803.09,803.74,801.61,803.74,114
2026-01-06 10:01:00,803.76,804.54,803.73,803.73,16
2026-01-06 10:02:00,803.42,803.69,803.12,803.12,9
2026-01-06 10:03:00,803.4,803.81,803.4,803.81,5
2026-01-06 10:04:00,803.47,803.47,802.74,802.81,26
2026-01-06 10:05:00,803.14,803.69,802.94,803.69,19
2026-01-06 10:06:00,804.58,804.58,804.58,804.58,1
2026-01-06 10:07:00,804.58,804.58,804.58,804.58,0
2026-01-06 10:08:00,804.89,805.4,804.12,804.14,32
2026-01-06 10:09:00,804.44,804.53,804.41,804.47,4
2026-01-06 10:10:00,804.04,804.04,803.38,803.38,10
2026-01-06 10:11:00,803.19,803.8,802.96,803.26,50
2026-01-06 10:12:00,803.65,803.65,803.07,803.11,4
2026-01-06 10:13:00,802.93,802.94,801.44,801.44,53
2026-01-06 10:14:00,801.54,801.99,801.17,801.36,34
2026-01-06 10:15:00,801.27,801.36,801.27,801.36,4
2026-01-06 10:16:00,801.43,801.46,800.68,801.1,14
2026-01-06 10:17:00,801.05,801.05,801.05,801.05,1
2026-01-06 10:18:00,801.62,801.73,801.29,801.73,30
2026-01-06 10:19:00,801.71,802.1,801.2,801.45,80
2026-01-06 10:20:00,800.36,800.56,799.59,800.31,52
2026-01-06 10:21:00,800.31,800.31,800.31,800.31,0
2026-01-06 10:22:00,800.47,801.22,800.03,801.12,99
2026-01-06 10:23:00,800.69,802.72,800.69,802.72,59
2026-01-06 10:24:00,803.48,804.2,803.48,803.92,13
2026-01-06 10:25:00,803.62,803.8,803.38,803.38,11
2026-01-06 10:26:00,803.65,804.69,803.31,804.56,20
2026-01-06 10:27:00,804.08,804.08,804.08,804.08,2
2026-01-06 10:28:00,804.1,804.12,804.1,804.12,4
2026-01-06 10:29:00,803.97,804.02,803.97,804.02,4
2026-01-06 10:30:00,803.85,804.17,802.57,803.64,127
2026-01-06 10:31:00,803.79,803.9,803.63,803.71,17
2026-01-06 10:32:00,803.53,803.6,803.53,803.6,11
2026-01-06 10:33:00,803.39,803.39,803.39,803.39,2
2026-01-06 10:34:00,803.13,803.13,802.63,802.63,6
2026-01-06 10:35:00,802.62,802.62,802.31,802.61,9
2026-01-06 10:36:00,802.44,802.92,802.13,802.89,88
2026-01-06 10:37:00,803.23,803.39,803.19,803.19,4
2026-01-06 10:38:00,803.33,803.38,802.44,802.66,103
2026-01-06 10:39:00,802.57,802.57,802.44,802.46,18
2026-01-06 10:40:00,802.38,802.66,802.38,802.54,9
2026-01-06 10:41:00,802.68,802.72,802.2,802.33,51
2026-01-06 10:42:00,802.53,802.53,802.15,802.43,6
2026-01-06 10:43:00,802.46,802.94,802.18,802.74,30
2026-01-06 10:44:00,803.04,803.07,802.7,802.7,14
2026-01-06 10:45:00,802.44,802.93,802.31,802.64,45
2026-01-06 10:46:00,802.32,802.9,802.32,802.6,10
2026-01-06 10:47:00,803.0,803.05,802.82,802.82,10
2026-01-06 10:48:00,802.51,802.93,802.51,802.93,2
2026-01-06 10:49:00,802.58,804.25,802.58,803.5,136
2026-01-06 10:50:00,803.03,803.3,802.83,802.83,5
2026-01-06 10:51:00,802.54,803.25,802.37,802.46,21
2026-01-06 10:52:00,802.41,802.41,801.13,801.13,10
2026-01-06 10:53:00,801.12,801.58,801.02,801.58,10
2026-01-06 10:54:00,801.67,801.83,801.67,801.83,3
2026-01-06 10:55:00,801.83,801.83,801.67,801.67,5
2026-01-06 10:56:00,801.53,801.53,801.43,801.44,7
2026-01-06 10:57:00,801.26,802.26,801.13,801.97,36
2026-01-06 10:58:00,802.26,802.26,801.98,802.0,3
2026-01-06 10:59:00,802.15,802.15,801.2,801.2,5
2026-01-06 11:00:00,800.99,801.02,799.91,799.91,19
2026-01-06 11:01:00,799.79,800.54,799.46,800.5,19
2026-01-06 11:02:00,800.78,801.54,800.78,801.54,4
2026-01-06 11:03:00,801.67,801.67,800.99,801.0,8
2026-01-06 11:04:00,800.78,800.78,800.78,800.78,1
2026-01-06 11:05:00,800.69,800.69,800.35,800.47,12
2026-01-06 11:06:00,800.64,801.02,800.64,800.82,8
2026-01-06 11:07:00,800.33,800.33,799.46,800.21,11
2026-01-06 11:08:00,800.22,801.12,799.77,799.77,101
2026-01-06 11:09:00,799.43,800.2,799.2,800.2,125
2026-01-06 11:10:00,800.2,802.0,800.16,801.95,55
2026-01-06 11:11:00,802.14,802.14,801.79,801.79,10
2026-01-06 11:12:00,801.19,802.01,801.19,801.82,17
2026-01-06 11:13:00,802.06,802.18,802.01,802.18,9
2026-01-06 11:14:00,801.75,801.75,801.24,801.24,7
2026-01-06 11:15:00,801.76,801.76,801.44,801.44,24
2026-01-06 11:16:00,801.07,801.28,800.96,800.99,15
2026-01-06 11:17:00,800.79,801.88,800.79,801.72,32
2026-01-06 11:18:00,801.62,801.9,801.61,801.88,26
2026-01-06 11:19:00,802.1,802.1,801.93,801.94,6
2026-01-06 11:20:00,801.84,801.84,801.72,801.73,6
2026-01-06 11:21:00,801.72,801.93,801.4,801.93,19
2026-01-06 11:22:00,801.55,801.82,801.54,801.81,6
2026-01-06 11:23:00,801.55,801.8,801.55,801.58,3
2026-01-06 11:24:00,801.75,801.79,801.4,801.4,19
2026-01-06 11:25:00,801.36,801.36,801.11,801.33,13
2026-01-06 11:26:00,801.36,801.36,800.26,800.54,73
2026-01-06 11:27:00,801.09,801.15,800.84,800.85,40
2026-01-06 11:28:00,801.04,801.21,801.04,801.07,6
2026-01-06 11:29:00,801.06,801.19,800.23,800.23,32
2026-01-06 11:30:00,800.09,800.43,799.73,800.0,94
2026-01-06 11:31:00,800.09,801.37,800.09,801.36,163
2026-01-06 11:32:00,801.27,801.3,800.9,800.91,47
2026-01-06 11:33:00,801.46,801.46,800.27,800.27,130
2026-01-06 11:34:00,800.5,801.0,799.29,800.5,239
2026-01-06 11:35:00,800.89,801.54,800.32,800.32,134
2026-01-06 11:36:00,799.91,800.0,798.21,799.11,70
2026-01-06 11:37:00,798.56,799.36,797.9,797.9,66
2026-01-06 11:38:00,799.31,799.75,799.0,799.0,42
2026-01-06 11:39:00,799.17,799.17,797.68,797.89,99
2026-01-06 11:40:00,798.55,798.55,798.09,798.09,11
2026-01-06 11:41:00,798.94,798.94,797.63,797.63,23
2026-01-06 11:42:00,797.55,797.92,797.42,797.92,5
2026-01-06 11:43:00,797.92,797.92,797.92,797.92,0
2026-01-06 11:44:00,797.77,798.6,797.75,797.85,25
2026-01-06 11:45:00,797.74,797.91,797.7,797.7,6
2026-01-06 11:46:00,797.82,797.83,797.82,797.82,1
2026-01-06 11:47:00,797.82,797.82,797.82,797.82,0
2026-01-06 11:48:00,797.82,797.82,797.82,797.82,0
2026-01-06 11:49:00,797.82,797.82,797.82,797.82,0
2026-01-06 11:50:00,798.0,798.53,797.89,798.31,19
2026-01-06 11:51:00,798.31,798.31,798.31,798.31,0
2026-01-06 11:52:00,798.31,798.31,798.31,798.31,0
2026-01-06 11:53:00,797.89,797.89,797.65,797.73,8
2026-01-06 11:54:00,797.62,797.63,797.35,797.41,23
2026-01-06 11:55:00,797.0,797.0,796.24,796.24,27
2026-01-06 11:56:00,795.81,796.25,795.68,795.68,9
2026-01-06 11:57:00,795.68,796.47,795.68,796.09,7
2026-01-06 11:58:00,796.12,796.12,795.49,795.49,15
2026-01-06 11:59:00,795.52,795.99,795.5,795.99,4
2026-01-06 12:00:00,796.43,796.7,796.24,796.7,53
2026-01-06 12:01:00,796.3,796.3,794.77,794.77,23
2026-01-06 12:02:00,794.77,794.77,794.77,794.77,0
2026-01-06 12:03:00,796.09,796.09,795.35,795.36,8
2026-01-06 12:04:00,795.36,795.36,795.35,795.36,1
2026-01-06 12:05:00,795.36,795.36,794.65,794.65,5
2026-01-06 12:06:00,794.65,794.65,794.65,794.65,0
2026-01-06 12:07:00,795.69,795.69,795.49,795.49,8
2026-01-06 12:08:00,795.49,795.49,795.49,795.49,0
2026-01-06 12:09:00,796.13,796.33,796.08,796.28,9
2026-01-06 12:10:00,796.28,796.28,796.28,796.28,0
2026-01-06 12:11:00,795.82,795.82,795.75,795.75,3
2026-01-06 12:12:00,795.28,795.49,795.27,795.49,4
2026-01-06 12:13:00,795.06,795.82,795.06,795.82,6
2026-01-06 12:14:00,795.82,795.82,795.82,795.82,0
2026-01-06 12:15:00,796.4,796.4,796.09,796.3,12
2026-01-06 12:16:00,796.4,796.4,796.25,796.25,2
2026-01-06 12:17:00,796.24,796.28,795.69,795.69,10
2026-01-06 12:18:00,796.42,796.42,796.24,796.24,4
2026-01-06 12:19:00,796.69,797.81,796.69,797.06,28
2026-01-06 12:20:00,797.39,798.47,797.39,797.74,7
2026-01-06 12:21:00,797.74,797.74,797.74,797.74,0
2026-01-06 12:22:00,798.7,798.71,797.57,797.57,3
2026-01-06 12:23:00,798.38,798.38,798.37,798.38,2
2026-01-06 12:24:00,798.29,798.57,798.16,798.16,12
2026-01-06 12:25:00,799.78,799.78,799.77,799.78,1
2026-01-06 12:26:00,799.78,799.78,799.78,799.78,0
2026-01-06 12:27:00,799.78,799.78,799.78,799.78,0
2026-01-06 12:28:00,799.78,799.78,799.77,799.78,1
2026-01-06 12:29:00,798.93,798.95,798.43,798.43,15
2026-01-06 12:30:00,798.42,798.42,798.41,798.41,3
2026-01-06 12:31:00,798.43,798.43,798.38,798.38,2
2026-01-06 12:32:00,798.38,798.38,798.25,798.25,2
2026-01-06 12:33:00,799.13,799.13,799.12,799.13,1
2026-01-06 12:34:00,799.13,799.13,799.13,799.13,0
2026-01-06 12:35:00,799.13,799.13,799.13,799.13,0
2026-01-06 12:36:00,798.39,799.09,798.38,799.09,42
2026-01-06 12:37:00,798.43,798.43,798.39,798.39,2
2026-01-06 12:38:00,798.39,798.39,798.39,798.39,0
2026-01-06 12:39:00,798.45,799.0,798.45,798.67,3
2026-01-06 12:40:00,798.62,798.62,798.07,798.07,5
2026-01-06 12:41:00,798.94,798.94,798.93,798.94,2
2026-01-06 12:42:00,798.94,798.94,798.94,798.94,0
2026-01-06 12:43:00,798.94,798.94,798.94,798.94,0
2026-01-06 12:44:00,798.94,798.94,798.94,798.94,0
2026-01-06 12:45:00,799.31,799.31,798.62,798.62,3
2026-01-06 12:46:00,799.13,799.13,799.13,799.13,1
2026-01-06 12:47:00,799.13,799.13,799.13,799.13,0
2026-01-06 12:48:00,799.17,799.17,799.12,799.12,2
2026-01-06 12:49:00,798.94,798.94,798.92,798.92,4
2026-01-06 12:50:00,798.92,798.92,798.92,798.92,0
2026-01-06 12:51:00,798.39,798.39,798.39,798.39,2
2026-01-06 12:52:00,799.27,799.27,799.27,799.27,6
2026-01-06 12:53:00,799.76,799.81,799.0,799.81,16
2026-01-06 12:54:00,799.38,800.28,799.38,800.28,10
2026-01-06 12:55:00,800.33,800.33,800.33,800.33,1
2026-01-06 12:56:00,800.34,800.34,800.33,800.33,3
2026-01-06 12:57:00,800.93,801.68,800.24,801.68,7
2026-01-06 12:58:00,801.04,801.04,801.04,801.04,12
2026-01-06 12:59:00,801.18,801.18,801.18,801.18,1
2026-01-06 13:00:00,801.83,802.03,801.39,801.9,17
2026-01-06 13:01:00,801.65,802.05,801.48,801.51,7
2026-01-06 13:02:00,801.47,801.47,801.43,801.43,2
2026-01-06 13:03:00,801.43,801.43,801.43,801.43,0
2026-01-06 13:04:00,801.43,801.43,801.43,801.43,0
2026-01-06 13:05:00,802.12,802.12,801.62,801.8,25
2026-01-06 13:06:00,801.47,801.47,801.46,801.46,2
2026-01-06 13:07:00,801.46,801.46,801.46,801.46,0
2026-01-06 13:08:00,801.23,801.82,801.23,801.82,4
2026-01-06 13:09:00,801.54,801.54,801.54,801.54,1
2026-01-06 13:10:00,801.19,801.19,801.19,801.19,6
2026-01-06 13:11:00,801.19,801.19,801.19,801.19,0
2026-01-06 13:12:00,800.98,802.19,800.98,802.19,6
2026-01-06 13:13:00,802.19,802.19,802.19,802.19,0
2026-01-06 13:14:00,802.19,802.19,802.19,802.19,0
2026-01-06 13:15:00,801.99,802.16,801.99,802.11,8
2026-01-06 13:16:00,802.11,802.11,802.11,802.11,0
2026-01-06 13:17:00,802.57,802.87,802.3,802.83,20
2026-01-06 13:18:00,802.82,802.82,802.82,802.82,2
2026-01-06 13:19:00,802.82,802.82,802.82,802.82,1
2026-01-06 13:20:00,802.2,802.2,802.19,802.2,1
2026-01-06 13:21:00,802.17,802.2,802.13,802.13,12
2026-01-06 13:22:00,802.13,802.13,802.13,802.13,0
2026-01-06 13:23:00,801.93,801.93,801.46,801.46,3
2026-01-06 13:24:00,801.69,801.69,801.52,801.52,2
2026-01-06 13:25:00,801.52,801.52,801.52,801.52,0
2026-01-06 13:26:00,801.71,801.71,801.71,801.71,1
2026-01-06 13:27:00,801.87,802.69,801.87,801.87,9
2026-01-06 13:28:00,801.87,801.87,801.87,801.87,0
2026-01-06 13:29:00,801.87,801.87,801.87,801.87,0
2026-01-06 13:30:00,802.8,802.8,802.07,802.09,12
2026-01-06 13:31:00,801.9,802.39,801.9,802.38,3
2026-01-06 13:32:00,802.38,802.38,802.38,802.38,0
2026-01-06 13:33:00,802.43,802.43,802.42,802.43,1
2026-01-06 13:34:00,801.89,801.89,801.89,801.89,1
2026-01-06 13:35:00,801.82,802.37,801.82,802.37,2
2026-01-06 13:36:00,802.13,802.13,802.13,802.13,1
2026-01-06 13:37:00,802.13,802.13,802.13,802.13,0
2026-01-06 13:38:00,801.97,802.69,801.97,802.69,26
2026-01-06 13:39:00,802.69,802.69,802.69,802.69,0
2026-01-06 13:40:00,802.4,802.4,802.4,802.4,1
2026-01-06 13:41:00,802.36,802.37,802.36,802.37,3
2026-01-06 13:42:00,802.37,802.37,802.37,802.37,0
2026-01-06 13:43:00,802.99,802.99,802.41,802.41,14
2026-01-06 13:44:00,802.41,803.0,802.41,803.0,8
2026-01-06 13:45:00,802.97,803.1,802.81,802.81,8
2026-01-06 13:46:00,802.81,802.81,802.81,802.81,0
2026-01-06 13:47:00,802.96,803.12,802.67,803.12,12
2026-01-06 13:48:00,803.52,806.14,803.42,805.99,76
2026-01-06 13:49:00,805.99,805.99,805.99,805.99,0
2026-01-06 13:50:00,806.98,807.24,806.98,807.24,22
2026-01-06 13:51:00,807.14,807.15,807.14,807.14,1
2026-01-06 13:52:00,807.25,807.25,807.25,807.25,2
2026-01-06 13:53:00,807.25,807.94,806.79,806.79,5
2026-01-06 13:54:00,806.79,806.79,806.79,806.79,0
2026-01-06 13:55:00,806.7,806.7,806.31,806.31,8
2026-01-06 13:56:00,806.32,806.42,805.71,805.95,31
2026-01-06 13:57:00,805.99,806.0,805.99,805.99,4
2026-01-06 13:58:00,805.99,806.0,805.99,805.99,5
2026-01-06 13:59:00,806.53,806.53,806.53,806.53,1
2026-01-06 14:00:00,805.8,805.8,805.71,805.79,8
2026-01-06 14:01:00,806.29,806.29,805.57,805.58,7
2026-01-06 14:02:00,805.58,805.58,805.58,805.58,0
2026-01-06 14:03:00,805.57,805.57,805.57,805.57,3
2026-01-06 14:04:00,805.67,806.47,805.67,806.47,19
2026-01-06 14:05:00,806.47,806.47,806.47,806.47,0
2026-01-06 14:06:00,806.47,806.47,806.47,806.47,0
2026-01-06 14:07:00,807.0,807.2,806.66,806.66,30
2026-01-06 14:08:00,806.48,806.87,806.48,806.87,4
2026-01-06 14:09:00,806.87,806.87,806.87,806.87,1
2026-01-06 14:10:00,806.7,807.14,806.67,807.14,41
2026-01-06 14:11:00,806.73,806.73,806.47,806.47,14
2026-01-06 14:12:00,806.47,806.47,806.47,806.47,0
2026-01-06 14:13:00,805.31,806.15,805.31,806.14,6
2026-01-06 14:14:00,805.25,805.66,804.97,805.66,13
2026-01-06 14:15:00,806.5,806.5,806.49,806.5,3
2026-01-06 14:16:00,806.43,806.43,806.42,806.43,1
2026-01-06 14:17:00,805.4,806.19,805.4,806.19,8
2026-01-06 14:18:00,806.08,806.08,806.08,806.08,2
2026-01-06 14:19:00,806.08,806.08,805.14,805.3,13
2026-01-06 14:20:00,805.16,805.16,805.15,805.15,2
2026-01-06 14:21:00,805.16,805.16,805.01,805.01,5
2026-01-06 14:22:00,805.21,805.21,805.21,805.21,5
2026-01-06 14:23:00,805.2,806.1,805.2,806.1,25
2026-01-06 14:24:00,806.11,806.11,805.28,805.48,4
2026-01-06 14:25:00,805.68,805.68,804.97,804.97,29
2026-01-06 14:26:00,804.91,804.91,803.65,804.32,18
2026-01-06 14:27:00,804.31,805.04,804.11,804.11,15
2026-01-06 14:28:00,804.56,804.57,804.56,804.56,1
2026-01-06 14:29:00,804.55,805.04,804.54,804.93,13
2026-01-06 14:30:00,804.62,804.62,804.41,804.45,13
2026-01-06 14:31:00,804.01,804.33,804.01,804.33,2
2026-01-06 14:32:00,804.33,804.33,804.33,804.33,0
2026-01-06 14:33:00,804.33,804.33,804.33,804.33,0
2026-01-06 14:34:00,804.21,804.48,804.05,804.32,23
2026-01-06 14:35:00,804.34,804.34,804.33,804.33,7
2026-01-06 14:36:00,804.38,804.68,804.37,804.68,10
2026-01-06 14:37:00,804.55,804.58,804.55,804.55,4
2026-01-06 14:38:00,804.33,804.33,804.33,804.33,2
2026-01-06 14:39:00,804.69,804.69,804.33,804.33,11
2026-01-06 14:40:00,804.37,804.37,804.37,804.37,2
2026-01-06 14:41:00,804.13,804.13,804.04,804.04,7
2026-01-06 14:42:00,804.04,804.04,804.04,804.04,0
2026-01-06 14:43:00,804.04,804.04,804.04,804.04,0
2026-01-06 14:44:00,804.08,804.08,804.08,804.08,1
2026-01-06 14:45:00,804.02,804.02,804.01,804.01,3
2026-01-06 14:46:00,804.01,804.01,804.01,804.01,0
2026-01-06 14:47:00,804.35,804.35,804.34,804.35,6
2026-01-06 14:48:00,804.35,804.35,804.35,804.35,0
2026-01-06 14:49:00,804.01,804.01,804.0,804.0,3
2026-01-06 14:50:00,804.0,804.0,804.0,804.0,0
2026-01-06 14:51:00,804.0,804.0,803.8,803.8,8
2026-01-06 14:52:00,803.8,803.8,803.8,803.8,0
2026-01-06 14:53:00,803.8,803.8,803.8,803.8,0
2026-01-06 14:54:00,803.97,803.97,803.63,803.63,13
2026-01-06 14:55:00,803.63,803.63,803.63,803.63,0
2026-01-06 14:56:00,803.45,803.45,803.36,803.36,7
2026-01-06 14:57:00,803.36,803.36,803.36,803.36,0
2026-01-06 14:58:00,803.35,803.41,803.28,803.28,23
2026-01-06 14:59:00,803.54,803.54,803.13,803.13,2
2026-01-06 15:00:00,803.4,803.68,803.4,803.44,41
2026-01-06 15:01:00,803.44,803.44,803.44,803.44,0
2026-01-06 15:02:00,803.12,803.12,802.33,802.67,46
2026-01-06 15:03:00,802.67,802.67,802.67,802.67,0
2026-01-06 15:04:00,802.44,802.44,802.44,802.44,2
2026-01-06 15:05:00,802.67,802.67,802.42,802.42,2
2026-01-06 15:06:00,802.42,802.42,802.42,802.42,0
2026-01-06 15:07:00,802.66,802.73,802.65,802.73,10
2026-01-06 15:08:00,802.82,802.91,802.81,802.82,11
2026-01-06 15:09:00,802.72,802.72,802.72,802.72,15
2026-01-06 15:10:00,802.72,802.72,802.5,802.5,19
2026-01-06 15:11:00,802.5,802.5,802.5,802.5,0
2026-01-06 15:12:00,802.48,802.7,802.48,802.7,19
2026-01-06 15:13:00,802.42,802.42,802.41,802.41,5
2026-01-06 15:14:00,802.63,802.69,802.4,802.57,41
2026-01-06 15:15:00,802.27,802.27,801.57,801.57,10
2026-01-06 15:16:00,801.32,801.6,800.91,800.91,11
2026-01-06 15:17:00,800.55,800.55,800.55,800.55,1
2026-01-06 15:18:00,800.38,800.95,800.38,800.95,11
2026-01-06 15:19:00,800.96,801.06,800.96,801.06,9
2026-01-06 15:20:00,801.07,801.07,801.06,801.07,6
2026-01-06 15:21:00,801.07,801.89,801.07,801.89,92
2026-01-06 15:22:00,801.99,802.6,801.51,801.58,26
2026-01-06 15:23:00,801.58,801.58,801.58,801.58,0
2026-01-06 15:24:00,801.57,801.57,801.33,801.34,19
2026-01-06 15:25:00,801.32,801.47,800.75,800.75,50
2026-01-06 15:26:00,800.89,801.34,800.63,801.21,65
2026-01-06 15:27:00,802.19,802.2,802.19,802.19,1
2026-01-06 15:28:00,801.83,801.83,801.83,801.83,1
2026-01-06 15:29:00,801.85,802.93,801.84,802.69,49
2026-01-06 15:30:00,802.69,802.84,802.14,802.67,121
2026-01-06 15:31:00,802.59,802.59,802.3,802.3,5
2026-01-06 15:32:00,802.38,802.38,801.44,801.44,41
2026-01-06 15:33:00,801.35,801.49,801.27,801.27,6
2026-01-06 15:34:00,801.44,801.44,801.07,801.15,29
2026-01-06 15:35:00,801.01,801.01,800.24,800.25,8
2026-01-06 15:36:00,800.25,800.25,800.24,800.24,4
2026-01-06 15:37:00,800.23,801.26,800.22,800.99,73
2026-01-06 15:38:00,801.01,801.66,801.01,801.18,21
2026-01-06 15:39:00,801.44,801.54,801.22,801.24,38
2026-01-06 15:40:00,801.44,801.44,801.15,801.15,10
2026-01-06 15:41:00,801.05,801.05,801.02,801.02,7
2026-01-06 15:42:00,801.02,801.02,801.02,801.02,0
2026-01-06 15:43:00,801.02,801.39,800.9,801.1,80
2026-01-06 15:44:00,801.1,801.1,801.1,801.1,0
2026-01-06 15:45:00,800.92,801.03,800.91,800.91,17
2026-01-06 15:46:00,801.1,801.15,800.45,800.73,109
2026-01-06 15:47:00,800.81,801.25,800.81,801.25,6
2026-01-06 15:48:00,801.61,802.69,801.61,802.27,35
2026-01-06 15:49:00,802.28,802.33,801.64,801.66,21
2026-01-06 15:50:00,801.69,801.69,801.45,801.69,20
2026-01-06 15:51:00,801.59,802.29,801.39,801.7,119
2026-01-06 15:52:00,802.29,802.86,802.28,802.32,19
2026-01-06 15:53:00,802.35,803.86,801.88,803.86,90
2026-01-06 15:54:00,803.86,804.71,803.86,803.97,11
2026-01-06 15:55:00,803.89,804.53,803.42,803.53,38
2026-01-06 15:56:00,803.6,803.93,803.21,803.36,67
2026-01-06 15:57:00,803.46,803.49,802.31,802.65,71
2026-01-06 15:58:00,802.74,803.37,802.47,802.94,83
2026-01-06 15:59:00,802.68,803.74,802.48,803.74,130
2026-01-07 09:30:00,796.78,799.56,796.03,797.74,90
2026-01-07 09:31:00,798.88,800.72,798.88,799.15,27
2026-01-07 09:32:00,798.74,799.95,797.99,799.31,68
2026-01-07 09:33:00,798.96,799.79,797.7,799.79,11
2026-01-07 09:34:00,799.95,802.16,799.87,801.59,58
2026-01-07 09:35:00,802.31,805.16,802.31,805.07,35
2026-01-07 09:36:00,805.21,812.43,805.02,810.21,277
2026-01-07 09:37:00,809.84,812.16,809.13,812.08,252
2026-01-07 09:38:00,812.79,814.34,811.76,814.34,72
2026-01-07 09:39:00,813.7,814.96,811.5,812.05,97
2026-01-07 09:40:00,811.45,814.09,811.44,813.35,78
2026-01-07 09:41:00,814.0,815.18,812.94,814.04,37
2026-01-07 09:42:00,813.72,817.58,813.72,815.65,75
2026-01-07 09:43:00,815.48,817.37,815.13,816.06,25
2026-01-07 09:44:00,816.14,816.52,815.64,816.12,38
2026-01-07 09:45:00,815.95,815.95,813.88,814.68,59
2026-01-07 09:46:00,815.25,815.73,815.24,815.73,8
2026-01-07 09:47:00,816.07,818.0,815.19,818.0,174
2026-01-07 09:48:00,818.65,820.0,818.65,820.0,10
2026-01-07 09:49:00,819.74,820.56,818.58,818.89,25
2026-01-07 09:50:00,819.13,820.13,819.13,820.13,13
2026-01-07 09:51:00,820.37,820.37,819.35,820.27,22
2026-01-07 09:52:00,819.53,820.45,818.44,818.71,64
2026-01-07 09:53:00,818.31,819.18,817.7,819.1,37
2026-01-07 09:54:00,818.73,818.73,817.21,817.21,13
2026-01-07 09:55:00,817.31,818.23,817.31,818.23,6
2026-01-07 09:56:00,818.55,819.0,818.55,818.65,3
2026-01-07 09:57:00,818.93,819.07,818.93,819.07,2
2026-01-07 09:58:00,818.53,818.74,818.53,818.74,2
2026-01-07 09:59:00,818.79,819.54,818.61,819.54,12
2026-01-07 10:00:00,819.16,819.16,817.95,818.19,11
2026-01-07 10:01:00,818.19,818.19,818.19,818.19,0
2026-01-07 10:02:00,817.92,820.76,817.92,820.76,11
2026-01-07 10:03:00,821.5,822.09,820.99,821.13,23
2026-01-07 10:04:00,820.99,821.8,820.99,821.78,5
2026-01-07 10:05:00,821.51,822.45,820.82,821.9,21
2026-01-07 10:06:00,823.02,823.08,823.02,823.08,21
2026-01-07 10:07:00,823.59,823.59,821.77,821.83,19
2026-01-07 10:08:00,821.5,823.8,821.31,822.53,47
2026-01-07 10:09:00,823.16,823.99,821.18,821.18,38
2026-01-07 10:10:00,820.35,820.35,818.08,818.08,11
2026-01-07 10:11:00,817.71,818.21,817.71,818.12,5
2026-01-07 10:12:00,817.72,817.72,816.04,816.78,8
2026-01-07 10:13:00,816.67,816.78,815.82,815.82,10
2026-01-07 10:14:00,815.6,816.01,814.16,814.33,20
2026-01-07 10:15:00,813.77,813.77,813.77,813.77,1
2026-01-07 10:16:00,814.04,814.04,811.12,811.76,49
2026-01-07 10:17:00,812.16,813.2,811.43,812.65,71
2026-01-07 10:18:00,811.67,813.5,811.18,813.01,58
2026-01-07 10:19:00,813.04,813.86,813.04,813.86,9
2026-01-07 10:20:00,813.43,813.43,812.28,812.31,24
2026-01-07 10:21:00,812.49,812.56,812.49,812.56,10
2026-01-07 10:22:00,812.08,812.08,811.91,811.91,5
2026-01-07 10:23:00,812.32,812.32,812.03,812.29,16
2026-01-07 10:24:00,812.29,812.29,812.29,812.29,0
2026-01-07 10:25:00,812.86,812.92,812.66,812.92,29
2026-01-07 10:26:00,813.36,813.36,812.95,813.1,3
2026-01-07 10:27:00,812.79,812.79,811.5,812.19,13
2026-01-07 10:28:00,811.85,813.01,811.85,812.47,15
2026-01-07 10:29:00,812.47,812.47,812.47,812.47,0
2026-01-07 10:30:00,812.97,813.49,812.97,813.49,2
2026-01-07 10:31:00,813.13,813.13,813.13,813.13,1
2026-01-07 10:32:00,812.1,812.1,810.49,810.49,9
2026-01-07 10:33:00,810.87,810.87,810.69,810.69,5
2026-01-07 10:34:00,810.21,810.4,809.89,810.4,13
2026-01-07 10:35:00,810.69,810.69,810.69,810.69,1
2026-01-07 10:36:00,810.08,810.08,809.84,809.84,23
2026-01-07 10:37:00,810.32,811.34,810.01,811.34,17
2026-01-07 10:38:00,811.01,811.4,810.83,811.17,44
2026-01-07 10:39:00,811.97,812.15,811.97,812.15,4
2026-01-07 10:40:00,813.02,814.48,813.02,814.37,15
2026-01-07 10:41:00,814.49,814.78,814.12,814.6,19
2026-01-07 10:42:00,814.6,814.6,814.6,814.6,0
2026-01-07 10:43:00,814.6,814.6,813.67,813.67,18
2026-01-07 10:44:00,813.17,814.66,813.16,814.66,200
2026-01-07 10:45:00,815.36,815.65,815.13,815.65,14
2026-01-07 10:46:00,815.65,815.65,815.65,815.65,0
2026-01-07 10:47:00,815.65,815.65,815.65,815.65,0
2026-01-07 10:48:00,816.24,816.24,815.69,815.69,4
2026-01-07 10:49:00,814.94,815.78,814.39,815.78,93
2026-01-07 10:50:00,815.76,816.4,815.76,816.4,6
2026-01-07 10:51:00,816.4,816.4,816.4,816.4,0
2026-01-07 10:52:00,815.87,815.87,815.65,815.65,7
2026-01-07 10:53:00,815.53,816.68,815.52,816.68,10
2026-01-07 10:54:00,816.19,816.19,816.19,816.19,2
2026-01-07 10:55:00,816.24,816.24,816.24,816.24,1
2026-01-07 10:56:00,816.64,816.69,816.52,816.69,7
2026-01-07 10:57:00,816.3,816.67,815.96,816.67,17
2026-01-07 10:58:00,816.02,816.55,816.02,816.55,13
2026-01-07 10:59:00,816.77,816.86,816.72,816.86,4
2026-01-07 11:00:00,816.25,816.6,815.72,816.6,15
2026-01-07 11:01:00,816.13,816.13,815.68,815.86,4
2026-01-07 11:02:00,817.01,817.15,817.01,817.15,7
2026-01-07 11:03:00,816.44,816.44,816.44,816.44,1
2026-01-07 11:04:00,816.67,817.22,816.66,817.18,14
2026-01-07 11:05:00,817.13,817.14,817.13,817.13,2
2026-01-07 11:06:00,817.36,817.59,817.12,817.15,31
2026-01-07 11:07:00,817.49,817.49,816.52,816.52,6
2026-01-07 11:08:00,816.84,817.52,816.84,817.51,11
2026-01-07 11:09:00,817.43,818.14,817.43,817.93,6
2026-01-07 11:10:00,818.14,818.14,818.02,818.03,3
2026-01-07 11:11:00,818.07,819.1,818.07,819.1,45
2026-01-07 11:12:00,819.32,819.66,819.05,819.08,21
2026-01-07 11:13:00,819.24,821.45,819.24,821.24,40
2026-01-07 11:14:00,820.64,821.01,819.74,819.77,37
2026-01-07 11:15:00,820.18,821.09,820.18,821.09,5
2026-01-07 11:16:00,821.21,821.32,820.43,820.76,18
2026-01-07 11:17:00,820.86,820.86,820.37,820.37,19
2026-01-07 11:18:00,820.57,820.88,820.57,820.88,3
2026-01-07 11:19:00,820.67,820.71,820.32,820.71,11
2026-01-07 11:20:00,820.69,820.79,820.08,820.41,29
2026-01-07 11:21:00,820.66,821.26,820.66,821.26,7
2026-01-07 11:22:00,820.99,821.04,820.74,820.87,9
2026-01-07 11:23:00,820.71,820.71,820.36,820.71,6
2026-01-07 11:24:00,820.69,821.19,820.69,821.18,9
2026-01-07 11:25:00,820.72,820.97,820.25,820.48,9
2026-01-07 11:26:00,820.19,821.15,820.19,820.89,25
2026-01-07 11:27:00,820.92,821.47,820.92,821.47,16
2026-01-07 11:28:00,821.57,822.08,821.3,821.82,21
2026-01-07 11:29:00,821.58,821.89,821.4,821.83,13
2026-01-07 11:30:00,821.82,821.82,821.01,821.08,16
2026-01-07 11:31:00,821.68,821.97,821.67,821.97,8
2026-01-07 11:32:00,822.0,822.15,820.67,821.0,52
2026-01-07 11:33:00,821.0,821.0,821.0,821.0,1
2026-01-07 11:34:00,821.21,822.18,820.95,822.18,49
2026-01-07 11:35:00,822.26,822.48,821.78,821.99,73
2026-01-07 11:36:00,821.97,821.97,821.37,821.46,15
2026-01-07 11:37:00,821.84,821.88,821.09,821.53,8
2026-01-07 11:38:00,821.04,821.53,820.91,821.51,14
2026-01-07 11:39:00,821.51,821.51,821.51,821.51,0
2026-01-07 11:40:00,821.51,821.51,821.51,821.51,0
2026-01-07 11:41:00,821.51,822.47,820.01,820.01,11
2026-01-07 11:42:00,820.53,820.53,820.52,820.53,1
2026-01-07 11:43:00,820.53,820.53,820.53,820.53,0
2026-01-07 11:44:00,820.58,820.58,820.58,820.58,1
2026-01-07 11:45:00,820.58,820.58,820.58,820.58,0
2026-01-07 11:46:00,820.58,822.48,820.58,822.48,11
2026-01-07 11:47:00,822.48,822.95,822.36,822.36,37
2026-01-07 11:48:00,822.81,822.81,821.94,821.94,14
2026-01-07 11:49:00,821.8,823.17,821.45,823.17,39
2026-01-07 11:50:00,823.17,823.45,822.22,822.22,15
2026-01-07 11:51:00,822.06,822.5,822.05,822.5,11
2026-01-07 11:52:00,822.66,822.66,822.03,822.21,17
2026-01-07 11:53:00,822.22,822.22,821.66,821.78,7
2026-01-07 11:54:00,821.47,821.47,821.06,821.06,7
2026-01-07 11:55:00,821.06,821.06,821.06,821.06,0
2026-01-07 11:56:00,821.26,821.3,821.26,821.3,2
2026-01-07 11:57:00,821.73,821.73,820.82,820.82,64
2026-01-07 11:58:00,821.63,821.63,820.34,820.42,10
2026-01-07 11:59:00,819.44,820.43,818.75,818.75,9
2026-01-07 12:00:00,820.41,820.41,818.41,819.92,10
2026-01-07 12:01:00,819.92,819.92,818.41,818.55,4
2026-01-07 12:02:00,819.92,819.92,819.45,819.46,3
2026-01-07 12:03:00,818.59,819.52,818.52,819.51,8
2026-01-07 12:04:00,818.54,819.52,818.54,819.51,2
2026-01-07 12:05:00,819.51,819.52,819.51,819.51,3
2026-01-07 12:06:00,819.51,819.52,818.63,818.63,3
2026-01-07 12:07:00,819.5,819.51,818.77,819.5,5
2026-01-07 12:08:00,819.5,819.51,818.53,818.53,2
2026-01-07 12:09:00,819.5,819.51,819.5,819.5,2
2026-01-07 12:10:00,818.77,819.51,818.77,819.5,2
2026-01-07 12:11:00,819.5,819.51,818.55,819.42,5
2026-01-07 12:12:00,819.42,819.42,819.42,819.42,2
2026-01-07 12:13:00,819.42,819.42,818.36,819.42,5
2026-01-07 12:14:00,819.21,821.38,819.2,821.38,49
2026-01-07 12:15:00,821.38,821.6,821.38,821.6,2
2026-01-07 12:16:00,821.75,821.75,821.75,821.75,1
2026-01-07 12:17:00,822.11,822.2,822.11,822.2,15
2026-01-07 12:18:00,822.35,822.35,822.3,822.3,8
2026-01-07 12:19:00,822.3,822.3,820.79,821.17,14
2026-01-07 12:20:00,821.17,821.17,818.95,818.96,35
2026-01-07 12:21:00,819.97,819.97,819.97,819.97,1
2026-01-07 12:22:00,819.97,819.97,818.95,819.88,3
2026-01-07 12:23:00,819.88,819.88,818.78,819.01,7
2026-01-07 12:24:00,818.92,818.92,818.91,818.92,2
2026-01-07 12:25:00,819.95,819.95,818.96,818.98,7
2026-01-07 12:26:00,818.57,818.82,818.57,818.82,3
2026-01-07 12:27:00,819.25,819.25,819.16,819.16,2
2026-01-07 12:28:00,819.27,819.33,818.97,819.33,5
2026-01-07 12:29:00,819.33,819.33,819.09,819.1,3
2026-01-07 12:30:00,819.1,819.1,818.4,818.4,4
2026-01-07 12:31:00,818.4,818.4,818.4,818.4,0
2026-01-07 12:32:00,818.4,818.4,818.4,818.4,0
2026-01-07 12:33:00,818.4,818.4,818.4,818.4,0
2026-01-07 12:34:00,819.27,819.27,819.27,819.27,1
2026-01-07 12:35:00,819.09,819.1,818.65,818.65,6
2026-01-07 12:36:00,818.62,818.62,818.62,818.62,1
2026-01-07 12:37:00,818.99,819.05,818.92,818.92,3
2026-01-07 12:38:00,818.62,818.62,818.61,818.61,3
2026-01-07 12:39:00,818.61,818.61,818.61,818.61,0
2026-01-07 12:40:00,818.61,818.74,818.6,818.74,4
2026-01-07 12:41:00,818.53,818.53,817.66,817.67,9
2026-01-07 12:42:00,817.35,817.35,817.17,817.17,3
2026-01-07 12:43:00,817.08,817.65,817.08,817.65,3
2026-01-07 12:44:00,817.52,817.52,817.52,817.52,1
2026-01-07 12:45:00,817.7,817.7,817.62,817.62,2
2026-01-07 12:46:00,817.72,817.72,817.17,817.17,11
2026-01-07 12:47:00,817.82,818.42,817.81,818.42,38
2026-01-07 12:48:00,818.42,818.42,818.42,818.42,0
2026-01-07 12:49:00,818.3,818.3,818.29,818.3,3
2026-01-07 12:50:00,818.33,818.33,818.32,818.33,2
2026-01-07 12:51:00,818.34,818.34,818.33,818.34,1
2026-01-07 12:52:00,818.34,818.34,818.34,818.34,1
2026-01-07 12:53:00,818.34,818.34,818.34,818.34,1
2026-01-07 12:54:00,818.35,818.35,818.33,818.35,3
2026-01-07 12:55:00,818.34,818.35,818.34,818.35,6
2026-01-07 12:56:00,818.35,818.35,818.35,818.35,0
2026-01-07 12:57:00,818.47,818.47,818.01,818.01,2
2026-01-07 12:58:00,817.44,817.57,817.41,817.41,7
2026-01-07 12:59:00,817.7,817.72,817.03,817.72,3
2026-01-07 13:00:00,817.68,817.68,817.67,817.68,1
2026-01-07 13:01:00,817.39,817.39,816.36,816.36,8
2026-01-07 13:02:00,816.36,816.36,816.36,816.36,0
2026-01-07 13:03:00,816.35,816.35,816.26,816.26,2
2026-01-07 13:04:00,816.19,816.19,816.19,816.19,1
2026-01-07 13:05:00,816.19,816.19,816.19,816.19,0
2026-01-07 13:06:00,817.09,817.09,816.74,816.74,16
2026-01-07 13:07:00,817.01,817.23,816.92,817.01,20
2026-01-07 13:08:00,817.47,817.47,816.71,816.71,20
2026-01-07 13:09:00,816.71,816.71,816.71,816.71,0
2026-01-07 13:10:00,816.71,816.71,816.71,816.71,0
2026-01-07 13:11:00,816.75,817.21,816.72,817.21,16
2026-01-07 13:12:00,816.95,817.2,816.84,817.2,6
2026-01-07 13:13:00,816.73,817.1,816.61,816.74,27
2026-01-07 13:14:00,816.74,816.74,816.74,816.74,0
2026-01-07 13:15:00,816.69,816.69,816.69,816.69,1
2026-01-07 13:16:00,816.69,816.81,816.69,816.81,5
2026-01-07 13:17:00,816.81,816.81,816.81,816.81,0
2026-01-07 13:18:00,816.69,816.69,816.69,816.69,1
2026-01-07 13:19:00,816.88,817.59,816.88,817.59,19
2026-01-07 13:20:00,817.59,817.59,817.59,817.59,0
2026-01-07 13:21:00,817.87,818.25,817.87,818.25,5
2026-01-07 13:22:00,818.46,818.46,818.03,818.04,458
2026-01-07 13:23:00,819.01,819.22,818.72,819.22,7
2026-01-07 13:24:00,818.6,818.6,818.46,818.6,5
2026-01-07 13:25:00,818.24,818.61,818.19,818.48,19
2026-01-07 13:26:00,818.58,818.69,818.58,818.69,2
2026-01-07 13:27:00,818.69,818.69,818.69,818.69,1
2026-01-07 13:28:00,817.99,818.04,817.52,817.52,7
2026-01-07 13:29:00,817.48,817.48,817.48,817.48,1
2026-01-07 13:30:00,818.06,818.06,817.48,817.72,7
2026-01-07 13:31:00,817.25,818.08,816.83,818.08,19
2026-01-07 13:32:00,817.92,818.23,817.77,818.23,9
2026-01-07 13:33:00,818.28,818.28,818.28,818.28,1
2026-01-07 13:34:00,818.28,818.28,818.28,818.28,0
2026-01-07 13:35:00,818.72,818.73,818.72,818.73,2
2026-01-07 13:36:00,818.4,818.4,818.32,818.32,4
2026-01-07 13:37:00,818.31,818.31,818.31,818.31,1
2026-01-07 13:38:00,818.3,818.3,818.11,818.13,4
2026-01-07 13:39:00,818.44,818.44,818.42,818.43,6
2026-01-07 13:40:00,818.44,818.44,817.99,817.99,2
2026-01-07 13:41:00,818.44,819.2,818.43,819.15,17
2026-01-07 13:42:00,819.29,819.8,819.29,819.32,7
2026-01-07 13:43:00,819.32,819.32,819.32,819.32,0
2026-01-07 13:44:00,819.56,819.56,819.52,819.53,11
2026-01-07 13:45:00,819.53,819.53,819.05,819.05,10
2026-01-07 13:46:00,819.24,819.59,819.23,819.59,10
2026-01-07 13:47:00,819.24,819.24,818.99,818.99,3
2026-01-07 13:48:00,819.06,819.06,819.06,819.06,1
2026-01-07 13:49:00,819.25,819.25,817.5,817.55,42
2026-01-07 13:50:00,818.0,818.01,817.15,817.18,31
2026-01-07 13:51:00,816.8,817.03,815.73,815.73,32
2026-01-07 13:52:00,815.52,815.6,815.52,815.58,6
2026-01-07 13:53:00,815.55,816.24,815.55,816.24,10
2026-01-07 13:54:00,816.0,817.73,815.89,817.73,151
2026-01-07 13:55:00,817.54,818.0,817.52,817.54,11
2026-01-07 13:56:00,818.21,818.54,818.0,818.54,9
2026-01-07 13:57:00,819.4,819.67,819.4,819.67,2
2026-01-07 13:58:00,820.07,820.07,818.28,819.04,8
2026-01-07 13:59:00,819.48,819.48,819.48,819.48,1
2026-01-07 14:00:00,819.81,820.56,819.81,820.44,23
2026-01-07 14:01:00,820.44,820.44,820.44,820.44,0
2026-01-07 14:02:00,820.44,820.44,820.44,820.44,0
2026-01-07 14:03:00,820.44,820.44,820.44,820.44,0
2026-01-07 14:04:00,821.58,821.78,821.58,821.78,3
2026-01-07 14:05:00,822.0,822.01,821.99,821.99,2
2026-01-07 14:06:00,821.69,822.0,821.69,822.0,5
2026-01-07 14:07:00,822.67,822.69,822.67,822.69,2
2026-01-07 14:08:00,822.69,822.69,822.69,822.69,0
2026-01-07 14:09:00,821.46,821.86,821.12,821.86,19
2026-01-07 14:10:00,821.08,821.16,819.7,820.01,33
2026-01-07 14:11:00,821.06,821.06,821.06,821.06,1
2026-01-07 14:12:00,820.6,820.6,820.15,820.57,3
2026-01-07 14:13:00,820.33,820.33,818.86,819.84,23
2026-01-07 14:14:00,819.84,819.84,819.84,819.84,0
2026-01-07 14:15:00,819.85,819.85,818.87,818.95,8
2026-01-07 14:16:00,819.79,819.79,818.87,819.24,5
2026-01-07 14:17:00,819.54,820.2,819.35,819.44,52
2026-01-07 14:18:00,819.68,819.69,819.58,819.59,3
2026-01-07 14:19:00,819.23,819.58,819.06,819.58,5
2026-01-07 14:20:00,819.12,819.12,818.89,818.89,20
2026-01-07 14:21:00,819.15,820.03,819.14,819.69,17
2026-01-07 14:22:00,819.69,819.69,819.69,819.69,0
2026-01-07 14:23:00,819.7,819.8,818.45,819.39,14
2026-01-07 14:24:00,819.19,819.19,818.1,818.1,2
2026-01-07 14:25:00,819.17,819.17,819.17,819.17,1
2026-01-07 14:26:00,819.17,819.17,819.17,819.17,0
2026-01-07 14:27:00,818.1,818.1,818.1,818.1,1
2026-01-07 14:28:00,818.1,818.1,818.1,818.1,0
2026-01-07 14:29:00,818.1,818.1,818.1,818.1,0
2026-01-07 14:30:00,818.8,819.36,818.79,819.36,9
2026-01-07 14:31:00,818.99,818.99,818.23,818.26,24
2026-01-07 14:32:00,818.43,818.43,817.64,817.64,6
2026-01-07 14:33:00,817.65,817.65,817.65,817.65,1
2026-01-07 14:34:00,818.0,818.0,816.69,817.21,37
2026-01-07 14:35:00,817.21,817.21,817.21,817.21,0
2026-01-07 14:36:00,817.21,817.21,817.21,817.21,0
2026-01-07 14:37:00,817.21,817.21,817.21,817.21,0
2026-01-07 14:38:00,816.65,817.21,816.65,817.21,4
2026-01-07 14:39:00,817.21,817.21,816.2,817.03,66
2026-01-07 14:40:00,817.23,817.72,817.23,817.4,4
2026-01-07 14:41:00,817.6,817.85,817.59,817.85,2
2026-01-07 14:42:00,817.81,818.12,817.8,817.83,6
2026-01-07 14:43:00,817.83,817.83,817.83,817.83,0
2026-01-07 14:44:00,817.85,817.85,817.84,817.85,1
2026-01-07 14:45:00,818.31,818.86,817.61,818.26,35
2026-01-07 14:46:00,818.7,819.07,818.69,819.07,16
2026-01-07 14:47:00,819.06,819.06,819.06,819.06,1
2026-01-07 14:48:00,818.71,818.71,817.3,817.3,106
2026-01-07 14:49:00,817.94,817.94,817.11,817.11,8
2026-01-07 14:50:00,816.53,816.53,816.53,816.53,1
2026-01-07 14:51:00,817.51,818.13,817.51,818.07,20
2026-01-07 14:52:00,817.88,819.12,817.88,818.49,123
2026-01-07 14:53:00,818.93,819.84,818.93,819.84,7
2026-01-07 14:54:00,820.37,820.37,819.86,820.36,4
2026-01-07 14:55:00,820.8,822.26,820.44,821.79,12
2026-01-07 14:56:00,821.11,821.9,821.11,821.9,3
2026-01-07 14:57:00,823.48,824.09,823.01,824.09,10
2026-01-07 14:58:00,823.63,825.57,823.11,825.32,53
2026-01-07 14:59:00,825.88,825.98,825.51,825.98,5
2026-01-07 15:00:00,825.98,825.98,825.98,825.98,0
2026-01-07 15:01:00,828.17,830.27,828.17,830.27,8
2026-01-07 15:02:00,830.27,830.3,827.44,827.44,20
2026-01-07 15:03:00,827.2,827.2,825.46,825.46,8
2026-01-07 15:04:00,825.47,825.47,824.47,824.47,10
2026-01-07 15:05:00,825.34,825.34,824.47,824.47,2
2026-01-07 15:06:00,825.35,825.35,821.19,821.19,37
2026-01-07 15:07:00,823.56,823.56,822.8,822.81,2
2026-01-07 15:08:00,824.15,824.15,822.61,823.98,54
2026-01-07 15:09:00,823.99,823.99,823.98,823.99,1
2026-01-07 15:10:00,822.63,823.01,822.63,823.0,3
2026-01-07 15:11:00,822.87,824.11,822.85,823.87,12
2026-01-07 15:12:00,824.28,824.28,823.97,823.98,7
2026-01-07 15:13:00,823.97,823.98,823.22,823.4,10
2026-01-07 15:14:00,823.4,823.4,823.4,823.4,0
2026-01-07 15:15:00,823.53,823.53,822.62,822.86,6
2026-01-07 15:16:00,822.62,822.62,822.62,822.62,1
2026-01-07 15:17:00,823.24,823.44,822.57,822.57,27
2026-01-07 15:18:00,822.56,822.77,822.01,822.01,24
2026-01-07 15:19:00,821.31,821.31,821.31,821.31,1
2026-01-07 15:20:00,821.31,821.31,821.31,821.31,0
2026-01-07 15:21:00,821.37,821.74,820.9,821.57,32
2026-01-07 15:22:00,821.6,821.6,820.89,820.89,10
2026-01-07 15:23:00,819.98,820.26,819.76,819.76,5
2026-01-07 15:24:00,819.96,820.17,819.73,819.73,12
2026-01-07 15:25:00,819.07,820.5,819.07,820.15,18
2026-01-07 15:26:00,820.12,820.12,820.1,820.1,4
2026-01-07 15:27:00,820.1,820.1,819.36,819.36,6
2026-01-07 15:28:00,820.1,820.1,819.16,819.44,28
2026-01-07 15:29:00,819.87,820.63,819.8,820.59,21
2026-01-07 15:30:00,820.65,821.05,820.62,820.64,8
2026-01-07 15:31:00,821.12,821.13,821.12,821.13,3
2026-01-07 15:32:00,821.13,821.13,820.13,820.13,7
2026-01-07 15:33:00,820.53,820.53,819.96,820.13,40
2026-01-07 15:34:00,820.08,820.1,819.32,819.32,12
2026-01-07 15:35:00,819.33,819.35,818.34,818.65,19
2026-01-07 15:36:00,818.86,819.93,818.86,819.33,25
2026-01-07 15:37:00,819.48,819.48,819.21,819.34,6
2026-01-07 15:38:00,819.24,819.24,819.24,819.24,1
2026-01-07 15:39:00,819.27,820.22,819.27,820.22,50
2026-01-07 15:40:00,820.9,821.14,820.9,821.14,2
2026-01-07 15:41:00,821.14,821.82,821.09,821.14,36
2026-01-07 15:42:00,821.14,821.14,820.3,820.67,15
2026-01-07 15:43:00,819.6,820.35,819.43,820.08,11
2026-01-07 15:44:00,820.08,821.09,819.43,821.08,35
2026-01-07 15:45:00,821.4,821.61,820.1,821.13,7
2026-01-07 15:46:00,821.13,821.13,821.12,821.13,5
2026-01-07 15:47:00,821.81,822.16,821.15,822.16,21
2026-01-07 15:48:00,822.49,822.58,821.87,822.35,45
2026-01-07 15:49:00,822.35,822.39,821.65,821.84,27
2026-01-07 15:50:00,821.42,822.43,820.94,822.03,73
2026-01-07 15:51:00,822.1,822.14,821.3,821.8,45
2026-01-07 15:52:00,822.0,823.05,822.0,822.92,49
2026-01-07 15:53:00,822.65,822.82,822.48,822.49,32
2026-01-07 15:54:00,821.72,822.68,821.13,821.18,61
2026-01-07 15:55:00,821.71,824.26,821.7,822.96,100
2026-01-07 15:56:00,823.1,823.48,822.42,822.42,52
2026-01-07 15:57:00,822.76,822.89,822.17,822.89,54
2026-01-07 15:58:00,822.49,822.8,821.79,822.57,193
2026-01-07 15:59:00,822.91,823.32,821.8,822.57,215
2026-01-08 09:30:00,826.67,826.86,825.38,826.78,41
2026-01-08 09:31:00,828.37,828.78,827.06,828.19,19
2026-01-08 09:32:00,828.03,828.03,826.95,826.95,17
2026-01-08 09:33:00,827.07,827.2,826.89,826.98,6
2026-01-08 09:34:00,827.55,827.93,825.5,825.6,107
2026-01-08 09:35:00,825.76,825.76,825.7,825.7,7
2026-01-08 09:36:00,825.62,826.7,825.61,825.94,20
2026-01-08 09:37:00,826.34,826.67,825.34,825.61,51
2026-01-08 09:38:00,825.12,825.84,824.97,825.66,6
2026-01-08 09:39:00,824.84,824.84,824.84,824.84,2
2026-01-08 09:40:00,823.58,824.43,822.87,822.87,41
2026-01-08 09:41:00,822.68,822.68,821.33,821.73,5
2026-01-08 09:42:00,821.91,821.91,821.27,821.48,15
2026-01-08 09:43:00,821.61,821.92,821.61,821.92,3
2026-01-08 09:44:00,822.72,822.77,821.62,822.77,14
2026-01-08 09:45:00,821.97,822.01,820.44,820.44,10
2026-01-08 09:46:00,819.99,820.34,817.75,818.96,16
2026-01-08 09:47:00,819.63,819.63,818.67,818.68,2
2026-01-08 09:48:00,818.87,818.87,817.8,817.81,27
2026-01-08 09:49:00,818.52,818.52,818.28,818.32,6
2026-01-08 09:50:00,817.86,818.06,817.86,818.06,3
2026-01-08 09:51:00,818.86,819.12,818.4,819.12,12
2026-01-08 09:52:00,818.77,818.77,817.55,817.55,3
2026-01-08 09:53:00,816.8,817.37,816.76,816.76,13
2026-01-08 09:54:00,815.92,815.92,815.31,815.32,9
2026-01-08 09:55:00,815.4,816.59,815.33,816.59,9
2026-01-08 09:56:00,816.29,816.29,816.29,816.29,1
2026-01-08 09:57:00,816.04,816.04,816.03,816.04,1
2026-01-08 09:58:00,815.32,815.93,815.2,815.72,18
2026-01-08 09:59:00,815.34,815.34,814.65,814.65,3
2026-01-08 10:00:00,814.65,814.65,813.55,813.97,3
2026-01-08 10:01:00,814.41,815.35,814.37,815.33,13
2026-01-08 10:02:00,815.55,815.92,815.06,815.32,13
2026-01-08 10:03:00,814.69,814.69,813.1,813.14,17
2026-01-08 10:04:00,812.81,812.87,812.24,812.45,41
2026-01-08 10:05:00,812.74,813.67,812.39,813.08,30
2026-01-08 10:06:00,813.7,815.08,813.69,814.24,24
2026-01-08 10:07:00,814.2,814.2,812.91,812.91,4
2026-01-08 10:08:00,811.68,811.92,811.06,811.75,28
2026-01-08 10:09:00,812.39,812.6,811.73,812.6,20
2026-01-08 10:10:00,813.1,813.1,811.75,811.75,3
2026-01-08 10:11:00,811.99,813.34,811.99,813.03,16
2026-01-08 10:12:00,813.0,813.0,812.49,812.5,6
2026-01-08 10:13:00,812.93,812.93,812.22,812.22,11
2026-01-08 10:14:00,812.79,814.2,812.79,813.6,6
2026-01-08 10:15:00,814.58,815.19,814.58,815.19,4
2026-01-08 10:16:00,815.84,816.56,815.84,815.84,140
2026-01-08 10:17:00,815.41,815.58,815.41,815.58,2
2026-01-08 10:18:00,815.61,816.38,815.61,816.38,20
2026-01-08 10:19:00,815.44,815.44,814.69,815.02,74
2026-01-08 10:20:00,814.03,815.19,814.03,815.19,3
2026-01-08 10:21:00,815.13,815.18,814.79,814.79,8
2026-01-08 10:22:00,814.82,814.82,814.82,814.82,1
2026-01-08 10:23:00,814.87,815.34,814.86,815.34,14
2026-01-08 10:24:00,815.67,815.67,815.67,815.67,1
2026-01-08 10:25:00,814.94,815.18,814.9,814.9,6
2026-01-08 10:26:00,814.35,815.68,814.34,815.68,20
2026-01-08 10:27:00,815.79,815.79,815.78,815.79,1
2026-01-08 10:28:00,815.81,815.84,815.65,815.65,3
2026-01-08 10:29:00,815.57,816.39,815.57,815.96,20
2026-01-08 10:30:00,815.59,815.65,815.59,815.65,3
2026-01-08 10:31:00,815.81,815.93,815.29,815.57,93
2026-01-08 10:32:00,815.86,815.88,815.35,815.65,45
2026-01-08 10:33:00,815.66,816.58,815.65,816.58,15
2026-01-08 10:34:00,816.64,816.88,816.64,816.88,12
2026-01-08 10:35:00,816.37,816.47,815.86,816.05,16
2026-01-08 10:36:00,815.63,815.77,815.62,815.77,4
2026-01-08 10:37:00,816.02,816.05,815.67,815.97,15
2026-01-08 10:38:00,815.56,815.79,815.56,815.79,2
2026-01-08 10:39:00,815.43,816.34,815.43,816.34,14
2026-01-08 10:40:00,816.08,816.08,816.02,816.02,3
2026-01-08 10:41:00,816.35,816.35,815.64,815.65,10
2026-01-08 10:42:00,815.93,815.93,815.92,815.93,5
2026-01-08 10:43:00,815.9,816.24,815.6,815.61,10
2026-01-08 10:44:00,815.84,816.11,815.84,816.11,4
2026-01-08 10:45:00,816.28,816.92,816.27,816.55,11
2026-01-08 10:46:00,816.2,816.41,816.01,816.41,25
2026-01-08 10:47:00,816.34,816.69,814.99,815.3,17
2026-01-08 10:48:00,815.3,815.3,814.74,814.74,24
2026-01-08 10:49:00,815.01,815.33,814.53,814.53,12
2026-01-08 10:50:00,813.76,813.76,813.76,813.76,1
2026-01-08 10:51:00,813.63,813.89,813.2,813.41,8
2026-01-08 10:52:00,813.89,814.18,813.89,814.18,12
2026-01-08 10:53:00,815.4,815.61,814.91,815.61,15
2026-01-08 10:54:00,815.71,815.71,815.27,815.3,4
2026-01-08 10:55:00,815.15,815.16,814.12,814.12,14
2026-01-08 10:56:00,813.99,813.99,812.65,812.65,11
2026-01-08 10:57:00,812.77,813.24,812.62,813.17,62
2026-01-08 10:58:00,813.37,813.37,813.34,813.34,2
2026-01-08 10:59:00,813.47,813.89,813.47,813.69,13
2026-01-08 11:00:00,814.38,814.39,814.3,814.39,4
2026-01-08 11:01:00,814.49,814.78,814.49,814.53,9
2026-01-08 11:02:00,814.39,814.39,814.15,814.15,2
2026-01-08 11:03:00,813.68,813.68,813.18,813.38,3
2026-01-08 11:04:00,813.83,813.83,813.83,813.83,4
2026-01-08 11:05:00,812.67,812.79,812.54,812.74,5
2026-01-08 11:06:00,813.0,813.48,812.65,813.48,17
2026-01-08 11:07:00,813.4,813.53,813.12,813.52,25
2026-01-08 11:08:00,812.94,812.94,812.82,812.82,2
2026-01-08 11:09:00,812.52,812.96,812.52,812.96,34
2026-01-08 11:10:00,813.03,813.03,812.52,812.52,8
2026-01-08 11:11:00,812.52,812.52,812.15,812.15,15
2026-01-08 11:12:00,812.28,812.29,812.27,812.27,3
2026-01-08 11:13:00,812.63,812.69,812.63,812.69,9
2026-01-08 11:14:00,812.12,812.12,812.11,812.12,28
2026-01-08 11:15:00,811.53,811.53,811.53,811.53,1
2026-01-08 11:16:00,811.66,812.11,811.42,812.08,16
2026-01-08 11:17:00,812.35,812.35,812.35,812.35,1
2026-01-08 11:18:00,812.35,812.35,812.35,812.35,0
2026-01-08 11:19:00,812.66,812.83,812.65,812.83,2
2026-01-08 11:20:00,812.71,813.19,812.71,813.17,8
2026-01-08 11:21:00,813.27,813.27,812.09,812.09,5
2026-01-08 11:22:00,812.33,812.43,812.23,812.23,3
2026-01-08 11:23:00,811.99,813.39,811.99,813.27,14
2026-01-08 11:24:00,812.77,813.19,812.76,812.98,7
2026-01-08 11:25:00,812.97,812.97,812.94,812.95,2
2026-01-08 11:26:00,812.95,813.72,812.82,813.71,40
2026-01-08 11:27:00,814.09,814.29,813.58,813.61,11
2026-01-08 11:28:00,813.64,813.64,813.03,813.17,16
2026-01-08 11:29:00,812.8,812.8,812.55,812.55,10
2026-01-08 11:30:00,812.54,813.25,811.88,812.81,68
2026-01-08 11:31:00,812.81,813.1,812.8,813.1,59
2026-01-08 11:32:00,812.72,812.72,812.15,812.2,4
2026-01-08 11:33:00,812.61,812.61,812.15,812.45,8
2026-01-08 11:34:00,812.1,813.02,811.8,812.82,147
2026-01-08 11:35:00,811.55,811.56,810.66,810.74,65
2026-01-08 11:36:00,810.68,810.68,810.18,810.18,2
2026-01-08 11:37:00,810.45,810.45,810.41,810.41,2
2026-01-08 11:38:00,810.9,810.91,810.38,810.69,13
2026-01-08 11:39:00,810.69,810.69,810.38,810.38,5
2026-01-08 11:40:00,810.68,810.72,810.4,810.4,9
2026-01-08 11:41:00,810.38,810.39,810.38,810.38,2
2026-01-08 11:42:00,811.0,811.0,810.99,811.0,7
2026-01-08 11:43:00,810.38,810.38,810.0,810.18,3
2026-01-08 11:44:00,810.18,810.18,810.18,810.18,0
2026-01-08 11:45:00,810.5,810.5,810.5,810.5,3
2026-01-08 11:46:00,810.5,810.5,810.5,810.5,1
2026-01-08 11:47:00,810.5,812.09,810.49,812.09,19
2026-01-08 11:48:00,812.09,812.09,812.09,812.09,0
2026-01-08 11:49:00,812.3,812.3,812.18,812.18,2
2026-01-08 11:50:00,813.1,813.1,812.32,812.32,2
2026-01-08 11:51:00,813.21,813.21,812.24,812.24,2
2026-01-08 11:52:00,813.08,813.08,813.08,813.08,1
2026-01-08 11:53:00,812.24,812.24,812.24,812.24,1
2026-01-08 11:54:00,812.24,813.08,812.24,812.24,3
2026-01-08 11:55:00,812.24,812.24,812.24,812.24,0
2026-01-08 11:56:00,813.16,813.16,812.24,812.24,3
2026-01-08 11:57:00,813.03,813.03,813.03,813.03,1
2026-01-08 11:58:00,813.03,813.03,813.03,813.03,0
2026-01-08 11:59:00,812.42,812.42,812.42,812.42,1
2026-01-08 12:00:00,811.64,811.68,811.63,811.63,4
2026-01-08 12:01:00,810.32,810.32,810.32,810.32,1
2026-01-08 12:02:00,810.37,810.37,810.37,810.37,1
2026-01-08 12:03:00,810.37,810.37,810.37,810.37,0
2026-01-08 12:04:00,810.51,810.51,810.12,810.12,2
2026-01-08 12:05:00,811.32,811.33,811.32,811.32,39
2026-01-08 12:06:00,811.32,811.32,811.32,811.32,0
2026-01-08 12:07:00,811.32,811.32,811.32,811.32,0
2026-01-08 12:08:00,811.32,811.32,811.32,811.32,0
2026-01-08 12:09:00,811.32,812.2,811.31,811.32,51
2026-01-08 12:10:00,811.32,811.32,810.39,810.4,6
2026-01-08 12:11:00,810.32,810.32,809.8,810.0,8
2026-01-08 12:12:00,810.06,810.06,810.05,810.06,2
2026-01-08 12:13:00,809.77,810.06,809.77,810.06,6
2026-01-08 12:14:00,810.33,811.29,810.32,810.61,27
2026-01-08 12:15:00,812.38,812.38,812.25,812.25,3
2026-01-08 12:16:00,812.25,812.25,812.25,812.25,0
2026-01-08 12:17:00,812.11,812.11,812.11,812.11,2
2026-01-08 12:18:00,811.17,812.11,811.16,811.43,4
2026-01-08 12:19:00,811.42,811.42,811.42,811.42,1
2026-01-08 12:20:00,810.21,810.76,810.21,810.76,9
2026-01-08 12:21:00,810.86,810.88,810.85,810.88,6
2026-01-08 12:22:00,810.88,810.88,810.88,810.88,0
2026-01-08 12:23:00,810.88,810.88,810.88,810.88,0
2026-01-08 12:24:00,810.24,810.24,810.23,810.24,1
2026-01-08 12:25:00,810.24,810.24,810.24,810.24,0
2026-01-08 12:26:00,810.88,810.88,810.87,810.88,1
2026-01-08 12:27:00,810.21,810.21,810.21,810.21,1
2026-01-08 12:28:00,810.08,810.08,810.08,810.08,1
2026-01-08 12:29:00,810.08,810.08,810.08,810.08,3
2026-01-08 12:30:00,810.08,810.49,810.08,810.49,6
2026-01-08 12:31:00,810.08,810.09,809.0,809.0,15
2026-01-08 12:32:00,809.0,810.0,808.43,808.44,19
2026-01-08 12:33:00,807.57,809.14,807.41,807.52,8
2026-01-08 12:34:00,807.41,807.46,807.41,807.41,3
2026-01-08 12:35:00,807.52,808.37,807.52,808.37,2
2026-01-08 12:36:00,807.52,807.52,807.41,807.41,2
2026-01-08 12:37:00,807.52,807.52,807.52,807.52,1
2026-01-08 12:38:00,808.29,808.29,808.28,808.29,3
2026-01-08 12:39:00,807.81,807.81,807.81,807.81,1
2026-01-08 12:40:00,807.33,807.33,807.13,807.13,7
2026-01-08 12:41:00,807.34,807.34,807.34,807.34,6
2026-01-08 12:42:00,807.34,807.34,806.31,806.31,2
2026-01-08 12:43:00,807.34,807.34,806.63,806.63,3
2026-01-08 12:44:00,806.63,806.63,806.63,806.63,0
2026-01-08 12:45:00,806.72,807.34,806.72,806.97,5
2026-01-08 12:46:00,806.55,806.55,806.04,806.04,7
2026-01-08 12:47:00,805.24,805.24,805.23,805.24,1
2026-01-08 12:48:00,805.24,805.24,805.24,805.24,0
2026-01-08 12:49:00,806.4,807.63,805.61,805.61,15
2026-01-08 12:50:00,805.84,805.84,805.63,805.63,3
2026-01-08 12:51:00,806.64,806.64,805.5,805.5,4
2026-01-08 12:52:00,805.63,806.64,805.5,805.5,13
2026-01-08 12:53:00,805.12,805.12,805.02,805.02,15
2026-01-08 12:54:00,805.13,805.13,805.13,805.13,1
2026-01-08 12:55:00,805.03,805.13,803.0,803.13,64
2026-01-08 12:56:00,803.13,803.13,803.13,803.13,0
2026-01-08 12:57:00,804.06,804.06,804.05,804.06,1
2026-01-08 12:58:00,803.0,803.0,803.0,803.0,1
2026-01-08 12:59:00,803.1,803.1,803.02,803.02,5
2026-01-08 13:00:00,803.21,804.78,803.0,803.15,38
2026-01-08 13:01:00,803.27,804.06,803.0,803.0,15
2026-01-08 13:02:00,803.0,803.0,803.0,803.0,0
2026-01-08 13:03:00,803.67,804.06,803.0,803.0,6
2026-01-08 13:04:00,803.37,803.37,803.11,803.19,7
2026-01-08 13:05:00,803.01,803.01,803.01,803.01,1
2026-01-08 13:06:00,803.0,803.94,803.0,803.18,8
2026-01-08 13:07:00,803.94,803.94,803.0,803.94,6
2026-01-08 13:08:00,803.0,803.0,803.0,803.0,2
2026-01-08 13:09:00,803.09,803.94,803.0,803.12,10
2026-01-08 13:10:00,803.11,803.11,803.0,803.0,4
2026-01-08 13:11:00,803.94,803.94,803.94,803.94,1
2026-01-08 13:12:00,803.01,803.24,802.79,802.92,16
2026-01-08 13:13:00,802.92,803.54,801.48,803.54,34
2026-01-08 13:14:00,803.54,803.54,803.54,803.54,2
2026-01-08 13:15:00,803.54,803.54,803.54,803.54,2
2026-01-08 13:16:00,802.21,802.74,802.21,802.74,2
2026-01-08 13:17:00,802.36,802.36,802.36,802.36,1
2026-01-08 13:18:00,802.2,802.2,802.03,802.03,6
2026-01-08 13:19:00,802.03,802.03,801.0,801.3,6
2026-01-08 13:20:00,801.17,801.17,801.17,801.17,1
2026-01-08 13:21:00,802.43,802.43,802.42,802.43,4
2026-01-08 13:22:00,802.43,802.43,802.42,802.43,8
2026-01-08 13:23:00,801.26,802.55,801.26,801.41,6
2026-01-08 13:24:00,801.26,802.63,801.26,802.63,7
2026-01-08 13:25:00,802.63,802.63,802.63,802.63,0
2026-01-08 13:26:00,802.63,802.63,801.44,802.09,9
2026-01-08 13:27:00,801.98,802.08,800.44,802.08,7
2026-01-08 13:28:00,801.59,801.59,801.59,801.59,1
2026-01-08 13:29:00,800.67,800.67,800.65,800.65,4
2026-01-08 13:30:00,800.65,800.65,800.65,800.65,0
2026-01-08 13:31:00,800.67,800.67,800.44,800.44,3
2026-01-08 13:32:00,800.02,800.14,796.75,796.75,65
2026-01-08 13:33:00,796.86,797.65,796.75,796.75,13
2026-01-08 13:34:00,796.75,797.36,795.11,796.83,44
2026-01-08 13:35:00,796.18,796.83,796.18,796.18,4
2026-01-08 13:36:00,796.18,796.18,796.18,796.18,0
2026-01-08 13:37:00,796.83,797.62,796.31,796.83,82
2026-01-08 13:38:00,796.82,796.82,796.14,796.14,8
2026-01-08 13:39:00,796.82,796.82,796.18,796.49,17
2026-01-08 13:40:00,796.18,797.62,796.02,796.82,55
2026-01-08 13:41:00,796.93,797.06,796.07,796.67,10
2026-01-08 13:42:00,796.67,796.67,796.67,796.67,0
2026-01-08 13:43:00,796.08,796.68,796.08,796.68,2
2026-01-08 13:44:00,796.67,796.68,796.67,796.68,4
2026-01-08 13:45:00,796.68,796.68,796.07,796.08,3
2026-01-08 13:46:00,796.04,796.04,796.04,796.04,1
2026-01-08 13:47:00,796.04,796.04,796.04,796.04,0
2026-01-08 13:48:00,796.69,796.69,796.02,796.02,43
2026-01-08 13:49:00,796.32,796.32,795.0,795.0,36
2026-01-08 13:50:00,795.06,796.19,795.01,795.24,26
2026-01-08 13:51:00,795.24,795.95,795.23,795.36,21
2026-01-08 13:52:00,795.63,795.63,795.63,795.63,1
2026-01-08 13:53:00,796.3,796.41,795.82,795.91,6
2026-01-08 13:54:00,795.4,795.4,795.24,795.24,3
2026-01-08 13:55:00,794.88,795.0,794.88,794.99,10
2026-01-08 13:56:00,795.96,796.03,794.74,794.75,13
2026-01-08 13:57:00,794.75,794.75,794.75,794.75,0
2026-01-08 13:58:00,795.88,795.89,794.93,794.93,2
2026-01-08 13:59:00,795.88,795.88,795.04,795.04,4
2026-01-08 14:00:00,795.84,795.9,794.93,794.94,11
2026-01-08 14:01:00,794.77,795.9,794.77,795.89,6
2026-01-08 14:02:00,795.89,795.9,795.26,795.26,4
2026-01-08 14:03:00,794.88,795.9,794.87,795.89,10
2026-01-08 14:04:00,795.89,797.32,795.89,796.93,26
2026-01-08 14:05:00,796.93,797.0,796.86,796.87,8
2026-01-08 14:06:00,796.5,796.69,795.81,796.12,15
2026-01-08 14:07:00,796.1,797.2,796.1,796.39,12
2026-01-08 14:08:00,796.24,796.32,796.24,796.24,11
2026-01-08 14:09:00,796.24,796.79,796.24,796.24,5
2026-01-08 14:10:00,797.02,797.02,797.02,797.02,1
2026-01-08 14:11:00,796.95,797.35,796.6,797.35,18
2026-01-08 14:12:00,797.35,797.35,796.67,796.68,3
2026-01-08 14:13:00,797.32,798.36,796.17,796.17,56
2026-01-08 14:14:00,796.17,796.17,795.13,795.13,35
2026-01-08 14:15:00,795.48,796.27,795.47,796.27,3
2026-01-08 14:16:00,796.27,796.27,796.27,796.27,0
2026-01-08 14:17:00,796.27,796.27,795.94,795.94,2
2026-01-08 14:18:00,795.61,796.34,795.61,795.67,3
2026-01-08 14:19:00,795.67,795.67,795.67,795.67,0
2026-01-08 14:20:00,796.16,796.28,796.16,796.28,2
2026-01-08 14:21:00,796.0,796.0,795.32,795.35,5
2026-01-08 14:22:00,795.33,796.0,795.32,795.7,9
2026-01-08 14:23:00,795.28,795.28,795.28,795.28,3
2026-01-08 14:24:00,795.84,795.84,795.84,795.84,3
2026-01-08 14:25:00,795.84,795.84,795.84,795.84,0
2026-01-08 14:26:00,795.84,795.84,795.04,795.69,21
2026-01-08 14:27:00,795.01,795.01,794.43,794.56,9
2026-01-08 14:28:00,794.56,794.56,794.55,794.56,1
2026-01-08 14:29:00,794.56,794.56,794.55,794.56,1
2026-01-08 14:30:00,794.56,794.56,794.56,794.56,0
2026-01-08 14:31:00,794.44,794.44,793.26,793.26,8
2026-01-08 14:32:00,793.76,793.84,793.58,793.58,3
2026-01-08 14:33:00,793.73,794.64,793.72,794.64,2
2026-01-08 14:34:00,794.64,794.64,794.64,794.64,1
2026-01-08 14:35:00,793.6,793.6,793.6,793.6,1
2026-01-08 14:36:00,793.6,793.6,793.6,793.6,0
2026-01-08 14:37:00,793.74,794.36,793.34,793.34,12
2026-01-08 14:38:00,793.6,794.36,793.6,794.36,2
2026-01-08 14:39:00,793.4,794.02,792.53,793.38,41
2026-01-08 14:40:00,793.34,793.34,792.52,792.58,3
2026-01-08 14:41:00,793.03,794.85,792.52,794.85,27
2026-01-08 14:42:00,794.31,794.39,794.31,794.39,10
2026-01-08 14:43:00,794.39,795.5,794.38,795.12,23
2026-01-08 14:44:00,796.09,796.09,795.34,795.35,12
2026-01-08 14:45:00,796.19,796.59,794.84,794.84,33
2026-01-08 14:46:00,794.85,794.85,794.08,794.25,7
2026-01-08 14:47:00,795.07,795.07,793.19,793.19,4
2026-01-08 14:48:00,793.24,793.24,793.24,793.24,1
2026-01-08 14:49:00,793.17,793.27,793.16,793.27,2
2026-01-08 14:50:00,793.2,793.87,792.53,793.2,8
2026-01-08 14:51:00,793.2,793.2,793.19,793.2,2
2026-01-08 14:52:00,793.2,794.73,793.0,793.83,15
2026-01-08 14:53:00,793.83,793.83,793.83,793.83,0
2026-01-08 14:54:00,794.17,794.17,793.01,793.01,15
2026-01-08 14:55:00,793.0,793.0,793.0,793.0,2
2026-01-08 14:56:00,792.91,792.91,792.91,792.91,1
2026-01-08 14:57:00,792.91,793.53,792.81,792.81,9
2026-01-08 14:58:00,792.81,793.26,792.52,792.9,9
2026-01-08 14:59:00,793.25,793.31,792.66,793.25,7
2026-01-08 15:00:00,792.68,792.75,792.67,792.75,2
2026-01-08 15:01:00,792.75,792.75,792.75,792.75,0
2026-01-08 15:02:00,792.75,792.75,792.75,792.75,0
2026-01-08 15:03:00,793.25,793.26,792.64,793.25,7
2026-01-08 15:04:00,793.25,793.29,792.62,793.29,6
2026-01-08 15:05:00,793.99,795.12,793.99,794.38,16
2026-01-08 15:06:00,793.81,793.81,793.66,793.66,5
2026-01-08 15:07:00,795.01,795.01,793.8,793.81,3
2026-01-08 15:08:00,793.81,795.11,793.8,794.99,9
2026-01-08 15:09:00,795.95,795.95,795.52,795.74,3
2026-01-08 15:10:00,795.05,795.35,795.04,795.35,8
2026-01-08 15:11:00,794.79,794.79,794.79,794.79,1
2026-01-08 15:12:00,795.35,795.35,793.76,794.51,14
2026-01-08 15:13:00,794.51,794.52,794.51,794.51,5
2026-01-08 15:14:00,793.68,794.52,793.67,794.51,2
2026-01-08 15:15:00,794.51,795.37,794.51,795.36,15
2026-01-08 15:16:00,795.36,795.45,795.0,795.19,13
2026-01-08 15:17:00,795.13,795.13,795.13,795.13,3
2026-01-08 15:18:00,795.64,796.71,795.64,796.71,9
2026-01-08 15:19:00,795.93,796.35,795.89,795.93,11
2026-01-08 15:20:00,795.93,795.93,795.93,795.93,0
2026-01-08 15:21:00,796.38,796.85,796.37,796.4,8
2026-01-08 15:22:00,796.63,796.63,796.37,796.37,4
2026-01-08 15:23:00,796.37,796.37,795.98,796.37,5
2026-01-08 15:24:00,796.37,796.38,795.95,796.38,4
2026-01-08 15:25:00,796.38,797.41,796.29,797.38,11
2026-01-08 15:26:00,797.61,797.61,796.76,796.78,29
2026-01-08 15:27:00,796.78,796.78,796.78,796.78,0
2026-01-08 15:28:00,796.66,796.71,796.6,796.71,5
2026-01-08 15:29:00,796.64,796.64,796.64,796.64,1
2026-01-08 15:30:00,796.64,796.71,796.64,796.69,5
2026-01-08 15:31:00,796.75,796.8,796.75,796.8,2
2026-01-08 15:32:00,797.22,797.22,796.84,797.22,6
2026-01-08 15:33:00,797.43,797.68,796.99,797.28,24
2026-01-08 15:34:00,797.32,799.0,797.31,798.15,47
2026-01-08 15:35:00,797.72,797.72,797.72,797.72,1
2026-01-08 15:36:00,797.5,797.86,797.49,797.86,2
2026-01-08 15:37:00,797.42,797.87,797.42,797.87,6
2026-01-08 15:38:00,797.67,797.69,797.67,797.69,2
2026-01-08 15:39:00,797.65,797.93,797.4,797.93,9
2026-01-08 15:40:00,798.29,799.81,798.28,798.71,93
2026-01-08 15:41:00,798.93,799.85,798.92,799.45,34
2026-01-08 15:42:00,799.45,799.45,798.7,798.71,8
2026-01-08 15:43:00,799.09,799.09,798.79,798.79,2
2026-01-08 15:44:00,798.68,798.84,797.91,798.33,15
2026-01-08 15:45:00,797.87,798.54,797.4,798.54,32
2026-01-08 15:46:00,798.77,799.3,798.44,799.1,24
2026-01-08 15:47:00,799.58,799.59,799.29,799.3,20
2026-01-08 15:48:00,799.3,799.3,799.29,799.3,2
2026-01-08 15:49:00,799.13,799.3,799.13,799.3,3
2026-01-08 15:50:00,799.31,800.45,799.3,799.83,79
2026-01-08 15:51:00,799.23,799.23,798.43,798.43,22
2026-01-08 15:52:00,799.51,799.52,798.66,798.76,9
2026-01-08 15:53:00,798.98,798.98,797.89,797.89,23
2026-01-08 15:54:00,798.13,798.13,794.31,794.42,80
2026-01-08 15:55:00,794.46,795.98,794.3,795.31,123
2026-01-08 15:56:00,795.22,795.72,794.98,795.22,30
2026-01-08 15:57:00,795.72,795.93,795.52,795.55,60
2026-01-08 15:58:00,795.52,796.51,795.52,795.95,164
2026-01-08 15:59:00,795.76,796.12,795.07,795.07,183
2026-01-09 09:30:00,809.29,812.62,807.08,807.53,80
2026-01-09 09:31:00,808.24,809.84,808.14,809.84,16
2026-01-09 09:32:00,809.65,809.65,808.99,808.99,4
2026-01-09 09:33:00,808.03,808.03,805.68,807.01,42
2026-01-09 09:34:00,807.4,808.89,807.33,807.61,55
2026-01-09 09:35:00,807.51,808.86,807.51,808.58,49
2026-01-09 09:36:00,808.84,810.2,808.84,810.2,6
2026-01-09 09:37:00,809.74,812.25,809.19,812.13,141
2026-01-09 09:38:00,812.46,812.77,811.06,812.31,41
2026-01-09 09:39:00,812.24,813.32,812.23,813.32,23
2026-01-09 09:40:00,812.75,812.9,808.57,809.02,110
2026-01-09 09:41:00,808.58,810.46,808.57,810.34,31
2026-01-09 09:42:00,810.88,812.93,810.87,812.83,88
2026-01-09 09:43:00,813.11,813.11,811.71,811.71,28
2026-01-09 09:44:00,811.59,812.03,811.28,811.28,9
2026-01-09 09:45:00,810.94,811.0,810.08,810.41,31
2026-01-09 09:46:00,810.1,810.47,809.96,810.47,11
2026-01-09 09:47:00,811.13,813.03,810.49,811.29,61
2026-01-09 09:48:00,810.54,810.54,809.76,810.45,10
2026-01-09 09:49:00,810.66,810.66,809.85,809.85,30
2026-01-09 09:50:00,809.43,809.43,808.13,808.13,16
2026-01-09 09:51:00,808.03,811.0,808.03,810.09,42
2026-01-09 09:52:00,810.15,810.38,808.32,808.32,49
2026-01-09 09:53:00,808.2,808.43,807.93,808.2,22
2026-01-09 09:54:00,807.49,807.49,807.24,807.24,4
2026-01-09 09:55:00,807.78,809.19,807.36,808.51,50
2026-01-09 09:56:00,808.34,809.26,807.64,807.64,32
2026-01-09 09:57:00,808.07,808.36,808.07,808.13,4
2026-01-09 09:58:00,808.14,808.58,808.14,808.58,5
2026-01-09 09:59:00,808.73,808.9,808.22,808.9,11
2026-01-09 10:00:00,809.15,809.97,809.15,809.76,7
2026-01-09 10:01:00,809.72,810.78,809.61,810.78,24
2026-01-09 10:02:00,811.38,811.45,811.35,811.45,6
2026-01-09 10:03:00,811.01,811.4,810.96,811.4,6
2026-01-09 10:04:00,811.52,811.52,811.26,811.26,2
2026-01-09 10:05:00,811.24,811.24,811.09,811.09,3
2026-01-09 10:06:00,810.75,812.27,810.75,812.26,5
2026-01-09 10:07:00,811.93,812.86,811.93,812.43,23
2026-01-09 10:08:00,812.13,812.9,811.09,811.2,23
2026-01-09 10:09:00,811.51,812.1,811.38,812.04,13
2026-01-09 10:10:00,811.82,814.44,811.82,814.37,186
2026-01-09 10:11:00,813.98,814.5,813.75,813.76,19
2026-01-09 10:12:00,814.09,815.28,813.95,815.28,128
2026-01-09 10:13:00,815.64,815.64,814.57,814.61,13
2026-01-09 10:14:00,814.88,815.56,814.1,815.29,80
2026-01-09 10:15:00,815.35,816.03,815.28,815.66,23
2026-01-09 10:16:00,815.61,816.45,815.49,815.91,15
2026-01-09 10:17:00,815.87,815.87,814.56,814.78,19
2026-01-09 10:18:00,814.78,815.14,813.71,813.75,11
2026-01-09 10:19:00,813.78,813.78,812.42,812.45,9
2026-01-09 10:20:00,811.92,811.92,811.4,811.4,9
2026-01-09 10:21:00,811.87,812.07,811.36,811.36,9
2026-01-09 10:22:00,811.97,811.97,811.97,811.97,1
2026-01-09 10:23:00,812.76,812.76,812.01,812.01,4
2026-01-09 10:24:00,812.42,812.74,812.42,812.69,5
2026-01-09 10:25:00,812.31,812.44,811.63,811.63,13
2026-01-09 10:26:00,811.63,811.63,810.91,811.41,13
2026-01-09 10:27:00,811.23,811.79,810.99,811.02,19
2026-01-09 10:28:00,811.21,811.76,810.97,810.97,23
2026-01-09 10:29:00,811.71,811.71,811.71,811.71,1
2026-01-09 10:30:00,811.68,811.79,811.23,811.23,6
2026-01-09 10:31:00,811.18,811.8,810.65,811.49,13
2026-01-09 10:32:00,811.38,811.38,811.09,811.09,2
2026-01-09 10:33:00,810.85,812.12,810.82,812.12,17
2026-01-09 10:34:00,812.1,812.19,811.88,812.19,6
2026-01-09 10:35:00,812.2,812.2,812.06,812.2,4
2026-01-09 10:36:00,812.0,812.0,811.51,811.51,14
2026-01-09 10:37:00,812.33,812.33,811.33,811.9,5
2026-01-09 10:38:00,811.9,811.9,811.9,811.9,0
2026-01-09 10:39:00,811.9,811.9,811.9,811.9,0
2026-01-09 10:40:00,810.36,810.36,809.71,809.72,2
2026-01-09 10:41:00,809.85,809.85,809.14,809.15,3
2026-01-09 10:42:00,809.12,809.51,808.56,809.35,18
2026-01-09 10:43:00,808.66,808.66,808.66,808.66,1
2026-01-09 10:44:00,808.66,808.66,808.66,808.66,0
2026-01-09 10:45:00,809.27,809.27,808.94,808.94,2
2026-01-09 10:46:00,808.93,808.93,808.84,808.84,2
2026-01-09 10:47:00,808.66,808.67,808.66,808.67,2
2026-01-09 10:48:00,808.49,808.88,808.25,808.25,6
2026-01-09 10:49:00,808.41,808.48,808.09,808.48,6
2026-01-09 10:50:00,808.48,808.48,808.48,808.48,0
2026-01-09 10:51:00,809.55,809.62,809.54,809.62,3
2026-01-09 10:52:00,809.15,809.19,808.87,808.87,12
2026-01-09 10:53:00,808.05,808.05,808.05,808.05,1
2026-01-09 10:54:00,808.11,808.11,808.05,808.06,3
2026-01-09 10:55:00,807.89,808.0,807.81,807.87,7
2026-01-09 10:56:00,808.33,808.88,808.1,808.83,15
2026-01-09 10:57:00,808.55,808.63,807.58,807.61,8
2026-01-09 10:58:00,807.61,808.11,807.6,807.86,8
2026-01-09 10:59:00,807.11,807.11,807.11,807.11,1
2026-01-09 11:00:00,807.4,807.4,807.39,807.4,1
2026-01-09 11:01:00,807.13,807.13,807.13,807.13,1
2026-01-09 11:02:00,806.45,806.48,806.23,806.43,4
2026-01-09 11:03:00,806.03,806.26,805.93,806.16,9
2026-01-09 11:04:00,806.22,807.8,806.22,807.8,22
2026-01-09 11:05:00,807.9,807.98,807.36,807.36,8
2026-01-09 11:06:00,807.36,807.36,807.36,807.36,0
2026-01-09 11:07:00,807.75,807.75,807.74,807.75,1
2026-01-09 11:08:00,806.88,807.1,806.42,806.42,4
2026-01-09 11:09:00,806.32,806.4,806.32,806.4,5
2026-01-09 11:10:00,806.4,806.4,806.4,806.4,0
2026-01-09 11:11:00,806.4,806.4,806.4,806.4,0
2026-01-09 11:12:00,807.26,807.68,806.4,806.4,11
2026-01-09 11:13:00,806.29,807.41,806.29,807.33,22
2026-01-09 11:14:00,807.46,808.54,807.46,808.28,133
2026-01-09 11:15:00,808.79,808.81,808.57,808.81,9
2026-01-09 11:16:00,807.97,807.97,807.77,807.77,2
2026-01-09 11:17:00,807.9,807.9,806.96,806.96,11
2026-01-09 11:18:00,806.93,806.93,806.93,806.93,1
2026-01-09 11:19:00,806.86,806.93,806.86,806.93,2
2026-01-09 11:20:00,806.39,806.39,805.99,805.99,3
2026-01-09 11:21:00,805.92,806.49,805.92,806.49,6
2026-01-09 11:22:00,806.5,806.7,805.98,805.99,12
2026-01-09 11:23:00,806.04,806.07,806.04,806.07,3
2026-01-09 11:24:00,806.07,806.07,806.07,806.07,0
2026-01-09 11:25:00,805.72,805.72,805.72,805.72,1
2026-01-09 11:26:00,805.53,805.53,805.04,805.04,3
2026-01-09 11:27:00,805.02,805.26,805.02,805.21,22
2026-01-09 11:28:00,805.21,805.21,805.21,805.21,0
2026-01-09 11:29:00,805.02,805.07,804.27,804.47,57
2026-01-09 11:30:00,803.6,803.71,803.43,803.43,11
2026-01-09 11:31:00,803.71,804.18,803.25,804.01,50
2026-01-09 11:32:00,803.45,804.83,803.44,804.42,132
2026-01-09 11:33:00,804.74,804.74,803.51,804.44,83
2026-01-09 11:34:00,804.74,807.35,803.28,807.08,143
2026-01-09 11:35:00,806.79,807.37,805.76,805.85,122
2026-01-09 11:36:00,807.45,807.5,806.33,806.55,5
2026-01-09 11:37:00,806.47,806.47,805.57,806.44,13
2026-01-09 11:38:00,806.22,807.07,805.6,807.07,11
2026-01-09 11:39:00,806.43,807.23,805.94,805.94,19
2026-01-09 11:40:00,805.94,805.94,804.95,804.96,4
2026-01-09 11:41:00,806.07,806.07,806.07,806.07,9
2026-01-09 11:42:00,806.07,806.07,805.24,805.25,3
2026-01-09 11:43:00,805.25,805.25,805.25,805.25,0
2026-01-09 11:44:00,805.05,805.24,805.05,805.24,2
2026-01-09 11:45:00,805.08,805.08,805.08,805.08,1
2026-01-09 11:46:00,805.05,805.05,803.55,803.71,6
2026-01-09 11:47:00,803.71,803.75,803.71,803.75,3
2026-01-09 11:48:00,803.71,803.75,803.71,803.75,2
2026-01-09 11:49:00,803.56,803.56,803.56,803.56,1
2026-01-09 11:50:00,803.74,805.15,803.73,805.15,5
2026-01-09 11:51:00,803.85,803.85,803.75,803.75,4
2026-01-09 11:52:00,803.79,803.79,803.78,803.79,1
2026-01-09 11:53:00,803.7,803.98,803.66,803.96,9
2026-01-09 11:54:00,802.79,802.79,802.05,802.05,62
2026-01-09 11:55:00,801.87,801.87,801.87,801.87,1
2026-01-09 11:56:00,801.84,801.87,801.73,801.87,5
2026-01-09 11:57:00,801.96,801.96,801.96,801.96,2
2026-01-09 11:58:00,801.77,801.91,801.77,801.91,2
2026-01-09 11:59:00,801.91,801.91,801.91,801.91,1
2026-01-09 12:00:00,802.2,802.2,802.15,802.15,5
2026-01-09 12:01:00,802.91,802.91,802.91,802.91,1
2026-01-09 12:02:00,802.07,802.07,802.07,802.07,1
2026-01-09 12:03:00,802.99,802.99,802.31,802.31,2
2026-01-09 12:04:00,802.99,802.99,801.79,801.81,12
2026-01-09 12:05:00,801.21,801.21,801.21,801.21,1
2026-01-09 12:06:00,801.97,801.98,801.97,801.98,3
2026-01-09 12:07:00,802.72,803.82,802.7,803.69,9
2026-01-09 12:08:00,803.8,804.44,803.79,804.44,2
2026-01-09 12:09:00,804.43,804.5,803.57,803.57,7
2026-01-09 12:10:00,803.43,804.93,803.43,804.93,4
2026-01-09 12:11:00,803.65,804.89,803.4,804.22,6
2026-01-09 12:12:00,803.05,804.61,803.05,803.25,5
2026-01-09 12:13:00,804.61,804.61,803.13,803.13,2
2026-01-09 12:14:00,803.13,803.13,803.13,803.13,0
2026-01-09 12:15:00,803.13,803.13,803.13,803.13,0
2026-01-09 12:16:00,803.75,803.75,803.14,803.14,2
2026-01-09 12:17:00,803.07,803.07,801.8,801.81,8
2026-01-09 12:18:00,801.55,801.55,801.55,801.55,1
2026-01-09 12:19:00,801.14,801.14,801.14,801.14,1
2026-01-09 12:20:00,801.7,801.7,801.7,801.7,1
2026-01-09 12:21:00,803.2,803.2,801.51,801.51,6
2026-01-09 12:22:00,801.51,801.51,801.51,801.51,0
2026-01-09 12:23:00,801.52,802.05,801.52,802.05,2
2026-01-09 12:24:00,802.05,802.05,802.05,802.05,0
2026-01-09 12:25:00,802.05,802.05,802.05,802.05,0
2026-01-09 12:26:00,802.32,802.32,802.32,802.32,1
2026-01-09 12:27:00,802.06,802.61,802.05,802.61,2
2026-01-09 12:28:00,802.75,802.75,802.75,802.75,1
2026-01-09 12:29:00,802.61,802.69,802.61,802.69,2
2026-01-09 12:30:00,803.16,803.69,802.81,802.81,20
2026-01-09 12:31:00,802.62,802.62,802.62,802.62,4
2026-01-09 12:32:00,802.52,802.52,801.43,801.43,2
2026-01-09 12:33:00,801.43,801.43,801.43,801.43,0
2026-01-09 12:34:00,801.61,801.61,801.61,801.61,1
2026-01-09 12:35:00,801.77,801.77,801.63,801.63,2
2026-01-09 12:36:00,801.63,801.63,801.63,801.63,1
2026-01-09 12:37:00,801.2,801.2,801.08,801.11,4
2026-01-09 12:38:00,801.09,801.09,801.02,801.02,2
2026-01-09 12:39:00,801.02,801.02,801.02,801.02,0
2026-01-09 12:40:00,801.72,801.72,801.09,801.09,2
2026-01-09 12:41:00,801.05,801.05,801.05,801.05,1
2026-01-09 12:42:00,801.12,801.12,801.04,801.05,2
2026-01-09 12:43:00,801.0,801.22,800.82,801.22,5
2026-01-09 12:44:00,801.22,801.22,801.22,801.22,0
2026-01-09 12:45:00,800.8,800.8,800.09,800.09,10
2026-01-09 12:46:00,800.0,800.01,799.57,799.57,15
2026-01-09 12:47:00,799.58,799.58,799.57,799.57,4
2026-01-09 12:48:00,798.25,798.48,797.1,798.48,5
2026-01-09 12:49:00,797.13,798.48,797.05,797.34,10
2026-01-09 12:50:00,797.08,797.08,796.96,796.96,3
2026-01-09 12:51:00,798.48,799.0,798.47,799.0,8
2026-01-09 12:52:00,798.49,799.0,798.49,799.0,2
2026-01-09 12:53:00,798.91,798.91,798.91,798.91,1
2026-01-09 12:54:00,798.91,798.91,797.65,797.65,25
2026-01-09 12:55:00,797.48,797.48,796.6,796.98,4
2026-01-09 12:56:00,796.12,796.98,796.04,796.04,13
2026-01-09 12:57:00,796.12,796.69,795.29,795.29,5
2026-01-09 12:58:00,795.4,797.91,795.35,795.45,21
2026-01-09 12:59:00,795.4,795.4,795.4,795.4,1
2026-01-09 13:00:00,795.02,795.02,795.02,795.02,2
2026-01-09 13:01:00,795.16,795.81,793.09,793.35,71
2026-01-09 13:02:00,794.87,794.87,793.12,793.12,5
2026-01-09 13:03:00,795.01,795.01,793.32,793.32,7
2026-01-09 13:04:00,793.49,794.51,792.51,794.49,19
2026-01-09 13:05:00,795.13,795.26,793.89,795.25,9
2026-01-09 13:06:00,795.25,795.25,795.25,795.25,0
2026-01-09 13:07:00,795.25,795.25,795.25,795.25,0
2026-01-09 13:08:00,794.93,794.93,794.93,794.93,7
2026-01-09 13:09:00,795.04,796.5,793.81,795.59,27
2026-01-09 13:10:00,794.99,794.99,794.96,794.96,5
2026-01-09 13:11:00,796.1,796.1,794.82,794.91,4
2026-01-09 13:12:00,795.12,795.12,795.11,795.12,1
2026-01-09 13:13:00,796.0,796.0,795.25,795.29,25
2026-01-09 13:14:00,795.1,795.1,795.1,795.1,1
2026-01-09 13:15:00,795.1,795.1,795.1,795.1,0
2026-01-09 13:16:00,795.11,795.16,795.11,795.16,2
2026-01-09 13:17:00,795.16,795.16,795.16,795.16,0
2026-01-09 13:18:00,795.12,795.12,795.12,795.12,1
2026-01-09 13:19:00,796.08,797.26,795.69,797.26,17
2026-01-09 13:20:00,796.16,797.26,796.15,797.25,4
2026-01-09 13:21:00,797.25,797.25,797.25,797.25,0
2026-01-09 13:22:00,797.25,797.25,797.25,797.25,0
2026-01-09 13:23:00,795.94,795.94,795.76,795.76,3
2026-01-09 13:24:00,796.27,796.27,796.27,796.27,2
2026-01-09 13:25:00,796.27,796.27,796.27,796.27,0
2026-01-09 13:26:00,796.62,797.58,796.32,796.8,15
2026-01-09 13:27:00,796.8,796.8,796.8,796.8,0
2026-01-09 13:28:00,797.58,797.71,797.57,797.71,9
2026-01-09 13:29:00,797.79,797.79,796.91,797.79,3
2026-01-09 13:30:00,797.79,799.09,797.79,798.38,18
2026-01-09 13:31:00,798.94,798.94,798.94,798.94,2
2026-01-09 13:32:00,799.32,800.58,799.23,800.58,3
2026-01-09 13:33:00,800.58,800.58,800.57,800.58,1
2026-01-09 13:34:00,800.58,800.58,800.57,800.58,2
2026-01-09 13:35:00,800.58,800.58,800.57,800.58,2
2026-01-09 13:36:00,800.58,800.58,800.58,800.58,2
2026-01-09 13:37:00,800.6,800.6,800.6,800.6,2
2026-01-09 13:38:00,800.6,800.6,800.6,800.6,0
2026-01-09 13:39:00,800.6,800.6,800.6,800.6,1
2026-01-09 13:40:00,800.6,800.6,797.99,797.99,21
2026-01-09 13:41:00,798.99,798.99,798.99,798.99,1
2026-01-09 13:42:00,798.99,798.99,798.99,798.99,0
2026-01-09 13:43:00,796.94,796.94,796.94,796.94,3
2026-01-09 13:44:00,796.94,796.94,796.94,796.94,0
2026-01-09 13:45:00,797.06,799.07,797.06,799.07,3
2026-01-09 13:46:00,799.3,799.69,798.24,798.24,4
2026-01-09 13:47:00,798.33,798.33,798.32,798.33,2
2026-01-09 13:48:00,799.6,799.6,799.12,799.12,2
2026-01-09 13:49:00,798.14,799.07,798.14,799.07,4
2026-01-09 13:50:00,798.4,798.99,798.01,798.01,7
2026-01-09 13:51:00,798.98,798.99,798.98,798.99,8
2026-01-09 13:52:00,798.2,798.2,798.19,798.2,2
2026-01-09 13:53:00,798.92,798.92,798.02,798.92,4
2026-01-09 13:54:00,798.92,798.92,798.01,798.92,3
2026-01-09 13:55:00,798.92,798.92,798.92,798.92,0
2026-01-09 13:56:00,798.12,798.12,798.03,798.03,2
2026-01-09 13:57:00,798.92,798.93,798.03,798.03,4
2026-01-09 13:58:00,798.03,798.03,798.03,798.03,0
2026-01-09 13:59:00,797.93,797.93,797.92,797.93,1
2026-01-09 14:00:00,797.93,797.93,797.93,797.93,0
2026-01-09 14:01:00,798.82,798.83,797.84,798.83,4
2026-01-09 14:02:00,798.83,798.83,797.81,797.81,3
2026-01-09 14:03:00,798.81,798.81,798.81,798.81,1
2026-01-09 14:04:00,798.02,798.02,798.02,798.02,1
2026-01-09 14:05:00,798.7,798.7,798.7,798.7,2
2026-01-09 14:06:00,798.2,798.2,797.41,797.62,17
2026-01-09 14:07:00,797.65,797.65,797.65,797.65,1
2026-01-09 14:08:00,796.88,796.88,796.88,796.88,1
2026-01-09 14:09:00,796.72,796.72,796.72,796.72,1
2026-01-09 14:10:00,796.69,796.69,796.69,796.69,2
2026-01-09 14:11:00,796.69,796.72,796.08,796.6,11
2026-01-09 14:12:00,795.37,795.37,795.37,795.37,1
2026-01-09 14:13:00,795.8,796.32,795.23,795.25,6
2026-01-09 14:14:00,795.33,796.38,795.3,795.3,6
2026-01-09 14:15:00,796.38,796.9,795.25,796.12,44
2026-01-09 14:16:00,795.92,797.11,795.92,796.28,23
2026-01-09 14:17:00,796.28,796.28,796.28,796.28,0
2026-01-09 14:18:00,797.08,797.37,797.08,797.2,3
2026-01-09 14:19:00,797.21,797.21,797.21,797.21,1
2026-01-09 14:20:00,796.81,797.6,796.81,797.15,6
2026-01-09 14:21:00,797.17,797.17,797.05,797.05,5
2026-01-09 14:22:00,796.94,797.42,796.27,797.14,10
2026-01-09 14:23:00,796.15,796.26,796.04,796.12,6
2026-01-09 14:24:00,796.07,796.07,796.01,796.01,3
2026-01-09 14:25:00,796.4,796.57,795.89,796.51,4
2026-01-09 14:26:00,795.98,796.51,795.98,796.51,4
2026-01-09 14:27:00,796.46,796.46,796.46,796.46,1
2026-01-09 14:28:00,795.87,795.87,795.87,795.87,1
2026-01-09 14:29:00,796.51,796.51,795.84,796.49,7
2026-01-09 14:30:00,795.84,795.84,795.84,795.84,2
2026-01-09 14:31:00,796.51,796.51,795.84,795.85,3
2026-01-09 14:32:00,796.51,796.51,795.84,796.15,6
2026-01-09 14:33:00,796.44,797.75,796.44,797.75,48
2026-01-09 14:34:00,797.7,797.86,797.58,797.59,6
2026-01-09 14:35:00,797.57,797.65,797.57,797.64,2
2026-01-09 14:36:00,797.63,797.63,797.34,797.35,5
2026-01-09 14:37:00,797.35,797.35,796.48,796.48,12
2026-01-09 14:38:00,796.44,797.1,796.29,796.74,10
2026-01-09 14:39:00,796.74,796.74,796.74,796.74,0
2026-01-09 14:40:00,797.01,797.01,796.2,797.01,11
2026-01-09 14:41:00,796.21,796.21,796.12,796.12,2
2026-01-09 14:42:00,797.01,797.01,796.49,796.49,6
2026-01-09 14:43:00,796.53,797.22,796.53,796.86,10
2026-01-09 14:44:00,796.69,797.18,796.46,796.47,8
2026-01-09 14:45:00,797.17,797.18,796.45,796.8,8
2026-01-09 14:46:00,796.5,797.17,796.5,797.17,4
2026-01-09 14:47:00,796.44,796.84,796.24,796.68,13
2026-01-09 14:48:00,796.13,796.2,796.13,796.15,4
2026-01-09 14:49:00,796.69,796.69,796.68,796.69,2
2026-01-09 14:50:00,796.86,796.87,796.13,796.69,7
2026-01-09 14:51:00,796.2,796.69,796.16,796.24,7
2026-01-09 14:52:00,796.69,796.69,796.13,796.69,5
2026-01-09 14:53:00,796.69,796.69,796.13,796.61,9
2026-01-09 14:54:00,796.12,796.52,796.12,796.52,8
2026-01-09 14:55:00,796.5,796.5,796.5,796.5,2
2026-01-09 14:56:00,796.35,796.53,796.35,796.53,2
2026-01-09 14:57:00,796.54,796.54,796.15,796.53,4
2026-01-09 14:58:00,796.13,797.68,796.05,797.25,56
2026-01-09 14:59:00,798.03,798.45,798.02,798.33,4
2026-01-09 15:00:00,797.46,798.34,796.37,796.38,18
2026-01-09 15:01:00,797.93,797.93,797.16,797.16,3
2026-01-09 15:02:00,798.19,798.19,796.69,798.15,4
2026-01-09 15:03:00,798.19,798.19,796.71,797.78,5
2026-01-09 15:04:00,796.68,797.88,796.63,796.66,105
2026-01-09 15:05:00,796.55,797.6,796.55,796.66,11
2026-01-09 15:06:00,797.44,797.44,795.87,795.88,13
2026-01-09 15:07:00,795.83,795.83,794.94,795.6,5
2026-01-09 15:08:00,794.94,795.92,794.85,795.6,6
2026-01-09 15:09:00,794.9,795.76,794.9,795.29,4
2026-01-09 15:10:00,795.75,796.29,795.0,795.8,6
2026-01-09 15:11:00,794.97,796.51,794.97,795.82,10
2026-01-09 15:12:00,794.98,795.8,794.87,795.8,5
2026-01-09 15:13:00,795.2,795.93,794.93,794.93,20
2026-01-09 15:14:00,794.87,794.9,794.87,794.9,3
2026-01-09 15:15:00,794.87,795.41,794.87,795.41,4
2026-01-09 15:16:00,794.65,796.12,794.6,796.12,38
2026-01-09 15:17:00,795.42,796.93,795.35,795.95,26
2026-01-09 15:18:00,796.99,796.99,796.99,796.99,1
2026-01-09 15:19:00,796.97,796.99,796.07,796.21,9
2026-01-09 15:20:00,796.0,796.68,795.9,796.65,10
2026-01-09 15:21:00,797.49,798.23,796.78,798.19,46
2026-01-09 15:22:00,798.28,798.73,798.28,798.73,8
2026-01-09 15:23:00,797.96,798.78,797.74,797.74,12
2026-01-09 15:24:00,798.57,798.65,797.67,797.86,8
2026-01-09 15:25:00,798.65,798.65,797.85,797.85,6
2026-01-09 15:26:00,798.28,798.43,797.68,798.43,4
2026-01-09 15:27:00,797.67,798.43,797.67,797.8,5
2026-01-09 15:28:00,797.67,798.43,796.39,796.74,26
2026-01-09 15:29:00,796.96,797.25,796.27,797.25,8
2026-01-09 15:30:00,798.5,798.5,795.57,796.94,32
2026-01-09 15:31:00,796.94,797.08,795.82,796.94,8
2026-01-09 15:32:00,796.05,796.92,795.72,795.9,14
2026-01-09 15:33:00,795.72,797.09,794.85,795.81,43
2026-01-09 15:34:00,796.28,796.28,795.13,796.05,10
2026-01-09 15:35:00,795.96,795.96,795.13,795.13,11
2026-01-09 15:36:00,795.11,795.76,795.11,795.11,8
2026-01-09 15:37:00,795.24,795.76,795.17,795.75,9
2026-01-09 15:38:00,795.4,795.76,795.11,795.75,9
2026-01-09 15:39:00,795.75,795.76,795.11,795.58,11
2026-01-09 15:40:00,795.2,795.76,795.12,795.63,8
2026-01-09 15:41:00,795.12,795.43,794.91,795.41,13
2026-01-09 15:42:00,794.91,795.51,794.9,795.5,16
2026-01-09 15:43:00,795.15,795.51,794.95,795.04,11
2026-01-09 15:44:00,795.51,796.09,793.86,794.38,133
2026-01-09 15:45:00,794.0,794.99,793.44,793.45,40
2026-01-09 15:46:00,794.02,794.02,793.11,793.11,15
2026-01-09 15:47:00,793.43,793.48,792.97,793.43,21
2026-01-09 15:48:00,792.97,793.34,792.83,792.83,38
2026-01-09 15:49:00,792.83,793.24,792.69,792.69,9
2026-01-09 15:50:00,792.69,793.2,792.14,792.14,42
2026-01-09 15:51:00,792.57,792.57,790.24,790.25,58
2026-01-09 15:52:00,790.15,790.84,789.55,789.94,192
2026-01-09 15:53:00,790.01,792.95,789.72,790.88,253
2026-01-09 15:54:00,790.74,791.2,789.85,790.85,62
2026-01-09 15:55:00,790.85,790.85,788.1,788.1,51
2026-01-09 15:56:00,788.77,790.51,788.61,790.02,76
2026-01-09 15:57:00,790.02,790.49,788.64,789.06,104
2026-01-09 15:58:00,788.9,789.22,788.4,788.4,134
2026-01-09 15:59:00,788.7,789.0,787.44,787.45,425
2026-01-12 09:30:00,782.02,783.36,779.7,782.17,157
2026-01-12 09:31:00,782.45,782.47,777.22,777.22,94
2026-01-12 09:32:00,777.2,777.2,773.04,774.56,80
2026-01-12 09:33:00,774.35,777.21,773.41,777.21,50
2026-01-12 09:34:00,776.99,777.17,775.34,775.35,25
2026-01-12 09:35:00,775.92,776.05,774.21,775.4,46
2026-01-12 09:36:00,775.64,776.28,775.29,775.77,30
2026-01-12 09:37:00,775.19,776.33,775.08,775.78,30
2026-01-12 09:38:00,776.1,777.12,775.82,776.69,40
2026-01-12 09:39:00,777.36,777.37,776.8,776.99,23
2026-01-12 09:40:00,776.25,776.61,775.74,776.61,12
2026-01-12 09:41:00,776.69,777.56,776.64,776.68,39
2026-01-12 09:42:00,776.63,777.93,776.63,777.93,27
2026-01-12 09:43:00,778.54,779.5,778.12,779.5,33
2026-01-12 09:44:00,779.35,779.35,776.6,776.6,19
2026-01-12 09:45:00,776.88,778.0,776.78,777.18,39
2026-01-12 09:46:00,776.94,777.17,776.2,776.72,109
2026-01-12 09:47:00,776.64,776.69,775.22,775.23,29
2026-01-12 09:48:00,775.23,775.34,774.85,774.85,13
2026-01-12 09:49:00,774.31,774.31,773.05,773.91,17
2026-01-12 09:50:00,775.05,776.52,775.03,775.17,36
2026-01-12 09:51:00,776.0,776.0,775.75,775.8,8
2026-01-12 09:52:00,775.43,775.67,775.27,775.62,6
2026-01-12 09:53:00,775.62,775.62,775.62,775.62,0
2026-01-12 09:54:00,775.78,775.78,775.64,775.64,4
2026-01-12 09:55:00,775.64,775.64,775.64,775.64,0
2026-01-12 09:56:00,775.73,776.71,775.73,776.32,20
2026-01-12 09:57:00,775.29,776.02,775.29,775.76,7
2026-01-12 09:58:00,776.16,776.16,775.43,775.44,5
2026-01-12 09:59:00,776.18,776.26,775.37,775.94,88
2026-01-12 10:00:00,774.32,775.0,773.46,774.14,30
2026-01-12 10:01:00,774.14,775.0,774.14,774.29,12
2026-01-12 10:02:00,773.28,774.0,772.99,772.99,16
2026-01-12 10:03:00,772.42,773.89,772.14,773.51,16
2026-01-12 10:04:00,774.14,774.17,773.93,774.07,7
2026-01-12 10:05:00,774.04,774.38,773.93,774.38,6
2026-01-12 10:06:00,773.93,773.93,773.25,773.25,3
2026-01-12 10:07:00,773.87,773.88,773.14,773.7,11
2026-01-12 10:08:00,773.22,773.22,772.25,772.25,7
2026-01-12 10:09:00,771.87,771.87,771.32,771.74,16
2026-01-12 10:10:00,772.06,772.06,771.51,771.9,19
2026-01-12 10:11:00,772.3,772.3,772.3,772.3,1
2026-01-12 10:12:00,772.53,774.62,772.33,774.62,71
2026-01-12 10:13:00,775.0,775.78,774.55,774.88,76
2026-01-12 10:14:00,775.35,776.18,775.03,776.12,41
2026-01-12 10:15:00,776.0,776.06,775.06,775.96,46
2026-01-12 10:16:00,776.18,776.91,776.18,776.52,11
2026-01-12 10:17:00,776.7,777.13,776.48,777.13,41
2026-01-12 10:18:00,776.43,776.75,776.43,776.69,19
2026-01-12 10:19:00,776.27,776.27,776.08,776.08,3
2026-01-12 10:20:00,776.18,776.19,776.18,776.18,15
2026-01-12 10:21:00,775.63,776.61,775.63,776.6,34
2026-01-12 10:22:00,775.98,775.98,775.91,775.91,3
2026-01-12 10:23:00,775.75,776.33,775.75,776.31,10
2026-01-12 10:24:00,776.14,777.0,776.14,777.0,24
2026-01-12 10:25:00,776.37,776.37,776.36,776.37,1
2026-01-12 10:26:00,776.29,776.69,775.7,775.71,83
2026-01-12 10:27:00,775.18,775.18,774.97,774.97,3
2026-01-12 10:28:00,774.86,774.9,774.53,774.9,17
2026-01-12 10:29:00,774.9,774.9,774.9,774.9,0
2026-01-12 10:30:00,773.12,773.12,771.59,771.81,9
2026-01-12 10:31:00,771.29,771.34,770.67,771.34,15
2026-01-12 10:32:00,772.42,772.42,772.42,772.42,1
2026-01-12 10:33:00,772.27,772.27,772.24,772.24,3
2026-01-12 10:34:00,772.12,773.47,772.02,773.47,15
2026-01-12 10:35:00,773.0,773.32,773.0,773.32,3
2026-01-12 10:36:00,773.05,773.05,773.04,773.05,3
2026-01-12 10:37:00,772.94,773.37,772.94,773.37,2
2026-01-12 10:38:00,773.45,774.23,773.45,774.22,5
2026-01-12 10:39:00,773.93,774.22,773.93,774.22,4
2026-01-12 10:40:00,773.53,773.53,773.53,773.53,1
2026-01-12 10:41:00,773.15,773.15,773.01,773.11,7
2026-01-12 10:42:00,773.47,773.54,773.06,773.45,7
2026-01-12 10:43:00,773.6,773.6,773.6,773.6,1
2026-01-12 10:44:00,773.2,773.2,773.18,773.18,3
2026-01-12 10:45:00,773.54,773.54,773.14,773.14,5
2026-01-12 10:46:00,773.13,773.68,773.09,773.68,6
2026-01-12 10:47:00,773.65,774.1,773.63,774.1,10
2026-01-12 10:48:00,774.91,775.91,774.83,775.38,38
2026-01-12 10:49:00,775.05,775.05,774.82,774.82,2
2026-01-12 10:50:00,775.02,775.16,773.9,773.9,61
2026-01-12 10:51:00,774.06,774.07,773.33,773.33,29
2026-01-12 10:52:00,773.33,773.49,773.1,773.46,16
2026-01-12 10:53:00,774.08,775.15,773.89,775.15,33
2026-01-12 10:54:00,774.71,774.71,774.71,774.71,1
2026-01-12 10:55:00,774.71,774.71,774.56,774.56,2
2026-01-12 10:56:00,774.56,775.13,774.56,774.88,9
2026-01-12 10:57:00,774.95,774.95,774.95,774.95,1
2026-01-12 10:58:00,775.07,775.1,774.39,774.45,34
2026-01-12 10:59:00,774.93,774.93,774.14,774.14,39
2026-01-12 11:00:00,773.95,775.27,773.95,775.27,12
2026-01-12 11:01:00,775.08,775.08,774.39,774.4,21
2026-01-12 11:02:00,774.39,774.66,774.38,774.38,45
2026-01-12 11:03:00,774.35,774.56,774.13,774.13,37
2026-01-12 11:04:00,774.08,774.78,773.96,774.62,45
2026-01-12 11:05:00,774.65,774.73,774.42,774.43,22
2026-01-12 11:06:00,774.54,775.3,774.48,775.21,21
2026-01-12 11:07:00,775.23,776.13,774.88,776.13,45
2026-01-12 11:08:00,776.64,776.64,775.87,775.87,11
2026-01-12 11:09:00,776.52,777.14,776.03,776.28,18
2026-01-12 11:10:00,776.35,776.62,775.24,775.26,161
2026-01-12 11:11:00,775.47,776.2,775.27,775.97,95
2026-01-12 11:12:00,775.71,776.01,775.57,775.98,19
2026-01-12 11:13:00,775.7,775.7,774.82,774.83,5
2026-01-12 11:14:00,774.91,776.37,774.91,775.53,85
2026-01-12 11:15:00,775.67,776.15,775.07,775.07,43
2026-01-12 11:16:00,774.78,775.6,774.42,775.6,75
2026-01-12 11:17:00,775.67,775.71,775.14,775.62,26
2026-01-12 11:18:00,775.81,776.09,775.81,775.9,11
2026-01-12 11:19:00,775.64,775.87,775.59,775.59,5
2026-01-12 11:20:00,775.38,775.38,774.81,774.81,14
2026-01-12 11:21:00,774.6,774.73,774.6,774.73,2
2026-01-12 11:22:00,774.92,776.09,774.72,775.81,17
2026-01-12 11:23:00,776.01,777.67,776.01,777.43,31
2026-01-12 11:24:00,777.72,778.1,777.53,777.83,44
2026-01-12 11:25:00,777.93,778.4,777.93,778.11,16
2026-01-12 11:26:00,778.27,778.8,778.01,778.79,34
2026-01-12 11:27:00,779.05,779.34,778.82,779.32,28
2026-01-12 11:28:00,779.35,781.23,779.34,780.78,26
2026-01-12 11:29:00,780.32,780.32,779.21,779.21,18
2026-01-12 11:30:00,778.79,779.42,778.36,778.88,221
2026-01-12 11:31:00,778.37,778.37,777.67,777.67,5
2026-01-12 11:32:00,778.28,779.64,778.0,779.64,81
2026-01-12 11:33:00,779.75,779.91,779.12,779.12,50
2026-01-12 11:34:00,779.37,783.57,778.96,783.57,209
2026-01-12 11:35:00,783.34,783.65,783.08,783.08,59
2026-01-12 11:36:00,783.72,784.31,782.66,783.7,60
2026-01-12 11:37:00,784.08,784.17,784.07,784.17,5
2026-01-12 11:38:00,784.0,784.0,783.7,783.86,10
2026-01-12 11:39:00,783.75,783.75,783.75,783.75,2
2026-01-12 11:40:00,783.26,783.26,783.02,783.02,5
2026-01-12 11:41:00,781.86,781.87,781.86,781.86,1
2026-01-12 11:42:00,781.86,781.86,781.86,781.86,0
2026-01-12 11:43:00,781.47,781.94,781.47,781.94,3
2026-01-12 11:44:00,782.01,782.18,782.01,782.18,5
2026-01-12 11:45:00,782.18,782.18,782.18,782.18,0
2026-01-12 11:46:00,782.13,782.13,782.13,782.13,1
2026-01-12 11:47:00,782.74,783.34,782.66,783.16,28
2026-01-12 11:48:00,783.16,783.16,783.16,783.16,0
2026-01-12 11:49:00,784.15,784.55,784.15,784.2,9
2026-01-12 11:50:00,785.0,785.5,783.66,783.67,113
2026-01-12 11:51:00,783.56,783.67,782.87,783.08,26
2026-01-12 11:52:00,782.5,782.5,781.9,781.9,8
2026-01-12 11:53:00,782.45,782.45,782.16,782.4,27
2026-01-12 11:54:00,782.4,782.4,782.4,782.4,0
2026-01-12 11:55:00,782.4,782.4,782.4,782.4,0
2026-01-12 11:56:00,782.4,782.4,782.4,782.4,0
2026-01-12 11:57:00,783.13,783.53,781.02,781.02,58
2026-01-12 11:58:00,781.67,781.67,781.24,781.24,8
2026-01-12 11:59:00,781.8,782.09,781.51,781.51,33
2026-01-12 12:00:00,781.51,782.18,781.22,782.18,21
2026-01-12 12:01:00,780.97,780.97,780.97,780.97,1
2026-01-12 12:02:00,780.44,781.28,780.44,781.28,7
2026-01-12 12:03:00,781.17,781.28,781.17,781.28,14
2026-01-12 12:04:00,781.01,781.01,780.91,780.92,2
2026-01-12 12:05:00,780.75,780.75,780.75,780.75,2
2026-01-12 12:06:00,780.75,780.75,780.75,780.75,0
2026-01-12 12:07:00,781.31,781.31,781.01,781.01,8
2026-01-12 12:08:00,781.32,781.32,781.32,781.32,3
2026-01-12 12:09:00,782.16,782.16,782.15,782.16,1
2026-01-12 12:10:00,782.16,782.16,782.16,782.16,0
2026-01-12 12:11:00,781.5,781.5,781.5,781.5,2
2026-01-12 12:12:00,781.5,781.5,781.5,781.5,0
2026-01-12 12:13:00,782.0,782.0,781.32,781.79,34
2026-01-12 12:14:00,781.79,781.79,781.79,781.79,0
2026-01-12 12:15:00,781.79,781.79,781.79,781.79,0
2026-01-12 12:16:00,782.68,783.72,782.0,783.72,111
2026-01-12 12:17:00,783.52,784.25,782.68,782.69,35
2026-01-12 12:18:00,782.68,782.68,782.68,782.68,1
2026-01-12 12:19:00,782.89,782.89,782.89,782.89,4
2026-01-12 12:20:00,784.56,784.56,783.46,783.97,7
2026-01-12 12:21:00,784.03,784.03,784.02,784.03,1
2026-01-12 12:22:00,784.07,784.07,784.06,784.07,1
2026-01-12 12:23:00,784.07,784.17,784.06,784.17,3
2026-01-12 12:24:00,784.38,785.38,784.38,785.38,12
2026-01-12 12:25:00,785.33,785.33,784.74,784.99,31
2026-01-12 12:26:00,785.0,785.0,785.0,785.0,39
2026-01-12 12:27:00,785.22,785.39,784.81,784.81,146
2026-01-12 12:28:00,785.42,785.43,785.42,785.43,3
2026-01-12 12:29:00,785.43,785.64,785.42,785.5,20
2026-01-12 12:30:00,785.27,786.1,785.27,786.1,12
2026-01-12 12:31:00,785.75,785.75,785.74,785.75,1
2026-01-12 12:32:00,785.75,785.75,785.75,785.75,0
2026-01-12 12:33:00,785.27,785.27,785.27,785.27,4
2026-01-12 12:34:00,786.22,788.18,786.22,788.13,9
2026-01-12 12:35:00,788.48,788.77,788.48,788.77,3
2026-01-12 12:36:00,788.51,788.51,788.26,788.26,6
2026-01-12 12:37:00,788.53,788.53,788.52,788.53,1
2026-01-12 12:38:00,789.02,789.02,789.02,789.02,2
2026-01-12 12:39:00,789.02,789.02,789.02,789.02,0
2026-01-12 12:40:00,788.91,788.91,787.74,787.74,5
2026-01-12 12:41:00,788.48,789.29,787.68,789.06,26
2026-01-12 12:42:00,788.28,788.29,787.85,787.87,4
2026-01-12 12:43:00,787.87,787.87,787.87,787.87,0
2026-01-12 12:44:00,788.06,788.1,787.87,788.1,4
2026-01-12 12:45:00,788.63,788.63,788.63,788.63,1
2026-01-12 12:46:00,788.81,789.98,788.81,789.97,44
2026-01-12 12:47:00,789.88,789.98,788.82,788.97,32
2026-01-12 12:48:00,788.86,789.18,788.86,789.18,4
2026-01-12 12:49:00,789.18,789.18,789.18,789.18,0
2026-01-12 12:50:00,788.53,788.53,788.53,788.53,1
2026-01-12 12:51:00,789.13,789.13,789.13,789.13,1
2026-01-12 12:52:00,789.13,789.13,789.13,789.13,0
2026-01-12 12:53:00,789.13,789.13,789.13,789.13,0
2026-01-12 12:54:00,789.13,789.13,789.13,789.13,0
2026-01-12 12:55:00,787.68,787.72,787.31,787.31,9
2026-01-12 12:56:00,787.31,787.49,786.5,787.49,3
2026-01-12 12:57:00,787.49,787.49,786.46,787.49,4
2026-01-12 12:58:00,786.46,786.46,786.46,786.46,1
2026-01-12 12:59:00,786.6,786.6,786.6,786.6,1
2026-01-12 13:00:00,786.8,786.81,786.1,786.1,7
2026-01-12 13:01:00,786.71,786.72,786.2,786.2,4
2026-01-12 13:02:00,786.74,786.74,786.74,786.74,2
2026-01-12 13:03:00,786.04,786.04,786.04,786.04,1
2026-01-12 13:04:00,786.3,786.59,785.85,785.85,42
2026-01-12 13:05:00,786.16,787.11,786.16,787.11,22
2026-01-12 13:06:00,787.11,787.11,787.11,787.11,0
2026-01-12 13:07:00,786.47,786.47,786.47,786.47,1
2026-01-12 13:08:00,787.99,787.99,786.46,786.46,27
2026-01-12 13:09:00,787.0,788.2,787.0,788.2,10
2026-01-12 13:10:00,788.59,788.65,788.58,788.65,4
2026-01-12 13:11:00,788.65,788.65,788.65,788.65,0
2026-01-12 13:12:00,788.21,788.8,788.21,788.8,3
2026-01-12 13:13:00,789.04,789.05,789.04,789.04,3
2026-01-12 13:14:00,788.33,788.56,787.64,787.64,8
2026-01-12 13:15:00,788.0,788.0,787.99,788.0,1
2026-01-12 13:16:00,788.0,788.0,788.0,788.0,0
2026-01-12 13:17:00,787.58,787.58,787.58,787.58,2
2026-01-12 13:18:00,788.03,788.03,788.02,788.03,1
2026-01-12 13:19:00,787.16,788.01,787.16,788.01,3
2026-01-12 13:20:00,787.73,787.98,787.73,787.73,3
2026-01-12 13:21:00,787.74,788.86,786.91,787.52,268
2026-01-12 13:22:00,786.9,787.06,785.94,785.94,19
2026-01-12 13:23:00,785.13,785.13,785.13,785.13,2
2026-01-12 13:24:00,785.01,785.01,785.01,785.01,1
2026-01-12 13:25:00,785.01,785.01,785.01,785.01,0
2026-01-12 13:26:00,785.48,785.48,785.47,785.48,4
2026-01-12 13:27:00,785.48,785.48,785.48,785.48,0
2026-01-12 13:28:00,784.71,784.71,784.71,784.71,1
2026-01-12 13:29:00,785.73,789.44,785.73,788.94,173
2026-01-12 13:30:00,788.2,788.2,787.99,787.99,6
2026-01-12 13:31:00,787.99,787.99,787.99,787.99,0
2026-01-12 13:32:00,787.99,787.99,787.99,787.99,0
2026-01-12 13:33:00,787.99,787.99,787.99,787.99,0
2026-01-12 13:34:00,787.99,787.99,787.99,787.99,0
2026-01-12 13:35:00,787.99,787.99,787.99,787.99,0
2026-01-12 13:36:00,789.49,792.09,789.49,790.35,55
2026-01-12 13:37:00,790.35,790.35,790.35,790.35,0
2026-01-12 13:38:00,790.35,790.35,790.35,790.35,0
2026-01-12 13:39:00,790.35,790.35,790.35,790.35,0
2026-01-12 13:40:00,791.33,791.33,791.32,791.33,1
2026-01-12 13:41:00,790.58,790.58,790.4,790.4,8
2026-01-12 13:42:00,790.4,790.4,790.4,790.4,1
2026-01-12 13:43:00,790.4,790.4,790.4,790.4,0
2026-01-12 13:44:00,790.24,790.24,790.24,790.24,1
2026-01-12 13:45:00,790.24,790.24,790.24,790.24,0
2026-01-12 13:46:00,789.86,790.14,789.12,789.12,4
2026-01-12 13:47:00,790.11,790.11,789.8,789.8,2
2026-01-12 13:48:00,789.8,789.8,789.8,789.8,0
2026-01-12 13:49:00,790.35,790.35,790.35,790.35,1
2026-01-12 13:50:00,789.6,789.61,789.6,789.61,2
2026-01-12 13:51:00,789.97,790.4,789.97,790.39,8
2026-01-12 13:52:00,789.78,790.41,789.78,790.41,3
2026-01-12 13:53:00,789.8,789.8,789.8,789.8,1
2026-01-12 13:54:00,789.77,789.77,789.77,789.77,1
2026-01-12 13:55:00,790.89,793.43,790.89,793.26,37
2026-01-12 13:56:00,793.26,793.26,793.26,793.26,0
2026-01-12 13:57:00,793.26,793.26,793.26,793.26,0
2026-01-12 13:58:00,793.3,793.3,793.3,793.3,1
2026-01-12 13:59:00,792.77,792.77,792.77,792.77,1
2026-01-12 14:00:00,793.6,793.6,793.6,793.6,1
2026-01-12 14:01:00,792.42,792.42,792.16,792.16,5
2026-01-12 14:02:00,793.1,793.1,792.15,792.15,3
2026-01-12 14:03:00,792.15,792.15,792.15,792.15,0
2026-01-12 14:04:00,792.15,793.04,792.15,792.71,3
2026-01-12 14:05:00,792.71,792.71,792.71,792.71,0
2026-01-12 14:06:00,792.59,793.04,792.59,793.04,4
2026-01-12 14:07:00,793.26,793.89,793.09,793.62,50
2026-01-12 14:08:00,793.57,793.57,793.45,793.45,2
2026-01-12 14:09:00,793.14,793.15,793.14,793.14,2
2026-01-12 14:10:00,793.15,793.15,792.61,792.61,5
2026-01-12 14:11:00,793.93,793.93,792.82,792.83,2
2026-01-12 14:12:00,792.83,792.83,792.83,792.83,0
2026-01-12 14:13:00,792.8,792.8,792.58,792.58,9
2026-01-12 14:14:00,792.15,792.58,792.15,792.53,18
2026-01-12 14:15:00,792.53,792.53,792.53,792.53,0
2026-01-12 14:16:00,793.14,793.15,793.13,793.13,3
2026-01-12 14:17:00,793.13,793.13,793.13,793.13,0
2026-01-12 14:18:00,792.53,793.21,792.53,793.21,4
2026-01-12 14:19:00,793.21,793.21,793.21,793.21,1
2026-01-12 14:20:00,793.32,795.08,793.32,794.55,39
2026-01-12 14:21:00,794.89,794.91,793.2,794.7,84
2026-01-12 14:22:00,794.3,796.49,794.3,796.49,8
2026-01-12 14:23:00,796.5,796.88,796.05,796.05,24
2026-01-12 14:24:00,796.05,796.05,796.05,796.05,0
2026-01-12 14:25:00,795.89,796.03,795.76,795.78,15
2026-01-12 14:26:00,795.92,795.92,795.91,795.92,1
2026-01-12 14:27:00,795.92,795.92,795.92,795.92,0
2026-01-12 14:28:00,795.92,795.92,795.92,795.92,0
2026-01-12 14:29:00,795.92,795.92,795.92,795.92,0
2026-01-12 14:30:00,796.32,796.34,796.31,796.34,2
2026-01-12 14:31:00,797.0,797.31,797.0,797.31,13
2026-01-12 14:32:00,796.4,796.4,796.4,796.4,1
2026-01-12 14:33:00,796.96,796.96,796.4,796.4,4
2026-01-12 14:34:00,796.95,796.95,796.94,796.95,1
2026-01-12 14:35:00,796.87,796.87,796.16,796.17,5
2026-01-12 14:36:00,796.17,796.17,796.17,796.17,0
2026-01-12 14:37:00,795.39,795.4,795.39,795.39,1
2026-01-12 14:38:00,796.0,796.0,795.27,795.28,2
2026-01-12 14:39:00,795.28,796.25,795.28,796.25,4
2026-01-12 14:40:00,796.17,796.17,794.98,794.98,4
2026-01-12 14:41:00,795.81,796.63,795.8,796.63,10
2026-01-12 14:42:00,796.37,796.63,795.47,796.63,13
2026-01-12 14:43:00,796.06,796.96,796.06,796.38,8
2026-01-12 14:44:00,796.67,796.67,796.67,796.67,1
2026-01-12 14:45:00,796.28,796.68,796.13,796.68,6
2026-01-12 14:46:00,796.87,796.87,796.87,796.87,1
2026-01-12 14:47:00,796.87,796.87,796.87,796.87,0
2026-01-12 14:48:00,797.93,798.35,797.92,798.35,9
2026-01-12 14:49:00,798.54,798.54,798.54,798.54,1
2026-01-12 14:50:00,798.54,798.54,798.54,798.54,0
2026-01-12 14:51:00,798.86,798.86,798.45,798.67,4
2026-01-12 14:52:00,798.36,798.67,798.15,798.67,5
2026-01-12 14:53:00,799.25,799.86,799.25,799.86,22
2026-01-12 14:54:00,799.83,799.87,799.82,799.87,2
2026-01-12 14:55:00,799.91,799.91,799.82,799.83,3
2026-01-12 14:56:00,799.55,799.85,799.42,799.85,6
2026-01-12 14:57:00,799.25,799.25,799.0,799.0,2
2026-01-12 14:58:00,799.0,799.0,798.69,798.69,4
2026-01-12 14:59:00,799.27,799.86,799.27,799.86,8
2026-01-12 15:00:00,799.83,799.83,799.43,799.71,6
2026-01-12 15:01:00,799.71,799.71,799.71,799.71,0
2026-01-12 15:02:00,799.4,799.42,798.9,799.28,48
2026-01-12 15:03:00,799.28,799.28,799.28,799.28,0
2026-01-12 15:04:00,799.28,799.28,799.28,799.28,0
2026-01-12 15:05:00,799.25,799.25,798.81,798.82,4
2026-01-12 15:06:00,798.63,798.63,798.63,798.63,4
2026-01-12 15:07:00,798.29,798.63,798.28,798.63,2
2026-01-12 15:08:00,798.64,798.83,798.63,798.63,9
2026-01-12 15:09:00,798.63,798.63,798.63,798.63,0
2026-01-12 15:10:00,798.44,798.44,798.14,798.31,6
2026-01-12 15:11:00,798.32,798.46,798.31,798.46,2
2026-01-12 15:12:00,798.09,798.46,797.84,797.84,4
2026-01-12 15:13:00,797.77,798.29,797.59,798.29,4
2026-01-12 15:14:00,798.22,798.36,797.71,797.92,4
2026-01-12 15:15:00,798.06,798.38,798.06,798.37,2
2026-01-12 15:16:00,798.21,798.21,798.21,798.21,1
2026-01-12 15:17:00,798.24,798.73,798.24,798.59,3
2026-01-12 15:18:00,798.29,798.29,798.28,798.29,2
2026-01-12 15:19:00,798.29,798.73,797.78,797.83,13
2026-01-12 15:20:00,797.89,797.89,797.37,797.45,9
2026-01-12 15:21:00,798.62,798.62,798.62,798.62,1
2026-01-12 15:22:00,797.6,797.6,797.36,797.36,3
2026-01-12 15:23:00,797.0,798.45,797.0,798.45,3
2026-01-12 15:24:00,797.0,797.0,797.0,797.0,2
2026-01-12 15:25:00,797.4,798.35,797.4,798.35,2
2026-01-12 15:26:00,797.67,797.67,796.79,796.91,7
2026-01-12 15:27:00,796.22,797.61,796.05,797.61,3
2026-01-12 15:28:00,796.87,796.87,796.12,796.84,7
2026-01-12 15:29:00,796.21,797.42,795.99,797.42,4
2026-01-12 15:30:00,795.91,796.05,795.3,795.3,6
2026-01-12 15:31:00,795.57,795.57,794.26,794.96,11
2026-01-12 15:32:00,796.06,796.06,794.54,794.54,9
2026-01-12 15:33:00,794.05,796.2,794.0,794.95,18
2026-01-12 15:34:00,795.34,795.34,795.33,795.34,2
2026-01-12 15:35:00,794.64,795.53,793.92,793.92,52
2026-01-12 15:36:00,793.91,794.32,792.95,793.93,6
2026-01-12 15:37:00,794.97,794.97,794.97,794.97,1
2026-01-12 15:38:00,793.66,793.66,793.66,793.66,1
2026-01-12 15:39:00,794.96,794.96,794.96,794.96,2
2026-01-12 15:40:00,794.76,796.03,794.76,796.03,24
2026-01-12 15:41:00,796.2,798.53,796.05,798.53,23
2026-01-12 15:42:00,797.32,797.32,796.35,796.62,7
2026-01-12 15:43:00,795.87,797.31,795.87,797.31,3
2026-01-12 15:44:00,795.88,796.03,795.87,795.87,7
2026-01-12 15:45:00,796.53,796.53,795.35,795.89,20
2026-01-12 15:46:00,795.49,796.92,795.48,796.92,13
2026-01-12 15:47:00,796.92,797.32,796.72,797.32,7
2026-01-12 15:48:00,796.13,797.06,796.13,796.24,6
2026-01-12 15:49:00,797.07,797.98,796.37,797.98,19
2026-01-12 15:50:00,796.36,796.58,796.13,796.44,12
2026-01-12 15:51:00,796.14,796.59,795.71,796.59,32
2026-01-12 15:52:00,797.53,797.53,796.98,796.99,13
2026-01-12 15:53:00,796.99,796.99,796.32,796.7,23
2026-01-12 15:54:00,796.33,796.75,795.62,795.62,14
2026-01-12 15:55:00,796.05,796.83,796.05,796.16,22
2026-01-12 15:56:00,796.84,796.84,795.48,796.16,15
2026-01-12 15:57:00,796.16,796.16,794.56,795.22,112
2026-01-12 15:58:00,795.83,796.69,795.56,795.91,84
2026-01-12 15:59:00,796.25,796.57,795.92,796.29,92
2026-01-13 09:30:00,807.84,809.95,807.29,809.03,124
2026-01-13 09:31:00,810.35,813.47,809.92,813.43,30
2026-01-13 09:32:00,812.94,813.48,811.34,811.34,51
2026-01-13 09:33:00,811.36,812.34,811.19,812.34,25
2026-01-13 09:34:00,812.34,812.5,811.17,812.03,24
2026-01-13 09:35:00,812.3,813.48,810.4,813.48,274
2026-01-13 09:36:00,812.41,813.46,812.17,813.46,27
2026-01-13 09:37:00,813.13,814.21,812.4,812.61,58
2026-01-13 09:38:00,811.86,813.11,811.83,813.11,6
2026-01-13 09:39:00,812.53,813.62,811.92,813.26,53
2026-01-13 09:40:00,813.43,815.09,813.43,815.0,8
2026-01-13 09:41:00,814.11,814.92,814.11,814.91,4
2026-01-13 09:42:00,814.9,816.2,814.9,816.07,10
2026-01-13 09:43:00,815.85,815.85,813.47,813.47,18
2026-01-13 09:44:00,813.65,813.66,813.65,813.66,2
2026-01-13 09:45:00,812.87,813.16,811.57,811.7,20
2026-01-13 09:46:00,812.24,812.75,810.58,810.91,26
2026-01-13 09:47:00,810.54,811.62,810.21,810.27,68
2026-01-13 09:48:00,810.08,810.28,809.28,809.84,14
2026-01-13 09:49:00,809.53,809.53,807.16,808.38,16
2026-01-13 09:50:00,808.37,809.1,807.67,807.79,35
2026-01-13 09:51:00,807.25,807.4,806.46,807.31,12
2026-01-13 09:52:00,807.81,807.97,807.48,807.97,7
2026-01-13 09:53:00,807.58,807.58,807.58,807.58,6
2026-01-13 09:54:00,807.37,807.47,805.23,805.37,20
2026-01-13 09:55:00,806.23,806.52,806.05,806.3,6
2026-01-13 09:56:00,806.23,806.23,805.67,805.98,28
2026-01-13 09:57:00,805.78,805.94,805.75,805.94,4
2026-01-13 09:58:00,806.22,806.22,806.22,806.22,4
2026-01-13 09:59:00,805.81,805.84,805.35,805.35,8
2026-01-13 10:00:00,805.36,805.36,804.56,804.56,6
2026-01-13 10:01:00,803.94,804.61,803.52,804.61,22
2026-01-13 10:02:00,804.97,805.43,804.45,804.45,13
2026-01-13 10:03:00,804.55,804.87,804.55,804.62,5
2026-01-13 10:04:00,804.46,804.92,804.45,804.77,3
2026-01-13 10:05:00,804.75,804.86,804.74,804.74,3
2026-01-13 10:06:00,804.74,804.74,804.74,804.74,0
2026-01-13 10:07:00,804.77,804.77,802.88,803.02,71
2026-01-13 10:08:00,803.33,803.33,802.96,802.96,3
2026-01-13 10:09:00,803.14,803.15,803.14,803.14,1
2026-01-13 10:10:00,803.21,803.21,801.88,801.88,30
2026-01-13 10:11:00,801.55,802.79,801.55,802.62,18
2026-01-13 10:12:00,802.43,802.43,802.43,802.43,1
2026-01-13 10:13:00,802.64,803.17,802.48,803.04,12
2026-01-13 10:14:00,803.32,803.32,803.26,803.26,3
2026-01-13 10:15:00,802.78,802.78,801.61,802.33,11
2026-01-13 10:16:00,802.62,803.01,802.62,803.01,3
2026-01-13 10:17:00,803.8,803.88,803.4,803.4,9
2026-01-13 10:18:00,803.81,803.81,803.81,803.81,2
2026-01-13 10:19:00,804.04,804.04,804.03,804.04,1
2026-01-13 10:20:00,804.02,804.02,804.02,804.02,1
2026-01-13 10:21:00,804.02,804.02,802.96,803.06,83
2026-01-13 10:22:00,803.49,803.66,802.68,802.76,48
2026-01-13 10:23:00,802.76,802.76,802.76,802.76,0
2026-01-13 10:24:00,802.76,802.76,802.76,802.76,0
2026-01-13 10:25:00,801.85,802.86,801.85,802.86,46
2026-01-13 10:26:00,802.76,802.77,802.76,802.76,3
2026-01-13 10:27:00,803.01,805.4,803.01,805.4,25
2026-01-13 10:28:00,806.0,806.44,805.98,806.44,4
2026-01-13 10:29:00,806.62,806.63,806.13,806.56,8
2026-01-13 10:30:00,807.23,807.23,807.23,807.23,2
2026-01-13 10:31:00,808.05,808.16,806.21,806.22,36
2026-01-13 10:32:00,806.01,806.03,806.01,806.03,5
2026-01-13 10:33:00,805.97,806.5,805.97,806.41,10
2026-01-13 10:34:00,806.47,806.85,806.45,806.85,6
2026-01-13 10:35:00,806.53,806.58,805.9,805.9,13
2026-01-13 10:36:00,806.05,806.05,806.05,806.05,1
2026-01-13 10:37:00,805.79,806.34,805.13,806.34,12
2026-01-13 10:38:00,806.8,806.8,806.8,806.8,1
2026-01-13 10:39:00,806.8,806.8,806.8,806.8,0
2026-01-13 10:40:00,806.34,806.34,805.63,805.63,5
2026-01-13 10:41:00,805.63,805.63,805.63,805.63,0
2026-01-13 10:42:00,806.33,806.33,805.41,805.42,8
2026-01-13 10:43:00,805.42,805.42,805.42,805.42,0
2026-01-13 10:44:00,806.2,806.58,806.2,806.58,5
2026-01-13 10:45:00,806.5,806.5,806.5,806.5,2
2026-01-13 10:46:00,806.83,806.87,806.57,806.87,3
2026-01-13 10:47:00,807.55,808.09,807.26,808.09,21
2026-01-13 10:48:00,807.98,808.8,807.9,808.13,13
2026-01-13 10:49:00,807.81,807.81,807.8,807.81,1
2026-01-13 10:50:00,808.0,808.24,807.89,807.9,3
2026-01-13 10:51:00,808.0,808.07,808.0,808.07,3
2026-01-13 10:52:00,808.08,808.41,808.08,808.13,3
2026-01-13 10:53:00,808.24,808.35,807.57,808.35,12
2026-01-13 10:54:00,807.71,807.71,807.71,807.71,1
2026-01-13 10:55:00,808.2,809.23,808.19,809.23,3
2026-01-13 10:56:00,809.11,809.11,809.02,809.02,3
2026-01-13 10:57:00,809.65,809.85,809.41,809.85,4
2026-01-13 10:58:00,809.97,810.91,809.97,810.48,15
2026-01-13 10:59:00,810.2,811.1,810.2,811.1,10
2026-01-13 11:00:00,811.53,812.43,811.53,812.29,8
2026-01-13 11:01:00,812.24,812.64,812.05,812.31,25
2026-01-13 11:02:00,812.36,812.58,812.21,812.22,13
2026-01-13 11:03:00,811.43,811.43,811.42,811.43,1
2026-01-13 11:04:00,811.64,812.07,810.79,811.29,22
2026-01-13 11:05:00,810.98,813.39,810.97,813.39,8
2026-01-13 11:06:00,813.35,813.48,813.21,813.48,36
2026-01-13 11:07:00,813.46,814.39,813.45,814.27,62
2026-01-13 11:08:00,813.95,814.32,813.49,814.32,23
2026-01-13 11:09:00,814.16,814.16,814.15,814.16,3
2026-01-13 11:10:00,813.54,814.0,813.54,814.0,5
2026-01-13 11:11:00,814.14,814.14,814.05,814.05,10
2026-01-13 11:12:00,813.91,814.0,812.92,812.92,332
2026-01-13 11:13:00,812.67,812.67,812.67,812.67,2
2026-01-13 11:14:00,812.43,812.43,811.93,811.93,5
2026-01-13 11:15:00,811.91,811.91,810.0,810.63,110
2026-01-13 11:16:00,809.91,809.91,809.37,809.37,3
2026-01-13 11:17:00,809.89,810.01,809.82,809.82,4
2026-01-13 11:18:00,809.6,809.75,809.6,809.75,2
2026-01-13 11:19:00,809.46,809.77,808.63,808.84,73
2026-01-13 11:20:00,808.63,808.64,808.35,808.42,8
2026-01-13 11:21:00,808.44,808.66,808.44,808.66,2
2026-01-13 11:22:00,808.99,809.19,808.34,808.34,16
2026-01-13 11:23:00,808.61,808.62,808.61,808.62,15
2026-01-13 11:24:00,808.8,808.8,808.79,808.8,1
2026-01-13 11:25:00,808.88,809.89,808.28,809.88,16
2026-01-13 11:26:00,810.0,810.0,809.4,809.4,5
2026-01-13 11:27:00,809.47,809.47,809.33,809.33,5
2026-01-13 11:28:00,809.7,809.79,809.69,809.69,6
2026-01-13 11:29:00,809.88,810.0,809.54,809.71,13
2026-01-13 11:30:00,810.0,811.5,810.0,811.45,115
2026-01-13 11:31:00,811.1,811.35,810.83,810.83,49
2026-01-13 11:32:00,810.94,811.15,810.57,810.89,69
2026-01-13 11:33:00,811.12,811.69,811.11,811.69,4
2026-01-13 11:34:00,811.63,812.12,811.5,812.12,17
2026-01-13 11:35:00,811.85,811.85,810.92,811.51,77
2026-01-13 11:36:00,811.5,811.51,811.5,811.5,3
2026-01-13 11:37:00,810.75,810.75,810.75,810.75,2
2026-01-13 11:38:00,810.35,810.4,809.59,810.2,10
2026-01-13 11:39:00,810.49,810.49,809.42,809.42,2
2026-01-13 11:40:00,809.56,810.56,809.56,810.56,5
2026-01-13 11:41:00,810.56,811.79,810.56,811.42,33
2026-01-13 11:42:00,812.34,812.88,811.78,812.88,15
2026-01-13 11:43:00,812.88,812.88,812.88,812.88,1
2026-01-13 11:44:00,812.62,812.62,812.62,812.62,1
2026-01-13 11:45:00,812.24,812.24,812.23,812.24,2
2026-01-13 11:46:00,812.23,812.23,810.0,810.87,107
2026-01-13 11:47:00,810.87,810.87,810.87,810.87,0
2026-01-13 11:48:00,810.97,810.97,810.96,810.97,1
2026-01-13 11:49:00,809.47,809.94,809.42,809.94,7
2026-01-13 11:50:00,810.04,810.72,810.03,810.72,7
2026-01-13 11:51:00,810.72,810.72,810.72,810.72,0
2026-01-13 11:52:00,810.32,810.32,810.31,810.32,1
2026-01-13 11:53:00,810.03,810.32,809.94,810.32,11
2026-01-13 11:54:00,810.32,810.32,809.71,809.92,10
2026-01-13 11:55:00,809.65,809.65,809.65,809.65,1
2026-01-13 11:56:00,810.04,810.04,810.03,810.04,2
2026-01-13 11:57:00,810.04,810.32,809.91,809.96,12
2026-01-13 11:58:00,809.96,809.96,809.96,809.96,0
2026-01-13 11:59:00,809.96,809.96,809.96,809.96,0
2026-01-13 12:00:00,809.96,809.96,809.96,809.96,0
2026-01-13 12:01:00,810.33,811.15,810.33,811.15,17
2026-01-13 12:02:00,810.81,810.81,810.62,810.68,13
2026-01-13 12:03:00,810.21,810.21,810.2,810.21,3
2026-01-13 12:04:00,810.47,810.47,810.47,810.47,1
2026-01-13 12:05:00,810.47,810.47,810.47,810.47,6
2026-01-13 12:06:00,810.47,810.47,810.47,810.47,0
2026-01-13 12:07:00,810.13,810.73,810.13,810.35,10
2026-01-13 12:08:00,810.35,810.35,810.35,810.35,0
2026-01-13 12:09:00,810.18,810.18,810.17,810.18,1
2026-01-13 12:10:00,810.29,810.29,809.43,809.43,7
2026-01-13 12:11:00,809.43,809.43,809.43,809.43,0
2026-01-13 12:12:00,809.86,809.86,809.86,809.86,1
2026-01-13 12:13:00,809.71,809.71,809.5,809.5,7
2026-01-13 12:14:00,809.5,809.5,809.5,809.5,0
2026-01-13 12:15:00,809.66,809.66,809.65,809.66,1
2026-01-13 12:16:00,809.53,809.92,809.08,809.08,6
2026-01-13 12:17:00,809.66,809.66,809.65,809.66,1
2026-01-13 12:18:00,809.66,809.66,809.66,809.66,0
2026-01-13 12:19:00,809.66,809.66,809.66,809.66,0
2026-01-13 12:20:00,809.66,809.66,809.66,809.66,0
2026-01-13 12:21:00,809.66,809.66,809.47,809.66,25
2026-01-13 12:22:00,809.66,809.66,809.66,809.66,0
2026-01-13 12:23:00,809.66,809.66,809.0,809.24,89
2026-01-13 12:24:00,809.21,809.56,808.78,809.36,28
2026-01-13 12:25:00,809.64,809.77,809.64,809.72,9
2026-01-13 12:26:00,809.72,809.72,809.72,809.72,0
2026-01-13 12:27:00,809.72,809.72,809.72,809.72,0
2026-01-13 12:28:00,810.54,811.64,810.54,811.63,9
2026-01-13 12:29:00,811.53,811.53,811.2,811.28,12
2026-01-13 12:30:00,811.25,811.25,811.24,811.24,2
2026-01-13 12:31:00,810.67,810.67,810.44,810.44,11
2026-01-13 12:32:00,810.44,810.44,810.44,810.44,0
2026-01-13 12:33:00,810.44,810.44,810.44,810.44,0
2026-01-13 12:34:00,810.54,810.87,810.54,810.87,3
2026-01-13 12:35:00,811.01,811.01,810.54,810.54,2
2026-01-13 12:36:00,810.54,810.54,810.47,810.47,7
2026-01-13 12:37:00,810.47,810.47,810.47,810.47,0
2026-01-13 12:38:00,810.44,810.44,810.17,810.17,8
2026-01-13 12:39:00,810.17,810.17,809.83,809.83,4
2026-01-13 12:40:00,809.79,809.79,809.79,809.79,1
2026-01-13 12:41:00,809.43,809.43,809.43,809.43,1
2026-01-13 12:42:00,810.21,810.21,809.42,809.44,529
2026-01-13 12:43:00,809.44,809.44,809.44,809.44,0
2026-01-13 12:44:00,809.41,809.41,809.21,809.21,5
2026-01-13 12:45:00,809.04,809.04,809.04,809.04,2
2026-01-13 12:46:00,809.04,809.04,809.03,809.03,4
2026-01-13 12:47:00,809.03,809.03,809.03,809.03,0
2026-01-13 12:48:00,808.92,808.92,808.91,808.91,5
2026-01-13 12:49:00,808.91,808.91,808.91,808.91,0
2026-01-13 12:50:00,808.89,808.89,808.89,808.89,1
2026-01-13 12:51:00,808.89,808.89,808.89,808.89,0
2026-01-13 12:52:00,808.89,808.89,808.89,808.89,0
2026-01-13 12:53:00,808.4,808.4,807.98,807.98,4
2026-01-13 12:54:00,807.98,807.98,807.98,807.98,0
2026-01-13 12:55:00,807.98,807.98,807.98,807.98,0
2026-01-13 12:56:00,807.53,807.53,807.53,807.53,1
2026-01-13 12:57:00,807.53,807.53,807.53,807.53,0
2026-01-13 12:58:00,807.19,807.23,806.48,806.49,15
2026-01-13 12:59:00,806.49,806.49,806.49,806.49,0
2026-01-13 13:00:00,806.76,807.57,806.55,806.56,11
2026-01-13 13:01:00,806.56,806.56,806.56,806.56,0
2026-01-13 13:02:00,806.56,806.56,806.56,806.56,0
2026-01-13 13:03:00,805.95,805.95,805.94,805.95,1
2026-01-13 13:04:00,806.63,806.64,806.63,806.63,1
2026-01-13 13:05:00,806.63,806.63,806.63,806.63,0
2026-01-13 13:06:00,807.08,807.9,807.07,807.63,12
2026-01-13 13:07:00,807.12,807.12,807.12,807.12,1
2026-01-13 13:08:00,806.89,806.89,806.88,806.88,2
2026-01-13 13:09:00,806.88,806.88,806.88,806.88,0
2026-01-13 13:10:00,806.4,806.4,806.4,806.4,3
2026-01-13 13:11:00,806.81,806.81,806.81,806.81,6
2026-01-13 13:12:00,806.95,806.95,806.94,806.95,2
2026-01-13 13:13:00,806.95,806.95,806.94,806.95,2
2026-01-13 13:14:00,806.95,807.01,806.94,807.0,2
2026-01-13 13:15:00,807.08,807.08,807.08,807.08,5
2026-01-13 13:16:00,806.03,806.03,805.73,805.73,7
2026-01-13 13:17:00,805.73,805.73,805.73,805.73,0
2026-01-13 13:18:00,805.5,805.5,805.5,805.5,1
2026-01-13 13:19:00,805.34,806.06,805.15,806.06,7
2026-01-13 13:20:00,805.8,806.05,805.8,806.05,4
2026-01-13 13:21:00,806.05,806.63,806.05,806.63,9
2026-01-13 13:22:00,806.49,807.21,805.86,807.21,28
2026-01-13 13:23:00,807.5,807.5,807.22,807.22,2
2026-01-13 13:24:00,807.22,807.22,807.22,807.22,0
2026-01-13 13:25:00,807.62,807.77,807.59,807.59,6
2026-01-13 13:26:00,807.59,807.59,807.59,807.59,0
2026-01-13 13:27:00,807.59,808.09,807.59,808.09,4
2026-01-13 13:28:00,807.5,807.55,806.72,807.54,7
2026-01-13 13:29:00,807.54,807.54,807.54,807.54,0
2026-01-13 13:30:00,807.54,807.54,807.54,807.54,0
2026-01-13 13:31:00,807.54,807.54,807.54,807.54,0
2026-01-13 13:32:00,807.54,807.54,807.54,807.54,0
2026-01-13 13:33:00,807.54,807.54,807.54,807.54,0
2026-01-13 13:34:00,807.54,807.54,807.54,807.54,0
2026-01-13 13:35:00,807.74,808.28,807.74,808.08,7
2026-01-13 13:36:00,808.08,808.08,808.08,808.08,0
2026-01-13 13:37:00,808.08,808.08,808.08,808.08,0
2026-01-13 13:38:00,808.08,808.08,808.08,808.08,0
2026-01-13 13:39:00,807.69,807.86,807.28,807.32,25
2026-01-13 13:40:00,806.98,806.98,806.98,806.98,1
2026-01-13 13:41:00,806.98,806.98,806.98,806.98,0
2026-01-13 13:42:00,806.63,807.18,806.63,807.18,2
2026-01-13 13:43:00,807.11,807.11,807.11,807.11,1
2026-01-13 13:44:00,807.11,807.11,807.11,807.11,0
2026-01-13 13:45:00,806.58,806.58,806.23,806.23,17
2026-01-13 13:46:00,806.23,806.23,806.23,806.23,0
2026-01-13 13:47:00,806.06,806.06,806.05,806.06,1
2026-01-13 13:48:00,806.06,806.06,806.06,806.06,0
2026-01-13 13:49:00,806.06,806.06,806.06,806.06,0
2026-01-13 13:50:00,806.51,806.51,806.51,806.51,1
2026-01-13 13:51:00,806.59,806.59,806.59,806.59,5
2026-01-13 13:52:00,806.59,806.59,806.59,806.59,0
2026-01-13 13:53:00,806.58,806.58,806.37,806.37,5
2026-01-13 13:54:00,806.37,806.37,806.37,806.37,0
2026-01-13 13:55:00,806.23,806.23,806.23,806.23,1
2026-01-13 13:56:00,806.27,806.27,806.27,806.27,2
2026-01-13 13:57:00,805.78,805.83,805.52,805.52,7
2026-01-13 13:58:00,805.52,805.52,805.02,805.03,46
2026-01-13 13:59:00,805.78,805.79,805.78,805.79,5
2026-01-13 14:00:00,806.31,806.55,806.31,806.55,3
2026-01-13 14:01:00,806.51,806.51,806.51,806.51,1
2026-01-13 14:02:00,806.51,806.51,806.51,806.51,0
2026-01-13 14:03:00,806.2,806.2,805.98,805.98,5
2026-01-13 14:04:00,807.5,807.5,807.49,807.5,1
2026-01-13 14:05:00,807.5,807.5,807.5,807.5,0
2026-01-13 14:06:00,807.5,807.5,807.5,807.5,0
2026-01-13 14:07:00,805.87,805.87,805.86,805.87,1
2026-01-13 14:08:00,805.87,805.87,805.86,805.87,3
2026-01-13 14:09:00,805.34,805.34,805.01,805.01,12
2026-01-13 14:10:00,805.34,805.34,805.33,805.34,1
2026-01-13 14:11:00,804.99,804.99,804.99,804.99,1
2026-01-13 14:12:00,804.99,804.99,804.99,804.99,0
2026-01-13 14:13:00,805.01,805.01,804.41,804.41,6
2026-01-13 14:14:00,804.41,804.41,804.41,804.41,0
2026-01-13 14:15:00,804.37,805.86,804.36,805.85,7
2026-01-13 14:16:00,806.13,807.55,805.99,806.82,48
2026-01-13 14:17:00,806.82,806.82,806.81,806.82,1
2026-01-13 14:18:00,806.82,807.68,806.81,807.06,10
2026-01-13 14:19:00,807.06,807.06,807.06,807.06,0
2026-01-13 14:20:00,807.48,807.48,807.31,807.38,10
2026-01-13 14:21:00,807.38,807.38,807.38,807.38,0
2026-01-13 14:22:00,808.01,808.01,807.74,807.75,7
2026-01-13 14:23:00,808.07,808.07,808.06,808.07,7
2026-01-13 14:24:00,807.49,808.23,807.49,808.14,20
2026-01-13 14:25:00,807.82,808.14,807.82,808.14,3
2026-01-13 14:26:00,808.0,808.0,808.0,808.0,3
2026-01-13 14:27:00,808.1,808.1,808.1,808.1,2
2026-01-13 14:28:00,807.75,807.94,807.18,807.18,10
2026-01-13 14:29:00,807.15,807.81,807.15,807.81,5
2026-01-13 14:30:00,807.82,807.82,807.82,807.82,4
2026-01-13 14:31:00,808.05,808.05,808.05,808.05,4
2026-01-13 14:32:00,808.05,808.05,808.05,808.05,0
2026-01-13 14:33:00,808.05,808.05,808.05,808.05,0
2026-01-13 14:34:00,808.05,808.05,808.05,808.05,0
2026-01-13 14:35:00,808.05,808.05,808.05,808.05,0
2026-01-13 14:36:00,808.63,809.0,808.52,808.81,14
2026-01-13 14:37:00,809.5,809.5,809.01,809.01,3
2026-01-13 14:38:00,809.5,809.5,809.5,809.5,1
2026-01-13 14:39:00,809.5,809.5,809.5,809.5,0
2026-01-13 14:40:00,809.5,809.5,809.5,809.5,1
2026-01-13 14:41:00,809.04,809.04,808.77,808.77,18
2026-01-13 14:42:00,809.02,809.03,809.02,809.03,3
2026-01-13 14:43:00,809.49,809.72,808.83,809.72,75
2026-01-13 14:44:00,809.72,809.72,809.72,809.72,0
2026-01-13 14:45:00,810.0,810.0,810.0,810.0,4
2026-01-13 14:46:00,810.02,810.42,810.02,810.42,6
2026-01-13 14:47:00,810.47,810.47,810.46,810.47,4
2026-01-13 14:48:00,810.47,810.47,810.46,810.47,12
2026-01-13 14:49:00,809.94,810.03,809.18,810.03,24
2026-01-13 14:50:00,810.03,810.03,810.03,810.03,0
2026-01-13 14:51:00,810.03,810.03,810.03,810.03,0
2026-01-13 14:52:00,810.35,810.35,810.35,810.35,2
2026-01-13 14:53:00,810.43,810.43,810.42,810.43,1
2026-01-13 14:54:00,810.43,810.43,810.43,810.43,0
2026-01-13 14:55:00,810.43,810.43,810.43,810.43,0
2026-01-13 14:56:00,811.17,811.75,811.17,811.75,2
2026-01-13 14:57:00,811.21,811.75,810.66,810.71,19
2026-01-13 14:58:00,811.11,811.11,810.45,810.45,24
2026-01-13 14:59:00,810.28,810.28,810.28,810.28,2
2026-01-13 15:00:00,809.73,810.35,809.73,810.35,4
2026-01-13 15:01:00,810.37,810.37,810.37,810.37,2
2026-01-13 15:02:00,810.08,810.25,810.08,810.25,5
2026-01-13 15:03:00,810.2,810.25,810.2,810.25,3
2026-01-13 15:04:00,810.3,810.32,809.78,809.78,27
2026-01-13 15:05:00,810.16,810.16,809.39,810.03,55
2026-01-13 15:06:00,810.03,810.05,809.69,809.77,46
2026-01-13 15:07:00,810.0,810.19,809.93,810.19,7
2026-01-13 15:08:00,810.26,810.54,810.26,810.54,7
2026-01-13 15:09:00,810.84,811.71,810.84,811.71,4
2026-01-13 15:10:00,811.13,811.32,811.13,811.32,9
2026-01-13 15:11:00,811.32,811.32,811.32,811.32,5
2026-01-13 15:12:00,811.32,811.32,811.32,811.32,2
2026-01-13 15:13:00,811.32,811.32,811.32,811.32,0
2026-01-13 15:14:00,811.12,811.32,810.99,811.31,11
2026-01-13 15:15:00,811.68,811.68,811.3,811.68,6
2026-01-13 15:16:00,811.31,811.31,810.93,811.31,20
2026-01-13 15:17:00,811.31,811.34,810.93,811.34,34
2026-01-13 15:18:00,811.34,811.34,811.34,811.34,0
2026-01-13 15:19:00,811.51,811.51,811.34,811.5,17
2026-01-13 15:20:00,811.5,811.5,811.33,811.41,25
2026-01-13 15:21:00,811.41,811.41,811.05,811.05,28
2026-01-13 15:22:00,811.11,811.31,810.98,811.31,5
2026-01-13 15:23:00,810.95,811.29,810.91,811.22,7
2026-01-13 15:24:00,811.1,811.23,810.93,811.23,10
2026-01-13 15:25:00,811.23,811.23,811.22,811.23,5
2026-01-13 15:26:00,811.25,811.25,810.82,811.23,5
2026-01-13 15:27:00,810.77,810.97,810.6,810.8,27
2026-01-13 15:28:00,810.57,810.57,810.57,810.57,1
2026-01-13 15:29:00,810.88,811.01,810.84,810.84,4
2026-01-13 15:30:00,810.95,811.45,810.57,810.58,27
2026-01-13 15:31:00,810.78,810.87,810.65,810.76,8
2026-01-13 15:32:00,810.76,810.76,810.34,810.34,8
2026-01-13 15:33:00,810.76,810.77,810.76,810.77,3
2026-01-13 15:34:00,810.42,810.8,810.42,810.8,9
2026-01-13 15:35:00,810.81,810.81,810.43,810.81,11
2026-01-13 15:36:00,810.43,810.49,810.43,810.49,2
2026-01-13 15:37:00,810.81,811.89,810.8,811.88,12
2026-01-13 15:38:00,811.61,812.01,811.61,812.01,9
2026-01-13 15:39:00,812.01,812.01,812.01,812.01,3
2026-01-13 15:40:00,811.53,811.58,810.95,811.03,17
2026-01-13 15:41:00,810.97,811.12,810.97,811.12,3
2026-01-13 15:42:00,811.12,811.12,811.02,811.02,7
2026-01-13 15:43:00,810.9,811.01,809.99,810.0,51
2026-01-13 15:44:00,808.92,809.82,807.66,807.69,84
2026-01-13 15:45:00,807.71,807.72,805.71,806.71,40
2026-01-13 15:46:00,808.0,808.0,807.99,808.0,6
2026-01-13 15:47:00,808.0,808.21,807.99,808.21,7
2026-01-13 15:48:00,807.14,807.65,807.14,807.65,13
2026-01-13 15:49:00,807.65,808.66,807.65,808.25,13
2026-01-13 15:50:00,808.72,809.03,808.32,808.32,21
2026-01-13 15:51:00,808.43,809.28,808.32,809.28,25
2026-01-13 15:52:00,809.29,809.35,809.28,809.33,17
2026-01-13 15:53:00,809.44,809.68,808.66,809.37,21
2026-01-13 15:54:00,809.37,810.47,808.87,809.31,19
2026-01-13 15:55:00,808.45,809.94,808.42,809.73,62
2026-01-13 15:56:00,809.5,809.74,808.8,809.25,62
2026-01-13 15:57:00,809.14,810.7,808.96,810.47,99
2026-01-13 15:58:00,810.76,811.93,810.76,811.62,107
2026-01-13 15:59:00,811.76,812.25,810.35,810.58,268
2026-01-14 09:30:00,810.02,810.1,808.78,810.1,42
2026-01-14 09:31:00,810.16,811.46,810.08,810.08,14
2026-01-14 09:32:00,809.54,810.03,809.54,810.03,2
2026-01-14 09:33:00,811.39,812.05,811.39,812.05,8
2026-01-14 09:34:00,812.05,812.05,812.05,812.05,0
2026-01-14 09:35:00,811.96,811.96,811.29,811.29,7
2026-01-14 09:36:00,810.71,811.19,809.65,809.65,49
2026-01-14 09:37:00,808.47,808.47,808.46,808.47,1
2026-01-14 09:38:00,807.57,808.34,807.09,808.34,66
2026-01-14 09:39:00,808.34,808.84,808.03,808.21,21
2026-01-14 09:40:00,808.57,808.57,807.46,807.47,14
2026-01-14 09:41:00,807.48,807.48,805.44,805.44,17
2026-01-14 09:42:00,804.86,806.64,804.86,805.98,29
2026-01-14 09:43:00,806.16,806.18,806.16,806.18,3
2026-01-14 09:44:00,808.03,808.75,807.2,807.93,73
2026-01-14 09:45:00,807.63,807.64,806.84,806.85,22
2026-01-14 09:46:00,807.87,807.87,807.87,807.87,1
2026-01-14 09:47:00,808.45,809.36,808.3,808.63,19
2026-01-14 09:48:00,809.15,809.15,808.13,808.29,8
2026-01-14 09:49:00,808.63,808.64,807.31,807.31,30
2026-01-14 09:50:00,807.28,807.55,806.94,806.94,7
2026-01-14 09:51:00,806.93,807.33,806.85,806.85,7
2026-01-14 09:52:00,807.01,807.32,807.01,807.32,4
2026-01-14 09:53:00,807.35,807.35,807.35,807.35,1
2026-01-14 09:54:00,807.73,808.13,805.4,805.68,34
2026-01-14 09:55:00,805.7,805.83,804.88,805.83,18
2026-01-14 09:56:00,805.44,805.44,804.9,804.91,6
2026-01-14 09:57:00,805.72,806.02,804.62,804.62,23
2026-01-14 09:58:00,804.66,805.46,804.41,804.41,125
2026-01-14 09:59:00,804.01,804.64,804.0,804.63,20
2026-01-14 10:00:00,804.38,804.79,804.37,804.79,15
2026-01-14 10:01:00,803.33,803.33,802.95,802.95,13
2026-01-14 10:02:00,803.31,803.31,802.95,803.08,40
2026-01-14 10:03:00,801.22,804.63,801.21,804.63,27
2026-01-14 10:04:00,804.75,805.66,804.75,805.51,5
2026-01-14 10:05:00,805.51,805.51,805.51,805.51,0
2026-01-14 10:06:00,805.51,805.51,805.51,805.51,0
2026-01-14 10:07:00,805.79,805.79,805.41,805.42,2
2026-01-14 10:08:00,805.0,805.0,804.56,804.82,5
2026-01-14 10:09:00,804.82,804.82,804.82,804.82,0
2026-01-14 10:10:00,803.5,804.3,803.5,804.26,15
2026-01-14 10:11:00,805.26,805.63,805.2,805.44,7
2026-01-14 10:12:00,806.03,806.07,805.89,805.89,13
2026-01-14 10:13:00,806.33,806.33,803.88,803.88,44
2026-01-14 10:14:00,804.48,805.47,804.47,805.47,6
2026-01-14 10:15:00,805.56,805.57,804.57,805.57,45
2026-01-14 10:16:00,805.72,806.12,805.72,805.95,13
2026-01-14 10:17:00,805.82,805.82,805.4,805.4,5
2026-01-14 10:18:00,805.35,805.35,805.35,805.35,1
2026-01-14 10:19:00,804.69,804.7,804.51,804.51,3
2026-01-14 10:20:00,804.8,805.41,804.8,805.41,13
2026-01-14 10:21:00,804.98,804.98,803.91,803.91,6
2026-01-14 10:22:00,803.91,803.91,803.91,803.91,0
2026-01-14 10:23:00,804.09,804.47,804.09,804.47,2
2026-01-14 10:24:00,804.08,804.08,804.04,804.08,3
2026-01-14 10:25:00,804.24,804.24,803.73,803.73,7
2026-01-14 10:26:00,804.79,805.42,804.79,805.42,5
2026-01-14 10:27:00,805.26,805.26,805.26,805.26,1
2026-01-14 10:28:00,804.95,805.87,804.95,805.68,23
2026-01-14 10:29:00,806.33,806.34,804.81,804.91,4
2026-01-14 10:30:00,806.26,806.26,806.26,806.26,1
2026-01-14 10:31:00,806.26,806.26,806.26,806.26,0
2026-01-14 10:32:00,807.12,807.55,807.12,807.55,2
2026-01-14 10:33:00,807.41,807.44,807.41,807.44,4
2026-01-14 10:34:00,807.74,807.74,805.82,805.82,97
2026-01-14 10:35:00,805.66,806.47,805.65,805.83,103
2026-01-14 10:36:00,806.1,807.26,806.1,806.6,59
2026-01-14 10:37:00,806.58,806.58,806.58,806.58,1
2026-01-14 10:38:00,806.29,807.21,806.24,806.49,50
2026-01-14 10:39:00,807.32,807.81,807.32,807.81,6
2026-01-14 10:40:00,807.69,808.1,807.69,808.1,7
2026-01-14 10:41:00,808.35,808.35,808.29,808.3,2
2026-01-14 10:42:00,808.24,808.24,807.79,807.79,5
2026-01-14 10:43:00,808.19,808.2,807.95,808.16,7
2026-01-14 10:44:00,808.16,808.16,808.16,808.16,0
2026-01-14 10:45:00,807.47,807.47,807.46,807.46,2
2026-01-14 10:46:00,806.49,806.49,806.49,806.49,1
2026-01-14 10:47:00,806.53,806.53,806.52,806.53,3
2026-01-14 10:48:00,806.53,806.53,806.53,806.53,0
2026-01-14 10:49:00,806.36,806.36,806.22,806.22,2
2026-01-14 10:50:00,806.6,807.13,806.39,806.67,46
2026-01-14 10:51:00,805.98,806.6,805.92,806.6,13
2026-01-14 10:52:00,806.6,806.6,806.6,806.6,0
2026-01-14 10:53:00,806.6,806.6,806.6,806.6,0
2026-01-14 10:54:00,806.6,806.6,806.6,806.6,0
2026-01-14 10:55:00,807.31,807.31,806.16,806.93,97
2026-01-14 10:56:00,806.96,806.96,805.88,806.38,10
2026-01-14 10:57:00,805.94,806.08,805.68,805.74,10
2026-01-14 10:58:00,805.41,805.41,805.41,805.41,2
2026-01-14 10:59:00,805.43,805.44,805.13,805.25,8
2026-01-14 11:00:00,805.19,806.54,805.16,806.54,62
2026-01-14 11:01:00,806.54,806.54,806.54,806.54,0
2026-01-14 11:02:00,806.8,807.25,806.63,806.67,16
2026-01-14 11:03:00,806.67,806.67,806.67,806.67,0
2026-01-14 11:04:00,806.69,806.73,806.46,806.46,6
2026-01-14 11:05:00,806.46,806.46,806.46,806.46,0
2026-01-14 11:06:00,806.3,806.55,806.29,806.4,9
2026-01-14 11:07:00,806.7,806.92,806.7,806.92,13
2026-01-14 11:08:00,806.1,806.1,804.62,804.75,72
2026-01-14 11:09:00,804.74,805.47,804.67,805.3,112
2026-01-14 11:10:00,805.23,806.04,804.87,806.04,60
2026-01-14 11:11:00,806.04,806.04,806.04,806.04,0
2026-01-14 11:12:00,806.29,806.67,806.28,806.67,8
2026-01-14 11:13:00,806.66,806.66,806.66,806.66,1
2026-01-14 11:14:00,806.01,806.02,805.36,805.36,7
2026-01-14 11:15:00,805.33,805.33,805.33,805.33,3
2026-01-14 11:16:00,805.33,805.33,805.33,805.33,0
2026-01-14 11:17:00,805.22,805.28,805.22,805.28,3
2026-01-14 11:18:00,805.4,805.4,805.12,805.12,9
2026-01-14 11:19:00,804.74,805.27,804.71,804.92,13
2026-01-14 11:20:00,805.15,805.15,805.1,805.11,15
2026-01-14 11:21:00,805.28,805.28,804.73,804.94,10
2026-01-14 11:22:00,804.96,804.96,803.47,803.48,17
2026-01-14 11:23:00,804.08,804.08,803.45,803.53,13
2026-01-14 11:24:00,803.87,804.1,803.77,803.77,4
2026-01-14 11:25:00,803.74,803.74,803.41,803.41,3
2026-01-14 11:26:00,803.14,803.16,802.82,802.82,11
2026-01-14 11:27:00,802.85,802.88,802.66,802.88,16
2026-01-14 11:28:00,802.8,802.99,802.28,802.28,9
2026-01-14 11:29:00,802.31,802.31,801.66,801.66,15
2026-01-14 11:30:00,803.02,803.5,801.97,801.97,72
2026-01-14 11:31:00,801.67,801.67,801.66,801.66,3
2026-01-14 11:32:00,800.07,801.36,800.06,801.07,19
2026-01-14 11:33:00,801.5,803.36,801.5,803.36,64
2026-01-14 11:34:00,803.38,805.68,803.38,805.39,188
2026-01-14 11:35:00,805.49,805.72,804.91,805.06,138
2026-01-14 11:36:00,805.0,805.0,805.0,805.0,1
2026-01-14 11:37:00,804.48,805.63,804.48,805.22,43
2026-01-14 11:38:00,805.22,805.23,805.21,805.23,25
2026-01-14 11:39:00,805.24,806.01,805.23,805.89,76
2026-01-14 11:40:00,806.11,806.72,806.11,806.61,54
2026-01-14 11:41:00,806.4,806.4,805.74,805.76,15
2026-01-14 11:42:00,806.32,806.32,806.06,806.3,37
2026-01-14 11:43:00,806.3,807.11,806.3,806.66,26
2026-01-14 11:44:00,807.54,807.54,806.53,806.53,3
2026-01-14 11:45:00,806.53,806.53,806.53,806.53,0
2026-01-14 11:46:00,806.53,806.53,806.53,806.53,0
2026-01-14 11:47:00,806.53,806.53,806.53,806.53,0
2026-01-14 11:48:00,807.53,808.6,807.2,808.58,12
2026-01-14 11:49:00,808.56,808.61,808.56,808.59,5
2026-01-14 11:50:00,808.59,808.59,808.59,808.59,0
2026-01-14 11:51:00,808.59,808.59,808.59,808.59,0
2026-01-14 11:52:00,808.59,808.59,808.59,808.59,0
2026-01-14 11:53:00,808.59,808.59,808.59,808.59,0
2026-01-14 11:54:00,807.65,807.65,807.64,807.65,1
2026-01-14 11:55:00,807.65,807.65,807.64,807.65,1
2026-01-14 11:56:00,807.65,807.65,807.65,807.65,0
2026-01-14 11:57:00,807.65,807.65,807.65,807.65,0
2026-01-14 11:58:00,808.61,808.82,808.61,808.82,7
2026-01-14 11:59:00,809.24,809.24,809.24,809.24,3
2026-01-14 12:00:00,809.24,809.24,809.24,809.24,0
2026-01-14 12:01:00,809.36,809.36,808.63,808.63,7
2026-01-14 12:02:00,808.63,808.63,808.63,808.63,0
2026-01-14 12:03:00,808.63,808.63,808.63,808.63,0
2026-01-14 12:04:00,808.64,808.64,808.63,808.63,10
2026-01-14 12:05:00,808.79,808.79,808.78,808.79,2
2026-01-14 12:06:00,808.79,808.79,808.79,808.79,0
2026-01-14 12:07:00,808.79,808.79,808.79,808.79,0
2026-01-14 12:08:00,808.79,808.79,808.79,808.79,0
2026-01-14 12:09:00,810.06,810.06,810.06,810.06,1
2026-01-14 12:10:00,810.09,811.01,809.86,811.01,11
2026-01-14 12:11:00,811.83,811.83,811.83,811.83,4
2026-01-14 12:12:00,811.83,811.83,811.83,811.83,0
2026-01-14 12:13:00,811.83,811.83,811.83,811.83,0
2026-01-14 12:14:00,811.83,811.83,811.83,811.83,0
2026-01-14 12:15:00,812.09,812.09,812.09,812.09,1
2026-01-14 12:16:00,812.09,812.09,812.09,812.09,0
2026-01-14 12:17:00,811.93,812.09,810.93,810.93,13
2026-01-14 12:18:00,810.81,810.81,810.8,810.81,2
2026-01-14 12:19:00,810.81,810.81,810.81,810.81,0
2026-01-14 12:20:00,810.81,810.81,810.81,810.81,0
2026-01-14 12:21:00,810.81,810.81,809.59,809.59,10
2026-01-14 12:22:00,810.13,810.13,810.13,810.13,13
2026-01-14 12:23:00,810.13,810.5,810.13,810.5,12
2026-01-14 12:24:00,811.4,811.4,811.4,811.4,2
2026-01-14 12:25:00,811.4,811.4,811.4,811.4,0
2026-01-14 12:26:00,811.4,811.4,811.4,811.4,0
2026-01-14 12:27:00,811.4,811.4,811.4,811.4,0
2026-01-14 12:28:00,811.4,811.4,811.4,811.4,0
2026-01-14 12:29:00,811.4,811.4,811.4,811.4,0
2026-01-14 12:30:00,811.57,811.6,811.57,811.6,3
2026-01-14 12:31:00,810.95,810.95,810.08,810.08,36
2026-01-14 12:32:00,809.07,809.07,809.07,809.07,1
2026-01-14 12:33:00,809.07,809.07,809.07,809.07,0
2026-01-14 12:34:00,808.83,808.83,808.81,808.81,4
2026-01-14 12:35:00,809.03,809.03,809.03,809.03,2
2026-01-14 12:36:00,809.03,809.03,809.03,809.03,0
2026-01-14 12:37:00,809.09,809.5,808.64,808.69,12
2026-01-14 12:38:00,808.68,808.68,808.68,808.68,1
2026-01-14 12:39:00,807.1,807.1,807.09,807.1,1
2026-01-14 12:40:00,807.1,807.1,807.1,807.1,0
2026-01-14 12:41:00,806.75,806.75,806.75,806.75,1
2026-01-14 12:42:00,806.75,806.75,805.06,805.06,8
2026-01-14 12:43:00,805.06,805.06,805.06,805.06,0
2026-01-14 12:44:00,806.4,806.4,806.01,806.4,5
2026-01-14 12:45:00,806.41,807.21,806.41,806.94,13
2026-01-14 12:46:00,806.12,807.0,806.12,807.0,3
2026-01-14 12:47:00,805.13,806.12,805.13,806.12,3
2026-01-14 12:48:00,806.12,806.12,806.12,806.12,0
2026-01-14 12:49:00,806.12,806.12,806.12,806.12,1
2026-01-14 12:50:00,806.12,806.12,806.12,806.12,0
2026-01-14 12:51:00,805.34,805.34,804.88,805.33,11
2026-01-14 12:52:00,805.44,805.44,805.44,805.44,1
2026-01-14 12:53:00,805.44,805.44,805.44,805.44,0
2026-01-14 12:54:00,804.94,805.65,804.22,805.65,18
2026-01-14 12:55:00,805.5,805.5,804.5,805.34,6
2026-01-14 12:56:00,805.34,805.34,805.34,805.34,0
2026-01-14 12:57:00,804.45,805.43,803.21,803.21,14
2026-01-14 12:58:00,803.22,803.8,803.21,803.8,14
2026-01-14 12:59:00,803.41,803.41,803.41,803.41,1
2026-01-14 13:00:00,803.75,803.75,803.75,803.75,1
2026-01-14 13:01:00,803.97,803.97,803.04,803.22,7
2026-01-14 13:02:00,803.22,803.22,803.22,803.22,0
2026-01-14 13:03:00,803.37,803.37,803.36,803.37,3
2026-01-14 13:04:00,803.55,803.55,803.54,803.55,1
2026-01-14 13:05:00,803.55,803.55,803.55,803.55,0
2026-01-14 13:06:00,804.0,804.24,804.0,804.24,2
2026-01-14 13:07:00,804.24,804.24,804.24,804.24,0
2026-01-14 13:08:00,804.24,804.24,804.24,804.24,0
2026-01-14 13:09:00,804.24,804.24,804.24,804.24,0
2026-01-14 13:10:00,804.2,804.2,803.4,803.83,14
2026-01-14 13:11:00,803.92,803.92,803.9,803.91,2
2026-01-14 13:12:00,803.98,803.98,803.98,803.98,1
2026-01-14 13:13:00,803.91,803.91,803.35,803.53,20
2026-01-14 13:14:00,803.53,803.53,803.53,803.53,1
2026-01-14 13:15:00,803.53,803.53,803.53,803.53,0
2026-01-14 13:16:00,802.66,802.66,802.65,802.65,16
2026-01-14 13:17:00,802.58,802.58,802.58,802.58,3
2026-01-14 13:18:00,802.58,802.58,802.58,802.58,0
2026-01-14 13:19:00,802.6,802.6,802.6,802.6,1
2026-01-14 13:20:00,802.6,802.6,802.31,802.31,2
2026-01-14 13:21:00,802.31,802.31,802.31,802.31,1
2026-01-14 13:22:00,802.31,802.31,802.31,802.31,0
2026-01-14 13:23:00,802.2,802.2,802.2,802.2,1
2026-01-14 13:24:00,802.83,802.84,802.6,802.61,3
2026-01-14 13:25:00,803.22,803.54,803.0,803.4,8
2026-01-14 13:26:00,803.01,803.01,802.71,802.72,4
2026-01-14 13:27:00,803.03,803.16,803.02,803.16,2
2026-01-14 13:28:00,803.16,803.16,803.16,803.16,0
2026-01-14 13:29:00,803.16,803.16,803.16,803.16,0
2026-01-14 13:30:00,802.87,802.87,802.22,802.22,17
2026-01-14 13:31:00,802.22,802.22,802.22,802.22,0
2026-01-14 13:32:00,802.03,802.14,802.03,802.13,2
2026-01-14 13:33:00,801.4,802.01,801.36,802.01,8
2026-01-14 13:34:00,802.01,802.01,802.01,802.01,0
2026-01-14 13:35:00,801.83,801.83,801.83,801.83,1
2026-01-14 13:36:00,801.06,802.9,801.06,802.17,11
2026-01-14 13:37:00,802.25,802.26,802.25,802.25,2
2026-01-14 13:38:00,802.25,802.26,802.25,802.25,1
2026-01-14 13:39:00,801.57,802.44,801.57,802.44,7
2026-01-14 13:40:00,802.44,802.44,802.44,802.44,0
2026-01-14 13:41:00,802.44,802.44,802.44,802.44,0
2026-01-14 13:42:00,802.53,802.53,801.87,801.87,2
2026-01-14 13:43:00,801.81,802.11,801.8,802.11,6
2026-01-14 13:44:00,801.81,801.84,801.38,801.38,4
2026-01-14 13:45:00,801.38,801.38,801.38,801.38,0
2026-01-14 13:46:00,801.38,801.38,801.38,801.38,0
2026-01-14 13:47:00,801.38,801.38,801.38,801.38,0
2026-01-14 13:48:00,802.06,802.06,802.06,802.06,2
2026-01-14 13:49:00,802.13,802.42,802.13,802.42,18
2026-01-14 13:50:00,802.42,803.69,802.41,803.03,27
2026-01-14 13:51:00,803.03,803.03,803.03,803.03,0
2026-01-14 13:52:00,803.35,803.35,803.35,803.35,1
2026-01-14 13:53:00,803.65,803.65,803.65,803.65,1
2026-01-14 13:54:00,803.66,805.0,802.38,802.38,13
2026-01-14 13:55:00,803.81,804.89,803.81,804.89,5
2026-01-14 13:56:00,803.7,803.7,803.69,803.7,1
2026-01-14 13:57:00,803.7,803.7,803.7,803.7,0
2026-01-14 13:58:00,803.7,803.7,803.7,803.7,0
2026-01-14 13:59:00,804.18,804.18,803.63,804.18,7
2026-01-14 14:00:00,803.6,803.6,803.55,803.55,9
2026-01-14 14:01:00,803.55,803.55,803.55,803.55,0
2026-01-14 14:02:00,803.81,803.81,803.81,803.81,1
2026-01-14 14:03:00,803.81,803.81,803.81,803.81,2
2026-01-14 14:04:00,803.63,803.63,803.63,803.63,2
2026-01-14 14:05:00,804.43,804.43,804.43,804.43,1
2026-01-14 14:06:00,804.38,804.39,804.38,804.39,3
2026-01-14 14:07:00,804.66,804.66,804.31,804.34,10
2026-01-14 14:08:00,804.31,804.31,804.31,804.31,2
2026-01-14 14:09:00,804.0,804.0,803.23,803.24,3
2026-01-14 14:10:00,803.75,803.93,802.94,803.93,45
2026-01-14 14:11:00,803.29,803.29,803.29,803.29,3
2026-01-14 14:12:00,802.79,803.45,802.79,803.2,9
2026-01-14 14:13:00,803.2,803.2,803.2,803.2,0
2026-01-14 14:14:00,802.43,803.45,802.43,803.45,2
2026-01-14 14:15:00,802.42,803.0,802.42,803.0,2
2026-01-14 14:16:00,802.95,802.95,802.31,802.31,3
2026-01-14 14:17:00,802.31,802.31,802.31,802.31,0
2026-01-14 14:18:00,802.42,802.42,802.42,802.42,1
2026-01-14 14:19:00,802.42,802.42,802.42,802.42,0
2026-01-14 14:20:00,802.45,802.45,802.44,802.45,1
2026-01-14 14:21:00,802.45,802.45,802.45,802.45,0
2026-01-14 14:22:00,802.45,803.45,802.45,803.45,3
2026-01-14 14:23:00,803.45,803.45,803.45,803.45,0
2026-01-14 14:24:00,802.66,802.66,802.31,802.49,4
2026-01-14 14:25:00,802.49,802.49,802.49,802.49,0
2026-01-14 14:26:00,803.42,803.43,803.14,803.14,2
2026-01-14 14:27:00,803.14,803.14,802.33,802.33,2
2026-01-14 14:28:00,802.33,802.33,802.33,802.33,0
2026-01-14 14:29:00,802.3,802.3,802.3,802.3,1
2026-01-14 14:30:00,802.3,802.3,802.3,802.3,0
2026-01-14 14:31:00,802.4,802.66,802.4,802.66,3
2026-01-14 14:32:00,802.54,802.54,801.88,801.88,5
2026-01-14 14:33:00,801.86,801.98,801.6,801.98,9
2026-01-14 14:34:00,801.98,801.98,801.98,801.98,0
2026-01-14 14:35:00,801.59,801.59,801.18,801.49,12
2026-01-14 14:36:00,801.49,801.49,801.49,801.49,0
2026-01-14 14:37:00,801.05,802.52,801.05,802.52,21
2026-01-14 14:38:00,802.52,802.52,802.52,802.52,0
2026-01-14 14:39:00,802.4,802.46,802.4,802.46,3
2026-01-14 14:40:00,802.46,802.46,802.46,802.46,0
2026-01-14 14:41:00,802.23,802.23,801.84,801.84,3
2026-01-14 14:42:00,801.35,801.35,801.35,801.35,4
2026-01-14 14:43:00,801.35,803.0,801.35,802.88,138
2026-01-14 14:44:00,803.03,803.03,803.02,803.03,2
2026-01-14 14:45:00,803.03,803.03,803.02,803.03,1
2026-01-14 14:46:00,803.03,803.65,803.02,803.03,11
2026-01-14 14:47:00,803.03,803.03,803.02,803.03,3
2026-01-14 14:48:00,803.03,803.03,803.02,803.03,3
2026-01-14 14:49:00,803.03,803.03,803.03,803.03,0
2026-01-14 14:50:00,802.4,802.4,802.4,802.4,2
2026-01-14 14:51:00,802.4,802.4,802.4,802.4,0
2026-01-14 14:52:00,803.03,803.03,802.4,802.4,3
2026-01-14 14:53:00,802.6,802.63,802.6,802.61,4
2026-01-14 14:54:00,803.04,803.05,803.04,803.05,3
2026-01-14 14:55:00,802.65,804.34,802.65,803.55,63
2026-01-14 14:56:00,803.5,803.5,803.5,803.5,3
2026-01-14 14:57:00,803.5,803.5,803.5,803.5,0
2026-01-14 14:58:00,803.87,803.87,803.87,803.87,1
2026-01-14 14:59:00,803.87,803.87,803.87,803.87,1
2026-01-14 15:00:00,802.63,802.63,802.62,802.62,5
2026-01-14 15:01:00,802.62,802.62,802.62,802.62,0
2026-01-14 15:02:00,801.81,801.83,801.78,801.83,11
2026-01-14 15:03:00,801.83,801.83,801.83,801.83,0
2026-01-14 15:04:00,802.64,802.64,802.64,802.64,1
2026-01-14 15:05:00,802.64,802.65,802.64,802.64,2
2026-01-14 15:06:00,802.72,802.72,801.8,801.8,4
2026-01-14 15:07:00,803.09,803.11,802.39,802.39,13
2026-01-14 15:08:00,802.39,802.39,802.39,802.39,2
2026-01-14 15:09:00,801.85,802.48,801.85,802.48,4
2026-01-14 15:10:00,802.48,802.48,802.48,802.48,0
2026-01-14 15:11:00,801.53,801.53,801.53,801.53,1
2026-01-14 15:12:00,801.47,802.53,801.36,802.53,3
2026-01-14 15:13:00,802.2,803.03,802.2,802.2,5
2026-01-14 15:14:00,802.21,802.21,801.61,801.61,6
2026-01-14 15:15:00,802.2,802.2,801.31,801.31,2
2026-01-14 15:16:00,802.49,802.49,801.21,801.64,166
2026-01-14 15:17:00,802.0,803.73,801.95,802.55,561
2026-01-14 15:18:00,802.55,802.97,802.55,802.97,4
2026-01-14 15:19:00,802.97,802.97,802.97,802.97,0
2026-01-14 15:20:00,802.61,802.61,802.54,802.54,7
2026-01-14 15:21:00,802.54,802.54,802.54,802.54,0
2026-01-14 15:22:00,802.9,802.93,802.47,802.47,22
2026-01-14 15:23:00,802.47,802.48,802.47,802.48,4
2026-01-14 15:24:00,802.0,802.0,801.55,801.86,60
2026-01-14 15:25:00,801.25,801.86,801.24,801.86,40
2026-01-14 15:26:00,802.33,802.58,801.91,802.58,39
2026-01-14 15:27:00,802.68,802.68,802.68,802.68,2
2026-01-14 15:28:00,802.68,802.68,802.68,802.68,0
2026-01-14 15:29:00,803.44,803.54,802.95,802.95,10
2026-01-14 15:30:00,802.68,802.72,802.66,802.66,8
2026-01-14 15:31:00,801.79,801.79,801.29,801.29,6
2026-01-14 15:32:00,802.55,802.55,801.31,802.55,13
2026-01-14 15:33:00,802.55,803.77,802.54,803.77,23
2026-01-14 15:34:00,803.78,804.2,803.53,804.03,59
2026-01-14 15:35:00,804.03,804.03,804.03,804.03,1
2026-01-14 15:36:00,804.03,804.03,804.03,804.03,3
2026-01-14 15:37:00,803.21,803.31,803.21,803.31,2
2026-01-14 15:38:00,803.2,804.37,803.2,804.3,4
2026-01-14 15:39:00,803.68,803.9,803.68,803.9,2
2026-01-14 15:40:00,803.34,803.34,803.09,803.21,22
2026-01-14 15:41:00,803.21,803.21,803.21,803.21,0
2026-01-14 15:42:00,801.76,802.19,801.33,801.39,41
2026-01-14 15:43:00,801.36,801.36,801.36,801.36,1
2026-01-14 15:44:00,801.3,801.68,801.3,801.44,11
2026-01-14 15:45:00,801.31,801.55,800.88,800.88,32
2026-01-14 15:46:00,800.51,801.22,800.03,801.22,40
2026-01-14 15:47:00,800.01,801.42,799.6,801.21,21
2026-01-14 15:48:00,799.6,800.85,799.6,799.61,10
2026-01-14 15:49:00,799.61,800.85,798.94,798.94,13
2026-01-14 15:50:00,800.35,800.35,797.47,798.45,76
2026-01-14 15:51:00,797.88,800.04,797.88,799.71,60
2026-01-14 15:52:00,799.97,799.97,798.37,798.38,109
2026-01-14 15:53:00,799.31,799.38,799.31,799.38,9
2026-01-14 15:54:00,799.38,799.38,798.14,798.58,92
2026-01-14 15:55:00,800.22,800.78,798.67,799.49,259
2026-01-14 15:56:00,799.57,800.94,799.56,799.9,284
2026-01-14 15:57:00,799.38,800.89,799.31,800.24,360
2026-01-14 15:58:00,800.24,800.24,798.29,798.5,279
2026-01-14 15:59:00,798.5,799.71,798.5,799.26,257
2026-01-15 09:30:00,809.93,810.82,808.74,809.39,34
2026-01-15 09:31:00,810.35,811.29,809.86,809.86,15
2026-01-15 09:32:00,809.58,809.58,807.16,807.97,8
2026-01-15 09:33:00,808.19,808.85,808.19,808.56,6
2026-01-15 09:34:00,807.09,807.09,805.51,806.26,9
2026-01-15 09:35:00,805.73,805.95,805.52,805.95,12
2026-01-15 09:36:00,805.52,805.52,804.8,805.31,26
2026-01-15 09:37:00,805.62,805.62,805.62,805.62,1
2026-01-15 09:38:00,806.37,806.62,806.05,806.05,4
2026-01-15 09:39:00,806.38,806.91,806.38,806.87,3
2026-01-15 09:40:00,806.33,806.33,806.33,806.33,1
2026-01-15 09:41:00,806.33,806.33,806.33,806.33,0
2026-01-15 09:42:00,807.6,807.6,806.68,806.91,8
2026-01-15 09:43:00,806.37,806.37,806.3,806.3,2
2026-01-15 09:44:00,806.17,806.17,805.26,805.26,5
2026-01-15 09:45:00,805.02,806.27,805.02,806.27,7
2026-01-15 09:46:00,806.27,806.27,806.27,806.27,0
2026-01-15 09:47:00,806.42,807.39,806.42,807.39,2
2026-01-15 09:48:00,807.62,808.14,807.62,808.09,15
2026-01-15 09:49:00,808.09,808.09,808.09,808.09,0
2026-01-15 09:50:00,807.41,807.95,806.98,807.64,35
2026-01-15 09:51:00,806.99,806.99,806.8,806.8,2
2026-01-15 09:52:00,806.64,806.64,806.64,806.64,2
2026-01-15 09:53:00,806.32,806.78,806.32,806.78,7
2026-01-15 09:54:00,806.78,806.78,806.78,806.78,0
2026-01-15 09:55:00,806.78,806.78,806.78,806.78,0
2026-01-15 09:56:00,805.93,806.8,805.93,806.8,14
2026-01-15 09:57:00,806.39,806.39,806.39,806.39,1
2026-01-15 09:58:00,806.18,806.18,806.18,806.18,1
2026-01-15 09:59:00,806.19,806.19,806.19,806.19,1
2026-01-15 10:00:00,806.73,808.25,806.73,807.87,16
2026-01-15 10:01:00,808.0,808.16,806.71,807.12,35
2026-01-15 10:02:00,807.62,807.62,805.36,805.68,12
2026-01-15 10:03:00,805.49,805.58,805.26,805.26,5
2026-01-15 10:04:00,805.54,805.61,804.58,804.58,10
2026-01-15 10:05:00,804.68,804.68,803.95,804.44,10
2026-01-15 10:06:00,804.44,804.44,804.44,804.44,0
2026-01-15 10:07:00,803.34,803.34,803.34,803.34,1
2026-01-15 10:08:00,803.34,803.34,803.34,803.34,0
2026-01-15 10:09:00,802.9,803.78,802.9,803.35,16
2026-01-15 10:10:00,803.66,803.66,803.65,803.66,2
2026-01-15 10:11:00,802.49,802.49,802.48,802.48,2
2026-01-15 10:12:00,801.38,801.39,801.38,801.38,2
2026-01-15 10:13:00,802.41,802.41,801.96,802.11,13
2026-01-15 10:14:00,802.26,802.26,802.26,802.26,2
2026-01-15 10:15:00,800.86,801.36,800.85,801.36,13
2026-01-15 10:16:00,800.83,800.83,800.24,800.24,4
2026-01-15 10:17:00,800.68,801.61,800.68,801.22,6
2026-01-15 10:18:00,802.58,802.58,802.03,802.04,3
2026-01-15 10:19:00,802.06,802.06,801.69,801.69,2
2026-01-15 10:20:00,802.07,802.7,802.07,802.67,10
2026-01-15 10:21:00,802.44,802.44,802.18,802.18,3
2026-01-15 10:22:00,802.19,802.56,802.19,802.56,15
2026-01-15 10:23:00,801.8,801.8,800.87,800.89,6
2026-01-15 10:24:00,800.92,800.92,800.92,800.92,4
2026-01-15 10:25:00,799.25,799.26,798.58,798.58,4
2026-01-15 10:26:00,798.57,798.57,798.16,798.16,2
2026-01-15 10:27:00,798.16,798.16,798.16,798.16,0
2026-01-15 10:28:00,798.14,798.15,798.14,798.14,2
2026-01-15 10:29:00,798.97,799.12,798.97,799.12,6
2026-01-15 10:30:00,799.04,799.04,799.02,799.03,2
2026-01-15 10:31:00,799.55,799.55,799.55,799.55,1
2026-01-15 10:32:00,799.55,799.55,799.55,799.55,0
2026-01-15 10:33:00,799.85,800.32,799.85,800.32,5
2026-01-15 10:34:00,800.32,800.32,800.32,800.32,0
2026-01-15 10:35:00,801.93,801.93,801.93,801.93,4
2026-01-15 10:36:00,801.95,802.67,801.8,802.1,11
2026-01-15 10:37:00,802.23,802.23,802.23,802.23,1
2026-01-15 10:38:00,802.5,802.5,802.19,802.32,16
2026-01-15 10:39:00,802.55,803.07,802.55,803.01,15
2026-01-15 10:40:00,802.96,802.96,802.95,802.96,1
2026-01-15 10:41:00,803.09,803.13,802.58,802.58,60
2026-01-15 10:42:00,802.82,803.28,801.88,803.28,29
2026-01-15 10:43:00,803.28,803.28,803.28,803.28,0
2026-01-15 10:44:00,803.28,803.28,803.28,803.28,0
2026-01-15 10:45:00,803.2,803.43,803.2,803.37,15
2026-01-15 10:46:00,803.41,803.89,803.27,803.27,5
2026-01-15 10:47:00,804.17,804.18,803.89,804.11,7
2026-01-15 10:48:00,804.11,804.11,804.11,804.11,0
2026-01-15 10:49:00,804.46,804.46,804.45,804.46,1
2026-01-15 10:50:00,804.46,804.46,804.46,804.46,0
2026-01-15 10:51:00,804.91,805.25,804.59,804.59,3
2026-01-15 10:52:00,804.59,804.59,804.59,804.59,0
2026-01-15 10:53:00,804.59,804.59,804.59,804.59,0
2026-01-15 10:54:00,804.84,805.03,803.14,803.53,65
2026-01-15 10:55:00,804.21,804.99,804.21,804.99,19
2026-01-15 10:56:00,805.45,805.56,804.59,804.98,175
2026-01-15 10:57:00,804.76,805.96,804.76,805.55,70
2026-01-15 10:58:00,805.99,806.16,805.93,806.1,33
2026-01-15 10:59:00,806.23,806.23,806.07,806.07,7
2026-01-15 11:00:00,806.09,806.47,805.87,805.87,38
2026-01-15 11:01:00,805.78,805.8,805.3,805.46,17
2026-01-15 11:02:00,804.52,804.52,804.52,804.52,1
2026-01-15 11:03:00,804.64,804.98,804.64,804.92,12
2026-01-15 11:04:00,804.7,804.7,804.59,804.59,4
2026-01-15 11:05:00,805.03,805.65,805.03,805.65,5
2026-01-15 11:06:00,806.17,806.17,805.42,805.42,7
2026-01-15 11:07:00,805.35,805.35,805.35,805.35,6
2026-01-15 11:08:00,805.63,806.76,805.54,805.54,75
2026-01-15 11:09:00,805.57,805.75,805.57,805.67,18
2026-01-15 11:10:00,807.14,807.17,807.14,807.17,2
2026-01-15 11:11:00,807.72,807.72,807.5,807.6,7
2026-01-15 11:12:00,807.38,807.61,807.19,807.61,7
2026-01-15 11:13:00,807.5,809.12,807.39,809.12,261
2026-01-15 11:14:00,809.12,809.12,809.12,809.12,0
2026-01-15 11:15:00,809.42,809.42,808.84,809.35,10
2026-01-15 11:16:00,809.34,809.34,807.7,807.76,22
2026-01-15 11:17:00,808.0,808.03,807.99,808.03,2
2026-01-15 11:18:00,808.38,808.51,808.23,808.23,12
2026-01-15 11:19:00,808.23,808.64,807.2,807.22,418
2026-01-15 11:20:00,808.1,808.21,808.1,808.21,6
2026-01-15 11:21:00,808.21,808.21,808.21,808.21,0
2026-01-15 11:22:00,808.09,808.23,807.96,807.96,5
2026-01-15 11:23:00,808.06,808.21,807.78,807.78,7
2026-01-15 11:24:00,807.78,807.78,807.78,807.78,0
2026-01-15 11:25:00,808.96,808.96,808.9,808.9,2
2026-01-15 11:26:00,808.73,809.23,808.72,809.23,11
2026-01-15 11:27:00,809.34,810.45,809.14,810.23,264
2026-01-15 11:28:00,810.01,810.2,809.82,810.2,3
2026-01-15 11:29:00,810.36,810.58,809.66,809.92,30
2026-01-15 11:30:00,809.56,809.64,809.36,809.36,9
2026-01-15 11:31:00,809.36,809.36,809.15,809.15,14
2026-01-15 11:32:00,809.15,809.47,809.15,809.21,34
2026-01-15 11:33:00,809.34,810.14,809.33,810.09,84
2026-01-15 11:34:00,809.67,810.12,809.24,809.66,105
2026-01-15 11:35:00,809.85,810.2,809.55,810.2,45
2026-01-15 11:36:00,810.74,811.79,810.74,810.86,7
2026-01-15 11:37:00,813.55,813.55,813.55,813.55,3
2026-01-15 11:38:00,813.55,813.98,813.55,813.98,3
2026-01-15 11:39:00,813.98,813.98,813.98,813.98,1
2026-01-15 11:40:00,813.98,813.98,812.99,813.98,3
2026-01-15 11:41:00,813.98,813.98,813.98,813.98,3
2026-01-15 11:42:00,813.98,813.98,813.98,813.98,3
2026-01-15 11:43:00,812.5,813.05,811.78,813.05,38
2026-01-15 11:44:00,810.94,810.94,810.94,810.94,1
2026-01-15 11:45:00,810.94,810.94,810.94,810.94,0
2026-01-15 11:46:00,812.38,812.39,812.38,812.38,1
2026-01-15 11:47:00,812.38,812.39,810.79,812.38,14
2026-01-15 11:48:00,812.38,812.39,812.38,812.38,2
2026-01-15 11:49:00,812.38,813.97,812.38,813.97,3
2026-01-15 11:50:00,812.38,813.97,812.38,812.38,28
2026-01-15 11:51:00,813.97,813.97,813.97,813.97,3
2026-01-15 11:52:00,812.38,813.97,812.38,813.97,3
2026-01-15 11:53:00,812.38,813.96,812.38,813.96,30
2026-01-15 11:54:00,812.38,813.96,812.38,813.96,7
2026-01-15 11:55:00,813.96,813.96,810.81,810.81,6
2026-01-15 11:56:00,810.81,810.82,809.57,809.57,42
2026-01-15 11:57:00,809.57,809.57,809.57,809.57,0
2026-01-15 11:58:00,809.57,809.57,809.57,809.57,1
2026-01-15 11:59:00,809.57,809.57,809.57,809.57,2
2026-01-15 12:00:00,809.57,811.0,809.4,810.99,284
2026-01-15 12:01:00,810.99,810.99,810.99,810.99,0
2026-01-15 12:02:00,811.5,811.5,811.5,811.5,1
2026-01-15 12:03:00,811.5,811.5,811.5,811.5,0
2026-01-15 12:04:00,811.76,811.77,811.76,811.76,6
2026-01-15 12:05:00,813.15,813.15,813.15,813.15,1
2026-01-15 12:06:00,813.15,813.15,813.15,813.15,1
2026-01-15 12:07:00,811.55,811.68,811.28,811.29,41
2026-01-15 12:08:00,811.29,811.29,811.29,811.29,0
2026-01-15 12:09:00,811.29,811.29,811.29,811.29,0
2026-01-15 12:10:00,811.29,811.29,811.29,811.29,0
2026-01-15 12:11:00,811.22,811.22,810.5,810.5,12
2026-01-15 12:12:00,810.5,810.5,810.5,810.5,0
2026-01-15 12:13:00,810.5,810.5,810.5,810.5,0
2026-01-15 12:14:00,810.5,810.5,810.5,810.5,0
2026-01-15 12:15:00,811.18,811.18,810.23,810.23,3
2026-01-15 12:16:00,810.01,811.43,810.0,810.57,30
2026-01-15 12:17:00,811.68,812.23,811.68,812.23,2
2026-01-15 12:18:00,812.23,812.23,812.23,812.23,0
2026-01-15 12:19:00,813.98,813.98,813.98,813.98,2
2026-01-15 12:20:00,813.13,813.98,812.1,812.1,31
2026-01-15 12:21:00,810.93,810.93,810.92,810.93,5
2026-01-15 12:22:00,810.93,810.93,810.93,810.93,0
2026-01-15 12:23:00,810.93,810.93,810.93,810.93,0
2026-01-15 12:24:00,810.93,810.93,810.93,810.93,0
2026-01-15 12:25:00,810.84,812.85,810.84,812.83,6
2026-01-15 12:26:00,810.84,810.84,810.84,810.84,1
2026-01-15 12:27:00,812.84,812.84,810.84,810.84,6
2026-01-15 12:28:00,812.85,812.85,812.85,812.85,1
2026-01-15 12:29:00,810.84,810.84,810.84,810.84,50
2026-01-15 12:30:00,812.85,812.85,812.85,812.85,1
2026-01-15 12:31:00,812.85,812.85,812.85,812.85,2
2026-01-15 12:32:00,812.71,813.29,812.43,813.29,11
2026-01-15 12:33:00,812.4,813.19,812.4,813.19,5
2026-01-15 12:34:00,813.19,813.19,813.19,813.19,0
2026-01-15 12:35:00,813.19,813.19,813.19,813.19,0
2026-01-15 12:36:00,813.19,813.19,813.19,813.19,4
2026-01-15 12:37:00,812.9,813.4,812.4,813.4,27
2026-01-15 12:38:00,813.98,813.98,813.4,813.4,12
2026-01-15 12:39:00,812.87,812.88,811.88,811.88,29
2026-01-15 12:40:00,811.88,811.88,811.88,811.88,0
2026-01-15 12:41:00,811.38,811.38,811.38,811.38,1
2026-01-15 12:42:00,811.38,811.38,811.38,811.38,0
2026-01-15 12:43:00,811.38,811.38,811.38,811.38,0
2026-01-15 12:44:00,811.48,811.48,811.47,811.48,1
2026-01-15 12:45:00,811.48,811.48,811.48,811.48,0
2026-01-15 12:46:00,812.62,812.62,812.62,812.62,1
2026-01-15 12:47:00,812.61,812.61,812.6,812.61,6
2026-01-15 12:48:00,813.98,813.98,812.6,813.98,11
2026-01-15 12:49:00,812.61,812.61,812.6,812.61,6
2026-01-15 12:50:00,812.61,812.61,812.6,812.61,10
2026-01-15 12:51:00,813.1,813.34,813.09,813.34,14
2026-01-15 12:52:00,813.98,813.98,813.34,813.34,2
2026-01-15 12:53:00,813.34,813.98,813.34,813.98,2
2026-01-15 12:54:00,813.63,813.98,813.29,813.68,72
2026-01-15 12:55:00,813.64,813.71,813.2,813.2,29
2026-01-15 12:56:00,813.64,813.64,813.2,813.2,16
2026-01-15 12:57:00,812.72,812.92,812.72,812.92,7
2026-01-15 12:58:00,812.92,812.92,812.92,812.92,0
2026-01-15 12:59:00,812.92,812.92,812.92,812.92,0
2026-01-15 13:00:00,812.32,813.13,812.32,813.13,2
2026-01-15 13:01:00,813.54,813.54,813.54,813.54,1
2026-01-15 13:02:00,813.54,813.54,813.54,813.54,1
2026-01-15 13:03:00,813.63,813.63,813.54,813.63,3
2026-01-15 13:04:00,813.42,813.42,813.42,813.42,1
2026-01-15 13:05:00,813.42,813.42,813.42,813.42,0
2026-01-15 13:06:00,813.44,813.48,813.44,813.48,2
2026-01-15 13:07:00,813.48,813.48,813.37,813.37,2
2026-01-15 13:08:00,813.48,813.48,812.86,813.47,5
2026-01-15 13:09:00,813.47,813.47,813.47,813.47,0
2026-01-15 13:10:00,812.83,812.83,812.83,812.83,1
2026-01-15 13:11:00,812.86,813.1,812.67,812.86,19
2026-01-15 13:12:00,812.86,812.86,812.86,812.86,4
2026-01-15 13:13:00,812.86,813.36,812.86,813.36,2
2026-01-15 13:14:00,813.11,813.17,812.7,813.17,12
2026-01-15 13:15:00,812.71,812.72,812.22,812.61,35
2026-01-15 13:16:00,812.61,812.61,812.35,812.35,2
2026-01-15 13:17:00,812.61,812.61,812.6,812.61,1
2026-01-15 13:18:00,812.61,812.61,812.05,812.07,22
2026-01-15 13:19:00,812.01,812.03,812.01,812.03,2
2026-01-15 13:20:00,812.03,812.03,812.03,812.03,0
2026-01-15 13:21:00,812.0,812.08,812.0,812.08,2
2026-01-15 13:22:00,812.08,812.32,812.08,812.32,4
2026-01-15 13:23:00,811.36,811.36,811.35,811.36,1
2026-01-15 13:24:00,812.23,812.23,812.23,812.23,1
2026-01-15 13:25:00,812.23,812.23,812.23,812.23,0
2026-01-15 13:26:00,812.31,812.39,812.31,812.39,2
2026-01-15 13:27:00,812.6,812.6,812.49,812.49,2
2026-01-15 13:28:00,812.56,812.56,811.67,811.67,4
2026-01-15 13:29:00,812.49,812.58,812.49,812.58,2
2026-01-15 13:30:00,812.1,812.1,812.1,812.1,3
2026-01-15 13:31:00,812.54,812.63,812.54,812.63,5
2026-01-15 13:32:00,813.1,813.1,813.1,813.1,1
2026-01-15 13:33:00,813.29,813.29,812.71,812.71,3
2026-01-15 13:34:00,812.71,812.71,811.93,811.93,24
2026-01-15 13:35:00,811.93,811.93,811.93,811.93,0
2026-01-15 13:36:00,811.93,811.93,811.93,811.93,0
2026-01-15 13:37:00,811.93,811.93,811.93,811.93,0
2026-01-15 13:38:00,811.93,811.93,811.93,811.93,0
2026-01-15 13:39:00,811.93,811.93,811.93,811.93,0
2026-01-15 13:40:00,811.42,811.42,811.42,811.42,6
2026-01-15 13:41:00,811.42,811.42,811.42,811.42,0
2026-01-15 13:42:00,811.42,811.42,811.42,811.42,0
2026-01-15 13:43:00,811.42,812.29,810.56,812.28,9
2026-01-15 13:44:00,811.0,811.0,810.55,810.55,5
2026-01-15 13:45:00,811.75,811.75,811.15,811.75,4
2026-01-15 13:46:00,811.75,811.75,811.15,811.3,12
2026-01-15 13:47:00,811.3,811.3,811.3,811.3,0
2026-01-15 13:48:00,811.66,811.71,811.66,811.71,3
2026-01-15 13:49:00,811.88,811.88,811.88,811.88,1
2026-01-15 13:50:00,811.88,811.88,811.88,811.88,0
2026-01-15 13:51:00,813.27,813.27,811.33,811.93,68
2026-01-15 13:52:00,811.93,811.93,811.93,811.93,0
2026-01-15 13:53:00,812.04,812.04,812.03,812.04,4
2026-01-15 13:54:00,812.04,812.04,812.04,812.04,0
2026-01-15 13:55:00,812.04,812.04,812.04,812.04,0
2026-01-15 13:56:00,812.04,812.04,812.04,812.04,0
2026-01-15 13:57:00,812.04,812.04,812.04,812.04,0
2026-01-15 13:58:00,812.04,812.04,812.04,812.04,0
2026-01-15 13:59:00,812.04,812.04,812.04,812.04,1
2026-01-15 14:00:00,812.72,812.72,811.82,811.89,9
2026-01-15 14:01:00,811.89,811.89,811.89,811.89,0
2026-01-15 14:02:00,811.89,811.89,811.89,811.89,1
2026-01-15 14:03:00,812.07,812.42,812.07,812.42,3
2026-01-15 14:04:00,812.42,812.42,812.42,812.42,0
2026-01-15 14:05:00,812.38,812.38,812.37,812.37,2
2026-01-15 14:06:00,812.37,812.64,812.37,812.64,4
2026-01-15 14:07:00,812.68,812.93,812.68,812.93,4
2026-01-15 14:08:00,812.92,812.98,812.85,812.98,4
2026-01-15 14:09:00,812.98,812.98,812.98,812.98,0
2026-01-15 14:10:00,812.98,812.98,812.01,812.38,45
2026-01-15 14:11:00,812.38,812.38,812.38,812.38,0
2026-01-15 14:12:00,812.38,812.38,812.38,812.38,0
2026-01-15 14:13:00,811.82,811.82,811.81,811.82,1
2026-01-15 14:14:00,811.82,811.82,811.81,811.82,1
2026-01-15 14:15:00,811.82,811.82,811.82,811.82,0
2026-01-15 14:16:00,811.82,811.82,811.81,811.82,8
2026-01-15 14:17:00,811.82,811.82,811.82,811.82,0
2026-01-15 14:18:00,811.82,811.82,811.81,811.82,1
2026-01-15 14:19:00,811.82,811.82,811.81,811.82,1
2026-01-15 14:20:00,811.82,811.82,811.82,811.82,0
2026-01-15 14:21:00,813.19,813.19,813.19,813.19,1
2026-01-15 14:22:00,813.19,813.19,813.19,813.19,0
2026-01-15 14:23:00,812.41,812.41,811.89,811.9,15
2026-01-15 14:24:00,812.43,812.98,811.88,812.98,4
2026-01-15 14:25:00,812.35,812.98,812.35,812.98,2
2026-01-15 14:26:00,811.88,811.99,811.68,811.99,11
2026-01-15 14:27:00,812.34,812.34,812.34,812.34,1
2026-01-15 14:28:00,812.11,812.11,812.1,812.11,3
2026-01-15 14:29:00,812.11,812.11,812.11,812.11,0
2026-01-15 14:30:00,812.0,812.0,810.95,810.96,29
2026-01-15 14:31:00,810.96,810.96,810.96,810.96,0
2026-01-15 14:32:00,810.96,810.96,810.96,810.96,0
2026-01-15 14:33:00,811.32,811.52,809.58,810.74,9
2026-01-15 14:34:00,810.74,810.74,810.74,810.74,0
2026-01-15 14:35:00,811.6,811.6,811.6,811.6,1
2026-01-15 14:36:00,811.53,811.53,810.71,810.71,2
2026-01-15 14:37:00,810.82,810.82,810.81,810.82,7
2026-01-15 14:38:00,810.82,810.82,810.82,810.82,0
2026-01-15 14:39:00,811.72,812.02,811.71,811.91,5
2026-01-15 14:40:00,811.91,811.91,811.91,811.91,0
2026-01-15 14:41:00,811.66,811.66,811.66,811.66,2
2026-01-15 14:42:00,811.2,811.2,811.19,811.2,1
2026-01-15 14:43:00,811.21,811.45,810.73,810.74,42
2026-01-15 14:44:00,810.74,810.74,810.74,810.74,0
2026-01-15 14:45:00,810.82,810.82,810.82,810.82,1
2026-01-15 14:46:00,810.29,810.29,810.28,810.29,2
2026-01-15 14:47:00,810.29,810.29,810.29,810.29,0
2026-01-15 14:48:00,810.28,810.28,810.28,810.28,1
2026-01-15 14:49:00,810.98,810.98,810.28,810.28,3
2026-01-15 14:50:00,810.28,811.15,809.93,811.15,3
2026-01-15 14:51:00,811.15,811.15,811.14,811.14,2
2026-01-15 14:52:00,811.14,811.14,810.64,811.14,3
2026-01-15 14:53:00,809.6,811.14,809.6,811.14,12
2026-01-15 14:54:00,809.6,809.6,808.66,808.66,20
2026-01-15 14:55:00,808.65,808.65,808.65,808.65,5
2026-01-15 14:56:00,808.54,808.54,808.48,808.48,2
2026-01-15 14:57:00,809.27,809.27,809.27,809.27,3
2026-01-15 14:58:00,809.28,809.28,809.2,809.28,6
2026-01-15 14:59:00,809.45,809.45,808.43,808.65,7
2026-01-15 15:00:00,808.65,808.65,808.65,808.65,0
2026-01-15 15:01:00,808.96,808.96,808.96,808.96,1
2026-01-15 15:02:00,809.33,809.33,809.33,809.33,2
2026-01-15 15:03:00,809.24,809.33,808.44,808.45,9
2026-01-15 15:04:00,809.33,809.33,809.32,809.32,2
2026-01-15 15:05:00,809.32,809.32,809.32,809.32,0
2026-01-15 15:06:00,809.32,809.32,809.32,809.32,0
2026-01-15 15:07:00,808.97,809.43,808.97,809.43,6
2026-01-15 15:08:00,809.42,809.64,809.03,809.03,26
2026-01-15 15:09:00,809.54,809.54,808.83,809.07,14
2026-01-15 15:10:00,808.6,809.02,808.6,809.01,5
2026-01-15 15:11:00,809.01,809.01,809.01,809.01,0
2026-01-15 15:12:00,809.01,809.01,809.01,809.01,0
2026-01-15 15:13:00,809.01,809.01,809.01,809.01,1
2026-01-15 15:14:00,808.65,809.01,808.51,808.51,5
2026-01-15 15:15:00,809.01,809.01,809.01,809.01,1
2026-01-15 15:16:00,808.94,809.01,808.94,809.01,3
2026-01-15 15:17:00,809.01,809.51,809.01,809.51,9
2026-01-15 15:18:00,809.51,809.51,808.34,808.34,29
2026-01-15 15:19:00,808.6,808.6,808.31,808.58,30
2026-01-15 15:20:00,808.37,809.25,808.36,808.36,10
2026-01-15 15:21:00,807.84,807.84,807.84,807.84,2
2026-01-15 15:22:00,807.84,807.84,807.84,807.84,0
2026-01-15 15:23:00,808.4,808.81,808.26,808.81,5
2026-01-15 15:24:00,809.24,809.24,809.24,809.24,2
2026-01-15 15:25:00,809.23,809.23,809.23,809.23,1
2026-01-15 15:26:00,808.65,809.15,807.75,807.75,38
2026-01-15 15:27:00,807.75,807.75,807.75,807.75,0
2026-01-15 15:28:00,807.51,807.52,807.51,807.51,5
2026-01-15 15:29:00,807.51,807.52,807.51,807.51,4
2026-01-15 15:30:00,807.51,807.72,807.35,807.71,12
2026-01-15 15:31:00,807.71,807.71,807.71,807.71,0
2026-01-15 15:32:00,807.74,808.44,807.74,808.44,6
2026-01-15 15:33:00,808.39,808.6,807.7,807.7,11
2026-01-15 15:34:00,808.31,808.31,808.16,808.16,4
2026-01-15 15:35:00,808.6,808.6,808.04,808.49,6
2026-01-15 15:36:00,808.49,808.57,808.23,808.56,8
2026-01-15 15:37:00,808.1,808.58,808.09,808.18,3
2026-01-15 15:38:00,808.01,808.03,807.78,807.78,40
2026-01-15 15:39:00,807.78,807.91,807.52,807.91,15
2026-01-15 15:40:00,807.91,808.61,807.9,808.6,12
2026-01-15 15:41:00,808.6,808.87,808.58,808.59,4
2026-01-15 15:42:00,808.79,808.87,808.79,808.87,4
2026-01-15 15:43:00,808.86,808.86,808.6,808.6,8
2026-01-15 15:44:00,808.84,808.87,808.84,808.87,6
2026-01-15 15:45:00,809.19,809.19,808.78,808.87,6
2026-01-15 15:46:00,809.18,809.4,809.18,809.4,4
2026-01-15 15:47:00,809.45,810.23,809.45,810.23,6
2026-01-15 15:48:00,809.34,810.23,809.22,809.45,16
2026-01-15 15:49:00,809.27,809.45,808.99,808.99,6
2026-01-15 15:50:00,809.45,810.22,809.45,810.22,18
2026-01-15 15:51:00,809.98,810.49,809.97,809.98,9
2026-01-15 15:52:00,809.98,809.98,809.25,809.45,61
2026-01-15 15:53:00,810.56,810.56,809.6,810.03,9
2026-01-15 15:54:00,809.47,811.5,809.46,811.26,23
2026-01-15 15:55:00,810.61,811.49,810.6,811.17,18
2026-01-15 15:56:00,811.2,812.06,811.07,811.75,52
2026-01-15 15:57:00,811.9,812.72,811.73,811.99,88
2026-01-15 15:58:00,812.24,812.24,811.58,811.58,145
2026-01-15 15:59:00,811.83,813.28,811.69,812.93,166
2026-01-16 09:30:00,818.3,818.78,814.73,815.89,62
2026-01-16 09:31:00,815.94,815.94,814.79,814.79,17
2026-01-16 09:32:00,814.33,814.33,810.66,810.95,64
2026-01-16 09:33:00,811.04,811.04,807.58,807.91,44
2026-01-16 09:34:00,808.26,808.26,807.9,807.9,2
2026-01-16 09:35:00,807.57,807.57,806.05,806.06,4
2026-01-16 09:36:00,805.81,806.49,805.81,806.18,4
2026-01-16 09:37:00,806.1,807.82,806.1,807.82,8
2026-01-16 09:38:00,807.64,807.64,807.43,807.43,3
2026-01-16 09:39:00,808.1,808.5,807.84,807.84,4
2026-01-16 09:40:00,807.19,808.31,807.19,808.12,9
2026-01-16 09:41:00,807.61,807.61,807.61,807.61,2
2026-01-16 09:42:00,808.07,808.31,807.73,808.31,4
2026-01-16 09:43:00,807.33,807.33,804.61,806.41,47
2026-01-16 09:44:00,807.25,807.25,806.4,806.4,3
2026-01-16 09:45:00,807.62,807.62,807.62,807.62,1
2026-01-16 09:46:00,807.78,808.74,807.77,808.12,10
2026-01-16 09:47:00,807.64,807.64,807.15,807.56,6
2026-01-16 09:48:00,807.06,807.06,807.06,807.06,1
2026-01-16 09:49:00,806.39,807.15,804.53,805.73,107
2026-01-16 09:50:00,805.75,807.28,805.74,805.95,15
2026-01-16 09:51:00,806.77,807.21,806.28,806.63,38
2026-01-16 09:52:00,806.35,806.35,804.75,804.75,5
2026-01-16 09:53:00,804.69,806.13,804.68,806.13,8
2026-01-16 09:54:00,806.33,806.96,806.33,806.96,20
2026-01-16 09:55:00,806.79,806.79,806.16,806.16,54
2026-01-16 09:56:00,806.01,806.01,806.01,806.01,1
2026-01-16 09:57:00,805.7,805.98,803.65,803.65,7
2026-01-16 09:58:00,803.68,803.68,803.19,803.19,4
2026-01-16 09:59:00,802.97,803.27,802.97,803.27,2
2026-01-16 10:00:00,802.09,802.09,800.84,800.84,36
2026-01-16 10:01:00,801.31,804.02,801.31,804.02,15
2026-01-16 10:02:00,804.47,804.65,803.65,803.65,6
2026-01-16 10:03:00,803.95,804.88,803.94,804.63,15
2026-01-16 10:04:00,805.18,806.13,805.18,806.01,29
2026-01-16 10:05:00,806.66,807.2,806.56,807.11,16
2026-01-16 10:06:00,807.11,807.85,806.37,806.37,6
2026-01-16 10:07:00,806.06,806.06,805.51,805.51,3
2026-01-16 10:08:00,805.28,805.68,805.09,805.47,9
2026-01-16 10:09:00,805.13,805.13,804.47,804.47,3
2026-01-16 10:10:00,804.87,804.93,804.87,804.93,2
2026-01-16 10:11:00,805.39,805.6,805.19,805.19,4
2026-01-16 10:12:00,804.87,805.62,804.87,805.62,4
2026-01-16 10:13:00,806.28,806.52,805.57,805.58,18
2026-01-16 10:14:00,805.63,805.63,805.05,805.05,14
2026-01-16 10:15:00,805.09,805.5,805.09,805.5,8
2026-01-16 10:16:00,805.43,805.47,803.15,803.15,37
2026-01-16 10:17:00,803.51,803.88,802.24,802.24,13
2026-01-16 10:18:00,802.34,803.75,801.96,801.97,6
2026-01-16 10:19:00,802.4,802.63,802.14,802.23,9
2026-01-16 10:20:00,802.64,802.9,802.36,802.55,7
2026-01-16 10:21:00,802.93,804.26,802.91,804.26,7
2026-01-16 10:22:00,803.53,803.53,802.61,802.61,3
2026-01-16 10:23:00,802.27,802.3,801.55,802.26,100
2026-01-16 10:24:00,801.89,802.77,801.86,802.77,22
2026-01-16 10:25:00,803.31,803.31,802.52,802.56,8
2026-01-16 10:26:00,802.45,802.53,801.04,802.53,39
2026-01-16 10:27:00,802.14,803.18,802.14,803.18,8
2026-01-16 10:28:00,803.73,803.85,803.64,803.85,4
2026-01-16 10:29:00,803.58,803.58,802.75,802.75,3
2026-01-16 10:30:00,802.87,802.88,802.86,802.86,7
2026-01-16 10:31:00,803.09,803.84,803.08,803.84,6
2026-01-16 10:32:00,803.59,804.12,803.58,804.07,10
2026-01-16 10:33:00,803.52,803.52,803.34,803.34,2
2026-01-16 10:34:00,803.49,803.49,803.37,803.38,2
2026-01-16 10:35:00,803.39,803.43,803.08,803.08,9
2026-01-16 10:36:00,802.86,803.7,802.71,803.7,16
2026-01-16 10:37:00,803.78,803.78,803.35,803.36,3
2026-01-16 10:38:00,803.11,803.48,803.08,803.09,3
2026-01-16 10:39:00,803.11,803.11,802.69,802.69,8
2026-01-16 10:40:00,802.76,802.76,801.72,802.13,16
2026-01-16 10:41:00,802.13,803.4,801.78,803.33,15
2026-01-16 10:42:00,802.89,803.2,802.68,802.68,7
2026-01-16 10:43:00,802.42,802.49,802.41,802.49,3
2026-01-16 10:44:00,802.54,803.2,802.53,802.83,5
2026-01-16 10:45:00,802.89,803.04,802.89,803.04,2
2026-01-16 10:46:00,802.71,802.71,802.23,802.24,7
2026-01-16 10:47:00,802.42,803.15,802.42,803.15,50
2026-01-16 10:48:00,803.45,803.84,803.41,803.84,4
2026-01-16 10:49:00,803.82,804.2,803.81,804.2,6
2026-01-16 10:50:00,803.73,803.88,802.9,803.88,30
2026-01-16 10:51:00,804.0,804.48,804.0,804.48,5
2026-01-16 10:52:00,804.86,804.86,804.6,804.6,2
2026-01-16 10:53:00,804.32,804.37,804.31,804.37,2
2026-01-16 10:54:00,804.91,804.97,804.77,804.84,9
2026-01-16 10:55:00,804.94,805.13,804.85,804.85,12
2026-01-16 10:56:00,804.88,805.03,804.1,805.02,33
2026-01-16 10:57:00,805.05,805.72,804.72,805.72,12
2026-01-16 10:58:00,805.62,805.72,805.41,805.41,7
2026-01-16 10:59:00,805.46,805.46,805.1,805.1,8
2026-01-16 11:00:00,805.1,805.39,803.69,803.69,15
2026-01-16 11:01:00,804.28,804.28,804.27,804.28,1
2026-01-16 11:02:00,804.56,804.65,804.31,804.59,9
2026-01-16 11:03:00,804.58,804.62,804.57,804.62,2
2026-01-16 11:04:00,804.89,804.94,803.87,804.6,17
2026-01-16 11:05:00,804.23,804.23,804.23,804.23,2
2026-01-16 11:06:00,804.21,804.4,804.2,804.4,8
2026-01-16 11:07:00,804.17,805.07,804.16,804.43,40
2026-01-16 11:08:00,804.45,804.45,803.39,803.79,15
2026-01-16 11:09:00,804.39,804.79,804.39,804.79,5
2026-01-16 11:10:00,805.29,805.32,805.29,805.32,4
2026-01-16 11:11:00,805.43,805.43,804.5,804.5,12
2026-01-16 11:12:00,804.58,805.07,804.57,804.72,6
2026-01-16 11:13:00,804.64,804.78,804.4,804.78,13
2026-01-16 11:14:00,804.77,805.05,804.77,804.94,6
2026-01-16 11:15:00,804.53,804.99,804.35,804.99,7
2026-01-16 11:16:00,805.0,805.0,804.66,804.75,4
2026-01-16 11:17:00,805.01,805.08,805.01,805.08,4
2026-01-16 11:18:00,805.2,805.2,804.8,805.14,8
2026-01-16 11:19:00,805.36,806.15,805.21,805.95,18
2026-01-16 11:20:00,806.07,806.13,806.06,806.13,2
2026-01-16 11:21:00,806.42,806.63,806.41,806.63,6
2026-01-16 11:22:00,806.46,807.06,806.46,806.97,27
2026-01-16 11:23:00,807.04,807.1,806.36,806.36,9
2026-01-16 11:24:00,806.33,806.71,806.21,806.25,6
2026-01-16 11:25:00,806.57,806.69,806.0,806.0,28
2026-01-16 11:26:00,806.22,806.22,806.0,806.0,4
2026-01-16 11:27:00,806.0,806.0,806.0,806.0,0
2026-01-16 11:28:00,805.55,805.81,804.18,804.51,92
2026-01-16 11:29:00,804.67,804.81,804.14,804.14,41
2026-01-16 11:30:00,804.38,804.65,803.94,804.65,55
2026-01-16 11:31:00,804.5,804.5,803.02,803.54,51
2026-01-16 11:32:00,803.53,804.26,803.5,803.5,37
2026-01-16 11:33:00,803.5,803.75,803.0,803.0,19
2026-01-16 11:34:00,803.67,804.41,803.5,803.82,71
2026-01-16 11:35:00,804.07,804.08,804.07,804.08,2
2026-01-16 11:36:00,803.83,803.83,801.47,801.47,32
2026-01-16 11:37:00,801.87,801.87,801.86,801.87,1
2026-01-16 11:38:00,802.16,802.2,801.84,802.2,9
2026-01-16 11:39:00,801.84,803.16,801.84,803.16,28
2026-01-16 11:40:00,803.16,803.22,803.15,803.16,10
2026-01-16 11:41:00,803.16,803.52,803.15,803.16,5
2026-01-16 11:42:00,803.16,803.16,803.15,803.16,1
2026-01-16 11:43:00,803.61,803.61,803.15,803.16,4
2026-01-16 11:44:00,803.16,803.65,803.15,803.16,3
2026-01-16 11:45:00,803.31,803.31,803.3,803.31,2
2026-01-16 11:46:00,803.99,805.68,803.99,805.57,135
2026-01-16 11:47:00,804.06,805.3,804.05,805.3,81
2026-01-16 11:48:00,805.3,805.3,805.29,805.3,1
2026-01-16 11:49:00,805.3,805.3,805.29,805.3,3
2026-01-16 11:50:00,805.3,805.3,804.05,804.05,3
2026-01-16 11:51:00,805.3,805.3,803.06,803.14,16
2026-01-16 11:52:00,803.66,803.66,803.65,803.66,1
2026-01-16 11:53:00,802.68,802.68,801.5,802.51,6
2026-01-16 11:54:00,802.51,802.51,802.19,802.22,3
2026-01-16 11:55:00,802.2,802.2,802.19,802.2,1
2026-01-16 11:56:00,802.2,802.2,802.19,802.2,1
2026-01-16 11:57:00,801.79,801.79,801.65,801.66,8
2026-01-16 11:58:00,801.66,801.66,801.66,801.66,0
2026-01-16 11:59:00,801.66,801.66,801.65,801.66,1
2026-01-16 12:00:00,802.43,802.44,800.47,800.91,51
2026-01-16 12:01:00,800.9,801.14,800.57,801.14,14
2026-01-16 12:02:00,800.35,800.35,800.34,800.35,12
2026-01-16 12:03:00,800.57,801.14,800.57,801.14,14
2026-01-16 12:04:00,801.14,801.14,801.14,801.14,0
2026-01-16 12:05:00,800.85,800.85,800.84,800.85,1
2026-01-16 12:06:00,800.86,800.91,800.85,800.86,3
2026-01-16 12:07:00,800.86,800.86,800.85,800.86,2
2026-01-16 12:08:00,800.98,801.05,800.47,800.47,15
2026-01-16 12:09:00,800.04,800.04,798.75,799.15,26
2026-01-16 12:10:00,799.29,800.8,798.74,800.8,66
2026-01-16 12:11:00,801.03,802.56,800.4,802.55,18
2026-01-16 12:12:00,800.41,800.41,799.41,799.41,3
2026-01-16 12:13:00,800.41,800.41,800.4,800.41,2
2026-01-16 12:14:00,799.41,800.41,799.41,800.41,4
2026-01-16 12:15:00,800.41,800.41,799.7,799.7,4
2026-01-16 12:16:00,800.55,800.55,798.77,799.31,10
2026-01-16 12:17:00,799.91,799.91,798.83,799.31,31
2026-01-16 12:18:00,799.7,800.64,797.4,797.4,152
2026-01-16 12:19:00,797.71,797.71,797.0,797.0,3
2026-01-16 12:20:00,796.36,796.39,796.36,796.38,9
2026-01-16 12:21:00,796.13,796.9,795.97,796.29,16
2026-01-16 12:22:00,796.29,796.95,796.28,796.8,9
2026-01-16 12:23:00,796.53,798.56,796.53,798.39,14
2026-01-16 12:24:00,798.35,798.67,797.87,798.67,10
2026-01-16 12:25:00,797.38,797.88,795.02,797.88,34
2026-01-16 12:26:00,797.88,797.89,796.0,797.88,6
2026-01-16 12:27:00,797.88,798.56,797.88,798.55,7
2026-01-16 12:28:00,797.88,799.96,797.88,799.96,4
2026-01-16 12:29:00,797.89,797.89,797.89,797.89,1
2026-01-16 12:30:00,797.89,797.89,797.88,797.88,5
2026-01-16 12:31:00,797.88,797.89,797.88,797.88,6
2026-01-16 12:32:00,797.88,799.96,797.88,797.88,3
2026-01-16 12:33:00,799.17,799.65,799.17,799.65,4
2026-01-16 12:34:00,797.68,797.68,797.68,797.68,2
2026-01-16 12:35:00,797.68,797.68,797.68,797.68,0
2026-01-16 12:36:00,797.95,798.59,797.94,798.38,20
2026-01-16 12:37:00,798.32,798.32,797.46,797.47,4
2026-01-16 12:38:00,798.31,798.32,796.83,797.57,20
2026-01-16 12:39:00,798.25,798.26,798.25,798.25,1
2026-01-16 12:40:00,796.51,796.51,796.51,796.51,2
2026-01-16 12:41:00,798.25,798.26,798.25,798.25,22
2026-01-16 12:42:00,798.25,798.26,797.04,797.04,5
2026-01-16 12:43:00,798.25,798.26,797.04,798.25,7
2026-01-16 12:44:00,798.25,798.26,798.25,798.25,5
2026-01-16 12:45:00,798.25,798.26,798.25,798.25,3
2026-01-16 12:46:00,798.25,798.75,798.25,798.25,4
2026-01-16 12:47:00,798.52,798.53,798.52,798.52,8
2026-01-16 12:48:00,798.52,799.91,798.52,798.93,20
2026-01-16 12:49:00,799.3,799.92,799.3,799.4,5
2026-01-16 12:50:00,799.36,799.36,798.8,799.26,10
2026-01-16 12:51:00,799.26,799.66,799.26,799.29,6
2026-01-16 12:52:00,799.29,800.25,799.1,799.63,64
2026-01-16 12:53:00,799.54,799.63,799.54,799.63,2
2026-01-16 12:54:00,799.63,799.64,798.81,799.55,14
2026-01-16 12:55:00,798.95,799.43,798.95,799.43,3
2026-01-16 12:56:00,799.9,800.29,799.23,799.88,147
2026-01-16 12:57:00,800.02,800.22,798.95,798.95,58
2026-01-16 12:58:00,798.95,798.95,798.92,798.93,18
2026-01-16 12:59:00,798.61,798.61,797.92,797.92,6
2026-01-16 13:00:00,797.92,797.92,797.92,797.92,0
2026-01-16 13:01:00,799.06,799.06,797.92,797.92,14
2026-01-16 13:02:00,798.35,798.35,797.42,797.43,13
2026-01-16 13:03:00,797.82,797.82,797.81,797.82,3
2026-01-16 13:04:00,797.82,797.82,797.81,797.82,2
2026-01-16 13:05:00,797.82,798.87,797.61,798.87,25
2026-01-16 13:06:00,799.63,799.63,799.58,799.59,3
2026-01-16 13:07:00,799.65,801.11,799.28,801.11,256
2026-01-16 13:08:00,800.17,802.28,799.94,802.28,14
2026-01-16 13:09:00,800.23,801.11,800.23,801.11,5
2026-01-16 13:10:00,801.11,801.66,800.23,800.23,9
2026-01-16 13:11:00,800.23,800.23,800.23,800.23,0
2026-01-16 13:12:00,800.23,801.11,800.23,801.11,5
2026-01-16 13:13:00,801.11,801.11,800.23,800.23,4
2026-01-16 13:14:00,801.12,801.12,799.07,799.07,41
2026-01-16 13:15:00,799.07,799.07,799.07,799.07,0
2026-01-16 13:16:00,799.56,799.57,798.69,798.69,6
2026-01-16 13:17:00,798.69,798.69,798.69,798.69,0
2026-01-16 13:18:00,799.57,799.57,798.69,798.69,8
2026-01-16 13:19:00,798.69,798.69,798.69,798.69,0
2026-01-16 13:20:00,799.57,799.57,798.69,799.57,9
2026-01-16 13:21:00,798.7,798.7,798.7,798.7,3
2026-01-16 13:22:00,799.81,799.81,799.8,799.81,1
2026-01-16 13:23:00,799.81,799.81,799.81,799.81,0
2026-01-16 13:24:00,799.81,799.81,799.8,799.81,1
2026-01-16 13:25:00,799.93,799.93,799.92,799.93,11
2026-01-16 13:26:00,799.93,799.93,798.95,799.93,35
2026-01-16 13:27:00,799.62,799.86,799.28,799.28,12
2026-01-16 13:28:00,799.28,799.28,799.28,799.28,0
2026-01-16 13:29:00,799.71,800.11,798.7,798.7,63
2026-01-16 13:30:00,798.98,798.98,798.3,798.32,10
2026-01-16 13:31:00,798.87,799.42,798.42,799.42,11
2026-01-16 13:32:00,799.81,799.81,799.42,799.42,3
2026-01-16 13:33:00,799.42,799.42,799.42,799.42,0
2026-01-16 13:34:00,799.42,799.42,799.42,799.42,0
2026-01-16 13:35:00,799.81,799.81,799.81,799.81,2
2026-01-16 13:36:00,799.83,800.21,799.83,800.21,2
2026-01-16 13:37:00,800.21,800.21,800.21,800.21,0
2026-01-16 13:38:00,799.86,800.18,799.38,799.38,6
2026-01-16 13:39:00,800.14,800.15,800.14,800.14,1
2026-01-16 13:40:00,799.44,800.15,799.26,799.4,12
2026-01-16 13:41:00,799.02,799.02,798.96,798.96,5
2026-01-16 13:42:00,798.96,798.96,798.96,798.96,0
2026-01-16 13:43:00,798.72,798.72,798.65,798.65,5
2026-01-16 13:44:00,798.65,798.65,798.65,798.65,0
2026-01-16 13:45:00,798.29,798.47,798.29,798.47,4
2026-01-16 13:46:00,798.47,798.47,798.46,798.47,1
2026-01-16 13:47:00,798.47,798.47,798.46,798.47,2
2026-01-16 13:48:00,798.47,798.47,798.46,798.47,5
2026-01-16 13:49:00,798.47,798.47,798.46,798.47,3
2026-01-16 13:50:00,798.63,798.63,798.63,798.63,1
2026-01-16 13:51:00,797.72,798.39,797.66,798.39,36
2026-01-16 13:52:00,798.7,798.87,798.54,798.87,19
2026-01-16 13:53:00,798.43,798.43,798.42,798.43,1
2026-01-16 13:54:00,798.43,798.43,798.43,798.43,0
2026-01-16 13:55:00,798.43,798.43,798.42,798.43,2
2026-01-16 13:56:00,798.44,798.82,798.19,798.19,20
2026-01-16 13:57:00,799.03,799.03,799.03,799.03,1
2026-01-16 13:58:00,798.44,798.44,798.31,798.31,4
2026-01-16 13:59:00,798.46,799.05,798.46,798.5,8
2026-01-16 14:00:00,798.48,798.57,798.34,798.53,7
2026-01-16 14:01:00,798.53,798.53,798.53,798.53,0
2026-01-16 14:02:00,798.53,798.53,797.84,797.88,52
2026-01-16 14:03:00,797.88,797.88,797.88,797.88,0
2026-01-16 14:04:00,797.89,797.89,797.89,797.89,3
2026-01-16 14:05:00,797.88,798.13,797.88,797.88,6
2026-01-16 14:06:00,797.89,798.22,797.89,798.22,3
2026-01-16 14:07:00,798.22,798.22,797.64,797.64,6
2026-01-16 14:08:00,798.22,798.22,798.22,798.22,1
2026-01-16 14:09:00,797.57,798.21,797.57,798.21,2
2026-01-16 14:10:00,797.74,797.74,797.63,797.63,2
2026-01-16 14:11:00,798.0,798.0,797.34,797.53,9
2026-01-16 14:12:00,798.03,798.04,796.9,797.45,13
2026-01-16 14:13:00,796.73,796.73,796.67,796.67,2
2026-01-16 14:14:00,796.96,796.96,795.42,796.32,13
2026-01-16 14:15:00,795.5,796.12,795.43,795.43,6
2026-01-16 14:16:00,795.7,796.11,795.7,796.11,3
2026-01-16 14:17:00,795.48,796.29,795.41,796.29,6
2026-01-16 14:18:00,795.47,795.47,795.47,795.47,1
2026-01-16 14:19:00,795.45,796.03,795.25,795.5,11
2026-01-16 14:20:00,795.72,796.52,795.71,796.51,68
2026-01-16 14:21:00,796.46,797.26,796.45,797.26,30
2026-01-16 14:22:00,797.06,798.4,797.06,797.58,33
2026-01-16 14:23:00,797.96,798.05,797.96,798.05,3
2026-01-16 14:24:00,797.45,798.24,797.33,798.16,27
2026-01-16 14:25:00,798.22,798.85,797.46,798.85,47
2026-01-16 14:26:00,798.43,798.5,798.43,798.5,9
2026-01-16 14:27:00,798.5,798.74,798.12,798.29,23
2026-01-16 14:28:00,798.34,798.36,798.09,798.35,8
2026-01-16 14:29:00,798.36,799.79,798.36,799.19,36
2026-01-16 14:30:00,798.59,799.25,798.08,798.33,40
2026-01-16 14:31:00,797.95,798.32,797.26,797.7,31
2026-01-16 14:32:00,797.89,799.22,797.86,799.22,36
2026-01-16 14:33:00,799.42,799.42,799.41,799.42,3
2026-01-16 14:34:00,799.42,799.42,799.42,799.42,0
2026-01-16 14:35:00,799.42,799.42,799.41,799.42,2
2026-01-16 14:36:00,798.93,799.42,798.81,798.89,35
2026-01-16 14:37:00,798.81,799.42,798.81,798.91,7
2026-01-16 14:38:00,799.42,799.42,799.42,799.42,4
2026-01-16 14:39:00,799.42,799.42,798.82,798.82,4
2026-01-16 14:40:00,798.82,799.42,798.82,798.83,6
2026-01-16 14:41:00,799.42,799.42,798.87,798.92,4
2026-01-16 14:42:00,799.43,799.43,799.42,799.43,3
2026-01-16 14:43:00,800.02,800.02,799.42,799.43,5
2026-01-16 14:44:00,798.83,800.02,798.83,799.43,6
2026-01-16 14:45:00,800.02,800.02,799.42,800.02,5
2026-01-16 14:46:00,799.6,800.46,799.18,799.22,87
2026-01-16 14:47:00,799.57,799.57,799.04,799.23,9
2026-01-16 14:48:00,799.19,799.41,798.77,798.83,9
2026-01-16 14:49:00,799.3,800.33,799.22,799.84,101
2026-01-16 14:50:00,799.8,800.04,799.71,799.77,22
2026-01-16 14:51:00,799.77,799.77,799.49,799.77,12
2026-01-16 14:52:00,799.99,801.5,799.99,801.31,19
2026-01-16 14:53:00,801.05,802.0,801.05,802.0,9
2026-01-16 14:54:00,801.5,801.61,801.21,801.21,9
2026-01-16 14:55:00,801.21,801.28,801.21,801.28,2
2026-01-16 14:56:00,801.61,801.61,801.16,801.16,22
2026-01-16 14:57:00,801.51,801.52,801.51,801.52,5
2026-01-16 14:58:00,801.04,801.19,800.51,800.83,20
2026-01-16 14:59:00,801.19,801.19,800.38,801.18,5
2026-01-16 15:00:00,800.37,800.37,800.37,800.37,4
2026-01-16 15:01:00,801.19,801.19,801.18,801.19,5
2026-01-16 15:02:00,802.0,802.96,801.96,802.96,12
2026-01-16 15:03:00,802.96,802.96,802.06,802.47,5
2026-01-16 15:04:00,802.65,802.65,802.65,802.65,1
2026-01-16 15:05:00,802.06,802.06,801.86,801.86,14
2026-01-16 15:06:00,802.76,802.76,801.66,802.26,9
2026-01-16 15:07:00,801.66,801.83,801.44,801.71,7
2026-01-16 15:08:00,801.72,801.72,801.26,801.29,7
2026-01-16 15:09:00,801.71,801.72,801.71,801.71,1
2026-01-16 15:10:00,801.51,801.9,801.31,801.72,11
2026-01-16 15:11:00,801.72,802.69,801.72,802.69,18
2026-01-16 15:12:00,802.69,802.69,802.68,802.69,4
2026-01-16 15:13:00,802.69,802.82,802.68,802.82,3
2026-01-16 15:14:00,803.49,804.17,803.3,803.3,26
2026-01-16 15:15:00,803.96,803.96,803.95,803.96,2
2026-01-16 15:16:00,803.14,803.14,803.08,803.11,3
2026-01-16 15:17:00,803.68,803.68,803.68,803.68,2
2026-01-16 15:18:00,803.09,803.76,803.09,803.76,3
2026-01-16 15:19:00,803.68,803.73,802.92,802.92,13
2026-01-16 15:20:00,803.38,803.39,803.38,803.38,1
2026-01-16 15:21:00,802.97,803.34,802.97,803.34,2
2026-01-16 15:22:00,803.33,803.34,802.49,802.5,13
2026-01-16 15:23:00,802.75,802.75,801.84,801.85,50
2026-01-16 15:24:00,801.34,801.34,801.26,801.26,2
2026-01-16 15:25:00,801.63,801.63,801.62,801.63,2
2026-01-16 15:26:00,801.73,801.73,801.41,801.53,5
2026-01-16 15:27:00,801.08,801.63,801.08,801.63,4
2026-01-16 15:28:00,801.63,801.63,801.63,801.63,5
2026-01-16 15:29:00,801.62,801.63,801.14,801.63,5
2026-01-16 15:30:00,801.06,801.06,800.57,800.81,13
2026-01-16 15:31:00,800.7,800.91,799.54,799.55,127
2026-01-16 15:32:00,799.67,800.18,799.67,799.95,7
2026-01-16 15:33:00,800.12,800.38,800.03,800.03,17
2026-01-16 15:34:00,800.26,800.27,800.04,800.13,7
2026-01-16 15:35:00,800.04,800.04,800.04,800.04,1
2026-01-16 15:36:00,800.5,801.27,800.5,801.06,18
2026-01-16 15:37:00,801.08,801.26,801.08,801.26,2
2026-01-16 15:38:00,801.05,801.05,799.93,800.29,27
2026-01-16 15:39:00,800.69,800.7,800.69,800.7,2
2026-01-16 15:40:00,800.7,800.7,800.7,800.7,1
2026-01-16 15:41:00,800.7,800.7,800.51,800.51,3
2026-01-16 15:42:00,800.57,800.57,799.85,800.57,13
2026-01-16 15:43:00,800.57,800.57,800.57,800.57,29
2026-01-16 15:44:00,800.34,800.57,799.84,799.84,6
2026-01-16 15:45:00,799.59,800.02,799.59,799.84,7
2026-01-16 15:46:00,799.59,799.81,799.38,799.81,22
2026-01-16 15:47:00,799.86,800.29,798.94,798.94,51
2026-01-16 15:48:00,798.87,799.29,798.83,799.29,25
2026-01-16 15:49:00,799.68,799.9,799.45,799.76,19
2026-01-16 15:50:00,800.57,800.57,799.02,799.02,42
2026-01-16 15:51:00,798.82,799.55,798.8,798.87,21
2026-01-16 15:52:00,798.89,800.29,798.86,799.55,17
2026-01-16 15:53:00,800.29,800.29,798.84,798.91,47
2026-01-16 15:54:00,799.55,800.29,798.89,799.55,40
2026-01-16 15:55:00,798.86,800.29,798.86,799.97,64
2026-01-16 15:56:00,799.98,800.0,799.22,799.73,101
2026-01-16 15:57:00,799.83,800.19,799.53,799.89,131
2026-01-16 15:58:00,799.57,799.92,799.54,799.56,70
2026-01-16 15:59:00,799.84,800.14,799.44,800.13,216
2026-01-20 09:30:00,785.53,788.14,784.25,786.16,126
2026-01-20 09:31:00,786.38,787.51,784.32,786.55,92
2026-01-20 09:32:00,786.24,786.35,783.73,783.77,47
2026-01-20 09:33:00,783.74,784.72,781.07,784.21,114
2026-01-20 09:34:00,783.81,785.75,783.81,785.47,44
2026-01-20 09:35:00,786.02,786.73,785.69,786.73,9
2026-01-20 09:36:00,787.35,788.73,787.12,788.56,11
2026-01-20 09:37:00,788.2,788.59,786.73,788.06,72
2026-01-20 09:38:00,787.77,789.96,787.4,789.96,8
2026-01-20 09:39:00,790.11,791.19,788.41,791.19,37
2026-01-20 09:40:00,790.77,792.08,790.77,792.07,4
2026-01-20 09:41:00,791.78,791.79,791.34,791.78,9
2026-01-20 09:42:00,791.08,791.08,790.65,790.65,4
2026-01-20 09:43:00,791.01,792.23,791.01,791.51,15
2026-01-20 09:44:00,792.64,794.24,791.94,794.24,15
2026-01-20 09:45:00,795.0,795.36,794.51,795.36,5
2026-01-20 09:46:00,796.67,796.71,794.74,794.74,25
2026-01-20 09:47:00,794.42,796.57,794.11,796.57,57
2026-01-20 09:48:00,796.46,797.36,796.46,797.36,4
2026-01-20 09:49:00,797.52,797.71,796.82,796.83,26
2026-01-20 09:50:00,796.39,797.06,795.68,796.1,15
2026-01-20 09:51:00,795.78,796.84,794.47,794.47,49
2026-01-20 09:52:00,794.49,795.08,794.4,795.08,5
2026-01-20 09:53:00,794.2,794.59,792.62,794.59,73
2026-01-20 09:54:00,794.4,794.4,791.62,793.06,160
2026-01-20 09:55:00,793.03,793.41,793.03,793.41,7
2026-01-20 09:56:00,794.01,794.02,793.67,793.79,10
2026-01-20 09:57:00,793.35,793.4,792.73,792.73,23
2026-01-20 09:58:00,792.52,792.52,792.29,792.29,6
2026-01-20 09:59:00,792.48,792.6,792.28,792.6,39
2026-01-20 10:00:00,792.28,793.61,792.14,793.06,48
2026-01-20 10:01:00,792.8,792.8,791.78,791.78,5
2026-01-20 10:02:00,791.28,791.59,791.27,791.48,32
2026-01-20 10:03:00,792.02,793.37,792.02,793.37,5
2026-01-20 10:04:00,793.16,793.51,793.15,793.15,5
2026-01-20 10:05:00,793.79,793.79,792.87,793.38,32
2026-01-20 10:06:00,793.57,794.37,792.14,792.48,213
2026-01-20 10:07:00,792.06,792.75,791.8,792.18,9
2026-01-20 10:08:00,791.78,791.78,791.78,791.78,1
2026-01-20 10:09:00,791.59,791.59,791.48,791.48,4
2026-01-20 10:10:00,791.48,791.51,791.05,791.51,8
2026-01-20 10:11:00,791.73,791.73,791.72,791.73,1
2026-01-20 10:12:00,791.96,792.68,791.61,791.67,20
2026-01-20 10:13:00,792.38,792.38,792.38,792.38,1
2026-01-20 10:14:00,792.13,794.18,792.13,794.18,78
2026-01-20 10:15:00,793.42,793.52,792.95,793.35,50
2026-01-20 10:16:00,792.73,795.08,792.73,794.03,145
2026-01-20 10:17:00,793.58,794.22,793.58,794.17,110
2026-01-20 10:18:00,794.2,794.2,793.67,793.67,24
2026-01-20 10:19:00,793.67,793.67,792.75,793.33,15
2026-01-20 10:20:00,793.6,793.6,793.6,793.6,1
2026-01-20 10:21:00,793.97,795.67,793.97,795.67,10
2026-01-20 10:22:00,796.06,796.06,796.06,796.06,1
2026-01-20 10:23:00,795.8,795.8,794.66,794.91,168
2026-01-20 10:24:00,794.91,794.91,794.91,794.91,0
2026-01-20 10:25:00,795.48,796.08,794.99,795.81,29
2026-01-20 10:26:00,796.07,796.13,795.3,795.3,27
2026-01-20 10:27:00,795.13,796.36,794.95,796.36,23
2026-01-20 10:28:00,795.68,797.04,795.68,796.69,78
2026-01-20 10:29:00,797.63,797.64,796.87,796.87,26
2026-01-20 10:30:00,796.86,796.86,795.85,795.86,17
2026-01-20 10:31:00,795.86,796.31,795.85,795.85,7
2026-01-20 10:32:00,795.5,795.5,794.78,794.78,5
2026-01-20 10:33:00,794.94,795.28,794.93,795.25,16
2026-01-20 10:34:00,795.32,796.79,795.31,795.7,10
2026-01-20 10:35:00,796.32,797.13,796.16,797.13,15
2026-01-20 10:36:00,797.07,797.42,797.06,797.42,4
2026-01-20 10:37:00,797.19,797.19,796.74,796.92,25
2026-01-20 10:38:00,797.27,797.75,797.27,797.75,16
2026-01-20 10:39:00,797.79,797.9,797.39,797.86,20
2026-01-20 10:40:00,797.74,797.74,797.74,797.74,6
2026-01-20 10:41:00,798.09,798.3,798.09,798.3,2
2026-01-20 10:42:00,798.49,798.69,798.27,798.27,26
2026-01-20 10:43:00,798.47,798.48,798.07,798.45,12
2026-01-20 10:44:00,798.09,798.68,798.03,798.03,74
2026-01-20 10:45:00,798.03,798.18,797.61,798.18,20
2026-01-20 10:46:00,798.42,798.43,797.93,798.31,4
2026-01-20 10:47:00,798.3,798.3,798.06,798.06,7
2026-01-20 10:48:00,798.23,798.92,798.23,798.92,10
2026-01-20 10:49:00,798.75,799.11,798.34,799.09,23
2026-01-20 10:50:00,798.7,798.7,798.22,798.24,16
2026-01-20 10:51:00,798.34,798.79,798.34,798.79,5
2026-01-20 10:52:00,798.26,798.57,798.26,798.57,2
2026-01-20 10:53:00,799.22,799.22,797.96,797.96,19
2026-01-20 10:54:00,798.22,798.22,797.86,798.01,78
2026-01-20 10:55:00,797.92,797.93,796.76,796.86,49
2026-01-20 10:56:00,797.04,797.04,796.83,796.83,8
2026-01-20 10:57:00,796.8,797.27,796.77,797.27,9
2026-01-20 10:58:00,797.13,798.01,797.12,798.01,14
2026-01-20 10:59:00,797.96,798.38,797.6,797.82,110
2026-01-20 11:00:00,797.81,799.4,797.81,799.4,21
2026-01-20 11:01:00,799.36,799.43,798.98,799.43,6
2026-01-20 11:02:00,799.63,799.92,799.28,799.35,25
2026-01-20 11:03:00,799.13,800.26,799.13,800.26,5
2026-01-20 11:04:00,800.66,800.66,800.47,800.49,17
2026-01-20 11:05:00,800.48,800.55,800.21,800.31,15
2026-01-20 11:06:00,801.0,801.07,800.47,800.9,10
2026-01-20 11:07:00,801.24,801.25,800.68,801.13,15
2026-01-20 11:08:00,800.98,801.77,800.64,801.66,91
2026-01-20 11:09:00,801.52,801.83,800.41,800.75,70
2026-01-20 11:10:00,800.65,801.4,800.65,801.4,4
2026-01-20 11:11:00,802.11,803.05,802.11,803.01,7
2026-01-20 11:12:00,802.25,802.78,802.25,802.34,9
2026-01-20 11:13:00,802.51,803.17,802.51,803.17,23
2026-01-20 11:14:00,803.34,804.2,802.86,804.2,18
2026-01-20 11:15:00,804.1,804.69,803.98,804.69,31
2026-01-20 11:16:00,805.05,805.05,804.43,804.78,6
2026-01-20 11:17:00,804.83,805.4,804.62,804.91,31
2026-01-20 11:18:00,805.06,805.78,805.06,805.29,11
2026-01-20 11:19:00,805.2,805.2,805.2,805.2,2
2026-01-20 11:20:00,805.95,806.69,805.67,806.55,83
2026-01-20 11:21:00,806.48,806.53,806.03,806.13,11
2026-01-20 11:22:00,806.08,806.47,804.55,805.4,70
2026-01-20 11:23:00,804.61,805.4,804.61,804.61,31
2026-01-20 11:24:00,804.24,804.47,803.57,804.47,33
2026-01-20 11:25:00,804.21,806.0,803.63,803.63,82
2026-01-20 11:26:00,803.6,804.0,803.45,803.67,66
2026-01-20 11:27:00,803.86,804.27,803.86,804.06,24
2026-01-20 11:28:00,803.88,803.88,803.64,803.65,6
2026-01-20 11:29:00,804.35,805.22,804.35,804.87,12
2026-01-20 11:30:00,805.85,806.13,805.14,805.2,90
2026-01-20 11:31:00,805.1,805.1,805.05,805.1,6
2026-01-20 11:32:00,805.46,805.9,805.12,805.9,6
2026-01-20 11:33:00,804.33,804.34,803.56,804.08,29
2026-01-20 11:34:00,804.48,804.84,803.81,803.81,20
2026-01-20 11:35:00,804.35,804.35,803.11,803.12,9
2026-01-20 11:36:00,803.6,803.6,803.59,803.6,4
2026-01-20 11:37:00,802.27,803.56,802.24,803.56,10
2026-01-20 11:38:00,804.0,804.01,803.56,803.56,4
2026-01-20 11:39:00,803.56,803.56,803.44,803.44,3
2026-01-20 11:40:00,803.44,803.44,803.44,803.44,4
2026-01-20 11:41:00,803.44,803.44,802.18,803.32,9
2026-01-20 11:42:00,803.31,803.31,802.02,802.02,6
2026-01-20 11:43:00,802.92,802.92,802.92,802.92,2
2026-01-20 11:44:00,802.92,802.92,802.03,802.92,7
2026-01-20 11:45:00,802.92,802.92,801.44,801.77,15
2026-01-20 11:46:00,801.77,801.77,801.77,801.77,0
2026-01-20 11:47:00,803.11,803.11,803.11,803.11,2
2026-01-20 11:48:00,803.24,803.24,801.77,803.24,10
2026-01-20 11:49:00,803.24,803.24,803.22,803.22,3
2026-01-20 11:50:00,803.53,803.73,803.22,803.49,17
2026-01-20 11:51:00,804.91,804.91,803.17,803.18,14
2026-01-20 11:52:00,803.18,803.44,803.17,803.44,6
2026-01-20 11:53:00,803.44,803.44,803.43,803.44,4
2026-01-20 11:54:00,803.44,803.44,803.43,803.44,3
2026-01-20 11:55:00,803.44,803.44,802.01,802.53,13
2026-01-20 11:56:00,802.53,802.53,802.53,802.53,0
2026-01-20 11:57:00,802.36,803.18,802.36,803.18,4
2026-01-20 11:58:00,804.13,804.13,804.13,804.13,1
2026-01-20 11:59:00,803.84,803.84,803.84,803.84,1
2026-01-20 12:00:00,803.18,803.9,802.77,802.77,16
2026-01-20 12:01:00,804.49,804.49,804.19,804.2,2
2026-01-20 12:02:00,804.2,804.2,804.2,804.2,0
2026-01-20 12:03:00,804.19,805.12,804.19,805.12,8
2026-01-20 12:04:00,804.19,804.19,804.19,804.19,8
2026-01-20 12:05:00,804.19,804.19,804.19,804.19,5
2026-01-20 12:06:00,804.19,804.19,804.19,804.19,1
2026-01-20 12:07:00,804.19,804.19,804.19,804.19,5
2026-01-20 12:08:00,804.19,804.19,804.19,804.19,1
2026-01-20 12:09:00,802.63,804.19,802.52,804.19,12
2026-01-20 12:10:00,804.19,804.19,802.52,802.52,4
2026-01-20 12:11:00,804.19,804.19,804.19,804.19,1
2026-01-20 12:12:00,804.19,804.19,804.19,804.19,3
2026-01-20 12:13:00,804.19,804.19,803.28,803.28,10
2026-01-20 12:14:00,804.66,804.66,804.65,804.65,3
2026-01-20 12:15:00,804.71,804.71,804.7,804.71,4
2026-01-20 12:16:00,804.71,804.71,803.77,804.71,10
2026-01-20 12:17:00,804.71,804.71,804.71,804.71,0
2026-01-20 12:18:00,804.1,804.7,803.27,803.27,19
2026-01-20 12:19:00,802.97,804.13,802.97,802.97,7
2026-01-20 12:20:00,802.18,802.97,801.99,801.99,10
2026-01-20 12:21:00,802.96,802.97,802.96,802.97,2
2026-01-20 12:22:00,802.5,802.5,802.49,802.5,3
2026-01-20 12:23:00,802.49,802.49,801.42,801.42,11
2026-01-20 12:24:00,802.49,802.49,802.49,802.49,2
2026-01-20 12:25:00,802.49,802.49,802.49,802.49,3
2026-01-20 12:26:00,802.49,802.79,802.49,802.79,49
2026-01-20 12:27:00,802.79,802.79,802.78,802.79,1
2026-01-20 12:28:00,802.79,802.79,800.95,801.91,17
2026-01-20 12:29:00,801.91,801.91,801.91,801.91,0
2026-01-20 12:30:00,801.91,801.91,801.9,801.91,3
2026-01-20 12:31:00,801.91,801.91,800.95,801.7,14
2026-01-20 12:32:00,801.07,801.7,801.07,801.7,3
2026-01-20 12:33:00,801.7,801.7,801.7,801.7,2
2026-01-20 12:34:00,801.7,801.7,801.5,801.7,13
2026-01-20 12:35:00,801.7,801.7,801.7,801.7,11
2026-01-20 12:36:00,802.35,802.45,801.7,801.71,25
2026-01-20 12:37:00,802.42,802.45,801.87,801.88,6
2026-01-20 12:38:00,802.45,802.45,802.06,802.25,12
2026-01-20 12:39:00,801.47,802.25,801.47,801.7,10
2026-01-20 12:40:00,801.7,801.7,801.7,801.7,0
2026-01-20 12:41:00,802.53,802.53,802.52,802.53,3
2026-01-20 12:42:00,802.64,802.64,802.64,802.64,5
2026-01-20 12:43:00,801.63,801.63,801.52,801.52,7
2026-01-20 12:44:00,802.64,802.64,802.64,802.64,2
2026-01-20 12:45:00,802.64,802.64,801.23,801.41,14
2026-01-20 12:46:00,800.36,800.37,799.99,800.36,22
2026-01-20 12:47:00,800.59,800.59,800.58,800.59,1
2026-01-20 12:48:00,800.22,800.22,799.9,799.91,15
2026-01-20 12:49:00,800.97,800.97,800.23,800.23,10
2026-01-20 12:50:00,800.85,800.97,800.85,800.97,4
2026-01-20 12:51:00,800.97,802.38,800.97,802.37,8
2026-01-20 12:52:00,800.97,800.97,800.97,800.97,20
2026-01-20 12:53:00,800.97,800.97,800.97,800.97,0
2026-01-20 12:54:00,800.96,801.28,800.18,800.32,64
2026-01-20 12:55:00,800.32,800.32,800.32,800.32,0
2026-01-20 12:56:00,801.38,801.38,800.57,800.57,10
2026-01-20 12:57:00,801.28,801.28,801.27,801.28,3
2026-01-20 12:58:00,801.27,801.27,801.27,801.27,1
2026-01-20 12:59:00,801.27,801.27,801.26,801.26,5
2026-01-20 13:00:00,801.25,802.42,800.44,801.7,216
2026-01-20 13:01:00,802.07,804.04,802.07,804.04,6
2026-01-20 13:02:00,804.04,804.04,804.04,804.04,0
2026-01-20 13:03:00,804.03,804.69,803.39,804.69,9
2026-01-20 13:04:00,804.15,804.15,803.39,803.39,8
2026-01-20 13:05:00,804.53,804.53,804.5,804.5,2
2026-01-20 13:06:00,804.85,804.85,804.84,804.84,4
2026-01-20 13:07:00,804.84,804.84,804.84,804.84,0
2026-01-20 13:08:00,804.84,804.84,804.84,804.84,0
2026-01-20 13:09:00,803.97,804.67,803.22,804.27,32
2026-01-20 13:10:00,803.42,803.52,803.41,803.52,5
2026-01-20 13:11:00,803.72,803.72,803.6,803.6,4
2026-01-20 13:12:00,803.6,803.6,803.6,803.6,0
2026-01-20 13:13:00,803.72,803.72,803.66,803.67,7
2026-01-20 13:14:00,803.66,803.66,803.63,803.63,2
2026-01-20 13:15:00,803.63,803.63,803.63,803.63,0
2026-01-20 13:16:00,804.78,804.78,804.78,804.78,1
2026-01-20 13:17:00,803.39,803.63,803.24,803.63,14
2026-01-20 13:18:00,803.63,803.63,803.62,803.63,6
2026-01-20 13:19:00,803.53,803.53,802.94,802.94,52
2026-01-20 13:20:00,803.51,803.53,802.01,803.53,13
2026-01-20 13:21:00,803.53,803.53,803.52,803.53,1
2026-01-20 13:22:00,802.42,803.52,802.1,803.52,8
2026-01-20 13:23:00,803.53,803.53,802.2,803.49,6
2026-01-20 13:24:00,803.88,804.02,803.87,804.02,2
2026-01-20 13:25:00,803.88,803.88,802.86,803.88,6
2026-01-20 13:26:00,803.88,803.88,803.87,803.88,3
2026-01-20 13:27:00,802.95,802.95,802.91,802.91,2
2026-01-20 13:28:00,803.86,803.86,802.71,802.74,11
2026-01-20 13:29:00,803.77,803.86,803.77,803.86,3
2026-01-20 13:30:00,803.7,803.94,803.08,803.93,9
2026-01-20 13:31:00,803.75,803.75,803.25,803.25,6
2026-01-20 13:32:00,803.74,804.47,803.01,803.19,50
2026-01-20 13:33:00,803.19,803.42,802.9,802.9,6
2026-01-20 13:34:00,802.88,803.66,802.66,803.66,17
2026-01-20 13:35:00,802.66,803.6,802.66,802.66,8
2026-01-20 13:36:00,802.66,802.66,802.66,802.66,0
2026-01-20 13:37:00,803.68,803.68,803.63,803.63,3
2026-01-20 13:38:00,802.67,802.67,802.67,802.67,1
2026-01-20 13:39:00,803.42,803.42,802.68,803.31,16
2026-01-20 13:40:00,803.32,803.73,802.67,803.73,26
2026-01-20 13:41:00,803.7,804.78,803.7,804.78,8
2026-01-20 13:42:00,804.75,804.75,804.65,804.66,4
2026-01-20 13:43:00,804.75,804.75,804.74,804.75,1
2026-01-20 13:44:00,803.87,804.68,803.87,804.68,3
2026-01-20 13:45:00,804.6,804.69,804.6,804.63,4
2026-01-20 13:46:00,803.62,804.6,803.62,804.57,13
2026-01-20 13:47:00,804.3,804.3,804.3,804.3,1
2026-01-20 13:48:00,803.86,804.35,803.44,803.68,10
2026-01-20 13:49:00,803.82,804.22,803.82,804.22,2
2026-01-20 13:50:00,803.37,803.37,803.37,803.37,3
2026-01-20 13:51:00,803.37,803.37,803.37,803.37,0
2026-01-20 13:52:00,803.48,804.23,802.95,804.23,15
2026-01-20 13:53:00,803.58,804.4,803.58,804.36,7
2026-01-20 13:54:00,803.5,803.8,803.37,803.37,11
2026-01-20 13:55:00,803.03,803.67,802.74,803.26,40
2026-01-20 13:56:00,803.67,804.28,803.67,804.11,9
2026-01-20 13:57:00,802.93,804.28,802.93,804.19,17
2026-01-20 13:58:00,804.3,804.71,804.26,804.26,6
2026-01-20 13:59:00,803.7,803.7,803.69,803.7,1
2026-01-20 14:00:00,803.88,803.89,803.88,803.88,1
2026-01-20 14:01:00,803.85,803.9,803.84,803.85,7
2026-01-20 14:02:00,803.81,803.81,803.09,803.8,10
2026-01-20 14:03:00,804.1,804.25,803.79,804.25,14
2026-01-20 14:04:00,803.69,803.69,803.67,803.68,3
2026-01-20 14:05:00,803.99,804.38,803.31,803.31,11
2026-01-20 14:06:00,803.98,803.98,803.98,803.98,1
2026-01-20 14:07:00,803.3,804.02,803.3,803.95,15
2026-01-20 14:08:00,804.08,804.64,804.08,804.28,8
2026-01-20 14:09:00,804.28,804.28,804.28,804.28,1
2026-01-20 14:10:00,804.28,804.28,803.9,804.28,9
2026-01-20 14:11:00,804.29,804.34,803.86,804.34,7
2026-01-20 14:12:00,804.33,804.34,804.33,804.34,4
2026-01-20 14:13:00,803.98,804.54,803.93,804.41,12
2026-01-20 14:14:00,804.6,805.42,804.1,804.44,35
2026-01-20 14:15:00,804.55,804.55,804.05,804.09,8
2026-01-20 14:16:00,804.65,804.9,804.65,804.7,5
2026-01-20 14:17:00,804.61,804.61,804.05,804.57,20
2026-01-20 14:18:00,804.57,804.57,804.57,804.57,0
2026-01-20 14:19:00,804.47,804.47,804.47,804.47,4
2026-01-20 14:20:00,804.47,804.47,804.47,804.47,1
2026-01-20 14:21:00,804.91,804.91,804.44,804.45,12
2026-01-20 14:22:00,804.24,804.24,803.43,803.43,12
2026-01-20 14:23:00,803.52,803.52,803.52,803.52,4
2026-01-20 14:24:00,803.52,803.52,803.52,803.52,0
2026-01-20 14:25:00,803.49,803.49,803.49,803.49,1
2026-01-20 14:26:00,803.52,803.52,802.86,803.49,7
2026-01-20 14:27:00,803.64,803.64,803.64,803.64,1
2026-01-20 14:28:00,803.71,803.71,803.71,803.71,7
2026-01-20 14:29:00,803.71,803.71,803.71,803.71,1
2026-01-20 14:30:00,804.45,805.48,804.45,804.95,18
2026-01-20 14:31:00,804.95,804.95,804.95,804.95,0
2026-01-20 14:32:00,805.01,805.01,805.01,805.01,4
2026-01-20 14:33:00,804.89,804.89,804.21,804.26,13
2026-01-20 14:34:00,803.91,804.57,803.25,803.25,11
2026-01-20 14:35:00,803.24,803.55,802.63,802.63,14
2026-01-20 14:36:00,803.54,803.54,803.48,803.54,8
2026-01-20 14:37:00,803.54,803.54,803.54,803.54,0
2026-01-20 14:38:00,803.74,803.74,803.73,803.74,2
2026-01-20 14:39:00,803.74,803.74,803.08,803.63,11
2026-01-20 14:40:00,803.73,803.74,802.98,803.73,10
2026-01-20 14:41:00,803.74,804.49,803.73,804.49,21
2026-01-20 14:42:00,804.49,804.49,804.49,804.49,0
2026-01-20 14:43:00,803.72,803.72,803.59,803.6,6
2026-01-20 14:44:00,803.6,803.6,803.6,803.6,0
2026-01-20 14:45:00,803.72,803.72,803.7,803.7,10
2026-01-20 14:46:00,804.28,804.28,804.28,804.28,1
2026-01-20 14:47:00,803.7,803.7,803.7,803.7,1
2026-01-20 14:48:00,803.71,804.16,803.7,804.16,9
2026-01-20 14:49:00,804.28,804.33,804.28,804.28,3
2026-01-20 14:50:00,803.08,804.39,803.08,803.7,19
2026-01-20 14:51:00,804.14,804.14,803.7,803.7,2
2026-01-20 14:52:00,804.25,804.28,803.55,803.55,15
2026-01-20 14:53:00,803.55,803.55,803.55,803.55,0
2026-01-20 14:54:00,803.55,803.55,803.55,803.55,0
2026-01-20 14:55:00,804.07,804.07,803.05,803.71,27
2026-01-20 14:56:00,803.71,803.71,803.7,803.71,1
2026-01-20 14:57:00,803.71,803.71,803.21,803.71,24
2026-01-20 14:58:00,803.71,804.22,803.39,804.22,7
2026-01-20 14:59:00,803.71,803.71,803.7,803.71,1
2026-01-20 15:00:00,803.71,803.71,802.91,803.02,43
2026-01-20 15:01:00,803.02,803.02,803.02,803.02,0
2026-01-20 15:02:00,803.67,803.67,803.62,803.67,4
2026-01-20 15:03:00,803.67,803.67,803.66,803.66,5
2026-01-20 15:04:00,803.66,803.66,803.66,803.66,1
2026-01-20 15:05:00,803.66,803.66,803.34,803.34,7
2026-01-20 15:06:00,804.04,804.04,803.14,803.67,12
2026-01-20 15:07:00,803.08,803.66,802.92,803.4,64
2026-01-20 15:08:00,803.88,806.16,803.87,804.89,30
2026-01-20 15:09:00,804.89,804.89,804.89,804.89,0
2026-01-20 15:10:00,804.85,804.85,804.07,804.27,5
2026-01-20 15:11:00,804.27,804.27,804.27,804.27,0
2026-01-20 15:12:00,804.79,804.79,804.79,804.79,1
2026-01-20 15:13:00,804.79,805.26,804.79,805.26,6
2026-01-20 15:14:00,805.26,805.26,805.26,805.26,0
2026-01-20 15:15:00,805.44,805.94,804.93,804.93,31
2026-01-20 15:16:00,804.93,805.6,804.65,805.16,16
2026-01-20 15:17:00,805.16,805.16,804.54,804.54,3
2026-01-20 15:18:00,805.9,805.9,804.84,805.16,21
2026-01-20 15:19:00,805.16,805.16,804.84,804.84,5
2026-01-20 15:20:00,805.16,805.16,804.75,805.16,7
2026-01-20 15:21:00,805.16,805.16,804.75,805.16,6
2026-01-20 15:22:00,805.13,805.17,805.12,805.17,9
2026-01-20 15:23:00,805.12,805.7,804.57,805.1,15
2026-01-20 15:24:00,804.9,804.9,803.62,804.44,18
2026-01-20 15:25:00,803.63,803.63,803.62,803.62,3
2026-01-20 15:26:00,804.39,804.39,803.78,804.39,8
2026-01-20 15:27:00,804.1,807.11,804.1,806.16,82
2026-01-20 15:28:00,806.06,806.12,805.83,805.84,66
2026-01-20 15:29:00,805.84,805.84,805.84,805.84,0
2026-01-20 15:30:00,807.02,807.33,806.04,806.48,10
2026-01-20 15:31:00,807.16,810.38,806.53,810.38,179
2026-01-20 15:32:00,810.37,810.37,810.37,810.37,17
2026-01-20 15:33:00,810.37,811.27,810.37,811.27,2
2026-01-20 15:34:00,811.68,811.68,811.68,811.68,2
2026-01-20 15:35:00,811.42,811.53,810.73,810.73,7
2026-01-20 15:36:00,810.88,810.88,810.87,810.88,2
2026-01-20 15:37:00,810.88,810.88,810.8,810.8,10
2026-01-20 15:38:00,810.65,810.93,810.57,810.93,15
2026-01-20 15:39:00,810.93,811.04,809.82,810.38,65
2026-01-20 15:40:00,810.38,810.38,810.37,810.38,5
2026-01-20 15:41:00,810.38,810.38,810.37,810.38,12
2026-01-20 15:42:00,810.38,810.38,810.38,810.38,0
2026-01-20 15:43:00,810.42,810.43,810.38,810.38,3
2026-01-20 15:44:00,811.08,811.24,810.6,811.24,20
2026-01-20 15:45:00,810.85,810.85,809.94,810.36,241
2026-01-20 15:46:00,810.21,810.21,809.47,809.63,18
2026-01-20 15:47:00,809.33,809.75,809.05,809.19,161
2026-01-20 15:48:00,809.28,809.28,808.82,809.28,39
2026-01-20 15:49:00,808.09,808.09,807.56,807.57,13
2026-01-20 15:50:00,807.57,808.71,807.56,808.21,17
2026-01-20 15:51:00,809.14,809.14,808.61,808.61,3
2026-01-20 15:52:00,809.04,810.15,807.96,810.15,44
2026-01-20 15:53:00,809.92,810.14,809.14,809.92,38
2026-01-20 15:54:00,810.68,813.08,810.37,812.04,44
2026-01-20 15:55:00,812.22,812.22,809.91,810.06,57
2026-01-20 15:56:00,810.06,811.01,809.45,810.06,14
2026-01-20 15:57:00,810.08,810.55,809.42,810.48,39
2026-01-20 15:58:00,810.35,810.6,809.55,810.09,149
2026-01-20 15:59:00,810.09,810.09,808.94,809.42,228
2026-01-21 09:30:00,802.66,809.22,802.65,808.56,42
2026-01-21 09:31:00,808.56,808.56,808.56,808.56,0
2026-01-21 09:32:00,806.5,807.82,806.11,807.82,26
2026-01-21 09:33:00,807.51,809.25,807.51,808.28,21
2026-01-21 09:34:00,808.74,809.57,808.1,808.56,37
2026-01-21 09:35:00,807.02,807.71,806.19,807.71,19
2026-01-21 09:36:00,808.18,808.23,807.5,808.23,9
2026-01-21 09:37:00,808.32,809.01,808.17,809.01,6
2026-01-21 09:38:00,809.36,809.55,808.54,808.54,19
2026-01-21 09:39:00,809.19,810.73,809.19,810.73,5
2026-01-21 09:40:00,809.9,810.72,809.78,809.98,89
2026-01-21 09:41:00,810.08,810.6,809.82,810.6,6
2026-01-21 09:42:00,810.93,811.79,810.89,811.79,9
2026-01-21 09:43:00,811.06,811.06,811.06,811.06,1
2026-01-21 09:44:00,811.95,812.62,811.95,812.62,2
2026-01-21 09:45:00,812.56,813.81,812.56,813.81,6
2026-01-21 09:46:00,813.17,813.22,811.64,812.31,33
2026-01-21 09:47:00,812.14,812.22,811.57,812.11,17
2026-01-21 09:48:00,811.7,811.7,810.49,811.16,16
2026-01-21 09:49:00,810.92,811.25,810.92,810.94,7
2026-01-21 09:50:00,811.38,811.38,810.62,810.77,11
2026-01-21 09:51:00,810.78,811.16,810.69,810.75,9
2026-01-21 09:52:00,810.75,811.58,810.75,811.58,3
2026-01-21 09:53:00,811.64,811.64,811.21,811.21,15
2026-01-21 09:54:00,811.23,811.23,810.86,810.96,4
2026-01-21 09:55:00,810.31,810.98,810.0,810.66,47
2026-01-21 09:56:00,810.76,810.76,810.76,810.76,1
2026-01-21 09:57:00,810.4,811.5,810.4,811.5,16
2026-01-21 09:58:00,811.83,813.47,811.83,813.33,48
2026-01-21 09:59:00,813.7,813.7,813.7,813.7,1
2026-01-21 10:00:00,814.1,815.1,814.1,814.63,28
2026-01-21 10:01:00,814.46,815.29,814.45,814.87,8
2026-01-21 10:02:00,814.52,814.52,814.52,814.52,1
2026-01-21 10:03:00,814.2,814.56,814.05,814.56,9
2026-01-21 10:04:00,815.1,815.1,815.1,815.1,3
2026-01-21 10:05:00,815.01,815.86,815.0,815.22,38
2026-01-21 10:06:00,815.0,815.59,815.0,815.52,23
2026-01-21 10:07:00,816.72,816.73,816.72,816.73,2
2026-01-21 10:08:00,816.75,817.33,816.49,816.49,16
2026-01-21 10:09:00,816.37,816.59,816.37,816.59,3
2026-01-21 10:10:00,816.79,817.19,816.79,817.19,5
2026-01-21 10:11:00,817.12,817.12,816.52,816.53,11
2026-01-21 10:12:00,816.16,816.95,816.16,816.95,9
2026-01-21 10:13:00,816.43,816.43,816.14,816.14,4
2026-01-21 10:14:00,815.69,815.82,815.56,815.73,8
2026-01-21 10:15:00,815.22,815.79,814.87,815.04,41
2026-01-21 10:16:00,815.06,815.52,815.06,815.52,5
2026-01-21 10:17:00,815.41,815.41,815.35,815.41,9
2026-01-21 10:18:00,815.26,815.26,812.08,812.53,60
2026-01-21 10:19:00,813.02,813.26,813.02,813.24,6
2026-01-21 10:20:00,813.46,813.93,813.11,813.82,29
2026-01-21 10:21:00,813.63,813.64,812.9,813.53,19
2026-01-21 10:22:00,813.53,813.53,813.53,813.53,0
2026-01-21 10:23:00,813.11,814.0,812.87,814.0,6
2026-01-21 10:24:00,814.0,814.0,814.0,814.0,0
2026-01-21 10:25:00,813.67,813.9,813.03,813.49,41
2026-01-21 10:26:00,813.35,813.77,813.14,813.49,16
2026-01-21 10:27:00,813.49,813.49,813.49,813.49,0
2026-01-21 10:28:00,813.1,813.82,813.03,813.52,27
2026-01-21 10:29:00,813.89,813.89,813.35,813.51,14
2026-01-21 10:30:00,813.75,814.09,813.74,813.78,6
2026-01-21 10:31:00,814.04,814.68,814.0,814.0,9
2026-01-21 10:32:00,813.15,813.24,813.14,813.24,11
2026-01-21 10:33:00,813.18,813.3,813.05,813.3,5
2026-01-21 10:34:00,813.19,813.59,812.87,812.87,15
2026-01-21 10:35:00,812.54,812.79,812.42,812.79,6
2026-01-21 10:36:00,813.56,813.6,813.56,813.6,3
2026-01-21 10:37:00,812.82,815.55,812.79,814.97,24
2026-01-21 10:38:00,814.98,815.2,814.98,815.2,2
2026-01-21 10:39:00,814.88,814.96,814.86,814.86,3
2026-01-21 10:40:00,814.57,814.58,814.01,814.21,33
2026-01-21 10:41:00,814.21,814.21,814.21,814.21,0
2026-01-21 10:42:00,814.37,814.37,814.37,814.37,1
2026-01-21 10:43:00,814.45,814.47,812.62,812.63,147
2026-01-21 10:44:00,813.05,813.36,812.21,812.87,39
2026-01-21 10:45:00,813.01,813.01,812.98,813.01,3
2026-01-21 10:46:00,814.08,814.08,813.16,813.16,7
2026-01-21 10:47:00,813.44,813.48,813.44,813.48,3
2026-01-21 10:48:00,814.09,814.09,813.17,813.17,10
2026-01-21 10:49:00,813.58,813.61,812.93,813.34,11
2026-01-21 10:50:00,813.04,813.42,812.83,812.83,14
2026-01-21 10:51:00,812.83,812.83,812.83,812.83,0
2026-01-21 10:52:00,812.7,812.7,810.89,810.89,5
2026-01-21 10:53:00,811.14,811.14,811.14,811.14,4
2026-01-21 10:54:00,810.81,812.08,810.8,812.08,26
2026-01-21 10:55:00,812.0,812.32,812.0,812.32,7
2026-01-21 10:56:00,811.73,812.59,811.73,812.4,91
2026-01-21 10:57:00,812.31,812.43,812.31,812.43,4
2026-01-21 10:58:00,812.22,812.61,812.17,812.61,38
2026-01-21 10:59:00,812.32,812.56,812.31,812.56,5
2026-01-21 11:00:00,812.72,813.37,812.69,812.69,11
2026-01-21 11:01:00,812.75,812.75,812.6,812.61,2
2026-01-21 11:02:00,812.91,813.26,812.91,813.26,4
2026-01-21 11:03:00,813.32,814.49,813.32,813.51,12
2026-01-21 11:04:00,814.19,814.19,814.19,814.19,1
2026-01-21 11:05:00,814.2,814.2,814.2,814.2,1
2026-01-21 11:06:00,814.2,814.2,813.98,813.98,3
2026-01-21 11:07:00,814.19,814.19,813.5,813.92,63
2026-01-21 11:08:00,814.0,814.01,813.98,813.98,3
2026-01-21 11:09:00,814.19,814.25,813.91,813.97,5
2026-01-21 11:10:00,814.26,814.61,814.26,814.61,3
2026-01-21 11:11:00,814.88,814.89,814.69,814.69,2
2026-01-21 11:12:00,814.46,814.87,814.46,814.87,8
2026-01-21 11:13:00,815.0,815.03,814.7,815.03,29
2026-01-21 11:14:00,814.28,814.28,814.27,814.28,1
2026-01-21 11:15:00,814.02,814.02,814.02,814.02,1
2026-01-21 11:16:00,813.87,814.25,813.87,814.25,7
2026-01-21 11:17:00,814.0,814.08,813.79,814.03,17
2026-01-21 11:18:00,814.05,814.05,814.05,814.05,3
2026-01-21 11:19:00,814.09,814.09,813.88,813.88,2
2026-01-21 11:20:00,814.1,814.33,813.94,814.33,12
2026-01-21 11:21:00,814.38,814.38,813.81,813.82,40
2026-01-21 11:22:00,813.82,814.14,813.82,814.1,12
2026-01-21 11:23:00,814.05,814.14,814.04,814.14,2
2026-01-21 11:24:00,813.94,814.43,813.93,814.43,8
2026-01-21 11:25:00,814.24,814.51,813.83,814.03,28
2026-01-21 11:26:00,813.58,813.65,813.4,813.65,5
2026-01-21 11:27:00,813.98,815.09,813.98,815.04,20
2026-01-21 11:28:00,815.03,815.37,814.64,815.27,15
2026-01-21 11:29:00,814.9,815.44,814.82,815.4,22
2026-01-21 11:30:00,815.38,816.0,814.42,814.62,74
2026-01-21 11:31:00,814.75,814.76,814.75,814.75,3
2026-01-21 11:32:00,814.75,814.77,814.46,814.76,32
2026-01-21 11:33:00,814.76,814.99,814.42,814.42,23
2026-01-21 11:34:00,814.98,815.34,814.35,814.95,58
2026-01-21 11:35:00,815.03,815.63,814.85,815.5,5
2026-01-21 11:36:00,814.94,814.94,814.85,814.85,9
2026-01-21 11:37:00,814.74,814.74,813.86,813.88,26
2026-01-21 11:38:00,813.42,814.17,813.42,814.17,4
2026-01-21 11:39:00,814.16,814.16,814.16,814.16,3
2026-01-21 11:40:00,813.6,813.6,813.42,813.42,2
2026-01-21 11:41:00,813.42,814.13,813.42,814.13,14
2026-01-21 11:42:00,814.13,814.13,814.13,814.13,0
2026-01-21 11:43:00,814.23,814.69,814.09,814.69,4
2026-01-21 11:44:00,814.73,815.53,814.72,815.53,6
2026-01-21 11:45:00,815.53,815.53,815.53,815.53,0
2026-01-21 11:46:00,815.44,815.44,814.88,814.88,2
2026-01-21 11:47:00,815.9,816.23,815.9,816.23,11
2026-01-21 11:48:00,816.23,816.23,816.23,816.23,1
2026-01-21 11:49:00,816.23,816.23,816.23,816.23,3
2026-01-21 11:50:00,816.23,816.23,816.23,816.23,1
2026-01-21 11:51:00,815.18,815.23,814.53,814.54,16
2026-01-21 11:52:00,814.54,814.54,814.53,814.54,2
2026-01-21 11:53:00,814.54,815.65,814.53,815.65,28
2026-01-21 11:54:00,815.52,815.52,814.57,814.57,14
2026-01-21 11:55:00,814.4,814.84,813.65,813.65,132
2026-01-21 11:56:00,813.84,813.84,813.01,813.01,2
2026-01-21 11:57:00,813.65,813.65,813.01,813.01,2
2026-01-21 11:58:00,812.2,812.2,812.2,812.2,3
2026-01-21 11:59:00,812.06,812.06,812.06,812.06,3
2026-01-21 12:00:00,810.59,811.68,810.59,811.68,7
2026-01-21 12:01:00,811.89,811.91,811.89,811.91,2
2026-01-21 12:02:00,811.63,811.64,811.63,811.63,1
2026-01-21 12:03:00,811.63,811.64,811.63,811.63,2
2026-01-21 12:04:00,811.63,811.63,811.63,811.63,0
2026-01-21 12:05:00,810.5,810.56,810.11,810.12,5
2026-01-21 12:06:00,810.12,810.13,810.11,810.12,2
2026-01-21 12:07:00,810.12,810.12,810.12,810.12,0
2026-01-21 12:08:00,808.86,809.86,808.86,809.86,7
2026-01-21 12:09:00,809.86,809.86,808.86,809.86,6
2026-01-21 12:10:00,810.74,810.74,810.74,810.74,2
2026-01-21 12:11:00,810.74,810.74,810.74,810.74,0
2026-01-21 12:12:00,810.76,810.77,809.85,809.86,9
2026-01-21 12:13:00,809.86,809.86,809.86,809.86,0
2026-01-21 12:14:00,810.66,810.76,809.85,809.86,3
2026-01-21 12:15:00,809.86,809.86,809.86,809.86,0
2026-01-21 12:16:00,810.66,811.28,810.15,810.85,17
2026-01-21 12:17:00,810.85,811.84,810.78,810.79,7
2026-01-21 12:18:00,810.69,810.69,810.69,810.69,21
2026-01-21 12:19:00,811.99,811.99,811.99,811.99,1
2026-01-21 12:20:00,811.99,811.99,811.99,811.99,0
2026-01-21 12:21:00,811.32,811.32,811.31,811.32,6
2026-01-21 12:22:00,811.98,812.11,811.98,812.11,10
2026-01-21 12:23:00,813.72,813.72,813.72,813.72,1
2026-01-21 12:24:00,813.65,813.65,813.33,813.51,3
2026-01-21 12:25:00,813.51,813.51,813.51,813.51,0
2026-01-21 12:26:00,811.84,813.91,809.58,809.58,5
2026-01-21 12:27:00,811.7,812.46,811.69,812.46,4
2026-01-21 12:28:00,811.71,811.71,811.71,811.71,9
2026-01-21 12:29:00,811.38,812.46,811.38,812.0,12
2026-01-21 12:30:00,811.8,811.8,811.63,811.63,4
2026-01-21 12:31:00,811.63,811.63,811.63,811.63,0
2026-01-21 12:32:00,811.16,811.16,811.15,811.16,1
2026-01-21 12:33:00,811.16,811.16,811.16,811.16,0
2026-01-21 12:34:00,812.62,812.62,811.01,811.01,3
2026-01-21 12:35:00,811.13,811.22,811.13,811.22,3
2026-01-21 12:36:00,811.22,811.22,811.22,811.22,0
2026-01-21 12:37:00,810.66,810.66,810.66,810.66,4
2026-01-21 12:38:00,810.66,810.66,810.66,810.66,0
2026-01-21 12:39:00,811.81,811.81,810.7,810.7,2
2026-01-21 12:40:00,811.83,812.23,811.83,812.23,14
2026-01-21 12:41:00,812.23,812.23,812.23,812.23,0
2026-01-21 12:42:00,813.04,813.04,813.04,813.04,1
2026-01-21 12:43:00,813.04,813.04,813.04,813.04,0
2026-01-21 12:44:00,813.41,813.41,813.41,813.41,1
2026-01-21 12:45:00,811.77,813.52,811.33,811.34,20
2026-01-21 12:46:00,811.99,812.03,811.17,811.29,21
2026-01-21 12:47:00,811.18,811.3,810.76,811.08,58
2026-01-21 12:48:00,810.97,810.97,810.87,810.87,21
2026-01-21 12:49:00,811.43,811.43,811.43,811.43,1
2026-01-21 12:50:00,811.43,811.43,811.43,811.43,0
2026-01-21 12:51:00,810.87,811.72,810.87,811.72,5
2026-01-21 12:52:00,811.72,811.72,811.72,811.72,0
2026-01-21 12:53:00,811.72,811.72,811.72,811.72,0
2026-01-21 12:54:00,812.12,812.81,811.86,811.87,3
2026-01-21 12:55:00,813.0,813.0,812.92,812.92,2
2026-01-21 12:56:00,813.0,813.0,812.92,812.92,2
2026-01-21 12:57:00,811.98,812.92,811.98,812.92,2
2026-01-21 12:58:00,813.0,813.0,811.92,812.26,3
2026-01-21 12:59:00,811.87,812.81,811.86,812.81,3
2026-01-21 13:00:00,811.36,811.36,811.35,811.36,1
2026-01-21 13:01:00,811.94,811.94,811.94,811.94,1
2026-01-21 13:02:00,811.93,812.08,811.34,811.94,8
2026-01-21 13:03:00,811.35,811.79,811.29,811.78,22
2026-01-21 13:04:00,811.68,811.76,811.68,811.76,6
2026-01-21 13:05:00,811.08,811.08,811.07,811.08,1
2026-01-21 13:06:00,811.08,811.53,811.07,811.08,14
2026-01-21 13:07:00,811.19,811.82,811.18,811.82,10
2026-01-21 13:08:00,811.44,811.44,811.44,811.44,1
2026-01-21 13:09:00,811.44,811.44,811.44,811.44,0
2026-01-21 13:10:00,811.49,811.5,809.18,809.43,72
2026-01-21 13:11:00,809.43,809.43,809.43,809.43,0
2026-01-21 13:12:00,809.43,809.43,809.43,809.43,0
2026-01-21 13:13:00,809.43,809.43,809.43,809.43,0
2026-01-21 13:14:00,809.43,809.43,809.43,809.43,0
2026-01-21 13:15:00,809.43,809.43,809.43,809.43,0
2026-01-21 13:16:00,809.43,809.43,809.43,809.43,0
2026-01-21 13:17:00,808.86,810.06,808.85,810.06,71
2026-01-21 13:18:00,810.7,812.28,810.7,812.28,15
2026-01-21 13:19:00,812.28,812.28,812.28,812.28,0
2026-01-21 13:20:00,812.6,812.6,811.42,811.42,5
2026-01-21 13:21:00,812.61,813.48,812.58,813.48,6
2026-01-21 13:22:00,813.5,813.56,813.5,813.56,3
2026-01-21 13:23:00,813.58,813.58,813.58,813.58,1
2026-01-21 13:24:00,813.0,813.0,812.42,812.95,6
2026-01-21 13:25:00,812.94,812.94,812.93,812.93,2
2026-01-21 13:26:00,812.94,813.01,812.3,812.3,3
2026-01-21 13:27:00,812.94,813.68,812.3,813.68,7
2026-01-21 13:28:00,813.68,813.68,813.68,813.68,0
2026-01-21 13:29:00,813.62,813.62,813.62,813.62,1
2026-01-21 13:30:00,813.62,813.62,813.62,813.62,0
2026-01-21 13:31:00,813.62,813.62,813.62,813.62,0
2026-01-21 13:32:00,813.15,813.76,813.15,813.76,6
2026-01-21 13:33:00,813.76,813.76,813.76,813.76,0
2026-01-21 13:34:00,813.75,813.75,813.74,813.75,1
2026-01-21 13:35:00,813.78,814.11,813.78,813.88,6
2026-01-21 13:36:00,813.87,814.09,813.6,814.09,4
2026-01-21 13:37:00,814.08,815.23,813.9,814.2,29
2026-01-21 13:38:00,814.2,814.2,814.2,814.2,0
2026-01-21 13:39:00,814.52,815.65,814.52,815.65,2
2026-01-21 13:40:00,815.47,815.47,815.47,815.47,2
2026-01-21 13:41:00,815.77,815.81,815.77,815.81,3
2026-01-21 13:42:00,815.91,815.91,814.34,814.35,3
2026-01-21 13:43:00,815.16,815.18,814.1,814.11,3
2026-01-21 13:44:00,814.0,814.0,813.99,814.0,1
2026-01-21 13:45:00,815.1,815.1,815.1,815.1,2
2026-01-21 13:46:00,815.1,815.1,815.1,815.1,1
2026-01-21 13:47:00,813.99,815.18,813.98,815.18,5
2026-01-21 13:48:00,815.05,815.07,815.05,815.07,2
2026-01-21 13:49:00,814.06,815.18,813.98,815.07,6
2026-01-21 13:50:00,815.07,815.07,815.07,815.07,0
2026-01-21 13:51:00,813.98,815.18,813.98,815.18,4
2026-01-21 13:52:00,815.14,815.14,814.89,814.89,3
2026-01-21 13:53:00,813.98,815.18,813.98,815.05,3
2026-01-21 13:54:00,815.05,815.05,815.05,815.05,2
2026-01-21 13:55:00,815.05,815.18,814.19,815.05,5
2026-01-21 13:56:00,815.05,815.05,812.76,812.83,22
2026-01-21 13:57:00,812.77,812.77,811.94,811.94,2
2026-01-21 13:58:00,812.51,812.51,811.95,812.51,7
2026-01-21 13:59:00,812.51,813.08,812.51,813.08,4
2026-01-21 14:00:00,813.08,813.08,813.08,813.08,0
2026-01-21 14:01:00,813.28,813.28,813.11,813.11,2
2026-01-21 14:02:00,813.47,813.5,813.47,813.5,4
2026-01-21 14:03:00,813.61,813.61,813.53,813.53,2
2026-01-21 14:04:00,812.84,812.84,812.14,812.15,9
2026-01-21 14:05:00,812.26,812.26,812.26,812.26,2
2026-01-21 14:06:00,812.26,812.26,812.26,812.26,0
2026-01-21 14:07:00,812.69,812.74,812.26,812.26,13
2026-01-21 14:08:00,812.79,812.79,812.79,812.79,1
2026-01-21 14:09:00,812.79,812.79,812.79,812.79,2
2026-01-21 14:10:00,812.26,812.79,812.26,812.73,3
2026-01-21 14:11:00,812.79,812.79,812.79,812.79,1
2026-01-21 14:12:00,812.79,812.79,812.79,812.79,1
2026-01-21 14:13:00,812.79,813.34,812.73,812.98,22
2026-01-21 14:14:00,812.98,812.98,812.96,812.98,5
2026-01-21 14:15:00,812.79,812.79,812.79,812.79,2
2026-01-21 14:16:00,812.79,812.79,812.79,812.79,0
2026-01-21 14:17:00,812.79,812.79,812.79,812.79,0
2026-01-21 14:18:00,812.79,812.79,812.79,812.79,0
2026-01-21 14:19:00,813.73,813.9,813.73,813.9,2
2026-01-21 14:20:00,813.03,813.82,813.02,813.82,3
2026-01-21 14:21:00,813.03,813.82,813.02,813.82,4
2026-01-21 14:22:00,812.61,814.17,812.61,814.17,8
2026-01-21 14:23:00,814.43,814.43,813.09,813.65,38
2026-01-21 14:24:00,813.08,813.76,813.08,813.75,5
2026-01-21 14:25:00,813.89,813.89,813.08,813.08,17
2026-01-21 14:26:00,813.75,813.76,813.7,813.75,8
2026-01-21 14:27:00,813.65,816.7,812.71,814.58,377
2026-01-21 14:28:00,817.53,817.54,816.85,817.54,16
2026-01-21 14:29:00,817.5,818.36,816.95,818.36,14
2026-01-21 14:30:00,818.68,818.8,818.67,818.8,3
2026-01-21 14:31:00,819.15,819.15,817.09,817.09,3
2026-01-21 14:32:00,819.12,819.12,818.91,818.98,4
2026-01-21 14:33:00,817.25,818.93,817.24,817.39,4
2026-01-21 14:34:00,818.73,818.88,818.73,818.88,3
2026-01-21 14:35:00,818.88,818.88,817.22,818.6,5
2026-01-21 14:36:00,818.88,819.02,818.33,818.96,14
2026-01-21 14:37:00,818.6,818.6,817.75,817.76,8
2026-01-21 14:38:00,819.03,819.03,818.95,818.95,2
2026-01-21 14:39:00,818.67,818.67,817.57,817.86,5
2026-01-21 14:40:00,818.38,818.38,817.48,818.27,6
2026-01-21 14:41:00,818.27,818.38,817.48,817.48,9
2026-01-21 14:42:00,817.49,818.31,817.49,817.49,5
2026-01-21 14:43:00,818.28,818.28,815.84,816.16,39
2026-01-21 14:44:00,816.16,816.16,815.72,816.13,10
2026-01-21 14:45:00,816.12,816.12,815.93,816.12,3
2026-01-21 14:46:00,816.17,816.51,816.11,816.12,4
2026-01-21 14:47:00,816.48,816.48,815.45,815.47,11
2026-01-21 14:48:00,815.75,816.46,815.55,816.08,22
2026-01-21 14:49:00,816.08,816.19,816.08,816.19,2
2026-01-21 14:50:00,815.51,816.52,815.51,816.52,6
2026-01-21 14:51:00,816.52,816.52,816.52,816.52,0
2026-01-21 14:52:00,816.22,816.22,814.85,815.63,12
2026-01-21 14:53:00,815.66,815.67,815.0,815.0,6
2026-01-21 14:54:00,815.98,816.36,815.98,816.3,15
2026-01-21 14:55:00,816.15,816.15,815.87,815.87,7
2026-01-21 14:56:00,815.26,815.78,814.85,815.69,6
2026-01-21 14:57:00,814.85,815.78,814.85,815.78,6
2026-01-21 14:58:00,816.04,816.3,815.96,816.09,17
2026-01-21 14:59:00,816.23,816.3,816.2,816.3,10
2026-01-21 15:00:00,815.98,816.47,815.98,816.47,2
2026-01-21 15:01:00,816.2,816.53,816.2,816.53,7
2026-01-21 15:02:00,816.2,816.88,816.19,816.88,3
2026-01-21 15:03:00,816.5,817.2,816.5,817.2,2
2026-01-21 15:04:00,817.37,817.45,817.37,817.41,3
2026-01-21 15:05:00,817.46,817.46,817.27,817.37,6
2026-01-21 15:06:00,817.44,817.62,815.61,816.49,65
2026-01-21 15:07:00,816.49,817.16,816.49,817.16,3
2026-01-21 15:08:00,817.16,817.16,817.16,817.16,0
2026-01-21 15:09:00,817.3,817.3,816.49,816.49,2
2026-01-21 15:10:00,817.21,817.21,816.14,816.15,6
2026-01-21 15:11:00,816.65,816.65,816.35,816.35,3
2026-01-21 15:12:00,816.72,816.72,816.35,816.39,3
2026-01-21 15:13:00,816.37,816.9,816.37,816.73,26
2026-01-21 15:14:00,817.0,817.0,816.73,816.73,3
2026-01-21 15:15:00,817.05,817.11,816.64,816.64,54
2026-01-21 15:16:00,816.49,816.76,814.47,814.66,47
2026-01-21 15:17:00,814.42,814.47,814.09,814.22,14
2026-01-21 15:18:00,814.34,816.32,814.34,815.01,93
2026-01-21 15:19:00,815.59,815.59,814.97,815.01,26
2026-01-21 15:20:00,815.01,815.21,814.81,814.96,19
2026-01-21 15:21:00,814.96,814.96,813.43,813.43,22
2026-01-21 15:22:00,813.66,814.15,813.66,814.15,11
2026-01-21 15:23:00,814.05,814.05,814.03,814.03,5
2026-01-21 15:24:00,814.68,814.7,814.05,814.05,4
2026-01-21 15:25:00,814.7,814.7,814.06,814.06,10
2026-01-21 15:26:00,814.71,814.71,814.06,814.06,3
2026-01-21 15:27:00,814.7,814.7,814.18,814.65,14
2026-01-21 15:28:00,814.07,814.71,814.07,814.25,8
2026-01-21 15:29:00,814.71,815.53,814.7,815.13,48
2026-01-21 15:30:00,815.53,815.54,815.53,815.54,2
2026-01-21 15:31:00,815.53,815.53,815.12,815.36,8
2026-01-21 15:32:00,815.53,815.53,815.13,815.14,5
2026-01-21 15:33:00,815.53,815.95,815.29,815.83,35
2026-01-21 15:34:00,815.63,816.28,814.73,814.88,38
2026-01-21 15:35:00,814.87,815.01,814.71,815.0,7
2026-01-21 15:36:00,815.54,815.54,815.0,815.0,11
2026-01-21 15:37:00,815.54,815.77,815.01,815.77,30
2026-01-21 15:38:00,815.77,815.79,815.77,815.79,23
2026-01-21 15:39:00,816.32,816.33,816.03,816.04,8
2026-01-21 15:40:00,816.78,816.78,816.0,816.0,18
2026-01-21 15:41:00,816.78,816.91,816.63,816.8,12
2026-01-21 15:42:00,817.07,817.08,816.68,816.94,14
2026-01-21 15:43:00,816.45,817.07,816.37,817.07,11
2026-01-21 15:44:00,816.43,817.07,816.42,817.07,14
2026-01-21 15:45:00,817.07,817.08,816.65,817.08,15
2026-01-21 15:46:00,817.08,817.3,816.85,816.92,15
2026-01-21 15:47:00,816.92,818.17,816.91,818.17,21
2026-01-21 15:48:00,817.65,818.17,817.64,818.17,8
2026-01-21 15:49:00,818.17,818.18,817.11,817.54,17
2026-01-21 15:50:00,817.54,817.78,816.63,817.39,32
2026-01-21 15:51:00,817.18,817.18,816.39,816.67,118
2026-01-21 15:52:00,817.18,817.2,816.71,817.2,21
2026-01-21 15:53:00,817.2,817.6,817.08,817.46,39
2026-01-21 15:54:00,817.5,818.62,816.92,817.7,54
2026-01-21 15:55:00,817.32,817.64,816.92,817.61,32
2026-01-21 15:56:00,817.07,817.71,816.95,817.11,44
2026-01-21 15:57:00,817.43,817.8,816.97,817.66,132
2026-01-21 15:58:00,817.66,818.62,817.43,818.2,264
2026-01-21 15:59:00,818.07,818.07,816.37,816.96,326
2026-01-22 09:30:00,819.83,820.35,817.61,819.0,88
2026-01-22 09:31:00,818.56,819.44,818.51,819.44,15
2026-01-22 09:32:00,820.26,820.27,819.76,819.76,3
2026-01-22 09:33:00,819.95,819.95,819.53,819.86,12
2026-01-22 09:34:00,820.03,820.03,819.25,819.63,26
2026-01-22 09:35:00,819.52,819.6,817.75,818.0,130
2026-01-22 09:36:00,818.75,818.89,816.29,816.87,105
2026-01-22 09:37:00,816.49,818.25,816.43,818.25,104
2026-01-22 09:38:00,818.67,818.86,818.43,818.49,7
2026-01-22 09:39:00,818.49,818.49,818.49,818.49,0
2026-01-22 09:40:00,818.49,818.49,818.49,818.49,0
2026-01-22 09:41:00,820.21,820.54,820.21,820.54,2
2026-01-22 09:42:00,820.88,821.14,820.43,821.14,12
2026-01-22 09:43:00,821.45,821.45,821.45,821.45,1
2026-01-22 09:44:00,821.32,821.58,819.29,819.29,20
2026-01-22 09:45:00,818.41,819.5,817.83,819.5,171
2026-01-22 09:46:00,819.45,819.45,819.31,819.31,2
2026-01-22 09:47:00,820.06,820.11,820.02,820.11,6
2026-01-22 09:48:00,820.13,820.13,818.79,818.79,4
2026-01-22 09:49:00,819.3,820.17,819.21,820.17,9
2026-01-22 09:50:00,820.54,820.62,820.54,820.62,2
2026-01-22 09:51:00,821.39,821.6,821.39,821.6,4
2026-01-22 09:52:00,822.36,822.71,821.94,822.39,37
2026-01-22 09:53:00,822.59,822.59,821.06,821.07,12
2026-01-22 09:54:00,821.64,822.25,821.6,822.25,29
2026-01-22 09:55:00,822.8,823.1,821.26,821.71,95
2026-01-22 09:56:00,822.33,822.99,822.16,822.5,6
2026-01-22 09:57:00,822.16,822.88,821.87,821.88,9
2026-01-22 09:58:00,821.88,821.88,821.88,821.88,0
2026-01-22 09:59:00,821.76,823.08,821.76,822.92,64
2026-01-22 10:00:00,822.75,822.76,822.14,822.14,8
2026-01-22 10:01:00,822.14,822.55,822.14,822.55,2
2026-01-22 10:02:00,822.54,822.55,821.57,821.57,13
2026-01-22 10:03:00,822.04,822.87,822.04,822.77,19
2026-01-22 10:04:00,822.58,823.0,822.06,822.79,34
2026-01-22 10:05:00,822.74,823.4,822.32,823.04,13
2026-01-22 10:06:00,823.69,823.91,823.13,823.71,10
2026-01-22 10:07:00,823.72,823.98,823.4,823.75,104
2026-01-22 10:08:00,824.0,824.2,823.3,823.5,43
2026-01-22 10:09:00,823.71,823.95,822.6,823.55,22
2026-01-22 10:10:00,823.55,824.63,823.55,824.63,20
2026-01-22 10:11:00,824.03,824.63,823.54,824.63,10
2026-01-22 10:12:00,824.36,824.58,823.95,824.58,10
2026-01-22 10:13:00,824.96,824.98,824.96,824.98,2
2026-01-22 10:14:00,824.72,824.73,824.29,824.29,7
2026-01-22 10:15:00,824.04,824.95,824.04,824.95,8
2026-01-22 10:16:00,824.35,824.64,824.25,824.64,12
2026-01-22 10:17:00,824.87,824.98,823.96,824.06,11
2026-01-22 10:18:00,823.94,824.31,823.94,824.27,15
2026-01-22 10:19:00,824.44,824.53,823.42,824.0,40
2026-01-22 10:20:00,824.26,824.26,823.83,823.83,2
2026-01-22 10:21:00,823.56,823.56,823.13,823.29,7
2026-01-22 10:22:00,823.15,823.5,822.38,822.99,55
2026-01-22 10:23:00,822.71,823.58,822.7,823.58,32
2026-01-22 10:24:00,823.25,823.28,822.9,823.0,14
2026-01-22 10:25:00,822.73,822.73,822.63,822.63,3
2026-01-22 10:26:00,822.34,822.78,822.33,822.78,10
2026-01-22 10:27:00,822.9,822.9,822.57,822.66,15
2026-01-22 10:28:00,822.75,822.86,822.74,822.86,2
2026-01-22 10:29:00,822.65,823.02,821.92,822.15,48
2026-01-22 10:30:00,821.94,822.32,821.73,822.21,31
2026-01-22 10:31:00,822.09,822.36,821.73,822.35,11
2026-01-22 10:32:00,822.35,822.35,822.35,822.35,0
2026-01-22 10:33:00,822.12,822.12,821.43,822.07,58
2026-01-22 10:34:00,822.05,822.64,821.97,822.63,14
2026-01-22 10:35:00,822.69,822.69,822.46,822.46,6
2026-01-22 10:36:00,822.54,822.54,822.54,822.54,1
2026-01-22 10:37:00,822.75,823.24,822.08,822.12,127
2026-01-22 10:38:00,822.0,822.0,821.08,821.08,16
2026-01-22 10:39:00,820.99,821.77,820.95,821.37,46
2026-01-22 10:40:00,821.53,821.53,820.81,821.41,59
2026-01-22 10:41:00,821.0,821.66,821.0,821.4,10
2026-01-22 10:42:00,821.67,822.16,821.67,822.16,3
2026-01-22 10:43:00,821.87,822.07,821.87,822.07,2
2026-01-22 10:44:00,822.09,822.64,822.09,822.64,7
2026-01-22 10:45:00,822.11,822.47,822.11,822.47,3
2026-01-22 10:46:00,822.22,822.4,821.89,822.06,22
2026-01-22 10:47:00,822.39,822.39,822.39,822.39,1
2026-01-22 10:48:00,822.39,822.39,822.39,822.39,0
2026-01-22 10:49:00,821.83,821.83,821.22,821.29,17
2026-01-22 10:50:00,821.29,821.29,821.29,821.29,0
2026-01-22 10:51:00,821.25,821.26,821.25,821.25,1
2026-01-22 10:52:00,821.54,821.81,821.5,821.56,10
2026-01-22 10:53:00,821.29,821.29,821.14,821.14,6
2026-01-22 10:54:00,821.14,821.14,821.14,821.14,0
2026-01-22 10:55:00,821.07,821.54,820.86,820.98,22
2026-01-22 10:56:00,820.94,820.94,820.94,820.94,1
2026-01-22 10:57:00,821.43,821.92,821.42,821.92,14
2026-01-22 10:58:00,821.98,821.98,821.64,821.64,2
2026-01-22 10:59:00,821.59,821.59,821.59,821.59,1
2026-01-22 11:00:00,821.8,821.8,821.68,821.68,2
2026-01-22 11:01:00,821.5,821.51,821.25,821.25,4
2026-01-22 11:02:00,821.41,822.32,821.32,822.31,12
2026-01-22 11:03:00,822.31,822.31,822.31,822.31,0
2026-01-22 11:04:00,822.15,822.15,822.06,822.06,3
2026-01-22 11:05:00,822.17,822.17,822.12,822.12,2
2026-01-22 11:06:00,821.44,821.44,821.23,821.23,6
2026-01-22 11:07:00,821.09,821.09,819.53,819.73,27
2026-01-22 11:08:00,819.92,821.58,819.68,821.36,90
2026-01-22 11:09:00,821.22,821.65,820.94,820.94,9
2026-01-22 11:10:00,820.51,821.39,820.51,820.96,9
2026-01-22 11:11:00,820.91,820.99,820.71,820.75,103
2026-01-22 11:12:00,820.67,820.82,820.48,820.48,61
2026-01-22 11:13:00,820.53,821.14,820.48,820.91,73
2026-01-22 11:14:00,821.18,821.22,821.01,821.22,16
2026-01-22 11:15:00,821.52,821.71,821.04,821.04,12
2026-01-22 11:16:00,821.44,821.64,821.23,821.44,12
2026-01-22 11:17:00,820.98,821.01,820.56,820.9,28
2026-01-22 11:18:00,821.03,821.27,820.84,821.14,17
2026-01-22 11:19:00,821.3,821.86,821.28,821.86,21
2026-01-22 11:20:00,821.08,821.08,821.03,821.03,2
2026-01-22 11:21:00,820.63,821.7,820.63,821.62,29
2026-01-22 11:22:00,821.43,821.45,820.89,821.04,83
2026-01-22 11:23:00,821.05,821.34,820.99,821.23,36
2026-01-22 11:24:00,821.03,821.27,820.93,821.06,57
2026-01-22 11:25:00,821.17,821.68,820.82,821.67,44
2026-01-22 11:26:00,821.35,821.35,820.89,820.99,43
2026-01-22 11:27:00,821.22,821.22,820.37,820.37,35
2026-01-22 11:28:00,820.39,820.51,820.28,820.39,15
2026-01-22 11:29:00,820.64,820.9,820.62,820.84,20
2026-01-22 11:30:00,820.49,821.85,820.17,821.85,27
2026-01-22 11:31:00,821.5,821.75,821.0,821.5,75
2026-01-22 11:32:00,821.0,821.22,820.43,821.22,10
2026-01-22 11:33:00,821.22,822.0,821.22,821.37,65
2026-01-22 11:34:00,821.47,821.47,820.48,820.48,26
2026-01-22 11:35:00,820.4,820.72,819.85,820.5,142
2026-01-22 11:36:00,820.67,820.87,819.79,820.55,46
2026-01-22 11:37:00,820.56,820.75,820.37,820.75,8
2026-01-22 11:38:00,820.87,820.92,820.47,820.47,28
2026-01-22 11:39:00,820.24,820.24,820.24,820.24,5
2026-01-22 11:40:00,820.24,820.24,820.24,820.24,3
2026-01-22 11:41:00,820.86,820.86,819.94,819.94,3
2026-01-22 11:42:00,820.96,820.96,820.96,820.96,1
2026-01-22 11:43:00,820.22,821.05,820.22,820.22,8
2026-01-22 11:44:00,820.22,820.22,820.22,820.22,0
2026-01-22 11:45:00,820.22,820.22,820.22,820.22,0
2026-01-22 11:46:00,821.05,821.06,821.05,821.06,5
2026-01-22 11:47:00,820.74,820.74,820.73,820.74,1
2026-01-22 11:48:00,820.5,820.5,820.5,820.5,2
2026-01-22 11:49:00,820.74,820.74,820.73,820.74,2
2026-01-22 11:50:00,820.74,820.74,820.73,820.74,1
2026-01-22 11:51:00,820.74,820.74,820.73,820.74,2
2026-01-22 11:52:00,820.75,820.75,820.74,820.75,1
2026-01-22 11:53:00,820.75,820.75,820.75,820.75,0
2026-01-22 11:54:00,820.74,820.74,820.73,820.74,1
2026-01-22 11:55:00,820.74,820.74,820.73,820.74,1
2026-01-22 11:56:00,820.5,820.74,820.5,820.5,6
2026-01-22 11:57:00,820.51,820.51,820.04,820.04,46
2026-01-22 11:58:00,820.04,820.04,820.04,820.04,0
2026-01-22 11:59:00,820.5,821.12,820.5,820.5,19
2026-01-22 12:00:00,820.5,820.51,820.5,820.5,3
2026-01-22 12:01:00,820.5,820.51,820.5,820.5,1
2026-01-22 12:02:00,820.5,821.39,820.5,821.39,2
2026-01-22 12:03:00,821.39,821.39,821.39,821.39,0
2026-01-22 12:04:00,820.5,820.51,820.5,820.5,1
2026-01-22 12:05:00,820.5,820.51,820.5,820.5,2
2026-01-22 12:06:00,820.04,820.5,820.04,820.5,5
2026-01-22 12:07:00,820.87,820.88,819.6,820.09,111
2026-01-22 12:08:00,818.9,820.15,818.9,820.01,37
2026-01-22 12:09:00,819.98,820.21,819.78,819.79,18
2026-01-22 12:10:00,819.79,819.79,819.79,819.79,0
2026-01-22 12:11:00,820.38,820.38,820.38,820.38,1
2026-01-22 12:12:00,820.38,820.38,819.78,819.79,2
2026-01-22 12:13:00,819.79,819.79,819.79,819.79,0
2026-01-22 12:14:00,819.79,819.79,819.79,819.79,0
2026-01-22 12:15:00,819.79,819.79,819.78,819.79,1
2026-01-22 12:16:00,820.38,820.38,819.81,819.99,43
2026-01-22 12:17:00,819.92,820.0,819.66,820.0,34
2026-01-22 12:18:00,820.0,820.35,819.32,820.35,3
2026-01-22 12:19:00,819.43,819.43,819.32,819.32,11
2026-01-22 12:20:00,819.95,819.95,817.73,817.74,34
2026-01-22 12:21:00,817.74,817.74,817.16,817.16,3
2026-01-22 12:22:00,817.44,817.76,817.11,817.76,17
2026-01-22 12:23:00,817.87,818.0,817.51,817.51,26
2026-01-22 12:24:00,817.87,819.5,817.48,819.5,63
2026-01-22 12:25:00,818.55,819.5,818.03,818.03,3
2026-01-22 12:26:00,818.03,818.03,818.03,818.03,0
2026-01-22 12:27:00,818.03,818.03,818.03,818.03,0
2026-01-22 12:28:00,818.03,818.03,818.03,818.03,0
2026-01-22 12:29:00,819.17,819.17,819.17,819.17,2
2026-01-22 12:30:00,819.17,819.17,819.17,819.17,0
2026-01-22 12:31:00,819.35,819.35,819.34,819.35,1
2026-01-22 12:32:00,820.13,820.47,819.02,820.07,14
2026-01-22 12:33:00,820.07,820.07,820.07,820.07,0
2026-01-22 12:34:00,819.65,819.71,819.25,819.25,4
2026-01-22 12:35:00,819.25,819.25,819.25,819.25,0
2026-01-22 12:36:00,819.94,820.06,819.3,820.0,13
2026-01-22 12:37:00,820.53,820.53,819.87,819.87,2
2026-01-22 12:38:00,819.87,819.88,819.87,819.87,1
2026-01-22 12:39:00,819.87,819.88,819.74,819.75,2
2026-01-22 12:40:00,819.75,819.88,819.74,819.88,2
2026-01-22 12:41:00,820.78,820.84,820.78,820.84,2
2026-01-22 12:42:00,819.87,819.88,819.87,819.87,1
2026-01-22 12:43:00,819.75,819.99,819.74,819.99,2
2026-01-22 12:44:00,819.75,820.5,819.5,820.5,15
2026-01-22 12:45:00,819.94,820.72,819.93,820.72,2
2026-01-22 12:46:00,820.03,820.03,819.93,819.94,2
2026-01-22 12:47:00,820.24,820.24,819.95,819.98,12
2026-01-22 12:48:00,820.0,820.0,819.79,819.79,11
2026-01-22 12:49:00,819.59,820.49,819.58,820.49,65
2026-01-22 12:50:00,820.49,820.49,820.49,820.49,0
2026-01-22 12:51:00,820.49,820.49,820.49,820.49,0
2026-01-22 12:52:00,820.12,820.12,820.11,820.12,1
2026-01-22 12:53:00,820.0,820.25,819.55,819.56,15
2026-01-22 12:54:00,819.41,819.79,818.94,818.94,22
2026-01-22 12:55:00,818.94,818.94,818.94,818.94,1
2026-01-22 12:56:00,818.94,818.94,818.94,818.94,1
2026-01-22 12:57:00,818.43,818.43,818.43,818.43,1
2026-01-22 12:58:00,818.94,818.94,818.94,818.94,1
2026-01-22 12:59:00,818.46,818.46,818.46,818.46,1
2026-01-22 13:00:00,818.46,818.46,818.46,818.46,0
2026-01-22 13:01:00,818.09,819.3,817.61,818.92,45
2026-01-22 13:02:00,818.7,819.39,818.7,819.16,6
2026-01-22 13:03:00,819.16,819.16,819.16,819.16,0
2026-01-22 13:04:00,819.54,819.55,819.46,819.46,8
2026-01-22 13:05:00,819.32,820.0,819.31,820.0,8
2026-01-22 13:06:00,820.3,820.3,819.51,819.51,3
2026-01-22 13:07:00,819.51,819.51,819.51,819.51,0
2026-01-22 13:08:00,819.51,819.51,819.51,819.51,0
2026-01-22 13:09:00,819.96,820.29,819.15,819.35,25
2026-01-22 13:10:00,820.29,820.29,820.28,820.29,2
2026-01-22 13:11:00,820.0,820.08,820.0,820.08,5
2026-01-22 13:12:00,819.36,819.36,819.35,819.36,1
2026-01-22 13:13:00,819.36,819.36,819.36,819.36,0
2026-01-22 13:14:00,820.08,820.08,819.15,819.69,22
2026-01-22 13:15:00,819.81,820.32,819.69,820.07,9
2026-01-22 13:16:00,820.07,820.07,820.07,820.07,0
2026-01-22 13:17:00,820.0,820.78,820.0,820.78,20
2026-01-22 13:18:00,820.78,821.58,820.77,821.57,16
2026-01-22 13:19:00,820.01,820.17,820.01,820.17,2
2026-01-22 13:20:00,819.98,819.98,819.97,819.98,2
2026-01-22 13:21:00,820.76,820.77,820.76,820.76,1
2026-01-22 13:22:00,820.78,820.78,820.77,820.78,6
2026-01-22 13:23:00,819.92,821.23,819.92,821.23,6
2026-01-22 13:24:00,820.78,820.78,820.77,820.78,17
2026-01-22 13:25:00,820.78,820.78,820.77,820.78,1
2026-01-22 13:26:00,820.78,820.78,820.78,820.78,0
2026-01-22 13:27:00,820.78,820.78,820.77,820.78,1
2026-01-22 13:28:00,821.89,821.89,820.78,821.89,4
2026-01-22 13:29:00,821.28,821.62,821.28,821.62,3
2026-01-22 13:30:00,821.28,822.76,821.28,822.76,18
2026-01-22 13:31:00,821.86,822.76,821.85,822.76,9
2026-01-22 13:32:00,822.76,822.76,822.76,822.76,0
2026-01-22 13:33:00,822.76,824.02,822.76,823.97,19
2026-01-22 13:34:00,823.97,823.97,823.97,823.97,0
2026-01-22 13:35:00,824.98,824.98,824.01,824.01,2
2026-01-22 13:36:00,824.14,824.15,824.01,824.01,3
2026-01-22 13:37:00,823.07,823.09,822.91,822.92,16
2026-01-22 13:38:00,823.06,823.06,823.05,823.06,1
2026-01-22 13:39:00,823.06,823.06,823.05,823.06,1
2026-01-22 13:40:00,823.06,823.07,823.05,823.06,2
2026-01-22 13:41:00,823.06,823.06,823.05,823.06,13
2026-01-22 13:42:00,823.06,823.06,823.06,823.06,0
2026-01-22 13:43:00,821.8,823.14,821.8,822.25,32
2026-01-22 13:44:00,822.25,822.25,822.25,822.25,1
2026-01-22 13:45:00,822.6,822.61,821.89,821.9,2
2026-01-22 13:46:00,822.25,822.25,822.25,822.25,3
2026-01-22 13:47:00,822.95,823.0,822.62,822.63,3
2026-01-22 13:48:00,822.98,823.41,822.98,823.41,3
2026-01-22 13:49:00,822.98,823.42,822.98,823.42,4
2026-01-22 13:50:00,823.42,823.42,823.42,823.42,0
2026-01-22 13:51:00,823.0,823.0,822.51,822.98,61
2026-01-22 13:52:00,822.5,822.59,822.5,822.59,3
2026-01-22 13:53:00,822.51,822.51,822.28,822.29,4
2026-01-22 13:54:00,822.22,822.86,821.46,822.47,129
2026-01-22 13:55:00,822.47,822.75,822.33,822.33,7
2026-01-22 13:56:00,823.08,823.08,822.88,823.01,3
2026-01-22 13:57:00,822.65,822.75,822.55,822.61,16
2026-01-22 13:58:00,822.61,822.75,822.6,822.75,3
2026-01-22 13:59:00,822.7,822.7,822.7,822.7,2
2026-01-22 14:00:00,823.35,823.35,823.35,823.35,1
2026-01-22 14:01:00,823.35,823.35,823.35,823.35,0
2026-01-22 14:02:00,823.36,823.36,823.35,823.36,1
2026-01-22 14:03:00,822.75,822.75,822.75,822.75,1
2026-01-22 14:04:00,823.36,823.36,823.35,823.36,1
2026-01-22 14:05:00,823.67,823.67,823.67,823.67,1
2026-01-22 14:06:00,823.21,823.27,823.21,823.27,2
2026-01-22 14:07:00,823.28,823.33,823.27,823.33,2
2026-01-22 14:08:00,823.67,824.0,823.2,823.2,24
2026-01-22 14:09:00,822.95,822.95,822.94,822.95,9
2026-01-22 14:10:00,822.95,822.95,822.95,822.95,0
2026-01-22 14:11:00,823.0,823.0,823.0,823.0,7
2026-01-22 14:12:00,823.0,823.0,823.0,823.0,0
2026-01-22 14:13:00,822.91,823.37,822.91,823.37,10
2026-01-22 14:14:00,823.65,823.65,823.64,823.65,4
2026-01-22 14:15:00,823.83,823.83,823.62,823.62,9
2026-01-22 14:16:00,823.76,824.0,823.76,823.76,7
2026-01-22 14:17:00,823.92,824.53,823.92,824.53,14
2026-01-22 14:18:00,824.54,824.54,824.53,824.54,3
2026-01-22 14:19:00,824.54,824.54,824.53,824.54,1
2026-01-22 14:20:00,824.11,824.11,824.03,824.03,5
2026-01-22 14:21:00,824.43,824.43,824.43,824.43,3
2026-01-22 14:22:00,824.31,824.97,824.0,824.37,20
2026-01-22 14:23:00,824.25,824.5,824.11,824.12,16
2026-01-22 14:24:00,824.0,824.0,824.0,824.0,1
2026-01-22 14:25:00,824.57,824.57,824.14,824.14,4
2026-01-22 14:26:00,824.58,824.58,824.57,824.58,1
2026-01-22 14:27:00,824.49,824.58,824.49,824.58,6
2026-01-22 14:28:00,824.28,824.28,824.28,824.28,1
2026-01-22 14:29:00,824.28,824.28,824.28,824.28,0
2026-01-22 14:30:00,824.5,824.65,824.5,824.65,2
2026-01-22 14:31:00,824.46,824.79,824.34,824.79,11
2026-01-22 14:32:00,824.79,824.79,824.79,824.79,0
2026-01-22 14:33:00,824.79,824.97,824.79,824.97,2
2026-01-22 14:34:00,824.97,824.97,824.97,824.97,0
2026-01-22 14:35:00,824.33,825.56,824.32,825.02,48
2026-01-22 14:36:00,825.18,825.78,825.02,825.78,10
2026-01-22 14:37:00,825.78,825.78,825.78,825.78,0
2026-01-22 14:38:00,825.78,825.78,825.78,825.78,0
2026-01-22 14:39:00,826.02,826.02,825.52,825.52,2
2026-01-22 14:40:00,825.51,825.52,825.51,825.51,1
2026-01-22 14:41:00,825.51,825.52,825.51,825.51,1
2026-01-22 14:42:00,825.06,825.06,824.8,825.0,11
2026-01-22 14:43:00,824.92,824.92,824.92,824.92,2
2026-01-22 14:44:00,824.92,824.92,824.92,824.92,0
2026-01-22 14:45:00,824.93,825.33,824.92,824.93,13
2026-01-22 14:46:00,824.88,824.93,824.86,824.93,3
2026-01-22 14:47:00,824.93,824.93,824.93,824.93,0
2026-01-22 14:48:00,824.93,824.93,824.93,824.93,0
2026-01-22 14:49:00,825.34,825.34,825.34,825.34,1
2026-01-22 14:50:00,824.98,824.98,824.96,824.96,2
2026-01-22 14:51:00,825.0,825.15,824.94,825.0,8
2026-01-22 14:52:00,824.88,825.41,824.66,824.9,175
2026-01-22 14:53:00,825.0,825.59,824.99,825.59,38
2026-01-22 14:54:00,825.59,825.59,825.59,825.59,0
2026-01-22 14:55:00,825.36,826.02,825.36,825.98,4
2026-01-22 14:56:00,826.7,826.7,825.62,825.62,10
2026-01-22 14:57:00,826.25,826.25,825.61,825.62,4
2026-01-22 14:58:00,825.99,826.25,825.78,826.25,8
2026-01-22 14:59:00,825.68,826.25,825.68,826.25,2
2026-01-22 15:00:00,825.79,826.2,825.79,826.2,2
2026-01-22 15:01:00,825.68,825.68,825.68,825.68,1
2026-01-22 15:02:00,825.61,825.62,824.86,824.87,5
2026-01-22 15:03:00,825.29,825.29,825.28,825.29,5
2026-01-22 15:04:00,824.92,825.0,824.91,825.0,2
2026-01-22 15:05:00,824.84,824.84,824.83,824.84,1
2026-01-22 15:06:00,825.21,825.21,825.2,825.21,1
2026-01-22 15:07:00,825.22,825.22,825.22,825.22,1
2026-01-22 15:08:00,825.24,825.81,825.23,825.81,18
2026-01-22 15:09:00,826.18,826.19,825.81,825.81,9
2026-01-22 15:10:00,825.62,825.62,825.61,825.62,1
2026-01-22 15:11:00,825.89,825.89,825.62,825.62,3
2026-01-22 15:12:00,825.66,826.18,825.29,825.62,6
2026-01-22 15:13:00,825.2,825.2,825.19,825.2,1
2026-01-22 15:14:00,825.62,825.75,825.61,825.75,3
2026-01-22 15:15:00,825.62,825.69,825.61,825.68,3
2026-01-22 15:16:00,825.62,825.62,825.61,825.62,1
2026-01-22 15:17:00,825.68,825.69,825.68,825.68,2
2026-01-22 15:18:00,826.18,826.18,825.61,825.7,20
2026-01-22 15:19:00,825.75,825.75,825.75,825.75,1
2026-01-22 15:20:00,825.68,825.75,825.58,825.68,20
2026-01-22 15:21:00,826.17,826.17,825.49,825.63,72
2026-01-22 15:22:00,826.06,826.07,825.9,825.9,9
2026-01-22 15:23:00,826.18,826.18,825.85,825.85,2
2026-01-22 15:24:00,826.18,826.18,825.5,825.63,18
2026-01-22 15:25:00,825.63,826.72,825.62,826.72,70
2026-01-22 15:26:00,826.91,826.91,826.91,826.91,2
2026-01-22 15:27:00,826.78,826.78,826.39,826.4,4
2026-01-22 15:28:00,826.5,826.65,826.27,826.29,191
2026-01-22 15:29:00,826.29,826.52,826.29,826.52,10
2026-01-22 15:30:00,826.61,826.61,826.06,826.06,152
2026-01-22 15:31:00,826.21,826.91,826.15,826.91,11
2026-01-22 15:32:00,826.91,826.91,826.91,826.91,0
2026-01-22 15:33:00,827.09,827.09,826.67,826.67,16
2026-01-22 15:34:00,826.01,826.02,826.01,826.01,1
2026-01-22 15:35:00,826.01,826.02,826.01,826.01,1
2026-01-22 15:36:00,826.2,826.58,825.89,826.09,10
2026-01-22 15:37:00,826.14,826.15,826.14,826.14,2
2026-01-22 15:38:00,826.6,826.96,825.98,826.96,17
2026-01-22 15:39:00,826.61,826.61,825.73,826.0,15
2026-01-22 15:40:00,826.02,826.02,826.02,826.02,2
2026-01-22 15:41:00,826.15,826.15,826.1,826.11,4
2026-01-22 15:42:00,826.67,826.81,826.66,826.81,4
2026-01-22 15:43:00,826.96,827.4,826.96,827.4,6
2026-01-22 15:44:00,827.4,827.4,827.07,827.4,7
2026-01-22 15:45:00,827.4,827.4,827.0,827.0,24
2026-01-22 15:46:00,827.39,827.4,827.39,827.4,3
2026-01-22 15:47:00,827.3,827.6,827.12,827.12,17
2026-01-22 15:48:00,826.98,827.36,826.97,827.36,5
2026-01-22 15:49:00,827.36,827.36,827.0,827.0,5
2026-01-22 15:50:00,826.95,827.35,826.95,827.0,3
2026-01-22 15:51:00,827.06,827.4,826.8,827.0,15
2026-01-22 15:52:00,827.0,827.49,826.99,827.13,21
2026-01-22 15:53:00,827.13,827.33,827.08,827.16,25
2026-01-22 15:54:00,827.25,827.25,826.45,826.5,40
2026-01-22 15:55:00,827.2,827.58,826.75,827.56,58
2026-01-22 15:56:00,827.19,827.55,826.63,827.1,17
2026-01-22 15:57:00,827.1,827.55,826.81,827.31,144
2026-01-22 15:58:00,827.31,827.31,826.95,827.14,70
2026-01-22 15:59:00,827.1,827.32,827.0,827.32,212
2026-01-23 09:30:00,828.73,829.66,827.44,828.7,60
2026-01-23 09:31:00,829.15,829.16,827.75,828.5,27
2026-01-23 09:32:00,827.96,827.96,827.96,827.96,1
2026-01-23 09:33:00,828.11,828.11,828.11,828.11,1
2026-01-23 09:34:00,827.25,827.25,823.98,824.58,30
2026-01-23 09:35:00,825.27,825.78,825.12,825.78,54
2026-01-23 09:36:00,825.78,825.78,825.78,825.78,0
2026-01-23 09:37:00,826.13,826.54,826.13,826.29,11
2026-01-23 09:38:00,826.76,827.88,826.75,827.32,35
2026-01-23 09:39:00,827.34,827.34,827.34,827.34,2
2026-01-23 09:40:00,826.94,827.39,826.94,827.39,3
2026-01-23 09:41:00,827.5,828.08,827.5,828.08,4
2026-01-23 09:42:00,827.91,828.57,827.91,828.57,3
2026-01-23 09:43:00,828.48,828.48,828.28,828.29,3
2026-01-23 09:44:00,828.86,829.13,828.83,828.92,15
2026-01-23 09:45:00,829.0,830.0,829.0,830.0,27
2026-01-23 09:46:00,829.79,830.44,829.78,829.96,58
2026-01-23 09:47:00,830.09,830.09,830.08,830.08,2
2026-01-23 09:48:00,829.68,829.68,829.02,829.03,9
2026-01-23 09:49:00,829.39,829.39,829.39,829.39,1
2026-01-23 09:50:00,829.39,829.39,829.39,829.39,0
2026-01-23 09:51:00,829.39,829.39,829.39,829.39,0
2026-01-23 09:52:00,829.39,829.39,829.39,829.39,0
2026-01-23 09:53:00,830.82,830.82,830.82,830.82,1
2026-01-23 09:54:00,830.87,830.87,830.17,830.17,3
2026-01-23 09:55:00,830.46,830.82,830.46,830.82,2
2026-01-23 09:56:00,830.82,830.82,830.82,830.82,0
2026-01-23 09:57:00,830.91,830.91,830.91,830.91,1
2026-01-23 09:58:00,830.91,830.91,830.91,830.91,0
2026-01-23 09:59:00,830.91,830.91,830.91,830.91,0
2026-01-23 10:00:00,830.99,831.0,830.99,831.0,2
2026-01-23 10:01:00,830.11,830.11,829.37,829.5,10
2026-01-23 10:02:00,828.2,829.41,828.2,829.27,55
2026-01-23 10:03:00,829.0,829.77,829.0,829.64,9
2026-01-23 10:04:00,830.1,830.1,830.1,830.1,1
2026-01-23 10:05:00,831.63,832.4,831.63,832.4,4
2026-01-23 10:06:00,832.02,832.4,831.78,832.4,6
2026-01-23 10:07:00,832.9,833.8,832.9,833.8,6
2026-01-23 10:08:00,833.08,833.08,832.1,832.57,7
2026-01-23 10:09:00,832.4,832.68,832.31,832.63,24
2026-01-23 10:10:00,832.25,832.25,832.14,832.14,4
2026-01-23 10:11:00,832.14,832.14,832.14,832.14,0
2026-01-23 10:12:00,832.29,832.51,831.78,831.79,6
2026-01-23 10:13:00,831.72,831.72,831.71,831.72,3
2026-01-23 10:14:00,830.94,831.62,830.7,831.62,67
2026-01-23 10:15:00,830.99,831.43,830.87,830.87,40
2026-01-23 10:16:00,830.76,831.58,830.6,831.58,126
2026-01-23 10:17:00,831.44,831.44,830.55,830.94,9
2026-01-23 10:18:00,830.63,831.15,830.32,830.38,8
2026-01-23 10:19:00,830.63,831.01,830.63,830.98,18
2026-01-23 10:20:00,830.74,831.5,830.74,831.5,9
2026-01-23 10:21:00,831.11,831.62,831.11,831.62,8
2026-01-23 10:22:00,831.39,831.39,831.39,831.39,1
2026-01-23 10:23:00,830.89,831.39,830.45,831.39,56
2026-01-23 10:24:00,831.73,832.05,831.73,832.0,4
2026-01-23 10:25:00,831.83,832.11,831.81,832.11,6
2026-01-23 10:26:00,831.59,831.59,831.57,831.58,4
2026-01-23 10:27:00,831.36,831.36,830.24,830.24,4
2026-01-23 10:28:00,830.89,831.0,829.17,830.07,133
2026-01-23 10:29:00,830.25,830.67,830.04,830.04,5
2026-01-23 10:30:00,830.2,830.2,830.2,830.2,1
2026-01-23 10:31:00,830.37,830.75,829.61,830.17,96
2026-01-23 10:32:00,830.1,830.1,829.62,830.05,41
2026-01-23 10:33:00,829.4,829.84,829.0,829.72,21
2026-01-23 10:34:00,829.73,830.14,829.5,829.75,22
2026-01-23 10:35:00,829.75,829.77,829.55,829.76,62
2026-01-23 10:36:00,829.9,830.16,829.9,830.0,7
2026-01-23 10:37:00,829.73,829.99,829.69,829.69,4
2026-01-23 10:38:00,829.5,830.39,829.46,830.39,42
2026-01-23 10:39:00,830.7,831.04,830.7,831.04,3
2026-01-23 10:40:00,831.26,831.26,830.87,830.87,5
2026-01-23 10:41:00,831.52,831.52,831.52,831.52,1
2026-01-23 10:42:00,831.52,831.52,831.52,831.52,0
2026-01-23 10:43:00,831.52,831.52,831.52,831.52,0
2026-01-23 10:44:00,831.07,831.41,831.07,831.41,5
2026-01-23 10:45:00,831.4,831.71,831.4,831.71,6
2026-01-23 10:46:00,832.19,832.75,832.19,832.75,4
2026-01-23 10:47:00,832.32,832.35,832.32,832.35,2
2026-01-23 10:48:00,832.62,832.62,832.33,832.33,15
2026-01-23 10:49:00,832.2,832.2,830.43,830.62,46
2026-01-23 10:50:00,830.33,830.62,830.33,830.58,5
2026-01-23 10:51:00,830.93,831.08,830.93,831.08,15
2026-01-23 10:52:00,830.76,830.76,830.66,830.66,3
2026-01-23 10:53:00,830.25,830.49,830.24,830.49,3
2026-01-23 10:54:00,830.75,831.66,830.75,831.66,34
2026-01-23 10:55:00,831.65,831.65,830.5,830.89,15
2026-01-23 10:56:00,830.89,830.89,830.89,830.89,0
2026-01-23 10:57:00,830.4,830.54,830.4,830.51,15
2026-01-23 10:58:00,830.51,830.51,830.51,830.51,0
2026-01-23 10:59:00,830.81,830.81,830.37,830.37,2
2026-01-23 11:00:00,830.7,830.7,830.7,830.7,1
2026-01-23 11:01:00,830.33,830.75,830.33,830.75,2
2026-01-23 11:02:00,830.79,830.79,830.79,830.79,1
2026-01-23 11:03:00,830.93,830.93,830.51,830.63,11
2026-01-23 11:04:00,830.63,830.63,830.63,830.63,0
2026-01-23 11:05:00,830.64,830.66,830.21,830.21,67
2026-01-23 11:06:00,830.0,830.01,829.69,829.69,9
2026-01-23 11:07:00,829.66,830.0,829.66,830.0,10
2026-01-23 11:08:00,829.95,830.0,828.82,829.19,112
2026-01-23 11:09:00,829.19,829.19,829.19,829.19,0
2026-01-23 11:10:00,828.93,829.44,828.82,828.82,11
2026-01-23 11:11:00,828.61,829.13,828.42,828.56,10
2026-01-23 11:12:00,828.58,828.58,828.41,828.42,3
2026-01-23 11:13:00,828.16,828.65,828.16,828.49,23
2026-01-23 11:14:00,828.5,828.52,828.34,828.52,9
2026-01-23 11:15:00,828.5,828.5,828.5,828.5,1
2026-01-23 11:16:00,828.3,828.5,828.19,828.44,39
2026-01-23 11:17:00,828.28,828.3,827.72,827.82,64
2026-01-23 11:18:00,827.54,827.55,827.12,827.42,29
2026-01-23 11:19:00,827.54,827.54,827.41,827.41,2
2026-01-23 11:20:00,827.56,827.7,826.74,827.0,23
2026-01-23 11:21:00,827.3,827.52,827.29,827.52,15
2026-01-23 11:22:00,826.98,827.25,826.98,827.25,4
2026-01-23 11:23:00,827.26,828.0,827.0,828.0,42
2026-01-23 11:24:00,827.57,827.57,826.6,827.5,23
2026-01-23 11:25:00,827.5,827.52,826.86,826.86,18
2026-01-23 11:26:00,827.05,827.05,826.6,826.6,31
2026-01-23 11:27:00,826.96,827.0,826.66,826.66,30
2026-01-23 11:28:00,826.18,826.18,826.18,826.18,1
2026-01-23 11:29:00,826.25,826.65,826.23,826.5,20
2026-01-23 11:30:00,826.61,826.66,825.17,825.38,82
2026-01-23 11:31:00,825.4,825.54,824.93,824.99,55
2026-01-23 11:32:00,824.77,824.77,824.04,824.04,7
2026-01-23 11:33:00,824.47,824.5,823.26,824.05,33
2026-01-23 11:34:00,825.0,825.24,825.0,825.24,13
2026-01-23 11:35:00,825.12,825.12,824.92,825.06,13
2026-01-23 11:36:00,825.28,825.6,825.26,825.49,18
2026-01-23 11:37:00,824.82,824.82,824.81,824.81,4
2026-01-23 11:38:00,824.99,824.99,824.99,824.99,72
2026-01-23 11:39:00,825.48,825.48,825.48,825.48,1
2026-01-23 11:40:00,825.34,825.34,825.34,825.34,2
2026-01-23 11:41:00,825.34,825.34,824.76,825.0,16
2026-01-23 11:42:00,825.0,825.0,825.0,825.0,0
2026-01-23 11:43:00,824.99,825.36,824.53,825.36,73
2026-01-23 11:44:00,826.11,826.11,824.61,824.61,13
2026-01-23 11:45:00,825.46,825.46,825.46,825.46,3
2026-01-23 11:46:00,825.03,825.03,825.03,825.03,1
2026-01-23 11:47:00,824.62,825.0,824.39,824.95,51
2026-01-23 11:48:00,824.95,825.0,823.59,823.61,36
2026-01-23 11:49:00,823.6,824.47,823.23,824.47,8
2026-01-23 11:50:00,825.25,825.25,825.24,825.25,1
2026-01-23 11:51:00,823.7,824.0,823.7,823.85,12
2026-01-23 11:52:00,823.85,823.85,823.85,823.85,0
2026-01-23 11:53:00,823.7,824.0,823.7,823.85,19
2026-01-23 11:54:00,823.85,823.85,823.85,823.85,0
2026-01-23 11:55:00,823.09,823.31,822.42,823.31,4
2026-01-23 11:56:00,822.63,823.19,821.62,821.62,10
2026-01-23 11:57:00,821.79,821.79,821.07,821.07,3
2026-01-23 11:58:00,821.79,821.79,821.21,821.21,4
2026-01-23 11:59:00,821.21,821.21,821.21,821.21,0
2026-01-23 12:00:00,821.36,821.36,820.57,820.57,128
2026-01-23 12:01:00,820.28,820.28,820.24,820.24,3
2026-01-23 12:02:00,821.32,821.32,820.64,821.32,36
2026-01-23 12:03:00,821.32,821.32,821.31,821.32,5
2026-01-23 12:04:00,821.32,821.32,821.32,821.32,0
2026-01-23 12:05:00,821.32,821.32,821.32,821.32,0
2026-01-23 12:06:00,821.37,821.37,821.36,821.37,3
2026-01-23 12:07:00,821.31,821.31,821.3,821.31,4
2026-01-23 12:08:00,821.0,821.0,821.0,821.0,1
2026-01-23 12:09:00,821.31,821.31,819.77,821.0,171
2026-01-23 12:10:00,820.29,820.29,818.33,818.67,8
2026-01-23 12:11:00,818.67,818.67,818.67,818.67,0
2026-01-23 12:12:00,818.4,819.36,817.34,817.73,159
2026-01-23 12:13:00,817.73,817.73,813.56,813.56,17
2026-01-23 12:14:00,813.78,815.74,813.78,815.73,24
2026-01-23 12:15:00,812.46,816.0,812.46,815.47,57
2026-01-23 12:16:00,813.61,813.61,812.18,812.18,13
2026-01-23 12:17:00,812.18,812.18,812.18,812.18,0
2026-01-23 12:18:00,812.18,812.18,812.18,812.18,0
2026-01-23 12:19:00,813.54,814.01,812.01,812.19,10
2026-01-23 12:20:00,813.8,813.8,811.68,812.0,28
2026-01-23 12:21:00,811.5,811.51,811.5,811.5,1
2026-01-23 12:22:00,812.51,812.61,812.51,812.61,2
2026-01-23 12:23:00,812.53,814.48,812.53,813.12,80
2026-01-23 12:24:00,811.92,812.0,811.31,811.96,82
2026-01-23 12:25:00,810.52,810.52,810.51,810.51,10
2026-01-23 12:26:00,810.51,810.51,810.51,810.51,0
2026-01-23 12:27:00,811.93,812.07,811.57,811.57,5
2026-01-23 12:28:00,811.57,811.57,811.57,811.57,0
2026-01-23 12:29:00,811.57,811.57,811.57,811.57,0
2026-01-23 12:30:00,811.57,811.57,811.57,811.57,0
2026-01-23 12:31:00,811.57,811.57,811.57,811.57,0
2026-01-23 12:32:00,813.59,813.59,813.58,813.59,1
2026-01-23 12:33:00,813.59,813.59,813.59,813.59,0
2026-01-23 12:34:00,813.59,813.59,813.59,813.59,0
2026-01-23 12:35:00,813.59,813.59,813.59,813.59,0
2026-01-23 12:36:00,813.89,813.93,813.76,813.76,9
2026-01-23 12:37:00,813.76,813.76,813.76,813.76,2
2026-01-23 12:38:00,814.31,814.31,814.31,814.31,2
2026-01-23 12:39:00,814.31,814.31,814.31,814.31,0
2026-01-23 12:40:00,813.76,813.77,813.76,813.76,3
2026-01-23 12:41:00,813.76,813.76,813.76,813.76,0
2026-01-23 12:42:00,815.88,817.01,815.88,817.0,4
2026-01-23 12:43:00,817.0,817.0,817.0,817.0,0
2026-01-23 12:44:00,814.26,814.37,814.26,814.37,2
2026-01-23 12:45:00,816.57,816.57,816.57,816.57,1
2026-01-23 12:46:00,816.57,816.57,816.57,816.57,0
2026-01-23 12:47:00,816.57,816.57,816.57,816.57,0
2026-01-23 12:48:00,816.57,816.57,816.57,816.57,1
2026-01-23 12:49:00,816.57,816.57,816.57,816.57,0
2026-01-23 12:50:00,816.57,816.57,816.57,816.57,0
2026-01-23 12:51:00,816.57,816.57,816.57,816.57,1
2026-01-23 12:52:00,816.57,816.57,816.57,816.57,0
2026-01-23 12:53:00,814.25,814.25,814.25,814.25,1
2026-01-23 12:54:00,814.25,815.0,814.14,815.0,4
2026-01-23 12:55:00,814.55,814.55,814.54,814.55,4
2026-01-23 12:56:00,814.55,814.55,814.54,814.55,1
2026-01-23 12:57:00,815.87,815.87,815.87,815.87,1
2026-01-23 12:58:00,815.0,816.43,814.54,814.55,3
2026-01-23 12:59:00,814.55,814.55,814.55,814.55,0
2026-01-23 13:00:00,814.55,814.55,814.55,814.55,0
2026-01-23 13:01:00,816.43,816.43,816.43,816.43,1
2026-01-23 13:02:00,816.43,816.43,816.43,816.43,0
2026-01-23 13:03:00,816.78,816.78,816.77,816.78,7
2026-01-23 13:04:00,814.54,814.54,814.53,814.54,9
2026-01-23 13:05:00,813.67,813.67,813.67,813.67,3
2026-01-23 13:06:00,814.46,815.14,814.46,815.0,5
2026-01-23 13:07:00,815.0,816.53,814.35,815.52,33
2026-01-23 13:08:00,816.04,816.64,816.04,816.64,2
2026-01-23 13:09:00,816.04,817.19,816.04,817.19,2
2026-01-23 13:10:00,817.19,817.19,817.19,817.19,0
2026-01-23 13:11:00,816.85,816.85,816.85,816.85,1
2026-01-23 13:12:00,817.43,817.43,816.53,816.8,8
2026-01-23 13:13:00,816.53,816.68,816.13,816.13,13
2026-01-23 13:14:00,816.36,816.75,815.52,816.12,33
2026-01-23 13:15:00,814.94,814.94,814.94,814.94,3
2026-01-23 13:16:00,816.57,817.46,816.57,816.75,22
2026-01-23 13:17:00,816.5,816.5,816.49,816.5,1
2026-01-23 13:18:00,816.5,816.5,816.5,816.5,0
2026-01-23 13:19:00,816.5,816.5,816.5,816.5,0
2026-01-23 13:20:00,816.46,816.46,816.46,816.46,3
2026-01-23 13:21:00,816.46,816.46,816.46,816.46,0
2026-01-23 13:22:00,816.46,816.46,816.46,816.46,0
2026-01-23 13:23:00,816.46,816.46,816.46,816.46,0
2026-01-23 13:24:00,816.46,816.46,816.46,816.46,0
2026-01-23 13:25:00,816.46,816.46,816.46,816.46,0
2026-01-23 13:26:00,816.4,817.39,816.39,817.39,2
2026-01-23 13:27:00,816.4,817.26,816.39,817.26,12
2026-01-23 13:28:00,817.26,817.26,817.26,817.26,0
2026-01-23 13:29:00,816.68,817.0,816.68,816.98,4
2026-01-23 13:30:00,816.87,816.87,816.87,816.87,1
2026-01-23 13:31:00,816.87,817.0,816.23,817.0,4
2026-01-23 13:32:00,817.0,817.0,817.0,817.0,0
2026-01-23 13:33:00,816.99,817.08,816.9,817.08,7
2026-01-23 13:34:00,817.0,817.08,817.0,817.08,2
2026-01-23 13:35:00,817.0,817.0,816.29,816.29,2
2026-01-23 13:36:00,817.09,817.91,816.78,817.91,10
2026-01-23 13:37:00,817.95,818.02,817.94,818.01,3
2026-01-23 13:38:00,818.26,818.27,818.26,818.26,1
2026-01-23 13:39:00,818.28,818.28,818.28,818.28,1
2026-01-23 13:40:00,817.17,817.17,816.78,816.97,3
2026-01-23 13:41:00,816.97,816.97,816.97,816.97,0
2026-01-23 13:42:00,818.28,818.28,818.27,818.27,7
2026-01-23 13:43:00,816.61,818.15,816.3,816.76,24
2026-01-23 13:44:00,816.76,816.76,816.76,816.76,0
2026-01-23 13:45:00,816.76,816.76,816.76,816.76,0
2026-01-23 13:46:00,816.82,817.15,816.59,817.15,24
2026-01-23 13:47:00,817.15,817.15,817.15,817.15,0
2026-01-23 13:48:00,817.0,817.15,816.3,817.0,68
2026-01-23 13:49:00,816.29,817.0,814.41,814.41,20
2026-01-23 13:50:00,816.1,816.1,815.43,816.0,66
2026-01-23 13:51:00,815.55,815.55,815.55,815.55,2
2026-01-23 13:52:00,815.48,815.51,815.47,815.5,17
2026-01-23 13:53:00,815.5,815.5,815.5,815.5,0
2026-01-23 13:54:00,815.5,815.5,815.5,815.5,0
2026-01-23 13:55:00,816.46,816.46,815.72,815.73,4
2026-01-23 13:56:00,816.58,816.59,816.19,816.53,9
2026-01-23 13:57:00,817.04,817.04,817.04,817.04,1
2026-01-23 13:58:00,816.74,816.74,816.74,816.74,1
2026-01-23 13:59:00,815.68,816.38,815.68,816.38,3
2026-01-23 14:00:00,816.38,816.38,816.38,816.38,0
2026-01-23 14:01:00,816.38,816.55,816.37,816.55,7
2026-01-23 14:02:00,816.65,816.65,816.64,816.65,1
2026-01-23 14:03:00,816.19,816.19,815.87,815.87,11
2026-01-23 14:04:00,816.66,816.66,816.66,816.66,1
2026-01-23 14:05:00,816.66,816.66,816.66,816.66,0
2026-01-23 14:06:00,817.09,818.01,817.09,818.01,7
2026-01-23 14:07:00,818.25,818.26,818.19,818.19,2
2026-01-23 14:08:00,818.25,818.26,818.25,818.25,1
2026-01-23 14:09:00,817.75,818.26,817.75,818.25,5
2026-01-23 14:10:00,819.09,819.09,819.09,819.09,1
2026-01-23 14:11:00,817.64,819.51,817.64,819.51,11
2026-01-23 14:12:00,819.51,819.51,819.51,819.51,0
2026-01-23 14:13:00,819.4,819.4,819.4,819.4,1
2026-01-23 14:14:00,819.38,820.0,819.38,820.0,22
2026-01-23 14:15:00,820.0,820.0,820.0,820.0,0
2026-01-23 14:16:00,820.0,820.0,819.71,820.0,9
2026-01-23 14:17:00,820.0,820.0,819.65,820.0,7
2026-01-23 14:18:00,819.66,819.66,819.65,819.66,1
2026-01-23 14:19:00,819.06,820.0,819.06,820.0,31
2026-01-23 14:20:00,819.04,821.02,819.04,821.01,21
2026-01-23 14:21:00,821.01,821.01,821.01,821.01,0
2026-01-23 14:22:00,820.94,820.94,820.27,820.27,9
2026-01-23 14:23:00,819.95,819.95,819.94,819.95,2
2026-01-23 14:24:00,819.31,819.44,819.26,819.26,5
2026-01-23 14:25:00,818.3,818.3,818.3,818.3,3
2026-01-23 14:26:00,819.63,819.63,819.63,819.63,1
2026-01-23 14:27:00,818.41,818.41,818.4,818.41,3
2026-01-23 14:28:00,818.3,820.0,818.3,819.62,46
2026-01-23 14:29:00,820.0,820.0,819.46,819.47,31
2026-01-23 14:30:00,819.47,819.47,819.47,819.47,0
2026-01-23 14:31:00,819.3,819.3,818.32,819.16,4
2026-01-23 14:32:00,819.38,819.38,818.28,818.28,2
2026-01-23 14:33:00,818.28,818.28,818.28,818.28,0
2026-01-23 14:34:00,819.0,819.0,818.99,819.0,1
2026-01-23 14:35:00,818.95,819.91,818.94,819.75,27
2026-01-23 14:36:00,820.51,820.51,820.51,820.51,1
2026-01-23 14:37:00,820.51,820.51,820.51,820.51,0
2026-01-23 14:38:00,819.39,820.26,819.39,820.26,2
2026-01-23 14:39:00,819.91,820.13,819.9,820.13,2
2026-01-23 14:40:00,820.13,820.13,820.13,820.13,0
2026-01-23 14:41:00,820.13,820.13,820.13,820.13,0
2026-01-23 14:42:00,820.13,820.13,820.13,820.13,0
2026-01-23 14:43:00,820.51,820.51,820.51,820.51,1
2026-01-23 14:44:00,820.0,820.0,819.82,819.91,19
2026-01-23 14:45:00,819.91,819.91,819.91,819.91,0
2026-01-23 14:46:00,819.91,819.91,819.9,819.91,2
2026-01-23 14:47:00,820.04,820.04,820.04,820.04,1
2026-01-23 14:48:00,820.49,820.49,820.49,820.49,1
2026-01-23 14:49:00,819.89,820.0,819.89,819.89,4
2026-01-23 14:50:00,820.61,820.61,820.34,820.34,2
2026-01-23 14:51:00,820.3,820.3,820.3,820.3,1
2026-01-23 14:52:00,819.89,820.0,819.34,819.43,55
2026-01-23 14:53:00,819.84,820.0,819.63,819.94,48
2026-01-23 14:54:00,820.0,820.0,819.96,820.0,12
2026-01-23 14:55:00,820.17,820.18,819.98,819.99,7
2026-01-23 14:56:00,819.99,819.99,819.98,819.99,1
2026-01-23 14:57:00,819.99,820.0,819.99,819.99,2
2026-01-23 14:58:00,819.99,819.99,819.99,819.99,0
2026-01-23 14:59:00,820.03,820.03,820.03,820.03,1
2026-01-23 15:00:00,819.99,820.0,818.64,819.17,24
2026-01-23 15:01:00,818.71,820.0,818.71,820.0,42
2026-01-23 15:02:00,820.0,820.0,819.76,819.9,8
2026-01-23 15:03:00,819.9,819.9,819.9,819.9,0
2026-01-23 15:04:00,820.03,820.09,820.03,820.08,5
2026-01-23 15:05:00,819.52,819.52,819.52,819.52,1
2026-01-23 15:06:00,819.59,819.59,819.35,819.47,3
2026-01-23 15:07:00,819.47,819.47,819.47,819.47,0
2026-01-23 15:08:00,819.67,820.27,819.66,819.67,5
2026-01-23 15:09:00,819.57,820.03,819.57,819.94,7
2026-01-23 15:10:00,819.66,819.66,819.66,819.66,1
2026-01-23 15:11:00,820.06,820.06,819.03,819.65,6
2026-01-23 15:12:00,819.64,819.82,819.64,819.82,2
2026-01-23 15:13:00,820.03,820.08,819.9,819.96,10
2026-01-23 15:14:00,820.09,820.48,820.02,820.09,8
2026-01-23 15:15:00,820.1,820.1,820.1,820.1,1
2026-01-23 15:16:00,820.1,820.1,819.41,819.42,14
2026-01-23 15:17:00,819.42,820.09,819.42,819.66,18
2026-01-23 15:18:00,819.78,820.0,819.58,819.68,36
2026-01-23 15:19:00,819.85,819.85,818.91,818.91,11
2026-01-23 15:20:00,818.17,818.17,817.8,817.81,2
2026-01-23 15:21:00,819.54,819.54,818.47,818.59,35
2026-01-23 15:22:00,817.83,817.84,817.83,817.84,4
2026-01-23 15:23:00,818.35,818.36,818.34,818.35,8
2026-01-23 15:24:00,817.81,818.35,817.35,818.35,7
2026-01-23 15:25:00,817.66,818.25,817.35,817.93,31
2026-01-23 15:26:00,817.93,817.94,817.93,817.94,3
2026-01-23 15:27:00,817.94,817.94,816.86,817.01,8
2026-01-23 15:28:00,817.25,817.5,816.96,817.25,5
2026-01-23 15:29:00,816.84,817.18,816.84,816.85,21
2026-01-23 15:30:00,816.35,816.35,815.55,815.55,5
2026-01-23 15:31:00,815.9,816.32,815.53,815.6,43
2026-01-23 15:32:00,815.55,816.7,815.55,816.66,51
2026-01-23 15:33:00,816.7,816.72,816.58,816.58,8
2026-01-23 15:34:00,816.6,816.63,816.6,816.63,3
2026-01-23 15:35:00,816.58,816.59,816.58,816.59,2
2026-01-23 15:36:00,816.59,816.59,815.84,815.84,14
2026-01-23 15:37:00,816.29,816.6,815.98,815.98,5
2026-01-23 15:38:00,816.3,816.98,815.84,816.85,34
2026-01-23 15:39:00,816.95,817.53,816.94,816.96,3
2026-01-23 15:40:00,816.96,816.98,816.96,816.98,2
2026-01-23 15:41:00,816.98,816.98,816.29,816.98,17
2026-01-23 15:42:00,817.04,817.04,816.54,816.55,7
2026-01-23 15:43:00,816.91,816.97,816.5,816.97,12
2026-01-23 15:44:00,816.5,816.5,815.55,815.99,20
2026-01-23 15:45:00,815.55,815.55,814.99,815.3,17
2026-01-23 15:46:00,815.05,815.29,815.04,815.05,8
2026-01-23 15:47:00,815.08,815.28,815.08,815.28,17
2026-01-23 15:48:00,815.17,815.17,815.16,815.17,9
2026-01-23 15:49:00,815.17,815.17,815.17,815.17,0
2026-01-23 15:50:00,814.96,814.96,814.01,814.39,15
2026-01-23 15:51:00,814.39,814.61,814.29,814.61,8
2026-01-23 15:52:00,814.61,814.61,814.6,814.61,8
2026-01-23 15:53:00,814.44,814.69,814.44,814.66,10
2026-01-23 15:54:00,814.25,814.88,813.93,814.88,41
2026-01-23 15:55:00,815.17,816.3,814.88,815.0,36
2026-01-23 15:56:00,814.66,815.81,813.35,813.36,43
2026-01-23 15:57:00,813.25,814.53,813.13,814.16,29
2026-01-23 15:58:00,813.41,814.91,813.41,814.58,77
2026-01-23 15:59:00,814.06,815.02,814.02,814.37,138
2026-01-26 09:30:00,820.56,821.8,817.74,818.71,88
2026-01-26 09:31:00,820.1,820.87,817.01,817.58,46
2026-01-26 09:32:00,817.8,819.13,817.48,819.08,97
2026-01-26 09:33:00,820.48,820.74,820.4,820.54,12
2026-01-26 09:34:00,821.21,822.69,821.21,822.69,28
2026-01-26 09:35:00,822.63,823.88,822.63,823.87,8
2026-01-26 09:36:00,824.22,824.43,822.71,824.43,13
2026-01-26 09:37:00,824.51,824.51,823.56,823.57,12
2026-01-26 09:38:00,823.35,824.27,823.03,824.27,8
2026-01-26 09:39:00,824.51,825.2,824.51,824.55,14
2026-01-26 09:40:00,823.92,823.93,823.67,823.67,7
2026-01-26 09:41:00,824.76,825.95,824.68,825.8,15
2026-01-26 09:42:00,826.33,827.08,826.33,827.08,4
2026-01-26 09:43:00,827.25,827.48,826.34,826.34,19
2026-01-26 09:44:00,826.04,827.03,825.36,827.03,15
2026-01-26 09:45:00,827.25,827.59,827.25,827.59,13
2026-01-26 09:46:00,828.62,829.02,828.59,828.91,19
2026-01-26 09:47:00,829.28,829.65,829.16,829.65,5
2026-01-26 09:48:00,829.15,829.15,828.63,828.63,5
2026-01-26 09:49:00,828.51,828.51,827.84,827.84,2
2026-01-26 09:50:00,828.34,828.58,828.21,828.58,8
2026-01-26 09:51:00,828.81,828.81,828.13,828.5,5
2026-01-26 09:52:00,828.49,828.95,828.49,828.5,16
2026-01-26 09:53:00,829.44,830.48,829.1,829.72,51
2026-01-26 09:54:00,830.05,830.05,830.05,830.05,1
2026-01-26 09:55:00,831.05,832.55,831.05,831.2,16
2026-01-26 09:56:00,831.2,831.2,831.2,831.2,0
2026-01-26 09:57:00,832.58,833.62,832.57,833.61,10
2026-01-26 09:58:00,833.97,834.76,833.97,834.33,16
2026-01-26 09:59:00,834.94,835.33,833.53,833.53,46
2026-01-26 10:00:00,833.87,833.87,832.67,832.67,14
2026-01-26 10:01:00,832.32,832.32,832.22,832.31,6
2026-01-26 10:02:00,832.73,833.58,832.73,833.11,25
2026-01-26 10:03:00,832.71,832.71,832.71,832.71,1
2026-01-26 10:04:00,832.74,833.19,832.73,833.19,5
2026-01-26 10:05:00,833.49,833.49,833.12,833.12,9
2026-01-26 10:06:00,833.18,833.22,831.27,831.27,15
2026-01-26 10:07:00,831.59,831.59,829.68,829.68,8
2026-01-26 10:08:00,828.66,829.7,828.66,829.7,17
2026-01-26 10:09:00,828.69,828.69,826.82,827.12,30
2026-01-26 10:10:00,827.12,827.12,827.12,827.12,0
2026-01-26 10:11:00,827.22,828.84,826.98,827.31,243
2026-01-26 10:12:00,828.22,828.55,826.19,826.42,31
2026-01-26 10:13:00,825.87,825.87,824.15,824.16,7
2026-01-26 10:14:00,824.56,824.62,824.56,824.62,11
2026-01-26 10:15:00,824.71,824.86,823.96,824.28,29
2026-01-26 10:16:00,823.85,824.16,823.85,824.09,10
2026-01-26 10:17:00,824.09,824.09,824.09,824.09,0
2026-01-26 10:18:00,824.54,825.64,824.47,825.64,52
2026-01-26 10:19:00,825.49,825.58,825.12,825.12,9
2026-01-26 10:20:00,825.14,825.25,825.14,825.25,2
2026-01-26 10:21:00,825.19,825.88,825.03,825.53,20
2026-01-26 10:22:00,825.67,825.67,824.92,824.92,9
2026-01-26 10:23:00,825.88,826.08,825.88,826.08,6
2026-01-26 10:24:00,825.83,827.07,825.83,826.42,35
2026-01-26 10:25:00,826.49,826.49,826.49,826.49,1
2026-01-26 10:26:00,826.36,826.36,826.18,826.36,6
2026-01-26 10:27:00,826.25,826.26,826.25,826.25,2
2026-01-26 10:28:00,826.26,826.26,825.61,825.61,5
2026-01-26 10:29:00,825.6,825.6,824.57,824.95,53
2026-01-26 10:30:00,825.18,826.18,824.96,825.52,56
2026-01-26 10:31:00,825.0,825.01,824.32,824.32,12
2026-01-26 10:32:00,824.01,824.28,824.0,824.09,10
2026-01-26 10:33:00,824.54,825.22,824.54,824.74,20
2026-01-26 10:34:00,824.88,826.43,824.88,826.43,8
2026-01-26 10:35:00,826.22,826.22,826.22,826.22,1
2026-01-26 10:36:00,826.41,826.41,826.4,826.41,1
2026-01-26 10:37:00,826.18,826.18,825.44,825.44,12
2026-01-26 10:38:00,825.75,825.75,825.74,825.75,1
2026-01-26 10:39:00,826.13,826.13,826.06,826.06,3
2026-01-26 10:40:00,825.84,825.84,825.79,825.79,2
2026-01-26 10:41:00,825.79,825.79,825.79,825.79,0
2026-01-26 10:42:00,825.79,825.79,825.79,825.79,0
2026-01-26 10:43:00,825.79,825.79,825.79,825.79,0
2026-01-26 10:44:00,826.08,826.11,826.08,826.08,11
2026-01-26 10:45:00,826.23,826.25,825.94,826.25,4
2026-01-26 10:46:00,826.18,826.67,825.97,825.98,31
2026-01-26 10:47:00,825.98,825.98,825.98,825.98,0
2026-01-26 10:48:00,826.26,826.26,826.26,826.26,1
2026-01-26 10:49:00,825.99,825.99,825.97,825.97,4
2026-01-26 10:50:00,826.21,826.37,826.21,826.37,6
2026-01-26 10:51:00,826.36,826.36,826.35,826.36,1
2026-01-26 10:52:00,826.55,826.67,826.55,826.67,8
2026-01-26 10:53:00,826.67,826.67,826.67,826.67,0
2026-01-26 10:54:00,826.67,826.67,826.67,826.67,0
2026-01-26 10:55:00,826.67,826.67,826.67,826.67,0
2026-01-26 10:56:00,826.51,827.28,826.51,826.74,13
2026-01-26 10:57:00,826.91,828.92,826.9,828.92,353
2026-01-26 10:58:00,829.24,829.92,829.24,829.85,17
2026-01-26 10:59:00,830.01,830.55,829.99,830.44,19
2026-01-26 11:00:00,830.7,832.86,830.7,832.66,57
2026-01-26 11:01:00,832.63,832.94,831.51,832.83,202
2026-01-26 11:02:00,833.3,833.65,832.62,833.65,9
2026-01-26 11:03:00,834.12,834.12,833.6,833.84,30
2026-01-26 11:04:00,833.57,833.57,833.52,833.52,6
2026-01-26 11:05:00,833.28,833.28,832.15,832.15,21
2026-01-26 11:06:00,831.74,831.88,831.59,831.59,7
2026-01-26 11:07:00,831.58,832.13,830.52,830.69,50
2026-01-26 11:08:00,830.9,831.75,830.9,831.75,6
2026-01-26 11:09:00,831.33,831.33,831.33,831.33,1
2026-01-26 11:10:00,831.33,831.33,831.33,831.33,0
2026-01-26 11:11:00,830.61,830.61,830.61,830.61,1
2026-01-26 11:12:00,830.27,830.27,829.39,829.39,14
2026-01-26 11:13:00,829.29,830.15,828.97,829.32,89
2026-01-26 11:14:00,829.27,829.28,828.92,829.05,8
2026-01-26 11:15:00,828.42,828.45,828.42,828.45,2
2026-01-26 11:16:00,828.45,828.45,828.45,828.45,0
2026-01-26 11:17:00,828.45,828.45,828.45,828.45,0
2026-01-26 11:18:00,828.45,828.45,828.45,828.45,0
2026-01-26 11:19:00,828.64,828.64,828.28,828.28,5
2026-01-26 11:20:00,827.73,828.45,826.76,827.31,49
2026-01-26 11:21:00,827.5,827.69,827.44,827.69,3
2026-01-26 11:22:00,827.21,827.26,826.9,827.03,42
2026-01-26 11:23:00,826.86,826.86,826.86,826.86,1
2026-01-26 11:24:00,826.97,826.97,826.97,826.97,1
2026-01-26 11:25:00,827.66,827.66,827.65,827.66,1
2026-01-26 11:26:00,827.66,827.66,827.66,827.66,0
2026-01-26 11:27:00,827.66,827.66,827.66,827.66,0
2026-01-26 11:28:00,827.66,827.66,827.66,827.66,0
2026-01-26 11:29:00,827.58,827.61,827.58,827.6,5
2026-01-26 11:30:00,827.92,828.43,827.78,828.41,26
2026-01-26 11:31:00,829.61,829.61,829.61,829.61,2
2026-01-26 11:32:00,829.92,829.92,829.91,829.92,1
2026-01-26 11:33:00,829.82,829.99,829.82,829.99,3
2026-01-26 11:34:00,829.5,829.82,829.5,829.82,6
2026-01-26 11:35:00,829.45,829.87,828.83,829.87,59
2026-01-26 11:36:00,829.87,829.87,829.87,829.87,0
2026-01-26 11:37:00,829.87,829.87,829.87,829.87,0
2026-01-26 11:38:00,829.87,829.87,829.87,829.87,0
2026-01-26 11:39:00,830.69,831.93,830.69,831.93,6
2026-01-26 11:40:00,828.9,830.23,828.9,830.23,2
2026-01-26 11:41:00,830.23,830.23,830.23,830.23,0
2026-01-26 11:42:00,830.23,830.23,830.23,830.23,0
2026-01-26 11:43:00,830.7,830.71,830.7,830.7,1
2026-01-26 11:44:00,830.7,830.7,830.7,830.7,0
2026-01-26 11:45:00,830.7,830.7,830.7,830.7,0
2026-01-26 11:46:00,830.7,830.7,830.7,830.7,0
2026-01-26 11:47:00,830.7,830.7,830.7,830.7,0
2026-01-26 11:48:00,828.8,830.79,828.8,830.79,3
2026-01-26 11:49:00,830.79,830.79,830.79,830.79,0
2026-01-26 11:50:00,828.98,828.98,828.8,828.8,8
2026-01-26 11:51:00,828.8,828.8,828.8,828.8,0
2026-01-26 11:52:00,828.8,828.8,828.8,828.8,0
2026-01-26 11:53:00,828.8,828.8,828.8,828.8,0
2026-01-26 11:54:00,826.25,826.25,825.97,825.97,4
2026-01-26 11:55:00,825.97,825.97,825.97,825.97,0
2026-01-26 11:56:00,825.97,825.97,825.97,825.97,0
2026-01-26 11:57:00,825.97,825.97,825.97,825.97,0
2026-01-26 11:58:00,825.97,825.97,825.97,825.97,0
2026-01-26 11:59:00,827.34,827.35,827.34,827.35,6
2026-01-26 12:00:00,826.39,827.2,825.87,827.2,13
2026-01-26 12:01:00,827.2,827.2,827.2,827.2,0
2026-01-26 12:02:00,827.2,827.2,827.2,827.2,0
2026-01-26 12:03:00,827.2,827.2,827.2,827.2,0
2026-01-26 12:04:00,827.2,827.2,827.2,827.2,0
2026-01-26 12:05:00,827.2,827.2,827.2,827.2,0
2026-01-26 12:06:00,827.2,827.2,827.2,827.2,0
2026-01-26 12:07:00,828.32,828.32,828.31,828.32,3
2026-01-26 12:08:00,828.32,828.32,828.32,828.32,0
2026-01-26 12:09:00,828.33,828.33,828.33,828.33,1
2026-01-26 12:10:00,828.33,828.33,828.33,828.33,0
2026-01-26 12:11:00,828.33,829.41,828.33,829.41,5
2026-01-26 12:12:00,828.67,828.67,828.67,828.67,2
2026-01-26 12:13:00,828.67,828.67,828.67,828.67,0
2026-01-26 12:14:00,828.67,828.67,828.67,828.67,0
2026-01-26 12:15:00,828.67,828.67,828.67,828.67,0
2026-01-26 12:16:00,828.67,828.67,828.67,828.67,0
2026-01-26 12:17:00,828.67,828.67,828.67,828.67,0
2026-01-26 12:18:00,828.67,828.67,828.67,828.67,0
2026-01-26 12:19:00,828.39,828.39,828.39,828.39,1
2026-01-26 12:20:00,828.39,828.39,828.39,828.39,3
2026-01-26 12:21:00,828.39,828.39,828.39,828.39,0
2026-01-26 12:22:00,828.39,828.39,828.39,828.39,0
2026-01-26 12:23:00,828.39,828.39,828.39,828.39,0
2026-01-26 12:24:00,828.39,828.39,828.39,828.39,0
2026-01-26 12:25:00,828.39,828.39,828.39,828.39,0
2026-01-26 12:26:00,828.39,828.39,828.39,828.39,1
2026-01-26 12:27:00,828.39,828.39,828.39,828.39,0
2026-01-26 12:28:00,828.39,828.39,828.39,828.39,1
2026-01-26 12:29:00,828.39,828.39,828.39,828.39,0
2026-01-26 12:30:00,827.35,828.39,827.35,828.39,6
2026-01-26 12:31:00,828.39,828.39,828.39,828.39,0
2026-01-26 12:32:00,828.39,828.39,828.39,828.39,2
2026-01-26 12:33:00,827.9,827.9,827.9,827.9,1
2026-01-26 12:34:00,827.9,827.9,827.9,827.9,0
2026-01-26 12:35:00,828.78,828.78,828.77,828.78,1
2026-01-26 12:36:00,827.9,827.9,827.89,827.9,2
2026-01-26 12:37:00,827.9,827.9,827.9,827.9,0
2026-01-26 12:38:00,827.9,827.9,827.89,827.9,1
2026-01-26 12:39:00,827.9,827.9,827.9,827.9,0
2026-01-26 12:40:00,827.4,828.65,827.4,827.4,4
2026-01-26 12:41:00,827.89,827.89,826.16,827.89,6
2026-01-26 12:42:00,827.89,827.89,827.89,827.89,0
2026-01-26 12:43:00,827.24,827.24,827.24,827.24,2
2026-01-26 12:44:00,827.89,827.89,827.89,827.89,1
2026-01-26 12:45:00,827.89,827.89,827.89,827.89,0
2026-01-26 12:46:00,827.89,827.89,827.89,827.89,0
2026-01-26 12:47:00,827.89,827.89,827.89,827.89,0
2026-01-26 12:48:00,827.89,827.89,827.89,827.89,0
2026-01-26 12:49:00,827.89,827.89,827.89,827.89,0
2026-01-26 12:50:00,826.81,826.81,826.43,826.67,4
2026-01-26 12:51:00,826.67,826.67,826.67,826.67,0
2026-01-26 12:52:00,827.89,827.89,827.89,827.89,2
2026-01-26 12:53:00,827.89,827.89,827.89,827.89,0
2026-01-26 12:54:00,827.89,827.89,827.89,827.89,0
2026-01-26 12:55:00,827.89,827.89,827.89,827.89,0
2026-01-26 12:56:00,827.89,827.89,827.89,827.89,2
2026-01-26 12:57:00,827.89,827.89,827.89,827.89,0
2026-01-26 12:58:00,827.42,828.47,827.42,828.47,3
2026-01-26 12:59:00,827.46,828.34,827.46,828.34,5
2026-01-26 13:00:00,828.64,829.88,828.64,829.88,42
2026-01-26 13:01:00,829.88,829.88,829.88,829.88,0
2026-01-26 13:02:00,829.92,829.92,829.92,829.92,1
2026-01-26 13:03:00,830.55,830.55,830.55,830.55,2
2026-01-26 13:04:00,829.58,830.4,829.58,830.4,5
2026-01-26 13:05:00,830.4,830.4,830.4,830.4,0
2026-01-26 13:06:00,831.48,831.82,829.46,830.72,36
2026-01-26 13:07:00,830.86,831.18,830.63,831.18,13
2026-01-26 13:08:00,831.56,832.17,830.85,830.86,22
2026-01-26 13:09:00,830.86,830.86,830.86,830.86,0
2026-01-26 13:10:00,830.86,830.86,830.86,830.86,0
2026-01-26 13:11:00,830.85,832.04,830.19,830.2,7
2026-01-26 13:12:00,832.05,832.05,830.19,830.19,5
2026-01-26 13:13:00,829.76,830.25,829.34,830.25,6
2026-01-26 13:14:00,830.25,830.25,830.25,830.25,0
2026-01-26 13:15:00,830.0,830.0,830.0,830.0,4
2026-01-26 13:16:00,830.62,830.62,830.62,830.62,1
2026-01-26 13:17:00,830.62,830.62,830.62,830.62,0
2026-01-26 13:18:00,828.98,828.98,828.98,828.98,1
2026-01-26 13:19:00,830.0,830.0,828.33,828.59,8
2026-01-26 13:20:00,828.59,828.59,828.59,828.59,0
2026-01-26 13:21:00,828.59,828.59,828.59,828.59,0
2026-01-26 13:22:00,828.59,828.59,828.59,828.59,0
2026-01-26 13:23:00,828.59,828.59,828.59,828.59,0
2026-01-26 13:24:00,830.01,830.01,830.01,830.01,2
2026-01-26 13:25:00,828.69,828.69,828.69,828.69,1
2026-01-26 13:26:00,828.69,828.69,828.69,828.69,0
2026-01-26 13:27:00,828.69,828.69,828.69,828.69,0
2026-01-26 13:28:00,828.69,828.69,828.69,828.69,0
2026-01-26 13:29:00,828.69,828.69,828.69,828.69,0
2026-01-26 13:30:00,828.69,828.69,828.69,828.69,0
2026-01-26 13:31:00,828.69,828.69,828.69,828.69,0
2026-01-26 13:32:00,830.8,830.8,830.8,830.8,1
2026-01-26 13:33:00,830.62,830.62,830.62,830.62,1
2026-01-26 13:34:00,830.62,830.62,830.62,830.62,0
2026-01-26 13:35:00,830.46,830.46,830.45,830.46,2
2026-01-26 13:36:00,830.46,830.46,830.46,830.46,0
2026-01-26 13:37:00,830.46,830.46,830.46,830.46,0
2026-01-26 13:38:00,830.46,830.46,830.46,830.46,0
2026-01-26 13:39:00,830.46,830.46,830.46,830.46,0
2026-01-26 13:40:00,830.46,830.46,830.46,830.46,0
2026-01-26 13:41:00,830.46,830.46,830.46,830.46,0
2026-01-26 13:42:00,830.46,830.46,830.46,830.46,0
2026-01-26 13:43:00,830.46,830.46,830.46,830.46,0
2026-01-26 13:44:00,830.46,830.46,830.46,830.46,0
2026-01-26 13:45:00,830.64,831.92,830.64,831.92,4
2026-01-26 13:46:00,831.92,831.92,831.92,831.92,0
2026-01-26 13:47:00,830.61,830.61,830.61,830.61,1
2026-01-26 13:48:00,830.61,830.61,830.61,830.61,0
2026-01-26 13:49:00,830.61,830.61,830.61,830.61,2
2026-01-26 13:50:00,832.03,832.04,830.82,830.82,10
2026-01-26 13:51:00,830.82,830.82,830.82,830.82,0
2026-01-26 13:52:00,830.82,830.82,830.82,830.82,0
2026-01-26 13:53:00,830.82,830.82,830.82,830.82,0
2026-01-26 13:54:00,831.44,831.44,831.43,831.44,1
2026-01-26 13:55:00,830.63,832.12,830.63,831.44,22
2026-01-26 13:56:00,831.44,831.44,831.18,831.18,10
2026-01-26 13:57:00,831.44,831.44,830.73,830.73,7
2026-01-26 13:58:00,830.61,830.61,830.61,830.61,2
2026-01-26 13:59:00,831.0,831.0,830.6,830.75,71
2026-01-26 14:00:00,828.06,828.06,828.06,828.06,1
2026-01-26 14:01:00,827.56,828.0,827.17,827.18,15
2026-01-26 14:02:00,827.18,827.18,827.18,827.18,0
2026-01-26 14:03:00,827.18,827.18,827.18,827.18,0
2026-01-26 14:04:00,827.18,827.18,827.18,827.18,0
2026-01-26 14:05:00,828.1,830.26,828.1,828.1,4
2026-01-26 14:06:00,828.1,828.1,828.1,828.1,0
2026-01-26 14:07:00,828.1,828.1,828.1,828.1,0
2026-01-26 14:08:00,828.1,828.1,828.1,828.1,0
2026-01-26 14:09:00,828.1,828.1,828.1,828.1,1
2026-01-26 14:10:00,828.1,828.4,828.1,828.4,3
2026-01-26 14:11:00,826.88,827.59,826.48,826.48,5
2026-01-26 14:12:00,827.87,827.99,827.87,827.99,2
2026-01-26 14:13:00,827.99,827.99,827.99,827.99,0
2026-01-26 14:14:00,827.13,827.13,827.0,827.1,12
2026-01-26 14:15:00,827.59,827.59,827.59,827.59,5
2026-01-26 14:16:00,827.59,827.59,827.59,827.59,0
2026-01-26 14:17:00,827.59,827.59,827.59,827.59,1
2026-01-26 14:18:00,827.59,827.59,827.59,827.59,0
2026-01-26 14:19:00,828.47,828.6,828.47,828.6,14
2026-01-26 14:20:00,828.6,828.6,828.6,828.6,0
2026-01-26 14:21:00,828.6,828.6,828.6,828.6,0
2026-01-26 14:22:00,828.6,828.6,828.6,828.6,0
2026-01-26 14:23:00,828.6,828.6,828.6,828.6,0
2026-01-26 14:24:00,828.53,829.58,828.53,828.96,91
2026-01-26 14:25:00,828.98,828.98,828.98,828.98,1
2026-01-26 14:26:00,828.98,828.98,828.98,828.98,0
2026-01-26 14:27:00,828.98,828.98,828.98,828.98,0
2026-01-26 14:28:00,828.98,828.98,828.98,828.98,0
2026-01-26 14:29:00,828.98,828.98,828.98,828.98,0
2026-01-26 14:30:00,829.46,829.46,828.53,829.03,36
2026-01-26 14:31:00,828.91,829.23,828.83,829.23,12
2026-01-26 14:32:00,829.23,829.23,829.23,829.23,0
2026-01-26 14:33:00,828.93,828.93,828.92,828.93,1
2026-01-26 14:34:00,829.37,829.37,829.37,829.37,1
2026-01-26 14:35:00,828.91,828.91,828.91,828.91,1
2026-01-26 14:36:00,828.97,830.55,828.56,830.55,27
2026-01-26 14:37:00,830.13,830.14,830.13,830.13,1
2026-01-26 14:38:00,829.79,830.34,829.78,830.34,15
2026-01-26 14:39:00,830.34,830.34,830.34,830.34,0
2026-01-26 14:40:00,829.61,829.61,829.53,829.53,2
2026-01-26 14:41:00,829.53,829.53,829.53,829.53,0
2026-01-26 14:42:00,829.53,829.53,829.53,829.53,0
2026-01-26 14:43:00,829.48,829.48,829.47,829.48,11
2026-01-26 14:44:00,829.48,829.48,829.48,829.48,0
2026-01-26 14:45:00,829.48,830.26,829.47,830.26,2
2026-01-26 14:46:00,830.26,830.26,829.47,829.48,3
2026-01-26 14:47:00,829.48,830.98,829.47,830.31,34
2026-01-26 14:48:00,830.91,830.93,830.53,830.59,42
2026-01-26 14:49:00,830.59,830.59,830.03,830.44,13
2026-01-26 14:50:00,830.1,830.1,830.09,830.1,1
2026-01-26 14:51:00,830.1,830.1,830.1,830.1,0
2026-01-26 14:52:00,830.1,830.1,830.1,830.1,0
2026-01-26 14:53:00,829.77,829.77,829.77,829.77,1
2026-01-26 14:54:00,829.76,829.77,829.76,829.76,9
2026-01-26 14:55:00,829.75,829.76,829.75,829.75,9
2026-01-26 14:56:00,830.35,830.35,830.35,830.35,1
2026-01-26 14:57:00,830.35,830.35,830.35,830.35,0
2026-01-26 14:58:00,829.78,829.78,829.78,829.78,2
2026-01-26 14:59:00,830.36,830.55,830.3,830.55,11
2026-01-26 15:00:00,830.21,830.42,830.09,830.42,17
2026-01-26 15:01:00,830.42,830.42,830.42,830.42,0
2026-01-26 15:02:00,830.42,830.42,830.42,830.42,0
2026-01-26 15:03:00,830.42,830.42,830.42,830.42,0
2026-01-26 15:04:00,831.71,831.76,831.2,831.6,8
2026-01-26 15:05:00,831.6,831.6,831.6,831.6,0
2026-01-26 15:06:00,831.6,831.6,831.6,831.6,0
2026-01-26 15:07:00,831.6,831.6,831.6,831.6,0
2026-01-26 15:08:00,831.6,831.6,831.6,831.6,0
2026-01-26 15:09:00,832.42,832.42,832.42,832.42,1
2026-01-26 15:10:00,832.42,832.42,832.42,832.42,0
2026-01-26 15:11:00,832.11,832.11,832.1,832.11,1
2026-01-26 15:12:00,831.72,831.73,831.2,831.2,9
2026-01-26 15:13:00,831.2,831.2,831.2,831.2,0
2026-01-26 15:14:00,831.2,831.2,831.2,831.2,0
2026-01-26 15:15:00,832.2,832.2,832.2,832.2,1
2026-01-26 15:16:00,833.1,833.1,831.94,831.94,5
2026-01-26 15:17:00,832.5,833.19,832.49,833.19,2
2026-01-26 15:18:00,832.5,832.5,832.49,832.5,3
2026-01-26 15:19:00,833.04,833.07,833.02,833.07,5
2026-01-26 15:20:00,833.07,833.07,832.93,833.01,5
2026-01-26 15:21:00,833.2,833.26,833.2,833.26,3
2026-01-26 15:22:00,833.26,833.26,833.26,833.26,0
2026-01-26 15:23:00,833.76,833.87,833.12,833.87,8
2026-01-26 15:24:00,833.64,833.73,832.76,833.14,14
2026-01-26 15:25:00,833.17,833.17,833.17,833.17,1
2026-01-26 15:26:00,833.72,833.75,833.16,833.75,9
2026-01-26 15:27:00,834.03,834.56,834.03,834.56,11
2026-01-26 15:28:00,834.56,834.56,834.56,834.56,0
2026-01-26 15:29:00,834.19,834.19,834.19,834.19,1
2026-01-26 15:30:00,834.28,834.92,834.28,834.92,2
2026-01-26 15:31:00,833.62,833.62,833.61,833.62,2
2026-01-26 15:32:00,833.93,834.69,833.93,834.69,2
2026-01-26 15:33:00,834.69,834.69,834.69,834.69,0
2026-01-26 15:34:00,833.91,834.85,833.91,833.91,3
2026-01-26 15:35:00,834.65,834.85,833.95,834.85,7
2026-01-26 15:36:00,834.9,835.42,834.9,835.42,28
2026-01-26 15:37:00,835.42,835.42,835.42,835.42,0
2026-01-26 15:38:00,834.55,834.6,834.55,834.6,7
2026-01-26 15:39:00,835.33,835.33,834.55,834.55,3
2026-01-26 15:40:00,835.02,835.33,834.55,835.2,9
2026-01-26 15:41:00,834.48,835.17,834.42,834.42,11
2026-01-26 15:42:00,834.42,834.98,834.42,834.98,9
2026-01-26 15:43:00,833.9,835.17,833.9,834.42,12
2026-01-26 15:44:00,834.67,834.76,832.87,832.87,57
2026-01-26 15:45:00,832.93,834.41,832.93,832.93,8
2026-01-26 15:46:00,832.93,832.93,832.93,832.93,1
2026-01-26 15:47:00,832.88,834.41,831.2,832.8,32
2026-01-26 15:48:00,832.79,834.38,832.79,832.79,7
2026-01-26 15:49:00,833.78,834.36,832.78,832.78,37
2026-01-26 15:50:00,832.78,834.34,832.77,832.77,24
2026-01-26 15:51:00,832.6,833.99,832.59,832.69,10
2026-01-26 15:52:00,833.48,834.07,832.6,832.69,34
2026-01-26 15:53:00,832.63,834.07,832.63,832.98,17
2026-01-26 15:54:00,832.98,834.07,832.73,833.91,18
2026-01-26 15:55:00,833.91,833.91,832.89,832.89,21
2026-01-26 15:56:00,833.9,833.9,832.89,833.83,34
2026-01-26 15:57:00,833.83,834.05,832.73,834.05,94
2026-01-26 15:58:00,834.05,834.35,833.61,834.35,84
2026-01-26 15:59:00,834.35,834.42,833.31,833.37,201
2026-01-27 09:30:00,848.22,853.07,845.88,853.07,109
2026-01-27 09:31:00,853.51,855.09,852.65,855.09,23
2026-01-27 09:32:00,855.02,858.21,854.88,857.43,134
2026-01-27 09:33:00,858.14,860.44,857.99,860.44,91
2026-01-27 09:34:00,860.28,863.58,859.7,863.58,111
2026-01-27 09:35:00,863.68,864.84,863.3,863.75,59
2026-01-27 09:36:00,862.92,863.81,860.3,861.18,159
2026-01-27 09:37:00,861.45,861.55,860.73,860.88,80
2026-01-27 09:38:00,861.85,865.82,861.85,864.68,75
2026-01-27 09:39:00,864.24,864.44,864.09,864.39,9
2026-01-27 09:40:00,864.05,865.48,864.05,865.48,28
2026-01-27 09:41:00,865.23,867.01,865.23,865.63,158
2026-01-27 09:42:00,866.23,866.51,865.93,866.04,47
2026-01-27 09:43:00,866.08,866.92,866.08,866.31,70
2026-01-27 09:44:00,865.89,866.84,865.83,866.17,65
2026-01-27 09:45:00,866.2,866.2,862.26,863.18,95
2026-01-27 09:46:00,862.86,863.51,862.85,862.91,54
2026-01-27 09:47:00,862.21,862.87,860.83,861.09,45
2026-01-27 09:48:00,860.55,861.26,859.69,860.62,35
2026-01-27 09:49:00,860.9,860.9,860.9,860.9,1
2026-01-27 09:50:00,860.93,862.02,860.93,862.02,62
2026-01-27 09:51:00,862.48,862.48,862.47,862.48,1
2026-01-27 09:52:00,862.37,863.21,862.13,863.0,65
2026-01-27 09:53:00,862.94,863.18,860.82,860.82,60
2026-01-27 09:54:00,861.21,861.96,861.2,861.8,10
2026-01-27 09:55:00,862.14,862.14,860.91,861.76,26
2026-01-27 09:56:00,861.88,864.75,861.88,864.75,24
2026-01-27 09:57:00,864.75,865.01,864.38,864.76,10
2026-01-27 09:58:00,864.92,864.92,863.08,863.09,2
2026-01-27 09:59:00,863.07,863.26,862.14,863.04,47
2026-01-27 10:00:00,863.6,865.07,863.6,865.07,22
2026-01-27 10:01:00,864.58,864.58,863.49,863.49,8
2026-01-27 10:02:00,864.28,864.84,863.86,864.48,7
2026-01-27 10:03:00,863.86,863.86,863.3,863.31,3
2026-01-27 10:04:00,862.6,862.88,861.87,862.88,35
2026-01-27 10:05:00,862.7,864.19,862.7,864.19,17
2026-01-27 10:06:00,863.64,864.29,863.48,863.8,27
2026-01-27 10:07:00,864.0,864.95,863.76,864.95,8
2026-01-27 10:08:00,865.09,865.16,864.26,864.57,10
2026-01-27 10:09:00,864.89,865.1,864.89,865.1,2
2026-01-27 10:10:00,864.67,864.67,863.34,863.85,23
2026-01-27 10:11:00,863.81,864.36,863.31,863.64,173
2026-01-27 10:12:00,863.91,864.17,863.62,863.95,30
2026-01-27 10:13:00,864.0,864.12,863.97,863.99,4
2026-01-27 10:14:00,864.17,865.17,864.17,864.5,96
2026-01-27 10:15:00,864.66,864.98,864.66,864.76,22
2026-01-27 10:16:00,864.43,864.43,864.17,864.37,4
2026-01-27 10:17:00,862.91,862.91,862.43,862.5,6
2026-01-27 10:18:00,862.93,864.4,862.93,864.38,64
2026-01-27 10:19:00,864.41,866.14,864.4,865.55,106
2026-01-27 10:20:00,866.09,866.5,866.09,866.25,7
2026-01-27 10:21:00,866.21,866.21,865.28,865.79,6
2026-01-27 10:22:00,865.88,866.38,865.88,866.38,4
2026-01-27 10:23:00,866.86,868.89,866.57,868.78,78
2026-01-27 10:24:00,868.81,868.89,868.5,868.89,5
2026-01-27 10:25:00,868.67,868.97,868.48,868.97,9
2026-01-27 10:26:00,869.15,871.36,869.14,870.81,18
2026-01-27 10:27:00,871.01,872.09,871.01,872.09,12
2026-01-27 10:28:00,872.18,872.96,871.58,872.91,27
2026-01-27 10:29:00,872.71,872.71,872.71,872.71,1
2026-01-27 10:30:00,872.22,873.72,872.22,872.22,90
2026-01-27 10:31:00,872.1,872.47,872.1,872.47,4
2026-01-27 10:32:00,871.78,872.97,871.78,872.97,50
2026-01-27 10:33:00,872.9,873.8,872.85,873.8,39
2026-01-27 10:34:00,874.41,874.41,873.49,873.49,15
2026-01-27 10:35:00,873.74,873.74,873.52,873.74,8
2026-01-27 10:36:00,873.99,874.32,873.89,873.9,23
2026-01-27 10:37:00,874.28,874.45,874.0,874.0,32
2026-01-27 10:38:00,873.74,874.78,873.73,874.16,10
2026-01-27 10:39:00,874.11,874.37,874.1,874.37,3
2026-01-27 10:40:00,874.82,875.47,874.46,874.46,19
2026-01-27 10:41:00,874.23,874.85,874.23,874.85,4
2026-01-27 10:42:00,875.4,875.4,873.53,874.06,49
2026-01-27 10:43:00,874.43,874.75,874.06,874.41,6
2026-01-27 10:44:00,875.31,876.02,875.3,876.01,38
2026-01-27 10:45:00,875.69,875.69,875.29,875.29,6
2026-01-27 10:46:00,874.8,875.28,874.79,875.28,9
2026-01-27 10:47:00,874.92,874.93,874.07,874.08,9
2026-01-27 10:48:00,874.22,874.99,874.22,874.99,15
2026-01-27 10:49:00,875.07,875.07,875.07,875.07,2
2026-01-27 10:50:00,875.39,877.69,875.39,877.69,20
2026-01-27 10:51:00,877.51,877.52,877.17,877.17,3
2026-01-27 10:52:00,877.11,877.64,874.69,874.92,141
2026-01-27 10:53:00,874.68,875.19,874.68,875.16,8
2026-01-27 10:54:00,875.17,876.13,875.16,876.13,11
2026-01-27 10:55:00,876.1,877.07,876.09,877.07,30
2026-01-27 10:56:00,877.2,878.12,877.2,877.65,182
2026-01-27 10:57:00,877.8,879.6,877.8,878.9,112
2026-01-27 10:58:00,879.02,879.62,879.02,879.62,4
2026-01-27 10:59:00,879.88,880.59,879.38,879.51,31
2026-01-27 11:00:00,879.38,879.57,878.67,878.67,27
2026-01-27 11:01:00,878.8,880.02,878.77,879.03,46
2026-01-27 11:02:00,878.91,878.91,878.63,878.63,6
2026-01-27 11:03:00,878.72,879.49,878.72,878.87,13
2026-01-27 11:04:00,878.54,878.54,877.83,878.34,25
2026-01-27 11:05:00,878.59,879.77,878.59,879.76,29
2026-01-27 11:06:00,879.86,880.42,879.85,880.42,2
2026-01-27 11:07:00,880.43,880.43,878.6,878.6,21
2026-01-27 11:08:00,878.57,879.08,878.38,878.6,20
2026-01-27 11:09:00,878.96,878.96,878.96,878.96,1
2026-01-27 11:10:00,878.52,878.52,877.68,877.68,5
2026-01-27 11:11:00,877.75,878.0,877.38,877.38,5
2026-01-27 11:12:00,877.36,877.36,876.36,876.7,16
2026-01-27 11:13:00,876.7,878.21,876.69,878.21,20
2026-01-27 11:14:00,878.58,878.89,878.57,878.76,10
2026-01-27 11:15:00,878.46,878.46,878.46,878.46,1
2026-01-27 11:16:00,878.4,878.5,877.57,877.98,14
2026-01-27 11:17:00,878.0,878.01,877.36,877.89,12
2026-01-27 11:18:00,878.14,878.14,874.98,874.98,38
2026-01-27 11:19:00,875.54,876.24,874.94,875.0,47
2026-01-27 11:20:00,875.4,877.05,875.4,877.05,25
2026-01-27 11:21:00,877.59,879.44,877.57,879.44,125
2026-01-27 11:22:00,879.02,879.29,878.86,879.15,36
2026-01-27 11:23:00,878.99,879.72,878.88,878.88,19
2026-01-27 11:24:00,878.39,878.6,877.36,877.37,32
2026-01-27 11:25:00,877.37,877.38,875.98,876.47,135
2026-01-27 11:26:00,876.44,876.44,875.22,875.94,69
2026-01-27 11:27:00,875.75,876.33,874.77,875.23,120
2026-01-27 11:28:00,875.41,876.5,874.83,875.89,178
2026-01-27 11:29:00,875.84,876.38,874.32,874.33,221
2026-01-27 11:30:00,874.67,876.64,874.66,875.61,152
2026-01-27 11:31:00,875.79,878.16,875.78,878.16,67
2026-01-27 11:32:00,878.16,878.16,878.16,878.16,0
2026-01-27 11:33:00,877.89,877.89,876.91,877.63,60
2026-01-27 11:34:00,877.67,879.1,877.55,878.05,157
2026-01-27 11:35:00,878.3,878.31,874.75,874.75,146
2026-01-27 11:36:00,874.75,874.76,874.75,874.75,2
2026-01-27 11:37:00,874.74,874.74,874.73,874.74,1
2026-01-27 11:38:00,874.73,874.73,874.73,874.73,2
2026-01-27 11:39:00,874.73,874.73,874.73,874.73,0
2026-01-27 11:40:00,874.99,877.07,874.74,877.07,9
2026-01-27 11:41:00,876.66,878.21,875.11,878.21,63
2026-01-27 11:42:00,878.66,878.73,876.71,877.63,37
2026-01-27 11:43:00,876.41,878.26,876.41,878.26,6
2026-01-27 11:44:00,878.26,881.65,877.81,880.9,59
2026-01-27 11:45:00,881.0,881.89,881.0,881.89,15
2026-01-27 11:46:00,881.81,881.89,880.07,881.89,4
2026-01-27 11:47:00,880.11,880.11,880.11,880.11,1
2026-01-27 11:48:00,880.7,881.89,880.12,881.89,6
2026-01-27 11:49:00,880.13,881.89,880.12,880.13,8
2026-01-27 11:50:00,880.13,880.13,878.36,878.36,4
2026-01-27 11:51:00,878.36,880.13,878.36,880.13,2
2026-01-27 11:52:00,878.37,879.12,878.36,879.12,9
2026-01-27 11:53:00,878.34,878.34,877.33,877.34,2
2026-01-27 11:54:00,877.32,877.34,877.32,877.33,3
2026-01-27 11:55:00,877.35,877.35,877.35,877.35,1
2026-01-27 11:56:00,877.32,877.32,874.59,874.59,9
2026-01-27 11:57:00,874.58,874.58,874.58,874.58,1
2026-01-27 11:58:00,875.64,875.64,873.73,873.73,8
2026-01-27 11:59:00,873.73,875.14,873.06,873.07,8
2026-01-27 12:00:00,873.07,874.12,873.07,874.12,4
2026-01-27 12:01:00,874.12,874.94,874.12,874.94,2
2026-01-27 12:02:00,875.14,875.34,875.14,875.34,6
2026-01-27 12:03:00,874.96,876.79,874.96,876.79,16
2026-01-27 12:04:00,876.8,876.81,875.38,875.68,10
2026-01-27 12:05:00,876.8,877.05,876.57,876.57,9
2026-01-27 12:06:00,877.26,878.45,876.84,878.45,24
2026-01-27 12:07:00,878.46,878.46,878.46,878.46,1
2026-01-27 12:08:00,877.43,878.1,876.37,878.1,10
2026-01-27 12:09:00,878.1,878.3,877.33,877.34,7
2026-01-27 12:10:00,878.27,878.27,878.06,878.06,2
2026-01-27 12:11:00,878.27,878.3,878.27,878.3,2
2026-01-27 12:12:00,878.27,878.3,878.27,878.3,3
2026-01-27 12:13:00,877.58,877.58,877.57,877.58,1
2026-01-27 12:14:00,877.58,878.14,877.57,877.98,5
2026-01-27 12:15:00,878.24,878.24,876.44,876.44,35
2026-01-27 12:16:00,875.26,875.9,875.26,875.9,21
2026-01-27 12:17:00,876.28,876.42,875.89,875.9,4
2026-01-27 12:18:00,875.9,875.9,873.21,873.21,53
2026-01-27 12:19:00,873.81,873.81,873.8,873.81,9
2026-01-27 12:20:00,873.81,873.81,873.37,873.75,11
2026-01-27 12:21:00,874.4,874.57,874.01,874.01,14
2026-01-27 12:22:00,874.01,874.02,874.01,874.01,11
2026-01-27 12:23:00,873.75,874.02,872.17,873.39,67
2026-01-27 12:24:00,872.1,872.11,872.1,872.1,2
2026-01-27 12:25:00,873.55,873.55,873.55,873.55,2
2026-01-27 12:26:00,871.78,871.78,871.77,871.78,2
2026-01-27 12:27:00,871.75,871.76,870.5,870.86,10
2026-01-27 12:28:00,871.17,871.17,871.17,871.17,1
2026-01-27 12:29:00,871.17,871.17,871.17,871.17,0
2026-01-27 12:30:00,871.17,871.17,869.31,869.32,6
2026-01-27 12:31:00,869.32,869.32,869.32,869.32,0
2026-01-27 12:32:00,868.54,868.55,868.54,868.54,2
2026-01-27 12:33:00,868.54,868.54,868.53,868.54,3
2026-01-27 12:34:00,868.54,868.54,868.54,868.54,0
2026-01-27 12:35:00,869.22,869.22,868.17,868.45,7
2026-01-27 12:36:00,869.58,869.58,868.32,868.32,3
2026-01-27 12:37:00,868.32,868.32,868.32,868.32,1
2026-01-27 12:38:00,869.57,869.63,868.27,868.27,19
2026-01-27 12:39:00,868.27,868.27,868.27,868.27,2
2026-01-27 12:40:00,868.27,868.27,868.27,868.27,1
2026-01-27 12:41:00,868.03,868.03,868.03,868.03,1
2026-01-27 12:42:00,868.03,868.03,868.03,868.03,1
2026-01-27 12:43:00,868.02,868.02,868.02,868.02,1
2026-01-27 12:44:00,868.03,868.03,866.9,868.03,7
2026-01-27 12:45:00,868.02,868.02,868.02,868.02,2
2026-01-27 12:46:00,867.75,867.75,866.99,866.99,2
2026-01-27 12:47:00,866.91,867.3,866.84,867.3,3
2026-01-27 12:48:00,866.43,866.43,866.43,866.43,1
2026-01-27 12:49:00,867.25,868.5,867.25,867.25,11
2026-01-27 12:50:00,867.25,867.44,866.93,867.16,13
2026-01-27 12:51:00,867.44,867.44,867.34,867.35,5
2026-01-27 12:52:00,867.1,867.68,866.98,867.2,40
2026-01-27 12:53:00,866.56,867.08,866.01,866.68,32
2026-01-27 12:54:00,866.09,866.44,866.09,866.44,8
2026-01-27 12:55:00,866.44,866.44,866.44,866.44,0
2026-01-27 12:56:00,865.72,866.16,865.72,866.16,3
2026-01-27 12:57:00,866.16,866.16,866.06,866.07,2
2026-01-27 12:58:00,866.07,866.07,866.06,866.07,1
2026-01-27 12:59:00,866.07,866.07,866.06,866.07,2
2026-01-27 13:00:00,866.07,866.07,866.06,866.07,2
2026-01-27 13:01:00,866.37,866.38,866.37,866.37,1
2026-01-27 13:02:00,866.06,866.06,866.06,866.06,5
2026-01-27 13:03:00,866.07,866.07,866.07,866.07,2
2026-01-27 13:04:00,866.07,866.07,866.07,866.07,0
2026-01-27 13:05:00,865.89,866.22,865.21,865.21,27
2026-01-27 13:06:00,865.89,865.9,864.57,864.75,21
2026-01-27 13:07:00,864.75,864.75,864.74,864.75,1
2026-01-27 13:08:00,864.71,864.71,864.71,864.71,2
2026-01-27 13:09:00,864.71,864.71,864.71,864.71,4
2026-01-27 13:10:00,864.71,864.71,864.71,864.71,7
2026-01-27 13:11:00,864.92,865.79,864.91,865.36,35
2026-01-27 13:12:00,865.73,865.73,865.73,865.73,1
2026-01-27 13:13:00,865.06,865.06,864.85,865.06,27
2026-01-27 13:14:00,865.06,865.31,865.06,865.06,5
2026-01-27 13:15:00,865.06,865.06,865.06,865.06,5
2026-01-27 13:16:00,865.06,865.06,865.06,865.06,0
2026-01-27 13:17:00,865.06,865.06,865.06,865.06,1
2026-01-27 13:18:00,865.06,865.06,865.06,865.06,0
2026-01-27 13:19:00,865.06,865.06,865.05,865.06,7
2026-01-27 13:20:00,864.32,864.76,864.15,864.25,16
2026-01-27 13:21:00,864.75,864.76,864.75,864.75,2
2026-01-27 13:22:00,864.1,864.65,864.1,864.15,4
2026-01-27 13:23:00,864.15,864.15,864.15,864.15,0
2026-01-27 13:24:00,864.15,864.15,864.15,864.15,0
2026-01-27 13:25:00,864.15,864.15,864.15,864.15,0
2026-01-27 13:26:00,865.41,867.08,865.41,866.33,17
2026-01-27 13:27:00,866.78,866.78,866.77,866.78,1
2026-01-27 13:28:00,865.84,866.47,865.52,866.47,24
2026-01-27 13:29:00,866.47,866.47,866.47,866.47,0
2026-01-27 13:30:00,866.59,867.86,866.54,866.54,13
2026-01-27 13:31:00,866.54,866.54,866.54,866.54,0
2026-01-27 13:32:00,864.01,865.6,863.94,863.96,29
2026-01-27 13:33:00,863.96,864.24,863.96,864.08,4
2026-01-27 13:34:00,864.08,864.08,864.08,864.08,0
2026-01-27 13:35:00,864.08,864.09,864.08,864.09,5
2026-01-27 13:36:00,863.96,865.0,863.94,864.05,11
2026-01-27 13:37:00,864.05,865.0,864.05,865.0,2
2026-01-27 13:38:00,864.06,865.0,864.06,865.0,2
2026-01-27 13:39:00,863.94,863.94,863.36,863.82,18
2026-01-27 13:40:00,863.06,863.06,862.0,862.31,12
2026-01-27 13:41:00,863.13,863.14,863.13,863.13,3
2026-01-27 13:42:00,863.18,863.27,863.17,863.27,2
2026-01-27 13:43:00,863.45,863.45,863.44,863.45,1
2026-01-27 13:44:00,863.33,864.66,863.32,864.49,23
2026-01-27 13:45:00,864.49,864.49,864.49,864.49,0
2026-01-27 13:46:00,864.67,864.76,864.05,864.74,10
2026-01-27 13:47:00,864.22,864.22,864.21,864.22,1
2026-01-27 13:48:00,864.22,864.22,864.21,864.22,2
2026-01-27 13:49:00,864.22,864.22,864.22,864.22,0
2026-01-27 13:50:00,865.04,865.05,864.34,864.63,4
2026-01-27 13:51:00,865.07,865.58,864.78,865.58,14
2026-01-27 13:52:00,865.59,866.07,865.5,866.06,95
2026-01-27 13:53:00,866.14,867.12,865.11,865.19,42
2026-01-27 13:54:00,865.04,865.05,865.04,865.05,2
2026-01-27 13:55:00,865.0,865.0,865.0,865.0,1
2026-01-27 13:56:00,865.43,865.43,865.43,865.43,1
2026-01-27 13:57:00,865.12,866.04,865.11,866.04,2
2026-01-27 13:58:00,866.05,866.05,865.58,865.75,14
2026-01-27 13:59:00,865.75,865.75,865.75,865.75,0
2026-01-27 14:00:00,865.53,865.53,865.43,865.43,3
2026-01-27 14:01:00,865.38,865.38,865.37,865.38,2
2026-01-27 14:02:00,865.26,865.26,865.26,865.26,1
2026-01-27 14:03:00,865.64,865.85,865.64,865.84,10
2026-01-27 14:04:00,865.84,865.84,865.84,865.84,0
2026-01-27 14:05:00,865.79,866.31,865.66,865.66,24
2026-01-27 14:06:00,865.62,865.62,865.45,865.45,5
2026-01-27 14:07:00,865.86,865.87,865.86,865.87,7
2026-01-27 14:08:00,865.83,866.1,865.82,866.1,7
2026-01-27 14:09:00,865.83,865.83,865.83,865.83,1
2026-01-27 14:10:00,865.82,866.27,865.37,865.93,41
2026-01-27 14:11:00,865.93,865.93,865.92,865.93,5
2026-01-27 14:12:00,865.93,865.93,865.88,865.89,2
2026-01-27 14:13:00,865.89,865.89,865.89,865.89,0
2026-01-27 14:14:00,865.89,865.89,865.89,865.89,0
2026-01-27 14:15:00,865.39,865.93,865.39,865.93,3
2026-01-27 14:16:00,865.92,865.93,865.37,865.45,7
2026-01-27 14:17:00,865.39,865.73,865.1,865.1,5
2026-01-27 14:18:00,865.1,865.1,865.1,865.1,0
2026-01-27 14:19:00,865.07,865.73,865.02,865.4,7
2026-01-27 14:20:00,864.99,865.73,864.92,864.92,12
2026-01-27 14:21:00,864.91,864.91,864.9,864.91,6
2026-01-27 14:22:00,864.39,864.39,864.39,864.39,1
2026-01-27 14:23:00,864.82,864.94,864.82,864.94,2
2026-01-27 14:24:00,864.33,864.33,864.33,864.33,1
2026-01-27 14:25:00,864.33,864.33,864.33,864.33,0
2026-01-27 14:26:00,864.94,864.94,863.53,863.53,21
2026-01-27 14:27:00,864.29,864.29,863.39,863.39,2
2026-01-27 14:28:00,863.63,863.89,862.87,862.87,6
2026-01-27 14:29:00,862.96,863.63,862.96,863.63,8
2026-01-27 14:30:00,863.63,864.0,863.63,863.63,5
2026-01-27 14:31:00,863.63,863.63,863.16,863.38,5
2026-01-27 14:32:00,863.38,863.99,863.08,863.09,14
2026-01-27 14:33:00,862.09,863.11,862.09,862.96,8
2026-01-27 14:34:00,862.53,862.96,862.08,862.08,3
2026-01-27 14:35:00,862.81,862.81,861.95,862.63,4
2026-01-27 14:36:00,861.49,862.63,861.49,862.63,2
2026-01-27 14:37:00,861.53,863.17,861.53,862.34,78
2026-01-27 14:38:00,862.0,862.74,862.0,862.46,12
2026-01-27 14:39:00,862.25,863.11,862.25,862.46,42
2026-01-27 14:40:00,862.46,862.46,862.46,862.46,4
2026-01-27 14:41:00,862.57,863.63,862.56,863.59,23
2026-01-27 14:42:00,863.4,863.4,863.39,863.4,7
2026-01-27 14:43:00,863.4,863.4,863.39,863.39,6
2026-01-27 14:44:00,863.19,863.28,863.18,863.19,6
2026-01-27 14:45:00,863.19,863.19,863.19,863.19,2
2026-01-27 14:46:00,863.19,863.19,863.18,863.19,7
2026-01-27 14:47:00,863.19,863.2,863.19,863.2,7
2026-01-27 14:48:00,863.19,863.97,863.19,863.36,25
2026-01-27 14:49:00,863.58,863.58,862.75,863.11,22
2026-01-27 14:50:00,863.15,863.15,862.95,862.95,16
2026-01-27 14:51:00,863.15,863.15,862.58,862.58,13
2026-01-27 14:52:00,863.15,863.15,862.55,863.15,7
2026-01-27 14:53:00,863.15,863.15,862.84,863.15,6
2026-01-27 14:54:00,863.15,863.15,862.47,863.11,25
2026-01-27 14:55:00,863.11,863.11,862.57,863.11,6
2026-01-27 14:56:00,862.63,863.22,862.47,862.47,30
2026-01-27 14:57:00,863.07,863.07,863.06,863.07,1
2026-01-27 14:58:00,862.48,863.07,862.48,863.07,2
2026-01-27 14:59:00,862.56,862.56,862.56,862.56,1
2026-01-27 15:00:00,863.06,863.07,862.57,862.57,8
2026-01-27 15:01:00,863.05,863.82,862.58,863.82,27
2026-01-27 15:02:00,863.38,863.38,863.37,863.38,3
2026-01-27 15:03:00,864.27,864.29,864.27,864.29,6
2026-01-27 15:04:00,864.37,864.38,863.4,863.5,26
2026-01-27 15:05:00,863.27,863.91,863.27,863.9,5
2026-01-27 15:06:00,863.27,863.27,863.27,863.27,1
2026-01-27 15:07:00,864.03,864.03,863.27,864.03,9
2026-01-27 15:08:00,864.03,864.03,864.03,864.03,0
2026-01-27 15:09:00,863.32,864.11,863.31,864.11,5
2026-01-27 15:10:00,864.11,864.48,863.5,863.6,13
2026-01-27 15:11:00,863.77,863.77,863.77,863.77,1
2026-01-27 15:12:00,864.48,864.48,864.02,864.4,11
2026-01-27 15:13:00,864.49,864.49,864.04,864.05,12
2026-01-27 15:14:00,863.39,864.07,863.39,863.48,16
2026-01-27 15:15:00,863.48,863.7,863.25,863.28,7
2026-01-27 15:16:00,862.44,863.26,862.34,863.26,4
2026-01-27 15:17:00,862.23,862.26,862.16,862.16,3
2026-01-27 15:18:00,863.13,863.15,862.15,863.15,3
2026-01-27 15:19:00,862.24,863.15,862.24,863.15,2
2026-01-27 15:20:00,863.15,863.15,862.16,862.16,4
2026-01-27 15:21:00,863.14,863.14,863.1,863.14,10
2026-01-27 15:22:00,862.28,862.28,862.28,862.28,1
2026-01-27 15:23:00,863.03,863.03,862.98,862.98,2
2026-01-27 15:24:00,862.19,863.55,862.19,863.12,40
2026-01-27 15:25:00,862.98,862.98,862.97,862.97,8
2026-01-27 15:26:00,862.97,862.97,862.97,862.97,0
2026-01-27 15:27:00,862.96,862.96,862.95,862.96,12
2026-01-27 15:28:00,862.96,862.96,862.03,862.08,26
2026-01-27 15:29:00,862.03,862.38,861.9,862.38,14
2026-01-27 15:30:00,861.83,863.04,861.77,862.5,37
2026-01-27 15:31:00,862.91,863.04,862.39,862.39,14
2026-01-27 15:32:00,863.07,863.09,863.07,863.09,3
2026-01-27 15:33:00,863.0,863.09,862.38,862.38,15
2026-01-27 15:34:00,862.48,863.07,862.42,862.73,20
2026-01-27 15:35:00,862.73,862.73,862.72,862.72,3
2026-01-27 15:36:00,862.81,863.44,862.73,863.44,50
2026-01-27 15:37:00,863.81,863.98,863.36,863.98,9
2026-01-27 15:38:00,863.99,864.12,863.07,863.65,50
2026-01-27 15:39:00,864.13,864.59,864.13,864.59,24
2026-01-27 15:40:00,864.93,865.47,864.65,865.47,41
2026-01-27 15:41:00,864.94,864.94,864.2,864.8,94
2026-01-27 15:42:00,864.79,864.79,863.92,864.39,11
2026-01-27 15:43:00,863.76,865.13,863.13,864.13,105
2026-01-27 15:44:00,865.12,865.22,862.77,863.63,113
2026-01-27 15:45:00,863.63,863.64,862.85,863.59,5
2026-01-27 15:46:00,862.75,863.2,862.45,862.88,24
2026-01-27 15:47:00,862.57,864.16,862.36,863.88,80
2026-01-27 15:48:00,863.88,865.38,863.88,865.38,30
2026-01-27 15:49:00,865.91,865.91,863.69,863.69,45
2026-01-27 15:50:00,862.07,864.07,862.07,864.07,8
2026-01-27 15:51:00,862.55,864.06,861.83,863.79,19
2026-01-27 15:52:00,864.13,864.13,862.69,862.7,26
2026-01-27 15:53:00,862.7,862.79,862.69,862.79,16
2026-01-27 15:54:00,862.26,864.76,862.26,863.13,58
2026-01-27 15:55:00,863.06,864.44,863.06,863.29,74
2026-01-27 15:56:00,863.27,863.27,861.39,861.49,54
2026-01-27 15:57:00,861.49,865.2,861.38,864.12,200
2026-01-27 15:58:00,864.51,865.17,863.94,864.84,246
2026-01-27 15:59:00,864.84,865.23,864.11,864.69,400
2026-01-28 09:30:00,859.97,864.24,859.43,863.03,92
2026-01-28 09:31:00,863.37,863.94,862.1,863.94,25
2026-01-28 09:32:00,863.19,863.19,861.7,861.7,18
2026-01-28 09:33:00,862.05,862.4,861.17,861.17,14
2026-01-28 09:34:00,861.38,861.6,859.55,859.55,25
2026-01-28 09:35:00,859.52,859.87,858.92,859.87,13
2026-01-28 09:36:00,860.04,860.17,859.63,859.66,16
2026-01-28 09:37:00,859.43,859.72,858.98,859.22,14
2026-01-28 09:38:00,858.68,860.62,858.24,858.43,87
2026-01-28 09:39:00,858.42,858.89,858.41,858.84,10
2026-01-28 09:40:00,858.78,859.22,858.02,858.02,22
2026-01-28 09:41:00,855.49,855.51,854.79,855.05,6
2026-01-28 09:42:00,855.19,857.23,855.19,857.23,7
2026-01-28 09:43:00,855.94,856.11,855.58,855.99,24
2026-01-28 09:44:00,855.99,856.49,854.57,854.58,112
2026-01-28 09:45:00,854.93,855.2,851.4,851.4,76
2026-01-28 09:46:00,852.26,852.27,851.34,851.76,27
2026-01-28 09:47:00,850.24,851.0,850.17,850.45,14
2026-01-28 09:48:00,850.9,852.17,850.76,850.9,172
2026-01-28 09:49:00,850.93,851.37,850.81,851.0,25
2026-01-28 09:50:00,850.8,851.47,850.79,850.93,62
2026-01-28 09:51:00,851.34,851.38,850.8,850.8,11
2026-01-28 09:52:00,851.29,851.31,850.7,851.03,48
2026-01-28 09:53:00,851.25,852.1,850.81,851.92,54
2026-01-28 09:54:00,852.0,853.09,852.0,853.09,158
2026-01-28 09:55:00,852.95,852.95,852.54,852.54,8
2026-01-28 09:56:00,852.88,853.65,852.88,853.65,5
2026-01-28 09:57:00,853.85,854.48,853.85,854.17,5
2026-01-28 09:58:00,853.74,853.74,851.26,851.26,38
2026-01-28 09:59:00,851.43,851.72,850.84,851.72,8
2026-01-28 10:00:00,852.42,853.34,852.31,852.31,14
2026-01-28 10:01:00,852.83,852.83,852.0,852.0,11
2026-01-28 10:02:00,851.32,851.32,850.6,850.6,3
2026-01-28 10:03:00,851.22,851.74,851.21,851.74,14
2026-01-28 10:04:00,852.37,853.16,852.11,852.11,14
2026-01-28 10:05:00,852.61,852.65,852.39,852.65,7
2026-01-28 10:06:00,853.2,853.2,852.27,852.27,6
2026-01-28 10:07:00,851.76,851.76,850.2,850.57,6
2026-01-28 10:08:00,851.15,851.47,850.6,851.47,4
2026-01-28 10:09:00,851.47,851.47,851.47,851.47,0
2026-01-28 10:10:00,852.09,852.67,852.08,852.26,6
2026-01-28 10:11:00,852.28,852.28,852.17,852.17,2
2026-01-28 10:12:00,852.39,852.43,851.72,851.73,7
2026-01-28 10:13:00,851.73,851.73,851.73,851.73,1
2026-01-28 10:14:00,850.52,850.52,846.83,846.85,12
2026-01-28 10:15:00,847.18,847.78,847.18,847.4,11
2026-01-28 10:16:00,848.25,850.3,848.25,849.77,34
2026-01-28 10:17:00,850.17,850.17,850.08,850.08,2
2026-01-28 10:18:00,849.88,850.95,849.87,850.95,16
2026-01-28 10:19:00,851.19,851.63,851.18,851.63,8
2026-01-28 10:20:00,851.15,851.15,850.14,850.17,21
2026-01-28 10:21:00,850.33,850.33,850.21,850.21,26
2026-01-28 10:22:00,850.35,851.29,850.35,850.5,8
2026-01-28 10:23:00,850.25,850.25,849.74,849.74,13
2026-01-28 10:24:00,850.23,850.93,850.23,850.93,9
2026-01-28 10:25:00,850.88,851.13,850.74,850.74,8
2026-01-28 10:26:00,850.74,850.74,850.74,850.74,0
2026-01-28 10:27:00,851.21,851.21,850.57,850.57,15
2026-01-28 10:28:00,850.4,850.4,849.79,849.93,22
2026-01-28 10:29:00,849.97,849.97,849.61,849.91,11
2026-01-28 10:30:00,848.49,848.68,848.21,848.67,11
2026-01-28 10:31:00,848.71,849.68,848.71,849.58,25
2026-01-28 10:32:00,849.05,849.92,848.89,849.9,27
2026-01-28 10:33:00,849.63,849.63,849.57,849.57,2
2026-01-28 10:34:00,849.72,849.72,849.72,849.72,2
2026-01-28 10:35:00,849.28,850.52,849.2,850.52,8
2026-01-28 10:36:00,850.28,850.28,850.13,850.13,2
2026-01-28 10:37:00,849.85,849.98,848.97,849.0,23
2026-01-28 10:38:00,849.07,849.72,849.07,849.72,10
2026-01-28 10:39:00,849.51,849.66,849.51,849.66,16
2026-01-28 10:40:00,849.83,849.92,848.98,848.98,18
2026-01-28 10:41:00,847.85,848.48,846.07,846.07,18
2026-01-28 10:42:00,846.34,846.53,845.44,845.44,19
2026-01-28 10:43:00,845.35,846.14,845.35,845.93,10
2026-01-28 10:44:00,845.88,845.88,845.54,845.54,6
2026-01-28 10:45:00,845.62,845.71,845.62,845.63,5
2026-01-28 10:46:00,845.64,845.64,845.38,845.38,8
2026-01-28 10:47:00,845.83,845.83,845.18,845.18,6
2026-01-28 10:48:00,845.77,846.11,844.9,845.81,24
2026-01-28 10:49:00,845.98,845.98,845.49,845.49,10
2026-01-28 10:50:00,845.53,846.01,845.52,846.01,2
2026-01-28 10:51:00,845.28,845.78,845.28,845.78,9
2026-01-28 10:52:00,845.69,846.01,845.56,845.56,24
2026-01-28 10:53:00,845.56,845.56,845.56,845.56,1
2026-01-28 10:54:00,845.0,845.0,845.0,845.0,1
2026-01-28 10:55:00,845.15,845.23,845.03,845.03,12
2026-01-28 10:56:00,844.88,845.5,844.88,845.5,9
2026-01-28 10:57:00,845.25,845.26,845.25,845.25,1
2026-01-28 10:58:00,845.63,845.67,845.58,845.67,13
2026-01-28 10:59:00,845.67,845.67,845.67,845.67,0
2026-01-28 11:00:00,845.59,845.89,845.58,845.58,7
2026-01-28 11:01:00,846.21,846.71,846.21,846.3,13
2026-01-28 11:02:00,846.4,846.4,846.4,846.4,2
2026-01-28 11:03:00,845.69,845.81,845.66,845.68,5
2026-01-28 11:04:00,845.68,845.68,845.68,845.68,0
2026-01-28 11:05:00,846.17,846.72,845.96,846.72,19
2026-01-28 11:06:00,847.25,847.26,846.99,846.99,6
2026-01-28 11:07:00,846.76,847.3,846.75,847.3,4
2026-01-28 11:08:00,847.73,847.73,847.72,847.73,2
2026-01-28 11:09:00,847.73,847.73,847.73,847.73,0
2026-01-28 11:10:00,847.92,847.92,847.79,847.79,7
2026-01-28 11:11:00,847.88,847.88,847.87,847.88,2
2026-01-28 11:12:00,848.14,848.46,848.09,848.46,8
2026-01-28 11:13:00,848.86,848.86,848.39,848.39,28
2026-01-28 11:14:00,848.0,848.58,847.77,848.58,88
2026-01-28 11:15:00,848.39,848.39,848.34,848.34,3
2026-01-28 11:16:00,848.54,848.57,848.54,848.57,2
2026-01-28 11:17:00,848.48,848.48,848.04,848.04,12
2026-01-28 11:18:00,848.18,848.63,848.18,848.41,4
2026-01-28 11:19:00,848.91,848.91,848.64,848.7,11
2026-01-28 11:20:00,848.78,848.78,848.77,848.77,3
2026-01-28 11:21:00,849.58,849.58,849.07,849.07,7
2026-01-28 11:22:00,849.05,849.18,848.17,848.17,7
2026-01-28 11:23:00,848.34,848.34,848.16,848.16,2
2026-01-28 11:24:00,848.25,848.26,847.77,847.77,6
2026-01-28 11:25:00,847.45,847.49,847.19,847.49,6
2026-01-28 11:26:00,847.05,847.05,846.72,846.72,5
2026-01-28 11:27:00,846.81,846.81,845.93,845.93,13
2026-01-28 11:28:00,845.96,845.96,845.56,845.77,19
2026-01-28 11:29:00,845.89,845.89,845.59,845.82,21
2026-01-28 11:30:00,846.11,846.59,846.11,846.59,12
2026-01-28 11:31:00,846.8,847.28,846.6,847.28,99
2026-01-28 11:32:00,847.86,847.86,847.1,847.28,7
2026-01-28 11:33:00,848.15,848.15,847.0,847.0,31
2026-01-28 11:34:00,845.61,847.45,845.61,846.95,160
2026-01-28 11:35:00,846.3,847.72,845.95,847.72,130
2026-01-28 11:36:00,847.01,847.5,846.59,846.6,7
2026-01-28 11:37:00,846.6,846.6,846.59,846.6,9
2026-01-28 11:38:00,847.38,847.38,845.16,845.16,37
2026-01-28 11:39:00,845.16,845.16,845.16,845.16,0
2026-01-28 11:40:00,844.87,844.87,844.86,844.87,5
2026-01-28 11:41:00,844.87,844.87,844.87,844.87,0
2026-01-28 11:42:00,844.87,844.87,844.86,844.87,1
2026-01-28 11:43:00,844.87,844.91,844.86,844.91,2
2026-01-28 11:44:00,844.9,844.9,844.9,844.9,1
2026-01-28 11:45:00,844.9,844.9,844.9,844.9,0
2026-01-28 11:46:00,846.11,846.11,846.11,846.11,1
2026-01-28 11:47:00,845.45,845.45,845.44,845.45,11
2026-01-28 11:48:00,845.45,845.45,845.45,845.45,0
2026-01-28 11:49:00,845.45,845.45,845.01,845.01,5
2026-01-28 11:50:00,845.01,845.01,845.01,845.01,0
2026-01-28 11:51:00,845.44,845.44,844.67,844.67,12
2026-01-28 11:52:00,844.41,844.41,844.4,844.41,2
2026-01-28 11:53:00,844.41,844.41,844.4,844.41,1
2026-01-28 11:54:00,844.41,844.41,844.4,844.41,1
2026-01-28 11:55:00,844.41,844.41,844.4,844.41,1
2026-01-28 11:56:00,844.41,844.41,844.41,844.41,0
2026-01-28 11:57:00,844.41,844.41,844.41,844.41,0
2026-01-28 11:58:00,844.41,844.41,844.41,844.41,0
2026-01-28 11:59:00,845.49,845.49,845.49,845.49,1
2026-01-28 12:00:00,845.49,845.49,845.49,845.49,0
2026-01-28 12:01:00,845.49,845.49,845.49,845.49,0
2026-01-28 12:02:00,845.49,845.49,845.49,845.49,0
2026-01-28 12:03:00,845.49,845.49,845.49,845.49,0
2026-01-28 12:04:00,844.7,844.7,844.69,844.7,1
2026-01-28 12:05:00,845.39,845.39,844.69,844.7,2
2026-01-28 12:06:00,844.62,844.62,844.61,844.62,2
2026-01-28 12:07:00,844.62,844.62,844.62,844.62,0
2026-01-28 12:08:00,844.62,845.33,844.61,844.88,24
2026-01-28 12:09:00,844.88,844.88,844.88,844.88,0
2026-01-28 12:10:00,844.88,844.88,844.88,844.88,0
2026-01-28 12:11:00,845.5,845.78,845.49,845.78,15
2026-01-28 12:12:00,845.77,846.47,845.77,846.47,3
2026-01-28 12:13:00,846.46,846.46,846.46,846.46,2
2026-01-28 12:14:00,846.47,846.47,846.46,846.47,1
2026-01-28 12:15:00,845.78,845.78,845.78,845.78,1
2026-01-28 12:16:00,845.78,845.79,845.78,845.78,2
2026-01-28 12:17:00,846.38,846.38,846.37,846.38,4
2026-01-28 12:18:00,846.96,847.31,846.96,847.05,6
2026-01-28 12:19:00,847.05,847.05,847.05,847.05,0
2026-01-28 12:20:00,847.05,847.05,847.05,847.05,0
2026-01-28 12:21:00,847.39,847.69,847.17,847.69,5
2026-01-28 12:22:00,847.43,847.43,847.25,847.25,3
2026-01-28 12:23:00,847.25,847.25,847.25,847.25,0
2026-01-28 12:24:00,847.25,847.25,847.25,847.25,0
2026-01-28 12:25:00,846.47,846.47,846.47,846.47,1
2026-01-28 12:26:00,847.08,847.08,847.08,847.08,1
2026-01-28 12:27:00,847.08,847.08,847.08,847.08,0
2026-01-28 12:28:00,847.1,847.1,846.21,846.21,3
2026-01-28 12:29:00,846.19,846.19,846.09,846.1,2
2026-01-28 12:30:00,846.58,846.58,845.57,845.57,6
2026-01-28 12:31:00,845.57,845.57,845.57,845.57,0
2026-01-28 12:32:00,845.57,845.57,845.57,845.57,0
2026-01-28 12:33:00,845.57,845.57,845.57,845.57,0
2026-01-28 12:34:00,846.63,847.24,846.2,847.24,6
2026-01-28 12:35:00,846.8,847.4,846.8,847.4,3
2026-01-28 12:36:00,847.77,847.77,847.68,847.68,5
2026-01-28 12:37:00,847.68,847.68,847.68,847.68,0
2026-01-28 12:38:00,847.63,847.63,847.63,847.63,1
2026-01-28 12:39:00,847.63,847.63,847.63,847.63,0
2026-01-28 12:40:00,847.63,847.63,847.63,847.63,0
2026-01-28 12:41:00,847.78,848.4,847.69,848.4,12
2026-01-28 12:42:00,848.4,848.4,848.39,848.4,3
2026-01-28 12:43:00,848.4,848.4,848.4,848.4,0
2026-01-28 12:44:00,848.71,848.72,848.66,848.67,3
2026-01-28 12:45:00,848.67,848.67,848.66,848.67,1
2026-01-28 12:46:00,848.6,848.6,848.59,848.6,2
2026-01-28 12:47:00,848.61,848.63,848.6,848.63,4
2026-01-28 12:48:00,848.0,848.0,847.15,847.15,8
2026-01-28 12:49:00,847.89,847.89,847.89,847.89,2
2026-01-28 12:50:00,847.89,847.89,847.89,847.89,0
2026-01-28 12:51:00,847.89,847.89,847.89,847.89,0
2026-01-28 12:52:00,847.89,847.89,847.89,847.89,0
2026-01-28 12:53:00,847.89,847.89,847.89,847.89,0
2026-01-28 12:54:00,848.49,848.51,848.19,848.19,3
2026-01-28 12:55:00,848.47,848.53,848.47,848.53,3
2026-01-28 12:56:00,848.75,848.75,848.74,848.75,2
2026-01-28 12:57:00,848.75,848.75,848.75,848.75,0
2026-01-28 12:58:00,848.81,848.84,848.8,848.84,6
2026-01-28 12:59:00,848.9,848.9,848.9,848.9,2
2026-01-28 13:00:00,848.88,848.88,848.87,848.88,1
2026-01-28 13:01:00,848.75,848.88,848.45,848.88,15
2026-01-28 13:02:00,848.88,848.88,848.88,848.88,0
2026-01-28 13:03:00,848.88,848.88,848.88,848.88,0
2026-01-28 13:04:00,848.36,848.36,847.86,848.14,18
2026-01-28 13:05:00,847.48,847.56,847.48,847.56,8
2026-01-28 13:06:00,847.56,847.56,847.56,847.56,0
2026-01-28 13:07:00,847.56,847.56,847.56,847.56,0
2026-01-28 13:08:00,847.47,847.64,847.47,847.64,2
2026-01-28 13:09:00,847.51,847.52,847.51,847.52,2
2026-01-28 13:10:00,847.56,847.56,847.5,847.5,2
2026-01-28 13:11:00,847.63,847.72,846.95,847.44,5
2026-01-28 13:12:00,847.43,847.44,847.43,847.44,2
2026-01-28 13:13:00,847.11,847.44,847.11,847.44,4
2026-01-28 13:14:00,847.43,847.43,847.43,847.43,2
2026-01-28 13:15:00,847.43,847.44,847.43,847.43,7
2026-01-28 13:16:00,848.46,848.46,847.27,847.27,7
2026-01-28 13:17:00,847.38,848.14,847.38,848.09,5
2026-01-28 13:18:00,848.14,848.46,848.09,848.42,5
2026-01-28 13:19:00,848.42,848.42,848.42,848.42,0
2026-01-28 13:20:00,848.42,848.42,848.42,848.42,0
2026-01-28 13:21:00,848.36,848.36,848.36,848.36,2
2026-01-28 13:22:00,847.52,848.28,847.36,847.53,35
2026-01-28 13:23:00,847.53,847.53,847.53,847.53,0
2026-01-28 13:24:00,846.4,846.4,846.4,846.4,1
2026-01-28 13:25:00,847.51,847.52,846.85,846.85,3
2026-01-28 13:26:00,846.85,846.85,846.85,846.85,0
2026-01-28 13:27:00,846.85,846.85,846.85,846.85,0
2026-01-28 13:28:00,847.22,847.22,846.93,846.94,2
2026-01-28 13:29:00,846.94,846.94,846.94,846.94,0
2026-01-28 13:30:00,846.94,846.94,846.93,846.94,1
2026-01-28 13:31:00,847.09,847.37,847.08,847.37,3
2026-01-28 13:32:00,846.7,847.08,846.7,846.99,7
2026-01-28 13:33:00,846.99,846.99,846.98,846.99,4
2026-01-28 13:34:00,847.37,847.37,847.37,847.37,1
2026-01-28 13:35:00,847.37,847.37,847.37,847.37,0
2026-01-28 13:36:00,847.37,847.37,847.37,847.37,1
2026-01-28 13:37:00,847.46,847.47,847.11,847.11,7
2026-01-28 13:38:00,847.52,847.52,846.26,846.26,17
2026-01-28 13:39:00,846.26,846.26,846.26,846.26,0
2026-01-28 13:40:00,846.26,846.26,846.26,846.26,0
2026-01-28 13:41:00,846.45,846.45,846.44,846.45,1
2026-01-28 13:42:00,846.79,846.79,845.93,845.93,5
2026-01-28 13:43:00,845.51,845.51,845.43,845.43,2
2026-01-28 13:44:00,845.97,845.97,845.97,845.97,1
2026-01-28 13:45:00,846.02,846.02,846.02,846.02,1
2026-01-28 13:46:00,846.02,846.02,846.02,846.02,0
2026-01-28 13:47:00,846.09,846.09,846.09,846.09,1
2026-01-28 13:48:00,846.11,846.11,846.11,846.11,1
2026-01-28 13:49:00,846.15,847.63,845.28,847.63,5
2026-01-28 13:50:00,846.13,846.14,846.13,846.13,1
2026-01-28 13:51:00,846.13,846.13,846.13,846.13,0
2026-01-28 13:52:00,846.13,846.13,846.13,846.13,0
2026-01-28 13:53:00,846.31,846.31,846.31,846.31,1
2026-01-28 13:54:00,846.31,846.31,845.12,846.31,6
2026-01-28 13:55:00,846.31,846.31,844.19,844.2,4
2026-01-28 13:56:00,844.2,844.2,844.2,844.2,0
2026-01-28 13:57:00,844.38,844.38,844.37,844.38,3
2026-01-28 13:58:00,844.5,844.51,844.5,844.5,1
2026-01-28 13:59:00,845.15,845.15,845.15,845.15,4
2026-01-28 14:00:00,843.54,843.54,843.53,843.54,2
2026-01-28 14:01:00,843.54,843.54,843.54,843.54,0
2026-01-28 14:02:00,843.54,843.54,843.54,843.54,0
2026-01-28 14:03:00,844.3,844.64,844.3,844.64,3
2026-01-28 14:04:00,843.04,843.04,843.04,843.04,1
2026-01-28 14:05:00,843.04,843.04,843.04,843.04,0
2026-01-28 14:06:00,842.78,842.78,842.77,842.78,1
2026-01-28 14:07:00,841.88,841.94,841.88,841.88,7
2026-01-28 14:08:00,841.88,841.88,841.88,841.88,0
2026-01-28 14:09:00,842.78,842.78,842.77,842.78,1
2026-01-28 14:10:00,842.23,842.23,842.23,842.23,1
2026-01-28 14:11:00,842.06,842.06,841.88,841.88,5
2026-01-28 14:12:00,841.88,841.88,841.88,841.88,0
2026-01-28 14:13:00,841.88,842.91,841.88,842.78,21
2026-01-28 14:14:00,842.78,842.78,842.78,842.78,0
2026-01-28 14:15:00,842.24,842.24,842.24,842.24,2
2026-01-28 14:16:00,842.22,842.22,842.22,842.22,1
2026-01-28 14:17:00,840.93,840.93,840.93,840.93,1
2026-01-28 14:18:00,840.93,840.93,840.93,840.93,0
2026-01-28 14:19:00,840.93,840.93,840.93,840.93,0
2026-01-28 14:20:00,840.93,840.93,840.93,840.93,0
2026-01-28 14:21:00,841.34,841.53,841.34,841.53,3
2026-01-28 14:22:00,841.88,841.88,841.55,841.66,7
2026-01-28 14:23:00,841.89,842.82,841.89,842.82,12
2026-01-28 14:24:00,842.81,842.82,842.81,842.82,3
2026-01-28 14:25:00,843.27,844.32,843.27,844.31,7
2026-01-28 14:26:00,844.31,844.31,844.31,844.31,0
2026-01-28 14:27:00,844.31,844.31,844.31,844.31,0
2026-01-28 14:28:00,843.92,843.92,843.92,843.92,1
2026-01-28 14:29:00,843.79,844.46,842.2,842.21,11
2026-01-28 14:30:00,842.31,845.1,842.3,845.1,33
2026-01-28 14:31:00,847.37,847.37,847.36,847.37,2
2026-01-28 14:32:00,847.37,847.37,847.37,847.37,0
2026-01-28 14:33:00,847.44,847.44,847.43,847.44,3
2026-01-28 14:34:00,847.44,847.44,845.25,845.25,2
2026-01-28 14:35:00,847.45,847.45,847.45,847.45,1
2026-01-28 14:36:00,844.06,844.51,841.77,841.77,21
2026-01-28 14:37:00,841.77,841.77,841.77,841.77,0
2026-01-28 14:38:00,841.74,843.75,841.74,843.72,16
2026-01-28 14:39:00,844.01,844.22,844.01,844.22,3
2026-01-28 14:40:00,844.22,844.22,844.22,844.22,0
2026-01-28 14:41:00,844.62,845.83,844.61,845.83,7
2026-01-28 14:42:00,846.05,846.05,844.59,845.33,23
2026-01-28 14:43:00,844.61,844.73,844.59,844.73,15
2026-01-28 14:44:00,844.73,844.92,844.73,844.92,4
2026-01-28 14:45:00,844.92,844.92,844.92,844.92,1
2026-01-28 14:46:00,844.92,844.92,844.92,844.92,0
2026-01-28 14:47:00,844.92,844.92,844.92,844.92,0
2026-01-28 14:48:00,845.61,845.61,845.61,845.61,1
2026-01-28 14:49:00,844.92,844.92,843.78,843.78,3
2026-01-28 14:50:00,845.61,845.61,844.92,844.92,2
2026-01-28 14:51:00,844.92,844.92,844.92,844.92,1
2026-01-28 14:52:00,844.92,844.93,843.78,844.92,10
2026-01-28 14:53:00,845.61,845.61,844.92,844.92,8
2026-01-28 14:54:00,844.92,846.07,844.92,846.07,12
2026-01-28 14:55:00,845.74,845.89,845.54,845.54,14
2026-01-28 14:56:00,845.89,845.89,844.43,844.43,12
2026-01-28 14:57:00,844.43,844.43,844.43,844.43,0
2026-01-28 14:58:00,844.43,844.43,844.43,844.43,0
2026-01-28 14:59:00,842.65,842.65,842.65,842.65,1
2026-01-28 15:00:00,846.09,846.23,844.8,844.8,21
2026-01-28 15:01:00,845.86,845.86,844.8,844.8,2
2026-01-28 15:02:00,845.86,845.86,844.8,844.8,2
2026-01-28 15:03:00,844.8,844.96,844.8,844.96,3
2026-01-28 15:04:00,843.72,845.91,843.72,845.91,2
2026-01-28 15:05:00,844.98,845.01,844.97,845.01,5
2026-01-28 15:06:00,845.32,845.32,845.32,845.32,1
2026-01-28 15:07:00,845.32,845.32,845.32,845.32,3
2026-01-28 15:08:00,844.45,844.45,844.43,844.43,3
2026-01-28 15:09:00,844.43,844.43,844.43,844.43,0
2026-01-28 15:10:00,844.64,845.53,844.64,845.53,3
2026-01-28 15:11:00,845.55,845.9,844.86,845.9,24
2026-01-28 15:12:00,845.91,845.91,845.79,845.79,4
2026-01-28 15:13:00,845.49,845.49,845.36,845.47,5
2026-01-28 15:14:00,845.47,845.47,845.46,845.47,2
2026-01-28 15:15:00,845.47,845.47,845.46,845.47,1
2026-01-28 15:16:00,845.47,845.47,845.47,845.47,0
2026-01-28 15:17:00,845.45,845.45,844.61,844.61,6
2026-01-28 15:18:00,844.23,844.45,844.22,844.34,9
2026-01-28 15:19:00,844.67,844.83,844.67,844.83,8
2026-01-28 15:20:00,844.92,844.92,844.83,844.83,2
2026-01-28 15:21:00,845.64,845.64,845.63,845.64,1
2026-01-28 15:22:00,845.67,845.8,845.36,845.36,20
2026-01-28 15:23:00,845.36,845.36,845.36,845.36,0
2026-01-28 15:24:00,845.03,845.39,844.81,845.39,5
2026-01-28 15:25:00,845.05,845.05,845.05,845.05,1
2026-01-28 15:26:00,845.86,845.89,845.44,845.89,8
2026-01-28 15:27:00,845.75,846.13,845.55,845.55,5
2026-01-28 15:28:00,846.13,846.13,845.96,846.13,12
2026-01-28 15:29:00,845.94,845.94,845.92,845.93,3
2026-01-28 15:30:00,845.94,845.94,845.29,845.94,14
2026-01-28 15:31:00,845.94,845.94,845.94,845.94,0
2026-01-28 15:32:00,845.94,845.94,845.94,845.94,0
2026-01-28 15:33:00,845.94,845.94,845.94,845.94,0
2026-01-28 15:34:00,845.93,845.93,845.92,845.93,3
2026-01-28 15:35:00,846.59,847.89,846.59,847.68,18
2026-01-28 15:36:00,847.68,847.68,847.68,847.68,0
2026-01-28 15:37:00,847.68,847.68,847.68,847.68,3
2026-01-28 15:38:00,847.68,847.68,847.68,847.68,2
2026-01-28 15:39:00,846.81,847.68,846.81,846.85,3
2026-01-28 15:40:00,847.68,847.68,847.67,847.68,9
2026-01-28 15:41:00,847.68,847.68,847.68,847.68,2
2026-01-28 15:42:00,847.68,847.68,846.72,846.87,15
2026-01-28 15:43:00,846.87,847.46,846.86,847.46,12
2026-01-28 15:44:00,846.72,846.83,846.3,846.31,12
2026-01-28 15:45:00,846.31,846.31,846.3,846.31,1
2026-01-28 15:46:00,846.32,847.0,845.19,846.32,9
2026-01-28 15:47:00,846.83,846.83,846.32,846.37,5
2026-01-28 15:48:00,846.37,847.18,846.36,846.37,7
2026-01-28 15:49:00,846.36,846.36,846.35,846.36,11
2026-01-28 15:50:00,847.42,847.42,846.35,847.21,5
2026-01-28 15:51:00,846.36,847.21,846.35,846.36,7
2026-01-28 15:52:00,846.36,847.0,846.35,846.75,25
2026-01-28 15:53:00,846.75,847.44,846.75,846.75,28
2026-01-28 15:54:00,847.37,847.52,846.75,847.37,54
2026-01-28 15:55:00,847.44,847.96,847.09,847.96,24
2026-01-28 15:56:00,847.42,848.14,847.42,847.51,16
2026-01-28 15:57:00,848.2,848.82,847.3,848.28,55
2026-01-28 15:58:00,848.28,848.28,846.9,847.23,38
2026-01-28 15:59:00,847.36,847.44,846.23,846.23,105
2026-01-29 09:30:00,845.72,846.27,844.56,845.18,40
2026-01-29 09:31:00,844.31,844.31,844.2,844.21,2
2026-01-29 09:32:00,843.11,843.93,842.44,843.64,17
2026-01-29 09:33:00,842.84,843.07,841.91,842.3,22
2026-01-29 09:34:00,842.32,842.32,840.76,840.76,30
2026-01-29 09:35:00,840.72,842.24,840.71,842.24,10
2026-01-29 09:36:00,842.24,842.24,842.24,842.24,0
2026-01-29 09:37:00,842.93,842.97,842.93,842.97,2
2026-01-29 09:38:00,843.12,843.12,843.12,843.12,1
2026-01-29 09:39:00,843.12,843.12,843.12,843.12,0
2026-01-29 09:40:00,842.64,842.89,842.24,842.89,8
2026-01-29 09:41:00,842.4,843.6,842.4,843.6,8
2026-01-29 09:42:00,843.67,843.67,843.27,843.27,2
2026-01-29 09:43:00,842.91,843.84,842.91,843.84,2
2026-01-29 09:44:00,844.37,845.0,844.37,845.0,4
2026-01-29 09:45:00,845.74,845.74,845.74,845.74,1
2026-01-29 09:46:00,845.15,845.15,845.14,845.15,1
2026-01-29 09:47:00,845.26,845.27,845.26,845.26,2
2026-01-29 09:48:00,845.32,847.63,845.32,847.63,24
2026-01-29 09:49:00,848.06,848.79,848.06,848.79,2
2026-01-29 09:50:00,848.79,848.79,848.79,848.79,0
2026-01-29 09:51:00,849.24,849.35,849.24,849.35,2
2026-01-29 09:52:00,850.05,850.05,850.05,850.05,1
2026-01-29 09:53:00,849.79,849.79,848.32,848.33,9
2026-01-29 09:54:00,848.35,848.35,848.34,848.35,1
2026-01-29 09:55:00,848.42,849.04,848.41,849.04,2
2026-01-29 09:56:00,848.74,848.74,848.4,848.4,6
2026-01-29 09:57:00,848.4,848.4,848.4,848.4,0
2026-01-29 09:58:00,848.4,848.4,848.4,848.4,0
2026-01-29 09:59:00,848.91,848.91,848.91,848.91,1
2026-01-29 10:00:00,848.53,848.8,848.23,848.23,4
2026-01-29 10:01:00,849.08,849.08,848.73,848.92,5
2026-01-29 10:02:00,847.8,847.8,847.6,847.6,2
2026-01-29 10:03:00,847.35,847.35,846.42,846.42,6
2026-01-29 10:04:00,846.97,848.39,846.97,848.39,16
2026-01-29 10:05:00,848.39,848.39,848.39,848.39,0
2026-01-29 10:06:00,848.42,849.24,848.36,849.24,14
2026-01-29 10:07:00,849.25,849.25,849.25,849.25,1
2026-01-29 10:08:00,848.83,850.33,848.6,848.91,90
2026-01-29 10:09:00,849.08,849.09,849.08,849.09,2
2026-01-29 10:10:00,849.42,849.89,849.3,849.37,78
2026-01-29 10:11:00,850.67,852.61,850.67,852.61,20
2026-01-29 10:12:00,852.15,852.24,850.11,850.11,25
2026-01-29 10:13:00,850.0,850.0,849.99,850.0,2
2026-01-29 10:14:00,849.74,850.0,849.66,849.66,30
2026-01-29 10:15:00,850.04,851.42,850.04,850.36,23
2026-01-29 10:16:00,850.36,850.36,850.36,850.36,0
2026-01-29 10:17:00,850.37,851.28,850.37,851.23,7
2026-01-29 10:18:00,851.32,851.68,850.4,850.8,89
2026-01-29 10:19:00,850.47,850.47,850.28,850.29,7
2026-01-29 10:20:00,849.45,849.45,848.22,848.55,19
2026-01-29 10:21:00,848.59,848.59,848.21,848.33,4
2026-01-29 10:22:00,847.41,847.82,847.02,847.35,43
2026-01-29 10:23:00,846.93,847.62,846.85,847.62,8
2026-01-29 10:24:00,847.59,847.59,847.55,847.55,4
2026-01-29 10:25:00,847.0,847.92,847.0,847.77,17
2026-01-29 10:26:00,847.57,848.4,847.56,848.4,3
2026-01-29 10:27:00,847.52,847.52,847.43,847.43,2
2026-01-29 10:28:00,848.05,848.05,848.05,848.05,1
2026-01-29 10:29:00,847.23,847.23,846.94,847.16,7
2026-01-29 10:30:00,846.9,847.38,846.65,847.38,7
2026-01-29 10:31:00,847.31,847.31,846.81,846.81,9
2026-01-29 10:32:00,847.22,847.22,846.77,846.78,3
2026-01-29 10:33:00,846.3,846.64,845.98,845.98,9
2026-01-29 10:34:00,845.98,845.98,845.98,845.98,0
2026-01-29 10:35:00,845.73,845.73,845.72,845.73,1
2026-01-29 10:36:00,845.14,845.61,845.14,845.5,9
2026-01-29 10:37:00,845.66,845.66,845.15,845.15,8
2026-01-29 10:38:00,845.15,845.15,845.15,845.15,0
2026-01-29 10:39:00,843.87,844.45,843.78,844.45,3
2026-01-29 10:40:00,844.48,844.68,844.48,844.59,12
2026-01-29 10:41:00,844.25,845.49,844.25,845.48,6
2026-01-29 10:42:00,844.96,845.1,844.96,845.1,2
2026-01-29 10:43:00,844.57,844.9,844.57,844.9,8
2026-01-29 10:44:00,845.17,846.03,845.17,845.54,18
2026-01-29 10:45:00,845.13,845.69,845.13,845.69,6
2026-01-29 10:46:00,845.71,845.71,845.71,845.71,4
2026-01-29 10:47:00,846.03,846.03,845.64,845.8,10
2026-01-29 10:48:00,845.19,845.19,844.53,844.54,5
2026-01-29 10:49:00,845.38,845.38,845.38,845.38,1
2026-01-29 10:50:00,844.96,844.96,844.96,844.96,3
2026-01-29 10:51:00,844.09,844.09,843.22,843.45,8
2026-01-29 10:52:00,843.5,843.5,842.6,842.6,32
2026-01-29 10:53:00,842.46,842.46,842.46,842.46,1
2026-01-29 10:54:00,842.46,842.46,842.46,842.46,0
2026-01-29 10:55:00,840.89,841.65,840.55,841.65,11
2026-01-29 10:56:00,842.73,843.99,842.73,843.99,6
2026-01-29 10:57:00,843.91,844.17,843.65,844.1,6
2026-01-29 10:58:00,844.2,844.2,843.79,843.79,16
2026-01-29 10:59:00,843.9,843.9,843.89,843.89,4
2026-01-29 11:00:00,844.62,844.62,844.39,844.39,35
2026-01-29 11:01:00,844.89,844.89,844.7,844.7,4
2026-01-29 11:02:00,844.7,844.7,844.7,844.7,0
2026-01-29 11:03:00,844.33,844.33,844.06,844.07,4
2026-01-29 11:04:00,844.78,845.01,844.31,845.01,6
2026-01-29 11:05:00,844.82,844.91,844.81,844.91,3
2026-01-29 11:06:00,844.94,844.94,844.78,844.91,8
2026-01-29 11:07:00,844.14,844.26,844.05,844.06,7
2026-01-29 11:08:00,844.47,844.95,844.46,844.88,6
2026-01-29 11:09:00,844.47,844.47,844.47,844.47,1
2026-01-29 11:10:00,844.47,844.47,844.47,844.47,0
2026-01-29 11:11:00,844.92,844.92,844.6,844.6,5
2026-01-29 11:12:00,844.99,845.68,844.99,845.59,7
2026-01-29 11:13:00,845.76,845.76,845.58,845.58,3
2026-01-29 11:14:00,845.86,845.86,845.65,845.65,6
2026-01-29 11:15:00,846.17,846.92,846.17,846.88,8
2026-01-29 11:16:00,846.74,846.74,846.74,846.74,7
2026-01-29 11:17:00,845.62,846.18,845.59,846.18,7
2026-01-29 11:18:00,846.18,846.18,846.18,846.18,0
2026-01-29 11:19:00,846.18,846.18,846.18,846.18,0
2026-01-29 11:20:00,847.18,847.3,847.18,847.3,5
2026-01-29 11:21:00,847.67,847.67,847.36,847.67,3
2026-01-29 11:22:00,847.22,847.22,845.03,845.03,10
2026-01-29 11:23:00,845.08,845.26,845.08,845.26,5
2026-01-29 11:24:00,845.26,845.26,845.26,845.26,0
2026-01-29 11:25:00,845.57,846.88,845.57,846.71,10
2026-01-29 11:26:00,846.85,846.85,846.33,846.58,9
2026-01-29 11:27:00,846.47,846.48,846.47,846.48,2
2026-01-29 11:28:00,846.26,846.26,846.15,846.15,4
2026-01-29 11:29:00,845.87,846.38,845.87,846.38,3
2026-01-29 11:30:00,847.0,847.6,847.0,847.52,19
2026-01-29 11:31:00,846.96,847.18,846.5,847.18,11
2026-01-29 11:32:00,846.74,847.0,846.74,847.0,23
2026-01-29 11:33:00,846.59,846.85,845.88,846.85,19
2026-01-29 11:34:00,846.99,847.48,845.86,846.02,55
2026-01-29 11:35:00,846.69,847.08,846.5,847.0,63
2026-01-29 11:36:00,847.0,847.0,847.0,847.0,0
2026-01-29 11:37:00,846.51,846.51,846.51,846.51,1
2026-01-29 11:38:00,846.56,846.56,846.56,846.56,1
2026-01-29 11:39:00,847.44,847.55,847.44,847.55,5
2026-01-29 11:40:00,847.55,847.55,847.55,847.55,0
2026-01-29 11:41:00,847.55,847.55,847.55,847.55,0
2026-01-29 11:42:00,848.1,848.29,848.1,848.29,2
2026-01-29 11:43:00,848.29,848.29,848.29,848.29,1
2026-01-29 11:44:00,848.29,848.29,848.29,848.29,1
2026-01-29 11:45:00,848.29,848.29,848.29,848.29,0
2026-01-29 11:46:00,848.88,848.88,848.88,848.88,1
2026-01-29 11:47:00,848.88,848.88,848.88,848.88,1
2026-01-29 11:48:00,848.06,848.06,847.69,847.69,3
2026-01-29 11:49:00,846.72,846.98,846.72,846.98,4
2026-01-29 11:50:00,846.42,847.15,846.22,846.22,20
2026-01-29 11:51:00,846.23,846.23,846.22,846.22,2
2026-01-29 11:52:00,846.68,846.68,845.44,845.44,3
2026-01-29 11:53:00,846.69,846.69,846.69,846.69,1
2026-01-29 11:54:00,846.69,846.69,846.69,846.69,0
2026-01-29 11:55:00,846.45,846.45,846.44,846.45,1
2026-01-29 11:56:00,845.96,846.61,845.36,846.6,7
2026-01-29 11:57:00,846.15,846.69,846.15,846.69,4
2026-01-29 11:58:00,846.69,846.69,846.69,846.69,0
2026-01-29 11:59:00,846.99,846.99,846.98,846.98,2
2026-01-29 12:00:00,846.43,847.45,846.43,847.45,2
2026-01-29 12:01:00,847.45,847.45,847.45,847.45,0
2026-01-29 12:02:00,847.45,847.45,847.45,847.45,0
2026-01-29 12:03:00,847.93,848.63,847.75,848.63,8
2026-01-29 12:04:00,848.6,848.82,847.59,848.82,18
2026-01-29 12:05:00,847.76,848.59,845.88,848.59,4
2026-01-29 12:06:00,849.1,849.1,849.1,849.1,1
2026-01-29 12:07:00,848.72,848.72,848.72,848.72,2
2026-01-29 12:08:00,848.07,849.14,848.07,848.28,5
2026-01-29 12:09:00,849.55,849.55,849.55,849.55,1
2026-01-29 12:10:00,847.7,847.7,847.05,847.7,7
2026-01-29 12:11:00,847.7,847.7,847.69,847.7,2
2026-01-29 12:12:00,848.16,848.26,847.49,847.98,14
2026-01-29 12:13:00,847.98,848.46,847.98,848.23,6
2026-01-29 12:14:00,847.75,847.75,847.75,847.75,1
2026-01-29 12:15:00,848.45,848.45,848.45,848.45,2
2026-01-29 12:16:00,848.23,848.45,848.0,848.45,12
2026-01-29 12:17:00,848.45,848.45,848.45,848.45,0
2026-01-29 12:18:00,848.45,848.47,848.45,848.47,4
2026-01-29 12:19:00,848.26,848.26,848.26,848.26,2
2026-01-29 12:20:00,848.25,848.26,848.25,848.25,6
2026-01-29 12:21:00,848.25,848.25,848.25,848.25,0
2026-01-29 12:22:00,848.23,848.23,847.02,847.02,3
2026-01-29 12:23:00,847.02,847.02,847.02,847.02,0
2026-01-29 12:24:00,847.9,847.9,847.9,847.9,1
2026-01-29 12:25:00,847.25,847.26,847.25,847.25,1
2026-01-29 12:26:00,847.25,847.25,847.25,847.25,0
2026-01-29 12:27:00,847.25,847.25,847.25,847.25,0
2026-01-29 12:28:00,847.25,847.25,847.25,847.25,0
2026-01-29 12:29:00,846.94,846.94,846.94,846.94,1
2026-01-29 12:30:00,846.94,846.94,846.94,846.94,0
2026-01-29 12:31:00,846.2,846.2,846.2,846.2,1
2026-01-29 12:32:00,847.79,847.79,847.79,847.79,1
2026-01-29 12:33:00,847.79,847.79,847.79,847.79,0
2026-01-29 12:34:00,847.0,847.77,847.0,847.77,3
2026-01-29 12:35:00,847.5,847.8,846.94,846.94,22
2026-01-29 12:36:00,846.21,846.21,845.25,845.31,16
2026-01-29 12:37:00,845.31,845.31,845.31,845.31,0
2026-01-29 12:38:00,845.31,845.46,845.31,845.46,2
2026-01-29 12:39:00,845.46,845.46,845.46,845.46,0
2026-01-29 12:40:00,845.46,845.46,845.46,845.46,0
2026-01-29 12:41:00,845.46,845.46,845.46,845.46,0
2026-01-29 12:42:00,845.46,845.46,845.46,845.46,0
2026-01-29 12:43:00,845.46,845.46,845.46,845.46,0
2026-01-29 12:44:00,845.46,845.46,845.46,845.46,0
2026-01-29 12:45:00,845.46,845.46,845.46,845.46,0
2026-01-29 12:46:00,845.25,845.25,845.24,845.25,1
2026-01-29 12:47:00,845.25,845.25,845.25,845.25,0
2026-01-29 12:48:00,845.25,845.25,845.25,845.25,0
2026-01-29 12:49:00,845.25,845.25,845.25,845.25,0
2026-01-29 12:50:00,845.25,845.25,845.25,845.25,0
2026-01-29 12:51:00,845.25,845.25,845.25,845.25,0
2026-01-29 12:52:00,845.25,845.25,845.25,845.25,0
2026-01-29 12:53:00,845.25,845.25,845.25,845.25,0
2026-01-29 12:54:00,845.25,845.25,845.25,845.25,0
2026-01-29 12:55:00,845.39,845.39,845.39,845.39,1
2026-01-29 12:56:00,845.39,845.39,845.39,845.39,0
2026-01-29 12:57:00,845.42,845.42,845.41,845.42,10
2026-01-29 12:58:00,845.41,845.41,845.41,845.41,1
2026-01-29 12:59:00,844.73,845.41,844.4,844.55,29
2026-01-29 13:00:00,844.41,844.41,844.41,844.41,1
2026-01-29 13:01:00,844.47,845.86,843.53,843.53,10
2026-01-29 13:02:00,843.53,843.53,843.53,843.53,0
2026-01-29 13:03:00,843.53,843.53,843.53,843.53,1
2026-01-29 13:04:00,843.53,843.53,843.53,843.53,0
2026-01-29 13:05:00,845.61,845.61,845.61,845.61,1
2026-01-29 13:06:00,845.85,845.85,845.31,845.31,2
2026-01-29 13:07:00,845.31,845.31,845.31,845.31,0
2026-01-29 13:08:00,845.31,845.31,845.31,845.31,0
2026-01-29 13:09:00,846.45,846.45,846.45,846.45,2
2026-01-29 13:10:00,846.45,846.45,846.45,846.45,0
2026-01-29 13:11:00,845.11,845.11,845.1,845.11,1
2026-01-29 13:12:00,845.32,846.34,845.32,846.34,3
2026-01-29 13:13:00,846.23,846.77,846.23,846.77,2
2026-01-29 13:14:00,846.77,846.77,846.77,846.77,0
2026-01-29 13:15:00,845.68,845.68,845.68,845.68,1
2026-01-29 13:16:00,845.68,845.68,845.68,845.68,0
2026-01-29 13:17:00,846.65,846.95,846.4,846.95,4
2026-01-29 13:18:00,846.95,846.95,846.95,846.95,0
2026-01-29 13:19:00,846.95,846.95,846.95,846.95,0
2026-01-29 13:20:00,846.2,846.2,844.61,845.77,6
2026-01-29 13:21:00,845.88,846.68,845.88,846.68,2
2026-01-29 13:22:00,846.68,846.68,846.68,846.68,0
2026-01-29 13:23:00,846.68,846.68,846.68,846.68,0
2026-01-29 13:24:00,846.68,846.68,846.68,846.68,0
2026-01-29 13:25:00,846.38,846.71,845.15,845.75,7
2026-01-29 13:26:00,845.86,845.86,845.85,845.86,7
2026-01-29 13:27:00,846.58,846.58,846.58,846.58,1
2026-01-29 13:28:00,846.58,846.58,846.58,846.58,0
2026-01-29 13:29:00,846.52,846.52,846.52,846.52,1
2026-01-29 13:30:00,845.84,845.86,845.22,845.86,14
2026-01-29 13:31:00,845.68,845.68,845.33,845.33,3
2026-01-29 13:32:00,845.33,845.33,845.33,845.33,0
2026-01-29 13:33:00,845.68,845.68,844.83,844.83,4
2026-01-29 13:34:00,844.83,844.83,844.83,844.83,0
2026-01-29 13:35:00,845.04,845.04,845.04,845.04,1
2026-01-29 13:36:00,845.68,845.68,844.75,844.75,6
2026-01-29 13:37:00,845.06,845.71,845.06,845.71,10
2026-01-29 13:38:00,845.71,845.71,845.7,845.71,2
2026-01-29 13:39:00,845.71,845.71,845.7,845.71,1
2026-01-29 13:40:00,845.71,845.71,845.71,845.71,0
2026-01-29 13:41:00,845.08,845.08,845.08,845.08,2
2026-01-29 13:42:00,845.71,845.71,845.7,845.71,2
2026-01-29 13:43:00,845.71,845.71,845.7,845.71,1
2026-01-29 13:44:00,845.71,846.53,845.7,846.53,2
2026-01-29 13:45:00,846.64,846.64,845.71,845.71,3
2026-01-29 13:46:00,846.19,846.19,846.19,846.19,1
2026-01-29 13:47:00,846.54,846.54,846.54,846.54,1
2026-01-29 13:48:00,845.12,845.12,844.63,844.73,7
2026-01-29 13:49:00,845.68,846.07,845.67,846.07,2
2026-01-29 13:50:00,845.26,845.27,845.26,845.26,4
2026-01-29 13:51:00,845.14,845.14,844.82,844.82,3
2026-01-29 13:52:00,844.82,844.82,844.82,844.82,0
2026-01-29 13:53:00,845.88,845.89,845.88,845.89,4
2026-01-29 13:54:00,845.41,845.41,845.4,845.41,1
2026-01-29 13:55:00,845.41,845.41,845.41,845.41,2
2026-01-29 13:56:00,845.41,845.41,845.15,845.15,5
2026-01-29 13:57:00,845.67,845.68,845.66,845.67,16
2026-01-29 13:58:00,845.34,845.62,845.16,845.56,17
2026-01-29 13:59:00,845.67,845.67,845.67,845.67,2
2026-01-29 14:00:00,845.48,845.49,845.48,845.49,2
2026-01-29 14:01:00,846.0,846.0,845.61,845.62,2
2026-01-29 14:02:00,845.62,845.62,845.62,845.62,0
2026-01-29 14:03:00,846.07,846.1,846.07,846.1,6
2026-01-29 14:04:00,846.06,846.06,846.06,846.06,1
2026-01-29 14:05:00,846.59,846.93,846.06,846.93,5
2026-01-29 14:06:00,846.98,847.91,846.98,847.91,4
2026-01-29 14:07:00,847.91,847.91,847.91,847.91,0
2026-01-29 14:08:00,847.91,847.91,847.91,847.91,2
2026-01-29 14:09:00,847.91,847.91,847.68,847.68,16
2026-01-29 14:10:00,847.73,847.73,847.72,847.73,1
2026-01-29 14:11:00,847.16,847.73,847.14,847.72,6
2026-01-29 14:12:00,847.58,847.58,847.57,847.58,1
2026-01-29 14:13:00,848.22,848.22,848.22,848.22,2
2026-01-29 14:14:00,847.73,847.73,847.72,847.73,1
2026-01-29 14:15:00,847.73,847.73,847.73,847.73,0
2026-01-29 14:16:00,847.73,847.73,847.73,847.73,0
2026-01-29 14:17:00,847.91,847.91,847.89,847.9,4
2026-01-29 14:18:00,847.9,847.9,847.9,847.9,0
2026-01-29 14:19:00,847.9,847.9,847.89,847.9,1
2026-01-29 14:20:00,847.9,847.9,847.89,847.9,2
2026-01-29 14:21:00,847.9,847.9,847.9,847.9,0
2026-01-29 14:22:00,847.9,847.9,847.9,847.9,0
2026-01-29 14:23:00,847.9,847.9,847.89,847.9,1
2026-01-29 14:24:00,848.46,848.46,848.46,848.46,1
2026-01-29 14:25:00,848.46,848.46,848.46,848.46,0
2026-01-29 14:26:00,848.46,848.46,848.46,848.46,0
2026-01-29 14:27:00,848.72,848.73,848.72,848.72,1
2026-01-29 14:28:00,849.01,849.01,849.01,849.01,1
2026-01-29 14:29:00,849.01,849.01,849.01,849.01,0
2026-01-29 14:30:00,847.9,847.9,847.89,847.9,1
2026-01-29 14:31:00,847.02,847.9,847.02,847.9,4
2026-01-29 14:32:00,847.9,847.9,847.9,847.9,0
2026-01-29 14:33:00,847.9,847.9,847.9,847.9,0
2026-01-29 14:34:00,847.9,847.9,847.9,847.9,0
2026-01-29 14:35:00,848.44,848.51,848.44,848.51,2
2026-01-29 14:36:00,848.51,848.51,848.51,848.51,0
2026-01-29 14:37:00,848.35,848.36,847.92,847.93,4
2026-01-29 14:38:00,847.93,847.93,847.93,847.93,0
2026-01-29 14:39:00,848.81,849.02,848.4,848.41,10
2026-01-29 14:40:00,848.41,848.41,848.41,848.41,0
2026-01-29 14:41:00,848.41,848.41,848.41,848.41,0
2026-01-29 14:42:00,847.93,847.93,847.93,847.93,1
2026-01-29 14:43:00,847.93,847.93,847.93,847.93,0
2026-01-29 14:44:00,847.94,847.94,847.93,847.94,2
2026-01-29 14:45:00,847.94,847.94,846.95,846.95,8
2026-01-29 14:46:00,846.95,846.95,846.95,846.95,0
2026-01-29 14:47:00,847.13,847.17,847.06,847.17,5
2026-01-29 14:48:00,847.17,847.17,847.17,847.17,0
2026-01-29 14:49:00,847.17,847.17,847.17,847.17,0
2026-01-29 14:50:00,846.8,846.8,846.8,846.8,1
2026-01-29 14:51:00,845.88,846.2,845.87,846.2,8
2026-01-29 14:52:00,846.79,846.79,846.11,846.11,2
2026-01-29 14:53:00,845.88,845.88,844.61,845.39,9
2026-01-29 14:54:00,845.74,846.99,844.99,846.99,23
2026-01-29 14:55:00,846.97,847.67,846.58,847.67,15
2026-01-29 14:56:00,847.67,847.67,847.67,847.67,0
2026-01-29 14:57:00,847.67,847.67,847.67,847.67,0
2026-01-29 14:58:00,847.67,847.67,847.67,847.67,0
2026-01-29 14:59:00,847.67,847.67,847.67,847.67,0
2026-01-29 15:00:00,847.67,847.67,847.67,847.67,0
2026-01-29 15:01:00,847.67,847.67,847.67,847.67,0
2026-01-29 15:02:00,847.03,847.03,847.03,847.03,1
2026-01-29 15:03:00,848.21,848.22,848.21,848.21,1
2026-01-29 15:04:00,847.83,847.83,847.82,847.83,1
2026-01-29 15:05:00,847.83,848.55,847.82,847.83,7
2026-01-29 15:06:00,847.91,847.91,847.91,847.91,1
2026-01-29 15:07:00,847.91,847.91,847.91,847.91,0
2026-01-29 15:08:00,847.91,847.91,847.91,847.91,0
2026-01-29 15:09:00,847.91,847.91,847.91,847.91,0
2026-01-29 15:10:00,847.88,848.18,847.88,848.15,5
2026-01-29 15:11:00,847.8,848.3,847.77,848.3,5
2026-01-29 15:12:00,848.3,848.3,848.3,848.3,0
2026-01-29 15:13:00,848.3,848.3,848.3,848.3,0
2026-01-29 15:14:00,848.3,848.3,848.3,848.3,0
2026-01-29 15:15:00,847.71,847.71,847.7,847.71,6
2026-01-29 15:16:00,847.71,847.71,847.71,847.71,2
2026-01-29 15:17:00,847.9,847.9,847.71,847.71,3
2026-01-29 15:18:00,847.9,847.9,847.81,847.9,3
2026-01-29 15:19:00,848.63,849.24,847.68,848.91,58
2026-01-29 15:20:00,848.91,848.91,848.91,848.91,0
2026-01-29 15:21:00,848.91,848.91,848.91,848.91,0
2026-01-29 15:22:00,848.91,848.91,848.91,848.91,0
2026-01-29 15:23:00,848.91,848.91,848.91,848.91,0
2026-01-29 15:24:00,848.92,848.92,848.92,848.92,1
2026-01-29 15:25:00,848.92,848.92,848.92,848.92,0
2026-01-29 15:26:00,848.92,848.92,848.92,848.92,0
2026-01-29 15:27:00,848.37,848.78,848.37,848.78,6
2026-01-29 15:28:00,848.78,848.78,848.78,848.78,0
2026-01-29 15:29:00,848.92,848.92,848.92,848.92,1
2026-01-29 15:30:00,848.92,848.92,848.92,848.92,0
2026-01-29 15:31:00,849.04,849.04,848.76,849.04,13
2026-01-29 15:32:00,849.04,849.25,848.65,848.66,38
2026-01-29 15:33:00,848.66,848.66,848.45,848.66,9
2026-01-29 15:34:00,848.66,848.66,848.66,848.66,0
2026-01-29 15:35:00,848.67,848.67,848.45,848.45,4
2026-01-29 15:36:00,848.66,848.66,848.66,848.66,3
2026-01-29 15:37:00,848.66,848.66,848.65,848.65,4
2026-01-29 15:38:00,848.65,848.65,848.05,848.65,19
2026-01-29 15:39:00,848.66,848.66,848.45,848.45,3
2026-01-29 15:40:00,849.0,849.35,848.78,849.03,15
2026-01-29 15:41:00,849.02,849.4,849.02,849.03,7
2026-01-29 15:42:00,849.9,849.91,849.58,849.58,3
2026-01-29 15:43:00,849.58,849.58,849.58,849.58,0
2026-01-29 15:44:00,849.58,849.58,849.58,849.58,0
2026-01-29 15:45:00,848.55,849.02,848.55,848.63,3
2026-01-29 15:46:00,848.94,848.94,846.7,848.61,48
2026-01-29 15:47:00,848.32,848.71,848.22,848.71,4
2026-01-29 15:48:00,848.24,848.54,848.24,848.54,7
2026-01-29 15:49:00,848.54,848.54,848.54,848.54,2
2026-01-29 15:50:00,848.54,848.64,848.54,848.64,3
2026-01-29 15:51:00,848.63,848.64,847.5,847.5,13
2026-01-29 15:52:00,848.64,848.71,848.64,848.71,8
2026-01-29 15:53:00,848.3,848.31,847.2,848.31,14
2026-01-29 15:54:00,848.0,848.48,847.72,848.48,26
2026-01-29 15:55:00,848.47,848.47,847.48,848.14,12
2026-01-29 15:56:00,847.7,847.84,847.2,847.46,22
2026-01-29 15:57:00,848.08,848.98,847.21,848.98,76
2026-01-29 15:58:00,848.97,849.17,848.74,848.81,78
2026-01-29 15:59:00,848.06,848.31,847.69,848.29,47
2026-01-30 09:30:00,849.6,852.78,849.39,852.78,35
2026-01-30 09:31:00,852.98,853.41,852.49,853.36,15
2026-01-30 09:32:00,852.93,853.88,852.63,853.68,13
2026-01-30 09:33:00,854.41,855.07,853.93,855.07,16
2026-01-30 09:34:00,855.44,855.44,853.17,853.17,6
2026-01-30 09:35:00,852.41,853.28,852.12,852.12,4
2026-01-30 09:36:00,851.8,851.8,850.82,850.82,3
2026-01-30 09:37:00,850.72,850.72,850.48,850.59,3
2026-01-30 09:38:00,850.32,850.45,848.75,848.89,43
2026-01-30 09:39:00,848.74,850.0,848.39,849.46,41
2026-01-30 09:40:00,850.47,850.47,850.47,850.47,1
2026-01-30 09:41:00,850.47,850.47,850.47,850.47,0
2026-01-30 09:42:00,850.08,850.53,850.08,850.11,3
2026-01-30 09:43:00,850.58,850.58,849.84,849.84,4
2026-01-30 09:44:00,848.63,848.63,848.19,848.19,4
2026-01-30 09:45:00,848.19,848.19,848.19,848.19,0
2026-01-30 09:46:00,847.5,847.72,847.2,847.72,24
2026-01-30 09:47:00,847.25,848.37,847.25,848.37,2
2026-01-30 09:48:00,848.37,848.37,848.37,848.37,0
2026-01-30 09:49:00,847.72,847.95,845.55,845.57,9
2026-01-30 09:50:00,845.71,846.48,845.71,846.24,30
2026-01-30 09:51:00,846.47,846.71,846.24,846.48,11
2026-01-30 09:52:00,846.65,846.72,846.65,846.72,2
2026-01-30 09:53:00,846.72,846.72,846.72,846.72,0
2026-01-30 09:54:00,846.19,846.19,843.03,843.53,18
2026-01-30 09:55:00,843.68,844.05,843.2,843.61,39
2026-01-30 09:56:00,843.33,844.2,843.33,844.2,9
2026-01-30 09:57:00,844.93,844.93,844.46,844.66,15
2026-01-30 09:58:00,845.0,846.14,844.99,845.25,31
2026-01-30 09:59:00,844.62,844.62,844.33,844.33,2
2026-01-30 10:00:00,844.41,844.41,844.33,844.33,3
2026-01-30 10:01:00,844.33,844.33,844.33,844.33,0
2026-01-30 10:02:00,844.3,844.3,843.86,843.92,6
2026-01-30 10:03:00,843.74,843.75,843.27,843.27,17
2026-01-30 10:04:00,843.98,844.35,843.54,844.32,7
2026-01-30 10:05:00,844.18,844.19,844.18,844.19,2
2026-01-30 10:06:00,845.04,845.05,845.04,845.05,2
2026-01-30 10:07:00,845.05,845.05,845.05,845.05,0
2026-01-30 10:08:00,844.41,844.41,842.65,843.2,12
2026-01-30 10:09:00,842.1,842.9,841.81,842.9,23
2026-01-30 10:10:00,842.63,842.63,842.56,842.56,2
2026-01-30 10:11:00,841.97,841.97,841.86,841.86,4
2026-01-30 10:12:00,842.17,842.49,842.17,842.29,4
2026-01-30 10:13:00,842.41,843.34,842.41,843.34,2
2026-01-30 10:14:00,841.66,841.66,841.66,841.66,1
2026-01-30 10:15:00,841.53,841.6,841.43,841.43,3
2026-01-30 10:16:00,841.47,841.47,841.36,841.36,3
2026-01-30 10:17:00,841.73,841.74,841.48,841.48,4
2026-01-30 10:18:00,841.64,841.64,841.64,841.64,1
2026-01-30 10:19:00,841.73,841.73,841.73,841.73,3
2026-01-30 10:20:00,841.5,842.28,841.4,841.97,14
2026-01-30 10:21:00,841.47,841.54,839.07,839.15,26
2026-01-30 10:22:00,839.7,839.7,838.33,838.33,14
2026-01-30 10:23:00,838.19,838.26,837.4,837.45,14
2026-01-30 10:24:00,837.08,837.08,836.17,836.17,3
2026-01-30 10:25:00,836.13,836.34,835.81,836.34,6
2026-01-30 10:26:00,835.47,835.5,835.15,835.4,6
2026-01-30 10:27:00,835.64,836.71,835.64,836.28,31
2026-01-30 10:28:00,836.28,836.28,836.28,836.28,0
2026-01-30 10:29:00,836.39,836.39,835.94,835.94,7
2026-01-30 10:30:00,835.68,835.68,835.55,835.55,3
2026-01-30 10:31:00,836.98,837.07,836.81,836.81,4
2026-01-30 10:32:00,837.49,837.49,836.72,836.72,4
2026-01-30 10:33:00,837.16,837.16,836.0,836.0,15
2026-01-30 10:34:00,836.21,836.21,836.21,836.21,1
2026-01-30 10:35:00,838.03,838.03,838.01,838.01,2
2026-01-30 10:36:00,836.29,836.38,836.16,836.29,20
2026-01-30 10:37:00,836.81,836.96,836.33,836.37,13
2026-01-30 10:38:00,836.71,836.71,835.0,836.04,91
2026-01-30 10:39:00,836.06,836.06,835.47,835.6,5
2026-01-30 10:40:00,835.31,835.94,835.31,835.94,2
2026-01-30 10:41:00,836.64,836.64,836.64,836.64,1
2026-01-30 10:42:00,838.18,841.0,838.18,839.52,68
2026-01-30 10:43:00,838.81,838.81,837.72,837.72,19
2026-01-30 10:44:00,837.39,837.39,837.39,837.39,1
2026-01-30 10:45:00,837.87,837.9,837.12,837.15,7
2026-01-30 10:46:00,837.17,837.17,837.09,837.09,2
2026-01-30 10:47:00,836.91,836.91,836.91,836.91,1
2026-01-30 10:48:00,837.37,838.06,837.36,838.06,9
2026-01-30 10:49:00,837.95,839.06,837.24,839.06,20
2026-01-30 10:50:00,838.0,838.66,837.6,838.21,55
2026-01-30 10:51:00,839.04,839.04,838.26,838.26,2
2026-01-30 10:52:00,837.71,837.71,837.71,837.71,1
2026-01-30 10:53:00,837.64,837.64,836.77,836.77,4
2026-01-30 10:54:00,836.81,836.87,836.44,836.76,18
2026-01-30 10:55:00,836.76,836.76,835.89,836.33,6
2026-01-30 10:56:00,836.03,836.03,836.03,836.03,1
2026-01-30 10:57:00,835.82,835.82,835.25,835.35,7
2026-01-30 10:58:00,835.31,835.31,835.31,835.31,1
2026-01-30 10:59:00,835.19,835.19,834.77,834.77,2
2026-01-30 11:00:00,834.72,834.72,834.55,834.68,5
2026-01-30 11:01:00,834.68,834.68,834.68,834.68,0
2026-01-30 11:02:00,834.18,834.18,833.83,833.83,2
2026-01-30 11:03:00,833.83,833.83,833.83,833.83,0
2026-01-30 11:04:00,833.86,834.51,833.86,834.51,4
2026-01-30 11:05:00,835.22,835.22,835.22,835.22,1
2026-01-30 11:06:00,835.08,835.88,835.08,835.2,9
2026-01-30 11:07:00,835.67,835.67,834.99,834.99,8
2026-01-30 11:08:00,834.18,834.18,834.18,834.18,1
2026-01-30 11:09:00,834.16,834.16,833.95,833.95,2
2026-01-30 11:10:00,834.2,834.2,834.2,834.2,1
2026-01-30 11:11:00,834.2,834.2,834.2,834.2,0
2026-01-30 11:12:00,834.2,834.2,834.2,834.2,0
2026-01-30 11:13:00,834.0,834.25,834.0,834.25,2
2026-01-30 11:14:00,834.15,834.15,833.7,833.7,5
2026-01-30 11:15:00,833.31,833.31,833.23,833.23,2
2026-01-30 11:16:00,833.38,833.4,833.38,833.4,2
2026-01-30 11:17:00,832.89,832.89,832.89,832.89,1
2026-01-30 11:18:00,832.66,832.66,832.29,832.43,18
2026-01-30 11:19:00,832.29,834.74,832.28,834.0,137
2026-01-30 11:20:00,834.0,834.0,834.0,834.0,0
2026-01-30 11:21:00,834.12,834.12,834.12,834.12,1
2026-01-30 11:22:00,834.14,834.72,834.14,834.72,2
2026-01-30 11:23:00,834.44,835.12,834.44,835.12,5
2026-01-30 11:24:00,835.11,835.11,834.95,834.95,2
2026-01-30 11:25:00,835.79,836.08,835.78,836.08,8
2026-01-30 11:26:00,836.31,836.31,835.44,835.74,29
2026-01-30 11:27:00,835.96,835.96,835.5,835.55,7
2026-01-30 11:28:00,835.8,835.8,835.7,835.7,3
2026-01-30 11:29:00,835.97,836.0,835.96,835.96,3
2026-01-30 11:30:00,835.96,836.25,835.24,835.24,52
2026-01-30 11:31:00,835.23,835.23,835.23,835.23,1
2026-01-30 11:32:00,835.1,835.11,835.1,835.11,3
2026-01-30 11:33:00,835.11,835.11,834.55,834.55,2
2026-01-30 11:34:00,835.68,836.0,835.46,835.46,15
2026-01-30 11:35:00,835.59,836.25,835.59,835.72,107
2026-01-30 11:36:00,835.72,835.72,835.72,835.72,0
2026-01-30 11:37:00,835.72,835.72,835.72,835.72,0
2026-01-30 11:38:00,836.52,836.52,836.52,836.52,1
2026-01-30 11:39:00,836.52,836.52,836.52,836.52,0
2026-01-30 11:40:00,836.47,837.89,836.27,837.85,56
2026-01-30 11:41:00,837.2,837.2,836.7,836.7,10
2026-01-30 11:42:00,836.51,836.54,836.49,836.49,70
2026-01-30 11:43:00,836.49,836.49,836.49,836.49,7
2026-01-30 11:44:00,836.49,836.49,836.49,836.49,0
2026-01-30 11:45:00,836.49,836.49,836.49,836.49,0
2026-01-30 11:46:00,836.49,836.49,836.49,836.49,0
2026-01-30 11:47:00,836.56,836.56,836.56,836.56,1
2026-01-30 11:48:00,836.56,836.56,836.56,836.56,0
2026-01-30 11:49:00,836.49,836.49,836.49,836.49,4
2026-01-30 11:50:00,836.49,836.49,836.49,836.49,0
2026-01-30 11:51:00,836.49,836.49,836.49,836.49,1
2026-01-30 11:52:00,836.49,836.49,836.49,836.49,0
2026-01-30 11:53:00,836.49,836.49,836.49,836.49,0
2026-01-30 11:54:00,836.49,836.49,836.49,836.49,0
2026-01-30 11:55:00,836.49,836.49,836.49,836.49,0
2026-01-30 11:56:00,836.49,836.49,836.49,836.49,0
2026-01-30 11:57:00,835.22,835.22,835.08,835.08,4
2026-01-30 11:58:00,835.09,835.09,835.09,835.09,1
2026-01-30 11:59:00,835.09,835.09,835.09,835.09,0
2026-01-30 12:00:00,835.24,835.25,835.08,835.08,3
2026-01-30 12:01:00,834.2,834.2,834.2,834.2,1
2026-01-30 12:02:00,833.99,833.99,833.99,833.99,1
2026-01-30 12:03:00,833.99,833.99,833.99,833.99,0
2026-01-30 12:04:00,833.99,833.99,833.78,833.98,4
2026-01-30 12:05:00,833.76,833.98,833.75,833.98,10
2026-01-30 12:06:00,834.0,837.65,833.99,836.18,199
2026-01-30 12:07:00,836.17,836.17,836.17,836.17,0
2026-01-30 12:08:00,835.99,836.42,835.99,836.42,3
2026-01-30 12:09:00,836.42,836.42,836.42,836.42,0
2026-01-30 12:10:00,835.7,835.7,835.7,835.7,2
2026-01-30 12:11:00,835.7,836.05,835.7,836.05,2
2026-01-30 12:12:00,835.9,835.9,835.89,835.9,2
2026-01-30 12:13:00,835.89,835.89,835.89,835.89,0
2026-01-30 12:14:00,835.89,835.89,835.89,835.89,0
2026-01-30 12:15:00,835.89,835.89,835.89,835.89,0
2026-01-30 12:16:00,835.77,835.77,835.77,835.77,1
2026-01-30 12:17:00,835.7,835.7,835.7,835.7,1
2026-01-30 12:18:00,835.7,835.7,835.7,835.7,0
2026-01-30 12:19:00,837.42,837.42,837.42,837.42,1
2026-01-30 12:20:00,835.94,835.94,835.94,835.94,1
2026-01-30 12:21:00,835.94,835.94,835.94,835.94,0
2026-01-30 12:22:00,835.94,835.94,835.94,835.94,0
2026-01-30 12:23:00,835.94,835.94,835.94,835.94,0
2026-01-30 12:24:00,836.31,836.31,836.31,836.31,1
2026-01-30 12:25:00,837.37,838.14,836.91,837.54,8
2026-01-30 12:26:00,839.69,839.69,839.69,839.69,1
2026-01-30 12:27:00,839.69,839.98,839.69,839.77,18
2026-01-30 12:28:00,839.77,839.77,839.77,839.77,0
2026-01-30 12:29:00,839.77,839.77,839.77,839.77,0
2026-01-30 12:30:00,839.0,839.0,839.0,839.0,5
2026-01-30 12:31:00,839.99,840.96,839.0,840.85,70
2026-01-30 12:32:00,840.89,841.48,840.79,841.13,40
2026-01-30 12:33:00,840.5,840.58,839.99,839.99,80
2026-01-30 12:34:00,839.99,840.06,839.99,839.99,31
2026-01-30 12:35:00,839.99,839.99,837.39,837.39,10
2026-01-30 12:36:00,837.39,837.39,837.39,837.39,0
2026-01-30 12:37:00,837.39,837.39,837.39,837.39,0
2026-01-30 12:38:00,841.5,841.5,837.7,837.7,140
2026-01-30 12:39:00,837.7,837.7,837.7,837.7,0
2026-01-30 12:40:00,837.7,837.7,837.7,837.7,0
2026-01-30 12:41:00,837.7,837.7,837.7,837.7,0
2026-01-30 12:42:00,838.26,838.26,838.26,838.26,6
2026-01-30 12:43:00,838.26,838.26,838.26,838.26,1
2026-01-30 12:44:00,838.26,838.26,838.26,838.26,0
2026-01-30 12:45:00,838.3,838.3,838.3,838.3,1
2026-01-30 12:46:00,839.26,841.54,839.25,841.54,20
2026-01-30 12:47:00,841.86,841.93,841.02,841.02,5
2026-01-30 12:48:00,843.5,844.12,843.5,844.12,2
2026-01-30 12:49:00,843.36,843.36,843.36,843.36,1
2026-01-30 12:50:00,843.36,843.36,843.36,843.36,0
2026-01-30 12:51:00,840.5,840.5,840.5,840.5,1
2026-01-30 12:52:00,837.97,840.5,837.97,840.5,2
2026-01-30 12:53:00,840.29,840.29,840.29,840.29,1
2026-01-30 12:54:00,840.3,840.3,840.3,840.3,1
2026-01-30 12:55:00,840.3,840.3,840.3,840.3,0
2026-01-30 12:56:00,840.49,840.49,837.6,840.0,135
2026-01-30 12:57:00,840.64,841.9,840.64,841.82,7
2026-01-30 12:58:00,839.79,839.79,839.79,839.79,1
2026-01-30 12:59:00,839.79,839.79,839.79,839.79,0
2026-01-30 13:00:00,839.79,839.79,839.79,839.79,2
2026-01-30 13:01:00,839.79,839.79,839.79,839.79,1
2026-01-30 13:02:00,839.79,839.79,839.79,839.79,0
2026-01-30 13:03:00,841.98,841.98,839.89,840.02,7
2026-01-30 13:04:00,840.02,840.02,840.02,840.02,0
2026-01-30 13:05:00,840.02,840.02,840.02,840.02,0
2026-01-30 13:06:00,839.79,839.79,839.79,839.79,1
2026-01-30 13:07:00,839.79,839.79,839.79,839.79,0
2026-01-30 13:08:00,839.79,839.79,839.79,839.79,0
2026-01-30 13:09:00,839.79,839.79,839.79,839.79,0
2026-01-30 13:10:00,839.79,839.79,839.79,839.79,0
2026-01-30 13:11:00,839.79,839.79,839.79,839.79,0
2026-01-30 13:12:00,840.25,840.25,839.58,839.58,8
2026-01-30 13:13:00,840.24,840.24,840.24,840.24,1
2026-01-30 13:14:00,839.88,839.88,839.88,839.88,1
2026-01-30 13:15:00,839.88,839.89,839.88,839.88,2
2026-01-30 13:16:00,839.88,839.88,839.88,839.88,0
2026-01-30 13:17:00,839.88,839.89,839.82,839.82,7
2026-01-30 13:18:00,839.73,839.73,839.08,839.08,23
2026-01-30 13:19:00,839.87,839.87,839.0,839.11,13
2026-01-30 13:20:00,839.88,839.88,839.2,839.2,3
2026-01-30 13:21:00,839.94,839.94,839.93,839.93,7
2026-01-30 13:22:00,839.39,839.39,837.6,837.97,70
2026-01-30 13:23:00,838.9,838.9,838.9,838.9,2
2026-01-30 13:24:00,838.9,838.91,838.9,838.91,3
2026-01-30 13:25:00,838.9,840.51,838.9,839.62,9
2026-01-30 13:26:00,839.56,839.56,839.56,839.56,1
2026-01-30 13:27:00,841.26,841.26,839.45,839.45,8
2026-01-30 13:28:00,839.46,841.49,839.46,841.49,9
2026-01-30 13:29:00,841.63,841.63,841.1,841.1,3
2026-01-30 13:30:00,841.1,841.1,841.1,841.1,1
2026-01-30 13:31:00,841.11,841.16,841.1,841.11,16
2026-01-30 13:32:00,841.1,841.1,841.1,841.1,0
2026-01-30 13:33:00,840.71,840.71,837.95,837.95,77
2026-01-30 13:34:00,837.95,838.14,837.56,837.56,9
2026-01-30 13:35:00,837.56,837.56,837.56,837.56,0
2026-01-30 13:36:00,837.56,837.56,837.56,837.56,5
2026-01-30 13:37:00,837.56,837.56,837.56,837.56,0
2026-01-30 13:38:00,838.35,838.35,838.35,838.35,2
2026-01-30 13:39:00,838.35,838.35,838.35,838.35,0
2026-01-30 13:40:00,838.35,838.35,838.35,838.35,0
2026-01-30 13:41:00,838.36,838.36,838.36,838.36,1
2026-01-30 13:42:00,838.39,838.43,837.38,837.38,58
2026-01-30 13:43:00,837.2,838.04,837.2,838.04,57
2026-01-30 13:44:00,837.71,837.71,837.71,837.71,2
2026-01-30 13:45:00,837.71,838.56,837.71,838.56,7
2026-01-30 13:46:00,838.56,838.56,838.56,838.56,1
2026-01-30 13:47:00,838.56,838.56,838.56,838.56,3
2026-01-30 13:48:00,838.56,838.56,838.56,838.56,3
2026-01-30 13:49:00,838.56,838.56,838.56,838.56,0
2026-01-30 13:50:00,838.56,838.56,838.56,838.56,0
2026-01-30 13:51:00,838.56,838.56,838.56,838.56,0
2026-01-30 13:52:00,838.56,838.56,838.56,838.56,2
2026-01-30 13:53:00,838.56,838.56,838.56,838.56,0
2026-01-30 13:54:00,838.56,838.56,838.56,838.56,2
2026-01-30 13:55:00,838.56,838.56,838.56,838.56,0
2026-01-30 13:56:00,839.92,840.09,839.71,840.09,20
2026-01-30 13:57:00,840.99,840.99,840.99,840.99,2
2026-01-30 13:58:00,840.99,840.99,840.99,840.99,2
2026-01-30 13:59:00,841.68,842.02,841.68,842.02,2
2026-01-30 14:00:00,842.59,842.64,842.59,842.64,3
2026-01-30 14:01:00,841.84,841.84,840.51,840.67,42
2026-01-30 14:02:00,841.77,841.82,841.77,841.82,2
2026-01-30 14:03:00,841.82,841.82,841.82,841.82,1
2026-01-30 14:04:00,841.82,841.82,841.82,841.82,2
2026-01-30 14:05:00,841.07,841.07,841.07,841.07,1
2026-01-30 14:06:00,841.07,841.07,841.07,841.07,0
2026-01-30 14:07:00,841.07,841.07,841.07,841.07,0
2026-01-30 14:08:00,840.75,840.75,840.75,840.75,1
2026-01-30 14:09:00,840.75,840.75,840.75,840.75,0
2026-01-30 14:10:00,840.68,840.68,840.67,840.68,2
2026-01-30 14:11:00,840.67,840.67,840.67,840.67,0
2026-01-30 14:12:00,841.79,841.79,841.79,841.79,1
2026-01-30 14:13:00,840.66,840.66,840.66,840.66,1
2026-01-30 14:14:00,841.22,841.22,841.22,841.22,1
2026-01-30 14:15:00,841.22,841.22,841.22,841.22,1
2026-01-30 14:16:00,841.22,841.22,841.22,841.22,0
2026-01-30 14:17:00,840.77,840.77,840.77,840.77,5
2026-01-30 14:18:00,840.77,840.77,840.77,840.77,0
2026-01-30 14:19:00,841.22,841.22,840.51,840.51,3
2026-01-30 14:20:00,840.66,840.74,840.66,840.74,2
2026-01-30 14:21:00,840.56,840.71,840.51,840.53,6
2026-01-30 14:22:00,840.66,840.66,840.3,840.3,16
2026-01-30 14:23:00,840.3,840.3,840.3,840.3,0
2026-01-30 14:24:00,840.3,840.3,840.3,840.3,0
2026-01-30 14:25:00,839.83,839.83,839.83,839.83,1
2026-01-30 14:26:00,839.83,839.83,839.83,839.83,0
2026-01-30 14:27:00,838.54,838.54,838.54,838.54,1
2026-01-30 14:28:00,840.04,840.04,840.04,840.04,1
2026-01-30 14:29:00,840.04,840.04,840.04,840.04,0
2026-01-30 14:30:00,838.02,838.05,838.01,838.05,7
2026-01-30 14:31:00,839.59,839.59,839.59,839.59,1
2026-01-30 14:32:00,839.57,839.58,839.57,839.58,2
2026-01-30 14:33:00,839.58,839.74,839.57,839.57,9
2026-01-30 14:34:00,839.57,839.57,839.57,839.57,0
2026-01-30 14:35:00,839.57,839.57,839.57,839.57,1
2026-01-30 14:36:00,839.57,839.57,839.57,839.57,0
2026-01-30 14:37:00,840.7,841.34,839.42,840.6,36
2026-01-30 14:38:00,841.48,841.62,841.48,841.62,7
2026-01-30 14:39:00,842.02,843.49,842.02,843.44,14
2026-01-30 14:40:00,843.42,843.42,843.42,843.42,2
2026-01-30 14:41:00,843.44,843.78,843.35,843.78,6
2026-01-30 14:42:00,844.12,844.12,844.12,844.12,1
2026-01-30 14:43:00,843.92,843.92,841.03,843.91,6
2026-01-30 14:44:00,843.6,844.24,843.6,844.24,7
2026-01-30 14:45:00,844.16,845.01,842.23,845.01,37
2026-01-30 14:46:00,845.01,845.01,844.9,844.9,3
2026-01-30 14:47:00,845.07,845.63,844.66,844.88,15
2026-01-30 14:48:00,846.0,846.0,844.66,845.95,5
2026-01-30 14:49:00,846.16,846.16,846.16,846.16,2
2026-01-30 14:50:00,845.83,845.83,845.83,845.83,2
2026-01-30 14:51:00,845.78,845.78,844.48,844.49,4
2026-01-30 14:52:00,845.73,845.73,845.73,845.73,3
2026-01-30 14:53:00,845.85,845.85,845.85,845.85,2
2026-01-30 14:54:00,845.64,847.31,845.64,847.31,7
2026-01-30 14:55:00,847.38,847.38,845.3,845.31,18
2026-01-30 14:56:00,846.55,847.06,846.55,847.06,9
2026-01-30 14:57:00,846.55,846.55,846.22,846.55,6
2026-01-30 14:58:00,846.55,846.55,845.31,845.31,36
2026-01-30 14:59:00,844.88,844.88,844.88,844.88,1
2026-01-30 15:00:00,844.88,844.88,844.88,844.88,1
2026-01-30 15:01:00,844.88,844.88,844.88,844.88,2
2026-01-30 15:02:00,844.88,844.88,844.88,844.88,0
2026-01-30 15:03:00,844.88,844.88,844.88,844.88,0
2026-01-30 15:04:00,844.89,844.89,843.3,843.31,7
2026-01-30 15:05:00,842.65,844.89,842.65,844.89,3
2026-01-30 15:06:00,844.51,844.53,844.51,844.51,5
2026-01-30 15:07:00,842.64,842.64,842.64,842.64,1
2026-01-30 15:08:00,844.49,844.49,844.49,844.49,3
2026-01-30 15:09:00,844.51,844.51,843.01,843.52,8
2026-01-30 15:10:00,843.5,843.5,843.5,843.5,1
2026-01-30 15:11:00,843.35,843.35,843.26,843.32,4
2026-01-30 15:12:00,843.34,845.32,843.34,845.32,5
2026-01-30 15:13:00,843.13,843.13,843.08,843.09,3
2026-01-30 15:14:00,843.37,843.37,842.51,842.51,13
2026-01-30 15:15:00,842.64,842.65,842.64,842.65,7
2026-01-30 15:16:00,842.77,842.77,841.34,841.34,6
2026-01-30 15:17:00,842.59,842.59,842.59,842.59,1
2026-01-30 15:18:00,842.59,842.59,842.59,842.59,1
2026-01-30 15:19:00,842.59,842.59,842.59,842.59,0
2026-01-30 15:20:00,841.09,842.6,841.08,842.6,8
2026-01-30 15:21:00,841.45,842.64,841.45,842.64,3
2026-01-30 15:22:00,842.66,842.66,842.6,842.6,10
2026-01-30 15:23:00,843.09,843.09,841.91,843.09,17
2026-01-30 15:24:00,843.09,843.09,843.09,843.09,1
2026-01-30 15:25:00,843.09,843.09,843.09,843.09,0
2026-01-30 15:26:00,843.09,843.09,843.09,843.09,0
2026-01-30 15:27:00,844.36,844.39,843.09,843.09,10
2026-01-30 15:28:00,844.24,844.24,843.09,843.09,4
2026-01-30 15:29:00,843.21,843.21,843.09,843.09,3
2026-01-30 15:30:00,844.33,844.33,843.09,843.13,9
2026-01-30 15:31:00,843.09,843.33,843.09,843.33,4
2026-01-30 15:32:00,843.51,844.15,843.47,843.48,14
2026-01-30 15:33:00,842.59,843.48,842.59,842.64,20
2026-01-30 15:34:00,843.41,843.41,842.47,842.47,22
2026-01-30 15:35:00,843.02,843.02,843.02,843.02,5
2026-01-30 15:36:00,843.02,843.02,841.85,841.85,9
2026-01-30 15:37:00,843.02,843.02,839.93,839.94,15
2026-01-30 15:38:00,841.24,841.24,841.22,841.22,3
2026-01-30 15:39:00,841.23,841.23,841.04,841.04,3
2026-01-30 15:40:00,841.14,842.29,841.14,841.16,6
2026-01-30 15:41:00,841.18,841.23,841.17,841.23,4
2026-01-30 15:42:00,841.28,843.25,841.28,841.63,22
2026-01-30 15:43:00,841.6,841.61,841.35,841.36,8
2026-01-30 15:44:00,841.43,843.22,841.35,841.36,6
2026-01-30 15:45:00,841.35,843.56,841.24,841.24,19
2026-01-30 15:46:00,841.46,841.46,841.24,841.24,2
2026-01-30 15:47:00,841.18,842.99,841.18,841.19,7
2026-01-30 15:48:00,843.07,843.22,841.18,841.18,31
2026-01-30 15:49:00,841.41,841.42,841.41,841.42,3
2026-01-30 15:50:00,841.85,841.85,840.75,841.3,26
2026-01-30 15:51:00,841.31,842.79,841.28,841.28,11
2026-01-30 15:52:00,841.28,842.44,841.28,841.28,15
2026-01-30 15:53:00,841.28,841.88,840.77,840.77,23
2026-01-30 15:54:00,840.77,841.9,839.9,840.79,29
2026-01-30 15:55:00,840.79,840.79,839.21,839.56,101
2026-01-30 15:56:00,839.21,840.28,839.21,840.28,33
2026-01-30 15:57:00,840.28,840.97,839.21,840.32,50
2026-01-30 15:58:00,840.17,840.89,839.82,840.88,135
2026-01-30 15:59:00,841.04,841.3,840.12,840.9,200
