datetime,open,high,low,close,volume
2025-12-22 09:30:00,28.26,28.26,28.1,28.21,153
2025-12-22 09:31:00,28.15,28.26,28.11,28.1628,124
2025-12-22 09:32:00,28.265,28.31,28.25,28.28,34
2025-12-22 09:33:00,28.28,28.36,28.21,28.26,108
2025-12-22 09:34:00,28.22,28.24,28.16,28.24,50
2025-12-22 09:35:00,28.25,28.41,28.25,28.33,40
2025-12-22 09:36:00,28.32,28.325,28.305,28.305,4
2025-12-22 09:37:00,28.305,28.305,28.14,28.14,8
2025-12-22 09:38:00,28.06,28.06,28.05,28.06,5
2025-12-22 09:39:00,28.16,28.235,28.145,28.185,8
2025-12-22 09:40:00,28.1777,28.1777,28.045,28.15,17
2025-12-22 09:41:00,28.001,28.175,28.0,28.13,26
2025-12-22 09:42:00,28.13,28.13,28.03,28.03,6
2025-12-22 09:43:00,28.12,28.2362,28.07,28.12,11
2025-12-22 09:44:00,28.2129,28.2129,28.12,28.12,3
2025-12-22 09:45:00,28.155,28.155,28.075,28.075,11
2025-12-22 09:46:00,28.07,28.07,27.97,27.97,15
2025-12-22 09:47:00,28.0,28.06,27.995,27.995,35
2025-12-22 09:48:00,27.995,28.06,27.995,28.025,14
2025-12-22 09:49:00,28.04,28.11,28.03,28.08,66
2025-12-22 09:50:00,28.08,28.085,28.03,28.08,29
2025-12-22 09:51:00,28.08,28.1,28.07,28.07,18
2025-12-22 09:52:00,28.09,28.14,28.085,28.085,9
2025-12-22 09:53:00,28.08,28.11,28.075,28.075,14
2025-12-22 09:54:00,28.097,28.11,28.075,28.11,5
2025-12-22 09:55:00,28.12,28.185,28.11,28.185,18
2025-12-22 09:56:00,28.195,28.2,28.17,28.18,24
2025-12-22 09:57:00,28.15,28.18,28.11,28.125,59
2025-12-22 09:58:00,28.125,28.18,28.12,28.18,65
2025-12-22 09:59:00,28.14,28.275,28.14,28.25,44
2025-12-22 10:00:00,28.25,28.25,28.23,28.245,6
2025-12-22 10:01:00,28.245,28.245,28.245,28.245,2
2025-12-22 10:02:00,28.245,28.32,28.21,28.32,47
2025-12-22 10:03:00,28.31,28.38,28.31,28.38,16
2025-12-22 10:04:00,28.36,28.36,28.35,28.35,5
2025-12-22 10:05:00,28.355,28.3641,28.35,28.35,13
2025-12-22 10:06:00,28.36,28.4099,28.355,28.4099,13
2025-12-22 10:07:00,28.38,28.38,28.38,28.38,4
2025-12-22 10:08:00,28.41,28.5299,28.41,28.485,32
2025-12-22 10:09:00,28.47,28.485,28.41,28.43,12
2025-12-22 10:10:00,28.43,28.45,28.37,28.37,17
2025-12-22 10:11:00,28.34,28.37,28.33,28.34,11
2025-12-22 10:12:00,28.3324,28.345,28.32,28.345,20
2025-12-22 10:13:00,28.34,28.4,28.295,28.4,110
2025-12-22 10:14:00,28.39,28.39,28.39,28.39,3
2025-12-22 10:15:00,28.39,28.41,28.3844,28.39,7
2025-12-22 10:16:00,28.39,28.45,28.385,28.43,19
2025-12-22 10:17:00,28.455,28.53,28.45,28.51,34
2025-12-22 10:18:00,28.56,28.56,28.51,28.51,15
2025-12-22 10:19:00,28.55,28.55,28.51,28.51,8
2025-12-22 10:20:00,28.535,28.535,28.52,28.52,4
2025-12-22 10:21:00,28.5,28.58,28.5,28.58,17
2025-12-22 10:22:00,28.55,28.57,28.54,28.57,5
2025-12-22 10:23:00,28.57,28.57,28.57,28.57,5
2025-12-22 10:24:00,28.57,28.57,28.57,28.57,9
2025-12-22 10:25:00,28.55,28.6,28.52,28.6,21
2025-12-22 10:26:00,28.59,28.6,28.59,28.6,8
2025-12-22 10:27:00,28.63,28.64,28.63,28.64,3
2025-12-22 10:28:00,28.66,28.6998,28.65,28.65,31
2025-12-22 10:29:00,28.6684,28.69,28.64,28.69,30
2025-12-22 10:30:00,28.675,28.675,28.675,28.675,3
2025-12-22 10:31:00,28.665,28.68,28.62,28.675,68
2025-12-22 10:32:00,28.69,28.69,28.675,28.675,7
2025-12-22 10:33:00,28.6765,28.7159,28.6601,28.7159,30
2025-12-22 10:34:00,28.7,28.74,28.7,28.7399,40
2025-12-22 10:35:00,28.71,28.7399,28.71,28.725,49
2025-12-22 10:36:00,28.725,28.725,28.72,28.72,18
2025-12-22 10:37:00,28.71,28.815,28.63,28.815,298
2025-12-22 10:38:00,28.82,28.82,28.82,28.82,8
2025-12-22 10:39:00,28.82,28.83,28.81,28.82,11
2025-12-22 10:40:00,28.83,28.84,28.83,28.84,45
2025-12-22 10:41:00,28.835,28.87,28.8,28.81,33
2025-12-22 10:42:00,28.8,28.81,28.78,28.78,20
2025-12-22 10:43:00,28.7656,28.85,28.72,28.85,80
2025-12-22 10:44:00,28.785,28.81,28.74,28.75,25
2025-12-22 10:45:00,28.75,28.7625,28.72,28.74,64
2025-12-22 10:46:00,28.78,28.83,28.78,28.785,27
2025-12-22 10:47:00,28.79,28.8,28.79,28.8,4
2025-12-22 10:48:00,28.77,28.795,28.74,28.74,13
2025-12-22 10:49:00,28.75,28.75,28.67,28.71,184
2025-12-22 10:50:00,28.74,28.79,28.74,28.765,32
2025-12-22 10:51:00,28.765,28.845,28.765,28.845,21
2025-12-22 10:52:00,28.83,28.87,28.83,28.8633,9
2025-12-22 10:53:00,28.81,28.88,28.81,28.86,34
2025-12-22 10:54:00,28.91,29.04,28.89,29.0,234
2025-12-22 10:55:00,29.01,29.1,29.005,29.0893,27
2025-12-22 10:56:00,29.07,29.129,29.07,29.085,36
2025-12-22 10:57:00,29.09,29.09,29.09,29.09,3
2025-12-22 10:58:00,29.11,29.11,29.07,29.075,17
2025-12-22 10:59:00,29.075,29.075,29.075,29.075,2
2025-12-22 11:00:00,29.075,29.09,29.07,29.07,10
2025-12-22 11:01:00,29.06,29.095,29.06,29.095,14
2025-12-22 11:02:00,29.095,29.11,29.09,29.09,18
2025-12-22 11:03:00,29.11,29.15,29.1,29.125,10
2025-12-22 11:04:00,29.125,29.14,29.125,29.14,4
2025-12-22 11:05:00,29.11,29.12,29.03,29.05,31
2025-12-22 11:06:00,29.035,29.055,28.98,29.01,21
2025-12-22 11:07:00,29.041,29.041,29.025,29.03,7
2025-12-22 11:08:00,29.02,29.05,29.02,29.05,13
2025-12-22 11:09:00,29.05,29.095,29.0456,29.095,12
2025-12-22 11:10:00,29.11,29.11,28.97,29.02,186
2025-12-22 11:11:00,29.005,29.01,28.95,28.95,34
2025-12-22 11:12:00,28.95,28.95,28.88,28.8916,91
2025-12-22 11:13:00,28.86,28.96,28.8,28.93,124
2025-12-22 11:14:00,28.93,28.96,28.93,28.945,5
2025-12-22 11:15:00,28.97,28.97,28.955,28.955,2
2025-12-22 11:16:00,28.97,29.02,28.9499,29.02,28
2025-12-22 11:17:00,29.01,29.02,29.0,29.02,16
2025-12-22 11:18:00,29.015,29.017,29.015,29.017,2
2025-12-22 11:19:00,29.015,29.05,29.015,29.05,10
2025-12-22 11:20:00,29.07,29.07,29.04,29.04,2
2025-12-22 11:21:00,29.055,29.055,29.04,29.04,4
2025-12-22 11:22:00,29.035,29.05,28.92,28.93,175
2025-12-22 11:23:00,28.94,28.94,28.93,28.93,4
2025-12-22 11:24:00,28.915,28.92,28.9,28.92,37
2025-12-22 11:25:00,28.92,28.92,28.92,28.92,2
2025-12-22 11:26:00,28.92,29.0,28.92,29.0,20
2025-12-22 11:27:00,29.0,29.0,29.0,29.0,2
2025-12-22 11:28:00,29.0,29.0041,29.0,29.0,5
2025-12-22 11:29:00,29.0,29.0,28.96,28.97,33
2025-12-22 11:30:00,28.96,28.975,28.95,28.95,10
2025-12-22 11:31:00,28.95,28.96,28.925,28.925,21
2025-12-22 11:32:00,28.925,28.925,28.925,28.925,0
2025-12-22 11:33:00,28.91,28.94,28.91,28.925,37
2025-12-22 11:34:00,28.925,28.94,28.925,28.94,4
2025-12-22 11:35:00,28.95,28.95,28.94,28.94,8
2025-12-22 11:36:00,28.94,28.955,28.94,28.955,16
2025-12-22 11:37:00,28.9799,28.98,28.95,28.98,18
2025-12-22 11:38:00,28.98,29.0,28.98,28.99,27
2025-12-22 11:39:00,28.99,29.01,28.9891,29.01,34
2025-12-22 11:40:00,29.01,29.02,29.01,29.01,20
2025-12-22 11:41:00,29.015,29.04,29.0,29.01,44
2025-12-22 11:42:00,28.99,28.99,28.94,28.95,15
2025-12-22 11:43:00,28.955,28.955,28.9,28.92,17
2025-12-22 11:44:00,28.9298,28.9298,28.9298,28.9298,7
2025-12-22 11:45:00,28.91,28.91,28.9,28.9,8
2025-12-22 11:46:00,28.905,28.905,28.89,28.89,4
2025-12-22 11:47:00,28.88,28.89,28.85,28.865,9
2025-12-22 11:48:00,28.84,28.84,28.75,28.77,38
2025-12-22 11:49:00,28.76,28.8,28.76,28.7952,39
2025-12-22 11:50:00,28.79,28.86,28.79,28.86,14
2025-12-22 11:51:00,28.845,28.845,28.8,28.83,10
2025-12-22 11:52:00,28.82,28.82,28.8,28.8,8
2025-12-22 11:53:00,28.79,28.85,28.79,28.85,13
2025-12-22 11:54:00,28.88,28.95,28.86,28.91,119
2025-12-22 11:55:00,28.89,28.89,28.86,28.88,31
2025-12-22 11:56:00,28.88,28.88,28.8691,28.88,16
2025-12-22 11:57:00,28.88,28.88,28.84,28.8477,32
2025-12-22 11:58:00,28.87,28.88,28.85,28.86,14
2025-12-22 11:59:00,28.905,28.905,28.88,28.88,7
2025-12-22 12:00:00,28.89,28.89,28.865,28.865,14
2025-12-22 12:01:00,28.88,28.88,28.845,28.845,7
2025-12-22 12:02:00,28.855,28.87,28.85,28.87,15
2025-12-22 12:03:00,28.89,28.9,28.875,28.9,4
2025-12-22 12:04:00,28.9,28.92,28.9,28.92,4
2025-12-22 12:05:00,28.9,28.9,28.9,28.9,6
2025-12-22 12:06:00,28.9,28.9,28.89,28.89,5
2025-12-22 12:07:00,28.91,28.92,28.8984,28.92,17
2025-12-22 12:08:00,28.91,28.91,28.89,28.905,16
2025-12-22 12:09:00,28.91,28.91,28.88,28.88,16
2025-12-22 12:10:00,28.89,28.9,28.875,28.89,4
2025-12-22 12:11:00,28.88,28.88,28.88,28.88,2
2025-12-22 12:12:00,28.865,28.87,28.84,28.84,14
2025-12-22 12:13:00,28.85,28.855,28.85,28.855,7
2025-12-22 12:14:00,28.86,28.9,28.86,28.89,11
2025-12-22 12:15:00,28.885,28.92,28.885,28.92,11
2025-12-22 12:16:00,28.92,28.925,28.87,28.87,36
2025-12-22 12:17:00,28.88,28.88,28.88,28.88,2
2025-12-22 12:18:00,28.87,28.88,28.87,28.875,7
2025-12-22 12:19:00,28.86,28.89,28.86,28.88,11
2025-12-22 12:20:00,28.89,28.89,28.89,28.89,1
2025-12-22 12:21:00,28.88,28.89,28.88,28.89,3
2025-12-22 12:22:00,28.87,28.88,28.86,28.865,10
2025-12-22 12:23:00,28.88,28.88,28.85,28.855,15
2025-12-22 12:24:00,28.86,28.86,28.84,28.84,7
2025-12-22 12:25:00,28.85,28.85,28.83,28.83,18
2025-12-22 12:26:00,28.84,28.86,28.835,28.86,21
2025-12-22 12:27:00,28.84,28.88,28.84,28.87,16
2025-12-22 12:28:00,28.89,29.05,28.89,29.03,70
2025-12-22 12:29:00,29.04,29.1,29.04,29.08,31
2025-12-22 12:30:00,29.06,29.06,29.04,29.06,24
2025-12-22 12:31:00,29.05,29.05,29.01,29.01,16
2025-12-22 12:32:00,29.005,29.01,29.0,29.0087,11
2025-12-22 12:33:00,29.02,29.02,29.02,29.02,9
2025-12-22 12:34:00,29.01,29.02,28.98,29.02,86
2025-12-22 12:35:00,29.01,29.04,29.01,29.04,2
2025-12-22 12:36:00,29.01,29.01,29.01,29.01,1
2025-12-22 12:37:00,29.03,29.044,29.03,29.04,12
2025-12-22 12:38:00,29.04,29.04,29.02,29.04,15
2025-12-22 12:39:00,29.04,29.06,29.04,29.04,7
2025-12-22 12:40:00,29.04,29.06,29.04,29.0596,14
2025-12-22 12:41:00,29.06,29.08,29.06,29.08,5
2025-12-22 12:42:00,29.075,29.08,29.07,29.07,8
2025-12-22 12:43:00,29.08,29.08,29.06,29.06,12
2025-12-22 12:44:00,29.06,29.08,29.06,29.065,10
2025-12-22 12:45:00,29.07,29.08,29.065,29.07,14
2025-12-22 12:46:00,29.07,29.155,29.07,29.15,62
2025-12-22 12:47:00,29.16,29.21,29.16,29.21,11
2025-12-22 12:48:00,29.21,29.22,29.195,29.22,12
2025-12-22 12:49:00,29.23,29.2396,29.21,29.215,16
2025-12-22 12:50:00,29.215,29.28,29.215,29.28,38
2025-12-22 12:51:00,29.28,29.31,29.28,29.29,23
2025-12-22 12:52:00,29.31,29.32,29.305,29.32,7
2025-12-22 12:53:00,29.3,29.32,29.3,29.32,50
2025-12-22 12:54:00,29.3246,29.38,29.3246,29.3796,36
2025-12-22 12:55:00,29.34,29.36,29.33,29.36,17
2025-12-22 12:56:00,29.33,29.33,29.285,29.285,38
2025-12-22 12:57:00,29.285,29.285,29.285,29.285,0
2025-12-22 12:58:00,29.27,29.27,29.26,29.27,30
2025-12-22 12:59:00,29.27,29.3,29.25,29.3,95
2025-12-22 13:00:00,29.32,29.42,29.32,29.42,21
2025-12-22 13:01:00,29.41,29.45,29.395,29.45,8
2025-12-22 13:02:00,29.42,29.42,29.405,29.405,6
2025-12-22 13:03:00,29.43,29.43,29.38,29.395,98
2025-12-22 13:04:00,29.395,29.395,29.395,29.395,4
2025-12-22 13:05:00,29.395,29.4,29.35,29.4,65
2025-12-22 13:06:00,29.39,29.4,29.35,29.4,66
2025-12-22 13:07:00,29.4,29.42,29.4,29.42,13
2025-12-22 13:08:00,29.42,29.42,29.4125,29.415,4
2025-12-22 13:09:00,29.43,29.43,29.375,29.375,20
2025-12-22 13:10:00,29.385,29.385,29.33,29.33,10
2025-12-22 13:11:00,29.345,29.36,29.345,29.345,4
2025-12-22 13:12:00,29.35,29.42,29.35,29.385,30
2025-12-22 13:13:00,29.385,29.385,29.385,29.385,1
2025-12-22 13:14:00,29.38,29.38,29.37,29.37,2
2025-12-22 13:15:00,29.395,29.395,29.395,29.395,10
2025-12-22 13:16:00,29.41,29.42,29.39,29.42,39
2025-12-22 13:17:00,29.425,29.43,29.415,29.415,4
2025-12-22 13:18:00,29.415,29.43,29.415,29.43,5
2025-12-22 13:19:00,29.415,29.45,29.415,29.435,8
2025-12-22 13:20:00,29.435,29.45,29.435,29.45,2
2025-12-22 13:21:00,29.46,29.485,29.46,29.485,10
2025-12-22 13:22:00,29.485,29.5,29.48,29.48,12
2025-12-22 13:23:00,29.49,29.5,29.48,29.485,12
2025-12-22 13:24:00,29.5,29.515,29.48,29.505,68
2025-12-22 13:25:00,29.495,29.5,29.48,29.48,34
2025-12-22 13:26:00,29.49,29.5,29.49,29.5,8
2025-12-22 13:27:00,29.5,29.5,29.485,29.5,41
2025-12-22 13:28:00,29.49,29.51,29.49,29.51,15
2025-12-22 13:29:00,29.505,29.505,29.505,29.505,1
2025-12-22 13:30:00,29.51,29.535,29.49,29.535,41
2025-12-22 13:31:00,29.535,29.54,29.53,29.53,21
2025-12-22 13:32:00,29.55,29.55,29.54,29.54,5
2025-12-22 13:33:00,29.55,29.58,29.55,29.57,11
2025-12-22 13:34:00,29.568,29.58,29.545,29.545,18
2025-12-22 13:35:00,29.545,29.57,29.545,29.56,26
2025-12-22 13:36:00,29.56,29.58,29.56,29.575,7
2025-12-22 13:37:00,29.5997,29.67,29.585,29.645,26
2025-12-22 13:38:00,29.645,29.655,29.62,29.62,30
2025-12-22 13:39:00,29.63,29.63,29.62,29.625,10
2025-12-22 13:40:00,29.63,29.65,29.615,29.65,24
2025-12-22 13:41:00,29.64,29.67,29.64,29.67,4
2025-12-22 13:42:00,29.685,29.69,29.65,29.665,59
2025-12-22 13:43:00,29.66,29.66,29.525,29.57,182
2025-12-22 13:44:00,29.6,29.65,29.6,29.65,7
2025-12-22 13:45:00,29.655,29.67,29.655,29.67,4
2025-12-22 13:46:00,29.66,29.7,29.66,29.665,19
2025-12-22 13:47:00,29.69,29.7,29.67,29.685,30
2025-12-22 13:48:00,29.6501,29.685,29.54,29.54,29
2025-12-22 13:49:00,29.56,29.58,29.52,29.58,13
2025-12-22 13:50:00,29.58,29.58,29.48,29.54,175
2025-12-22 13:51:00,29.58,29.59,29.575,29.58,13
2025-12-22 13:52:00,29.575,29.62,29.575,29.62,8
2025-12-22 13:53:00,29.6001,29.62,29.6,29.61,17
2025-12-22 13:54:00,29.6,29.6,29.6,29.6,2
2025-12-22 13:55:00,29.62,29.65,29.62,29.65,9
2025-12-22 13:56:00,29.64,29.65,29.625,29.65,39
2025-12-22 13:57:00,29.67,29.67,29.67,29.67,5
2025-12-22 13:58:00,29.675,29.675,29.58,29.59,110
2025-12-22 13:59:00,29.59,29.6699,29.59,29.6,27
2025-12-22 14:00:00,29.615,29.615,29.5896,29.5896,5
2025-12-22 14:01:00,29.615,29.64,29.615,29.62,21
2025-12-22 14:02:00,29.62,29.645,29.62,29.645,27
2025-12-22 14:03:00,29.645,29.67,29.645,29.67,4
2025-12-22 14:04:00,29.675,29.69,29.64,29.69,19
2025-12-22 14:05:00,29.71,29.79,29.7,29.79,17
2025-12-22 14:06:00,29.779,29.81,29.76,29.81,7
2025-12-22 14:07:00,29.81,29.81,29.75,29.75,34
2025-12-22 14:08:00,29.755,29.77,29.7,29.73,22
2025-12-22 14:09:00,29.73,29.73,29.69,29.7,9
2025-12-22 14:10:00,29.72,29.72,29.7,29.71,25
2025-12-22 14:11:00,29.705,29.705,29.655,29.655,16
2025-12-22 14:12:00,29.655,29.655,29.57,29.57,233
2025-12-22 14:13:00,29.55,29.6,29.55,29.565,44
2025-12-22 14:14:00,29.55,29.565,29.54,29.545,39
2025-12-22 14:15:00,29.53,29.55,29.52,29.55,112
2025-12-22 14:16:00,29.535,29.61,29.49,29.61,63
2025-12-22 14:17:00,29.5875,29.61,29.5875,29.6,5
2025-12-22 14:18:00,29.61,29.67,29.61,29.64,24
2025-12-22 14:19:00,29.64,29.66,29.6201,29.64,9
2025-12-22 14:20:00,29.62,29.66,29.62,29.645,80
2025-12-22 14:21:00,29.645,29.65,29.61,29.65,62
2025-12-22 14:22:00,29.645,29.66,29.645,29.655,6
2025-12-22 14:23:00,29.66,29.66,29.655,29.655,4
2025-12-22 14:24:00,29.67,29.67,29.65,29.655,29
2025-12-22 14:25:00,29.65,29.665,29.65,29.65,46
2025-12-22 14:26:00,29.65,29.65,29.65,29.65,4
2025-12-22 14:27:00,29.65,29.67,29.64,29.6608,30
2025-12-22 14:28:00,29.665,29.69,29.665,29.68,14
2025-12-22 14:29:00,29.66,29.665,29.66,29.665,9
2025-12-22 14:30:00,29.68,29.68,29.67,29.67,2
2025-12-22 14:31:00,29.665,29.7,29.665,29.69,20
2025-12-22 14:32:00,29.68,29.68,29.64,29.65,36
2025-12-22 14:33:00,29.65,29.65,29.645,29.645,2
2025-12-22 14:34:00,29.64,29.65,29.64,29.64,14
2025-12-22 14:35:00,29.65,29.65,29.555,29.57,54
2025-12-22 14:36:00,29.53,29.61,29.53,29.61,44
2025-12-22 14:37:00,29.61,29.63,29.59,29.6275,33
2025-12-22 14:38:00,29.58,29.585,29.58,29.585,2
2025-12-22 14:39:00,29.57,29.57,29.555,29.555,6
2025-12-22 14:40:00,29.56,29.5727,29.56,29.57,31
2025-12-22 14:41:00,29.565,29.6,29.55,29.6,45
2025-12-22 14:42:00,29.62,29.635,29.62,29.635,4
2025-12-22 14:43:00,29.61,29.62,29.61,29.62,15
2025-12-22 14:44:00,29.64,29.74,29.64,29.735,35
2025-12-22 14:45:00,29.735,29.77,29.735,29.77,17
2025-12-22 14:46:00,29.75,29.75,29.71,29.715,16
2025-12-22 14:47:00,29.69,29.72,29.69,29.7,19
2025-12-22 14:48:00,29.69,29.69,29.67,29.67,28
2025-12-22 14:49:00,29.67,29.67,29.6501,29.66,17
2025-12-22 14:50:00,29.67,29.68,29.67,29.68,21
2025-12-22 14:51:00,29.68,29.6864,29.68,29.68,15
2025-12-22 14:52:00,29.68,29.68,29.671,29.68,13
2025-12-22 14:53:00,29.67,29.67,29.665,29.67,33
2025-12-22 14:54:00,29.67,29.685,29.65,29.655,58
2025-12-22 14:55:00,29.655,29.68,29.64,29.68,62
2025-12-22 14:56:00,29.6845,29.69,29.675,29.69,20
2025-12-22 14:57:00,29.7,29.74,29.7,29.725,17
2025-12-22 14:58:00,29.71,29.75,29.71,29.75,20
2025-12-22 14:59:00,29.74,29.77,29.74,29.76,3
2025-12-22 15:00:00,29.77,29.785,29.77,29.78,8
2025-12-22 15:01:00,29.78,29.78,29.7738,29.78,33
2025-12-22 15:02:00,29.78,29.78,29.76,29.78,33
2025-12-22 15:03:00,29.79,29.795,29.785,29.785,8
2025-12-22 15:04:00,29.8,29.83,29.8,29.81,25
2025-12-22 15:05:00,29.81,29.82,29.8,29.81,13
2025-12-22 15:06:00,29.82,29.87,29.81,29.87,79
2025-12-22 15:07:00,29.87,29.88,29.805,29.805,71
2025-12-22 15:08:00,29.805,29.83,29.775,29.81,28
2025-12-22 15:09:00,29.8,29.82,29.77,29.78,31
2025-12-22 15:10:00,29.78,29.78,29.77,29.775,11
2025-12-22 15:11:00,29.78,29.78,29.75,29.76,20
2025-12-22 15:12:00,29.77,29.7899,29.745,29.765,47
2025-12-22 15:13:00,29.76,29.77,29.76,29.765,3
2025-12-22 15:14:00,29.77,29.77,29.74,29.74,38
2025-12-22 15:15:00,29.74,29.75,29.71,29.7346,39
2025-12-22 15:16:00,29.735,29.735,29.73,29.73,9
2025-12-22 15:17:00,29.74,29.74,29.7,29.72,21
2025-12-22 15:18:00,29.71,29.71,29.665,29.69,60
2025-12-22 15:19:00,29.68,29.72,29.65,29.7,77
2025-12-22 15:20:00,29.71,29.72,29.71,29.71,22
2025-12-22 15:21:00,29.7,29.75,29.7,29.75,27
2025-12-22 15:22:00,29.741,29.77,29.74,29.77,45
2025-12-22 15:23:00,29.77,29.87,29.765,29.85,46
2025-12-22 15:24:00,29.86,29.9,29.795,29.825,119
2025-12-22 15:25:00,29.84,29.875,29.815,29.84,52
2025-12-22 15:26:00,29.85,29.86,29.81,29.81,69
2025-12-22 15:27:00,29.82,29.84,29.8,29.84,20
2025-12-22 15:28:00,29.84,29.84,29.81,29.84,47
2025-12-22 15:29:00,29.85,29.85,29.84,29.85,17
2025-12-22 15:30:00,29.84,29.87,29.82,29.865,35
2025-12-22 15:31:00,29.865,29.88,29.85,29.87,33
2025-12-22 15:32:00,29.87,29.87,29.825,29.825,52
2025-12-22 15:33:00,29.82,29.82,29.795,29.82,33
2025-12-22 15:34:00,29.82,29.83,29.81,29.83,14
2025-12-22 15:35:00,29.82,29.9,29.82,29.845,65
2025-12-22 15:36:00,29.86,29.87,29.85,29.86,39
2025-12-22 15:37:00,29.84,29.86,29.821,29.83,81
2025-12-22 15:38:00,29.83,29.84,29.81,29.83,45
2025-12-22 15:39:00,29.83,29.84,29.82,29.84,28
2025-12-22 15:40:00,29.84,29.84,29.825,29.84,21
2025-12-22 15:41:00,29.83,29.87,29.83,29.87,70
2025-12-22 15:42:00,29.86,29.9,29.85,29.9,44
2025-12-22 15:43:00,29.89,29.91,29.89,29.89,28
2025-12-22 15:44:00,29.9,29.91,29.87,29.89,33
2025-12-22 15:45:00,29.885,29.89,29.86,29.87,59
2025-12-22 15:46:00,29.85,29.86,29.84,29.85,80
2025-12-22 15:47:00,29.85,29.9,29.85,29.9,34
2025-12-22 15:48:00,29.895,29.9,29.86,29.88,80
2025-12-22 15:49:00,29.87,29.88,29.85,29.865,72
2025-12-22 15:50:00,29.87,29.89,29.81,29.84,109
2025-12-22 15:51:00,29.84,29.88,29.835,29.86,64
2025-12-22 15:52:00,29.86,29.91,29.84,29.9,97
2025-12-22 15:53:00,29.8992,29.95,29.891,29.93,159
2025-12-22 15:54:00,29.93,30.0,29.925,29.97,257
2025-12-22 15:55:00,29.97,29.98,29.93,29.95,214
2025-12-22 15:56:00,29.955,29.985,29.94,29.97,220
2025-12-22 15:57:00,29.98,29.995,29.92,29.95,350
2025-12-22 15:58:00,29.945,29.95,29.9,29.93,364
2025-12-22 15:59:00,29.93,29.96,29.87,29.88,551
2025-12-23 09:30:00,29.75,29.85,29.75,29.75,101
2025-12-23 09:31:00,29.61,29.61,29.5615,29.5615,7
2025-12-23 09:32:00,29.73,29.73,29.73,29.73,6
2025-12-23 09:33:00,29.815,29.815,29.68,29.68,9
2025-12-23 09:34:00,29.55,29.6701,29.3719,29.59,32
2025-12-23 09:35:00,29.59,29.59,29.59,29.59,0
2025-12-23 09:36:00,29.6,29.77,29.58,29.77,38
2025-12-23 09:37:00,29.745,29.83,29.745,29.83,10
2025-12-23 09:38:00,29.76,29.87,29.76,29.87,5
2025-12-23 09:39:00,29.7924,29.7924,29.7924,29.7924,1
2025-12-23 09:40:00,29.82,29.87,29.82,29.87,2
2025-12-23 09:41:00,29.89,29.95,29.89,29.91,8
2025-12-23 09:42:00,29.91,29.91,29.83,29.91,40
2025-12-23 09:43:00,29.905,29.94,29.84,29.94,4
2025-12-23 09:44:00,29.89,30.18,29.89,30.18,87
2025-12-23 09:45:00,30.1598,30.26,30.0,30.2089,810
2025-12-23 09:46:00,30.17,30.24,30.125,30.21,24
2025-12-23 09:47:00,30.135,30.25,30.135,30.22,20
2025-12-23 09:48:00,30.22,30.22,30.125,30.125,9
2025-12-23 09:49:00,30.13,30.18,30.07,30.07,61
2025-12-23 09:50:00,30.09,30.13,30.08,30.13,24
2025-12-23 09:51:00,30.09,30.12,30.07,30.09,95
2025-12-23 09:52:00,30.085,30.13,30.085,30.13,12
2025-12-23 09:53:00,30.14,30.15,30.08,30.08,6
2025-12-23 09:54:00,30.115,30.15,30.115,30.15,3
2025-12-23 09:55:00,30.085,30.085,30.085,30.085,1
2025-12-23 09:56:00,30.1,30.1,30.1,30.1,1
2025-12-23 09:57:00,30.11,30.11,30.04,30.07,36
2025-12-23 09:58:00,30.066,30.09,30.05,30.07,36
2025-12-23 09:59:00,30.065,30.0835,30.065,30.0835,2
2025-12-23 10:00:00,30.1,30.165,30.0608,30.155,37
2025-12-23 10:01:00,30.15,30.165,30.12,30.13,87
2025-12-23 10:02:00,30.07,30.105,30.06,30.09,13
2025-12-23 10:03:00,30.06,30.06,29.92,29.96,133
2025-12-23 10:04:00,29.97,29.98,29.92,29.94,6
2025-12-23 10:05:00,29.935,29.935,29.855,29.855,7
2025-12-23 10:06:00,29.85,29.9,29.79,29.9,13
2025-12-23 10:07:00,29.91,29.91,29.82,29.825,4
2025-12-23 10:08:00,29.8,29.825,29.8,29.825,9
2025-12-23 10:09:00,29.82,29.8365,29.82,29.8365,2
2025-12-23 10:10:00,29.8,29.8,29.8,29.8,1
2025-12-23 10:11:00,29.8,29.8,29.8,29.8,4
2025-12-23 10:12:00,29.85,29.86,29.85,29.85,11
2025-12-23 10:13:00,29.82,29.82,29.8,29.815,11
2025-12-23 10:14:00,29.83,29.87,29.79,29.79,10
2025-12-23 10:15:00,29.89,29.89,29.89,29.89,1
2025-12-23 10:16:00,29.89,29.89,29.89,29.89,3
2025-12-23 10:17:00,29.895,29.94,29.8926,29.94,9
2025-12-23 10:18:00,29.91,29.94,29.91,29.94,2
2025-12-23 10:19:00,29.95,29.96,29.95,29.96,3
2025-12-23 10:20:00,29.96,30.0,29.96,29.98,18
2025-12-23 10:21:00,29.98,30.07,29.98,30.03,13
2025-12-23 10:22:00,30.06,30.0652,30.03,30.03,8
2025-12-23 10:23:00,30.035,30.04,30.035,30.04,2
2025-12-23 10:24:00,30.04,30.04,29.97,29.98,79
2025-12-23 10:25:00,30.02,30.02,29.99,29.99,7
2025-12-23 10:26:00,30.01,30.01,29.98,30.01,15
2025-12-23 10:27:00,29.99,29.99,29.94,29.94,10
2025-12-23 10:28:00,29.94,29.94,29.94,29.94,0
2025-12-23 10:29:00,29.95,29.95,29.94,29.94,4
2025-12-23 10:30:00,29.94,29.96,29.94,29.96,4
2025-12-23 10:31:00,29.95,29.95,29.93,29.93,2
2025-12-23 10:32:00,29.95,29.95,29.93,29.935,12
2025-12-23 10:33:00,29.92,29.92,29.885,29.9,17
2025-12-23 10:34:00,29.92,29.93,29.88,29.88,3
2025-12-23 10:35:00,29.885,29.93,29.885,29.9,18
2025-12-23 10:36:00,29.94,29.94,29.9284,29.9284,3
2025-12-23 10:37:00,29.94,29.94,29.925,29.925,2
2025-12-23 10:38:00,29.925,29.925,29.925,29.925,2
2025-12-23 10:39:00,29.95,29.955,29.95,29.955,10
2025-12-23 10:40:00,29.97,29.98,29.97,29.98,6
2025-12-23 10:41:00,29.9787,29.98,29.96,29.96,21
2025-12-23 10:42:00,29.95,29.95,29.95,29.95,2
2025-12-23 10:43:00,29.94,29.94,29.91,29.91,3
2025-12-23 10:44:00,29.9399,29.94,29.92,29.92,23
2025-12-23 10:45:00,29.89,29.92,29.88,29.92,6
2025-12-23 10:46:00,29.925,29.925,29.88,29.9,9
2025-12-23 10:47:00,29.9,29.9,29.9,29.9,0
2025-12-23 10:48:00,29.9,29.9,29.9,29.9,0
2025-12-23 10:49:00,29.875,29.9,29.875,29.9,3
2025-12-23 10:50:00,29.86,29.9,29.86,29.9,5
2025-12-23 10:51:00,29.85,29.85,29.83,29.85,8
2025-12-23 10:52:00,29.865,29.865,29.865,29.865,1
2025-12-23 10:53:00,29.86,29.89,29.86,29.89,6
2025-12-23 10:54:00,29.9,30.03,29.9,30.01,20
2025-12-23 10:55:00,30.02,30.03,30.0,30.02,42
2025-12-23 10:56:00,30.015,30.03,29.995,30.005,29
2025-12-23 10:57:00,30.03,30.03,30.03,30.03,2
2025-12-23 10:58:00,30.0,30.0,29.99,29.9946,66
2025-12-23 10:59:00,30.01,30.02,29.975,29.985,130
2025-12-23 11:00:00,29.985,30.0,29.985,30.0,19
2025-12-23 11:01:00,30.02,30.06,30.02,30.06,3
2025-12-23 11:02:00,30.07,30.075,30.05,30.05,18
2025-12-23 11:03:00,30.06,30.06,30.0573,30.0573,4
2025-12-23 11:04:00,30.06,30.06,30.06,30.06,1
2025-12-23 11:05:00,30.06,30.06,30.025,30.025,16
2025-12-23 11:06:00,30.025,30.045,29.97,30.045,255
2025-12-23 11:07:00,30.03,30.06,30.02,30.05,22
2025-12-23 11:08:00,30.04,30.04,30.035,30.035,11
2025-12-23 11:09:00,30.02,30.02,29.95,29.98,197
2025-12-23 11:10:00,29.985,30.03,29.97,29.995,196
2025-12-23 11:11:00,29.99,30.01,29.95,29.9925,407
2025-12-23 11:12:00,30.01,30.01,29.99,29.99,13
2025-12-23 11:13:00,30.0,30.01,30.0,30.01,5
2025-12-23 11:14:00,30.03,30.03,30.03,30.03,1
2025-12-23 11:15:00,30.02,30.02,30.02,30.02,3
2025-12-23 11:16:00,30.0,30.04,30.0,30.03,13
2025-12-23 11:17:00,30.04,30.07,30.04,30.06,18
2025-12-23 11:18:00,30.04,30.04,30.015,30.015,13
2025-12-23 11:19:00,30.015,30.08,30.015,30.08,47
2025-12-23 11:20:00,30.05,30.097,30.05,30.097,25
2025-12-23 11:21:00,30.1,30.1,30.095,30.095,3
2025-12-23 11:22:00,30.06,30.08,30.06,30.08,2
2025-12-23 11:23:00,30.08,30.08,30.08,30.08,0
2025-12-23 11:24:00,30.03,30.04,29.9,29.92,114
2025-12-23 11:25:00,29.9,29.9,29.9,29.9,2
2025-12-23 11:26:00,29.9,29.93,29.87,29.885,159
2025-12-23 11:27:00,29.93,29.98,29.93,29.98,32
2025-12-23 11:28:00,29.98,30.01,29.98,30.005,70
2025-12-23 11:29:00,30.0199,30.02,29.9601,29.985,42
2025-12-23 11:30:00,29.985,30.09,29.98,29.9875,167
2025-12-23 11:31:00,30.04,30.04,30.015,30.015,7
2025-12-23 11:32:00,30.015,30.015,30.015,30.015,0
2025-12-23 11:33:00,30.04,30.04,30.03,30.03,4
2025-12-23 11:34:00,30.02,30.02,30.02,30.02,3
2025-12-23 11:35:00,30.02,30.02,29.97,29.995,88
2025-12-23 11:36:00,29.92,29.92,29.88,29.88,8
2025-12-23 11:37:00,29.89,29.89,29.885,29.885,3
2025-12-23 11:38:00,29.91,29.93,29.91,29.93,11
2025-12-23 11:39:00,29.935,29.935,29.895,29.93,11
2025-12-23 11:40:00,29.94,29.94,29.94,29.94,1
2025-12-23 11:41:00,29.94,29.94,29.94,29.94,0
2025-12-23 11:42:00,29.92,29.925,29.92,29.92,4
2025-12-23 11:43:00,29.925,29.9799,29.925,29.9799,8
2025-12-23 11:44:00,29.95,29.95,29.93,29.95,6
2025-12-23 11:45:00,29.95,29.95,29.95,29.95,0
2025-12-23 11:46:00,29.98,29.99,29.96,29.96,9
2025-12-23 11:47:00,29.97,29.97,29.97,29.97,1
2025-12-23 11:48:00,29.93,29.97,29.9,29.91,10
2025-12-23 11:49:00,29.94,29.94,29.94,29.94,1
2025-12-23 11:50:00,29.94,29.94,29.94,29.94,3
2025-12-23 11:51:00,29.935,29.935,29.895,29.9,8
2025-12-23 11:52:00,29.92,29.9689,29.91,29.9689,20
2025-12-23 11:53:00,29.94,29.96,29.94,29.96,2
2025-12-23 11:54:00,29.96,29.96,29.86,29.88,138
2025-12-23 11:55:00,29.89,29.92,29.89,29.92,18
2025-12-23 11:56:00,29.89,29.9,29.88,29.9,6
2025-12-23 11:57:00,29.9,29.92,29.89,29.905,10
2025-12-23 11:58:00,29.89,29.89,29.86,29.885,9
2025-12-23 11:59:00,29.9,29.91,29.885,29.89,9
2025-12-23 12:00:00,29.89,29.98,29.89,29.98,22
2025-12-23 12:01:00,29.96,29.96,29.92,29.92,9
2025-12-23 12:02:00,29.91,29.94,29.91,29.915,9
2025-12-23 12:03:00,29.89,29.905,29.89,29.89,6
2025-12-23 12:04:00,29.89,29.935,29.89,29.935,18
2025-12-23 12:05:00,29.92,29.92,29.911,29.911,8
2025-12-23 12:06:00,29.911,29.911,29.911,29.911,0
2025-12-23 12:07:00,29.925,29.925,29.925,29.925,3
2025-12-23 12:08:00,29.91,29.91,29.87,29.87,9
2025-12-23 12:09:00,29.855,29.88,29.855,29.88,18
2025-12-23 12:10:00,29.88,29.89,29.88,29.89,4
2025-12-23 12:11:00,29.9,29.92,29.9,29.92,6
2025-12-23 12:12:00,29.92,29.92,29.92,29.92,0
2025-12-23 12:13:00,29.91,29.91,29.9,29.9,6
2025-12-23 12:14:00,29.92,29.92,29.92,29.92,3
2025-12-23 12:15:00,29.92,29.92,29.875,29.88,20
2025-12-23 12:16:00,29.855,29.88,29.855,29.855,17
2025-12-23 12:17:00,29.855,29.855,29.855,29.855,15
2025-12-23 12:18:00,29.83,29.83,29.715,29.74,26
2025-12-23 12:19:00,29.73,29.76,29.68,29.68,45
2025-12-23 12:20:00,29.76,29.76,29.76,29.76,1
2025-12-23 12:21:00,29.75,29.75,29.65,29.73,32
2025-12-23 12:22:00,29.74,29.74,29.74,29.74,2
2025-12-23 12:23:00,29.73,29.76,29.73,29.74,3
2025-12-23 12:24:00,29.76,29.77,29.76,29.765,5
2025-12-23 12:25:00,29.75,29.77,29.73,29.76,10
2025-12-23 12:26:00,29.77,29.77,29.72,29.72,6
2025-12-23 12:27:00,29.72,29.74,29.71,29.71,9
2025-12-23 12:28:00,29.725,29.725,29.7,29.72,21
2025-12-23 12:29:00,29.72,29.74,29.72,29.74,27
2025-12-23 12:30:00,29.73,29.77,29.73,29.77,12
2025-12-23 12:31:00,29.775,29.88,29.775,29.88,21
2025-12-23 12:32:00,29.88,29.88,29.88,29.88,0
2025-12-23 12:33:00,29.88,29.89,29.88,29.89,3
2025-12-23 12:34:00,29.89,29.89,29.84,29.85,15
2025-12-23 12:35:00,29.875,29.875,29.8715,29.8715,2
2025-12-23 12:36:00,29.8715,29.8715,29.8715,29.8715,0
2025-12-23 12:37:00,29.89,29.89,29.89,29.89,2
2025-12-23 12:38:00,29.89,29.91,29.89,29.91,3
2025-12-23 12:39:00,29.88,29.88,29.87,29.87,17
2025-12-23 12:40:00,29.86,29.86,29.86,29.86,3
2025-12-23 12:41:00,29.855,29.86,29.855,29.86,8
2025-12-23 12:42:00,29.855,29.88,29.855,29.88,5
2025-12-23 12:43:00,29.87,29.87,29.87,29.87,12
2025-12-23 12:44:00,29.865,29.94,29.86,29.91,51
2025-12-23 12:45:00,29.91,29.93,29.82,29.82,46
2025-12-23 12:46:00,29.82,29.855,29.82,29.85,17
2025-12-23 12:47:00,29.83,29.83,29.76,29.76,6
2025-12-23 12:48:00,29.73,29.76,29.73,29.76,3
2025-12-23 12:49:00,29.76,29.76,29.76,29.76,0
2025-12-23 12:50:00,29.71,29.725,29.71,29.72,10
2025-12-23 12:51:00,29.72,29.72,29.72,29.72,0
2025-12-23 12:52:00,29.69,29.7,29.65,29.7,12
2025-12-23 12:53:00,29.7,29.7,29.7,29.7,0
2025-12-23 12:54:00,29.69,29.69,29.67,29.67,4
2025-12-23 12:55:00,29.67,29.685,29.66,29.68,14
2025-12-23 12:56:00,29.67,29.68,29.595,29.595,51
2025-12-23 12:57:00,29.61,29.62,29.61,29.62,3
2025-12-23 12:58:00,29.635,29.65,29.62,29.62,9
2025-12-23 12:59:00,29.63,29.63,29.63,29.63,1
2025-12-23 13:00:00,29.595,29.595,29.595,29.595,1
2025-12-23 13:01:00,29.59,29.59,29.57,29.57,2
2025-12-23 13:02:00,29.6,29.62,29.59,29.605,18
2025-12-23 13:03:00,29.58,29.63,29.57,29.625,23
2025-12-23 13:04:00,29.625,29.625,29.625,29.625,0
2025-12-23 13:05:00,29.625,29.66,29.625,29.64,13
2025-12-23 13:06:00,29.63,29.6331,29.63,29.6331,7
2025-12-23 13:07:00,29.635,29.635,29.635,29.635,4
2025-12-23 13:08:00,29.65,29.66,29.65,29.66,6
2025-12-23 13:09:00,29.66,29.66,29.63,29.63,16
2025-12-23 13:10:00,29.625,29.625,29.625,29.625,2
2025-12-23 13:11:00,29.63,29.65,29.625,29.625,4
2025-12-23 13:12:00,29.64,29.65,29.64,29.65,6
2025-12-23 13:13:00,29.65,29.67,29.65,29.65,9
2025-12-23 13:14:00,29.64,29.64,29.64,29.64,3
2025-12-23 13:15:00,29.61,29.61,29.605,29.61,8
2025-12-23 13:16:00,29.61,29.61,29.61,29.61,1
2025-12-23 13:17:00,29.61,29.6199,29.6,29.605,10
2025-12-23 13:18:00,29.615,29.6194,29.615,29.6194,3
2025-12-23 13:19:00,29.615,29.65,29.615,29.65,19
2025-12-23 13:20:00,29.62,29.62,29.59,29.59,8
2025-12-23 13:21:00,29.615,29.615,29.615,29.615,1
2025-12-23 13:22:00,29.6,29.61,29.6,29.6,3
2025-12-23 13:23:00,29.6,29.61,29.6,29.61,2
2025-12-23 13:24:00,29.61,29.61,29.6,29.61,3
2025-12-23 13:25:00,29.62,29.63,29.6,29.61,12
2025-12-23 13:26:00,29.61,29.61,29.61,29.61,0
2025-12-23 13:27:00,29.595,29.63,29.595,29.62,7
2025-12-23 13:28:00,29.6136,29.655,29.6136,29.655,9
2025-12-23 13:29:00,29.655,29.66,29.65,29.65,39
2025-12-23 13:30:00,29.66,29.66,29.66,29.66,2
2025-12-23 13:31:00,29.65,29.65,29.645,29.645,2
2025-12-23 13:32:00,29.645,29.6456,29.64,29.6456,14
2025-12-23 13:33:00,29.64,29.64,29.59,29.59,16
2025-12-23 13:34:00,29.585,29.61,29.57,29.61,6
2025-12-23 13:35:00,29.61,29.61,29.61,29.61,0
2025-12-23 13:36:00,29.595,29.595,29.595,29.595,2
2025-12-23 13:37:00,29.595,29.595,29.57,29.57,9
2025-12-23 13:38:00,29.6,29.615,29.6,29.615,4
2025-12-23 13:39:00,29.615,29.615,29.615,29.615,0
2025-12-23 13:40:00,29.605,29.62,29.59,29.62,20
2025-12-23 13:41:00,29.63,29.63,29.62,29.62,5
2025-12-23 13:42:00,29.63,29.63,29.63,29.63,2
2025-12-23 13:43:00,29.64,29.66,29.6373,29.64,11
2025-12-23 13:44:00,29.64,29.65,29.64,29.65,11
2025-12-23 13:45:00,29.645,29.645,29.59,29.6031,8
2025-12-23 13:46:00,29.56,29.56,29.55,29.55,2
2025-12-23 13:47:00,29.55,29.55,29.55,29.55,2
2025-12-23 13:48:00,29.525,29.55,29.525,29.55,2
2025-12-23 13:49:00,29.57,29.625,29.55,29.625,23
2025-12-23 13:50:00,29.625,29.635,29.62,29.635,7
2025-12-23 13:51:00,29.635,29.655,29.635,29.64,13
2025-12-23 13:52:00,29.635,29.635,29.635,29.635,3
2025-12-23 13:53:00,29.65,29.65,29.645,29.645,5
2025-12-23 13:54:00,29.63,29.635,29.613,29.613,7
2025-12-23 13:55:00,29.62,29.62,29.62,29.62,1
2025-12-23 13:56:00,29.62,29.62,29.6,29.6,11
2025-12-23 13:57:00,29.61,29.61,29.61,29.61,2
2025-12-23 13:58:00,29.605,29.605,29.58,29.605,3
2025-12-23 13:59:00,29.59,29.61,29.59,29.61,8
2025-12-23 14:00:00,29.61,29.61,29.61,29.61,0
2025-12-23 14:01:00,29.5901,29.5901,29.55,29.555,15
2025-12-23 14:02:00,29.59,29.59,29.59,29.59,2
2025-12-23 14:03:00,29.57,29.6,29.57,29.6,20
2025-12-23 14:04:00,29.6,29.6,29.6,29.6,0
2025-12-23 14:05:00,29.5801,29.625,29.5801,29.625,26
2025-12-23 14:06:00,29.625,29.63,29.625,29.63,2
2025-12-23 14:07:00,29.61,29.63,29.61,29.63,9
2025-12-23 14:08:00,29.65,29.7,29.65,29.67,9
2025-12-23 14:09:00,29.67,29.682,29.66,29.682,28
2025-12-23 14:10:00,29.682,29.682,29.682,29.682,0
2025-12-23 14:11:00,29.7,29.7,29.69,29.69,6
2025-12-23 14:12:00,29.69,29.69,29.69,29.69,11
2025-12-23 14:13:00,29.66,29.66,29.62,29.62,8
2025-12-23 14:14:00,29.62,29.62,29.62,29.62,0
2025-12-23 14:15:00,29.63,29.63,29.63,29.63,1
2025-12-23 14:16:00,29.64,29.64,29.59,29.59,41
2025-12-23 14:17:00,29.62,29.62,29.605,29.605,3
2025-12-23 14:18:00,29.605,29.605,29.605,29.605,10
2025-12-23 14:19:00,29.61,29.61,29.61,29.61,1
2025-12-23 14:20:00,29.61,29.61,29.61,29.61,0
2025-12-23 14:21:00,29.63,29.635,29.61,29.635,13
2025-12-23 14:22:00,29.62,29.63,29.62,29.63,8
2025-12-23 14:23:00,29.63,29.63,29.63,29.63,8
2025-12-23 14:24:00,29.63,29.63,29.63,29.63,0
2025-12-23 14:25:00,29.63,29.63,29.61,29.61,3
2025-12-23 14:26:00,29.625,29.625,29.6,29.6,8
2025-12-23 14:27:00,29.6,29.6,29.6,29.6,0
2025-12-23 14:28:00,29.62,29.62,29.62,29.62,3
2025-12-23 14:29:00,29.62,29.62,29.62,29.62,35
2025-12-23 14:30:00,29.63,29.63,29.575,29.585,26
2025-12-23 14:31:00,29.585,29.585,29.585,29.585,1
2025-12-23 14:32:00,29.59,29.59,29.58,29.585,4
2025-12-23 14:33:00,29.585,29.585,29.585,29.585,0
2025-12-23 14:34:00,29.585,29.585,29.57,29.58,5
2025-12-23 14:35:00,29.58,29.6,29.58,29.59,6
2025-12-23 14:36:00,29.6,29.61,29.6,29.61,2
2025-12-23 14:37:00,29.605,29.605,29.605,29.605,3
2025-12-23 14:38:00,29.605,29.605,29.605,29.605,4
2025-12-23 14:39:00,29.605,29.61,29.6,29.61,4
2025-12-23 14:40:00,29.61,29.61,29.595,29.595,11
2025-12-23 14:41:00,29.59,29.59,29.58,29.59,4
2025-12-23 14:42:00,29.59,29.59,29.56,29.57,9
2025-12-23 14:43:00,29.575,29.575,29.5742,29.575,14
2025-12-23 14:44:00,29.575,29.575,29.55,29.55,38
2025-12-23 14:45:00,29.55,29.58,29.55,29.58,15
2025-12-23 14:46:00,29.58,29.58,29.58,29.58,0
2025-12-23 14:47:00,29.58,29.585,29.58,29.58,7
2025-12-23 14:48:00,29.58,29.58,29.58,29.58,0
2025-12-23 14:49:00,29.57,29.6,29.57,29.6,5
2025-12-23 14:50:00,29.6,29.61,29.6,29.605,9
2025-12-23 14:51:00,29.5925,29.605,29.5925,29.605,8
2025-12-23 14:52:00,29.61,29.61,29.605,29.605,3
2025-12-23 14:53:00,29.605,29.62,29.59,29.6,16
2025-12-23 14:54:00,29.61,29.61,29.6,29.605,13
2025-12-23 14:55:00,29.59,29.59,29.59,29.59,3
2025-12-23 14:56:00,29.59,29.59,29.59,29.59,1
2025-12-23 14:57:00,29.59,29.59,29.59,29.59,3
2025-12-23 14:58:00,29.59,29.59,29.59,29.59,3
2025-12-23 14:59:00,29.6,29.61,29.6,29.605,12
2025-12-23 15:00:00,29.6,29.6,29.59,29.6,23
2025-12-23 15:01:00,29.6,29.6,29.6,29.6,0
2025-12-23 15:02:00,29.58,29.58,29.57,29.57,8
2025-12-23 15:03:00,29.57,29.57,29.57,29.57,1
2025-12-23 15:04:00,29.56,29.56,29.53,29.53,21
2025-12-23 15:05:00,29.53,29.53,29.53,29.53,1
2025-12-23 15:06:00,29.535,29.54,29.535,29.54,11
2025-12-23 15:07:00,29.54,29.54,29.535,29.54,10
2025-12-23 15:08:00,29.55,29.56,29.55,29.56,10
2025-12-23 15:09:00,29.56,29.56,29.56,29.56,4
2025-12-23 15:10:00,29.56,29.57,29.56,29.56,16
2025-12-23 15:11:00,29.55,29.55,29.515,29.516,27
2025-12-23 15:12:00,29.52,29.52,29.5108,29.5108,24
2025-12-23 15:13:00,29.52,29.53,29.52,29.53,3
2025-12-23 15:14:00,29.52,29.5216,29.48,29.485,100
2025-12-23 15:15:00,29.49,29.49,29.49,29.49,2
2025-12-23 15:16:00,29.49,29.5,29.49,29.5,13
2025-12-23 15:17:00,29.5,29.545,29.5,29.545,20
2025-12-23 15:18:00,29.53,29.53,29.52,29.52,4
2025-12-23 15:19:00,29.51,29.54,29.51,29.535,12
2025-12-23 15:20:00,29.55,29.58,29.55,29.575,26
2025-12-23 15:21:00,29.57,29.59,29.57,29.59,9
2025-12-23 15:22:00,29.575,29.577,29.53,29.53,16
2025-12-23 15:23:00,29.52,29.52,29.52,29.52,9
2025-12-23 15:24:00,29.54,29.545,29.535,29.545,10
2025-12-23 15:25:00,29.54,29.54,29.54,29.54,3
2025-12-23 15:26:00,29.53,29.54,29.51,29.51,14
2025-12-23 15:27:00,29.51,29.51,29.51,29.51,1
2025-12-23 15:28:00,29.52,29.53,29.52,29.52,13
2025-12-23 15:29:00,29.52,29.52,29.52,29.52,2
2025-12-23 15:30:00,29.51,29.52,29.51,29.51,7
2025-12-23 15:31:00,29.51,29.51,29.48,29.48,16
2025-12-23 15:32:00,29.48,29.48,29.47,29.47,5
2025-12-23 15:33:00,29.46,29.47,29.45,29.47,11
2025-12-23 15:34:00,29.47,29.49,29.47,29.485,8
2025-12-23 15:35:00,29.485,29.49,29.472,29.475,16
2025-12-23 15:36:00,29.47,29.52,29.47,29.52,20
2025-12-23 15:37:00,29.51,29.515,29.4615,29.475,16
2025-12-23 15:38:00,29.46,29.48,29.46,29.48,6
2025-12-23 15:39:00,29.48,29.49,29.475,29.48,9
2025-12-23 15:40:00,29.48,29.48,29.45,29.45,21
2025-12-23 15:41:00,29.45,29.47,29.45,29.465,19
2025-12-23 15:42:00,29.46,29.47,29.45,29.47,14
2025-12-23 15:43:00,29.47,29.51,29.465,29.5,26
2025-12-23 15:44:00,29.49,29.49,29.44,29.45,57
2025-12-23 15:45:00,29.46,29.52,29.46,29.48,50
2025-12-23 15:46:00,29.47,29.505,29.45,29.505,45
2025-12-23 15:47:00,29.505,29.52,29.49,29.495,26
2025-12-23 15:48:00,29.5,29.5,29.491,29.5,15
2025-12-23 15:49:00,29.5,29.5,29.495,29.495,9
2025-12-23 15:50:00,29.49,29.49,29.3706,29.39,35
2025-12-23 15:51:00,29.39,29.425,29.38,29.42,45
2025-12-23 15:52:00,29.43,29.44,29.405,29.437,38
2025-12-23 15:53:00,29.41,29.46,29.37,29.42,131
2025-12-23 15:54:00,29.44,29.44,29.4,29.4,28
2025-12-23 15:55:00,29.37,29.37,29.29,29.34,94
2025-12-23 15:56:00,29.33,29.3599,29.32,29.34,50
2025-12-23 15:57:00,29.34,29.35,29.305,29.305,108
2025-12-23 15:58:00,29.29,29.3,29.28,29.29,284
2025-12-23 15:59:00,29.3,29.335,29.3,29.315,495
2025-12-24 09:30:00,29.33,29.41,29.33,29.36,56
2025-12-24 09:31:00,29.34,29.44,29.3053,29.44,11
2025-12-24 09:32:00,29.335,29.44,29.335,29.37,6
2025-12-24 09:33:00,29.37,29.37,29.37,29.37,0
2025-12-24 09:34:00,29.37,29.37,29.37,29.37,0
2025-12-24 09:35:00,29.36,29.36,29.36,29.36,1
2025-12-24 09:36:00,29.32,29.36,29.32,29.355,5
2025-12-24 09:37:00,29.36,29.36,29.36,29.36,1
2025-12-24 09:38:00,29.28,29.28,29.28,29.28,2
2025-12-24 09:39:00,29.26,29.26,29.26,29.26,1
2025-12-24 09:40:00,29.25,29.25,29.25,29.25,5
2025-12-24 09:41:00,29.29,29.29,29.29,29.29,1
2025-12-24 09:42:00,29.29,29.29,29.29,29.29,7
2025-12-24 09:43:00,29.276,29.276,29.276,29.276,1
2025-12-24 09:44:00,29.276,29.276,29.276,29.276,0
2025-12-24 09:45:00,29.36,29.36,29.36,29.36,2
2025-12-24 09:46:00,29.4,29.4,29.4,29.4,1
2025-12-24 09:47:00,29.34,29.34,29.34,29.34,3
2025-12-24 09:48:00,29.2972,29.2972,29.2972,29.2972,3
2025-12-24 09:49:00,29.2972,29.2972,29.2972,29.2972,0
2025-12-24 09:50:00,29.34,29.34,29.34,29.34,17
2025-12-24 09:51:00,29.41,29.535,29.41,29.46,51
2025-12-24 09:52:00,29.51,29.52,29.48,29.51,8
2025-12-24 09:53:00,29.51,29.51,29.51,29.51,0
2025-12-24 09:54:00,29.54,29.54,29.53,29.54,6
2025-12-24 09:55:00,29.535,29.545,29.535,29.545,23
2025-12-24 09:56:00,29.545,29.545,29.545,29.545,0
2025-12-24 09:57:00,29.52,29.55,29.52,29.55,5
2025-12-24 09:58:00,29.5,29.5249,29.481,29.5249,15
2025-12-24 09:59:00,29.5249,29.5249,29.5249,29.5249,0
2025-12-24 10:00:00,29.485,29.5,29.48,29.5,17
2025-12-24 10:01:00,29.52,29.52,29.41,29.41,3
2025-12-24 10:02:00,29.42,29.45,29.42,29.45,3
2025-12-24 10:03:00,29.43,29.43,29.43,29.43,1
2025-12-24 10:04:00,29.4023,29.4023,29.35,29.38,13
2025-12-24 10:05:00,29.395,29.395,29.395,29.395,1
2025-12-24 10:06:00,29.395,29.395,29.395,29.395,0
2025-12-24 10:07:00,29.43,29.44,29.43,29.44,2
2025-12-24 10:08:00,29.46,29.47,29.46,29.47,3
2025-12-24 10:09:00,29.47,29.47,29.47,29.47,0
2025-12-24 10:10:00,29.47,29.47,29.47,29.47,0
2025-12-24 10:11:00,29.47,29.47,29.47,29.47,0
2025-12-24 10:12:00,29.45,29.45,29.45,29.45,2
2025-12-24 10:13:00,29.45,29.45,29.45,29.45,23
2025-12-24 10:14:00,29.45,29.45,29.45,29.45,0
2025-12-24 10:15:00,29.39,29.39,29.315,29.315,22
2025-12-24 10:16:00,29.31,29.315,29.31,29.315,6
2025-12-24 10:17:00,29.305,29.305,29.305,29.305,1
2025-12-24 10:18:00,29.3,29.3,29.3,29.3,1
2025-12-24 10:19:00,29.3,29.3,29.3,29.3,2
2025-12-24 10:20:00,29.33,29.33,29.33,29.33,2
2025-12-24 10:21:00,29.33,29.33,29.33,29.33,1
2025-12-24 10:22:00,29.2603,29.2603,29.2603,29.2603,3
2025-12-24 10:23:00,29.27,29.27,29.22,29.22,84
2025-12-24 10:24:00,29.22,29.22,29.22,29.22,0
2025-12-24 10:25:00,29.22,29.22,29.22,29.22,0
2025-12-24 10:26:00,29.25,29.27,29.25,29.27,5
2025-12-24 10:27:00,29.27,29.27,29.27,29.27,0
2025-12-24 10:28:00,29.27,29.27,29.27,29.27,0
2025-12-24 10:29:00,29.27,29.27,29.27,29.27,0
2025-12-24 10:30:00,29.26,29.2899,29.21,29.21,25
2025-12-24 10:31:00,29.21,29.27,29.14,29.27,32
2025-12-24 10:32:00,29.24,29.24,29.24,29.24,1
2025-12-24 10:33:00,29.28,29.39,29.28,29.38,42
2025-12-24 10:34:00,29.44,29.46,29.44,29.46,8
2025-12-24 10:35:00,29.485,29.5,29.485,29.5,2
2025-12-24 10:36:00,29.505,29.505,29.39,29.39,9
2025-12-24 10:37:00,29.43,29.43,29.43,29.43,2
2025-12-24 10:38:00,29.44,29.44,29.44,29.44,2
2025-12-24 10:39:00,29.435,29.48,29.435,29.48,9
2025-12-24 10:40:00,29.48,29.48,29.48,29.48,3
2025-12-24 10:41:00,29.49,29.49,29.48,29.48,23
2025-12-24 10:42:00,29.49,29.51,29.49,29.5,9
2025-12-24 10:43:00,29.52,29.53,29.51,29.52,8
2025-12-24 10:44:00,29.54,29.54,29.48,29.51,31
2025-12-24 10:45:00,29.54,29.55,29.54,29.55,6
2025-12-24 10:46:00,29.53,29.53,29.49,29.49,7
2025-12-24 10:47:00,29.5,29.5,29.5,29.5,4
2025-12-24 10:48:00,29.45,29.45,29.45,29.45,2
2025-12-24 10:49:00,29.48,29.48,29.44,29.44,8
2025-12-24 10:50:00,29.49,29.53,29.49,29.53,8
2025-12-24 10:51:00,29.53,29.53,29.53,29.53,0
2025-12-24 10:52:00,29.52,29.52,29.52,29.52,1
2025-12-24 10:53:00,29.51,29.51,29.47,29.47,12
2025-12-24 10:54:00,29.455,29.455,29.42,29.425,4
2025-12-24 10:55:00,29.41,29.425,29.39,29.39,7
2025-12-24 10:56:00,29.38,29.38,29.35,29.35,3
2025-12-24 10:57:00,29.35,29.35,29.35,29.35,0
2025-12-24 10:58:00,29.365,29.365,29.35,29.36,8
2025-12-24 10:59:00,29.3694,29.4,29.3694,29.4,9
2025-12-24 11:00:00,29.4,29.4,29.4,29.4,0
2025-12-24 11:01:00,29.38,29.38,29.37,29.37,7
2025-12-24 11:02:00,29.4,29.4,29.39,29.39,4
2025-12-24 11:03:00,29.38,29.39,29.37,29.39,10
2025-12-24 11:04:00,29.39,29.39,29.39,29.39,0
2025-12-24 11:05:00,29.39,29.39,29.39,29.39,3
2025-12-24 11:06:00,29.38,29.38,29.38,29.38,2
2025-12-24 11:07:00,29.4199,29.4199,29.4199,29.4199,6
2025-12-24 11:08:00,29.39,29.39,29.39,29.39,1
2025-12-24 11:09:00,29.385,29.385,29.385,29.385,1
2025-12-24 11:10:00,29.385,29.385,29.385,29.385,0
2025-12-24 11:11:00,29.38,29.38,29.38,29.38,1
2025-12-24 11:12:00,29.385,29.385,29.385,29.385,1
2025-12-24 11:13:00,29.385,29.385,29.385,29.385,3
2025-12-24 11:14:00,29.38,29.385,29.35,29.35,12
2025-12-24 11:15:00,29.39,29.405,29.39,29.405,4
2025-12-24 11:16:00,29.405,29.405,29.405,29.405,0
2025-12-24 11:17:00,29.4,29.41,29.36,29.36,4
2025-12-24 11:18:00,29.36,29.38,29.36,29.38,3
2025-12-24 11:19:00,29.38,29.38,29.38,29.38,0
2025-12-24 11:20:00,29.36,29.36,29.36,29.36,2
2025-12-24 11:21:00,29.36,29.36,29.36,29.36,0
2025-12-24 11:22:00,29.365,29.365,29.365,29.365,1
2025-12-24 11:23:00,29.365,29.365,29.365,29.365,0
2025-12-24 11:24:00,29.35,29.36,29.34,29.34,4
2025-12-24 11:25:00,29.33,29.33,29.33,29.33,1
2025-12-24 11:26:00,29.3,29.34,29.295,29.295,14
2025-12-24 11:27:00,29.295,29.295,29.295,29.295,0
2025-12-24 11:28:00,29.29,29.29,29.23,29.25,24
2025-12-24 11:29:00,29.24,29.24,29.24,29.24,1
2025-12-24 11:30:00,29.26,29.27,29.24,29.27,27
2025-12-24 11:31:00,29.27,29.27,29.27,29.27,0
2025-12-24 11:32:00,29.285,29.285,29.285,29.285,2
2025-12-24 11:33:00,29.2558,29.3,29.2558,29.3,7
2025-12-24 11:34:00,29.3,29.3,29.3,29.3,2
2025-12-24 11:35:00,29.33,29.345,29.3,29.345,6
2025-12-24 11:36:00,29.3,29.3,29.26,29.26,28
2025-12-24 11:37:00,29.2458,29.2458,29.245,29.245,5
2025-12-24 11:38:00,29.245,29.245,29.245,29.245,1
2025-12-24 11:39:00,29.275,29.28,29.25,29.25,16
2025-12-24 11:40:00,29.278,29.278,29.26,29.26,6
2025-12-24 11:41:00,29.25,29.27,29.25,29.27,12
2025-12-24 11:42:00,29.23,29.275,29.23,29.275,5
2025-12-24 11:43:00,29.23,29.275,29.23,29.275,2
2025-12-24 11:44:00,29.23,29.275,29.23,29.23,7
2025-12-24 11:45:00,29.285,29.285,29.285,29.285,1
2025-12-24 11:46:00,29.31,29.315,29.26,29.315,43
2025-12-24 11:47:00,29.32,29.325,29.32,29.325,3
2025-12-24 11:48:00,29.33,29.33,29.33,29.33,1
2025-12-24 11:49:00,29.33,29.33,29.33,29.33,0
2025-12-24 11:50:00,29.325,29.325,29.26,29.27,12
2025-12-24 11:51:00,29.27,29.27,29.27,29.27,0
2025-12-24 11:52:00,29.27,29.27,29.27,29.27,0
2025-12-24 11:53:00,29.28,29.28,29.28,29.28,2
2025-12-24 11:54:00,29.31,29.31,29.31,29.31,3
2025-12-24 11:55:00,29.325,29.33,29.325,29.33,3
2025-12-24 11:56:00,29.33,29.33,29.33,29.33,0
2025-12-24 11:57:00,29.35,29.35,29.35,29.35,3
2025-12-24 11:58:00,29.365,29.365,29.365,29.365,1
2025-12-24 11:59:00,29.365,29.365,29.365,29.365,0
2025-12-24 12:00:00,29.3784,29.3784,29.375,29.375,8
2025-12-24 12:01:00,29.375,29.375,29.375,29.375,2
2025-12-24 12:02:00,29.37,29.375,29.36,29.37,11
2025-12-24 12:03:00,29.38,29.38,29.38,29.38,4
2025-12-24 12:04:00,29.3825,29.3825,29.37,29.38,8
2025-12-24 12:05:00,29.39,29.4,29.39,29.39,15
2025-12-24 12:06:00,29.39,29.405,29.39,29.405,7
2025-12-24 12:07:00,29.42,29.43,29.42,29.43,10
2025-12-24 12:08:00,29.43,29.43,29.41,29.41,10
2025-12-24 12:09:00,29.39,29.4,29.375,29.375,11
2025-12-24 12:10:00,29.38,29.38,29.38,29.38,7
2025-12-24 12:11:00,29.38,29.38,29.38,29.38,0
2025-12-24 12:12:00,29.38,29.38,29.38,29.38,0
2025-12-24 12:13:00,29.41,29.41,29.395,29.395,2
2025-12-24 12:14:00,29.41,29.41,29.4,29.4,10
2025-12-24 12:15:00,29.4,29.42,29.4,29.42,3
2025-12-24 12:16:00,29.42,29.42,29.42,29.42,0
2025-12-24 12:17:00,29.4,29.4,29.36,29.36,31
2025-12-24 12:18:00,29.38,29.4,29.38,29.4,10
2025-12-24 12:19:00,29.41,29.41,29.405,29.405,6
2025-12-24 12:20:00,29.4,29.4,29.38,29.39,3
2025-12-24 12:21:00,29.39,29.41,29.39,29.41,3
2025-12-24 12:22:00,29.39,29.4,29.29,29.29,42
2025-12-24 12:23:00,29.2796,29.2796,29.2796,29.2796,2
2025-12-24 12:24:00,29.27,29.29,29.27,29.29,4
2025-12-24 12:25:00,29.27,29.27,29.27,29.27,1
2025-12-24 12:26:00,29.28,29.28,29.265,29.265,9
2025-12-24 12:27:00,29.26,29.26,29.22,29.24,35
2025-12-24 12:28:00,29.23,29.295,29.23,29.27,9
2025-12-24 12:29:00,29.29,29.29,29.29,29.29,1
2025-12-24 12:30:00,29.31,29.33,29.31,29.33,5
2025-12-24 12:31:00,29.3172,29.325,29.3172,29.325,4
2025-12-24 12:32:00,29.34,29.34,29.325,29.325,27
2025-12-24 12:33:00,29.34,29.345,29.325,29.345,6
2025-12-24 12:34:00,29.34,29.34,29.34,29.34,2
2025-12-24 12:35:00,29.35,29.35,29.35,29.35,1
2025-12-24 12:36:00,29.34,29.35,29.33,29.33,13
2025-12-24 12:37:00,29.33,29.33,29.33,29.33,6
2025-12-24 12:38:00,29.321,29.321,29.305,29.31,32
2025-12-24 12:39:00,29.3,29.32,29.295,29.32,13
2025-12-24 12:40:00,29.32,29.32,29.32,29.32,1
2025-12-24 12:41:00,29.32,29.34,29.32,29.33,4
2025-12-24 12:42:00,29.33,29.33,29.33,29.33,0
2025-12-24 12:43:00,29.33,29.33,29.33,29.33,10
2025-12-24 12:44:00,29.32,29.32,29.3,29.32,47
2025-12-24 12:45:00,29.33,29.34,29.33,29.34,5
2025-12-24 12:46:00,29.35,29.365,29.35,29.365,9
2025-12-24 12:47:00,29.36,29.36,29.34,29.34,5
2025-12-24 12:48:00,29.34,29.34,29.34,29.34,1
2025-12-24 12:49:00,29.33,29.33,29.29,29.29,22
2025-12-24 12:50:00,29.29,29.29,29.29,29.29,0
2025-12-24 12:51:00,29.33,29.34,29.33,29.335,13
2025-12-24 12:52:00,29.35,29.385,29.35,29.38,6
2025-12-24 12:53:00,29.38,29.38,29.38,29.38,1
2025-12-24 12:54:00,29.39,29.39,29.38,29.39,19
2025-12-24 12:55:00,29.4,29.435,29.4,29.435,31
2025-12-24 12:56:00,29.41,29.44,29.41,29.427,28
2025-12-24 12:57:00,29.425,29.425,29.41,29.42,34
2025-12-24 12:58:00,29.42,29.43,29.415,29.43,70
2025-12-24 12:59:00,29.425,29.46,29.425,29.44,185
2025-12-26 09:30:00,29.31,29.31,29.3,29.3,32
2025-12-26 09:31:00,29.29,29.29,29.29,29.29,1
2025-12-26 09:32:00,29.29,29.29,29.29,29.29,0
2025-12-26 09:33:00,29.29,29.29,29.29,29.29,0
2025-12-26 09:34:00,29.29,29.29,29.29,29.29,0
2025-12-26 09:35:00,29.3703,29.3703,29.3703,29.3703,3
2025-12-26 09:36:00,29.31,29.31,29.31,29.31,1
2025-12-26 09:37:00,29.18,29.18,29.17,29.17,13
2025-12-26 09:38:00,29.26,29.32,29.21,29.32,9
2025-12-26 09:39:00,29.3,29.31,29.29,29.31,7
2025-12-26 09:40:00,29.31,29.31,29.31,29.31,0
2025-12-26 09:41:00,29.16,29.16,29.15,29.15,3
2025-12-26 09:42:00,29.13,29.205,29.13,29.205,15
2025-12-26 09:43:00,29.205,29.205,29.205,29.205,0
2025-12-26 09:44:00,29.29,29.3,29.29,29.3,6
2025-12-26 09:45:00,29.3,29.32,29.3,29.32,24
2025-12-26 09:46:00,29.3336,29.3336,29.3336,29.3336,1
2025-12-26 09:47:00,29.36,29.39,29.28,29.28,16
2025-12-26 09:48:00,29.295,29.295,29.295,29.295,1
2025-12-26 09:49:00,29.28,29.31,29.28,29.31,8
2025-12-26 09:50:00,29.31,29.31,29.31,29.31,0
2025-12-26 09:51:00,29.34,29.35,29.34,29.35,6
2025-12-26 09:52:00,29.34,29.34,29.34,29.34,2
2025-12-26 09:53:00,29.34,29.34,29.34,29.34,0
2025-12-26 09:54:00,29.275,29.275,29.275,29.275,5
2025-12-26 09:55:00,29.29,29.29,29.29,29.29,1
2025-12-26 09:56:00,29.28,29.28,29.26,29.26,5
2025-12-26 09:57:00,29.25,29.315,29.25,29.28,11
2025-12-26 09:58:00,29.31,29.33,29.31,29.33,3
2025-12-26 09:59:00,29.24,29.24,29.22,29.23,6
2025-12-26 10:00:00,29.22,29.22,29.195,29.2,33
2025-12-26 10:01:00,29.195,29.195,29.195,29.195,5
2025-12-26 10:02:00,29.19,29.23,29.18,29.18,6
2025-12-26 10:03:00,29.18,29.18,29.18,29.18,0
2025-12-26 10:04:00,29.22,29.25,29.22,29.25,5
2025-12-26 10:05:00,29.1803,29.1803,29.1803,29.1803,1
2025-12-26 10:06:00,29.27,29.27,29.27,29.27,3
2025-12-26 10:07:00,29.26,29.26,29.26,29.26,1
2025-12-26 10:08:00,29.21,29.21,29.19,29.19,33
2025-12-26 10:09:00,29.2,29.2,29.195,29.195,2
2025-12-26 10:10:00,29.195,29.23,29.19,29.21,25
2025-12-26 10:11:00,29.22,29.25,29.21,29.24,13
2025-12-26 10:12:00,29.27,29.31,29.27,29.31,25
2025-12-26 10:13:00,29.32,29.32,29.32,29.32,2
2025-12-26 10:14:00,29.34,29.3499,29.29,29.31,11
2025-12-26 10:15:00,29.3,29.3,29.15,29.2123,49
2025-12-26 10:16:00,29.175,29.175,29.16,29.16,18
2025-12-26 10:17:00,29.2,29.21,29.2,29.21,3
2025-12-26 10:18:00,29.2,29.24,29.2,29.24,3
2025-12-26 10:19:00,29.25,29.25,29.24,29.25,9
2025-12-26 10:20:00,29.22,29.24,29.14,29.14,48
2025-12-26 10:21:00,29.12,29.12,29.11,29.11,8
2025-12-26 10:22:00,29.08,29.11,29.03,29.11,10
2025-12-26 10:23:00,29.11,29.15,29.11,29.15,4
2025-12-26 10:24:00,29.16,29.16,29.08,29.11,10
2025-12-26 10:25:00,29.09,29.09,29.08,29.08,7
2025-12-26 10:26:00,29.07,29.07,29.07,29.07,2
2025-12-26 10:27:00,29.11,29.12,29.11,29.12,3
2025-12-26 10:28:00,29.13,29.17,29.13,29.17,4
2025-12-26 10:29:00,29.13,29.13,29.13,29.13,1
2025-12-26 10:30:00,29.135,29.135,29.135,29.135,1
2025-12-26 10:31:00,29.135,29.135,29.135,29.135,0
2025-12-26 10:32:00,29.17,29.17,29.15,29.15,6
2025-12-26 10:33:00,29.18,29.19,29.18,29.19,6
2025-12-26 10:34:00,29.2,29.2,29.175,29.175,5
2025-12-26 10:35:00,29.15,29.15,29.125,29.125,8
2025-12-26 10:36:00,29.1375,29.1375,29.11,29.11,7
2025-12-26 10:37:00,29.12,29.12,29.12,29.12,3
2025-12-26 10:38:00,29.14,29.14,29.1,29.1,7
2025-12-26 10:39:00,29.1,29.1,29.1,29.1,0
2025-12-26 10:40:00,29.11,29.14,29.11,29.13,10
2025-12-26 10:41:00,29.12,29.12,29.12,29.12,1
2025-12-26 10:42:00,29.14,29.14,29.14,29.14,3
2025-12-26 10:43:00,29.13,29.13,29.11,29.11,6
2025-12-26 10:44:00,29.11,29.14,29.11,29.14,7
2025-12-26 10:45:00,29.112,29.12,29.11,29.12,7
2025-12-26 10:46:00,29.14,29.15,29.14,29.15,5
2025-12-26 10:47:00,29.17,29.18,29.17,29.18,3
2025-12-26 10:48:00,29.155,29.21,29.155,29.21,8
2025-12-26 10:49:00,29.18,29.2,29.18,29.2,5
2025-12-26 10:50:00,29.2,29.2,29.2,29.2,0
2025-12-26 10:51:00,29.18,29.18,29.17,29.17,9
2025-12-26 10:52:00,29.17,29.17,29.17,29.17,0
2025-12-26 10:53:00,29.18,29.18,29.16,29.16,2
2025-12-26 10:54:00,29.18,29.18,29.17,29.17,7
2025-12-26 10:55:00,29.17,29.18,29.17,29.17,3
2025-12-26 10:56:00,29.18,29.19,29.14,29.14,7
2025-12-26 10:57:00,29.13,29.13,29.13,29.13,1
2025-12-26 10:58:00,29.15,29.15,29.15,29.15,1
2025-12-26 10:59:00,29.14,29.14,29.14,29.14,6
2025-12-26 11:00:00,29.18,29.18,29.1758,29.1794,5
2025-12-26 11:01:00,29.1794,29.1794,29.1794,29.1794,0
2025-12-26 11:02:00,29.165,29.17,29.15,29.17,6
2025-12-26 11:03:00,29.19,29.19,29.19,29.19,1
2025-12-26 11:04:00,29.1899,29.2,29.1899,29.2,12
2025-12-26 11:05:00,29.195,29.2,29.195,29.2,2
2025-12-26 11:06:00,29.18,29.18,29.18,29.18,3
2025-12-26 11:07:00,29.18,29.18,29.18,29.18,0
2025-12-26 11:08:00,29.19,29.21,29.17,29.17,7
2025-12-26 11:09:00,29.18,29.2,29.18,29.2,2
2025-12-26 11:10:00,29.2,29.2,29.19,29.19,2
2025-12-26 11:11:00,29.18,29.18,29.17,29.17,3
2025-12-26 11:12:00,29.17,29.17,29.16,29.16,2
2025-12-26 11:13:00,29.16,29.16,29.16,29.16,0
2025-12-26 11:14:00,29.12,29.12,29.11,29.1125,5
2025-12-26 11:15:00,29.11,29.11,29.1,29.1,6
2025-12-26 11:16:00,29.1,29.1,29.1,29.1,0
2025-12-26 11:17:00,29.12,29.14,29.12,29.14,7
2025-12-26 11:18:00,29.14,29.14,29.14,29.14,0
2025-12-26 11:19:00,29.14,29.14,29.14,29.14,0
2025-12-26 11:20:00,29.125,29.125,29.125,29.125,1
2025-12-26 11:21:00,29.14,29.14,29.14,29.14,1
2025-12-26 11:22:00,29.13,29.22,29.13,29.22,14
2025-12-26 11:23:00,29.2,29.24,29.2,29.21,15
2025-12-26 11:24:00,29.205,29.205,29.205,29.205,3
2025-12-26 11:25:00,29.18,29.18,29.18,29.18,2
2025-12-26 11:26:00,29.165,29.2,29.165,29.2,26
2025-12-26 11:27:00,29.21,29.21,29.205,29.205,4
2025-12-26 11:28:00,29.215,29.215,29.215,29.215,5
2025-12-26 11:29:00,29.24,29.28,29.24,29.28,6
2025-12-26 11:30:00,29.28,29.295,29.28,29.295,3
2025-12-26 11:31:00,29.31,29.33,29.31,29.33,5
2025-12-26 11:32:00,29.325,29.325,29.29,29.32,8
2025-12-26 11:33:00,29.32,29.32,29.24,29.24,29
2025-12-26 11:34:00,29.19,29.2,29.18,29.2,17
2025-12-26 11:35:00,29.165,29.165,29.165,29.165,1
2025-12-26 11:36:00,29.21,29.24,29.21,29.24,15
2025-12-26 11:37:00,29.24,29.24,29.22,29.22,6
2025-12-26 11:38:00,29.22,29.22,29.22,29.22,0
2025-12-26 11:39:00,29.2,29.21,29.2,29.21,26
2025-12-26 11:40:00,29.22,29.22,29.22,29.22,2
2025-12-26 11:41:00,29.22,29.22,29.22,29.22,0
2025-12-26 11:42:00,29.21,29.21,29.21,29.21,4
2025-12-26 11:43:00,29.196,29.21,29.196,29.21,7
2025-12-26 11:44:00,29.205,29.205,29.205,29.205,1
2025-12-26 11:45:00,29.205,29.205,29.205,29.205,0
2025-12-26 11:46:00,29.205,29.205,29.205,29.205,0
2025-12-26 11:47:00,29.21,29.22,29.2,29.2,7
2025-12-26 11:48:00,29.2,29.2,29.2,29.2,0
2025-12-26 11:49:00,29.2,29.2,29.19,29.195,8
2025-12-26 11:50:00,29.18,29.18,29.18,29.18,3
2025-12-26 11:51:00,29.18,29.18,29.18,29.18,0
2025-12-26 11:52:00,29.18,29.18,29.18,29.18,0
2025-12-26 11:53:00,29.245,29.245,29.245,29.245,5
2025-12-26 11:54:00,29.2201,29.24,29.21,29.22,26
2025-12-26 11:55:00,29.22,29.22,29.22,29.22,0
2025-12-26 11:56:00,29.22,29.22,29.22,29.22,0
2025-12-26 11:57:00,29.24,29.24,29.24,29.24,1
2025-12-26 11:58:00,29.24,29.24,29.21,29.21,5
2025-12-26 11:59:00,29.21,29.21,29.18,29.18,13
2025-12-26 12:00:00,29.19,29.215,29.19,29.215,13
2025-12-26 12:01:00,29.2,29.205,29.2,29.205,9
2025-12-26 12:02:00,29.21,29.21,29.21,29.21,1
2025-12-26 12:03:00,29.22,29.23,29.22,29.23,3
2025-12-26 12:04:00,29.25,29.25,29.25,29.25,1
2025-12-26 12:05:00,29.24,29.24,29.23,29.23,12
2025-12-26 12:06:00,29.22,29.235,29.22,29.2225,5
2025-12-26 12:07:00,29.24,29.24,29.24,29.24,2
2025-12-26 12:08:00,29.24,29.24,29.22,29.22,18
2025-12-26 12:09:00,29.22,29.22,29.22,29.22,1
2025-12-26 12:10:00,29.22,29.235,29.22,29.235,7
2025-12-26 12:11:00,29.235,29.235,29.235,29.235,0
2025-12-26 12:12:00,29.235,29.235,29.235,29.235,2
2025-12-26 12:13:00,29.22,29.22,29.22,29.22,16
2025-12-26 12:14:00,29.23,29.23,29.23,29.23,2
2025-12-26 12:15:00,29.24,29.275,29.22,29.275,15
2025-12-26 12:16:00,29.26,29.26,29.26,29.26,4
2025-12-26 12:17:00,29.27,29.28,29.25,29.25,7
2025-12-26 12:18:00,29.24,29.25,29.23,29.25,7
2025-12-26 12:19:00,29.265,29.265,29.24,29.24,5
2025-12-26 12:20:00,29.23,29.23,29.225,29.225,2
2025-12-26 12:21:00,29.225,29.225,29.225,29.225,0
2025-12-26 12:22:00,29.22,29.22,29.2,29.2,7
2025-12-26 12:23:00,29.19,29.205,29.185,29.2,21
2025-12-26 12:24:00,29.18,29.18,29.17,29.17,12
2025-12-26 12:25:00,29.1398,29.1398,29.1398,29.1398,1
2025-12-26 12:26:00,29.15,29.17,29.15,29.16,7
2025-12-26 12:27:00,29.18,29.18,29.17,29.175,8
2025-12-26 12:28:00,29.2,29.21,29.2,29.21,5
2025-12-26 12:29:00,29.21,29.21,29.21,29.21,0
2025-12-26 12:30:00,29.21,29.21,29.21,29.21,0
2025-12-26 12:31:00,29.21,29.21,29.21,29.21,0
2025-12-26 12:32:00,29.19,29.19,29.15,29.15,5
2025-12-26 12:33:00,29.15,29.15,29.15,29.15,0
2025-12-26 12:34:00,29.16,29.165,29.15,29.165,4
2025-12-26 12:35:00,29.165,29.165,29.14,29.14,9
2025-12-26 12:36:00,29.14,29.14,29.14,29.14,0
2025-12-26 12:37:00,29.14,29.14,29.14,29.14,0
2025-12-26 12:38:00,29.18,29.18,29.16,29.16,4
2025-12-26 12:39:00,29.16,29.16,29.16,29.16,0
2025-12-26 12:40:00,29.15,29.16,29.15,29.16,2
2025-12-26 12:41:00,29.16,29.16,29.16,29.16,0
2025-12-26 12:42:00,29.165,29.165,29.165,29.165,3
2025-12-26 12:43:00,29.18,29.18,29.15,29.15,6
2025-12-26 12:44:00,29.15,29.15,29.15,29.15,0
2025-12-26 12:45:00,29.14,29.14,29.14,29.14,1
2025-12-26 12:46:00,29.16,29.16,29.16,29.16,2
2025-12-26 12:47:00,29.16,29.16,29.16,29.16,0
2025-12-26 12:48:00,29.16,29.17,29.16,29.17,6
2025-12-26 12:49:00,29.18,29.18,29.175,29.175,5
2025-12-26 12:50:00,29.18,29.19,29.17,29.19,17
2025-12-26 12:51:00,29.19,29.19,29.19,29.19,0
2025-12-26 12:52:00,29.19,29.19,29.19,29.19,0
2025-12-26 12:53:00,29.18,29.18,29.17,29.17,4
2025-12-26 12:54:00,29.18,29.19,29.18,29.19,5
2025-12-26 12:55:00,29.19,29.19,29.19,29.19,0
2025-12-26 12:56:00,29.19,29.19,29.16,29.16,22
2025-12-26 12:57:00,29.16,29.16,29.16,29.16,0
2025-12-26 12:58:00,29.16,29.16,29.16,29.16,0
2025-12-26 12:59:00,29.16,29.16,29.16,29.16,0
2025-12-26 13:00:00,29.16,29.16,29.16,29.16,0
2025-12-26 13:01:00,29.14,29.15,29.14,29.14,8
2025-12-26 13:02:00,29.12,29.12,29.11,29.12,21
2025-12-26 13:03:00,29.12,29.12,29.12,29.12,0
2025-12-26 13:04:00,29.12,29.12,29.12,29.12,0
2025-12-26 13:05:00,29.12,29.15,29.12,29.15,5
2025-12-26 13:06:00,29.12,29.12,29.12,29.12,2
2025-12-26 13:07:00,29.12,29.12,29.12,29.12,3
2025-12-26 13:08:00,29.12,29.12,29.12,29.12,0
2025-12-26 13:09:00,29.12,29.13,29.12,29.13,4
2025-12-26 13:10:00,29.13,29.13,29.13,29.13,0
2025-12-26 13:11:00,29.13,29.13,29.13,29.13,0
2025-12-26 13:12:00,29.14,29.14,29.14,29.14,5
2025-12-26 13:13:00,29.15,29.165,29.15,29.155,4
2025-12-26 13:14:00,29.155,29.155,29.155,29.155,0
2025-12-26 13:15:00,29.16,29.165,29.16,29.165,20
2025-12-26 13:16:00,29.15,29.16,29.15,29.16,13
2025-12-26 13:17:00,29.16,29.16,29.16,29.16,0
2025-12-26 13:18:00,29.14,29.15,29.14,29.15,5
2025-12-26 13:19:00,29.16,29.16,29.16,29.16,1
2025-12-26 13:20:00,29.17,29.18,29.125,29.125,9
2025-12-26 13:21:00,29.125,29.125,29.125,29.125,2
2025-12-26 13:22:00,29.12,29.12,29.12,29.12,1
2025-12-26 13:23:00,29.1,29.1,29.08,29.08,18
2025-12-26 13:24:00,29.08,29.08,29.08,29.08,0
2025-12-26 13:25:00,29.0425,29.0425,29.0425,29.0425,3
2025-12-26 13:26:00,29.0425,29.0425,29.0425,29.0425,0
2025-12-26 13:27:00,29.09,29.1,29.09,29.1,5
2025-12-26 13:28:00,29.075,29.09,29.075,29.08,5
2025-12-26 13:29:00,29.08,29.08,29.08,29.08,2
2025-12-26 13:30:00,29.08,29.08,29.08,29.08,0
2025-12-26 13:31:00,29.1,29.11,29.1,29.105,4
2025-12-26 13:32:00,29.09,29.093,29.09,29.093,2
2025-12-26 13:33:00,29.105,29.12,29.105,29.12,2
2025-12-26 13:34:00,29.11,29.11,29.11,29.11,1
2025-12-26 13:35:00,29.12,29.145,29.1,29.145,6
2025-12-26 13:36:00,29.12,29.15,29.12,29.13,24
2025-12-26 13:37:00,29.13,29.13,29.13,29.13,0
2025-12-26 13:38:00,29.17,29.17,29.14,29.14,3
2025-12-26 13:39:00,29.14,29.14,29.14,29.14,0
2025-12-26 13:40:00,29.14,29.14,29.14,29.14,0
2025-12-26 13:41:00,29.14,29.14,29.14,29.14,0
2025-12-26 13:42:00,29.16,29.16,29.15,29.15,36
2025-12-26 13:43:00,29.155,29.155,29.155,29.155,2
2025-12-26 13:44:00,29.155,29.155,29.155,29.155,0
2025-12-26 13:45:00,29.155,29.155,29.155,29.155,0
2025-12-26 13:46:00,29.155,29.17,29.155,29.155,4
2025-12-26 13:47:00,29.155,29.155,29.155,29.155,1
2025-12-26 13:48:00,29.17,29.21,29.17,29.21,24
2025-12-26 13:49:00,29.21,29.235,29.21,29.235,11
2025-12-26 13:50:00,29.212,29.22,29.21,29.21,21
2025-12-26 13:51:00,29.21,29.21,29.165,29.165,15
2025-12-26 13:52:00,29.165,29.165,29.165,29.165,0
2025-12-26 13:53:00,29.1764,29.19,29.1764,29.18,4
2025-12-26 13:54:00,29.1755,29.1755,29.1755,29.1755,4
2025-12-26 13:55:00,29.17,29.18,29.16,29.18,10
2025-12-26 13:56:00,29.185,29.185,29.16,29.16,6
2025-12-26 13:57:00,29.16,29.16,29.11,29.11,16
2025-12-26 13:58:00,29.11,29.11,29.11,29.11,0
2025-12-26 13:59:00,29.11,29.11,29.11,29.11,0
2025-12-26 14:00:00,29.11,29.11,29.11,29.11,0
2025-12-26 14:01:00,29.08,29.08,29.06,29.08,21
2025-12-26 14:02:00,29.08,29.08,29.08,29.08,0
2025-12-26 14:03:00,29.03,29.07,29.0,29.07,53
2025-12-26 14:04:00,29.1,29.1,29.1,29.1,8
2025-12-26 14:05:00,29.1,29.1,29.1,29.1,3
2025-12-26 14:06:00,29.1,29.1,29.1,29.1,0
2025-12-26 14:07:00,29.1,29.1,29.1,29.1,0
2025-12-26 14:08:00,29.09,29.11,29.09,29.11,2
2025-12-26 14:09:00,29.11,29.11,29.11,29.11,0
2025-12-26 14:10:00,29.09,29.09,29.09,29.09,1
2025-12-26 14:11:00,29.11,29.11,29.1,29.1,9
2025-12-26 14:12:00,29.08,29.09,29.07,29.07,18
2025-12-26 14:13:00,29.07,29.07,29.07,29.07,0
2025-12-26 14:14:00,29.05,29.05,29.03,29.03,9
2025-12-26 14:15:00,29.045,29.06,29.045,29.06,4
2025-12-26 14:16:00,29.07,29.08,29.07,29.07,3
2025-12-26 14:17:00,29.075,29.075,29.0652,29.0652,2
2025-12-26 14:18:00,29.07,29.07,29.07,29.07,2
2025-12-26 14:19:00,29.08,29.08,29.08,29.08,2
2025-12-26 14:20:00,29.09,29.09,29.07,29.07,8
2025-12-26 14:21:00,29.06,29.06,29.05,29.0568,27
2025-12-26 14:22:00,29.0568,29.0568,29.0568,29.0568,0
2025-12-26 14:23:00,29.05,29.06,29.05,29.06,4
2025-12-26 14:24:00,29.05,29.05,29.0415,29.0415,5
2025-12-26 14:25:00,29.0415,29.0415,29.0415,29.0415,0
2025-12-26 14:26:00,29.052,29.052,29.04,29.05,15
2025-12-26 14:27:00,29.04,29.04,29.03,29.03,9
2025-12-26 14:28:00,29.03,29.03,29.03,29.03,1
2025-12-26 14:29:00,29.02,29.02,29.02,29.02,1
2025-12-26 14:30:00,29.02,29.02,29.02,29.02,0
2025-12-26 14:31:00,29.01,29.01,29.01,29.01,3
2025-12-26 14:32:00,29.01,29.01,29.01,29.01,4
2025-12-26 14:33:00,29.0,29.0,29.0,29.0,5
2025-12-26 14:34:00,29.02,29.02,29.001,29.001,9
2025-12-26 14:35:00,29.0,29.01,29.0,29.0,5
2025-12-26 14:36:00,29.0,29.008,29.0,29.008,3
2025-12-26 14:37:00,29.02,29.02,29.02,29.02,1
2025-12-26 14:38:00,29.0299,29.0299,29.015,29.02,11
2025-12-26 14:39:00,29.0,29.015,29.0,29.015,3
2025-12-26 14:40:00,29.015,29.015,29.015,29.015,0
2025-12-26 14:41:00,29.0,29.0,29.0,29.0,4
2025-12-26 14:42:00,29.0,29.03,29.0,29.03,4
2025-12-26 14:43:00,29.0,29.0,28.965,28.975,15
2025-12-26 14:44:00,28.975,29.01,28.975,29.01,14
2025-12-26 14:45:00,29.01,29.01,29.01,29.01,0
2025-12-26 14:46:00,28.995,28.995,28.97,28.98,5
2025-12-26 14:47:00,28.98,28.98,28.98,28.98,0
2025-12-26 14:48:00,29.0,29.0,29.0,29.0,1
2025-12-26 14:49:00,29.01,29.03,29.0,29.0,13
2025-12-26 14:50:00,28.99,28.99,28.99,28.99,1
2025-12-26 14:51:00,29.01,29.01,28.98,28.98,8
2025-12-26 14:52:00,28.98,28.98,28.98,28.98,0
2025-12-26 14:53:00,28.99,28.99,28.99,28.99,3
2025-12-26 14:54:00,28.975,28.985,28.97,28.985,7
2025-12-26 14:55:00,29.0,29.0,29.0,29.0,1
2025-12-26 14:56:00,29.0065,29.0065,28.99,28.99,24
2025-12-26 14:57:00,29.0,29.0,28.99,29.0,3
2025-12-26 14:58:00,28.98,28.98,28.98,28.98,5
2025-12-26 14:59:00,28.98,28.98,28.96,28.96,11
2025-12-26 15:00:00,28.95,28.96,28.92,28.96,13
2025-12-26 15:01:00,28.94,28.94,28.9239,28.9239,8
2025-12-26 15:02:00,28.94,28.94,28.94,28.94,1
2025-12-26 15:03:00,28.935,28.935,28.92,28.92,4
2025-12-26 15:04:00,28.91,28.93,28.905,28.93,11
2025-12-26 15:05:00,28.92,28.92,28.92,28.92,2
2025-12-26 15:06:00,28.92,28.92,28.92,28.92,0
2025-12-26 15:07:00,28.94,28.95,28.94,28.95,14
2025-12-26 15:08:00,28.9215,29.01,28.915,29.01,55
2025-12-26 15:09:00,28.98,28.98,28.96,28.97,8
2025-12-26 15:10:00,28.98,28.99,28.98,28.99,4
2025-12-26 15:11:00,29.01,29.01,29.01,29.01,1
2025-12-26 15:12:00,29.0,29.0,28.9508,28.9508,23
2025-12-26 15:13:00,28.95,28.95,28.935,28.935,14
2025-12-26 15:14:00,28.95,28.96,28.94,28.96,6
2025-12-26 15:15:00,28.9401,28.98,28.9401,28.97,8
2025-12-26 15:16:00,28.95,28.95,28.95,28.95,4
2025-12-26 15:17:00,28.94,28.94,28.94,28.94,3
2025-12-26 15:18:00,28.95,28.975,28.95,28.95,5
2025-12-26 15:19:00,28.99,29.0,28.95,28.95,5
2025-12-26 15:20:00,28.95,28.95,28.92,28.92,3
2025-12-26 15:21:00,28.935,28.935,28.935,28.935,3
2025-12-26 15:22:00,28.93,28.93,28.93,28.93,4
2025-12-26 15:23:00,28.92,28.94,28.92,28.94,7
2025-12-26 15:24:00,28.96,28.9756,28.96,28.975,6
2025-12-26 15:25:00,28.975,28.975,28.96,28.96,19
2025-12-26 15:26:00,28.96,28.99,28.95,28.97,19
2025-12-26 15:27:00,28.96,28.965,28.95,28.965,9
2025-12-26 15:28:00,28.98,28.98,28.98,28.98,1
2025-12-26 15:29:00,28.985,28.985,28.985,28.985,6
2025-12-26 15:30:00,29.0,29.0,29.0,29.0,3
2025-12-26 15:31:00,28.982,29.02,28.97,28.97,7
2025-12-26 15:32:00,28.96,28.99,28.95,28.98,38
2025-12-26 15:33:00,29.0,29.0,28.9996,28.9996,4
2025-12-26 15:34:00,29.02,29.02,29.02,29.02,1
2025-12-26 15:35:00,29.015,29.015,29.015,29.015,3
2025-12-26 15:36:00,29.03,29.03,29.015,29.015,3
2025-12-26 15:37:00,29.015,29.03,28.9993,29.03,37
2025-12-26 15:38:00,29.03,29.03,29.03,29.03,0
2025-12-26 15:39:00,29.015,29.04,29.015,29.02,13
2025-12-26 15:40:00,29.03,29.05,29.03,29.04,11
2025-12-26 15:41:00,29.02,29.03,29.02,29.03,12
2025-12-26 15:42:00,29.01,29.01,29.01,29.01,10
2025-12-26 15:43:00,29.01,29.06,29.01,29.035,115
2025-12-26 15:44:00,29.035,29.035,28.965,28.98,15
2025-12-26 15:45:00,28.965,28.965,28.96,28.96,8
2025-12-26 15:46:00,28.98,29.005,28.98,29.005,4
2025-12-26 15:47:00,29.015,29.015,29.015,29.015,5
2025-12-26 15:48:00,28.99,29.03,28.97,29.03,96
2025-12-26 15:49:00,29.03,29.03,29.03,29.03,1
2025-12-26 15:50:00,29.05,29.09,29.025,29.0275,44
2025-12-26 15:51:00,29.02,29.02,29.01,29.02,7
2025-12-26 15:52:00,29.02,29.03,28.93,28.93,36
2025-12-26 15:53:00,28.955,28.97,28.94,28.97,12
2025-12-26 15:54:00,28.97,28.98,28.95,28.955,38
2025-12-26 15:55:00,28.94,28.94,28.845,28.91,49
2025-12-26 15:56:00,28.91,28.91,28.88,28.88,35
2025-12-26 15:57:00,28.9,28.94,28.87,28.93,117
2025-12-26 15:58:00,28.94,28.955,28.94,28.94,96
2025-12-26 15:59:00,28.945,28.98,28.94,28.961,291
2025-12-29 09:30:00,28.95,28.99,28.8095,28.87,69
2025-12-29 09:31:00,28.955,28.97,28.955,28.97,2
2025-12-29 09:32:00,28.88,28.88,28.87,28.87,12
2025-12-29 09:33:00,28.87,28.87,28.87,28.87,0
2025-12-29 09:34:00,29.0378,29.0378,28.99,28.99,2
2025-12-29 09:35:00,28.99,28.99,28.99,28.99,0
2025-12-29 09:36:00,28.99,28.99,28.99,28.99,0
2025-12-29 09:37:00,28.99,28.99,28.99,28.99,0
2025-12-29 09:38:00,28.99,28.99,28.99,28.99,0
2025-12-29 09:39:00,29.01,29.01,28.97,28.97,3
2025-12-29 09:40:00,29.09,29.09,28.95,28.95,11
2025-12-29 09:41:00,28.93,28.93,28.93,28.93,1
2025-12-29 09:42:00,28.93,28.93,28.93,28.93,0
2025-12-29 09:43:00,28.93,28.93,28.93,28.93,0
2025-12-29 09:44:00,28.865,28.865,28.865,28.865,9
2025-12-29 09:45:00,28.865,28.865,28.865,28.865,0
2025-12-29 09:46:00,28.865,28.865,28.865,28.865,0
2025-12-29 09:47:00,28.98,28.98,28.915,28.915,2
2025-12-29 09:48:00,28.85,28.87,28.76,28.86,31
2025-12-29 09:49:00,28.8,28.8504,28.8,28.8504,8
2025-12-29 09:50:00,28.84,28.84,28.84,28.84,4
2025-12-29 09:51:00,28.84,28.84,28.84,28.84,0
2025-12-29 09:52:00,28.87,28.88,28.84,28.845,27
2025-12-29 09:53:00,28.85,28.85,28.85,28.85,4
2025-12-29 09:54:00,28.85,28.85,28.85,28.85,0
2025-12-29 09:55:00,28.8,28.8,28.8,28.8,3
2025-12-29 09:56:00,28.81,28.81,28.77,28.8,10
2025-12-29 09:57:00,28.8,28.83,28.8,28.8045,17
2025-12-29 09:58:00,28.81,28.81,28.76,28.76,3
2025-12-29 09:59:00,28.76,28.79,28.76,28.78,10
2025-12-29 10:00:00,28.75,28.75,28.725,28.725,12
2025-12-29 10:01:00,28.735,28.735,28.6,28.6,34
2025-12-29 10:02:00,28.63,28.63,28.6,28.6,13
2025-12-29 10:03:00,28.605,28.675,28.6,28.645,120
2025-12-29 10:04:00,28.645,28.645,28.645,28.645,0
2025-12-29 10:05:00,28.6101,28.66,28.585,28.6,55
2025-12-29 10:06:00,28.58,28.6,28.57,28.6,8
2025-12-29 10:07:00,28.58,28.62,28.58,28.62,11
2025-12-29 10:08:00,28.63,28.65,28.6,28.63,25
2025-12-29 10:09:00,28.64,28.6715,28.64,28.6715,3
2025-12-29 10:10:00,28.63,28.65,28.56,28.56,35
2025-12-29 10:11:00,28.54,28.55,28.53,28.545,10
2025-12-29 10:12:00,28.51,28.54,28.51,28.54,6
2025-12-29 10:13:00,28.51,28.51,28.51,28.51,1
2025-12-29 10:14:00,28.53,28.6,28.53,28.6,9
2025-12-29 10:15:00,28.67,28.67,28.67,28.67,1
2025-12-29 10:16:00,28.67,28.67,28.67,28.67,0
2025-12-29 10:17:00,28.63,28.66,28.63,28.66,9
2025-12-29 10:18:00,28.715,28.715,28.715,28.715,1
2025-12-29 10:19:00,28.67,28.705,28.67,28.69,8
2025-12-29 10:20:00,28.72,28.735,28.69,28.7,15
2025-12-29 10:21:00,28.7,28.7,28.7,28.7,0
2025-12-29 10:22:00,28.69,28.69,28.68,28.68,4
2025-12-29 10:23:00,28.63,28.635,28.61,28.615,8
2025-12-29 10:24:00,28.61,28.61,28.59,28.59,6
2025-12-29 10:25:00,28.6,28.61,28.59,28.59,8
2025-12-29 10:26:00,28.6,28.61,28.56,28.61,8
2025-12-29 10:27:00,28.61,28.62,28.61,28.61,5
2025-12-29 10:28:00,28.61,28.61,28.61,28.61,1
2025-12-29 10:29:00,28.58,28.58,28.57,28.57,3
2025-12-29 10:30:00,28.58,28.66,28.57,28.65,20
2025-12-29 10:31:00,28.65,28.65,28.58,28.58,26
2025-12-29 10:32:00,28.58,28.58,28.58,28.58,0
2025-12-29 10:33:00,28.615,28.62,28.59,28.59,7
2025-12-29 10:34:00,28.62,28.62,28.62,28.62,1
2025-12-29 10:35:00,28.62,28.62,28.62,28.62,0
2025-12-29 10:36:00,28.62,28.64,28.565,28.605,27
2025-12-29 10:37:00,28.57,28.595,28.52,28.54,56
2025-12-29 10:38:00,28.53,28.53,28.45,28.52,28
2025-12-29 10:39:00,28.49,28.49,28.44,28.47,9
2025-12-29 10:40:00,28.53,28.56,28.53,28.54,5
2025-12-29 10:41:00,28.57,28.57,28.54,28.57,3
2025-12-29 10:42:00,28.57,28.57,28.54,28.57,5
2025-12-29 10:43:00,28.57,28.58,28.565,28.565,3
2025-12-29 10:44:00,28.595,28.63,28.595,28.62,7
2025-12-29 10:45:00,28.61,28.625,28.61,28.625,7
2025-12-29 10:46:00,28.625,28.64,28.6,28.64,21
2025-12-29 10:47:00,28.64,28.65,28.56,28.57,80
2025-12-29 10:48:00,28.57,28.57,28.57,28.57,3
2025-12-29 10:49:00,28.57,28.6,28.57,28.6,10
2025-12-29 10:50:00,28.55,28.59,28.55,28.59,2
2025-12-29 10:51:00,28.59,28.59,28.56,28.59,4
2025-12-29 10:52:00,28.59,28.59,28.59,28.59,0
2025-12-29 10:53:00,28.61,28.61,28.59,28.59,4
2025-12-29 10:54:00,28.59,28.59,28.59,28.59,0
2025-12-29 10:55:00,28.59,28.59,28.59,28.59,0
2025-12-29 10:56:00,28.5761,28.5761,28.55,28.55,13
2025-12-29 10:57:00,28.55,28.57,28.55,28.57,5
2025-12-29 10:58:00,28.5633,28.575,28.55,28.56,75
2025-12-29 10:59:00,28.555,28.555,28.555,28.555,2
2025-12-29 11:00:00,28.57,28.58,28.555,28.56,14
2025-12-29 11:01:00,28.56,28.58,28.56,28.58,11
2025-12-29 11:02:00,28.58,28.59,28.58,28.58,6
2025-12-29 11:03:00,28.5601,28.6,28.5601,28.585,9
2025-12-29 11:04:00,28.6,28.6,28.5832,28.6,19
2025-12-29 11:05:00,28.6,28.63,28.6,28.6,7
2025-12-29 11:06:00,28.645,28.645,28.645,28.645,2
2025-12-29 11:07:00,28.645,28.645,28.63,28.63,7
2025-12-29 11:08:00,28.6315,28.64,28.63,28.64,12
2025-12-29 11:09:00,28.63,28.645,28.6,28.6,46
2025-12-29 11:10:00,28.59,28.6,28.58,28.59,16
2025-12-29 11:11:00,28.59,28.59,28.54,28.555,26
2025-12-29 11:12:00,28.555,28.555,28.555,28.555,1
2025-12-29 11:13:00,28.57,28.57,28.53,28.53,28
2025-12-29 11:14:00,28.545,28.545,28.545,28.545,5
2025-12-29 11:15:00,28.53,28.53,28.53,28.53,8
2025-12-29 11:16:00,28.51,28.53,28.51,28.53,4
2025-12-29 11:17:00,28.51,28.52,28.5,28.5,19
2025-12-29 11:18:00,28.505,28.56,28.505,28.56,14
2025-12-29 11:19:00,28.55,28.55,28.55,28.55,4
2025-12-29 11:20:00,28.55,28.57,28.55,28.57,2
2025-12-29 11:21:00,28.55,28.555,28.55,28.555,3
2025-12-29 11:22:00,28.57,28.6,28.57,28.575,21
2025-12-29 11:23:00,28.56,28.6,28.545,28.6,24
2025-12-29 11:24:00,28.58,28.58,28.58,28.58,8
2025-12-29 11:25:00,28.56,28.565,28.54,28.545,6
2025-12-29 11:26:00,28.53,28.545,28.52,28.52,18
2025-12-29 11:27:00,28.5,28.54,28.5,28.52,9
2025-12-29 11:28:00,28.56,28.56,28.55,28.56,5
2025-12-29 11:29:00,28.56,28.56,28.56,28.56,0
2025-12-29 11:30:00,28.555,28.57,28.555,28.57,7
2025-12-29 11:31:00,28.565,28.565,28.565,28.565,1
2025-12-29 11:32:00,28.565,28.565,28.565,28.565,0
2025-12-29 11:33:00,28.58,28.6,28.58,28.595,16
2025-12-29 11:34:00,28.595,28.595,28.595,28.595,1
2025-12-29 11:35:00,28.58,28.58,28.57,28.57,10
2025-12-29 11:36:00,28.56,28.56,28.55,28.555,10
2025-12-29 11:37:00,28.55,28.55,28.53,28.53,7
2025-12-29 11:38:00,28.53,28.53,28.51,28.51,22
2025-12-29 11:39:00,28.5,28.53,28.5,28.53,7
2025-12-29 11:40:00,28.5,28.5,28.5,28.5,3
2025-12-29 11:41:00,28.5,28.5,28.5,28.5,2
2025-12-29 11:42:00,28.5,28.5,28.5,28.5,0
2025-12-29 11:43:00,28.505,28.505,28.505,28.505,5
2025-12-29 11:44:00,28.505,28.55,28.505,28.55,11
2025-12-29 11:45:00,28.565,28.59,28.565,28.59,6
2025-12-29 11:46:00,28.57,28.57,28.57,28.57,5
2025-12-29 11:47:00,28.57,28.57,28.57,28.57,0
2025-12-29 11:48:00,28.57,28.57,28.43,28.43,65
2025-12-29 11:49:00,28.43,28.43,28.42,28.425,3
2025-12-29 11:50:00,28.43,28.43,28.43,28.43,6
2025-12-29 11:51:00,28.46,28.47,28.4554,28.47,60
2025-12-29 11:52:00,28.47,28.47,28.47,28.47,0
2025-12-29 11:53:00,28.49,28.5,28.49,28.5,3
2025-12-29 11:54:00,28.5,28.5,28.49,28.49,9
2025-12-29 11:55:00,28.49,28.49,28.49,28.49,0
2025-12-29 11:56:00,28.49,28.59,28.49,28.57,16
2025-12-29 11:57:00,28.56,28.56,28.55,28.55,4
2025-12-29 11:58:00,28.55,28.55,28.53,28.548,22
2025-12-29 11:59:00,28.522,28.522,28.522,28.522,1
2025-12-29 12:00:00,28.535,28.55,28.535,28.55,7
2025-12-29 12:01:00,28.545,28.545,28.53,28.53,3
2025-12-29 12:02:00,28.54,28.54,28.52,28.54,18
2025-12-29 12:03:00,28.53,28.53,28.53,28.53,6
2025-12-29 12:04:00,28.53,28.53,28.53,28.53,2
2025-12-29 12:05:00,28.53,28.53,28.53,28.53,0
2025-12-29 12:06:00,28.51,28.53,28.505,28.51,35
2025-12-29 12:07:00,28.5,28.5,28.47,28.47,2
2025-12-29 12:08:00,28.48,28.48,28.48,28.48,1
2025-12-29 12:09:00,28.47,28.475,28.47,28.475,4
2025-12-29 12:10:00,28.475,28.475,28.475,28.475,1
2025-12-29 12:11:00,28.475,28.5,28.475,28.5,7
2025-12-29 12:12:00,28.5,28.5,28.5,28.5,1
2025-12-29 12:13:00,28.49,28.49,28.482,28.482,2
2025-12-29 12:14:00,28.48,28.495,28.48,28.495,6
2025-12-29 12:15:00,28.495,28.495,28.47,28.47,7
2025-12-29 12:16:00,28.47,28.47,28.47,28.47,0
2025-12-29 12:17:00,28.48,28.48,28.47,28.47,5
2025-12-29 12:18:00,28.482,28.482,28.482,28.482,3
2025-12-29 12:19:00,28.47,28.48,28.46,28.46,20
2025-12-29 12:20:00,28.47,28.47,28.46,28.46,17
2025-12-29 12:21:00,28.46,28.49,28.46,28.48,27
2025-12-29 12:22:00,28.48,28.48,28.46,28.48,6
2025-12-29 12:23:00,28.47,28.47,28.47,28.47,3
2025-12-29 12:24:00,28.46,28.47,28.45,28.45,72
2025-12-29 12:25:00,28.45,28.45,28.42,28.43,11
2025-12-29 12:26:00,28.44,28.46,28.44,28.46,6
2025-12-29 12:27:00,28.49,28.49,28.46,28.46,14
2025-12-29 12:28:00,28.465,28.465,28.465,28.465,1
2025-12-29 12:29:00,28.455,28.49,28.455,28.49,11
2025-12-29 12:30:00,28.49,28.51,28.48,28.48,29
2025-12-29 12:31:00,28.51,28.53,28.51,28.53,4
2025-12-29 12:32:00,28.54,28.5424,28.54,28.5424,6
2025-12-29 12:33:00,28.54,28.54,28.54,28.54,1
2025-12-29 12:34:00,28.54,28.54,28.54,28.54,1
2025-12-29 12:35:00,28.522,28.53,28.5,28.5,26
2025-12-29 12:36:00,28.5,28.5,28.5,28.5,0
2025-12-29 12:37:00,28.51,28.53,28.51,28.53,8
2025-12-29 12:38:00,28.525,28.54,28.5225,28.535,16
2025-12-29 12:39:00,28.535,28.535,28.535,28.535,0
2025-12-29 12:40:00,28.53,28.53,28.52,28.526,4
2025-12-29 12:41:00,28.53,28.53,28.53,28.53,1
2025-12-29 12:42:00,28.55,28.55,28.53,28.53,2
2025-12-29 12:43:00,28.51,28.5599,28.51,28.5599,5
2025-12-29 12:44:00,28.5375,28.5375,28.53,28.53,13
2025-12-29 12:45:00,28.54,28.54,28.54,28.54,1
2025-12-29 12:46:00,28.53,28.53,28.53,28.53,1
2025-12-29 12:47:00,28.56,28.56,28.555,28.555,2
2025-12-29 12:48:00,28.555,28.57,28.555,28.57,2
2025-12-29 12:49:00,28.54,28.54,28.54,28.54,3
2025-12-29 12:50:00,28.57,28.58,28.57,28.58,8
2025-12-29 12:51:00,28.58,28.585,28.58,28.585,3
2025-12-29 12:52:00,28.57,28.58,28.57,28.58,5
2025-12-29 12:53:00,28.585,28.61,28.585,28.61,8
2025-12-29 12:54:00,28.61,28.61,28.61,28.61,1
2025-12-29 12:55:00,28.61,28.61,28.61,28.61,0
2025-12-29 12:56:00,28.61,28.61,28.59,28.59,15
2025-12-29 12:57:00,28.58,28.58,28.58,28.58,7
2025-12-29 12:58:00,28.58,28.58,28.58,28.58,0
2025-12-29 12:59:00,28.572,28.575,28.572,28.5725,3
2025-12-29 13:00:00,28.56,28.56,28.56,28.56,1
2025-12-29 13:01:00,28.565,28.565,28.563,28.563,5
2025-12-29 13:02:00,28.57,28.57,28.56,28.56,7
2025-12-29 13:03:00,28.5613,28.57,28.5613,28.57,6
2025-12-29 13:04:00,28.58,28.6,28.58,28.6,6
2025-12-29 13:05:00,28.6,28.6,28.6,28.6,0
2025-12-29 13:06:00,28.6,28.6,28.6,28.6,0
2025-12-29 13:07:00,28.6,28.605,28.6,28.605,4
2025-12-29 13:08:00,28.611,28.62,28.605,28.605,8
2025-12-29 13:09:00,28.605,28.605,28.58,28.58,15
2025-12-29 13:10:00,28.595,28.5973,28.58,28.58,102
2025-12-29 13:11:00,28.6,28.61,28.6,28.61,19
2025-12-29 13:12:00,28.61,28.61,28.61,28.61,0
2025-12-29 13:13:00,28.63,28.64,28.63,28.635,12
2025-12-29 13:14:00,28.635,28.635,28.635,28.635,0
2025-12-29 13:15:00,28.635,28.635,28.635,28.635,0
2025-12-29 13:16:00,28.625,28.64,28.625,28.64,3
2025-12-29 13:17:00,28.64,28.64,28.64,28.64,0
2025-12-29 13:18:00,28.62,28.62,28.62,28.62,10
2025-12-29 13:19:00,28.62,28.64,28.62,28.63,6
2025-12-29 13:20:00,28.6276,28.6276,28.6276,28.6276,1
2025-12-29 13:21:00,28.625,28.625,28.58,28.58,24
2025-12-29 13:22:00,28.585,28.62,28.585,28.61,10
2025-12-29 13:23:00,28.61,28.65,28.61,28.64,13
2025-12-29 13:24:00,28.64,28.64,28.64,28.64,0
2025-12-29 13:25:00,28.64,28.64,28.64,28.64,0
2025-12-29 13:26:00,28.63,28.63,28.615,28.615,7
2025-12-29 13:27:00,28.615,28.615,28.615,28.615,2
2025-12-29 13:28:00,28.63,28.63,28.63,28.63,4
2025-12-29 13:29:00,28.61,28.61,28.61,28.61,2
2025-12-29 13:30:00,28.61,28.61,28.61,28.61,0
2025-12-29 13:31:00,28.61,28.61,28.61,28.61,0
2025-12-29 13:32:00,28.61,28.61,28.61,28.61,0
2025-12-29 13:33:00,28.64,28.65,28.63,28.63,16
2025-12-29 13:34:00,28.64,28.66,28.64,28.66,3
2025-12-29 13:35:00,28.66,28.66,28.66,28.66,1
2025-12-29 13:36:00,28.66,28.66,28.66,28.66,0
2025-12-29 13:37:00,28.655,28.66,28.655,28.66,5
2025-12-29 13:38:00,28.655,28.665,28.655,28.66,15
2025-12-29 13:39:00,28.66,28.66,28.66,28.66,0
2025-12-29 13:40:00,28.66,28.67,28.66,28.67,8
2025-12-29 13:41:00,28.67,28.67,28.6615,28.6615,3
2025-12-29 13:42:00,28.6615,28.6615,28.6615,28.6615,0
2025-12-29 13:43:00,28.6615,28.6615,28.6615,28.6615,0
2025-12-29 13:44:00,28.66,28.66,28.66,28.66,10
2025-12-29 13:45:00,28.66,28.66,28.66,28.66,1
2025-12-29 13:46:00,28.67,28.67,28.665,28.665,21
2025-12-29 13:47:00,28.65,28.65,28.65,28.65,7
2025-12-29 13:48:00,28.65,28.65,28.65,28.65,0
2025-12-29 13:49:00,28.63,28.63,28.63,28.63,3
2025-12-29 13:50:00,28.62,28.62,28.62,28.62,1
2025-12-29 13:51:00,28.62,28.62,28.62,28.62,0
2025-12-29 13:52:00,28.61,28.61,28.61,28.61,4
2025-12-29 13:53:00,28.61,28.61,28.61,28.61,0
2025-12-29 13:54:00,28.62,28.63,28.62,28.63,11
2025-12-29 13:55:00,28.625,28.65,28.625,28.65,6
2025-12-29 13:56:00,28.65,28.65,28.65,28.65,1
2025-12-29 13:57:00,28.65,28.65,28.65,28.65,1
2025-12-29 13:58:00,28.63,28.64,28.63,28.64,7
2025-12-29 13:59:00,28.626,28.635,28.62,28.62,10
2025-12-29 14:00:00,28.63,28.63,28.61,28.63,95
2025-12-29 14:01:00,28.63,28.63,28.63,28.63,2
2025-12-29 14:02:00,28.625,28.625,28.61,28.61,3
2025-12-29 14:03:00,28.61,28.61,28.61,28.61,0
2025-12-29 14:04:00,28.61,28.63,28.605,28.625,10
2025-12-29 14:05:00,28.625,28.625,28.625,28.625,0
2025-12-29 14:06:00,28.63,28.63,28.63,28.63,1
2025-12-29 14:07:00,28.6288,28.6288,28.6288,28.6288,7
2025-12-29 14:08:00,28.63,28.64,28.63,28.64,7
2025-12-29 14:09:00,28.64,28.64,28.64,28.64,0
2025-12-29 14:10:00,28.64,28.64,28.64,28.64,0
2025-12-29 14:11:00,28.64,28.64,28.63,28.64,9
2025-12-29 14:12:00,28.642,28.642,28.642,28.642,3
2025-12-29 14:13:00,28.642,28.642,28.642,28.642,0
2025-12-29 14:14:00,28.642,28.642,28.642,28.642,0
2025-12-29 14:15:00,28.63,28.63,28.63,28.63,7
2025-12-29 14:16:00,28.63,28.63,28.63,28.63,0
2025-12-29 14:17:00,28.63,28.63,28.63,28.63,0
2025-12-29 14:18:00,28.63,28.63,28.63,28.63,3
2025-12-29 14:19:00,28.6201,28.6201,28.6201,28.6201,2
2025-12-29 14:20:00,28.6201,28.6201,28.6201,28.6201,0
2025-12-29 14:21:00,28.625,28.625,28.625,28.625,8
2025-12-29 14:22:00,28.63,28.645,28.63,28.64,13
2025-12-29 14:23:00,28.63,28.63,28.62,28.62,11
2025-12-29 14:24:00,28.61,28.61,28.605,28.605,14
2025-12-29 14:25:00,28.605,28.605,28.605,28.605,1
2025-12-29 14:26:00,28.605,28.605,28.605,28.605,2
2025-12-29 14:27:00,28.6,28.6,28.6,28.6,4
2025-12-29 14:28:00,28.6,28.6,28.6,28.6,0
2025-12-29 14:29:00,28.59,28.59,28.59,28.59,1
2025-12-29 14:30:00,28.59,28.59,28.59,28.59,0
2025-12-29 14:31:00,28.6,28.6,28.6,28.6,9
2025-12-29 14:32:00,28.61,28.64,28.59,28.63,67
2025-12-29 14:33:00,28.63,28.63,28.63,28.63,0
2025-12-29 14:34:00,28.63,28.64,28.63,28.64,7
2025-12-29 14:35:00,28.635,28.635,28.635,28.635,1
2025-12-29 14:36:00,28.62,28.62,28.615,28.615,3
2025-12-29 14:37:00,28.61,28.63,28.61,28.63,31
2025-12-29 14:38:00,28.63,28.63,28.63,28.63,0
2025-12-29 14:39:00,28.63,28.63,28.63,28.63,1
2025-12-29 14:40:00,28.64,28.64,28.64,28.64,4
2025-12-29 14:41:00,28.63,28.63,28.63,28.63,3
2025-12-29 14:42:00,28.635,28.65,28.635,28.645,17
2025-12-29 14:43:00,28.64,28.64,28.635,28.635,8
2025-12-29 14:44:00,28.635,28.635,28.635,28.635,2
2025-12-29 14:45:00,28.63,28.63,28.625,28.625,11
2025-12-29 14:46:00,28.625,28.625,28.625,28.625,1
2025-12-29 14:47:00,28.62,28.62,28.59,28.595,21
2025-12-29 14:48:00,28.595,28.595,28.595,28.595,0
2025-12-29 14:49:00,28.6,28.6,28.6,28.6,1
2025-12-29 14:50:00,28.6,28.6,28.6,28.6,1
2025-12-29 14:51:00,28.6,28.6,28.592,28.592,4
2025-12-29 14:52:00,28.6,28.6,28.6,28.6,1
2025-12-29 14:53:00,28.595,28.595,28.595,28.595,1
2025-12-29 14:54:00,28.595,28.595,28.595,28.595,0
2025-12-29 14:55:00,28.59,28.59,28.59,28.59,6
2025-12-29 14:56:00,28.585,28.585,28.585,28.585,3
2025-12-29 14:57:00,28.58,28.58,28.56,28.57,15
2025-12-29 14:58:00,28.56,28.56,28.56,28.56,4
2025-12-29 14:59:00,28.55,28.55,28.54,28.54,10
2025-12-29 15:00:00,28.53,28.53,28.52,28.52,6
2025-12-29 15:01:00,28.53,28.53,28.53,28.53,3
2025-12-29 15:02:00,28.53,28.53,28.53,28.53,2
2025-12-29 15:03:00,28.53,28.53,28.53,28.53,0
2025-12-29 15:04:00,28.51,28.51,28.47,28.48,36
2025-12-29 15:05:00,28.48,28.49,28.47,28.49,19
2025-12-29 15:06:00,28.485,28.485,28.485,28.485,23
2025-12-29 15:07:00,28.4715,28.48,28.47,28.47,10
2025-12-29 15:08:00,28.46,28.46,28.46,28.46,3
2025-12-29 15:09:00,28.45,28.45,28.435,28.445,16
2025-12-29 15:10:00,28.445,28.46,28.445,28.46,5
2025-12-29 15:11:00,28.45,28.4585,28.44,28.44,19
2025-12-29 15:12:00,28.44,28.44,28.44,28.44,0
2025-12-29 15:13:00,28.43,28.43,28.43,28.43,1
2025-12-29 15:14:00,28.43,28.45,28.43,28.45,9
2025-12-29 15:15:00,28.45,28.46,28.45,28.46,5
2025-12-29 15:16:00,28.46,28.475,28.46,28.465,16
2025-12-29 15:17:00,28.46,28.47,28.46,28.46,13
2025-12-29 15:18:00,28.45,28.45,28.44,28.44,11
2025-12-29 15:19:00,28.44,28.45,28.44,28.45,4
2025-12-29 15:20:00,28.45,28.45,28.45,28.45,0
2025-12-29 15:21:00,28.44,28.44,28.435,28.435,9
2025-12-29 15:22:00,28.43,28.43,28.4,28.4,22
2025-12-29 15:23:00,28.4,28.41,28.4,28.4,11
2025-12-29 15:24:00,28.4,28.4,28.4,28.4,4
2025-12-29 15:25:00,28.39,28.39,28.39,28.39,2
2025-12-29 15:26:00,28.4,28.4299,28.4,28.4299,27
2025-12-29 15:27:00,28.401,28.4026,28.4,28.4,3
2025-12-29 15:28:00,28.4,28.4,28.4,28.4,0
2025-12-29 15:29:00,28.4,28.4,28.37,28.37,14
2025-12-29 15:30:00,28.37,28.37,28.31,28.355,30
2025-12-29 15:31:00,28.36,28.36,28.36,28.36,4
2025-12-29 15:32:00,28.36,28.36,28.35,28.35,18
2025-12-29 15:33:00,28.35,28.37,28.345,28.37,17
2025-12-29 15:34:00,28.36,28.36,28.36,28.36,2
2025-12-29 15:35:00,28.36,28.37,28.36,28.36,27
2025-12-29 15:36:00,28.3588,28.365,28.35,28.365,25
2025-12-29 15:37:00,28.36,28.36,28.36,28.36,1
2025-12-29 15:38:00,28.365,28.365,28.35,28.35,8
2025-12-29 15:39:00,28.35,28.35,28.31,28.33,21
2025-12-29 15:40:00,28.33,28.33,28.325,28.33,8
2025-12-29 15:41:00,28.32,28.33,28.32,28.33,6
2025-12-29 15:42:00,28.33,28.332,28.32,28.32,6
2025-12-29 15:43:00,28.32,28.33,28.32,28.33,8
2025-12-29 15:44:00,28.33,28.35,28.33,28.35,24
2025-12-29 15:45:00,28.3306,28.34,28.3306,28.34,10
2025-12-29 15:46:00,28.34,28.34,28.34,28.34,9
2025-12-29 15:47:00,28.34,28.35,28.33,28.34,36
2025-12-29 15:48:00,28.35,28.35,28.31,28.31,24
2025-12-29 15:49:00,28.3,28.325,28.3,28.325,20
2025-12-29 15:50:00,28.33,28.39,28.33,28.39,84
2025-12-29 15:51:00,28.4,28.4,28.345,28.35,32
2025-12-29 15:52:00,28.37,28.4,28.37,28.38,50
2025-12-29 15:53:00,28.38,28.42,28.38,28.4,19
2025-12-29 15:54:00,28.4,28.42,28.4,28.41,11
2025-12-29 15:55:00,28.44,28.54,28.44,28.52,97
2025-12-29 15:56:00,28.525,28.535,28.48,28.49,38
2025-12-29 15:57:00,28.49,28.525,28.49,28.525,111
2025-12-29 15:58:00,28.523,28.55,28.5,28.53,165
2025-12-29 15:59:00,28.53,28.56,28.52,28.56,395
2025-12-30 09:30:00,28.47,28.48,28.3,28.48,73
2025-12-30 09:31:00,28.34,28.34,28.32,28.34,4
2025-12-30 09:32:00,28.35,28.35,28.35,28.35,4
2025-12-30 09:33:00,28.65,28.65,28.35,28.35,7
2025-12-30 09:34:00,28.48,28.48,28.34,28.35,3
2025-12-30 09:35:00,28.48,28.48,28.48,28.48,1
2025-12-30 09:36:00,28.48,28.48,28.35,28.35,5
2025-12-30 09:37:00,28.36,28.41,28.34,28.34,7
2025-12-30 09:38:00,28.48,28.48,28.35,28.35,8
2025-12-30 09:39:00,28.36,28.48,28.35,28.48,15
2025-12-30 09:40:00,28.36,28.64,28.36,28.53,6
2025-12-30 09:41:00,28.5,28.5,28.5,28.5,2
2025-12-30 09:42:00,28.49,28.5207,28.49,28.495,21
2025-12-30 09:43:00,28.56,28.605,28.495,28.57,32
2025-12-30 09:44:00,28.42,28.49,28.41,28.49,3
2025-12-30 09:45:00,28.49,28.49,28.38,28.38,6
2025-12-30 09:46:00,28.39,28.5,28.37,28.3958,204
2025-12-30 09:47:00,28.37,28.445,28.3573,28.36,15
2025-12-30 09:48:00,28.435,28.435,28.35,28.35,4
2025-12-30 09:49:00,28.35,28.35,28.35,28.35,6
2025-12-30 09:50:00,28.35,28.454,28.35,28.415,5
2025-12-30 09:51:00,28.41,28.41,28.38,28.4025,5
2025-12-30 09:52:00,28.41,28.44,28.39,28.39,49
2025-12-30 09:53:00,28.36,28.36,28.3,28.355,16
2025-12-30 09:54:00,28.3,28.34,28.29,28.3364,8
2025-12-30 09:55:00,28.3364,28.3364,28.3364,28.3364,0
2025-12-30 09:56:00,28.32,28.32,28.32,28.32,4
2025-12-30 09:57:00,28.32,28.32,28.25,28.25,9
2025-12-30 09:58:00,28.25,28.25,28.09,28.23,103
2025-12-30 09:59:00,28.225,28.24,28.22,28.22,10
2025-12-30 10:00:00,28.19,28.195,28.16,28.18,6
2025-12-30 10:01:00,28.17,28.17,28.15,28.15,4
2025-12-30 10:02:00,28.1001,28.22,28.1001,28.16,31
2025-12-30 10:03:00,28.16,28.19,28.14,28.16,8
2025-12-30 10:04:00,28.2,28.24,28.2,28.22,24
2025-12-30 10:05:00,28.22,28.24,28.2,28.24,10
2025-12-30 10:06:00,28.205,28.205,28.205,28.205,1
2025-12-30 10:07:00,28.19,28.19,28.16,28.18,7
2025-12-30 10:08:00,28.22,28.23,28.19,28.19,14
2025-12-30 10:09:00,28.21,28.21,28.21,28.21,1
2025-12-30 10:10:00,28.18,28.25,28.18,28.25,36
2025-12-30 10:11:00,28.25,28.25,28.25,28.25,0
2025-12-30 10:12:00,28.25,28.25,28.25,28.25,0
2025-12-30 10:13:00,28.275,28.275,28.275,28.275,2
2025-12-30 10:14:00,28.275,28.3,28.27,28.3,11
2025-12-30 10:15:00,28.275,28.275,28.275,28.275,3
2025-12-30 10:16:00,28.275,28.275,28.25,28.27,17
2025-12-30 10:17:00,28.29,28.2986,28.27,28.27,73
2025-12-30 10:18:00,28.27,28.27,28.24,28.255,22
2025-12-30 10:19:00,28.255,28.26,28.25,28.25,7
2025-12-30 10:20:00,28.26,28.345,28.26,28.3367,48
2025-12-30 10:21:00,28.345,28.345,28.25,28.27,18
2025-12-30 10:22:00,28.245,28.25,28.23,28.25,14
2025-12-30 10:23:00,28.265,28.265,28.24,28.24,2
2025-12-30 10:24:00,28.3,28.33,28.3,28.31,18
2025-12-30 10:25:00,28.31,28.31,28.27,28.285,7
2025-12-30 10:26:00,28.285,28.285,28.285,28.285,0
2025-12-30 10:27:00,28.27,28.28,28.205,28.205,10
2025-12-30 10:28:00,28.18,28.18,28.1,28.105,13
2025-12-30 10:29:00,28.105,28.105,28.05,28.05,4
2025-12-30 10:30:00,28.05,28.05,28.01,28.02,8
2025-12-30 10:31:00,28.03,28.04,28.0,28.01,12
2025-12-30 10:32:00,28.0,28.015,28.0,28.015,42
2025-12-30 10:33:00,28.04,28.06,28.03,28.04,26
2025-12-30 10:34:00,28.04,28.04,28.02,28.02,6
2025-12-30 10:35:00,28.04,28.04,28.0,28.04,33
2025-12-30 10:36:00,28.05,28.05,28.05,28.05,3
2025-12-30 10:37:00,28.035,28.035,28.0,28.0,41
2025-12-30 10:38:00,28.01,28.01,28.01,28.01,4
2025-12-30 10:39:00,27.99,28.04,27.99,28.03,24
2025-12-30 10:40:00,28.02,28.02,28.0,28.0,5
2025-12-30 10:41:00,28.0,28.04,28.0,28.03,15
2025-12-30 10:42:00,28.04,28.065,28.04,28.06,28
2025-12-30 10:43:00,28.06,28.06,28.04,28.05,8
2025-12-30 10:44:00,28.06,28.06,28.05,28.0568,7
2025-12-30 10:45:00,28.07,28.0823,28.055,28.055,26
2025-12-30 10:46:00,28.05,28.05,28.05,28.05,4
2025-12-30 10:47:00,28.05,28.05,28.04,28.045,12
2025-12-30 10:48:00,28.03,28.03,28.03,28.03,2
2025-12-30 10:49:00,28.04,28.04,28.02,28.02,22
2025-12-30 10:50:00,28.02,28.02,28.01,28.01,4
2025-12-30 10:51:00,28.025,28.08,28.01,28.08,52
2025-12-30 10:52:00,28.06,28.06,28.04,28.04,25
2025-12-30 10:53:00,28.07,28.09,28.07,28.09,4
2025-12-30 10:54:00,28.1,28.17,28.1,28.11,81
2025-12-30 10:55:00,28.1,28.11,28.1,28.11,10
2025-12-30 10:56:00,28.09,28.09,28.06,28.07,23
2025-12-30 10:57:00,28.06,28.06,28.06,28.06,5
2025-12-30 10:58:00,28.065,28.065,28.05,28.05,4
2025-12-30 10:59:00,28.07,28.07,28.06,28.07,13
2025-12-30 11:00:00,28.07,28.07,28.07,28.07,1
2025-12-30 11:01:00,28.06,28.09,28.06,28.09,20
2025-12-30 11:02:00,28.07,28.07,28.07,28.07,3
2025-12-30 11:03:00,28.06,28.06,28.03,28.03,7
2025-12-30 11:04:00,28.04,28.04,28.04,28.04,1
2025-12-30 11:05:00,28.04,28.04,28.02,28.02,7
2025-12-30 11:06:00,28.01,28.015,28.0,28.01,16
2025-12-30 11:07:00,28.0055,28.02,28.0055,28.02,16
2025-12-30 11:08:00,28.02,28.03,28.02,28.03,3
2025-12-30 11:09:00,28.03,28.03,28.01,28.01,7
2025-12-30 11:10:00,28.01,28.01,28.01,28.01,0
2025-12-30 11:11:00,28.0,28.0,27.99,28.0,9
2025-12-30 11:12:00,27.99,28.0,27.95,27.98,63
2025-12-30 11:13:00,27.97,27.97,27.97,27.97,1
2025-12-30 11:14:00,27.975,27.975,27.975,27.975,4
2025-12-30 11:15:00,27.9701,27.9701,27.9701,27.9701,1
2025-12-30 11:16:00,27.975,28.02,27.975,28.02,19
2025-12-30 11:17:00,28.03,28.03,28.03,28.03,2
2025-12-30 11:18:00,28.04,28.055,27.99,28.0,14
2025-12-30 11:19:00,28.0,28.0,28.0,28.0,0
2025-12-30 11:20:00,28.005,28.02,27.991,28.02,9
2025-12-30 11:21:00,28.03,28.03,28.015,28.015,5
2025-12-30 11:22:00,28.0,28.0225,28.0,28.015,6
2025-12-30 11:23:00,28.01,28.015,28.0,28.015,5
2025-12-30 11:24:00,28.0,28.03,28.0,28.015,13
2025-12-30 11:25:00,28.015,28.015,28.015,28.015,0
2025-12-30 11:26:00,27.99,27.99,27.975,27.975,6
2025-12-30 11:27:00,27.96,27.96,27.96,27.96,1
2025-12-30 11:28:00,27.96,27.96,27.91,27.91,15
2025-12-30 11:29:00,27.9,27.94,27.9,27.94,44
2025-12-30 11:30:00,27.95,27.97,27.94,27.94,14
2025-12-30 11:31:00,27.97,27.97,27.97,27.97,1
2025-12-30 11:32:00,27.975,27.975,27.975,27.975,2
2025-12-30 11:33:00,27.97,27.97,27.97,27.97,2
2025-12-30 11:34:00,27.96,27.96,27.92,27.92,11
2025-12-30 11:35:00,27.9,27.9,27.89,27.89,3
2025-12-30 11:36:00,27.9,27.91,27.9,27.91,14
2025-12-30 11:37:00,27.91,27.91,27.91,27.91,28
2025-12-30 11:38:00,27.92,27.94,27.92,27.94,9
2025-12-30 11:39:00,27.925,27.925,27.89,27.89,14
2025-12-30 11:40:00,27.9,27.91,27.9,27.91,3
2025-12-30 11:41:00,27.91,27.93,27.91,27.93,9
2025-12-30 11:42:00,27.93,27.93,27.92,27.92,3
2025-12-30 11:43:00,27.92,27.92,27.92,27.92,0
2025-12-30 11:44:00,27.9101,27.92,27.91,27.91,7
2025-12-30 11:45:00,27.93,27.95,27.93,27.95,8
2025-12-30 11:46:00,27.94,27.94,27.94,27.94,1
2025-12-30 11:47:00,27.95,27.95,27.95,27.95,10
2025-12-30 11:48:00,27.95,27.95,27.95,27.95,0
2025-12-30 11:49:00,27.96,28.0,27.96,28.0,11
2025-12-30 11:50:00,28.0,28.01,28.0,28.0,6
2025-12-30 11:51:00,28.0,28.0,27.99,27.99,26
2025-12-30 11:52:00,27.99,27.99,27.93,27.93,36
2025-12-30 11:53:00,27.92,27.97,27.91,27.96,60
2025-12-30 11:54:00,27.96,27.96,27.915,27.915,32
2025-12-30 11:55:00,27.92,27.92,27.86,27.86,11
2025-12-30 11:56:00,27.91,27.91,27.89,27.91,10
2025-12-30 11:57:00,27.915,27.96,27.915,27.96,19
2025-12-30 11:58:00,27.97,27.98,27.97,27.9782,6
2025-12-30 11:59:00,27.98,27.98,27.98,27.98,8
2025-12-30 12:00:00,27.97,27.97,27.97,27.97,4
2025-12-30 12:01:00,27.97,27.97,27.89,27.89,38
2025-12-30 12:02:00,27.89,27.89,27.87,27.87,7
2025-12-30 12:03:00,27.87,27.88,27.86,27.8601,29
2025-12-30 12:04:00,27.86,27.86,27.86,27.86,3
2025-12-30 12:05:00,27.83,27.9025,27.83,27.9025,52
2025-12-30 12:06:00,27.91,27.93,27.89,27.91,7
2025-12-30 12:07:00,27.906,27.906,27.86,27.895,61
2025-12-30 12:08:00,27.89,27.92,27.89,27.92,7
2025-12-30 12:09:00,27.905,27.93,27.905,27.93,4
2025-12-30 12:10:00,27.93,27.94,27.9,27.91,13
2025-12-30 12:11:00,27.9,27.9,27.89,27.89,19
2025-12-30 12:12:00,27.9,27.9,27.86,27.86,16
2025-12-30 12:13:00,27.85,27.8539,27.84,27.8539,11
2025-12-30 12:14:00,27.84,27.865,27.81,27.823,54
2025-12-30 12:15:00,27.85,27.85,27.85,27.85,3
2025-12-30 12:16:00,27.85,27.9,27.85,27.89,28
2025-12-30 12:17:00,27.9,27.905,27.9,27.9,3
2025-12-30 12:18:00,27.905,27.905,27.905,27.905,3
2025-12-30 12:19:00,27.905,27.905,27.905,27.905,3
2025-12-30 12:20:00,27.905,27.905,27.86,27.875,15
2025-12-30 12:21:00,27.88,27.88,27.85,27.855,10
2025-12-30 12:22:00,27.85,27.855,27.84,27.85,5
2025-12-30 12:23:00,27.84,27.84,27.8,27.8,181
2025-12-30 12:24:00,27.82,27.84,27.82,27.83,8
2025-12-30 12:25:00,27.84,27.84,27.825,27.825,15
2025-12-30 12:26:00,27.8316,27.84,27.8316,27.84,18
2025-12-30 12:27:00,27.84,27.86,27.84,27.85,63
2025-12-30 12:28:00,27.84,27.84,27.83,27.83,11
2025-12-30 12:29:00,27.84,27.84,27.835,27.835,5
2025-12-30 12:30:00,27.835,27.835,27.835,27.835,0
2025-12-30 12:31:00,27.85,27.87,27.85,27.87,14
2025-12-30 12:32:00,27.87,27.87,27.86,27.861,4
2025-12-30 12:33:00,27.86,27.86,27.86,27.86,1
2025-12-30 12:34:00,27.86,27.88,27.85,27.85,57
2025-12-30 12:35:00,27.85,27.85,27.85,27.85,0
2025-12-30 12:36:00,27.8724,27.8724,27.82,27.84,12
2025-12-30 12:37:00,27.84,27.84,27.84,27.84,0
2025-12-30 12:38:00,27.82,27.83,27.82,27.83,7
2025-12-30 12:39:00,27.81,27.82,27.81,27.82,3
2025-12-30 12:40:00,27.8184,27.8184,27.81,27.8101,3
2025-12-30 12:41:00,27.815,27.82,27.8038,27.82,18
2025-12-30 12:42:00,27.81,27.81,27.81,27.81,5
2025-12-30 12:43:00,27.81,27.816,27.8,27.81,14
2025-12-30 12:44:00,27.81,27.81,27.8,27.8,6
2025-12-30 12:45:00,27.81,27.81,27.78,27.78,33
2025-12-30 12:46:00,27.7801,27.782,27.7801,27.782,8
2025-12-30 12:47:00,27.78,27.785,27.76,27.78,11
2025-12-30 12:48:00,27.77,27.81,27.77,27.8,15
2025-12-30 12:49:00,27.8,27.82,27.79,27.82,20
2025-12-30 12:50:00,27.83,27.835,27.83,27.835,9
2025-12-30 12:51:00,27.8369,27.8369,27.828,27.828,26
2025-12-30 12:52:00,27.83,27.83,27.83,27.83,5
2025-12-30 12:53:00,27.82,27.82,27.81,27.82,5
2025-12-30 12:54:00,27.8,27.8,27.8,27.8,4
2025-12-30 12:55:00,27.77,27.7964,27.77,27.78,12
2025-12-30 12:56:00,27.786,27.786,27.77,27.77,4
2025-12-30 12:57:00,27.77,27.7924,27.77,27.77,10
2025-12-30 12:58:00,27.77,27.775,27.76,27.76,11
2025-12-30 12:59:00,27.771,27.775,27.76,27.775,15
2025-12-30 13:00:00,27.7556,27.7556,27.75,27.75,6
2025-12-30 13:01:00,27.765,27.765,27.765,27.765,1
2025-12-30 13:02:00,27.75,27.75,27.75,27.75,4
2025-12-30 13:03:00,27.75,27.778,27.75,27.75,13
2025-12-30 13:04:00,27.765,27.765,27.75,27.75,9
2025-12-30 13:05:00,27.78,27.79,27.77,27.79,20
2025-12-30 13:06:00,27.8,27.81,27.8,27.81,8
2025-12-30 13:07:00,27.81,27.815,27.805,27.815,20
2025-12-30 13:08:00,27.815,27.815,27.81,27.81,9
2025-12-30 13:09:00,27.81,27.81,27.81,27.81,0
2025-12-30 13:10:00,27.8,27.8,27.8,27.8,1
2025-12-30 13:11:00,27.8,27.8,27.78,27.7847,9
2025-12-30 13:12:00,27.76,27.785,27.76,27.77,9
2025-12-30 13:13:00,27.785,27.81,27.785,27.79,26
2025-12-30 13:14:00,27.81,27.8144,27.81,27.81,4
2025-12-30 13:15:00,27.81,27.81,27.79,27.795,5
2025-12-30 13:16:00,27.79,27.79,27.79,27.79,1
2025-12-30 13:17:00,27.78,27.78,27.78,27.78,1
2025-12-30 13:18:00,27.77,27.77,27.755,27.77,10
2025-12-30 13:19:00,27.765,27.77,27.76,27.76,14
2025-12-30 13:20:00,27.76,27.76,27.76,27.76,0
2025-12-30 13:21:00,27.76,27.76,27.75,27.75,8
2025-12-30 13:22:00,27.75,27.75,27.75,27.75,0
2025-12-30 13:23:00,27.75,27.75,27.75,27.75,1
2025-12-30 13:24:00,27.76,27.79,27.76,27.79,32
2025-12-30 13:25:00,27.79,27.79,27.77,27.77,6
2025-12-30 13:26:00,27.77,27.77,27.77,27.77,0
2025-12-30 13:27:00,27.77,27.77,27.77,27.77,0
2025-12-30 13:28:00,27.7801,27.7801,27.77,27.77,6
2025-12-30 13:29:00,27.76,27.7699,27.75,27.7699,8
2025-12-30 13:30:00,27.74,27.745,27.73,27.73,18
2025-12-30 13:31:00,27.75,27.75,27.75,27.75,13
2025-12-30 13:32:00,27.755,27.755,27.755,27.755,1
2025-12-30 13:33:00,27.755,27.755,27.755,27.755,0
2025-12-30 13:34:00,27.76,27.78,27.755,27.78,27
2025-12-30 13:35:00,27.78,27.79,27.78,27.79,3
2025-12-30 13:36:00,27.79,27.79,27.79,27.79,0
2025-12-30 13:37:00,27.77,27.77,27.75,27.7515,7
2025-12-30 13:38:00,27.7797,27.7797,27.7797,27.7797,20
2025-12-30 13:39:00,27.75,27.75,27.74,27.74,16
2025-12-30 13:40:00,27.74,27.7519,27.74,27.7519,5
2025-12-30 13:41:00,27.74,27.74,27.74,27.74,3
2025-12-30 13:42:00,27.72,27.73,27.71,27.7204,33
2025-12-30 13:43:00,27.72,27.72,27.72,27.72,1
2025-12-30 13:44:00,27.74,27.74,27.73,27.73,7
2025-12-30 13:45:00,27.7316,27.75,27.7316,27.75,20
2025-12-30 13:46:00,27.75,27.75,27.75,27.75,0
2025-12-30 13:47:00,27.77,27.77,27.77,27.77,1
2025-12-30 13:48:00,27.77,27.775,27.77,27.775,4
2025-12-30 13:49:00,27.775,27.78,27.76,27.78,15
2025-12-30 13:50:00,27.76,27.76,27.755,27.755,6
2025-12-30 13:51:00,27.755,27.755,27.755,27.755,1
2025-12-30 13:52:00,27.755,27.755,27.755,27.755,0
2025-12-30 13:53:00,27.74,27.7585,27.74,27.7585,2
2025-12-30 13:54:00,27.74,27.74,27.74,27.74,4
2025-12-30 13:55:00,27.72,27.74,27.71,27.74,38
2025-12-30 13:56:00,27.74,27.79,27.73,27.79,76
2025-12-30 13:57:00,27.8,27.8,27.78,27.78,6
2025-12-30 13:58:00,27.78,27.78,27.7625,27.7625,6
2025-12-30 13:59:00,27.77,27.77,27.77,27.77,5
2025-12-30 14:00:00,27.76,27.76,27.76,27.76,2
2025-12-30 14:01:00,27.76,27.7682,27.76,27.7682,6
2025-12-30 14:02:00,27.76,27.8,27.76,27.79,37
2025-12-30 14:03:00,27.78,27.78,27.78,27.78,12
2025-12-30 14:04:00,27.78,27.78,27.78,27.78,4
2025-12-30 14:05:00,27.775,27.78,27.775,27.78,7
2025-12-30 14:06:00,27.79,27.8,27.79,27.8,9
2025-12-30 14:07:00,27.81,27.81,27.81,27.81,2
2025-12-30 14:08:00,27.81,27.81,27.81,27.81,5
2025-12-30 14:09:00,27.81,27.81,27.81,27.81,8
2025-12-30 14:10:00,27.81,27.811,27.795,27.81,15
2025-12-30 14:11:00,27.79,27.79,27.78,27.78,8
2025-12-30 14:12:00,27.77,27.775,27.77,27.775,3
2025-12-30 14:13:00,27.77,27.77,27.77,27.77,4
2025-12-30 14:14:00,27.75,27.77,27.75,27.77,42
2025-12-30 14:15:00,27.76,27.78,27.76,27.78,3
2025-12-30 14:16:00,27.76,27.79,27.76,27.775,4
2025-12-30 14:17:00,27.761,27.78,27.76,27.76,5
2025-12-30 14:18:00,27.75,27.76,27.75,27.76,23
2025-12-30 14:19:00,27.76,27.76,27.76,27.76,0
2025-12-30 14:20:00,27.76,27.76,27.76,27.76,6
2025-12-30 14:21:00,27.76,27.775,27.76,27.775,17
2025-12-30 14:22:00,27.78,27.78,27.78,27.78,1
2025-12-30 14:23:00,27.78,27.78,27.78,27.78,0
2025-12-30 14:24:00,27.77,27.77,27.76,27.77,10
2025-12-30 14:25:00,27.76,27.76,27.75,27.755,10
2025-12-30 14:26:00,27.74,27.755,27.73,27.73,8
2025-12-30 14:27:00,27.73,27.73,27.73,27.73,0
2025-12-30 14:28:00,27.74,27.74,27.74,27.74,1
2025-12-30 14:29:00,27.76,27.76,27.74,27.74,11
2025-12-30 14:30:00,27.74,27.76,27.74,27.75,20
2025-12-30 14:31:00,27.76,27.76,27.76,27.76,1
2025-12-30 14:32:00,27.755,27.755,27.74,27.75,7
2025-12-30 14:33:00,27.75,27.75,27.74,27.75,12
2025-12-30 14:34:00,27.74,27.74,27.74,27.74,1
2025-12-30 14:35:00,27.74,27.74,27.73,27.73,4
2025-12-30 14:36:00,27.74,27.76,27.74,27.75,39
2025-12-30 14:37:00,27.74,27.755,27.74,27.755,31
2025-12-30 14:38:00,27.74,27.76,27.74,27.76,8
2025-12-30 14:39:00,27.75,27.7524,27.75,27.7524,2
2025-12-30 14:40:00,27.74,27.76,27.74,27.76,11
2025-12-30 14:41:00,27.77,27.865,27.755,27.85,69
2025-12-30 14:42:00,27.86,27.92,27.8575,27.9,27
2025-12-30 14:43:00,27.9,27.9,27.845,27.87,17
2025-12-30 14:44:00,27.85,27.85,27.84,27.845,21
2025-12-30 14:45:00,27.845,27.85,27.845,27.85,2
2025-12-30 14:46:00,27.85,27.88,27.85,27.865,5
2025-12-30 14:47:00,27.865,27.865,27.86,27.86,11
2025-12-30 14:48:00,27.86,27.86,27.86,27.86,3
2025-12-30 14:49:00,27.86,27.86,27.85,27.86,10
2025-12-30 14:50:00,27.86,27.86,27.85,27.85,7
2025-12-30 14:51:00,27.86,27.88,27.86,27.88,22
2025-12-30 14:52:00,27.87,27.87,27.87,27.87,34
2025-12-30 14:53:00,27.87,27.87,27.835,27.85,66
2025-12-30 14:54:00,27.865,27.87,27.865,27.87,6
2025-12-30 14:55:00,27.87,27.87,27.87,27.87,3
2025-12-30 14:56:00,27.86,27.87,27.86,27.86,9
2025-12-30 14:57:00,27.87,27.88,27.81,27.81,40
2025-12-30 14:58:00,27.8,27.81,27.8,27.81,8
2025-12-30 14:59:00,27.805,27.82,27.805,27.815,15
2025-12-30 15:00:00,27.82,27.83,27.81,27.83,20
2025-12-30 15:01:00,27.835,27.835,27.835,27.835,4
2025-12-30 15:02:00,27.835,27.835,27.835,27.835,8
2025-12-30 15:03:00,27.83,27.845,27.83,27.84,13
2025-12-30 15:04:00,27.84,27.85,27.84,27.85,8
2025-12-30 15:05:00,27.84,27.85,27.84,27.85,9
2025-12-30 15:06:00,27.85,27.85,27.85,27.85,21
2025-12-30 15:07:00,27.85,27.85,27.815,27.815,17
2025-12-30 15:08:00,27.82,27.82,27.81,27.81,11
2025-12-30 15:09:00,27.8,27.82,27.8,27.82,8
2025-12-30 15:10:00,27.81,27.82,27.8,27.81,14
2025-12-30 15:11:00,27.81,27.81,27.8,27.8,12
2025-12-30 15:12:00,27.8,27.81,27.78,27.81,25
2025-12-30 15:13:00,27.82,27.82,27.82,27.82,5
2025-12-30 15:14:00,27.82,27.84,27.82,27.835,43
2025-12-30 15:15:00,27.83,27.845,27.83,27.845,12
2025-12-30 15:16:00,27.845,27.845,27.84,27.84,12
2025-12-30 15:17:00,27.84,27.84,27.825,27.825,21
2025-12-30 15:18:00,27.825,27.84,27.825,27.835,6
2025-12-30 15:19:00,27.835,27.835,27.815,27.815,10
2025-12-30 15:20:00,27.815,27.82,27.788,27.79,30
2025-12-30 15:21:00,27.79,27.79,27.78,27.79,6
2025-12-30 15:22:00,27.79,27.85,27.79,27.85,131
2025-12-30 15:23:00,27.85,27.85,27.81,27.825,19
2025-12-30 15:24:00,27.825,27.825,27.825,27.825,4
2025-12-30 15:25:00,27.84,27.89,27.84,27.89,32
2025-12-30 15:26:00,27.88,27.88,27.86,27.88,20
2025-12-30 15:27:00,27.88,27.88,27.87,27.87,13
2025-12-30 15:28:00,27.87,27.89,27.87,27.89,11
2025-12-30 15:29:00,27.9,27.9,27.885,27.89,26
2025-12-30 15:30:00,27.89,27.9,27.89,27.895,31
2025-12-30 15:31:00,27.895,27.895,27.895,27.895,9
2025-12-30 15:32:00,27.9,27.92,27.9,27.9,53
2025-12-30 15:33:00,27.9,27.91,27.9,27.91,7
2025-12-30 15:34:00,27.91,27.92,27.91,27.91,13
2025-12-30 15:35:00,27.92,27.935,27.92,27.93,29
2025-12-30 15:36:00,27.93,27.93,27.93,27.93,13
2025-12-30 15:37:00,27.93,27.93,27.88,27.88,71
2025-12-30 15:38:00,27.88,27.885,27.84,27.84,31
2025-12-30 15:39:00,27.85,27.87,27.84,27.87,13
2025-12-30 15:40:00,27.87,27.87,27.87,27.87,26
2025-12-30 15:41:00,27.87,27.88,27.87,27.87,23
2025-12-30 15:42:00,27.89,27.89,27.885,27.885,31
2025-12-30 15:43:00,27.89,27.89,27.88,27.88,19
2025-12-30 15:44:00,27.89,27.89,27.87,27.88,37
2025-12-30 15:45:00,27.875,27.885,27.875,27.885,31
2025-12-30 15:46:00,27.89,27.9,27.89,27.895,14
2025-12-30 15:47:00,27.895,27.9,27.89,27.89,36
2025-12-30 15:48:00,27.895,27.9,27.89,27.89,36
2025-12-30 15:49:00,27.89,27.89,27.865,27.87,28
2025-12-30 15:50:00,27.86,27.87,27.82,27.84,50
2025-12-30 15:51:00,27.83,27.88,27.83,27.88,80
2025-12-30 15:52:00,27.88,27.88,27.87,27.87,67
2025-12-30 15:53:00,27.87,27.91,27.87,27.905,76
2025-12-30 15:54:00,27.905,28.02,27.905,28.02,125
2025-12-30 15:55:00,28.02,28.03,28.0,28.02,144
2025-12-30 15:56:00,28.005,28.02,27.98,28.015,156
2025-12-30 15:57:00,28.02,28.025,28.015,28.02,152
2025-12-30 15:58:00,28.03,28.04,28.015,28.03,270
2025-12-30 15:59:00,28.03,28.1,28.03,28.08,504
2025-12-31 09:30:00,28.08,28.445,28.08,28.445,58
2025-12-31 09:31:00,28.49,28.64,28.47,28.64,29
2025-12-31 09:32:00,28.605,28.7,28.605,28.7,13
2025-12-31 09:33:00,28.65,28.76,28.65,28.695,61
2025-12-31 09:34:00,28.695,28.7799,28.5,28.5,44
2025-12-31 09:35:00,28.435,28.49,28.27,28.39,66
2025-12-31 09:36:00,28.48,28.48,28.48,28.48,1
2025-12-31 09:37:00,28.55,28.68,28.55,28.68,3
2025-12-31 09:38:00,28.51,28.68,28.51,28.625,29
2025-12-31 09:39:00,28.65,28.725,28.65,28.72,4
2025-12-31 09:40:00,28.71,28.71,28.64,28.68,11
2025-12-31 09:41:00,28.7,28.755,28.58,28.59,28
2025-12-31 09:42:00,28.572,28.61,28.572,28.61,2
2025-12-31 09:43:00,28.74,28.74,28.74,28.74,1
2025-12-31 09:44:00,28.74,28.74,28.74,28.74,1
2025-12-31 09:45:00,28.745,28.855,28.745,28.855,53
2025-12-31 09:46:00,28.855,28.9499,28.855,28.855,16
2025-12-31 09:47:00,28.855,28.94,28.855,28.94,4
2025-12-31 09:48:00,28.84,28.84,28.77,28.82,25
2025-12-31 09:49:00,28.8,28.9,28.76,28.875,13
2025-12-31 09:50:00,28.89,28.9372,28.88,28.91,28
2025-12-31 09:51:00,28.91,28.91,28.87,28.9,13
2025-12-31 09:52:00,28.895,29.0,28.85,28.96,40
2025-12-31 09:53:00,28.9502,28.98,28.9502,28.98,7
2025-12-31 09:54:00,28.98,28.98,28.91,28.94,46
2025-12-31 09:55:00,28.94,28.94,28.92,28.94,10
2025-12-31 09:56:00,28.94,28.94,28.88,28.88,23
2025-12-31 09:57:00,28.8702,28.93,28.8702,28.91,40
2025-12-31 09:58:00,28.89,28.91,28.84,28.86,34
2025-12-31 09:59:00,28.854,28.854,28.83,28.835,19
2025-12-31 10:00:00,28.9,28.91,28.851,28.885,44
2025-12-31 10:01:00,28.8725,28.8725,28.8,28.8,24
2025-12-31 10:02:00,28.84,28.84,28.84,28.84,3
2025-12-31 10:03:00,28.84,28.84,28.8,28.82,19
2025-12-31 10:04:00,28.84,28.85,28.82,28.84,15
2025-12-31 10:05:00,28.82,28.9,28.82,28.9,11
2025-12-31 10:06:00,28.87,29.05,28.865,29.05,53
2025-12-31 10:07:00,29.05,29.08,29.01,29.06,167
2025-12-31 10:08:00,29.1,29.12,29.05,29.075,110
2025-12-31 10:09:00,29.09,29.13,29.09,29.1,31
2025-12-31 10:10:00,29.13,29.17,29.09,29.1319,33
2025-12-31 10:11:00,29.16,29.168,29.14,29.16,22
2025-12-31 10:12:00,29.16,29.19,29.09,29.13,51
2025-12-31 10:13:00,29.1,29.1144,29.1,29.105,14
2025-12-31 10:14:00,29.1499,29.15,29.125,29.125,31
2025-12-31 10:15:00,29.14,29.16,29.125,29.16,4
2025-12-31 10:16:00,29.165,29.165,29.15,29.15,15
2025-12-31 10:17:00,29.16,29.16,29.16,29.16,10
2025-12-31 10:18:00,29.1785,29.1785,29.16,29.16,7
2025-12-31 10:19:00,29.16,29.18,29.16,29.1619,15
2025-12-31 10:20:00,29.1799,29.24,29.1799,29.222,31
2025-12-31 10:21:00,29.23,29.31,29.23,29.255,86
2025-12-31 10:22:00,29.255,29.29,29.21,29.25,14
2025-12-31 10:23:00,29.24,29.24,29.205,29.205,27
2025-12-31 10:24:00,29.21,29.21,29.21,29.21,1
2025-12-31 10:25:00,29.22,29.22,29.16,29.16,49
2025-12-31 10:26:00,29.165,29.18,29.15,29.18,10
2025-12-31 10:27:00,29.19,29.205,29.16,29.16,27
2025-12-31 10:28:00,29.18,29.18,29.1301,29.1301,16
2025-12-31 10:29:00,29.14,29.145,29.02,29.05,117
2025-12-31 10:30:00,29.04,29.04,29.035,29.035,14
2025-12-31 10:31:00,29.025,29.025,29.01,29.02,4
2025-12-31 10:32:00,29.02,29.115,29.02,29.09,51
2025-12-31 10:33:00,29.095,29.1,29.08,29.1,12
2025-12-31 10:34:00,29.1152,29.1152,29.0201,29.0201,15
2025-12-31 10:35:00,29.0855,29.1099,29.07,29.09,71
2025-12-31 10:36:00,29.07,29.15,29.06,29.12,129
2025-12-31 10:37:00,29.12,29.12,29.05,29.08,24
2025-12-31 10:38:00,29.08,29.08,29.03,29.04,26
2025-12-31 10:39:00,29.04,29.045,29.035,29.035,3
2025-12-31 10:40:00,29.03,29.04,29.01,29.04,34
2025-12-31 10:41:00,29.05,29.05,29.04,29.05,6
2025-12-31 10:42:00,29.07,29.085,29.07,29.085,4
2025-12-31 10:43:00,29.07,29.07,29.04,29.04,17
2025-12-31 10:44:00,29.035,29.05,29.035,29.05,48
2025-12-31 10:45:00,29.02,29.04,29.02,29.04,6
2025-12-31 10:46:00,29.025,29.11,29.025,29.11,15
2025-12-31 10:47:00,29.12,29.12,29.05,29.05,26
2025-12-31 10:48:00,29.05,29.05,28.99,29.015,19
2025-12-31 10:49:00,29.0399,29.11,29.0399,29.11,7
2025-12-31 10:50:00,29.11,29.13,29.11,29.13,5
2025-12-31 10:51:00,29.13,29.135,29.13,29.135,30
2025-12-31 10:52:00,29.12,29.135,29.11,29.12,17
2025-12-31 10:53:00,29.11,29.11,29.04,29.06,25
2025-12-31 10:54:00,29.06,29.1,29.06,29.07,6
2025-12-31 10:55:00,29.07,29.07,29.03,29.05,15
2025-12-31 10:56:00,29.05,29.055,29.05,29.055,2
2025-12-31 10:57:00,29.05,29.06,29.04,29.047,11
2025-12-31 10:58:00,29.05,29.05,29.02,29.04,13
2025-12-31 10:59:00,29.04,29.04,29.01,29.01,24
2025-12-31 11:00:00,29.025,29.025,29.025,29.025,1
2025-12-31 11:01:00,29.025,29.048,29.025,29.025,10
2025-12-31 11:02:00,29.025,29.05,29.0,29.03,27
2025-12-31 11:03:00,29.03,29.03,29.03,29.03,2
2025-12-31 11:04:00,29.035,29.035,29.01,29.03,7
2025-12-31 11:05:00,29.03,29.03,29.01,29.01,19
2025-12-31 11:06:00,29.008,29.008,29.008,29.008,2
2025-12-31 11:07:00,29.025,29.025,29.0,29.02,15
2025-12-31 11:08:00,29.02,29.02,29.0,29.0,15
2025-12-31 11:09:00,28.99,29.005,28.99,28.99,3
2025-12-31 11:10:00,29.0,29.0,29.0,29.0,11
2025-12-31 11:11:00,29.01,29.01,29.0,29.002,8
2025-12-31 11:12:00,29.005,29.02,29.0,29.0,19
2025-12-31 11:13:00,29.01,29.045,29.01,29.045,10
2025-12-31 11:14:00,29.045,29.045,29.045,29.045,6
2025-12-31 11:15:00,29.045,29.045,29.045,29.045,4
2025-12-31 11:16:00,29.03,29.04,28.99,28.99,29
2025-12-31 11:17:00,29.01,29.01,29.01,29.01,3
2025-12-31 11:18:00,29.02,29.0345,29.02,29.0345,7
2025-12-31 11:19:00,29.03,29.1,29.03,29.08,23
2025-12-31 11:20:00,29.11,29.1199,29.1,29.1,7
2025-12-31 11:21:00,29.1,29.1,29.04,29.055,17
2025-12-31 11:22:00,29.05,29.06,29.05,29.06,2
2025-12-31 11:23:00,29.065,29.095,29.065,29.095,8
2025-12-31 11:24:00,29.08,29.09,29.07,29.085,32
2025-12-31 11:25:00,29.087,29.087,29.087,29.087,1
2025-12-31 11:26:00,29.08,29.085,29.08,29.085,5
2025-12-31 11:27:00,29.085,29.085,29.085,29.085,2
2025-12-31 11:28:00,29.08,29.09,29.08,29.09,4
2025-12-31 11:29:00,29.09,29.185,29.08,29.15,68
2025-12-31 11:30:00,29.14,29.1407,29.13,29.14,7
2025-12-31 11:31:00,29.15,29.18,29.15,29.17,11
2025-12-31 11:32:00,29.17,29.175,29.15,29.165,12
2025-12-31 11:33:00,29.175,29.175,29.1696,29.1725,11
2025-12-31 11:34:00,29.17,29.18,29.17,29.17,14
2025-12-31 11:35:00,29.18,29.18,29.18,29.18,1
2025-12-31 11:36:00,29.19,29.22,29.18,29.185,20
2025-12-31 11:37:00,29.18,29.19,29.18,29.19,11
2025-12-31 11:38:00,29.2,29.2,29.19,29.19,4
2025-12-31 11:39:00,29.19,29.195,29.19,29.19,32
2025-12-31 11:40:00,29.19,29.22,29.19,29.22,10
2025-12-31 11:41:00,29.2151,29.2893,29.2151,29.275,118
2025-12-31 11:42:00,29.275,29.285,29.26,29.28,18
2025-12-31 11:43:00,29.285,29.285,29.27,29.285,31
2025-12-31 11:44:00,29.285,29.285,29.24,29.28,33
2025-12-31 11:45:00,29.28,29.28,29.28,29.28,0
2025-12-31 11:46:00,29.285,29.2861,29.285,29.285,9
2025-12-31 11:47:00,29.29,29.31,29.28,29.31,12
2025-12-31 11:48:00,29.315,29.3397,29.315,29.32,20
2025-12-31 11:49:00,29.32,29.3206,29.32,29.3206,3
2025-12-31 11:50:00,29.345,29.345,29.32,29.32,27
2025-12-31 11:51:00,29.34,29.34,29.3328,29.3328,3
2025-12-31 11:52:00,29.34,29.34,29.3,29.31,19
2025-12-31 11:53:00,29.315,29.315,29.315,29.315,3
2025-12-31 11:54:00,29.3,29.3243,29.3,29.3,49
2025-12-31 11:55:00,29.31,29.32,29.31,29.315,4
2025-12-31 11:56:00,29.3,29.305,29.29,29.29,24
2025-12-31 11:57:00,29.29,29.305,29.29,29.305,18
2025-12-31 11:58:00,29.29,29.32,29.29,29.315,31
2025-12-31 11:59:00,29.32,29.33,29.32,29.33,6
2025-12-31 12:00:00,29.33,29.33,29.31,29.31,15
2025-12-31 12:01:00,29.31,29.315,29.31,29.315,5
2025-12-31 12:02:00,29.33,29.33,29.33,29.33,1
2025-12-31 12:03:00,29.331,29.37,29.331,29.37,6
2025-12-31 12:04:00,29.37,29.425,29.37,29.4,42
2025-12-31 12:05:00,29.4,29.405,29.39,29.39,7
2025-12-31 12:06:00,29.3915,29.3915,29.38,29.387,27
2025-12-31 12:07:00,29.385,29.385,29.36,29.36,13
2025-12-31 12:08:00,29.36,29.4,29.35,29.4,20
2025-12-31 12:09:00,29.41,29.4199,29.4,29.4104,23
2025-12-31 12:10:00,29.42,29.445,29.42,29.44,12
2025-12-31 12:11:00,29.44,29.44,29.43,29.4325,9
2025-12-31 12:12:00,29.44,29.44,29.44,29.44,1
2025-12-31 12:13:00,29.45,29.4627,29.43,29.4525,21
2025-12-31 12:14:00,29.4259,29.47,29.4259,29.46,14
2025-12-31 12:15:00,29.46,29.46,29.46,29.46,1
2025-12-31 12:16:00,29.46,29.46,29.43,29.44,24
2025-12-31 12:17:00,29.46,29.46,29.45,29.45,4
2025-12-31 12:18:00,29.4435,29.47,29.4435,29.47,12
2025-12-31 12:19:00,29.49,29.49,29.489,29.489,13
2025-12-31 12:20:00,29.49,29.5,29.44,29.455,49
2025-12-31 12:21:00,29.45,29.45,29.415,29.43,9
2025-12-31 12:22:00,29.44,29.44,29.44,29.44,1
2025-12-31 12:23:00,29.44,29.44,29.44,29.44,0
2025-12-31 12:24:00,29.44,29.44,29.44,29.44,0
2025-12-31 12:25:00,29.45,29.45,29.45,29.45,1
2025-12-31 12:26:00,29.445,29.47,29.445,29.47,15
2025-12-31 12:27:00,29.48,29.48,29.4365,29.4365,27
2025-12-31 12:28:00,29.45,29.45,29.45,29.45,7
2025-12-31 12:29:00,29.475,29.5,29.475,29.5,10
2025-12-31 12:30:00,29.49,29.515,29.49,29.515,19
2025-12-31 12:31:00,29.52,29.53,29.5,29.5,48
2025-12-31 12:32:00,29.51,29.51,29.49,29.5,16
2025-12-31 12:33:00,29.51,29.51,29.49,29.5,16
2025-12-31 12:34:00,29.52,29.52,29.5,29.5,12
2025-12-31 12:35:00,29.507,29.507,29.507,29.507,1
2025-12-31 12:36:00,29.52,29.53,29.52,29.53,4
2025-12-31 12:37:00,29.525,29.55,29.525,29.55,14
2025-12-31 12:38:00,29.56,29.586,29.55,29.56,24
2025-12-31 12:39:00,29.57,29.5799,29.56,29.57,11
2025-12-31 12:40:00,29.56,29.56,29.53,29.54,21
2025-12-31 12:41:00,29.53,29.53,29.51,29.515,12
2025-12-31 12:42:00,29.515,29.515,29.515,29.515,0
2025-12-31 12:43:00,29.515,29.515,29.515,29.515,0
2025-12-31 12:44:00,29.525,29.525,29.5,29.515,29
2025-12-31 12:45:00,29.51,29.52,29.49,29.515,56
2025-12-31 12:46:00,29.515,29.515,29.515,29.515,3
2025-12-31 12:47:00,29.5,29.51,29.49,29.49,10
2025-12-31 12:48:00,29.51,29.52,29.51,29.5136,10
2025-12-31 12:49:00,29.51,29.53,29.49,29.525,50
2025-12-31 12:50:00,29.53,29.53,29.51,29.51,31
2025-12-31 12:51:00,29.51,29.52,29.51,29.515,13
2025-12-31 12:52:00,29.52,29.52,29.51,29.515,11
2025-12-31 12:53:00,29.515,29.515,29.51,29.51,2
2025-12-31 12:54:00,29.52,29.52,29.5,29.51,35
2025-12-31 12:55:00,29.51,29.51,29.51,29.51,17
2025-12-31 12:56:00,29.51,29.51,29.51,29.51,1
2025-12-31 12:57:00,29.51,29.51,29.51,29.51,9
2025-12-31 12:58:00,29.52,29.52,29.49,29.49,49
2025-12-31 12:59:00,29.5,29.5,29.5,29.5,11
2025-12-31 13:00:00,29.5,29.5,29.49,29.49,17
2025-12-31 13:01:00,29.49,29.495,29.49,29.49,13
2025-12-31 13:02:00,29.49,29.49,29.47,29.49,21
2025-12-31 13:03:00,29.49,29.49,29.48,29.485,9
2025-12-31 13:04:00,29.49,29.49,29.49,29.49,1
2025-12-31 13:05:00,29.5,29.53,29.5,29.525,20
2025-12-31 13:06:00,29.53,29.53,29.5,29.51,23
2025-12-31 13:07:00,29.5,29.51,29.5,29.51,7
2025-12-31 13:08:00,29.51,29.52,29.5001,29.515,11
2025-12-31 13:09:00,29.5,29.515,29.5,29.515,3
2025-12-31 13:10:00,29.5,29.5,29.48,29.485,16
2025-12-31 13:11:00,29.49,29.525,29.49,29.52,26
2025-12-31 13:12:00,29.54,29.54,29.54,29.54,3
2025-12-31 13:13:00,29.54,29.54,29.5303,29.54,17
2025-12-31 13:14:00,29.54,29.54,29.495,29.5,23
2025-12-31 13:15:00,29.505,29.505,29.505,29.505,4
2025-12-31 13:16:00,29.51,29.52,29.46,29.47,69
2025-12-31 13:17:00,29.46,29.47,29.46,29.47,9
2025-12-31 13:18:00,29.47,29.47,29.47,29.47,12
2025-12-31 13:19:00,29.47,29.53,29.47,29.525,59
2025-12-31 13:20:00,29.525,29.525,29.44,29.46,63
2025-12-31 13:21:00,29.48,29.48,29.47,29.48,5
2025-12-31 13:22:00,29.48,29.48,29.48,29.48,2
2025-12-31 13:23:00,29.49,29.49,29.48,29.48,6
2025-12-31 13:24:00,29.48,29.48,29.4,29.455,28
2025-12-31 13:25:00,29.45,29.455,29.44,29.44,17
2025-12-31 13:26:00,29.44,29.445,29.44,29.44,3
2025-12-31 13:27:00,29.45,29.45,29.43,29.44,10
2025-12-31 13:28:00,29.43,29.43,29.33,29.33,42
2025-12-31 13:29:00,29.35,29.355,29.34,29.355,4
2025-12-31 13:30:00,29.34,29.345,29.33,29.34,12
2025-12-31 13:31:00,29.38,29.41,29.38,29.4,39
2025-12-31 13:32:00,29.4,29.4,29.37,29.38,20
2025-12-31 13:33:00,29.36,29.38,29.355,29.375,33
2025-12-31 13:34:00,29.38,29.38,29.38,29.38,4
2025-12-31 13:35:00,29.38,29.38,29.38,29.38,2
2025-12-31 13:36:00,29.4,29.45,29.4,29.445,29
2025-12-31 13:37:00,29.43,29.4346,29.42,29.43,21
2025-12-31 13:38:00,29.42,29.42,29.41,29.41,4
2025-12-31 13:39:00,29.395,29.4,29.39,29.39,5
2025-12-31 13:40:00,29.4,29.4,29.395,29.4,5
2025-12-31 13:41:00,29.4,29.41,29.4,29.41,2
2025-12-31 13:42:00,29.4,29.4,29.38,29.38,17
2025-12-31 13:43:00,29.38,29.38,29.33,29.33,40
2025-12-31 13:44:00,29.35,29.35,29.35,29.35,6
2025-12-31 13:45:00,29.3441,29.355,29.335,29.355,17
2025-12-31 13:46:00,29.355,29.355,29.355,29.355,0
2025-12-31 13:47:00,29.355,29.355,29.355,29.355,0
2025-12-31 13:48:00,29.36,29.37,29.36,29.37,9
2025-12-31 13:49:00,29.38,29.38,29.37,29.37,3
2025-12-31 13:50:00,29.37,29.37,29.37,29.37,1
2025-12-31 13:51:00,29.37,29.38,29.37,29.37,6
2025-12-31 13:52:00,29.37,29.38,29.37,29.37,8
2025-12-31 13:53:00,29.37,29.37,29.37,29.37,0
2025-12-31 13:54:00,29.38,29.42,29.38,29.39,35
2025-12-31 13:55:00,29.4,29.4,29.37,29.4,43
2025-12-31 13:56:00,29.39,29.4,29.375,29.395,11
2025-12-31 13:57:00,29.3925,29.395,29.375,29.38,9
2025-12-31 13:58:00,29.385,29.385,29.37,29.37,7
2025-12-31 13:59:00,29.38,29.385,29.365,29.37,14
2025-12-31 14:00:00,29.37,29.415,29.37,29.415,12
2025-12-31 14:01:00,29.4207,29.43,29.42,29.43,28
2025-12-31 14:02:00,29.43,29.43,29.43,29.43,3
2025-12-31 14:03:00,29.43,29.43,29.39,29.39,30
2025-12-31 14:04:00,29.38,29.39,29.38,29.39,3
2025-12-31 14:05:00,29.39,29.4,29.37,29.38,19
2025-12-31 14:06:00,29.385,29.39,29.385,29.39,4
2025-12-31 14:07:00,29.39,29.39,29.385,29.385,5
2025-12-31 14:08:00,29.38,29.38,29.38,29.38,6
2025-12-31 14:09:00,29.3807,29.415,29.3807,29.415,14
2025-12-31 14:10:00,29.415,29.46,29.415,29.45,24
2025-12-31 14:11:00,29.442,29.45,29.44,29.45,19
2025-12-31 14:12:00,29.46,29.475,29.46,29.475,22
2025-12-31 14:13:00,29.475,29.48,29.46,29.475,18
2025-12-31 14:14:00,29.47,29.475,29.46,29.475,20
2025-12-31 14:15:00,29.47,29.48,29.46,29.48,5
2025-12-31 14:16:00,29.48,29.48,29.47,29.47,14
2025-12-31 14:17:00,29.47,29.51,29.47,29.5,29
2025-12-31 14:18:00,29.5,29.51,29.49,29.5,70
2025-12-31 14:19:00,29.52,29.525,29.49,29.5,66
2025-12-31 14:20:00,29.505,29.505,29.485,29.49,48
2025-12-31 14:21:00,29.49,29.49,29.49,29.49,5
2025-12-31 14:22:00,29.49,29.49,29.49,29.49,1
2025-12-31 14:23:00,29.5,29.53,29.5,29.53,21
2025-12-31 14:24:00,29.53,29.53,29.51,29.51,15
2025-12-31 14:25:00,29.5199,29.5199,29.495,29.495,12
2025-12-31 14:26:00,29.49,29.505,29.49,29.5,20
2025-12-31 14:27:00,29.5,29.5,29.5,29.5,6
2025-12-31 14:28:00,29.5,29.5,29.5,29.5,3
2025-12-31 14:29:00,29.51,29.51,29.49,29.49,14
2025-12-31 14:30:00,29.5,29.5,29.5,29.5,3
2025-12-31 14:31:00,29.5,29.5,29.5,29.5,3
2025-12-31 14:32:00,29.5,29.5,29.5,29.5,3
2025-12-31 14:33:00,29.5,29.51,29.5,29.51,2
2025-12-31 14:34:00,29.52,29.52,29.5,29.51,27
2025-12-31 14:35:00,29.51,29.51,29.5,29.51,11
2025-12-31 14:36:00,29.51,29.54,29.51,29.535,16
2025-12-31 14:37:00,29.55,29.56,29.55,29.56,4
2025-12-31 14:38:00,29.56,29.57,29.54,29.54,13
2025-12-31 14:39:00,29.55,29.55,29.54,29.54,2
2025-12-31 14:40:00,29.54,29.56,29.54,29.555,8
2025-12-31 14:41:00,29.565,29.565,29.5601,29.5613,17
2025-12-31 14:42:00,29.57,29.57,29.57,29.57,6
2025-12-31 14:43:00,29.57,29.57,29.54,29.57,34
2025-12-31 14:44:00,29.562,29.57,29.562,29.57,3
2025-12-31 14:45:00,29.57,29.57,29.56,29.57,9
2025-12-31 14:46:00,29.57,29.57,29.57,29.57,10
2025-12-31 14:47:00,29.575,29.585,29.55,29.55,22
2025-12-31 14:48:00,29.53,29.53,29.525,29.525,26
2025-12-31 14:49:00,29.53,29.53,29.49,29.495,40
2025-12-31 14:50:00,29.51,29.51,29.51,29.51,4
2025-12-31 14:51:00,29.52,29.52,29.52,29.52,3
2025-12-31 14:52:00,29.52,29.54,29.52,29.54,5
2025-12-31 14:53:00,29.54,29.54,29.54,29.54,2
2025-12-31 14:54:00,29.55,29.565,29.55,29.565,15
2025-12-31 14:55:00,29.57,29.57,29.57,29.57,6
2025-12-31 14:56:00,29.57,29.575,29.55,29.56,26
2025-12-31 14:57:00,29.56,29.56,29.56,29.56,3
2025-12-31 14:58:00,29.56,29.57,29.56,29.57,6
2025-12-31 14:59:00,29.56,29.56,29.54,29.56,33
2025-12-31 15:00:00,29.56,29.57,29.55,29.57,12
2025-12-31 15:01:00,29.57,29.572,29.57,29.57,7
2025-12-31 15:02:00,29.57,29.628,29.57,29.628,48
2025-12-31 15:03:00,29.6199,29.63,29.6199,29.63,21
2025-12-31 15:04:00,29.64,29.64,29.605,29.61,27
2025-12-31 15:05:00,29.61,29.61,29.61,29.61,0
2025-12-31 15:06:00,29.61,29.61,29.61,29.61,4
2025-12-31 15:07:00,29.6,29.6,29.59,29.59,7
2025-12-31 15:08:00,29.6,29.6,29.6,29.6,1
2025-12-31 15:09:00,29.61,29.61,29.61,29.61,4
2025-12-31 15:10:00,29.6,29.61,29.6,29.6,6
2025-12-31 15:11:00,29.6,29.6,29.6,29.6,5
2025-12-31 15:12:00,29.6,29.6,29.6,29.6,0
2025-12-31 15:13:00,29.61,29.61,29.61,29.61,2
2025-12-31 15:14:00,29.61,29.625,29.61,29.62,33
2025-12-31 15:15:00,29.62,29.625,29.6,29.62,26
2025-12-31 15:16:00,29.62,29.62,29.62,29.62,9
2025-12-31 15:17:00,29.62,29.62,29.62,29.62,5
2025-12-31 15:18:00,29.62,29.62,29.62,29.62,8
2025-12-31 15:19:00,29.62,29.62,29.62,29.62,3
2025-12-31 15:20:00,29.62,29.62,29.61,29.62,5
2025-12-31 15:21:00,29.62,29.62,29.62,29.62,1
2025-12-31 15:22:00,29.62,29.625,29.61,29.61,39
2025-12-31 15:23:00,29.62,29.665,29.59,29.59,102
2025-12-31 15:24:00,29.6,29.6,29.6,29.6,6
2025-12-31 15:25:00,29.5901,29.5901,29.5901,29.5901,2
2025-12-31 15:26:00,29.61,29.62,29.6,29.62,16
2025-12-31 15:27:00,29.62,29.62,29.6,29.6,28
2025-12-31 15:28:00,29.6,29.6,29.6,29.6,1
2025-12-31 15:29:00,29.61,29.62,29.61,29.6177,5
2025-12-31 15:30:00,29.62,29.64,29.62,29.63,34
2025-12-31 15:31:00,29.63,29.63,29.58,29.58,33
2025-12-31 15:32:00,29.58,29.6,29.58,29.59,32
2025-12-31 15:33:00,29.59,29.6,29.59,29.6,11
2025-12-31 15:34:00,29.61,29.61,29.59,29.6,13
2025-12-31 15:35:00,29.6,29.6,29.58,29.59,22
2025-12-31 15:36:00,29.59,29.59,29.59,29.59,6
2025-12-31 15:37:00,29.59,29.61,29.59,29.61,24
2025-12-31 15:38:00,29.62,29.64,29.58,29.6,80
2025-12-31 15:39:00,29.6,29.6,29.6,29.6,2
2025-12-31 15:40:00,29.6,29.61,29.6,29.61,9
2025-12-31 15:41:00,29.62,29.65,29.62,29.64,37
2025-12-31 15:42:00,29.64,29.6413,29.64,29.64,8
2025-12-31 15:43:00,29.64,29.64,29.61,29.61,43
2025-12-31 15:44:00,29.61,29.615,29.605,29.605,9
2025-12-31 15:45:00,29.6,29.605,29.58,29.59,41
2025-12-31 15:46:00,29.59,29.6,29.56,29.56,98
2025-12-31 15:47:00,29.55,29.57,29.55,29.57,23
2025-12-31 15:48:00,29.57,29.57,29.54,29.545,30
2025-12-31 15:49:00,29.53,29.53,29.48,29.52,82
2025-12-31 15:50:00,29.53,29.58,29.53,29.56,51
2025-12-31 15:51:00,29.57,29.58,29.57,29.57,29
2025-12-31 15:52:00,29.579,29.58,29.5365,29.5365,41
2025-12-31 15:53:00,29.54,29.54,29.42,29.44,145
2025-12-31 15:54:00,29.44,29.469,29.22,29.22,146
2025-12-31 15:55:00,29.22,29.22,29.05,29.145,193
2025-12-31 15:56:00,29.14,29.17,29.1,29.115,98
2025-12-31 15:57:00,29.115,29.14,29.05,29.06,280
2025-12-31 15:58:00,29.06,29.085,29.05,29.08,281
2025-12-31 15:59:00,29.07,29.075,29.03,29.04,867
2026-01-02 09:30:00,28.94,28.9687,28.895,28.9687,304
2026-01-02 09:31:00,28.895,28.9,28.895,28.9,4
2026-01-02 09:32:00,28.85,29.0,28.85,29.0,61
2026-01-02 09:33:00,29.0,29.0,28.905,28.955,112
2026-01-02 09:34:00,28.955,29.02,28.955,28.985,16
2026-01-02 09:35:00,29.01,29.05,29.0,29.05,30
2026-01-02 09:36:00,29.0,29.12,28.98,28.98,27
2026-01-02 09:37:00,28.975,29.02,28.975,29.02,7
2026-01-02 09:38:00,29.02,29.03,28.9469,28.97,23
2026-01-02 09:39:00,28.97,29.03,28.91,28.975,134
2026-01-02 09:40:00,28.975,29.14,28.96,29.14,58
2026-01-02 09:41:00,29.115,29.115,29.115,29.115,3
2026-01-02 09:42:00,29.16,29.21,29.01,29.09,79
2026-01-02 09:43:00,29.13,29.175,29.125,29.125,6
2026-01-02 09:44:00,29.08,29.085,28.91,29.02,95
2026-01-02 09:45:00,28.99,29.03,28.94,28.94,162
2026-01-02 09:46:00,28.925,28.95,28.925,28.95,4
2026-01-02 09:47:00,28.96,28.99,28.96,28.9749,22
2026-01-02 09:48:00,28.99,29.22,28.99,29.2,143
2026-01-02 09:49:00,29.2,29.23,29.2,29.23,19
2026-01-02 09:50:00,29.23,29.33,29.23,29.31,37
2026-01-02 09:51:00,29.305,29.37,29.265,29.37,70
2026-01-02 09:52:00,29.36,29.4,29.36,29.4,33
2026-01-02 09:53:00,29.38,29.475,29.33,29.475,85
2026-01-02 09:54:00,29.475,29.59,29.475,29.53,54
2026-01-02 09:55:00,29.51,29.54,29.505,29.54,23
2026-01-02 09:56:00,29.525,29.63,29.525,29.57,41
2026-01-02 09:57:00,29.55,29.585,29.53,29.53,39
2026-01-02 09:58:00,29.535,29.535,29.48,29.525,40
2026-01-02 09:59:00,29.56,29.63,29.52,29.61,46
2026-01-02 10:00:00,29.61,29.61,29.61,29.61,1
2026-01-02 10:01:00,29.585,29.7228,29.585,29.7228,37
2026-01-02 10:02:00,29.7299,29.84,29.67,29.8,131
2026-01-02 10:03:00,29.8,29.82,29.77,29.82,17
2026-01-02 10:04:00,29.82,29.88,29.81,29.88,126
2026-01-02 10:05:00,29.86,29.87,29.7,29.74,72
2026-01-02 10:06:00,29.71,29.735,29.71,29.735,3
2026-01-02 10:07:00,29.735,29.735,29.4703,29.51,157
2026-01-02 10:08:00,29.54,29.6,29.54,29.6,26
2026-01-02 10:09:00,29.65,29.66,29.56,29.56,36
2026-01-02 10:10:00,29.58,29.58,29.47,29.52,78
2026-01-02 10:11:00,29.525,29.525,29.47,29.52,36
2026-01-02 10:12:00,29.51,29.515,29.48,29.5,18
2026-01-02 10:13:00,29.47,29.69,29.46,29.56,256
2026-01-02 10:14:00,29.55,29.55,29.52,29.525,25
2026-01-02 10:15:00,29.51,29.51,29.475,29.4984,13
2026-01-02 10:16:00,29.5,29.51,29.47,29.51,16
2026-01-02 10:17:00,29.52,29.525,29.43,29.47,129
2026-01-02 10:18:00,29.4491,29.5,29.445,29.445,14
2026-01-02 10:19:00,29.47,29.52,29.47,29.52,20
2026-01-02 10:20:00,29.51,29.51,29.445,29.445,64
2026-01-02 10:21:00,29.43,29.43,29.315,29.315,20
2026-01-02 10:22:00,29.3,29.3,29.25,29.29,25
2026-01-02 10:23:00,29.31,29.35,29.252,29.35,24
2026-01-02 10:24:00,29.265,29.34,29.265,29.305,7
2026-01-02 10:25:00,29.34,29.34,29.27,29.27,29
2026-01-02 10:26:00,29.29,29.36,29.27,29.32,36
2026-01-02 10:27:00,29.35,29.35,29.28,29.35,23
2026-01-02 10:28:00,29.3252,29.35,29.295,29.295,26
2026-01-02 10:29:00,29.3,29.31,29.28,29.305,31
2026-01-02 10:30:00,29.29,29.29,29.23,29.24,16
2026-01-02 10:31:00,29.23,29.235,29.11,29.13,112
2026-01-02 10:32:00,29.12,29.2,29.1174,29.175,21
2026-01-02 10:33:00,29.18,29.3,29.18,29.28,19
2026-01-02 10:34:00,29.29,29.34,29.29,29.34,3
2026-01-02 10:35:00,29.38,29.39,29.33,29.39,22
2026-01-02 10:36:00,29.2901,29.335,29.29,29.3,105
2026-01-02 10:37:00,29.32,29.32,29.28,29.29,29
2026-01-02 10:38:00,29.24,29.28,29.24,29.2519,20
2026-01-02 10:39:00,29.31,29.32,29.29,29.32,21
2026-01-02 10:40:00,29.36,29.36,29.335,29.335,5
2026-01-02 10:41:00,29.35,29.38,29.35,29.355,28
2026-01-02 10:42:00,29.36,29.39,29.36,29.39,2
2026-01-02 10:43:00,29.39,29.39,29.32,29.32,27
2026-01-02 10:44:00,29.29,29.3,29.29,29.29,8
2026-01-02 10:45:00,29.3,29.3,29.3,29.3,5
2026-01-02 10:46:00,29.32,29.335,29.32,29.335,6
2026-01-02 10:47:00,29.32,29.3325,29.2775,29.29,46
2026-01-02 10:48:00,29.3,29.305,29.29,29.3,18
2026-01-02 10:49:00,29.28,29.3,29.16,29.19,96
2026-01-02 10:50:00,29.175,29.2,29.17,29.185,37
2026-01-02 10:51:00,29.21,29.21,29.15,29.15,15
2026-01-02 10:52:00,29.16,29.17,29.12,29.145,95
2026-01-02 10:53:00,29.15,29.215,29.14,29.2,31
2026-01-02 10:54:00,29.21,29.29,29.2,29.29,33
2026-01-02 10:55:00,29.29,29.32,29.28,29.305,47
2026-01-02 10:56:00,29.31,29.31,29.27,29.275,33
2026-01-02 10:57:00,29.275,29.3,29.275,29.295,13
2026-01-02 10:58:00,29.31,29.31,29.22,29.23,32
2026-01-02 10:59:00,29.2,29.21,29.165,29.2,79
2026-01-02 11:00:00,29.2,29.2,29.15,29.16,19
2026-01-02 11:01:00,29.153,29.18,29.153,29.18,10
2026-01-02 11:02:00,29.205,29.23,29.205,29.23,6
2026-01-02 11:03:00,29.26,29.26,29.18,29.18,31
2026-01-02 11:04:00,29.2,29.2,29.16,29.16,9
2026-01-02 11:05:00,29.14,29.15,29.13,29.135,16
2026-01-02 11:06:00,29.15,29.16,29.15,29.15,8
2026-01-02 11:07:00,29.15,29.15,29.1,29.13,21
2026-01-02 11:08:00,29.13,29.135,29.125,29.125,7
2026-01-02 11:09:00,29.12,29.13,29.12,29.13,5
2026-01-02 11:10:00,29.13,29.15,29.13,29.15,7
2026-01-02 11:11:00,29.145,29.145,29.12,29.13,7
2026-01-02 11:12:00,29.11,29.13,29.09,29.13,22
2026-01-02 11:13:00,29.13,29.1325,29.13,29.1325,7
2026-01-02 11:14:00,29.15,29.15,29.11,29.12,15
2026-01-02 11:15:00,29.13,29.15,29.13,29.14,9
2026-01-02 11:16:00,29.14,29.14,29.115,29.115,8
2026-01-02 11:17:00,29.105,29.13,29.1,29.1,28
2026-01-02 11:18:00,29.085,29.085,29.04,29.04,26
2026-01-02 11:19:00,29.04,29.05,29.03,29.045,18
2026-01-02 11:20:00,29.06,29.06,28.92,28.92,24
2026-01-02 11:21:00,28.94,28.95,28.9102,28.95,36
2026-01-02 11:22:00,28.96,28.98,28.96,28.98,19
2026-01-02 11:23:00,28.99,28.99,28.88,28.88,34
2026-01-02 11:24:00,28.89,28.91,28.89,28.91,15
2026-01-02 11:25:00,28.91,28.91,28.8905,28.895,16
2026-01-02 11:26:00,28.895,28.92,28.895,28.92,23
2026-01-02 11:27:00,28.925,28.925,28.9,28.9,13
2026-01-02 11:28:00,28.91,28.93,28.91,28.92,20
2026-01-02 11:29:00,28.92,28.93,28.92,28.93,8
2026-01-02 11:30:00,28.92,28.93,28.92,28.93,3
2026-01-02 11:31:00,28.94,28.94,28.925,28.925,5
2026-01-02 11:32:00,28.925,28.925,28.83,28.83,114
2026-01-02 11:33:00,28.83,28.895,28.815,28.89,32
2026-01-02 11:34:00,28.89,28.89,28.87,28.885,45
2026-01-02 11:35:00,28.885,28.9,28.87,28.89,27
2026-01-02 11:36:00,28.88,28.95,28.88,28.95,32
2026-01-02 11:37:00,28.93,28.96,28.93,28.94,10
2026-01-02 11:38:00,28.945,28.96,28.93,28.95,17
2026-01-02 11:39:00,28.95,28.96,28.95,28.96,8
2026-01-02 11:40:00,28.95,29.005,28.95,29.0,48
2026-01-02 11:41:00,28.99,29.0,28.92,28.92,62
2026-01-02 11:42:00,28.93,28.94,28.93,28.94,10
2026-01-02 11:43:00,28.97,28.98,28.97,28.98,6
2026-01-02 11:44:00,28.99,28.99,28.96,28.96,20
2026-01-02 11:45:00,28.94,28.94,28.9,28.92,22
2026-01-02 11:46:00,28.91,28.92,28.9,28.92,28
2026-01-02 11:47:00,28.92,28.94,28.92,28.93,23
2026-01-02 11:48:00,28.92,28.93,28.895,28.895,26
2026-01-02 11:49:00,28.89,28.89,28.87,28.875,14
2026-01-02 11:50:00,28.875,28.9,28.875,28.9,14
2026-01-02 11:51:00,28.89,28.9,28.81,28.815,59
2026-01-02 11:52:00,28.81,28.81,28.73,28.76,63
2026-01-02 11:53:00,28.76,28.76,28.76,28.76,0
2026-01-02 11:54:00,28.77,28.8,28.75,28.8,23
2026-01-02 11:55:00,28.795,28.81,28.79,28.8,5
2026-01-02 11:56:00,28.8,28.8,28.71,28.75,47
2026-01-02 11:57:00,28.74,28.745,28.74,28.745,9
2026-01-02 11:58:00,28.73,28.73,28.657,28.657,25
2026-01-02 11:59:00,28.69,28.71,28.69,28.71,16
2026-01-02 12:00:00,28.715,28.715,28.66,28.66,7
2026-01-02 12:01:00,28.66,28.685,28.66,28.68,27
2026-01-02 12:02:00,28.68,28.71,28.68,28.71,17
2026-01-02 12:03:00,28.7,28.75,28.7,28.75,18
2026-01-02 12:04:00,28.75,28.79,28.74,28.76,26
2026-01-02 12:05:00,28.76,28.76,28.76,28.76,0
2026-01-02 12:06:00,28.76,28.76,28.76,28.76,5
2026-01-02 12:07:00,28.76,28.77,28.74,28.77,13
2026-01-02 12:08:00,28.76,28.76,28.75,28.75,9
2026-01-02 12:09:00,28.74,28.75,28.71,28.71,17
2026-01-02 12:10:00,28.7,28.7,28.7,28.7,3
2026-01-02 12:11:00,28.69,28.7,28.68,28.7,12
2026-01-02 12:12:00,28.71,28.75,28.71,28.75,12
2026-01-02 12:13:00,28.78,28.78,28.78,28.78,1
2026-01-02 12:14:00,28.82,28.82,28.82,28.82,1
2026-01-02 12:15:00,28.819,28.82,28.81,28.81,12
2026-01-02 12:16:00,28.8,28.815,28.79,28.79,33
2026-01-02 12:17:00,28.7861,28.7861,28.78,28.78,5
2026-01-02 12:18:00,28.79,28.8,28.79,28.8,10
2026-01-02 12:19:00,28.81,28.81,28.8065,28.81,7
2026-01-02 12:20:00,28.8,28.81,28.79,28.81,11
2026-01-02 12:21:00,28.81,28.81,28.8,28.81,3
2026-01-02 12:22:00,28.81,28.81,28.7955,28.7955,9
2026-01-02 12:23:00,28.78,28.78,28.76,28.76,22
2026-01-02 12:24:00,28.76,28.77,28.76,28.77,9
2026-01-02 12:25:00,28.765,28.765,28.7,28.7,20
2026-01-02 12:26:00,28.71,28.72,28.7079,28.72,17
2026-01-02 12:27:00,28.72,28.75,28.72,28.75,15
2026-01-02 12:28:00,28.75,28.78,28.74,28.77,45
2026-01-02 12:29:00,28.78,28.8,28.76,28.8,23
2026-01-02 12:30:00,28.82,28.84,28.82,28.83,13
2026-01-02 12:31:00,28.83,28.84,28.82,28.82,5
2026-01-02 12:32:00,28.83,28.83,28.82,28.82,11
2026-01-02 12:33:00,28.83,28.86,28.83,28.8305,12
2026-01-02 12:34:00,28.83,28.83,28.8,28.8,8
2026-01-02 12:35:00,28.762,28.762,28.75,28.76,17
2026-01-02 12:36:00,28.75,28.75,28.75,28.75,5
2026-01-02 12:37:00,28.7401,28.77,28.74,28.74,13
2026-01-02 12:38:00,28.75,28.75,28.745,28.745,9
2026-01-02 12:39:00,28.745,28.76,28.745,28.76,13
2026-01-02 12:40:00,28.77,28.77,28.77,28.77,3
2026-01-02 12:41:00,28.76,28.77,28.76,28.77,6
2026-01-02 12:42:00,28.77,28.77,28.77,28.77,0
2026-01-02 12:43:00,28.7701,28.8,28.77,28.8,7
2026-01-02 12:44:00,28.8,28.8,28.78,28.7825,14
2026-01-02 12:45:00,28.78,28.79,28.78,28.78,5
2026-01-02 12:46:00,28.77,28.78,28.77,28.77,6
2026-01-02 12:47:00,28.76,28.78,28.76,28.78,7
2026-01-02 12:48:00,28.8,28.8,28.765,28.77,26
2026-01-02 12:49:00,28.771,28.771,28.771,28.771,1
2026-01-02 12:50:00,28.76,28.76,28.76,28.76,7
2026-01-02 12:51:00,28.76,28.77,28.7573,28.77,17
2026-01-02 12:52:00,28.78,28.78,28.78,28.78,3
2026-01-02 12:53:00,28.79,28.84,28.79,28.84,7
2026-01-02 12:54:00,28.83,28.83,28.81,28.82,18
2026-01-02 12:55:00,28.83,28.84,28.83,28.84,10
2026-01-02 12:56:00,28.84,28.84,28.84,28.84,0
2026-01-02 12:57:00,28.84,28.84,28.81,28.81,16
2026-01-02 12:58:00,28.8,28.8,28.76,28.78,62
2026-01-02 12:59:00,28.78,28.81,28.78,28.805,20
2026-01-02 13:00:00,28.82,28.83,28.81,28.81,7
2026-01-02 13:01:00,28.8,28.8,28.8,28.8,6
2026-01-02 13:02:00,28.81,28.81,28.78,28.79,17
2026-01-02 13:03:00,28.79,28.805,28.78,28.805,28
2026-01-02 13:04:00,28.805,28.805,28.79,28.8,9
2026-01-02 13:05:00,28.81,28.81,28.78,28.79,26
2026-01-02 13:06:00,28.8,28.8,28.8,28.8,1
2026-01-02 13:07:00,28.8,28.8,28.8,28.8,1
2026-01-02 13:08:00,28.8,28.8,28.8,28.8,1
2026-01-02 13:09:00,28.7938,28.7938,28.7938,28.7938,1
2026-01-02 13:10:00,28.8,28.8,28.785,28.79,13
2026-01-02 13:11:00,28.795,28.795,28.79,28.79,6
2026-01-02 13:12:00,28.79,28.79,28.76,28.7725,26
2026-01-02 13:13:00,28.7725,28.7725,28.7725,28.7725,0
2026-01-02 13:14:00,28.77,28.78,28.77,28.775,5
2026-01-02 13:15:00,28.77,28.77,28.76,28.7625,15
2026-01-02 13:16:00,28.77,28.77,28.77,28.77,3
2026-01-02 13:17:00,28.77,28.77,28.77,28.77,3
2026-01-02 13:18:00,28.77,28.77,28.77,28.77,1
2026-01-02 13:19:00,28.77,28.77,28.77,28.77,3
2026-01-02 13:20:00,28.77,28.77,28.77,28.77,5
2026-01-02 13:21:00,28.77,28.82,28.77,28.82,30
2026-01-02 13:22:00,28.85,28.86,28.74,28.74,67
2026-01-02 13:23:00,28.735,28.735,28.735,28.735,13
2026-01-02 13:24:00,28.735,28.735,28.735,28.735,7
2026-01-02 13:25:00,28.73,28.74,28.73,28.74,2
2026-01-02 13:26:00,28.73,28.73,28.71,28.725,28
2026-01-02 13:27:00,28.7102,28.72,28.68,28.705,71
2026-01-02 13:28:00,28.6801,28.7,28.6801,28.7,2
2026-01-02 13:29:00,28.715,28.715,28.65,28.65,34
2026-01-02 13:30:00,28.66,28.675,28.66,28.675,12
2026-01-02 13:31:00,28.67,28.67,28.65,28.66,49
2026-01-02 13:32:00,28.66,28.66,28.66,28.66,0
2026-01-02 13:33:00,28.65,28.66,28.64,28.66,6
2026-01-02 13:34:00,28.65,28.66,28.64,28.65,18
2026-01-02 13:35:00,28.64,28.64,28.61,28.6325,10
2026-01-02 13:36:00,28.62,28.64,28.62,28.64,15
2026-01-02 13:37:00,28.65,28.66,28.65,28.66,14
2026-01-02 13:38:00,28.65,28.665,28.65,28.665,7
2026-01-02 13:39:00,28.66,28.66,28.585,28.585,21
2026-01-02 13:40:00,28.585,28.585,28.585,28.585,0
2026-01-02 13:41:00,28.58,28.58,28.575,28.575,5
2026-01-02 13:42:00,28.575,28.575,28.55,28.55,23
2026-01-02 13:43:00,28.56,28.56,28.52,28.52,9
2026-01-02 13:44:00,28.52,28.52,28.52,28.52,0
2026-01-02 13:45:00,28.51,28.51,28.51,28.51,1
2026-01-02 13:46:00,28.51,28.51,28.5,28.5,4
2026-01-02 13:47:00,28.51,28.53,28.505,28.53,16
2026-01-02 13:48:00,28.54,28.54,28.515,28.53,32
2026-01-02 13:49:00,28.52,28.56,28.51,28.53,49
2026-01-02 13:50:00,28.5,28.5,28.495,28.495,12
2026-01-02 13:51:00,28.5,28.505,28.49,28.5,26
2026-01-02 13:52:00,28.51,28.52,28.51,28.51,14
2026-01-02 13:53:00,28.52,28.525,28.51,28.515,39
2026-01-02 13:54:00,28.52,28.55,28.51,28.55,62
2026-01-02 13:55:00,28.55,28.55,28.53,28.53,11
2026-01-02 13:56:00,28.53,28.545,28.53,28.545,15
2026-01-02 13:57:00,28.545,28.545,28.54,28.54,20
2026-01-02 13:58:00,28.55,28.55,28.535,28.54,6
2026-01-02 13:59:00,28.54,28.545,28.53,28.545,38
2026-01-02 14:00:00,28.55,28.555,28.53,28.53,39
2026-01-02 14:01:00,28.53,28.605,28.53,28.605,34
2026-01-02 14:02:00,28.63,28.66,28.63,28.635,11
2026-01-02 14:03:00,28.66,28.66,28.645,28.645,8
2026-01-02 14:04:00,28.63,28.675,28.61,28.675,19
2026-01-02 14:05:00,28.675,28.675,28.675,28.675,0
2026-01-02 14:06:00,28.675,28.69,28.67,28.68,8
2026-01-02 14:07:00,28.68,28.7,28.68,28.7,17
2026-01-02 14:08:00,28.71,28.71,28.69,28.69,15
2026-01-02 14:09:00,28.7,28.71,28.7,28.705,12
2026-01-02 14:10:00,28.705,28.705,28.705,28.705,4
2026-01-02 14:11:00,28.71,28.725,28.71,28.725,13
2026-01-02 14:12:00,28.735,28.775,28.735,28.775,25
2026-01-02 14:13:00,28.79,28.81,28.79,28.795,11
2026-01-02 14:14:00,28.81,28.81,28.79,28.79,14
2026-01-02 14:15:00,28.78,28.78,28.775,28.775,6
2026-01-02 14:16:00,28.78,28.78,28.775,28.78,4
2026-01-02 14:17:00,28.77,28.78,28.76,28.76,10
2026-01-02 14:18:00,28.76,28.76,28.75,28.75,11
2026-01-02 14:19:00,28.73,28.735,28.73,28.735,3
2026-01-02 14:20:00,28.72,28.72,28.71,28.71,4
2026-01-02 14:21:00,28.7198,28.72,28.715,28.715,5
2026-01-02 14:22:00,28.72,28.72,28.72,28.72,3
2026-01-02 14:23:00,28.72,28.76,28.72,28.76,24
2026-01-02 14:24:00,28.77,28.82,28.77,28.82,19
2026-01-02 14:25:00,28.83,28.84,28.83,28.84,13
2026-01-02 14:26:00,28.85,28.86,28.85,28.86,10
2026-01-02 14:27:00,28.865,28.865,28.84,28.84,23
2026-01-02 14:28:00,28.83,28.83,28.83,28.83,3
2026-01-02 14:29:00,28.83,28.83,28.82,28.82,2
2026-01-02 14:30:00,28.81,28.8399,28.81,28.8399,40
2026-01-02 14:31:00,28.83,28.83,28.81,28.81,12
2026-01-02 14:32:00,28.81,28.82,28.81,28.82,5
2026-01-02 14:33:00,28.84,28.86,28.84,28.86,12
2026-01-02 14:34:00,28.88,28.895,28.88,28.895,8
2026-01-02 14:35:00,28.88,28.89,28.87,28.87,9
2026-01-02 14:36:00,28.88,28.88,28.87,28.87,9
2026-01-02 14:37:00,28.88,28.9,28.88,28.9,14
2026-01-02 14:38:00,28.9,28.9,28.89,28.9,10
2026-01-02 14:39:00,28.9,28.9,28.9,28.9,4
2026-01-02 14:40:00,28.9,28.9,28.9,28.9,4
2026-01-02 14:41:00,28.9,28.905,28.87,28.875,27
2026-01-02 14:42:00,28.87,28.88,28.87,28.875,26
2026-01-02 14:43:00,28.87,28.87,28.86,28.86,4
2026-01-02 14:44:00,28.87,28.87,28.86,28.86,9
2026-01-02 14:45:00,28.86,28.87,28.86,28.87,5
2026-01-02 14:46:00,28.87,28.87,28.83,28.83,18
2026-01-02 14:47:00,28.83,28.83,28.81,28.81,28
2026-01-02 14:48:00,28.81,28.81,28.78,28.8,57
2026-01-02 14:49:00,28.795,28.85,28.795,28.85,15
2026-01-02 14:50:00,28.845,28.85,28.84,28.85,19
2026-01-02 14:51:00,28.8502,28.87,28.85,28.85,28
2026-01-02 14:52:00,28.84,28.84,28.83,28.83,8
2026-01-02 14:53:00,28.83,28.83,28.83,28.83,0
2026-01-02 14:54:00,28.815,28.84,28.815,28.82,14
2026-01-02 14:55:00,28.82,28.85,28.82,28.83,18
2026-01-02 14:56:00,28.82,28.82,28.82,28.82,1
2026-01-02 14:57:00,28.82,28.82,28.815,28.815,2
2026-01-02 14:58:00,28.815,28.815,28.795,28.795,13
2026-01-02 14:59:00,28.795,28.795,28.795,28.795,5
2026-01-02 15:00:00,28.79,28.79,28.7788,28.78,26
2026-01-02 15:01:00,28.78,28.78,28.78,28.78,2
2026-01-02 15:02:00,28.7831,28.82,28.7831,28.82,31
2026-01-02 15:03:00,28.83,28.845,28.82,28.83,23
2026-01-02 15:04:00,28.84,28.84,28.83,28.83,4
2026-01-02 15:05:00,28.85,28.855,28.849,28.85,15
2026-01-02 15:06:00,28.85,28.87,28.85,28.87,17
2026-01-02 15:07:00,28.87,28.87,28.87,28.87,3
2026-01-02 15:08:00,28.88,28.91,28.88,28.91,8
2026-01-02 15:09:00,28.91,28.92,28.88,28.89,40
2026-01-02 15:10:00,28.9,28.9,28.9,28.9,2
2026-01-02 15:11:00,28.9,28.9,28.88,28.895,23
2026-01-02 15:12:00,28.895,28.895,28.895,28.895,0
2026-01-02 15:13:00,28.8764,28.93,28.8764,28.915,47
2026-01-02 15:14:00,28.93,28.935,28.92,28.92,24
2026-01-02 15:15:00,28.91,28.91,28.84,28.84,20
2026-01-02 15:16:00,28.85,28.86,28.85,28.86,5
2026-01-02 15:17:00,28.86,28.88,28.85,28.88,20
2026-01-02 15:18:00,28.87,28.88,28.87,28.88,9
2026-01-02 15:19:00,28.89,28.9,28.865,28.865,20
2026-01-02 15:20:00,28.87,28.9,28.87,28.9,16
2026-01-02 15:21:00,28.91,28.91,28.891,28.891,17
2026-01-02 15:22:00,28.9,28.91,28.9,28.91,17
2026-01-02 15:23:00,28.92,28.93,28.91,28.92,20
2026-01-02 15:24:00,28.92,28.92,28.911,28.92,6
2026-01-02 15:25:00,28.925,28.925,28.91,28.91,12
2026-01-02 15:26:00,28.905,28.91,28.895,28.895,24
2026-01-02 15:27:00,28.89,28.91,28.89,28.91,17
2026-01-02 15:28:00,28.91,28.91,28.91,28.91,13
2026-01-02 15:29:00,28.9,28.91,28.89,28.9,18
2026-01-02 15:30:00,28.9,28.94,28.9,28.92,61
2026-01-02 15:31:00,28.92,28.92,28.9,28.92,33
2026-01-02 15:32:00,28.92,28.92,28.92,28.92,2
2026-01-02 15:33:00,28.92,28.92,28.92,28.92,3
2026-01-02 15:34:00,28.92,28.92,28.9,28.9,16
2026-01-02 15:35:00,28.91,28.92,28.91,28.92,6
2026-01-02 15:36:00,28.91,28.91,28.91,28.91,1
2026-01-02 15:37:00,28.92,28.92,28.91,28.91,6
2026-01-02 15:38:00,28.92,28.92,28.88,28.88,36
2026-01-02 15:39:00,28.88,28.88,28.88,28.88,7
2026-01-02 15:40:00,28.89,28.905,28.88,28.88,52
2026-01-02 15:41:00,28.89,28.9,28.89,28.9,17
2026-01-02 15:42:00,28.9,28.905,28.89,28.905,15
2026-01-02 15:43:00,28.91,28.955,28.9,28.91,76
2026-01-02 15:44:00,28.9213,28.9213,28.91,28.92,8
2026-01-02 15:45:00,28.93,28.98,28.93,28.97,39
2026-01-02 15:46:00,28.95,28.995,28.92,28.93,54
2026-01-02 15:47:00,28.91,28.96,28.88,28.9,207
2026-01-02 15:48:00,28.885,28.89,28.87,28.88,21
2026-01-02 15:49:00,28.86,28.87,28.86,28.87,15
2026-01-02 15:50:00,28.87,28.914,28.86,28.905,55
2026-01-02 15:51:00,28.905,28.94,28.85,28.85,100
2026-01-02 15:52:00,28.87,28.87,28.86,28.87,29
2026-01-02 15:53:00,28.88,28.905,28.87,28.89,61
2026-01-02 15:54:00,28.91,28.92,28.86,28.86,68
2026-01-02 15:55:00,28.86,28.87,28.85,28.865,60
2026-01-02 15:56:00,28.865,28.87,28.845,28.87,132
2026-01-02 15:57:00,28.87,28.91,28.85,28.9,100
2026-01-02 15:58:00,28.895,28.915,28.89,28.915,131
2026-01-02 15:59:00,28.91,29.0,28.9,28.99,446
2026-01-05 09:30:00,29.03,29.03,28.77,28.885,157
2026-01-05 09:31:00,28.98,29.0,28.885,29.0,12
2026-01-05 09:32:00,29.0,29.35,28.93,29.32,67
2026-01-05 09:33:00,29.32,29.46,29.225,29.46,28
2026-01-05 09:34:00,29.46,29.57,29.335,29.55,42
2026-01-05 09:35:00,29.55,29.55,29.5,29.54,9
2026-01-05 09:36:00,29.54,29.55,29.375,29.44,33
2026-01-05 09:37:00,29.54,29.54,29.4,29.4,18
2026-01-05 09:38:00,29.54,29.54,29.42,29.42,6
2026-01-05 09:39:00,29.405,29.54,29.405,29.42,8
2026-01-05 09:40:00,29.52,29.6,29.51,29.6,29
2026-01-05 09:41:00,29.64,29.68,29.49,29.49,52
2026-01-05 09:42:00,29.495,29.53,29.45,29.485,37
2026-01-05 09:43:00,29.4851,29.4875,29.4851,29.4875,16
2026-01-05 09:44:00,29.57,29.57,29.475,29.475,48
2026-01-05 09:45:00,29.475,29.4988,29.47,29.47,13
2026-01-05 09:46:00,29.52,29.52,29.52,29.52,2
2026-01-05 09:47:00,29.55,29.62,29.55,29.62,14
2026-01-05 09:48:00,29.54,29.54,29.335,29.335,76
2026-01-05 09:49:00,29.33,29.33,29.26,29.325,5
2026-01-05 09:50:00,29.36,29.37,29.305,29.305,3
2026-01-05 09:51:00,29.305,29.305,29.24,29.24,21
2026-01-05 09:52:00,29.25,29.28,29.2,29.2,7
2026-01-05 09:53:00,29.2453,29.2453,29.145,29.145,5
2026-01-05 09:54:00,29.1247,29.19,29.1247,29.19,4
2026-01-05 09:55:00,29.19,29.2,29.145,29.145,10
2026-01-05 09:56:00,29.145,29.145,29.145,29.145,0
2026-01-05 09:57:00,29.22,29.22,29.08,29.1,12
2026-01-05 09:58:00,29.12,29.13,29.055,29.055,27
2026-01-05 09:59:00,29.06,29.1399,29.05,29.1399,12
2026-01-05 10:00:00,29.09,29.09,28.89,28.89,13
2026-01-05 10:01:00,28.94,29.095,28.94,29.095,5
2026-01-05 10:02:00,29.055,29.21,29.055,29.21,11
2026-01-05 10:03:00,29.06,29.11,29.06,29.11,3
2026-01-05 10:04:00,29.21,29.21,29.006,29.006,7
2026-01-05 10:05:00,29.21,29.21,29.055,29.055,20
2026-01-05 10:06:00,28.91,28.92,28.8419,28.8419,66
2026-01-05 10:07:00,28.9,28.975,28.9,28.975,6
2026-01-05 10:08:00,28.905,28.97,28.905,28.97,12
2026-01-05 10:09:00,28.905,28.91,28.905,28.91,3
2026-01-05 10:10:00,28.91,28.91,28.91,28.91,1
2026-01-05 10:11:00,28.91,28.9215,28.79,28.83,32
2026-01-05 10:12:00,28.87,28.97,28.87,28.97,19
2026-01-05 10:13:00,28.8601,28.98,28.8601,28.98,12
2026-01-05 10:14:00,29.08,29.08,29.065,29.065,2
2026-01-05 10:15:00,29.065,29.065,28.875,28.875,20
2026-01-05 10:16:00,28.865,28.89,28.8,28.8,15
2026-01-05 10:17:00,28.8,28.9,28.8,28.84,11
2026-01-05 10:18:00,28.85,28.9,28.84,28.84,3
2026-01-05 10:19:00,28.8,28.85,28.79,28.82,17
2026-01-05 10:20:00,28.82,28.88,28.82,28.84,27
2026-01-05 10:21:00,28.87,28.94,28.87,28.94,5
2026-01-05 10:22:00,28.94,28.94,28.94,28.94,1
2026-01-05 10:23:00,28.93,28.93,28.76,28.765,21
2026-01-05 10:24:00,28.7579,28.76,28.715,28.73,30
2026-01-05 10:25:00,28.7412,28.8,28.7412,28.8,22
2026-01-05 10:26:00,28.76,28.77,28.7,28.7,13
2026-01-05 10:27:00,28.72,28.76,28.72,28.76,3
2026-01-05 10:28:00,28.77,28.77,28.755,28.755,3
2026-01-05 10:29:00,28.775,28.81,28.775,28.8004,5
2026-01-05 10:30:00,28.81,28.81,28.73,28.73,23
2026-01-05 10:31:00,28.7,28.738,28.67,28.67,23
2026-01-05 10:32:00,28.6,28.7,28.6,28.7,11
2026-01-05 10:33:00,28.7,28.7,28.635,28.635,5
2026-01-05 10:34:00,28.635,28.67,28.635,28.655,4
2026-01-05 10:35:00,28.71,28.71,28.71,28.71,1
2026-01-05 10:36:00,28.655,28.73,28.64,28.73,27
2026-01-05 10:37:00,28.84,28.87,28.77,28.82,16
2026-01-05 10:38:00,28.82,28.87,28.82,28.87,10
2026-01-05 10:39:00,28.83,28.97,28.83,28.97,15
2026-01-05 10:40:00,28.92,28.92,28.83,28.87,24
2026-01-05 10:41:00,28.91,28.92,28.84,28.92,15
2026-01-05 10:42:00,28.91,28.92,28.88,28.92,15
2026-01-05 10:43:00,28.89,28.93,28.89,28.93,11
2026-01-05 10:44:00,28.895,28.93,28.895,28.93,2
2026-01-05 10:45:00,28.87,28.885,28.815,28.86,20
2026-01-05 10:46:00,28.86,28.99,28.86,28.99,12
2026-01-05 10:47:00,28.99,28.99,28.975,28.975,7
2026-01-05 10:48:00,28.96,28.975,28.95,28.95,4
2026-01-05 10:49:00,28.91,28.94,28.905,28.905,3
2026-01-05 10:50:00,28.88,28.89,28.87,28.87,7
2026-01-05 10:51:00,28.88,28.89,28.85,28.85,31
2026-01-05 10:52:00,28.86,28.87,28.86,28.87,9
2026-01-05 10:53:00,28.87,28.92,28.825,28.92,93
2026-01-05 10:54:00,28.91,28.93,28.9,28.9,16
2026-01-05 10:55:00,28.93,28.95,28.93,28.95,4
2026-01-05 10:56:00,28.97,28.98,28.95,28.96,14
2026-01-05 10:57:00,28.95,28.97,28.93,28.96,26
2026-01-05 10:58:00,28.97,28.97,28.88,28.88,8
2026-01-05 10:59:00,28.91,28.93,28.91,28.915,7
2026-01-05 11:00:00,28.95,28.95,28.95,28.95,1
2026-01-05 11:01:00,28.93,28.93,28.92,28.93,3
2026-01-05 11:02:00,28.895,28.8979,28.88,28.8979,11
2026-01-05 11:03:00,28.88,28.915,28.88,28.915,8
2026-01-05 11:04:00,28.96,28.99,28.96,28.99,6
2026-01-05 11:05:00,29.0,29.05,28.99,29.0127,24
2026-01-05 11:06:00,29.01,29.01,28.93,28.93,12
2026-01-05 11:07:00,28.97,28.97,28.96,28.965,4
2026-01-05 11:08:00,28.97,28.97,28.915,28.915,13
2026-01-05 11:09:00,28.92,28.92,28.92,28.92,3
2026-01-05 11:10:00,28.89,28.9,28.84,28.88,17
2026-01-05 11:11:00,28.91,28.91,28.88,28.88,9
2026-01-05 11:12:00,28.92,28.93,28.92,28.93,7
2026-01-05 11:13:00,28.95,28.975,28.95,28.96,9
2026-01-05 11:14:00,28.967,28.99,28.91,28.91,9
2026-01-05 11:15:00,28.98,28.98,28.98,28.98,1
2026-01-05 11:16:00,28.945,28.98,28.945,28.98,2
2026-01-05 11:17:00,28.945,29.03,28.945,29.01,203
2026-01-05 11:18:00,29.02,29.02,28.985,29.01,19
2026-01-05 11:19:00,28.985,28.99,28.94,28.975,33
2026-01-05 11:20:00,28.975,28.975,28.975,28.975,1
2026-01-05 11:21:00,29.0,29.0,28.925,28.925,27
2026-01-05 11:22:00,28.9,28.98,28.9,28.97,30
2026-01-05 11:23:00,28.995,29.02,28.99,28.99,5
2026-01-05 11:24:00,28.98,28.98,28.94,28.94,10
2026-01-05 11:25:00,28.95,28.97,28.95,28.97,2
2026-01-05 11:26:00,28.95,28.9699,28.95,28.9699,6
2026-01-05 11:27:00,28.95,28.95,28.92,28.92,18
2026-01-05 11:28:00,28.91,28.95,28.91,28.935,16
2026-01-05 11:29:00,28.96,28.99,28.96,28.985,8
2026-01-05 11:30:00,28.985,28.985,28.985,28.985,0
2026-01-05 11:31:00,29.01,29.05,29.01,29.0439,21
2026-01-05 11:32:00,29.04,29.05,29.01,29.0325,22
2026-01-05 11:33:00,29.02,29.02,28.98,28.98,8
2026-01-05 11:34:00,28.96,29.06,28.96,29.06,45
2026-01-05 11:35:00,29.06,29.12,29.06,29.12,4
2026-01-05 11:36:00,29.09,29.09,29.08,29.08,3
2026-01-05 11:37:00,29.06,29.115,29.06,29.11,13
2026-01-05 11:38:00,29.13,29.14,29.115,29.14,10
2026-01-05 11:39:00,29.11,29.18,29.1,29.18,35
2026-01-05 11:40:00,29.165,29.18,29.14,29.155,15
2026-01-05 11:41:00,29.155,29.16,29.13,29.14,31
2026-01-05 11:42:00,29.14,29.14,29.1,29.11,10
2026-01-05 11:43:00,29.11,29.15,29.11,29.13,14
2026-01-05 11:44:00,29.14,29.17,29.14,29.17,3
2026-01-05 11:45:00,29.15,29.15,29.115,29.115,12
2026-01-05 11:46:00,29.13,29.16,29.13,29.16,5
2026-01-05 11:47:00,29.13,29.15,29.1186,29.1186,6
2026-01-05 11:48:00,29.1,29.105,29.065,29.065,16
2026-01-05 11:49:00,29.0567,29.08,29.0403,29.08,40
2026-01-05 11:50:00,29.065,29.09,29.065,29.065,6
2026-01-05 11:51:00,29.07,29.09,29.05,29.05,18
2026-01-05 11:52:00,29.05,29.05,29.035,29.05,21
2026-01-05 11:53:00,29.03,29.06,29.025,29.048,16
2026-01-05 11:54:00,29.06,29.07,29.04,29.07,24
2026-01-05 11:55:00,29.1,29.1,29.1,29.1,11
2026-01-05 11:56:00,29.11,29.11,29.09,29.09,14
2026-01-05 11:57:00,29.09,29.09,29.08,29.08,7
2026-01-05 11:58:00,29.07,29.09,29.07,29.09,14
2026-01-05 11:59:00,29.17,29.17,29.135,29.135,7
2026-01-05 12:00:00,29.14,29.14,29.125,29.125,19
2026-01-05 12:01:00,29.125,29.125,29.07,29.07,24
2026-01-05 12:02:00,29.085,29.1,29.07,29.1,11
2026-01-05 12:03:00,29.1,29.1092,29.095,29.1,68
2026-01-05 12:04:00,29.095,29.095,29.06,29.07,18
2026-01-05 12:05:00,29.07,29.07,29.06,29.07,18
2026-01-05 12:06:00,29.07,29.087,29.07,29.085,12
2026-01-05 12:07:00,29.085,29.09,29.08,29.085,7
2026-01-05 12:08:00,29.09,29.09,29.07,29.075,15
2026-01-05 12:09:00,29.075,29.09,29.075,29.085,13
2026-01-05 12:10:00,29.1,29.1,29.0703,29.08,4
2026-01-05 12:11:00,29.09,29.1,29.08,29.1,8
2026-01-05 12:12:00,29.1,29.16,29.1,29.16,30
2026-01-05 12:13:00,29.17,29.195,29.17,29.19,6
2026-01-05 12:14:00,29.2,29.205,29.19,29.19,8
2026-01-05 12:15:00,29.19,29.19,29.17,29.185,17
2026-01-05 12:16:00,29.185,29.21,29.185,29.21,8
2026-01-05 12:17:00,29.19,29.22,29.17,29.21,19
2026-01-05 12:18:00,29.215,29.215,29.18,29.18,14
2026-01-05 12:19:00,29.18,29.21,29.18,29.21,19
2026-01-05 12:20:00,29.205,29.27,29.205,29.27,6
2026-01-05 12:21:00,29.275,29.28,29.27,29.28,6
2026-01-05 12:22:00,29.3,29.31,29.29,29.31,6
2026-01-05 12:23:00,29.31,29.35,29.305,29.35,15
2026-01-05 12:24:00,29.37,29.37,29.34,29.34,17
2026-01-05 12:25:00,29.37,29.37,29.355,29.355,2
2026-01-05 12:26:00,29.35,29.38,29.35,29.38,25
2026-01-05 12:27:00,29.43,29.44,29.42,29.425,10
2026-01-05 12:28:00,29.42,29.44,29.41,29.42,21
2026-01-05 12:29:00,29.43,29.54,29.43,29.54,26
2026-01-05 12:30:00,29.5071,29.54,29.5,29.5,4
2026-01-05 12:31:00,29.5,29.53,29.5,29.5041,4
2026-01-05 12:32:00,29.5,29.5,29.47,29.47,6
2026-01-05 12:33:00,29.46,29.46,29.39,29.4,20
2026-01-05 12:34:00,29.41,29.44,29.4,29.44,25
2026-01-05 12:35:00,29.46,29.49,29.46,29.49,11
2026-01-05 12:36:00,29.47,29.47,29.47,29.47,2
2026-01-05 12:37:00,29.49,29.55,29.49,29.54,12
2026-01-05 12:38:00,29.5243,29.6773,29.5243,29.6773,273
2026-01-05 12:39:00,29.68,29.725,29.6,29.725,236
2026-01-05 12:40:00,29.78,29.8,29.705,29.78,23
2026-01-05 12:41:00,29.77,29.78,29.73,29.75,103
2026-01-05 12:42:00,29.75,29.78,29.75,29.78,11
2026-01-05 12:43:00,29.75,29.755,29.75,29.755,4
2026-01-05 12:44:00,29.78,29.8225,29.7566,29.785,151
2026-01-05 12:45:00,29.81,29.81,29.57,29.665,832
2026-01-05 12:46:00,29.665,29.75,29.665,29.7,27
2026-01-05 12:47:00,29.71,29.765,29.695,29.715,45
2026-01-05 12:48:00,29.7,29.75,29.7,29.7,16
2026-01-05 12:49:00,29.66,29.66,29.61,29.64,31
2026-01-05 12:50:00,29.62,29.62,29.575,29.6,18
2026-01-05 12:51:00,29.6,29.625,29.6,29.625,3
2026-01-05 12:52:00,29.6,29.65,29.6,29.62,11
2026-01-05 12:53:00,29.61,29.62,29.58,29.62,5
2026-01-05 12:54:00,29.6,29.615,29.6,29.615,6
2026-01-05 12:55:00,29.615,29.615,29.57,29.57,11
2026-01-05 12:56:00,29.62,29.65,29.61,29.65,29
2026-01-05 12:57:00,29.61,29.67,29.605,29.62,44
2026-01-05 12:58:00,29.615,29.615,29.58,29.615,23
2026-01-05 12:59:00,29.615,29.62,29.54,29.545,16
2026-01-05 13:00:00,29.55,29.55,29.49,29.49,4
2026-01-05 13:01:00,29.545,29.545,29.5,29.535,7
2026-01-05 13:02:00,29.5,29.5,29.41,29.435,49
2026-01-05 13:03:00,29.435,29.435,29.31,29.31,23
2026-01-05 13:04:00,29.33,29.335,29.32,29.335,12
2026-01-05 13:05:00,29.3,29.38,29.2775,29.335,19
2026-01-05 13:06:00,29.31,29.335,29.31,29.335,4
2026-01-05 13:07:00,29.37,29.37,29.335,29.34,20
2026-01-05 13:08:00,29.34,29.445,29.34,29.41,23
2026-01-05 13:09:00,29.49,29.49,29.39,29.425,25
2026-01-05 13:10:00,29.43,29.47,29.43,29.46,15
2026-01-05 13:11:00,29.46,29.5,29.46,29.5,2
2026-01-05 13:12:00,29.465,29.5,29.46,29.46,7
2026-01-05 13:13:00,29.4897,29.51,29.4897,29.51,32
2026-01-05 13:14:00,29.48,29.53,29.48,29.51,30
2026-01-05 13:15:00,29.54,29.54,29.482,29.53,25
2026-01-05 13:16:00,29.49,29.52,29.485,29.485,7
2026-01-05 13:17:00,29.47,29.47,29.44,29.44,16
2026-01-05 13:18:00,29.46,29.46,29.4,29.4,21
2026-01-05 13:19:00,29.44,29.495,29.44,29.495,11
2026-01-05 13:20:00,29.52,29.53,29.495,29.515,21
2026-01-05 13:21:00,29.55,29.55,29.475,29.51,7
2026-01-05 13:22:00,29.534,29.534,29.5,29.5,6
2026-01-05 13:23:00,29.53,29.53,29.53,29.53,1
2026-01-05 13:24:00,29.51,29.54,29.5,29.54,15
2026-01-05 13:25:00,29.53,29.55,29.52,29.55,13
2026-01-05 13:26:00,29.545,29.545,29.51,29.51,8
2026-01-05 13:27:00,29.52,29.52,29.52,29.52,1
2026-01-05 13:28:00,29.51,29.52,29.51,29.51,12
2026-01-05 13:29:00,29.56,29.56,29.535,29.535,2
2026-01-05 13:30:00,29.56,29.56,29.5,29.5,11
2026-01-05 13:31:00,29.49,29.49,29.49,29.49,2
2026-01-05 13:32:00,29.47,29.5,29.46,29.5,17
2026-01-05 13:33:00,29.45,29.45,29.45,29.45,1
2026-01-05 13:34:00,29.465,29.465,29.465,29.465,4
2026-01-05 13:35:00,29.45,29.45,29.41,29.4413,33
2026-01-05 13:36:00,29.41,29.415,29.355,29.41,208
2026-01-05 13:37:00,29.395,29.395,29.36,29.3875,20
2026-01-05 13:38:00,29.35,29.365,29.23,29.34,121
2026-01-05 13:39:00,29.36,29.39,29.335,29.335,14
2026-01-05 13:40:00,29.335,29.335,29.29,29.3,5
2026-01-05 13:41:00,29.31,29.33,29.31,29.33,9
2026-01-05 13:42:00,29.34,29.34,29.34,29.34,7
2026-01-05 13:43:00,29.34,29.38,29.34,29.38,20
2026-01-05 13:44:00,29.38,29.38,29.38,29.38,8
2026-01-05 13:45:00,29.4,29.4,29.38,29.39,7
2026-01-05 13:46:00,29.385,29.4,29.385,29.4,10
2026-01-05 13:47:00,29.39,29.41,29.39,29.41,3
2026-01-05 13:48:00,29.39,29.39,29.36,29.37,19
2026-01-05 13:49:00,29.39,29.39,29.31,29.31,8
2026-01-05 13:50:00,29.33,29.36,29.32,29.33,42
2026-01-05 13:51:00,29.32,29.35,29.32,29.35,6
2026-01-05 13:52:00,29.345,29.35,29.33,29.35,25
2026-01-05 13:53:00,29.33,29.35,29.28,29.28,18
2026-01-05 13:54:00,29.25,29.29,29.25,29.29,6
2026-01-05 13:55:00,29.29,29.34,29.29,29.335,31
2026-01-05 13:56:00,29.36,29.36,29.34,29.34,2
2026-01-05 13:57:00,29.335,29.36,29.335,29.36,2
2026-01-05 13:58:00,29.34,29.34,29.3,29.31,6
2026-01-05 13:59:00,29.3001,29.305,29.27,29.29,14
2026-01-05 14:00:00,29.29,29.34,29.27,29.34,17
2026-01-05 14:01:00,29.36,29.37,29.345,29.37,18
2026-01-05 14:02:00,29.35,29.36,29.35,29.36,7
2026-01-05 14:03:00,29.36,29.41,29.35,29.39,20
2026-01-05 14:04:00,29.405,29.42,29.355,29.375,23
2026-01-05 14:05:00,29.38,29.38,29.365,29.365,3
2026-01-05 14:06:00,29.365,29.41,29.365,29.405,12
2026-01-05 14:07:00,29.39,29.42,29.38,29.41,34
2026-01-05 14:08:00,29.43,29.43,29.41,29.43,60
2026-01-05 14:09:00,29.45,29.45,29.4,29.42,15
2026-01-05 14:10:00,29.405,29.405,29.3826,29.4,13
2026-01-05 14:11:00,29.4,29.4,29.26,29.33,49
2026-01-05 14:12:00,29.34,29.34,29.315,29.315,3
2026-01-05 14:13:00,29.34,29.34,29.34,29.34,1
2026-01-05 14:14:00,29.34,29.39,29.34,29.355,31
2026-01-05 14:15:00,29.38,29.4,29.37,29.38,10
2026-01-05 14:16:00,29.4,29.44,29.4,29.44,67
2026-01-05 14:17:00,29.44,29.46,29.44,29.46,3
2026-01-05 14:18:00,29.475,29.475,29.47,29.47,11
2026-01-05 14:19:00,29.45,29.47,29.45,29.45,9
2026-01-05 14:20:00,29.476,29.49,29.465,29.48,14
2026-01-05 14:21:00,29.468,29.52,29.45,29.495,52
2026-01-05 14:22:00,29.5,29.515,29.46,29.47,66
2026-01-05 14:23:00,29.4724,29.51,29.46,29.49,44
2026-01-05 14:24:00,29.52,29.54,29.5,29.54,17
2026-01-05 14:25:00,29.535,29.535,29.448,29.48,61
2026-01-05 14:26:00,29.47,29.51,29.47,29.48,13
2026-01-05 14:27:00,29.51,29.515,29.49,29.49,26
2026-01-05 14:28:00,29.49,29.51,29.48,29.495,19
2026-01-05 14:29:00,29.5,29.535,29.49,29.535,16
2026-01-05 14:30:00,29.535,29.535,29.535,29.535,9
2026-01-05 14:31:00,29.535,29.5407,29.535,29.54,4
2026-01-05 14:32:00,29.54,29.54,29.54,29.54,6
2026-01-05 14:33:00,29.54,29.56,29.54,29.56,32
2026-01-05 14:34:00,29.56,29.56,29.465,29.465,32
2026-01-05 14:35:00,29.465,29.47,29.46,29.47,18
2026-01-05 14:36:00,29.46,29.47,29.45,29.45,19
2026-01-05 14:37:00,29.47,29.475,29.43,29.43,21
2026-01-05 14:38:00,29.43,29.45,29.43,29.44,9
2026-01-05 14:39:00,29.46,29.46,29.4,29.42,118
2026-01-05 14:40:00,29.44,29.44,29.42,29.43,27
2026-01-05 14:41:00,29.43,29.43,29.43,29.43,4
2026-01-05 14:42:00,29.41,29.4225,29.4,29.4,23
2026-01-05 14:43:00,29.42,29.49,29.41,29.49,30
2026-01-05 14:44:00,29.48,29.51,29.45,29.51,7
2026-01-05 14:45:00,29.46,29.59,29.46,29.56,30
2026-01-05 14:46:00,29.57,29.59,29.55,29.55,23
2026-01-05 14:47:00,29.59,29.59,29.53,29.55,10
2026-01-05 14:48:00,29.52,29.57,29.51,29.545,14
2026-01-05 14:49:00,29.52,29.54,29.52,29.54,2
2026-01-05 14:50:00,29.56,29.58,29.55,29.565,23
2026-01-05 14:51:00,29.55,29.57,29.51,29.57,35
2026-01-05 14:52:00,29.57,29.57,29.54,29.565,7
2026-01-05 14:53:00,29.565,29.6399,29.565,29.6399,4
2026-01-05 14:54:00,29.63,29.6399,29.62,29.6399,13
2026-01-05 14:55:00,29.63,29.645,29.63,29.645,12
2026-01-05 14:56:00,29.67,29.69,29.6456,29.6456,3
2026-01-05 14:57:00,29.6721,29.71,29.63,29.63,20
2026-01-05 14:58:00,29.63,29.63,29.63,29.63,0
2026-01-05 14:59:00,29.63,29.65,29.63,29.64,14
2026-01-05 15:00:00,29.67,29.68,29.64,29.67,17
2026-01-05 15:01:00,29.68,29.705,29.67,29.69,25
2026-01-05 15:02:00,29.69,29.69,29.69,29.69,4
2026-01-05 15:03:00,29.67,29.67,29.63,29.63,5
2026-01-05 15:04:00,29.65,29.66,29.65,29.655,8
2026-01-05 15:05:00,29.63,29.655,29.63,29.655,4
2026-01-05 15:06:00,29.63,29.66,29.61,29.635,20
2026-01-05 15:07:00,29.66,29.66,29.66,29.66,1
2026-01-05 15:08:00,29.645,29.66,29.64,29.645,19
2026-01-05 15:09:00,29.642,29.645,29.62,29.62,11
2026-01-05 15:10:00,29.605,29.62,29.605,29.62,5
2026-01-05 15:11:00,29.62,29.66,29.62,29.66,9
2026-01-05 15:12:00,29.64,29.685,29.64,29.675,16
2026-01-05 15:13:00,29.69,29.7,29.675,29.7,7
2026-01-05 15:14:00,29.7,29.7,29.7,29.7,4
2026-01-05 15:15:00,29.73,29.73,29.7,29.7,10
2026-01-05 15:16:00,29.715,29.72,29.68,29.72,41
2026-01-05 15:17:00,29.72,29.81,29.72,29.7669,124
2026-01-05 15:18:00,29.765,29.77,29.761,29.77,19
2026-01-05 15:19:00,29.77,29.77,29.66,29.66,50
2026-01-05 15:20:00,29.6699,29.68,29.66,29.68,67
2026-01-05 15:21:00,29.68,29.82,29.61,29.763,132
2026-01-05 15:22:00,29.815,29.83,29.8,29.8,39
2026-01-05 15:23:00,29.805,29.805,29.745,29.78,25
2026-01-05 15:24:00,29.78,29.78,29.72,29.72,19
2026-01-05 15:25:00,29.75,29.75,29.7,29.7,11
2026-01-05 15:26:00,29.71,29.71,29.69,29.7,11
2026-01-05 15:27:00,29.74,29.75,29.735,29.74,24
2026-01-05 15:28:00,29.75,29.75,29.735,29.735,11
2026-01-05 15:29:00,29.735,29.75,29.7335,29.75,14
2026-01-05 15:30:00,29.77,29.77,29.75,29.75,11
2026-01-05 15:31:00,29.77,29.81,29.77,29.81,29
2026-01-05 15:32:00,29.81,29.87,29.79,29.87,11
2026-01-05 15:33:00,29.85,29.885,29.811,29.811,136
2026-01-05 15:34:00,29.835,29.89,29.835,29.865,42
2026-01-05 15:35:00,29.89,29.9,29.86,29.86,6
2026-01-05 15:36:00,29.87,29.88,29.858,29.858,29
2026-01-05 15:37:00,29.88,29.88,29.85,29.865,9
2026-01-05 15:38:00,29.88,29.95,29.88,29.95,30
2026-01-05 15:39:00,29.95,29.96,29.935,29.95,18
2026-01-05 15:40:00,29.94,29.95,29.9,29.93,48
2026-01-05 15:41:00,29.93,29.95,29.93,29.95,60
2026-01-05 15:42:00,29.96,29.96,29.93,29.955,23
2026-01-05 15:43:00,29.94,29.96,29.94,29.95,16
2026-01-05 15:44:00,29.955,29.98,29.93,29.96,48
2026-01-05 15:45:00,29.965,29.965,29.92,29.92,8
2026-01-05 15:46:00,29.91,29.96,29.8935,29.96,256
2026-01-05 15:47:00,29.96,30.03,29.96,30.0,385
2026-01-05 15:48:00,30.03,30.04,29.995,30.04,172
2026-01-05 15:49:00,30.038,30.04,30.001,30.03,45
2026-01-05 15:50:00,30.01,30.02,29.94,29.97,41
2026-01-05 15:51:00,30.02,30.05,30.0,30.045,223
2026-01-05 15:52:00,30.045,30.07,30.04,30.07,38
2026-01-05 15:53:00,30.04,30.07,30.03,30.07,91
2026-01-05 15:54:00,30.07,30.16,30.056,30.12,75
2026-01-05 15:55:00,30.09,30.15,30.09,30.13,63
2026-01-05 15:56:00,30.11,30.165,30.11,30.13,66
2026-01-05 15:57:00,30.13,30.24,30.13,30.22,102
2026-01-05 15:58:00,30.215,30.235,30.191,30.191,271
2026-01-05 15:59:00,30.19,30.23,30.1675,30.22,568
2026-01-06 09:30:00,29.97,30.29,29.94,30.15,184
2026-01-06 09:31:00,30.15,30.4,30.15,30.35,31
2026-01-06 09:32:00,30.38,30.38,30.23,30.23,28
2026-01-06 09:33:00,30.21,30.29,30.12,30.12,22
2026-01-06 09:34:00,30.21,30.28,30.135,30.22,32
2026-01-06 09:35:00,30.135,30.2299,30.115,30.2299,13
2026-01-06 09:36:00,30.23,30.23,30.1353,30.1353,7
2026-01-06 09:37:00,30.23,30.23,30.1275,30.1275,4
2026-01-06 09:38:00,30.125,30.28,30.125,30.19,75
2026-01-06 09:39:00,30.195,30.27,30.178,30.26,9
2026-01-06 09:40:00,30.32,30.42,30.27,30.37,61
2026-01-06 09:41:00,30.42,30.44,30.395,30.395,15
2026-01-06 09:42:00,30.355,30.355,30.17,30.2825,39
2026-01-06 09:43:00,30.255,30.35,30.2,30.35,16
2026-01-06 09:44:00,30.255,30.255,30.255,30.255,15
2026-01-06 09:45:00,30.2,30.23,30.16,30.2,17
2026-01-06 09:46:00,30.15,30.15,30.08,30.08,24
2026-01-06 09:47:00,30.065,30.065,29.7568,29.7568,56
2026-01-06 09:48:00,29.785,29.81,29.71,29.81,47
2026-01-06 09:49:00,29.7975,29.92,29.7975,29.87,8
2026-01-06 09:50:00,29.865,29.87,29.755,29.755,28
2026-01-06 09:51:00,29.72,29.72,29.49,29.55,312
2026-01-06 09:52:00,29.56,29.575,29.301,29.575,20
2026-01-06 09:53:00,29.57,29.6,29.47,29.531,89
2026-01-06 09:54:00,29.5399,29.58,29.44,29.54,73
2026-01-06 09:55:00,29.57,29.57,29.44,29.44,36
2026-01-06 09:56:00,29.55,29.56,29.37,29.38,81
2026-01-06 09:57:00,29.405,29.405,29.28,29.3,28
2026-01-06 09:58:00,29.345,29.445,29.335,29.445,75
2026-01-06 09:59:00,29.36,29.405,29.3,29.3,19
2026-01-06 10:00:00,29.36,29.51,29.36,29.42,13
2026-01-06 10:01:00,29.4,29.4,29.4,29.4,1
2026-01-06 10:02:00,29.405,29.4899,29.405,29.4899,17
2026-01-06 10:03:00,29.49,29.59,29.49,29.58,21
2026-01-06 10:04:00,29.59,29.62,29.54,29.54,27
2026-01-06 10:05:00,29.61,29.61,29.49,29.49,5
2026-01-06 10:06:00,29.485,29.62,29.475,29.57,20
2026-01-06 10:07:00,29.5,29.5,29.45,29.475,13
2026-01-06 10:08:00,29.49,29.49,29.475,29.475,3
2026-01-06 10:09:00,29.5,29.5,29.445,29.445,3
2026-01-06 10:10:00,29.48,29.48,29.38,29.45,33
2026-01-06 10:11:00,29.46,29.48,29.44,29.475,11
2026-01-06 10:12:00,29.5,29.58,29.5,29.56,10
2026-01-06 10:13:00,29.6,29.6,29.4952,29.54,58
2026-01-06 10:14:00,29.535,29.66,29.535,29.65,32
2026-01-06 10:15:00,29.675,29.84,29.675,29.775,15
2026-01-06 10:16:00,29.805,29.825,29.69,29.76,18
2026-01-06 10:17:00,29.755,29.755,29.72,29.72,4
2026-01-06 10:18:00,29.75,29.75,29.75,29.75,1
2026-01-06 10:19:00,29.74,29.75,29.74,29.75,3
2026-01-06 10:20:00,29.69,29.69,29.6,29.64,19
2026-01-06 10:21:00,29.635,29.66,29.6001,29.66,12
2026-01-06 10:22:00,29.66,29.66,29.6,29.6,11
2026-01-06 10:23:00,29.645,29.915,29.64,29.915,39
2026-01-06 10:24:00,29.96,29.96,29.905,29.96,10
2026-01-06 10:25:00,29.95,29.95,29.83,29.84,38
2026-01-06 10:26:00,29.82,29.82,29.76,29.77,10
2026-01-06 10:27:00,29.79,29.79,29.785,29.785,6
2026-01-06 10:28:00,29.8,29.8,29.79,29.79,4
2026-01-06 10:29:00,29.75,29.81,29.75,29.75,10
2026-01-06 10:30:00,29.77,29.77,29.715,29.72,3
2026-01-06 10:31:00,29.66,29.7,29.64,29.7,4
2026-01-06 10:32:00,29.605,29.605,29.605,29.605,1
2026-01-06 10:33:00,29.6,29.6099,29.56,29.6099,6
2026-01-06 10:34:00,29.61,29.635,29.57,29.57,5
2026-01-06 10:35:00,29.55,29.67,29.55,29.63,42
2026-01-06 10:36:00,29.68,29.68,29.64,29.65,4
2026-01-06 10:37:00,29.66,29.66,29.61,29.61,8
2026-01-06 10:38:00,29.58,29.63,29.565,29.565,20
2026-01-06 10:39:00,29.5786,29.5786,29.5786,29.5786,1
2026-01-06 10:40:00,29.565,29.5775,29.565,29.5775,4
2026-01-06 10:41:00,29.63,29.63,29.61,29.61,5
2026-01-06 10:42:00,29.59,29.59,29.52,29.52,7
2026-01-06 10:43:00,29.52,29.52,29.52,29.52,0
2026-01-06 10:44:00,29.64,29.64,29.63,29.63,7
2026-01-06 10:45:00,29.59,29.6,29.59,29.6,7
2026-01-06 10:46:00,29.6218,29.6218,29.55,29.55,36
2026-01-06 10:47:00,29.56,29.56,29.405,29.405,102
2026-01-06 10:48:00,29.405,29.405,29.405,29.405,1
2026-01-06 10:49:00,29.44,29.46,29.43,29.43,3
2026-01-06 10:50:00,29.45,29.57,29.45,29.52,15
2026-01-06 10:51:00,29.53,29.54,29.53,29.54,12
2026-01-06 10:52:00,29.52,29.54,29.49,29.5,14
2026-01-06 10:53:00,29.54,29.54,29.39,29.39,44
2026-01-06 10:54:00,29.39,29.39,29.39,29.39,0
2026-01-06 10:55:00,29.3653,29.4097,29.3653,29.3653,5
2026-01-06 10:56:00,29.32,29.32,29.22,29.25,25
2026-01-06 10:57:00,29.2297,29.2684,29.225,29.225,9
2026-01-06 10:58:00,29.22,29.22,29.22,29.22,3
2026-01-06 10:59:00,29.26,29.28,29.255,29.255,14
2026-01-06 11:00:00,29.285,29.285,29.235,29.235,5
2026-01-06 11:01:00,29.24,29.24,29.21,29.22,15
2026-01-06 11:02:00,29.22,29.22,29.155,29.205,36
2026-01-06 11:03:00,29.26,29.26,29.26,29.26,1
2026-01-06 11:04:00,29.2,29.23,29.2,29.23,16
2026-01-06 11:05:00,29.26,29.26,29.26,29.26,2
2026-01-06 11:06:00,29.235,29.235,29.23,29.23,3
2026-01-06 11:07:00,29.23,29.26,29.2,29.245,57
2026-01-06 11:08:00,29.27,29.27,29.205,29.22,55
2026-01-06 11:09:00,29.21,29.21,29.21,29.21,1
2026-01-06 11:10:00,29.21,29.21,29.21,29.21,1
2026-01-06 11:11:00,29.2,29.21,29.12,29.15,34
2026-01-06 11:12:00,29.1378,29.1997,29.125,29.1997,24
2026-01-06 11:13:00,29.2,29.2,29.1706,29.18,30
2026-01-06 11:14:00,29.18,29.235,29.18,29.235,9
2026-01-06 11:15:00,29.235,29.235,29.22,29.23,8
2026-01-06 11:16:00,29.26,29.28,29.2,29.235,42
2026-01-06 11:17:00,29.25,29.25,29.22,29.22,4
2026-01-06 11:18:00,29.235,29.2694,29.235,29.2694,3
2026-01-06 11:19:00,29.27,29.29,29.259,29.265,30
2026-01-06 11:20:00,29.29,29.35,29.28,29.35,16
2026-01-06 11:21:00,29.3475,29.35,29.345,29.345,8
2026-01-06 11:22:00,29.35,29.38,29.35,29.37,27
2026-01-06 11:23:00,29.41,29.415,29.41,29.415,3
2026-01-06 11:24:00,29.415,29.44,29.415,29.44,7
2026-01-06 11:25:00,29.48,29.48,29.48,29.48,3
2026-01-06 11:26:00,29.49,29.51,29.49,29.51,7
2026-01-06 11:27:00,29.51,29.595,29.5093,29.585,30
2026-01-06 11:28:00,29.585,29.59,29.55,29.55,70
2026-01-06 11:29:00,29.6,29.61,29.57,29.595,14
2026-01-06 11:30:00,29.59,29.59,29.57,29.575,7
2026-01-06 11:31:00,29.61,29.61,29.51,29.54,21
2026-01-06 11:32:00,29.505,29.505,29.38,29.39,23
2026-01-06 11:33:00,29.4,29.41,29.36,29.38,21
2026-01-06 11:34:00,29.43,29.43,29.38,29.38,3
2026-01-06 11:35:00,29.36,29.36,29.3575,29.3575,4
2026-01-06 11:36:00,29.3,29.3,29.3,29.3,1
2026-01-06 11:37:00,29.35,29.38,29.35,29.38,16
2026-01-06 11:38:00,29.38,29.385,29.38,29.385,3
2026-01-06 11:39:00,29.38,29.42,29.38,29.42,2
2026-01-06 11:40:00,29.42,29.42,29.385,29.385,16
2026-01-06 11:41:00,29.42,29.42,29.42,29.42,1
2026-01-06 11:42:00,29.4,29.43,29.4,29.43,6
2026-01-06 11:43:00,29.42,29.43,29.41,29.41,11
2026-01-06 11:44:00,29.45,29.45,29.45,29.45,1
2026-01-06 11:45:00,29.425,29.425,29.425,29.425,9
2026-01-06 11:46:00,29.425,29.425,29.425,29.425,14
2026-01-06 11:47:00,29.46,29.46,29.42,29.45,3
2026-01-06 11:48:00,29.42,29.42,29.395,29.395,4
2026-01-06 11:49:00,29.42,29.47,29.42,29.47,13
2026-01-06 11:50:00,29.46,29.49,29.41,29.41,97
2026-01-06 11:51:00,29.41,29.43,29.385,29.43,24
2026-01-06 11:52:00,29.38,29.38,29.275,29.275,27
2026-01-06 11:53:00,29.29,29.295,29.27,29.29,26
2026-01-06 11:54:00,29.305,29.305,29.28,29.28,29
2026-01-06 11:55:00,29.26,29.27,29.23,29.27,29
2026-01-06 11:56:00,29.28,29.28,29.23,29.26,7
2026-01-06 11:57:00,29.26,29.3,29.26,29.275,28
2026-01-06 11:58:00,29.28,29.33,29.26,29.33,42
2026-01-06 11:59:00,29.33,29.36,29.325,29.345,27
2026-01-06 12:00:00,29.345,29.355,29.345,29.355,5
2026-01-06 12:01:00,29.355,29.375,29.33,29.375,21
2026-01-06 12:02:00,29.395,29.395,29.3375,29.3375,28
2026-01-06 12:03:00,29.3,29.32,29.3,29.32,3
2026-01-06 12:04:00,29.3399,29.34,29.325,29.325,21
2026-01-06 12:05:00,29.36,29.36,29.357,29.357,6
2026-01-06 12:06:00,29.39,29.4,29.39,29.4,5
2026-01-06 12:07:00,29.425,29.43,29.425,29.43,5
2026-01-06 12:08:00,29.42,29.42,29.37,29.37,5
2026-01-06 12:09:00,29.365,29.365,29.32,29.36,6
2026-01-06 12:10:00,29.33,29.33,29.3,29.3,11
2026-01-06 12:11:00,29.29,29.318,29.29,29.318,5
2026-01-06 12:12:00,29.3,29.3,29.3,29.3,2
2026-01-06 12:13:00,29.3,29.3,29.3,29.3,0
2026-01-06 12:14:00,29.32,29.32,29.29,29.295,6
2026-01-06 12:15:00,29.305,29.33,29.2801,29.2801,7
2026-01-06 12:16:00,29.31,29.31,29.2801,29.2801,3
2026-01-06 12:17:00,29.31,29.31,29.31,29.31,1
2026-01-06 12:18:00,29.32,29.338,29.32,29.338,3
2026-01-06 12:19:00,29.32,29.3285,29.28,29.28,18
2026-01-06 12:20:00,29.2584,29.29,29.25,29.27,26
2026-01-06 12:21:00,29.275,29.28,29.215,29.215,34
2026-01-06 12:22:00,29.23,29.23,29.215,29.23,3
2026-01-06 12:23:00,29.215,29.23,29.215,29.23,5
2026-01-06 12:24:00,29.25,29.25,29.25,29.25,2
2026-01-06 12:25:00,29.23,29.23,29.2,29.22,35
2026-01-06 12:26:00,29.23,29.23,29.21,29.215,7
2026-01-06 12:27:00,29.22,29.25,29.22,29.23,10
2026-01-06 12:28:00,29.23,29.23,29.23,29.23,0
2026-01-06 12:29:00,29.24,29.26,29.24,29.26,5
2026-01-06 12:30:00,29.275,29.275,29.265,29.265,3
2026-01-06 12:31:00,29.27,29.275,29.25,29.25,4
2026-01-06 12:32:00,29.26,29.26,29.215,29.215,3
2026-01-06 12:33:00,29.23,29.23,29.22,29.22,2
2026-01-06 12:34:00,29.2385,29.2385,29.2385,29.2385,2
2026-01-06 12:35:00,29.21,29.24,29.21,29.24,5
2026-01-06 12:36:00,29.225,29.225,29.21,29.225,24
2026-01-06 12:37:00,29.225,29.24,29.225,29.24,3
2026-01-06 12:38:00,29.245,29.29,29.245,29.29,16
2026-01-06 12:39:00,29.29,29.29,29.26,29.26,6
2026-01-06 12:40:00,29.26,29.26,29.23,29.23,8
2026-01-06 12:41:00,29.25,29.25,29.25,29.25,2
2026-01-06 12:42:00,29.25,29.25,29.25,29.25,0
2026-01-06 12:43:00,29.25,29.255,29.24,29.25,8
2026-01-06 12:44:00,29.27,29.275,29.26,29.275,8
2026-01-06 12:45:00,29.275,29.275,29.275,29.275,2
2026-01-06 12:46:00,29.28,29.3,29.28,29.3,22
2026-01-06 12:47:00,29.325,29.33,29.31,29.31,9
2026-01-06 12:48:00,29.3,29.33,29.28,29.33,27
2026-01-06 12:49:00,29.32,29.32,29.32,29.32,2
2026-01-06 12:50:00,29.33,29.35,29.33,29.335,6
2026-01-06 12:51:00,29.335,29.335,29.335,29.335,3
2026-01-06 12:52:00,29.335,29.335,29.31,29.31,16
2026-01-06 12:53:00,29.32,29.39,29.32,29.36,16
2026-01-06 12:54:00,29.365,29.365,29.365,29.365,2
2026-01-06 12:55:00,29.365,29.3975,29.365,29.3975,5
2026-01-06 12:56:00,29.4,29.41,29.385,29.41,3
2026-01-06 12:57:00,29.395,29.395,29.37,29.37,5
2026-01-06 12:58:00,29.37,29.37,29.37,29.37,0
2026-01-06 12:59:00,29.37,29.37,29.37,29.37,0
2026-01-06 13:00:00,29.33,29.41,29.33,29.36,18
2026-01-06 13:01:00,29.3409,29.3409,29.32,29.32,9
2026-01-06 13:02:00,29.3,29.31,29.2702,29.31,34
2026-01-06 13:03:00,29.33,29.42,29.33,29.42,16
2026-01-06 13:04:00,29.42,29.42,29.42,29.42,0
2026-01-06 13:05:00,29.41,29.44,29.4,29.4,14
2026-01-06 13:06:00,29.4,29.4,29.37,29.37,2
2026-01-06 13:07:00,29.37,29.38,29.37,29.38,6
2026-01-06 13:08:00,29.39,29.4,29.37,29.3801,16
2026-01-06 13:09:00,29.39,29.39,29.39,29.39,2
2026-01-06 13:10:00,29.37,29.4,29.36,29.38,8
2026-01-06 13:11:00,29.38,29.38,29.38,29.38,5
2026-01-06 13:12:00,29.38,29.38,29.38,29.38,0
2026-01-06 13:13:00,29.41,29.425,29.41,29.425,7
2026-01-06 13:14:00,29.425,29.425,29.425,29.425,0
2026-01-06 13:15:00,29.39,29.41,29.39,29.39,7
2026-01-06 13:16:00,29.405,29.405,29.39,29.39,2
2026-01-06 13:17:00,29.41,29.41,29.37,29.37,8
2026-01-06 13:18:00,29.3675,29.42,29.365,29.42,28
2026-01-06 13:19:00,29.43,29.43,29.425,29.425,4
2026-01-06 13:20:00,29.4277,29.43,29.41,29.41,3
2026-01-06 13:21:00,29.43,29.43,29.425,29.425,5
2026-01-06 13:22:00,29.425,29.425,29.425,29.425,2
2026-01-06 13:23:00,29.4399,29.4399,29.39,29.39,30
2026-01-06 13:24:00,29.4,29.4,29.395,29.395,8
2026-01-06 13:25:00,29.395,29.395,29.395,29.395,0
2026-01-06 13:26:00,29.41,29.46,29.41,29.46,11
2026-01-06 13:27:00,29.4685,29.495,29.4685,29.49,7
2026-01-06 13:28:00,29.48,29.48,29.48,29.48,2
2026-01-06 13:29:00,29.48,29.48,29.48,29.48,1
2026-01-06 13:30:00,29.48,29.48,29.47,29.47,3
2026-01-06 13:31:00,29.46,29.46,29.44,29.45,13
2026-01-06 13:32:00,29.47,29.48,29.47,29.48,3
2026-01-06 13:33:00,29.5,29.51,29.5,29.51,8
2026-01-06 13:34:00,29.515,29.515,29.515,29.515,3
2026-01-06 13:35:00,29.53,29.53,29.53,29.53,1
2026-01-06 13:36:00,29.535,29.555,29.535,29.54,23
2026-01-06 13:37:00,29.54,29.54,29.52,29.535,8
2026-01-06 13:38:00,29.535,29.535,29.535,29.535,3
2026-01-06 13:39:00,29.53,29.61,29.53,29.56,49
2026-01-06 13:40:00,29.535,29.535,29.535,29.535,1
2026-01-06 13:41:00,29.52,29.57,29.52,29.545,18
2026-01-06 13:42:00,29.56,29.56,29.54,29.55,13
2026-01-06 13:43:00,29.56,29.56,29.56,29.56,2
2026-01-06 13:44:00,29.55,29.555,29.43,29.48,61
2026-01-06 13:45:00,29.445,29.445,29.445,29.445,1
2026-01-06 13:46:00,29.455,29.49,29.455,29.48,17
2026-01-06 13:47:00,29.55,29.55,29.545,29.545,3
2026-01-06 13:48:00,29.51,29.54,29.465,29.48,29
2026-01-06 13:49:00,29.48,29.5,29.48,29.5,8
2026-01-06 13:50:00,29.495,29.53,29.455,29.455,8
2026-01-06 13:51:00,29.4727,29.55,29.4727,29.525,7
2026-01-06 13:52:00,29.525,29.525,29.525,29.525,1
2026-01-06 13:53:00,29.52,29.55,29.52,29.55,7
2026-01-06 13:54:00,29.54,29.54,29.54,29.54,1
2026-01-06 13:55:00,29.51,29.51,29.48,29.48,17
2026-01-06 13:56:00,29.46,29.46,29.46,29.46,12
2026-01-06 13:57:00,29.48,29.49,29.47,29.49,10
2026-01-06 13:58:00,29.4825,29.49,29.46,29.46,6
2026-01-06 13:59:00,29.46,29.46,29.46,29.46,1
2026-01-06 14:00:00,29.48,29.515,29.48,29.49,13
2026-01-06 14:01:00,29.495,29.495,29.495,29.495,2
2026-01-06 14:02:00,29.5,29.505,29.5,29.505,2
2026-01-06 14:03:00,29.49,29.49,29.49,29.49,7
2026-01-06 14:04:00,29.52,29.53,29.5,29.53,7
2026-01-06 14:05:00,29.54,29.56,29.54,29.56,2
2026-01-06 14:06:00,29.555,29.555,29.555,29.555,1
2026-01-06 14:07:00,29.56,29.58,29.56,29.57,14
2026-01-06 14:08:00,29.6,29.61,29.59,29.61,11
2026-01-06 14:09:00,29.595,29.625,29.59,29.59,40
2026-01-06 14:10:00,29.61,29.61,29.59,29.595,7
2026-01-06 14:11:00,29.595,29.595,29.595,29.595,0
2026-01-06 14:12:00,29.62,29.64,29.62,29.64,3
2026-01-06 14:13:00,29.625,29.645,29.615,29.625,40
2026-01-06 14:14:00,29.625,29.64,29.6,29.61,39
2026-01-06 14:15:00,29.605,29.605,29.605,29.605,1
2026-01-06 14:16:00,29.605,29.605,29.605,29.605,0
2026-01-06 14:17:00,29.62,29.63,29.545,29.555,44
2026-01-06 14:18:00,29.55,29.55,29.55,29.55,3
2026-01-06 14:19:00,29.565,29.565,29.53,29.54,7
2026-01-06 14:20:00,29.51,29.51,29.5,29.5,4
2026-01-06 14:21:00,29.4946,29.5,29.485,29.5,3
2026-01-06 14:22:00,29.49,29.49,29.49,29.49,1
2026-01-06 14:23:00,29.505,29.53,29.505,29.53,21
2026-01-06 14:24:00,29.55,29.565,29.52,29.55,65
2026-01-06 14:25:00,29.545,29.55,29.53,29.535,7
2026-01-06 14:26:00,29.545,29.59,29.545,29.59,34
2026-01-06 14:27:00,29.61,29.625,29.61,29.625,6
2026-01-06 14:28:00,29.63,29.63,29.62,29.62,2
2026-01-06 14:29:00,29.635,29.635,29.635,29.635,4
2026-01-06 14:30:00,29.62,29.62,29.61,29.618,18
2026-01-06 14:31:00,29.605,29.605,29.605,29.605,2
2026-01-06 14:32:00,29.605,29.605,29.605,29.605,0
2026-01-06 14:33:00,29.62,29.64,29.62,29.64,6
2026-01-06 14:34:00,29.63,29.63,29.61,29.62,11
2026-01-06 14:35:00,29.61,29.61,29.555,29.555,18
2026-01-06 14:36:00,29.56,29.56,29.56,29.56,16
2026-01-06 14:37:00,29.58,29.58,29.58,29.58,3
2026-01-06 14:38:00,29.59,29.6,29.545,29.5801,101
2026-01-06 14:39:00,29.5701,29.67,29.5701,29.66,32
2026-01-06 14:40:00,29.66,29.66,29.66,29.66,8
2026-01-06 14:41:00,29.655,29.655,29.65,29.655,9
2026-01-06 14:42:00,29.64,29.64,29.63,29.63,4
2026-01-06 14:43:00,29.64,29.64,29.6,29.605,20
2026-01-06 14:44:00,29.5985,29.6,29.5985,29.6,3
2026-01-06 14:45:00,29.61,29.61,29.595,29.5975,11
2026-01-06 14:46:00,29.6108,29.6108,29.5785,29.605,7
2026-01-06 14:47:00,29.59,29.605,29.585,29.605,6
2026-01-06 14:48:00,29.605,29.605,29.605,29.605,6
2026-01-06 14:49:00,29.6,29.605,29.595,29.605,12
2026-01-06 14:50:00,29.61,29.62,29.605,29.605,4
2026-01-06 14:51:00,29.61,29.615,29.61,29.615,3
2026-01-06 14:52:00,29.615,29.615,29.615,29.615,2
2026-01-06 14:53:00,29.61,29.64,29.6,29.6,98
2026-01-06 14:54:00,29.6,29.63,29.6,29.625,22
2026-01-06 14:55:00,29.655,29.655,29.655,29.655,1
2026-01-06 14:56:00,29.645,29.645,29.61,29.61,24
2026-01-06 14:57:00,29.61,29.625,29.61,29.625,3
2026-01-06 14:58:00,29.625,29.625,29.625,29.625,3
2026-01-06 14:59:00,29.64,29.65,29.625,29.625,20
2026-01-06 15:00:00,29.64,29.66,29.64,29.655,16
2026-01-06 15:01:00,29.67,29.7,29.665,29.7,17
2026-01-06 15:02:00,29.72,29.735,29.69,29.72,34
2026-01-06 15:03:00,29.7,29.715,29.63,29.63,14
2026-01-06 15:04:00,29.6262,29.6262,29.6,29.62,29
2026-01-06 15:05:00,29.639,29.64,29.63,29.63,5
2026-01-06 15:06:00,29.63,29.63,29.575,29.58,16
2026-01-06 15:07:00,29.58,29.59,29.575,29.585,10
2026-01-06 15:08:00,29.5865,29.5865,29.56,29.58,10
2026-01-06 15:09:00,29.55,29.555,29.55,29.555,3
2026-01-06 15:10:00,29.54,29.56,29.525,29.56,33
2026-01-06 15:11:00,29.555,29.555,29.54,29.54,5
2026-01-06 15:12:00,29.52,29.52,29.52,29.52,1
2026-01-06 15:13:00,29.54,29.54,29.535,29.535,6
2026-01-06 15:14:00,29.535,29.535,29.502,29.502,14
2026-01-06 15:15:00,29.51,29.51,29.37,29.46,62
2026-01-06 15:16:00,29.47,29.47,29.445,29.445,12
2026-01-06 15:17:00,29.445,29.458,29.445,29.458,6
2026-01-06 15:18:00,29.445,29.48,29.443,29.48,19
2026-01-06 15:19:00,29.48,29.52,29.48,29.52,8
2026-01-06 15:20:00,29.54,29.54,29.51,29.535,30
2026-01-06 15:21:00,29.54,29.545,29.49,29.5,44
2026-01-06 15:22:00,29.51,29.51,29.46,29.495,51
2026-01-06 15:23:00,29.48,29.48,29.42,29.42,9
2026-01-06 15:24:00,29.42,29.43,29.39,29.43,17
2026-01-06 15:25:00,29.425,29.44,29.425,29.435,35
2026-01-06 15:26:00,29.42,29.425,29.42,29.425,7
2026-01-06 15:27:00,29.4,29.4,29.345,29.345,87
2026-01-06 15:28:00,29.37,29.37,29.37,29.37,14
2026-01-06 15:29:00,29.397,29.43,29.397,29.43,9
2026-01-06 15:30:00,29.38,29.38,29.365,29.365,19
2026-01-06 15:31:00,29.365,29.37,29.363,29.37,41
2026-01-06 15:32:00,29.35,29.39,29.35,29.375,37
2026-01-06 15:33:00,29.3597,29.3597,29.3597,29.3597,2
2026-01-06 15:34:00,29.4,29.41,29.4,29.41,8
2026-01-06 15:35:00,29.4,29.43,29.4,29.415,22
2026-01-06 15:36:00,29.42,29.42,29.39,29.405,43
2026-01-06 15:37:00,29.42,29.43,29.37,29.38,30
2026-01-06 15:38:00,29.39,29.39,29.39,29.39,2
2026-01-06 15:39:00,29.41,29.421,29.4,29.405,28
2026-01-06 15:40:00,29.43,29.475,29.43,29.475,15
2026-01-06 15:41:00,29.48,29.48,29.4601,29.4601,3
2026-01-06 15:42:00,29.475,29.475,29.45,29.46,17
2026-01-06 15:43:00,29.48,29.48,29.48,29.48,2
2026-01-06 15:44:00,29.48,29.48,29.42,29.43,19
2026-01-06 15:45:00,29.43,29.43,29.43,29.43,2
2026-01-06 15:46:00,29.43,29.435,29.38,29.38,23
2026-01-06 15:47:00,29.38,29.383,29.325,29.325,17
2026-01-06 15:48:00,29.325,29.34,29.325,29.325,10
2026-01-06 15:49:00,29.325,29.34,29.325,29.325,14
2026-01-06 15:50:00,29.34,29.36,29.285,29.285,89
2026-01-06 15:51:00,29.28,29.3,29.265,29.265,64
2026-01-06 15:52:00,29.265,29.285,29.26,29.28,61
2026-01-06 15:53:00,29.28,29.345,29.2508,29.345,70
2026-01-06 15:54:00,29.34,29.37,29.13,29.21,93
2026-01-06 15:55:00,29.19,29.26,29.19,29.25,106
2026-01-06 15:56:00,29.25,29.25,29.185,29.195,67
2026-01-06 15:57:00,29.195,29.21,29.17,29.17,136
2026-01-06 15:58:00,29.1762,29.205,29.165,29.17,229
2026-01-06 15:59:00,29.18,29.225,29.175,29.22,247
2026-01-07 09:30:00,29.35,29.55,29.26,29.5,138
2026-01-07 09:31:00,29.7715,29.7715,29.54,29.55,36
2026-01-07 09:32:00,29.45,29.6,29.45,29.56,143
2026-01-07 09:33:00,29.595,29.66,29.5606,29.66,19
2026-01-07 09:34:00,29.74,30.09,29.74,30.03,241
2026-01-07 09:35:00,30.01,30.11,30.0,30.09,39
2026-01-07 09:36:00,30.15,30.4151,30.1225,30.34,280
2026-01-07 09:37:00,30.27,30.31,30.22,30.31,56
2026-01-07 09:38:00,30.42,30.5,30.2,30.47,75
2026-01-07 09:39:00,30.4799,30.59,30.2314,30.5,146
2026-01-07 09:40:00,30.51,30.5999,30.3,30.3,30
2026-01-07 09:41:00,30.35,30.5054,30.21,30.22,20
2026-01-07 09:42:00,30.2,30.2,29.95,30.05,51
2026-01-07 09:43:00,30.11,30.15,30.05,30.06,42
2026-01-07 09:44:00,30.195,30.2,30.19,30.2,22
2026-01-07 09:45:00,30.14,30.14,29.99,30.025,12
2026-01-07 09:46:00,30.025,30.135,30.025,30.13,16
2026-01-07 09:47:00,30.06,30.09,29.99,30.07,257
2026-01-07 09:48:00,30.075,30.075,29.99,30.07,16
2026-01-07 09:49:00,30.18,30.3099,30.15,30.3099,110
2026-01-07 09:50:00,30.31,30.54,30.28,30.54,66
2026-01-07 09:51:00,30.58,30.59,30.545,30.545,16
2026-01-07 09:52:00,30.57,30.58,30.35,30.35,29
2026-01-07 09:53:00,30.35,30.4799,30.35,30.45,33
2026-01-07 09:54:00,30.36,30.55,30.33,30.55,105
2026-01-07 09:55:00,30.485,30.52,30.382,30.43,38
2026-01-07 09:56:00,30.43,30.55,30.43,30.5,29
2026-01-07 09:57:00,30.51,30.5433,30.38,30.415,24
2026-01-07 09:58:00,30.415,30.46,30.395,30.395,7
2026-01-07 09:59:00,30.4162,30.4463,30.365,30.4463,44
2026-01-07 10:00:00,30.445,30.4899,30.38,30.47,20
2026-01-07 10:01:00,30.435,30.435,30.2,30.21,45
2026-01-07 10:02:00,30.235,30.33,30.235,30.33,40
2026-01-07 10:03:00,30.33,30.34,30.26,30.295,18
2026-01-07 10:04:00,30.295,30.36,30.25,30.35,13
2026-01-07 10:05:00,30.258,30.36,30.258,30.35,12
2026-01-07 10:06:00,30.4,30.445,30.3404,30.4,35
2026-01-07 10:07:00,30.445,30.46,30.36,30.375,14
2026-01-07 10:08:00,30.34,30.42,30.28,30.37,25
2026-01-07 10:09:00,30.36,30.4,30.36,30.4,6
2026-01-07 10:10:00,30.375,30.4499,30.32,30.32,30
2026-01-07 10:11:00,30.345,30.375,30.345,30.365,6
2026-01-07 10:12:00,30.375,30.375,30.26,30.26,24
2026-01-07 10:13:00,30.34,30.35,30.34,30.34,9
2026-01-07 10:14:00,30.33,30.33,30.21,30.28,33
2026-01-07 10:15:00,30.25,30.28,30.24,30.24,6
2026-01-07 10:16:00,30.235,30.25,30.16,30.24,18
2026-01-07 10:17:00,30.2,30.28,30.195,30.235,39
2026-01-07 10:18:00,30.24,30.26,30.19,30.22,32
2026-01-07 10:19:00,30.18,30.18,30.14,30.15,16
2026-01-07 10:20:00,30.15,30.19,30.13,30.19,19
2026-01-07 10:21:00,30.168,30.2,30.1501,30.19,14
2026-01-07 10:22:00,30.19,30.19,29.98,30.003,29
2026-01-07 10:23:00,29.97,30.105,29.97,30.105,21
2026-01-07 10:24:00,30.07,30.09,30.07,30.09,31
2026-01-07 10:25:00,30.09,30.09,29.945,29.945,14
2026-01-07 10:26:00,29.97,29.995,29.9,29.92,227
2026-01-07 10:27:00,29.915,29.93,29.915,29.915,7
2026-01-07 10:28:00,29.95,30.01,29.95,30.0,20
2026-01-07 10:29:00,30.03,30.03,30.0,30.005,6
2026-01-07 10:30:00,30.01,30.01,30.01,30.01,1
2026-01-07 10:31:00,30.025,30.05,30.025,30.03,15
2026-01-07 10:32:00,30.01,30.02,29.8853,29.8853,39
2026-01-07 10:33:00,29.96,29.96,29.92,29.935,7
2026-01-07 10:34:00,29.88,29.905,29.87,29.905,7
2026-01-07 10:35:00,29.9,29.918,29.89,29.89,29
2026-01-07 10:36:00,29.88,29.88,29.88,29.88,1
2026-01-07 10:37:00,29.86,29.86,29.68,29.775,73
2026-01-07 10:38:00,29.78,29.78,29.73,29.73,4
2026-01-07 10:39:00,29.72,29.79,29.7012,29.79,11
2026-01-07 10:40:00,29.83,29.83,29.82,29.82,13
2026-01-07 10:41:00,29.805,29.805,29.77,29.775,6
2026-01-07 10:42:00,29.775,29.775,29.775,29.775,2
2026-01-07 10:43:00,29.74,29.74,29.74,29.74,2
2026-01-07 10:44:00,29.745,29.77,29.655,29.655,17
2026-01-07 10:45:00,29.71,29.71,29.656,29.656,3
2026-01-07 10:46:00,29.665,29.665,29.62,29.62,5
2026-01-07 10:47:00,29.66,29.66,29.66,29.66,5
2026-01-07 10:48:00,29.66,29.66,29.61,29.61,7
2026-01-07 10:49:00,29.61,29.61,29.4406,29.4406,286
2026-01-07 10:50:00,29.48,29.53,29.47,29.52,149
2026-01-07 10:51:00,29.62,29.62,29.58,29.59,20
2026-01-07 10:52:00,29.585,29.62,29.54,29.54,22
2026-01-07 10:53:00,29.5,29.5,29.5,29.5,1
2026-01-07 10:54:00,29.52,29.52,29.49,29.49,15
2026-01-07 10:55:00,29.51,29.51,29.51,29.51,1
2026-01-07 10:56:00,29.507,29.507,29.49,29.49,3
2026-01-07 10:57:00,29.4927,29.52,29.4927,29.52,4
2026-01-07 10:58:00,29.51,29.515,29.51,29.515,2
2026-01-07 10:59:00,29.505,29.505,29.505,29.505,1
2026-01-07 11:00:00,29.52,29.52,29.52,29.52,1
2026-01-07 11:01:00,29.525,29.565,29.525,29.555,4
2026-01-07 11:02:00,29.56,29.57,29.56,29.57,5
2026-01-07 11:03:00,29.56,29.56,29.53,29.535,38
2026-01-07 11:04:00,29.535,29.56,29.535,29.555,34
2026-01-07 11:05:00,29.545,29.55,29.51,29.51,6
2026-01-07 11:06:00,29.54,29.54,29.54,29.54,2
2026-01-07 11:07:00,29.55,29.55,29.53,29.5495,6
2026-01-07 11:08:00,29.545,29.545,29.53,29.53,7
2026-01-07 11:09:00,29.53,29.57,29.53,29.57,5
2026-01-07 11:10:00,29.57,29.58,29.57,29.58,4
2026-01-07 11:11:00,29.55,29.55,29.54,29.54,9
2026-01-07 11:12:00,29.555,29.555,29.52,29.52,5
2026-01-07 11:13:00,29.535,29.535,29.5,29.5,8
2026-01-07 11:14:00,29.49,29.49,29.45,29.45,6
2026-01-07 11:15:00,29.47,29.5,29.47,29.5,5
2026-01-07 11:16:00,29.505,29.505,29.46,29.46,9
2026-01-07 11:17:00,29.46,29.46,29.46,29.46,0
2026-01-07 11:18:00,29.475,29.5,29.475,29.5,2
2026-01-07 11:19:00,29.48,29.48,29.46,29.46,6
2026-01-07 11:20:00,29.46,29.46,29.46,29.46,0
2026-01-07 11:21:00,29.48,29.48,29.3564,29.39,21
2026-01-07 11:22:00,29.45,29.47,29.45,29.47,11
2026-01-07 11:23:00,29.46,29.48,29.46,29.465,5
2026-01-07 11:24:00,29.46,29.46,29.46,29.46,2
2026-01-07 11:25:00,29.43,29.435,29.42,29.435,7
2026-01-07 11:26:00,29.42,29.44,29.42,29.44,3
2026-01-07 11:27:00,29.41,29.41,29.37,29.37,28
2026-01-07 11:28:00,29.38,29.4,29.38,29.38,12
2026-01-07 11:29:00,29.4,29.44,29.39,29.44,9
2026-01-07 11:30:00,29.47,29.48,29.455,29.48,8
2026-01-07 11:31:00,29.485,29.485,29.47,29.47,6
2026-01-07 11:32:00,29.47,29.47,29.47,29.47,0
2026-01-07 11:33:00,29.47,29.47,29.47,29.47,1
2026-01-07 11:34:00,29.475,29.48,29.4721,29.4721,4
2026-01-07 11:35:00,29.46,29.46,29.44,29.44,6
2026-01-07 11:36:00,29.43,29.4599,29.42,29.4599,4
2026-01-07 11:37:00,29.41,29.41,29.41,29.41,1
2026-01-07 11:38:00,29.405,29.405,29.405,29.405,2
2026-01-07 11:39:00,29.405,29.405,29.405,29.405,0
2026-01-07 11:40:00,29.415,29.415,29.38,29.38,9
2026-01-07 11:41:00,29.37,29.38,29.37,29.38,2
2026-01-07 11:42:00,29.4,29.41,29.4,29.41,3
2026-01-07 11:43:00,29.43,29.46,29.43,29.46,4
2026-01-07 11:44:00,29.46,29.465,29.46,29.465,3
2026-01-07 11:45:00,29.465,29.465,29.465,29.465,2
2026-01-07 11:46:00,29.47,29.47,29.47,29.47,1
2026-01-07 11:47:00,29.47,29.48,29.47,29.48,7
2026-01-07 11:48:00,29.48,29.48,29.48,29.48,1
2026-01-07 11:49:00,29.48,29.48,29.465,29.47,9
2026-01-07 11:50:00,29.478,29.485,29.478,29.485,11
2026-01-07 11:51:00,29.485,29.485,29.485,29.485,3
2026-01-07 11:52:00,29.485,29.485,29.47,29.47,15
2026-01-07 11:53:00,29.4635,29.4635,29.4635,29.4635,1
2026-01-07 11:54:00,29.46,29.46,29.415,29.415,18
2026-01-07 11:55:00,29.415,29.415,29.415,29.415,0
2026-01-07 11:56:00,29.45,29.46,29.445,29.445,10
2026-01-07 11:57:00,29.47,29.5,29.465,29.5,19
2026-01-07 11:58:00,29.5,29.5,29.5,29.5,0
2026-01-07 11:59:00,29.515,29.515,29.515,29.515,1
2026-01-07 12:00:00,29.5,29.505,29.5,29.505,3
2026-01-07 12:01:00,29.51,29.51,29.51,29.51,5
2026-01-07 12:02:00,29.49,29.49,29.46,29.46,11
2026-01-07 12:03:00,29.45,29.45,29.44,29.44,2
2026-01-07 12:04:00,29.435,29.455,29.435,29.455,7
2026-01-07 12:05:00,29.455,29.455,29.42,29.42,7
2026-01-07 12:06:00,29.41,29.41,29.41,29.41,1
2026-01-07 12:07:00,29.41,29.42,29.39,29.39,10
2026-01-07 12:08:00,29.4,29.4,29.395,29.395,12
2026-01-07 12:09:00,29.4,29.495,29.4,29.495,43
2026-01-07 12:10:00,29.5,29.5,29.48,29.48,4
2026-01-07 12:11:00,29.5,29.5,29.48,29.485,12
2026-01-07 12:12:00,29.48,29.48,29.45,29.45,17
2026-01-07 12:13:00,29.445,29.445,29.445,29.445,1
2026-01-07 12:14:00,29.445,29.445,29.445,29.445,3
2026-01-07 12:15:00,29.47,29.47,29.45,29.45,6
2026-01-07 12:16:00,29.43,29.46,29.42,29.43,7
2026-01-07 12:17:00,29.42,29.45,29.42,29.45,34
2026-01-07 12:18:00,29.46,29.5,29.4474,29.5,21
2026-01-07 12:19:00,29.49,29.49,29.49,29.49,3
2026-01-07 12:20:00,29.47,29.47,29.46,29.46,5
2026-01-07 12:21:00,29.46,29.46,29.46,29.46,1
2026-01-07 12:22:00,29.465,29.465,29.45,29.45,2
2026-01-07 12:23:00,29.44,29.45,29.44,29.44,8
2026-01-07 12:24:00,29.43,29.435,29.42,29.43,8
2026-01-07 12:25:00,29.43,29.43,29.43,29.43,1
2026-01-07 12:26:00,29.44,29.48,29.44,29.48,12
2026-01-07 12:27:00,29.495,29.52,29.495,29.52,6
2026-01-07 12:28:00,29.515,29.515,29.515,29.515,1
2026-01-07 12:29:00,29.52,29.52,29.52,29.52,1
2026-01-07 12:30:00,29.5,29.52,29.44,29.44,31
2026-01-07 12:31:00,29.45,29.45,29.45,29.45,1
2026-01-07 12:32:00,29.44,29.44,29.44,29.44,1
2026-01-07 12:33:00,29.435,29.435,29.435,29.435,1
2026-01-07 12:34:00,29.42,29.45,29.4,29.42,16
2026-01-07 12:35:00,29.4,29.42,29.4,29.42,2
2026-01-07 12:36:00,29.4,29.42,29.39,29.39,10
2026-01-07 12:37:00,29.4,29.43,29.4,29.43,5
2026-01-07 12:38:00,29.4327,29.46,29.42,29.45,17
2026-01-07 12:39:00,29.46,29.46,29.445,29.445,2
2026-01-07 12:40:00,29.45,29.45,29.45,29.45,2
2026-01-07 12:41:00,29.43,29.43,29.37,29.37,28
2026-01-07 12:42:00,29.37,29.4,29.37,29.4,10
2026-01-07 12:43:00,29.4,29.4,29.4,29.4,0
2026-01-07 12:44:00,29.395,29.395,29.395,29.395,1
2026-01-07 12:45:00,29.395,29.395,29.395,29.395,0
2026-01-07 12:46:00,29.395,29.3951,29.395,29.3951,5
2026-01-07 12:47:00,29.38,29.39,29.36,29.36,13
2026-01-07 12:48:00,29.36,29.36,29.35,29.35,16
2026-01-07 12:49:00,29.35,29.4,29.35,29.4,14
2026-01-07 12:50:00,29.39,29.39,29.39,29.39,3
2026-01-07 12:51:00,29.36,29.37,29.36,29.37,8
2026-01-07 12:52:00,29.35,29.35,29.345,29.345,15
2026-01-07 12:53:00,29.32,29.335,29.32,29.335,9
2026-01-07 12:54:00,29.335,29.35,29.31,29.35,18
2026-01-07 12:55:00,29.33,29.335,29.3,29.3,4
2026-01-07 12:56:00,29.325,29.325,29.28,29.28,7
2026-01-07 12:57:00,29.26,29.31,29.26,29.31,46
2026-01-07 12:58:00,29.295,29.3,29.295,29.3,2
2026-01-07 12:59:00,29.31,29.31,29.305,29.305,2
2026-01-07 13:00:00,29.28,29.28,29.2,29.28,46
2026-01-07 13:01:00,29.245,29.245,29.19,29.19,21
2026-01-07 13:02:00,29.19,29.19,29.175,29.175,9
2026-01-07 13:03:00,29.17,29.17,29.155,29.155,3
2026-01-07 13:04:00,29.16,29.16,29.16,29.16,1
2026-01-07 13:05:00,29.14,29.16,29.13,29.13,7
2026-01-07 13:06:00,29.1435,29.18,29.1435,29.18,35
2026-01-07 13:07:00,29.17,29.17,29.17,29.17,2
2026-01-07 13:08:00,29.17,29.17,29.15,29.15,4
2026-01-07 13:09:00,29.14,29.18,29.14,29.18,22
2026-01-07 13:10:00,29.18,29.18,29.18,29.18,0
2026-01-07 13:11:00,29.18,29.18,29.18,29.18,0
2026-01-07 13:12:00,29.18,29.18,29.18,29.18,0
2026-01-07 13:13:00,29.14,29.15,29.14,29.15,2
2026-01-07 13:14:00,29.15,29.17,29.11,29.12,22
2026-01-07 13:15:00,29.13,29.15,29.12,29.15,3
2026-01-07 13:16:00,29.15,29.15,29.13,29.135,16
2026-01-07 13:17:00,29.13,29.13,29.12,29.12,4
2026-01-07 13:18:00,29.12,29.12,29.11,29.12,12
2026-01-07 13:19:00,29.13,29.146,29.125,29.1425,26
2026-01-07 13:20:00,29.13,29.13,29.13,29.13,1
2026-01-07 13:21:00,29.13,29.13,29.13,29.13,0
2026-01-07 13:22:00,29.12,29.13,29.12,29.12,9
2026-01-07 13:23:00,29.12,29.121,29.08,29.0837,49
2026-01-07 13:24:00,29.1,29.1,29.08,29.08,3
2026-01-07 13:25:00,29.08,29.0825,29.0219,29.0219,45
2026-01-07 13:26:00,29.03,29.04,29.02,29.04,8
2026-01-07 13:27:00,29.04,29.04,28.97,28.985,26
2026-01-07 13:28:00,29.0,29.02,28.98,29.02,27
2026-01-07 13:29:00,29.03,29.045,29.03,29.045,7
2026-01-07 13:30:00,29.045,29.0461,29.03,29.03,8
2026-01-07 13:31:00,29.03,29.03,29.02,29.02,8
2026-01-07 13:32:00,29.003,29.03,28.945,28.945,45
2026-01-07 13:33:00,28.97,28.97,28.8951,28.95,23
2026-01-07 13:34:00,28.94,28.94,28.924,28.924,4
2026-01-07 13:35:00,28.91,28.92,28.852,28.89,29
2026-01-07 13:36:00,28.89,28.89,28.88,28.885,4
2026-01-07 13:37:00,28.88,28.88,28.85,28.88,92
2026-01-07 13:38:00,28.86,28.905,28.805,28.905,36
2026-01-07 13:39:00,28.9,28.9,28.87,28.87,6
2026-01-07 13:40:00,28.87,28.87,28.8579,28.8579,5
2026-01-07 13:41:00,28.86,28.86,28.84,28.84,6
2026-01-07 13:42:00,28.855,28.9,28.855,28.9,10
2026-01-07 13:43:00,28.9,28.9,28.9,28.9,0
2026-01-07 13:44:00,28.88,28.88,28.88,28.88,6
2026-01-07 13:45:00,28.88,28.88,28.85,28.875,9
2026-01-07 13:46:00,28.85,28.85,28.85,28.85,1
2026-01-07 13:47:00,28.85,28.85,28.85,28.85,0
2026-01-07 13:48:00,28.865,28.865,28.865,28.865,2
2026-01-07 13:49:00,28.865,28.87,28.85,28.86,12
2026-01-07 13:50:00,28.87,28.87,28.752,28.77,52
2026-01-07 13:51:00,28.77,28.855,28.77,28.855,23
2026-01-07 13:52:00,28.84,28.84,28.84,28.84,3
2026-01-07 13:53:00,28.84,28.84,28.84,28.84,2
2026-01-07 13:54:00,28.84,28.84,28.8,28.84,6
2026-01-07 13:55:00,28.84,28.84,28.84,28.84,0
2026-01-07 13:56:00,28.79,28.81,28.77,28.77,12
2026-01-07 13:57:00,28.78,28.94,28.78,28.93,144
2026-01-07 13:58:00,28.94,29.06,28.94,29.05,77
2026-01-07 13:59:00,29.1,29.125,29.09,29.11,30
2026-01-07 14:00:00,29.12,29.16,29.1,29.1,20
2026-01-07 14:01:00,29.07,29.07,29.07,29.07,1
2026-01-07 14:02:00,29.12,29.13,29.0975,29.11,23
2026-01-07 14:03:00,29.11,29.11,29.055,29.09,10
2026-01-07 14:04:00,29.12,29.12,29.11,29.11,6
2026-01-07 14:05:00,29.11,29.115,29.07,29.07,7
2026-01-07 14:06:00,29.105,29.105,29.09,29.105,6
2026-01-07 14:07:00,29.08,29.08,29.04,29.05,6
2026-01-07 14:08:00,29.045,29.07,29.03,29.07,9
2026-01-07 14:09:00,29.06,29.06,29.04,29.04,3
2026-01-07 14:10:00,29.04,29.04,29.04,29.04,6
2026-01-07 14:11:00,29.045,29.06,29.03,29.03,8
2026-01-07 14:12:00,29.04,29.04,29.04,29.04,1
2026-01-07 14:13:00,29.02,29.06,28.99,29.04,28
2026-01-07 14:14:00,29.07,29.08,29.07,29.08,2
2026-01-07 14:15:00,29.07,29.09,29.07,29.075,9
2026-01-07 14:16:00,29.065,29.065,29.04,29.04,8
2026-01-07 14:17:00,29.04,29.04,29.04,29.04,0
2026-01-07 14:18:00,29.05,29.05,29.05,29.05,1
2026-01-07 14:19:00,29.02,29.02,29.02,29.02,4
2026-01-07 14:20:00,29.03,29.035,29.03,29.035,3
2026-01-07 14:21:00,29.07,29.07,29.06,29.07,10
2026-01-07 14:22:00,29.06,29.0799,29.06,29.0799,10
2026-01-07 14:23:00,29.07,29.07,29.06,29.06,5
2026-01-07 14:24:00,29.055,29.22,29.055,29.175,58
2026-01-07 14:25:00,29.19,29.19,29.15,29.16,10
2026-01-07 14:26:00,29.16,29.17,29.16,29.17,11
2026-01-07 14:27:00,29.2,29.22,29.195,29.205,16
2026-01-07 14:28:00,29.21,29.21,29.21,29.21,1
2026-01-07 14:29:00,29.21,29.26,29.21,29.26,28
2026-01-07 14:30:00,29.245,29.245,29.245,29.245,1
2026-01-07 14:31:00,29.25,29.25,29.25,29.25,2
2026-01-07 14:32:00,29.26,29.26,29.22,29.22,32
2026-01-07 14:33:00,29.21,29.21,29.18,29.18,3
2026-01-07 14:34:00,29.18,29.18,29.16,29.18,6
2026-01-07 14:35:00,29.185,29.2,29.18,29.18,7
2026-01-07 14:36:00,29.185,29.185,29.185,29.185,1
2026-01-07 14:37:00,29.17,29.195,29.16,29.19,46
2026-01-07 14:38:00,29.185,29.185,29.18,29.18,4
2026-01-07 14:39:00,29.16,29.16,29.13,29.135,26
2026-01-07 14:40:00,29.145,29.16,29.14,29.16,22
2026-01-07 14:41:00,29.16,29.16,29.16,29.16,3
2026-01-07 14:42:00,29.15,29.17,29.15,29.17,23
2026-01-07 14:43:00,29.17,29.17,29.17,29.17,0
2026-01-07 14:44:00,29.18,29.2,29.18,29.2,11
2026-01-07 14:45:00,29.17,29.2,29.17,29.175,9
2026-01-07 14:46:00,29.175,29.175,29.175,29.175,0
2026-01-07 14:47:00,29.18,29.2,29.18,29.2,8
2026-01-07 14:48:00,29.2,29.37,29.2,29.37,52
2026-01-07 14:49:00,29.38,29.41,29.38,29.41,8
2026-01-07 14:50:00,29.38,29.385,29.305,29.35,65
2026-01-07 14:51:00,29.345,29.37,29.345,29.355,10
2026-01-07 14:52:00,29.355,29.39,29.355,29.38,30
2026-01-07 14:53:00,29.38,29.47,29.38,29.47,39
2026-01-07 14:54:00,29.5,29.5,29.36,29.39,143
2026-01-07 14:55:00,29.38,29.45,29.35,29.43,63
2026-01-07 14:56:00,29.47,29.555,29.47,29.505,97
2026-01-07 14:57:00,29.505,29.64,29.505,29.565,66
2026-01-07 14:58:00,29.56,29.62,29.51,29.615,22
2026-01-07 14:59:00,29.68,29.78,29.68,29.78,23
2026-01-07 15:00:00,29.745,29.91,29.68,29.91,72
2026-01-07 15:01:00,29.92,29.94,29.83,29.83,42
2026-01-07 15:02:00,29.83,29.83,29.69,29.77,94
2026-01-07 15:03:00,29.8,29.81,29.68,29.69,19
2026-01-07 15:04:00,29.65,29.73,29.65,29.68,37
2026-01-07 15:05:00,29.705,29.705,29.61,29.6336,70
2026-01-07 15:06:00,29.635,29.77,29.6,29.77,56
2026-01-07 15:07:00,29.77,29.77,29.6557,29.7,31
2026-01-07 15:08:00,29.77,29.84,29.77,29.84,14
2026-01-07 15:09:00,29.815,29.84,29.78,29.78,30
2026-01-07 15:10:00,29.75,29.75,29.695,29.72,26
2026-01-07 15:11:00,29.695,29.75,29.695,29.74,28
2026-01-07 15:12:00,29.72,29.72,29.68,29.68,19
2026-01-07 15:13:00,29.7,29.75,29.7,29.725,18
2026-01-07 15:14:00,29.7,29.705,29.66,29.66,28
2026-01-07 15:15:00,29.62,29.65,29.61,29.65,24
2026-01-07 15:16:00,29.65,29.6738,29.62,29.6738,20
2026-01-07 15:17:00,29.675,29.74,29.66,29.74,25
2026-01-07 15:18:00,29.73,29.74,29.72,29.72,9
2026-01-07 15:19:00,29.72,29.72,29.68,29.68,20
2026-01-07 15:20:00,29.69,29.71,29.65,29.655,34
2026-01-07 15:21:00,29.66,29.71,29.64,29.71,18
2026-01-07 15:22:00,29.7,29.7,29.66,29.66,24
2026-01-07 15:23:00,29.655,29.655,29.63,29.65,17
2026-01-07 15:24:00,29.63,29.655,29.63,29.655,8
2026-01-07 15:25:00,29.655,29.67,29.59,29.66,135
2026-01-07 15:26:00,29.69,29.76,29.69,29.745,25
2026-01-07 15:27:00,29.75,29.76,29.74,29.74,31
2026-01-07 15:28:00,29.74,29.77,29.705,29.705,44
2026-01-07 15:29:00,29.71,29.71,29.67,29.67,13
2026-01-07 15:30:00,29.665,29.69,29.66,29.66,13
2026-01-07 15:31:00,29.66,29.68,29.63,29.63,17
2026-01-07 15:32:00,29.615,29.68,29.6,29.655,23
2026-01-07 15:33:00,29.655,29.68,29.655,29.68,19
2026-01-07 15:34:00,29.68,29.68,29.655,29.655,6
2026-01-07 15:35:00,29.655,29.655,29.58,29.595,18
2026-01-07 15:36:00,29.595,29.63,29.595,29.61,20
2026-01-07 15:37:00,29.63,29.64,29.62,29.63,34
2026-01-07 15:38:00,29.62,29.64,29.62,29.6225,31
2026-01-07 15:39:00,29.62,29.64,29.59,29.63,45
2026-01-07 15:40:00,29.62,29.65,29.62,29.64,16
2026-01-07 15:41:00,29.65,29.69,29.65,29.68,22
2026-01-07 15:42:00,29.68,29.7,29.66,29.7,25
2026-01-07 15:43:00,29.68,29.68,29.68,29.68,6
2026-01-07 15:44:00,29.68,29.68,29.65,29.68,26
2026-01-07 15:45:00,29.665,29.72,29.665,29.72,29
2026-01-07 15:46:00,29.71,29.71,29.67,29.67,35
2026-01-07 15:47:00,29.64,29.65,29.63,29.635,29
2026-01-07 15:48:00,29.64,29.66,29.64,29.64,35
2026-01-07 15:49:00,29.64,29.64,29.63,29.63,21
2026-01-07 15:50:00,29.62,29.63,29.58,29.625,58
2026-01-07 15:51:00,29.63,29.68,29.63,29.645,58
2026-01-07 15:52:00,29.66,29.75,29.66,29.745,52
2026-01-07 15:53:00,29.745,29.765,29.73,29.75,52
2026-01-07 15:54:00,29.7498,29.77,29.685,29.715,51
2026-01-07 15:55:00,29.71,29.73,29.7,29.7,87
2026-01-07 15:56:00,29.7,29.7,29.6,29.61,117
2026-01-07 15:57:00,29.6,29.615,29.57,29.575,203
2026-01-07 15:58:00,29.58,29.61,29.57,29.595,185
2026-01-07 15:59:00,29.59,29.61,29.56,29.58,336
2026-01-08 09:30:00,29.175,29.295,29.175,29.295,85
2026-01-08 09:31:00,29.13,29.4,29.13,29.3,10
2026-01-08 09:32:00,29.52,29.52,29.44,29.44,4
2026-01-08 09:33:00,29.51,29.67,29.5,29.63,26
2026-01-08 09:34:00,29.6,29.6,29.44,29.46,3
2026-01-08 09:35:00,29.48,29.655,29.48,29.56,11
2026-01-08 09:36:00,29.62,29.657,29.515,29.515,11
2026-01-08 09:37:00,29.59,29.6,29.465,29.52,15
2026-01-08 09:38:00,29.45,29.51,29.28,29.425,34
2026-01-08 09:39:00,29.38,29.42,29.38,29.42,2
2026-01-08 09:40:00,29.445,29.445,29.445,29.445,1
2026-01-08 09:41:00,29.355,29.42,29.355,29.42,15
2026-01-08 09:42:00,29.42,29.42,29.31,29.31,5
2026-01-08 09:43:00,29.24,29.34,29.24,29.32,11
2026-01-08 09:44:00,29.3,29.37,29.3,29.3,3
2026-01-08 09:45:00,29.31,29.36,29.305,29.36,3
2026-01-08 09:46:00,29.255,29.255,29.255,29.255,1
2026-01-08 09:47:00,29.23,29.2799,29.2,29.27,7
2026-01-08 09:48:00,29.25,29.25,29.12,29.12,38
2026-01-08 09:49:00,29.14,29.15,29.135,29.135,6
2026-01-08 09:50:00,29.14,29.14,29.13,29.13,2
2026-01-08 09:51:00,29.11,29.12,29.08,29.09,8
2026-01-08 09:52:00,29.07,29.07,28.95,28.95,17
2026-01-08 09:53:00,28.95,28.95,28.92,28.92,8
2026-01-08 09:54:00,28.92,29.04,28.92,28.93,49
2026-01-08 09:55:00,28.96,28.97,28.9,28.94,16
2026-01-08 09:56:00,28.941,28.941,28.93,28.93,13
2026-01-08 09:57:00,28.93,29.0,28.9112,28.99,22
2026-01-08 09:58:00,28.99,29.03,28.99,29.03,16
2026-01-08 09:59:00,28.98,28.98,28.98,28.98,4
2026-01-08 10:00:00,28.98,28.98,28.98,28.98,13
2026-01-08 10:01:00,28.97,28.97,28.92,28.92,16
2026-01-08 10:02:00,28.86,29.0,28.86,28.955,6
2026-01-08 10:03:00,28.925,28.925,28.925,28.925,2
2026-01-08 10:04:00,28.925,28.9899,28.906,28.915,22
2026-01-08 10:05:00,28.915,28.99,28.915,28.94,9
2026-01-08 10:06:00,28.88,28.98,28.88,28.98,14
2026-01-08 10:07:00,28.98,28.98,28.93,28.93,3
2026-01-08 10:08:00,28.98,29.015,28.97,28.98,14
2026-01-08 10:09:00,28.985,29.0399,28.9774,28.985,8
2026-01-08 10:10:00,29.04,29.04,28.995,28.995,5
2026-01-08 10:11:00,28.995,29.285,28.995,29.285,28
2026-01-08 10:12:00,29.28,29.35,29.215,29.345,30
2026-01-08 10:13:00,29.345,29.345,29.31,29.311,5
2026-01-08 10:14:00,29.35,29.41,29.35,29.38,18
2026-01-08 10:15:00,29.45,29.45,29.42,29.42,2
2026-01-08 10:16:00,29.42,29.42,29.36,29.38,7
2026-01-08 10:17:00,29.355,29.355,29.33,29.355,4
2026-01-08 10:18:00,29.365,29.41,29.365,29.41,4
2026-01-08 10:19:00,29.38,29.38,29.35,29.35,2
2026-01-08 10:20:00,29.355,29.375,29.3495,29.355,7
2026-01-08 10:21:00,29.375,29.44,29.34,29.44,16
2026-01-08 10:22:00,29.41,29.4339,29.348,29.42,18
2026-01-08 10:23:00,29.38,29.42,29.36,29.42,18
2026-01-08 10:24:00,29.43,29.4399,29.415,29.4399,8
2026-01-08 10:25:00,29.41,29.42,29.41,29.42,3
2026-01-08 10:26:00,29.4,29.4,29.35,29.365,6
2026-01-08 10:27:00,29.365,29.365,29.3593,29.3593,7
2026-01-08 10:28:00,29.35,29.39,29.35,29.39,19
2026-01-08 10:29:00,29.4,29.4,29.4,29.4,3
2026-01-08 10:30:00,29.405,29.405,29.37,29.39,10
2026-01-08 10:31:00,29.37,29.37,29.23,29.235,37
2026-01-08 10:32:00,29.2164,29.23,29.2164,29.22,12
2026-01-08 10:33:00,29.29,29.37,29.275,29.36,32
2026-01-08 10:34:00,29.37,29.37,29.295,29.37,9
2026-01-08 10:35:00,29.325,29.33,29.3,29.33,8
2026-01-08 10:36:00,29.33,29.35,29.33,29.33,5
2026-01-08 10:37:00,29.36,29.37,29.34,29.34,12
2026-01-08 10:38:00,29.34,29.41,29.34,29.41,11
2026-01-08 10:39:00,29.37,29.49,29.37,29.49,18
2026-01-08 10:40:00,29.485,29.51,29.485,29.51,5
2026-01-08 10:41:00,29.51,29.56,29.51,29.535,25
2026-01-08 10:42:00,29.5,29.52,29.495,29.515,34
2026-01-08 10:43:00,29.515,29.515,29.5,29.5,39
2026-01-08 10:44:00,29.51,29.56,29.51,29.54,26
2026-01-08 10:45:00,29.56,29.595,29.55,29.555,36
2026-01-08 10:46:00,29.52,29.54,29.5,29.54,8
2026-01-08 10:47:00,29.54,29.545,29.54,29.54,8
2026-01-08 10:48:00,29.49,29.52,29.49,29.52,11
2026-01-08 10:49:00,29.5002,29.54,29.5002,29.53,7
2026-01-08 10:50:00,29.5,29.5,29.47,29.495,23
2026-01-08 10:51:00,29.495,29.495,29.4,29.4,18
2026-01-08 10:52:00,29.4,29.4,29.4,29.4,0
2026-01-08 10:53:00,29.41,29.5,29.41,29.5,14
2026-01-08 10:54:00,29.47,29.47,29.43,29.43,6
2026-01-08 10:55:00,29.44,29.44,29.43,29.43,5
2026-01-08 10:56:00,29.48,29.52,29.4,29.425,95
2026-01-08 10:57:00,29.41,29.435,29.41,29.435,9
2026-01-08 10:58:00,29.435,29.44,29.435,29.44,2
2026-01-08 10:59:00,29.47,29.52,29.47,29.49,14
2026-01-08 11:00:00,29.48,29.48,29.34,29.34,21
2026-01-08 11:01:00,29.33,29.33,29.33,29.33,1
2026-01-08 11:02:00,29.375,29.375,29.29,29.29,5
2026-01-08 11:03:00,29.25,29.2628,29.25,29.26,24
2026-01-08 11:04:00,29.26,29.38,29.26,29.38,14
2026-01-08 11:05:00,29.385,29.385,29.3751,29.3751,14
2026-01-08 11:06:00,29.375,29.375,29.35,29.35,3
2026-01-08 11:07:00,29.365,29.365,29.365,29.365,1
2026-01-08 11:08:00,29.385,29.4,29.385,29.385,3
2026-01-08 11:09:00,29.37,29.39,29.34,29.34,35
2026-01-08 11:10:00,29.38,29.39,29.38,29.39,18
2026-01-08 11:11:00,29.36,29.41,29.36,29.41,8
2026-01-08 11:12:00,29.38,29.38,29.38,29.38,4
2026-01-08 11:13:00,29.41,29.42,29.41,29.42,6
2026-01-08 11:14:00,29.4,29.4,29.4,29.4,3
2026-01-08 11:15:00,29.4,29.4,29.38,29.3875,9
2026-01-08 11:16:00,29.38,29.39,29.38,29.39,7
2026-01-08 11:17:00,29.385,29.385,29.385,29.385,1
2026-01-08 11:18:00,29.385,29.41,29.3832,29.39,37
2026-01-08 11:19:00,29.41,29.42,29.39,29.4,13
2026-01-08 11:20:00,29.4,29.4,29.4,29.4,0
2026-01-08 11:21:00,29.45,29.46,29.435,29.44,4
2026-01-08 11:22:00,29.45,29.46,29.43,29.43,23
2026-01-08 11:23:00,29.44,29.44,29.4,29.4,11
2026-01-08 11:24:00,29.38,29.38,29.35,29.35,13
2026-01-08 11:25:00,29.34,29.34,29.34,29.34,1
2026-01-08 11:26:00,29.335,29.34,29.335,29.34,3
2026-01-08 11:27:00,29.345,29.345,29.325,29.34,12
2026-01-08 11:28:00,29.34,29.34,29.32,29.32,5
2026-01-08 11:29:00,29.3399,29.34,29.32,29.32,5
2026-01-08 11:30:00,29.3,29.32,29.3,29.3,5
2026-01-08 11:31:00,29.32,29.32,29.3,29.3,3
2026-01-08 11:32:00,29.29,29.3,29.27,29.27,7
2026-01-08 11:33:00,29.275,29.275,29.25,29.25,3
2026-01-08 11:34:00,29.26,29.27,29.26,29.27,8
2026-01-08 11:35:00,29.265,29.265,29.22,29.22,9
2026-01-08 11:36:00,29.225,29.225,29.2001,29.225,5
2026-01-08 11:37:00,29.225,29.255,29.225,29.25,11
2026-01-08 11:38:00,29.24,29.24,29.24,29.24,3
2026-01-08 11:39:00,29.3,29.3,29.3,29.3,2
2026-01-08 11:40:00,29.3262,29.33,29.315,29.315,7
2026-01-08 11:41:00,29.33,29.33,29.33,29.33,1
2026-01-08 11:42:00,29.33,29.33,29.31,29.325,13
2026-01-08 11:43:00,29.325,29.325,29.325,29.325,0
2026-01-08 11:44:00,29.34,29.35,29.34,29.35,2
2026-01-08 11:45:00,29.33,29.33,29.33,29.33,2
2026-01-08 11:46:00,29.34,29.36,29.34,29.345,11
2026-01-08 11:47:00,29.345,29.345,29.32,29.33,11
2026-01-08 11:48:00,29.33,29.34,29.33,29.34,4
2026-01-08 11:49:00,29.345,29.345,29.345,29.345,3
2026-01-08 11:50:00,29.34,29.345,29.33,29.33,22
2026-01-08 11:51:00,29.31,29.31,29.3,29.3,10
2026-01-08 11:52:00,29.32,29.32,29.295,29.295,5
2026-01-08 11:53:00,29.32,29.36,29.32,29.36,17
2026-01-08 11:54:00,29.35,29.35,29.315,29.315,5
2026-01-08 11:55:00,29.35,29.39,29.35,29.39,5
2026-01-08 11:56:00,29.41,29.41,29.375,29.375,4
2026-01-08 11:57:00,29.375,29.375,29.375,29.375,0
2026-01-08 11:58:00,29.36,29.39,29.36,29.39,7
2026-01-08 11:59:00,29.43,29.43,29.42,29.42,4
2026-01-08 12:00:00,29.41,29.43,29.4,29.43,5
2026-01-08 12:01:00,29.43,29.445,29.43,29.445,12
2026-01-08 12:02:00,29.445,29.445,29.38,29.38,22
2026-01-08 12:03:00,29.38,29.38,29.38,29.38,1
2026-01-08 12:04:00,29.36,29.4,29.36,29.4,4
2026-01-08 12:05:00,29.375,29.375,29.375,29.375,1
2026-01-08 12:06:00,29.39,29.39,29.39,29.39,2
2026-01-08 12:07:00,29.39,29.39,29.39,29.39,0
2026-01-08 12:08:00,29.39,29.405,29.39,29.405,8
2026-01-08 12:09:00,29.42,29.42,29.42,29.42,1
2026-01-08 12:10:00,29.4,29.4,29.4,29.4,4
2026-01-08 12:11:00,29.4,29.4,29.38,29.4,5
2026-01-08 12:12:00,29.4,29.4,29.4,29.4,1
2026-01-08 12:13:00,29.405,29.405,29.405,29.405,1
2026-01-08 12:14:00,29.39,29.4,29.39,29.39,11
2026-01-08 12:15:00,29.4,29.405,29.39,29.405,19
2026-01-08 12:16:00,29.39,29.4,29.39,29.39,13
2026-01-08 12:17:00,29.39,29.405,29.39,29.405,3
2026-01-08 12:18:00,29.39,29.39,29.39,29.39,1
2026-01-08 12:19:00,29.39,29.415,29.39,29.415,21
2026-01-08 12:20:00,29.42,29.42,29.41,29.41,7
2026-01-08 12:21:00,29.4,29.4,29.395,29.395,9
2026-01-08 12:22:00,29.39,29.39,29.38,29.38,7
2026-01-08 12:23:00,29.3899,29.39,29.3899,29.39,22
2026-01-08 12:24:00,29.39,29.39,29.38,29.385,12
2026-01-08 12:25:00,29.385,29.385,29.36,29.36,11
2026-01-08 12:26:00,29.34,29.34,29.34,29.34,4
2026-01-08 12:27:00,29.35,29.37,29.35,29.37,7
2026-01-08 12:28:00,29.375,29.375,29.375,29.375,2
2026-01-08 12:29:00,29.39,29.39,29.39,29.39,3
2026-01-08 12:30:00,29.39,29.395,29.39,29.395,10
2026-01-08 12:31:00,29.38,29.38,29.38,29.38,1
2026-01-08 12:32:00,29.4,29.4,29.4,29.4,9
2026-01-08 12:33:00,29.42,29.42,29.42,29.42,2
2026-01-08 12:34:00,29.42,29.42,29.42,29.42,0
2026-01-08 12:35:00,29.41,29.41,29.38,29.38,10
2026-01-08 12:36:00,29.38,29.39,29.38,29.39,9
2026-01-08 12:37:00,29.39,29.39,29.39,29.39,0
2026-01-08 12:38:00,29.39,29.395,29.37,29.37,17
2026-01-08 12:39:00,29.36,29.37,29.36,29.36,13
2026-01-08 12:40:00,29.35,29.35,29.335,29.345,11
2026-01-08 12:41:00,29.345,29.345,29.345,29.345,2
2026-01-08 12:42:00,29.345,29.345,29.345,29.345,0
2026-01-08 12:43:00,29.33,29.33,29.33,29.33,2
2026-01-08 12:44:00,29.32,29.35,29.3,29.35,27
2026-01-08 12:45:00,29.36,29.36,29.36,29.36,1
2026-01-08 12:46:00,29.35,29.35,29.35,29.35,3
2026-01-08 12:47:00,29.35,29.35,29.34,29.35,10
2026-01-08 12:48:00,29.33,29.35,29.29,29.345,54
2026-01-08 12:49:00,29.345,29.365,29.345,29.365,22
2026-01-08 12:50:00,29.365,29.365,29.365,29.365,1
2026-01-08 12:51:00,29.38,29.485,29.38,29.48,34
2026-01-08 12:52:00,29.48,29.63,29.48,29.61,99
2026-01-08 12:53:00,29.61,29.65,29.6,29.63,22
2026-01-08 12:54:00,29.63,29.63,29.55,29.57,31
2026-01-08 12:55:00,29.59,29.59,29.58,29.59,3
2026-01-08 12:56:00,29.6,29.6,29.6,29.6,3
2026-01-08 12:57:00,29.6,29.74,29.6,29.74,88
2026-01-08 12:58:00,29.7,29.78,29.7,29.74,22
2026-01-08 12:59:00,29.74,29.74,29.74,29.74,0
2026-01-08 13:00:00,29.74,29.77,29.74,29.77,6
2026-01-08 13:01:00,29.78,29.78,29.765,29.765,11
2026-01-08 13:02:00,29.765,29.765,29.765,29.765,0
2026-01-08 13:03:00,29.78,29.78,29.78,29.78,1
2026-01-08 13:04:00,29.755,29.7724,29.73,29.73,20
2026-01-08 13:05:00,29.75,29.75,29.73,29.74,20
2026-01-08 13:06:00,29.77,29.855,29.77,29.855,20
2026-01-08 13:07:00,29.83,29.832,29.805,29.805,9
2026-01-08 13:08:00,29.82,29.82,29.8,29.8,2
2026-01-08 13:09:00,29.8288,29.865,29.8288,29.84,32
2026-01-08 13:10:00,29.8599,29.88,29.8599,29.88,18
2026-01-08 13:11:00,29.86,29.875,29.86,29.865,9
2026-01-08 13:12:00,29.865,29.88,29.85,29.86,16
2026-01-08 13:13:00,29.85,29.87,29.83,29.83,32
2026-01-08 13:14:00,29.83,29.845,29.825,29.845,33
2026-01-08 13:15:00,29.845,29.91,29.845,29.865,80
2026-01-08 13:16:00,29.865,29.865,29.7925,29.7925,11
2026-01-08 13:17:00,29.795,29.82,29.795,29.82,16
2026-01-08 13:18:00,29.795,29.84,29.795,29.84,14
2026-01-08 13:19:00,29.85,29.87,29.85,29.87,2
2026-01-08 13:20:00,29.875,29.92,29.875,29.92,16
2026-01-08 13:21:00,29.95,29.965,29.92,29.93,14
2026-01-08 13:22:00,29.92,29.92,29.92,29.92,1
2026-01-08 13:23:00,29.92,29.93,29.91,29.91,14
2026-01-08 13:24:00,29.9,29.915,29.89,29.895,18
2026-01-08 13:25:00,29.9,29.9199,29.88,29.88,32
2026-01-08 13:26:00,29.87,29.87,29.84,29.84,10
2026-01-08 13:27:00,29.828,29.828,29.815,29.815,12
2026-01-08 13:28:00,29.83,29.88,29.83,29.88,22
2026-01-08 13:29:00,29.89,29.92,29.89,29.915,8
2026-01-08 13:30:00,29.915,29.915,29.9,29.91,6
2026-01-08 13:31:00,29.91,29.91,29.9,29.9,4
2026-01-08 13:32:00,29.895,29.895,29.89,29.895,4
2026-01-08 13:33:00,29.9,29.925,29.865,29.865,35
2026-01-08 13:34:00,29.865,29.88,29.865,29.865,15
2026-01-08 13:35:00,29.88,29.91,29.88,29.89,21
2026-01-08 13:36:00,29.88,29.89,29.86,29.87,18
2026-01-08 13:37:00,29.866,29.87,29.866,29.87,5
2026-01-08 13:38:00,29.86,29.86,29.84,29.84,12
2026-01-08 13:39:00,29.8399,29.85,29.815,29.825,28
2026-01-08 13:40:00,29.825,29.83,29.82,29.82,9
2026-01-08 13:41:00,29.815,29.815,29.79,29.795,10
2026-01-08 13:42:00,29.795,29.795,29.795,29.795,0
2026-01-08 13:43:00,29.79,29.79,29.79,29.79,5
2026-01-08 13:44:00,29.79,29.79,29.74,29.775,29
2026-01-08 13:45:00,29.775,29.775,29.775,29.775,0
2026-01-08 13:46:00,29.77,29.77,29.75,29.75,6
2026-01-08 13:47:00,29.75,29.75,29.75,29.75,0
2026-01-08 13:48:00,29.7671,29.8,29.7671,29.785,33
2026-01-08 13:49:00,29.785,29.785,29.75,29.75,13
2026-01-08 13:50:00,29.735,29.735,29.73,29.7325,7
2026-01-08 13:51:00,29.72,29.72,29.7,29.7,27
2026-01-08 13:52:00,29.7,29.7,29.7,29.7,0
2026-01-08 13:53:00,29.71,29.715,29.71,29.715,5
2026-01-08 13:54:00,29.715,29.745,29.715,29.745,11
2026-01-08 13:55:00,29.745,29.76,29.73,29.76,12
2026-01-08 13:56:00,29.76,29.76,29.76,29.76,0
2026-01-08 13:57:00,29.77,29.77,29.75,29.75,37
2026-01-08 13:58:00,29.77,29.77,29.73,29.73,18
2026-01-08 13:59:00,29.735,29.735,29.73,29.73,6
2026-01-08 14:00:00,29.735,29.75,29.735,29.75,12
2026-01-08 14:01:00,29.76,29.77,29.76,29.77,6
2026-01-08 14:02:00,29.77,29.77,29.77,29.77,0
2026-01-08 14:03:00,29.8,29.88,29.8,29.875,32
2026-01-08 14:04:00,29.86,29.875,29.86,29.875,11
2026-01-08 14:05:00,29.875,29.875,29.8,29.8,25
2026-01-08 14:06:00,29.78,29.78,29.77,29.78,6
2026-01-08 14:07:00,29.77,29.77,29.71,29.71,18
2026-01-08 14:08:00,29.69,29.715,29.69,29.715,8
2026-01-08 14:09:00,29.7125,29.7125,29.71,29.71,3
2026-01-08 14:10:00,29.71,29.72,29.69,29.69,12
2026-01-08 14:11:00,29.69,29.69,29.67,29.67,6
2026-01-08 14:12:00,29.67,29.67,29.67,29.67,0
2026-01-08 14:13:00,29.68,29.72,29.67,29.68,44
2026-01-08 14:14:00,29.68,29.985,29.68,29.97,162
2026-01-08 14:15:00,29.99,30.02,29.95,29.96,99
2026-01-08 14:16:00,29.965,29.965,29.94,29.9455,38
2026-01-08 14:17:00,29.97,30.09,29.97,30.08,29
2026-01-08 14:18:00,30.06,30.08,30.0,30.0,143
2026-01-08 14:19:00,30.0,30.04,30.0,30.04,12
2026-01-08 14:20:00,30.04,30.04,29.98,29.98,29
2026-01-08 14:21:00,30.0,30.03,29.995,29.995,8
2026-01-08 14:22:00,29.99,29.99,29.95,29.95,11
2026-01-08 14:23:00,29.97,29.97,29.93,29.93,2
2026-01-08 14:24:00,29.945,29.945,29.89,29.89,25
2026-01-08 14:25:00,29.86,29.87,29.82,29.82,21
2026-01-08 14:26:00,29.85,29.895,29.85,29.895,33
2026-01-08 14:27:00,29.9,29.94,29.89,29.89,23
2026-01-08 14:28:00,29.895,29.895,29.88,29.88,4
2026-01-08 14:29:00,29.92,29.92,29.91,29.91,10
2026-01-08 14:30:00,29.9232,29.9232,29.9232,29.9232,1
2026-01-08 14:31:00,29.925,29.925,29.88,29.9,43
2026-01-08 14:32:00,29.9088,29.93,29.9088,29.91,24
2026-01-08 14:33:00,29.91,29.91,29.885,29.885,19
2026-01-08 14:34:00,29.89,29.89,29.86,29.86,12
2026-01-08 14:35:00,29.86,29.86,29.84,29.84,10
2026-01-08 14:36:00,29.84,29.8825,29.84,29.87,20
2026-01-08 14:37:00,29.87,29.9,29.85,29.85,28
2026-01-08 14:38:00,29.85,29.85,29.85,29.85,0
2026-01-08 14:39:00,29.84,29.84,29.81,29.825,21
2026-01-08 14:40:00,29.82,29.84,29.79,29.79,13
2026-01-08 14:41:00,29.805,29.84,29.805,29.84,12
2026-01-08 14:42:00,29.85,29.85,29.82,29.825,14
2026-01-08 14:43:00,29.83,29.855,29.83,29.855,10
2026-01-08 14:44:00,29.86,29.87,29.86,29.87,4
2026-01-08 14:45:00,29.88,29.895,29.87,29.87,34
2026-01-08 14:46:00,29.87,29.87,29.87,29.87,0
2026-01-08 14:47:00,29.84,29.84,29.84,29.84,1
2026-01-08 14:48:00,29.83,29.85,29.83,29.85,13
2026-01-08 14:49:00,29.86,29.86,29.83,29.83,39
2026-01-08 14:50:00,29.83,29.83,29.82,29.83,15
2026-01-08 14:51:00,29.83,29.83,29.83,29.83,7
2026-01-08 14:52:00,29.82,29.82,29.81,29.815,7
2026-01-08 14:53:00,29.815,29.815,29.795,29.8,27
2026-01-08 14:54:00,29.8,29.805,29.75,29.75,19
2026-01-08 14:55:00,29.71,29.72,29.705,29.705,8
2026-01-08 14:56:00,29.7,29.79,29.68,29.79,99
2026-01-08 14:57:00,29.79,29.845,29.79,29.835,16
2026-01-08 14:58:00,29.835,29.835,29.81,29.82,11
2026-01-08 14:59:00,29.83,29.895,29.83,29.88,24
2026-01-08 15:00:00,29.88,29.88,29.86,29.88,22
2026-01-08 15:01:00,29.89,29.89,29.88,29.89,40
2026-01-08 15:02:00,29.895,29.895,29.88,29.895,9
2026-01-08 15:03:00,29.9,29.9399,29.9,29.9399,22
2026-01-08 15:04:00,29.93,29.94,29.92,29.93,36
2026-01-08 15:05:00,29.93,29.93,29.92,29.92,23
2026-01-08 15:06:00,29.92,29.92,29.9,29.9,6
2026-01-08 15:07:00,29.88,29.88,29.88,29.88,2
2026-01-08 15:08:00,29.88,29.89,29.88,29.89,13
2026-01-08 15:09:00,29.89,29.89,29.88,29.88,20
2026-01-08 15:10:00,29.9,29.9,29.88,29.89,18
2026-01-08 15:11:00,29.8803,29.8803,29.88,29.88,18
2026-01-08 15:12:00,29.89,29.92,29.89,29.91,34
2026-01-08 15:13:00,29.92,29.93,29.92,29.93,3
2026-01-08 15:14:00,29.95,29.95,29.93,29.935,41
2026-01-08 15:15:00,29.94,29.97,29.94,29.97,21
2026-01-08 15:16:00,29.98,29.98,29.97,29.97,16
2026-01-08 15:17:00,29.99,30.0,29.975,29.99,20
2026-01-08 15:18:00,29.99,30.0,29.99,30.0,17
2026-01-08 15:19:00,30.0,30.0,29.865,29.88,103
2026-01-08 15:20:00,29.9,29.91,29.87,29.87,24
2026-01-08 15:21:00,29.865,29.865,29.865,29.865,1
2026-01-08 15:22:00,29.85,29.86,29.8,29.82,47
2026-01-08 15:23:00,29.83,29.84,29.81,29.81,32
2026-01-08 15:24:00,29.82,29.83,29.82,29.83,9
2026-01-08 15:25:00,29.84,29.86,29.84,29.86,20
2026-01-08 15:26:00,29.86,29.86,29.85,29.85,14
2026-01-08 15:27:00,29.85,29.86,29.84,29.855,6
2026-01-08 15:28:00,29.855,29.865,29.85,29.865,43
2026-01-08 15:29:00,29.865,29.87,29.83,29.83,45
2026-01-08 15:30:00,29.83,29.83,29.82,29.825,7
2026-01-08 15:31:00,29.825,29.825,29.8,29.805,14
2026-01-08 15:32:00,29.82,29.84,29.82,29.84,56
2026-01-08 15:33:00,29.85,29.87,29.85,29.865,45
2026-01-08 15:34:00,29.865,29.865,29.82,29.83,39
2026-01-08 15:35:00,29.83,29.83,29.83,29.83,4
2026-01-08 15:36:00,29.82,29.88,29.82,29.88,60
2026-01-08 15:37:00,29.88,29.91,29.88,29.91,21
2026-01-08 15:38:00,29.91,29.93,29.91,29.93,22
2026-01-08 15:39:00,29.945,30.03,29.94,30.0,81
2026-01-08 15:40:00,30.0,30.26,30.0,30.07,426
2026-01-08 15:41:00,30.11,30.16,30.09,30.13,53
2026-01-08 15:42:00,30.095,30.1025,30.095,30.1025,6
2026-01-08 15:43:00,30.095,30.145,30.095,30.12,27
2026-01-08 15:44:00,30.125,30.125,30.015,30.05,75
2026-01-08 15:45:00,30.04,30.05,30.0,30.0,54
2026-01-08 15:46:00,30.005,30.09,29.98,30.09,71
2026-01-08 15:47:00,30.09,30.105,30.03,30.055,110
2026-01-08 15:48:00,30.03,30.04,30.02,30.02,19
2026-01-08 15:49:00,30.02,30.06,30.01,30.025,53
2026-01-08 15:50:00,30.06,30.08,30.01,30.025,72
2026-01-08 15:51:00,30.025,30.025,29.98,30.0,59
2026-01-08 15:52:00,30.0,30.0,29.96,29.97,157
2026-01-08 15:53:00,29.98,30.03,29.98,30.02,118
2026-01-08 15:54:00,30.03,30.04,29.925,29.925,152
2026-01-08 15:55:00,29.925,29.965,29.925,29.94,73
2026-01-08 15:56:00,29.94,29.955,29.92,29.92,175
2026-01-08 15:57:00,29.92,29.945,29.915,29.925,191
2026-01-08 15:58:00,29.925,29.935,29.9,29.91,369
2026-01-08 15:59:00,29.9,29.915,29.86,29.86,616
2026-01-09 09:30:00,29.85,30.03,29.84,29.84,101
2026-01-09 09:31:00,30.21,30.21,29.995,29.995,20
2026-01-09 09:32:00,29.995,29.995,29.995,29.995,0
2026-01-09 09:33:00,30.04,30.04,29.99,29.99,11
2026-01-09 09:34:00,29.99,29.99,29.7001,29.7001,17
2026-01-09 09:35:00,30.0,30.075,29.9001,29.9001,20
2026-01-09 09:36:00,29.91,29.97,29.87,29.94,41
2026-01-09 09:37:00,29.96,30.03,29.96,30.03,3
2026-01-09 09:38:00,30.04,30.06,30.04,30.06,8
2026-01-09 09:39:00,30.045,30.045,30.045,30.045,1
2026-01-09 09:40:00,29.9105,29.9105,29.9105,29.9105,2
2026-01-09 09:41:00,29.96,29.96,29.96,29.96,2
2026-01-09 09:42:00,29.9201,29.9201,29.9201,29.9201,4
2026-01-09 09:43:00,30.015,30.015,29.985,30.015,6
2026-01-09 09:44:00,30.05,30.11,29.9927,30.08,15
2026-01-09 09:45:00,30.0638,30.0638,29.915,29.915,36
2026-01-09 09:46:00,29.95,30.045,29.88,30.045,25
2026-01-09 09:47:00,30.17,30.17,30.045,30.1,4
2026-01-09 09:48:00,30.01,30.09,30.01,30.09,19
2026-01-09 09:49:00,30.1,30.12,30.1,30.12,6
2026-01-09 09:50:00,30.16,30.16,30.07,30.085,20
2026-01-09 09:51:00,30.14,30.16,30.075,30.14,29
2026-01-09 09:52:00,30.0956,30.27,30.0956,30.175,30
2026-01-09 09:53:00,30.23,30.2893,30.218,30.23,47
2026-01-09 09:54:00,30.28,30.7,30.28,30.6038,481
2026-01-09 09:55:00,30.58,30.59,30.47,30.525,122
2026-01-09 09:56:00,30.525,30.63,30.478,30.53,190
2026-01-09 09:57:00,30.5406,30.75,30.5,30.5925,366
2026-01-09 09:58:00,30.5916,30.5916,30.35,30.35,137
2026-01-09 09:59:00,30.35,30.57,30.35,30.445,47
2026-01-09 10:00:00,30.34,30.55,30.34,30.465,103
2026-01-09 10:01:00,30.49,30.49,30.35,30.435,31
2026-01-09 10:02:00,30.435,30.435,30.23,30.32,318
2026-01-09 10:03:00,30.325,30.355,30.27,30.33,26
2026-01-09 10:04:00,30.325,30.42,30.26,30.325,78
2026-01-09 10:05:00,30.34,30.39,30.29,30.34,32
2026-01-09 10:06:00,30.34,30.36,30.29,30.2993,56
2026-01-09 10:07:00,30.3,30.31,30.24,30.3,29
2026-01-09 10:08:00,30.33,30.4,30.29,30.3048,48
2026-01-09 10:09:00,30.33,30.38,30.24,30.345,11
2026-01-09 10:10:00,30.37,30.39,30.27,30.36,44
2026-01-09 10:11:00,30.375,30.4997,30.3706,30.4469,20
2026-01-09 10:12:00,30.4557,30.4999,30.45,30.45,38
2026-01-09 10:13:00,30.49,30.5,30.35,30.38,24
2026-01-09 10:14:00,30.33,30.38,30.33,30.38,4
2026-01-09 10:15:00,30.45,30.47,30.3,30.3104,135
2026-01-09 10:16:00,30.36,30.36,30.285,30.29,25
2026-01-09 10:17:00,30.33,30.39,30.23,30.305,128
2026-01-09 10:18:00,30.305,30.31,30.3,30.3,10
2026-01-09 10:19:00,30.31,30.31,30.31,30.31,1
2026-01-09 10:20:00,30.31,30.31,30.26,30.275,8
2026-01-09 10:21:00,30.27,30.31,30.24,30.31,10
2026-01-09 10:22:00,30.275,30.31,30.1,30.175,74
2026-01-09 10:23:00,30.175,30.195,30.08,30.08,15
2026-01-09 10:24:00,30.145,30.145,30.145,30.145,2
2026-01-09 10:25:00,30.119,30.119,30.05,30.05,8
2026-01-09 10:26:00,30.125,30.135,30.05,30.1,17
2026-01-09 10:27:00,30.08,30.15,30.07,30.105,74
2026-01-09 10:28:00,30.115,30.17,30.115,30.14,14
2026-01-09 10:29:00,30.17,30.17,30.15,30.15,17
2026-01-09 10:30:00,30.11,30.11,29.98,30.02,82
2026-01-09 10:31:00,29.98,29.98,29.88,29.905,38
2026-01-09 10:32:00,29.905,29.945,29.905,29.945,15
2026-01-09 10:33:00,29.98,30.19,29.98,30.19,31
2026-01-09 10:34:00,30.155,30.225,30.155,30.215,9
2026-01-09 10:35:00,30.2,30.2,30.2,30.2,2
2026-01-09 10:36:00,30.232,30.232,30.2,30.2,18
2026-01-09 10:37:00,30.13,30.13,30.0,30.0,44
2026-01-09 10:38:00,30.0,30.0,29.995,29.995,6
2026-01-09 10:39:00,30.03,30.03,30.03,30.03,4
2026-01-09 10:40:00,29.95,29.98,29.95,29.98,6
2026-01-09 10:41:00,29.9401,29.98,29.94,29.94,24
2026-01-09 10:42:00,29.95,30.02,29.94,30.005,18
2026-01-09 10:43:00,30.005,30.04,29.975,30.04,8
2026-01-09 10:44:00,30.0,30.01,29.995,29.995,5
2026-01-09 10:45:00,30.0292,30.0292,30.0,30.01,4
2026-01-09 10:46:00,29.98,30.0254,29.98,30.015,20
2026-01-09 10:47:00,30.015,30.0844,30.0,30.0844,16
2026-01-09 10:48:00,30.0899,30.1,30.02,30.02,223
2026-01-09 10:49:00,30.03,30.07,30.02,30.035,21
2026-01-09 10:50:00,30.015,30.05,30.015,30.05,6
2026-01-09 10:51:00,30.05,30.05,30.05,30.05,0
2026-01-09 10:52:00,29.99,29.99,29.903,29.94,25
2026-01-09 10:53:00,29.87,29.87,29.8,29.84,23
2026-01-09 10:54:00,29.836,29.89,29.836,29.89,20
2026-01-09 10:55:00,29.865,30.025,29.865,30.025,16
2026-01-09 10:56:00,30.06,30.08,30.025,30.08,9
2026-01-09 10:57:00,30.06,30.12,30.06,30.12,14
2026-01-09 10:58:00,30.12,30.12,30.12,30.12,0
2026-01-09 10:59:00,30.16,30.16,30.16,30.16,1
2026-01-09 11:00:00,30.11,30.16,30.06,30.105,33
2026-01-09 11:01:00,30.11,30.12,30.095,30.095,6
2026-01-09 11:02:00,30.095,30.095,29.93,29.955,125
2026-01-09 11:03:00,29.96,29.99,29.93,29.955,46
2026-01-09 11:04:00,29.94,29.98,29.94,29.96,6
2026-01-09 11:05:00,29.98,29.98,29.94,29.96,52
2026-01-09 11:06:00,29.96,29.97,29.96,29.97,9
2026-01-09 11:07:00,29.97,30.1,29.9,29.9175,297
2026-01-09 11:08:00,29.93,29.96,29.93,29.96,21
2026-01-09 11:09:00,29.96,29.97,29.9,29.9,60
2026-01-09 11:10:00,29.91,29.91,29.8,29.87,68
2026-01-09 11:11:00,29.86,29.93,29.86,29.9,35
2026-01-09 11:12:00,29.9,29.9,29.9,29.9,3
2026-01-09 11:13:00,29.87,29.91,29.82,29.82,26
2026-01-09 11:14:00,29.8,29.86,29.79,29.8,14
2026-01-09 11:15:00,29.81,29.86,29.65,29.66,76
2026-01-09 11:16:00,29.66,29.66,29.51,29.55,71
2026-01-09 11:17:00,29.51,29.6,29.51,29.55,13
2026-01-09 11:18:00,29.55,29.595,29.55,29.595,11
2026-01-09 11:19:00,29.6261,29.6261,29.59,29.59,14
2026-01-09 11:20:00,29.63,29.67,29.62,29.67,20
2026-01-09 11:21:00,29.65,29.665,29.65,29.665,13
2026-01-09 11:22:00,29.67,29.7,29.65,29.665,13
2026-01-09 11:23:00,29.68,29.68,29.665,29.665,2
2026-01-09 11:24:00,29.69,29.7,29.69,29.7,5
2026-01-09 11:25:00,29.7,29.75,29.7,29.75,5
2026-01-09 11:26:00,29.76,29.76,29.75,29.75,10
2026-01-09 11:27:00,29.73,29.73,29.6,29.625,17
2026-01-09 11:28:00,29.6699,29.6699,29.64,29.645,4
2026-01-09 11:29:00,29.63,29.63,29.605,29.61,11
2026-01-09 11:30:00,29.59,29.59,29.59,29.59,1
2026-01-09 11:31:00,29.61,29.63,29.56,29.63,30
2026-01-09 11:32:00,29.63,29.63,29.63,29.63,0
2026-01-09 11:33:00,29.585,29.61,29.47,29.5,58
2026-01-09 11:34:00,29.46,29.47,29.36,29.36,102
2026-01-09 11:35:00,29.415,29.44,29.3901,29.3901,38
2026-01-09 11:36:00,29.43,29.45,29.39,29.39,53
2026-01-09 11:37:00,29.39,29.45,29.38,29.45,20
2026-01-09 11:38:00,29.48,29.49,29.455,29.455,46
2026-01-09 11:39:00,29.455,29.455,29.455,29.455,0
2026-01-09 11:40:00,29.455,29.455,29.44,29.44,4
2026-01-09 11:41:00,29.44,29.44,29.44,29.44,0
2026-01-09 11:42:00,29.455,29.457,29.455,29.457,4
2026-01-09 11:43:00,29.455,29.455,29.455,29.455,1
2026-01-09 11:44:00,29.44,29.455,29.44,29.455,4
2026-01-09 11:45:00,29.41,29.41,29.41,29.41,1
2026-01-09 11:46:00,29.41,29.4342,29.4,29.42,17
2026-01-09 11:47:00,29.42,29.42,29.39,29.39,3
2026-01-09 11:48:00,29.36,29.36,29.3,29.36,15
2026-01-09 11:49:00,29.355,29.36,29.34,29.34,26
2026-01-09 11:50:00,29.36,29.36,29.36,29.36,1
2026-01-09 11:51:00,29.33,29.36,29.31,29.31,28
2026-01-09 11:52:00,29.33,29.33,29.33,29.33,1
2026-01-09 11:53:00,29.36,29.46,29.36,29.46,13
2026-01-09 11:54:00,29.455,29.6,29.455,29.6,8
2026-01-09 11:55:00,29.645,29.67,29.61,29.61,7
2026-01-09 11:56:00,29.62,29.695,29.62,29.6201,7
2026-01-09 11:57:00,29.69,29.69,29.64,29.64,5
2026-01-09 11:58:00,29.63,29.7344,29.63,29.715,57
2026-01-09 11:59:00,29.66,29.721,29.66,29.721,6
2026-01-09 12:00:00,29.66,29.7899,29.66,29.7899,7
2026-01-09 12:01:00,29.72,29.72,29.72,29.72,1
2026-01-09 12:02:00,29.7,29.7,29.66,29.66,16
2026-01-09 12:03:00,29.69,29.715,29.69,29.715,2
2026-01-09 12:04:00,29.7,29.7,29.65,29.6721,3
2026-01-09 12:05:00,29.6721,29.6721,29.6721,29.6721,0
2026-01-09 12:06:00,29.665,29.665,29.665,29.665,1
2026-01-09 12:07:00,29.667,29.69,29.64,29.64,9
2026-01-09 12:08:00,29.6201,29.6201,29.6201,29.6201,2
2026-01-09 12:09:00,29.655,29.655,29.62,29.63,8
2026-01-09 12:10:00,29.635,29.635,29.61,29.61,3
2026-01-09 12:11:00,29.59,29.61,29.58,29.61,15
2026-01-09 12:12:00,29.58,29.58,29.58,29.58,1
2026-01-09 12:13:00,29.6,29.6,29.6,29.6,6
2026-01-09 12:14:00,29.575,29.575,29.575,29.575,1
2026-01-09 12:15:00,29.6199,29.6199,29.61,29.61,4
2026-01-09 12:16:00,29.58,29.58,29.58,29.58,2
2026-01-09 12:17:00,29.55,29.59,29.55,29.59,3
2026-01-09 12:18:00,29.57,29.57,29.57,29.57,1
2026-01-09 12:19:00,29.58,29.58,29.58,29.58,1
2026-01-09 12:20:00,29.5604,29.6,29.5604,29.585,9
2026-01-09 12:21:00,29.585,29.585,29.56,29.56,4
2026-01-09 12:22:00,29.565,29.565,29.565,29.565,7
2026-01-09 12:23:00,29.61,29.61,29.61,29.61,5
2026-01-09 12:24:00,29.61,29.61,29.61,29.61,0
2026-01-09 12:25:00,29.58,29.58,29.575,29.575,5
2026-01-09 12:26:00,29.575,29.62,29.575,29.62,22
2026-01-09 12:27:00,29.595,29.595,29.58,29.58,3
2026-01-09 12:28:00,29.58,29.58,29.58,29.58,0
2026-01-09 12:29:00,29.62,29.62,29.57,29.57,2
2026-01-09 12:30:00,29.575,29.575,29.575,29.575,2
2026-01-09 12:31:00,29.59,29.59,29.5398,29.555,11
2026-01-09 12:32:00,29.555,29.555,29.555,29.555,0
2026-01-09 12:33:00,29.5552,29.57,29.5552,29.57,4
2026-01-09 12:34:00,29.55,29.55,29.335,29.335,143
2026-01-09 12:35:00,29.39,29.44,29.375,29.375,18
2026-01-09 12:36:00,29.38,29.38,29.38,29.38,3
2026-01-09 12:37:00,29.38,29.38,29.38,29.38,1
2026-01-09 12:38:00,29.38,29.44,29.38,29.44,3
2026-01-09 12:39:00,29.385,29.385,29.385,29.385,1
2026-01-09 12:40:00,29.385,29.385,29.385,29.385,0
2026-01-09 12:41:00,29.33,29.353,29.31,29.32,5
2026-01-09 12:42:00,29.33,29.33,29.23,29.23,108
2026-01-09 12:43:00,29.23,29.26,29.23,29.26,14
2026-01-09 12:44:00,29.28,29.28,29.28,29.28,1
2026-01-09 12:45:00,29.28,29.28,29.28,29.28,0
2026-01-09 12:46:00,29.245,29.245,29.21,29.21,7
2026-01-09 12:47:00,29.2324,29.235,29.21,29.235,6
2026-01-09 12:48:00,29.235,29.235,29.235,29.235,0
2026-01-09 12:49:00,29.22,29.22,29.22,29.22,1
2026-01-09 12:50:00,29.21,29.21,29.19,29.2,63
2026-01-09 12:51:00,29.2,29.2,29.175,29.175,15
2026-01-09 12:52:00,29.15,29.15,29.115,29.1186,19
2026-01-09 12:53:00,29.08,29.08,29.0587,29.0587,60
2026-01-09 12:54:00,29.05,29.06,29.03,29.05,7
2026-01-09 12:55:00,29.02,29.03,28.95,28.965,137
2026-01-09 12:56:00,28.93,29.075,28.9,29.07,52
2026-01-09 12:57:00,29.07,29.075,29.06,29.075,3
2026-01-09 12:58:00,29.1,29.1,29.09,29.09,37
2026-01-09 12:59:00,29.06,29.06,29.05,29.05,2
2026-01-09 13:00:00,29.05,29.05,29.04,29.05,6
2026-01-09 13:01:00,29.02,29.03,29.02,29.03,11
2026-01-09 13:02:00,29.0278,29.0278,28.97,28.97,8
2026-01-09 13:03:00,28.98,29.0,28.98,29.0,7
2026-01-09 13:04:00,28.975,28.98,28.96,28.98,5
2026-01-09 13:05:00,28.98,28.98,28.98,28.98,0
2026-01-09 13:06:00,28.97,28.97,28.95,28.95,18
2026-01-09 13:07:00,28.9412,28.942,28.94,28.94,12
2026-01-09 13:08:00,28.94,28.94,28.94,28.94,1
2026-01-09 13:09:00,28.96,28.96,28.96,28.96,1
2026-01-09 13:10:00,28.955,28.955,28.955,28.955,11
2026-01-09 13:11:00,28.98,29.0,28.98,29.0,6
2026-01-09 13:12:00,29.05,29.11,29.05,29.11,13
2026-01-09 13:13:00,29.1,29.14,29.1,29.14,22
2026-01-09 13:14:00,29.11,29.2,29.1,29.11,83
2026-01-09 13:15:00,29.11,29.11,29.11,29.11,1
2026-01-09 13:16:00,29.09,29.09,29.09,29.09,4
2026-01-09 13:17:00,29.04,29.04,29.025,29.025,4
2026-01-09 13:18:00,29.025,29.05,29.005,29.01,7
2026-01-09 13:19:00,29.005,29.02,29.005,29.02,2
2026-01-09 13:20:00,29.01,29.01,29.01,29.01,1
2026-01-09 13:21:00,29.005,29.055,29.005,29.05,9
2026-01-09 13:22:00,29.05,29.05,29.05,29.05,0
2026-01-09 13:23:00,28.955,28.97,28.9201,28.9201,50
2026-01-09 13:24:00,28.9833,28.9833,28.96,28.96,6
2026-01-09 13:25:00,28.96,28.96,28.96,28.96,2
2026-01-09 13:26:00,28.975,29.055,28.975,29.055,31
2026-01-09 13:27:00,29.085,29.09,29.085,29.09,2
2026-01-09 13:28:00,29.11,29.11,29.11,29.11,4
2026-01-09 13:29:00,29.11,29.11,29.11,29.11,1
2026-01-09 13:30:00,29.12,29.16,29.12,29.14,20
2026-01-09 13:31:00,29.16,29.16,29.12,29.14,19
2026-01-09 13:32:00,29.14,29.17,29.14,29.17,2
2026-01-09 13:33:00,29.165,29.165,29.165,29.165,1
2026-01-09 13:34:00,29.165,29.165,29.165,29.165,0
2026-01-09 13:35:00,29.13,29.16,29.13,29.16,3
2026-01-09 13:36:00,29.16,29.16,29.16,29.16,3
2026-01-09 13:37:00,29.12,29.13,29.05,29.05,26
2026-01-09 13:38:00,29.05,29.065,29.05,29.065,3
2026-01-09 13:39:00,29.065,29.065,29.065,29.065,0
2026-01-09 13:40:00,29.065,29.065,29.065,29.065,0
2026-01-09 13:41:00,29.065,29.065,29.065,29.065,0
2026-01-09 13:42:00,29.065,29.065,29.065,29.065,0
2026-01-09 13:43:00,29.0186,29.0186,29.015,29.015,12
2026-01-09 13:44:00,29.015,29.015,29.01,29.01,3
2026-01-09 13:45:00,29.01,29.01,29.01,29.01,3
2026-01-09 13:46:00,29.01,29.01,29.0,29.0,6
2026-01-09 13:47:00,28.99,28.99,28.975,28.975,3
2026-01-09 13:48:00,28.96,28.96,28.96,28.96,2
2026-01-09 13:49:00,28.98,28.98,28.98,28.98,3
2026-01-09 13:50:00,28.98,29.0,28.95,28.95,40
2026-01-09 13:51:00,28.94,28.94,28.94,28.94,1
2026-01-09 13:52:00,28.94,28.94,28.94,28.94,0
2026-01-09 13:53:00,28.945,28.945,28.945,28.945,1
2026-01-09 13:54:00,28.95,28.97,28.88,28.88,127
2026-01-09 13:55:00,28.895,28.92,28.895,28.92,3
2026-01-09 13:56:00,28.92,28.92,28.75,28.8,87
2026-01-09 13:57:00,28.8,28.81,28.75,28.7914,62
2026-01-09 13:58:00,28.84,28.84,28.8,28.8,2
2026-01-09 13:59:00,28.8,28.8,28.8,28.8,4
2026-01-09 14:00:00,28.83,28.84,28.83,28.84,6
2026-01-09 14:01:00,28.85,28.85,28.805,28.81,34
2026-01-09 14:02:00,28.8,28.805,28.77,28.77,17
2026-01-09 14:03:00,28.7931,28.7931,28.55,28.69,326
2026-01-09 14:04:00,28.65,28.795,28.65,28.735,20
2026-01-09 14:05:00,28.79,28.8,28.79,28.8,4
2026-01-09 14:06:00,28.79,28.82,28.79,28.82,9
2026-01-09 14:07:00,28.825,28.89,28.825,28.89,20
2026-01-09 14:08:00,28.86,28.86,28.83,28.86,9
2026-01-09 14:09:00,28.86,28.86,28.8,28.8,11
2026-01-09 14:10:00,28.79,28.79,28.78,28.78,8
2026-01-09 14:11:00,28.8,28.85,28.8,28.83,9
2026-01-09 14:12:00,28.835,28.835,28.835,28.835,2
2026-01-09 14:13:00,28.82,28.84,28.81,28.81,10
2026-01-09 14:14:00,28.805,28.805,28.805,28.805,3
2026-01-09 14:15:00,28.8,28.8,28.8,28.8,2
2026-01-09 14:16:00,28.8,28.802,28.8,28.802,5
2026-01-09 14:17:00,28.771,28.8,28.77,28.785,17
2026-01-09 14:18:00,28.785,28.785,28.785,28.785,0
2026-01-09 14:19:00,28.78,28.78,28.77,28.78,22
2026-01-09 14:20:00,28.78,28.78,28.76,28.76,8
2026-01-09 14:21:00,28.76,28.78,28.76,28.76,16
2026-01-09 14:22:00,28.76,28.76,28.7,28.73,8
2026-01-09 14:23:00,28.71,28.71,28.7,28.7,8
2026-01-09 14:24:00,28.7,28.72,28.69,28.72,26
2026-01-09 14:25:00,28.75,28.75,28.7,28.715,9
2026-01-09 14:26:00,28.74,28.74,28.74,28.74,1
2026-01-09 14:27:00,28.74,28.77,28.74,28.75,5
2026-01-09 14:28:00,28.75,28.75,28.75,28.75,2
2026-01-09 14:29:00,28.75,28.75,28.75,28.75,0
2026-01-09 14:30:00,28.73,28.73,28.7,28.7,14
2026-01-09 14:31:00,28.7,28.77,28.68,28.77,34
2026-01-09 14:32:00,28.745,28.77,28.74,28.75,17
2026-01-09 14:33:00,28.75,28.77,28.75,28.77,2
2026-01-09 14:34:00,28.74,28.7536,28.74,28.7536,11
2026-01-09 14:35:00,28.76,28.77,28.75,28.75,10
2026-01-09 14:36:00,28.7595,28.7595,28.735,28.735,4
2026-01-09 14:37:00,28.72,28.75,28.71,28.73,15
2026-01-09 14:38:00,28.735,28.735,28.71,28.71,3
2026-01-09 14:39:00,28.705,28.725,28.7,28.705,25
2026-01-09 14:40:00,28.705,28.74,28.705,28.73,15
2026-01-09 14:41:00,28.75,28.75,28.71,28.73,4
2026-01-09 14:42:00,28.74,28.77,28.74,28.77,14
2026-01-09 14:43:00,28.75,28.77,28.75,28.77,6
2026-01-09 14:44:00,28.73,28.73,28.73,28.73,4
2026-01-09 14:45:00,28.72,28.72,28.7,28.715,8
2026-01-09 14:46:00,28.71,28.71,28.68,28.68,10
2026-01-09 14:47:00,28.67,28.695,28.67,28.695,2
2026-01-09 14:48:00,28.69,28.69,28.67,28.69,4
2026-01-09 14:49:00,28.68,28.685,28.67,28.685,5
2026-01-09 14:50:00,28.685,28.685,28.685,28.685,0
2026-01-09 14:51:00,28.71,28.71,28.67,28.69,8
2026-01-09 14:52:00,28.7,28.805,28.7,28.7946,26
2026-01-09 14:53:00,28.8,28.8,28.64,28.64,35
2026-01-09 14:54:00,28.64,28.64,28.5,28.56,41
2026-01-09 14:55:00,28.56,28.61,28.52,28.61,19
2026-01-09 14:56:00,28.62,28.62,28.61,28.61,14
2026-01-09 14:57:00,28.58,28.59,28.56,28.56,39
2026-01-09 14:58:00,28.575,28.67,28.57,28.665,26
2026-01-09 14:59:00,28.64,28.66,28.64,28.66,9
2026-01-09 15:00:00,28.645,28.645,28.6,28.6,14
2026-01-09 15:01:00,28.58,28.595,28.57,28.5783,24
2026-01-09 15:02:00,28.58,28.645,28.58,28.62,56
2026-01-09 15:03:00,28.625,28.65,28.61,28.64,53
2026-01-09 15:04:00,28.64,28.64,28.61,28.61,8
2026-01-09 15:05:00,28.6699,28.6699,28.61,28.645,29
2026-01-09 15:06:00,28.645,28.66,28.62,28.6365,37
2026-01-09 15:07:00,28.62,28.62,28.58,28.6,53
2026-01-09 15:08:00,28.5977,28.5977,28.58,28.58,19
2026-01-09 15:09:00,28.605,28.63,28.59,28.63,24
2026-01-09 15:10:00,28.59,28.6,28.585,28.6,20
2026-01-09 15:11:00,28.6,28.6,28.57,28.57,14
2026-01-09 15:12:00,28.58,28.6,28.57,28.6,63
2026-01-09 15:13:00,28.57,28.6,28.57,28.59,10
2026-01-09 15:14:00,28.5706,28.625,28.57,28.625,41
2026-01-09 15:15:00,28.63,28.64,28.62,28.625,23
2026-01-09 15:16:00,28.61,28.63,28.61,28.61,18
2026-01-09 15:17:00,28.58,28.615,28.58,28.615,18
2026-01-09 15:18:00,28.59,28.615,28.58,28.615,5
2026-01-09 15:19:00,28.58,28.59,28.55,28.59,28
2026-01-09 15:20:00,28.595,28.595,28.54,28.54,8
2026-01-09 15:21:00,28.575,28.575,28.55,28.55,22
2026-01-09 15:22:00,28.55,28.5875,28.55,28.585,16
2026-01-09 15:23:00,28.585,28.585,28.51,28.51,128
2026-01-09 15:24:00,28.515,28.515,28.45,28.45,95
2026-01-09 15:25:00,28.47,28.52,28.45,28.5096,195
2026-01-09 15:26:00,28.515,28.53,28.41,28.47,58
2026-01-09 15:27:00,28.465,28.48,28.45,28.48,9
2026-01-09 15:28:00,28.49,28.49,28.45,28.45,36
2026-01-09 15:29:00,28.45,28.45,28.3707,28.39,121
2026-01-09 15:30:00,28.39,28.39,28.32,28.35,69
2026-01-09 15:31:00,28.31,28.32,28.2601,28.285,33
2026-01-09 15:32:00,28.285,28.285,28.27,28.285,7
2026-01-09 15:33:00,28.31,28.315,28.285,28.315,99
2026-01-09 15:34:00,28.32,28.32,28.26,28.2771,34
2026-01-09 15:35:00,28.265,28.285,28.25,28.285,23
2026-01-09 15:36:00,28.265,28.27,28.25,28.25,8
2026-01-09 15:37:00,28.2401,28.255,28.201,28.21,25
2026-01-09 15:38:00,28.2,28.2,28.11,28.195,142
2026-01-09 15:39:00,28.195,28.24,28.195,28.205,28
2026-01-09 15:40:00,28.22,28.2399,28.2,28.2,26
2026-01-09 15:41:00,28.22,28.265,28.1914,28.26,12
2026-01-09 15:42:00,28.26,28.265,28.21,28.21,27
2026-01-09 15:43:00,28.22,28.22,28.22,28.22,6
2026-01-09 15:44:00,28.235,28.24,28.14,28.2,95
2026-01-09 15:45:00,28.23,28.23,28.17,28.21,102
2026-01-09 15:46:00,28.195,28.21,28.1884,28.21,21
2026-01-09 15:47:00,28.21,28.21,28.17,28.17,15
2026-01-09 15:48:00,28.2,28.2,28.185,28.185,11
2026-01-09 15:49:00,28.185,28.2178,28.17,28.17,57
2026-01-09 15:50:00,28.185,28.185,28.13,28.135,17
2026-01-09 15:51:00,28.14,28.17,28.14,28.16,45
2026-01-09 15:52:00,28.16,28.18,28.16,28.18,16
2026-01-09 15:53:00,28.185,28.22,28.18,28.19,75
2026-01-09 15:54:00,28.19,28.2,28.17,28.175,47
2026-01-09 15:55:00,28.16,28.21,28.145,28.16,82
2026-01-09 15:56:00,28.16,28.18,28.135,28.175,133
2026-01-09 15:57:00,28.18,28.22,28.18,28.21,104
2026-01-09 15:58:00,28.22,28.265,28.205,28.255,210
2026-01-09 15:59:00,28.25,28.255,28.2,28.22,437
2026-01-12 09:30:00,27.73,27.98,27.65,27.98,499
2026-01-12 09:31:00,27.65,27.735,27.43,27.45,272
2026-01-12 09:32:00,27.54,27.6499,27.54,27.575,97
2026-01-12 09:33:00,27.569,27.71,27.5001,27.6697,15
2026-01-12 09:34:00,27.57,27.58,27.31,27.49,79
2026-01-12 09:35:00,27.45,27.5898,27.4,27.4,48
2026-01-12 09:36:00,27.585,27.74,27.52,27.74,87
2026-01-12 09:37:00,27.73,27.8214,27.72,27.8214,20
2026-01-12 09:38:00,27.74,27.74,27.74,27.74,13
2026-01-12 09:39:00,27.745,27.915,27.745,27.89,21
2026-01-12 09:40:00,27.91,28.0475,27.81,27.81,79
2026-01-12 09:41:00,27.965,28.1,27.965,27.965,55
2026-01-12 09:42:00,27.975,27.975,27.9651,27.9651,16
2026-01-12 09:43:00,27.92,27.93,27.65,27.65,22
2026-01-12 09:44:00,27.76,27.9218,27.595,27.71,18
2026-01-12 09:45:00,27.56,27.705,27.405,27.405,47
2026-01-12 09:46:00,27.43,27.43,27.42,27.42,31
2026-01-12 09:47:00,27.415,27.435,26.67,27.12,1225
2026-01-12 09:48:00,27.06,27.2171,27.06,27.13,28
2026-01-12 09:49:00,27.13,27.15,27.02,27.095,34
2026-01-12 09:50:00,27.095,27.29,27.095,27.29,36
2026-01-12 09:51:00,27.32,27.32,27.18,27.3,26
2026-01-12 09:52:00,27.215,27.215,27.04,27.06,151
2026-01-12 09:53:00,27.1446,27.23,27.12,27.12,27
2026-01-12 09:54:00,27.0633,27.0633,26.78,26.78,145
2026-01-12 09:55:00,26.83,26.83,26.63,26.715,106
2026-01-12 09:56:00,26.79,26.8,26.34,26.51,336
2026-01-12 09:57:00,26.44,26.5499,26.3301,26.335,50
2026-01-12 09:58:00,26.39,26.58,26.3792,26.54,40
2026-01-12 09:59:00,26.5217,26.6,26.5217,26.56,63
2026-01-12 10:00:00,26.52,26.58,26.44,26.445,70
2026-01-12 10:01:00,26.42,26.48,26.3301,26.42,268
2026-01-12 10:02:00,26.3601,26.42,26.31,26.31,94
2026-01-12 10:03:00,26.32,26.42,26.31,26.42,50
2026-01-12 10:04:00,26.37,26.43,26.33,26.43,67
2026-01-12 10:05:00,26.43,26.57,26.43,26.49,64
2026-01-12 10:06:00,26.46,26.46,26.37,26.39,17
2026-01-12 10:07:00,26.39,26.5,26.35,26.5,147
2026-01-12 10:08:00,26.545,26.545,26.2,26.2696,270
2026-01-12 10:09:00,26.21,26.28,26.11,26.235,63
2026-01-12 10:10:00,26.28,26.3,26.17,26.17,48
2026-01-12 10:11:00,26.26,26.365,26.26,26.315,22
2026-01-12 10:12:00,26.315,26.4,26.3,26.38,24
2026-01-12 10:13:00,26.455,26.455,26.4348,26.4348,37
2026-01-12 10:14:00,26.52,26.52,26.4,26.44,36
2026-01-12 10:15:00,26.41,26.43,26.29,26.406,95
2026-01-12 10:16:00,26.44,26.47,26.39,26.395,76
2026-01-12 10:17:00,26.37,26.4001,26.365,26.4001,13
2026-01-12 10:18:00,26.4196,26.4196,26.38,26.4,26
2026-01-12 10:19:00,26.36,26.3972,26.32,26.3972,29
2026-01-12 10:20:00,26.365,26.365,26.24,26.28,54
2026-01-12 10:21:00,26.292,26.35,26.28,26.28,29
2026-01-12 10:22:00,26.3,26.3,26.25,26.255,17
2026-01-12 10:23:00,26.255,26.3094,26.23,26.3094,28
2026-01-12 10:24:00,26.2995,26.36,26.2995,26.325,11
2026-01-12 10:25:00,26.34,26.38,26.3,26.3,27
2026-01-12 10:26:00,26.31,26.31,26.01,26.08,142
2026-01-12 10:27:00,26.085,26.085,26.0001,26.04,72
2026-01-12 10:28:00,26.04,26.04,25.9,25.945,274
2026-01-12 10:29:00,25.95,26.03,25.93,25.975,186
2026-01-12 10:30:00,25.975,26.03,25.95,26.0246,57
2026-01-12 10:31:00,26.03,26.065,25.97,26.065,316
2026-01-12 10:32:00,26.0999,26.1,26.065,26.095,22
2026-01-12 10:33:00,26.08,26.105,26.025,26.105,35
2026-01-12 10:34:00,26.085,26.11,26.01,26.08,105
2026-01-12 10:35:00,26.04,26.12,26.03,26.0392,31
2026-01-12 10:36:00,26.07,26.21,26.07,26.1,32
2026-01-12 10:37:00,26.159,26.2,26.1138,26.17,30
2026-01-12 10:38:00,26.17,26.2,26.1,26.12,112
2026-01-12 10:39:00,26.14,26.2,26.12,26.19,67
2026-01-12 10:40:00,26.2,26.3,26.19,26.23,36
2026-01-12 10:41:00,26.23,26.3,26.18,26.3,25
2026-01-12 10:42:00,26.3,26.34,26.29,26.32,16
2026-01-12 10:43:00,26.39,26.435,26.39,26.435,3
2026-01-12 10:44:00,26.46,26.46,26.28,26.355,72
2026-01-12 10:45:00,26.3051,26.375,26.305,26.375,60
2026-01-12 10:46:00,26.377,26.377,26.185,26.21,30
2026-01-12 10:47:00,26.23,26.23,26.18,26.215,50
2026-01-12 10:48:00,26.25,26.26,26.18,26.225,37
2026-01-12 10:49:00,26.225,26.225,26.13,26.15,131
2026-01-12 10:50:00,26.1193,26.1557,26.1,26.1392,71
2026-01-12 10:51:00,26.135,26.14,26.07,26.14,820
2026-01-12 10:52:00,26.1894,26.1894,26.1,26.11,10
2026-01-12 10:53:00,26.09,26.14,26.05,26.14,56
2026-01-12 10:54:00,26.135,26.2,26.135,26.19,30
2026-01-12 10:55:00,26.15,26.18,26.1428,26.1428,14
2026-01-12 10:56:00,26.15,26.15,26.13,26.1301,41
2026-01-12 10:57:00,26.11,26.18,26.1,26.175,41
2026-01-12 10:58:00,26.175,26.26,26.175,26.26,31
2026-01-12 10:59:00,26.28,26.31,26.25,26.25,35
2026-01-12 11:00:00,26.28,26.37,26.28,26.3432,41
2026-01-12 11:01:00,26.34,26.395,26.26,26.395,67
2026-01-12 11:02:00,26.395,26.4,26.32,26.32,59
2026-01-12 11:03:00,26.325,26.35,26.3001,26.3001,9
2026-01-12 11:04:00,26.35,26.455,26.33,26.435,19
2026-01-12 11:05:00,26.44,26.44,26.39,26.39,16
2026-01-12 11:06:00,26.4,26.46,26.4,26.455,18
2026-01-12 11:07:00,26.478,26.535,26.478,26.53,38
2026-01-12 11:08:00,26.535,26.535,26.43,26.4401,21
2026-01-12 11:09:00,26.475,26.475,26.46,26.465,5
2026-01-12 11:10:00,26.4405,26.48,26.4,26.445,34
2026-01-12 11:11:00,26.45,26.45,26.45,26.45,6
2026-01-12 11:12:00,26.48,26.49,26.4301,26.4301,46
2026-01-12 11:13:00,26.465,26.465,26.415,26.415,16
2026-01-12 11:14:00,26.415,26.455,26.415,26.455,7
2026-01-12 11:15:00,26.455,26.52,26.455,26.48,41
2026-01-12 11:16:00,26.4958,26.52,26.4958,26.52,9
2026-01-12 11:17:00,26.49,26.615,26.49,26.595,339
2026-01-12 11:18:00,26.595,26.6,26.49,26.49,24
2026-01-12 11:19:00,26.46,26.5,26.46,26.47,11
2026-01-12 11:20:00,26.44,26.505,26.44,26.45,11
2026-01-12 11:21:00,26.49,26.54,26.4,26.4886,75
2026-01-12 11:22:00,26.485,26.485,26.485,26.485,4
2026-01-12 11:23:00,26.49,26.6,26.49,26.6,28
2026-01-12 11:24:00,26.55,26.57,26.54,26.5629,15
2026-01-12 11:25:00,26.585,26.635,26.58,26.58,12
2026-01-12 11:26:00,26.57,26.6,26.57,26.6,11
2026-01-12 11:27:00,26.6001,26.68,26.6001,26.6182,132
2026-01-12 11:28:00,26.6,26.62,26.57,26.58,80
2026-01-12 11:29:00,26.6,26.635,26.6,26.625,9
2026-01-12 11:30:00,26.65,26.71,26.65,26.71,34
2026-01-12 11:31:00,26.72,26.72,26.62,26.62,46
2026-01-12 11:32:00,26.63,26.63,26.63,26.63,16
2026-01-12 11:33:00,26.63,26.67,26.63,26.635,6
2026-01-12 11:34:00,26.6375,26.645,26.55,26.565,25
2026-01-12 11:35:00,26.58,26.58,26.57,26.575,30
2026-01-12 11:36:00,26.59,26.6,26.59,26.6,26
2026-01-12 11:37:00,26.595,26.62,26.595,26.62,4
2026-01-12 11:38:00,26.63,26.63,26.6,26.63,11
2026-01-12 11:39:00,26.582,26.6,26.52,26.52,22
2026-01-12 11:40:00,26.545,26.545,26.5001,26.53,13
2026-01-12 11:41:00,26.53,26.53,26.49,26.52,81
2026-01-12 11:42:00,26.5,26.53,26.5,26.52,37
2026-01-12 11:43:00,26.5005,26.56,26.5005,26.56,4
2026-01-12 11:44:00,26.53,26.53,26.53,26.53,2
2026-01-12 11:45:00,26.55,26.55,26.53,26.54,15
2026-01-12 11:46:00,26.545,26.55,26.49,26.49,15
2026-01-12 11:47:00,26.53,26.545,26.53,26.54,5
2026-01-12 11:48:00,26.52,26.545,26.51,26.525,23
2026-01-12 11:49:00,26.55,26.55,26.525,26.55,6
2026-01-12 11:50:00,26.56,26.56,26.53,26.54,10
2026-01-12 11:51:00,26.56,26.56,26.53,26.54,17
2026-01-12 11:52:00,26.545,26.595,26.545,26.595,13
2026-01-12 11:53:00,26.59,26.59,26.52,26.52,30
2026-01-12 11:54:00,26.5216,26.5216,26.509,26.52,23
2026-01-12 11:55:00,26.53,26.565,26.5,26.565,40
2026-01-12 11:56:00,26.555,26.565,26.52,26.52,5
2026-01-12 11:57:00,26.55,26.55,26.55,26.55,1
2026-01-12 11:58:00,26.545,26.58,26.52,26.535,31
2026-01-12 11:59:00,26.535,26.56,26.535,26.54,11
2026-01-12 12:00:00,26.53,26.55,26.45,26.45,54
2026-01-12 12:01:00,26.425,26.46,26.425,26.455,27
2026-01-12 12:02:00,26.455,26.46,26.455,26.455,5
2026-01-12 12:03:00,26.47,26.47,26.455,26.46,17
2026-01-12 12:04:00,26.46,26.59,26.46,26.59,59
2026-01-12 12:05:00,26.585,26.585,26.53,26.53,23
2026-01-12 12:06:00,26.55,26.59,26.43,26.49,31
2026-01-12 12:07:00,26.4574,26.49,26.44,26.44,29
2026-01-12 12:08:00,26.455,26.46,26.39,26.393,51
2026-01-12 12:09:00,26.43,26.47,26.43,26.47,108
2026-01-12 12:10:00,26.48,26.49,26.48,26.49,7
2026-01-12 12:11:00,26.495,26.52,26.495,26.52,9
2026-01-12 12:12:00,26.55,26.6,26.51,26.51,53
2026-01-12 12:13:00,26.5,26.51,26.49,26.5,18
2026-01-12 12:14:00,26.505,26.505,26.45,26.45,16
2026-01-12 12:15:00,26.45,26.45,26.45,26.45,1
2026-01-12 12:16:00,26.45,26.45,26.375,26.375,15
2026-01-12 12:17:00,26.373,26.42,26.28,26.29,385
2026-01-12 12:18:00,26.29,26.32,26.27,26.305,53
2026-01-12 12:19:00,26.32,26.35,26.32,26.345,18
2026-01-12 12:20:00,26.345,26.37,26.33,26.33,133
2026-01-12 12:21:00,26.34,26.38,26.34,26.365,62
2026-01-12 12:22:00,26.39,26.435,26.39,26.435,101
2026-01-12 12:23:00,26.448,26.448,26.42,26.435,5
2026-01-12 12:24:00,26.41,26.435,26.385,26.405,10
2026-01-12 12:25:00,26.405,26.48,26.37,26.45,41
2026-01-12 12:26:00,26.4353,26.44,26.4353,26.44,3
2026-01-12 12:27:00,26.4462,26.47,26.44,26.44,6
2026-01-12 12:28:00,26.455,26.455,26.3989,26.3989,24
2026-01-12 12:29:00,26.44,26.45,26.44,26.45,3
2026-01-12 12:30:00,26.46,26.475,26.445,26.47,8
2026-01-12 12:31:00,26.47,26.48,26.44,26.44,16
2026-01-12 12:32:00,26.44,26.44,26.42,26.44,29
2026-01-12 12:33:00,26.44,26.445,26.44,26.445,10
2026-01-12 12:34:00,26.47,26.47,26.37,26.38,29
2026-01-12 12:35:00,26.4,26.44,26.4,26.44,10
2026-01-12 12:36:00,26.48,26.48,26.42,26.43,13
2026-01-12 12:37:00,26.42,26.45,26.41,26.45,37
2026-01-12 12:38:00,26.47,26.47,26.47,26.47,1
2026-01-12 12:39:00,26.48,26.48,26.44,26.45,49
2026-01-12 12:40:00,26.47,26.5,26.42,26.5,163
2026-01-12 12:41:00,26.48,26.48,26.45,26.47,51
2026-01-12 12:42:00,26.45,26.45,26.3092,26.3092,67
2026-01-12 12:43:00,26.31,26.31,26.26,26.31,16
2026-01-12 12:44:00,26.3065,26.35,26.3065,26.3084,23
2026-01-12 12:45:00,26.3,26.315,26.3,26.315,8
2026-01-12 12:46:00,26.33,26.35,26.29,26.33,35
2026-01-12 12:47:00,26.35,26.37,26.33,26.36,23
2026-01-12 12:48:00,26.355,26.355,26.33,26.33,10
2026-01-12 12:49:00,26.35,26.35,26.345,26.345,3
2026-01-12 12:50:00,26.37,26.37,26.36,26.36,3
2026-01-12 12:51:00,26.36,26.37,26.3,26.3,31
2026-01-12 12:52:00,26.3,26.3,26.22,26.22,12
2026-01-12 12:53:00,26.22,26.28,26.22,26.275,18
2026-01-12 12:54:00,26.28,26.285,26.255,26.255,9
2026-01-12 12:55:00,26.25,26.26,26.25,26.26,2
2026-01-12 12:56:00,26.26,26.26,26.225,26.24,33
2026-01-12 12:57:00,26.24,26.24,26.24,26.24,2
2026-01-12 12:58:00,26.28,26.29,26.28,26.29,2
2026-01-12 12:59:00,26.285,26.3099,26.24,26.24,39
2026-01-12 13:00:00,26.24,26.26,26.24,26.26,20
2026-01-12 13:01:00,26.28,26.305,26.28,26.28,9
2026-01-12 13:02:00,26.27,26.28,26.27,26.28,13
2026-01-12 13:03:00,26.32,26.32,26.31,26.31,4
2026-01-12 13:04:00,26.31,26.33,26.3069,26.32,15
2026-01-12 13:05:00,26.32,26.34,26.31,26.31,17
2026-01-12 13:06:00,26.31,26.315,26.25,26.2526,46
2026-01-12 13:07:00,26.26,26.3,26.26,26.3,19
2026-01-12 13:08:00,26.28,26.29,26.26,26.26,12
2026-01-12 13:09:00,26.27,26.27,26.21,26.22,36
2026-01-12 13:10:00,26.21,26.23,26.2,26.225,9
2026-01-12 13:11:00,26.24,26.2757,26.24,26.275,27
2026-01-12 13:12:00,26.275,26.275,26.22,26.22,35
2026-01-12 13:13:00,26.2001,26.22,26.2001,26.22,5
2026-01-12 13:14:00,26.235,26.255,26.235,26.255,10
2026-01-12 13:15:00,26.25,26.3499,26.25,26.29,10
2026-01-12 13:16:00,26.31,26.31,26.31,26.31,2
2026-01-12 13:17:00,26.31,26.325,26.3,26.325,21
2026-01-12 13:18:00,26.3097,26.35,26.29,26.305,13
2026-01-12 13:19:00,26.34,26.35,26.34,26.35,7
2026-01-12 13:20:00,26.35,26.35,26.35,26.35,4
2026-01-12 13:21:00,26.37,26.37,26.34,26.36,20
2026-01-12 13:22:00,26.37,26.37,26.31,26.31,24
2026-01-12 13:23:00,26.3,26.3,26.23,26.235,25
2026-01-12 13:24:00,26.2101,26.24,26.14,26.1616,63
2026-01-12 13:25:00,26.16,26.16,26.16,26.16,1
2026-01-12 13:26:00,26.18,26.22,26.18,26.2077,52
2026-01-12 13:27:00,26.205,26.2103,26.19,26.19,26
2026-01-12 13:28:00,26.2064,26.2064,26.14,26.15,52
2026-01-12 13:29:00,26.155,26.155,26.085,26.11,34
2026-01-12 13:30:00,26.1,26.18,26.1,26.175,18
2026-01-12 13:31:00,26.175,26.19,26.13,26.14,56
2026-01-12 13:32:00,26.13,26.13,26.13,26.13,2
2026-01-12 13:33:00,26.13,26.305,26.13,26.21,342
2026-01-12 13:34:00,26.21,26.21,26.16,26.165,55
2026-01-12 13:35:00,26.18,26.205,26.18,26.205,18
2026-01-12 13:36:00,26.205,26.205,26.18,26.185,25
2026-01-12 13:37:00,26.1862,26.21,26.185,26.2,15
2026-01-12 13:38:00,26.2,26.22,26.165,26.165,29
2026-01-12 13:39:00,26.165,26.165,26.145,26.155,39
2026-01-12 13:40:00,26.16,26.18,26.16,26.18,4
2026-01-12 13:41:00,26.16,26.165,26.125,26.13,50
2026-01-12 13:42:00,26.1301,26.1301,26.07,26.07,29
2026-01-12 13:43:00,26.05,26.08,26.04,26.08,51
2026-01-12 13:44:00,26.0806,26.0806,25.98,25.98,142
2026-01-12 13:45:00,25.99,25.99,25.875,25.91,80
2026-01-12 13:46:00,25.91,25.92,25.91,25.92,82
2026-01-12 13:47:00,25.92,25.96,25.9,25.9,91
2026-01-12 13:48:00,25.905,25.905,25.85,25.88,22
2026-01-12 13:49:00,25.86,25.86,25.825,25.83,19
2026-01-12 13:50:00,25.83,25.84,25.7805,25.81,85
2026-01-12 13:51:00,25.84,25.8781,25.82,25.82,20
2026-01-12 13:52:00,25.81,25.8148,25.74,25.745,30
2026-01-12 13:53:00,25.745,25.76,25.7,25.72,23
2026-01-12 13:54:00,25.725,25.81,25.725,25.81,163
2026-01-12 13:55:00,25.81,25.81,25.78,25.785,9
2026-01-12 13:56:00,25.785,25.785,25.77,25.78,37
2026-01-12 13:57:00,25.78,25.8028,25.77,25.785,22
2026-01-12 13:58:00,25.785,25.83,25.7682,25.82,74
2026-01-12 13:59:00,25.805,25.83,25.75,25.76,103
2026-01-12 14:00:00,25.78,25.8,25.725,25.77,64
2026-01-12 14:01:00,25.77,25.77,25.6604,25.6604,66
2026-01-12 14:02:00,25.6644,25.73,25.6644,25.715,72
2026-01-12 14:03:00,25.715,25.715,25.715,25.715,3
2026-01-12 14:04:00,25.715,25.715,25.7,25.705,35
2026-01-12 14:05:00,25.72,25.72,25.6977,25.705,13
2026-01-12 14:06:00,25.705,25.76,25.655,25.76,73
2026-01-12 14:07:00,25.76,25.76,25.6403,25.675,183
2026-01-12 14:08:00,25.6762,25.7,25.675,25.7,12
2026-01-12 14:09:00,25.7,25.705,25.6948,25.705,7
2026-01-12 14:10:00,25.705,25.725,25.6701,25.695,95
2026-01-12 14:11:00,25.67,25.6833,25.66,25.665,11
2026-01-12 14:12:00,25.675,25.6758,25.655,25.6758,33
2026-01-12 14:13:00,25.66,25.66,25.655,25.655,14
2026-01-12 14:14:00,25.6402,25.6562,25.625,25.63,30
2026-01-12 14:15:00,25.63,25.63,25.63,25.63,3
2026-01-12 14:16:00,25.625,25.625,25.625,25.625,7
2026-01-12 14:17:00,25.625,25.63,25.61,25.61,47
2026-01-12 14:18:00,25.64,25.64,25.63,25.63,3
2026-01-12 14:19:00,25.645,25.68,25.6301,25.68,47
2026-01-12 14:20:00,25.71,25.725,25.7,25.7,57
2026-01-12 14:21:00,25.71,25.71,25.65,25.655,28
2026-01-12 14:22:00,25.655,25.66,25.64,25.64,51
2026-01-12 14:23:00,25.645,25.645,25.625,25.625,17
2026-01-12 14:24:00,25.62,25.63,25.595,25.62,37
2026-01-12 14:25:00,25.63,25.68,25.62,25.645,19
2026-01-12 14:26:00,25.66,25.705,25.645,25.69,37
2026-01-12 14:27:00,25.705,25.72,25.69,25.69,63
2026-01-12 14:28:00,25.68,25.7201,25.68,25.7201,19
2026-01-12 14:29:00,25.72,25.77,25.72,25.76,49
2026-01-12 14:30:00,25.76,25.765,25.74,25.76,29
2026-01-12 14:31:00,25.76,25.767,25.742,25.76,31
2026-01-12 14:32:00,25.765,25.765,25.7,25.7,15
2026-01-12 14:33:00,25.69,25.69,25.66,25.665,19
2026-01-12 14:34:00,25.655,25.67,25.6488,25.655,37
2026-01-12 14:35:00,25.67,25.6775,25.66,25.675,12
2026-01-12 14:36:00,25.66,25.67,25.64,25.64,18
2026-01-12 14:37:00,25.64,25.64,25.6201,25.64,16
2026-01-12 14:38:00,25.64,25.64,25.625,25.625,63
2026-01-12 14:39:00,25.64,25.67,25.64,25.64,30
2026-01-12 14:40:00,25.64,25.65,25.63,25.63,11
2026-01-12 14:41:00,25.6399,25.665,25.63,25.63,52
2026-01-12 14:42:00,25.62,25.64,25.62,25.6266,82
2026-01-12 14:43:00,25.62,25.62,25.45,25.53,281
2026-01-12 14:44:00,25.5336,25.67,25.51,25.67,88
2026-01-12 14:45:00,25.68,25.7,25.5901,25.6,73
2026-01-12 14:46:00,25.6,25.6,25.56,25.58,29
2026-01-12 14:47:00,25.58,25.63,25.57,25.63,84
2026-01-12 14:48:00,25.67,25.68,25.57,25.57,114
2026-01-12 14:49:00,25.57,25.63,25.57,25.63,63
2026-01-12 14:50:00,25.62,25.63,25.58,25.61,88
2026-01-12 14:51:00,25.615,25.65,25.61,25.64,49
2026-01-12 14:52:00,25.67,25.74,25.66,25.7,77
2026-01-12 14:53:00,25.71,25.81,25.695,25.795,72
2026-01-12 14:54:00,25.8294,25.855,25.795,25.8275,80
2026-01-12 14:55:00,25.84,25.88,25.84,25.85,23
2026-01-12 14:56:00,25.84,25.99,25.825,25.94,61
2026-01-12 14:57:00,25.98,26.06,25.98,26.05,37
2026-01-12 14:58:00,26.02,26.03,25.835,25.835,283
2026-01-12 14:59:00,25.835,25.97,25.82,25.955,44
2026-01-12 15:00:00,25.955,25.98,25.932,25.97,68
2026-01-12 15:01:00,25.95,25.97,25.9,25.92,74
2026-01-12 15:02:00,25.9,25.94,25.8616,25.8616,141
2026-01-12 15:03:00,25.865,26.06,25.865,26.03,155
2026-01-12 15:04:00,26.03,26.04,26.0,26.0,72
2026-01-12 15:05:00,26.01,26.1,25.985,26.09,214
2026-01-12 15:06:00,26.1,26.13,26.09,26.1075,192
2026-01-12 15:07:00,26.09,26.09,25.98,25.995,196
2026-01-12 15:08:00,26.015,26.085,26.01,26.05,59
2026-01-12 15:09:00,26.0516,26.06,26.0,26.0,63
2026-01-12 15:10:00,26.015,26.06,26.01,26.03,46
2026-01-12 15:11:00,26.05,26.05,26.0,26.035,94
2026-01-12 15:12:00,26.035,26.035,25.995,26.005,42
2026-01-12 15:13:00,26.01,26.02,26.0,26.003,19
2026-01-12 15:14:00,26.0,26.09,26.0,26.085,141
2026-01-12 15:15:00,26.09,26.145,26.01,26.01,112
2026-01-12 15:16:00,26.0,26.01,25.97,26.0,152
2026-01-12 15:17:00,25.99,26.0,25.99,25.995,27
2026-01-12 15:18:00,25.995,25.995,25.93,25.95,75
2026-01-12 15:19:00,25.95,25.96,25.92,25.92,20
2026-01-12 15:20:00,25.9,26.0,25.9,25.98,66
2026-01-12 15:21:00,25.955,25.955,25.93,25.945,33
2026-01-12 15:22:00,25.945,25.945,25.945,25.945,7
2026-01-12 15:23:00,25.945,25.945,25.79,25.82,47
2026-01-12 15:24:00,25.7808,25.82,25.7601,25.82,55
2026-01-12 15:25:00,25.82,25.82,25.75,25.77,207
2026-01-12 15:26:00,25.85,25.855,25.8017,25.8017,99
2026-01-12 15:27:00,25.83,25.84,25.815,25.84,17
2026-01-12 15:28:00,25.84,25.84,25.81,25.83,39
2026-01-12 15:29:00,25.82,25.82,25.79,25.79,68
2026-01-12 15:30:00,25.805,25.87,25.805,25.87,22
2026-01-12 15:31:00,25.87,25.92,25.85,25.92,62
2026-01-12 15:32:00,25.92,25.92,25.86,25.88,42
2026-01-12 15:33:00,25.8851,25.93,25.885,25.92,14
2026-01-12 15:34:00,25.935,25.97,25.935,25.97,23
2026-01-12 15:35:00,25.95,26.175,25.95,26.17,258
2026-01-12 15:36:00,26.13,26.13,25.98,26.02,61
2026-01-12 15:37:00,26.04,26.14,26.04,26.13,45
2026-01-12 15:38:00,26.16,26.19,26.11,26.13,47
2026-01-12 15:39:00,26.145,26.19,26.145,26.175,17
2026-01-12 15:40:00,26.175,26.425,26.175,26.425,122
2026-01-12 15:41:00,26.405,26.435,26.39,26.435,37
2026-01-12 15:42:00,26.435,26.56,26.41,26.55,431
2026-01-12 15:43:00,26.5214,26.67,26.5214,26.615,125
2026-01-12 15:44:00,26.615,26.66,26.58,26.645,200
2026-01-12 15:45:00,26.68,26.69,26.58,26.58,178
2026-01-12 15:46:00,26.605,26.82,26.59,26.73,157
2026-01-12 15:47:00,26.77,26.88,26.72,26.82,200
2026-01-12 15:48:00,26.84,26.84,26.765,26.77,127
2026-01-12 15:49:00,26.81,26.81,26.75,26.78,159
2026-01-12 15:50:00,26.79,26.845,26.745,26.775,181
2026-01-12 15:51:00,26.78,26.82,26.78,26.78,136
2026-01-12 15:52:00,26.795,26.865,26.795,26.845,192
2026-01-12 15:53:00,26.84,26.945,26.84,26.88,141
2026-01-12 15:54:00,26.86,26.89,26.82,26.86,232
2026-01-12 15:55:00,26.85,26.925,26.835,26.86,354
2026-01-12 15:56:00,26.855,26.88,26.74,26.82,786
2026-01-12 15:57:00,26.83,26.83,26.79,26.815,267
2026-01-12 15:58:00,26.82,26.825,26.785,26.8,221
2026-01-12 15:59:00,26.795,26.815,26.765,26.785,593
2026-01-13 09:30:00,26.67,26.78,26.66,26.78,269
2026-01-13 09:31:00,26.78,26.78,26.78,26.78,0
2026-01-13 09:32:00,26.5462,26.57,26.46,26.46,8
2026-01-13 09:33:00,26.56,26.7114,26.56,26.7114,13
2026-01-13 09:34:00,26.6014,26.6014,26.585,26.585,53
2026-01-13 09:35:00,26.4938,26.585,26.4938,26.585,5
2026-01-13 09:36:00,26.68,26.68,26.6081,26.6081,8
2026-01-13 09:37:00,26.475,26.55,26.39,26.4425,22
2026-01-13 09:38:00,26.36,26.36,26.3,26.322,12
2026-01-13 09:39:00,26.26,26.26,26.23,26.26,83
2026-01-13 09:40:00,26.235,26.235,26.15,26.15,52
2026-01-13 09:41:00,26.085,26.085,26.04,26.04,4
2026-01-13 09:42:00,26.129,26.13,26.045,26.045,11
2026-01-13 09:43:00,26.11,26.14,26.105,26.105,13
2026-01-13 09:44:00,26.0837,26.0837,26.057,26.057,3
2026-01-13 09:45:00,26.07,26.075,26.07,26.075,2
2026-01-13 09:46:00,26.04,26.065,25.9801,26.065,550
2026-01-13 09:47:00,25.98,26.05,25.96,26.02,43
2026-01-13 09:48:00,26.085,26.085,26.02,26.06,18
2026-01-13 09:49:00,26.07,26.2218,26.0505,26.2,61
2026-01-13 09:50:00,26.26,26.34,26.26,26.26,20
2026-01-13 09:51:00,26.312,26.325,26.18,26.19,14
2026-01-13 09:52:00,26.25,26.305,26.25,26.305,4
2026-01-13 09:53:00,26.34,26.3999,26.25,26.25,13
2026-01-13 09:54:00,26.3,26.3,26.25,26.3,27
2026-01-13 09:55:00,26.285,26.33,26.2401,26.26,67
2026-01-13 09:56:00,26.2791,26.2791,26.03,26.19,320
2026-01-13 09:57:00,26.0838,26.1286,26.0101,26.1286,66
2026-01-13 09:58:00,26.08,26.0996,26.0,26.03,113
2026-01-13 09:59:00,26.0301,26.054,25.94,25.9786,57
2026-01-13 10:00:00,25.92,25.9524,25.78,25.89,198
2026-01-13 10:01:00,25.87,25.9501,25.87,25.885,54
2026-01-13 10:02:00,25.9,25.9,25.82,25.85,72
2026-01-13 10:03:00,25.88,25.9525,25.85,25.9505,24
2026-01-13 10:04:00,25.9299,25.9366,25.8601,25.895,26
2026-01-13 10:05:00,25.89,25.93,25.89,25.9132,17
2026-01-13 10:06:00,25.8963,25.91,25.8715,25.88,20
2026-01-13 10:07:00,25.91,25.91,25.8701,25.8951,15
2026-01-13 10:08:00,25.895,25.895,25.83,25.895,77
2026-01-13 10:09:00,25.9017,25.91,25.84,25.85,35
2026-01-13 10:10:00,25.87,25.88,25.86,25.86,8
2026-01-13 10:11:00,25.8801,25.9,25.8201,25.85,52
2026-01-13 10:12:00,25.85,25.9,25.85,25.85,58
2026-01-13 10:13:00,25.855,25.93,25.831,25.93,49
2026-01-13 10:14:00,25.9201,25.95,25.89,25.925,19
2026-01-13 10:15:00,25.9001,25.96,25.9001,25.96,33
2026-01-13 10:16:00,25.9552,25.965,25.9301,25.965,3
2026-01-13 10:17:00,25.93,25.93,25.85,25.85,46
2026-01-13 10:18:00,25.83,25.88,25.83,25.87,41
2026-01-13 10:19:00,25.904,25.925,25.8601,25.925,24
2026-01-13 10:20:00,25.87,25.8715,25.87,25.8715,6
2026-01-13 10:21:00,25.914,25.92,25.85,25.86,15
2026-01-13 10:22:00,25.88,25.92,25.8601,25.91,40
2026-01-13 10:23:00,25.88,25.885,25.85,25.885,21
2026-01-13 10:24:00,25.875,25.875,25.71,25.7115,87
2026-01-13 10:25:00,25.76,25.77,25.68,25.77,24
2026-01-13 10:26:00,25.73,25.7301,25.72,25.725,7
2026-01-13 10:27:00,25.69,25.69,25.66,25.68,38
2026-01-13 10:28:00,25.68,25.745,25.66,25.745,43
2026-01-13 10:29:00,25.7376,25.765,25.7101,25.765,18
2026-01-13 10:30:00,25.77,25.81,25.767,25.81,11
2026-01-13 10:31:00,25.81,25.8154,25.7605,25.7605,11
2026-01-13 10:32:00,25.7826,25.854,25.78,25.854,16
2026-01-13 10:33:00,25.8546,25.9625,25.8546,25.8935,27
2026-01-13 10:34:00,25.903,25.9551,25.9,25.9551,16
2026-01-13 10:35:00,25.955,25.97,25.9475,25.97,20
2026-01-13 10:36:00,25.97,25.975,25.97,25.975,3
2026-01-13 10:37:00,25.975,26.02,25.935,25.96,58
2026-01-13 10:38:00,25.9592,25.9592,25.93,25.93,11
2026-01-13 10:39:00,25.93,25.98,25.9103,25.975,22
2026-01-13 10:40:00,25.97,25.97,25.91,25.91,24
2026-01-13 10:41:00,25.925,25.925,25.87,25.9,10
2026-01-13 10:42:00,25.8101,25.891,25.8101,25.885,5
2026-01-13 10:43:00,25.885,25.885,25.81,25.885,7
2026-01-13 10:44:00,25.885,25.885,25.86,25.885,8
2026-01-13 10:45:00,25.8101,25.89,25.8101,25.89,10
2026-01-13 10:46:00,25.82,25.92,25.82,25.885,37
2026-01-13 10:47:00,25.92,25.97,25.91,25.91,5
2026-01-13 10:48:00,25.91,25.95,25.91,25.95,2
2026-01-13 10:49:00,25.915,25.95,25.915,25.915,4
2026-01-13 10:50:00,25.92,25.95,25.9,25.925,36
2026-01-13 10:51:00,25.9158,25.9158,25.9158,25.9158,1
2026-01-13 10:52:00,25.91,25.915,25.8901,25.915,11
2026-01-13 10:53:00,25.915,25.915,25.84,25.865,17
2026-01-13 10:54:00,25.8843,25.8843,25.8843,25.8843,1
2026-01-13 10:55:00,25.865,25.8694,25.86,25.865,16
2026-01-13 10:56:00,25.8705,25.875,25.8705,25.875,3
2026-01-13 10:57:00,25.84,25.8753,25.84,25.87,5
2026-01-13 10:58:00,25.87,25.885,25.86,25.86,5
2026-01-13 10:59:00,25.8594,25.88,25.8504,25.88,12
2026-01-13 11:00:00,25.87,25.89,25.87,25.875,7
2026-01-13 11:01:00,25.9,25.96,25.89,25.93,39
2026-01-13 11:02:00,25.91,25.94,25.85,25.85,23
2026-01-13 11:03:00,25.84,25.85,25.78,25.78,14
2026-01-13 11:04:00,25.83,25.83,25.83,25.83,2
2026-01-13 11:05:00,25.85,25.88,25.85,25.865,14
2026-01-13 11:06:00,25.87,25.87,25.87,25.87,9
2026-01-13 11:07:00,25.8401,25.87,25.765,25.77,15
2026-01-13 11:08:00,25.775,25.84,25.775,25.8,33
2026-01-13 11:09:00,25.8,25.84,25.8,25.8062,9
2026-01-13 11:10:00,25.8175,25.8175,25.79,25.79,7
2026-01-13 11:11:00,25.81,25.81,25.79,25.7913,8
2026-01-13 11:12:00,25.8097,25.8097,25.6601,25.6613,36
2026-01-13 11:13:00,25.66,25.71,25.64,25.71,56
2026-01-13 11:14:00,25.705,25.72,25.68,25.72,9
2026-01-13 11:15:00,25.73,25.77,25.705,25.7684,33
2026-01-13 11:16:00,25.77,25.77,25.75,25.7697,39
2026-01-13 11:17:00,25.76,25.7701,25.76,25.7701,3
2026-01-13 11:18:00,25.78,25.89,25.78,25.785,177
2026-01-13 11:19:00,25.785,25.785,25.7808,25.7808,8
2026-01-13 11:20:00,25.785,25.785,25.74,25.7401,66
2026-01-13 11:21:00,25.745,25.75,25.7382,25.7382,17
2026-01-13 11:22:00,25.73,25.73,25.68,25.7,10
2026-01-13 11:23:00,25.7,25.7,25.67,25.67,9
2026-01-13 11:24:00,25.6916,25.6916,25.67,25.6701,5
2026-01-13 11:25:00,25.64,25.642,25.62,25.642,102
2026-01-13 11:26:00,25.642,25.642,25.642,25.642,0
2026-01-13 11:27:00,25.62,25.62,25.575,25.59,27
2026-01-13 11:28:00,25.6,25.63,25.6,25.615,95
2026-01-13 11:29:00,25.615,25.615,25.615,25.615,0
2026-01-13 11:30:00,25.64,25.64,25.63,25.63,18
2026-01-13 11:31:00,25.66,25.78,25.65,25.665,97
2026-01-13 11:32:00,25.65,25.69,25.64,25.655,26
2026-01-13 11:33:00,25.69,25.716,25.69,25.7,7
2026-01-13 11:34:00,25.6814,25.71,25.6814,25.71,7
2026-01-13 11:35:00,25.74,25.805,25.74,25.805,44
2026-01-13 11:36:00,25.82,25.83,25.79,25.81,25
2026-01-13 11:37:00,25.8,25.83,25.7996,25.83,5
2026-01-13 11:38:00,25.807,25.807,25.8045,25.8045,2
2026-01-13 11:39:00,25.7801,25.83,25.7801,25.81,12
2026-01-13 11:40:00,25.81,25.84,25.78,25.815,46
2026-01-13 11:41:00,25.82,25.85,25.82,25.85,9
2026-01-13 11:42:00,25.8662,25.88,25.84,25.85,40
2026-01-13 11:43:00,25.83,25.84,25.75,25.84,136
2026-01-13 11:44:00,25.825,25.84,25.81,25.84,8
2026-01-13 11:45:00,25.85,25.88,25.8476,25.8476,12
2026-01-13 11:46:00,25.8404,25.8404,25.8404,25.8404,1
2026-01-13 11:47:00,25.8651,25.8651,25.83,25.85,21
2026-01-13 11:48:00,25.85,25.85,25.84,25.85,3
2026-01-13 11:49:00,25.87,25.91,25.85,25.91,38
2026-01-13 11:50:00,25.895,25.895,25.85,25.87,27
2026-01-13 11:51:00,25.87,25.87,25.87,25.87,4
2026-01-13 11:52:00,25.87,25.9,25.85,25.85,19
2026-01-13 11:53:00,25.835,25.85,25.835,25.85,3
2026-01-13 11:54:00,25.84,25.84,25.84,25.84,5
2026-01-13 11:55:00,25.86,25.96,25.8599,25.925,123
2026-01-13 11:56:00,25.96,25.96,25.9001,25.9001,3
2026-01-13 11:57:00,25.93,25.93,25.8401,25.8401,18
2026-01-13 11:58:00,25.8764,25.88,25.875,25.875,14
2026-01-13 11:59:00,25.875,25.935,25.875,25.935,35
2026-01-13 12:00:00,25.95,25.975,25.95,25.96,8
2026-01-13 12:01:00,25.96,25.96,25.96,25.96,11
2026-01-13 12:02:00,25.96,25.96,25.9,25.905,13
2026-01-13 12:03:00,25.905,25.905,25.905,25.905,2
2026-01-13 12:04:00,25.88,25.88,25.84,25.86,24
2026-01-13 12:05:00,25.863,25.863,25.863,25.863,1
2026-01-13 12:06:00,25.845,25.86,25.82,25.86,11
2026-01-13 12:07:00,25.86,25.88,25.86,25.86,33
2026-01-13 12:08:00,25.86,25.86,25.85,25.85,5
2026-01-13 12:09:00,25.845,25.8599,25.845,25.8599,7
2026-01-13 12:10:00,25.845,25.88,25.845,25.88,15
2026-01-13 12:11:00,25.86,25.86,25.86,25.86,1
2026-01-13 12:12:00,25.88,25.9,25.87,25.87,38
2026-01-13 12:13:00,25.87,25.87,25.85,25.85,7
2026-01-13 12:14:00,25.85,25.85,25.825,25.85,27
2026-01-13 12:15:00,25.85,25.85,25.85,25.85,0
2026-01-13 12:16:00,25.84,25.84,25.79,25.79,20
2026-01-13 12:17:00,25.7809,25.79,25.78,25.78,6
2026-01-13 12:18:00,25.7806,25.83,25.775,25.82,209
2026-01-13 12:19:00,25.815,25.825,25.815,25.825,5
2026-01-13 12:20:00,25.825,25.9,25.825,25.881,12
2026-01-13 12:21:00,25.8951,25.8951,25.8801,25.8801,11
2026-01-13 12:22:00,25.895,25.8951,25.86,25.86,14
2026-01-13 12:23:00,25.8567,25.86,25.845,25.86,12
2026-01-13 12:24:00,25.855,25.855,25.79,25.805,14
2026-01-13 12:25:00,25.805,25.805,25.805,25.805,5
2026-01-13 12:26:00,25.805,25.88,25.805,25.83,118
2026-01-13 12:27:00,25.8301,25.8301,25.8301,25.8301,3
2026-01-13 12:28:00,25.87,25.87,25.8445,25.8445,10
2026-01-13 12:29:00,25.84,25.84,25.837,25.837,12
2026-01-13 12:30:00,25.85,25.86,25.8301,25.85,29
2026-01-13 12:31:00,25.845,25.845,25.75,25.78,82
2026-01-13 12:32:00,25.795,25.795,25.795,25.795,1
2026-01-13 12:33:00,25.77,25.79,25.77,25.77,20
2026-01-13 12:34:00,25.79,25.8,25.7701,25.8,16
2026-01-13 12:35:00,25.795,25.795,25.77,25.7701,23
2026-01-13 12:36:00,25.77,25.77,25.7501,25.765,20
2026-01-13 12:37:00,25.765,25.765,25.765,25.765,2
2026-01-13 12:38:00,25.7611,25.7611,25.6651,25.67,54
2026-01-13 12:39:00,25.67,25.675,25.65,25.675,60
2026-01-13 12:40:00,25.675,25.725,25.675,25.7,25
2026-01-13 12:41:00,25.71,25.71,25.705,25.705,2
2026-01-13 12:42:00,25.705,25.8,25.6601,25.79,23
2026-01-13 12:43:00,25.795,25.84,25.75,25.8,22
2026-01-13 12:44:00,25.77,25.77,25.77,25.77,1
2026-01-13 12:45:00,25.775,25.775,25.7687,25.775,13
2026-01-13 12:46:00,25.775,25.775,25.775,25.775,0
2026-01-13 12:47:00,25.757,25.82,25.74,25.817,19
2026-01-13 12:48:00,25.8,25.8,25.76,25.77,155
2026-01-13 12:49:00,25.75,25.76,25.75,25.76,3
2026-01-13 12:50:00,25.77,25.77,25.74,25.75,25
2026-01-13 12:51:00,25.74,25.74,25.68,25.735,86
2026-01-13 12:52:00,25.74,25.745,25.74,25.74,7
2026-01-13 12:53:00,25.745,25.745,25.74,25.74,5
2026-01-13 12:54:00,25.77,25.77,25.645,25.68,46
2026-01-13 12:55:00,25.67,25.67,25.67,25.67,1
2026-01-13 12:56:00,25.67,25.67,25.635,25.635,13
2026-01-13 12:57:00,25.62,25.625,25.595,25.595,20
2026-01-13 12:58:00,25.59,25.59,25.59,25.59,1
2026-01-13 12:59:00,25.6,25.62,25.59,25.61,21
2026-01-13 13:00:00,25.61,25.61,25.575,25.61,37
2026-01-13 13:01:00,25.63,25.63,25.63,25.63,1
2026-01-13 13:02:00,25.58,25.58,25.54,25.56,19
2026-01-13 13:03:00,25.56,25.585,25.56,25.572,16
2026-01-13 13:04:00,25.585,25.585,25.585,25.585,3
2026-01-13 13:05:00,25.585,25.61,25.585,25.585,15
2026-01-13 13:06:00,25.62,25.66,25.62,25.66,55
2026-01-13 13:07:00,25.66,25.66,25.63,25.63,15
2026-01-13 13:08:00,25.62,25.65,25.61,25.64,38
2026-01-13 13:09:00,25.64,25.64,25.64,25.64,1
2026-01-13 13:10:00,25.64,25.64,25.55,25.55,50
2026-01-13 13:11:00,25.6,25.63,25.58,25.585,18
2026-01-13 13:12:00,25.585,25.585,25.585,25.585,0
2026-01-13 13:13:00,25.61,25.615,25.595,25.615,27
2026-01-13 13:14:00,25.615,25.615,25.59,25.61,11
2026-01-13 13:15:00,25.61,25.67,25.6,25.67,150
2026-01-13 13:16:00,25.6484,25.6484,25.615,25.63,29
2026-01-13 13:17:00,25.6,25.61,25.543,25.543,23
2026-01-13 13:18:00,25.555,25.555,25.555,25.555,11
2026-01-13 13:19:00,25.54,25.57,25.44,25.475,362
2026-01-13 13:20:00,25.47,25.51,25.47,25.49,24
2026-01-13 13:21:00,25.5064,25.5064,25.5064,25.5064,1
2026-01-13 13:22:00,25.51,25.53,25.51,25.53,6
2026-01-13 13:23:00,25.53,25.53,25.53,25.53,0
2026-01-13 13:24:00,25.51,25.51,25.505,25.505,8
2026-01-13 13:25:00,25.505,25.5276,25.505,25.5276,4
2026-01-13 13:26:00,25.51,25.515,25.48,25.515,18
2026-01-13 13:27:00,25.515,25.515,25.515,25.515,2
2026-01-13 13:28:00,25.515,25.515,25.49,25.515,3
2026-01-13 13:29:00,25.49,25.52,25.49,25.51,24
2026-01-13 13:30:00,25.52,25.52,25.51,25.52,18
2026-01-13 13:31:00,25.51,25.51,25.51,25.51,1
2026-01-13 13:32:00,25.54,25.54,25.54,25.54,1
2026-01-13 13:33:00,25.54,25.54,25.5215,25.5215,6
2026-01-13 13:34:00,25.5256,25.5256,25.5016,25.52,15
2026-01-13 13:35:00,25.52,25.62,25.52,25.62,26
2026-01-13 13:36:00,25.62,25.62,25.62,25.62,2
2026-01-13 13:37:00,25.625,25.625,25.625,25.625,2
2026-01-13 13:38:00,25.625,25.625,25.625,25.625,0
2026-01-13 13:39:00,25.615,25.615,25.58,25.59,17
2026-01-13 13:40:00,25.5884,25.59,25.5884,25.59,6
2026-01-13 13:41:00,25.59,25.59,25.59,25.59,0
2026-01-13 13:42:00,25.5704,25.62,25.5704,25.6,23
2026-01-13 13:43:00,25.6,25.6,25.585,25.585,9
2026-01-13 13:44:00,25.585,25.585,25.54,25.54,13
2026-01-13 13:45:00,25.53,25.57,25.525,25.57,60
2026-01-13 13:46:00,25.565,25.58,25.565,25.58,11
2026-01-13 13:47:00,25.565,25.565,25.565,25.565,1
2026-01-13 13:48:00,25.5501,25.58,25.5501,25.58,5
2026-01-13 13:49:00,25.59,25.59,25.56,25.56,28
2026-01-13 13:50:00,25.5554,25.57,25.54,25.55,26
2026-01-13 13:51:00,25.545,25.58,25.545,25.5789,9
2026-01-13 13:52:00,25.5696,25.5696,25.56,25.56,3
2026-01-13 13:53:00,25.56,25.56,25.555,25.555,6
2026-01-13 13:54:00,25.545,25.545,25.54,25.54,4
2026-01-13 13:55:00,25.54,25.54,25.51,25.525,36
2026-01-13 13:56:00,25.51,25.51,25.4851,25.4851,21
2026-01-13 13:57:00,25.4601,25.4601,25.46,25.46,7
2026-01-13 13:58:00,25.46,25.46,25.46,25.46,6
2026-01-13 13:59:00,25.46,25.51,25.46,25.5,29
2026-01-13 14:00:00,25.52,25.585,25.52,25.57,19
2026-01-13 14:01:00,25.55,25.56,25.51,25.525,33
2026-01-13 14:02:00,25.51,25.51,25.48,25.49,9
2026-01-13 14:03:00,25.48,25.48,25.455,25.455,6
2026-01-13 14:04:00,25.47,25.47,25.455,25.455,7
2026-01-13 14:05:00,25.455,25.5,25.455,25.5,23
2026-01-13 14:06:00,25.5,25.5,25.5,25.5,5
2026-01-13 14:07:00,25.5,25.5,25.5,25.5,0
2026-01-13 14:08:00,25.47,25.47,25.465,25.47,16
2026-01-13 14:09:00,25.475,25.475,25.39,25.41,65
2026-01-13 14:10:00,25.4216,25.4216,25.39,25.41,54
2026-01-13 14:11:00,25.42,25.42,25.41,25.42,10
2026-01-13 14:12:00,25.43,25.43,25.365,25.365,17
2026-01-13 14:13:00,25.3706,25.4,25.35,25.4,122
2026-01-13 14:14:00,25.4,25.4712,25.4,25.4712,13
2026-01-13 14:15:00,25.45,25.465,25.44,25.465,9
2026-01-13 14:16:00,25.45,25.46,25.44,25.46,24
2026-01-13 14:17:00,25.465,25.465,25.465,25.465,1
2026-01-13 14:18:00,25.465,25.465,25.465,25.465,3
2026-01-13 14:19:00,25.48,25.51,25.48,25.51,15
2026-01-13 14:20:00,25.52,25.55,25.52,25.54,21
2026-01-13 14:21:00,25.565,25.57,25.565,25.57,14
2026-01-13 14:22:00,25.57,25.5928,25.5676,25.5676,10
2026-01-13 14:23:00,25.57,25.57,25.57,25.57,1
2026-01-13 14:24:00,25.57,25.57,25.5647,25.5647,5
2026-01-13 14:25:00,25.6,25.625,25.59,25.6,93
2026-01-13 14:26:00,25.6,25.6,25.58,25.58,27
2026-01-13 14:27:00,25.5801,25.5801,25.5801,25.5801,2
2026-01-13 14:28:00,25.57,25.57,25.515,25.55,50
2026-01-13 14:29:00,25.55,25.61,25.55,25.59,26
2026-01-13 14:30:00,25.595,25.6,25.595,25.595,10
2026-01-13 14:31:00,25.59,25.59,25.52,25.52,26
2026-01-13 14:32:00,25.53,25.53,25.515,25.52,44
2026-01-13 14:33:00,25.52,25.52,25.51,25.515,48
2026-01-13 14:34:00,25.515,25.515,25.5,25.51,14
2026-01-13 14:35:00,25.51,25.555,25.51,25.53,16
2026-01-13 14:36:00,25.53,25.55,25.53,25.55,22
2026-01-13 14:37:00,25.57,25.59,25.56,25.56,31
2026-01-13 14:38:00,25.55,25.55,25.55,25.55,3
2026-01-13 14:39:00,25.55,25.55,25.55,25.55,0
2026-01-13 14:40:00,25.58,25.59,25.58,25.59,10
2026-01-13 14:41:00,25.57,25.57,25.535,25.54,23
2026-01-13 14:42:00,25.555,25.555,25.555,25.555,6
2026-01-13 14:43:00,25.555,25.625,25.555,25.5605,68
2026-01-13 14:44:00,25.56,25.56,25.525,25.525,21
2026-01-13 14:45:00,25.525,25.55,25.525,25.55,14
2026-01-13 14:46:00,25.55,25.558,25.5428,25.5428,10
2026-01-13 14:47:00,25.555,25.555,25.555,25.555,3
2026-01-13 14:48:00,25.53,25.56,25.53,25.54,17
2026-01-13 14:49:00,25.54,25.585,25.54,25.585,31
2026-01-13 14:50:00,25.585,25.585,25.585,25.585,1
2026-01-13 14:51:00,25.585,25.62,25.585,25.62,18
2026-01-13 14:52:00,25.64,25.64,25.621,25.621,2
2026-01-13 14:53:00,25.64,25.64,25.64,25.64,3
2026-01-13 14:54:00,25.64,25.64,25.6201,25.6201,12
2026-01-13 14:55:00,25.62,25.66,25.5907,25.655,61
2026-01-13 14:56:00,25.63,25.64,25.63,25.64,31
2026-01-13 14:57:00,25.66,25.66,25.635,25.635,14
2026-01-13 14:58:00,25.635,25.635,25.6,25.61,42
2026-01-13 14:59:00,25.615,25.65,25.615,25.625,31
2026-01-13 15:00:00,25.625,25.66,25.62,25.64,36
2026-01-13 15:01:00,25.63,25.63,25.61,25.63,14
2026-01-13 15:02:00,25.59,25.6,25.58,25.59,26
2026-01-13 15:03:00,25.58,25.61,25.58,25.59,20
2026-01-13 15:04:00,25.58,25.605,25.57,25.605,15
2026-01-13 15:05:00,25.605,25.61,25.595,25.595,16
2026-01-13 15:06:00,25.595,25.595,25.595,25.595,4
2026-01-13 15:07:00,25.58,25.58,25.535,25.56,30
2026-01-13 15:08:00,25.57,25.58,25.56,25.58,28
2026-01-13 15:09:00,25.58,25.62,25.58,25.615,26
2026-01-13 15:10:00,25.615,25.615,25.615,25.615,2
2026-01-13 15:11:00,25.6135,25.6135,25.585,25.585,15
2026-01-13 15:12:00,25.5862,25.59,25.5701,25.585,7
2026-01-13 15:13:00,25.57,25.62,25.56,25.59,70
2026-01-13 15:14:00,25.58,25.585,25.57,25.585,20
2026-01-13 15:15:00,25.57,25.59,25.56,25.57,62
2026-01-13 15:16:00,25.57,25.572,25.551,25.551,23
2026-01-13 15:17:00,25.55,25.55,25.53,25.53,34
2026-01-13 15:18:00,25.525,25.54,25.525,25.54,10
2026-01-13 15:19:00,25.52,25.68,25.52,25.68,131
2026-01-13 15:20:00,25.675,25.677,25.6705,25.677,12
2026-01-13 15:21:00,25.69,25.7,25.68,25.7,27
2026-01-13 15:22:00,25.695,25.72,25.695,25.72,11
2026-01-13 15:23:00,25.71,25.71,25.67,25.67,44
2026-01-13 15:24:00,25.72,25.82,25.72,25.82,11
2026-01-13 15:25:00,25.83,25.83,25.825,25.825,11
2026-01-13 15:26:00,25.81,25.82,25.81,25.81,28
2026-01-13 15:27:00,25.81,25.81,25.79,25.795,54
2026-01-13 15:28:00,25.7951,25.7951,25.795,25.795,5
2026-01-13 15:29:00,25.78,25.79,25.78,25.78,25
2026-01-13 15:30:00,25.78,25.78,25.76,25.77,59
2026-01-13 15:31:00,25.77,25.78,25.76,25.765,35
2026-01-13 15:32:00,25.765,25.845,25.76,25.83,51
2026-01-13 15:33:00,25.845,25.845,25.8,25.8,63
2026-01-13 15:34:00,25.8,25.85,25.795,25.85,20
2026-01-13 15:35:00,25.85,25.92,25.85,25.855,44
2026-01-13 15:36:00,25.845,25.85,25.83,25.85,23
2026-01-13 15:37:00,25.85,25.85,25.8472,25.8472,8
2026-01-13 15:38:00,25.8403,25.8403,25.8403,25.8403,3
2026-01-13 15:39:00,25.845,25.89,25.84,25.89,20
2026-01-13 15:40:00,25.9,25.9,25.87,25.87,72
2026-01-13 15:41:00,25.865,25.87,25.86,25.87,33
2026-01-13 15:42:00,25.865,25.865,25.85,25.85,7
2026-01-13 15:43:00,25.86,25.88,25.86,25.87,11
2026-01-13 15:44:00,25.88,25.885,25.84,25.84,42
2026-01-13 15:45:00,25.84,25.84,25.82,25.83,37
2026-01-13 15:46:00,25.832,25.87,25.832,25.87,20
2026-01-13 15:47:00,25.87,25.89,25.86,25.8818,54
2026-01-13 15:48:00,25.8899,25.92,25.875,25.88,167
2026-01-13 15:49:00,25.89,25.895,25.8772,25.895,16
2026-01-13 15:50:00,25.87,25.96,25.87,25.96,91
2026-01-13 15:51:00,25.95,25.98,25.95,25.98,32
2026-01-13 15:52:00,25.978,25.99,25.96,25.98,137
2026-01-13 15:53:00,25.98,25.99,25.87,25.96,543
2026-01-13 15:54:00,25.95,25.95,25.9,25.9192,125
2026-01-13 15:55:00,25.92,26.05,25.92,26.05,104
2026-01-13 15:56:00,26.07,26.09,26.01,26.05,226
2026-01-13 15:57:00,26.055,26.07,26.04,26.065,189
2026-01-13 15:58:00,26.07,26.13,26.06,26.075,403
2026-01-13 15:59:00,26.08,26.08,26.03,26.0409,581
2026-01-14 09:30:00,25.847,25.9,25.79,25.81,141
2026-01-14 09:31:00,25.795,26.08,25.795,26.0,64
2026-01-14 09:32:00,26.045,26.085,25.95,26.06,7
2026-01-14 09:33:00,26.065,26.2,26.065,26.1,117
2026-01-14 09:34:00,26.18,26.185,26.135,26.155,16
2026-01-14 09:35:00,26.17,26.17,26.11,26.145,24
2026-01-14 09:36:00,26.11,26.11,26.0,26.0,31
2026-01-14 09:37:00,26.035,26.11,26.035,26.11,5
2026-01-14 09:38:00,26.01,26.02,25.9,26.0,37
2026-01-14 09:39:00,26.06,26.06,25.96,25.96,4
2026-01-14 09:40:00,25.87,25.95,25.87,25.95,2
2026-01-14 09:41:00,25.955,26.0,25.94,25.94,23
2026-01-14 09:42:00,25.95,26.01,25.895,25.895,6
2026-01-14 09:43:00,25.86,25.99,25.8525,25.955,42
2026-01-14 09:44:00,25.935,26.02,25.935,25.9825,12
2026-01-14 09:45:00,25.95,25.99,25.95,25.96,15
2026-01-14 09:46:00,26.02,26.06,26.02,26.06,5
2026-01-14 09:47:00,26.06,26.06,26.03,26.06,17
2026-01-14 09:48:00,26.05,26.14,26.05,26.12,32
2026-01-14 09:49:00,26.14,26.205,26.135,26.175,78
2026-01-14 09:50:00,26.175,26.18,26.175,26.18,12
2026-01-14 09:51:00,26.18,26.19,26.15,26.19,12
2026-01-14 09:52:00,26.165,26.21,26.1625,26.18,64
2026-01-14 09:53:00,26.16,26.16,26.1,26.1,24
2026-01-14 09:54:00,26.11,26.11,26.11,26.11,2
2026-01-14 09:55:00,26.11,26.11,26.11,26.11,0
2026-01-14 09:56:00,26.08,26.105,26.07,26.1,21
2026-01-14 09:57:00,26.06,26.07,25.99,25.99,43
2026-01-14 09:58:00,25.97,26.02,25.97,26.02,6
2026-01-14 09:59:00,26.1,26.1,26.1,26.1,7
2026-01-14 10:00:00,25.97,25.97,25.905,25.905,22
2026-01-14 10:01:00,25.875,25.875,25.875,25.875,1
2026-01-14 10:02:00,25.7701,25.935,25.7701,25.7701,18
2026-01-14 10:03:00,25.93,25.96,25.885,25.93,28
2026-01-14 10:04:00,25.8,25.97,25.8,25.97,12
2026-01-14 10:05:00,25.91,25.94,25.91,25.94,2
2026-01-14 10:06:00,26.0,26.01,26.0,26.01,10
2026-01-14 10:07:00,25.99,26.0,25.99,25.99,10
2026-01-14 10:08:00,26.01,26.06,25.99,26.06,64
2026-01-14 10:09:00,26.06,26.06,25.985,26.025,38
2026-01-14 10:10:00,26.015,26.015,26.0,26.005,4
2026-01-14 10:11:00,26.015,26.02,26.015,26.02,3
2026-01-14 10:12:00,26.02,26.02,26.02,26.02,0
2026-01-14 10:13:00,26.02,26.02,26.02,26.02,0
2026-01-14 10:14:00,26.07,26.1,26.04,26.1,42
2026-01-14 10:15:00,26.1,26.15,26.1,26.11,21
2026-01-14 10:16:00,26.125,26.125,26.125,26.125,5
2026-01-14 10:17:00,26.125,26.17,26.125,26.16,24
2026-01-14 10:18:00,26.13,26.17,26.07,26.1,34
2026-01-14 10:19:00,26.07,26.16,26.07,26.07,128
2026-01-14 10:20:00,26.07,26.07,26.07,26.07,5
2026-01-14 10:21:00,26.07,26.07,26.07,26.07,0
2026-01-14 10:22:00,26.08,26.09,26.06,26.09,11
2026-01-14 10:23:00,26.07,26.07,26.07,26.07,1
2026-01-14 10:24:00,26.07,26.07,26.07,26.07,0
2026-01-14 10:25:00,26.0958,26.0958,26.0958,26.0958,2
2026-01-14 10:26:00,26.1,26.185,26.09,26.18,113
2026-01-14 10:27:00,26.18,26.18,26.18,26.18,0
2026-01-14 10:28:00,26.18,26.18,26.18,26.18,0
2026-01-14 10:29:00,26.15,26.18,26.15,26.18,21
2026-01-14 10:30:00,26.135,26.135,26.098,26.098,6
2026-01-14 10:31:00,26.12,26.12,26.09,26.09,36
2026-01-14 10:32:00,26.07,26.08,26.07,26.08,3
2026-01-14 10:33:00,26.07,26.11,26.06,26.06,20
2026-01-14 10:34:00,26.07,26.08,26.0676,26.0676,9
2026-01-14 10:35:00,26.06,26.068,26.04,26.04,10
2026-01-14 10:36:00,26.02,26.02,26.02,26.02,6
2026-01-14 10:37:00,26.02,26.02,26.02,26.02,1
2026-01-14 10:38:00,26.03,26.04,26.0,26.0,6
2026-01-14 10:39:00,26.03,26.05,26.03,26.05,19
2026-01-14 10:40:00,26.02,26.02,25.99,25.99,10
2026-01-14 10:41:00,25.99,26.005,25.99,26.005,6
2026-01-14 10:42:00,26.03,26.06,26.02,26.05,21
2026-01-14 10:43:00,26.06,26.085,26.04,26.07,58
2026-01-14 10:44:00,26.065,26.07,26.05,26.07,13
2026-01-14 10:45:00,26.06,26.09,26.06,26.08,13
2026-01-14 10:46:00,26.06,26.085,26.06,26.065,24
2026-01-14 10:47:00,26.07,26.07,26.005,26.02,17
2026-01-14 10:48:00,26.02,26.02,26.0,26.0,13
2026-01-14 10:49:00,25.99,26.05,25.99,26.05,3
2026-01-14 10:50:00,26.005,26.005,26.005,26.005,1
2026-01-14 10:51:00,25.99,25.99,25.99,25.99,1
2026-01-14 10:52:00,26.005,26.03,26.005,26.03,7
2026-01-14 10:53:00,26.04,26.04,26.01,26.01,17
2026-01-14 10:54:00,26.03,26.08,26.03,26.08,15
2026-01-14 10:55:00,26.1,26.11,26.1,26.1,7
2026-01-14 10:56:00,26.1,26.1,26.1,26.1,0
2026-01-14 10:57:00,26.095,26.095,26.05,26.05,5
2026-01-14 10:58:00,26.05,26.06,26.05,26.06,4
2026-01-14 10:59:00,26.05,26.05,26.05,26.05,1
2026-01-14 11:00:00,26.05,26.05,26.05,26.05,0
2026-01-14 11:01:00,26.08,26.13,26.07,26.125,38
2026-01-14 11:02:00,26.135,26.16,26.11,26.12,92
2026-01-14 11:03:00,26.13,26.13,26.13,26.13,2
2026-01-14 11:04:00,26.13,26.145,26.11,26.11,7
2026-01-14 11:05:00,26.14,26.14,26.1,26.105,6
2026-01-14 11:06:00,26.08,26.1,26.08,26.1,9
2026-01-14 11:07:00,26.09,26.09,26.08,26.08,8
2026-01-14 11:08:00,26.05,26.05,26.05,26.05,1
2026-01-14 11:09:00,26.06,26.07,26.06,26.07,7
2026-01-14 11:10:00,26.07,26.07,26.035,26.04,8
2026-01-14 11:11:00,26.06,26.08,26.06,26.07,6
2026-01-14 11:12:00,26.09,26.1,26.09,26.1,3
2026-01-14 11:13:00,26.07,26.07,26.055,26.055,7
2026-01-14 11:14:00,26.08,26.08,26.04,26.04,7
2026-01-14 11:15:00,26.045,26.06,26.045,26.06,9
2026-01-14 11:16:00,26.06,26.06,26.06,26.06,2
2026-01-14 11:17:00,26.0601,26.07,26.0301,26.0301,20
2026-01-14 11:18:00,26.07,26.1,26.06,26.1,16
2026-01-14 11:19:00,26.1,26.1,26.07,26.0807,15
2026-01-14 11:20:00,26.09,26.11,26.09,26.11,22
2026-01-14 11:21:00,26.1,26.1,26.09,26.1,4
2026-01-14 11:22:00,26.08,26.08,26.08,26.08,1
2026-01-14 11:23:00,26.095,26.095,26.08,26.08,2
2026-01-14 11:24:00,26.08,26.08,26.08,26.08,0
2026-01-14 11:25:00,26.08,26.08,26.08,26.08,0
2026-01-14 11:26:00,26.05,26.05,26.035,26.05,14
2026-01-14 11:27:00,26.04,26.04,26.04,26.04,1
2026-01-14 11:28:00,26.04,26.04,26.04,26.04,0
2026-01-14 11:29:00,26.01,26.01,26.01,26.01,1
2026-01-14 11:30:00,26.03,26.07,26.03,26.05,62
2026-01-14 11:31:00,26.06,26.06,26.06,26.06,7
2026-01-14 11:32:00,26.06,26.06,25.99,26.0,109
2026-01-14 11:33:00,25.99,25.99,25.99,25.99,3
2026-01-14 11:34:00,25.98,25.98,25.97,25.98,9
2026-01-14 11:35:00,26.0,26.0,25.9892,25.9892,12
2026-01-14 11:36:00,26.01,26.09,26.01,26.09,10
2026-01-14 11:37:00,26.09,26.09,26.09,26.09,0
2026-01-14 11:38:00,26.07,26.11,26.0533,26.11,18
2026-01-14 11:39:00,26.11,26.11,26.11,26.11,0
2026-01-14 11:40:00,26.11,26.11,26.08,26.088,8
2026-01-14 11:41:00,26.088,26.088,26.088,26.088,0
2026-01-14 11:42:00,26.088,26.088,26.088,26.088,0
2026-01-14 11:43:00,26.09,26.09,26.09,26.09,2
2026-01-14 11:44:00,26.09,26.09,26.09,26.09,3
2026-01-14 11:45:00,26.07,26.08,26.07,26.08,7
2026-01-14 11:46:00,26.086,26.086,26.086,26.086,1
2026-01-14 11:47:00,26.07,26.07,26.05,26.05,2
2026-01-14 11:48:00,26.05,26.05,26.05,26.05,0
2026-01-14 11:49:00,26.06,26.07,26.03,26.03,4
2026-01-14 11:50:00,26.04,26.04,26.04,26.04,1
2026-01-14 11:51:00,26.03,26.05,26.02,26.05,19
2026-01-14 11:52:00,26.04,26.04,26.03,26.03,5
2026-01-14 11:53:00,26.02,26.05,26.02,26.05,3
2026-01-14 11:54:00,26.06,26.06,26.04,26.04,3
2026-01-14 11:55:00,26.04,26.04,26.04,26.04,0
2026-01-14 11:56:00,26.02,26.06,26.02,26.06,3
2026-01-14 11:57:00,26.06,26.07,26.0551,26.07,6
2026-01-14 11:58:00,26.08,26.14,26.08,26.14,32
2026-01-14 11:59:00,26.125,26.125,26.05,26.05,25
2026-01-14 12:00:00,26.06,26.09,26.06,26.09,8
2026-01-14 12:01:00,26.0899,26.0899,26.03,26.03,11
2026-01-14 12:02:00,26.0101,26.06,26.0101,26.06,3
2026-01-14 12:03:00,26.06,26.06,26.06,26.06,0
2026-01-14 12:04:00,26.08,26.155,26.08,26.12,23
2026-01-14 12:05:00,26.13,26.16,26.13,26.16,20
2026-01-14 12:06:00,26.17,26.18,26.16,26.16,4
2026-01-14 12:07:00,26.11,26.12,26.11,26.12,2
2026-01-14 12:08:00,26.12,26.12,26.12,26.12,1
2026-01-14 12:09:00,26.15,26.15,26.14,26.15,3
2026-01-14 12:10:00,26.1565,26.1565,26.14,26.14,7
2026-01-14 12:11:00,26.17,26.2,26.17,26.18,23
2026-01-14 12:12:00,26.2,26.2,26.18,26.2,17
2026-01-14 12:13:00,26.18,26.195,26.18,26.185,26
2026-01-14 12:14:00,26.17,26.185,26.16,26.185,37
2026-01-14 12:15:00,26.17,26.17,26.17,26.17,5
2026-01-14 12:16:00,26.16,26.16,26.16,26.16,1
2026-01-14 12:17:00,26.16,26.16,26.13,26.15,9
2026-01-14 12:18:00,26.135,26.14,26.135,26.14,6
2026-01-14 12:19:00,26.16,26.255,26.16,26.24,926
2026-01-14 12:20:00,26.245,26.245,26.2,26.2,8
2026-01-14 12:21:00,26.18,26.18,26.18,26.18,1
2026-01-14 12:22:00,26.21,26.21,26.21,26.21,7
2026-01-14 12:23:00,26.24,26.29,26.24,26.29,5
2026-01-14 12:24:00,26.29,26.31,26.29,26.31,3
2026-01-14 12:25:00,26.33,26.33,26.33,26.33,1
2026-01-14 12:26:00,26.31,26.315,26.31,26.315,3
2026-01-14 12:27:00,26.33,26.35,26.33,26.35,7
2026-01-14 12:28:00,26.31,26.31,26.285,26.29,14
2026-01-14 12:29:00,26.3,26.3,26.3,26.3,1
2026-01-14 12:30:00,26.32,26.32,26.31,26.31,4
2026-01-14 12:31:00,26.32,26.34,26.32,26.33,6
2026-01-14 12:32:00,26.31,26.32,26.3,26.3,22
2026-01-14 12:33:00,26.31,26.31,26.31,26.31,2
2026-01-14 12:34:00,26.33,26.35,26.325,26.35,5
2026-01-14 12:35:00,26.37,26.3999,26.32,26.32,14
2026-01-14 12:36:00,26.32,26.32,26.3074,26.3074,11
2026-01-14 12:37:00,26.32,26.32,26.32,26.32,3
2026-01-14 12:38:00,26.3,26.3,26.265,26.2899,21
2026-01-14 12:39:00,26.29,26.29,26.29,26.29,4
2026-01-14 12:40:00,26.29,26.29,26.29,26.29,0
2026-01-14 12:41:00,26.28,26.35,26.28,26.35,17
2026-01-14 12:42:00,26.35,26.398,26.35,26.39,47
2026-01-14 12:43:00,26.3816,26.3816,26.38,26.38,15
2026-01-14 12:44:00,26.38,26.38,26.34,26.34,21
2026-01-14 12:45:00,26.34,26.36,26.34,26.36,9
2026-01-14 12:46:00,26.36,26.36,26.36,26.36,0
2026-01-14 12:47:00,26.39,26.4,26.39,26.4,3
2026-01-14 12:48:00,26.385,26.425,26.385,26.41,7
2026-01-14 12:49:00,26.42,26.43,26.4138,26.43,22
2026-01-14 12:50:00,26.425,26.425,26.35,26.35,9
2026-01-14 12:51:00,26.365,26.365,26.31,26.31,19
2026-01-14 12:52:00,26.31,26.31,26.31,26.31,2
2026-01-14 12:53:00,26.31,26.31,26.31,26.31,0
2026-01-14 12:54:00,26.3,26.3,26.3,26.3,1
2026-01-14 12:55:00,26.3,26.31,26.295,26.31,4
2026-01-14 12:56:00,26.31,26.31,26.31,26.31,0
2026-01-14 12:57:00,26.31,26.31,26.31,26.31,0
2026-01-14 12:58:00,26.31,26.31,26.31,26.31,0
2026-01-14 12:59:00,26.31,26.31,26.31,26.31,2
2026-01-14 13:00:00,26.3,26.33,26.3,26.315,7
2026-01-14 13:01:00,26.304,26.304,26.304,26.304,2
2026-01-14 13:02:00,26.3,26.3,26.25,26.28,21
2026-01-14 13:03:00,26.22,26.24,26.22,26.235,19
2026-01-14 13:04:00,26.235,26.27,26.235,26.26,8
2026-01-14 13:05:00,26.255,26.255,26.255,26.255,1
2026-01-14 13:06:00,26.29,26.31,26.29,26.31,7
2026-01-14 13:07:00,26.28,26.28,26.28,26.28,1
2026-01-14 13:08:00,26.295,26.295,26.2931,26.2931,3
2026-01-14 13:09:00,26.295,26.3,26.295,26.3,2
2026-01-14 13:10:00,26.295,26.295,26.295,26.295,3
2026-01-14 13:11:00,26.295,26.295,26.295,26.295,1
2026-01-14 13:12:00,26.28,26.28,26.28,26.28,1
2026-01-14 13:13:00,26.28,26.31,26.28,26.31,11
2026-01-14 13:14:00,26.31,26.385,26.31,26.375,36
2026-01-14 13:15:00,26.375,26.375,26.375,26.375,0
2026-01-14 13:16:00,26.375,26.375,26.35,26.35,3
2026-01-14 13:17:00,26.34,26.34,26.32,26.32,4
2026-01-14 13:18:00,26.34,26.365,26.34,26.3461,15
2026-01-14 13:19:00,26.37,26.37,26.37,26.37,33
2026-01-14 13:20:00,26.38,26.41,26.37,26.39,25
2026-01-14 13:21:00,26.395,26.53,26.395,26.53,22
2026-01-14 13:22:00,26.53,26.545,26.425,26.425,28
2026-01-14 13:23:00,26.455,26.47,26.455,26.47,7
2026-01-14 13:24:00,26.45,26.45,26.45,26.45,1
2026-01-14 13:25:00,26.41,26.41,26.41,26.41,1
2026-01-14 13:26:00,26.41,26.41,26.41,26.41,0
2026-01-14 13:27:00,26.4,26.4,26.4,26.4,1
2026-01-14 13:28:00,26.44,26.44,26.42,26.42,3
2026-01-14 13:29:00,26.425,26.47,26.424,26.47,28
2026-01-14 13:30:00,26.48,26.51,26.47,26.49,20
2026-01-14 13:31:00,26.44,26.45,26.435,26.435,9
2026-01-14 13:32:00,26.42,26.42,26.3,26.3,24
2026-01-14 13:33:00,26.29,26.29,26.29,26.29,1
2026-01-14 13:34:00,26.315,26.315,26.315,26.315,4
2026-01-14 13:35:00,26.315,26.33,26.315,26.315,3
2026-01-14 13:36:00,26.32,26.32,26.28,26.28,10
2026-01-14 13:37:00,26.28,26.29,26.26,26.26,9
2026-01-14 13:38:00,26.26,26.27,26.205,26.205,22
2026-01-14 13:39:00,26.205,26.22,26.14,26.17,224
2026-01-14 13:40:00,26.2,26.23,26.19,26.23,13
2026-01-14 13:41:00,26.23,26.23,26.23,26.23,4
2026-01-14 13:42:00,26.27,26.27,26.27,26.27,1
2026-01-14 13:43:00,26.235,26.27,26.235,26.26,8
2026-01-14 13:44:00,26.26,26.26,26.26,26.26,0
2026-01-14 13:45:00,26.25,26.25,26.25,26.25,1
2026-01-14 13:46:00,26.255,26.255,26.255,26.255,1
2026-01-14 13:47:00,26.255,26.255,26.25,26.25,2
2026-01-14 13:48:00,26.25,26.25,26.25,26.25,0
2026-01-14 13:49:00,26.25,26.26,26.23,26.23,35
2026-01-14 13:50:00,26.22,26.26,26.22,26.26,11
2026-01-14 13:51:00,26.26,26.28,26.26,26.28,4
2026-01-14 13:52:00,26.265,26.28,26.265,26.28,11
2026-01-14 13:53:00,26.28,26.285,26.28,26.285,4
2026-01-14 13:54:00,26.28,26.28,26.28,26.28,5
2026-01-14 13:55:00,26.28,26.28,26.28,26.28,4
2026-01-14 13:56:00,26.275,26.275,26.265,26.265,2
2026-01-14 13:57:00,26.265,26.265,26.265,26.265,1
2026-01-14 13:58:00,26.265,26.265,26.265,26.265,3
2026-01-14 13:59:00,26.28,26.29,26.28,26.28,9
2026-01-14 14:00:00,26.28,26.28,26.27,26.275,9
2026-01-14 14:01:00,26.275,26.275,26.275,26.275,2
2026-01-14 14:02:00,26.275,26.275,26.275,26.275,0
2026-01-14 14:03:00,26.29,26.31,26.29,26.29,10
2026-01-14 14:04:00,26.29,26.29,26.29,26.29,2
2026-01-14 14:05:00,26.29,26.29,26.29,26.29,2
2026-01-14 14:06:00,26.3,26.35,26.3,26.34,13
2026-01-14 14:07:00,26.36,26.37,26.35,26.37,7
2026-01-14 14:08:00,26.36,26.39,26.35,26.36,19
2026-01-14 14:09:00,26.33,26.33,26.295,26.295,21
2026-01-14 14:10:00,26.31,26.31,26.31,26.31,1
2026-01-14 14:11:00,26.295,26.41,26.29,26.3809,128
2026-01-14 14:12:00,26.41,26.435,26.41,26.41,3
2026-01-14 14:13:00,26.41,26.415,26.41,26.415,15
2026-01-14 14:14:00,26.43,26.43,26.37,26.395,77
2026-01-14 14:15:00,26.395,26.395,26.395,26.395,0
2026-01-14 14:16:00,26.385,26.41,26.385,26.39,40
2026-01-14 14:17:00,26.39,26.39,26.39,26.39,0
2026-01-14 14:18:00,26.39,26.39,26.39,26.39,0
2026-01-14 14:19:00,26.39,26.39,26.39,26.39,1
2026-01-14 14:20:00,26.39,26.42,26.39,26.39,13
2026-01-14 14:21:00,26.37,26.37,26.33,26.33,17
2026-01-14 14:22:00,26.38,26.38,26.38,26.38,1
2026-01-14 14:23:00,26.35,26.35,26.35,26.35,1
2026-01-14 14:24:00,26.35,26.35,26.33,26.35,3
2026-01-14 14:25:00,26.35,26.35,26.35,26.35,0
2026-01-14 14:26:00,26.33,26.33,26.315,26.315,9
2026-01-14 14:27:00,26.315,26.315,26.315,26.315,0
2026-01-14 14:28:00,26.315,26.315,26.315,26.315,0
2026-01-14 14:29:00,26.315,26.315,26.315,26.315,0
2026-01-14 14:30:00,26.315,26.315,26.315,26.315,0
2026-01-14 14:31:00,26.315,26.315,26.315,26.315,0
2026-01-14 14:32:00,26.31,26.31,26.31,26.31,10
2026-01-14 14:33:00,26.31,26.31,26.23,26.26,26
2026-01-14 14:34:00,26.27,26.35,26.255,26.335,33
2026-01-14 14:35:00,26.33,26.33,26.31,26.31,11
2026-01-14 14:36:00,26.3339,26.3339,26.3339,26.3339,1
2026-01-14 14:37:00,26.3339,26.3339,26.3339,26.3339,0
2026-01-14 14:38:00,26.35,26.35,26.35,26.35,19
2026-01-14 14:39:00,26.36,26.365,26.355,26.3584,7
2026-01-14 14:40:00,26.3584,26.3584,26.3584,26.3584,0
2026-01-14 14:41:00,26.365,26.365,26.32,26.32,89
2026-01-14 14:42:00,26.29,26.315,26.28,26.28,9
2026-01-14 14:43:00,26.3,26.31,26.28,26.28,10
2026-01-14 14:44:00,26.29,26.29,26.28,26.28,4
2026-01-14 14:45:00,26.29,26.29,26.29,26.29,4
2026-01-14 14:46:00,26.26,26.29,26.26,26.29,3
2026-01-14 14:47:00,26.29,26.29,26.27,26.28,5
2026-01-14 14:48:00,26.29,26.31,26.29,26.31,6
2026-01-14 14:49:00,26.31,26.31,26.31,26.31,0
2026-01-14 14:50:00,26.3,26.3,26.3,26.3,1
2026-01-14 14:51:00,26.3,26.35,26.3,26.35,33
2026-01-14 14:52:00,26.365,26.365,26.35,26.35,9
2026-01-14 14:53:00,26.35,26.36,26.35,26.36,4
2026-01-14 14:54:00,26.36,26.36,26.335,26.335,13
2026-01-14 14:55:00,26.335,26.335,26.335,26.335,8
2026-01-14 14:56:00,26.335,26.335,26.335,26.335,0
2026-01-14 14:57:00,26.335,26.335,26.335,26.335,1
2026-01-14 14:58:00,26.33,26.35,26.33,26.35,3
2026-01-14 14:59:00,26.34,26.36,26.34,26.36,2
2026-01-14 15:00:00,26.36,26.36,26.36,26.36,0
2026-01-14 15:01:00,26.365,26.37,26.35,26.36,8
2026-01-14 15:02:00,26.38,26.415,26.375,26.395,43
2026-01-14 15:03:00,26.42,26.44,26.42,26.44,2
2026-01-14 15:04:00,26.42,26.47,26.42,26.46,16
2026-01-14 15:05:00,26.47,26.5,26.46,26.46,16
2026-01-14 15:06:00,26.47,26.49,26.455,26.49,15
2026-01-14 15:07:00,26.49,26.49,26.475,26.49,7
2026-01-14 15:08:00,26.49,26.49,26.49,26.49,3
2026-01-14 15:09:00,26.475,26.5,26.475,26.48,14
2026-01-14 15:10:00,26.4898,26.52,26.46,26.52,41
2026-01-14 15:11:00,26.51,26.56,26.51,26.56,29
2026-01-14 15:12:00,26.555,26.6,26.555,26.6,12
2026-01-14 15:13:00,26.62,26.66,26.62,26.66,6
2026-01-14 15:14:00,26.65,26.675,26.65,26.675,9
2026-01-14 15:15:00,26.675,26.7,26.66,26.67,28
2026-01-14 15:16:00,26.655,26.655,26.64,26.65,9
2026-01-14 15:17:00,26.645,26.66,26.64,26.645,6
2026-01-14 15:18:00,26.66,26.66,26.66,26.66,4
2026-01-14 15:19:00,26.64,26.68,26.63,26.66,87
2026-01-14 15:20:00,26.65,26.71,26.643,26.643,45
2026-01-14 15:21:00,26.66,26.67,26.66,26.67,5
2026-01-14 15:22:00,26.69,26.72,26.69,26.7,15
2026-01-14 15:23:00,26.7,26.7,26.69,26.7,15
2026-01-14 15:24:00,26.705,26.705,26.69,26.7,17
2026-01-14 15:25:00,26.68,26.78,26.67,26.78,98
2026-01-14 15:26:00,26.76,26.87,26.76,26.86,37
2026-01-14 15:27:00,26.87,26.88,26.865,26.88,7
2026-01-14 15:28:00,26.88,26.9,26.88,26.9,9
2026-01-14 15:29:00,26.9,26.9,26.87,26.87,29
2026-01-14 15:30:00,26.87,26.92,26.86,26.9,34
2026-01-14 15:31:00,26.9,26.92,26.9,26.905,15
2026-01-14 15:32:00,26.9,26.915,26.88,26.88,12
2026-01-14 15:33:00,26.89,26.93,26.89,26.92,25
2026-01-14 15:34:00,26.92,26.92,26.85,26.85,36
2026-01-14 15:35:00,26.84,26.845,26.815,26.83,10
2026-01-14 15:36:00,26.815,26.815,26.79,26.8,19
2026-01-14 15:37:00,26.8,26.82,26.77,26.77,8
2026-01-14 15:38:00,26.77,26.79,26.75,26.75,11
2026-01-14 15:39:00,26.74,26.74,26.645,26.645,30
2026-01-14 15:40:00,26.645,26.67,26.64,26.66,35
2026-01-14 15:41:00,26.665,26.675,26.64,26.655,54
2026-01-14 15:42:00,26.67,26.7,26.655,26.655,22
2026-01-14 15:43:00,26.68,26.68,26.665,26.68,9
2026-01-14 15:44:00,26.64,26.695,26.64,26.69,23
2026-01-14 15:45:00,26.685,26.685,26.67,26.675,19
2026-01-14 15:46:00,26.66,26.6625,26.63,26.65,20
2026-01-14 15:47:00,26.655,26.655,26.62,26.62,14
2026-01-14 15:48:00,26.61,26.64,26.6,26.63,73
2026-01-14 15:49:00,26.615,26.65,26.615,26.64,17
2026-01-14 15:50:00,26.6,26.66,26.6,26.6257,54
2026-01-14 15:51:00,26.65,26.665,26.64,26.66,26
2026-01-14 15:52:00,26.66,26.73,26.66,26.7,33
2026-01-14 15:53:00,26.7,26.73,26.7,26.72,15
2026-01-14 15:54:00,26.725,26.74,26.712,26.73,29
2026-01-14 15:55:00,26.74,26.84,26.74,26.83,63
2026-01-14 15:56:00,26.84,26.84,26.76,26.8,106
2026-01-14 15:57:00,26.81,26.82,26.7551,26.775,87
2026-01-14 15:58:00,26.77,26.78,26.7,26.71,162
2026-01-14 15:59:00,26.715,26.76,26.69,26.73,393
2026-01-15 09:30:00,26.65,26.889,26.65,26.69,175
2026-01-15 09:31:00,26.51,26.69,26.51,26.69,9
2026-01-15 09:32:00,26.69,26.698,26.2,26.3,70
2026-01-15 09:33:00,26.22,26.32,26.13,26.32,24
2026-01-15 09:34:00,26.32,26.32,26.32,26.32,0
2026-01-15 09:35:00,26.22,26.2351,26.2,26.22,18
2026-01-15 09:36:00,26.19,26.21,26.02,26.18,24
2026-01-15 09:37:00,26.16,26.16,26.08,26.08,4
2026-01-15 09:38:00,26.1,26.33,26.1,26.24,51
2026-01-15 09:39:00,26.275,26.275,26.275,26.275,3
2026-01-15 09:40:00,26.43,26.44,26.43,26.44,6
2026-01-15 09:41:00,26.47,26.6,26.47,26.51,10
2026-01-15 09:42:00,26.61,26.7,26.545,26.545,13
2026-01-15 09:43:00,26.65,26.65,26.44,26.47,43
2026-01-15 09:44:00,26.66,26.66,26.65,26.65,2
2026-01-15 09:45:00,26.67,26.67,26.67,26.67,1
2026-01-15 09:46:00,26.67,26.67,26.67,26.67,1
2026-01-15 09:47:00,26.68,26.68,26.6,26.6,13
2026-01-15 09:48:00,26.66,26.85,26.66,26.85,66
2026-01-15 09:49:00,26.83,26.85,26.78,26.78,14
2026-01-15 09:50:00,26.785,26.785,26.6,26.6,23
2026-01-15 09:51:00,26.62,26.7,26.62,26.7,14
2026-01-15 09:52:00,26.665,26.665,26.665,26.665,1
2026-01-15 09:53:00,26.665,26.665,26.665,26.665,0
2026-01-15 09:54:00,26.665,26.665,26.665,26.665,1
2026-01-15 09:55:00,26.76,26.79,26.76,26.79,11
2026-01-15 09:56:00,26.79,26.79,26.79,26.79,0
2026-01-15 09:57:00,26.83,26.83,26.675,26.675,2
2026-01-15 09:58:00,26.77,26.78,26.77,26.78,2
2026-01-15 09:59:00,26.77,26.77,26.77,26.77,1
2026-01-15 10:00:00,26.72,26.72,26.72,26.72,5
2026-01-15 10:01:00,26.72,26.72,26.645,26.68,152
2026-01-15 10:02:00,26.67,26.7,26.655,26.7,8
2026-01-15 10:03:00,26.655,26.72,26.655,26.72,12
2026-01-15 10:04:00,26.72,26.73,26.72,26.72,4
2026-01-15 10:05:00,26.67,26.67,26.67,26.67,9
2026-01-15 10:06:00,26.67,26.67,26.56,26.585,39
2026-01-15 10:07:00,26.585,26.585,26.585,26.585,0
2026-01-15 10:08:00,26.6,26.7,26.6,26.7,44
2026-01-15 10:09:00,26.61,26.71,26.61,26.71,9
2026-01-15 10:10:00,26.72,26.72,26.69,26.695,16
2026-01-15 10:11:00,26.73,26.73,26.73,26.73,1
2026-01-15 10:12:00,26.72,26.72,26.61,26.61,15
2026-01-15 10:13:00,26.61,26.61,26.61,26.61,0
2026-01-15 10:14:00,26.575,26.575,26.53,26.53,4
2026-01-15 10:15:00,26.575,26.575,26.535,26.535,3
2026-01-15 10:16:00,26.53,26.53,26.53,26.53,1
2026-01-15 10:17:00,26.53,26.53,26.53,26.53,0
2026-01-15 10:18:00,26.53,26.6,26.53,26.6,8
2026-01-15 10:19:00,26.61,26.63,26.61,26.63,2
2026-01-15 10:20:00,26.59,26.59,26.59,26.59,2
2026-01-15 10:21:00,26.58,26.58,26.53,26.575,11
2026-01-15 10:22:00,26.58,26.58,26.58,26.58,1
2026-01-15 10:23:00,26.61,26.61,26.565,26.565,3
2026-01-15 10:24:00,26.58,26.58,26.53,26.53,13
2026-01-15 10:25:00,26.51,26.51,26.45,26.47,21
2026-01-15 10:26:00,26.47,26.47,26.445,26.445,4
2026-01-15 10:27:00,26.45,26.47,26.45,26.47,4
2026-01-15 10:28:00,26.46,26.465,26.46,26.465,4
2026-01-15 10:29:00,26.465,26.465,26.465,26.465,5
2026-01-15 10:30:00,26.465,26.48,26.45,26.48,15
2026-01-15 10:31:00,26.495,26.51,26.48,26.51,6
2026-01-15 10:32:00,26.51,26.51,26.45,26.45,48
2026-01-15 10:33:00,26.45,26.45,26.45,26.45,0
2026-01-15 10:34:00,26.455,26.5,26.455,26.5,4
2026-01-15 10:35:00,26.46,26.46,26.45,26.46,20
2026-01-15 10:36:00,26.46,26.49,26.46,26.475,30
2026-01-15 10:37:00,26.471,26.48,26.471,26.48,4
2026-01-15 10:38:00,26.5,26.51,26.48,26.48,5
2026-01-15 10:39:00,26.515,26.52,26.48,26.52,6
2026-01-15 10:40:00,26.51,26.525,26.51,26.52,7
2026-01-15 10:41:00,26.53,26.54,26.51,26.54,3
2026-01-15 10:42:00,26.525,26.525,26.5,26.505,7
2026-01-15 10:43:00,26.49,26.49,26.49,26.49,1
2026-01-15 10:44:00,26.51,26.52,26.48,26.48,12
2026-01-15 10:45:00,26.485,26.485,26.425,26.45,18
2026-01-15 10:46:00,26.45,26.47,26.45,26.47,2
2026-01-15 10:47:00,26.43,26.488,26.43,26.47,17
2026-01-15 10:48:00,26.49,26.52,26.49,26.5,9
2026-01-15 10:49:00,26.48,26.51,26.47,26.51,10
2026-01-15 10:50:00,26.54,26.545,26.53,26.545,4
2026-01-15 10:51:00,26.545,26.545,26.545,26.545,0
2026-01-15 10:52:00,26.52,26.52,26.52,26.52,5
2026-01-15 10:53:00,26.52,26.52,26.52,26.52,0
2026-01-15 10:54:00,26.525,26.525,26.5,26.51,5
2026-01-15 10:55:00,26.51,26.51,26.51,26.51,0
2026-01-15 10:56:00,26.49,26.51,26.47,26.48,27
2026-01-15 10:57:00,26.48,26.48,26.38,26.38,86
2026-01-15 10:58:00,26.375,26.4,26.3,26.3,26
2026-01-15 10:59:00,26.33,26.38,26.33,26.38,45
2026-01-15 11:00:00,26.36,26.365,26.3,26.31,9
2026-01-15 11:01:00,26.28,26.285,26.24,26.28,7
2026-01-15 11:02:00,26.29,26.33,26.28,26.33,14
2026-01-15 11:03:00,26.33,26.33,26.28,26.28,13
2026-01-15 11:04:00,26.28,26.33,26.26,26.32,24
2026-01-15 11:05:00,26.32,26.35,26.31,26.315,9
2026-01-15 11:06:00,26.305,26.305,26.305,26.305,1
2026-01-15 11:07:00,26.28,26.2932,26.27,26.2932,9
2026-01-15 11:08:00,26.2932,26.2932,26.2932,26.2932,0
2026-01-15 11:09:00,26.31,26.36,26.31,26.36,13
2026-01-15 11:10:00,26.37,26.37,26.36,26.36,3
2026-01-15 11:11:00,26.33,26.33,26.29,26.29,4
2026-01-15 11:12:00,26.28,26.29,26.26,26.29,15
2026-01-15 11:13:00,26.26,26.28,26.26,26.28,3
2026-01-15 11:14:00,26.2992,26.33,26.2992,26.32,88
2026-01-15 11:15:00,26.33,26.33,26.28,26.31,13
2026-01-15 11:16:00,26.28,26.305,26.28,26.305,2
2026-01-15 11:17:00,26.29,26.29,26.29,26.29,1
2026-01-15 11:18:00,26.34,26.35,26.34,26.3405,12
2026-01-15 11:19:00,26.32,26.32,26.32,26.32,3
2026-01-15 11:20:00,26.3284,26.3284,26.3284,26.3284,1
2026-01-15 11:21:00,26.3345,26.35,26.32,26.35,9
2026-01-15 11:22:00,26.37,26.3799,26.34,26.36,21
2026-01-15 11:23:00,26.33,26.33,26.3,26.3,5
2026-01-15 11:24:00,26.32,26.32,26.32,26.32,2
2026-01-15 11:25:00,26.3,26.3354,26.3,26.3,4
2026-01-15 11:26:00,26.3,26.3,26.3,26.3,0
2026-01-15 11:27:00,26.28,26.29,26.28,26.29,6
2026-01-15 11:28:00,26.29,26.29,26.29,26.29,0
2026-01-15 11:29:00,26.26,26.28,26.25,26.28,4
2026-01-15 11:30:00,26.265,26.29,26.265,26.275,40
2026-01-15 11:31:00,26.25,26.275,26.25,26.275,3
2026-01-15 11:32:00,26.28,26.28,26.28,26.28,1
2026-01-15 11:33:00,26.25,26.27,26.25,26.25,7
2026-01-15 11:34:00,26.25,26.25,26.25,26.25,0
2026-01-15 11:35:00,26.24,26.2639,26.24,26.25,3
2026-01-15 11:36:00,26.24,26.24,26.24,26.24,1
2026-01-15 11:37:00,26.23,26.23,26.2,26.22,13
2026-01-15 11:38:00,26.203,26.205,26.203,26.205,3
2026-01-15 11:39:00,26.23,26.2354,26.21,26.2354,13
2026-01-15 11:40:00,26.24,26.27,26.23,26.25,39
2026-01-15 11:41:00,26.28,26.29,26.275,26.29,7
2026-01-15 11:42:00,26.3,26.3,26.26,26.26,6
2026-01-15 11:43:00,26.295,26.295,26.235,26.235,35
2026-01-15 11:44:00,26.2246,26.25,26.21,26.21,19
2026-01-15 11:45:00,26.21,26.21,26.21,26.21,0
2026-01-15 11:46:00,26.18,26.18,26.15,26.17,23
2026-01-15 11:47:00,26.165,26.2,26.165,26.2,6
2026-01-15 11:48:00,26.21,26.21,26.2,26.2,2
2026-01-15 11:49:00,26.2,26.2,26.2,26.2,0
2026-01-15 11:50:00,26.2,26.2,26.2,26.2,2
2026-01-15 11:51:00,26.2,26.2,26.2,26.2,24
2026-01-15 11:52:00,26.22,26.23,26.2,26.2021,5
2026-01-15 11:53:00,26.2021,26.2021,26.2021,26.2021,0
2026-01-15 11:54:00,26.23,26.23,26.21,26.21,8
2026-01-15 11:55:00,26.2,26.2,26.17,26.17,6
2026-01-15 11:56:00,26.17,26.17,26.17,26.17,17
2026-01-15 11:57:00,26.17,26.17,26.17,26.17,0
2026-01-15 11:58:00,26.15,26.16,26.14,26.14,9
2026-01-15 11:59:00,26.16,26.16,26.16,26.16,2
2026-01-15 12:00:00,26.18,26.18,26.16,26.16,3
2026-01-15 12:01:00,26.1715,26.18,26.1715,26.18,2
2026-01-15 12:02:00,26.18,26.18,26.17,26.17,3
2026-01-15 12:03:00,26.2,26.22,26.2,26.22,3
2026-01-15 12:04:00,26.22,26.22,26.22,26.22,5
2026-01-15 12:05:00,26.235,26.235,26.235,26.235,1
2026-01-15 12:06:00,26.22,26.22,26.22,26.22,2
2026-01-15 12:07:00,26.24,26.355,26.24,26.355,37
2026-01-15 12:08:00,26.345,26.345,26.32,26.32,6
2026-01-15 12:09:00,26.33,26.33,26.32,26.32,7
2026-01-15 12:10:00,26.32,26.32,26.3,26.3,11
2026-01-15 12:11:00,26.3,26.31,26.29,26.31,26
2026-01-15 12:12:00,26.33,26.35,26.33,26.33,6
2026-01-15 12:13:00,26.37,26.37,26.37,26.37,1
2026-01-15 12:14:00,26.32,26.32,26.32,26.32,1
2026-01-15 12:15:00,26.35,26.35,26.32,26.32,2
2026-01-15 12:16:00,26.374,26.374,26.35,26.35,7
2026-01-15 12:17:00,26.37,26.38,26.37,26.38,2
2026-01-15 12:18:00,26.38,26.38,26.36,26.36,13
2026-01-15 12:19:00,26.37,26.39,26.37,26.39,3
2026-01-15 12:20:00,26.36,26.36,26.305,26.335,13
2026-01-15 12:21:00,26.335,26.335,26.32,26.32,5
2026-01-15 12:22:00,26.3399,26.3399,26.31,26.324,20
2026-01-15 12:23:00,26.32,26.32,26.311,26.32,4
2026-01-15 12:24:00,26.325,26.34,26.31,26.3368,11
2026-01-15 12:25:00,26.325,26.325,26.325,26.325,1
2026-01-15 12:26:00,26.32,26.33,26.31,26.33,8
2026-01-15 12:27:00,26.36,26.36,26.36,26.36,1
2026-01-15 12:28:00,26.35,26.36,26.35,26.36,13
2026-01-15 12:29:00,26.36,26.38,26.3538,26.355,6
2026-01-15 12:30:00,26.36,26.36,26.36,26.36,1
2026-01-15 12:31:00,26.36,26.36,26.36,26.36,3
2026-01-15 12:32:00,26.34,26.34,26.34,26.34,1
2026-01-15 12:33:00,26.34,26.34,26.34,26.34,0
2026-01-15 12:34:00,26.36,26.38,26.36,26.38,4
2026-01-15 12:35:00,26.38,26.38,26.38,26.38,0
2026-01-15 12:36:00,26.37,26.37,26.37,26.37,2
2026-01-15 12:37:00,26.4099,26.4099,26.4099,26.4099,1
2026-01-15 12:38:00,26.385,26.385,26.36,26.36,2
2026-01-15 12:39:00,26.37,26.37,26.36,26.36,2
2026-01-15 12:40:00,26.36,26.375,26.36,26.375,3
2026-01-15 12:41:00,26.375,26.375,26.37,26.37,2
2026-01-15 12:42:00,26.39,26.39,26.36,26.37,9
2026-01-15 12:43:00,26.4,26.41,26.39,26.39,5
2026-01-15 12:44:00,26.41,26.41,26.39,26.39,5
2026-01-15 12:45:00,26.38,26.38,26.37,26.37,2
2026-01-15 12:46:00,26.37,26.39,26.37,26.39,8
2026-01-15 12:47:00,26.39,26.39,26.39,26.39,0
2026-01-15 12:48:00,26.385,26.385,26.385,26.385,2
2026-01-15 12:49:00,26.385,26.385,26.385,26.385,0
2026-01-15 12:50:00,26.4,26.4,26.36,26.36,2
2026-01-15 12:51:00,26.385,26.385,26.385,26.385,2
2026-01-15 12:52:00,26.36,26.36,26.36,26.36,1
2026-01-15 12:53:00,26.36,26.36,26.36,26.36,0
2026-01-15 12:54:00,26.36,26.37,26.35,26.35,7
2026-01-15 12:55:00,26.33,26.33,26.33,26.33,2
2026-01-15 12:56:00,26.31,26.33,26.31,26.33,9
2026-01-15 12:57:00,26.33,26.33,26.33,26.33,0
2026-01-15 12:58:00,26.31,26.31,26.31,26.31,1
2026-01-15 12:59:00,26.31,26.31,26.31,26.31,0
2026-01-15 13:00:00,26.31,26.34,26.31,26.34,4
2026-01-15 13:01:00,26.31,26.36,26.31,26.36,10
2026-01-15 13:02:00,26.345,26.345,26.345,26.345,1
2026-01-15 13:03:00,26.36,26.36,26.35,26.35,2
2026-01-15 13:04:00,26.37,26.37,26.37,26.37,2
2026-01-15 13:05:00,26.35,26.35,26.35,26.35,1
2026-01-15 13:06:00,26.35,26.35,26.35,26.35,0
2026-01-15 13:07:00,26.39,26.39,26.38,26.38,4
2026-01-15 13:08:00,26.37,26.37,26.36,26.37,27
2026-01-15 13:09:00,26.375,26.375,26.35,26.35,3
2026-01-15 13:10:00,26.35,26.35,26.35,26.35,0
2026-01-15 13:11:00,26.375,26.375,26.36,26.375,39
2026-01-15 13:12:00,26.375,26.375,26.375,26.375,0
2026-01-15 13:13:00,26.38,26.385,26.35,26.3556,16
2026-01-15 13:14:00,26.3556,26.3556,26.3556,26.3556,0
2026-01-15 13:15:00,26.34,26.34,26.31,26.31,4
2026-01-15 13:16:00,26.335,26.335,26.335,26.335,1
2026-01-15 13:17:00,26.35,26.36,26.34,26.36,8
2026-01-15 13:18:00,26.355,26.42,26.355,26.415,9
2026-01-15 13:19:00,26.415,26.425,26.415,26.425,6
2026-01-15 13:20:00,26.45,26.47,26.4155,26.46,76
2026-01-15 13:21:00,26.46,26.48,26.44,26.44,35
2026-01-15 13:22:00,26.48,26.48,26.41,26.41,44
2026-01-15 13:23:00,26.39,26.4,26.39,26.4,3
2026-01-15 13:24:00,26.42,26.42,26.42,26.42,1
2026-01-15 13:25:00,26.39,26.45,26.39,26.445,69
2026-01-15 13:26:00,26.445,26.46,26.445,26.46,7
2026-01-15 13:27:00,26.447,26.47,26.42,26.42,31
2026-01-15 13:28:00,26.41,26.41,26.405,26.405,2
2026-01-15 13:29:00,26.41,26.415,26.41,26.415,2
2026-01-15 13:30:00,26.43,26.47,26.43,26.47,28
2026-01-15 13:31:00,26.45,26.46,26.45,26.45,14
2026-01-15 13:32:00,26.45,26.45,26.45,26.45,6
2026-01-15 13:33:00,26.455,26.455,26.43,26.43,4
2026-01-15 13:34:00,26.455,26.47,26.455,26.47,8
2026-01-15 13:35:00,26.45,26.455,26.43,26.43,5
2026-01-15 13:36:00,26.44,26.455,26.43,26.44,7
2026-01-15 13:37:00,26.43,26.43,26.43,26.43,1
2026-01-15 13:38:00,26.45,26.45,26.45,26.45,2
2026-01-15 13:39:00,26.43,26.46,26.43,26.46,19
2026-01-15 13:40:00,26.455,26.47,26.45,26.47,23
2026-01-15 13:41:00,26.48,26.49,26.45,26.47,12
2026-01-15 13:42:00,26.5,26.52,26.48,26.49,54
2026-01-15 13:43:00,26.525,26.525,26.5,26.525,12
2026-01-15 13:44:00,26.54,26.54,26.51,26.51,16
2026-01-15 13:45:00,26.545,26.545,26.49,26.49,42
2026-01-15 13:46:00,26.505,26.505,26.49,26.49,4
2026-01-15 13:47:00,26.48,26.48,26.48,26.48,1
2026-01-15 13:48:00,26.495,26.495,26.495,26.495,1
2026-01-15 13:49:00,26.495,26.495,26.46,26.46,6
2026-01-15 13:50:00,26.455,26.56,26.4501,26.55,132
2026-01-15 13:51:00,26.545,26.545,26.5,26.51,23
2026-01-15 13:52:00,26.51,26.51,26.51,26.51,0
2026-01-15 13:53:00,26.51,26.51,26.51,26.51,1
2026-01-15 13:54:00,26.53,26.56,26.51,26.555,56
2026-01-15 13:55:00,26.55,26.575,26.52,26.54,38
2026-01-15 13:56:00,26.54,26.54,26.54,26.54,0
2026-01-15 13:57:00,26.52,26.54,26.52,26.52,7
2026-01-15 13:58:00,26.535,26.535,26.5,26.51,57
2026-01-15 13:59:00,26.54,26.54,26.52,26.52,4
2026-01-15 14:00:00,26.56,26.57,26.54,26.54,5
2026-01-15 14:01:00,26.51,26.51,26.465,26.465,13
2026-01-15 14:02:00,26.465,26.465,26.465,26.465,2
2026-01-15 14:03:00,26.465,26.465,26.46,26.46,2
2026-01-15 14:04:00,26.48,26.48,26.48,26.48,2
2026-01-15 14:05:00,26.46,26.465,26.45,26.45,8
2026-01-15 14:06:00,26.48,26.48,26.46,26.46,2
2026-01-15 14:07:00,26.46,26.47,26.46,26.46,4
2026-01-15 14:08:00,26.45,26.45,26.44,26.44,8
2026-01-15 14:09:00,26.42,26.435,26.42,26.42,11
2026-01-15 14:10:00,26.42,26.42,26.42,26.42,0
2026-01-15 14:11:00,26.4,26.4,26.4,26.4,1
2026-01-15 14:12:00,26.415,26.415,26.4,26.41,11
2026-01-15 14:13:00,26.405,26.405,26.405,26.405,2
2026-01-15 14:14:00,26.405,26.405,26.405,26.405,0
2026-01-15 14:15:00,26.39,26.39,26.39,26.39,3
2026-01-15 14:16:00,26.4,26.41,26.4,26.41,7
2026-01-15 14:17:00,26.4,26.42,26.4,26.42,7
2026-01-15 14:18:00,26.42,26.42,26.41,26.41,4
2026-01-15 14:19:00,26.39,26.41,26.39,26.3906,13
2026-01-15 14:20:00,26.395,26.395,26.395,26.395,1
2026-01-15 14:21:00,26.38,26.4061,26.38,26.4061,4
2026-01-15 14:22:00,26.3951,26.3951,26.38,26.38,8
2026-01-15 14:23:00,26.37,26.37,26.37,26.37,1
2026-01-15 14:24:00,26.37,26.37,26.37,26.37,0
2026-01-15 14:25:00,26.37,26.385,26.36,26.37,9
2026-01-15 14:26:00,26.37,26.37,26.34,26.34,4
2026-01-15 14:27:00,26.33,26.33,26.33,26.33,1
2026-01-15 14:28:00,26.32,26.32,26.32,26.32,1
2026-01-15 14:29:00,26.36,26.36,26.35,26.35,9
2026-01-15 14:30:00,26.35,26.35,26.3,26.3,7
2026-01-15 14:31:00,26.3,26.3,26.3,26.3,0
2026-01-15 14:32:00,26.3,26.3,26.3,26.3,3
2026-01-15 14:33:00,26.3,26.3,26.3,26.3,0
2026-01-15 14:34:00,26.28,26.28,26.26,26.26,3
2026-01-15 14:35:00,26.265,26.28,26.24,26.28,18
2026-01-15 14:36:00,26.2686,26.2686,26.22,26.22,8
2026-01-15 14:37:00,26.22,26.22,26.22,26.22,5
2026-01-15 14:38:00,26.24,26.25,26.24,26.25,4
2026-01-15 14:39:00,26.24,26.24,26.24,26.24,3
2026-01-15 14:40:00,26.24,26.24,26.24,26.24,1
2026-01-15 14:41:00,26.22,26.23,26.22,26.23,18
2026-01-15 14:42:00,26.21,26.21,26.176,26.18,36
2026-01-15 14:43:00,26.19,26.19,26.18,26.18,3
2026-01-15 14:44:00,26.18,26.18,26.18,26.18,1
2026-01-15 14:45:00,26.18,26.18,26.18,26.18,0
2026-01-15 14:46:00,26.16,26.16,26.125,26.125,10
2026-01-15 14:47:00,26.12,26.18,26.12,26.18,27
2026-01-15 14:48:00,26.15,26.165,26.14,26.14,11
2026-01-15 14:49:00,26.14,26.14,26.14,26.14,0
2026-01-15 14:50:00,26.145,26.145,26.11,26.13,5
2026-01-15 14:51:00,26.14,26.14,26.12,26.12,2
2026-01-15 14:52:00,26.12,26.12,26.12,26.12,0
2026-01-15 14:53:00,26.11,26.125,26.1,26.11,16
2026-01-15 14:54:00,26.11,26.11,26.11,26.11,4
2026-01-15 14:55:00,26.09,26.09,26.07,26.07,7
2026-01-15 14:56:00,26.06,26.07,26.05,26.05,6
2026-01-15 14:57:00,26.05,26.05,26.05,26.05,0
2026-01-15 14:58:00,26.06,26.09,26.06,26.08,8
2026-01-15 14:59:00,26.1,26.1,26.09,26.09,3
2026-01-15 15:00:00,26.085,26.085,26.0,26.0,61
2026-01-15 15:01:00,26.04,26.06,26.04,26.04,7
2026-01-15 15:02:00,26.04,26.04,26.04,26.04,3
2026-01-15 15:03:00,26.05,26.05,26.05,26.05,1
2026-01-15 15:04:00,26.07,26.07,26.04,26.04,5
2026-01-15 15:05:00,26.01,26.01,26.01,26.01,2
2026-01-15 15:06:00,26.04,26.04,26.04,26.04,10
2026-01-15 15:07:00,26.04,26.04,26.04,26.04,0
2026-01-15 15:08:00,26.045,26.045,26.045,26.045,5
2026-01-15 15:09:00,26.05,26.05,26.05,26.05,1
2026-01-15 15:10:00,26.045,26.055,26.03,26.055,9
2026-01-15 15:11:00,26.07,26.07,26.055,26.07,16
2026-01-15 15:12:00,26.05,26.065,26.05,26.065,2
2026-01-15 15:13:00,26.065,26.065,26.05,26.065,4
2026-01-15 15:14:00,26.065,26.065,26.065,26.065,3
2026-01-15 15:15:00,26.05,26.05,26.05,26.05,1
2026-01-15 15:16:00,26.05,26.05,26.02,26.04,8
2026-01-15 15:17:00,26.03,26.03,26.03,26.03,3
2026-01-15 15:18:00,26.05,26.05,26.03,26.03,2
2026-01-15 15:19:00,26.04,26.04,26.03,26.03,2
2026-01-15 15:20:00,26.02,26.02,25.99,26.01,21
2026-01-15 15:21:00,26.03,26.055,26.03,26.055,28
2026-01-15 15:22:00,26.07,26.0725,26.07,26.0725,5
2026-01-15 15:23:00,26.075,26.075,26.05,26.06,13
2026-01-15 15:24:00,26.05,26.05,26.05,26.05,1
2026-01-15 15:25:00,26.04,26.06,26.04,26.05,12
2026-01-15 15:26:00,26.04,26.04,26.03,26.03,7
2026-01-15 15:27:00,26.05,26.05,26.04,26.04,6
2026-01-15 15:28:00,26.055,26.07,26.04,26.07,5
2026-01-15 15:29:00,26.06,26.072,26.04,26.04,14
2026-01-15 15:30:00,26.03,26.03,26.03,26.03,3
2026-01-15 15:31:00,26.07,26.09,26.07,26.09,14
2026-01-15 15:32:00,26.09,26.09,26.09,26.09,1
2026-01-15 15:33:00,26.0936,26.11,26.06,26.07,16
2026-01-15 15:34:00,26.08,26.09,26.08,26.09,5
2026-01-15 15:35:00,26.07,26.07,26.06,26.06,25
2026-01-15 15:36:00,26.095,26.095,26.095,26.095,1
2026-01-15 15:37:00,26.095,26.12,26.095,26.12,4
2026-01-15 15:38:00,26.12,26.14,26.1,26.1,9
2026-01-15 15:39:00,26.13,26.21,26.13,26.21,21
2026-01-15 15:40:00,26.16,26.235,26.16,26.23,16
2026-01-15 15:41:00,26.26,26.31,26.24,26.29,67
2026-01-15 15:42:00,26.29,26.295,26.2501,26.295,27
2026-01-15 15:43:00,26.305,26.305,26.28,26.3,45
2026-01-15 15:44:00,26.29,26.32,26.28,26.28,3
2026-01-15 15:45:00,26.28,26.3,26.2784,26.3,55
2026-01-15 15:46:00,26.29,26.29,26.29,26.29,2
2026-01-15 15:47:00,26.3,26.32,26.3,26.3,10
2026-01-15 15:48:00,26.31,26.32,26.29,26.3,8
2026-01-15 15:49:00,26.32,26.37,26.305,26.37,23
2026-01-15 15:50:00,26.35,26.37,26.32,26.34,57
2026-01-15 15:51:00,26.335,26.36,26.32,26.36,28
2026-01-15 15:52:00,26.365,26.365,26.27,26.29,120
2026-01-15 15:53:00,26.2931,26.2931,26.24,26.255,59
2026-01-15 15:54:00,26.27,26.2725,26.25,26.27,12
2026-01-15 15:55:00,26.27,26.27,26.25,26.26,129
2026-01-15 15:56:00,26.26,26.26,26.24,26.25,17
2026-01-15 15:57:00,26.26,26.4,26.26,26.355,271
2026-01-15 15:58:00,26.35,26.38,26.32,26.36,337
2026-01-15 15:59:00,26.36,26.37,26.32,26.37,353
2026-01-16 09:30:00,26.5,26.51,26.41,26.51,411
2026-01-16 09:31:00,26.62,26.62,26.52,26.605,19
2026-01-16 09:32:00,26.605,26.605,26.59,26.605,17
2026-01-16 09:33:00,26.55,26.605,26.55,26.605,8
2026-01-16 09:34:00,26.605,26.605,26.605,26.605,0
2026-01-16 09:35:00,26.595,26.595,26.47,26.595,28
2026-01-16 09:36:00,26.46,26.46,26.46,26.46,1
2026-01-16 09:37:00,26.495,26.62,26.3,26.44,180
2026-01-16 09:38:00,26.44,26.47,26.44,26.45,9
2026-01-16 09:39:00,26.48,26.51,26.48,26.51,23
2026-01-16 09:40:00,26.49,26.5,26.49,26.5,2
2026-01-16 09:41:00,26.585,26.585,26.585,26.585,1
2026-01-16 09:42:00,26.585,26.585,26.585,26.585,0
2026-01-16 09:43:00,26.5,26.53,26.48,26.53,4
2026-01-16 09:44:00,26.58,26.62,26.58,26.59,17
2026-01-16 09:45:00,26.59,26.59,26.59,26.59,0
2026-01-16 09:46:00,26.5601,26.625,26.52,26.52,7
2026-01-16 09:47:00,26.5,26.5,26.46,26.48,30
2026-01-16 09:48:00,26.48,26.48,26.47,26.47,3
2026-01-16 09:49:00,26.55,26.55,26.55,26.55,1
2026-01-16 09:50:00,26.51,26.54,26.475,26.54,6
2026-01-16 09:51:00,26.49,26.49,26.48,26.48,5
2026-01-16 09:52:00,26.47,26.5,26.43,26.495,8
2026-01-16 09:53:00,26.46,26.49,26.43,26.43,25
2026-01-16 09:54:00,26.3929,26.435,26.375,26.375,4
2026-01-16 09:55:00,26.375,26.415,26.37,26.415,3
2026-01-16 09:56:00,26.38,26.46,26.38,26.46,29
2026-01-16 09:57:00,26.37,26.41,26.32,26.4014,13
2026-01-16 09:58:00,26.33,26.36,26.28,26.355,8
2026-01-16 09:59:00,26.32,26.32,26.2,26.2196,30
2026-01-16 10:00:00,26.21,26.27,26.21,26.27,27
2026-01-16 10:01:00,26.25,26.295,26.14,26.14,50
2026-01-16 10:02:00,26.19,26.21,26.19,26.1997,6
2026-01-16 10:03:00,26.25,26.28,26.21,26.24,33
2026-01-16 10:04:00,26.28,26.295,26.23,26.23,89
2026-01-16 10:05:00,26.255,26.44,26.23,26.4,164
2026-01-16 10:06:00,26.425,26.435,26.31,26.4,154
2026-01-16 10:07:00,26.33,26.33,26.2,26.2,18
2026-01-16 10:08:00,26.26,26.28,26.2376,26.28,4
2026-01-16 10:09:00,26.3,26.3,26.3,26.3,4
2026-01-16 10:10:00,26.27,26.27,26.27,26.27,1
2026-01-16 10:11:00,26.235,26.28,26.21,26.21,24
2026-01-16 10:12:00,26.2,26.2,26.185,26.195,18
2026-01-16 10:13:00,26.1916,26.1916,26.17,26.17,10
2026-01-16 10:14:00,26.11,26.11,26.11,26.11,10
2026-01-16 10:15:00,26.16,26.16,26.155,26.155,6
2026-01-16 10:16:00,26.155,26.27,26.155,26.27,19
2026-01-16 10:17:00,26.31,26.31,26.27,26.29,4
2026-01-16 10:18:00,26.4,26.4,26.335,26.335,94
2026-01-16 10:19:00,26.355,26.355,26.25,26.26,14
2026-01-16 10:20:00,26.22,26.22,26.22,26.22,1
2026-01-16 10:21:00,26.21,26.2478,26.21,26.2478,4
2026-01-16 10:22:00,26.21,26.24,26.21,26.24,4
2026-01-16 10:23:00,26.245,26.28,26.245,26.27,8
2026-01-16 10:24:00,26.27,26.27,26.27,26.27,0
2026-01-16 10:25:00,26.24,26.36,26.23,26.26,56
2026-01-16 10:26:00,26.255,26.27,26.23,26.27,25
2026-01-16 10:27:00,26.3326,26.3326,26.26,26.265,12
2026-01-16 10:28:00,26.32,26.35,26.32,26.33,3
2026-01-16 10:29:00,26.345,26.345,26.29,26.3,6
2026-01-16 10:30:00,26.365,26.365,26.365,26.365,1
2026-01-16 10:31:00,26.42,26.46,26.39,26.41,22
2026-01-16 10:32:00,26.33,26.33,26.33,26.33,1
2026-01-16 10:33:00,26.33,26.33,26.3,26.3,2
2026-01-16 10:34:00,26.315,26.315,26.25,26.28,13
2026-01-16 10:35:00,26.285,26.29,26.285,26.29,6
2026-01-16 10:36:00,26.31,26.31,26.265,26.265,13
2026-01-16 10:37:00,26.29,26.29,26.265,26.265,2
2026-01-16 10:38:00,26.27,26.27,26.26,26.26,4
2026-01-16 10:39:00,26.275,26.275,26.26,26.26,4
2026-01-16 10:40:00,26.27,26.28,26.252,26.26,10
2026-01-16 10:41:00,26.26,26.28,26.26,26.28,6
2026-01-16 10:42:00,26.275,26.275,26.25,26.27,31
2026-01-16 10:43:00,26.27,26.27,26.24,26.265,9
2026-01-16 10:44:00,26.245,26.245,26.23,26.23,2
2026-01-16 10:45:00,26.23,26.23,26.23,26.23,0
2026-01-16 10:46:00,26.26,26.37,26.26,26.365,134
2026-01-16 10:47:00,26.365,26.365,26.365,26.365,0
2026-01-16 10:48:00,26.365,26.365,26.36,26.365,4
2026-01-16 10:49:00,26.35,26.35,26.34,26.345,6
2026-01-16 10:50:00,26.36,26.38,26.33,26.38,88
2026-01-16 10:51:00,26.37,26.37,26.3475,26.35,20
2026-01-16 10:52:00,26.34,26.35,26.335,26.35,25
2026-01-16 10:53:00,26.36,26.395,26.36,26.395,6
2026-01-16 10:54:00,26.39,26.395,26.365,26.365,8
2026-01-16 10:55:00,26.365,26.365,26.325,26.35,13
2026-01-16 10:56:00,26.36,26.36,26.36,26.36,9
2026-01-16 10:57:00,26.33,26.4,26.33,26.4,183
2026-01-16 10:58:00,26.36,26.36,26.35,26.36,11
2026-01-16 10:59:00,26.35,26.35,26.315,26.35,115
2026-01-16 11:00:00,26.325,26.335,26.28,26.28,15
2026-01-16 11:01:00,26.295,26.295,26.295,26.295,1
2026-01-16 11:02:00,26.295,26.295,26.295,26.295,0
2026-01-16 11:03:00,26.26,26.26,26.25,26.25,3
2026-01-16 11:04:00,26.25,26.25,26.25,26.25,2
2026-01-16 11:05:00,26.25,26.25,26.25,26.25,1
2026-01-16 11:06:00,26.27,26.29,26.2535,26.29,14
2026-01-16 11:07:00,26.3,26.31,26.28,26.28,5
2026-01-16 11:08:00,26.28,26.28,26.28,26.28,0
2026-01-16 11:09:00,26.3075,26.3075,26.28,26.28,11
2026-01-16 11:10:00,26.28,26.28,26.28,26.28,0
2026-01-16 11:11:00,26.2601,26.28,26.2601,26.28,2
2026-01-16 11:12:00,26.25,26.25,26.25,26.25,1
2026-01-16 11:13:00,26.26,26.26,26.26,26.26,2
2026-01-16 11:14:00,26.26,26.26,26.26,26.26,0
2026-01-16 11:15:00,26.26,26.26,26.25,26.25,15
2026-01-16 11:16:00,26.25,26.25,26.25,26.25,0
2026-01-16 11:17:00,26.25,26.25,26.25,26.25,0
2026-01-16 11:18:00,26.21,26.21,26.15,26.15,6
2026-01-16 11:19:00,26.13,26.16,26.13,26.15,6
2026-01-16 11:20:00,26.1501,26.1501,26.1501,26.1501,1
2026-01-16 11:21:00,26.17,26.2,26.17,26.2,4
2026-01-16 11:22:00,26.21,26.21,26.21,26.21,4
2026-01-16 11:23:00,26.2037,26.21,26.2037,26.21,6
2026-01-16 11:24:00,26.19,26.19,26.19,26.19,7
2026-01-16 11:25:00,26.19,26.19,26.19,26.19,0
2026-01-16 11:26:00,26.19,26.19,26.19,26.19,0
2026-01-16 11:27:00,26.19,26.19,26.19,26.19,0
2026-01-16 11:28:00,26.2,26.21,26.2,26.21,2
2026-01-16 11:29:00,26.21,26.21,26.21,26.21,0
2026-01-16 11:30:00,26.21,26.21,26.21,26.21,0
2026-01-16 11:31:00,26.21,26.21,26.21,26.21,0
2026-01-16 11:32:00,26.21,26.21,26.21,26.21,0
2026-01-16 11:33:00,26.2252,26.235,26.2252,26.235,6
2026-01-16 11:34:00,26.21,26.21,26.21,26.21,1
2026-01-16 11:35:00,26.21,26.21,26.21,26.21,0
2026-01-16 11:36:00,26.22,26.22,26.22,26.22,2
2026-01-16 11:37:00,26.22,26.22,26.22,26.22,0
2026-01-16 11:38:00,26.225,26.225,26.225,26.225,1
2026-01-16 11:39:00,26.2454,26.2454,26.2454,26.2454,7
2026-01-16 11:40:00,26.25,26.25,26.24,26.24,7
2026-01-16 11:41:00,26.24,26.24,26.24,26.24,1
2026-01-16 11:42:00,26.24,26.24,26.24,26.24,0
2026-01-16 11:43:00,26.25,26.25,26.24,26.24,2
2026-01-16 11:44:00,26.25,26.25,26.25,26.25,1
2026-01-16 11:45:00,26.25,26.25,26.25,26.25,0
2026-01-16 11:46:00,26.25,26.25,26.25,26.25,0
2026-01-16 11:47:00,26.24,26.24,26.2,26.2,231
2026-01-16 11:48:00,26.2,26.2,26.2,26.2,0
2026-01-16 11:49:00,26.2,26.2,26.2,26.2,1
2026-01-16 11:50:00,26.195,26.22,26.195,26.22,3
2026-01-16 11:51:00,26.22,26.22,26.22,26.22,8
2026-01-16 11:52:00,26.24,26.24,26.24,26.24,2
2026-01-16 11:53:00,26.235,26.235,26.235,26.235,1
2026-01-16 11:54:00,26.235,26.235,26.235,26.235,0
2026-01-16 11:55:00,26.24,26.24,26.24,26.24,3
2026-01-16 11:56:00,26.24,26.295,26.24,26.295,4
2026-01-16 11:57:00,26.27,26.27,26.27,26.27,1
2026-01-16 11:58:00,26.26,26.26,26.26,26.26,1
2026-01-16 11:59:00,26.255,26.255,26.255,26.255,1
2026-01-16 12:00:00,26.255,26.255,26.255,26.255,0
2026-01-16 12:01:00,26.245,26.245,26.245,26.245,1
2026-01-16 12:02:00,26.245,26.245,26.245,26.245,0
2026-01-16 12:03:00,26.245,26.245,26.245,26.245,0
2026-01-16 12:04:00,26.24,26.24,26.195,26.195,6
2026-01-16 12:05:00,26.22,26.22,26.21,26.21,6
2026-01-16 12:06:00,26.1917,26.195,26.1917,26.195,4
2026-01-16 12:07:00,26.2,26.26,26.2,26.22,14
2026-01-16 12:08:00,26.29,26.29,26.29,26.29,1
2026-01-16 12:09:00,26.3,26.3399,26.27,26.2704,28
2026-01-16 12:10:00,26.27,26.28,26.25,26.25,6
2026-01-16 12:11:00,26.3,26.3,26.3,26.3,4
2026-01-16 12:12:00,26.26,26.26,26.26,26.26,2
2026-01-16 12:13:00,26.29,26.3204,26.29,26.3204,7
2026-01-16 12:14:00,26.25,26.26,26.25,26.26,2
2026-01-16 12:15:00,26.265,26.265,26.22,26.22,11
2026-01-16 12:16:00,26.23,26.23,26.23,26.23,1
2026-01-16 12:17:00,26.25,26.25,26.25,26.25,1
2026-01-16 12:18:00,26.26,26.26,26.25,26.26,6
2026-01-16 12:19:00,26.23,26.23,26.22,26.22,4
2026-01-16 12:20:00,26.22,26.22,26.22,26.22,0
2026-01-16 12:21:00,26.22,26.22,26.22,26.22,0
2026-01-16 12:22:00,26.2,26.2,26.2,26.2,3
2026-01-16 12:23:00,26.2,26.2,26.2,26.2,0
2026-01-16 12:24:00,26.2,26.2,26.2,26.2,0
2026-01-16 12:25:00,26.225,26.225,26.225,26.225,1
2026-01-16 12:26:00,26.22,26.225,26.22,26.225,2
2026-01-16 12:27:00,26.24,26.24,26.24,26.24,2
2026-01-16 12:28:00,26.24,26.24,26.24,26.24,0
2026-01-16 12:29:00,26.25,26.26,26.25,26.25,6
2026-01-16 12:30:00,26.25,26.25,26.25,26.25,1
2026-01-16 12:31:00,26.25,26.25,26.25,26.25,0
2026-01-16 12:32:00,26.235,26.235,26.235,26.235,1
2026-01-16 12:33:00,26.235,26.235,26.235,26.235,0
2026-01-16 12:34:00,26.22,26.22,26.22,26.22,2
2026-01-16 12:35:00,26.22,26.22,26.22,26.22,0
2026-01-16 12:36:00,26.22,26.22,26.22,26.22,0
2026-01-16 12:37:00,26.24,26.24,26.24,26.24,1
2026-01-16 12:38:00,26.21,26.23,26.21,26.23,6
2026-01-16 12:39:00,26.23,26.23,26.23,26.23,0
2026-01-16 12:40:00,26.23,26.23,26.23,26.23,0
2026-01-16 12:41:00,26.23,26.23,26.23,26.23,0
2026-01-16 12:42:00,26.204,26.204,26.204,26.204,1
2026-01-16 12:43:00,26.204,26.204,26.204,26.204,0
2026-01-16 12:44:00,26.22,26.22,26.175,26.175,18
2026-01-16 12:45:00,26.175,26.175,26.175,26.175,0
2026-01-16 12:46:00,26.18,26.1801,26.18,26.18,19
2026-01-16 12:47:00,26.18,26.22,26.175,26.19,31
2026-01-16 12:48:00,26.19,26.19,26.19,26.19,1
2026-01-16 12:49:00,26.19,26.19,26.19,26.19,0
2026-01-16 12:50:00,26.195,26.195,26.18,26.18,2
2026-01-16 12:51:00,26.185,26.185,26.185,26.185,7
2026-01-16 12:52:00,26.185,26.185,26.185,26.185,0
2026-01-16 12:53:00,26.185,26.185,26.185,26.185,0
2026-01-16 12:54:00,26.17,26.17,26.17,26.17,3
2026-01-16 12:55:00,26.16,26.17,26.15,26.17,11
2026-01-16 12:56:00,26.15,26.15,26.15,26.15,2
2026-01-16 12:57:00,26.15,26.15,26.15,26.15,0
2026-01-16 12:58:00,26.15,26.15,26.15,26.15,0
2026-01-16 12:59:00,26.15,26.17,26.15,26.17,4
2026-01-16 13:00:00,26.17,26.17,26.17,26.17,0
2026-01-16 13:01:00,26.17,26.17,26.17,26.17,2
2026-01-16 13:02:00,26.17,26.17,26.17,26.17,0
2026-01-16 13:03:00,26.17,26.17,26.17,26.17,1
2026-01-16 13:04:00,26.175,26.18,26.165,26.165,7
2026-01-16 13:05:00,26.18,26.2,26.18,26.2,3
2026-01-16 13:06:00,26.19,26.24,26.19,26.24,5
2026-01-16 13:07:00,26.24,26.24,26.24,26.24,0
2026-01-16 13:08:00,26.24,26.24,26.24,26.24,0
2026-01-16 13:09:00,26.24,26.24,26.24,26.24,0
2026-01-16 13:10:00,26.24,26.24,26.24,26.24,0
2026-01-16 13:11:00,26.24,26.24,26.24,26.24,0
2026-01-16 13:12:00,26.24,26.24,26.24,26.24,0
2026-01-16 13:13:00,26.24,26.24,26.24,26.24,0
2026-01-16 13:14:00,26.24,26.24,26.24,26.24,0
2026-01-16 13:15:00,26.22,26.22,26.22,26.22,4
2026-01-16 13:16:00,26.22,26.22,26.22,26.22,0
2026-01-16 13:17:00,26.215,26.215,26.175,26.175,5
2026-01-16 13:18:00,26.19,26.19,26.19,26.19,2
2026-01-16 13:19:00,26.19,26.19,26.19,26.19,0
2026-01-16 13:20:00,26.21,26.23,26.2,26.23,9
2026-01-16 13:21:00,26.23,26.23,26.23,26.23,0
2026-01-16 13:22:00,26.23,26.23,26.23,26.23,0
2026-01-16 13:23:00,26.25,26.25,26.25,26.25,1
2026-01-16 13:24:00,26.275,26.275,26.275,26.275,1
2026-01-16 13:25:00,26.26,26.26,26.24,26.25,24
2026-01-16 13:26:00,26.25,26.25,26.25,26.25,0
2026-01-16 13:27:00,26.25,26.25,26.25,26.25,0
2026-01-16 13:28:00,26.24,26.24,26.24,26.24,1
2026-01-16 13:29:00,26.24,26.24,26.24,26.24,1
2026-01-16 13:30:00,26.24,26.24,26.24,26.24,0
2026-01-16 13:31:00,26.23,26.23,26.23,26.23,3
2026-01-16 13:32:00,26.21,26.21,26.21,26.21,1
2026-01-16 13:33:00,26.2099,26.2099,26.2099,26.2099,1
2026-01-16 13:34:00,26.2164,26.2164,26.21,26.21,4
2026-01-16 13:35:00,26.21,26.21,26.21,26.21,0
2026-01-16 13:36:00,26.215,26.215,26.215,26.215,4
2026-01-16 13:37:00,26.215,26.215,26.215,26.215,0
2026-01-16 13:38:00,26.215,26.215,26.215,26.215,0
2026-01-16 13:39:00,26.21,26.21,26.19,26.19,6
2026-01-16 13:40:00,26.18,26.18,26.18,26.18,6
2026-01-16 13:41:00,26.18,26.18,26.18,26.18,0
2026-01-16 13:42:00,26.2,26.2,26.2,26.2,7
2026-01-16 13:43:00,26.21,26.21,26.19,26.19,8
2026-01-16 13:44:00,26.2,26.2,26.2,26.2,1
2026-01-16 13:45:00,26.2,26.2,26.2,26.2,0
2026-01-16 13:46:00,26.21,26.21,26.165,26.1946,15
2026-01-16 13:47:00,26.185,26.185,26.185,26.185,1
2026-01-16 13:48:00,26.19,26.2,26.19,26.2,2
2026-01-16 13:49:00,26.19,26.19,26.19,26.19,1
2026-01-16 13:50:00,26.205,26.205,26.205,26.205,1
2026-01-16 13:51:00,26.19,26.19,26.166,26.166,3
2026-01-16 13:52:00,26.18,26.18,26.16,26.16,3
2026-01-16 13:53:00,26.15,26.15,26.1238,26.1238,4
2026-01-16 13:54:00,26.14,26.14,26.14,26.14,2
2026-01-16 13:55:00,26.1341,26.15,26.1341,26.15,5
2026-01-16 13:56:00,26.15,26.15,26.15,26.15,0
2026-01-16 13:57:00,26.15,26.15,26.15,26.15,2
2026-01-16 13:58:00,26.15,26.15,26.15,26.15,0
2026-01-16 13:59:00,26.15,26.15,26.15,26.15,0
2026-01-16 14:00:00,26.15,26.15,26.15,26.15,0
2026-01-16 14:01:00,26.13,26.165,26.13,26.165,11
2026-01-16 14:02:00,26.17,26.2,26.17,26.2,12
2026-01-16 14:03:00,26.23,26.24,26.225,26.225,6
2026-01-16 14:04:00,26.225,26.225,26.225,26.225,1
2026-01-16 14:05:00,26.225,26.225,26.225,26.225,0
2026-01-16 14:06:00,26.21,26.22,26.21,26.22,4
2026-01-16 14:07:00,26.18,26.18,26.165,26.165,2
2026-01-16 14:08:00,26.17,26.2,26.17,26.17,95
2026-01-16 14:09:00,26.2,26.215,26.2,26.205,3
2026-01-16 14:10:00,26.205,26.205,26.205,26.205,4
2026-01-16 14:11:00,26.2,26.2,26.18,26.18,5
2026-01-16 14:12:00,26.18,26.18,26.18,26.18,0
2026-01-16 14:13:00,26.1817,26.19,26.18,26.18,4
2026-01-16 14:14:00,26.16,26.17,26.15,26.17,5
2026-01-16 14:15:00,26.17,26.17,26.17,26.17,0
2026-01-16 14:16:00,26.14,26.14,26.14,26.14,3
2026-01-16 14:17:00,26.15,26.16,26.15,26.16,2
2026-01-16 14:18:00,26.17,26.17,26.17,26.17,3
2026-01-16 14:19:00,26.17,26.1754,26.17,26.1754,2
2026-01-16 14:20:00,26.17,26.17,26.17,26.17,3
2026-01-16 14:21:00,26.17,26.17,26.17,26.17,0
2026-01-16 14:22:00,26.175,26.175,26.15,26.15,2
2026-01-16 14:23:00,26.15,26.15,26.15,26.15,0
2026-01-16 14:24:00,26.14,26.14,26.14,26.14,2
2026-01-16 14:25:00,26.1384,26.1384,26.12,26.12,2
2026-01-16 14:26:00,26.12,26.12,26.12,26.12,0
2026-01-16 14:27:00,26.12,26.12,26.12,26.12,0
2026-01-16 14:28:00,26.12,26.12,26.12,26.12,0
2026-01-16 14:29:00,26.115,26.115,26.11,26.115,5
2026-01-16 14:30:00,26.102,26.14,26.102,26.13,14
2026-01-16 14:31:00,26.1362,26.175,26.1362,26.165,6
2026-01-16 14:32:00,26.165,26.165,26.165,26.165,0
2026-01-16 14:33:00,26.15,26.165,26.15,26.165,2
2026-01-16 14:34:00,26.165,26.18,26.165,26.18,3
2026-01-16 14:35:00,26.18,26.18,26.18,26.18,0
2026-01-16 14:36:00,26.15,26.17,26.15,26.165,10
2026-01-16 14:37:00,26.165,26.165,26.165,26.165,1
2026-01-16 14:38:00,26.19,26.19,26.17,26.17,3
2026-01-16 14:39:00,26.17,26.17,26.17,26.17,0
2026-01-16 14:40:00,26.17,26.17,26.17,26.17,0
2026-01-16 14:41:00,26.185,26.185,26.185,26.185,1
2026-01-16 14:42:00,26.185,26.185,26.185,26.185,1
2026-01-16 14:43:00,26.185,26.185,26.185,26.185,0
2026-01-16 14:44:00,26.185,26.185,26.185,26.185,0
2026-01-16 14:45:00,26.185,26.185,26.185,26.185,0
2026-01-16 14:46:00,26.17,26.18,26.17,26.18,6
2026-01-16 14:47:00,26.17,26.19,26.17,26.19,6
2026-01-16 14:48:00,26.21,26.245,26.21,26.23,15
2026-01-16 14:49:00,26.21,26.2101,26.21,26.2101,8
2026-01-16 14:50:00,26.2101,26.2101,26.2101,26.2101,0
2026-01-16 14:51:00,26.21,26.21,26.18,26.18,15
2026-01-16 14:52:00,26.14,26.14,26.06,26.06,38
2026-01-16 14:53:00,26.08,26.08,26.06,26.06,10
2026-01-16 14:54:00,26.05,26.05,25.9442,25.99,67
2026-01-16 14:55:00,25.95,25.95,25.9086,25.93,21
2026-01-16 14:56:00,25.92,25.97,25.915,25.945,28
2026-01-16 14:57:00,25.94,25.95,25.93,25.93,5
2026-01-16 14:58:00,25.9206,25.93,25.9206,25.925,4
2026-01-16 14:59:00,25.925,25.935,25.91,25.91,8
2026-01-16 15:00:00,25.92,25.92,25.91,25.915,5
2026-01-16 15:01:00,25.9,25.935,25.9,25.925,17
2026-01-16 15:02:00,25.91,25.93,25.9,25.93,38
2026-01-16 15:03:00,25.92,25.92,25.92,25.92,1
2026-01-16 15:04:00,25.91,25.92,25.91,25.92,13
2026-01-16 15:05:00,25.915,25.915,25.87,25.89,19
2026-01-16 15:06:00,25.885,25.89,25.885,25.89,4
2026-01-16 15:07:00,25.89,25.89,25.89,25.89,3
2026-01-16 15:08:00,25.91,25.91,25.9,25.9,7
2026-01-16 15:09:00,25.9,25.91,25.89,25.895,16
2026-01-16 15:10:00,25.895,25.94,25.895,25.92,52
2026-01-16 15:11:00,25.94,25.945,25.91,25.945,19
2026-01-16 15:12:00,25.945,25.945,25.945,25.945,0
2026-01-16 15:13:00,25.92,26.015,25.92,26.015,33
2026-01-16 15:14:00,26.015,26.015,26.015,26.015,1
2026-01-16 15:15:00,26.005,26.01,25.98,25.98,15
2026-01-16 15:16:00,25.94,25.94,25.9,25.9,6
2026-01-16 15:17:00,25.93,25.99,25.905,25.99,124
2026-01-16 15:18:00,25.97,26.0,25.97,26.0,5
2026-01-16 15:19:00,26.01,26.01,25.995,26.0,6
2026-01-16 15:20:00,25.995,25.995,25.985,25.985,4
2026-01-16 15:21:00,25.9701,25.9701,25.9701,25.9701,30
2026-01-16 15:22:00,26.0,26.045,25.93,25.97,43
2026-01-16 15:23:00,25.975,25.975,25.97,25.97,4
2026-01-16 15:24:00,25.9674,25.9845,25.96,25.96,7
2026-01-16 15:25:00,25.97,25.99,25.96,25.99,17
2026-01-16 15:26:00,25.97,25.99,25.96,25.96,28
2026-01-16 15:27:00,25.96,25.98,25.96,25.975,8
2026-01-16 15:28:00,25.99,25.99,25.99,25.99,3
2026-01-16 15:29:00,25.99,26.01,25.985,26.01,3
2026-01-16 15:30:00,25.985,26.0,25.97,25.985,39
2026-01-16 15:31:00,25.985,25.985,25.95,25.95,10
2026-01-16 15:32:00,25.94,25.96,25.94,25.96,6
2026-01-16 15:33:00,25.96,26.0,25.9505,25.975,43
2026-01-16 15:34:00,25.975,26.0,25.975,25.975,82
2026-01-16 15:35:00,25.975,25.975,25.95,25.95,6
2026-01-16 15:36:00,25.95,25.95,25.95,25.95,4
2026-01-16 15:37:00,25.975,25.975,25.95,25.97,4
2026-01-16 15:38:00,25.965,25.97,25.965,25.97,10
2026-01-16 15:39:00,25.9707,25.99,25.9707,25.975,85
2026-01-16 15:40:00,25.975,25.98,25.975,25.975,7
2026-01-16 15:41:00,25.975,26.04,25.975,26.005,43
2026-01-16 15:42:00,26.0075,26.02,25.99,26.015,9
2026-01-16 15:43:00,26.015,26.015,26.005,26.0065,5
2026-01-16 15:44:00,26.005,26.005,25.98,25.98,35
2026-01-16 15:45:00,25.96,25.98,25.96,25.97,25
2026-01-16 15:46:00,25.96,26.0038,25.96,26.0038,22
2026-01-16 15:47:00,26.015,26.015,25.98,25.98,21
2026-01-16 15:48:00,25.97,25.97,25.92,25.96,6
2026-01-16 15:49:00,25.94,25.95,25.94,25.95,22
2026-01-16 15:50:00,25.97,25.98,25.955,25.98,12
2026-01-16 15:51:00,26.0,26.0,25.98,26.0,34
2026-01-16 15:52:00,25.995,25.995,25.92,25.92,22
2026-01-16 15:53:00,25.94,25.96,25.93,25.93,31
2026-01-16 15:54:00,25.9301,25.95,25.8,25.82,84
2026-01-16 15:55:00,25.81,25.86,25.8,25.85,86
2026-01-16 15:56:00,25.85,25.85,25.8,25.83,63
2026-01-16 15:57:00,25.825,25.86,25.815,25.84,90
2026-01-16 15:58:00,25.84,25.89,25.835,25.885,233
2026-01-16 15:59:00,25.885,25.915,25.855,25.89,262
2026-01-20 09:30:00,25.33,25.36,25.12,25.18,226
2026-01-20 09:31:00,25.186,25.31,25.12,25.2345,59
2026-01-20 09:32:00,25.31,25.34,25.24,25.32,59
2026-01-20 09:33:00,25.24,25.32,25.24,25.32,20
2026-01-20 09:34:00,25.32,25.32,25.32,25.32,0
2026-01-20 09:35:00,25.32,25.32,25.32,25.32,0
2026-01-20 09:36:00,25.5,25.53,25.5,25.53,2
2026-01-20 09:37:00,25.53,25.53,25.53,25.53,0
2026-01-20 09:38:00,25.53,25.7,25.53,25.68,5
2026-01-20 09:39:00,25.72,25.725,25.72,25.725,11
2026-01-20 09:40:00,25.72,25.72,25.72,25.72,2
2026-01-20 09:41:00,25.72,25.72,25.72,25.72,0
2026-01-20 09:42:00,25.68,25.71,25.67,25.71,13
2026-01-20 09:43:00,25.68,25.68,25.63,25.6525,9
2026-01-20 09:44:00,25.74,25.75,25.74,25.75,7
2026-01-20 09:45:00,25.78,25.78,25.77,25.775,24
2026-01-20 09:46:00,25.795,25.795,25.74,25.74,3
2026-01-20 09:47:00,25.71,25.71,25.71,25.71,1
2026-01-20 09:48:00,25.7351,25.75,25.73,25.74,7
2026-01-20 09:49:00,25.75,25.76,25.75,25.75,16
2026-01-20 09:50:00,25.72,25.72,25.69,25.69,15
2026-01-20 09:51:00,25.66,25.66,25.66,25.66,1
2026-01-20 09:52:00,25.66,25.66,25.66,25.66,0
2026-01-20 09:53:00,25.67,25.67,25.67,25.67,9
2026-01-20 09:54:00,25.61,25.61,25.58,25.58,7
2026-01-20 09:55:00,25.58,25.58,25.58,25.58,0
2026-01-20 09:56:00,25.58,25.58,25.58,25.58,0
2026-01-20 09:57:00,25.63,25.63,25.63,25.63,1
2026-01-20 09:58:00,25.64,25.64,25.63,25.63,2
2026-01-20 09:59:00,25.64,25.66,25.64,25.66,2
2026-01-20 10:00:00,25.6124,25.6124,25.6001,25.6001,3
2026-01-20 10:01:00,25.61,25.64,25.58,25.6068,15
2026-01-20 10:02:00,25.6068,25.6068,25.6068,25.6068,0
2026-01-20 10:03:00,25.6068,25.6068,25.6068,25.6068,0
2026-01-20 10:04:00,25.58,25.58,25.58,25.58,1
2026-01-20 10:05:00,25.585,25.65,25.585,25.65,21
2026-01-20 10:06:00,25.66,25.66,25.66,25.66,2
2026-01-20 10:07:00,25.665,25.665,25.63,25.63,3
2026-01-20 10:08:00,25.6,25.63,25.58,25.63,4
2026-01-20 10:09:00,25.63,25.63,25.63,25.63,0
2026-01-20 10:10:00,25.57,25.57,25.55,25.55,3
2026-01-20 10:11:00,25.59,25.59,25.59,25.59,4
2026-01-20 10:12:00,25.64,25.64,25.615,25.615,2
2026-01-20 10:13:00,25.66,25.66,25.645,25.66,3
2026-01-20 10:14:00,25.66,25.66,25.66,25.66,0
2026-01-20 10:15:00,25.66,25.66,25.66,25.66,2
2026-01-20 10:16:00,25.69,25.82,25.69,25.71,11
2026-01-20 10:17:00,25.745,25.75,25.71,25.75,5
2026-01-20 10:18:00,25.75,25.75,25.72,25.74,6
2026-01-20 10:19:00,25.737,25.737,25.71,25.71,6
2026-01-20 10:20:00,25.71,25.71,25.71,25.71,28
2026-01-20 10:21:00,25.74,25.77,25.74,25.77,7
2026-01-20 10:22:00,25.77,25.77,25.77,25.77,0
2026-01-20 10:23:00,25.81,25.81,25.81,25.81,2
2026-01-20 10:24:00,25.82,25.82,25.82,25.82,1
2026-01-20 10:25:00,25.81,25.815,25.81,25.815,9
2026-01-20 10:26:00,25.84,25.85,25.84,25.85,7
2026-01-20 10:27:00,25.84,25.84,25.84,25.84,2
2026-01-20 10:28:00,25.9,25.92,25.9,25.92,3
2026-01-20 10:29:00,25.92,25.92,25.92,25.92,0
2026-01-20 10:30:00,25.94,25.94,25.925,25.94,10
2026-01-20 10:31:00,25.93,25.93,25.93,25.93,3
2026-01-20 10:32:00,25.91,25.91,25.9,25.9,5
2026-01-20 10:33:00,25.88,25.89,25.88,25.89,6
2026-01-20 10:34:00,25.89,25.89,25.89,25.89,0
2026-01-20 10:35:00,25.89,25.91,25.87,25.91,22
2026-01-20 10:36:00,25.9199,25.9199,25.91,25.91,5
2026-01-20 10:37:00,25.89,25.89,25.89,25.89,5
2026-01-20 10:38:00,25.91,25.91,25.91,25.91,2
2026-01-20 10:39:00,25.91,25.93,25.89,25.89,29
2026-01-20 10:40:00,25.87,25.91,25.87,25.91,8
2026-01-20 10:41:00,25.91,25.91,25.91,25.91,0
2026-01-20 10:42:00,25.91,25.91,25.91,25.91,0
2026-01-20 10:43:00,25.88,25.88,25.865,25.88,18
2026-01-20 10:44:00,25.85,25.86,25.82,25.82,15
2026-01-20 10:45:00,25.83,25.83,25.8,25.805,11
2026-01-20 10:46:00,25.805,25.805,25.805,25.805,0
2026-01-20 10:47:00,25.82,25.82,25.82,25.82,3
2026-01-20 10:48:00,25.825,25.825,25.81,25.81,20
2026-01-20 10:49:00,25.77,25.77,25.77,25.77,1
2026-01-20 10:50:00,25.77,25.77,25.77,25.77,0
2026-01-20 10:51:00,25.76,25.765,25.756,25.756,6
2026-01-20 10:52:00,25.75,25.7571,25.75,25.7571,5
2026-01-20 10:53:00,25.76,25.77,25.76,25.77,6
2026-01-20 10:54:00,25.75,25.75,25.74,25.7429,7
2026-01-20 10:55:00,25.73,25.73,25.7201,25.7201,6
2026-01-20 10:56:00,25.73,25.73,25.73,25.73,1
2026-01-20 10:57:00,25.73,25.74,25.71,25.71,20
2026-01-20 10:58:00,25.705,25.73,25.6941,25.73,40
2026-01-20 10:59:00,25.75,25.75,25.74,25.74,8
2026-01-20 11:00:00,25.74,25.75,25.74,25.75,2
2026-01-20 11:01:00,25.76,25.76,25.75,25.75,5
2026-01-20 11:02:00,25.73,25.73,25.71,25.71,16
2026-01-20 11:03:00,25.69,25.72,25.69,25.72,2
2026-01-20 11:04:00,25.72,25.72,25.72,25.72,0
2026-01-20 11:05:00,25.71,25.7277,25.71,25.72,7
2026-01-20 11:06:00,25.725,25.77,25.725,25.76,120
2026-01-20 11:07:00,25.76,25.76,25.76,25.76,9
2026-01-20 11:08:00,25.76,25.76,25.755,25.755,17
2026-01-20 11:09:00,25.76,25.76,25.74,25.74,2
2026-01-20 11:10:00,25.755,25.785,25.755,25.785,13
2026-01-20 11:11:00,25.795,25.795,25.795,25.795,41
2026-01-20 11:12:00,25.8,25.81,25.8,25.81,20
2026-01-20 11:13:00,25.805,25.805,25.805,25.805,1
2026-01-20 11:14:00,25.805,25.805,25.805,25.805,3
2026-01-20 11:15:00,25.79,25.82,25.79,25.82,2
2026-01-20 11:16:00,25.82,25.82,25.8,25.8,21
2026-01-20 11:17:00,25.82,25.82,25.82,25.82,1
2026-01-20 11:18:00,25.82,25.82,25.82,25.82,5
2026-01-20 11:19:00,25.8372,25.8372,25.81,25.81,10
2026-01-20 11:20:00,25.84,25.84,25.84,25.84,1
2026-01-20 11:21:00,25.87,25.87,25.87,25.87,8
2026-01-20 11:22:00,25.87,25.87,25.84,25.84,10
2026-01-20 11:23:00,25.84,25.84,25.84,25.84,1
2026-01-20 11:24:00,25.83,25.83,25.82,25.82,4
2026-01-20 11:25:00,25.805,25.82,25.805,25.82,11
2026-01-20 11:26:00,25.85,25.85,25.85,25.85,2
2026-01-20 11:27:00,25.9,25.9,25.9,25.9,1
2026-01-20 11:28:00,25.9,25.9,25.9,25.9,0
2026-01-20 11:29:00,25.9,25.915,25.9,25.915,2
2026-01-20 11:30:00,25.91,25.91,25.9,25.9,8
2026-01-20 11:31:00,25.88,25.91,25.88,25.91,11
2026-01-20 11:32:00,25.91,25.91,25.91,25.91,1
2026-01-20 11:33:00,25.91,25.91,25.9,25.9,4
2026-01-20 11:34:00,25.89,25.89,25.89,25.89,5
2026-01-20 11:35:00,25.8902,25.8902,25.84,25.855,157
2026-01-20 11:36:00,25.88,25.88,25.86,25.87,16
2026-01-20 11:37:00,25.87,25.88,25.86,25.88,17
2026-01-20 11:38:00,25.85,25.89,25.84,25.88,33
2026-01-20 11:39:00,25.91,25.91,25.9,25.9,14
2026-01-20 11:40:00,25.89,25.89,25.89,25.89,3
2026-01-20 11:41:00,25.905,25.905,25.87,25.87,7
2026-01-20 11:42:00,25.86,25.8651,25.86,25.8651,9
2026-01-20 11:43:00,25.84,25.85,25.83,25.83,27
2026-01-20 11:44:00,25.835,25.85,25.835,25.84,12
2026-01-20 11:45:00,25.83,25.83,25.83,25.83,5
2026-01-20 11:46:00,25.82,25.82,25.82,25.82,9
2026-01-20 11:47:00,25.81,25.81,25.8078,25.8078,17
2026-01-20 11:48:00,25.805,25.805,25.805,25.805,5
2026-01-20 11:49:00,25.82,25.85,25.82,25.85,5
2026-01-20 11:50:00,25.87,25.87,25.87,25.87,1
2026-01-20 11:51:00,25.87,25.87,25.87,25.87,0
2026-01-20 11:52:00,25.85,25.855,25.85,25.855,2
2026-01-20 11:53:00,25.855,25.855,25.84,25.84,3
2026-01-20 11:54:00,25.85,25.85,25.83,25.83,2
2026-01-20 11:55:00,25.825,25.825,25.81,25.81,2
2026-01-20 11:56:00,25.84,25.85,25.84,25.85,6
2026-01-20 11:57:00,25.88,25.88,25.88,25.88,6
2026-01-20 11:58:00,25.88,25.89,25.875,25.875,3
2026-01-20 11:59:00,25.91,25.91,25.8785,25.88,8
2026-01-20 12:00:00,25.89,25.92,25.89,25.92,4
2026-01-20 12:01:00,25.92,25.92,25.92,25.92,0
2026-01-20 12:02:00,25.89,25.89,25.89,25.89,3
2026-01-20 12:03:00,25.89,25.89,25.89,25.89,0
2026-01-20 12:04:00,25.89,25.89,25.89,25.89,2
2026-01-20 12:05:00,25.89,25.89,25.89,25.89,0
2026-01-20 12:06:00,25.89,25.89,25.89,25.89,0
2026-01-20 12:07:00,25.89,25.89,25.89,25.89,0
2026-01-20 12:08:00,25.905,25.905,25.905,25.905,1
2026-01-20 12:09:00,25.91,25.91,25.89,25.89,3
2026-01-20 12:10:00,25.9054,25.9054,25.89,25.89,7
2026-01-20 12:11:00,25.9,25.9,25.9,25.9,1
2026-01-20 12:12:00,25.91,25.91,25.9,25.9,3
2026-01-20 12:13:00,25.9,25.9,25.9,25.9,0
2026-01-20 12:14:00,25.92,25.92,25.92,25.92,3
2026-01-20 12:15:00,25.93,25.93,25.93,25.93,2
2026-01-20 12:16:00,25.925,25.925,25.9101,25.9101,2
2026-01-20 12:17:00,25.93,25.93,25.9,25.9,25
2026-01-20 12:18:00,25.89,25.89,25.89,25.89,2
2026-01-20 12:19:00,25.92,25.92,25.905,25.905,2
2026-01-20 12:20:00,25.9035,25.9035,25.9035,25.9035,2
2026-01-20 12:21:00,25.905,25.905,25.83,25.84,11
2026-01-20 12:22:00,25.8501,25.87,25.815,25.87,39
2026-01-20 12:23:00,25.89,25.9,25.89,25.9,9
2026-01-20 12:24:00,25.905,25.905,25.905,25.905,1
2026-01-20 12:25:00,25.905,25.93,25.905,25.91,5
2026-01-20 12:26:00,25.91,25.91,25.91,25.91,0
2026-01-20 12:27:00,25.915,25.915,25.85,25.85,8
2026-01-20 12:28:00,25.89,25.89,25.89,25.89,1
2026-01-20 12:29:00,25.89,25.89,25.89,25.89,0
2026-01-20 12:30:00,25.87,25.87,25.85,25.85,4
2026-01-20 12:31:00,25.8415,25.8415,25.8415,25.8415,2
2026-01-20 12:32:00,25.8415,25.8415,25.8415,25.8415,0
2026-01-20 12:33:00,25.84,25.84,25.83,25.83,5
2026-01-20 12:34:00,25.83,25.83,25.83,25.83,0
2026-01-20 12:35:00,25.86,25.86,25.845,25.845,2
2026-01-20 12:36:00,25.845,25.845,25.845,25.845,0
2026-01-20 12:37:00,25.8665,25.88,25.8665,25.88,10
2026-01-20 12:38:00,25.863,25.863,25.863,25.863,5
2026-01-20 12:39:00,25.89,25.89,25.86,25.86,7
2026-01-20 12:40:00,25.845,25.89,25.845,25.89,9
2026-01-20 12:41:00,25.875,25.875,25.875,25.875,3
2026-01-20 12:42:00,25.875,25.875,25.845,25.845,6
2026-01-20 12:43:00,25.82,25.845,25.8,25.83,46
2026-01-20 12:44:00,25.87,25.87,25.86,25.865,4
2026-01-20 12:45:00,25.84,25.84,25.84,25.84,1
2026-01-20 12:46:00,25.86,25.86,25.86,25.86,2
2026-01-20 12:47:00,25.84,25.84,25.8,25.83,16
2026-01-20 12:48:00,25.83,25.83,25.83,25.83,0
2026-01-20 12:49:00,25.82,25.82,25.82,25.82,1
2026-01-20 12:50:00,25.85,25.85,25.85,25.85,7
2026-01-20 12:51:00,25.83,25.835,25.83,25.835,11
2026-01-20 12:52:00,25.8375,25.8375,25.81,25.835,33
2026-01-20 12:53:00,25.835,25.86,25.835,25.86,11
2026-01-20 12:54:00,25.835,25.835,25.83,25.835,16
2026-01-20 12:55:00,25.83,25.83,25.83,25.83,1
2026-01-20 12:56:00,25.835,25.88,25.81,25.87,98
2026-01-20 12:57:00,25.87,25.87,25.87,25.87,0
2026-01-20 12:58:00,25.9,25.9,25.87,25.87,22
2026-01-20 12:59:00,25.85,25.85,25.8,25.8,73
2026-01-20 13:00:00,25.8,25.8,25.8,25.8,1
2026-01-20 13:01:00,25.8,25.8699,25.8,25.8699,27
2026-01-20 13:02:00,25.8,25.8,25.8,25.8,25
2026-01-20 13:03:00,25.8,25.835,25.8,25.835,14
2026-01-20 13:04:00,25.835,25.835,25.835,25.835,2
2026-01-20 13:05:00,25.8,25.87,25.8,25.85,29
2026-01-20 13:06:00,25.835,25.835,25.835,25.835,6
2026-01-20 13:07:00,25.81,25.81,25.8,25.8,8
2026-01-20 13:08:00,25.845,25.845,25.82,25.82,5
2026-01-20 13:09:00,25.83,25.85,25.83,25.85,12
2026-01-20 13:10:00,25.83,25.88,25.83,25.88,7
2026-01-20 13:11:00,25.88,25.9,25.88,25.88,8
2026-01-20 13:12:00,25.9,25.92,25.9,25.92,64
2026-01-20 13:13:00,25.98,25.98,25.98,25.98,1
2026-01-20 13:14:00,25.98,25.98,25.98,25.98,0
2026-01-20 13:15:00,26.0,26.0,25.965,25.965,28
2026-01-20 13:16:00,25.94,25.9625,25.93,25.94,5
2026-01-20 13:17:00,25.94,25.94,25.94,25.94,0
2026-01-20 13:18:00,25.93,25.94,25.9,25.94,18
2026-01-20 13:19:00,25.94,25.94,25.94,25.94,1
2026-01-20 13:20:00,25.93,25.93,25.93,25.93,4
2026-01-20 13:21:00,25.92,25.92,25.92,25.92,1
2026-01-20 13:22:00,25.953,25.953,25.953,25.953,3
2026-01-20 13:23:00,25.953,25.953,25.953,25.953,0
2026-01-20 13:24:00,25.96,25.96,25.94,25.94,3
2026-01-20 13:25:00,25.94,25.94,25.94,25.94,0
2026-01-20 13:26:00,25.92,25.925,25.92,25.9225,9
2026-01-20 13:27:00,25.92,25.94,25.92,25.94,2
2026-01-20 13:28:00,25.9105,25.92,25.91,25.92,20
2026-01-20 13:29:00,25.9,25.9,25.9,25.9,2
2026-01-20 13:30:00,25.9,25.9,25.9,25.9,2
2026-01-20 13:31:00,25.9,25.9,25.9,25.9,1
2026-01-20 13:32:00,25.88,25.88,25.83,25.83,43
2026-01-20 13:33:00,25.81,25.81,25.81,25.81,17
2026-01-20 13:34:00,25.8,25.81,25.8,25.81,2
2026-01-20 13:35:00,25.81,25.81,25.8,25.8,4
2026-01-20 13:36:00,25.8,25.8,25.79,25.79,6
2026-01-20 13:37:00,25.79,25.79,25.79,25.79,0
2026-01-20 13:38:00,25.78,25.78,25.78,25.78,1
2026-01-20 13:39:00,25.805,25.805,25.805,25.805,1
2026-01-20 13:40:00,25.78,25.78,25.77,25.77,10
2026-01-20 13:41:00,25.775,25.79,25.775,25.79,8
2026-01-20 13:42:00,25.79,25.79,25.79,25.79,0
2026-01-20 13:43:00,25.795,25.795,25.795,25.795,1
2026-01-20 13:44:00,25.795,25.795,25.795,25.795,0
2026-01-20 13:45:00,25.78,25.8025,25.78,25.79,7
2026-01-20 13:46:00,25.79,25.79,25.79,25.79,0
2026-01-20 13:47:00,25.76,25.76,25.76,25.76,8
2026-01-20 13:48:00,25.76,25.76,25.76,25.76,0
2026-01-20 13:49:00,25.7821,25.785,25.76,25.76,49
2026-01-20 13:50:00,25.77,25.77,25.77,25.77,1
2026-01-20 13:51:00,25.77,25.77,25.77,25.77,5
2026-01-20 13:52:00,25.75,25.75,25.75,25.75,9
2026-01-20 13:53:00,25.75,25.75,25.75,25.75,1
2026-01-20 13:54:00,25.76,25.76,25.7408,25.7408,8
2026-01-20 13:55:00,25.78,25.78,25.78,25.78,3
2026-01-20 13:56:00,25.77,25.775,25.77,25.775,4
2026-01-20 13:57:00,25.795,25.795,25.795,25.795,2
2026-01-20 13:58:00,25.79,25.79,25.785,25.785,4
2026-01-20 13:59:00,25.78,25.79,25.78,25.79,6
2026-01-20 14:00:00,25.8,25.805,25.8,25.805,4
2026-01-20 14:01:00,25.7962,25.7962,25.7962,25.7962,1
2026-01-20 14:02:00,25.795,25.795,25.7501,25.7501,26
2026-01-20 14:03:00,25.7501,25.7501,25.7501,25.7501,56
2026-01-20 14:04:00,25.7501,25.7501,25.7501,25.7501,0
2026-01-20 14:05:00,25.75,25.77,25.75,25.77,7
2026-01-20 14:06:00,25.7676,25.8,25.7676,25.8,5
2026-01-20 14:07:00,25.81,25.81,25.8,25.8,34
2026-01-20 14:08:00,25.81,25.85,25.8,25.85,36
2026-01-20 14:09:00,25.855,25.855,25.855,25.855,2
2026-01-20 14:10:00,25.855,25.855,25.855,25.855,1
2026-01-20 14:11:00,25.84,25.84,25.835,25.835,7
2026-01-20 14:12:00,25.82,25.82,25.79,25.79,5
2026-01-20 14:13:00,25.78,25.78,25.78,25.78,1
2026-01-20 14:14:00,25.8,25.8,25.8,25.8,7
2026-01-20 14:15:00,25.78,25.78,25.78,25.78,6
2026-01-20 14:16:00,25.78,25.78,25.78,25.78,0
2026-01-20 14:17:00,25.78,25.78,25.78,25.78,1
2026-01-20 14:18:00,25.81,25.81,25.75,25.75,38
2026-01-20 14:19:00,25.77,25.77,25.77,25.77,6
2026-01-20 14:20:00,25.77,25.77,25.77,25.77,1
2026-01-20 14:21:00,25.78,25.78,25.75,25.75,10
2026-01-20 14:22:00,25.75,25.75,25.75,25.75,0
2026-01-20 14:23:00,25.75,25.75,25.75,25.75,0
2026-01-20 14:24:00,25.74,25.74,25.73,25.73,6
2026-01-20 14:25:00,25.75,25.75,25.73,25.73,3
2026-01-20 14:26:00,25.72,25.74,25.72,25.74,7
2026-01-20 14:27:00,25.7357,25.7357,25.7102,25.7102,3
2026-01-20 14:28:00,25.73,25.73,25.7,25.71,53
2026-01-20 14:29:00,25.74,25.74,25.74,25.74,16
2026-01-20 14:30:00,25.7551,25.77,25.7551,25.77,4
2026-01-20 14:31:00,25.77,25.77,25.77,25.77,0
2026-01-20 14:32:00,25.78,25.78,25.7603,25.775,11
2026-01-20 14:33:00,25.76,25.76,25.75,25.75,7
2026-01-20 14:34:00,25.73,25.74,25.73,25.74,12
2026-01-20 14:35:00,25.74,25.74,25.71,25.71,7
2026-01-20 14:36:00,25.72,25.72,25.66,25.66,69
2026-01-20 14:37:00,25.67,25.67,25.66,25.6605,12
2026-01-20 14:38:00,25.63,25.675,25.63,25.67,29
2026-01-20 14:39:00,25.69,25.69,25.66,25.66,153
2026-01-20 14:40:00,25.7,25.7,25.7,25.7,7
2026-01-20 14:41:00,25.73,25.775,25.73,25.76,10
2026-01-20 14:42:00,25.76,25.76,25.76,25.76,0
2026-01-20 14:43:00,25.73,25.73,25.73,25.73,1
2026-01-20 14:44:00,25.73,25.73,25.73,25.73,0
2026-01-20 14:45:00,25.77,25.79,25.76,25.76,3
2026-01-20 14:46:00,25.76,25.76,25.76,25.76,0
2026-01-20 14:47:00,25.775,25.775,25.775,25.775,1
2026-01-20 14:48:00,25.775,25.8,25.775,25.8,5
2026-01-20 14:49:00,25.8,25.8,25.8,25.8,1
2026-01-20 14:50:00,25.8,25.8,25.76,25.76,9
2026-01-20 14:51:00,25.77,25.77,25.75,25.755,6
2026-01-20 14:52:00,25.755,25.755,25.75,25.755,3
2026-01-20 14:53:00,25.755,25.755,25.74,25.74,8
2026-01-20 14:54:00,25.77,25.77,25.755,25.76,7
2026-01-20 14:55:00,25.75,25.75,25.73,25.73,6
2026-01-20 14:56:00,25.73,25.73,25.73,25.73,0
2026-01-20 14:57:00,25.73,25.73,25.73,25.73,0
2026-01-20 14:58:00,25.745,25.745,25.745,25.745,1
2026-01-20 14:59:00,25.73,25.74,25.73,25.73,14
2026-01-20 15:00:00,25.72,25.72,25.71,25.71,6
2026-01-20 15:01:00,25.71,25.71,25.71,25.71,0
2026-01-20 15:02:00,25.715,25.747,25.715,25.747,4
2026-01-20 15:03:00,25.747,25.747,25.747,25.747,0
2026-01-20 15:04:00,25.75,25.75,25.7362,25.74,6
2026-01-20 15:05:00,25.75,25.82,25.75,25.79,59
2026-01-20 15:06:00,25.77,25.77,25.77,25.77,1
2026-01-20 15:07:00,25.77,25.77,25.77,25.77,0
2026-01-20 15:08:00,25.755,25.775,25.755,25.775,4
2026-01-20 15:09:00,25.765,25.77,25.765,25.77,2
2026-01-20 15:10:00,25.77,25.78,25.77,25.77,4
2026-01-20 15:11:00,25.77,25.77,25.7646,25.77,4
2026-01-20 15:12:00,25.75,25.75,25.74,25.74,5
2026-01-20 15:13:00,25.74,25.75,25.74,25.75,3
2026-01-20 15:14:00,25.75,25.78,25.75,25.77,110
2026-01-20 15:15:00,25.785,25.785,25.78,25.785,3
2026-01-20 15:16:00,25.785,25.785,25.77,25.77,18
2026-01-20 15:17:00,25.75,25.75,25.745,25.745,8
2026-01-20 15:18:00,25.78,25.8,25.78,25.78,5
2026-01-20 15:19:00,25.785,25.785,25.785,25.785,1
2026-01-20 15:20:00,25.8,25.8,25.78,25.78,2
2026-01-20 15:21:00,25.78,25.79,25.77,25.77,7
2026-01-20 15:22:00,25.76,25.76,25.75,25.75,5
2026-01-20 15:23:00,25.75,25.75,25.75,25.75,0
2026-01-20 15:24:00,25.74,25.74,25.715,25.74,24
2026-01-20 15:25:00,25.74,25.74,25.74,25.74,3
2026-01-20 15:26:00,25.74,25.74,25.74,25.74,0
2026-01-20 15:27:00,25.75,25.82,25.75,25.81,275
2026-01-20 15:28:00,25.815,25.875,25.805,25.875,46
2026-01-20 15:29:00,25.85,25.86,25.83,25.85,6
2026-01-20 15:30:00,25.85,25.85,25.85,25.85,4
2026-01-20 15:31:00,25.86,25.88,25.84,25.875,14
2026-01-20 15:32:00,25.86,25.86,25.84,25.84,9
2026-01-20 15:33:00,25.84,25.84,25.815,25.82,57
2026-01-20 15:34:00,25.82,25.82,25.81,25.81,12
2026-01-20 15:35:00,25.805,25.81,25.8,25.81,24
2026-01-20 15:36:00,25.8,25.8,25.79,25.795,3
2026-01-20 15:37:00,25.79,25.795,25.79,25.795,4
2026-01-20 15:38:00,25.78,25.78,25.74,25.77,17
2026-01-20 15:39:00,25.76,25.76,25.76,25.76,1
2026-01-20 15:40:00,25.76,25.76,25.75,25.75,4
2026-01-20 15:41:00,25.76,25.77,25.75,25.77,13
2026-01-20 15:42:00,25.78,25.8,25.78,25.8,6
2026-01-20 15:43:00,25.8,25.8,25.78,25.79,7
2026-01-20 15:44:00,25.815,25.84,25.805,25.84,37
2026-01-20 15:45:00,25.8561,25.8561,25.8561,25.8561,5
2026-01-20 15:46:00,25.87,25.87,25.87,25.87,3
2026-01-20 15:47:00,25.89,25.955,25.89,25.955,8
2026-01-20 15:48:00,25.95,25.95,25.95,25.95,1
2026-01-20 15:49:00,25.95,25.95,25.91,25.91,2
2026-01-20 15:50:00,25.95,26.0,25.95,25.9784,89
2026-01-20 15:51:00,25.985,25.985,25.985,25.985,12
2026-01-20 15:52:00,26.0,26.0,25.96,25.965,51
2026-01-20 15:53:00,25.955,25.97,25.955,25.97,3
2026-01-20 15:54:00,25.965,25.98,25.965,25.97,25
2026-01-20 15:55:00,25.97,25.97,25.92,25.92,77
2026-01-20 15:56:00,25.92,25.925,25.9,25.915,91
2026-01-20 15:57:00,25.915,25.915,25.845,25.88,210
2026-01-20 15:58:00,25.885,25.89,25.85,25.86,226
2026-01-20 15:59:00,25.86,25.87,25.83,25.86,509
2026-01-21 09:30:00,25.77,25.84,25.7019,25.84,46
2026-01-21 09:31:00,25.84,25.84,25.84,25.84,0
2026-01-21 09:32:00,25.75,25.75,25.67,25.67,18
2026-01-21 09:33:00,25.67,25.67,25.67,25.67,1
2026-01-21 09:34:00,25.67,25.67,25.67,25.67,0
2026-01-21 09:35:00,25.68,25.69,25.57,25.65,67
2026-01-21 09:36:00,25.64,25.73,25.605,25.73,8
2026-01-21 09:37:00,25.67,25.725,25.67,25.71,26
2026-01-21 09:38:00,25.71,25.71,25.71,25.71,4
2026-01-21 09:39:00,25.7,25.74,25.7,25.74,11
2026-01-21 09:40:00,25.763,25.763,25.735,25.735,3
2026-01-21 09:41:00,25.735,25.735,25.735,25.735,7
2026-01-21 09:42:00,25.78,25.78,25.75,25.75,25
2026-01-21 09:43:00,25.8,25.8,25.8,25.8,3
2026-01-21 09:44:00,25.84,25.84,25.84,25.84,2
2026-01-21 09:45:00,25.835,25.93,25.835,25.93,12
2026-01-21 09:46:00,25.88,25.88,25.88,25.88,6
2026-01-21 09:47:00,25.9,25.9,25.895,25.895,6
2026-01-21 09:48:00,25.895,25.9,25.895,25.9,2
2026-01-21 09:49:00,25.9,25.9,25.9,25.9,0
2026-01-21 09:50:00,25.85,25.85,25.84,25.84,6
2026-01-21 09:51:00,25.83,25.83,25.83,25.83,1
2026-01-21 09:52:00,25.805,25.86,25.805,25.86,6
2026-01-21 09:53:00,25.86,25.87,25.835,25.835,7
2026-01-21 09:54:00,25.835,25.87,25.835,25.87,2
2026-01-21 09:55:00,25.87,25.87,25.87,25.87,1
2026-01-21 09:56:00,25.85,25.86,25.85,25.86,10
2026-01-21 09:57:00,25.85,25.85,25.85,25.85,2
2026-01-21 09:58:00,25.88,25.905,25.88,25.88,17
2026-01-21 09:59:00,25.93,25.95,25.9,25.94,11
2026-01-21 10:00:00,25.94,25.94,25.94,25.94,1
2026-01-21 10:01:00,25.94,25.94,25.94,25.94,6
2026-01-21 10:02:00,25.94,25.94,25.94,25.94,1
2026-01-21 10:03:00,25.94,25.94,25.94,25.94,0
2026-01-21 10:04:00,25.94,25.94,25.94,25.94,0
2026-01-21 10:05:00,25.98,25.98,25.98,25.98,1
2026-01-21 10:06:00,25.96,26.0,25.93,25.958,41
2026-01-21 10:07:00,25.965,25.965,25.95,25.95,6
2026-01-21 10:08:00,25.97,26.0,25.9681,25.975,55
2026-01-21 10:09:00,26.0,26.0,25.93,25.9899,86
2026-01-21 10:10:00,25.915,25.92,25.89,25.92,10
2026-01-21 10:11:00,25.93,25.93,25.89,25.895,10
2026-01-21 10:12:00,25.91,25.925,25.91,25.925,2
2026-01-21 10:13:00,25.89,25.905,25.89,25.905,11
2026-01-21 10:14:00,25.905,25.905,25.88,25.88,3
2026-01-21 10:15:00,25.88,25.88,25.88,25.88,0
2026-01-21 10:16:00,25.93,25.95,25.93,25.94,8
2026-01-21 10:17:00,25.93,25.94,25.93,25.94,42
2026-01-21 10:18:00,25.93,25.93,25.92,25.92,5
2026-01-21 10:19:00,25.935,25.935,25.92,25.92,4
2026-01-21 10:20:00,25.91,25.915,25.8701,25.8701,10
2026-01-21 10:21:00,25.8701,25.8701,25.8701,25.8701,0
2026-01-21 10:22:00,25.9,25.9,25.89,25.89,2
2026-01-21 10:23:00,25.89,25.915,25.89,25.91,20
2026-01-21 10:24:00,25.915,25.915,25.915,25.915,1
2026-01-21 10:25:00,25.9,25.9,25.89,25.89,3
2026-01-21 10:26:00,25.9,25.9,25.89,25.89,3
2026-01-21 10:27:00,25.88,25.895,25.87,25.87,9
2026-01-21 10:28:00,25.87,25.87,25.87,25.87,0
2026-01-21 10:29:00,25.87,25.87,25.87,25.87,0
2026-01-21 10:30:00,25.885,25.885,25.885,25.885,3
2026-01-21 10:31:00,25.9,25.96,25.9,25.95,25
2026-01-21 10:32:00,25.97,25.97,25.97,25.97,1
2026-01-21 10:33:00,25.98,26.11,25.98,26.0892,125
2026-01-21 10:34:00,26.1,26.22,26.085,26.12,3883
2026-01-21 10:35:00,26.13,26.21,26.13,26.205,71
2026-01-21 10:36:00,26.19,26.19,26.19,26.19,1
2026-01-21 10:37:00,26.19,26.195,26.18,26.195,7
2026-01-21 10:38:00,26.195,26.195,26.195,26.195,0
2026-01-21 10:39:00,26.195,26.195,26.16,26.16,4
2026-01-21 10:40:00,26.205,26.205,26.195,26.195,4
2026-01-21 10:41:00,26.16,26.1689,26.14,26.1689,13
2026-01-21 10:42:00,26.14,26.22,26.14,26.195,69
2026-01-21 10:43:00,26.195,26.2,26.195,26.2,4
2026-01-21 10:44:00,26.2,26.25,26.2,26.24,48
2026-01-21 10:45:00,26.23,26.23,26.23,26.23,1
2026-01-21 10:46:00,26.21,26.21,26.21,26.21,3
2026-01-21 10:47:00,26.24,26.24,26.2,26.2,4
2026-01-21 10:48:00,26.19,26.2,26.18,26.2,5
2026-01-21 10:49:00,26.2,26.2,26.2,26.2,4
2026-01-21 10:50:00,26.2,26.2,26.2,26.2,2
2026-01-21 10:51:00,26.2,26.22,26.18,26.21,11
2026-01-21 10:52:00,26.22,26.23,26.22,26.23,5
2026-01-21 10:53:00,26.23,26.23,26.23,26.23,1
2026-01-21 10:54:00,26.2328,26.233,26.23,26.233,32
2026-01-21 10:55:00,26.23,26.23,26.23,26.23,2
2026-01-21 10:56:00,26.23,26.23,26.23,26.23,2
2026-01-21 10:57:00,26.23,26.235,26.23,26.23,4
2026-01-21 10:58:00,26.2417,26.2417,26.18,26.21,39
2026-01-21 10:59:00,26.185,26.185,26.185,26.185,1
2026-01-21 11:00:00,26.18,26.18,26.18,26.18,7
2026-01-21 11:01:00,26.18,26.18,26.18,26.18,3
2026-01-21 11:02:00,26.15,26.16,26.15,26.16,7
2026-01-21 11:03:00,26.16,26.16,26.16,26.16,6
2026-01-21 11:04:00,26.16,26.1654,26.16,26.1654,41
2026-01-21 11:05:00,26.155,26.155,26.1492,26.1492,3
2026-01-21 11:06:00,26.15,26.16,26.14,26.14,96
2026-01-21 11:07:00,26.13,26.13,26.11,26.115,5
2026-01-21 11:08:00,26.12,26.12,26.12,26.12,7
2026-01-21 11:09:00,26.12,26.12,26.1,26.1,10
2026-01-21 11:10:00,26.1,26.1,26.1,26.1,0
2026-01-21 11:11:00,26.08,26.08,26.06,26.07,9
2026-01-21 11:12:00,26.14,26.175,26.14,26.155,138
2026-01-21 11:13:00,26.175,26.175,26.16,26.16,2
2026-01-21 11:14:00,26.1618,26.21,26.1618,26.1675,25
2026-01-21 11:15:00,26.215,26.215,26.215,26.215,6
2026-01-21 11:16:00,26.22,26.23,26.22,26.22,12
2026-01-21 11:17:00,26.2,26.22,26.2,26.2,8
2026-01-21 11:18:00,26.18,26.21,26.15,26.21,18
2026-01-21 11:19:00,26.19,26.19,26.19,26.19,4
2026-01-21 11:20:00,26.16,26.16,26.145,26.145,14
2026-01-21 11:21:00,26.15,26.15,26.15,26.15,2
2026-01-21 11:22:00,26.15,26.32,26.14,26.315,251
2026-01-21 11:23:00,26.315,26.315,26.315,26.315,11
2026-01-21 11:24:00,26.315,26.315,26.29,26.315,14
2026-01-21 11:25:00,26.32,26.32,26.295,26.295,45
2026-01-21 11:26:00,26.27,26.27,26.255,26.26,7
2026-01-21 11:27:00,26.26,26.26,26.26,26.26,0
2026-01-21 11:28:00,26.28,26.28,26.28,26.28,20
2026-01-21 11:29:00,26.28,26.28,26.28,26.28,1
2026-01-21 11:30:00,26.26,26.26,26.255,26.26,7
2026-01-21 11:31:00,26.26,26.26,26.25,26.2515,3
2026-01-21 11:32:00,26.25,26.255,26.24,26.255,10
2026-01-21 11:33:00,26.255,26.255,26.255,26.255,0
2026-01-21 11:34:00,26.26,26.3,26.26,26.275,129
2026-01-21 11:35:00,26.275,26.275,26.275,26.275,3
2026-01-21 11:36:00,26.275,26.28,26.275,26.28,3
2026-01-21 11:37:00,26.25,26.25,26.24,26.24,4
2026-01-21 11:38:00,26.24,26.24,26.24,26.24,0
2026-01-21 11:39:00,26.24,26.24,26.23,26.23,7
2026-01-21 11:40:00,26.225,26.24,26.225,26.24,10
2026-01-21 11:41:00,26.24,26.24,26.24,26.24,8
2026-01-21 11:42:00,26.24,26.26,26.24,26.26,24
2026-01-21 11:43:00,26.26,26.26,26.26,26.26,2
2026-01-21 11:44:00,26.26,26.26,26.26,26.26,0
2026-01-21 11:45:00,26.26,26.26,26.26,26.26,0
2026-01-21 11:46:00,26.26,26.26,26.24,26.24,4
2026-01-21 11:47:00,26.25,26.265,26.25,26.265,4
2026-01-21 11:48:00,26.28,26.3,26.26,26.29,8
2026-01-21 11:49:00,26.31,26.31,26.31,26.31,11
2026-01-21 11:50:00,26.285,26.285,26.27,26.27,2
2026-01-21 11:51:00,26.27,26.27,26.24,26.24,3
2026-01-21 11:52:00,26.255,26.255,26.255,26.255,1
2026-01-21 11:53:00,26.255,26.255,26.225,26.225,6
2026-01-21 11:54:00,26.21,26.21,26.2,26.2,11
2026-01-21 11:55:00,26.2,26.2,26.2,26.2,0
2026-01-21 11:56:00,26.2,26.2,26.2,26.2,0
2026-01-21 11:57:00,26.205,26.205,26.195,26.195,4
2026-01-21 11:58:00,26.21,26.21,26.08,26.08,1650
2026-01-21 11:59:00,26.08,26.08,26.08,26.08,0
2026-01-21 12:00:00,26.115,26.115,26.115,26.115,2
2026-01-21 12:01:00,26.115,26.115,26.08,26.1,42
2026-01-21 12:02:00,26.1,26.1,26.1,26.1,0
2026-01-21 12:03:00,26.1,26.1,26.1,26.1,7
2026-01-21 12:04:00,26.1,26.1,26.1,26.1,0
2026-01-21 12:05:00,26.06,26.06,26.06,26.06,2
2026-01-21 12:06:00,26.0524,26.0524,26.02,26.02,8
2026-01-21 12:07:00,26.0,26.0,25.98,25.98,3
2026-01-21 12:08:00,25.96,25.96,25.95,25.96,10
2026-01-21 12:09:00,25.96,25.96,25.96,25.96,1
2026-01-21 12:10:00,25.96,25.96,25.96,25.96,0
2026-01-21 12:11:00,25.96,25.96,25.96,25.96,0
2026-01-21 12:12:00,25.94,25.965,25.93,25.965,8
2026-01-21 12:13:00,25.965,25.965,25.965,25.965,0
2026-01-21 12:14:00,25.94,25.98,25.94,25.975,21
2026-01-21 12:15:00,25.975,25.98,25.95,25.95,18
2026-01-21 12:16:00,25.95,25.95,25.94,25.94,3
2026-01-21 12:17:00,25.97,25.99,25.97,25.99,5
2026-01-21 12:18:00,25.995,25.995,25.995,25.995,3
2026-01-21 12:19:00,26.0,26.0,25.98,25.98,5
2026-01-21 12:20:00,25.96,25.97,25.96,25.97,5
2026-01-21 12:21:00,25.97,25.97,25.97,25.97,0
2026-01-21 12:22:00,25.95,25.95,25.95,25.95,1
2026-01-21 12:23:00,25.97,26.0,25.97,26.0,7
2026-01-21 12:24:00,25.98,25.98,25.98,25.98,1
2026-01-21 12:25:00,25.9701,25.9701,25.9701,25.9701,1
2026-01-21 12:26:00,25.9701,25.9701,25.9701,25.9701,0
2026-01-21 12:27:00,26.0,26.0,26.0,26.0,3
2026-01-21 12:28:00,26.005,26.005,26.005,26.005,6
2026-01-21 12:29:00,26.005,26.005,26.005,26.005,10
2026-01-21 12:30:00,26.0,26.01,25.99,25.99,4
2026-01-21 12:31:00,25.99,25.99,25.99,25.99,0
2026-01-21 12:32:00,25.99,25.99,25.99,25.99,0
2026-01-21 12:33:00,25.99,25.99,25.99,25.99,0
2026-01-21 12:34:00,26.0,26.005,26.0,26.005,9
2026-01-21 12:35:00,26.005,26.035,26.005,26.02,39
2026-01-21 12:36:00,26.01,26.03,26.01,26.025,15
2026-01-21 12:37:00,26.025,26.025,25.9964,25.9964,9
2026-01-21 12:38:00,25.9964,25.9964,25.9964,25.9964,0
2026-01-21 12:39:00,26.04,26.05,26.04,26.04,13
2026-01-21 12:40:00,26.05,26.085,26.05,26.085,94
2026-01-21 12:41:00,26.09,26.125,26.09,26.125,37
2026-01-21 12:42:00,26.14,26.14,26.105,26.13,10
2026-01-21 12:43:00,26.1,26.1,26.1,26.1,1
2026-01-21 12:44:00,26.1,26.1,26.1,26.1,0
2026-01-21 12:45:00,26.07,26.07,26.07,26.07,2
2026-01-21 12:46:00,26.07,26.07,26.06,26.06,3
2026-01-21 12:47:00,26.07,26.07,26.07,26.07,4
2026-01-21 12:48:00,26.06,26.07,26.055,26.055,8
2026-01-21 12:49:00,26.05,26.05,26.04,26.04,4
2026-01-21 12:50:00,26.04,26.04,26.04,26.04,0
2026-01-21 12:51:00,26.06,26.06,26.06,26.06,1
2026-01-21 12:52:00,26.05,26.05,26.01,26.02,52
2026-01-21 12:53:00,26.02,26.02,26.02,26.02,12
2026-01-21 12:54:00,26.02,26.02,26.02,26.02,0
2026-01-21 12:55:00,26.02,26.02,26.02,26.02,0
2026-01-21 12:56:00,26.035,26.04,26.035,26.04,10
2026-01-21 12:57:00,26.04,26.04,26.04,26.04,10
2026-01-21 12:58:00,26.055,26.055,26.055,26.055,1
2026-01-21 12:59:00,26.055,26.055,26.055,26.055,0
2026-01-21 13:00:00,26.04,26.04,26.035,26.035,5
2026-01-21 13:01:00,26.04,26.18,26.04,26.1,213
2026-01-21 13:02:00,26.12,26.12,26.09,26.105,13
2026-01-21 13:03:00,26.1491,26.1491,26.115,26.115,3
2026-01-21 13:04:00,26.115,26.115,26.115,26.115,0
2026-01-21 13:05:00,26.06,26.06,26.055,26.055,2
2026-01-21 13:06:00,26.055,26.055,26.055,26.055,6
2026-01-21 13:07:00,26.055,26.06,26.055,26.06,3
2026-01-21 13:08:00,26.05,26.05,26.005,26.01,29
2026-01-21 13:09:00,26.0593,26.0593,26.025,26.025,4
2026-01-21 13:10:00,26.03,26.0375,26.025,26.0375,23
2026-01-21 13:11:00,26.01,26.06,26.005,26.06,17
2026-01-21 13:12:00,26.06,26.06,26.06,26.06,1
2026-01-21 13:13:00,26.06,26.09,26.06,26.09,10
2026-01-21 13:14:00,26.06,26.075,26.06,26.075,15
2026-01-21 13:15:00,26.0716,26.0716,26.0716,26.0716,1
2026-01-21 13:16:00,26.04,26.04,26.01,26.01,7
2026-01-21 13:17:00,26.005,26.005,26.005,26.005,12
2026-01-21 13:18:00,26.005,26.005,26.005,26.005,0
2026-01-21 13:19:00,26.005,26.005,26.005,26.005,0
2026-01-21 13:20:00,26.005,26.005,26.005,26.005,0
2026-01-21 13:21:00,26.0,26.0,26.0,26.0,6
2026-01-21 13:22:00,26.0,26.0,26.0,26.0,2
2026-01-21 13:23:00,25.99,26.0,25.98,26.0,46
2026-01-21 13:24:00,25.99,25.99,25.99,25.99,2
2026-01-21 13:25:00,25.99,26.0,25.99,26.0,8
2026-01-21 13:26:00,26.0,26.01,26.0,26.0,9
2026-01-21 13:27:00,26.0,26.04,26.0,26.0075,137
2026-01-21 13:28:00,26.04,26.045,26.04,26.04,40
2026-01-21 13:29:00,26.04,26.05,26.04,26.05,2
2026-01-21 13:30:00,26.05,26.05,26.05,26.05,6
2026-01-21 13:31:00,26.05,26.05,26.05,26.05,2
2026-01-21 13:32:00,26.07,26.07,26.07,26.07,1
2026-01-21 13:33:00,26.07,26.07,26.05,26.05,2
2026-01-21 13:34:00,26.05,26.05,26.05,26.05,0
2026-01-21 13:35:00,26.09,26.09,26.02,26.02,13
2026-01-21 13:36:00,26.025,26.03,26.025,26.03,48
2026-01-21 13:37:00,26.03,26.03,26.03,26.03,2
2026-01-21 13:38:00,26.04,26.04,26.04,26.04,2
2026-01-21 13:39:00,26.05,26.06,26.05,26.05,9
2026-01-21 13:40:00,26.04,26.04,26.02,26.02,6
2026-01-21 13:41:00,26.01,26.01,26.01,26.01,1
2026-01-21 13:42:00,26.01,26.01,26.01,26.01,0
2026-01-21 13:43:00,26.01,26.01,26.01,26.01,0
2026-01-21 13:44:00,26.02,26.02,26.02,26.02,2
2026-01-21 13:45:00,26.02,26.02,26.02,26.02,0
2026-01-21 13:46:00,26.01,26.03,26.01,26.03,4
2026-01-21 13:47:00,26.05,26.05,26.05,26.05,10
2026-01-21 13:48:00,26.05,26.05,26.05,26.05,0
2026-01-21 13:49:00,26.05,26.05,26.05,26.05,2
2026-01-21 13:50:00,26.05,26.05,26.05,26.05,5
2026-01-21 13:51:00,26.05,26.07,26.05,26.0675,28
2026-01-21 13:52:00,26.065,26.08,26.06,26.07,62
2026-01-21 13:53:00,26.06,26.06,26.06,26.06,4
2026-01-21 13:54:00,26.07,26.07,26.045,26.06,29
2026-01-21 13:55:00,26.06,26.09,26.06,26.0732,94
2026-01-21 13:56:00,26.085,26.085,26.085,26.085,2
2026-01-21 13:57:00,26.085,26.09,26.085,26.09,7
2026-01-21 13:58:00,26.09,26.09,26.09,26.09,23
2026-01-21 13:59:00,26.09,26.13,26.09,26.13,28
2026-01-21 14:00:00,26.135,26.135,26.135,26.135,1
2026-01-21 14:01:00,26.135,26.135,26.12,26.12,5
2026-01-21 14:02:00,26.11,26.1225,26.11,26.1225,8
2026-01-21 14:03:00,26.1225,26.1225,26.1225,26.1225,0
2026-01-21 14:04:00,26.1,26.1,26.09,26.09,9
2026-01-21 14:05:00,26.08,26.08,26.07,26.07,7
2026-01-21 14:06:00,26.07,26.07,26.07,26.07,1
2026-01-21 14:07:00,26.075,26.075,26.07,26.07,5
2026-01-21 14:08:00,26.075,26.075,26.075,26.075,3
2026-01-21 14:09:00,26.07,26.07,26.07,26.07,4
2026-01-21 14:10:00,26.07,26.077,26.07,26.077,4
2026-01-21 14:11:00,26.0776,26.0776,26.0776,26.0776,1
2026-01-21 14:12:00,26.07,26.07,26.07,26.07,2
2026-01-21 14:13:00,26.07,26.11,26.07,26.11,61
2026-01-21 14:14:00,26.105,26.105,26.08,26.08,9
2026-01-21 14:15:00,26.08,26.085,26.08,26.08,12
2026-01-21 14:16:00,26.08,26.085,26.08,26.085,7
2026-01-21 14:17:00,26.08,26.08,26.065,26.065,6
2026-01-21 14:18:00,26.065,26.065,26.065,26.065,4
2026-01-21 14:19:00,26.065,26.07,26.065,26.07,11
2026-01-21 14:20:00,26.09,26.09,26.09,26.09,1
2026-01-21 14:21:00,26.09,26.09,26.09,26.09,0
2026-01-21 14:22:00,26.105,26.11,26.105,26.11,39
2026-01-21 14:23:00,26.12,26.12,26.12,26.12,4
2026-01-21 14:24:00,26.12,26.12,26.12,26.12,1
2026-01-21 14:25:00,26.12,26.12,26.12,26.12,5
2026-01-21 14:26:00,26.12,26.12,26.12,26.12,3
2026-01-21 14:27:00,26.12,26.27,26.12,26.25,67
2026-01-21 14:28:00,26.25,26.265,26.23,26.265,26
2026-01-21 14:29:00,26.265,26.38,26.25,26.325,202
2026-01-21 14:30:00,26.32,26.36,26.32,26.36,19
2026-01-21 14:31:00,26.395,26.395,26.395,26.395,1
2026-01-21 14:32:00,26.42,26.425,26.36,26.42,13
2026-01-21 14:33:00,26.39,26.39,26.36,26.375,12
2026-01-21 14:34:00,26.385,26.39,26.385,26.39,3
2026-01-21 14:35:00,26.39,26.39,26.36,26.36,26
2026-01-21 14:36:00,26.36,26.36,26.36,26.36,7
2026-01-21 14:37:00,26.36,26.37,26.36,26.37,2
2026-01-21 14:38:00,26.3667,26.3667,26.355,26.355,11
2026-01-21 14:39:00,26.355,26.355,26.355,26.355,0
2026-01-21 14:40:00,26.34,26.34,26.33,26.33,11
2026-01-21 14:41:00,26.33,26.33,26.33,26.33,0
2026-01-21 14:42:00,26.3101,26.37,26.3101,26.365,88
2026-01-21 14:43:00,26.365,26.365,26.365,26.365,1
2026-01-21 14:44:00,26.37,26.37,26.34,26.34,12
2026-01-21 14:45:00,26.34,26.34,26.305,26.32,19
2026-01-21 14:46:00,26.33,26.34,26.32,26.325,141
2026-01-21 14:47:00,26.32,26.32,26.31,26.31,8
2026-01-21 14:48:00,26.32,26.33,26.32,26.33,22
2026-01-21 14:49:00,26.32,26.32,26.31,26.31,10
2026-01-21 14:50:00,26.31,26.31,26.31,26.31,0
2026-01-21 14:51:00,26.29,26.32,26.29,26.32,29
2026-01-21 14:52:00,26.32,26.32,26.32,26.32,2
2026-01-21 14:53:00,26.32,26.32,26.32,26.32,0
2026-01-21 14:54:00,26.32,26.32,26.32,26.32,0
2026-01-21 14:55:00,26.31,26.31,26.27,26.27,13
2026-01-21 14:56:00,26.28,26.28,26.28,26.28,1
2026-01-21 14:57:00,26.28,26.28,26.28,26.28,0
2026-01-21 14:58:00,26.25,26.25,26.25,26.25,4
2026-01-21 14:59:00,26.27,26.28,26.25,26.25,13
2026-01-21 15:00:00,26.255,26.255,26.24,26.25,27
2026-01-21 15:01:00,26.24,26.24,26.24,26.24,5
2026-01-21 15:02:00,26.24,26.24,26.24,26.24,3
2026-01-21 15:03:00,26.24,26.24,26.24,26.24,0
2026-01-21 15:04:00,26.24,26.25,26.24,26.2462,31
2026-01-21 15:05:00,26.24,26.35,26.24,26.26,87
2026-01-21 15:06:00,26.255,26.28,26.255,26.255,29
2026-01-21 15:07:00,26.31,26.315,26.31,26.315,4
2026-01-21 15:08:00,26.315,26.35,26.315,26.35,5
2026-01-21 15:09:00,26.39,26.39,26.32,26.3425,51
2026-01-21 15:10:00,26.3,26.33,26.265,26.29,26
2026-01-21 15:11:00,26.29,26.29,26.27,26.27,58
2026-01-21 15:12:00,26.24,26.24,26.24,26.24,2
2026-01-21 15:13:00,26.25,26.25,26.25,26.25,1
2026-01-21 15:14:00,26.25,26.25,26.25,26.25,0
2026-01-21 15:15:00,26.25,26.25,26.22,26.22,8
2026-01-21 15:16:00,26.22,26.22,26.22,26.22,0
2026-01-21 15:17:00,26.2146,26.2146,26.2,26.2,27
2026-01-21 15:18:00,26.19,26.1904,26.17,26.17,6
2026-01-21 15:19:00,26.17,26.17,26.095,26.112,26
2026-01-21 15:20:00,26.1144,26.1187,26.105,26.1187,12
2026-01-21 15:21:00,26.1133,26.1133,26.1133,26.1133,2
2026-01-21 15:22:00,26.11,26.14,26.11,26.14,7
2026-01-21 15:23:00,26.1,26.1,26.07,26.07,5
2026-01-21 15:24:00,26.08,26.13,26.08,26.13,11
2026-01-21 15:25:00,26.15,26.15,26.14,26.14,18
2026-01-21 15:26:00,26.1208,26.14,26.1208,26.14,6
2026-01-21 15:27:00,26.16,26.191,26.16,26.191,7
2026-01-21 15:28:00,26.206,26.22,26.206,26.21,9
2026-01-21 15:29:00,26.22,26.22,26.22,26.22,3
2026-01-21 15:30:00,26.2,26.285,26.2,26.27,36
2026-01-21 15:31:00,26.25,26.25,26.24,26.24,5
2026-01-21 15:32:00,26.24,26.26,26.24,26.26,12
2026-01-21 15:33:00,26.26,26.26,26.2301,26.245,20
2026-01-21 15:34:00,26.26,26.31,26.26,26.29,26
2026-01-21 15:35:00,26.3,26.3039,26.3,26.3,17
2026-01-21 15:36:00,26.31,26.33,26.31,26.33,10
2026-01-21 15:37:00,26.345,26.4,26.345,26.4,10
2026-01-21 15:38:00,26.394,26.394,26.365,26.37,27
2026-01-21 15:39:00,26.39,26.41,26.38,26.41,12
2026-01-21 15:40:00,26.41,26.44,26.41,26.44,3
2026-01-21 15:41:00,26.42,26.44,26.41,26.425,30
2026-01-21 15:42:00,26.44,26.47,26.44,26.445,14
2026-01-21 15:43:00,26.4205,26.45,26.4205,26.45,19
2026-01-21 15:44:00,26.46,26.47,26.46,26.47,20
2026-01-21 15:45:00,26.465,26.476,26.465,26.47,11
2026-01-21 15:46:00,26.475,26.51,26.475,26.51,46
2026-01-21 15:47:00,26.52,26.52,26.5,26.52,19
2026-01-21 15:48:00,26.5005,26.57,26.5005,26.55,45
2026-01-21 15:49:00,26.57,26.58,26.555,26.56,38
2026-01-21 15:50:00,26.58,26.58,26.485,26.494,39
2026-01-21 15:51:00,26.5,26.5,26.485,26.49,22
2026-01-21 15:52:00,26.495,26.56,26.495,26.55,39
2026-01-21 15:53:00,26.55,26.58,26.54,26.58,31
2026-01-21 15:54:00,26.57,26.65,26.57,26.65,58
2026-01-21 15:55:00,26.64,26.75,26.63,26.68,194
2026-01-21 15:56:00,26.67,26.67,26.63,26.65,124
2026-01-21 15:57:00,26.65,26.685,26.65,26.66,154
2026-01-21 15:58:00,26.66,26.69,26.65,26.69,253
2026-01-21 15:59:00,26.685,26.7,26.66,26.7,360
2026-01-22 09:30:00,26.69,26.69,26.375,26.375,122
2026-01-22 09:31:00,26.32,26.475,26.32,26.475,2
2026-01-22 09:32:00,26.475,26.475,26.36,26.36,16
2026-01-22 09:33:00,26.36,26.36,26.235,26.235,7
2026-01-22 09:34:00,26.26,26.467,26.18,26.467,13
2026-01-22 09:35:00,26.325,26.345,26.2215,26.345,12
2026-01-22 09:36:00,26.25,26.36,26.25,26.27,9
2026-01-22 09:37:00,26.27,26.27,26.23,26.23,11
2026-01-22 09:38:00,26.23,26.23,26.23,26.23,0
2026-01-22 09:39:00,26.32,26.32,26.32,26.32,1
2026-01-22 09:40:00,26.34,26.34,26.22,26.22,10
2026-01-22 09:41:00,26.33,26.33,26.33,26.33,4
2026-01-22 09:42:00,26.33,26.33,26.33,26.33,0
2026-01-22 09:43:00,26.335,26.4299,26.335,26.335,29
2026-01-22 09:44:00,26.32,26.32,26.31,26.31,6
2026-01-22 09:45:00,26.31,26.31,26.22,26.22,43
2026-01-22 09:46:00,26.23,26.28,26.23,26.28,4
2026-01-22 09:47:00,26.2301,26.37,26.2301,26.35,22
2026-01-22 09:48:00,26.27,26.27,26.27,26.27,1
2026-01-22 09:49:00,26.32,26.32,26.32,26.32,14
2026-01-22 09:50:00,26.27,26.32,26.27,26.313,5
2026-01-22 09:51:00,26.32,26.3924,26.28,26.39,28
2026-01-22 09:52:00,26.395,26.47,26.395,26.455,7
2026-01-22 09:53:00,26.455,26.455,26.455,26.455,0
2026-01-22 09:54:00,26.39,26.39,26.39,26.39,1
2026-01-22 09:55:00,26.39,26.47,26.39,26.47,3
2026-01-22 09:56:00,26.475,26.485,26.475,26.485,12
2026-01-22 09:57:00,26.4746,26.485,26.4746,26.485,3
2026-01-22 09:58:00,26.52,26.56,26.5,26.53,22
2026-01-22 09:59:00,26.565,26.565,26.565,26.565,1
2026-01-22 10:00:00,26.47,26.47,26.47,26.47,4
2026-01-22 10:01:00,26.41,26.41,26.41,26.41,3
2026-01-22 10:02:00,26.53,26.53,26.44,26.44,7
2026-01-22 10:03:00,26.62,26.62,26.49,26.49,3
2026-01-22 10:04:00,26.54,26.56,26.54,26.55,9
2026-01-22 10:05:00,26.555,26.61,26.53,26.595,11
2026-01-22 10:06:00,26.61,26.66,26.61,26.66,33
2026-01-22 10:07:00,26.67,26.73,26.645,26.69,45
2026-01-22 10:08:00,26.68,26.7,26.675,26.69,19
2026-01-22 10:09:00,26.75,26.85,26.74,26.7747,15
2026-01-22 10:10:00,26.81,26.85,26.73,26.73,14
2026-01-22 10:11:00,26.6803,26.6803,26.6803,26.6803,1
2026-01-22 10:12:00,26.74,26.74,26.68,26.69,7
2026-01-22 10:13:00,26.7,26.78,26.7,26.78,4
2026-01-22 10:14:00,26.71,26.71,26.71,26.71,2
2026-01-22 10:15:00,26.8,26.8,26.75,26.79,4
2026-01-22 10:16:00,26.71,26.71,26.69,26.69,4
2026-01-22 10:17:00,26.73,26.73,26.69,26.72,16
2026-01-22 10:18:00,26.73,26.81,26.73,26.8,29
2026-01-22 10:19:00,26.82,26.82,26.735,26.735,50
2026-01-22 10:20:00,26.78,26.79,26.77,26.77,5
2026-01-22 10:21:00,26.7649,26.7649,26.7649,26.7649,2
2026-01-22 10:22:00,26.705,26.725,26.705,26.725,6
2026-01-22 10:23:00,26.725,26.725,26.69,26.725,8
2026-01-22 10:24:00,26.73,26.73,26.69,26.69,4
2026-01-22 10:25:00,26.72,26.72,26.714,26.714,8
2026-01-22 10:26:00,26.7,26.725,26.675,26.725,21
2026-01-22 10:27:00,26.725,26.725,26.725,26.725,0
2026-01-22 10:28:00,26.725,26.74,26.725,26.74,3
2026-01-22 10:29:00,26.74,26.75,26.74,26.75,8
2026-01-22 10:30:00,26.76,26.76,26.76,26.76,5
2026-01-22 10:31:00,26.7301,26.7301,26.7301,26.7301,1
2026-01-22 10:32:00,26.77,26.81,26.77,26.81,34
2026-01-22 10:33:00,26.83,26.835,26.83,26.83,3
2026-01-22 10:34:00,26.84,26.87,26.84,26.87,26
2026-01-22 10:35:00,26.885,26.915,26.885,26.895,15
2026-01-22 10:36:00,26.87,26.9099,26.86,26.9099,7
2026-01-22 10:37:00,26.87,26.89,26.87,26.88,17
2026-01-22 10:38:00,26.85,26.875,26.85,26.875,13
2026-01-22 10:39:00,26.88,26.88,26.86,26.88,10
2026-01-22 10:40:00,26.85,26.87,26.85,26.87,10
2026-01-22 10:41:00,26.85,26.88,26.85,26.87,7
2026-01-22 10:42:00,26.87,26.875,26.84,26.84,40
2026-01-22 10:43:00,26.875,26.91,26.75,26.755,144
2026-01-22 10:44:00,26.79,26.88,26.79,26.845,139
2026-01-22 10:45:00,26.845,26.845,26.845,26.845,3
2026-01-22 10:46:00,26.845,26.845,26.79,26.8393,6
2026-01-22 10:47:00,26.825,26.825,26.75,26.795,34
2026-01-22 10:48:00,26.795,26.88,26.795,26.85,85
2026-01-22 10:49:00,26.8495,26.85,26.8495,26.85,8
2026-01-22 10:50:00,26.82,26.83,26.82,26.83,2
2026-01-22 10:51:00,26.79,26.83,26.79,26.8,5
2026-01-22 10:52:00,26.835,26.835,26.8,26.8,22
2026-01-22 10:53:00,26.81,26.82,26.79,26.8,4
2026-01-22 10:54:00,26.8,26.84,26.8,26.825,54
2026-01-22 10:55:00,26.83,26.84,26.81,26.81,26
2026-01-22 10:56:00,26.82,26.835,26.81,26.81,8
2026-01-22 10:57:00,26.81,26.835,26.81,26.835,3
2026-01-22 10:58:00,26.815,26.89,26.815,26.88,24
2026-01-22 10:59:00,26.9147,26.9147,26.9,26.9,10
2026-01-22 11:00:00,26.9,26.9,26.83,26.83,33
2026-01-22 11:01:00,26.82,26.82,26.81,26.81,5
2026-01-22 11:02:00,26.835,26.835,26.81,26.81,3
2026-01-22 11:03:00,26.81,26.835,26.81,26.835,3
2026-01-22 11:04:00,26.86,26.86,26.835,26.835,8
2026-01-22 11:05:00,26.83,26.835,26.81,26.835,5
2026-01-22 11:06:00,26.84,26.84,26.81,26.835,17
2026-01-22 11:07:00,26.81,26.81,26.78,26.78,6
2026-01-22 11:08:00,26.8,26.8,26.76,26.76,7
2026-01-22 11:09:00,26.76,26.76,26.74,26.74,3
2026-01-22 11:10:00,26.765,26.765,26.765,26.765,1
2026-01-22 11:11:00,26.74,26.7435,26.66,26.66,56
2026-01-22 11:12:00,26.67,26.67,26.64,26.64,14
2026-01-22 11:13:00,26.66,26.67,26.61,26.64,9
2026-01-22 11:14:00,26.65,26.65,26.65,26.65,3
2026-01-22 11:15:00,26.61,26.64,26.61,26.61,4
2026-01-22 11:16:00,26.62,26.64,26.62,26.64,7
2026-01-22 11:17:00,26.64,26.64,26.64,26.64,0
2026-01-22 11:18:00,26.62,26.62,26.62,26.62,3
2026-01-22 11:19:00,26.6101,26.6101,26.61,26.61,7
2026-01-22 11:20:00,26.625,26.625,26.61,26.61,7
2026-01-22 11:21:00,26.63,26.65,26.6001,26.63,36
2026-01-22 11:22:00,26.63,26.63,26.63,26.63,0
2026-01-22 11:23:00,26.63,26.63,26.63,26.63,0
2026-01-22 11:24:00,26.61,26.69,26.61,26.67,370
2026-01-22 11:25:00,26.72,26.8,26.7,26.795,82
2026-01-22 11:26:00,26.8,26.8,26.77,26.8,8
2026-01-22 11:27:00,26.8,26.85,26.8,26.85,23
2026-01-22 11:28:00,26.875,26.89,26.87,26.89,19
2026-01-22 11:29:00,26.88,26.92,26.87,26.92,38
2026-01-22 11:30:00,26.955,27.0827,26.955,27.05,140
2026-01-22 11:31:00,27.05,27.055,27.0374,27.055,33
2026-01-22 11:32:00,27.07,27.0797,26.985,26.985,316
2026-01-22 11:33:00,26.985,27.05,26.85,26.85,36
2026-01-22 11:34:00,26.78,26.85,26.78,26.83,21
2026-01-22 11:35:00,26.86,26.86,26.82,26.86,27
2026-01-22 11:36:00,26.86,26.86,26.825,26.825,4
2026-01-22 11:37:00,26.82,26.885,26.8012,26.86,17
2026-01-22 11:38:00,26.87,26.895,26.87,26.895,4
2026-01-22 11:39:00,26.895,26.9,26.86,26.86,31
2026-01-22 11:40:00,26.85,26.85,26.82,26.85,13
2026-01-22 11:41:00,26.85,26.85,26.85,26.85,1
2026-01-22 11:42:00,26.85,26.85,26.84,26.84,14
2026-01-22 11:43:00,26.8,26.825,26.8,26.82,4
2026-01-22 11:44:00,26.78,26.78,26.78,26.78,3
2026-01-22 11:45:00,26.7575,26.7575,26.71,26.71,4
2026-01-22 11:46:00,26.76,26.83,26.72,26.75,29
2026-01-22 11:47:00,26.815,26.815,26.735,26.735,9
2026-01-22 11:48:00,26.735,26.76,26.735,26.76,21
2026-01-22 11:49:00,26.74,26.74,26.72,26.74,8
2026-01-22 11:50:00,26.74,26.74,26.74,26.74,1
2026-01-22 11:51:00,26.72,26.72,26.68,26.71,23
2026-01-22 11:52:00,26.71,26.74,26.71,26.72,12
2026-01-22 11:53:00,26.71,26.71,26.71,26.71,1
2026-01-22 11:54:00,26.69,26.72,26.69,26.72,5
2026-01-22 11:55:00,26.69,26.69,26.69,26.69,1
2026-01-22 11:56:00,26.69,26.69,26.625,26.675,30
2026-01-22 11:57:00,26.67,26.675,26.63,26.675,6
2026-01-22 11:58:00,26.64,26.64,26.64,26.64,5
2026-01-22 11:59:00,26.6704,26.675,26.64,26.64,28
2026-01-22 12:00:00,26.675,26.675,26.67,26.67,3
2026-01-22 12:01:00,26.67,26.67,26.65,26.67,22
2026-01-22 12:02:00,26.67,26.685,26.645,26.66,15
2026-01-22 12:03:00,26.64,26.65,26.62,26.63,16
2026-01-22 12:04:00,26.615,26.67,26.615,26.62,24
2026-01-22 12:05:00,26.65,26.655,26.6,26.655,20
2026-01-22 12:06:00,26.655,26.655,26.62,26.62,6
2026-01-22 12:07:00,26.65,26.65,26.6,26.6,17
2026-01-22 12:08:00,26.605,26.66,26.605,26.635,29
2026-01-22 12:09:00,26.635,26.635,26.55,26.605,23
2026-01-22 12:10:00,26.6,26.62,26.59,26.61,19
2026-01-22 12:11:00,26.61,26.63,26.61,26.62,30
2026-01-22 12:12:00,26.62,26.725,26.62,26.725,22
2026-01-22 12:13:00,26.725,26.73,26.7,26.7,11
2026-01-22 12:14:00,26.685,26.685,26.685,26.685,2
2026-01-22 12:15:00,26.685,26.685,26.685,26.685,2
2026-01-22 12:16:00,26.685,26.685,26.685,26.685,1
2026-01-22 12:17:00,26.67,26.685,26.67,26.68,6
2026-01-22 12:18:00,26.66,26.725,26.62,26.69,116
2026-01-22 12:19:00,26.69,26.695,26.69,26.695,16
2026-01-22 12:20:00,26.7,26.7,26.695,26.7,5
2026-01-22 12:21:00,26.7,26.7,26.7,26.7,1
2026-01-22 12:22:00,26.655,26.655,26.63,26.63,2
2026-01-22 12:23:00,26.64,26.66,26.64,26.66,5
2026-01-22 12:24:00,26.68,26.68,26.65,26.65,9
2026-01-22 12:25:00,26.67,26.67,26.595,26.595,23
2026-01-22 12:26:00,26.61,26.645,26.61,26.62,17
2026-01-22 12:27:00,26.605,26.605,26.5175,26.5175,30
2026-01-22 12:28:00,26.56,26.56,26.55,26.56,18
2026-01-22 12:29:00,26.55,26.55,26.5176,26.55,17
2026-01-22 12:30:00,26.55,26.59,26.55,26.57,16
2026-01-22 12:31:00,26.59,26.59,26.55,26.55,7
2026-01-22 12:32:00,26.59,26.59,26.565,26.57,11
2026-01-22 12:33:00,26.535,26.58,26.535,26.58,5
2026-01-22 12:34:00,26.58,26.58,26.58,26.58,1
2026-01-22 12:35:00,26.59,26.62,26.59,26.62,4
2026-01-22 12:36:00,26.62,26.62,26.62,26.62,0
2026-01-22 12:37:00,26.62,26.65,26.62,26.65,12
2026-01-22 12:38:00,26.64,26.64,26.63,26.63,2
2026-01-22 12:39:00,26.655,26.655,26.655,26.655,1
2026-01-22 12:40:00,26.66,26.66,26.65,26.65,7
2026-01-22 12:41:00,26.65,26.65,26.65,26.65,0
2026-01-22 12:42:00,26.65,26.65,26.65,26.65,0
2026-01-22 12:43:00,26.61,26.61,26.555,26.56,7
2026-01-22 12:44:00,26.6,26.615,26.6,26.615,7
2026-01-22 12:45:00,26.615,26.615,26.615,26.615,0
2026-01-22 12:46:00,26.61,26.615,26.61,26.615,3
2026-01-22 12:47:00,26.62,26.62,26.6,26.61,5
2026-01-22 12:48:00,26.61,26.61,26.61,26.61,2
2026-01-22 12:49:00,26.61,26.61,26.61,26.61,9
2026-01-22 12:50:00,26.61,26.63,26.55,26.55,48
2026-01-22 12:51:00,26.56,26.56,26.56,26.56,1
2026-01-22 12:52:00,26.58,26.58,26.58,26.58,1
2026-01-22 12:53:00,26.57,26.57,26.555,26.555,3
2026-01-22 12:54:00,26.58,26.58,26.55,26.55,2
2026-01-22 12:55:00,26.55,26.55,26.55,26.55,0
2026-01-22 12:56:00,26.54,26.57,26.54,26.57,5
2026-01-22 12:57:00,26.575,26.58,26.575,26.58,2
2026-01-22 12:58:00,26.57,26.57,26.555,26.555,8
2026-01-22 12:59:00,26.55,26.57,26.55,26.57,4
2026-01-22 13:00:00,26.56,26.56,26.56,26.56,1
2026-01-22 13:01:00,26.55,26.55,26.55,26.55,1
2026-01-22 13:02:00,26.55,26.565,26.55,26.565,9
2026-01-22 13:03:00,26.54,26.54,26.54,26.54,2
2026-01-22 13:04:00,26.55,26.57,26.52,26.52,10
2026-01-22 13:05:00,26.51,26.51,26.51,26.51,4
2026-01-22 13:06:00,26.51,26.51,26.435,26.435,15
2026-01-22 13:07:00,26.44,26.44,26.41,26.41,3
2026-01-22 13:08:00,26.47,26.47,26.42,26.42,6
2026-01-22 13:09:00,26.42,26.43,26.42,26.43,3
2026-01-22 13:10:00,26.4401,26.47,26.4,26.415,15
2026-01-22 13:11:00,26.4,26.4,26.4,26.4,2
2026-01-22 13:12:00,26.4,26.41,26.39,26.39,14
2026-01-22 13:13:00,26.39,26.39,26.375,26.385,14
2026-01-22 13:14:00,26.38,26.38,26.38,26.38,2
2026-01-22 13:15:00,26.38,26.38,26.38,26.38,10
2026-01-22 13:16:00,26.41,26.42,26.41,26.42,6
2026-01-22 13:17:00,26.415,26.43,26.415,26.425,9
2026-01-22 13:18:00,26.43,26.43,26.42,26.42,19
2026-01-22 13:19:00,26.42,26.44,26.42,26.44,15
2026-01-22 13:20:00,26.44,26.44,26.44,26.44,0
2026-01-22 13:21:00,26.44,26.44,26.44,26.44,0
2026-01-22 13:22:00,26.44,26.44,26.4,26.4,10
2026-01-22 13:23:00,26.4,26.4,26.38,26.38,3
2026-01-22 13:24:00,26.4,26.4,26.4,26.4,3
2026-01-22 13:25:00,26.4,26.4,26.38,26.38,3
2026-01-22 13:26:00,26.38,26.38,26.37,26.37,3
2026-01-22 13:27:00,26.38,26.38,26.38,26.38,2
2026-01-22 13:28:00,26.38,26.395,26.37,26.37,6
2026-01-22 13:29:00,26.37,26.37,26.34,26.34,9
2026-01-22 13:30:00,26.37,26.37,26.35,26.35,4
2026-01-22 13:31:00,26.37,26.375,26.35,26.35,7
2026-01-22 13:32:00,26.33,26.345,26.31,26.31,15
2026-01-22 13:33:00,26.3,26.31,26.28,26.28,12
2026-01-22 13:34:00,26.27,26.285,26.27,26.285,6
2026-01-22 13:35:00,26.27,26.31,26.26,26.285,30
2026-01-22 13:36:00,26.26,26.35,26.26,26.35,39
2026-01-22 13:37:00,26.34,26.34,26.31,26.31,13
2026-01-22 13:38:00,26.32,26.355,26.32,26.355,35
2026-01-22 13:39:00,26.35,26.35,26.32,26.32,4
2026-01-22 13:40:00,26.345,26.345,26.32,26.32,13
2026-01-22 13:41:00,26.32,26.32,26.29,26.29,5
2026-01-22 13:42:00,26.29,26.35,26.29,26.35,58
2026-01-22 13:43:00,26.36,26.36,26.33,26.33,13
2026-01-22 13:44:00,26.33,26.33,26.33,26.33,3
2026-01-22 13:45:00,26.33,26.33,26.33,26.33,2
2026-01-22 13:46:00,26.345,26.345,26.31,26.32,11
2026-01-22 13:47:00,26.315,26.345,26.3,26.345,15
2026-01-22 13:48:00,26.345,26.355,26.345,26.355,7
2026-01-22 13:49:00,26.3608,26.37,26.36,26.37,5
2026-01-22 13:50:00,26.36,26.365,26.35,26.35,13
2026-01-22 13:51:00,26.34,26.35,26.34,26.35,3
2026-01-22 13:52:00,26.35,26.36,26.35,26.36,3
2026-01-22 13:53:00,26.36,26.36,26.35,26.35,4
2026-01-22 13:54:00,26.36,26.39,26.35,26.38,21
2026-01-22 13:55:00,26.38,26.38,26.38,26.38,0
2026-01-22 13:56:00,26.37,26.38,26.37,26.37,11
2026-01-22 13:57:00,26.37,26.37,26.36,26.36,6
2026-01-22 13:58:00,26.36,26.375,26.36,26.375,5
2026-01-22 13:59:00,26.36,26.36,26.36,26.36,11
2026-01-22 14:00:00,26.38,26.41,26.38,26.395,43
2026-01-22 14:01:00,26.4,26.46,26.4,26.43,26
2026-01-22 14:02:00,26.43,26.43,26.43,26.43,0
2026-01-22 14:03:00,26.39,26.39,26.36,26.36,3
2026-01-22 14:04:00,26.385,26.41,26.37,26.38,13
2026-01-22 14:05:00,26.39,26.39,26.38,26.38,6
2026-01-22 14:06:00,26.39,26.43,26.39,26.43,17
2026-01-22 14:07:00,26.4201,26.4201,26.42,26.42,8
2026-01-22 14:08:00,26.43,26.43,26.41,26.41,5
2026-01-22 14:09:00,26.41,26.41,26.4,26.4,3
2026-01-22 14:10:00,26.4,26.4,26.4,26.4,1
2026-01-22 14:11:00,26.39,26.42,26.39,26.39,12
2026-01-22 14:12:00,26.41,26.44,26.4,26.42,16
2026-01-22 14:13:00,26.42,26.46,26.42,26.46,23
2026-01-22 14:14:00,26.445,26.46,26.44,26.46,4
2026-01-22 14:15:00,26.43,26.46,26.43,26.46,3
2026-01-22 14:16:00,26.44,26.455,26.44,26.455,3
2026-01-22 14:17:00,26.44,26.46,26.44,26.46,5
2026-01-22 14:18:00,26.44,26.46,26.44,26.44,3
2026-01-22 14:19:00,26.46,26.47,26.44,26.465,18
2026-01-22 14:20:00,26.465,26.465,26.45,26.45,5
2026-01-22 14:21:00,26.43,26.43,26.43,26.43,1
2026-01-22 14:22:00,26.43,26.43,26.43,26.43,4
2026-01-22 14:23:00,26.42,26.42,26.39,26.39,6
2026-01-22 14:24:00,26.41,26.45,26.41,26.42,6
2026-01-22 14:25:00,26.42,26.43,26.42,26.43,2
2026-01-22 14:26:00,26.41,26.41,26.41,26.41,3
2026-01-22 14:27:00,26.42,26.4722,26.41,26.41,14
2026-01-22 14:28:00,26.43,26.43,26.41,26.41,3
2026-01-22 14:29:00,26.41,26.45,26.41,26.42,27
2026-01-22 14:30:00,26.42,26.44,26.41,26.41,22
2026-01-22 14:31:00,26.4,26.4,26.4,26.4,1
2026-01-22 14:32:00,26.41,26.41,26.38,26.38,8
2026-01-22 14:33:00,26.42,26.42,26.39,26.39,3
2026-01-22 14:34:00,26.38,26.38,26.37,26.37,2
2026-01-22 14:35:00,26.37,26.38,26.37,26.3701,17
2026-01-22 14:36:00,26.37,26.38,26.34,26.38,8
2026-01-22 14:37:00,26.38,26.385,26.36,26.38,24
2026-01-22 14:38:00,26.38,26.38,26.38,26.38,4
2026-01-22 14:39:00,26.37,26.38,26.37,26.38,4
2026-01-22 14:40:00,26.37,26.38,26.37,26.37,13
2026-01-22 14:41:00,26.37,26.37,26.37,26.37,3
2026-01-22 14:42:00,26.38,26.38,26.335,26.34,17
2026-01-22 14:43:00,26.36,26.36,26.36,26.36,14
2026-01-22 14:44:00,26.35,26.35,26.35,26.35,1
2026-01-22 14:45:00,26.35,26.35,26.35,26.35,3
2026-01-22 14:46:00,26.32,26.34,26.32,26.34,11
2026-01-22 14:47:00,26.36,26.36,26.36,26.36,2
2026-01-22 14:48:00,26.36,26.37,26.36,26.36,23
2026-01-22 14:49:00,26.37,26.37,26.37,26.37,1
2026-01-22 14:50:00,26.36,26.37,26.36,26.36,11
2026-01-22 14:51:00,26.36,26.38,26.36,26.365,16
2026-01-22 14:52:00,26.35,26.385,26.35,26.35,5
2026-01-22 14:53:00,26.35,26.39,26.35,26.39,17
2026-01-22 14:54:00,26.4,26.45,26.4,26.415,49
2026-01-22 14:55:00,26.4,26.4,26.4,26.4,4
2026-01-22 14:56:00,26.4,26.4,26.4,26.4,0
2026-01-22 14:57:00,26.38,26.4,26.38,26.4,8
2026-01-22 14:58:00,26.42,26.43,26.42,26.43,9
2026-01-22 14:59:00,26.43,26.43,26.41,26.41,32
2026-01-22 15:00:00,26.38,26.405,26.38,26.405,4
2026-01-22 15:01:00,26.405,26.405,26.38,26.38,8
2026-01-22 15:02:00,26.38,26.4,26.38,26.38,4
2026-01-22 15:03:00,26.395,26.41,26.38,26.39,8
2026-01-22 15:04:00,26.41,26.42,26.4,26.4,13
2026-01-22 15:05:00,26.4,26.45,26.4,26.45,27
2026-01-22 15:06:00,26.45,26.45,26.42,26.42,3
2026-01-22 15:07:00,26.42,26.42,26.41,26.41,8
2026-01-22 15:08:00,26.425,26.425,26.4,26.41,1006
2026-01-22 15:09:00,26.4,26.42,26.35,26.35,18
2026-01-22 15:10:00,26.335,26.38,26.22,26.31,37
2026-01-22 15:11:00,26.29,26.34,26.29,26.34,10
2026-01-22 15:12:00,26.335,26.335,26.29,26.29,16
2026-01-22 15:13:00,26.32,26.415,26.32,26.395,30
2026-01-22 15:14:00,26.42,26.425,26.42,26.425,3
2026-01-22 15:15:00,26.41,26.41,26.38,26.38,42
2026-01-22 15:16:00,26.35,26.35,26.33,26.33,10
2026-01-22 15:17:00,26.3,26.335,26.26,26.26,10
2026-01-22 15:18:00,26.26,26.47,26.26,26.47,420
2026-01-22 15:19:00,26.47,26.505,26.45,26.505,19
2026-01-22 15:20:00,26.505,26.505,26.505,26.505,3
2026-01-22 15:21:00,26.53,26.55,26.47,26.47,34
2026-01-22 15:22:00,26.44,26.476,26.43,26.43,14
2026-01-22 15:23:00,26.43,26.43,26.38,26.38,24
2026-01-22 15:24:00,26.37,26.41,26.36,26.375,15
2026-01-22 15:25:00,26.39,26.39,26.37,26.39,7
2026-01-22 15:26:00,26.4,26.4,26.31,26.32,870
2026-01-22 15:27:00,26.32,26.34,26.28,26.3,16
2026-01-22 15:28:00,26.33,26.3399,26.3,26.315,16
2026-01-22 15:29:00,26.32,26.32,26.3,26.3,4
2026-01-22 15:30:00,26.32,26.34,26.3,26.32,10
2026-01-22 15:31:00,26.3,26.385,26.29,26.375,49
2026-01-22 15:32:00,26.375,26.375,26.35,26.35,9
2026-01-22 15:33:00,26.33,26.355,26.33,26.33,7
2026-01-22 15:34:00,26.33,26.355,26.33,26.33,11
2026-01-22 15:35:00,26.355,26.36,26.33,26.355,14
2026-01-22 15:36:00,26.38,26.44,26.375,26.4,81
2026-01-22 15:37:00,26.425,26.425,26.39,26.39,29
2026-01-22 15:38:00,26.37,26.42,26.37,26.41,14
2026-01-22 15:39:00,26.4,26.42,26.38,26.4,25
2026-01-22 15:40:00,26.395,26.43,26.395,26.42,35
2026-01-22 15:41:00,26.43,26.46,26.42,26.46,32
2026-01-22 15:42:00,26.46,26.53,26.46,26.53,110
2026-01-22 15:43:00,26.52,26.555,26.52,26.52,27
2026-01-22 15:44:00,26.51,26.52,26.51,26.52,23
2026-01-22 15:45:00,26.52,26.55,26.52,26.535,21
2026-01-22 15:46:00,26.52,26.55,26.52,26.52,28
2026-01-22 15:47:00,26.535,26.64,26.535,26.625,79
2026-01-22 15:48:00,26.6,26.65,26.6,26.625,23
2026-01-22 15:49:00,26.65,26.65,26.58,26.58,48
2026-01-22 15:50:00,26.58,26.63,26.58,26.63,59
2026-01-22 15:51:00,26.61,26.63,26.61,26.61,52
2026-01-22 15:52:00,26.63,26.65,26.6,26.63,55
2026-01-22 15:53:00,26.65,26.66,26.62,26.64,80
2026-01-22 15:54:00,26.62,26.66,26.6,26.63,71
2026-01-22 15:55:00,26.6,26.65,26.6,26.62,64
2026-01-22 15:56:00,26.62,26.7,26.62,26.7,94
2026-01-22 15:57:00,26.7,26.85,26.66,26.68,404
2026-01-22 15:58:00,26.65,26.71,26.62,26.63,597
2026-01-22 15:59:00,26.64,26.66,26.56,26.65,856
2026-01-23 09:30:00,26.41,26.59,26.41,26.59,101
2026-01-23 09:31:00,26.59,26.59,26.09,26.33,44
2026-01-23 09:32:00,26.345,26.445,26.1,26.14,13
2026-01-23 09:33:00,26.23,26.23,26.22,26.22,3
2026-01-23 09:34:00,26.24,26.49,26.24,26.49,5
2026-01-23 09:35:00,26.2101,26.2101,26.2101,26.2101,6
2026-01-23 09:36:00,26.26,26.26,26.21,26.21,10
2026-01-23 09:37:00,26.39,26.39,26.39,26.39,1
2026-01-23 09:38:00,26.49,26.49,26.49,26.49,1
2026-01-23 09:39:00,26.44,26.5,26.41,26.46,24
2026-01-23 09:40:00,26.42,26.495,26.41,26.495,5
2026-01-23 09:41:00,26.495,26.56,26.495,26.56,4
2026-01-23 09:42:00,26.495,26.61,26.4748,26.61,22
2026-01-23 09:43:00,26.61,26.61,26.61,26.61,0
2026-01-23 09:44:00,26.6,26.69,26.6,26.6498,7
2026-01-23 09:45:00,26.655,26.655,26.655,26.655,1
2026-01-23 09:46:00,26.68,26.68,26.61,26.62,17
2026-01-23 09:47:00,26.695,26.735,26.695,26.73,7
2026-01-23 09:48:00,26.71,26.71,26.625,26.675,16
2026-01-23 09:49:00,26.675,26.675,26.675,26.675,1
2026-01-23 09:50:00,26.675,26.675,26.675,26.675,0
2026-01-23 09:51:00,26.545,26.67,26.53,26.65,23
2026-01-23 09:52:00,26.65,26.65,26.65,26.65,0
2026-01-23 09:53:00,26.66,26.66,26.66,26.66,1
2026-01-23 09:54:00,26.66,26.67,26.6,26.67,19
2026-01-23 09:55:00,26.67,26.765,26.67,26.765,7
2026-01-23 09:56:00,26.77,26.77,26.77,26.77,1
2026-01-23 09:57:00,26.78,26.78,26.78,26.78,2
2026-01-23 09:58:00,26.795,26.87,26.72,26.87,23
2026-01-23 09:59:00,26.855,26.89,26.79,26.89,6
2026-01-23 10:00:00,26.81,26.88,26.81,26.81,4
2026-01-23 10:01:00,26.805,26.805,26.53,26.595,114
2026-01-23 10:02:00,26.595,26.655,26.57,26.57,101
2026-01-23 10:03:00,26.61,26.65,26.6,26.6,11
2026-01-23 10:04:00,26.595,26.635,26.595,26.635,48
2026-01-23 10:05:00,26.6,26.65,26.6,26.6,22
2026-01-23 10:06:00,26.6,26.6,26.57,26.57,2
2026-01-23 10:07:00,26.545,26.57,26.545,26.545,16
2026-01-23 10:08:00,26.51,26.58,26.51,26.555,48
2026-01-23 10:09:00,26.54,26.54,26.51,26.51,8
2026-01-23 10:10:00,26.51,26.51,26.47,26.5,9
2026-01-23 10:11:00,26.5,26.5,26.48,26.48,14
2026-01-23 10:12:00,26.46,26.49,26.46,26.49,2
2026-01-23 10:13:00,26.46,26.5,26.46,26.46,7
2026-01-23 10:14:00,26.5,26.54,26.5,26.52,39
2026-01-23 10:15:00,26.54,26.56,26.51,26.56,31
2026-01-23 10:16:00,26.56,26.56,26.56,26.56,1
2026-01-23 10:17:00,26.545,26.56,26.53,26.56,4
2026-01-23 10:18:00,26.5424,26.5424,26.5424,26.5424,5
2026-01-23 10:19:00,26.51,26.51,26.5,26.5,8
2026-01-23 10:20:00,26.5,26.58,26.5,26.58,78
2026-01-23 10:21:00,26.57,26.57,26.53,26.55,15
2026-01-23 10:22:00,26.545,26.585,26.54,26.585,23
2026-01-23 10:23:00,26.59,26.62,26.57,26.57,14
2026-01-23 10:24:00,26.59,26.62,26.59,26.62,2
2026-01-23 10:25:00,26.54,26.54,26.49,26.49,7
2026-01-23 10:26:00,26.4108,26.52,26.4108,26.52,7
2026-01-23 10:27:00,26.52,26.52,26.52,26.52,0
2026-01-23 10:28:00,26.56,26.56,26.475,26.5,36
2026-01-23 10:29:00,26.54,26.54,26.54,26.54,1
2026-01-23 10:30:00,26.53,26.53,26.51,26.51,23
2026-01-23 10:31:00,26.48,26.54,26.48,26.5,12
2026-01-23 10:32:00,26.49,26.49,26.46,26.46,6
2026-01-23 10:33:00,26.48,26.52,26.44,26.52,16
2026-01-23 10:34:00,26.52,26.53,26.5,26.51,30
2026-01-23 10:35:00,26.513,26.513,26.46,26.47,9
2026-01-23 10:36:00,26.475,26.49,26.475,26.49,5
2026-01-23 10:37:00,26.47,26.475,26.47,26.475,4
2026-01-23 10:38:00,26.5,26.5,26.5,26.5,1
2026-01-23 10:39:00,26.475,26.49,26.475,26.49,13
2026-01-23 10:40:00,26.475,26.5,26.475,26.5,5
2026-01-23 10:41:00,26.5,26.51,26.5,26.51,15
2026-01-23 10:42:00,26.491,26.491,26.48,26.48,9
2026-01-23 10:43:00,26.5,26.51,26.5,26.51,3
2026-01-23 10:44:00,26.485,26.5066,26.485,26.5066,2
2026-01-23 10:45:00,26.5,26.5,26.49,26.5,11
2026-01-23 10:46:00,26.5,26.51,26.5,26.505,18
2026-01-23 10:47:00,26.5,26.51,26.5,26.5,7
2026-01-23 10:48:00,26.5,26.5,26.49,26.49,8
2026-01-23 10:49:00,26.5,26.51,26.5,26.5,19
2026-01-23 10:50:00,26.5,26.5,26.48,26.5,34
2026-01-23 10:51:00,26.5,26.505,26.5,26.505,12
2026-01-23 10:52:00,26.505,26.52,26.5,26.5,8
2026-01-23 10:53:00,26.495,26.495,26.495,26.495,6
2026-01-23 10:54:00,26.5,26.53,26.5,26.53,25
2026-01-23 10:55:00,26.54,26.57,26.54,26.55,22
2026-01-23 10:56:00,26.5469,26.55,26.48,26.51,146
2026-01-23 10:57:00,26.52,26.52,26.5,26.5,2
2026-01-23 10:58:00,26.515,26.585,26.5,26.52,36
2026-01-23 10:59:00,26.58,26.6,26.58,26.595,4
2026-01-23 11:00:00,26.595,26.64,26.595,26.63,11
2026-01-23 11:01:00,26.64,26.64,26.64,26.64,1
2026-01-23 11:02:00,26.71,26.72,26.71,26.72,2
2026-01-23 11:03:00,26.74,26.75,26.69,26.74,63
2026-01-23 11:04:00,26.71,26.75,26.7,26.7,9
2026-01-23 11:05:00,26.7,26.7,26.7,26.7,1
2026-01-23 11:06:00,26.6982,26.71,26.6982,26.71,2
2026-01-23 11:07:00,26.69,26.69,26.66,26.68,6
2026-01-23 11:08:00,26.68,26.68,26.68,26.68,0
2026-01-23 11:09:00,26.7,26.7,26.7,26.7,1
2026-01-23 11:10:00,26.7,26.7,26.7,26.7,0
2026-01-23 11:11:00,26.7,26.7,26.695,26.695,26
2026-01-23 11:12:00,26.695,26.695,26.695,26.695,0
2026-01-23 11:13:00,26.695,26.695,26.695,26.695,0
2026-01-23 11:14:00,26.71,26.71,26.7,26.7,5
2026-01-23 11:15:00,26.7155,26.7155,26.68,26.68,3
2026-01-23 11:16:00,26.7,26.7,26.7,26.7,1
2026-01-23 11:17:00,26.7,26.7,26.7,26.7,0
2026-01-23 11:18:00,26.66,26.68,26.65,26.68,10
2026-01-23 11:19:00,26.6799,26.6799,26.6799,26.6799,3
2026-01-23 11:20:00,26.65,26.65,26.65,26.65,1
2026-01-23 11:21:00,26.68,26.703,26.68,26.7,15
2026-01-23 11:22:00,26.7,26.7,26.67,26.68,6
2026-01-23 11:23:00,26.69,26.72,26.68,26.68,22
2026-01-23 11:24:00,26.7,26.7,26.68,26.7,4
2026-01-23 11:25:00,26.72,26.79,26.72,26.76,15
2026-01-23 11:26:00,26.76,26.76,26.76,26.76,0
2026-01-23 11:27:00,26.7095,26.73,26.7095,26.73,2
2026-01-23 11:28:00,26.73,26.73,26.73,26.73,1
2026-01-23 11:29:00,26.7,26.7,26.7,26.7,1
2026-01-23 11:30:00,26.72,26.72,26.72,26.72,1
2026-01-23 11:31:00,26.72,26.72,26.72,26.72,0
2026-01-23 11:32:00,26.69,26.7,26.68,26.7,18
2026-01-23 11:33:00,26.6984,26.7,26.69,26.7,11
2026-01-23 11:34:00,26.685,26.685,26.685,26.685,3
2026-01-23 11:35:00,26.71,26.73,26.7,26.73,17
2026-01-23 11:36:00,26.735,26.735,26.66,26.675,35
2026-01-23 11:37:00,26.6888,26.69,26.6888,26.69,6
2026-01-23 11:38:00,26.77,26.775,26.755,26.755,3
2026-01-23 11:39:00,26.79,26.8,26.79,26.8,10
2026-01-23 11:40:00,26.8,26.8,26.8,26.8,6
2026-01-23 11:41:00,26.8,26.8,26.8,26.8,0
2026-01-23 11:42:00,26.79,26.81,26.79,26.81,4
2026-01-23 11:43:00,26.78,26.81,26.77,26.81,4
2026-01-23 11:44:00,26.81,26.9,26.81,26.9,9
2026-01-23 11:45:00,26.85,26.85,26.84,26.84,6
2026-01-23 11:46:00,26.84,26.84,26.84,26.84,2
2026-01-23 11:47:00,26.83,26.83,26.72,26.73,15
2026-01-23 11:48:00,26.705,26.705,26.64,26.64,38
2026-01-23 11:49:00,26.63,26.64,26.63,26.64,5
2026-01-23 11:50:00,26.68,26.68,26.64,26.64,2
2026-01-23 11:51:00,26.62,26.68,26.62,26.68,8
2026-01-23 11:52:00,26.645,26.645,26.645,26.645,2
2026-01-23 11:53:00,26.62,26.645,26.61,26.61,6
2026-01-23 11:54:00,26.61,26.61,26.6,26.6,2
2026-01-23 11:55:00,26.585,26.63,26.585,26.63,22
2026-01-23 11:56:00,26.629,26.65,26.625,26.625,3
2026-01-23 11:57:00,26.62,26.63,26.62,26.63,8
2026-01-23 11:58:00,26.63,26.64,26.61,26.61,13
2026-01-23 11:59:00,26.63,26.64,26.62,26.64,39
2026-01-23 12:00:00,26.64,26.64,26.58,26.62,51
2026-01-23 12:01:00,26.63,26.63,26.58,26.59,28
2026-01-23 12:02:00,26.5401,26.6,26.5401,26.6,9
2026-01-23 12:03:00,26.61,26.61,26.61,26.61,1
2026-01-23 12:04:00,26.61,26.63,26.6,26.63,31
2026-01-23 12:05:00,26.605,26.605,26.6,26.6,3
2026-01-23 12:06:00,26.62,26.62,26.6,26.6,2
2026-01-23 12:07:00,26.6,26.62,26.6,26.605,11
2026-01-23 12:08:00,26.63,26.63,26.63,26.63,1
2026-01-23 12:09:00,26.58,26.59,26.525,26.525,63
2026-01-23 12:10:00,26.51,26.55,26.51,26.525,10
2026-01-23 12:11:00,26.525,26.56,26.525,26.55,10
2026-01-23 12:12:00,26.59,26.59,26.55,26.55,88
2026-01-23 12:13:00,26.57,26.57,26.5,26.52,17
2026-01-23 12:14:00,26.485,26.485,26.485,26.485,4
2026-01-23 12:15:00,26.485,26.535,26.485,26.535,15
2026-01-23 12:16:00,26.54,26.54,26.49,26.5,28
2026-01-23 12:17:00,26.485,26.52,26.485,26.52,2
2026-01-23 12:18:00,26.49,26.49,26.49,26.49,4
2026-01-23 12:19:00,26.495,26.51,26.49,26.4925,5
2026-01-23 12:20:00,26.495,26.52,26.48,26.5,13
2026-01-23 12:21:00,26.49,26.495,26.48,26.48,47
2026-01-23 12:22:00,26.48,26.5,26.48,26.48,7
2026-01-23 12:23:00,26.48,26.48,26.48,26.48,18
2026-01-23 12:24:00,26.48,26.5,26.48,26.48,15
2026-01-23 12:25:00,26.48,26.48,26.45,26.46,92
2026-01-23 12:26:00,26.47,26.49,26.47,26.49,10
2026-01-23 12:27:00,26.51,26.51,26.49,26.49,2
2026-01-23 12:28:00,26.49,26.49,26.49,26.49,1
2026-01-23 12:29:00,26.51,26.51,26.51,26.51,7
2026-01-23 12:30:00,26.52,26.525,26.5,26.515,21
2026-01-23 12:31:00,26.515,26.515,26.515,26.515,0
2026-01-23 12:32:00,26.4968,26.52,26.48,26.495,103
2026-01-23 12:33:00,26.495,26.5,26.425,26.425,167
2026-01-23 12:34:00,26.425,26.44,26.425,26.425,4
2026-01-23 12:35:00,26.42,26.42,26.42,26.42,1
2026-01-23 12:36:00,26.44,26.45,26.43,26.45,3
2026-01-23 12:37:00,26.43,26.43,26.43,26.43,4
2026-01-23 12:38:00,26.43,26.435,26.405,26.435,44
2026-01-23 12:39:00,26.44,26.44,26.425,26.425,9
2026-01-23 12:40:00,26.42,26.425,26.41,26.42,17
2026-01-23 12:41:00,26.42,26.44,26.42,26.435,37
2026-01-23 12:42:00,26.42,26.435,26.415,26.43,54
2026-01-23 12:43:00,26.41,26.41,26.38,26.39,36
2026-01-23 12:44:00,26.39,26.39,26.39,26.39,0
2026-01-23 12:45:00,26.39,26.39,26.39,26.39,0
2026-01-23 12:46:00,26.42,26.42,26.38,26.405,12
2026-01-23 12:47:00,26.41,26.41,26.41,26.41,12
2026-01-23 12:48:00,26.41,26.42,26.41,26.42,2
2026-01-23 12:49:00,26.4,26.4,26.4,26.4,1
2026-01-23 12:50:00,26.4,26.42,26.4,26.42,3
2026-01-23 12:51:00,26.4,26.4,26.31,26.31,23
2026-01-23 12:52:00,26.275,26.275,26.275,26.275,7
2026-01-23 12:53:00,26.3,26.31,26.3,26.31,6
2026-01-23 12:54:00,26.32,26.34,26.32,26.34,7
2026-01-23 12:55:00,26.35,26.35,26.35,26.35,1
2026-01-23 12:56:00,26.3,26.31,26.29,26.31,4
2026-01-23 12:57:00,26.29,26.3,26.29,26.3,2
2026-01-23 12:58:00,26.28,26.31,26.28,26.3,5
2026-01-23 12:59:00,26.3,26.33,26.3,26.33,17
2026-01-23 13:00:00,26.35,26.37,26.35,26.35,11
2026-01-23 13:01:00,26.34,26.34,26.34,26.34,2
2026-01-23 13:02:00,26.335,26.335,26.335,26.335,4
2026-01-23 13:03:00,26.36,26.36,26.33,26.33,13
2026-01-23 13:04:00,26.335,26.36,26.335,26.34,10
2026-01-23 13:05:00,26.37,26.39,26.36,26.36,13
2026-01-23 13:06:00,26.37,26.37,26.36,26.36,2
2026-01-23 13:07:00,26.39,26.39,26.39,26.39,1
2026-01-23 13:08:00,26.39,26.41,26.39,26.3908,9
2026-01-23 13:09:00,26.405,26.405,26.39,26.4,10
2026-01-23 13:10:00,26.4,26.4,26.37,26.37,3
2026-01-23 13:11:00,26.37,26.37,26.37,26.37,3
2026-01-23 13:12:00,26.38,26.39,26.38,26.39,6
2026-01-23 13:13:00,26.375,26.375,26.375,26.375,1
2026-01-23 13:14:00,26.4,26.4,26.375,26.375,2
2026-01-23 13:15:00,26.375,26.375,26.37,26.37,7
2026-01-23 13:16:00,26.37,26.4,26.37,26.4,16
2026-01-23 13:17:00,26.4,26.4,26.4,26.4,0
2026-01-23 13:18:00,26.4,26.4,26.4,26.4,1
2026-01-23 13:19:00,26.39,26.41,26.36,26.365,14
2026-01-23 13:20:00,26.365,26.365,26.35,26.36,23
2026-01-23 13:21:00,26.36,26.4,26.36,26.38,26
2026-01-23 13:22:00,26.37,26.375,26.31,26.32,25
2026-01-23 13:23:00,26.3,26.3,26.29,26.29,14
2026-01-23 13:24:00,26.31,26.31,26.31,26.31,1
2026-01-23 13:25:00,26.295,26.3,26.295,26.3,13
2026-01-23 13:26:00,26.3,26.32,26.3,26.3,3
2026-01-23 13:27:00,26.3,26.3,26.295,26.295,3
2026-01-23 13:28:00,26.29,26.32,26.29,26.307,23
2026-01-23 13:29:00,26.31,26.31,26.31,26.31,7
2026-01-23 13:30:00,26.31,26.31,26.31,26.31,3
2026-01-23 13:31:00,26.32,26.32,26.275,26.29,24
2026-01-23 13:32:00,26.29,26.29,26.19,26.23,61
2026-01-23 13:33:00,26.25,26.26,26.24,26.24,12
2026-01-23 13:34:00,26.19,26.21,26.19,26.21,22
2026-01-23 13:35:00,26.22,26.22,26.22,26.22,1
2026-01-23 13:36:00,26.22,26.22,26.22,26.22,0
2026-01-23 13:37:00,26.1702,26.175,26.1702,26.175,3
2026-01-23 13:38:00,26.175,26.22,26.175,26.22,14
2026-01-23 13:39:00,26.22,26.22,26.22,26.22,0
2026-01-23 13:40:00,26.24,26.25,26.22,26.24,10
2026-01-23 13:41:00,26.25,26.25,26.25,26.25,3
2026-01-23 13:42:00,26.25,26.3,26.25,26.3,20
2026-01-23 13:43:00,26.3,26.3,26.3,26.3,0
2026-01-23 13:44:00,26.2784,26.2784,26.2784,26.2784,7
2026-01-23 13:45:00,26.29,26.29,26.25,26.25,5
2026-01-23 13:46:00,26.25,26.28,26.25,26.26,18
2026-01-23 13:47:00,26.29,26.29,26.29,26.29,1
2026-01-23 13:48:00,26.26,26.26,26.26,26.26,1
2026-01-23 13:49:00,26.25,26.265,26.25,26.255,14
2026-01-23 13:50:00,26.27,26.29,26.27,26.29,15
2026-01-23 13:51:00,26.28,26.28,26.26,26.26,2
2026-01-23 13:52:00,26.3,26.31,26.3,26.3,8
2026-01-23 13:53:00,26.3,26.3,26.3,26.3,0
2026-01-23 13:54:00,26.29,26.3,26.29,26.3,2
2026-01-23 13:55:00,26.29,26.295,26.29,26.295,7
2026-01-23 13:56:00,26.295,26.295,26.295,26.295,2
2026-01-23 13:57:00,26.32,26.4,26.32,26.4,16
2026-01-23 13:58:00,26.4,26.4,26.395,26.395,2
2026-01-23 13:59:00,26.39,26.41,26.39,26.41,2
2026-01-23 14:00:00,26.395,26.395,26.37,26.395,7
2026-01-23 14:01:00,26.4,26.4,26.4,26.4,2
2026-01-23 14:02:00,26.42,26.42,26.4,26.4,2
2026-01-23 14:03:00,26.4,26.42,26.4,26.42,7
2026-01-23 14:04:00,26.41,26.41,26.41,26.41,2
2026-01-23 14:05:00,26.41,26.42,26.41,26.42,11
2026-01-23 14:06:00,26.43,26.51,26.43,26.471,47
2026-01-23 14:07:00,26.49,26.49,26.48,26.48,6
2026-01-23 14:08:00,26.475,26.5,26.475,26.5,7
2026-01-23 14:09:00,26.5,26.51,26.5,26.51,5
2026-01-23 14:10:00,26.53,26.53,26.5162,26.5162,3
2026-01-23 14:11:00,26.515,26.515,26.515,26.515,7
2026-01-23 14:12:00,26.515,26.53,26.5101,26.5101,6
2026-01-23 14:13:00,26.525,26.55,26.525,26.54,7
2026-01-23 14:14:00,26.54,26.57,26.52,26.57,20
2026-01-23 14:15:00,26.57,26.59,26.57,26.59,3
2026-01-23 14:16:00,26.625,26.625,26.61,26.61,6
2026-01-23 14:17:00,26.61,26.61,26.61,26.61,0
2026-01-23 14:18:00,26.64,26.64,26.64,26.64,5
2026-01-23 14:19:00,26.62,26.65,26.6104,26.65,8
2026-01-23 14:20:00,26.66,26.69,26.66,26.69,6
2026-01-23 14:21:00,26.6825,26.685,26.68,26.68,4
2026-01-23 14:22:00,26.67,26.67,26.67,26.67,2
2026-01-23 14:23:00,26.655,26.6562,26.6001,26.63,12
2026-01-23 14:24:00,26.64,26.64,26.63,26.635,4
2026-01-23 14:25:00,26.66,26.675,26.66,26.675,7
2026-01-23 14:26:00,26.68,26.68,26.665,26.665,3
2026-01-23 14:27:00,26.66,26.67,26.66,26.67,5
2026-01-23 14:28:00,26.64,26.64,26.64,26.64,2
2026-01-23 14:29:00,26.6302,26.65,26.6302,26.65,3
2026-01-23 14:30:00,26.655,26.68,26.655,26.67,4
2026-01-23 14:31:00,26.67,26.67,26.64,26.64,4
2026-01-23 14:32:00,26.64,26.67,26.64,26.67,8
2026-01-23 14:33:00,26.69,26.71,26.69,26.71,3
2026-01-23 14:34:00,26.695,26.695,26.69,26.69,6
2026-01-23 14:35:00,26.68,26.68,26.66,26.66,3
2026-01-23 14:36:00,26.66,26.66,26.66,26.66,2
2026-01-23 14:37:00,26.66,26.66,26.64,26.64,6
2026-01-23 14:38:00,26.63,26.66,26.63,26.66,12
2026-01-23 14:39:00,26.645,26.66,26.645,26.66,2
2026-01-23 14:40:00,26.645,26.66,26.645,26.65,11
2026-01-23 14:41:00,26.63,26.63,26.61,26.61,8
2026-01-23 14:42:00,26.58,26.58,26.58,26.58,2
2026-01-23 14:43:00,26.585,26.62,26.585,26.62,14
2026-01-23 14:44:00,26.64,26.64,26.63,26.63,3
2026-01-23 14:45:00,26.62,26.62,26.62,26.62,1
2026-01-23 14:46:00,26.62,26.62,26.62,26.62,1
2026-01-23 14:47:00,26.6,26.6,26.6,26.6,12
2026-01-23 14:48:00,26.59,26.605,26.59,26.6,5
2026-01-23 14:49:00,26.59,26.62,26.58,26.58,4
2026-01-23 14:50:00,26.58,26.62,26.58,26.62,2
2026-01-23 14:51:00,26.58,26.62,26.58,26.6,3
2026-01-23 14:52:00,26.6,26.6,26.6,26.6,3
2026-01-23 14:53:00,26.58,26.61,26.58,26.585,5
2026-01-23 14:54:00,26.58,26.59,26.58,26.59,8
2026-01-23 14:55:00,26.57,26.58,26.555,26.555,7
2026-01-23 14:56:00,26.57,26.58,26.57,26.58,3
2026-01-23 14:57:00,26.5675,26.5675,26.55,26.565,3
2026-01-23 14:58:00,26.55,26.565,26.55,26.565,4
2026-01-23 14:59:00,26.565,26.565,26.565,26.565,2
2026-01-23 15:00:00,26.55,26.57,26.5,26.57,45
2026-01-23 15:01:00,26.57,26.57,26.57,26.57,1
2026-01-23 15:02:00,26.55,26.55,26.55,26.55,1
2026-01-23 15:03:00,26.57,26.57,26.545,26.55,8
2026-01-23 15:04:00,26.54,26.54,26.53,26.535,3
2026-01-23 15:05:00,26.535,26.55,26.535,26.55,7
2026-01-23 15:06:00,26.55,26.55,26.55,26.55,0
2026-01-23 15:07:00,26.52,26.54,26.52,26.54,8
2026-01-23 15:08:00,26.52,26.56,26.52,26.54,8
2026-01-23 15:09:00,26.56,26.595,26.56,26.57,9
2026-01-23 15:10:00,26.58,26.58,26.58,26.58,1
2026-01-23 15:11:00,26.55,26.58,26.55,26.565,10
2026-01-23 15:12:00,26.59,26.59,26.59,26.59,1
2026-01-23 15:13:00,26.58,26.59,26.58,26.58,11
2026-01-23 15:14:00,26.59,26.59,26.58,26.58,9
2026-01-23 15:15:00,26.59,26.59,26.58,26.58,3
2026-01-23 15:16:00,26.57,26.575,26.56,26.56,11
2026-01-23 15:17:00,26.56,26.57,26.56,26.57,5
2026-01-23 15:18:00,26.56,26.56,26.55,26.55,7
2026-01-23 15:19:00,26.56,26.56,26.56,26.56,1
2026-01-23 15:20:00,26.54,26.575,26.54,26.575,19
2026-01-23 15:21:00,26.555,26.555,26.525,26.53,15
2026-01-23 15:22:00,26.55,26.55,26.53,26.53,8
2026-01-23 15:23:00,26.54,26.54,26.54,26.54,6
2026-01-23 15:24:00,26.55,26.55,26.55,26.55,1
2026-01-23 15:25:00,26.53,26.53,26.53,26.53,3
2026-01-23 15:26:00,26.525,26.54,26.51,26.54,4
2026-01-23 15:27:00,26.525,26.57,26.51,26.57,41
2026-01-23 15:28:00,26.58,26.58,26.55,26.56,13
2026-01-23 15:29:00,26.56,26.56,26.56,26.56,1
2026-01-23 15:30:00,26.54,26.54,26.4,26.425,174
2026-01-23 15:31:00,26.39,26.43,26.39,26.42,15
2026-01-23 15:32:00,26.43,26.44,26.43,26.44,6
2026-01-23 15:33:00,26.44,26.44,26.42,26.42,9
2026-01-23 15:34:00,26.43,26.43,26.43,26.43,5
2026-01-23 15:35:00,26.43,26.44,26.43,26.44,5
2026-01-23 15:36:00,26.45,26.45,26.45,26.45,10
2026-01-23 15:37:00,26.45,26.45,26.45,26.45,0
2026-01-23 15:38:00,26.43,26.445,26.43,26.43,10
2026-01-23 15:39:00,26.43,26.43,26.4,26.415,15
2026-01-23 15:40:00,26.43,26.44,26.43,26.44,11
2026-01-23 15:41:00,26.44,26.44,26.43,26.44,9
2026-01-23 15:42:00,26.44,26.44,26.44,26.44,1
2026-01-23 15:43:00,26.43,26.43,26.4175,26.43,15
2026-01-23 15:44:00,26.42,26.425,26.385,26.385,12
2026-01-23 15:45:00,26.3713,26.41,26.3713,26.41,17
2026-01-23 15:46:00,26.41,26.44,26.41,26.44,15
2026-01-23 15:47:00,26.44,26.47,26.44,26.47,9
2026-01-23 15:48:00,26.48,26.48,26.46,26.46,9
2026-01-23 15:49:00,26.44,26.46,26.44,26.46,9
2026-01-23 15:50:00,26.46,26.47,26.445,26.45,44
2026-01-23 15:51:00,26.45,26.47,26.45,26.47,10
2026-01-23 15:52:00,26.47,26.47,26.37,26.38,250
2026-01-23 15:53:00,26.39,26.41,26.39,26.41,16
2026-01-23 15:54:00,26.41,26.41,26.35,26.365,51
2026-01-23 15:55:00,26.36,26.38,26.29,26.29,91
2026-01-23 15:56:00,26.3,26.3,26.21,26.21,50
2026-01-23 15:57:00,26.235,26.29,26.18,26.245,174
2026-01-23 15:58:00,26.245,26.26,26.215,26.225,176
2026-01-23 15:59:00,26.23,26.255,26.19,26.2,618
2026-01-26 09:30:00,25.84,25.8899,25.75,25.88,309
2026-01-26 09:31:00,25.855,25.93,25.78,25.84,91
2026-01-26 09:32:00,25.85,25.865,25.61,25.67,98
2026-01-26 09:33:00,25.67,25.75,25.67,25.71,6
2026-01-26 09:34:00,25.68,25.72,25.51,25.67,96
2026-01-26 09:35:00,25.73,25.8,25.73,25.75,19
2026-01-26 09:36:00,25.7,25.815,25.7,25.815,9
2026-01-26 09:37:00,25.74,25.74,25.66,25.71,8
2026-01-26 09:38:00,25.65,25.75,25.635,25.635,37
2026-01-26 09:39:00,25.74,25.74,25.74,25.74,12
2026-01-26 09:40:00,25.62,25.79,25.61,25.79,9
2026-01-26 09:41:00,25.845,25.845,25.845,25.845,4
2026-01-26 09:42:00,25.95,25.95,25.93,25.95,11
2026-01-26 09:43:00,26.0,26.06,25.96,25.96,11
2026-01-26 09:44:00,25.975,26.095,25.955,26.065,27
2026-01-26 09:45:00,26.06,26.15,25.98,26.0,36
2026-01-26 09:46:00,26.0,26.14,26.0,26.14,15
2026-01-26 09:47:00,26.25,26.25,26.14,26.215,36
2026-01-26 09:48:00,26.215,26.215,26.13,26.13,5
2026-01-26 09:49:00,26.195,26.195,25.97,25.97,40
2026-01-26 09:50:00,25.99,25.99,25.955,25.955,4
2026-01-26 09:51:00,25.91,25.91,25.91,25.91,2
2026-01-26 09:52:00,25.945,25.945,25.945,25.945,1
2026-01-26 09:53:00,25.945,25.945,25.92,25.945,9
2026-01-26 09:54:00,25.945,25.945,25.87,25.87,15
2026-01-26 09:55:00,25.8,25.87,25.79,25.87,3
2026-01-26 09:56:00,25.84,25.895,25.84,25.8401,7
2026-01-26 09:57:00,25.915,25.93,25.8401,25.87,8
2026-01-26 09:58:00,25.92,26.3,25.92,26.13,170
2026-01-26 09:59:00,26.25,26.265,26.09,26.2094,39
2026-01-26 10:00:00,26.1801,26.1801,26.07,26.07,25
2026-01-26 10:01:00,26.07,26.15,26.07,26.08,4
2026-01-26 10:02:00,26.08,26.08,26.08,26.08,0
2026-01-26 10:03:00,26.15,26.25,26.11,26.185,40
2026-01-26 10:04:00,26.12,26.24,26.12,26.24,11
2026-01-26 10:05:00,26.155,26.215,26.11,26.11,26
2026-01-26 10:06:00,26.135,26.135,25.95,26.0,33
2026-01-26 10:07:00,26.04,26.09,26.01,26.01,26
2026-01-26 10:08:00,25.96,26.07,25.96,26.07,27
2026-01-26 10:09:00,26.11,26.11,26.02,26.06,18
2026-01-26 10:10:00,26.07,26.07,26.06,26.06,2
2026-01-26 10:11:00,26.1,26.1525,26.1,26.145,40
2026-01-26 10:12:00,26.115,26.1909,26.115,26.14,6
2026-01-26 10:13:00,26.14,26.2,26.14,26.16,71
2026-01-26 10:14:00,26.19,26.23,26.19,26.23,13
2026-01-26 10:15:00,26.21,26.21,26.16,26.21,11
2026-01-26 10:16:00,26.205,26.205,26.201,26.201,4
2026-01-26 10:17:00,26.1965,26.32,26.1965,26.3,13
2026-01-26 10:18:00,26.37,26.395,26.35,26.395,25
2026-01-26 10:19:00,26.4,26.4,26.395,26.395,3
2026-01-26 10:20:00,26.395,26.4,26.395,26.4,8
2026-01-26 10:21:00,26.395,26.405,26.375,26.4,6
2026-01-26 10:22:00,26.4,26.405,26.37,26.4,15
2026-01-26 10:23:00,26.37,26.4,26.34,26.35,18
2026-01-26 10:24:00,26.34,26.34,26.34,26.34,2
2026-01-26 10:25:00,26.32,26.3375,26.27,26.27,11
2026-01-26 10:26:00,26.285,26.295,26.28,26.28,18
2026-01-26 10:27:00,26.24,26.25,26.16,26.16,28
2026-01-26 10:28:00,26.19,26.26,26.19,26.26,93
2026-01-26 10:29:00,26.26,26.26,26.14,26.185,21
2026-01-26 10:30:00,26.2,26.2,26.1629,26.1629,7
2026-01-26 10:31:00,26.18,26.18,26.15,26.15,7
2026-01-26 10:32:00,26.185,26.19,26.185,26.19,2
2026-01-26 10:33:00,26.16,26.185,26.04,26.04,29
2026-01-26 10:34:00,26.065,26.14,26.065,26.08,5
2026-01-26 10:35:00,26.15,26.15,26.12,26.15,7
2026-01-26 10:36:00,26.1718,26.1718,26.12,26.15,33
2026-01-26 10:37:00,26.14,26.18,26.12,26.18,14
2026-01-26 10:38:00,26.26,26.26,26.185,26.185,6
2026-01-26 10:39:00,26.185,26.21,26.18,26.18,3
2026-01-26 10:40:00,26.22,26.36,26.22,26.29,41
2026-01-26 10:41:00,26.2575,26.28,26.25,26.25,4
2026-01-26 10:42:00,26.25,26.25,26.25,26.25,0
2026-01-26 10:43:00,26.24,26.265,26.24,26.265,2
2026-01-26 10:44:00,26.27,26.27,26.26,26.26,2
2026-01-26 10:45:00,26.265,26.3,26.265,26.3,15
2026-01-26 10:46:00,26.3,26.3,26.3,26.3,0
2026-01-26 10:47:00,26.295,26.295,26.295,26.295,1
2026-01-26 10:48:00,26.32,26.32,26.32,26.32,2
2026-01-26 10:49:00,26.29,26.36,26.29,26.36,21
2026-01-26 10:50:00,26.345,26.345,26.345,26.345,1
2026-01-26 10:51:00,26.37,26.43,26.37,26.38,9
2026-01-26 10:52:00,26.405,26.405,26.405,26.405,1
2026-01-26 10:53:00,26.4144,26.43,26.34,26.34,150
2026-01-26 10:54:00,26.36,26.36,26.35,26.35,8
2026-01-26 10:55:00,26.35,26.39,26.35,26.39,18
2026-01-26 10:56:00,26.35,26.36,26.3,26.31,14
2026-01-26 10:57:00,26.26,26.26,26.26,26.26,2
2026-01-26 10:58:00,26.3,26.35,26.3,26.325,14
2026-01-26 10:59:00,26.33,26.33,26.33,26.33,1
2026-01-26 11:00:00,26.37,26.4,26.36,26.36,3
2026-01-26 11:01:00,26.38,26.38,26.36,26.36,5
2026-01-26 11:02:00,26.375,26.39,26.375,26.39,8
2026-01-26 11:03:00,26.415,26.45,26.415,26.42,50
2026-01-26 11:04:00,26.43,26.43,26.34,26.34,20
2026-01-26 11:05:00,26.38,26.38,26.3,26.3,4
2026-01-26 11:06:00,26.3,26.3,26.3,26.3,0
2026-01-26 11:07:00,26.29,26.29,26.29,26.29,1
2026-01-26 11:08:00,26.305,26.32,26.305,26.32,2
2026-01-26 11:09:00,26.29,26.31,26.29,26.31,4
2026-01-26 11:10:00,26.31,26.31,26.31,26.31,0
2026-01-26 11:11:00,26.2901,26.2901,26.29,26.29,3
2026-01-26 11:12:00,26.29,26.315,26.29,26.315,2
2026-01-26 11:13:00,26.31,26.31,26.27,26.27,7
2026-01-26 11:14:00,26.29,26.33,26.29,26.33,11
2026-01-26 11:15:00,26.35,26.35,26.335,26.35,3
2026-01-26 11:16:00,26.31,26.35,26.31,26.345,23
2026-01-26 11:17:00,26.35,26.35,26.32,26.32,8
2026-01-26 11:18:00,26.35,26.35,26.35,26.35,7
2026-01-26 11:19:00,26.35,26.37,26.35,26.37,5
2026-01-26 11:20:00,26.35,26.35,26.29,26.29,30
2026-01-26 11:21:00,26.3,26.32,26.29,26.29,7
2026-01-26 11:22:00,26.29,26.29,26.29,26.29,0
2026-01-26 11:23:00,26.28,26.28,26.28,26.28,1
2026-01-26 11:24:00,26.295,26.295,26.295,26.295,2
2026-01-26 11:25:00,26.3006,26.31,26.285,26.31,15
2026-01-26 11:26:00,26.32,26.32,26.32,26.32,1
2026-01-26 11:27:00,26.29,26.29,26.29,26.29,1
2026-01-26 11:28:00,26.31,26.31,26.29,26.29,4
2026-01-26 11:29:00,26.31,26.33,26.31,26.33,6
2026-01-26 11:30:00,26.3,26.325,26.3,26.3,4
2026-01-26 11:31:00,26.29,26.29,26.29,26.29,2
2026-01-26 11:32:00,26.29,26.29,26.29,26.29,6
2026-01-26 11:33:00,26.29,26.29,26.29,26.29,2
2026-01-26 11:34:00,26.3156,26.3156,26.3156,26.3156,1
2026-01-26 11:35:00,26.29,26.305,26.29,26.29,15
2026-01-26 11:36:00,26.3,26.3,26.29,26.3,6
2026-01-26 11:37:00,26.3,26.3126,26.3,26.3,9
2026-01-26 11:38:00,26.315,26.315,26.315,26.315,1
2026-01-26 11:39:00,26.32,26.32,26.3,26.32,6
2026-01-26 11:40:00,26.32,26.32,26.32,26.32,1
2026-01-26 11:41:00,26.31,26.33,26.3,26.3,3
2026-01-26 11:42:00,26.315,26.315,26.315,26.315,1
2026-01-26 11:43:00,26.2901,26.2901,26.2901,26.2901,5
2026-01-26 11:44:00,26.3,26.31,26.29,26.29,7
2026-01-26 11:45:00,26.3,26.31,26.3,26.31,7
2026-01-26 11:46:00,26.31,26.31,26.31,26.31,5
2026-01-26 11:47:00,26.29,26.29,26.29,26.29,2
2026-01-26 11:48:00,26.29,26.29,26.29,26.29,0
2026-01-26 11:49:00,26.32,26.32,26.29,26.29,7
2026-01-26 11:50:00,26.315,26.315,26.3,26.3,4
2026-01-26 11:51:00,26.29,26.305,26.29,26.305,3
2026-01-26 11:52:00,26.305,26.305,26.305,26.305,0
2026-01-26 11:53:00,26.305,26.305,26.3,26.3,2
2026-01-26 11:54:00,26.3,26.3,26.3,26.3,0
2026-01-26 11:55:00,26.29,26.29,26.29,26.29,2
2026-01-26 11:56:00,26.3,26.3,26.3,26.3,6
2026-01-26 11:57:00,26.28,26.3,26.28,26.28,14
2026-01-26 11:58:00,26.3,26.3,26.3,26.3,1
2026-01-26 11:59:00,26.3,26.32,26.29,26.3,7
2026-01-26 12:00:00,26.3,26.33,26.3,26.32,40
2026-01-26 12:01:00,26.32,26.47,26.32,26.455,182
2026-01-26 12:02:00,26.455,26.455,26.41,26.41,21
2026-01-26 12:03:00,26.4,26.4,26.39,26.39,6
2026-01-26 12:04:00,26.4,26.42,26.39,26.41,13
2026-01-26 12:05:00,26.39,26.39,26.39,26.39,1
2026-01-26 12:06:00,26.39,26.39,26.39,26.39,0
2026-01-26 12:07:00,26.39,26.39,26.39,26.39,2
2026-01-26 12:08:00,26.41,26.42,26.39,26.42,25
2026-01-26 12:09:00,26.405,26.44,26.405,26.44,9
2026-01-26 12:10:00,26.44,26.44,26.44,26.44,0
2026-01-26 12:11:00,26.435,26.435,26.41,26.435,12
2026-01-26 12:12:00,26.39,26.39,26.38,26.38,4
2026-01-26 12:13:00,26.39,26.39,26.39,26.39,1
2026-01-26 12:14:00,26.42,26.46,26.42,26.46,7
2026-01-26 12:15:00,26.43,26.48,26.43,26.48,4
2026-01-26 12:16:00,26.48,26.48,26.48,26.48,0
2026-01-26 12:17:00,26.48,26.48,26.48,26.48,0
2026-01-26 12:18:00,26.48,26.48,26.48,26.48,0
2026-01-26 12:19:00,26.46,26.48,26.46,26.48,4
2026-01-26 12:20:00,26.47,26.48,26.47,26.48,25
2026-01-26 12:21:00,26.48,26.48,26.48,26.48,0
2026-01-26 12:22:00,26.4895,26.4895,26.47,26.47,17
2026-01-26 12:23:00,26.48,26.48,26.48,26.48,2
2026-01-26 12:24:00,26.49,26.49,26.49,26.49,3
2026-01-26 12:25:00,26.4897,26.4897,26.48,26.48,5
2026-01-26 12:26:00,26.47,26.48,26.465,26.465,15
2026-01-26 12:27:00,26.47,26.47,26.46,26.46,2
2026-01-26 12:28:00,26.46,26.46,26.46,26.46,1
2026-01-26 12:29:00,26.48,26.48,26.46,26.475,4
2026-01-26 12:30:00,26.49,26.56,26.48,26.49,48
2026-01-26 12:31:00,26.488,26.5,26.48,26.49,12
2026-01-26 12:32:00,26.49,26.49,26.49,26.49,0
2026-01-26 12:33:00,26.495,26.51,26.42,26.42,28
2026-01-26 12:34:00,26.43,26.43,26.43,26.43,2
2026-01-26 12:35:00,26.41,26.43,26.41,26.43,4
2026-01-26 12:36:00,26.43,26.48,26.42,26.435,33
2026-01-26 12:37:00,26.41,26.4325,26.4,26.4,7
2026-01-26 12:38:00,26.39,26.39,26.38,26.38,15
2026-01-26 12:39:00,26.375,26.38,26.345,26.36,5
2026-01-26 12:40:00,26.36,26.36,26.36,26.36,0
2026-01-26 12:41:00,26.385,26.385,26.385,26.385,2
2026-01-26 12:42:00,26.385,26.385,26.385,26.385,1
2026-01-26 12:43:00,26.385,26.385,26.37,26.37,10
2026-01-26 12:44:00,26.37,26.37,26.37,26.37,0
2026-01-26 12:45:00,26.36,26.39,26.36,26.39,8
2026-01-26 12:46:00,26.38,26.445,26.38,26.4113,18
2026-01-26 12:47:00,26.445,26.445,26.411,26.411,4
2026-01-26 12:48:00,26.411,26.411,26.411,26.411,0
2026-01-26 12:49:00,26.41,26.42,26.41,26.42,7
2026-01-26 12:50:00,26.42,26.42,26.42,26.42,0
2026-01-26 12:51:00,26.44,26.44,26.44,26.44,5
2026-01-26 12:52:00,26.44,26.44,26.44,26.44,0
2026-01-26 12:53:00,26.43,26.43,26.43,26.43,2
2026-01-26 12:54:00,26.43,26.46,26.43,26.45,8
2026-01-26 12:55:00,26.4757,26.51,26.46,26.48,17
2026-01-26 12:56:00,26.47,26.48,26.46,26.48,21
2026-01-26 12:57:00,26.44,26.44,26.42,26.425,10
2026-01-26 12:58:00,26.425,26.44,26.425,26.44,4
2026-01-26 12:59:00,26.42,26.42,26.42,26.42,2
2026-01-26 13:00:00,26.42,26.42,26.42,26.42,0
2026-01-26 13:01:00,26.415,26.415,26.415,26.415,5
2026-01-26 13:02:00,26.415,26.415,26.415,26.415,0
2026-01-26 13:03:00,26.415,26.415,26.415,26.415,2
2026-01-26 13:04:00,26.415,26.415,26.415,26.415,1
2026-01-26 13:05:00,26.415,26.415,26.415,26.415,3
2026-01-26 13:06:00,26.415,26.415,26.415,26.415,2
2026-01-26 13:07:00,26.415,26.415,26.415,26.415,1
2026-01-26 13:08:00,26.415,26.45,26.415,26.45,23
2026-01-26 13:09:00,26.44,26.45,26.435,26.435,10
2026-01-26 13:10:00,26.435,26.435,26.435,26.435,0
2026-01-26 13:11:00,26.44,26.445,26.44,26.445,6
2026-01-26 13:12:00,26.445,26.47,26.445,26.45,42
2026-01-26 13:13:00,26.45,26.455,26.45,26.455,4
2026-01-26 13:14:00,26.44,26.44,26.44,26.44,1
2026-01-26 13:15:00,26.48,26.48,26.445,26.45,9
2026-01-26 13:16:00,26.455,26.46,26.455,26.46,4
2026-01-26 13:17:00,26.47,26.47,26.47,26.47,5
2026-01-26 13:18:00,26.505,26.505,26.47,26.48,67
2026-01-26 13:19:00,26.48,26.5,26.48,26.49,33
2026-01-26 13:20:00,26.49,26.51,26.49,26.51,4
2026-01-26 13:21:00,26.495,26.53,26.49,26.5,41
2026-01-26 13:22:00,26.5,26.51,26.5,26.51,7
2026-01-26 13:23:00,26.515,26.56,26.51,26.56,9
2026-01-26 13:24:00,26.56,26.56,26.56,26.56,0
2026-01-26 13:25:00,26.54,26.56,26.54,26.56,5
2026-01-26 13:26:00,26.58,26.58,26.555,26.56,8
2026-01-26 13:27:00,26.58,26.58,26.54,26.54,11
2026-01-26 13:28:00,26.55,26.56,26.53,26.56,20
2026-01-26 13:29:00,26.555,26.56,26.54,26.56,3
2026-01-26 13:30:00,26.56,26.56,26.56,26.56,0
2026-01-26 13:31:00,26.555,26.555,26.51,26.52,7
2026-01-26 13:32:00,26.52,26.52,26.52,26.52,0
2026-01-26 13:33:00,26.535,26.535,26.535,26.535,2
2026-01-26 13:34:00,26.55,26.56,26.55,26.55,4
2026-01-26 13:35:00,26.55,26.55,26.545,26.55,8
2026-01-26 13:36:00,26.545,26.545,26.545,26.545,1
2026-01-26 13:37:00,26.545,26.61,26.545,26.61,12
2026-01-26 13:38:00,26.58,26.6,26.58,26.6,2
2026-01-26 13:39:00,26.6,26.61,26.6,26.61,7
2026-01-26 13:40:00,26.59,26.59,26.59,26.59,2
2026-01-26 13:41:00,26.595,26.62,26.58,26.58,9
2026-01-26 13:42:00,26.595,26.6,26.595,26.595,3
2026-01-26 13:43:00,26.595,26.61,26.595,26.595,10
2026-01-26 13:44:00,26.61,26.6118,26.595,26.595,9
2026-01-26 13:45:00,26.6,26.6,26.58,26.58,6
2026-01-26 13:46:00,26.6,26.6,26.56,26.58,27
2026-01-26 13:47:00,26.54,26.59,26.54,26.59,9
2026-01-26 13:48:00,26.59,26.59,26.59,26.59,0
2026-01-26 13:49:00,26.58,26.58,26.58,26.58,1
2026-01-26 13:50:00,26.58,26.58,26.58,26.58,2
2026-01-26 13:51:00,26.58,26.585,26.58,26.585,11
2026-01-26 13:52:00,26.6,26.6,26.6,26.6,1
2026-01-26 13:53:00,26.58,26.58,26.58,26.58,1
2026-01-26 13:54:00,26.58,26.595,26.58,26.58,9
2026-01-26 13:55:00,26.57,26.58,26.55,26.55,163
2026-01-26 13:56:00,26.545,26.55,26.54,26.54,3
2026-01-26 13:57:00,26.55,26.57,26.55,26.55,11
2026-01-26 13:58:00,26.545,26.545,26.5,26.515,26
2026-01-26 13:59:00,26.52,26.52,26.49,26.52,47
2026-01-26 14:00:00,26.51,26.51,26.51,26.51,3
2026-01-26 14:01:00,26.51,26.5199,26.48,26.5,20
2026-01-26 14:02:00,26.5,26.5,26.5,26.5,1
2026-01-26 14:03:00,26.5,26.5,26.48,26.48,7
2026-01-26 14:04:00,26.49,26.53,26.49,26.53,11
2026-01-26 14:05:00,26.525,26.53,26.525,26.53,2
2026-01-26 14:06:00,26.55,26.55,26.54,26.54,8
2026-01-26 14:07:00,26.54,26.54,26.54,26.54,3
2026-01-26 14:08:00,26.54,26.55,26.54,26.55,3
2026-01-26 14:09:00,26.54,26.54,26.54,26.54,2
2026-01-26 14:10:00,26.54,26.55,26.53,26.53,7
2026-01-26 14:11:00,26.55,26.56,26.54,26.555,20
2026-01-26 14:12:00,26.555,26.6,26.555,26.6,17
2026-01-26 14:13:00,26.6,26.6,26.525,26.525,26
2026-01-26 14:14:00,26.51,26.53,26.51,26.53,7
2026-01-26 14:15:00,26.525,26.525,26.51,26.51,3
2026-01-26 14:16:00,26.525,26.54,26.51,26.53,4
2026-01-26 14:17:00,26.52,26.52,26.5,26.5,4
2026-01-26 14:18:00,26.49,26.5,26.44,26.44,33
2026-01-26 14:19:00,26.46,26.46,26.455,26.455,8
2026-01-26 14:20:00,26.4899,26.4899,26.4899,26.4899,1
2026-01-26 14:21:00,26.47,26.47,26.45,26.47,22
2026-01-26 14:22:00,26.45,26.46,26.45,26.46,3
2026-01-26 14:23:00,26.44,26.44,26.41,26.41,10
2026-01-26 14:24:00,26.425,26.455,26.425,26.455,6
2026-01-26 14:25:00,26.445,26.445,26.43,26.43,3
2026-01-26 14:26:00,26.45,26.46,26.45,26.46,4
2026-01-26 14:27:00,26.46,26.46,26.46,26.46,5
2026-01-26 14:28:00,26.46,26.46,26.46,26.46,1
2026-01-26 14:29:00,26.44,26.44,26.44,26.44,2
2026-01-26 14:30:00,26.465,26.465,26.42,26.45,34
2026-01-26 14:31:00,26.45,26.45,26.42,26.42,6
2026-01-26 14:32:00,26.45,26.45,26.45,26.45,4
2026-01-26 14:33:00,26.44,26.46,26.44,26.45,5
2026-01-26 14:34:00,26.445,26.445,26.445,26.445,1
2026-01-26 14:35:00,26.46,26.46,26.44,26.44,8
2026-01-26 14:36:00,26.45,26.455,26.44,26.44,11
2026-01-26 14:37:00,26.44,26.455,26.44,26.45,4
2026-01-26 14:38:00,26.45,26.46,26.45,26.46,4
2026-01-26 14:39:00,26.44,26.44,26.44,26.44,1
2026-01-26 14:40:00,26.44,26.45,26.38,26.38,46
2026-01-26 14:41:00,26.31,26.335,26.31,26.32,33
2026-01-26 14:42:00,26.32,26.32,26.32,26.32,1
2026-01-26 14:43:00,26.32,26.32,26.32,26.32,2
2026-01-26 14:44:00,26.34,26.34,26.34,26.34,1
2026-01-26 14:45:00,26.33,26.33,26.3,26.3,7
2026-01-26 14:46:00,26.305,26.305,26.305,26.305,102
2026-01-26 14:47:00,26.3,26.305,26.29,26.29,15
2026-01-26 14:48:00,26.3,26.3,26.29,26.3,5
2026-01-26 14:49:00,26.3,26.3,26.275,26.3,6
2026-01-26 14:50:00,26.3,26.3,26.29,26.29,2
2026-01-26 14:51:00,26.29,26.29,26.28,26.28,2
2026-01-26 14:52:00,26.28,26.28,26.25,26.25,5
2026-01-26 14:53:00,26.245,26.25,26.245,26.25,2
2026-01-26 14:54:00,26.23,26.245,26.23,26.245,2
2026-01-26 14:55:00,26.23,26.23,26.23,26.23,1
2026-01-26 14:56:00,26.245,26.25,26.23,26.25,3
2026-01-26 14:57:00,26.245,26.245,26.245,26.245,2
2026-01-26 14:58:00,26.26,26.28,26.26,26.28,22
2026-01-26 14:59:00,26.31,26.31,26.265,26.265,14
2026-01-26 15:00:00,26.25,26.26,26.25,26.26,8
2026-01-26 15:01:00,26.26,26.35,26.26,26.3,95
2026-01-26 15:02:00,26.31,26.31,26.31,26.31,22
2026-01-26 15:03:00,26.32,26.32,26.32,26.32,1
2026-01-26 15:04:00,26.32,26.32,26.32,26.32,0
2026-01-26 15:05:00,26.31,26.34,26.31,26.33,7
2026-01-26 15:06:00,26.34,26.345,26.33,26.345,6
2026-01-26 15:07:00,26.33,26.33,26.33,26.33,3
2026-01-26 15:08:00,26.3492,26.3492,26.33,26.33,18
2026-01-26 15:09:00,26.35,26.35,26.34,26.34,12
2026-01-26 15:10:00,26.365,26.365,26.365,26.365,2
2026-01-26 15:11:00,26.355,26.355,26.34,26.34,2
2026-01-26 15:12:00,26.37,26.41,26.37,26.41,14
2026-01-26 15:13:00,26.43,26.43,26.39,26.39,3
2026-01-26 15:14:00,26.419,26.42,26.4,26.4,11
2026-01-26 15:15:00,26.4,26.4,26.385,26.385,3
2026-01-26 15:16:00,26.41,26.41,26.41,26.41,5
2026-01-26 15:17:00,26.4,26.4,26.37,26.37,10
2026-01-26 15:18:00,26.4,26.43,26.4,26.43,14
2026-01-26 15:19:00,26.45,26.46,26.42,26.455,9
2026-01-26 15:20:00,26.48,26.5,26.455,26.455,41
2026-01-26 15:21:00,26.455,26.455,26.44,26.44,3
2026-01-26 15:22:00,26.47,26.47,26.47,26.47,1
2026-01-26 15:23:00,26.44,26.44,26.4,26.4,4
2026-01-26 15:24:00,26.45,26.47,26.45,26.47,60
2026-01-26 15:25:00,26.46,26.46,26.46,26.46,11
2026-01-26 15:26:00,26.4899,26.4899,26.4899,26.4899,2
2026-01-26 15:27:00,26.4576,26.53,26.4576,26.53,73
2026-01-26 15:28:00,26.53,26.53,26.53,26.53,0
2026-01-26 15:29:00,26.535,26.569,26.535,26.55,9
2026-01-26 15:30:00,26.54,26.55,26.54,26.55,19
2026-01-26 15:31:00,26.56,26.57,26.53,26.54,63
2026-01-26 15:32:00,26.54,26.54,26.54,26.54,2
2026-01-26 15:33:00,26.54,26.54,26.52,26.535,24
2026-01-26 15:34:00,26.535,26.535,26.52,26.535,9
2026-01-26 15:35:00,26.535,26.535,26.535,26.535,3
2026-01-26 15:36:00,26.535,26.555,26.49,26.49,74
2026-01-26 15:37:00,26.51,26.545,26.42,26.445,48
2026-01-26 15:38:00,26.445,26.455,26.435,26.455,17
2026-01-26 15:39:00,26.44,26.44,26.41,26.41,8
2026-01-26 15:40:00,26.41,26.42,26.35,26.37,20
2026-01-26 15:41:00,26.36,26.39,26.36,26.38,15
2026-01-26 15:42:00,26.37,26.38,26.34,26.375,55
2026-01-26 15:43:00,26.39,26.39,26.35,26.36,31
2026-01-26 15:44:00,26.36,26.38,26.35,26.37,18
2026-01-26 15:45:00,26.36,26.37,26.34,26.37,25
2026-01-26 15:46:00,26.385,26.385,26.36,26.36,11
2026-01-26 15:47:00,26.33,26.39,26.33,26.36,57
2026-01-26 15:48:00,26.35,26.36,26.35,26.36,13
2026-01-26 15:49:00,26.37,26.37,26.35,26.35,5
2026-01-26 15:50:00,26.37,26.415,26.365,26.39,27
2026-01-26 15:51:00,26.43,26.43,26.36,26.36,60
2026-01-26 15:52:00,26.36,26.39,26.34,26.345,37
2026-01-26 15:53:00,26.36,26.44,26.36,26.43,67
2026-01-26 15:54:00,26.43,26.43,26.355,26.39,42
2026-01-26 15:55:00,26.39,26.4,26.37,26.39,72
2026-01-26 15:56:00,26.39,26.39,26.38,26.38,33
2026-01-26 15:57:00,26.39,26.4,26.37,26.4,108
2026-01-26 15:58:00,26.405,26.42,26.385,26.39,246
2026-01-26 15:59:00,26.395,26.4,26.32,26.32,262
2026-01-27 09:30:00,26.32,26.405,26.32,26.405,64
2026-01-27 09:31:00,26.405,26.405,26.405,26.405,0
2026-01-27 09:32:00,26.445,26.445,26.39,26.42,15
2026-01-27 09:33:00,26.42,26.94,26.42,26.9,43
2026-01-27 09:34:00,26.9,26.9,26.84,26.88,9
2026-01-27 09:35:00,26.89,26.97,26.88,26.88,20
2026-01-27 09:36:00,26.7943,26.83,26.78,26.78,7
2026-01-27 09:37:00,26.855,26.855,26.74,26.74,11
2026-01-27 09:38:00,26.73,26.73,26.68,26.725,11
2026-01-27 09:39:00,26.54,26.54,26.54,26.54,1
2026-01-27 09:40:00,26.73,26.73,26.67,26.67,3
2026-01-27 09:41:00,26.68,26.775,26.67,26.775,4
2026-01-27 09:42:00,26.67,26.7232,26.64,26.715,8
2026-01-27 09:43:00,26.715,26.715,26.62,26.715,28
2026-01-27 09:44:00,26.6,26.68,26.6,26.68,8
2026-01-27 09:45:00,26.57,26.57,26.435,26.435,13
2026-01-27 09:46:00,26.43,26.5214,26.41,26.495,10
2026-01-27 09:47:00,26.35,26.4,26.33,26.39,16
2026-01-27 09:48:00,26.37,26.47,26.37,26.47,5
2026-01-27 09:49:00,26.445,26.445,26.35,26.35,2
2026-01-27 09:50:00,26.36,26.475,26.36,26.36,4
2026-01-27 09:51:00,26.35,26.475,26.35,26.475,14
2026-01-27 09:52:00,26.375,26.46,26.375,26.45,13
2026-01-27 09:53:00,26.475,26.475,26.475,26.475,1
2026-01-27 09:54:00,26.48,26.48,26.41,26.41,2
2026-01-27 09:55:00,26.43,26.43,26.4,26.41,10
2026-01-27 09:56:00,26.41,26.41,26.41,26.41,1
2026-01-27 09:57:00,26.41,26.41,26.41,26.41,1
2026-01-27 09:58:00,26.41,26.41,26.41,26.41,8
2026-01-27 09:59:00,26.4,26.6,26.4,26.52,92
2026-01-27 10:00:00,26.52,26.52,26.43,26.49,11
2026-01-27 10:01:00,26.495,26.495,26.495,26.495,1
2026-01-27 10:02:00,26.515,26.55,26.43,26.45,45
2026-01-27 10:03:00,26.4212,26.4212,26.4212,26.4212,1
2026-01-27 10:04:00,26.46,26.46,26.38,26.43,23
2026-01-27 10:05:00,26.43,26.43,26.4,26.42,8
2026-01-27 10:06:00,26.42,26.425,26.41,26.425,6
2026-01-27 10:07:00,26.42,26.43,26.42,26.43,4
2026-01-27 10:08:00,26.43,26.43,26.43,26.43,0
2026-01-27 10:09:00,26.43,26.43,26.43,26.43,1
2026-01-27 10:10:00,26.41,26.41,26.37,26.37,11
2026-01-27 10:11:00,26.405,26.405,26.405,26.405,3
2026-01-27 10:12:00,26.405,26.405,26.405,26.405,9
2026-01-27 10:13:00,26.41,26.41,26.405,26.405,4
2026-01-27 10:14:00,26.405,26.405,26.405,26.405,1
2026-01-27 10:15:00,26.405,26.525,26.405,26.525,14
2026-01-27 10:16:00,26.54,26.54,26.47,26.48,8
2026-01-27 10:17:00,26.505,26.54,26.47,26.535,46
2026-01-27 10:18:00,26.54,26.54,26.53,26.53,2
2026-01-27 10:19:00,26.6,26.6,26.6,26.6,1
2026-01-27 10:20:00,26.6,26.6,26.6,26.6,0
2026-01-27 10:21:00,26.6,26.6275,26.595,26.6275,8
2026-01-27 10:22:00,26.635,26.635,26.635,26.635,1
2026-01-27 10:23:00,26.635,26.635,26.635,26.635,0
2026-01-27 10:24:00,26.635,26.635,26.635,26.635,0
2026-01-27 10:25:00,26.64,26.64,26.64,26.64,1
2026-01-27 10:26:00,26.625,26.645,26.62,26.645,8
2026-01-27 10:27:00,26.62,26.63,26.59,26.63,8
2026-01-27 10:28:00,26.61,26.625,26.61,26.625,3
2026-01-27 10:29:00,26.67,26.67,26.67,26.67,1
2026-01-27 10:30:00,26.59,26.625,26.58,26.61,25
2026-01-27 10:31:00,26.585,26.61,26.58,26.61,5
2026-01-27 10:32:00,26.61,26.61,26.61,26.61,0
2026-01-27 10:33:00,26.59,26.59,26.59,26.59,3
2026-01-27 10:34:00,26.61,26.61,26.55,26.57,4
2026-01-27 10:35:00,26.58,26.58,26.56,26.56,10
2026-01-27 10:36:00,26.52,26.52,26.52,26.52,1
2026-01-27 10:37:00,26.515,26.52,26.515,26.515,3
2026-01-27 10:38:00,26.515,26.515,26.515,26.515,0
2026-01-27 10:39:00,26.515,26.515,26.515,26.515,0
2026-01-27 10:40:00,26.51,26.51,26.51,26.51,3
2026-01-27 10:41:00,26.5,26.5,26.46,26.46,3
2026-01-27 10:42:00,26.48,26.48,26.46,26.475,7
2026-01-27 10:43:00,26.47,26.49,26.47,26.49,4
2026-01-27 10:44:00,26.49,26.49,26.49,26.49,0
2026-01-27 10:45:00,26.45,26.45,26.44,26.445,3
2026-01-27 10:46:00,26.45,26.45,26.45,26.45,2
2026-01-27 10:47:00,26.46,26.46,26.46,26.46,1
2026-01-27 10:48:00,26.44,26.47,26.42,26.455,51
2026-01-27 10:49:00,26.455,26.455,26.455,26.455,0
2026-01-27 10:50:00,26.41,26.44,26.41,26.42,25
2026-01-27 10:51:00,26.43,26.43,26.43,26.43,12
2026-01-27 10:52:00,26.43,26.43,26.43,26.43,0
2026-01-27 10:53:00,26.47,26.47,26.47,26.47,3
2026-01-27 10:54:00,26.46,26.47,26.46,26.47,3
2026-01-27 10:55:00,26.46,26.46,26.46,26.46,2
2026-01-27 10:56:00,26.46,26.54,26.46,26.48,48
2026-01-27 10:57:00,26.48,26.48,26.48,26.48,0
2026-01-27 10:58:00,26.48,26.48,26.48,26.48,0
2026-01-27 10:59:00,26.485,26.485,26.485,26.485,2
2026-01-27 11:00:00,26.46,26.46,26.45,26.45,2
2026-01-27 11:01:00,26.45,26.45,26.45,26.45,0
2026-01-27 11:02:00,26.44,26.44,26.44,26.44,1
2026-01-27 11:03:00,26.43,26.45,26.43,26.45,7
2026-01-27 11:04:00,26.465,26.47,26.465,26.47,3
2026-01-27 11:05:00,26.47,26.47,26.47,26.47,0
2026-01-27 11:06:00,26.47,26.48,26.47,26.48,2
2026-01-27 11:07:00,26.48,26.48,26.48,26.48,0
2026-01-27 11:08:00,26.45,26.45,26.45,26.45,2
2026-01-27 11:09:00,26.44,26.46,26.44,26.45,15
2026-01-27 11:10:00,26.45,26.45,26.44,26.44,7
2026-01-27 11:11:00,26.44,26.44,26.44,26.44,0
2026-01-27 11:12:00,26.43,26.45,26.29,26.3,53
2026-01-27 11:13:00,26.3,26.32,26.3,26.32,9
2026-01-27 11:14:00,26.3,26.365,26.3,26.365,39
2026-01-27 11:15:00,26.37,26.41,26.36,26.41,16
2026-01-27 11:16:00,26.4,26.42,26.4,26.42,7
2026-01-27 11:17:00,26.415,26.415,26.415,26.415,2
2026-01-27 11:18:00,26.415,26.415,26.415,26.415,2
2026-01-27 11:19:00,26.415,26.45,26.415,26.45,3
2026-01-27 11:20:00,26.44,26.44,26.42,26.42,6
2026-01-27 11:21:00,26.42,26.42,26.42,26.42,0
2026-01-27 11:22:00,26.44,26.44,26.44,26.44,12
2026-01-27 11:23:00,26.45,26.45,26.45,26.45,1
2026-01-27 11:24:00,26.46,26.46,26.43,26.43,5
2026-01-27 11:25:00,26.44,26.44,26.44,26.44,1
2026-01-27 11:26:00,26.46,26.46,26.46,26.46,2
2026-01-27 11:27:00,26.46,26.46,26.46,26.46,0
2026-01-27 11:28:00,26.47,26.47,26.47,26.47,1
2026-01-27 11:29:00,26.43,26.44,26.43,26.44,3
2026-01-27 11:30:00,26.44,26.44,26.44,26.44,0
2026-01-27 11:31:00,26.44,26.44,26.4064,26.425,4
2026-01-27 11:32:00,26.43,26.43,26.43,26.43,3
2026-01-27 11:33:00,26.435,26.435,26.435,26.435,2
2026-01-27 11:34:00,26.435,26.435,26.435,26.435,2
2026-01-27 11:35:00,26.435,26.435,26.435,26.435,0
2026-01-27 11:36:00,26.435,26.435,26.435,26.435,0
2026-01-27 11:37:00,26.435,26.435,26.435,26.435,4
2026-01-27 11:38:00,26.435,26.435,26.435,26.435,3
2026-01-27 11:39:00,26.435,26.435,26.435,26.435,0
2026-01-27 11:40:00,26.435,26.435,26.435,26.435,1
2026-01-27 11:41:00,26.41,26.415,26.4,26.415,7
2026-01-27 11:42:00,26.415,26.415,26.415,26.415,0
2026-01-27 11:43:00,26.415,26.415,26.415,26.415,1
2026-01-27 11:44:00,26.415,26.415,26.415,26.415,2
2026-01-27 11:45:00,26.415,26.415,26.415,26.415,0
2026-01-27 11:46:00,26.415,26.415,26.415,26.415,1
2026-01-27 11:47:00,26.415,26.415,26.415,26.415,2
2026-01-27 11:48:00,26.415,26.415,26.415,26.415,2
2026-01-27 11:49:00,26.415,26.415,26.415,26.415,3
2026-01-27 11:50:00,26.415,26.415,26.415,26.415,0
2026-01-27 11:51:00,26.415,26.415,26.415,26.415,4
2026-01-27 11:52:00,26.4,26.4,26.38,26.38,12
2026-01-27 11:53:00,26.4,26.4,26.38,26.38,8
2026-01-27 11:54:00,26.3801,26.3801,26.36,26.36,24
2026-01-27 11:55:00,26.37,26.42,26.365,26.42,20
2026-01-27 11:56:00,26.42,26.42,26.42,26.42,0
2026-01-27 11:57:00,26.425,26.425,26.425,26.425,3
2026-01-27 11:58:00,26.4013,26.4013,26.4,26.4,34
2026-01-27 11:59:00,26.41,26.41,26.39,26.39,4
2026-01-27 12:00:00,26.39,26.39,26.39,26.39,0
2026-01-27 12:01:00,26.39,26.39,26.39,26.39,0
2026-01-27 12:02:00,26.39,26.39,26.39,26.39,0
2026-01-27 12:03:00,26.38,26.38,26.37,26.37,12
2026-01-27 12:04:00,26.39,26.39,26.38,26.38,3
2026-01-27 12:05:00,26.38,26.39,26.38,26.39,4
2026-01-27 12:06:00,26.39,26.39,26.39,26.39,0
2026-01-27 12:07:00,26.39,26.39,26.39,26.39,0
2026-01-27 12:08:00,26.385,26.385,26.38,26.385,13
2026-01-27 12:09:00,26.385,26.385,26.385,26.385,1
2026-01-27 12:10:00,26.385,26.385,26.385,26.385,0
2026-01-27 12:11:00,26.385,26.41,26.385,26.41,19
2026-01-27 12:12:00,26.415,26.435,26.415,26.435,3
2026-01-27 12:13:00,26.445,26.49,26.445,26.49,28
2026-01-27 12:14:00,26.5,26.5,26.355,26.355,36
2026-01-27 12:15:00,26.37,26.37,26.27,26.27,39
2026-01-27 12:16:00,26.26,26.26,26.25,26.25,3
2026-01-27 12:17:00,26.23,26.2328,26.15,26.22,6
2026-01-27 12:18:00,26.22,26.22,26.22,26.22,0
2026-01-27 12:19:00,26.245,26.32,26.245,26.3,28
2026-01-27 12:20:00,26.31,26.31,26.3,26.3,7
2026-01-27 12:21:00,26.3,26.3,26.3,26.3,3
2026-01-27 12:22:00,26.3,26.305,26.3,26.305,7
2026-01-27 12:23:00,26.28,26.28,26.28,26.28,1
2026-01-27 12:24:00,26.28,26.3,26.26,26.26,5
2026-01-27 12:25:00,26.25,26.28,26.25,26.28,3
2026-01-27 12:26:00,26.28,26.28,26.28,26.28,2
2026-01-27 12:27:00,26.28,26.28,26.28,26.28,0
2026-01-27 12:28:00,26.28,26.28,26.28,26.28,0
2026-01-27 12:29:00,26.28,26.28,26.25,26.25,5
2026-01-27 12:30:00,26.24,26.24,26.24,26.24,1
2026-01-27 12:31:00,26.235,26.235,26.235,26.235,3
2026-01-27 12:32:00,26.27,26.27,26.26,26.26,3
2026-01-27 12:33:00,26.26,26.26,26.26,26.26,1
2026-01-27 12:34:00,26.26,26.26,26.26,26.26,3
2026-01-27 12:35:00,26.26,26.26,26.26,26.26,26
2026-01-27 12:36:00,26.26,26.26,26.22,26.22,29
2026-01-27 12:37:00,26.21,26.22,26.21,26.22,14
2026-01-27 12:38:00,26.22,26.22,26.22,26.22,0
2026-01-27 12:39:00,26.23,26.23,26.215,26.225,9
2026-01-27 12:40:00,26.225,26.225,26.225,26.225,0
2026-01-27 12:41:00,26.2,26.2,26.2,26.2,2
2026-01-27 12:42:00,26.2,26.2,26.19,26.19,5
2026-01-27 12:43:00,26.18,26.18,26.18,26.18,3
2026-01-27 12:44:00,26.17,26.17,26.1592,26.17,22
2026-01-27 12:45:00,26.175,26.175,26.175,26.175,1
2026-01-27 12:46:00,26.175,26.175,26.175,26.175,2
2026-01-27 12:47:00,26.175,26.175,26.175,26.175,0
2026-01-27 12:48:00,26.1898,26.1898,26.175,26.175,2
2026-01-27 12:49:00,26.16,26.175,26.16,26.16,4
2026-01-27 12:50:00,26.155,26.16,26.155,26.16,3
2026-01-27 12:51:00,26.14,26.15,26.14,26.15,2
2026-01-27 12:52:00,26.155,26.155,26.155,26.155,2
2026-01-27 12:53:00,26.1501,26.1501,26.13,26.13,2
2026-01-27 12:54:00,26.115,26.115,26.115,26.115,1
2026-01-27 12:55:00,26.13,26.13,26.13,26.13,3
2026-01-27 12:56:00,26.13,26.13,26.13,26.13,0
2026-01-27 12:57:00,26.12,26.12,26.12,26.12,2
2026-01-27 12:58:00,26.12,26.12,26.12,26.12,1
2026-01-27 12:59:00,26.13,26.15,26.13,26.1355,36
2026-01-27 13:00:00,26.15,26.15,26.15,26.15,1
2026-01-27 13:01:00,26.15,26.15,26.15,26.15,0
2026-01-27 13:02:00,26.145,26.16,26.145,26.15,11
2026-01-27 13:03:00,26.15,26.15,26.15,26.15,0
2026-01-27 13:04:00,26.15,26.15,26.15,26.15,0
2026-01-27 13:05:00,26.13,26.13,26.13,26.13,1
2026-01-27 13:06:00,26.125,26.125,26.06,26.105,10
2026-01-27 13:07:00,26.12,26.1291,26.12,26.1291,7
2026-01-27 13:08:00,26.13,26.135,26.13,26.135,4
2026-01-27 13:09:00,26.13,26.13,26.13,26.13,2
2026-01-27 13:10:00,26.13,26.13,26.13,26.13,1
2026-01-27 13:11:00,26.14,26.14,26.1,26.1,32
2026-01-27 13:12:00,26.1,26.1,26.1,26.1,1
2026-01-27 13:13:00,26.1,26.1,26.1,26.1,0
2026-01-27 13:14:00,26.08,26.08,26.08,26.08,3
2026-01-27 13:15:00,26.09,26.09,26.09,26.09,9
2026-01-27 13:16:00,26.09,26.09,26.09,26.09,0
2026-01-27 13:17:00,26.09,26.09,26.09,26.09,0
2026-01-27 13:18:00,26.085,26.0865,26.085,26.0865,6
2026-01-27 13:19:00,26.1,26.1131,26.1,26.1131,12
2026-01-27 13:20:00,26.1131,26.1131,26.1131,26.1131,0
2026-01-27 13:21:00,26.09,26.09,26.09,26.09,1
2026-01-27 13:22:00,26.09,26.09,26.09,26.09,0
2026-01-27 13:23:00,26.105,26.105,26.105,26.105,3
2026-01-27 13:24:00,26.12,26.15,26.12,26.15,15
2026-01-27 13:25:00,26.155,26.155,26.155,26.155,3
2026-01-27 13:26:00,26.155,26.155,26.155,26.155,0
2026-01-27 13:27:00,26.205,26.22,26.205,26.22,3
2026-01-27 13:28:00,26.22,26.22,26.22,26.22,0
2026-01-27 13:29:00,26.19,26.19,26.18,26.18,4
2026-01-27 13:30:00,26.205,26.205,26.205,26.205,2
2026-01-27 13:31:00,26.23,26.24,26.23,26.24,5
2026-01-27 13:32:00,26.235,26.235,26.235,26.235,2
2026-01-27 13:33:00,26.22,26.22,26.21,26.21,2
2026-01-27 13:34:00,26.225,26.225,26.225,26.225,2
2026-01-27 13:35:00,26.24,26.25,26.24,26.25,2
2026-01-27 13:36:00,26.25,26.25,26.25,26.25,0
2026-01-27 13:37:00,26.235,26.235,26.235,26.235,2
2026-01-27 13:38:00,26.21,26.21,26.21,26.21,4
2026-01-27 13:39:00,26.2,26.21,26.19,26.2,10
2026-01-27 13:40:00,26.25,26.25,26.1901,26.1901,5
2026-01-27 13:41:00,26.215,26.215,26.213,26.213,2
2026-01-27 13:42:00,26.21,26.21,26.21,26.21,1
2026-01-27 13:43:00,26.21,26.21,26.21,26.21,0
2026-01-27 13:44:00,26.21,26.21,26.21,26.21,0
2026-01-27 13:45:00,26.23,26.23,26.23,26.23,1
2026-01-27 13:46:00,26.215,26.215,26.215,26.215,1
2026-01-27 13:47:00,26.215,26.23,26.215,26.23,9
2026-01-27 13:48:00,26.23,26.23,26.23,26.23,0
2026-01-27 13:49:00,26.23,26.23,26.23,26.23,0
2026-01-27 13:50:00,26.22,26.22,26.22,26.22,3
2026-01-27 13:51:00,26.22,26.22,26.22,26.22,7
2026-01-27 13:52:00,26.21,26.215,26.185,26.185,20
2026-01-27 13:53:00,26.185,26.185,26.185,26.185,0
2026-01-27 13:54:00,26.185,26.185,26.185,26.185,1
2026-01-27 13:55:00,26.21,26.215,26.21,26.21,3
2026-01-27 13:56:00,26.21,26.21,26.21,26.21,0
2026-01-27 13:57:00,26.24,26.24,26.23,26.23,12
2026-01-27 13:58:00,26.25,26.25,26.25,26.25,3
2026-01-27 13:59:00,26.25,26.25,26.25,26.25,0
2026-01-27 14:00:00,26.26,26.26,26.24,26.25,15
2026-01-27 14:01:00,26.26,26.26,26.25,26.25,4
2026-01-27 14:02:00,26.25,26.25,26.25,26.25,0
2026-01-27 14:03:00,26.25,26.25,26.25,26.25,7
2026-01-27 14:04:00,26.2301,26.25,26.2301,26.2401,13
2026-01-27 14:05:00,26.2422,26.255,26.2422,26.255,3
2026-01-27 14:06:00,26.26,26.27,26.255,26.255,13
2026-01-27 14:07:00,26.26,26.26,26.25,26.25,5
2026-01-27 14:08:00,26.255,26.255,26.255,26.255,1
2026-01-27 14:09:00,26.255,26.255,26.255,26.255,4
2026-01-27 14:10:00,26.27,26.29,26.27,26.29,6
2026-01-27 14:11:00,26.3,26.3,26.3,26.3,2
2026-01-27 14:12:00,26.3,26.3,26.3,26.3,0
2026-01-27 14:13:00,26.3,26.3,26.3,26.3,0
2026-01-27 14:14:00,26.29,26.34,26.29,26.34,24
2026-01-27 14:15:00,26.34,26.34,26.34,26.34,0
2026-01-27 14:16:00,26.325,26.325,26.325,26.325,1
2026-01-27 14:17:00,26.31,26.31,26.31,26.31,1
2026-01-27 14:18:00,26.315,26.315,26.315,26.315,1
2026-01-27 14:19:00,26.315,26.315,26.315,26.315,0
2026-01-27 14:20:00,26.3,26.3,26.3,26.3,7
2026-01-27 14:21:00,26.3,26.3,26.3,26.3,0
2026-01-27 14:22:00,26.3,26.3,26.3,26.3,0
2026-01-27 14:23:00,26.295,26.295,26.2846,26.2846,2
2026-01-27 14:24:00,26.295,26.295,26.295,26.295,2
2026-01-27 14:25:00,26.29,26.29,26.28,26.28,15
2026-01-27 14:26:00,26.29,26.29,26.29,26.29,1
2026-01-27 14:27:00,26.285,26.29,26.285,26.285,3
2026-01-27 14:28:00,26.285,26.285,26.285,26.285,0
2026-01-27 14:29:00,26.285,26.33,26.285,26.33,17
2026-01-27 14:30:00,26.335,26.34,26.325,26.325,11
2026-01-27 14:31:00,26.325,26.325,26.325,26.325,2
2026-01-27 14:32:00,26.32,26.32,26.32,26.32,4
2026-01-27 14:33:00,26.305,26.305,26.305,26.305,1
2026-01-27 14:34:00,26.32,26.32,26.32,26.32,4
2026-01-27 14:35:00,26.31,26.32,26.31,26.32,23
2026-01-27 14:36:00,26.31,26.31,26.31,26.31,1
2026-01-27 14:37:00,26.32,26.32,26.31,26.31,2
2026-01-27 14:38:00,26.315,26.315,26.31,26.31,11
2026-01-27 14:39:00,26.32,26.33,26.32,26.33,7
2026-01-27 14:40:00,26.33,26.34,26.33,26.34,3
2026-01-27 14:41:00,26.34,26.345,26.33,26.33,7
2026-01-27 14:42:00,26.335,26.335,26.335,26.335,7
2026-01-27 14:43:00,26.34,26.34,26.32,26.325,8
2026-01-27 14:44:00,26.3262,26.33,26.31,26.31,31
2026-01-27 14:45:00,26.31,26.31,26.295,26.295,7
2026-01-27 14:46:00,26.295,26.295,26.295,26.295,1
2026-01-27 14:47:00,26.31,26.32,26.31,26.31,5
2026-01-27 14:48:00,26.29,26.31,26.29,26.295,68
2026-01-27 14:49:00,26.32,26.32,26.28,26.28,10
2026-01-27 14:50:00,26.285,26.285,26.27,26.275,5
2026-01-27 14:51:00,26.29,26.29,26.275,26.275,16
2026-01-27 14:52:00,26.275,26.285,26.275,26.285,4
2026-01-27 14:53:00,26.295,26.295,26.24,26.25,40
2026-01-27 14:54:00,26.245,26.25,26.245,26.245,11
2026-01-27 14:55:00,26.245,26.245,26.22,26.23,16
2026-01-27 14:56:00,26.23,26.23,26.23,26.23,1
2026-01-27 14:57:00,26.21,26.22,26.21,26.22,7
2026-01-27 14:58:00,26.2,26.2,26.13,26.13,5
2026-01-27 14:59:00,26.145,26.145,26.13,26.13,4
2026-01-27 15:00:00,26.13,26.13,26.13,26.13,1
2026-01-27 15:01:00,26.13,26.13,26.13,26.13,7
2026-01-27 15:02:00,26.14,26.18,26.13,26.15,36
2026-01-27 15:03:00,26.13,26.15,26.13,26.15,5
2026-01-27 15:04:00,26.165,26.17,26.165,26.17,4
2026-01-27 15:05:00,26.17,26.17,26.17,26.17,0
2026-01-27 15:06:00,26.16,26.175,26.14,26.14,19
2026-01-27 15:07:00,26.13,26.15,26.13,26.15,3
2026-01-27 15:08:00,26.15,26.15,26.15,26.15,2
2026-01-27 15:09:00,26.18,26.18,26.085,26.085,48
2026-01-27 15:10:00,26.085,26.1,26.07,26.09,26
2026-01-27 15:11:00,26.1,26.12,26.08,26.08,20
2026-01-27 15:12:00,26.105,26.105,26.08,26.08,5
2026-01-27 15:13:00,26.08,26.08,26.08,26.08,1
2026-01-27 15:14:00,26.1,26.1,26.1,26.1,2
2026-01-27 15:15:00,26.08,26.09,26.06,26.06,19
2026-01-27 15:16:00,26.06,26.06,26.06,26.06,3
2026-01-27 15:17:00,26.07,26.07,26.05,26.065,41
2026-01-27 15:18:00,26.06,26.06,26.04,26.045,15
2026-01-27 15:19:00,26.065,26.065,26.065,26.065,3
2026-01-27 15:20:00,26.06,26.06,26.06,26.06,3
2026-01-27 15:21:00,26.07,26.07,26.06,26.07,11
2026-01-27 15:22:00,26.07,26.07,26.07,26.07,2
2026-01-27 15:23:00,26.07,26.07,26.07,26.07,1
2026-01-27 15:24:00,26.07,26.07,26.05,26.05,11
2026-01-27 15:25:00,26.04,26.045,26.03,26.03,6
2026-01-27 15:26:00,26.03,26.03,26.03,26.03,0
2026-01-27 15:27:00,26.03,26.0449,26.02,26.03,14
2026-01-27 15:28:00,26.03,26.03,26.01,26.01,4
2026-01-27 15:29:00,26.025,26.05,26.025,26.05,24
2026-01-27 15:30:00,26.05,26.05,26.04,26.04,11
2026-01-27 15:31:00,26.04,26.04,26.02,26.02,5
2026-01-27 15:32:00,26.04,26.05,26.04,26.04,7
2026-01-27 15:33:00,26.06,26.14,26.06,26.13,69
2026-01-27 15:34:00,26.13,26.13,26.1,26.1,20
2026-01-27 15:35:00,26.1,26.115,26.1,26.1,5
2026-01-27 15:36:00,26.1,26.125,26.1,26.1,42
2026-01-27 15:37:00,26.1,26.105,26.09,26.105,15
2026-01-27 15:38:00,26.11,26.115,26.09,26.09,7
2026-01-27 15:39:00,26.1,26.14,26.09,26.14,16
2026-01-27 15:40:00,26.135,26.135,26.12,26.12,3
2026-01-27 15:41:00,26.1335,26.15,26.12,26.135,19
2026-01-27 15:42:00,26.12,26.13,26.12,26.12,10
2026-01-27 15:43:00,26.13,26.15,26.12,26.14,14
2026-01-27 15:44:00,26.14,26.155,26.13,26.155,17
2026-01-27 15:45:00,26.15,26.15,26.13,26.135,21
2026-01-27 15:46:00,26.12,26.135,26.12,26.135,18
2026-01-27 15:47:00,26.135,26.135,26.135,26.135,6
2026-01-27 15:48:00,26.14,26.18,26.14,26.18,24
2026-01-27 15:49:00,26.1725,26.1725,26.13,26.14,48
2026-01-27 15:50:00,26.16,26.195,26.16,26.195,16
2026-01-27 15:51:00,26.195,26.24,26.19,26.24,82
2026-01-27 15:52:00,26.24,26.24,26.2,26.205,28
2026-01-27 15:53:00,26.205,26.205,26.19,26.205,8
2026-01-27 15:54:00,26.21,26.23,26.2,26.225,41
2026-01-27 15:55:00,26.24,26.265,26.235,26.26,20
2026-01-27 15:56:00,26.28,26.28,26.23,26.23,53
2026-01-27 15:57:00,26.23,26.265,26.23,26.25,65
2026-01-27 15:58:00,26.26,26.295,26.255,26.28,165
2026-01-27 15:59:00,26.285,26.33,26.285,26.33,262
2026-01-28 09:30:00,26.19,26.385,26.19,26.385,54
2026-01-28 09:31:00,26.385,26.385,26.385,26.385,0
2026-01-28 09:32:00,26.29,26.29,26.21,26.21,5
2026-01-28 09:33:00,26.21,26.21,26.1,26.155,9
2026-01-28 09:34:00,26.12,26.27,26.12,26.27,32
2026-01-28 09:35:00,26.27,26.27,26.27,26.27,0
2026-01-28 09:36:00,26.215,26.215,26.215,26.215,29
2026-01-28 09:37:00,26.23,26.23,26.215,26.215,2
2026-01-28 09:38:00,26.215,26.2169,26.05,26.11,89
2026-01-28 09:39:00,26.04,26.09,26.03,26.03,27
2026-01-28 09:40:00,26.085,26.085,26.02,26.03,30
2026-01-28 09:41:00,26.08,26.085,26.08,26.085,5
2026-01-28 09:42:00,26.12,26.14,26.1,26.1,22
2026-01-28 09:43:00,26.105,26.105,26.105,26.105,2
2026-01-28 09:44:00,26.02,26.065,26.0,26.065,25
2026-01-28 09:45:00,25.96,25.99,25.95,25.99,10
2026-01-28 09:46:00,26.0,26.0,26.0,26.0,1
2026-01-28 09:47:00,25.95,25.965,25.92,25.965,12
2026-01-28 09:48:00,25.95,25.95,25.83,25.84,64
2026-01-28 09:49:00,25.82,25.8699,25.82,25.8699,5
2026-01-28 09:50:00,25.8322,25.835,25.77,25.8,31
2026-01-28 09:51:00,25.87,25.965,25.86,25.955,52
2026-01-28 09:52:00,25.97,25.97,25.9238,25.97,12
2026-01-28 09:53:00,25.9701,25.9701,25.89,25.93,30
2026-01-28 09:54:00,25.8913,25.91,25.8913,25.91,7
2026-01-28 09:55:00,25.93,25.93,25.845,25.875,24
2026-01-28 09:56:00,25.83,25.86,25.82,25.855,19
2026-01-28 09:57:00,25.82,25.82,25.82,25.82,2
2026-01-28 09:58:00,25.845,25.92,25.845,25.88,54
2026-01-28 09:59:00,25.88,25.88,25.88,25.88,0
2026-01-28 10:00:00,25.865,25.865,25.865,25.865,1
2026-01-28 10:01:00,25.85,25.91,25.85,25.9,12
2026-01-28 10:02:00,25.88,26.03,25.88,25.97,43
2026-01-28 10:03:00,25.96,25.965,25.96,25.965,3
2026-01-28 10:04:00,25.965,25.965,25.965,25.965,0
2026-01-28 10:05:00,25.955,25.955,25.92,25.92,16
2026-01-28 10:06:00,25.92,25.92,25.9145,25.9145,3
2026-01-28 10:07:00,25.9351,25.97,25.93,25.94,12
2026-01-28 10:08:00,25.955,25.955,25.955,25.955,2
2026-01-28 10:09:00,25.94,25.94,25.91,25.925,7
2026-01-28 10:10:00,25.94,25.95,25.9,25.9,12
2026-01-28 10:11:00,25.92,25.92,25.92,25.92,1
2026-01-28 10:12:00,25.925,25.925,25.9,25.9,4
2026-01-28 10:13:00,25.9,25.9,25.9,25.9,0
2026-01-28 10:14:00,25.8451,25.87,25.8451,25.87,8
2026-01-28 10:15:00,25.85,25.88,25.85,25.88,6
2026-01-28 10:16:00,25.86,25.9,25.86,25.9,5
2026-01-28 10:17:00,25.88,25.88,25.87,25.88,8
2026-01-28 10:18:00,25.8872,25.8872,25.8872,25.8872,1
2026-01-28 10:19:00,25.87,25.875,25.84,25.84,11
2026-01-28 10:20:00,25.84,25.84,25.84,25.84,0
2026-01-28 10:21:00,25.84,25.84,25.84,25.84,3
2026-01-28 10:22:00,25.87,25.87,25.845,25.85,35
2026-01-28 10:23:00,25.845,25.845,25.82,25.83,7
2026-01-28 10:24:00,25.83,25.83,25.83,25.83,2
2026-01-28 10:25:00,25.8,25.8,25.79,25.7901,23
2026-01-28 10:26:00,25.7901,25.7901,25.7901,25.7901,0
2026-01-28 10:27:00,25.81,25.82,25.79,25.81,38
2026-01-28 10:28:00,25.79,25.795,25.7601,25.7601,62
2026-01-28 10:29:00,25.8,25.8,25.77,25.79,36
2026-01-28 10:30:00,25.785,25.785,25.785,25.785,1
2026-01-28 10:31:00,25.785,25.785,25.785,25.785,1
2026-01-28 10:32:00,25.81,25.83,25.81,25.83,5
2026-01-28 10:33:00,25.82,25.82,25.8,25.8,3
2026-01-28 10:34:00,25.8,25.8,25.8,25.8,0
2026-01-28 10:35:00,25.8,25.8,25.8,25.8,0
2026-01-28 10:36:00,25.775,25.805,25.775,25.805,29
2026-01-28 10:37:00,25.805,25.805,25.76,25.77,47
2026-01-28 10:38:00,25.7718,25.7718,25.75,25.77,52
2026-01-28 10:39:00,25.765,25.765,25.72,25.72,11
2026-01-28 10:40:00,25.7396,25.7396,25.725,25.725,12
2026-01-28 10:41:00,25.71,25.71,25.66,25.6886,76
2026-01-28 10:42:00,25.665,25.67,25.65,25.65,79
2026-01-28 10:43:00,25.64,25.64,25.64,25.64,5
2026-01-28 10:44:00,25.64,25.64,25.64,25.64,0
2026-01-28 10:45:00,25.635,25.6451,25.635,25.6451,4
2026-01-28 10:46:00,25.6451,25.6451,25.6451,25.6451,0
2026-01-28 10:47:00,25.6451,25.6451,25.6451,25.6451,0
2026-01-28 10:48:00,25.645,25.645,25.63,25.63,5
2026-01-28 10:49:00,25.63,25.63,25.62,25.62,3
2026-01-28 10:50:00,25.64,25.68,25.64,25.68,70
2026-01-28 10:51:00,25.6994,25.6994,25.67,25.67,9
2026-01-28 10:52:00,25.67,25.67,25.67,25.67,0
2026-01-28 10:53:00,25.68,25.7,25.67,25.7,9
2026-01-28 10:54:00,25.695,25.695,25.695,25.695,5
2026-01-28 10:55:00,25.695,25.745,25.695,25.745,15
2026-01-28 10:56:00,25.73,25.73,25.71,25.725,5
2026-01-28 10:57:00,25.725,25.725,25.725,25.725,0
2026-01-28 10:58:00,25.71,25.71,25.71,25.71,1
2026-01-28 10:59:00,25.695,25.695,25.695,25.695,1
2026-01-28 11:00:00,25.71,25.71,25.695,25.71,6
2026-01-28 11:01:00,25.73,25.75,25.68,25.68,41
2026-01-28 11:02:00,25.68,25.68,25.68,25.68,0
2026-01-28 11:03:00,25.71,25.748,25.71,25.72,8
2026-01-28 11:04:00,25.72,25.72,25.72,25.72,3
2026-01-28 11:05:00,25.695,25.695,25.69,25.69,2
2026-01-28 11:06:00,25.72,25.75,25.72,25.75,2
2026-01-28 11:07:00,25.74,25.74,25.74,25.74,7
2026-01-28 11:08:00,25.73,25.76,25.725,25.76,5
2026-01-28 11:09:00,25.77,25.77,25.725,25.725,8
2026-01-28 11:10:00,25.735,25.735,25.735,25.735,3
2026-01-28 11:11:00,25.7429,25.7429,25.7429,25.7429,1
2026-01-28 11:12:00,25.75,25.765,25.75,25.765,5
2026-01-28 11:13:00,25.7679,25.77,25.7679,25.77,2
2026-01-28 11:14:00,25.78,25.78,25.7671,25.7671,2
2026-01-28 11:15:00,25.7671,25.7671,25.7671,25.7671,0
2026-01-28 11:16:00,25.78,25.78,25.75,25.75,10
2026-01-28 11:17:00,25.76,25.78,25.76,25.77,4
2026-01-28 11:18:00,25.75,25.77,25.75,25.77,4
2026-01-28 11:19:00,25.77,25.77,25.77,25.77,0
2026-01-28 11:20:00,25.77,25.77,25.77,25.77,0
2026-01-28 11:21:00,25.77,25.77,25.77,25.77,0
2026-01-28 11:22:00,25.75,25.78,25.75,25.78,5
2026-01-28 11:23:00,25.74,25.74,25.74,25.74,3
2026-01-28 11:24:00,25.73,25.735,25.73,25.735,2
2026-01-28 11:25:00,25.7368,25.7368,25.7368,25.7368,1
2026-01-28 11:26:00,25.7308,25.74,25.73,25.74,9
2026-01-28 11:27:00,25.72,25.735,25.685,25.735,36
2026-01-28 11:28:00,25.73,25.73,25.73,25.73,6
2026-01-28 11:29:00,25.715,25.715,25.69,25.695,6
2026-01-28 11:30:00,25.695,25.695,25.695,25.695,0
2026-01-28 11:31:00,25.69,25.69,25.67,25.67,11
2026-01-28 11:32:00,25.68,25.68,25.68,25.68,1
2026-01-28 11:33:00,25.695,25.695,25.695,25.695,3
2026-01-28 11:34:00,25.695,25.695,25.695,25.695,0
2026-01-28 11:35:00,25.68,25.68,25.68,25.68,4
2026-01-28 11:36:00,25.66,25.66,25.65,25.65,2
2026-01-28 11:37:00,25.65,25.65,25.65,25.65,0
2026-01-28 11:38:00,25.67,25.67,25.67,25.67,1
2026-01-28 11:39:00,25.67,25.67,25.67,25.67,1
2026-01-28 11:40:00,25.66,25.66,25.66,25.66,1
2026-01-28 11:41:00,25.67,25.69,25.67,25.69,10
2026-01-28 11:42:00,25.69,25.69,25.67,25.67,11
2026-01-28 11:43:00,25.67,25.67,25.67,25.67,0
2026-01-28 11:44:00,25.65,25.65,25.65,25.65,2
2026-01-28 11:45:00,25.65,25.65,25.65,25.65,0
2026-01-28 11:46:00,25.635,25.635,25.635,25.635,19
2026-01-28 11:47:00,25.635,25.635,25.635,25.635,0
2026-01-28 11:48:00,25.61,25.61,25.6,25.6,22
2026-01-28 11:49:00,25.6,25.6,25.6,25.6,0
2026-01-28 11:50:00,25.6,25.6,25.6,25.6,5
2026-01-28 11:51:00,25.59,25.59,25.59,25.59,1
2026-01-28 11:52:00,25.58,25.585,25.58,25.585,2
2026-01-28 11:53:00,25.585,25.585,25.585,25.585,1
2026-01-28 11:54:00,25.59,25.59,25.59,25.59,1
2026-01-28 11:55:00,25.59,25.59,25.59,25.59,1
2026-01-28 11:56:00,25.57,25.57,25.57,25.57,3
2026-01-28 11:57:00,25.565,25.565,25.565,25.565,2
2026-01-28 11:58:00,25.55,25.55,25.55,25.55,1
2026-01-28 11:59:00,25.52,25.535,25.52,25.52,8
2026-01-28 12:00:00,25.525,25.525,25.525,25.525,8
2026-01-28 12:01:00,25.525,25.525,25.525,25.525,1
2026-01-28 12:02:00,25.525,25.525,25.525,25.525,1
2026-01-28 12:03:00,25.515,25.53,25.515,25.53,2
2026-01-28 12:04:00,25.525,25.525,25.52,25.52,2
2026-01-28 12:05:00,25.52,25.54,25.52,25.535,8
2026-01-28 12:06:00,25.55,25.55,25.55,25.55,3
2026-01-28 12:07:00,25.5513,25.57,25.54,25.54,20
2026-01-28 12:08:00,25.55,25.55,25.54,25.54,4
2026-01-28 12:09:00,25.56,25.5601,25.56,25.5601,3
2026-01-28 12:10:00,25.53,25.53,25.53,25.53,1
2026-01-28 12:11:00,25.58,25.58,25.58,25.58,1
2026-01-28 12:12:00,25.58,25.58,25.58,25.58,0
2026-01-28 12:13:00,25.6,25.61,25.59,25.59,7
2026-01-28 12:14:00,25.6,25.6,25.6,25.6,1
2026-01-28 12:15:00,25.58,25.58,25.58,25.58,5
2026-01-28 12:16:00,25.58,25.58,25.58,25.58,1
2026-01-28 12:17:00,25.5858,25.5858,25.5858,25.5858,1
2026-01-28 12:18:00,25.575,25.59,25.575,25.59,7
2026-01-28 12:19:00,25.58,25.58,25.58,25.58,1
2026-01-28 12:20:00,25.58,25.58,25.58,25.58,0
2026-01-28 12:21:00,25.58,25.58,25.58,25.58,0
2026-01-28 12:22:00,25.56,25.6,25.56,25.59,8
2026-01-28 12:23:00,25.59,25.59,25.59,25.59,0
2026-01-28 12:24:00,25.57,25.57,25.56,25.56,4
2026-01-28 12:25:00,25.545,25.5485,25.54,25.54,6
2026-01-28 12:26:00,25.57,25.57,25.57,25.57,2
2026-01-28 12:27:00,25.57,25.57,25.55,25.55,2
2026-01-28 12:28:00,25.5699,25.5699,25.5699,25.5699,2
2026-01-28 12:29:00,25.5677,25.5677,25.555,25.555,5
2026-01-28 12:30:00,25.57,25.57,25.56,25.56,8
2026-01-28 12:31:00,25.54,25.54,25.53,25.53,3
2026-01-28 12:32:00,25.525,25.525,25.525,25.525,19
2026-01-28 12:33:00,25.525,25.525,25.525,25.525,0
2026-01-28 12:34:00,25.53,25.54,25.53,25.54,3
2026-01-28 12:35:00,25.5399,25.54,25.5399,25.54,6
2026-01-28 12:36:00,25.55,25.56,25.55,25.55,14
2026-01-28 12:37:00,25.55,25.55,25.55,25.55,0
2026-01-28 12:38:00,25.55,25.55,25.55,25.55,0
2026-01-28 12:39:00,25.55,25.55,25.55,25.55,1
2026-01-28 12:40:00,25.555,25.555,25.555,25.555,1
2026-01-28 12:41:00,25.5699,25.5699,25.5699,25.5699,5
2026-01-28 12:42:00,25.57,25.57,25.57,25.57,2
2026-01-28 12:43:00,25.56,25.565,25.56,25.565,4
2026-01-28 12:44:00,25.565,25.565,25.565,25.565,0
2026-01-28 12:45:00,25.55,25.55,25.52,25.52,2
2026-01-28 12:46:00,25.53,25.55,25.53,25.55,6
2026-01-28 12:47:00,25.55,25.55,25.55,25.55,6
2026-01-28 12:48:00,25.55,25.55,25.55,25.55,0
2026-01-28 12:49:00,25.56,25.56,25.54,25.54,5
2026-01-28 12:50:00,25.56,25.58,25.56,25.58,4
2026-01-28 12:51:00,25.58,25.58,25.58,25.58,0
2026-01-28 12:52:00,25.6084,25.6084,25.6084,25.6084,2
2026-01-28 12:53:00,25.61,25.61,25.59,25.59,7
2026-01-28 12:54:00,25.605,25.605,25.6,25.6,2
2026-01-28 12:55:00,25.6,25.6,25.6,25.6,0
2026-01-28 12:56:00,25.615,25.615,25.5901,25.5901,3
2026-01-28 12:57:00,25.5904,25.5904,25.59,25.59,3
2026-01-28 12:58:00,25.59,25.59,25.59,25.59,0
2026-01-28 12:59:00,25.59,25.59,25.59,25.59,0
2026-01-28 13:00:00,25.59,25.59,25.59,25.59,0
2026-01-28 13:01:00,25.5801,25.5801,25.5801,25.5801,6
2026-01-28 13:02:00,25.5801,25.5801,25.5801,25.5801,0
2026-01-28 13:03:00,25.5701,25.585,25.57,25.58,5
2026-01-28 13:04:00,25.58,25.58,25.58,25.58,0
2026-01-28 13:05:00,25.6,25.6,25.6,25.6,2
2026-01-28 13:06:00,25.58,25.59,25.58,25.58,7
2026-01-28 13:07:00,25.58,25.58,25.58,25.58,0
2026-01-28 13:08:00,25.595,25.595,25.595,25.595,1
2026-01-28 13:09:00,25.6,25.6,25.6,25.6,6
2026-01-28 13:10:00,25.6,25.6,25.6,25.6,0
2026-01-28 13:11:00,25.59,25.59,25.59,25.59,1
2026-01-28 13:12:00,25.58,25.58,25.58,25.58,1
2026-01-28 13:13:00,25.58,25.58,25.58,25.58,0
2026-01-28 13:14:00,25.58,25.58,25.58,25.58,0
2026-01-28 13:15:00,25.58,25.58,25.58,25.58,0
2026-01-28 13:16:00,25.6,25.6,25.6,25.6,1
2026-01-28 13:17:00,25.59,25.59,25.59,25.59,5
2026-01-28 13:18:00,25.59,25.59,25.59,25.59,0
2026-01-28 13:19:00,25.57,25.58,25.57,25.58,6
2026-01-28 13:20:00,25.58,25.58,25.58,25.58,0
2026-01-28 13:21:00,25.58,25.58,25.58,25.58,0
2026-01-28 13:22:00,25.55,25.56,25.55,25.56,6
2026-01-28 13:23:00,25.555,25.58,25.555,25.58,16
2026-01-28 13:24:00,25.58,25.58,25.58,25.58,0
2026-01-28 13:25:00,25.58,25.58,25.58,25.58,0
2026-01-28 13:26:00,25.575,25.62,25.575,25.59,19
2026-01-28 13:27:00,25.59,25.59,25.59,25.59,0
2026-01-28 13:28:00,25.615,25.615,25.615,25.615,1
2026-01-28 13:29:00,25.59,25.59,25.58,25.58,7
2026-01-28 13:30:00,25.58,25.58,25.58,25.58,2
2026-01-28 13:31:00,25.58,25.58,25.58,25.58,0
2026-01-28 13:32:00,25.57,25.58,25.57,25.58,2
2026-01-28 13:33:00,25.58,25.58,25.56,25.56,2
2026-01-28 13:34:00,25.5521,25.59,25.545,25.59,24
2026-01-28 13:35:00,25.59,25.59,25.59,25.59,1
2026-01-28 13:36:00,25.59,25.59,25.59,25.59,0
2026-01-28 13:37:00,25.6,25.61,25.6,25.61,5
2026-01-28 13:38:00,25.61,25.61,25.61,25.61,0
2026-01-28 13:39:00,25.61,25.61,25.6,25.61,4
2026-01-28 13:40:00,25.63,25.63,25.63,25.63,10
2026-01-28 13:41:00,25.63,25.63,25.63,25.63,0
2026-01-28 13:42:00,25.625,25.625,25.625,25.625,1
2026-01-28 13:43:00,25.625,25.625,25.625,25.625,0
2026-01-28 13:44:00,25.625,25.625,25.625,25.625,0
2026-01-28 13:45:00,25.6106,25.6106,25.6,25.6,4
2026-01-28 13:46:00,25.6,25.6,25.6,25.6,0
2026-01-28 13:47:00,25.6,25.6,25.6,25.6,1
2026-01-28 13:48:00,25.61,25.61,25.61,25.61,1
2026-01-28 13:49:00,25.61,25.61,25.61,25.61,0
2026-01-28 13:50:00,25.6,25.6,25.6,25.6,1
2026-01-28 13:51:00,25.6,25.6,25.6,25.6,0
2026-01-28 13:52:00,25.6,25.6,25.6,25.6,0
2026-01-28 13:53:00,25.6,25.6,25.6,25.6,0
2026-01-28 13:54:00,25.59,25.6,25.58,25.58,21
2026-01-28 13:55:00,25.58,25.58,25.58,25.58,0
2026-01-28 13:56:00,25.595,25.595,25.595,25.595,2
2026-01-28 13:57:00,25.59,25.61,25.59,25.605,9
2026-01-28 13:58:00,25.61,25.61,25.61,25.61,3
2026-01-28 13:59:00,25.6,25.6,25.6,25.6,1
2026-01-28 14:00:00,25.6,25.6,25.59,25.6,3
2026-01-28 14:01:00,25.6,25.6,25.6,25.6,1
2026-01-28 14:02:00,25.59,25.6,25.59,25.595,5
2026-01-28 14:03:00,25.58,25.58,25.58,25.58,1
2026-01-28 14:04:00,25.56,25.56,25.56,25.56,6
2026-01-28 14:05:00,25.57,25.57,25.56,25.57,9
2026-01-28 14:06:00,25.58,25.58,25.58,25.58,9
2026-01-28 14:07:00,25.58,25.58,25.58,25.58,0
2026-01-28 14:08:00,25.59,25.59,25.575,25.575,3
2026-01-28 14:09:00,25.575,25.575,25.575,25.575,0
2026-01-28 14:10:00,25.575,25.575,25.575,25.575,0
2026-01-28 14:11:00,25.575,25.575,25.575,25.575,0
2026-01-28 14:12:00,25.575,25.575,25.575,25.575,0
2026-01-28 14:13:00,25.575,25.575,25.575,25.575,0
2026-01-28 14:14:00,25.58,25.58,25.575,25.575,2
2026-01-28 14:15:00,25.575,25.575,25.575,25.575,0
2026-01-28 14:16:00,25.575,25.575,25.575,25.575,0
2026-01-28 14:17:00,25.565,25.59,25.565,25.59,8
2026-01-28 14:18:00,25.57,25.57,25.56,25.57,11
2026-01-28 14:19:00,25.58,25.58,25.58,25.58,3
2026-01-28 14:20:00,25.57,25.57,25.55,25.55,21
2026-01-28 14:21:00,25.57,25.57,25.56,25.56,3
2026-01-28 14:22:00,25.57,25.58,25.57,25.58,9
2026-01-28 14:23:00,25.58,25.58,25.58,25.58,0
2026-01-28 14:24:00,25.6,25.6,25.6,25.6,1
2026-01-28 14:25:00,25.6,25.6,25.6,25.6,2
2026-01-28 14:26:00,25.59,25.59,25.59,25.59,2
2026-01-28 14:27:00,25.59,25.59,25.59,25.59,0
2026-01-28 14:28:00,25.6,25.6,25.6,25.6,1
2026-01-28 14:29:00,25.59,25.59,25.525,25.53,10
2026-01-28 14:30:00,25.52,25.83,25.48,25.83,127
2026-01-28 14:31:00,25.825,25.895,25.76,25.76,59
2026-01-28 14:32:00,25.76,25.76,25.76,25.76,0
2026-01-28 14:33:00,25.82,25.83,25.75,25.75,8
2026-01-28 14:34:00,25.66,25.69,25.66,25.69,5
2026-01-28 14:35:00,25.625,25.625,25.625,25.625,2
2026-01-28 14:36:00,25.65,25.65,25.62,25.62,3
2026-01-28 14:37:00,25.6,25.62,25.6,25.6,16
2026-01-28 14:38:00,25.59,25.59,25.59,25.59,1
2026-01-28 14:39:00,25.59,25.59,25.59,25.59,0
2026-01-28 14:40:00,25.62,25.63,25.62,25.63,2
2026-01-28 14:41:00,25.58,25.58,25.56,25.56,5
2026-01-28 14:42:00,25.595,25.61,25.595,25.61,6
2026-01-28 14:43:00,25.61,25.61,25.61,25.61,0
2026-01-28 14:44:00,25.61,25.61,25.61,25.61,0
2026-01-28 14:45:00,25.57,25.59,25.57,25.59,7
2026-01-28 14:46:00,25.59,25.59,25.59,25.59,0
2026-01-28 14:47:00,25.59,25.59,25.57,25.57,3
2026-01-28 14:48:00,25.57,25.57,25.57,25.57,0
2026-01-28 14:49:00,25.6,25.6,25.6,25.6,1
2026-01-28 14:50:00,25.61,25.65,25.61,25.65,12
2026-01-28 14:51:00,25.63,25.63,25.63,25.63,3
2026-01-28 14:52:00,25.63,25.63,25.63,25.63,0
2026-01-28 14:53:00,25.67,25.69,25.67,25.69,3
2026-01-28 14:54:00,25.73,25.73,25.73,25.73,1
2026-01-28 14:55:00,25.69,25.69,25.69,25.69,1
2026-01-28 14:56:00,25.69,25.69,25.69,25.69,3
2026-01-28 14:57:00,25.69,25.69,25.69,25.69,0
2026-01-28 14:58:00,25.69,25.69,25.69,25.69,0
2026-01-28 14:59:00,25.66,25.6885,25.65,25.6885,8
2026-01-28 15:00:00,25.67,25.68,25.65,25.65,5
2026-01-28 15:01:00,25.612,25.62,25.588,25.5906,21
2026-01-28 15:02:00,25.5906,25.5906,25.5906,25.5906,0
2026-01-28 15:03:00,25.6115,25.6115,25.6115,25.6115,4
2026-01-28 15:04:00,25.6,25.64,25.6,25.64,25
2026-01-28 15:05:00,25.61,25.61,25.61,25.61,3
2026-01-28 15:06:00,25.62,25.62,25.62,25.62,1
2026-01-28 15:07:00,25.62,25.62,25.62,25.62,0
2026-01-28 15:08:00,25.63,25.63,25.61,25.62,10
2026-01-28 15:09:00,25.61,25.64,25.61,25.63,12
2026-01-28 15:10:00,25.63,25.63,25.63,25.63,0
2026-01-28 15:11:00,25.61,25.625,25.6,25.61,6
2026-01-28 15:12:00,25.61,25.61,25.61,25.61,0
2026-01-28 15:13:00,25.59,25.59,25.58,25.58,6
2026-01-28 15:14:00,25.58,25.58,25.58,25.58,0
2026-01-28 15:15:00,25.585,25.6,25.58,25.59,7
2026-01-28 15:16:00,25.6,25.61,25.59,25.61,36
2026-01-28 15:17:00,25.58,25.58,25.58,25.58,2
2026-01-28 15:18:00,25.55,25.55,25.54,25.54,2
2026-01-28 15:19:00,25.56,25.56,25.56,25.56,1
2026-01-28 15:20:00,25.53,25.53,25.51,25.51,16
2026-01-28 15:21:00,25.5,25.5,25.5,25.5,26
2026-01-28 15:22:00,25.48,25.5,25.48,25.5,14
2026-01-28 15:23:00,25.5,25.54,25.5,25.54,13
2026-01-28 15:24:00,25.54,25.54,25.5,25.5,5
2026-01-28 15:25:00,25.46,25.48,25.42,25.48,60
2026-01-28 15:26:00,25.52,25.52,25.5,25.5,4
2026-01-28 15:27:00,25.52,25.52,25.5,25.5,19
2026-01-28 15:28:00,25.51,25.51,25.51,25.51,1
2026-01-28 15:29:00,25.51,25.52,25.51,25.515,11
2026-01-28 15:30:00,25.51,25.52,25.51,25.52,4
2026-01-28 15:31:00,25.52,25.52,25.49,25.49,8
2026-01-28 15:32:00,25.49,25.49,25.49,25.49,1
2026-01-28 15:33:00,25.49,25.51,25.49,25.51,7
2026-01-28 15:34:00,25.5,25.5,25.5,25.5,1
2026-01-28 15:35:00,25.49,25.52,25.473,25.52,6
2026-01-28 15:36:00,25.4935,25.51,25.4935,25.51,2
2026-01-28 15:37:00,25.51,25.51,25.4902,25.51,12
2026-01-28 15:38:00,25.5,25.63,25.5,25.6,312
2026-01-28 15:39:00,25.572,25.6,25.57,25.6,19
2026-01-28 15:40:00,25.625,25.625,25.58,25.6,25
2026-01-28 15:41:00,25.6,25.6,25.6,25.6,0
2026-01-28 15:42:00,25.6,25.6,25.6,25.6,3
2026-01-28 15:43:00,25.6,25.6,25.6,25.6,0
2026-01-28 15:44:00,25.59,25.59,25.58,25.59,9
2026-01-28 15:45:00,25.58,25.58,25.565,25.565,10
2026-01-28 15:46:00,25.55,25.56,25.545,25.55,20
2026-01-28 15:47:00,25.54,25.54,25.54,25.54,3
2026-01-28 15:48:00,25.505,25.52,25.505,25.52,3
2026-01-28 15:49:00,25.47,25.48,25.435,25.45,13
2026-01-28 15:50:00,25.45,25.485,25.45,25.45,42
2026-01-28 15:51:00,25.47,25.47,25.455,25.455,11
2026-01-28 15:52:00,25.4501,25.47,25.395,25.42,69
2026-01-28 15:53:00,25.41,25.43,25.41,25.43,12
2026-01-28 15:54:00,25.42,25.43,25.4,25.4,25
2026-01-28 15:55:00,25.405,25.41,25.405,25.41,7
2026-01-28 15:56:00,25.41,25.44,25.41,25.44,38
2026-01-28 15:57:00,25.4701,25.4701,25.43,25.45,31
2026-01-28 15:58:00,25.455,25.46,25.45,25.45,36
2026-01-28 15:59:00,25.455,25.49,25.45,25.45,209
2026-01-29 09:30:00,25.29,25.5,25.265,25.345,111
2026-01-29 09:31:00,25.345,25.345,25.345,25.345,0
2026-01-29 09:32:00,25.2565,25.34,25.2565,25.34,6
2026-01-29 09:33:00,25.34,25.34,25.34,25.34,0
2026-01-29 09:34:00,25.22,25.345,25.22,25.345,9
2026-01-29 09:35:00,25.3527,25.3527,25.345,25.345,21
2026-01-29 09:36:00,25.345,25.345,25.345,25.345,2
2026-01-29 09:37:00,25.345,25.345,25.345,25.345,0
2026-01-29 09:38:00,25.37,25.37,25.37,25.37,1
2026-01-29 09:39:00,25.45,25.53,25.45,25.53,13
2026-01-29 09:40:00,25.3101,25.65,25.3101,25.65,11
2026-01-29 09:41:00,25.6,25.6,25.6,25.6,1
2026-01-29 09:42:00,25.6,25.6,25.6,25.6,1
2026-01-29 09:43:00,25.6,25.6,25.6,25.6,0
2026-01-29 09:44:00,25.6,25.6,25.6,25.6,0
2026-01-29 09:45:00,25.495,25.495,25.495,25.495,1
2026-01-29 09:46:00,25.5,25.5,25.44,25.44,6
2026-01-29 09:47:00,25.51,25.51,25.45,25.45,4
2026-01-29 09:48:00,25.54,25.57,25.51,25.535,13
2026-01-29 09:49:00,25.57,25.575,25.49,25.57,12
2026-01-29 09:50:00,25.6495,25.6495,25.6495,25.6495,1
2026-01-29 09:51:00,25.5,25.55,25.5,25.51,13
2026-01-29 09:52:00,25.51,25.54,25.49,25.54,9
2026-01-29 09:53:00,25.56,25.635,25.5,25.635,27
2026-01-29 09:54:00,25.565,25.57,25.51,25.53,10
2026-01-29 09:55:00,25.51,25.55,25.51,25.55,6
2026-01-29 09:56:00,25.55,25.64,25.51,25.64,17
2026-01-29 09:57:00,25.595,25.7479,25.595,25.7,19
2026-01-29 09:58:00,25.67,25.685,25.515,25.515,27
2026-01-29 09:59:00,25.545,25.545,25.545,25.545,5
2026-01-29 10:00:00,25.59,25.61,25.55,25.61,27
2026-01-29 10:01:00,25.565,25.565,25.565,25.565,3
2026-01-29 10:02:00,25.52,25.53,25.52,25.53,3
2026-01-29 10:03:00,25.585,25.585,25.5,25.5,12
2026-01-29 10:04:00,25.48,25.48,25.43,25.44,10
2026-01-29 10:05:00,25.44,25.46,25.44,25.46,6
2026-01-29 10:06:00,25.47,25.56,25.47,25.5,38
2026-01-29 10:07:00,25.51,25.54,25.51,25.51,10
2026-01-29 10:08:00,25.54,25.555,25.52,25.52,26
2026-01-29 10:09:00,25.52,25.605,25.51,25.605,29
2026-01-29 10:10:00,25.6,25.6,25.55,25.55,6
2026-01-29 10:11:00,25.54,25.565,25.51,25.51,9
2026-01-29 10:12:00,25.51,25.585,25.51,25.53,13
2026-01-29 10:13:00,25.54,25.54,25.5,25.5,8
2026-01-29 10:14:00,25.5,25.545,25.49,25.51,12
2026-01-29 10:15:00,25.52,25.62,25.52,25.605,42
2026-01-29 10:16:00,25.62,25.62,25.56,25.6,35
2026-01-29 10:17:00,25.58,25.58,25.58,25.58,14
2026-01-29 10:18:00,25.55,25.585,25.54,25.585,8
2026-01-29 10:19:00,25.52,25.575,25.52,25.575,8
2026-01-29 10:20:00,25.53,25.57,25.52,25.55,9
2026-01-29 10:21:00,25.58,25.58,25.56,25.56,2
2026-01-29 10:22:00,25.585,25.66,25.585,25.63,49
2026-01-29 10:23:00,25.61,25.69,25.59,25.6775,142
2026-01-29 10:24:00,25.66,25.7,25.66,25.67,72
2026-01-29 10:25:00,25.68,25.715,25.68,25.715,36
2026-01-29 10:26:00,25.71,25.7275,25.71,25.71,27
2026-01-29 10:27:00,25.71,25.71,25.71,25.71,9
2026-01-29 10:28:00,25.71,25.73,25.69,25.73,68
2026-01-29 10:29:00,25.74,25.75,25.72,25.73,28
2026-01-29 10:30:00,25.72,25.72,25.71,25.72,5
2026-01-29 10:31:00,25.69,25.7,25.68,25.68,6
2026-01-29 10:32:00,25.685,25.685,25.685,25.685,4
2026-01-29 10:33:00,25.67,25.67,25.67,25.67,1
2026-01-29 10:34:00,25.65,25.655,25.645,25.645,7
2026-01-29 10:35:00,25.64,25.64,25.59,25.64,20
2026-01-29 10:36:00,25.6,25.6,25.6,25.6,14
2026-01-29 10:37:00,25.625,25.625,25.625,25.625,8
2026-01-29 10:38:00,25.6,25.6,25.58,25.59,8
2026-01-29 10:39:00,25.59,25.59,25.58,25.58,10
2026-01-29 10:40:00,25.54,25.55,25.5,25.51,5
2026-01-29 10:41:00,25.525,25.525,25.5,25.5,3
2026-01-29 10:42:00,25.51,25.54,25.5,25.5,4
2026-01-29 10:43:00,25.475,25.53,25.475,25.495,13
2026-01-29 10:44:00,25.495,25.495,25.45,25.465,27
2026-01-29 10:45:00,25.42,25.42,25.42,25.42,1
2026-01-29 10:46:00,25.445,25.47,25.445,25.445,12
2026-01-29 10:47:00,25.43,25.44,25.41,25.435,6
2026-01-29 10:48:00,25.45,25.45,25.42,25.43,8
2026-01-29 10:49:00,25.445,25.445,25.395,25.395,24
2026-01-29 10:50:00,25.395,25.395,25.395,25.395,17
2026-01-29 10:51:00,25.38,25.38,25.375,25.38,45
2026-01-29 10:52:00,25.33,25.3757,25.33,25.35,5
2026-01-29 10:53:00,25.34,25.34,25.225,25.26,130
2026-01-29 10:54:00,25.24,25.26,25.22,25.24,9
2026-01-29 10:55:00,25.26,25.26,25.26,25.26,4
2026-01-29 10:56:00,25.31,25.32,25.29,25.3175,10
2026-01-29 10:57:00,25.33,25.38,25.32,25.38,12
2026-01-29 10:58:00,25.37,25.37,25.37,25.37,1
2026-01-29 10:59:00,25.375,25.42,25.375,25.4,16
2026-01-29 11:00:00,25.38,25.38,25.365,25.37,13
2026-01-29 11:01:00,25.33,25.34,25.33,25.335,7
2026-01-29 11:02:00,25.31,25.44,25.31,25.33,98
2026-01-29 11:03:00,25.31,25.312,25.31,25.312,3
2026-01-29 11:04:00,25.312,25.312,25.312,25.312,0
2026-01-29 11:05:00,25.3,25.3275,25.3,25.325,4
2026-01-29 11:06:00,25.335,25.335,25.335,25.335,1
2026-01-29 11:07:00,25.33,25.345,25.3,25.3,8
2026-01-29 11:08:00,25.33,25.33,25.33,25.33,5
2026-01-29 11:09:00,25.35,25.37,25.34,25.36,14
2026-01-29 11:10:00,25.33,25.36,25.33,25.355,11
2026-01-29 11:11:00,25.355,25.37,25.34,25.34,10
2026-01-29 11:12:00,25.38,25.4,25.36,25.4,19
2026-01-29 11:13:00,25.4,25.445,25.38,25.445,53
2026-01-29 11:14:00,25.43,25.445,25.42,25.43,15
2026-01-29 11:15:00,25.445,25.49,25.445,25.475,12
2026-01-29 11:16:00,25.49,25.605,25.49,25.56,122
2026-01-29 11:17:00,25.59,25.61,25.56,25.605,8
2026-01-29 11:18:00,25.605,25.605,25.56,25.56,64
2026-01-29 11:19:00,25.55,25.57,25.51,25.55,15
2026-01-29 11:20:00,25.56,25.6,25.56,25.56,74
2026-01-29 11:21:00,25.59,25.59,25.56,25.56,5
2026-01-29 11:22:00,25.59,25.59,25.56,25.56,7
2026-01-29 11:23:00,25.59,25.74,25.59,25.725,17
2026-01-29 11:24:00,25.7,25.76,25.7,25.76,7
2026-01-29 11:25:00,25.785,25.8,25.745,25.75,52
2026-01-29 11:26:00,25.78,25.805,25.77,25.805,30
2026-01-29 11:27:00,25.805,25.83,25.7,25.715,165
2026-01-29 11:28:00,25.6501,25.7,25.65,25.65,13
2026-01-29 11:29:00,25.65,25.65,25.65,25.65,0
2026-01-29 11:30:00,25.58,25.645,25.58,25.645,4
2026-01-29 11:31:00,25.645,25.645,25.61,25.61,2
2026-01-29 11:32:00,25.64,25.66,25.62,25.62,4
2026-01-29 11:33:00,25.62,25.62,25.62,25.62,0
2026-01-29 11:34:00,25.63,25.63,25.62,25.62,11
2026-01-29 11:35:00,25.59,25.59,25.59,25.59,1
2026-01-29 11:36:00,25.615,25.615,25.615,25.615,2
2026-01-29 11:37:00,25.58,25.58,25.58,25.58,1
2026-01-29 11:38:00,25.58,25.58,25.58,25.58,0
2026-01-29 11:39:00,25.605,25.68,25.605,25.675,26
2026-01-29 11:40:00,25.635,25.82,25.635,25.82,77
2026-01-29 11:41:00,25.82,25.82,25.76,25.8,14
2026-01-29 11:42:00,25.83,25.83,25.8,25.8,2
2026-01-29 11:43:00,25.85,25.8675,25.84,25.8675,19
2026-01-29 11:44:00,25.85,25.89,25.84,25.86,7
2026-01-29 11:45:00,25.8671,25.89,25.85,25.86,25
2026-01-29 11:46:00,25.86,25.87,25.8301,25.855,17
2026-01-29 11:47:00,25.86,25.86,25.855,25.855,2
2026-01-29 11:48:00,25.86,25.9,25.86,25.87,17
2026-01-29 11:49:00,25.88,25.9,25.88,25.9,3
2026-01-29 11:50:00,25.87,25.91,25.8,25.81,48
2026-01-29 11:51:00,25.81,25.81,25.81,25.81,1
2026-01-29 11:52:00,25.8,25.83,25.8,25.83,8
2026-01-29 11:53:00,25.8794,25.8794,25.79,25.79,5
2026-01-29 11:54:00,25.79,25.79,25.75,25.77,11
2026-01-29 11:55:00,25.73,25.79,25.73,25.78,12
2026-01-29 11:56:00,25.79,25.81,25.785,25.81,5
2026-01-29 11:57:00,25.78,25.7901,25.74,25.75,53
2026-01-29 11:58:00,25.75,25.77,25.74,25.755,16
2026-01-29 11:59:00,25.755,25.755,25.755,25.755,0
2026-01-29 12:00:00,25.75,25.75,25.74,25.75,6
2026-01-29 12:01:00,25.75,25.77,25.75,25.77,13
2026-01-29 12:02:00,25.79,25.79,25.755,25.78,9
2026-01-29 12:03:00,25.785,25.785,25.785,25.785,4
2026-01-29 12:04:00,25.785,25.785,25.785,25.785,0
2026-01-29 12:05:00,25.78,25.78,25.78,25.78,3
2026-01-29 12:06:00,25.77,25.77,25.76,25.77,8
2026-01-29 12:07:00,25.77,25.77,25.77,25.77,0
2026-01-29 12:08:00,25.76,25.76,25.76,25.76,1
2026-01-29 12:09:00,25.76,25.76,25.76,25.76,0
2026-01-29 12:10:00,25.76,25.76,25.74,25.75,5
2026-01-29 12:11:00,25.72,25.72,25.72,25.72,1
2026-01-29 12:12:00,25.74,25.76,25.74,25.755,3
2026-01-29 12:13:00,25.755,25.755,25.755,25.755,0
2026-01-29 12:14:00,25.755,25.755,25.755,25.755,0
2026-01-29 12:15:00,25.74,25.76,25.74,25.76,28
2026-01-29 12:16:00,25.77,25.77,25.77,25.77,3
2026-01-29 12:17:00,25.75,25.76,25.74,25.76,5
2026-01-29 12:18:00,25.72,25.76,25.72,25.75,36
2026-01-29 12:19:00,25.75,25.75,25.75,25.75,3
2026-01-29 12:20:00,25.75,25.75,25.75,25.75,0
2026-01-29 12:21:00,25.75,25.75,25.75,25.75,0
2026-01-29 12:22:00,25.755,25.755,25.74,25.74,2
2026-01-29 12:23:00,25.77,25.77,25.755,25.76,11
2026-01-29 12:24:00,25.76,25.78,25.75,25.765,16
2026-01-29 12:25:00,25.77,25.77,25.77,25.77,1
2026-01-29 12:26:00,25.77,25.77,25.73,25.73,13
2026-01-29 12:27:00,25.725,25.73,25.725,25.73,4
2026-01-29 12:28:00,25.73,25.73,25.73,25.73,0
2026-01-29 12:29:00,25.7,25.7,25.7,25.7,1
2026-01-29 12:30:00,25.74,25.748,25.74,25.748,4
2026-01-29 12:31:00,25.76,25.76,25.68,25.68,556
2026-01-29 12:32:00,25.72,25.72,25.67,25.7,55
2026-01-29 12:33:00,25.665,25.69,25.62,25.655,165
2026-01-29 12:34:00,25.655,25.68,25.655,25.68,2
2026-01-29 12:35:00,25.6575,25.685,25.57,25.57,94
2026-01-29 12:36:00,25.58,25.605,25.58,25.605,3
2026-01-29 12:37:00,25.615,25.62,25.61,25.62,7
2026-01-29 12:38:00,25.635,25.64,25.62,25.625,16
2026-01-29 12:39:00,25.645,25.66,25.645,25.655,4
2026-01-29 12:40:00,25.65,25.65,25.64,25.64,6
2026-01-29 12:41:00,25.62,25.62,25.61,25.61,5
2026-01-29 12:42:00,25.61,25.61,25.61,25.61,0
2026-01-29 12:43:00,25.59,25.59,25.59,25.59,1
2026-01-29 12:44:00,25.5756,25.61,25.5756,25.61,6
2026-01-29 12:45:00,25.57,25.58,25.57,25.58,2
2026-01-29 12:46:00,25.58,25.58,25.58,25.58,0
2026-01-29 12:47:00,25.57,25.59,25.57,25.57,5
2026-01-29 12:48:00,25.555,25.555,25.555,25.555,1
2026-01-29 12:49:00,25.57,25.58,25.57,25.58,15
2026-01-29 12:50:00,25.58,25.58,25.58,25.58,0
2026-01-29 12:51:00,25.56,25.585,25.56,25.585,23
2026-01-29 12:52:00,25.58,25.58,25.56,25.56,6
2026-01-29 12:53:00,25.55,25.55,25.525,25.54,8
2026-01-29 12:54:00,25.5474,25.5599,25.52,25.5599,9
2026-01-29 12:55:00,25.5599,25.5599,25.5599,25.5599,0
2026-01-29 12:56:00,25.52,25.52,25.52,25.52,1
2026-01-29 12:57:00,25.54,25.54,25.54,25.54,3
2026-01-29 12:58:00,25.54,25.54,25.54,25.54,0
2026-01-29 12:59:00,25.5333,25.54,25.53,25.54,5
2026-01-29 13:00:00,25.56,25.56,25.56,25.56,4
2026-01-29 13:01:00,25.54,25.54,25.54,25.54,1
2026-01-29 13:02:00,25.57,25.58,25.57,25.57,10
2026-01-29 13:03:00,25.56,25.57,25.54,25.57,9
2026-01-29 13:04:00,25.56,25.56,25.56,25.56,1
2026-01-29 13:05:00,25.58,25.59,25.57,25.57,3
2026-01-29 13:06:00,25.57,25.57,25.57,25.57,0
2026-01-29 13:07:00,25.58,25.58,25.58,25.58,1
2026-01-29 13:08:00,25.6,25.6,25.59,25.59,10
2026-01-29 13:09:00,25.59,25.59,25.59,25.59,0
2026-01-29 13:10:00,25.57,25.57,25.57,25.57,1
2026-01-29 13:11:00,25.6,25.6,25.6,25.6,1
2026-01-29 13:12:00,25.6,25.6,25.59,25.595,15
2026-01-29 13:13:00,25.61,25.61,25.6,25.6,32
2026-01-29 13:14:00,25.61,25.61,25.59,25.59,37
2026-01-29 13:15:00,25.605,25.61,25.6,25.61,6
2026-01-29 13:16:00,25.61,25.61,25.6,25.6,4
2026-01-29 13:17:00,25.61,25.61,25.6001,25.61,7
2026-01-29 13:18:00,25.6031,25.62,25.6,25.605,20
2026-01-29 13:19:00,25.6,25.6,25.6,25.6,6
2026-01-29 13:20:00,25.6,25.6,25.6,25.6,0
2026-01-29 13:21:00,25.58,25.6,25.575,25.6,13
2026-01-29 13:22:00,25.6,25.62,25.6,25.615,32
2026-01-29 13:23:00,25.6,25.605,25.59,25.605,4
2026-01-29 13:24:00,25.605,25.605,25.605,25.605,5
2026-01-29 13:25:00,25.59,25.59,25.59,25.59,1
2026-01-29 13:26:00,25.59,25.59,25.59,25.59,0
2026-01-29 13:27:00,25.59,25.59,25.59,25.59,0
2026-01-29 13:28:00,25.59,25.59,25.59,25.59,1
2026-01-29 13:29:00,25.59,25.59,25.59,25.59,0
2026-01-29 13:30:00,25.59,25.59,25.55,25.55,11
2026-01-29 13:31:00,25.57,25.615,25.57,25.6,9
2026-01-29 13:32:00,25.6,25.61,25.59,25.59,7
2026-01-29 13:33:00,25.59,25.59,25.58,25.58,5
2026-01-29 13:34:00,25.57,25.57,25.565,25.565,2
2026-01-29 13:35:00,25.565,25.57,25.56,25.57,3
2026-01-29 13:36:00,25.56,25.56,25.56,25.56,2
2026-01-29 13:37:00,25.55,25.57,25.55,25.57,2
2026-01-29 13:38:00,25.57,25.57,25.55,25.57,8
2026-01-29 13:39:00,25.58,25.58,25.56,25.56,2
2026-01-29 13:40:00,25.58,25.6,25.57,25.59,15
2026-01-29 13:41:00,25.56,25.56,25.56,25.56,1
2026-01-29 13:42:00,25.56,25.56,25.56,25.56,0
2026-01-29 13:43:00,25.59,25.59,25.59,25.59,4
2026-01-29 13:44:00,25.55,25.6,25.55,25.6,7
2026-01-29 13:45:00,25.605,25.605,25.59,25.59,7
2026-01-29 13:46:00,25.57,25.57,25.54,25.57,6
2026-01-29 13:47:00,25.58,25.58,25.52,25.52,8
2026-01-29 13:48:00,25.54,25.54,25.51,25.54,4
2026-01-29 13:49:00,25.54,25.54,25.54,25.54,1
2026-01-29 13:50:00,25.54,25.54,25.54,25.54,0
2026-01-29 13:51:00,25.52,25.52,25.52,25.52,10
2026-01-29 13:52:00,25.5101,25.5101,25.5101,25.5101,2
2026-01-29 13:53:00,25.5,25.52,25.5,25.52,3
2026-01-29 13:54:00,25.52,25.52,25.52,25.52,0
2026-01-29 13:55:00,25.53,25.56,25.53,25.54,8
2026-01-29 13:56:00,25.555,25.555,25.555,25.555,2
2026-01-29 13:57:00,25.54,25.545,25.54,25.545,9
2026-01-29 13:58:00,25.545,25.545,25.545,25.545,1
2026-01-29 13:59:00,25.535,25.54,25.51,25.5206,11
2026-01-29 14:00:00,25.5206,25.5206,25.5206,25.5206,0
2026-01-29 14:01:00,25.5206,25.5206,25.5206,25.5206,0
2026-01-29 14:02:00,25.5,25.5,25.5,25.5,1
2026-01-29 14:03:00,25.5,25.5,25.5,25.5,1
2026-01-29 14:04:00,25.51,25.51,25.5,25.5,3
2026-01-29 14:05:00,25.51,25.54,25.51,25.54,3
2026-01-29 14:06:00,25.55,25.55,25.54,25.54,2
2026-01-29 14:07:00,25.54,25.54,25.54,25.54,0
2026-01-29 14:08:00,25.54,25.54,25.54,25.54,0
2026-01-29 14:09:00,25.55,25.57,25.55,25.57,2
2026-01-29 14:10:00,25.58,25.58,25.56,25.56,9
2026-01-29 14:11:00,25.55,25.565,25.55,25.565,13
2026-01-29 14:12:00,25.565,25.565,25.54,25.54,2
2026-01-29 14:13:00,25.57,25.58,25.55,25.55,15
2026-01-29 14:14:00,25.55,25.55,25.55,25.55,0
2026-01-29 14:15:00,25.57,25.57,25.54,25.54,3
2026-01-29 14:16:00,25.56,25.58,25.56,25.58,7
2026-01-29 14:17:00,25.58,25.58,25.58,25.58,0
2026-01-29 14:18:00,25.59,25.6,25.59,25.6,11
2026-01-29 14:19:00,25.6,25.6,25.6,25.6,4
2026-01-29 14:20:00,25.59,25.59,25.59,25.59,9
2026-01-29 14:21:00,25.5953,25.5953,25.5953,25.5953,7
2026-01-29 14:22:00,25.59,25.61,25.59,25.605,53
2026-01-29 14:23:00,25.61,25.62,25.6,25.62,38
2026-01-29 14:24:00,25.6,25.62,25.6,25.6,17
2026-01-29 14:25:00,25.62,25.64,25.62,25.62,6
2026-01-29 14:26:00,25.62,25.62,25.62,25.62,2
2026-01-29 14:27:00,25.6,25.62,25.6,25.62,3
2026-01-29 14:28:00,25.63,25.63,25.62,25.62,6
2026-01-29 14:29:00,25.62,25.65,25.62,25.63,12
2026-01-29 14:30:00,25.63,25.63,25.625,25.625,7
2026-01-29 14:31:00,25.63,25.66,25.63,25.63,39
2026-01-29 14:32:00,25.65,25.6575,25.6357,25.6357,50
2026-01-29 14:33:00,25.659,25.659,25.63,25.63,6
2026-01-29 14:34:00,25.63,25.69,25.625,25.65,46
2026-01-29 14:35:00,25.65,25.68,25.65,25.68,18
2026-01-29 14:36:00,25.67,25.68,25.67,25.68,2
2026-01-29 14:37:00,25.69,25.69,25.69,25.69,1
2026-01-29 14:38:00,25.67,25.67,25.67,25.67,1
2026-01-29 14:39:00,25.68,25.68,25.63,25.63,21
2026-01-29 14:40:00,25.63,25.63,25.585,25.585,36
2026-01-29 14:41:00,25.61,25.61,25.595,25.595,12
2026-01-29 14:42:00,25.61,25.64,25.605,25.63,18
2026-01-29 14:43:00,25.63,25.63,25.62,25.63,11
2026-01-29 14:44:00,25.64,25.64,25.64,25.64,5
2026-01-29 14:45:00,25.645,25.66,25.645,25.65,15
2026-01-29 14:46:00,25.65,25.66,25.65,25.66,7
2026-01-29 14:47:00,25.68,25.68,25.65,25.655,16
2026-01-29 14:48:00,25.66,25.66,25.66,25.66,2
2026-01-29 14:49:00,25.66,25.66,25.64,25.64,3
2026-01-29 14:50:00,25.655,25.655,25.62,25.62,11
2026-01-29 14:51:00,25.615,25.615,25.615,25.615,15
2026-01-29 14:52:00,25.605,25.605,25.6,25.6,4
2026-01-29 14:53:00,25.6,25.6,25.6,25.6,1
2026-01-29 14:54:00,25.6101,25.63,25.605,25.62,13
2026-01-29 14:55:00,25.635,25.635,25.61,25.61,14
2026-01-29 14:56:00,25.615,25.72,25.615,25.645,62
2026-01-29 14:57:00,25.645,25.645,25.57,25.595,19
2026-01-29 14:58:00,25.595,25.605,25.57,25.57,16
2026-01-29 14:59:00,25.595,25.595,25.59,25.59,2
2026-01-29 15:00:00,25.59,25.71,25.58,25.71,144
2026-01-29 15:01:00,25.685,25.775,25.68,25.775,187
2026-01-29 15:02:00,25.78,25.85,25.78,25.785,41
2026-01-29 15:03:00,25.75,25.765,25.72,25.75,43
2026-01-29 15:04:00,25.77,25.775,25.68,25.69,75
2026-01-29 15:05:00,25.69,25.71,25.66,25.66,27
2026-01-29 15:06:00,25.69,25.69,25.67,25.67,4
2026-01-29 15:07:00,25.66,25.675,25.65,25.67,11
2026-01-29 15:08:00,25.675,25.715,25.675,25.715,7
2026-01-29 15:09:00,25.7125,25.7125,25.7125,25.7125,1
2026-01-29 15:10:00,25.74,25.74,25.695,25.715,31
2026-01-29 15:11:00,25.7,25.7,25.7,25.7,3
2026-01-29 15:12:00,25.71,25.71,25.69,25.69,6
2026-01-29 15:13:00,25.7,25.705,25.69,25.69,10
2026-01-29 15:14:00,25.66,25.69,25.66,25.68,23
2026-01-29 15:15:00,25.675,25.69,25.675,25.68,6
2026-01-29 15:16:00,25.68,25.705,25.65,25.65,110
2026-01-29 15:17:00,25.675,25.68,25.675,25.68,3
2026-01-29 15:18:00,25.675,25.69,25.675,25.68,5
2026-01-29 15:19:00,25.69,25.75,25.675,25.75,105
2026-01-29 15:20:00,25.75,25.75,25.75,25.75,2
2026-01-29 15:21:00,25.75,25.75,25.74,25.75,16
2026-01-29 15:22:00,25.75,25.79,25.75,25.785,69
2026-01-29 15:23:00,25.785,25.785,25.785,25.785,1
2026-01-29 15:24:00,25.785,25.8,25.785,25.8,4
2026-01-29 15:25:00,25.79,25.79,25.79,25.79,2
2026-01-29 15:26:00,25.79,25.79,25.79,25.79,6
2026-01-29 15:27:00,25.79,25.795,25.79,25.79,12
2026-01-29 15:28:00,25.78,25.78,25.73,25.76,39
2026-01-29 15:29:00,25.745,25.75,25.745,25.745,6
2026-01-29 15:30:00,25.745,25.77,25.745,25.77,12
2026-01-29 15:31:00,25.75,25.79,25.75,25.79,17
2026-01-29 15:32:00,25.79,25.83,25.79,25.83,12
2026-01-29 15:33:00,25.83,25.83,25.83,25.83,5
2026-01-29 15:34:00,25.835,25.835,25.8,25.8,14
2026-01-29 15:35:00,25.79,25.81,25.79,25.79,16
2026-01-29 15:36:00,25.79,25.79,25.79,25.79,0
2026-01-29 15:37:00,25.77,25.77,25.74,25.74,5
2026-01-29 15:38:00,25.77,25.84,25.77,25.84,491
2026-01-29 15:39:00,25.84,25.85,25.8,25.8,47
2026-01-29 15:40:00,25.8,25.81,25.8,25.81,2
2026-01-29 15:41:00,25.83,25.865,25.83,25.865,39
2026-01-29 15:42:00,25.8631,25.8631,25.855,25.86,10
2026-01-29 15:43:00,25.8625,25.95,25.86,25.94,78
2026-01-29 15:44:00,25.92,25.92,25.86,25.885,37
2026-01-29 15:45:00,25.86,25.86,25.85,25.855,11
2026-01-29 15:46:00,25.87,25.87,25.855,25.855,2
2026-01-29 15:47:00,25.86,25.86,25.86,25.86,3
2026-01-29 15:48:00,25.84,25.84,25.84,25.84,1
2026-01-29 15:49:00,25.876,25.876,25.876,25.876,1
2026-01-29 15:50:00,25.88,25.91,25.88,25.895,21
2026-01-29 15:51:00,25.8925,25.8925,25.87,25.87,8
2026-01-29 15:52:00,25.88,25.915,25.845,25.845,162
2026-01-29 15:53:00,25.85,25.865,25.845,25.865,8
2026-01-29 15:54:00,25.855,25.855,25.75,25.785,65
2026-01-29 15:55:00,25.795,25.89,25.795,25.84,191
2026-01-29 15:56:00,25.83,25.835,25.75,25.75,138
2026-01-29 15:57:00,25.76,25.785,25.74,25.743,118
2026-01-29 15:58:00,25.74,25.75,25.72,25.74,168
2026-01-29 15:59:00,25.75,25.79,25.71,25.71,335
2026-01-30 09:30:00,25.31,25.42,25.15,25.42,129
2026-01-30 09:31:00,25.42,25.42,25.42,25.42,0
2026-01-30 09:32:00,25.4852,25.51,25.46,25.505,52
2026-01-30 09:33:00,25.51,25.63,25.51,25.63,5
2026-01-30 09:34:00,25.545,25.545,25.545,25.545,1
2026-01-30 09:35:00,25.55,25.55,25.55,25.55,1
2026-01-30 09:36:00,25.48,25.545,25.47,25.545,9
2026-01-30 09:37:00,25.47,25.47,25.41,25.41,18
2026-01-30 09:38:00,25.41,25.41,25.41,25.41,0
2026-01-30 09:39:00,25.37,25.43,25.37,25.43,2
2026-01-30 09:40:00,25.445,25.45,25.445,25.45,6
2026-01-30 09:41:00,25.45,25.45,25.45,25.45,0
2026-01-30 09:42:00,25.455,25.485,25.455,25.485,2
2026-01-30 09:43:00,25.46,25.485,25.45,25.45,6
2026-01-30 09:44:00,25.52,25.52,25.42,25.42,6
2026-01-30 09:45:00,25.4,25.4,25.38,25.39,5
2026-01-30 09:46:00,25.35,25.35,25.35,25.35,1
2026-01-30 09:47:00,25.335,25.38,25.31,25.33,39
2026-01-30 09:48:00,25.3405,25.355,25.33,25.355,16
2026-01-30 09:49:00,25.35,25.35,25.2825,25.2825,26
2026-01-30 09:50:00,25.28,25.295,25.27,25.27,8
2026-01-30 09:51:00,25.295,25.295,25.295,25.295,5
2026-01-30 09:52:00,25.295,25.385,25.29,25.375,27
2026-01-30 09:53:00,25.375,25.375,25.375,25.375,2
2026-01-30 09:54:00,25.37,25.37,25.37,25.37,2
2026-01-30 09:55:00,25.3,25.31,25.3,25.31,8
2026-01-30 09:56:00,25.31,25.31,25.31,25.31,0
2026-01-30 09:57:00,25.31,25.31,25.31,25.31,0
2026-01-30 09:58:00,25.3191,25.3191,25.275,25.285,17
2026-01-30 09:59:00,25.25,25.275,25.25,25.25,9
2026-01-30 10:00:00,25.3631,25.3631,25.3631,25.3631,1
2026-01-30 10:01:00,25.24,25.3,25.22,25.25,48
2026-01-30 10:02:00,25.25,25.25,25.25,25.25,0
2026-01-30 10:03:00,25.2,25.2,25.2,25.2,1
2026-01-30 10:04:00,25.295,25.295,25.295,25.295,2
2026-01-30 10:05:00,25.3,25.3325,25.295,25.3325,23
2026-01-30 10:06:00,25.3325,25.3325,25.3325,25.3325,0
2026-01-30 10:07:00,25.335,25.335,25.335,25.335,1
2026-01-30 10:08:00,25.335,25.335,25.335,25.335,0
2026-01-30 10:09:00,25.335,25.335,25.335,25.335,14
2026-01-30 10:10:00,25.335,25.335,25.3,25.335,38
2026-01-30 10:11:00,25.315,25.315,25.315,25.315,1
2026-01-30 10:12:00,25.29,25.31,25.25,25.31,42
2026-01-30 10:13:00,25.3,25.3,25.3,25.3,1
2026-01-30 10:14:00,25.3,25.3,25.3,25.3,0
2026-01-30 10:15:00,25.315,25.315,25.315,25.315,1
2026-01-30 10:16:00,25.315,25.315,25.26,25.3,97
2026-01-30 10:17:00,25.26,25.3,25.2,25.2,65
2026-01-30 10:18:00,25.19,25.2464,25.17,25.22,50
2026-01-30 10:19:00,25.22,25.22,25.205,25.22,8
2026-01-30 10:20:00,25.225,25.26,25.225,25.26,3
2026-01-30 10:21:00,25.22,25.22,25.18,25.2,4
2026-01-30 10:22:00,25.2,25.2,25.2,25.2,0
2026-01-30 10:23:00,25.19,25.19,25.19,25.19,1
2026-01-30 10:24:00,25.17,25.2,25.17,25.2,14
2026-01-30 10:25:00,25.19,25.21,25.19,25.21,7
2026-01-30 10:26:00,25.16,25.16,25.135,25.135,40
2026-01-30 10:27:00,25.135,25.135,25.05,25.06,98
2026-01-30 10:28:00,25.1,25.13,25.08,25.095,56
2026-01-30 10:29:00,25.095,25.11,25.08,25.1005,15
2026-01-30 10:30:00,25.09,25.09,24.96,25.025,142
2026-01-30 10:31:00,25.025,25.04,25.025,25.025,7
2026-01-30 10:32:00,25.01,25.06,25.01,25.035,15
2026-01-30 10:33:00,25.06,25.115,25.04,25.115,8
2026-01-30 10:34:00,25.045,25.05,25.045,25.05,2
2026-01-30 10:35:00,25.06,25.11,25.06,25.11,2
2026-01-30 10:36:00,25.04,25.04,25.04,25.04,2
2026-01-30 10:37:00,25.09,25.09,25.09,25.09,7
2026-01-30 10:38:00,25.09,25.09,25.09,25.09,0
2026-01-30 10:39:00,25.07,25.07,25.07,25.07,2
2026-01-30 10:40:00,25.07,25.07,25.065,25.065,2
2026-01-30 10:41:00,25.08,25.08,25.08,25.08,2
2026-01-30 10:42:00,25.08,25.08,25.08,25.08,28
2026-01-30 10:43:00,25.12,25.225,25.12,25.225,24
2026-01-30 10:44:00,25.24,25.285,25.19,25.285,48
2026-01-30 10:45:00,25.29,25.29,25.225,25.28,19
2026-01-30 10:46:00,25.22,25.26,25.22,25.26,9
2026-01-30 10:47:00,25.25,25.25,25.24,25.24,3
2026-01-30 10:48:00,25.24,25.24,25.24,25.24,0
2026-01-30 10:49:00,25.27,25.27,25.25,25.25,3
2026-01-30 10:50:00,25.29,25.29,25.29,25.29,3
2026-01-30 10:51:00,25.29,25.29,25.21,25.21,17
2026-01-30 10:52:00,25.215,25.24,25.2,25.2,52
2026-01-30 10:53:00,25.24,25.24,25.195,25.195,5
2026-01-30 10:54:00,25.22,25.23,25.195,25.23,10
2026-01-30 10:55:00,25.22,25.22,25.22,25.22,2
2026-01-30 10:56:00,25.22,25.22,25.22,25.22,0
2026-01-30 10:57:00,25.187,25.25,25.17,25.23,65
2026-01-30 10:58:00,25.23,25.23,25.13,25.13,73
2026-01-30 10:59:00,25.15,25.15,25.135,25.135,11
2026-01-30 11:00:00,25.1375,25.1375,25.1375,25.1375,1
2026-01-30 11:01:00,25.14,25.17,25.14,25.17,3
2026-01-30 11:02:00,25.17,25.17,25.17,25.17,0
2026-01-30 11:03:00,25.15,25.1501,25.1301,25.15,16
2026-01-30 11:04:00,25.13,25.13,25.13,25.13,2
2026-01-30 11:05:00,25.13,25.14,25.13,25.135,13
2026-01-30 11:06:00,25.135,25.16,25.135,25.16,6
2026-01-30 11:07:00,25.22,25.23,25.19,25.19,18
2026-01-30 11:08:00,25.19,25.19,25.19,25.19,0
2026-01-30 11:09:00,25.19,25.19,25.19,25.19,0
2026-01-30 11:10:00,25.17,25.17,25.17,25.17,2
2026-01-30 11:11:00,25.164,25.164,25.164,25.164,2
2026-01-30 11:12:00,25.16,25.16,25.16,25.16,5
2026-01-30 11:13:00,25.16,25.16,25.16,25.16,0
2026-01-30 11:14:00,25.16,25.16,25.16,25.16,0
2026-01-30 11:15:00,25.16,25.16,25.16,25.16,0
2026-01-30 11:16:00,25.15,25.2,25.15,25.2,10
2026-01-30 11:17:00,25.21,25.21,25.21,25.21,6
2026-01-30 11:18:00,25.19,25.19,25.165,25.165,3
2026-01-30 11:19:00,25.165,25.165,25.165,25.165,0
2026-01-30 11:20:00,25.165,25.165,25.165,25.165,0
2026-01-30 11:21:00,25.155,25.155,25.155,25.155,1
2026-01-30 11:22:00,25.155,25.1844,25.1387,25.1844,6
2026-01-30 11:23:00,25.155,25.155,25.155,25.155,1
2026-01-30 11:24:00,25.15,25.15,25.15,25.15,6
2026-01-30 11:25:00,25.15,25.15,25.15,25.15,0
2026-01-30 11:26:00,25.18,25.22,25.18,25.215,22
2026-01-30 11:27:00,25.215,25.215,25.215,25.215,0
2026-01-30 11:28:00,25.215,25.215,25.215,25.215,0
2026-01-30 11:29:00,25.23,25.24,25.23,25.23,4
2026-01-30 11:30:00,25.24,25.2569,25.24,25.245,22
2026-01-30 11:31:00,25.25,25.25,25.25,25.25,1
2026-01-30 11:32:00,25.25,25.25,25.25,25.25,0
2026-01-30 11:33:00,25.25,25.25,25.25,25.25,0
2026-01-30 11:34:00,25.25,25.25,25.25,25.25,0
2026-01-30 11:35:00,25.25,25.25,25.25,25.25,0
2026-01-30 11:36:00,25.23,25.23,25.23,25.23,1
2026-01-30 11:37:00,25.23,25.28,25.23,25.28,6
2026-01-30 11:38:00,25.27,25.27,25.27,25.27,1
2026-01-30 11:39:00,25.27,25.27,25.27,25.27,1
2026-01-30 11:40:00,25.27,25.28,25.26,25.28,5
2026-01-30 11:41:00,25.3,25.3,25.28,25.28,5
2026-01-30 11:42:00,25.28,25.31,25.28,25.31,2
2026-01-30 11:43:00,25.28,25.335,25.28,25.335,6
2026-01-30 11:44:00,25.32,25.32,25.32,25.32,3
2026-01-30 11:45:00,25.3,25.3,25.3,25.3,1
2026-01-30 11:46:00,25.3,25.3,25.3,25.3,0
2026-01-30 11:47:00,25.28,25.28,25.28,25.28,1
2026-01-30 11:48:00,25.29,25.29,25.29,25.29,1
2026-01-30 11:49:00,25.29,25.29,25.29,25.29,0
2026-01-30 11:50:00,25.29,25.29,25.29,25.29,0
2026-01-30 11:51:00,25.28,25.31,25.28,25.3,33
2026-01-30 11:52:00,25.3,25.3,25.3,25.3,0
2026-01-30 11:53:00,25.31,25.31,25.305,25.305,4
2026-01-30 11:54:00,25.305,25.305,25.305,25.305,6
2026-01-30 11:55:00,25.305,25.305,25.305,25.305,2
2026-01-30 11:56:00,25.32,25.32,25.32,25.32,1
2026-01-30 11:57:00,25.32,25.32,25.32,25.32,0
2026-01-30 11:58:00,25.32,25.32,25.32,25.32,0
2026-01-30 11:59:00,25.32,25.32,25.32,25.32,0
2026-01-30 12:00:00,25.34,25.34,25.34,25.34,1
2026-01-30 12:01:00,25.34,25.34,25.34,25.34,3
2026-01-30 12:02:00,25.34,25.34,25.34,25.34,0
2026-01-30 12:03:00,25.35,25.35,25.33,25.35,5
2026-01-30 12:04:00,25.34,25.37,25.33,25.37,7
2026-01-30 12:05:00,25.37,25.37,25.37,25.37,2
2026-01-30 12:06:00,25.34,25.34,25.32,25.32,4
2026-01-30 12:07:00,25.35,25.35,25.3,25.34,20
2026-01-30 12:08:00,25.36,25.36,25.32,25.32,3
2026-01-30 12:09:00,25.32,25.32,25.32,25.32,0
2026-01-30 12:10:00,25.365,25.365,25.365,25.365,1
2026-01-30 12:11:00,25.3501,25.3501,25.3501,25.3501,1
2026-01-30 12:12:00,25.34,25.35,25.34,25.35,2
2026-01-30 12:13:00,25.35,25.35,25.35,25.35,0
2026-01-30 12:14:00,25.35,25.35,25.35,25.35,0
2026-01-30 12:15:00,25.35,25.35,25.35,25.35,0
2026-01-30 12:16:00,25.33,25.33,25.29,25.305,39
2026-01-30 12:17:00,25.3,25.3,25.2968,25.2968,14
2026-01-30 12:18:00,25.3,25.37,25.3,25.36,33
2026-01-30 12:19:00,25.37,25.37,25.33,25.36,4
2026-01-30 12:20:00,25.33,25.33,25.32,25.32,6
2026-01-30 12:21:00,25.33,25.35,25.33,25.35,2
2026-01-30 12:22:00,25.325,25.36,25.325,25.35,8
2026-01-30 12:23:00,25.3221,25.3509,25.3221,25.325,8
2026-01-30 12:24:00,25.325,25.3425,25.29,25.305,9
2026-01-30 12:25:00,25.315,25.315,25.315,25.315,1
2026-01-30 12:26:00,25.315,25.315,25.315,25.315,0
2026-01-30 12:27:00,25.315,25.315,25.315,25.315,0
2026-01-30 12:28:00,25.315,25.315,25.315,25.315,0
2026-01-30 12:29:00,25.315,25.315,25.315,25.315,0
2026-01-30 12:30:00,25.315,25.315,25.315,25.315,0
2026-01-30 12:31:00,25.315,25.315,25.315,25.315,0
2026-01-30 12:32:00,25.315,25.4,25.315,25.4,70
2026-01-30 12:33:00,25.41,25.41,25.41,25.41,6
2026-01-30 12:34:00,25.37,25.37,25.37,25.37,3
2026-01-30 12:35:00,25.35,25.35,25.34,25.34,2
2026-01-30 12:36:00,25.33,25.33,25.33,25.33,1
2026-01-30 12:37:00,25.33,25.37,25.33,25.335,6
2026-01-30 12:38:00,25.32,25.32,25.32,25.32,3
2026-01-30 12:39:00,25.32,25.32,25.32,25.32,0
2026-01-30 12:40:00,25.355,25.355,25.32,25.32,10
2026-01-30 12:41:00,25.32,25.32,25.32,25.32,0
2026-01-30 12:42:00,25.33,25.33,25.32,25.32,4
2026-01-30 12:43:00,25.32,25.32,25.32,25.32,0
2026-01-30 12:44:00,25.34,25.34,25.31,25.31,5
2026-01-30 12:45:00,25.34,25.34,25.34,25.34,9
2026-01-30 12:46:00,25.34,25.41,25.34,25.41,28
2026-01-30 12:47:00,25.4,25.4,25.38,25.38,12
2026-01-30 12:48:00,25.38,25.38,25.38,25.38,0
2026-01-30 12:49:00,25.38,25.42,25.37,25.395,5
2026-01-30 12:50:00,25.395,25.395,25.395,25.395,0
2026-01-30 12:51:00,25.42,25.42,25.4075,25.4075,14
2026-01-30 12:52:00,25.4075,25.4075,25.4075,25.4075,0
2026-01-30 12:53:00,25.39,25.41,25.39,25.41,3
2026-01-30 12:54:00,25.41,25.41,25.41,25.41,0
2026-01-30 12:55:00,25.43,25.43,25.43,25.43,1
2026-01-30 12:56:00,25.43,25.43,25.43,25.43,0
2026-01-30 12:57:00,25.43,25.43,25.43,25.43,0
2026-01-30 12:58:00,25.43,25.43,25.43,25.43,0
2026-01-30 12:59:00,25.4048,25.4048,25.4048,25.4048,5
2026-01-30 13:00:00,25.4,25.4,25.395,25.395,16
2026-01-30 13:01:00,25.395,25.395,25.36,25.365,13
2026-01-30 13:02:00,25.38,25.39,25.38,25.39,6
2026-01-30 13:03:00,25.39,25.39,25.39,25.39,0
2026-01-30 13:04:00,25.39,25.39,25.39,25.39,0
2026-01-30 13:05:00,25.39,25.39,25.39,25.39,0
2026-01-30 13:06:00,25.39,25.39,25.39,25.39,0
2026-01-30 13:07:00,25.39,25.39,25.39,25.39,0
2026-01-30 13:08:00,25.385,25.43,25.385,25.43,14
2026-01-30 13:09:00,25.425,25.4525,25.425,25.45,18
2026-01-30 13:10:00,25.43,25.43,25.4,25.4,6
2026-01-30 13:11:00,25.39,25.39,25.39,25.39,5
2026-01-30 13:12:00,25.39,25.39,25.39,25.39,0
2026-01-30 13:13:00,25.3,25.3,25.3,25.3,3
2026-01-30 13:14:00,25.3,25.3,25.3,25.3,4
2026-01-30 13:15:00,25.3,25.3,25.3,25.3,5
2026-01-30 13:16:00,25.3,25.3,25.3,25.3,6
2026-01-30 13:17:00,25.32,25.32,25.32,25.32,1
2026-01-30 13:18:00,25.32,25.32,25.32,25.32,0
2026-01-30 13:19:00,25.3,25.33,25.3,25.31,4
2026-01-30 13:20:00,25.3,25.31,25.3,25.31,25
2026-01-30 13:21:00,25.3,25.3,25.29,25.3,8
2026-01-30 13:22:00,25.29,25.3,25.24,25.24,26
2026-01-30 13:23:00,25.255,25.27,25.25,25.27,8
2026-01-30 13:24:00,25.27,25.27,25.27,25.27,2
2026-01-30 13:25:00,25.3,25.31,25.29,25.29,6
2026-01-30 13:26:00,25.3,25.3087,25.3,25.3,3
2026-01-30 13:27:00,25.285,25.285,25.285,25.285,1
2026-01-30 13:28:00,25.31,25.36,25.264,25.35,25
2026-01-30 13:29:00,25.35,25.35,25.33,25.33,5
2026-01-30 13:30:00,25.33,25.355,25.32,25.34,8
2026-01-30 13:31:00,25.33,25.33,25.33,25.33,5
2026-01-30 13:32:00,25.35,25.35,25.35,25.35,1
2026-01-30 13:33:00,25.32,25.32,25.3,25.3,10
2026-01-30 13:34:00,25.3,25.3,25.3,25.3,0
2026-01-30 13:35:00,25.3,25.3,25.3,25.3,0
2026-01-30 13:36:00,25.32,25.33,25.32,25.32,7
2026-01-30 13:37:00,25.315,25.315,25.315,25.315,1
2026-01-30 13:38:00,25.2963,25.2963,25.2963,25.2963,2
2026-01-30 13:39:00,25.2963,25.2963,25.2963,25.2963,0
2026-01-30 13:40:00,25.3,25.3,25.3,25.3,1
2026-01-30 13:41:00,25.315,25.33,25.315,25.33,4
2026-01-30 13:42:00,25.3,25.305,25.293,25.293,18
2026-01-30 13:43:00,25.29,25.29,25.26,25.26,8
2026-01-30 13:44:00,25.26,25.26,25.255,25.255,2
2026-01-30 13:45:00,25.27,25.285,25.26,25.27,12
2026-01-30 13:46:00,25.27,25.27,25.255,25.255,7
2026-01-30 13:47:00,25.27,25.275,25.27,25.275,6
2026-01-30 13:48:00,25.29,25.29,25.28,25.28,5
2026-01-30 13:49:00,25.275,25.31,25.275,25.285,12
2026-01-30 13:50:00,25.29,25.29,25.29,25.29,1
2026-01-30 13:51:00,25.3,25.305,25.3,25.305,17
2026-01-30 13:52:00,25.315,25.355,25.31,25.31,53
2026-01-30 13:53:00,25.32,25.33,25.32,25.33,14
2026-01-30 13:54:00,25.33,25.33,25.33,25.33,0
2026-01-30 13:55:00,25.31,25.31,25.31,25.31,2
2026-01-30 13:56:00,25.34,25.355,25.34,25.355,8
2026-01-30 13:57:00,25.36,25.36,25.36,25.36,1
2026-01-30 13:58:00,25.34,25.39,25.34,25.39,3
2026-01-30 13:59:00,25.4,25.4,25.36,25.36,6
2026-01-30 14:00:00,25.37,25.38,25.37,25.37,6
2026-01-30 14:01:00,25.37,25.37,25.365,25.37,8
2026-01-30 14:02:00,25.38,25.41,25.38,25.395,8
2026-01-30 14:03:00,25.385,25.385,25.385,25.385,4
2026-01-30 14:04:00,25.385,25.43,25.385,25.43,8
2026-01-30 14:05:00,25.43,25.45,25.43,25.45,3
2026-01-30 14:06:00,25.45,25.45,25.45,25.45,0
2026-01-30 14:07:00,25.45,25.45,25.45,25.45,10
2026-01-30 14:08:00,25.4501,25.47,25.445,25.47,6
2026-01-30 14:09:00,25.45,25.45,25.45,25.45,1
2026-01-30 14:10:00,25.45,25.48,25.45,25.48,2
2026-01-30 14:11:00,25.48,25.48,25.48,25.48,0
2026-01-30 14:12:00,25.48,25.48,25.48,25.48,0
2026-01-30 14:13:00,25.44,25.44,25.43,25.43,4
2026-01-30 14:14:00,25.415,25.415,25.415,25.415,2
2026-01-30 14:15:00,25.415,25.415,25.415,25.415,0
2026-01-30 14:16:00,25.415,25.415,25.415,25.415,0
2026-01-30 14:17:00,25.415,25.415,25.4001,25.4001,2
2026-01-30 14:18:00,25.43,25.43,25.43,25.43,4
2026-01-30 14:19:00,25.44,25.44,25.44,25.44,2
2026-01-30 14:20:00,25.445,25.445,25.43,25.435,5
2026-01-30 14:21:00,25.43,25.43,25.43,25.43,1
2026-01-30 14:22:00,25.43,25.43,25.43,25.43,0
2026-01-30 14:23:00,25.43,25.43,25.43,25.43,1
2026-01-30 14:24:00,25.45,25.47,25.45,25.47,13
2026-01-30 14:25:00,25.46,25.465,25.45,25.45,3
2026-01-30 14:26:00,25.45,25.45,25.45,25.45,0
2026-01-30 14:27:00,25.45,25.45,25.45,25.45,0
2026-01-30 14:28:00,25.46,25.46,25.45,25.45,2
2026-01-30 14:29:00,25.45,25.45,25.43,25.43,6
2026-01-30 14:30:00,25.44,25.46,25.35,25.36,39
2026-01-30 14:31:00,25.33,25.39,25.33,25.39,6
2026-01-30 14:32:00,25.39,25.39,25.37,25.37,8
2026-01-30 14:33:00,25.34,25.34,25.34,25.34,7
2026-01-30 14:34:00,25.35,25.365,25.35,25.365,10
2026-01-30 14:35:00,25.38,25.38,25.38,25.38,9
2026-01-30 14:36:00,25.365,25.365,25.365,25.365,1
2026-01-30 14:37:00,25.365,25.365,25.365,25.365,0
2026-01-30 14:38:00,25.35,25.35,25.35,25.35,1
2026-01-30 14:39:00,25.35,25.35,25.35,25.35,0
2026-01-30 14:40:00,25.37,25.39,25.37,25.39,4
2026-01-30 14:41:00,25.41,25.45,25.41,25.42,13
2026-01-30 14:42:00,25.41,25.41,25.41,25.41,6
2026-01-30 14:43:00,25.41,25.41,25.41,25.41,0
2026-01-30 14:44:00,25.47,25.47,25.465,25.465,22
2026-01-30 14:45:00,25.44,25.44,25.44,25.44,3
2026-01-30 14:46:00,25.44,25.44,25.44,25.44,0
2026-01-30 14:47:00,25.44,25.44,25.44,25.44,0
2026-01-30 14:48:00,25.42,25.42,25.42,25.42,7
2026-01-30 14:49:00,25.4,25.415,25.4,25.415,9
2026-01-30 14:50:00,25.4,25.4,25.4,25.4,1
2026-01-30 14:51:00,25.4,25.42,25.4,25.42,13
2026-01-30 14:52:00,25.42,25.42,25.39,25.41,7
2026-01-30 14:53:00,25.43,25.44,25.43,25.43,11
2026-01-30 14:54:00,25.45,25.45,25.45,25.45,2
2026-01-30 14:55:00,25.45,25.45,25.45,25.45,0
2026-01-30 14:56:00,25.45,25.45,25.45,25.45,0
2026-01-30 14:57:00,25.44,25.44,25.43,25.43,2
2026-01-30 14:58:00,25.43,25.43,25.43,25.43,0
2026-01-30 14:59:00,25.41,25.4149,25.4001,25.4149,5
2026-01-30 15:00:00,25.39,25.41,25.39,25.41,4
2026-01-30 15:01:00,25.42,25.43,25.42,25.43,8
2026-01-30 15:02:00,25.44,25.44,25.435,25.435,3
2026-01-30 15:03:00,25.43,25.43,25.41,25.41,25
2026-01-30 15:04:00,25.4,25.425,25.4,25.41,15
2026-01-30 15:05:00,25.41,25.41,25.41,25.41,0
2026-01-30 15:06:00,25.41,25.41,25.41,25.41,7
2026-01-30 15:07:00,25.4,25.4,25.385,25.39,10
2026-01-30 15:08:00,25.39,25.39,25.39,25.39,0
2026-01-30 15:09:00,25.39,25.39,25.385,25.385,2
2026-01-30 15:10:00,25.41,25.41,25.41,25.41,1
2026-01-30 15:11:00,25.39,25.39,25.37,25.37,20
2026-01-30 15:12:00,25.38,25.4,25.38,25.4,30
2026-01-30 15:13:00,25.41,25.41,25.41,25.41,4
2026-01-30 15:14:00,25.41,25.41,25.41,25.41,0
2026-01-30 15:15:00,25.41,25.41,25.41,25.41,0
2026-01-30 15:16:00,25.42,25.435,25.42,25.435,7
2026-01-30 15:17:00,25.42,25.42,25.395,25.395,6
2026-01-30 15:18:00,25.41,25.41,25.41,25.41,1
2026-01-30 15:19:00,25.4,25.4,25.4,25.4,1
2026-01-30 15:20:00,25.4,25.405,25.4,25.405,3
2026-01-30 15:21:00,25.42,25.42,25.42,25.42,6
2026-01-30 15:22:00,25.425,25.44,25.425,25.44,3
2026-01-30 15:23:00,25.45,25.465,25.44,25.44,18
2026-01-30 15:24:00,25.45,25.45,25.43,25.43,8
2026-01-30 15:25:00,25.45,25.45,25.435,25.435,5
2026-01-30 15:26:00,25.42,25.42,25.385,25.39,22
2026-01-30 15:27:00,25.385,25.4,25.385,25.385,8
2026-01-30 15:28:00,25.385,25.385,25.37,25.385,34
2026-01-30 15:29:00,25.385,25.4099,25.3825,25.4099,8
2026-01-30 15:30:00,25.395,25.395,25.395,25.395,1
2026-01-30 15:31:00,25.41,25.45,25.41,25.45,16
2026-01-30 15:32:00,25.455,25.46,25.455,25.46,5
2026-01-30 15:33:00,25.46,25.475,25.46,25.475,20
2026-01-30 15:34:00,25.47,25.475,25.445,25.46,24
2026-01-30 15:35:00,25.425,25.44,25.405,25.44,28
2026-01-30 15:36:00,25.42,25.42,25.38,25.39,14
2026-01-30 15:37:00,25.37,25.39,25.37,25.39,12
2026-01-30 15:38:00,25.36,25.36,25.34,25.34,9
2026-01-30 15:39:00,25.335,25.34,25.335,25.34,7
2026-01-30 15:40:00,25.335,25.335,25.32,25.32,9
2026-01-30 15:41:00,25.32,25.35,25.32,25.35,69
2026-01-30 15:42:00,25.34,25.34,25.3399,25.3399,6
2026-01-30 15:43:00,25.33,25.33,25.32,25.32,4
2026-01-30 15:44:00,25.35,25.38,25.34,25.38,46
2026-01-30 15:45:00,25.39,25.39,25.365,25.365,13
2026-01-30 15:46:00,25.3699,25.395,25.36,25.365,35
2026-01-30 15:47:00,25.365,25.4,25.365,25.4,4
2026-01-30 15:48:00,25.37,25.375,25.37,25.375,6
2026-01-30 15:49:00,25.35,25.36,25.3425,25.36,50
2026-01-30 15:50:00,25.37,25.395,25.36,25.395,40
2026-01-30 15:51:00,25.38,25.38,25.335,25.35,91
2026-01-30 15:52:00,25.34,25.36,25.3,25.36,119
2026-01-30 15:53:00,25.37,25.4,25.36,25.38,31
2026-01-30 15:54:00,25.37,25.37,25.275,25.29,122
2026-01-30 15:55:00,25.31,25.35,25.295,25.32,76
2026-01-30 15:56:00,25.311,25.32,25.3,25.315,24
2026-01-30 15:57:00,25.315,25.34,25.31,25.32,75
2026-01-30 15:58:00,25.33,25.385,25.33,25.37,97
2026-01-30 15:59:00,25.37,25.4,25.345,25.37,280
