datetime,open,high,low,close,volume
2025-12-22 09:30:00,1.56,1.56,1.56,1.56,43
2025-12-22 09:31:00,1.56,1.56,1.56,1.56,0
2025-12-22 09:32:00,1.56,1.56,1.56,1.56,0
2025-12-22 09:33:00,1.56,1.56,1.56,1.56,0
2025-12-22 09:34:00,1.56,1.56,1.56,1.56,0
2025-12-22 09:35:00,1.56,1.56,1.56,1.56,0
2025-12-22 09:36:00,1.56,1.56,1.56,1.56,0
2025-12-22 09:37:00,1.56,1.56,1.56,1.56,0
2025-12-22 09:38:00,1.56,1.56,1.56,1.56,0
2025-12-22 09:39:00,1.56,1.56,1.56,1.56,0
2025-12-22 09:40:00,1.59,1.59,1.59,1.59,3
2025-12-22 09:41:00,1.5841,1.5841,1.5841,1.5841,10
2025-12-22 09:42:00,1.585,1.585,1.585,1.585,5
2025-12-22 09:43:00,1.585,1.585,1.585,1.585,0
2025-12-22 09:44:00,1.585,1.585,1.585,1.585,0
2025-12-22 09:45:00,1.585,1.585,1.585,1.585,0
2025-12-22 09:46:00,1.5875,1.5875,1.5875,1.5875,5
2025-12-22 09:47:00,1.5875,1.5875,1.5875,1.5875,0
2025-12-22 09:48:00,1.5875,1.5875,1.5875,1.5875,0
2025-12-22 09:49:00,1.5875,1.5875,1.5875,1.5875,0
2025-12-22 09:50:00,1.5899,1.59,1.5899,1.59,8
2025-12-22 09:51:00,1.59,1.59,1.59,1.59,0
2025-12-22 09:52:00,1.59,1.59,1.59,1.59,0
2025-12-22 09:53:00,1.64,1.64,1.64,1.64,3
2025-12-22 09:54:00,1.64,1.64,1.64,1.64,0
2025-12-22 09:55:00,1.6,1.6,1.6,1.6,10
2025-12-22 09:56:00,1.6,1.6,1.6,1.6,0
2025-12-22 09:57:00,1.6,1.6,1.6,1.6,0
2025-12-22 09:58:00,1.6,1.6,1.6,1.6,0
2025-12-22 09:59:00,1.6,1.6,1.6,1.6,0
2025-12-22 10:00:00,1.6,1.6,1.6,1.6,0
2025-12-22 10:01:00,1.6,1.6,1.6,1.6,0
2025-12-22 10:02:00,1.65,1.65,1.65,1.65,10
2025-12-22 10:03:00,1.65,1.65,1.65,1.65,0
2025-12-22 10:04:00,1.635,1.635,1.635,1.635,4
2025-12-22 10:05:00,1.635,1.635,1.635,1.635,0
2025-12-22 10:06:00,1.635,1.635,1.635,1.635,0
2025-12-22 10:07:00,1.6347,1.6347,1.6347,1.6347,2
2025-12-22 10:08:00,1.6347,1.6347,1.6347,1.6347,0
2025-12-22 10:09:00,1.6493,1.6493,1.64,1.64,6
2025-12-22 10:10:00,1.64,1.64,1.64,1.64,0
2025-12-22 10:11:00,1.65,1.65,1.65,1.65,1
2025-12-22 10:12:00,1.65,1.65,1.65,1.65,0
2025-12-22 10:13:00,1.65,1.65,1.65,1.65,0
2025-12-22 10:14:00,1.65,1.65,1.65,1.65,0
2025-12-22 10:15:00,1.65,1.65,1.65,1.65,0
2025-12-22 10:16:00,1.65,1.65,1.65,1.65,0
2025-12-22 10:17:00,1.65,1.65,1.65,1.65,0
2025-12-22 10:18:00,1.65,1.65,1.65,1.65,0
2025-12-22 10:19:00,1.65,1.65,1.65,1.65,0
2025-12-22 10:20:00,1.63,1.63,1.63,1.63,1
2025-12-22 10:21:00,1.63,1.63,1.63,1.63,0
2025-12-22 10:22:00,1.63,1.63,1.63,1.63,0
2025-12-22 10:23:00,1.65,1.6853,1.65,1.6853,7
2025-12-22 10:24:00,1.694,1.694,1.694,1.694,1
2025-12-22 10:25:00,1.694,1.694,1.694,1.694,0
2025-12-22 10:26:00,1.694,1.694,1.694,1.694,0
2025-12-22 10:27:00,1.694,1.694,1.694,1.694,0
2025-12-22 10:28:00,1.694,1.694,1.694,1.694,0
2025-12-22 10:29:00,1.694,1.694,1.694,1.694,0
2025-12-22 10:30:00,1.694,1.694,1.694,1.694,0
2025-12-22 10:31:00,1.694,1.694,1.694,1.694,0
2025-12-22 10:32:00,1.694,1.694,1.694,1.694,0
2025-12-22 10:33:00,1.694,1.694,1.694,1.694,0
2025-12-22 10:34:00,1.694,1.694,1.694,1.694,0
2025-12-22 10:35:00,1.72,1.72,1.72,1.72,1
2025-12-22 10:36:00,1.6976,1.6976,1.6976,1.6976,1
2025-12-22 10:37:00,1.6976,1.6976,1.6976,1.6976,0
2025-12-22 10:38:00,1.6976,1.6976,1.6976,1.6976,0
2025-12-22 10:39:00,1.6976,1.6976,1.6976,1.6976,0
2025-12-22 10:40:00,1.6976,1.6976,1.6976,1.6976,0
2025-12-22 10:41:00,1.6976,1.6976,1.6976,1.6976,0
2025-12-22 10:42:00,1.725,1.74,1.725,1.74,20
2025-12-22 10:43:00,1.74,1.74,1.74,1.74,0
2025-12-22 10:44:00,1.772,1.772,1.7301,1.7301,7
2025-12-22 10:45:00,1.7301,1.7301,1.7301,1.7301,0
2025-12-22 10:46:00,1.7301,1.7301,1.7301,1.7301,0
2025-12-22 10:47:00,1.7301,1.7301,1.7301,1.7301,4
2025-12-22 10:48:00,1.7301,1.7301,1.7301,1.7301,0
2025-12-22 10:49:00,1.7301,1.7301,1.7301,1.7301,0
2025-12-22 10:50:00,1.73,1.73,1.73,1.73,1
2025-12-22 10:51:00,1.73,1.73,1.73,1.73,0
2025-12-22 10:52:00,1.69,1.69,1.69,1.69,2
2025-12-22 10:53:00,1.69,1.69,1.69,1.69,0
2025-12-22 10:54:00,1.69,1.69,1.69,1.69,0
2025-12-22 10:55:00,1.7073,1.7073,1.7073,1.7073,6
2025-12-22 10:56:00,1.69,1.69,1.69,1.69,3
2025-12-22 10:57:00,1.69,1.69,1.69,1.69,0
2025-12-22 10:58:00,1.704,1.704,1.704,1.704,1
2025-12-22 10:59:00,1.704,1.704,1.704,1.704,0
2025-12-22 11:00:00,1.704,1.704,1.704,1.704,0
2025-12-22 11:01:00,1.704,1.704,1.704,1.704,0
2025-12-22 11:02:00,1.69,1.69,1.69,1.69,6
2025-12-22 11:03:00,1.69,1.69,1.69,1.69,0
2025-12-22 11:04:00,1.66,1.66,1.66,1.66,1
2025-12-22 11:05:00,1.66,1.66,1.66,1.66,0
2025-12-22 11:06:00,1.66,1.66,1.66,1.66,0
2025-12-22 11:07:00,1.66,1.66,1.66,1.66,0
2025-12-22 11:08:00,1.66,1.66,1.66,1.66,0
2025-12-22 11:09:00,1.66,1.66,1.66,1.66,0
2025-12-22 11:10:00,1.66,1.66,1.66,1.66,0
2025-12-22 11:11:00,1.66,1.66,1.66,1.66,0
2025-12-22 11:12:00,1.66,1.66,1.66,1.66,0
2025-12-22 11:13:00,1.698,1.698,1.698,1.698,3
2025-12-22 11:14:00,1.698,1.698,1.698,1.698,0
2025-12-22 11:15:00,1.698,1.698,1.698,1.698,0
2025-12-22 11:16:00,1.698,1.698,1.698,1.698,0
2025-12-22 11:17:00,1.698,1.698,1.698,1.698,0
2025-12-22 11:18:00,1.698,1.698,1.698,1.698,0
2025-12-22 11:19:00,1.698,1.698,1.698,1.698,0
2025-12-22 11:20:00,1.698,1.698,1.698,1.698,0
2025-12-22 11:21:00,1.698,1.698,1.698,1.698,0
2025-12-22 11:22:00,1.698,1.698,1.698,1.698,0
2025-12-22 11:23:00,1.698,1.698,1.698,1.698,0
2025-12-22 11:24:00,1.698,1.698,1.698,1.698,0
2025-12-22 11:25:00,1.698,1.698,1.698,1.698,0
2025-12-22 11:26:00,1.698,1.698,1.698,1.698,0
2025-12-22 11:27:00,1.698,1.698,1.698,1.698,0
2025-12-22 11:28:00,1.698,1.698,1.698,1.698,0
2025-12-22 11:29:00,1.698,1.698,1.698,1.698,0
2025-12-22 11:30:00,1.698,1.698,1.698,1.698,0
2025-12-22 11:31:00,1.698,1.698,1.698,1.698,0
2025-12-22 11:32:00,1.698,1.698,1.698,1.698,0
2025-12-22 11:33:00,1.698,1.698,1.698,1.698,0
2025-12-22 11:34:00,1.698,1.698,1.698,1.698,0
2025-12-22 11:35:00,1.698,1.698,1.698,1.698,0
2025-12-22 11:36:00,1.698,1.698,1.698,1.698,0
2025-12-22 11:37:00,1.698,1.698,1.698,1.698,0
2025-12-22 11:38:00,1.685,1.685,1.6709,1.6709,3
2025-12-22 11:39:00,1.6709,1.6709,1.6709,1.6709,0
2025-12-22 11:40:00,1.6709,1.6709,1.6709,1.6709,0
2025-12-22 11:41:00,1.6709,1.6709,1.6709,1.6709,0
2025-12-22 11:42:00,1.6709,1.6709,1.6709,1.6709,0
2025-12-22 11:43:00,1.6709,1.6709,1.6709,1.6709,0
2025-12-22 11:44:00,1.6709,1.6709,1.6709,1.6709,0
2025-12-22 11:45:00,1.6709,1.6709,1.6709,1.6709,0
2025-12-22 11:46:00,1.6709,1.6709,1.6709,1.6709,0
2025-12-22 11:47:00,1.6709,1.6709,1.6709,1.6709,0
2025-12-22 11:48:00,1.6709,1.6709,1.6709,1.6709,0
2025-12-22 11:49:00,1.6709,1.6709,1.6709,1.6709,0
2025-12-22 11:50:00,1.6709,1.6709,1.6709,1.6709,0
2025-12-22 11:51:00,1.6709,1.6709,1.6709,1.6709,0
2025-12-22 11:52:00,1.6709,1.6709,1.6709,1.6709,0
2025-12-22 11:53:00,1.6709,1.6709,1.6709,1.6709,0
2025-12-22 11:54:00,1.6709,1.6709,1.6709,1.6709,0
2025-12-22 11:55:00,1.6709,1.6709,1.6709,1.6709,0
2025-12-22 11:56:00,1.6709,1.6709,1.6709,1.6709,0
2025-12-22 11:57:00,1.6709,1.6709,1.6709,1.6709,0
2025-12-22 11:58:00,1.6709,1.6709,1.6709,1.6709,0
2025-12-22 11:59:00,1.6709,1.6709,1.6709,1.6709,0
2025-12-22 12:00:00,1.6709,1.6709,1.6709,1.6709,0
2025-12-22 12:01:00,1.6709,1.6709,1.6709,1.6709,0
2025-12-22 12:02:00,1.6709,1.6709,1.6709,1.6709,0
2025-12-22 12:03:00,1.6709,1.6709,1.6709,1.6709,0
2025-12-22 12:04:00,1.6709,1.6709,1.6709,1.6709,0
2025-12-22 12:05:00,1.67,1.67,1.67,1.67,1
2025-12-22 12:06:00,1.67,1.67,1.67,1.67,0
2025-12-22 12:07:00,1.67,1.67,1.67,1.67,0
2025-12-22 12:08:00,1.67,1.67,1.67,1.67,0
2025-12-22 12:09:00,1.67,1.67,1.67,1.67,0
2025-12-22 12:10:00,1.67,1.67,1.67,1.67,0
2025-12-22 12:11:00,1.67,1.67,1.67,1.67,1
2025-12-22 12:12:00,1.67,1.67,1.67,1.67,0
2025-12-22 12:13:00,1.67,1.67,1.67,1.67,0
2025-12-22 12:14:00,1.67,1.67,1.67,1.67,0
2025-12-22 12:15:00,1.67,1.67,1.67,1.67,0
2025-12-22 12:16:00,1.67,1.67,1.67,1.67,0
2025-12-22 12:17:00,1.67,1.67,1.67,1.67,0
2025-12-22 12:18:00,1.67,1.67,1.67,1.67,0
2025-12-22 12:19:00,1.67,1.67,1.67,1.67,0
2025-12-22 12:20:00,1.67,1.67,1.67,1.67,0
2025-12-22 12:21:00,1.67,1.67,1.67,1.67,0
2025-12-22 12:22:00,1.67,1.67,1.67,1.67,0
2025-12-22 12:23:00,1.67,1.67,1.67,1.67,0
2025-12-22 12:24:00,1.67,1.67,1.67,1.67,0
2025-12-22 12:25:00,1.67,1.67,1.67,1.67,0
2025-12-22 12:26:00,1.67,1.67,1.67,1.67,0
2025-12-22 12:27:00,1.67,1.67,1.67,1.67,0
2025-12-22 12:28:00,1.67,1.67,1.67,1.67,0
2025-12-22 12:29:00,1.67,1.67,1.67,1.67,0
2025-12-22 12:30:00,1.67,1.67,1.67,1.67,0
2025-12-22 12:31:00,1.67,1.67,1.67,1.67,0
2025-12-22 12:32:00,1.67,1.67,1.67,1.67,0
2025-12-22 12:33:00,1.67,1.67,1.67,1.67,0
2025-12-22 12:34:00,1.67,1.67,1.67,1.67,0
2025-12-22 12:35:00,1.66,1.66,1.66,1.66,1
2025-12-22 12:36:00,1.66,1.66,1.66,1.66,0
2025-12-22 12:37:00,1.66,1.66,1.66,1.66,0
2025-12-22 12:38:00,1.66,1.66,1.66,1.66,0
2025-12-22 12:39:00,1.66,1.66,1.66,1.66,0
2025-12-22 12:40:00,1.66,1.66,1.66,1.66,0
2025-12-22 12:41:00,1.66,1.66,1.66,1.66,0
2025-12-22 12:42:00,1.66,1.66,1.66,1.66,0
2025-12-22 12:43:00,1.66,1.66,1.66,1.66,0
2025-12-22 12:44:00,1.66,1.66,1.66,1.66,0
2025-12-22 12:45:00,1.66,1.66,1.66,1.66,0
2025-12-22 12:46:00,1.66,1.66,1.66,1.66,0
2025-12-22 12:47:00,1.66,1.66,1.66,1.66,0
2025-12-22 12:48:00,1.66,1.66,1.66,1.66,0
2025-12-22 12:49:00,1.67,1.67,1.67,1.67,33
2025-12-22 12:50:00,1.67,1.67,1.67,1.67,0
2025-12-22 12:51:00,1.67,1.67,1.67,1.67,0
2025-12-22 12:52:00,1.67,1.67,1.67,1.67,0
2025-12-22 12:53:00,1.67,1.67,1.67,1.67,0
2025-12-22 12:54:00,1.67,1.67,1.67,1.67,0
2025-12-22 12:55:00,1.68,1.685,1.68,1.685,3
2025-12-22 12:56:00,1.685,1.685,1.685,1.685,1
2025-12-22 12:57:00,1.685,1.685,1.685,1.685,0
2025-12-22 12:58:00,1.685,1.685,1.685,1.685,0
2025-12-22 12:59:00,1.685,1.685,1.685,1.685,0
2025-12-22 13:00:00,1.685,1.685,1.685,1.685,0
2025-12-22 13:01:00,1.678,1.678,1.678,1.678,29
2025-12-22 13:02:00,1.685,1.685,1.685,1.685,29
2025-12-22 13:03:00,1.685,1.685,1.685,1.685,0
2025-12-22 13:04:00,1.678,1.678,1.678,1.678,29
2025-12-22 13:05:00,1.678,1.678,1.678,1.678,0
2025-12-22 13:06:00,1.6854,1.6854,1.6854,1.6854,29
2025-12-22 13:07:00,1.685,1.685,1.66,1.6601,27
2025-12-22 13:08:00,1.6601,1.6601,1.6601,1.6601,0
2025-12-22 13:09:00,1.66,1.665,1.65,1.665,48
2025-12-22 13:10:00,1.665,1.665,1.665,1.665,0
2025-12-22 13:11:00,1.64,1.64,1.64,1.64,20
2025-12-22 13:12:00,1.6562,1.6562,1.63,1.63,48
2025-12-22 13:13:00,1.63,1.63,1.63,1.63,0
2025-12-22 13:14:00,1.631,1.631,1.6001,1.6001,49
2025-12-22 13:15:00,1.61,1.6153,1.6,1.6,21
2025-12-22 13:16:00,1.6348,1.6348,1.6348,1.6348,13
2025-12-22 13:17:00,1.6348,1.6348,1.6348,1.6348,0
2025-12-22 13:18:00,1.6348,1.6348,1.6348,1.6348,0
2025-12-22 13:19:00,1.6348,1.6348,1.6348,1.6348,0
2025-12-22 13:20:00,1.6348,1.6348,1.6348,1.6348,0
2025-12-22 13:21:00,1.6348,1.6348,1.6348,1.6348,0
2025-12-22 13:22:00,1.6348,1.6348,1.6348,1.6348,0
2025-12-22 13:23:00,1.6348,1.6348,1.6348,1.6348,0
2025-12-22 13:24:00,1.6348,1.6348,1.6348,1.6348,0
2025-12-22 13:25:00,1.6348,1.6348,1.6348,1.6348,0
2025-12-22 13:26:00,1.6348,1.6348,1.6348,1.6348,0
2025-12-22 13:27:00,1.6348,1.6348,1.6348,1.6348,0
2025-12-22 13:28:00,1.6348,1.6348,1.6348,1.6348,0
2025-12-22 13:29:00,1.6348,1.6348,1.6348,1.6348,0
2025-12-22 13:30:00,1.6348,1.6348,1.6348,1.6348,0
2025-12-22 13:31:00,1.6348,1.6348,1.6348,1.6348,0
2025-12-22 13:32:00,1.62,1.62,1.62,1.62,1
2025-12-22 13:33:00,1.62,1.62,1.62,1.62,0
2025-12-22 13:34:00,1.62,1.62,1.62,1.62,0
2025-12-22 13:35:00,1.62,1.62,1.62,1.62,0
2025-12-22 13:36:00,1.62,1.62,1.62,1.62,0
2025-12-22 13:37:00,1.61,1.61,1.61,1.61,1
2025-12-22 13:38:00,1.61,1.61,1.61,1.61,0
2025-12-22 13:39:00,1.61,1.61,1.61,1.61,0
2025-12-22 13:40:00,1.61,1.61,1.61,1.61,0
2025-12-22 13:41:00,1.61,1.61,1.61,1.61,0
2025-12-22 13:42:00,1.61,1.61,1.61,1.61,0
2025-12-22 13:43:00,1.61,1.61,1.61,1.61,0
2025-12-22 13:44:00,1.61,1.61,1.61,1.61,0
2025-12-22 13:45:00,1.61,1.61,1.61,1.61,0
2025-12-22 13:46:00,1.61,1.61,1.61,1.61,0
2025-12-22 13:47:00,1.61,1.61,1.61,1.61,0
2025-12-22 13:48:00,1.61,1.61,1.61,1.61,0
2025-12-22 13:49:00,1.61,1.61,1.61,1.61,0
2025-12-22 13:50:00,1.61,1.61,1.61,1.61,0
2025-12-22 13:51:00,1.625,1.625,1.625,1.625,1
2025-12-22 13:52:00,1.62,1.62,1.62,1.62,2
2025-12-22 13:53:00,1.62,1.62,1.62,1.62,0
2025-12-22 13:54:00,1.62,1.62,1.62,1.62,0
2025-12-22 13:55:00,1.62,1.62,1.62,1.62,0
2025-12-22 13:56:00,1.62,1.62,1.62,1.62,0
2025-12-22 13:57:00,1.62,1.62,1.62,1.62,0
2025-12-22 13:58:00,1.62,1.62,1.62,1.62,0
2025-12-22 13:59:00,1.62,1.62,1.62,1.62,0
2025-12-22 14:00:00,1.62,1.62,1.62,1.62,0
2025-12-22 14:01:00,1.62,1.62,1.62,1.62,0
2025-12-22 14:02:00,1.62,1.62,1.62,1.62,0
2025-12-22 14:03:00,1.62,1.62,1.62,1.62,0
2025-12-22 14:04:00,1.62,1.62,1.62,1.62,0
2025-12-22 14:05:00,1.62,1.62,1.62,1.62,0
2025-12-22 14:06:00,1.62,1.62,1.62,1.62,0
2025-12-22 14:07:00,1.62,1.62,1.62,1.62,0
2025-12-22 14:08:00,1.62,1.62,1.62,1.62,0
2025-12-22 14:09:00,1.62,1.62,1.62,1.62,0
2025-12-22 14:10:00,1.62,1.62,1.62,1.62,0
2025-12-22 14:11:00,1.62,1.62,1.62,1.62,0
2025-12-22 14:12:00,1.62,1.62,1.62,1.62,0
2025-12-22 14:13:00,1.62,1.62,1.62,1.62,0
2025-12-22 14:14:00,1.62,1.62,1.62,1.62,0
2025-12-22 14:15:00,1.62,1.62,1.62,1.62,0
2025-12-22 14:16:00,1.62,1.62,1.62,1.62,0
2025-12-22 14:17:00,1.62,1.62,1.62,1.62,0
2025-12-22 14:18:00,1.62,1.62,1.62,1.62,0
2025-12-22 14:19:00,1.62,1.62,1.62,1.62,0
2025-12-22 14:20:00,1.62,1.62,1.62,1.62,0
2025-12-22 14:21:00,1.62,1.62,1.62,1.62,0
2025-12-22 14:22:00,1.62,1.62,1.62,1.62,0
2025-12-22 14:23:00,1.62,1.62,1.62,1.62,0
2025-12-22 14:24:00,1.62,1.62,1.62,1.62,0
2025-12-22 14:25:00,1.62,1.62,1.62,1.62,0
2025-12-22 14:26:00,1.62,1.62,1.62,1.62,0
2025-12-22 14:27:00,1.62,1.62,1.62,1.62,0
2025-12-22 14:28:00,1.62,1.62,1.62,1.62,0
2025-12-22 14:29:00,1.62,1.62,1.62,1.62,0
2025-12-22 14:30:00,1.62,1.62,1.62,1.62,0
2025-12-22 14:31:00,1.62,1.62,1.62,1.62,0
2025-12-22 14:32:00,1.62,1.62,1.62,1.62,0
2025-12-22 14:33:00,1.62,1.62,1.62,1.62,1
2025-12-22 14:34:00,1.62,1.62,1.62,1.62,0
2025-12-22 14:35:00,1.62,1.62,1.62,1.62,0
2025-12-22 14:36:00,1.62,1.62,1.62,1.62,0
2025-12-22 14:37:00,1.62,1.62,1.62,1.62,0
2025-12-22 14:38:00,1.63,1.63,1.63,1.63,1
2025-12-22 14:39:00,1.63,1.63,1.63,1.63,0
2025-12-22 14:40:00,1.63,1.63,1.63,1.63,0
2025-12-22 14:41:00,1.63,1.63,1.63,1.63,0
2025-12-22 14:42:00,1.63,1.63,1.63,1.63,0
2025-12-22 14:43:00,1.63,1.63,1.63,1.63,0
2025-12-22 14:44:00,1.635,1.635,1.635,1.635,3
2025-12-22 14:45:00,1.635,1.635,1.635,1.635,0
2025-12-22 14:46:00,1.635,1.635,1.635,1.635,0
2025-12-22 14:47:00,1.635,1.635,1.635,1.635,0
2025-12-22 14:48:00,1.635,1.635,1.635,1.635,0
2025-12-22 14:49:00,1.64,1.65,1.64,1.65,20
2025-12-22 14:50:00,1.65,1.65,1.65,1.65,0
2025-12-22 14:51:00,1.65,1.65,1.65,1.65,0
2025-12-22 14:52:00,1.65,1.65,1.65,1.65,0
2025-12-22 14:53:00,1.65,1.65,1.65,1.65,0
2025-12-22 14:54:00,1.65,1.65,1.65,1.65,0
2025-12-22 14:55:00,1.65,1.65,1.65,1.65,0
2025-12-22 14:56:00,1.65,1.65,1.65,1.65,0
2025-12-22 14:57:00,1.65,1.65,1.65,1.65,0
2025-12-22 14:58:00,1.65,1.65,1.65,1.65,0
2025-12-22 14:59:00,1.65,1.65,1.65,1.65,0
2025-12-22 15:00:00,1.6369,1.6369,1.6369,1.6369,2
2025-12-22 15:01:00,1.6369,1.6369,1.6369,1.6369,0
2025-12-22 15:02:00,1.6369,1.6369,1.6369,1.6369,0
2025-12-22 15:03:00,1.6369,1.6369,1.6369,1.6369,0
2025-12-22 15:04:00,1.6369,1.6369,1.6369,1.6369,0
2025-12-22 15:05:00,1.6369,1.6369,1.6369,1.6369,0
2025-12-22 15:06:00,1.6369,1.6369,1.6369,1.6369,0
2025-12-22 15:07:00,1.6369,1.6369,1.6369,1.6369,0
2025-12-22 15:08:00,1.6369,1.6369,1.6369,1.6369,0
2025-12-22 15:09:00,1.6369,1.6369,1.6369,1.6369,0
2025-12-22 15:10:00,1.6369,1.6369,1.6369,1.6369,0
2025-12-22 15:11:00,1.6369,1.6369,1.6369,1.6369,0
2025-12-22 15:12:00,1.6369,1.6369,1.6369,1.6369,0
2025-12-22 15:13:00,1.6369,1.6369,1.6369,1.6369,0
2025-12-22 15:14:00,1.6369,1.6369,1.6369,1.6369,0
2025-12-22 15:15:00,1.6369,1.6369,1.6369,1.6369,0
2025-12-22 15:16:00,1.6369,1.6369,1.6369,1.6369,0
2025-12-22 15:17:00,1.6369,1.6369,1.6369,1.6369,0
2025-12-22 15:18:00,1.6369,1.6369,1.6369,1.6369,0
2025-12-22 15:19:00,1.638,1.638,1.638,1.638,1
2025-12-22 15:20:00,1.638,1.638,1.638,1.638,0
2025-12-22 15:21:00,1.638,1.638,1.638,1.638,0
2025-12-22 15:22:00,1.638,1.638,1.638,1.638,0
2025-12-22 15:23:00,1.638,1.638,1.638,1.638,0
2025-12-22 15:24:00,1.638,1.638,1.638,1.638,0
2025-12-22 15:25:00,1.638,1.638,1.638,1.638,0
2025-12-22 15:26:00,1.638,1.638,1.638,1.638,0
2025-12-22 15:27:00,1.63,1.63,1.63,1.63,1
2025-12-22 15:28:00,1.63,1.63,1.63,1.63,0
2025-12-22 15:29:00,1.63,1.63,1.63,1.63,0
2025-12-22 15:30:00,1.63,1.63,1.63,1.63,0
2025-12-22 15:31:00,1.63,1.63,1.63,1.63,0
2025-12-22 15:32:00,1.63,1.63,1.63,1.63,0
2025-12-22 15:33:00,1.63,1.63,1.63,1.63,0
2025-12-22 15:34:00,1.63,1.63,1.63,1.63,0
2025-12-22 15:35:00,1.63,1.63,1.63,1.63,0
2025-12-22 15:36:00,1.63,1.63,1.63,1.63,0
2025-12-22 15:37:00,1.63,1.63,1.63,1.63,0
2025-12-22 15:38:00,1.63,1.63,1.63,1.63,0
2025-12-22 15:39:00,1.63,1.63,1.63,1.63,0
2025-12-22 15:40:00,1.63,1.63,1.63,1.63,0
2025-12-22 15:41:00,1.63,1.63,1.63,1.63,0
2025-12-22 15:42:00,1.63,1.63,1.63,1.63,0
2025-12-22 15:43:00,1.63,1.63,1.63,1.63,0
2025-12-22 15:44:00,1.63,1.63,1.63,1.63,0
2025-12-22 15:45:00,1.63,1.63,1.63,1.63,0
2025-12-22 15:46:00,1.63,1.63,1.63,1.63,0
2025-12-22 15:47:00,1.63,1.63,1.63,1.63,0
2025-12-22 15:48:00,1.63,1.63,1.63,1.63,0
2025-12-22 15:49:00,1.62,1.62,1.62,1.62,4
2025-12-22 15:50:00,1.62,1.62,1.62,1.62,0
2025-12-22 15:51:00,1.62,1.62,1.62,1.62,0
2025-12-22 15:52:00,1.62,1.62,1.62,1.62,0
2025-12-22 15:53:00,1.62,1.62,1.62,1.62,0
2025-12-22 15:54:00,1.62,1.62,1.62,1.62,0
2025-12-22 15:55:00,1.62,1.62,1.62,1.62,0
2025-12-22 15:56:00,1.62,1.62,1.62,1.62,0
2025-12-22 15:57:00,1.62,1.62,1.62,1.62,3
2025-12-22 15:58:00,1.62,1.62,1.62,1.62,0
2025-12-22 15:59:00,1.62,1.63,1.62,1.62,5
2025-12-23 09:30:00,1.63,1.63,1.63,1.63,8
2025-12-23 09:31:00,1.63,1.63,1.63,1.63,0
2025-12-23 09:32:00,1.63,1.63,1.63,1.63,0
2025-12-23 09:33:00,1.63,1.63,1.63,1.63,0
2025-12-23 09:34:00,1.63,1.63,1.63,1.63,0
2025-12-23 09:35:00,1.61,1.61,1.61,1.61,30
2025-12-23 09:36:00,1.61,1.61,1.61,1.61,0
2025-12-23 09:37:00,1.61,1.61,1.61,1.61,0
2025-12-23 09:38:00,1.61,1.61,1.61,1.61,0
2025-12-23 09:39:00,1.61,1.61,1.61,1.61,0
2025-12-23 09:40:00,1.6069,1.6069,1.6069,1.6069,15
2025-12-23 09:41:00,1.6069,1.6069,1.6069,1.6069,0
2025-12-23 09:42:00,1.6069,1.6069,1.6069,1.6069,0
2025-12-23 09:43:00,1.6069,1.6069,1.6069,1.6069,0
2025-12-23 09:44:00,1.6069,1.6069,1.6069,1.6069,0
2025-12-23 09:45:00,1.6069,1.6069,1.6069,1.6069,0
2025-12-23 09:46:00,1.6069,1.6069,1.6069,1.6069,0
2025-12-23 09:47:00,1.6069,1.6069,1.6069,1.6069,0
2025-12-23 09:48:00,1.6069,1.6069,1.6069,1.6069,0
2025-12-23 09:49:00,1.6069,1.6069,1.6069,1.6069,0
2025-12-23 09:50:00,1.6069,1.6069,1.6069,1.6069,0
2025-12-23 09:51:00,1.6069,1.6069,1.6069,1.6069,0
2025-12-23 09:52:00,1.6069,1.6069,1.6069,1.6069,0
2025-12-23 09:53:00,1.6069,1.6069,1.6069,1.6069,0
2025-12-23 09:54:00,1.6069,1.6069,1.6069,1.6069,0
2025-12-23 09:55:00,1.6069,1.6069,1.6069,1.6069,0
2025-12-23 09:56:00,1.6069,1.6069,1.6069,1.6069,0
2025-12-23 09:57:00,1.6069,1.6069,1.6069,1.6069,0
2025-12-23 09:58:00,1.6069,1.6069,1.6069,1.6069,0
2025-12-23 09:59:00,1.6069,1.6069,1.6069,1.6069,0
2025-12-23 10:00:00,1.6069,1.6069,1.6069,1.6069,0
2025-12-23 10:01:00,1.5856,1.5856,1.5856,1.5856,6
2025-12-23 10:02:00,1.58,1.58,1.57,1.57,7
2025-12-23 10:03:00,1.57,1.57,1.57,1.57,1
2025-12-23 10:04:00,1.5751,1.5751,1.5751,1.5751,1
2025-12-23 10:05:00,1.5751,1.5751,1.5751,1.5751,0
2025-12-23 10:06:00,1.5751,1.5751,1.5751,1.5751,0
2025-12-23 10:07:00,1.5751,1.5751,1.5751,1.5751,0
2025-12-23 10:08:00,1.57,1.57,1.57,1.57,1
2025-12-23 10:09:00,1.575,1.575,1.575,1.575,1
2025-12-23 10:10:00,1.575,1.575,1.575,1.575,0
2025-12-23 10:11:00,1.575,1.575,1.575,1.575,0
2025-12-23 10:12:00,1.575,1.575,1.575,1.575,0
2025-12-23 10:13:00,1.575,1.575,1.575,1.575,0
2025-12-23 10:14:00,1.575,1.575,1.575,1.575,0
2025-12-23 10:15:00,1.57,1.57,1.57,1.57,1
2025-12-23 10:16:00,1.57,1.57,1.57,1.57,0
2025-12-23 10:17:00,1.57,1.57,1.57,1.57,0
2025-12-23 10:18:00,1.57,1.57,1.57,1.57,1
2025-12-23 10:19:00,1.57,1.57,1.57,1.57,0
2025-12-23 10:20:00,1.57,1.57,1.57,1.57,0
2025-12-23 10:21:00,1.57,1.57,1.57,1.57,1
2025-12-23 10:22:00,1.57,1.57,1.57,1.57,0
2025-12-23 10:23:00,1.57,1.57,1.57,1.57,0
2025-12-23 10:24:00,1.57,1.57,1.57,1.57,0
2025-12-23 10:25:00,1.57,1.57,1.57,1.57,0
2025-12-23 10:26:00,1.57,1.57,1.57,1.57,0
2025-12-23 10:27:00,1.57,1.57,1.57,1.57,0
2025-12-23 10:28:00,1.57,1.57,1.57,1.57,0
2025-12-23 10:29:00,1.57,1.57,1.57,1.57,0
2025-12-23 10:30:00,1.57,1.57,1.57,1.57,0
2025-12-23 10:31:00,1.57,1.57,1.57,1.57,0
2025-12-23 10:32:00,1.57,1.57,1.57,1.57,0
2025-12-23 10:33:00,1.57,1.57,1.57,1.57,0
2025-12-23 10:34:00,1.57,1.57,1.57,1.57,0
2025-12-23 10:35:00,1.57,1.57,1.57,1.57,0
2025-12-23 10:36:00,1.57,1.57,1.57,1.57,0
2025-12-23 10:37:00,1.57,1.57,1.57,1.57,0
2025-12-23 10:38:00,1.57,1.57,1.57,1.57,0
2025-12-23 10:39:00,1.57,1.57,1.57,1.57,0
2025-12-23 10:40:00,1.57,1.57,1.57,1.57,0
2025-12-23 10:41:00,1.57,1.57,1.57,1.57,0
2025-12-23 10:42:00,1.57,1.57,1.57,1.57,0
2025-12-23 10:43:00,1.56,1.56,1.56,1.56,49
2025-12-23 10:44:00,1.56,1.56,1.56,1.56,0
2025-12-23 10:45:00,1.56,1.56,1.56,1.56,0
2025-12-23 10:46:00,1.56,1.56,1.56,1.56,0
2025-12-23 10:47:00,1.5586,1.5586,1.555,1.555,14
2025-12-23 10:48:00,1.555,1.555,1.555,1.555,0
2025-12-23 10:49:00,1.555,1.555,1.555,1.555,0
2025-12-23 10:50:00,1.555,1.555,1.555,1.555,0
2025-12-23 10:51:00,1.555,1.555,1.555,1.555,1
2025-12-23 10:52:00,1.555,1.555,1.555,1.555,0
2025-12-23 10:53:00,1.5531,1.5531,1.5531,1.5531,1
2025-12-23 10:54:00,1.55,1.55,1.55,1.55,4
2025-12-23 10:55:00,1.55,1.55,1.55,1.55,0
2025-12-23 10:56:00,1.55,1.55,1.55,1.55,0
2025-12-23 10:57:00,1.55,1.55,1.55,1.55,0
2025-12-23 10:58:00,1.5458,1.5458,1.53,1.53,7
2025-12-23 10:59:00,1.533,1.533,1.533,1.533,3
2025-12-23 11:00:00,1.533,1.533,1.533,1.533,0
2025-12-23 11:01:00,1.533,1.533,1.533,1.533,0
2025-12-23 11:02:00,1.533,1.533,1.533,1.533,0
2025-12-23 11:03:00,1.533,1.533,1.533,1.533,0
2025-12-23 11:04:00,1.533,1.533,1.533,1.533,0
2025-12-23 11:05:00,1.5599,1.5599,1.5599,1.5599,3
2025-12-23 11:06:00,1.5599,1.5599,1.5599,1.5599,0
2025-12-23 11:07:00,1.5599,1.5599,1.5599,1.5599,0
2025-12-23 11:08:00,1.5599,1.5599,1.5599,1.5599,0
2025-12-23 11:09:00,1.5599,1.5599,1.5599,1.5599,0
2025-12-23 11:10:00,1.5599,1.5599,1.5599,1.5599,0
2025-12-23 11:11:00,1.5599,1.5599,1.5599,1.5599,0
2025-12-23 11:12:00,1.5599,1.5599,1.5599,1.5599,0
2025-12-23 11:13:00,1.5599,1.5599,1.5599,1.5599,0
2025-12-23 11:14:00,1.5599,1.5599,1.5599,1.5599,0
2025-12-23 11:15:00,1.5599,1.5599,1.5599,1.5599,0
2025-12-23 11:16:00,1.5599,1.5599,1.5599,1.5599,0
2025-12-23 11:17:00,1.5599,1.5599,1.5599,1.5599,0
2025-12-23 11:18:00,1.5599,1.5599,1.5599,1.5599,0
2025-12-23 11:19:00,1.5599,1.5599,1.5599,1.5599,0
2025-12-23 11:20:00,1.5474,1.5474,1.545,1.545,3
2025-12-23 11:21:00,1.545,1.545,1.545,1.545,0
2025-12-23 11:22:00,1.5599,1.5599,1.5599,1.5599,3
2025-12-23 11:23:00,1.5599,1.5599,1.5599,1.5599,0
2025-12-23 11:24:00,1.5599,1.5599,1.5599,1.5599,0
2025-12-23 11:25:00,1.5599,1.5599,1.5599,1.5599,0
2025-12-23 11:26:00,1.5599,1.5599,1.5599,1.5599,0
2025-12-23 11:27:00,1.5599,1.5599,1.5599,1.5599,0
2025-12-23 11:28:00,1.5599,1.5599,1.5599,1.5599,0
2025-12-23 11:29:00,1.5599,1.5599,1.5599,1.5599,0
2025-12-23 11:30:00,1.5599,1.5599,1.5599,1.5599,0
2025-12-23 11:31:00,1.5599,1.5599,1.5599,1.5599,0
2025-12-23 11:32:00,1.5599,1.5599,1.5599,1.5599,0
2025-12-23 11:33:00,1.55,1.55,1.55,1.55,6
2025-12-23 11:34:00,1.55,1.55,1.55,1.55,0
2025-12-23 11:35:00,1.55,1.55,1.55,1.55,0
2025-12-23 11:36:00,1.55,1.55,1.55,1.55,0
2025-12-23 11:37:00,1.55,1.55,1.55,1.55,0
2025-12-23 11:38:00,1.55,1.55,1.55,1.55,0
2025-12-23 11:39:00,1.55,1.55,1.55,1.55,0
2025-12-23 11:40:00,1.55,1.55,1.55,1.55,0
2025-12-23 11:41:00,1.55,1.55,1.55,1.55,0
2025-12-23 11:42:00,1.55,1.55,1.55,1.55,0
2025-12-23 11:43:00,1.55,1.55,1.55,1.55,0
2025-12-23 11:44:00,1.55,1.55,1.55,1.55,0
2025-12-23 11:45:00,1.55,1.55,1.55,1.55,0
2025-12-23 11:46:00,1.55,1.55,1.55,1.55,0
2025-12-23 11:47:00,1.55,1.55,1.55,1.55,0
2025-12-23 11:48:00,1.55,1.55,1.55,1.55,0
2025-12-23 11:49:00,1.55,1.55,1.55,1.55,0
2025-12-23 11:50:00,1.55,1.55,1.55,1.55,0
2025-12-23 11:51:00,1.55,1.55,1.55,1.55,0
2025-12-23 11:52:00,1.55,1.55,1.55,1.55,0
2025-12-23 11:53:00,1.55,1.55,1.55,1.55,0
2025-12-23 11:54:00,1.55,1.55,1.55,1.55,0
2025-12-23 11:55:00,1.55,1.55,1.55,1.55,0
2025-12-23 11:56:00,1.55,1.55,1.55,1.55,0
2025-12-23 11:57:00,1.55,1.55,1.55,1.55,0
2025-12-23 11:58:00,1.55,1.55,1.55,1.55,0
2025-12-23 11:59:00,1.54,1.54,1.54,1.54,2
2025-12-23 12:00:00,1.54,1.54,1.54,1.54,0
2025-12-23 12:01:00,1.54,1.54,1.54,1.54,0
2025-12-23 12:02:00,1.54,1.54,1.54,1.54,0
2025-12-23 12:03:00,1.54,1.54,1.54,1.54,0
2025-12-23 12:04:00,1.54,1.54,1.54,1.54,0
2025-12-23 12:05:00,1.54,1.54,1.54,1.54,0
2025-12-23 12:06:00,1.54,1.54,1.54,1.54,0
2025-12-23 12:07:00,1.54,1.54,1.54,1.54,0
2025-12-23 12:08:00,1.54,1.54,1.54,1.54,0
2025-12-23 12:09:00,1.54,1.54,1.54,1.54,0
2025-12-23 12:10:00,1.5395,1.5395,1.5395,1.5395,4
2025-12-23 12:11:00,1.5395,1.5395,1.5395,1.5395,0
2025-12-23 12:12:00,1.5395,1.5395,1.5395,1.5395,0
2025-12-23 12:13:00,1.5395,1.5395,1.5395,1.5395,0
2025-12-23 12:14:00,1.5395,1.5395,1.5395,1.5395,0
2025-12-23 12:15:00,1.5395,1.5395,1.5395,1.5395,0
2025-12-23 12:16:00,1.5395,1.5395,1.5395,1.5395,0
2025-12-23 12:17:00,1.5395,1.5395,1.5395,1.5395,0
2025-12-23 12:18:00,1.5395,1.5395,1.5395,1.5395,0
2025-12-23 12:19:00,1.5395,1.5395,1.5395,1.5395,0
2025-12-23 12:20:00,1.53,1.53,1.53,1.53,1
2025-12-23 12:21:00,1.53,1.53,1.53,1.53,0
2025-12-23 12:22:00,1.53,1.53,1.53,1.53,0
2025-12-23 12:23:00,1.53,1.53,1.53,1.53,0
2025-12-23 12:24:00,1.53,1.53,1.53,1.53,0
2025-12-23 12:25:00,1.513,1.513,1.513,1.513,6
2025-12-23 12:26:00,1.513,1.513,1.513,1.513,0
2025-12-23 12:27:00,1.513,1.513,1.513,1.513,0
2025-12-23 12:28:00,1.5,1.5,1.48,1.5,62
2025-12-23 12:29:00,1.5,1.5,1.5,1.5,0
2025-12-23 12:30:00,1.5,1.5,1.5,1.5,0
2025-12-23 12:31:00,1.5,1.5,1.5,1.5,0
2025-12-23 12:32:00,1.5,1.5,1.5,1.5,2
2025-12-23 12:33:00,1.5,1.5,1.5,1.5,0
2025-12-23 12:34:00,1.5,1.5,1.5,1.5,0
2025-12-23 12:35:00,1.5,1.5,1.5,1.5,0
2025-12-23 12:36:00,1.5,1.5,1.5,1.5,0
2025-12-23 12:37:00,1.52,1.52,1.52,1.52,5
2025-12-23 12:38:00,1.52,1.52,1.52,1.52,0
2025-12-23 12:39:00,1.52,1.52,1.52,1.52,0
2025-12-23 12:40:00,1.51,1.51,1.5,1.5,4
2025-12-23 12:41:00,1.5,1.5,1.5,1.5,0
2025-12-23 12:42:00,1.5,1.5,1.5,1.5,0
2025-12-23 12:43:00,1.5,1.5,1.5,1.5,0
2025-12-23 12:44:00,1.5,1.5,1.5,1.5,0
2025-12-23 12:45:00,1.5,1.5,1.5,1.5,0
2025-12-23 12:46:00,1.5,1.5,1.5,1.5,0
2025-12-23 12:47:00,1.5,1.5,1.5,1.5,0
2025-12-23 12:48:00,1.5294,1.5294,1.5294,1.5294,6
2025-12-23 12:49:00,1.5294,1.5294,1.5294,1.5294,0
2025-12-23 12:50:00,1.5294,1.5294,1.5294,1.5294,0
2025-12-23 12:51:00,1.52,1.52,1.52,1.52,10
2025-12-23 12:52:00,1.52,1.52,1.52,1.52,0
2025-12-23 12:53:00,1.52,1.52,1.52,1.52,0
2025-12-23 12:54:00,1.52,1.52,1.52,1.52,0
2025-12-23 12:55:00,1.52,1.52,1.52,1.52,0
2025-12-23 12:56:00,1.52,1.52,1.52,1.52,0
2025-12-23 12:57:00,1.52,1.52,1.52,1.52,0
2025-12-23 12:58:00,1.505,1.52,1.505,1.52,5
2025-12-23 12:59:00,1.52,1.52,1.52,1.52,0
2025-12-23 13:00:00,1.52,1.52,1.52,1.52,0
2025-12-23 13:01:00,1.52,1.52,1.52,1.52,0
2025-12-23 13:02:00,1.52,1.52,1.52,1.52,0
2025-12-23 13:03:00,1.52,1.52,1.52,1.52,0
2025-12-23 13:04:00,1.52,1.52,1.52,1.52,0
2025-12-23 13:05:00,1.52,1.52,1.52,1.52,0
2025-12-23 13:06:00,1.52,1.52,1.52,1.52,0
2025-12-23 13:07:00,1.52,1.52,1.52,1.52,0
2025-12-23 13:08:00,1.52,1.52,1.52,1.52,0
2025-12-23 13:09:00,1.52,1.52,1.52,1.52,0
2025-12-23 13:10:00,1.52,1.52,1.52,1.52,0
2025-12-23 13:11:00,1.52,1.52,1.52,1.52,0
2025-12-23 13:12:00,1.52,1.6,1.52,1.5272,113
2025-12-23 13:13:00,1.5272,1.5272,1.5272,1.5272,0
2025-12-23 13:14:00,1.5272,1.5272,1.5272,1.5272,0
2025-12-23 13:15:00,1.5272,1.5272,1.5272,1.5272,0
2025-12-23 13:16:00,1.5272,1.5272,1.5272,1.5272,0
2025-12-23 13:17:00,1.5272,1.5272,1.5272,1.5272,0
2025-12-23 13:18:00,1.5272,1.5272,1.5272,1.5272,0
2025-12-23 13:19:00,1.5272,1.5272,1.5272,1.5272,0
2025-12-23 13:20:00,1.5272,1.5272,1.5272,1.5272,0
2025-12-23 13:21:00,1.5272,1.5272,1.5272,1.5272,0
2025-12-23 13:22:00,1.5272,1.5272,1.5272,1.5272,0
2025-12-23 13:23:00,1.5272,1.5272,1.5272,1.5272,0
2025-12-23 13:24:00,1.5272,1.5272,1.5272,1.5272,0
2025-12-23 13:25:00,1.5272,1.5272,1.5272,1.5272,0
2025-12-23 13:26:00,1.5272,1.5272,1.5272,1.5272,0
2025-12-23 13:27:00,1.5272,1.5272,1.5272,1.5272,0
2025-12-23 13:28:00,1.5272,1.5272,1.5272,1.5272,0
2025-12-23 13:29:00,1.5272,1.5272,1.5272,1.5272,0
2025-12-23 13:30:00,1.5272,1.5272,1.5272,1.5272,0
2025-12-23 13:31:00,1.5272,1.5272,1.5272,1.5272,0
2025-12-23 13:32:00,1.5272,1.5272,1.5272,1.5272,0
2025-12-23 13:33:00,1.5272,1.5272,1.5272,1.5272,0
2025-12-23 13:34:00,1.5272,1.5272,1.5272,1.5272,0
2025-12-23 13:35:00,1.5272,1.5272,1.5272,1.5272,0
2025-12-23 13:36:00,1.5272,1.5272,1.5272,1.5272,0
2025-12-23 13:37:00,1.5272,1.5272,1.5272,1.5272,0
2025-12-23 13:38:00,1.5272,1.5272,1.5272,1.5272,0
2025-12-23 13:39:00,1.575,1.575,1.54,1.54,20
2025-12-23 13:40:00,1.54,1.54,1.54,1.54,0
2025-12-23 13:41:00,1.5389,1.5389,1.5389,1.5389,2
2025-12-23 13:42:00,1.5389,1.5389,1.5389,1.5389,0
2025-12-23 13:43:00,1.5896,1.5896,1.5896,1.5896,2
2025-12-23 13:44:00,1.5896,1.5896,1.5896,1.5896,0
2025-12-23 13:45:00,1.5896,1.5896,1.5896,1.5896,0
2025-12-23 13:46:00,1.5896,1.5896,1.5896,1.5896,0
2025-12-23 13:47:00,1.5896,1.5896,1.5896,1.5896,0
2025-12-23 13:48:00,1.5896,1.5896,1.5896,1.5896,0
2025-12-23 13:49:00,1.5896,1.5896,1.5896,1.5896,0
2025-12-23 13:50:00,1.5896,1.5896,1.5896,1.5896,0
2025-12-23 13:51:00,1.5896,1.5896,1.5896,1.5896,0
2025-12-23 13:52:00,1.5896,1.5896,1.5896,1.5896,0
2025-12-23 13:53:00,1.5896,1.5896,1.5896,1.5896,0
2025-12-23 13:54:00,1.5896,1.5896,1.5896,1.5896,0
2025-12-23 13:55:00,1.5896,1.5896,1.5896,1.5896,0
2025-12-23 13:56:00,1.5896,1.5896,1.5896,1.5896,0
2025-12-23 13:57:00,1.5896,1.5896,1.5896,1.5896,0
2025-12-23 13:58:00,1.5896,1.5896,1.5896,1.5896,0
2025-12-23 13:59:00,1.5896,1.5896,1.5896,1.5896,0
2025-12-23 14:00:00,1.5896,1.5896,1.5896,1.5896,0
2025-12-23 14:01:00,1.5896,1.5896,1.5896,1.5896,0
2025-12-23 14:02:00,1.5896,1.5896,1.5896,1.5896,0
2025-12-23 14:03:00,1.5896,1.5896,1.5896,1.5896,0
2025-12-23 14:04:00,1.5896,1.5896,1.5896,1.5896,0
2025-12-23 14:05:00,1.5896,1.5896,1.5896,1.5896,0
2025-12-23 14:06:00,1.5896,1.5896,1.5896,1.5896,0
2025-12-23 14:07:00,1.5896,1.5896,1.5896,1.5896,0
2025-12-23 14:08:00,1.5896,1.5896,1.5896,1.5896,0
2025-12-23 14:09:00,1.5896,1.5896,1.5896,1.5896,0
2025-12-23 14:10:00,1.5896,1.5896,1.5896,1.5896,0
2025-12-23 14:11:00,1.5896,1.5896,1.5896,1.5896,0
2025-12-23 14:12:00,1.5896,1.5896,1.5896,1.5896,0
2025-12-23 14:13:00,1.5896,1.5896,1.5896,1.5896,0
2025-12-23 14:14:00,1.5896,1.5896,1.5896,1.5896,0
2025-12-23 14:15:00,1.54,1.54,1.54,1.54,2
2025-12-23 14:16:00,1.54,1.54,1.54,1.54,0
2025-12-23 14:17:00,1.54,1.54,1.54,1.54,0
2025-12-23 14:18:00,1.54,1.54,1.54,1.54,0
2025-12-23 14:19:00,1.54,1.54,1.54,1.54,0
2025-12-23 14:20:00,1.54,1.54,1.54,1.54,0
2025-12-23 14:21:00,1.54,1.54,1.54,1.54,0
2025-12-23 14:22:00,1.54,1.54,1.54,1.54,0
2025-12-23 14:23:00,1.54,1.54,1.54,1.54,0
2025-12-23 14:24:00,1.54,1.54,1.54,1.54,0
2025-12-23 14:25:00,1.54,1.54,1.54,1.54,1
2025-12-23 14:26:00,1.54,1.54,1.54,1.54,0
2025-12-23 14:27:00,1.54,1.54,1.54,1.54,0
2025-12-23 14:28:00,1.54,1.54,1.54,1.54,0
2025-12-23 14:29:00,1.54,1.54,1.54,1.54,0
2025-12-23 14:30:00,1.54,1.54,1.54,1.54,0
2025-12-23 14:31:00,1.54,1.54,1.54,1.54,0
2025-12-23 14:32:00,1.54,1.54,1.54,1.54,0
2025-12-23 14:33:00,1.54,1.54,1.54,1.54,0
2025-12-23 14:34:00,1.54,1.54,1.54,1.54,0
2025-12-23 14:35:00,1.575,1.575,1.575,1.575,2
2025-12-23 14:36:00,1.575,1.575,1.575,1.575,0
2025-12-23 14:37:00,1.575,1.575,1.575,1.575,0
2025-12-23 14:38:00,1.575,1.575,1.575,1.575,0
2025-12-23 14:39:00,1.575,1.575,1.575,1.575,0
2025-12-23 14:40:00,1.575,1.575,1.575,1.575,0
2025-12-23 14:41:00,1.575,1.575,1.575,1.575,0
2025-12-23 14:42:00,1.575,1.575,1.575,1.575,0
2025-12-23 14:43:00,1.575,1.575,1.575,1.575,0
2025-12-23 14:44:00,1.575,1.575,1.575,1.575,0
2025-12-23 14:45:00,1.575,1.575,1.575,1.575,0
2025-12-23 14:46:00,1.575,1.575,1.575,1.575,0
2025-12-23 14:47:00,1.575,1.575,1.575,1.575,0
2025-12-23 14:48:00,1.575,1.575,1.575,1.575,0
2025-12-23 14:49:00,1.575,1.575,1.575,1.575,0
2025-12-23 14:50:00,1.575,1.575,1.575,1.575,0
2025-12-23 14:51:00,1.575,1.575,1.575,1.575,0
2025-12-23 14:52:00,1.575,1.575,1.575,1.575,0
2025-12-23 14:53:00,1.575,1.575,1.575,1.575,0
2025-12-23 14:54:00,1.575,1.575,1.575,1.575,0
2025-12-23 14:55:00,1.575,1.575,1.575,1.575,0
2025-12-23 14:56:00,1.575,1.575,1.575,1.575,0
2025-12-23 14:57:00,1.575,1.575,1.575,1.575,0
2025-12-23 14:58:00,1.575,1.575,1.575,1.575,0
2025-12-23 14:59:00,1.575,1.575,1.575,1.575,0
2025-12-23 15:00:00,1.575,1.575,1.575,1.575,0
2025-12-23 15:01:00,1.575,1.575,1.575,1.575,0
2025-12-23 15:02:00,1.575,1.575,1.575,1.575,0
2025-12-23 15:03:00,1.575,1.575,1.575,1.575,0
2025-12-23 15:04:00,1.575,1.575,1.575,1.575,0
2025-12-23 15:05:00,1.575,1.575,1.575,1.575,0
2025-12-23 15:06:00,1.575,1.575,1.575,1.575,0
2025-12-23 15:07:00,1.575,1.575,1.575,1.575,0
2025-12-23 15:08:00,1.575,1.575,1.575,1.575,0
2025-12-23 15:09:00,1.575,1.575,1.575,1.575,0
2025-12-23 15:10:00,1.575,1.575,1.575,1.575,0
2025-12-23 15:11:00,1.575,1.575,1.575,1.575,0
2025-12-23 15:12:00,1.57,1.57,1.54,1.54,8
2025-12-23 15:13:00,1.54,1.54,1.54,1.54,0
2025-12-23 15:14:00,1.54,1.54,1.54,1.54,0
2025-12-23 15:15:00,1.54,1.54,1.54,1.54,0
2025-12-23 15:16:00,1.54,1.54,1.54,1.54,0
2025-12-23 15:17:00,1.54,1.54,1.54,1.54,0
2025-12-23 15:18:00,1.54,1.54,1.54,1.54,0
2025-12-23 15:19:00,1.54,1.54,1.54,1.54,0
2025-12-23 15:20:00,1.54,1.54,1.54,1.54,0
2025-12-23 15:21:00,1.54,1.54,1.54,1.54,0
2025-12-23 15:22:00,1.5984,1.5984,1.5984,1.5984,10
2025-12-23 15:23:00,1.5984,1.5984,1.5984,1.5984,0
2025-12-23 15:24:00,1.5984,1.5984,1.5984,1.5984,0
2025-12-23 15:25:00,1.5984,1.5984,1.5984,1.5984,0
2025-12-23 15:26:00,1.5984,1.5984,1.5984,1.5984,0
2025-12-23 15:27:00,1.5984,1.5984,1.5984,1.5984,0
2025-12-23 15:28:00,1.5984,1.5984,1.5984,1.5984,0
2025-12-23 15:29:00,1.5984,1.5984,1.5984,1.5984,0
2025-12-23 15:30:00,1.5984,1.5984,1.5984,1.5984,0
2025-12-23 15:31:00,1.562,1.562,1.562,1.562,2
2025-12-23 15:32:00,1.562,1.562,1.562,1.562,0
2025-12-23 15:33:00,1.562,1.562,1.562,1.562,0
2025-12-23 15:34:00,1.562,1.562,1.562,1.562,0
2025-12-23 15:35:00,1.562,1.562,1.562,1.562,0
2025-12-23 15:36:00,1.562,1.562,1.562,1.562,0
2025-12-23 15:37:00,1.562,1.562,1.562,1.562,0
2025-12-23 15:38:00,1.562,1.562,1.562,1.562,0
2025-12-23 15:39:00,1.562,1.562,1.562,1.562,0
2025-12-23 15:40:00,1.562,1.562,1.562,1.562,0
2025-12-23 15:41:00,1.562,1.562,1.562,1.562,0
2025-12-23 15:42:00,1.562,1.562,1.562,1.562,0
2025-12-23 15:43:00,1.562,1.562,1.562,1.562,0
2025-12-23 15:44:00,1.562,1.562,1.562,1.562,0
2025-12-23 15:45:00,1.562,1.562,1.562,1.562,0
2025-12-23 15:46:00,1.562,1.562,1.562,1.562,0
2025-12-23 15:47:00,1.562,1.562,1.562,1.562,0
2025-12-23 15:48:00,1.562,1.562,1.562,1.562,0
2025-12-23 15:49:00,1.562,1.562,1.562,1.562,0
2025-12-23 15:50:00,1.562,1.562,1.562,1.562,0
2025-12-23 15:51:00,1.562,1.562,1.562,1.562,0
2025-12-23 15:52:00,1.57,1.57,1.55,1.55,21
2025-12-23 15:53:00,1.55,1.55,1.55,1.55,0
2025-12-23 15:54:00,1.56,1.56,1.56,1.56,4
2025-12-23 15:55:00,1.56,1.56,1.56,1.56,0
2025-12-23 15:56:00,1.56,1.56,1.56,1.56,0
2025-12-23 15:57:00,1.5999,1.5999,1.5999,1.5999,7
2025-12-23 15:58:00,1.5999,1.5999,1.5999,1.5999,0
2025-12-23 15:59:00,1.58,1.59,1.58,1.59,4
2025-12-24 09:30:00,1.56,1.56,1.56,1.56,3
2025-12-24 09:31:00,1.6,1.6,1.6,1.6,5
2025-12-24 09:32:00,1.6,1.6,1.6,1.6,0
2025-12-24 09:33:00,1.6,1.6,1.6,1.6,0
2025-12-24 09:34:00,1.6,1.6,1.6,1.6,0
2025-12-24 09:35:00,1.5893,1.5893,1.5893,1.5893,15
2025-12-24 09:36:00,1.5893,1.5893,1.5893,1.5893,0
2025-12-24 09:37:00,1.5893,1.5893,1.5893,1.5893,0
2025-12-24 09:38:00,1.5893,1.5893,1.5893,1.5893,0
2025-12-24 09:39:00,1.5893,1.5893,1.5893,1.5893,0
2025-12-24 09:40:00,1.5893,1.5893,1.5893,1.5893,0
2025-12-24 09:41:00,1.5893,1.5893,1.5893,1.5893,0
2025-12-24 09:42:00,1.5893,1.5893,1.5893,1.5893,0
2025-12-24 09:43:00,1.5893,1.5893,1.5893,1.5893,0
2025-12-24 09:44:00,1.5893,1.5893,1.5893,1.5893,0
2025-12-24 09:45:00,1.5893,1.5893,1.5893,1.5893,0
2025-12-24 09:46:00,1.5893,1.5893,1.5893,1.5893,0
2025-12-24 09:47:00,1.5893,1.5893,1.5893,1.5893,0
2025-12-24 09:48:00,1.5893,1.5893,1.5893,1.5893,0
2025-12-24 09:49:00,1.5893,1.5893,1.5893,1.5893,0
2025-12-24 09:50:00,1.5893,1.5893,1.5893,1.5893,0
2025-12-24 09:51:00,1.5893,1.5893,1.5893,1.5893,0
2025-12-24 09:52:00,1.5893,1.5893,1.5893,1.5893,0
2025-12-24 09:53:00,1.5893,1.5893,1.5893,1.5893,0
2025-12-24 09:54:00,1.5893,1.5893,1.5893,1.5893,0
2025-12-24 09:55:00,1.5893,1.5893,1.5893,1.5893,0
2025-12-24 09:56:00,1.5893,1.5893,1.5893,1.5893,0
2025-12-24 09:57:00,1.5893,1.5893,1.5893,1.5893,0
2025-12-24 09:58:00,1.5893,1.5893,1.5893,1.5893,0
2025-12-24 09:59:00,1.5893,1.5893,1.5893,1.5893,0
2025-12-24 10:00:00,1.5893,1.5893,1.5893,1.5893,0
2025-12-24 10:01:00,1.5893,1.5893,1.5893,1.5893,0
2025-12-24 10:02:00,1.5893,1.5893,1.5893,1.5893,0
2025-12-24 10:03:00,1.5893,1.5893,1.5893,1.5893,0
2025-12-24 10:04:00,1.5893,1.5893,1.5893,1.5893,0
2025-12-24 10:05:00,1.5893,1.5893,1.5893,1.5893,0
2025-12-24 10:06:00,1.61,1.61,1.61,1.61,4
2025-12-24 10:07:00,1.61,1.61,1.61,1.61,0
2025-12-24 10:08:00,1.61,1.61,1.61,1.61,0
2025-12-24 10:09:00,1.61,1.61,1.61,1.61,0
2025-12-24 10:10:00,1.61,1.61,1.61,1.61,0
2025-12-24 10:11:00,1.61,1.61,1.61,1.61,0
2025-12-24 10:12:00,1.61,1.61,1.61,1.61,0
2025-12-24 10:13:00,1.61,1.61,1.61,1.61,0
2025-12-24 10:14:00,1.61,1.61,1.61,1.61,0
2025-12-24 10:15:00,1.61,1.61,1.61,1.61,0
2025-12-24 10:16:00,1.61,1.61,1.61,1.61,0
2025-12-24 10:17:00,1.61,1.61,1.61,1.61,0
2025-12-24 10:18:00,1.61,1.61,1.61,1.61,0
2025-12-24 10:19:00,1.61,1.61,1.61,1.61,0
2025-12-24 10:20:00,1.61,1.61,1.61,1.61,0
2025-12-24 10:21:00,1.61,1.61,1.61,1.61,0
2025-12-24 10:22:00,1.61,1.61,1.61,1.61,0
2025-12-24 10:23:00,1.61,1.61,1.61,1.61,0
2025-12-24 10:24:00,1.61,1.61,1.61,1.61,0
2025-12-24 10:25:00,1.61,1.61,1.61,1.61,0
2025-12-24 10:26:00,1.61,1.61,1.61,1.61,0
2025-12-24 10:27:00,1.61,1.61,1.61,1.61,0
2025-12-24 10:28:00,1.61,1.61,1.61,1.61,0
2025-12-24 10:29:00,1.61,1.61,1.61,1.61,0
2025-12-24 10:30:00,1.5999,1.5999,1.5999,1.5999,1
2025-12-24 10:31:00,1.5999,1.5999,1.5999,1.5999,0
2025-12-24 10:32:00,1.5999,1.5999,1.5999,1.5999,0
2025-12-24 10:33:00,1.5999,1.5999,1.5999,1.5999,0
2025-12-24 10:34:00,1.5999,1.5999,1.5999,1.5999,0
2025-12-24 10:35:00,1.5999,1.5999,1.5999,1.5999,0
2025-12-24 10:36:00,1.5999,1.5999,1.5999,1.5999,0
2025-12-24 10:37:00,1.64,1.64,1.64,1.64,2
2025-12-24 10:38:00,1.64,1.64,1.64,1.64,0
2025-12-24 10:39:00,1.64,1.64,1.64,1.64,0
2025-12-24 10:40:00,1.64,1.64,1.64,1.64,0
2025-12-24 10:41:00,1.64,1.64,1.64,1.64,0
2025-12-24 10:42:00,1.64,1.64,1.64,1.64,0
2025-12-24 10:43:00,1.64,1.64,1.64,1.64,0
2025-12-24 10:44:00,1.64,1.64,1.64,1.64,0
2025-12-24 10:45:00,1.64,1.64,1.64,1.64,0
2025-12-24 10:46:00,1.64,1.64,1.64,1.64,0
2025-12-24 10:47:00,1.64,1.64,1.64,1.64,0
2025-12-24 10:48:00,1.64,1.64,1.64,1.64,0
2025-12-24 10:49:00,1.64,1.64,1.64,1.64,0
2025-12-24 10:50:00,1.6,1.6,1.6,1.6,1
2025-12-24 10:51:00,1.6,1.6,1.6,1.6,0
2025-12-24 10:52:00,1.6,1.6,1.6,1.6,0
2025-12-24 10:53:00,1.6,1.6,1.6,1.6,0
2025-12-24 10:54:00,1.6,1.6,1.6,1.6,0
2025-12-24 10:55:00,1.6,1.6,1.6,1.6,0
2025-12-24 10:56:00,1.6,1.6,1.6,1.6,0
2025-12-24 10:57:00,1.6,1.6,1.6,1.6,0
2025-12-24 10:58:00,1.6,1.6,1.6,1.6,0
2025-12-24 10:59:00,1.6,1.6,1.6,1.6,0
2025-12-24 11:00:00,1.6,1.6,1.6,1.6,0
2025-12-24 11:01:00,1.6,1.6,1.6,1.6,0
2025-12-24 11:02:00,1.6,1.6,1.6,1.6,0
2025-12-24 11:03:00,1.6,1.6,1.6,1.6,0
2025-12-24 11:04:00,1.6,1.6,1.6,1.6,0
2025-12-24 11:05:00,1.6,1.6,1.6,1.6,0
2025-12-24 11:06:00,1.6,1.6,1.6,1.6,0
2025-12-24 11:07:00,1.6,1.6,1.6,1.6,0
2025-12-24 11:08:00,1.6,1.6,1.6,1.6,0
2025-12-24 11:09:00,1.6,1.6,1.6,1.6,0
2025-12-24 11:10:00,1.6,1.6,1.6,1.6,0
2025-12-24 11:11:00,1.6,1.6,1.6,1.6,0
2025-12-24 11:12:00,1.6,1.6,1.6,1.6,0
2025-12-24 11:13:00,1.6,1.6,1.6,1.6,0
2025-12-24 11:14:00,1.6,1.6,1.6,1.6,0
2025-12-24 11:15:00,1.6,1.6,1.6,1.6,0
2025-12-24 11:16:00,1.6,1.6,1.6,1.6,0
2025-12-24 11:17:00,1.6081,1.6081,1.6,1.6,6
2025-12-24 11:18:00,1.6,1.6,1.6,1.6,0
2025-12-24 11:19:00,1.6,1.6,1.6,1.6,0
2025-12-24 11:20:00,1.6,1.6,1.6,1.6,0
2025-12-24 11:21:00,1.6,1.6,1.6,1.6,0
2025-12-24 11:22:00,1.6,1.6,1.6,1.6,1
2025-12-24 11:23:00,1.6,1.6,1.6,1.6,0
2025-12-24 11:24:00,1.6,1.6,1.6,1.6,0
2025-12-24 11:25:00,1.6,1.6,1.6,1.6,0
2025-12-24 11:26:00,1.6,1.6,1.6,1.6,0
2025-12-24 11:27:00,1.6,1.6,1.6,1.6,0
2025-12-24 11:28:00,1.6,1.6,1.6,1.6,0
2025-12-24 11:29:00,1.6,1.6,1.6,1.6,0
2025-12-24 11:30:00,1.6,1.6,1.6,1.6,0
2025-12-24 11:31:00,1.6,1.6,1.6,1.6,0
2025-12-24 11:32:00,1.6,1.6,1.6,1.6,0
2025-12-24 11:33:00,1.6,1.6,1.6,1.6,0
2025-12-24 11:34:00,1.6,1.6,1.6,1.6,0
2025-12-24 11:35:00,1.6,1.6,1.6,1.6,0
2025-12-24 11:36:00,1.6,1.6,1.6,1.6,0
2025-12-24 11:37:00,1.6,1.6,1.6,1.6,0
2025-12-24 11:38:00,1.6,1.6,1.6,1.6,0
2025-12-24 11:39:00,1.6,1.6,1.6,1.6,0
2025-12-24 11:40:00,1.6,1.6,1.6,1.6,0
2025-12-24 11:41:00,1.6,1.6,1.6,1.6,0
2025-12-24 11:42:00,1.6,1.6,1.6,1.6,0
2025-12-24 11:43:00,1.6,1.6,1.6,1.6,0
2025-12-24 11:44:00,1.6,1.6,1.6,1.6,0
2025-12-24 11:45:00,1.6,1.6,1.6,1.6,0
2025-12-24 11:46:00,1.6,1.6,1.6,1.6,0
2025-12-24 11:47:00,1.6,1.6,1.6,1.6,0
2025-12-24 11:48:00,1.6,1.6,1.6,1.6,0
2025-12-24 11:49:00,1.6,1.6,1.6,1.6,0
2025-12-24 11:50:00,1.58,1.58,1.58,1.58,1
2025-12-24 11:51:00,1.58,1.58,1.58,1.58,0
2025-12-24 11:52:00,1.58,1.58,1.58,1.58,0
2025-12-24 11:53:00,1.58,1.58,1.58,1.58,0
2025-12-24 11:54:00,1.58,1.58,1.58,1.58,0
2025-12-24 11:55:00,1.58,1.58,1.58,1.58,0
2025-12-24 11:56:00,1.58,1.58,1.58,1.58,0
2025-12-24 11:57:00,1.58,1.58,1.58,1.58,0
2025-12-24 11:58:00,1.58,1.58,1.58,1.58,0
2025-12-24 11:59:00,1.58,1.58,1.58,1.58,0
2025-12-24 12:00:00,1.58,1.58,1.58,1.58,0
2025-12-24 12:01:00,1.58,1.58,1.58,1.58,0
2025-12-24 12:02:00,1.58,1.58,1.58,1.58,0
2025-12-24 12:03:00,1.58,1.58,1.58,1.58,0
2025-12-24 12:04:00,1.58,1.58,1.58,1.58,0
2025-12-24 12:05:00,1.58,1.58,1.58,1.58,0
2025-12-24 12:06:00,1.58,1.58,1.58,1.58,0
2025-12-24 12:07:00,1.58,1.58,1.58,1.58,0
2025-12-24 12:08:00,1.58,1.58,1.58,1.58,0
2025-12-24 12:09:00,1.58,1.58,1.58,1.58,0
2025-12-24 12:10:00,1.58,1.58,1.58,1.58,0
2025-12-24 12:11:00,1.58,1.58,1.58,1.58,0
2025-12-24 12:12:00,1.58,1.58,1.58,1.58,0
2025-12-24 12:13:00,1.58,1.58,1.58,1.58,0
2025-12-24 12:14:00,1.58,1.58,1.58,1.58,0
2025-12-24 12:15:00,1.58,1.58,1.58,1.58,0
2025-12-24 12:16:00,1.58,1.58,1.58,1.58,0
2025-12-24 12:17:00,1.58,1.58,1.58,1.58,0
2025-12-24 12:18:00,1.58,1.58,1.58,1.58,0
2025-12-24 12:19:00,1.58,1.58,1.58,1.58,0
2025-12-24 12:20:00,1.58,1.58,1.58,1.58,0
2025-12-24 12:21:00,1.59,1.59,1.59,1.59,2
2025-12-24 12:22:00,1.59,1.59,1.59,1.59,0
2025-12-24 12:23:00,1.59,1.59,1.59,1.59,0
2025-12-24 12:24:00,1.59,1.59,1.59,1.59,0
2025-12-24 12:25:00,1.59,1.59,1.59,1.59,0
2025-12-24 12:26:00,1.59,1.59,1.59,1.59,0
2025-12-24 12:27:00,1.59,1.59,1.59,1.59,0
2025-12-24 12:28:00,1.59,1.59,1.59,1.59,0
2025-12-24 12:29:00,1.59,1.59,1.59,1.59,0
2025-12-24 12:30:00,1.59,1.59,1.59,1.59,0
2025-12-24 12:31:00,1.58,1.58,1.58,1.58,6
2025-12-24 12:32:00,1.58,1.58,1.58,1.58,0
2025-12-24 12:33:00,1.58,1.58,1.58,1.58,0
2025-12-24 12:34:00,1.58,1.58,1.58,1.58,0
2025-12-24 12:35:00,1.58,1.58,1.58,1.58,0
2025-12-24 12:36:00,1.58,1.58,1.58,1.58,0
2025-12-24 12:37:00,1.58,1.58,1.58,1.58,0
2025-12-24 12:38:00,1.58,1.58,1.58,1.58,0
2025-12-24 12:39:00,1.58,1.58,1.58,1.58,0
2025-12-24 12:40:00,1.58,1.58,1.58,1.58,0
2025-12-24 12:41:00,1.58,1.58,1.58,1.58,0
2025-12-24 12:42:00,1.58,1.58,1.58,1.58,0
2025-12-24 12:43:00,1.57,1.57,1.57,1.57,19
2025-12-24 12:44:00,1.57,1.57,1.57,1.57,0
2025-12-24 12:45:00,1.57,1.57,1.57,1.57,0
2025-12-24 12:46:00,1.57,1.57,1.57,1.57,0
2025-12-24 12:47:00,1.57,1.57,1.57,1.57,0
2025-12-24 12:48:00,1.57,1.57,1.57,1.57,0
2025-12-24 12:49:00,1.57,1.57,1.57,1.57,0
2025-12-24 12:50:00,1.57,1.57,1.57,1.57,0
2025-12-24 12:51:00,1.57,1.57,1.57,1.57,0
2025-12-24 12:52:00,1.57,1.57,1.57,1.57,0
2025-12-24 12:53:00,1.57,1.57,1.57,1.57,0
2025-12-24 12:54:00,1.57,1.57,1.57,1.57,0
2025-12-24 12:55:00,1.57,1.57,1.57,1.57,0
2025-12-24 12:56:00,1.57,1.57,1.57,1.57,0
2025-12-24 12:57:00,1.57,1.57,1.57,1.57,0
2025-12-24 12:58:00,1.57,1.57,1.57,1.57,0
2025-12-24 12:59:00,1.55,1.58,1.55,1.57,12
2025-12-26 09:30:00,1.55,1.55,1.54,1.55,41
2025-12-26 09:31:00,1.55,1.55,1.55,1.55,0
2025-12-26 09:32:00,1.55,1.55,1.55,1.55,0
2025-12-26 09:33:00,1.55,1.55,1.55,1.55,0
2025-12-26 09:34:00,1.55,1.55,1.55,1.55,0
2025-12-26 09:35:00,1.55,1.55,1.55,1.55,0
2025-12-26 09:36:00,1.55,1.55,1.55,1.55,0
2025-12-26 09:37:00,1.55,1.55,1.55,1.55,0
2025-12-26 09:38:00,1.55,1.55,1.55,1.55,0
2025-12-26 09:39:00,1.55,1.55,1.55,1.55,0
2025-12-26 09:40:00,1.6,1.6,1.6,1.6,2
2025-12-26 09:41:00,1.6,1.6,1.6,1.6,0
2025-12-26 09:42:00,1.6,1.6,1.6,1.6,0
2025-12-26 09:43:00,1.6,1.6,1.6,1.6,0
2025-12-26 09:44:00,1.6,1.6,1.6,1.6,0
2025-12-26 09:45:00,1.6,1.6,1.6,1.6,0
2025-12-26 09:46:00,1.6,1.6,1.6,1.6,0
2025-12-26 09:47:00,1.6,1.6,1.6,1.6,0
2025-12-26 09:48:00,1.6,1.6,1.6,1.6,0
2025-12-26 09:49:00,1.53,1.53,1.53,1.53,6
2025-12-26 09:50:00,1.53,1.53,1.53,1.53,0
2025-12-26 09:51:00,1.53,1.53,1.53,1.53,0
2025-12-26 09:52:00,1.53,1.53,1.53,1.53,0
2025-12-26 09:53:00,1.53,1.53,1.53,1.53,1
2025-12-26 09:54:00,1.53,1.53,1.53,1.53,0
2025-12-26 09:55:00,1.53,1.53,1.53,1.53,0
2025-12-26 09:56:00,1.53,1.53,1.53,1.53,0
2025-12-26 09:57:00,1.53,1.53,1.53,1.53,0
2025-12-26 09:58:00,1.53,1.53,1.53,1.53,0
2025-12-26 09:59:00,1.53,1.53,1.53,1.53,0
2025-12-26 10:00:00,1.53,1.53,1.53,1.53,0
2025-12-26 10:01:00,1.5101,1.5101,1.5101,1.5101,9
2025-12-26 10:02:00,1.5101,1.5101,1.5101,1.5101,0
2025-12-26 10:03:00,1.5101,1.5101,1.5101,1.5101,0
2025-12-26 10:04:00,1.5101,1.5101,1.5101,1.5101,0
2025-12-26 10:05:00,1.5101,1.5101,1.5101,1.5101,0
2025-12-26 10:06:00,1.5101,1.5101,1.5101,1.5101,0
2025-12-26 10:07:00,1.5101,1.5101,1.5101,1.5101,0
2025-12-26 10:08:00,1.5101,1.5101,1.5101,1.5101,0
2025-12-26 10:09:00,1.5101,1.5101,1.5101,1.5101,0
2025-12-26 10:10:00,1.5101,1.5101,1.5101,1.5101,0
2025-12-26 10:11:00,1.5101,1.5101,1.5101,1.5101,0
2025-12-26 10:12:00,1.54,1.54,1.54,1.54,6
2025-12-26 10:13:00,1.54,1.54,1.54,1.54,0
2025-12-26 10:14:00,1.54,1.54,1.54,1.54,0
2025-12-26 10:15:00,1.54,1.54,1.54,1.54,0
2025-12-26 10:16:00,1.54,1.54,1.54,1.54,0
2025-12-26 10:17:00,1.54,1.54,1.54,1.54,0
2025-12-26 10:18:00,1.54,1.54,1.54,1.54,0
2025-12-26 10:19:00,1.54,1.54,1.54,1.54,0
2025-12-26 10:20:00,1.54,1.54,1.54,1.54,0
2025-12-26 10:21:00,1.54,1.54,1.54,1.54,0
2025-12-26 10:22:00,1.54,1.54,1.54,1.54,0
2025-12-26 10:23:00,1.54,1.54,1.54,1.54,0
2025-12-26 10:24:00,1.55,1.55,1.55,1.55,2
2025-12-26 10:25:00,1.55,1.55,1.55,1.55,0
2025-12-26 10:26:00,1.55,1.55,1.55,1.55,0
2025-12-26 10:27:00,1.55,1.55,1.55,1.55,0
2025-12-26 10:28:00,1.55,1.55,1.55,1.55,0
2025-12-26 10:29:00,1.55,1.55,1.55,1.55,0
2025-12-26 10:30:00,1.55,1.55,1.55,1.55,0
2025-12-26 10:31:00,1.55,1.55,1.55,1.55,0
2025-12-26 10:32:00,1.55,1.55,1.55,1.55,0
2025-12-26 10:33:00,1.55,1.55,1.55,1.55,0
2025-12-26 10:34:00,1.55,1.55,1.55,1.55,0
2025-12-26 10:35:00,1.55,1.55,1.55,1.55,0
2025-12-26 10:36:00,1.55,1.55,1.55,1.55,0
2025-12-26 10:37:00,1.55,1.55,1.55,1.55,0
2025-12-26 10:38:00,1.55,1.55,1.55,1.55,0
2025-12-26 10:39:00,1.55,1.55,1.55,1.55,0
2025-12-26 10:40:00,1.55,1.55,1.55,1.55,0
2025-12-26 10:41:00,1.55,1.55,1.55,1.55,0
2025-12-26 10:42:00,1.55,1.55,1.55,1.55,0
2025-12-26 10:43:00,1.55,1.55,1.55,1.55,0
2025-12-26 10:44:00,1.55,1.55,1.55,1.55,0
2025-12-26 10:45:00,1.55,1.55,1.55,1.55,0
2025-12-26 10:46:00,1.55,1.55,1.55,1.55,0
2025-12-26 10:47:00,1.55,1.55,1.55,1.55,0
2025-12-26 10:48:00,1.55,1.55,1.55,1.55,0
2025-12-26 10:49:00,1.55,1.55,1.55,1.55,0
2025-12-26 10:50:00,1.55,1.55,1.55,1.55,0
2025-12-26 10:51:00,1.55,1.55,1.55,1.55,0
2025-12-26 10:52:00,1.55,1.55,1.55,1.55,0
2025-12-26 10:53:00,1.55,1.55,1.55,1.55,0
2025-12-26 10:54:00,1.55,1.55,1.55,1.55,0
2025-12-26 10:55:00,1.55,1.55,1.55,1.55,0
2025-12-26 10:56:00,1.55,1.55,1.55,1.55,0
2025-12-26 10:57:00,1.52,1.5238,1.52,1.5238,26
2025-12-26 10:58:00,1.5238,1.5238,1.5238,1.5238,0
2025-12-26 10:59:00,1.5238,1.5238,1.5238,1.5238,0
2025-12-26 11:00:00,1.5238,1.5238,1.5238,1.5238,0
2025-12-26 11:01:00,1.5238,1.5238,1.5238,1.5238,0
2025-12-26 11:02:00,1.5238,1.5238,1.5238,1.5238,0
2025-12-26 11:03:00,1.5238,1.5238,1.5238,1.5238,0
2025-12-26 11:04:00,1.5238,1.5238,1.5238,1.5238,0
2025-12-26 11:05:00,1.5238,1.5238,1.5238,1.5238,0
2025-12-26 11:06:00,1.52,1.52,1.52,1.52,1
2025-12-26 11:07:00,1.51,1.51,1.51,1.51,2
2025-12-26 11:08:00,1.51,1.51,1.51,1.51,0
2025-12-26 11:09:00,1.51,1.51,1.51,1.51,0
2025-12-26 11:10:00,1.51,1.51,1.51,1.51,0
2025-12-26 11:11:00,1.52,1.52,1.52,1.52,1
2025-12-26 11:12:00,1.52,1.52,1.52,1.52,0
2025-12-26 11:13:00,1.52,1.52,1.52,1.52,0
2025-12-26 11:14:00,1.52,1.52,1.52,1.52,0
2025-12-26 11:15:00,1.52,1.52,1.52,1.52,0
2025-12-26 11:16:00,1.52,1.52,1.52,1.52,0
2025-12-26 11:17:00,1.52,1.52,1.52,1.52,0
2025-12-26 11:18:00,1.52,1.52,1.52,1.52,0
2025-12-26 11:19:00,1.52,1.52,1.52,1.52,0
2025-12-26 11:20:00,1.52,1.52,1.52,1.52,0
2025-12-26 11:21:00,1.52,1.52,1.52,1.52,1
2025-12-26 11:22:00,1.52,1.52,1.52,1.52,0
2025-12-26 11:23:00,1.52,1.52,1.52,1.52,0
2025-12-26 11:24:00,1.52,1.52,1.52,1.52,0
2025-12-26 11:25:00,1.52,1.52,1.52,1.52,0
2025-12-26 11:26:00,1.52,1.52,1.52,1.52,0
2025-12-26 11:27:00,1.52,1.52,1.52,1.52,0
2025-12-26 11:28:00,1.52,1.52,1.52,1.52,0
2025-12-26 11:29:00,1.52,1.52,1.52,1.52,0
2025-12-26 11:30:00,1.52,1.52,1.52,1.52,1
2025-12-26 11:31:00,1.52,1.52,1.52,1.52,0
2025-12-26 11:32:00,1.52,1.52,1.52,1.52,0
2025-12-26 11:33:00,1.52,1.52,1.52,1.52,0
2025-12-26 11:34:00,1.53,1.53,1.53,1.53,10
2025-12-26 11:35:00,1.53,1.53,1.53,1.53,0
2025-12-26 11:36:00,1.53,1.53,1.53,1.53,0
2025-12-26 11:37:00,1.53,1.53,1.53,1.53,0
2025-12-26 11:38:00,1.53,1.53,1.53,1.53,0
2025-12-26 11:39:00,1.53,1.53,1.53,1.53,0
2025-12-26 11:40:00,1.53,1.53,1.53,1.53,0
2025-12-26 11:41:00,1.53,1.53,1.53,1.53,0
2025-12-26 11:42:00,1.53,1.53,1.53,1.53,0
2025-12-26 11:43:00,1.5312,1.5312,1.5312,1.5312,5
2025-12-26 11:44:00,1.5312,1.5312,1.5312,1.5312,0
2025-12-26 11:45:00,1.5312,1.5312,1.5312,1.5312,0
2025-12-26 11:46:00,1.54,1.54,1.54,1.54,1
2025-12-26 11:47:00,1.54,1.54,1.54,1.54,0
2025-12-26 11:48:00,1.54,1.54,1.54,1.54,0
2025-12-26 11:49:00,1.54,1.54,1.54,1.54,0
2025-12-26 11:50:00,1.54,1.54,1.54,1.54,0
2025-12-26 11:51:00,1.54,1.54,1.54,1.54,0
2025-12-26 11:52:00,1.54,1.54,1.54,1.54,0
2025-12-26 11:53:00,1.54,1.54,1.54,1.54,0
2025-12-26 11:54:00,1.54,1.54,1.54,1.54,0
2025-12-26 11:55:00,1.54,1.54,1.54,1.54,0
2025-12-26 11:56:00,1.54,1.54,1.54,1.54,0
2025-12-26 11:57:00,1.54,1.54,1.54,1.54,0
2025-12-26 11:58:00,1.54,1.54,1.54,1.54,0
2025-12-26 11:59:00,1.54,1.54,1.54,1.54,0
2025-12-26 12:00:00,1.54,1.54,1.54,1.54,0
2025-12-26 12:01:00,1.54,1.54,1.54,1.54,0
2025-12-26 12:02:00,1.54,1.54,1.54,1.54,0
2025-12-26 12:03:00,1.54,1.54,1.54,1.54,0
2025-12-26 12:04:00,1.54,1.54,1.54,1.54,0
2025-12-26 12:05:00,1.54,1.54,1.54,1.54,0
2025-12-26 12:06:00,1.54,1.54,1.54,1.54,0
2025-12-26 12:07:00,1.54,1.54,1.54,1.54,0
2025-12-26 12:08:00,1.54,1.54,1.54,1.54,0
2025-12-26 12:09:00,1.535,1.535,1.535,1.535,5
2025-12-26 12:10:00,1.535,1.535,1.535,1.535,0
2025-12-26 12:11:00,1.535,1.535,1.535,1.535,0
2025-12-26 12:12:00,1.535,1.535,1.535,1.535,0
2025-12-26 12:13:00,1.52,1.52,1.52,1.52,5
2025-12-26 12:14:00,1.52,1.52,1.52,1.52,0
2025-12-26 12:15:00,1.52,1.52,1.52,1.52,0
2025-12-26 12:16:00,1.52,1.52,1.52,1.52,0
2025-12-26 12:17:00,1.52,1.52,1.52,1.52,0
2025-12-26 12:18:00,1.52,1.52,1.52,1.52,0
2025-12-26 12:19:00,1.52,1.52,1.52,1.52,0
2025-12-26 12:20:00,1.52,1.52,1.52,1.52,0
2025-12-26 12:21:00,1.52,1.52,1.52,1.52,0
2025-12-26 12:22:00,1.52,1.52,1.52,1.52,0
2025-12-26 12:23:00,1.52,1.52,1.52,1.52,0
2025-12-26 12:24:00,1.52,1.52,1.52,1.52,0
2025-12-26 12:25:00,1.52,1.52,1.52,1.52,0
2025-12-26 12:26:00,1.52,1.52,1.52,1.52,0
2025-12-26 12:27:00,1.52,1.52,1.52,1.52,0
2025-12-26 12:28:00,1.53,1.53,1.53,1.53,10
2025-12-26 12:29:00,1.53,1.53,1.53,1.53,0
2025-12-26 12:30:00,1.53,1.53,1.53,1.53,0
2025-12-26 12:31:00,1.53,1.53,1.53,1.53,0
2025-12-26 12:32:00,1.53,1.53,1.53,1.53,0
2025-12-26 12:33:00,1.53,1.53,1.53,1.53,0
2025-12-26 12:34:00,1.53,1.53,1.53,1.53,0
2025-12-26 12:35:00,1.53,1.53,1.53,1.53,0
2025-12-26 12:36:00,1.53,1.53,1.53,1.53,0
2025-12-26 12:37:00,1.53,1.53,1.53,1.53,0
2025-12-26 12:38:00,1.53,1.53,1.53,1.53,0
2025-12-26 12:39:00,1.53,1.53,1.53,1.53,0
2025-12-26 12:40:00,1.52,1.52,1.52,1.52,1
2025-12-26 12:41:00,1.52,1.52,1.52,1.52,0
2025-12-26 12:42:00,1.52,1.52,1.52,1.52,0
2025-12-26 12:43:00,1.52,1.52,1.52,1.52,0
2025-12-26 12:44:00,1.52,1.52,1.52,1.52,0
2025-12-26 12:45:00,1.52,1.52,1.52,1.52,0
2025-12-26 12:46:00,1.52,1.52,1.52,1.52,0
2025-12-26 12:47:00,1.52,1.52,1.52,1.52,0
2025-12-26 12:48:00,1.52,1.52,1.52,1.52,0
2025-12-26 12:49:00,1.52,1.52,1.52,1.52,0
2025-12-26 12:50:00,1.52,1.52,1.52,1.52,0
2025-12-26 12:51:00,1.52,1.52,1.52,1.52,0
2025-12-26 12:52:00,1.52,1.52,1.52,1.52,0
2025-12-26 12:53:00,1.52,1.52,1.52,1.52,0
2025-12-26 12:54:00,1.52,1.52,1.52,1.52,0
2025-12-26 12:55:00,1.52,1.52,1.52,1.52,0
2025-12-26 12:56:00,1.52,1.52,1.52,1.52,0
2025-12-26 12:57:00,1.52,1.52,1.52,1.52,0
2025-12-26 12:58:00,1.52,1.52,1.52,1.52,0
2025-12-26 12:59:00,1.52,1.52,1.52,1.52,0
2025-12-26 13:00:00,1.52,1.52,1.52,1.52,0
2025-12-26 13:01:00,1.52,1.52,1.52,1.52,0
2025-12-26 13:02:00,1.52,1.52,1.52,1.52,3
2025-12-26 13:03:00,1.52,1.52,1.52,1.52,0
2025-12-26 13:04:00,1.52,1.52,1.52,1.52,0
2025-12-26 13:05:00,1.52,1.52,1.52,1.52,0
2025-12-26 13:06:00,1.52,1.52,1.52,1.52,10
2025-12-26 13:07:00,1.52,1.52,1.52,1.52,0
2025-12-26 13:08:00,1.5122,1.5122,1.5122,1.5122,19
2025-12-26 13:09:00,1.5122,1.5122,1.5122,1.5122,0
2025-12-26 13:10:00,1.5122,1.5122,1.5122,1.5122,0
2025-12-26 13:11:00,1.5122,1.5122,1.5122,1.5122,0
2025-12-26 13:12:00,1.5122,1.5122,1.5122,1.5122,0
2025-12-26 13:13:00,1.5122,1.5122,1.5122,1.5122,0
2025-12-26 13:14:00,1.5122,1.5122,1.5122,1.5122,0
2025-12-26 13:15:00,1.5122,1.5122,1.5122,1.5122,0
2025-12-26 13:16:00,1.5122,1.5122,1.5122,1.5122,0
2025-12-26 13:17:00,1.5122,1.5122,1.5122,1.5122,0
2025-12-26 13:18:00,1.5122,1.5122,1.5122,1.5122,0
2025-12-26 13:19:00,1.5122,1.5122,1.5122,1.5122,0
2025-12-26 13:20:00,1.5122,1.5122,1.5122,1.5122,0
2025-12-26 13:21:00,1.5122,1.5122,1.5122,1.5122,0
2025-12-26 13:22:00,1.5,1.5,1.5,1.5,1
2025-12-26 13:23:00,1.5,1.5,1.5,1.5,0
2025-12-26 13:24:00,1.5,1.5,1.5,1.5,0
2025-12-26 13:25:00,1.5,1.5,1.5,1.5,0
2025-12-26 13:26:00,1.5,1.5,1.5,1.5,0
2025-12-26 13:27:00,1.5,1.5,1.5,1.5,0
2025-12-26 13:28:00,1.5,1.5,1.5,1.5,0
2025-12-26 13:29:00,1.5,1.5,1.5,1.5,0
2025-12-26 13:30:00,1.5,1.5,1.5,1.5,0
2025-12-26 13:31:00,1.5,1.5,1.5,1.5,0
2025-12-26 13:32:00,1.5,1.5,1.5,1.5,0
2025-12-26 13:33:00,1.5,1.5,1.5,1.5,0
2025-12-26 13:34:00,1.5,1.5,1.5,1.5,2
2025-12-26 13:35:00,1.5,1.5,1.5,1.5,0
2025-12-26 13:36:00,1.51,1.51,1.51,1.51,1
2025-12-26 13:37:00,1.51,1.51,1.51,1.51,0
2025-12-26 13:38:00,1.51,1.51,1.51,1.51,1
2025-12-26 13:39:00,1.51,1.51,1.51,1.51,0
2025-12-26 13:40:00,1.5,1.5,1.5,1.5,1
2025-12-26 13:41:00,1.5,1.5,1.5,1.5,0
2025-12-26 13:42:00,1.5,1.5,1.5,1.5,0
2025-12-26 13:43:00,1.495,1.495,1.495,1.495,1
2025-12-26 13:44:00,1.495,1.495,1.495,1.495,0
2025-12-26 13:45:00,1.495,1.495,1.495,1.495,0
2025-12-26 13:46:00,1.495,1.495,1.495,1.495,0
2025-12-26 13:47:00,1.495,1.495,1.495,1.495,0
2025-12-26 13:48:00,1.495,1.495,1.495,1.495,0
2025-12-26 13:49:00,1.495,1.4998,1.495,1.4998,2
2025-12-26 13:50:00,1.495,1.495,1.495,1.495,3
2025-12-26 13:51:00,1.495,1.495,1.495,1.495,0
2025-12-26 13:52:00,1.495,1.495,1.495,1.495,0
2025-12-26 13:53:00,1.495,1.495,1.495,1.495,0
2025-12-26 13:54:00,1.495,1.495,1.495,1.495,0
2025-12-26 13:55:00,1.495,1.495,1.495,1.495,0
2025-12-26 13:56:00,1.495,1.495,1.495,1.495,0
2025-12-26 13:57:00,1.495,1.495,1.495,1.495,0
2025-12-26 13:58:00,1.495,1.495,1.495,1.495,0
2025-12-26 13:59:00,1.495,1.495,1.495,1.495,0
2025-12-26 14:00:00,1.5,1.5,1.5,1.5,1
2025-12-26 14:01:00,1.5,1.5,1.5,1.5,0
2025-12-26 14:02:00,1.505,1.505,1.505,1.505,5
2025-12-26 14:03:00,1.505,1.505,1.505,1.505,0
2025-12-26 14:04:00,1.505,1.505,1.505,1.505,0
2025-12-26 14:05:00,1.505,1.505,1.505,1.505,0
2025-12-26 14:06:00,1.505,1.505,1.505,1.505,1
2025-12-26 14:07:00,1.505,1.505,1.505,1.505,0
2025-12-26 14:08:00,1.505,1.505,1.505,1.505,0
2025-12-26 14:09:00,1.505,1.505,1.505,1.505,0
2025-12-26 14:10:00,1.505,1.505,1.505,1.505,0
2025-12-26 14:11:00,1.505,1.505,1.505,1.505,0
2025-12-26 14:12:00,1.505,1.505,1.505,1.505,0
2025-12-26 14:13:00,1.49,1.49,1.49,1.49,2
2025-12-26 14:14:00,1.49,1.49,1.49,1.49,0
2025-12-26 14:15:00,1.49,1.49,1.49,1.49,0
2025-12-26 14:16:00,1.49,1.49,1.49,1.49,2
2025-12-26 14:17:00,1.49,1.49,1.49,1.49,0
2025-12-26 14:18:00,1.49,1.49,1.49,1.49,0
2025-12-26 14:19:00,1.49,1.49,1.49,1.49,0
2025-12-26 14:20:00,1.51,1.51,1.51,1.51,4
2025-12-26 14:21:00,1.51,1.51,1.51,1.51,0
2025-12-26 14:22:00,1.51,1.51,1.51,1.51,0
2025-12-26 14:23:00,1.51,1.51,1.51,1.51,0
2025-12-26 14:24:00,1.51,1.51,1.51,1.51,0
2025-12-26 14:25:00,1.51,1.51,1.51,1.51,0
2025-12-26 14:26:00,1.51,1.51,1.51,1.51,0
2025-12-26 14:27:00,1.51,1.51,1.51,1.51,0
2025-12-26 14:28:00,1.49,1.49,1.49,1.49,1
2025-12-26 14:29:00,1.49,1.49,1.49,1.49,0
2025-12-26 14:30:00,1.49,1.49,1.49,1.49,0
2025-12-26 14:31:00,1.49,1.49,1.49,1.49,0
2025-12-26 14:32:00,1.49,1.49,1.49,1.49,0
2025-12-26 14:33:00,1.49,1.49,1.49,1.49,0
2025-12-26 14:34:00,1.49,1.49,1.49,1.49,0
2025-12-26 14:35:00,1.49,1.49,1.49,1.49,0
2025-12-26 14:36:00,1.49,1.49,1.49,1.49,0
2025-12-26 14:37:00,1.49,1.49,1.49,1.49,0
2025-12-26 14:38:00,1.49,1.49,1.49,1.49,0
2025-12-26 14:39:00,1.49,1.49,1.49,1.49,0
2025-12-26 14:40:00,1.49,1.49,1.49,1.49,0
2025-12-26 14:41:00,1.51,1.51,1.51,1.51,2
2025-12-26 14:42:00,1.51,1.51,1.51,1.51,0
2025-12-26 14:43:00,1.51,1.51,1.51,1.51,0
2025-12-26 14:44:00,1.51,1.51,1.51,1.51,0
2025-12-26 14:45:00,1.51,1.51,1.51,1.51,0
2025-12-26 14:46:00,1.49,1.49,1.49,1.49,1
2025-12-26 14:47:00,1.49,1.49,1.49,1.49,0
2025-12-26 14:48:00,1.49,1.49,1.49,1.49,0
2025-12-26 14:49:00,1.49,1.49,1.49,1.49,4
2025-12-26 14:50:00,1.49,1.49,1.49,1.49,0
2025-12-26 14:51:00,1.49,1.49,1.49,1.49,0
2025-12-26 14:52:00,1.49,1.49,1.49,1.49,0
2025-12-26 14:53:00,1.49,1.49,1.49,1.49,0
2025-12-26 14:54:00,1.49,1.49,1.49,1.49,0
2025-12-26 14:55:00,1.49,1.49,1.49,1.49,0
2025-12-26 14:56:00,1.49,1.49,1.49,1.49,0
2025-12-26 14:57:00,1.49,1.51,1.49,1.51,27
2025-12-26 14:58:00,1.51,1.51,1.51,1.51,0
2025-12-26 14:59:00,1.51,1.51,1.51,1.51,0
2025-12-26 15:00:00,1.51,1.51,1.51,1.51,0
2025-12-26 15:01:00,1.51,1.51,1.51,1.51,0
2025-12-26 15:02:00,1.51,1.51,1.51,1.51,0
2025-12-26 15:03:00,1.51,1.51,1.51,1.51,0
2025-12-26 15:04:00,1.51,1.51,1.51,1.51,0
2025-12-26 15:05:00,1.51,1.51,1.51,1.51,0
2025-12-26 15:06:00,1.51,1.51,1.51,1.51,0
2025-12-26 15:07:00,1.51,1.51,1.51,1.51,0
2025-12-26 15:08:00,1.51,1.51,1.51,1.51,0
2025-12-26 15:09:00,1.51,1.51,1.51,1.51,0
2025-12-26 15:10:00,1.49,1.49,1.49,1.49,1
2025-12-26 15:11:00,1.49,1.49,1.49,1.49,0
2025-12-26 15:12:00,1.49,1.49,1.49,1.49,0
2025-12-26 15:13:00,1.49,1.49,1.49,1.49,0
2025-12-26 15:14:00,1.49,1.49,1.49,1.49,0
2025-12-26 15:15:00,1.49,1.49,1.49,1.49,0
2025-12-26 15:16:00,1.49,1.49,1.49,1.49,0
2025-12-26 15:17:00,1.49,1.49,1.49,1.49,0
2025-12-26 15:18:00,1.49,1.49,1.49,1.49,0
2025-12-26 15:19:00,1.49,1.49,1.49,1.49,0
2025-12-26 15:20:00,1.49,1.49,1.49,1.49,0
2025-12-26 15:21:00,1.49,1.49,1.49,1.49,0
2025-12-26 15:22:00,1.49,1.49,1.49,1.49,0
2025-12-26 15:23:00,1.49,1.49,1.49,1.49,0
2025-12-26 15:24:00,1.49,1.49,1.49,1.49,0
2025-12-26 15:25:00,1.49,1.49,1.49,1.49,0
2025-12-26 15:26:00,1.49,1.49,1.49,1.49,0
2025-12-26 15:27:00,1.49,1.49,1.49,1.49,0
2025-12-26 15:28:00,1.49,1.49,1.49,1.49,0
2025-12-26 15:29:00,1.49,1.49,1.49,1.49,0
2025-12-26 15:30:00,1.53,1.53,1.53,1.53,1
2025-12-26 15:31:00,1.53,1.53,1.53,1.53,0
2025-12-26 15:32:00,1.53,1.53,1.53,1.53,0
2025-12-26 15:33:00,1.53,1.53,1.53,1.53,0
2025-12-26 15:34:00,1.53,1.53,1.53,1.53,0
2025-12-26 15:35:00,1.53,1.53,1.53,1.53,0
2025-12-26 15:36:00,1.5,1.5,1.5,1.5,3
2025-12-26 15:37:00,1.49,1.49,1.49,1.49,1
2025-12-26 15:38:00,1.49,1.49,1.49,1.49,0
2025-12-26 15:39:00,1.49,1.49,1.49,1.49,0
2025-12-26 15:40:00,1.49,1.49,1.49,1.49,0
2025-12-26 15:41:00,1.49,1.49,1.49,1.49,0
2025-12-26 15:42:00,1.51,1.51,1.51,1.51,1
2025-12-26 15:43:00,1.51,1.51,1.51,1.51,0
2025-12-26 15:44:00,1.51,1.51,1.51,1.51,0
2025-12-26 15:45:00,1.51,1.51,1.51,1.51,0
2025-12-26 15:46:00,1.5,1.5,1.49,1.49,6
2025-12-26 15:47:00,1.49,1.49,1.49,1.49,0
2025-12-26 15:48:00,1.49,1.49,1.49,1.49,0
2025-12-26 15:49:00,1.49,1.49,1.49,1.49,0
2025-12-26 15:50:00,1.5,1.5,1.5,1.5,1
2025-12-26 15:51:00,1.5,1.5,1.5,1.5,0
2025-12-26 15:52:00,1.51,1.515,1.5,1.515,127
2025-12-26 15:53:00,1.515,1.515,1.515,1.515,0
2025-12-26 15:54:00,1.515,1.515,1.515,1.515,0
2025-12-26 15:55:00,1.515,1.515,1.515,1.515,0
2025-12-26 15:56:00,1.515,1.515,1.515,1.515,0
2025-12-26 15:57:00,1.53,1.53,1.53,1.53,1
2025-12-26 15:58:00,1.5,1.5,1.5,1.5,1
2025-12-26 15:59:00,1.5,1.53,1.49,1.5,15
2025-12-29 09:30:00,1.47,1.53,1.47,1.53,22
2025-12-29 09:31:00,1.53,1.53,1.53,1.53,0
2025-12-29 09:32:00,1.53,1.53,1.53,1.53,0
2025-12-29 09:33:00,1.53,1.53,1.53,1.53,0
2025-12-29 09:34:00,1.53,1.53,1.53,1.53,0
2025-12-29 09:35:00,1.53,1.53,1.53,1.53,0
2025-12-29 09:36:00,1.53,1.53,1.53,1.53,0
2025-12-29 09:37:00,1.53,1.53,1.53,1.53,0
2025-12-29 09:38:00,1.515,1.515,1.515,1.515,30
2025-12-29 09:39:00,1.515,1.515,1.515,1.515,0
2025-12-29 09:40:00,1.515,1.515,1.515,1.515,0
2025-12-29 09:41:00,1.515,1.515,1.515,1.515,0
2025-12-29 09:42:00,1.515,1.515,1.515,1.515,0
2025-12-29 09:43:00,1.515,1.515,1.515,1.515,0
2025-12-29 09:44:00,1.515,1.515,1.515,1.515,0
2025-12-29 09:45:00,1.515,1.515,1.515,1.515,0
2025-12-29 09:46:00,1.515,1.515,1.515,1.515,0
2025-12-29 09:47:00,1.515,1.515,1.515,1.515,0
2025-12-29 09:48:00,1.515,1.515,1.515,1.515,0
2025-12-29 09:49:00,1.515,1.515,1.515,1.515,0
2025-12-29 09:50:00,1.51,1.51,1.51,1.51,1
2025-12-29 09:51:00,1.51,1.51,1.51,1.51,0
2025-12-29 09:52:00,1.51,1.51,1.51,1.51,0
2025-12-29 09:53:00,1.51,1.51,1.51,1.51,0
2025-12-29 09:54:00,1.51,1.51,1.51,1.51,0
2025-12-29 09:55:00,1.51,1.51,1.51,1.51,0
2025-12-29 09:56:00,1.51,1.51,1.51,1.51,0
2025-12-29 09:57:00,1.51,1.51,1.51,1.51,0
2025-12-29 09:58:00,1.51,1.51,1.51,1.51,0
2025-12-29 09:59:00,1.51,1.51,1.51,1.51,0
2025-12-29 10:00:00,1.51,1.51,1.51,1.51,0
2025-12-29 10:01:00,1.51,1.51,1.51,1.51,0
2025-12-29 10:02:00,1.51,1.51,1.51,1.51,0
2025-12-29 10:03:00,1.51,1.51,1.51,1.51,0
2025-12-29 10:04:00,1.5,1.5,1.49,1.49,10
2025-12-29 10:05:00,1.5,1.5,1.5,1.5,4
2025-12-29 10:06:00,1.5,1.5,1.5,1.5,0
2025-12-29 10:07:00,1.5,1.5,1.5,1.5,4
2025-12-29 10:08:00,1.5,1.5,1.5,1.5,0
2025-12-29 10:09:00,1.5,1.5,1.5,1.5,0
2025-12-29 10:10:00,1.5,1.5,1.5,1.5,0
2025-12-29 10:11:00,1.5,1.5,1.5,1.5,0
2025-12-29 10:12:00,1.49,1.49,1.48,1.48,25
2025-12-29 10:13:00,1.48,1.48,1.48,1.48,0
2025-12-29 10:14:00,1.48,1.48,1.48,1.48,0
2025-12-29 10:15:00,1.48,1.48,1.48,1.48,5
2025-12-29 10:16:00,1.476,1.476,1.47,1.473,10
2025-12-29 10:17:00,1.473,1.473,1.473,1.473,0
2025-12-29 10:18:00,1.473,1.473,1.473,1.473,0
2025-12-29 10:19:00,1.47,1.4702,1.47,1.4702,7
2025-12-29 10:20:00,1.4702,1.4702,1.4702,1.4702,0
2025-12-29 10:21:00,1.4702,1.4702,1.4702,1.4702,0
2025-12-29 10:22:00,1.4702,1.4702,1.4702,1.4702,0
2025-12-29 10:23:00,1.4702,1.4702,1.4702,1.4702,0
2025-12-29 10:24:00,1.4702,1.4702,1.4702,1.4702,0
2025-12-29 10:25:00,1.4702,1.4702,1.4702,1.4702,0
2025-12-29 10:26:00,1.4702,1.4702,1.4702,1.4702,0
2025-12-29 10:27:00,1.48,1.48,1.48,1.48,20
2025-12-29 10:28:00,1.48,1.48,1.48,1.48,4
2025-12-29 10:29:00,1.48,1.48,1.48,1.48,0
2025-12-29 10:30:00,1.48,1.48,1.48,1.48,0
2025-12-29 10:31:00,1.48,1.48,1.48,1.48,0
2025-12-29 10:32:00,1.48,1.48,1.48,1.48,0
2025-12-29 10:33:00,1.48,1.48,1.48,1.48,0
2025-12-29 10:34:00,1.48,1.48,1.48,1.48,0
2025-12-29 10:35:00,1.48,1.48,1.48,1.48,0
2025-12-29 10:36:00,1.47,1.47,1.47,1.47,1
2025-12-29 10:37:00,1.47,1.47,1.47,1.47,0
2025-12-29 10:38:00,1.47,1.47,1.47,1.47,0
2025-12-29 10:39:00,1.47,1.47,1.47,1.47,0
2025-12-29 10:40:00,1.47,1.47,1.47,1.47,5
2025-12-29 10:41:00,1.47,1.47,1.47,1.47,0
2025-12-29 10:42:00,1.47,1.47,1.47,1.47,0
2025-12-29 10:43:00,1.47,1.47,1.47,1.47,0
2025-12-29 10:44:00,1.47,1.47,1.47,1.47,0
2025-12-29 10:45:00,1.4632,1.4632,1.46,1.46,4
2025-12-29 10:46:00,1.46,1.46,1.46,1.46,0
2025-12-29 10:47:00,1.46,1.46,1.46,1.46,0
2025-12-29 10:48:00,1.46,1.46,1.46,1.46,0
2025-12-29 10:49:00,1.46,1.46,1.46,1.46,0
2025-12-29 10:50:00,1.46,1.46,1.46,1.46,0
2025-12-29 10:51:00,1.45,1.45,1.43,1.43,11
2025-12-29 10:52:00,1.4392,1.4392,1.4392,1.4392,27
2025-12-29 10:53:00,1.4392,1.4392,1.4392,1.4392,0
2025-12-29 10:54:00,1.4392,1.4392,1.4392,1.4392,0
2025-12-29 10:55:00,1.44,1.44,1.44,1.44,13
2025-12-29 10:56:00,1.44,1.44,1.44,1.44,20
2025-12-29 10:57:00,1.44,1.44,1.44,1.44,0
2025-12-29 10:58:00,1.44,1.44,1.44,1.44,0
2025-12-29 10:59:00,1.44,1.44,1.44,1.44,0
2025-12-29 11:00:00,1.44,1.44,1.44,1.44,0
2025-12-29 11:01:00,1.44,1.44,1.44,1.44,0
2025-12-29 11:02:00,1.44,1.44,1.44,1.44,0
2025-12-29 11:03:00,1.44,1.44,1.44,1.44,0
2025-12-29 11:04:00,1.44,1.44,1.44,1.44,0
2025-12-29 11:05:00,1.44,1.44,1.44,1.44,0
2025-12-29 11:06:00,1.44,1.44,1.44,1.44,0
2025-12-29 11:07:00,1.44,1.44,1.44,1.44,0
2025-12-29 11:08:00,1.44,1.44,1.44,1.44,0
2025-12-29 11:09:00,1.44,1.44,1.44,1.44,0
2025-12-29 11:10:00,1.44,1.44,1.44,1.44,3
2025-12-29 11:11:00,1.44,1.44,1.44,1.44,0
2025-12-29 11:12:00,1.4201,1.4201,1.4201,1.4201,17
2025-12-29 11:13:00,1.4201,1.4201,1.4201,1.4201,0
2025-12-29 11:14:00,1.4201,1.4201,1.4201,1.4201,0
2025-12-29 11:15:00,1.4201,1.4201,1.4201,1.4201,0
2025-12-29 11:16:00,1.4201,1.4201,1.4201,1.4201,0
2025-12-29 11:17:00,1.4201,1.4201,1.4201,1.4201,0
2025-12-29 11:18:00,1.4201,1.4201,1.4201,1.4201,0
2025-12-29 11:19:00,1.4201,1.4201,1.4201,1.4201,0
2025-12-29 11:20:00,1.4201,1.4201,1.4201,1.4201,0
2025-12-29 11:21:00,1.4495,1.4495,1.4495,1.4495,50
2025-12-29 11:22:00,1.4495,1.4495,1.4495,1.4495,0
2025-12-29 11:23:00,1.4495,1.4495,1.4495,1.4495,0
2025-12-29 11:24:00,1.4495,1.4495,1.4495,1.4495,0
2025-12-29 11:25:00,1.4495,1.4495,1.4495,1.4495,0
2025-12-29 11:26:00,1.4495,1.4495,1.4495,1.4495,0
2025-12-29 11:27:00,1.4495,1.4495,1.4495,1.4495,0
2025-12-29 11:28:00,1.4495,1.4495,1.4495,1.4495,0
2025-12-29 11:29:00,1.4495,1.4495,1.4495,1.4495,0
2025-12-29 11:30:00,1.4495,1.4495,1.4495,1.4495,0
2025-12-29 11:31:00,1.4495,1.4495,1.4495,1.4495,0
2025-12-29 11:32:00,1.4495,1.4495,1.4495,1.4495,0
2025-12-29 11:33:00,1.4495,1.4495,1.4495,1.4495,0
2025-12-29 11:34:00,1.4495,1.4495,1.4495,1.4495,0
2025-12-29 11:35:00,1.4495,1.4495,1.4495,1.4495,0
2025-12-29 11:36:00,1.4495,1.4495,1.4495,1.4495,0
2025-12-29 11:37:00,1.4495,1.4495,1.4495,1.4495,0
2025-12-29 11:38:00,1.4495,1.4495,1.4495,1.4495,0
2025-12-29 11:39:00,1.4495,1.4495,1.4495,1.4495,0
2025-12-29 11:40:00,1.4495,1.4495,1.4495,1.4495,0
2025-12-29 11:41:00,1.4495,1.4495,1.4495,1.4495,0
2025-12-29 11:42:00,1.4495,1.4495,1.4495,1.4495,0
2025-12-29 11:43:00,1.4495,1.4495,1.4495,1.4495,0
2025-12-29 11:44:00,1.4495,1.4495,1.4495,1.4495,0
2025-12-29 11:45:00,1.4495,1.4495,1.4495,1.4495,0
2025-12-29 11:46:00,1.4495,1.4495,1.4495,1.4495,0
2025-12-29 11:47:00,1.4495,1.4495,1.4495,1.4495,0
2025-12-29 11:48:00,1.4495,1.4495,1.4495,1.4495,0
2025-12-29 11:49:00,1.4495,1.4495,1.4495,1.4495,0
2025-12-29 11:50:00,1.4495,1.4495,1.4495,1.4495,0
2025-12-29 11:51:00,1.4495,1.4495,1.4495,1.4495,0
2025-12-29 11:52:00,1.4495,1.4495,1.4495,1.4495,0
2025-12-29 11:53:00,1.4495,1.4495,1.4495,1.4495,0
2025-12-29 11:54:00,1.4495,1.4495,1.4495,1.4495,0
2025-12-29 11:55:00,1.4495,1.4495,1.4495,1.4495,0
2025-12-29 11:56:00,1.4495,1.4495,1.4495,1.4495,0
2025-12-29 11:57:00,1.4495,1.4495,1.4495,1.4495,0
2025-12-29 11:58:00,1.4495,1.4495,1.4495,1.4495,0
2025-12-29 11:59:00,1.4495,1.4495,1.4495,1.4495,0
2025-12-29 12:00:00,1.4495,1.4495,1.4495,1.4495,0
2025-12-29 12:01:00,1.4495,1.4495,1.4495,1.4495,0
2025-12-29 12:02:00,1.4495,1.4495,1.4495,1.4495,0
2025-12-29 12:03:00,1.4495,1.4495,1.4495,1.4495,0
2025-12-29 12:04:00,1.4495,1.4495,1.4495,1.4495,0
2025-12-29 12:05:00,1.4495,1.4495,1.4495,1.4495,0
2025-12-29 12:06:00,1.4495,1.4495,1.4495,1.4495,0
2025-12-29 12:07:00,1.4495,1.4495,1.4495,1.4495,0
2025-12-29 12:08:00,1.4495,1.4495,1.4495,1.4495,0
2025-12-29 12:09:00,1.4495,1.4495,1.4495,1.4495,0
2025-12-29 12:10:00,1.4495,1.4495,1.4495,1.4495,0
2025-12-29 12:11:00,1.4495,1.4495,1.4495,1.4495,0
2025-12-29 12:12:00,1.4495,1.4495,1.4495,1.4495,0
2025-12-29 12:13:00,1.4495,1.4495,1.4495,1.4495,0
2025-12-29 12:14:00,1.4495,1.4495,1.4495,1.4495,0
2025-12-29 12:15:00,1.4495,1.4495,1.4495,1.4495,0
2025-12-29 12:16:00,1.4495,1.4495,1.4495,1.4495,0
2025-12-29 12:17:00,1.4495,1.4495,1.4495,1.4495,0
2025-12-29 12:18:00,1.4495,1.4495,1.4495,1.4495,0
2025-12-29 12:19:00,1.4495,1.4495,1.4495,1.4495,0
2025-12-29 12:20:00,1.4495,1.4495,1.4495,1.4495,0
2025-12-29 12:21:00,1.4495,1.4495,1.4495,1.4495,0
2025-12-29 12:22:00,1.4495,1.4495,1.4495,1.4495,0
2025-12-29 12:23:00,1.4495,1.4495,1.4495,1.4495,0
2025-12-29 12:24:00,1.4495,1.4495,1.4495,1.4495,0
2025-12-29 12:25:00,1.4495,1.4495,1.4495,1.4495,0
2025-12-29 12:26:00,1.4495,1.4495,1.4495,1.4495,0
2025-12-29 12:27:00,1.4495,1.4495,1.4495,1.4495,0
2025-12-29 12:28:00,1.41,1.41,1.41,1.41,30
2025-12-29 12:29:00,1.41,1.41,1.41,1.41,0
2025-12-29 12:30:00,1.41,1.41,1.41,1.41,0
2025-12-29 12:31:00,1.41,1.41,1.41,1.41,0
2025-12-29 12:32:00,1.41,1.41,1.41,1.41,0
2025-12-29 12:33:00,1.41,1.41,1.41,1.41,0
2025-12-29 12:34:00,1.41,1.41,1.41,1.41,0
2025-12-29 12:35:00,1.41,1.41,1.41,1.41,0
2025-12-29 12:36:00,1.41,1.41,1.41,1.41,0
2025-12-29 12:37:00,1.41,1.41,1.41,1.41,0
2025-12-29 12:38:00,1.41,1.41,1.41,1.41,0
2025-12-29 12:39:00,1.41,1.41,1.41,1.41,0
2025-12-29 12:40:00,1.41,1.41,1.41,1.41,0
2025-12-29 12:41:00,1.41,1.41,1.41,1.41,0
2025-12-29 12:42:00,1.41,1.41,1.41,1.41,0
2025-12-29 12:43:00,1.41,1.41,1.41,1.41,0
2025-12-29 12:44:00,1.41,1.41,1.41,1.41,0
2025-12-29 12:45:00,1.41,1.41,1.41,1.41,0
2025-12-29 12:46:00,1.41,1.41,1.41,1.41,0
2025-12-29 12:47:00,1.41,1.41,1.41,1.41,0
2025-12-29 12:48:00,1.41,1.41,1.41,1.41,0
2025-12-29 12:49:00,1.41,1.41,1.41,1.41,0
2025-12-29 12:50:00,1.41,1.41,1.41,1.41,0
2025-12-29 12:51:00,1.41,1.41,1.41,1.41,0
2025-12-29 12:52:00,1.39,1.39,1.38,1.38,11
2025-12-29 12:53:00,1.38,1.38,1.38,1.38,0
2025-12-29 12:54:00,1.38,1.38,1.38,1.38,3
2025-12-29 12:55:00,1.38,1.38,1.38,1.38,0
2025-12-29 12:56:00,1.38,1.385,1.36,1.36,41
2025-12-29 12:57:00,1.36,1.36,1.36,1.36,0
2025-12-29 12:58:00,1.36,1.36,1.36,1.36,0
2025-12-29 12:59:00,1.36,1.36,1.36,1.36,0
2025-12-29 13:00:00,1.36,1.36,1.36,1.36,0
2025-12-29 13:01:00,1.36,1.3627,1.35,1.3627,10
2025-12-29 13:02:00,1.36,1.36,1.36,1.36,1
2025-12-29 13:03:00,1.34,1.34,1.34,1.34,1
2025-12-29 13:04:00,1.34,1.34,1.34,1.34,0
2025-12-29 13:05:00,1.34,1.34,1.34,1.34,0
2025-12-29 13:06:00,1.36,1.36,1.36,1.36,5
2025-12-29 13:07:00,1.36,1.36,1.36,1.36,0
2025-12-29 13:08:00,1.36,1.36,1.36,1.36,0
2025-12-29 13:09:00,1.3498,1.3498,1.3498,1.3498,10
2025-12-29 13:10:00,1.3502,1.3502,1.35,1.35,15
2025-12-29 13:11:00,1.35,1.35,1.35,1.35,0
2025-12-29 13:12:00,1.34,1.34,1.34,1.34,8
2025-12-29 13:13:00,1.35,1.35,1.33,1.34,7
2025-12-29 13:14:00,1.34,1.34,1.34,1.34,0
2025-12-29 13:15:00,1.34,1.34,1.34,1.34,0
2025-12-29 13:16:00,1.34,1.34,1.34,1.34,0
2025-12-29 13:17:00,1.33,1.33,1.33,1.33,3
2025-12-29 13:18:00,1.33,1.33,1.33,1.33,0
2025-12-29 13:19:00,1.33,1.33,1.33,1.33,0
2025-12-29 13:20:00,1.33,1.33,1.33,1.33,0
2025-12-29 13:21:00,1.33,1.33,1.33,1.33,0
2025-12-29 13:22:00,1.33,1.33,1.32,1.32,4
2025-12-29 13:23:00,1.32,1.32,1.32,1.32,0
2025-12-29 13:24:00,1.32,1.32,1.32,1.32,0
2025-12-29 13:25:00,1.32,1.32,1.32,1.32,0
2025-12-29 13:26:00,1.32,1.32,1.32,1.32,0
2025-12-29 13:27:00,1.32,1.32,1.32,1.32,0
2025-12-29 13:28:00,1.32,1.32,1.32,1.32,0
2025-12-29 13:29:00,1.31,1.33,1.3,1.3,21
2025-12-29 13:30:00,1.3,1.3,1.3,1.3,0
2025-12-29 13:31:00,1.3,1.3,1.3,1.3,0
2025-12-29 13:32:00,1.3,1.3,1.3,1.3,0
2025-12-29 13:33:00,1.295,1.295,1.283,1.295,30
2025-12-29 13:34:00,1.295,1.295,1.295,1.295,0
2025-12-29 13:35:00,1.295,1.295,1.295,1.295,0
2025-12-29 13:36:00,1.295,1.295,1.295,1.295,0
2025-12-29 13:37:00,1.295,1.295,1.295,1.295,0
2025-12-29 13:38:00,1.295,1.295,1.282,1.282,46
2025-12-29 13:39:00,1.282,1.282,1.282,1.282,0
2025-12-29 13:40:00,1.29,1.3,1.29,1.3,35
2025-12-29 13:41:00,1.3,1.3,1.3,1.3,0
2025-12-29 13:42:00,1.3,1.3,1.3,1.3,0
2025-12-29 13:43:00,1.3,1.3,1.3,1.3,0
2025-12-29 13:44:00,1.315,1.315,1.315,1.315,2
2025-12-29 13:45:00,1.315,1.315,1.315,1.315,0
2025-12-29 13:46:00,1.315,1.315,1.315,1.315,0
2025-12-29 13:47:00,1.315,1.315,1.315,1.315,0
2025-12-29 13:48:00,1.315,1.315,1.315,1.315,0
2025-12-29 13:49:00,1.315,1.315,1.315,1.315,0
2025-12-29 13:50:00,1.29,1.29,1.28,1.28,3
2025-12-29 13:51:00,1.28,1.28,1.28,1.28,0
2025-12-29 13:52:00,1.28,1.28,1.28,1.28,0
2025-12-29 13:53:00,1.28,1.28,1.28,1.28,0
2025-12-29 13:54:00,1.275,1.275,1.275,1.275,2
2025-12-29 13:55:00,1.275,1.275,1.275,1.275,0
2025-12-29 13:56:00,1.275,1.275,1.275,1.275,0
2025-12-29 13:57:00,1.275,1.275,1.275,1.275,0
2025-12-29 13:58:00,1.275,1.275,1.275,1.275,0
2025-12-29 13:59:00,1.28,1.28,1.28,1.28,1
2025-12-29 14:00:00,1.28,1.28,1.28,1.28,0
2025-12-29 14:01:00,1.28,1.28,1.28,1.28,0
2025-12-29 14:02:00,1.29,1.29,1.29,1.29,8
2025-12-29 14:03:00,1.29,1.29,1.29,1.29,0
2025-12-29 14:04:00,1.29,1.29,1.29,1.29,0
2025-12-29 14:05:00,1.29,1.29,1.28,1.28,2
2025-12-29 14:06:00,1.28,1.28,1.28,1.28,0
2025-12-29 14:07:00,1.28,1.28,1.28,1.28,0
2025-12-29 14:08:00,1.28,1.28,1.28,1.28,0
2025-12-29 14:09:00,1.28,1.28,1.28,1.28,0
2025-12-29 14:10:00,1.28,1.28,1.28,1.28,0
2025-12-29 14:11:00,1.28,1.28,1.28,1.28,0
2025-12-29 14:12:00,1.28,1.28,1.28,1.28,0
2025-12-29 14:13:00,1.28,1.2897,1.28,1.2897,5
2025-12-29 14:14:00,1.2897,1.2897,1.2897,1.2897,0
2025-12-29 14:15:00,1.2897,1.2897,1.2897,1.2897,0
2025-12-29 14:16:00,1.2897,1.2897,1.2897,1.2897,0
2025-12-29 14:17:00,1.275,1.275,1.275,1.275,2
2025-12-29 14:18:00,1.275,1.275,1.275,1.275,0
2025-12-29 14:19:00,1.28,1.28,1.28,1.28,1
2025-12-29 14:20:00,1.28,1.28,1.28,1.28,0
2025-12-29 14:21:00,1.28,1.28,1.28,1.28,0
2025-12-29 14:22:00,1.275,1.275,1.275,1.275,1
2025-12-29 14:23:00,1.275,1.275,1.275,1.275,0
2025-12-29 14:24:00,1.275,1.275,1.275,1.275,0
2025-12-29 14:25:00,1.28,1.28,1.28,1.28,1
2025-12-29 14:26:00,1.28,1.28,1.28,1.28,0
2025-12-29 14:27:00,1.28,1.28,1.28,1.28,0
2025-12-29 14:28:00,1.2801,1.2801,1.2801,1.2801,3
2025-12-29 14:29:00,1.28,1.28,1.28,1.28,1
2025-12-29 14:30:00,1.28,1.28,1.28,1.28,0
2025-12-29 14:31:00,1.28,1.28,1.28,1.28,0
2025-12-29 14:32:00,1.28,1.28,1.28,1.28,0
2025-12-29 14:33:00,1.28,1.28,1.28,1.28,0
2025-12-29 14:34:00,1.28,1.28,1.28,1.28,0
2025-12-29 14:35:00,1.28,1.28,1.28,1.28,0
2025-12-29 14:36:00,1.28,1.28,1.28,1.28,0
2025-12-29 14:37:00,1.28,1.28,1.28,1.28,0
2025-12-29 14:38:00,1.28,1.28,1.28,1.28,0
2025-12-29 14:39:00,1.28,1.28,1.28,1.28,0
2025-12-29 14:40:00,1.28,1.28,1.28,1.28,0
2025-12-29 14:41:00,1.28,1.28,1.28,1.28,0
2025-12-29 14:42:00,1.28,1.28,1.28,1.28,0
2025-12-29 14:43:00,1.28,1.28,1.28,1.28,0
2025-12-29 14:44:00,1.28,1.28,1.28,1.28,0
2025-12-29 14:45:00,1.29,1.29,1.29,1.29,1
2025-12-29 14:46:00,1.29,1.29,1.29,1.29,1
2025-12-29 14:47:00,1.29,1.29,1.29,1.29,0
2025-12-29 14:48:00,1.3,1.3185,1.3,1.3185,12
2025-12-29 14:49:00,1.3,1.3,1.3,1.3,13
2025-12-29 14:50:00,1.3176,1.3176,1.3176,1.3176,1
2025-12-29 14:51:00,1.3176,1.3176,1.3176,1.3176,0
2025-12-29 14:52:00,1.3176,1.3176,1.3176,1.3176,0
2025-12-29 14:53:00,1.295,1.35,1.295,1.35,67
2025-12-29 14:54:00,1.35,1.35,1.35,1.35,0
2025-12-29 14:55:00,1.35,1.35,1.35,1.35,0
2025-12-29 14:56:00,1.35,1.35,1.35,1.35,0
2025-12-29 14:57:00,1.35,1.35,1.35,1.35,0
2025-12-29 14:58:00,1.37,1.37,1.35,1.35,132
2025-12-29 14:59:00,1.35,1.35,1.35,1.35,0
2025-12-29 15:00:00,1.35,1.35,1.35,1.35,0
2025-12-29 15:01:00,1.35,1.35,1.35,1.35,0
2025-12-29 15:02:00,1.35,1.35,1.35,1.35,0
2025-12-29 15:03:00,1.325,1.325,1.325,1.325,10
2025-12-29 15:04:00,1.325,1.325,1.325,1.325,0
2025-12-29 15:05:00,1.325,1.325,1.325,1.325,0
2025-12-29 15:06:00,1.325,1.325,1.325,1.325,0
2025-12-29 15:07:00,1.325,1.325,1.325,1.325,0
2025-12-29 15:08:00,1.325,1.325,1.325,1.325,0
2025-12-29 15:09:00,1.33,1.33,1.33,1.33,1
2025-12-29 15:10:00,1.33,1.33,1.33,1.33,0
2025-12-29 15:11:00,1.33,1.33,1.33,1.33,0
2025-12-29 15:12:00,1.33,1.33,1.33,1.33,0
2025-12-29 15:13:00,1.33,1.33,1.33,1.33,0
2025-12-29 15:14:00,1.33,1.33,1.33,1.33,0
2025-12-29 15:15:00,1.33,1.33,1.33,1.33,0
2025-12-29 15:16:00,1.33,1.33,1.33,1.33,0
2025-12-29 15:17:00,1.33,1.33,1.33,1.33,0
2025-12-29 15:18:00,1.33,1.33,1.33,1.33,0
2025-12-29 15:19:00,1.33,1.33,1.33,1.33,0
2025-12-29 15:20:00,1.33,1.33,1.33,1.33,0
2025-12-29 15:21:00,1.33,1.33,1.33,1.33,0
2025-12-29 15:22:00,1.33,1.33,1.33,1.33,0
2025-12-29 15:23:00,1.33,1.33,1.33,1.33,0
2025-12-29 15:24:00,1.33,1.33,1.33,1.33,0
2025-12-29 15:25:00,1.33,1.33,1.33,1.33,0
2025-12-29 15:26:00,1.33,1.33,1.33,1.33,0
2025-12-29 15:27:00,1.33,1.33,1.33,1.33,0
2025-12-29 15:28:00,1.31,1.31,1.31,1.31,1
2025-12-29 15:29:00,1.31,1.31,1.31,1.31,0
2025-12-29 15:30:00,1.31,1.31,1.31,1.31,0
2025-12-29 15:31:00,1.31,1.31,1.31,1.31,0
2025-12-29 15:32:00,1.31,1.31,1.31,1.31,0
2025-12-29 15:33:00,1.33,1.33,1.29,1.29,10
2025-12-29 15:34:00,1.28,1.2816,1.27,1.2816,24
2025-12-29 15:35:00,1.2816,1.2816,1.2816,1.2816,0
2025-12-29 15:36:00,1.2816,1.2816,1.2816,1.2816,0
2025-12-29 15:37:00,1.2816,1.2816,1.2816,1.2816,0
2025-12-29 15:38:00,1.2816,1.2816,1.2816,1.2816,0
2025-12-29 15:39:00,1.2816,1.2816,1.2816,1.2816,0
2025-12-29 15:40:00,1.2816,1.2816,1.2816,1.2816,0
2025-12-29 15:41:00,1.27,1.27,1.25,1.25,19
2025-12-29 15:42:00,1.25,1.25,1.25,1.25,0
2025-12-29 15:43:00,1.25,1.25,1.25,1.25,0
2025-12-29 15:44:00,1.25,1.25,1.25,1.25,0
2025-12-29 15:45:00,1.25,1.25,1.25,1.25,0
2025-12-29 15:46:00,1.25,1.25,1.25,1.25,0
2025-12-29 15:47:00,1.26,1.26,1.25,1.25,24
2025-12-29 15:48:00,1.25,1.25,1.25,1.25,0
2025-12-29 15:49:00,1.25,1.25,1.25,1.25,0
2025-12-29 15:50:00,1.25,1.25,1.25,1.25,0
2025-12-29 15:51:00,1.3155,1.3155,1.3155,1.3155,18
2025-12-29 15:52:00,1.27,1.27,1.26,1.26,12
2025-12-29 15:53:00,1.26,1.26,1.26,1.26,0
2025-12-29 15:54:00,1.28,1.28,1.28,1.28,7
2025-12-29 15:55:00,1.28,1.28,1.26,1.26,13
2025-12-29 15:56:00,1.27,1.27,1.25,1.25,14
2025-12-29 15:57:00,1.26,1.26,1.23,1.23,18
2025-12-29 15:58:00,1.2575,1.2691,1.22,1.25,100
2025-12-29 15:59:00,1.27,1.27,1.23,1.23,32
2025-12-30 09:30:00,1.23,1.3022,1.2226,1.3022,43
2025-12-30 09:31:00,1.3022,1.3022,1.3022,1.3022,0
2025-12-30 09:32:00,1.3022,1.3022,1.3022,1.3022,0
2025-12-30 09:33:00,1.3022,1.3022,1.3022,1.3022,0
2025-12-30 09:34:00,1.3022,1.3022,1.3022,1.3022,0
2025-12-30 09:35:00,1.275,1.275,1.275,1.275,1
2025-12-30 09:36:00,1.251,1.251,1.251,1.251,2
2025-12-30 09:37:00,1.251,1.251,1.251,1.251,0
2025-12-30 09:38:00,1.251,1.251,1.251,1.251,0
2025-12-30 09:39:00,1.25,1.25,1.25,1.25,2
2025-12-30 09:40:00,1.25,1.25,1.25,1.25,0
2025-12-30 09:41:00,1.25,1.25,1.25,1.25,0
2025-12-30 09:42:00,1.2401,1.25,1.2401,1.25,31
2025-12-30 09:43:00,1.25,1.25,1.25,1.25,0
2025-12-30 09:44:00,1.25,1.25,1.25,1.25,0
2025-12-30 09:45:00,1.26,1.26,1.26,1.26,12
2025-12-30 09:46:00,1.282,1.282,1.282,1.282,5
2025-12-30 09:47:00,1.282,1.282,1.282,1.282,0
2025-12-30 09:48:00,1.282,1.282,1.282,1.282,0
2025-12-30 09:49:00,1.282,1.282,1.282,1.282,0
2025-12-30 09:50:00,1.282,1.282,1.282,1.282,0
2025-12-30 09:51:00,1.282,1.282,1.282,1.282,0
2025-12-30 09:52:00,1.282,1.282,1.282,1.282,0
2025-12-30 09:53:00,1.282,1.282,1.282,1.282,0
2025-12-30 09:54:00,1.282,1.282,1.282,1.282,0
2025-12-30 09:55:00,1.2511,1.2578,1.2511,1.2578,11
2025-12-30 09:56:00,1.2598,1.26,1.2598,1.26,57
2025-12-30 09:57:00,1.26,1.26,1.26,1.26,0
2025-12-30 09:58:00,1.26,1.26,1.26,1.26,0
2025-12-30 09:59:00,1.26,1.26,1.26,1.26,0
2025-12-30 10:00:00,1.26,1.26,1.26,1.26,0
2025-12-30 10:01:00,1.27,1.27,1.27,1.27,2
2025-12-30 10:02:00,1.27,1.27,1.27,1.27,0
2025-12-30 10:03:00,1.27,1.27,1.27,1.27,0
2025-12-30 10:04:00,1.27,1.27,1.27,1.27,0
2025-12-30 10:05:00,1.27,1.27,1.27,1.27,0
2025-12-30 10:06:00,1.27,1.27,1.27,1.27,0
2025-12-30 10:07:00,1.27,1.27,1.27,1.27,0
2025-12-30 10:08:00,1.27,1.27,1.27,1.27,0
2025-12-30 10:09:00,1.27,1.27,1.27,1.27,0
2025-12-30 10:10:00,1.26,1.26,1.26,1.26,1
2025-12-30 10:11:00,1.26,1.26,1.26,1.26,0
2025-12-30 10:12:00,1.26,1.26,1.26,1.26,0
2025-12-30 10:13:00,1.26,1.26,1.26,1.26,0
2025-12-30 10:14:00,1.26,1.26,1.26,1.26,0
2025-12-30 10:15:00,1.26,1.26,1.26,1.26,0
2025-12-30 10:16:00,1.26,1.26,1.26,1.26,0
2025-12-30 10:17:00,1.26,1.26,1.26,1.26,0
2025-12-30 10:18:00,1.26,1.26,1.26,1.26,0
2025-12-30 10:19:00,1.26,1.26,1.26,1.26,0
2025-12-30 10:20:00,1.26,1.26,1.26,1.26,0
2025-12-30 10:21:00,1.26,1.26,1.26,1.26,0
2025-12-30 10:22:00,1.26,1.26,1.26,1.26,0
2025-12-30 10:23:00,1.26,1.26,1.26,1.26,0
2025-12-30 10:24:00,1.26,1.26,1.26,1.26,0
2025-12-30 10:25:00,1.26,1.26,1.26,1.26,0
2025-12-30 10:26:00,1.26,1.26,1.26,1.26,0
2025-12-30 10:27:00,1.26,1.26,1.26,1.26,0
2025-12-30 10:28:00,1.26,1.26,1.26,1.26,0
2025-12-30 10:29:00,1.26,1.26,1.26,1.26,0
2025-12-30 10:30:00,1.29,1.29,1.29,1.29,15
2025-12-30 10:31:00,1.29,1.29,1.29,1.29,0
2025-12-30 10:32:00,1.29,1.29,1.29,1.29,0
2025-12-30 10:33:00,1.29,1.29,1.29,1.29,0
2025-12-30 10:34:00,1.29,1.29,1.29,1.29,0
2025-12-30 10:35:00,1.2675,1.2675,1.2675,1.2675,1
2025-12-30 10:36:00,1.2675,1.2675,1.2675,1.2675,0
2025-12-30 10:37:00,1.2675,1.2675,1.2675,1.2675,0
2025-12-30 10:38:00,1.2675,1.2675,1.2675,1.2675,0
2025-12-30 10:39:00,1.2675,1.2675,1.2675,1.2675,0
2025-12-30 10:40:00,1.2675,1.2675,1.2675,1.2675,0
2025-12-30 10:41:00,1.2675,1.2675,1.2675,1.2675,0
2025-12-30 10:42:00,1.2675,1.2675,1.2675,1.2675,0
2025-12-30 10:43:00,1.2675,1.2675,1.2675,1.2675,0
2025-12-30 10:44:00,1.2675,1.2675,1.2675,1.2675,0
2025-12-30 10:45:00,1.2675,1.2675,1.2675,1.2675,0
2025-12-30 10:46:00,1.2675,1.2675,1.2675,1.2675,0
2025-12-30 10:47:00,1.2675,1.2675,1.2675,1.2675,0
2025-12-30 10:48:00,1.2675,1.2675,1.2675,1.2675,0
2025-12-30 10:49:00,1.2675,1.2675,1.2675,1.2675,0
2025-12-30 10:50:00,1.2675,1.2675,1.2675,1.2675,0
2025-12-30 10:51:00,1.2675,1.2675,1.2675,1.2675,0
2025-12-30 10:52:00,1.2675,1.2675,1.2675,1.2675,0
2025-12-30 10:53:00,1.2675,1.2675,1.2675,1.2675,0
2025-12-30 10:54:00,1.2675,1.2675,1.2675,1.2675,0
2025-12-30 10:55:00,1.2675,1.2675,1.2675,1.2675,0
2025-12-30 10:56:00,1.2675,1.2675,1.2675,1.2675,0
2025-12-30 10:57:00,1.2675,1.2675,1.2675,1.2675,0
2025-12-30 10:58:00,1.2675,1.2675,1.2675,1.2675,0
2025-12-30 10:59:00,1.2675,1.2675,1.2675,1.2675,0
2025-12-30 11:00:00,1.2675,1.2675,1.2675,1.2675,0
2025-12-30 11:01:00,1.2675,1.2675,1.2675,1.2675,0
2025-12-30 11:02:00,1.2675,1.2675,1.2675,1.2675,0
2025-12-30 11:03:00,1.2675,1.2675,1.2675,1.2675,0
2025-12-30 11:04:00,1.2675,1.2675,1.2675,1.2675,0
2025-12-30 11:05:00,1.2675,1.2675,1.2675,1.2675,0
2025-12-30 11:06:00,1.2675,1.2675,1.2675,1.2675,0
2025-12-30 11:07:00,1.2675,1.2675,1.2675,1.2675,0
2025-12-30 11:08:00,1.2675,1.2675,1.2675,1.2675,0
2025-12-30 11:09:00,1.2675,1.2675,1.2675,1.2675,0
2025-12-30 11:10:00,1.2675,1.2675,1.2675,1.2675,0
2025-12-30 11:11:00,1.2675,1.2675,1.2675,1.2675,0
2025-12-30 11:12:00,1.2675,1.2675,1.2675,1.2675,0
2025-12-30 11:13:00,1.2675,1.2675,1.2675,1.2675,0
2025-12-30 11:14:00,1.2675,1.2675,1.2675,1.2675,0
2025-12-30 11:15:00,1.2675,1.2675,1.2675,1.2675,0
2025-12-30 11:16:00,1.2675,1.2675,1.2675,1.2675,0
2025-12-30 11:17:00,1.2675,1.2675,1.2675,1.2675,0
2025-12-30 11:18:00,1.2675,1.2675,1.2675,1.2675,0
2025-12-30 11:19:00,1.2675,1.2675,1.2675,1.2675,0
2025-12-30 11:20:00,1.2675,1.2675,1.2675,1.2675,0
2025-12-30 11:21:00,1.2675,1.2675,1.2675,1.2675,0
2025-12-30 11:22:00,1.2675,1.2675,1.2675,1.2675,0
2025-12-30 11:23:00,1.27,1.27,1.27,1.27,5
2025-12-30 11:24:00,1.27,1.27,1.27,1.27,0
2025-12-30 11:25:00,1.27,1.27,1.27,1.27,0
2025-12-30 11:26:00,1.27,1.27,1.27,1.27,0
2025-12-30 11:27:00,1.27,1.27,1.27,1.27,0
2025-12-30 11:28:00,1.27,1.27,1.27,1.27,0
2025-12-30 11:29:00,1.27,1.27,1.27,1.27,0
2025-12-30 11:30:00,1.27,1.27,1.27,1.27,0
2025-12-30 11:31:00,1.27,1.27,1.27,1.27,0
2025-12-30 11:32:00,1.27,1.27,1.27,1.27,0
2025-12-30 11:33:00,1.27,1.27,1.27,1.27,0
2025-12-30 11:34:00,1.27,1.27,1.27,1.27,0
2025-12-30 11:35:00,1.27,1.27,1.27,1.27,0
2025-12-30 11:36:00,1.27,1.27,1.27,1.27,0
2025-12-30 11:37:00,1.27,1.27,1.27,1.27,1
2025-12-30 11:38:00,1.27,1.27,1.27,1.27,0
2025-12-30 11:39:00,1.27,1.27,1.27,1.27,0
2025-12-30 11:40:00,1.26,1.26,1.26,1.26,1
2025-12-30 11:41:00,1.26,1.26,1.26,1.26,0
2025-12-30 11:42:00,1.26,1.26,1.26,1.26,0
2025-12-30 11:43:00,1.26,1.26,1.26,1.26,0
2025-12-30 11:44:00,1.26,1.26,1.26,1.26,0
2025-12-30 11:45:00,1.26,1.26,1.26,1.26,0
2025-12-30 11:46:00,1.26,1.26,1.26,1.26,0
2025-12-30 11:47:00,1.26,1.26,1.26,1.26,0
2025-12-30 11:48:00,1.26,1.26,1.26,1.26,0
2025-12-30 11:49:00,1.26,1.26,1.26,1.26,0
2025-12-30 11:50:00,1.26,1.26,1.26,1.26,0
2025-12-30 11:51:00,1.26,1.26,1.26,1.26,0
2025-12-30 11:52:00,1.26,1.26,1.26,1.26,0
2025-12-30 11:53:00,1.26,1.26,1.26,1.26,0
2025-12-30 11:54:00,1.26,1.26,1.26,1.26,0
2025-12-30 11:55:00,1.26,1.26,1.26,1.26,0
2025-12-30 11:56:00,1.26,1.26,1.26,1.26,0
2025-12-30 11:57:00,1.26,1.26,1.26,1.26,0
2025-12-30 11:58:00,1.26,1.26,1.26,1.26,0
2025-12-30 11:59:00,1.26,1.26,1.26,1.26,0
2025-12-30 12:00:00,1.26,1.26,1.26,1.26,0
2025-12-30 12:01:00,1.26,1.26,1.26,1.26,0
2025-12-30 12:02:00,1.26,1.26,1.26,1.26,60
2025-12-30 12:03:00,1.26,1.26,1.26,1.26,0
2025-12-30 12:04:00,1.26,1.26,1.26,1.26,0
2025-12-30 12:05:00,1.27,1.27,1.27,1.27,1
2025-12-30 12:06:00,1.27,1.27,1.27,1.27,0
2025-12-30 12:07:00,1.27,1.27,1.27,1.27,0
2025-12-30 12:08:00,1.27,1.27,1.27,1.27,0
2025-12-30 12:09:00,1.27,1.27,1.27,1.27,0
2025-12-30 12:10:00,1.27,1.27,1.27,1.27,0
2025-12-30 12:11:00,1.27,1.27,1.27,1.27,0
2025-12-30 12:12:00,1.27,1.27,1.27,1.27,0
2025-12-30 12:13:00,1.27,1.27,1.27,1.27,0
2025-12-30 12:14:00,1.27,1.27,1.27,1.27,0
2025-12-30 12:15:00,1.2635,1.2635,1.2635,1.2635,2
2025-12-30 12:16:00,1.2635,1.2635,1.2635,1.2635,0
2025-12-30 12:17:00,1.2635,1.2635,1.2635,1.2635,0
2025-12-30 12:18:00,1.2635,1.2635,1.2635,1.2635,0
2025-12-30 12:19:00,1.2635,1.2635,1.2635,1.2635,0
2025-12-30 12:20:00,1.2635,1.2635,1.2635,1.2635,0
2025-12-30 12:21:00,1.2635,1.2635,1.2635,1.2635,0
2025-12-30 12:22:00,1.2635,1.2635,1.2635,1.2635,0
2025-12-30 12:23:00,1.2635,1.2635,1.2635,1.2635,0
2025-12-30 12:24:00,1.2635,1.2635,1.2635,1.2635,0
2025-12-30 12:25:00,1.2635,1.2635,1.2635,1.2635,0
2025-12-30 12:26:00,1.2635,1.2635,1.2635,1.2635,0
2025-12-30 12:27:00,1.2635,1.2635,1.2635,1.2635,0
2025-12-30 12:28:00,1.2635,1.2635,1.2635,1.2635,0
2025-12-30 12:29:00,1.2635,1.2635,1.2635,1.2635,0
2025-12-30 12:30:00,1.2635,1.2635,1.2635,1.2635,0
2025-12-30 12:31:00,1.2635,1.2635,1.2635,1.2635,0
2025-12-30 12:32:00,1.2635,1.2635,1.2635,1.2635,0
2025-12-30 12:33:00,1.2635,1.2635,1.2635,1.2635,0
2025-12-30 12:34:00,1.2635,1.2635,1.2635,1.2635,0
2025-12-30 12:35:00,1.2635,1.2635,1.2635,1.2635,0
2025-12-30 12:36:00,1.2635,1.2635,1.2635,1.2635,0
2025-12-30 12:37:00,1.2635,1.2635,1.2635,1.2635,0
2025-12-30 12:38:00,1.2635,1.2635,1.2635,1.2635,0
2025-12-30 12:39:00,1.2635,1.2635,1.2635,1.2635,0
2025-12-30 12:40:00,1.2635,1.2635,1.2635,1.2635,0
2025-12-30 12:41:00,1.2635,1.2635,1.2635,1.2635,0
2025-12-30 12:42:00,1.275,1.275,1.275,1.275,1
2025-12-30 12:43:00,1.275,1.275,1.275,1.275,0
2025-12-30 12:44:00,1.28,1.28,1.28,1.28,5
2025-12-30 12:45:00,1.27,1.27,1.27,1.27,1
2025-12-30 12:46:00,1.27,1.28,1.27,1.27,16
2025-12-30 12:47:00,1.278,1.28,1.27,1.27,6
2025-12-30 12:48:00,1.27,1.27,1.27,1.27,0
2025-12-30 12:49:00,1.27,1.27,1.27,1.27,1
2025-12-30 12:50:00,1.27,1.27,1.27,1.27,1
2025-12-30 12:51:00,1.27,1.27,1.27,1.27,1
2025-12-30 12:52:00,1.27,1.27,1.27,1.27,0
2025-12-30 12:53:00,1.27,1.27,1.27,1.27,1
2025-12-30 12:54:00,1.27,1.27,1.27,1.27,1
2025-12-30 12:55:00,1.27,1.27,1.27,1.27,1
2025-12-30 12:56:00,1.27,1.27,1.27,1.27,2
2025-12-30 12:57:00,1.26,1.26,1.26,1.26,1
2025-12-30 12:58:00,1.26,1.26,1.26,1.26,0
2025-12-30 12:59:00,1.26,1.26,1.26,1.26,0
2025-12-30 13:00:00,1.27,1.27,1.27,1.27,1
2025-12-30 13:01:00,1.27,1.27,1.27,1.27,2
2025-12-30 13:02:00,1.27,1.27,1.27,1.27,0
2025-12-30 13:03:00,1.26,1.27,1.26,1.26,3
2025-12-30 13:04:00,1.26,1.26,1.26,1.26,1
2025-12-30 13:05:00,1.26,1.26,1.26,1.26,1
2025-12-30 13:06:00,1.26,1.26,1.26,1.26,1
2025-12-30 13:07:00,1.26,1.26,1.26,1.26,1
2025-12-30 13:08:00,1.26,1.26,1.26,1.26,1
2025-12-30 13:09:00,1.26,1.26,1.24,1.24,34
2025-12-30 13:10:00,1.24,1.24,1.24,1.24,0
2025-12-30 13:11:00,1.24,1.24,1.24,1.24,0
2025-12-30 13:12:00,1.24,1.24,1.24,1.24,2
2025-12-30 13:13:00,1.24,1.24,1.24,1.24,0
2025-12-30 13:14:00,1.24,1.24,1.24,1.24,0
2025-12-30 13:15:00,1.24,1.24,1.24,1.24,0
2025-12-30 13:16:00,1.24,1.24,1.24,1.24,2
2025-12-30 13:17:00,1.24,1.24,1.24,1.24,0
2025-12-30 13:18:00,1.24,1.24,1.24,1.24,0
2025-12-30 13:19:00,1.24,1.24,1.24,1.24,3
2025-12-30 13:20:00,1.24,1.24,1.24,1.24,1
2025-12-30 13:21:00,1.24,1.24,1.24,1.24,0
2025-12-30 13:22:00,1.24,1.24,1.24,1.24,1
2025-12-30 13:23:00,1.24,1.24,1.24,1.24,1
2025-12-30 13:24:00,1.24,1.24,1.24,1.24,1
2025-12-30 13:25:00,1.24,1.24,1.24,1.24,1
2025-12-30 13:26:00,1.24,1.24,1.24,1.24,0
2025-12-30 13:27:00,1.24,1.24,1.24,1.24,0
2025-12-30 13:28:00,1.24,1.24,1.24,1.24,1
2025-12-30 13:29:00,1.24,1.24,1.24,1.24,2
2025-12-30 13:30:00,1.24,1.24,1.24,1.24,1
2025-12-30 13:31:00,1.24,1.25,1.24,1.24,3
2025-12-30 13:32:00,1.24,1.24,1.24,1.24,1
2025-12-30 13:33:00,1.24,1.24,1.24,1.24,2
2025-12-30 13:34:00,1.24,1.24,1.24,1.24,1
2025-12-30 13:35:00,1.24,1.24,1.24,1.24,1
2025-12-30 13:36:00,1.24,1.24,1.24,1.24,1
2025-12-30 13:37:00,1.24,1.24,1.24,1.24,1
2025-12-30 13:38:00,1.24,1.24,1.24,1.24,0
2025-12-30 13:39:00,1.24,1.24,1.24,1.24,1
2025-12-30 13:40:00,1.24,1.24,1.24,1.24,1
2025-12-30 13:41:00,1.24,1.24,1.24,1.24,1
2025-12-30 13:42:00,1.24,1.245,1.24,1.245,2
2025-12-30 13:43:00,1.24,1.24,1.24,1.24,1
2025-12-30 13:44:00,1.24,1.24,1.24,1.24,2
2025-12-30 13:45:00,1.24,1.24,1.24,1.24,1
2025-12-30 13:46:00,1.24,1.24,1.24,1.24,0
2025-12-30 13:47:00,1.24,1.24,1.24,1.24,0
2025-12-30 13:48:00,1.24,1.24,1.24,1.24,1
2025-12-30 13:49:00,1.24,1.24,1.24,1.24,1
2025-12-30 13:50:00,1.24,1.24,1.24,1.24,0
2025-12-30 13:51:00,1.24,1.24,1.24,1.24,3
2025-12-30 13:52:00,1.24,1.24,1.24,1.24,1
2025-12-30 13:53:00,1.24,1.24,1.24,1.24,2
2025-12-30 13:54:00,1.24,1.24,1.24,1.24,1
2025-12-30 13:55:00,1.24,1.24,1.24,1.24,2
2025-12-30 13:56:00,1.24,1.24,1.24,1.24,1
2025-12-30 13:57:00,1.24,1.24,1.24,1.24,1
2025-12-30 13:58:00,1.24,1.24,1.24,1.24,1
2025-12-30 13:59:00,1.24,1.24,1.24,1.24,2
2025-12-30 14:00:00,1.24,1.24,1.24,1.24,0
2025-12-30 14:01:00,1.24,1.24,1.24,1.24,1
2025-12-30 14:02:00,1.24,1.24,1.24,1.24,1
2025-12-30 14:03:00,1.24,1.24,1.24,1.24,1
2025-12-30 14:04:00,1.24,1.24,1.24,1.24,1
2025-12-30 14:05:00,1.24,1.24,1.24,1.24,1
2025-12-30 14:06:00,1.24,1.24,1.24,1.24,1
2025-12-30 14:07:00,1.24,1.24,1.24,1.24,1
2025-12-30 14:08:00,1.24,1.24,1.24,1.24,1
2025-12-30 14:09:00,1.24,1.24,1.24,1.24,1
2025-12-30 14:10:00,1.24,1.24,1.24,1.24,0
2025-12-30 14:11:00,1.24,1.24,1.24,1.24,1
2025-12-30 14:12:00,1.24,1.245,1.24,1.245,2
2025-12-30 14:13:00,1.2461,1.2461,1.2461,1.2461,3
2025-12-30 14:14:00,1.24,1.24,1.24,1.24,1
2025-12-30 14:15:00,1.24,1.24,1.24,1.24,1
2025-12-30 14:16:00,1.24,1.24,1.24,1.24,0
2025-12-30 14:17:00,1.24,1.24,1.24,1.24,1
2025-12-30 14:18:00,1.24,1.24,1.24,1.24,1
2025-12-30 14:19:00,1.25,1.25,1.24,1.24,4
2025-12-30 14:20:00,1.2401,1.2401,1.2401,1.2401,3
2025-12-30 14:21:00,1.24,1.245,1.24,1.24,19
2025-12-30 14:22:00,1.2401,1.2401,1.24,1.24,4
2025-12-30 14:23:00,1.24,1.24,1.24,1.24,1
2025-12-30 14:24:00,1.24,1.24,1.24,1.24,0
2025-12-30 14:25:00,1.24,1.24,1.24,1.24,1
2025-12-30 14:26:00,1.245,1.245,1.2412,1.2412,6
2025-12-30 14:27:00,1.24,1.24,1.24,1.24,1
2025-12-30 14:28:00,1.25,1.25,1.25,1.25,3
2025-12-30 14:29:00,1.24,1.24,1.24,1.24,3
2025-12-30 14:30:00,1.25,1.25,1.24,1.24,4
2025-12-30 14:31:00,1.24,1.24,1.24,1.24,3
2025-12-30 14:32:00,1.245,1.245,1.21,1.21,32
2025-12-30 14:33:00,1.21,1.21,1.21,1.21,0
2025-12-30 14:34:00,1.21,1.22,1.21,1.22,37
2025-12-30 14:35:00,1.22,1.22,1.22,1.22,0
2025-12-30 14:36:00,1.22,1.22,1.22,1.22,0
2025-12-30 14:37:00,1.22,1.22,1.22,1.22,0
2025-12-30 14:38:00,1.22,1.22,1.22,1.22,0
2025-12-30 14:39:00,1.22,1.22,1.22,1.22,0
2025-12-30 14:40:00,1.23,1.23,1.21,1.21,48
2025-12-30 14:41:00,1.22,1.22,1.22,1.22,1
2025-12-30 14:42:00,1.22,1.22,1.22,1.22,0
2025-12-30 14:43:00,1.22,1.22,1.22,1.22,3
2025-12-30 14:44:00,1.2524,1.2524,1.2235,1.2235,6
2025-12-30 14:45:00,1.22,1.2524,1.22,1.2524,5
2025-12-30 14:46:00,1.23,1.23,1.23,1.23,3
2025-12-30 14:47:00,1.23,1.23,1.23,1.23,0
2025-12-30 14:48:00,1.23,1.23,1.23,1.23,0
2025-12-30 14:49:00,1.23,1.23,1.23,1.23,0
2025-12-30 14:50:00,1.23,1.23,1.23,1.23,2
2025-12-30 14:51:00,1.23,1.23,1.23,1.23,0
2025-12-30 14:52:00,1.23,1.23,1.23,1.23,0
2025-12-30 14:53:00,1.23,1.23,1.23,1.23,0
2025-12-30 14:54:00,1.23,1.23,1.23,1.23,0
2025-12-30 14:55:00,1.23,1.23,1.23,1.23,0
2025-12-30 14:56:00,1.24,1.24,1.22,1.22,10
2025-12-30 14:57:00,1.22,1.22,1.22,1.22,0
2025-12-30 14:58:00,1.2201,1.2201,1.2201,1.2201,1
2025-12-30 14:59:00,1.2201,1.2201,1.2201,1.2201,0
2025-12-30 15:00:00,1.2201,1.2201,1.2201,1.2201,0
2025-12-30 15:01:00,1.2201,1.2201,1.2201,1.2201,0
2025-12-30 15:02:00,1.2204,1.2204,1.2204,1.2204,10
2025-12-30 15:03:00,1.2204,1.2204,1.2204,1.2204,0
2025-12-30 15:04:00,1.2204,1.2204,1.2204,1.2204,0
2025-12-30 15:05:00,1.2204,1.2204,1.2204,1.2204,0
2025-12-30 15:06:00,1.2204,1.2204,1.2204,1.2204,0
2025-12-30 15:07:00,1.2204,1.2204,1.2204,1.2204,0
2025-12-30 15:08:00,1.2204,1.2204,1.2204,1.2204,0
2025-12-30 15:09:00,1.22,1.22,1.22,1.22,1
2025-12-30 15:10:00,1.22,1.22,1.22,1.22,1
2025-12-30 15:11:00,1.22,1.22,1.22,1.22,0
2025-12-30 15:12:00,1.22,1.22,1.22,1.22,2
2025-12-30 15:13:00,1.22,1.22,1.22,1.22,0
2025-12-30 15:14:00,1.22,1.22,1.22,1.22,1
2025-12-30 15:15:00,1.22,1.22,1.22,1.22,2
2025-12-30 15:16:00,1.22,1.22,1.22,1.22,0
2025-12-30 15:17:00,1.22,1.225,1.1901,1.1901,43
2025-12-30 15:18:00,1.1901,1.1901,1.1901,1.1901,0
2025-12-30 15:19:00,1.1901,1.1901,1.1901,1.1901,0
2025-12-30 15:20:00,1.1901,1.1901,1.1901,1.1901,0
2025-12-30 15:21:00,1.225,1.225,1.225,1.225,1
2025-12-30 15:22:00,1.225,1.225,1.225,1.225,0
2025-12-30 15:23:00,1.225,1.225,1.225,1.225,0
2025-12-30 15:24:00,1.225,1.225,1.225,1.225,0
2025-12-30 15:25:00,1.225,1.225,1.225,1.225,0
2025-12-30 15:26:00,1.225,1.225,1.225,1.225,0
2025-12-30 15:27:00,1.225,1.225,1.225,1.225,0
2025-12-30 15:28:00,1.225,1.225,1.225,1.225,0
2025-12-30 15:29:00,1.225,1.225,1.225,1.225,0
2025-12-30 15:30:00,1.225,1.225,1.225,1.225,0
2025-12-30 15:31:00,1.225,1.225,1.225,1.225,0
2025-12-30 15:32:00,1.225,1.225,1.225,1.225,0
2025-12-30 15:33:00,1.225,1.225,1.225,1.225,0
2025-12-30 15:34:00,1.225,1.225,1.225,1.225,0
2025-12-30 15:35:00,1.225,1.225,1.225,1.225,0
2025-12-30 15:36:00,1.23,1.23,1.23,1.23,1
2025-12-30 15:37:00,1.22,1.22,1.22,1.22,1
2025-12-30 15:38:00,1.21,1.21,1.21,1.21,1
2025-12-30 15:39:00,1.21,1.21,1.21,1.21,1
2025-12-30 15:40:00,1.21,1.21,1.21,1.21,1
2025-12-30 15:41:00,1.21,1.21,1.21,1.21,3
2025-12-30 15:42:00,1.21,1.21,1.21,1.21,1
2025-12-30 15:43:00,1.21,1.21,1.21,1.21,2
2025-12-30 15:44:00,1.21,1.21,1.21,1.21,1
2025-12-30 15:45:00,1.21,1.21,1.21,1.21,5
2025-12-30 15:46:00,1.212,1.212,1.21,1.21,4
2025-12-30 15:47:00,1.21,1.21,1.21,1.21,3
2025-12-30 15:48:00,1.21,1.215,1.21,1.215,5
2025-12-30 15:49:00,1.2,1.2,1.2,1.2,4
2025-12-30 15:50:00,1.2,1.2,1.19,1.19,3
2025-12-30 15:51:00,1.2,1.2,1.19,1.19,13
2025-12-30 15:52:00,1.18,1.18,1.18,1.18,2
2025-12-30 15:53:00,1.19,1.2,1.18,1.18,6
2025-12-30 15:54:00,1.18,1.185,1.17,1.17,24
2025-12-30 15:55:00,1.17,1.17,1.17,1.17,2
2025-12-30 15:56:00,1.17,1.17,1.15,1.15,18
2025-12-30 15:57:00,1.1775,1.1775,1.15,1.17,20
2025-12-30 15:58:00,1.16,1.17,1.15,1.17,19
2025-12-30 15:59:00,1.1775,1.1775,1.15,1.15,21
2025-12-31 09:30:00,1.15,1.1995,1.15,1.1995,11
2025-12-31 09:31:00,1.1718,1.1718,1.1718,1.1718,18
2025-12-31 09:32:00,1.1718,1.1718,1.1718,1.1718,0
2025-12-31 09:33:00,1.1718,1.1718,1.1718,1.1718,0
2025-12-31 09:34:00,1.1718,1.1718,1.1718,1.1718,0
2025-12-31 09:35:00,1.1718,1.1718,1.1718,1.1718,0
2025-12-31 09:36:00,1.1718,1.1718,1.1718,1.1718,0
2025-12-31 09:37:00,1.1718,1.1718,1.1718,1.1718,0
2025-12-31 09:38:00,1.1701,1.1701,1.16,1.16,19
2025-12-31 09:39:00,1.16,1.16,1.16,1.16,0
2025-12-31 09:40:00,1.16,1.16,1.16,1.16,0
2025-12-31 09:41:00,1.17,1.185,1.17,1.185,8
2025-12-31 09:42:00,1.185,1.185,1.185,1.185,0
2025-12-31 09:43:00,1.185,1.185,1.185,1.185,0
2025-12-31 09:44:00,1.185,1.185,1.185,1.185,0
2025-12-31 09:45:00,1.185,1.185,1.185,1.185,0
2025-12-31 09:46:00,1.185,1.185,1.185,1.185,0
2025-12-31 09:47:00,1.185,1.185,1.185,1.185,0
2025-12-31 09:48:00,1.185,1.185,1.185,1.185,0
2025-12-31 09:49:00,1.185,1.185,1.185,1.185,0
2025-12-31 09:50:00,1.185,1.185,1.185,1.185,0
2025-12-31 09:51:00,1.185,1.185,1.185,1.185,0
2025-12-31 09:52:00,1.185,1.185,1.185,1.185,0
2025-12-31 09:53:00,1.18,1.18,1.18,1.18,1
2025-12-31 09:54:00,1.18,1.18,1.18,1.18,0
2025-12-31 09:55:00,1.19,1.19,1.19,1.19,1
2025-12-31 09:56:00,1.19,1.19,1.19,1.19,1
2025-12-31 09:57:00,1.19,1.19,1.19,1.19,0
2025-12-31 09:58:00,1.19,1.19,1.19,1.19,0
2025-12-31 09:59:00,1.19,1.19,1.19,1.19,0
2025-12-31 10:00:00,1.19,1.19,1.19,1.19,0
2025-12-31 10:01:00,1.191,1.191,1.191,1.191,2
2025-12-31 10:02:00,1.191,1.191,1.191,1.191,0
2025-12-31 10:03:00,1.19,1.2,1.19,1.2,59
2025-12-31 10:04:00,1.2022,1.2022,1.2022,1.2022,1
2025-12-31 10:05:00,1.2022,1.2022,1.2022,1.2022,0
2025-12-31 10:06:00,1.2022,1.2022,1.2022,1.2022,0
2025-12-31 10:07:00,1.2022,1.2022,1.2022,1.2022,0
2025-12-31 10:08:00,1.2022,1.2022,1.2022,1.2022,0
2025-12-31 10:09:00,1.2022,1.2022,1.2022,1.2022,0
2025-12-31 10:10:00,1.2022,1.2022,1.2022,1.2022,0
2025-12-31 10:11:00,1.2022,1.2022,1.2022,1.2022,0
2025-12-31 10:12:00,1.2022,1.2022,1.2022,1.2022,0
2025-12-31 10:13:00,1.2,1.2,1.2,1.2,5
2025-12-31 10:14:00,1.2,1.2,1.2,1.2,0
2025-12-31 10:15:00,1.2,1.2,1.2,1.2,0
2025-12-31 10:16:00,1.2,1.2,1.2,1.2,0
2025-12-31 10:17:00,1.2,1.2,1.2,1.2,0
2025-12-31 10:18:00,1.2,1.2,1.2,1.2,0
2025-12-31 10:19:00,1.1913,1.1913,1.1913,1.1913,3
2025-12-31 10:20:00,1.2067,1.2067,1.2067,1.2067,3
2025-12-31 10:21:00,1.2067,1.2067,1.2067,1.2067,0
2025-12-31 10:22:00,1.2067,1.2067,1.2067,1.2067,0
2025-12-31 10:23:00,1.2067,1.2067,1.2067,1.2067,0
2025-12-31 10:24:00,1.2067,1.2067,1.2067,1.2067,0
2025-12-31 10:25:00,1.2067,1.2067,1.2067,1.2067,0
2025-12-31 10:26:00,1.2067,1.2067,1.2067,1.2067,0
2025-12-31 10:27:00,1.2,1.2,1.2,1.2,20
2025-12-31 10:28:00,1.2,1.2,1.2,1.2,0
2025-12-31 10:29:00,1.2,1.2,1.2,1.2,0
2025-12-31 10:30:00,1.2,1.2,1.2,1.2,0
2025-12-31 10:31:00,1.1916,1.1916,1.1916,1.1916,2
2025-12-31 10:32:00,1.1916,1.1916,1.1916,1.1916,0
2025-12-31 10:33:00,1.1916,1.1916,1.1916,1.1916,0
2025-12-31 10:34:00,1.1916,1.1916,1.1916,1.1916,0
2025-12-31 10:35:00,1.1916,1.1916,1.1916,1.1916,0
2025-12-31 10:36:00,1.1916,1.1916,1.1916,1.1916,0
2025-12-31 10:37:00,1.1916,1.1916,1.1916,1.1916,0
2025-12-31 10:38:00,1.1916,1.1916,1.1916,1.1916,0
2025-12-31 10:39:00,1.1916,1.1916,1.1916,1.1916,0
2025-12-31 10:40:00,1.1916,1.1916,1.1916,1.1916,0
2025-12-31 10:41:00,1.1916,1.1916,1.1916,1.1916,0
2025-12-31 10:42:00,1.1916,1.1916,1.1916,1.1916,0
2025-12-31 10:43:00,1.1916,1.1916,1.1916,1.1916,0
2025-12-31 10:44:00,1.2091,1.2091,1.2091,1.2091,1
2025-12-31 10:45:00,1.2091,1.2091,1.2091,1.2091,0
2025-12-31 10:46:00,1.2091,1.2091,1.2091,1.2091,0
2025-12-31 10:47:00,1.2091,1.2091,1.2091,1.2091,0
2025-12-31 10:48:00,1.2091,1.2091,1.2091,1.2091,0
2025-12-31 10:49:00,1.2091,1.2091,1.2091,1.2091,0
2025-12-31 10:50:00,1.2091,1.2091,1.2091,1.2091,0
2025-12-31 10:51:00,1.2091,1.2091,1.2091,1.2091,0
2025-12-31 10:52:00,1.1944,1.1944,1.1944,1.1944,20
2025-12-31 10:53:00,1.1944,1.1944,1.1944,1.1944,0
2025-12-31 10:54:00,1.1944,1.1944,1.1944,1.1944,0
2025-12-31 10:55:00,1.1944,1.1944,1.1944,1.1944,0
2025-12-31 10:56:00,1.1944,1.1944,1.1944,1.1944,0
2025-12-31 10:57:00,1.1944,1.1944,1.1944,1.1944,0
2025-12-31 10:58:00,1.1944,1.1944,1.1944,1.1944,0
2025-12-31 10:59:00,1.1944,1.1944,1.1944,1.1944,0
2025-12-31 11:00:00,1.1944,1.1944,1.1944,1.1944,0
2025-12-31 11:01:00,1.1944,1.1944,1.1944,1.1944,0
2025-12-31 11:02:00,1.1944,1.1944,1.1944,1.1944,0
2025-12-31 11:03:00,1.1944,1.1944,1.1944,1.1944,0
2025-12-31 11:04:00,1.1944,1.1944,1.1944,1.1944,0
2025-12-31 11:05:00,1.1944,1.1944,1.1944,1.1944,0
2025-12-31 11:06:00,1.1944,1.1944,1.1944,1.1944,0
2025-12-31 11:07:00,1.1944,1.1944,1.1944,1.1944,0
2025-12-31 11:08:00,1.1944,1.1944,1.1944,1.1944,0
2025-12-31 11:09:00,1.1944,1.1944,1.1944,1.1944,0
2025-12-31 11:10:00,1.1944,1.1944,1.1944,1.1944,0
2025-12-31 11:11:00,1.1944,1.1944,1.1944,1.1944,0
2025-12-31 11:12:00,1.1944,1.1944,1.1944,1.1944,0
2025-12-31 11:13:00,1.1944,1.1944,1.1944,1.1944,0
2025-12-31 11:14:00,1.1944,1.1944,1.1944,1.1944,0
2025-12-31 11:15:00,1.1944,1.1944,1.1944,1.1944,0
2025-12-31 11:16:00,1.1944,1.1944,1.1944,1.1944,0
2025-12-31 11:17:00,1.1944,1.1944,1.1944,1.1944,0
2025-12-31 11:18:00,1.1944,1.1944,1.1944,1.1944,0
2025-12-31 11:19:00,1.1944,1.1944,1.1944,1.1944,0
2025-12-31 11:20:00,1.1944,1.1944,1.1944,1.1944,0
2025-12-31 11:21:00,1.1944,1.1944,1.1944,1.1944,0
2025-12-31 11:22:00,1.1944,1.1944,1.1944,1.1944,0
2025-12-31 11:23:00,1.2,1.2,1.2,1.2,1
2025-12-31 11:24:00,1.2,1.2,1.2,1.2,2
2025-12-31 11:25:00,1.2,1.2,1.2,1.2,0
2025-12-31 11:26:00,1.2,1.2,1.2,1.2,0
2025-12-31 11:27:00,1.2,1.2,1.2,1.2,0
2025-12-31 11:28:00,1.2,1.2,1.2,1.2,0
2025-12-31 11:29:00,1.2,1.2,1.2,1.2,0
2025-12-31 11:30:00,1.2,1.2,1.2,1.2,0
2025-12-31 11:31:00,1.2,1.2,1.2,1.2,0
2025-12-31 11:32:00,1.2,1.2,1.2,1.2,0
2025-12-31 11:33:00,1.2,1.2,1.2,1.2,0
2025-12-31 11:34:00,1.2,1.2,1.2,1.2,0
2025-12-31 11:35:00,1.2,1.2,1.2,1.2,0
2025-12-31 11:36:00,1.2,1.2,1.2,1.2,0
2025-12-31 11:37:00,1.2,1.2,1.2,1.2,0
2025-12-31 11:38:00,1.2,1.2,1.2,1.2,0
2025-12-31 11:39:00,1.2,1.2,1.2,1.2,0
2025-12-31 11:40:00,1.2,1.2,1.2,1.2,0
2025-12-31 11:41:00,1.2,1.2,1.2,1.2,0
2025-12-31 11:42:00,1.2,1.2,1.2,1.2,0
2025-12-31 11:43:00,1.2,1.2,1.2,1.2,0
2025-12-31 11:44:00,1.2,1.2,1.2,1.2,0
2025-12-31 11:45:00,1.2,1.2,1.2,1.2,0
2025-12-31 11:46:00,1.2,1.2,1.2,1.2,0
2025-12-31 11:47:00,1.2,1.2,1.2,1.2,0
2025-12-31 11:48:00,1.2,1.2,1.2,1.2,0
2025-12-31 11:49:00,1.2,1.2,1.2,1.2,0
2025-12-31 11:50:00,1.2,1.2,1.2,1.2,0
2025-12-31 11:51:00,1.2,1.2,1.2,1.2,0
2025-12-31 11:52:00,1.2,1.2,1.2,1.2,0
2025-12-31 11:53:00,1.1801,1.1801,1.1801,1.1801,2
2025-12-31 11:54:00,1.1801,1.1801,1.1801,1.1801,0
2025-12-31 11:55:00,1.1801,1.1801,1.1801,1.1801,0
2025-12-31 11:56:00,1.1801,1.1801,1.1801,1.1801,0
2025-12-31 11:57:00,1.1801,1.1801,1.1801,1.1801,0
2025-12-31 11:58:00,1.1801,1.1801,1.1801,1.1801,0
2025-12-31 11:59:00,1.1801,1.1801,1.1801,1.1801,0
2025-12-31 12:00:00,1.1801,1.1801,1.1801,1.1801,0
2025-12-31 12:01:00,1.1801,1.1801,1.1801,1.1801,0
2025-12-31 12:02:00,1.1801,1.1801,1.1801,1.1801,0
2025-12-31 12:03:00,1.1999,1.1999,1.19,1.19,50
2025-12-31 12:04:00,1.19,1.19,1.19,1.19,0
2025-12-31 12:05:00,1.19,1.19,1.19,1.19,0
2025-12-31 12:06:00,1.19,1.19,1.19,1.19,0
2025-12-31 12:07:00,1.19,1.19,1.19,1.19,0
2025-12-31 12:08:00,1.19,1.19,1.19,1.19,0
2025-12-31 12:09:00,1.19,1.19,1.19,1.19,0
2025-12-31 12:10:00,1.19,1.19,1.19,1.19,0
2025-12-31 12:11:00,1.19,1.19,1.19,1.19,0
2025-12-31 12:12:00,1.19,1.19,1.19,1.19,0
2025-12-31 12:13:00,1.19,1.19,1.19,1.19,0
2025-12-31 12:14:00,1.19,1.19,1.19,1.19,0
2025-12-31 12:15:00,1.19,1.19,1.19,1.19,0
2025-12-31 12:16:00,1.19,1.19,1.19,1.19,0
2025-12-31 12:17:00,1.19,1.19,1.19,1.19,0
2025-12-31 12:18:00,1.19,1.19,1.19,1.19,0
2025-12-31 12:19:00,1.19,1.19,1.19,1.19,25
2025-12-31 12:20:00,1.19,1.19,1.19,1.19,0
2025-12-31 12:21:00,1.19,1.19,1.19,1.19,0
2025-12-31 12:22:00,1.19,1.19,1.19,1.19,0
2025-12-31 12:23:00,1.19,1.19,1.19,1.19,0
2025-12-31 12:24:00,1.19,1.19,1.19,1.19,0
2025-12-31 12:25:00,1.19,1.19,1.19,1.19,0
2025-12-31 12:26:00,1.19,1.19,1.19,1.19,0
2025-12-31 12:27:00,1.19,1.19,1.19,1.19,0
2025-12-31 12:28:00,1.19,1.19,1.19,1.19,0
2025-12-31 12:29:00,1.19,1.19,1.19,1.19,0
2025-12-31 12:30:00,1.19,1.19,1.19,1.19,0
2025-12-31 12:31:00,1.19,1.19,1.19,1.19,0
2025-12-31 12:32:00,1.19,1.19,1.19,1.19,0
2025-12-31 12:33:00,1.19,1.19,1.19,1.19,0
2025-12-31 12:34:00,1.19,1.19,1.19,1.19,0
2025-12-31 12:35:00,1.19,1.19,1.19,1.19,0
2025-12-31 12:36:00,1.19,1.19,1.19,1.19,0
2025-12-31 12:37:00,1.19,1.19,1.19,1.19,0
2025-12-31 12:38:00,1.19,1.19,1.19,1.19,0
2025-12-31 12:39:00,1.1964,1.21,1.1964,1.21,33
2025-12-31 12:40:00,1.21,1.21,1.21,1.21,0
2025-12-31 12:41:00,1.21,1.21,1.21,1.21,0
2025-12-31 12:42:00,1.21,1.21,1.21,1.21,0
2025-12-31 12:43:00,1.21,1.21,1.21,1.21,0
2025-12-31 12:44:00,1.21,1.21,1.21,1.21,0
2025-12-31 12:45:00,1.21,1.21,1.21,1.21,0
2025-12-31 12:46:00,1.21,1.21,1.21,1.21,0
2025-12-31 12:47:00,1.21,1.21,1.21,1.21,0
2025-12-31 12:48:00,1.22,1.22,1.22,1.22,5
2025-12-31 12:49:00,1.22,1.22,1.22,1.22,0
2025-12-31 12:50:00,1.22,1.22,1.22,1.22,0
2025-12-31 12:51:00,1.22,1.22,1.22,1.22,0
2025-12-31 12:52:00,1.22,1.22,1.22,1.22,0
2025-12-31 12:53:00,1.22,1.22,1.22,1.22,0
2025-12-31 12:54:00,1.22,1.22,1.22,1.22,0
2025-12-31 12:55:00,1.22,1.22,1.22,1.22,0
2025-12-31 12:56:00,1.22,1.22,1.22,1.22,0
2025-12-31 12:57:00,1.22,1.22,1.22,1.22,0
2025-12-31 12:58:00,1.22,1.22,1.22,1.22,0
2025-12-31 12:59:00,1.22,1.22,1.22,1.22,0
2025-12-31 13:00:00,1.22,1.22,1.22,1.22,0
2025-12-31 13:01:00,1.22,1.22,1.22,1.22,0
2025-12-31 13:02:00,1.22,1.22,1.22,1.22,0
2025-12-31 13:03:00,1.22,1.22,1.22,1.22,0
2025-12-31 13:04:00,1.22,1.22,1.22,1.22,0
2025-12-31 13:05:00,1.22,1.22,1.22,1.22,0
2025-12-31 13:06:00,1.22,1.22,1.22,1.22,0
2025-12-31 13:07:00,1.22,1.22,1.22,1.22,0
2025-12-31 13:08:00,1.22,1.22,1.22,1.22,0
2025-12-31 13:09:00,1.22,1.22,1.22,1.22,0
2025-12-31 13:10:00,1.22,1.22,1.22,1.22,0
2025-12-31 13:11:00,1.22,1.22,1.22,1.22,0
2025-12-31 13:12:00,1.22,1.22,1.22,1.22,0
2025-12-31 13:13:00,1.22,1.22,1.22,1.22,0
2025-12-31 13:14:00,1.22,1.22,1.22,1.22,0
2025-12-31 13:15:00,1.22,1.22,1.22,1.22,0
2025-12-31 13:16:00,1.22,1.22,1.22,1.22,0
2025-12-31 13:17:00,1.22,1.22,1.22,1.22,0
2025-12-31 13:18:00,1.22,1.22,1.22,1.22,0
2025-12-31 13:19:00,1.22,1.22,1.22,1.22,0
2025-12-31 13:20:00,1.22,1.22,1.22,1.22,0
2025-12-31 13:21:00,1.22,1.22,1.22,1.22,0
2025-12-31 13:22:00,1.22,1.22,1.22,1.22,0
2025-12-31 13:23:00,1.22,1.22,1.22,1.22,0
2025-12-31 13:24:00,1.22,1.22,1.22,1.22,0
2025-12-31 13:25:00,1.22,1.22,1.22,1.22,0
2025-12-31 13:26:00,1.22,1.22,1.22,1.22,0
2025-12-31 13:27:00,1.22,1.22,1.22,1.22,0
2025-12-31 13:28:00,1.22,1.22,1.22,1.22,0
2025-12-31 13:29:00,1.22,1.22,1.22,1.22,0
2025-12-31 13:30:00,1.22,1.22,1.22,1.22,0
2025-12-31 13:31:00,1.22,1.22,1.22,1.22,0
2025-12-31 13:32:00,1.22,1.22,1.22,1.22,0
2025-12-31 13:33:00,1.22,1.22,1.22,1.22,0
2025-12-31 13:34:00,1.22,1.22,1.22,1.22,0
2025-12-31 13:35:00,1.22,1.22,1.22,1.22,0
2025-12-31 13:36:00,1.22,1.22,1.22,1.22,0
2025-12-31 13:37:00,1.22,1.22,1.22,1.22,0
2025-12-31 13:38:00,1.22,1.22,1.22,1.22,0
2025-12-31 13:39:00,1.22,1.22,1.22,1.22,0
2025-12-31 13:40:00,1.22,1.22,1.22,1.22,0
2025-12-31 13:41:00,1.22,1.22,1.22,1.22,0
2025-12-31 13:42:00,1.22,1.22,1.22,1.22,0
2025-12-31 13:43:00,1.22,1.22,1.22,1.22,0
2025-12-31 13:44:00,1.22,1.22,1.22,1.22,0
2025-12-31 13:45:00,1.22,1.22,1.22,1.22,0
2025-12-31 13:46:00,1.2136,1.2136,1.2136,1.2136,6
2025-12-31 13:47:00,1.2136,1.2136,1.2136,1.2136,0
2025-12-31 13:48:00,1.2136,1.2136,1.2136,1.2136,0
2025-12-31 13:49:00,1.2136,1.2136,1.2136,1.2136,0
2025-12-31 13:50:00,1.2136,1.2136,1.2136,1.2136,0
2025-12-31 13:51:00,1.2107,1.2107,1.2107,1.2107,35
2025-12-31 13:52:00,1.2107,1.2107,1.2107,1.2107,0
2025-12-31 13:53:00,1.2107,1.2107,1.2107,1.2107,0
2025-12-31 13:54:00,1.2107,1.2107,1.2107,1.2107,0
2025-12-31 13:55:00,1.2107,1.2107,1.2107,1.2107,0
2025-12-31 13:56:00,1.2107,1.2107,1.2107,1.2107,0
2025-12-31 13:57:00,1.2107,1.2107,1.2107,1.2107,0
2025-12-31 13:58:00,1.2107,1.2107,1.2107,1.2107,0
2025-12-31 13:59:00,1.2107,1.2107,1.2107,1.2107,0
2025-12-31 14:00:00,1.2107,1.2107,1.2107,1.2107,0
2025-12-31 14:01:00,1.2107,1.2107,1.2107,1.2107,0
2025-12-31 14:02:00,1.2107,1.2107,1.2107,1.2107,0
2025-12-31 14:03:00,1.2107,1.2107,1.2107,1.2107,0
2025-12-31 14:04:00,1.2107,1.2107,1.2107,1.2107,0
2025-12-31 14:05:00,1.2107,1.2107,1.2107,1.2107,0
2025-12-31 14:06:00,1.2107,1.2107,1.2107,1.2107,0
2025-12-31 14:07:00,1.2107,1.2107,1.2107,1.2107,0
2025-12-31 14:08:00,1.2107,1.2107,1.2107,1.2107,0
2025-12-31 14:09:00,1.2107,1.2107,1.2107,1.2107,0
2025-12-31 14:10:00,1.2107,1.2107,1.2107,1.2107,0
2025-12-31 14:11:00,1.2107,1.2107,1.2107,1.2107,0
2025-12-31 14:12:00,1.2107,1.2107,1.2107,1.2107,0
2025-12-31 14:13:00,1.2107,1.2107,1.2107,1.2107,0
2025-12-31 14:14:00,1.2107,1.2107,1.2107,1.2107,0
2025-12-31 14:15:00,1.2107,1.2107,1.2107,1.2107,0
2025-12-31 14:16:00,1.2107,1.2107,1.2107,1.2107,0
2025-12-31 14:17:00,1.2107,1.2107,1.2107,1.2107,0
2025-12-31 14:18:00,1.2107,1.2107,1.2107,1.2107,0
2025-12-31 14:19:00,1.2107,1.2107,1.2107,1.2107,0
2025-12-31 14:20:00,1.2107,1.2107,1.2107,1.2107,0
2025-12-31 14:21:00,1.2107,1.2107,1.2107,1.2107,0
2025-12-31 14:22:00,1.2107,1.2107,1.2107,1.2107,0
2025-12-31 14:23:00,1.2107,1.2107,1.2107,1.2107,0
2025-12-31 14:24:00,1.2107,1.2107,1.2107,1.2107,0
2025-12-31 14:25:00,1.2107,1.2107,1.2107,1.2107,0
2025-12-31 14:26:00,1.2107,1.2107,1.2107,1.2107,0
2025-12-31 14:27:00,1.2107,1.2107,1.2107,1.2107,0
2025-12-31 14:28:00,1.2107,1.2107,1.2107,1.2107,0
2025-12-31 14:29:00,1.2107,1.2107,1.2107,1.2107,0
2025-12-31 14:30:00,1.2107,1.2107,1.2107,1.2107,0
2025-12-31 14:31:00,1.2107,1.2107,1.2107,1.2107,0
2025-12-31 14:32:00,1.2107,1.2107,1.2107,1.2107,0
2025-12-31 14:33:00,1.2107,1.2107,1.2107,1.2107,0
2025-12-31 14:34:00,1.2107,1.2107,1.2107,1.2107,0
2025-12-31 14:35:00,1.19,1.19,1.19,1.19,3
2025-12-31 14:36:00,1.19,1.19,1.19,1.19,0
2025-12-31 14:37:00,1.19,1.19,1.19,1.19,0
2025-12-31 14:38:00,1.19,1.19,1.19,1.19,0
2025-12-31 14:39:00,1.19,1.19,1.19,1.19,0
2025-12-31 14:40:00,1.19,1.19,1.19,1.19,0
2025-12-31 14:41:00,1.19,1.19,1.19,1.19,0
2025-12-31 14:42:00,1.19,1.19,1.19,1.19,0
2025-12-31 14:43:00,1.19,1.19,1.19,1.19,0
2025-12-31 14:44:00,1.19,1.19,1.19,1.19,0
2025-12-31 14:45:00,1.19,1.19,1.19,1.19,0
2025-12-31 14:46:00,1.19,1.19,1.19,1.19,0
2025-12-31 14:47:00,1.19,1.19,1.19,1.19,0
2025-12-31 14:48:00,1.19,1.19,1.19,1.19,0
2025-12-31 14:49:00,1.19,1.19,1.19,1.19,0
2025-12-31 14:50:00,1.19,1.19,1.19,1.19,0
2025-12-31 14:51:00,1.19,1.19,1.19,1.19,0
2025-12-31 14:52:00,1.19,1.1901,1.19,1.1901,4
2025-12-31 14:53:00,1.1801,1.1801,1.1801,1.1801,78
2025-12-31 14:54:00,1.1801,1.1801,1.1801,1.1801,0
2025-12-31 14:55:00,1.1801,1.1801,1.1801,1.1801,0
2025-12-31 14:56:00,1.1801,1.1801,1.1801,1.1801,0
2025-12-31 14:57:00,1.1801,1.1801,1.1801,1.1801,0
2025-12-31 14:58:00,1.1801,1.1801,1.1801,1.1801,0
2025-12-31 14:59:00,1.1801,1.1801,1.1801,1.1801,0
2025-12-31 15:00:00,1.1801,1.1801,1.1801,1.1801,0
2025-12-31 15:01:00,1.1801,1.1801,1.1801,1.1801,0
2025-12-31 15:02:00,1.19,1.19,1.19,1.19,1
2025-12-31 15:03:00,1.19,1.19,1.19,1.19,0
2025-12-31 15:04:00,1.19,1.19,1.19,1.19,0
2025-12-31 15:05:00,1.19,1.19,1.19,1.19,0
2025-12-31 15:06:00,1.19,1.19,1.19,1.19,0
2025-12-31 15:07:00,1.19,1.19,1.19,1.19,0
2025-12-31 15:08:00,1.19,1.19,1.19,1.19,0
2025-12-31 15:09:00,1.19,1.19,1.19,1.19,0
2025-12-31 15:10:00,1.19,1.19,1.19,1.19,0
2025-12-31 15:11:00,1.19,1.19,1.19,1.19,0
2025-12-31 15:12:00,1.19,1.19,1.19,1.19,0
2025-12-31 15:13:00,1.19,1.19,1.19,1.19,0
2025-12-31 15:14:00,1.19,1.19,1.19,1.19,0
2025-12-31 15:15:00,1.19,1.19,1.19,1.19,0
2025-12-31 15:16:00,1.19,1.19,1.19,1.19,0
2025-12-31 15:17:00,1.19,1.19,1.19,1.19,0
2025-12-31 15:18:00,1.19,1.19,1.19,1.19,0
2025-12-31 15:19:00,1.19,1.19,1.19,1.19,0
2025-12-31 15:20:00,1.19,1.19,1.19,1.19,0
2025-12-31 15:21:00,1.19,1.19,1.19,1.19,0
2025-12-31 15:22:00,1.19,1.19,1.19,1.19,0
2025-12-31 15:23:00,1.19,1.19,1.19,1.19,0
2025-12-31 15:24:00,1.19,1.19,1.19,1.19,0
2025-12-31 15:25:00,1.19,1.19,1.19,1.19,0
2025-12-31 15:26:00,1.19,1.19,1.19,1.19,0
2025-12-31 15:27:00,1.19,1.19,1.19,1.19,0
2025-12-31 15:28:00,1.19,1.19,1.19,1.19,0
2025-12-31 15:29:00,1.195,1.195,1.195,1.195,10
2025-12-31 15:30:00,1.195,1.195,1.195,1.195,0
2025-12-31 15:31:00,1.195,1.195,1.195,1.195,0
2025-12-31 15:32:00,1.195,1.195,1.195,1.195,0
2025-12-31 15:33:00,1.195,1.195,1.195,1.195,0
2025-12-31 15:34:00,1.195,1.195,1.195,1.195,0
2025-12-31 15:35:00,1.195,1.195,1.195,1.195,0
2025-12-31 15:36:00,1.195,1.195,1.195,1.195,0
2025-12-31 15:37:00,1.195,1.195,1.195,1.195,0
2025-12-31 15:38:00,1.195,1.195,1.195,1.195,0
2025-12-31 15:39:00,1.195,1.195,1.195,1.195,0
2025-12-31 15:40:00,1.195,1.195,1.195,1.195,0
2025-12-31 15:41:00,1.195,1.195,1.195,1.195,0
2025-12-31 15:42:00,1.195,1.195,1.195,1.195,0
2025-12-31 15:43:00,1.195,1.195,1.195,1.195,0
2025-12-31 15:44:00,1.195,1.195,1.195,1.195,0
2025-12-31 15:45:00,1.195,1.195,1.195,1.195,0
2025-12-31 15:46:00,1.195,1.195,1.195,1.195,0
2025-12-31 15:47:00,1.1945,1.196,1.18,1.196,24
2025-12-31 15:48:00,1.196,1.196,1.196,1.196,0
2025-12-31 15:49:00,1.19,1.19,1.19,1.19,1
2025-12-31 15:50:00,1.19,1.19,1.19,1.19,0
2025-12-31 15:51:00,1.19,1.19,1.19,1.19,0
2025-12-31 15:52:00,1.19,1.19,1.19,1.19,0
2025-12-31 15:53:00,1.19,1.19,1.19,1.19,0
2025-12-31 15:54:00,1.19,1.19,1.19,1.19,0
2025-12-31 15:55:00,1.19,1.19,1.19,1.19,0
2025-12-31 15:56:00,1.19,1.19,1.19,1.19,0
2025-12-31 15:57:00,1.19,1.19,1.19,1.19,0
2025-12-31 15:58:00,1.19,1.19,1.19,1.19,0
2025-12-31 15:59:00,1.2,1.2,1.2,1.2,6
2026-01-02 09:30:00,1.33,1.33,1.33,1.33,6
2026-01-02 09:31:00,1.28,1.28,1.265,1.265,6
2026-01-02 09:32:00,1.265,1.265,1.265,1.265,0
2026-01-02 09:33:00,1.28,1.28,1.28,1.28,4
2026-01-02 09:34:00,1.28,1.28,1.28,1.28,0
2026-01-02 09:35:00,1.28,1.28,1.28,1.28,0
2026-01-02 09:36:00,1.28,1.28,1.28,1.28,0
2026-01-02 09:37:00,1.28,1.28,1.28,1.28,0
2026-01-02 09:38:00,1.28,1.28,1.28,1.28,0
2026-01-02 09:39:00,1.28,1.28,1.28,1.28,0
2026-01-02 09:40:00,1.26,1.26,1.26,1.26,6
2026-01-02 09:41:00,1.26,1.26,1.26,1.26,0
2026-01-02 09:42:00,1.26,1.26,1.26,1.26,0
2026-01-02 09:43:00,1.26,1.26,1.26,1.26,0
2026-01-02 09:44:00,1.26,1.26,1.26,1.26,0
2026-01-02 09:45:00,1.26,1.26,1.26,1.26,0
2026-01-02 09:46:00,1.26,1.26,1.26,1.26,0
2026-01-02 09:47:00,1.26,1.26,1.26,1.26,0
2026-01-02 09:48:00,1.26,1.26,1.26,1.26,0
2026-01-02 09:49:00,1.26,1.26,1.26,1.26,0
2026-01-02 09:50:00,1.255,1.255,1.255,1.255,1
2026-01-02 09:51:00,1.255,1.255,1.255,1.255,0
2026-01-02 09:52:00,1.255,1.255,1.255,1.255,0
2026-01-02 09:53:00,1.255,1.255,1.255,1.255,0
2026-01-02 09:54:00,1.255,1.255,1.255,1.255,0
2026-01-02 09:55:00,1.255,1.255,1.255,1.255,0
2026-01-02 09:56:00,1.255,1.255,1.255,1.255,0
2026-01-02 09:57:00,1.255,1.255,1.255,1.255,0
2026-01-02 09:58:00,1.26,1.26,1.26,1.26,1
2026-01-02 09:59:00,1.26,1.26,1.26,1.26,0
2026-01-02 10:00:00,1.26,1.26,1.26,1.26,0
2026-01-02 10:01:00,1.255,1.255,1.255,1.255,2
2026-01-02 10:02:00,1.255,1.255,1.255,1.255,0
2026-01-02 10:03:00,1.255,1.255,1.255,1.255,0
2026-01-02 10:04:00,1.255,1.255,1.255,1.255,0
2026-01-02 10:05:00,1.255,1.255,1.255,1.255,0
2026-01-02 10:06:00,1.255,1.255,1.255,1.255,0
2026-01-02 10:07:00,1.255,1.255,1.255,1.255,0
2026-01-02 10:08:00,1.255,1.255,1.255,1.255,0
2026-01-02 10:09:00,1.255,1.255,1.255,1.255,0
2026-01-02 10:10:00,1.255,1.255,1.255,1.255,0
2026-01-02 10:11:00,1.255,1.255,1.255,1.255,0
2026-01-02 10:12:00,1.255,1.255,1.255,1.255,0
2026-01-02 10:13:00,1.25,1.25,1.25,1.25,5
2026-01-02 10:14:00,1.25,1.25,1.25,1.25,0
2026-01-02 10:15:00,1.25,1.25,1.25,1.25,0
2026-01-02 10:16:00,1.25,1.25,1.25,1.25,0
2026-01-02 10:17:00,1.25,1.25,1.25,1.25,0
2026-01-02 10:18:00,1.25,1.25,1.25,1.25,0
2026-01-02 10:19:00,1.25,1.25,1.25,1.25,0
2026-01-02 10:20:00,1.25,1.25,1.25,1.25,0
2026-01-02 10:21:00,1.25,1.25,1.25,1.25,0
2026-01-02 10:22:00,1.25,1.25,1.25,1.25,0
2026-01-02 10:23:00,1.25,1.25,1.25,1.25,0
2026-01-02 10:24:00,1.25,1.25,1.25,1.25,0
2026-01-02 10:25:00,1.25,1.25,1.25,1.25,0
2026-01-02 10:26:00,1.25,1.25,1.25,1.25,0
2026-01-02 10:27:00,1.25,1.25,1.25,1.25,0
2026-01-02 10:28:00,1.25,1.25,1.25,1.25,0
2026-01-02 10:29:00,1.25,1.25,1.25,1.25,0
2026-01-02 10:30:00,1.25,1.25,1.25,1.25,0
2026-01-02 10:31:00,1.25,1.25,1.25,1.25,0
2026-01-02 10:32:00,1.25,1.25,1.25,1.25,0
2026-01-02 10:33:00,1.26,1.26,1.26,1.26,7
2026-01-02 10:34:00,1.26,1.26,1.26,1.26,0
2026-01-02 10:35:00,1.26,1.26,1.26,1.26,0
2026-01-02 10:36:00,1.26,1.26,1.26,1.26,0
2026-01-02 10:37:00,1.26,1.26,1.26,1.26,0
2026-01-02 10:38:00,1.26,1.26,1.26,1.26,0
2026-01-02 10:39:00,1.26,1.26,1.26,1.26,0
2026-01-02 10:40:00,1.26,1.26,1.26,1.26,0
2026-01-02 10:41:00,1.26,1.26,1.26,1.26,0
2026-01-02 10:42:00,1.26,1.26,1.26,1.26,0
2026-01-02 10:43:00,1.26,1.26,1.26,1.26,0
2026-01-02 10:44:00,1.26,1.26,1.26,1.26,0
2026-01-02 10:45:00,1.26,1.26,1.26,1.26,0
2026-01-02 10:46:00,1.26,1.26,1.26,1.26,0
2026-01-02 10:47:00,1.26,1.26,1.26,1.26,0
2026-01-02 10:48:00,1.26,1.26,1.26,1.26,0
2026-01-02 10:49:00,1.26,1.26,1.26,1.26,0
2026-01-02 10:50:00,1.26,1.26,1.26,1.26,0
2026-01-02 10:51:00,1.26,1.26,1.26,1.26,0
2026-01-02 10:52:00,1.26,1.26,1.26,1.26,0
2026-01-02 10:53:00,1.26,1.26,1.26,1.26,0
2026-01-02 10:54:00,1.26,1.26,1.26,1.26,0
2026-01-02 10:55:00,1.26,1.26,1.26,1.26,0
2026-01-02 10:56:00,1.26,1.26,1.26,1.26,0
2026-01-02 10:57:00,1.26,1.26,1.26,1.26,0
2026-01-02 10:58:00,1.26,1.26,1.26,1.26,0
2026-01-02 10:59:00,1.26,1.26,1.26,1.26,0
2026-01-02 11:00:00,1.26,1.26,1.26,1.26,0
2026-01-02 11:01:00,1.26,1.26,1.26,1.26,0
2026-01-02 11:02:00,1.26,1.26,1.26,1.26,0
2026-01-02 11:03:00,1.26,1.26,1.26,1.26,0
2026-01-02 11:04:00,1.26,1.26,1.26,1.26,0
2026-01-02 11:05:00,1.26,1.26,1.26,1.26,0
2026-01-02 11:06:00,1.26,1.26,1.26,1.26,0
2026-01-02 11:07:00,1.26,1.26,1.26,1.26,0
2026-01-02 11:08:00,1.26,1.26,1.26,1.26,0
2026-01-02 11:09:00,1.26,1.26,1.26,1.26,0
2026-01-02 11:10:00,1.26,1.26,1.26,1.26,0
2026-01-02 11:11:00,1.26,1.26,1.26,1.26,0
2026-01-02 11:12:00,1.26,1.26,1.26,1.26,0
2026-01-02 11:13:00,1.26,1.26,1.26,1.26,0
2026-01-02 11:14:00,1.26,1.26,1.26,1.26,0
2026-01-02 11:15:00,1.26,1.26,1.26,1.26,0
2026-01-02 11:16:00,1.26,1.26,1.26,1.26,0
2026-01-02 11:17:00,1.26,1.26,1.26,1.26,0
2026-01-02 11:18:00,1.26,1.26,1.26,1.26,0
2026-01-02 11:19:00,1.26,1.26,1.26,1.26,0
2026-01-02 11:20:00,1.26,1.26,1.26,1.26,0
2026-01-02 11:21:00,1.26,1.26,1.26,1.26,0
2026-01-02 11:22:00,1.26,1.26,1.26,1.26,0
2026-01-02 11:23:00,1.26,1.26,1.26,1.26,0
2026-01-02 11:24:00,1.26,1.26,1.26,1.26,0
2026-01-02 11:25:00,1.26,1.26,1.26,1.26,0
2026-01-02 11:26:00,1.26,1.26,1.26,1.26,0
2026-01-02 11:27:00,1.26,1.26,1.26,1.26,0
2026-01-02 11:28:00,1.26,1.26,1.26,1.26,0
2026-01-02 11:29:00,1.26,1.26,1.26,1.26,0
2026-01-02 11:30:00,1.276,1.276,1.276,1.276,3
2026-01-02 11:31:00,1.276,1.276,1.276,1.276,0
2026-01-02 11:32:00,1.276,1.276,1.276,1.276,0
2026-01-02 11:33:00,1.276,1.276,1.276,1.276,0
2026-01-02 11:34:00,1.276,1.276,1.276,1.276,0
2026-01-02 11:35:00,1.276,1.276,1.276,1.276,0
2026-01-02 11:36:00,1.276,1.276,1.276,1.276,0
2026-01-02 11:37:00,1.276,1.276,1.276,1.276,0
2026-01-02 11:38:00,1.276,1.276,1.276,1.276,0
2026-01-02 11:39:00,1.276,1.276,1.276,1.276,0
2026-01-02 11:40:00,1.276,1.276,1.276,1.276,0
2026-01-02 11:41:00,1.276,1.276,1.276,1.276,0
2026-01-02 11:42:00,1.276,1.276,1.276,1.276,0
2026-01-02 11:43:00,1.27,1.27,1.27,1.27,2
2026-01-02 11:44:00,1.27,1.27,1.27,1.27,0
2026-01-02 11:45:00,1.27,1.27,1.27,1.27,0
2026-01-02 11:46:00,1.27,1.27,1.27,1.27,0
2026-01-02 11:47:00,1.27,1.27,1.27,1.27,0
2026-01-02 11:48:00,1.27,1.27,1.27,1.27,0
2026-01-02 11:49:00,1.27,1.27,1.27,1.27,0
2026-01-02 11:50:00,1.27,1.27,1.27,1.27,0
2026-01-02 11:51:00,1.27,1.27,1.27,1.27,0
2026-01-02 11:52:00,1.27,1.27,1.27,1.27,0
2026-01-02 11:53:00,1.27,1.27,1.27,1.27,0
2026-01-02 11:54:00,1.27,1.27,1.27,1.27,0
2026-01-02 11:55:00,1.27,1.27,1.27,1.27,0
2026-01-02 11:56:00,1.27,1.27,1.27,1.27,0
2026-01-02 11:57:00,1.27,1.27,1.27,1.27,0
2026-01-02 11:58:00,1.27,1.27,1.27,1.27,0
2026-01-02 11:59:00,1.28,1.28,1.28,1.28,3
2026-01-02 12:00:00,1.28,1.28,1.28,1.28,0
2026-01-02 12:01:00,1.28,1.28,1.28,1.28,0
2026-01-02 12:02:00,1.28,1.28,1.28,1.28,0
2026-01-02 12:03:00,1.29,1.29,1.29,1.29,4
2026-01-02 12:04:00,1.29,1.29,1.29,1.29,0
2026-01-02 12:05:00,1.29,1.29,1.29,1.29,0
2026-01-02 12:06:00,1.29,1.29,1.29,1.29,0
2026-01-02 12:07:00,1.29,1.29,1.29,1.29,0
2026-01-02 12:08:00,1.29,1.29,1.29,1.29,0
2026-01-02 12:09:00,1.29,1.29,1.29,1.29,0
2026-01-02 12:10:00,1.29,1.29,1.29,1.29,0
2026-01-02 12:11:00,1.29,1.29,1.29,1.29,0
2026-01-02 12:12:00,1.29,1.29,1.29,1.29,0
2026-01-02 12:13:00,1.29,1.29,1.29,1.29,0
2026-01-02 12:14:00,1.29,1.29,1.29,1.29,0
2026-01-02 12:15:00,1.29,1.29,1.29,1.29,0
2026-01-02 12:16:00,1.29,1.29,1.29,1.29,0
2026-01-02 12:17:00,1.29,1.29,1.29,1.29,0
2026-01-02 12:18:00,1.29,1.29,1.29,1.29,0
2026-01-02 12:19:00,1.29,1.29,1.29,1.29,0
2026-01-02 12:20:00,1.29,1.29,1.29,1.29,0
2026-01-02 12:21:00,1.29,1.29,1.29,1.29,0
2026-01-02 12:22:00,1.29,1.29,1.29,1.29,0
2026-01-02 12:23:00,1.29,1.29,1.29,1.29,0
2026-01-02 12:24:00,1.29,1.29,1.29,1.29,0
2026-01-02 12:25:00,1.29,1.29,1.29,1.29,0
2026-01-02 12:26:00,1.299,1.299,1.299,1.299,2
2026-01-02 12:27:00,1.299,1.299,1.299,1.299,0
2026-01-02 12:28:00,1.31,1.31,1.31,1.31,9
2026-01-02 12:29:00,1.31,1.31,1.31,1.31,0
2026-01-02 12:30:00,1.31,1.31,1.31,1.31,0
2026-01-02 12:31:00,1.31,1.31,1.31,1.31,0
2026-01-02 12:32:00,1.31,1.31,1.31,1.31,0
2026-01-02 12:33:00,1.3,1.3,1.3,1.3,3
2026-01-02 12:34:00,1.3,1.32,1.3,1.31,6
2026-01-02 12:35:00,1.31,1.31,1.31,1.31,0
2026-01-02 12:36:00,1.3076,1.3097,1.3076,1.3097,2
2026-01-02 12:37:00,1.3097,1.3097,1.3097,1.3097,0
2026-01-02 12:38:00,1.318,1.318,1.318,1.318,10
2026-01-02 12:39:00,1.318,1.318,1.318,1.318,10
2026-01-02 12:40:00,1.318,1.318,1.318,1.318,0
2026-01-02 12:41:00,1.318,1.318,1.318,1.318,0
2026-01-02 12:42:00,1.318,1.318,1.318,1.318,0
2026-01-02 12:43:00,1.318,1.318,1.318,1.318,0
2026-01-02 12:44:00,1.318,1.318,1.318,1.318,0
2026-01-02 12:45:00,1.318,1.318,1.318,1.318,0
2026-01-02 12:46:00,1.318,1.318,1.318,1.318,0
2026-01-02 12:47:00,1.318,1.318,1.318,1.318,0
2026-01-02 12:48:00,1.318,1.318,1.318,1.318,0
2026-01-02 12:49:00,1.318,1.318,1.318,1.318,0
2026-01-02 12:50:00,1.318,1.318,1.318,1.318,0
2026-01-02 12:51:00,1.318,1.318,1.318,1.318,0
2026-01-02 12:52:00,1.318,1.318,1.318,1.318,0
2026-01-02 12:53:00,1.318,1.318,1.318,1.318,0
2026-01-02 12:54:00,1.318,1.318,1.318,1.318,0
2026-01-02 12:55:00,1.318,1.318,1.318,1.318,0
2026-01-02 12:56:00,1.318,1.318,1.318,1.318,0
2026-01-02 12:57:00,1.318,1.318,1.318,1.318,0
2026-01-02 12:58:00,1.318,1.318,1.318,1.318,0
2026-01-02 12:59:00,1.318,1.318,1.318,1.318,0
2026-01-02 13:00:00,1.318,1.318,1.318,1.318,0
2026-01-02 13:01:00,1.318,1.318,1.318,1.318,0
2026-01-02 13:02:00,1.318,1.318,1.318,1.318,0
2026-01-02 13:03:00,1.318,1.318,1.318,1.318,0
2026-01-02 13:04:00,1.318,1.318,1.318,1.318,0
2026-01-02 13:05:00,1.318,1.318,1.318,1.318,0
2026-01-02 13:06:00,1.318,1.318,1.318,1.318,0
2026-01-02 13:07:00,1.318,1.318,1.318,1.318,0
2026-01-02 13:08:00,1.318,1.318,1.318,1.318,0
2026-01-02 13:09:00,1.318,1.318,1.318,1.318,0
2026-01-02 13:10:00,1.318,1.318,1.318,1.318,0
2026-01-02 13:11:00,1.318,1.318,1.318,1.318,0
2026-01-02 13:12:00,1.318,1.318,1.318,1.318,0
2026-01-02 13:13:00,1.318,1.318,1.318,1.318,0
2026-01-02 13:14:00,1.318,1.318,1.318,1.318,0
2026-01-02 13:15:00,1.318,1.318,1.318,1.318,0
2026-01-02 13:16:00,1.318,1.318,1.318,1.318,0
2026-01-02 13:17:00,1.318,1.318,1.318,1.318,0
2026-01-02 13:18:00,1.318,1.318,1.318,1.318,0
2026-01-02 13:19:00,1.318,1.318,1.318,1.318,0
2026-01-02 13:20:00,1.318,1.318,1.318,1.318,0
2026-01-02 13:21:00,1.318,1.318,1.318,1.318,0
2026-01-02 13:22:00,1.318,1.318,1.318,1.318,0
2026-01-02 13:23:00,1.318,1.318,1.318,1.318,0
2026-01-02 13:24:00,1.318,1.318,1.318,1.318,0
2026-01-02 13:25:00,1.318,1.318,1.318,1.318,0
2026-01-02 13:26:00,1.318,1.318,1.318,1.318,0
2026-01-02 13:27:00,1.318,1.318,1.318,1.318,0
2026-01-02 13:28:00,1.318,1.318,1.318,1.318,0
2026-01-02 13:29:00,1.318,1.318,1.318,1.318,0
2026-01-02 13:30:00,1.318,1.318,1.318,1.318,0
2026-01-02 13:31:00,1.318,1.318,1.318,1.318,0
2026-01-02 13:32:00,1.318,1.318,1.318,1.318,0
2026-01-02 13:33:00,1.318,1.318,1.318,1.318,0
2026-01-02 13:34:00,1.318,1.318,1.318,1.318,0
2026-01-02 13:35:00,1.318,1.318,1.318,1.318,0
2026-01-02 13:36:00,1.318,1.318,1.318,1.318,0
2026-01-02 13:37:00,1.318,1.318,1.318,1.318,0
2026-01-02 13:38:00,1.318,1.318,1.318,1.318,0
2026-01-02 13:39:00,1.318,1.318,1.318,1.318,0
2026-01-02 13:40:00,1.318,1.318,1.318,1.318,0
2026-01-02 13:41:00,1.318,1.318,1.318,1.318,0
2026-01-02 13:42:00,1.318,1.318,1.318,1.318,0
2026-01-02 13:43:00,1.318,1.318,1.318,1.318,0
2026-01-02 13:44:00,1.318,1.318,1.318,1.318,0
2026-01-02 13:45:00,1.318,1.318,1.318,1.318,0
2026-01-02 13:46:00,1.318,1.318,1.318,1.318,0
2026-01-02 13:47:00,1.318,1.318,1.318,1.318,0
2026-01-02 13:48:00,1.318,1.318,1.318,1.318,0
2026-01-02 13:49:00,1.318,1.318,1.318,1.318,0
2026-01-02 13:50:00,1.318,1.318,1.318,1.318,0
2026-01-02 13:51:00,1.318,1.318,1.318,1.318,0
2026-01-02 13:52:00,1.318,1.318,1.318,1.318,0
2026-01-02 13:53:00,1.318,1.318,1.318,1.318,0
2026-01-02 13:54:00,1.318,1.318,1.318,1.318,0
2026-01-02 13:55:00,1.318,1.318,1.318,1.318,0
2026-01-02 13:56:00,1.318,1.318,1.318,1.318,0
2026-01-02 13:57:00,1.318,1.318,1.318,1.318,0
2026-01-02 13:58:00,1.318,1.318,1.318,1.318,0
2026-01-02 13:59:00,1.318,1.318,1.318,1.318,0
2026-01-02 14:00:00,1.318,1.318,1.318,1.318,0
2026-01-02 14:01:00,1.318,1.318,1.318,1.318,0
2026-01-02 14:02:00,1.318,1.318,1.318,1.318,0
2026-01-02 14:03:00,1.318,1.318,1.318,1.318,0
2026-01-02 14:04:00,1.318,1.318,1.318,1.318,0
2026-01-02 14:05:00,1.318,1.318,1.318,1.318,0
2026-01-02 14:06:00,1.318,1.318,1.318,1.318,0
2026-01-02 14:07:00,1.318,1.318,1.318,1.318,0
2026-01-02 14:08:00,1.318,1.318,1.318,1.318,0
2026-01-02 14:09:00,1.318,1.318,1.318,1.318,0
2026-01-02 14:10:00,1.318,1.318,1.318,1.318,0
2026-01-02 14:11:00,1.318,1.318,1.318,1.318,0
2026-01-02 14:12:00,1.318,1.318,1.318,1.318,0
2026-01-02 14:13:00,1.318,1.318,1.318,1.318,0
2026-01-02 14:14:00,1.318,1.318,1.318,1.318,0
2026-01-02 14:15:00,1.318,1.318,1.318,1.318,0
2026-01-02 14:16:00,1.318,1.318,1.318,1.318,0
2026-01-02 14:17:00,1.318,1.318,1.318,1.318,0
2026-01-02 14:18:00,1.318,1.318,1.318,1.318,0
2026-01-02 14:19:00,1.318,1.318,1.318,1.318,0
2026-01-02 14:20:00,1.29,1.29,1.29,1.29,14
2026-01-02 14:21:00,1.29,1.29,1.29,1.29,0
2026-01-02 14:22:00,1.29,1.29,1.29,1.29,0
2026-01-02 14:23:00,1.29,1.29,1.29,1.29,0
2026-01-02 14:24:00,1.29,1.29,1.29,1.29,0
2026-01-02 14:25:00,1.29,1.29,1.29,1.29,0
2026-01-02 14:26:00,1.29,1.29,1.29,1.29,0
2026-01-02 14:27:00,1.29,1.29,1.29,1.29,0
2026-01-02 14:28:00,1.29,1.29,1.29,1.29,0
2026-01-02 14:29:00,1.29,1.29,1.29,1.29,0
2026-01-02 14:30:00,1.29,1.29,1.29,1.29,0
2026-01-02 14:31:00,1.29,1.29,1.29,1.29,0
2026-01-02 14:32:00,1.29,1.29,1.29,1.29,0
2026-01-02 14:33:00,1.29,1.29,1.29,1.29,0
2026-01-02 14:34:00,1.29,1.29,1.29,1.29,0
2026-01-02 14:35:00,1.29,1.29,1.29,1.29,0
2026-01-02 14:36:00,1.29,1.29,1.29,1.29,0
2026-01-02 14:37:00,1.29,1.29,1.29,1.29,0
2026-01-02 14:38:00,1.29,1.29,1.29,1.29,0
2026-01-02 14:39:00,1.29,1.29,1.29,1.29,0
2026-01-02 14:40:00,1.29,1.29,1.29,1.29,0
2026-01-02 14:41:00,1.29,1.29,1.29,1.29,0
2026-01-02 14:42:00,1.29,1.29,1.29,1.29,0
2026-01-02 14:43:00,1.29,1.29,1.29,1.29,0
2026-01-02 14:44:00,1.29,1.29,1.29,1.29,0
2026-01-02 14:45:00,1.29,1.29,1.29,1.29,0
2026-01-02 14:46:00,1.29,1.29,1.29,1.29,0
2026-01-02 14:47:00,1.29,1.29,1.29,1.29,0
2026-01-02 14:48:00,1.29,1.29,1.29,1.29,0
2026-01-02 14:49:00,1.29,1.29,1.29,1.29,0
2026-01-02 14:50:00,1.29,1.29,1.29,1.29,0
2026-01-02 14:51:00,1.29,1.29,1.29,1.29,0
2026-01-02 14:52:00,1.29,1.29,1.29,1.29,0
2026-01-02 14:53:00,1.29,1.29,1.29,1.29,0
2026-01-02 14:54:00,1.29,1.29,1.29,1.29,0
2026-01-02 14:55:00,1.292,1.292,1.292,1.292,3
2026-01-02 14:56:00,1.292,1.292,1.292,1.292,0
2026-01-02 14:57:00,1.292,1.292,1.292,1.292,0
2026-01-02 14:58:00,1.292,1.292,1.292,1.292,0
2026-01-02 14:59:00,1.292,1.292,1.292,1.292,0
2026-01-02 15:00:00,1.292,1.292,1.292,1.292,0
2026-01-02 15:01:00,1.292,1.292,1.292,1.292,0
2026-01-02 15:02:00,1.292,1.292,1.292,1.292,0
2026-01-02 15:03:00,1.292,1.292,1.292,1.292,0
2026-01-02 15:04:00,1.292,1.292,1.292,1.292,0
2026-01-02 15:05:00,1.292,1.292,1.292,1.292,0
2026-01-02 15:06:00,1.292,1.292,1.292,1.292,0
2026-01-02 15:07:00,1.292,1.292,1.292,1.292,0
2026-01-02 15:08:00,1.292,1.292,1.292,1.292,0
2026-01-02 15:09:00,1.292,1.292,1.292,1.292,0
2026-01-02 15:10:00,1.292,1.292,1.292,1.292,0
2026-01-02 15:11:00,1.292,1.292,1.292,1.292,0
2026-01-02 15:12:00,1.292,1.292,1.292,1.292,0
2026-01-02 15:13:00,1.292,1.292,1.292,1.292,0
2026-01-02 15:14:00,1.292,1.292,1.292,1.292,0
2026-01-02 15:15:00,1.292,1.292,1.292,1.292,0
2026-01-02 15:16:00,1.292,1.292,1.292,1.292,0
2026-01-02 15:17:00,1.292,1.292,1.292,1.292,0
2026-01-02 15:18:00,1.292,1.292,1.292,1.292,0
2026-01-02 15:19:00,1.292,1.292,1.292,1.292,0
2026-01-02 15:20:00,1.27,1.27,1.27,1.27,3
2026-01-02 15:21:00,1.27,1.27,1.27,1.27,0
2026-01-02 15:22:00,1.27,1.27,1.27,1.27,1
2026-01-02 15:23:00,1.27,1.27,1.27,1.27,0
2026-01-02 15:24:00,1.27,1.27,1.27,1.27,0
2026-01-02 15:25:00,1.276,1.28,1.276,1.28,11
2026-01-02 15:26:00,1.28,1.28,1.28,1.28,0
2026-01-02 15:27:00,1.28,1.28,1.28,1.28,0
2026-01-02 15:28:00,1.28,1.28,1.28,1.28,0
2026-01-02 15:29:00,1.28,1.28,1.28,1.28,0
2026-01-02 15:30:00,1.28,1.28,1.28,1.28,0
2026-01-02 15:31:00,1.28,1.28,1.28,1.28,0
2026-01-02 15:32:00,1.28,1.28,1.28,1.28,0
2026-01-02 15:33:00,1.28,1.28,1.28,1.28,0
2026-01-02 15:34:00,1.28,1.28,1.28,1.28,0
2026-01-02 15:35:00,1.28,1.28,1.28,1.28,0
2026-01-02 15:36:00,1.28,1.28,1.28,1.28,0
2026-01-02 15:37:00,1.28,1.28,1.28,1.28,0
2026-01-02 15:38:00,1.28,1.28,1.28,1.28,0
2026-01-02 15:39:00,1.28,1.28,1.28,1.28,0
2026-01-02 15:40:00,1.28,1.28,1.28,1.28,0
2026-01-02 15:41:00,1.29,1.29,1.29,1.29,1
2026-01-02 15:42:00,1.29,1.29,1.29,1.29,0
2026-01-02 15:43:00,1.29,1.29,1.29,1.29,0
2026-01-02 15:44:00,1.29,1.29,1.29,1.29,0
2026-01-02 15:45:00,1.29,1.29,1.29,1.29,0
2026-01-02 15:46:00,1.29,1.29,1.29,1.29,0
2026-01-02 15:47:00,1.29,1.29,1.29,1.29,0
2026-01-02 15:48:00,1.29,1.29,1.29,1.29,0
2026-01-02 15:49:00,1.29,1.29,1.29,1.29,0
2026-01-02 15:50:00,1.29,1.29,1.29,1.29,1
2026-01-02 15:51:00,1.29,1.29,1.29,1.29,0
2026-01-02 15:52:00,1.29,1.29,1.29,1.29,0
2026-01-02 15:53:00,1.29,1.29,1.29,1.29,0
2026-01-02 15:54:00,1.29,1.29,1.29,1.29,0
2026-01-02 15:55:00,1.29,1.29,1.29,1.29,0
2026-01-02 15:56:00,1.29,1.29,1.29,1.29,0
2026-01-02 15:57:00,1.27,1.27,1.27,1.27,1
2026-01-02 15:58:00,1.27,1.27,1.27,1.27,0
2026-01-02 15:59:00,1.29,1.29,1.29,1.29,2
2026-01-05 09:30:00,1.32,1.32,1.2801,1.2805,24
2026-01-05 09:31:00,1.2805,1.2805,1.2805,1.2805,0
2026-01-05 09:32:00,1.2805,1.2805,1.2805,1.2805,0
2026-01-05 09:33:00,1.2805,1.2805,1.2805,1.2805,0
2026-01-05 09:34:00,1.2805,1.2805,1.2805,1.2805,0
2026-01-05 09:35:00,1.2805,1.2805,1.2805,1.2805,0
2026-01-05 09:36:00,1.28,1.28,1.28,1.28,1
2026-01-05 09:37:00,1.28,1.28,1.28,1.28,0
2026-01-05 09:38:00,1.28,1.28,1.28,1.28,0
2026-01-05 09:39:00,1.28,1.28,1.28,1.28,0
2026-01-05 09:40:00,1.28,1.28,1.28,1.28,1
2026-01-05 09:41:00,1.28,1.28,1.28,1.28,0
2026-01-05 09:42:00,1.28,1.28,1.28,1.28,0
2026-01-05 09:43:00,1.28,1.28,1.28,1.28,0
2026-01-05 09:44:00,1.28,1.28,1.28,1.28,0
2026-01-05 09:45:00,1.28,1.28,1.28,1.28,0
2026-01-05 09:46:00,1.28,1.28,1.28,1.28,0
2026-01-05 09:47:00,1.2832,1.285,1.2832,1.285,20
2026-01-05 09:48:00,1.285,1.285,1.285,1.285,0
2026-01-05 09:49:00,1.285,1.285,1.285,1.285,0
2026-01-05 09:50:00,1.285,1.285,1.285,1.285,0
2026-01-05 09:51:00,1.285,1.285,1.285,1.285,0
2026-01-05 09:52:00,1.285,1.285,1.285,1.285,0
2026-01-05 09:53:00,1.285,1.285,1.285,1.285,0
2026-01-05 09:54:00,1.285,1.285,1.285,1.285,0
2026-01-05 09:55:00,1.285,1.285,1.285,1.285,0
2026-01-05 09:56:00,1.2816,1.285,1.281,1.281,58
2026-01-05 09:57:00,1.281,1.281,1.281,1.281,0
2026-01-05 09:58:00,1.28,1.29,1.28,1.29,5
2026-01-05 09:59:00,1.28,1.28,1.28,1.28,1
2026-01-05 10:00:00,1.28,1.28,1.28,1.28,1
2026-01-05 10:01:00,1.28,1.28,1.28,1.28,0
2026-01-05 10:02:00,1.28,1.28,1.28,1.28,0
2026-01-05 10:03:00,1.28,1.28,1.28,1.28,1
2026-01-05 10:04:00,1.28,1.28,1.28,1.28,0
2026-01-05 10:05:00,1.28,1.28,1.28,1.28,0
2026-01-05 10:06:00,1.28,1.28,1.28,1.28,0
2026-01-05 10:07:00,1.28,1.28,1.28,1.28,0
2026-01-05 10:08:00,1.28,1.28,1.28,1.28,0
2026-01-05 10:09:00,1.28,1.28,1.28,1.28,0
2026-01-05 10:10:00,1.285,1.285,1.285,1.285,1
2026-01-05 10:11:00,1.285,1.285,1.285,1.285,0
2026-01-05 10:12:00,1.285,1.285,1.285,1.285,1
2026-01-05 10:13:00,1.285,1.285,1.285,1.285,0
2026-01-05 10:14:00,1.285,1.285,1.285,1.285,1
2026-01-05 10:15:00,1.285,1.285,1.285,1.285,0
2026-01-05 10:16:00,1.28,1.29,1.28,1.29,3
2026-01-05 10:17:00,1.29,1.29,1.29,1.29,0
2026-01-05 10:18:00,1.29,1.29,1.29,1.29,0
2026-01-05 10:19:00,1.29,1.29,1.29,1.29,0
2026-01-05 10:20:00,1.29,1.29,1.29,1.29,0
2026-01-05 10:21:00,1.29,1.29,1.29,1.29,0
2026-01-05 10:22:00,1.29,1.29,1.29,1.29,0
2026-01-05 10:23:00,1.29,1.29,1.29,1.29,0
2026-01-05 10:24:00,1.29,1.29,1.29,1.29,0
2026-01-05 10:25:00,1.29,1.29,1.29,1.29,0
2026-01-05 10:26:00,1.29,1.29,1.29,1.29,0
2026-01-05 10:27:00,1.29,1.29,1.29,1.29,0
2026-01-05 10:28:00,1.29,1.29,1.29,1.29,0
2026-01-05 10:29:00,1.28,1.28,1.28,1.28,1
2026-01-05 10:30:00,1.28,1.28,1.28,1.28,2
2026-01-05 10:31:00,1.28,1.28,1.28,1.28,0
2026-01-05 10:32:00,1.28,1.28,1.28,1.28,0
2026-01-05 10:33:00,1.28,1.28,1.28,1.28,0
2026-01-05 10:34:00,1.28,1.28,1.28,1.28,0
2026-01-05 10:35:00,1.28,1.28,1.28,1.28,0
2026-01-05 10:36:00,1.28,1.28,1.28,1.28,0
2026-01-05 10:37:00,1.28,1.28,1.28,1.28,0
2026-01-05 10:38:00,1.28,1.28,1.28,1.28,0
2026-01-05 10:39:00,1.28,1.28,1.28,1.28,0
2026-01-05 10:40:00,1.28,1.28,1.28,1.28,0
2026-01-05 10:41:00,1.28,1.28,1.28,1.28,0
2026-01-05 10:42:00,1.28,1.28,1.28,1.28,0
2026-01-05 10:43:00,1.28,1.28,1.28,1.28,0
2026-01-05 10:44:00,1.3176,1.3176,1.3176,1.3176,2
2026-01-05 10:45:00,1.3176,1.3176,1.3176,1.3176,0
2026-01-05 10:46:00,1.3176,1.3176,1.3176,1.3176,0
2026-01-05 10:47:00,1.3176,1.3176,1.3176,1.3176,0
2026-01-05 10:48:00,1.3176,1.3176,1.3176,1.3176,0
2026-01-05 10:49:00,1.3176,1.3176,1.3176,1.3176,0
2026-01-05 10:50:00,1.3176,1.3176,1.3176,1.3176,0
2026-01-05 10:51:00,1.3176,1.3176,1.3176,1.3176,0
2026-01-05 10:52:00,1.3176,1.3176,1.3176,1.3176,0
2026-01-05 10:53:00,1.3176,1.3176,1.3176,1.3176,0
2026-01-05 10:54:00,1.3176,1.3176,1.3176,1.3176,0
2026-01-05 10:55:00,1.3176,1.3176,1.3176,1.3176,0
2026-01-05 10:56:00,1.3176,1.3176,1.3176,1.3176,0
2026-01-05 10:57:00,1.3176,1.3176,1.3176,1.3176,0
2026-01-05 10:58:00,1.3176,1.3176,1.3176,1.3176,0
2026-01-05 10:59:00,1.3176,1.3176,1.3176,1.3176,0
2026-01-05 11:00:00,1.3176,1.3176,1.3176,1.3176,0
2026-01-05 11:01:00,1.3176,1.3176,1.3176,1.3176,0
2026-01-05 11:02:00,1.3176,1.3176,1.3176,1.3176,0
2026-01-05 11:03:00,1.3176,1.3176,1.3176,1.3176,0
2026-01-05 11:04:00,1.3176,1.3176,1.3176,1.3176,0
2026-01-05 11:05:00,1.3176,1.3176,1.3176,1.3176,0
2026-01-05 11:06:00,1.3176,1.3176,1.3176,1.3176,0
2026-01-05 11:07:00,1.3176,1.3176,1.3176,1.3176,0
2026-01-05 11:08:00,1.3176,1.3176,1.3176,1.3176,0
2026-01-05 11:09:00,1.3176,1.3176,1.3176,1.3176,0
2026-01-05 11:10:00,1.3176,1.3176,1.3176,1.3176,0
2026-01-05 11:11:00,1.3176,1.3176,1.3176,1.3176,0
2026-01-05 11:12:00,1.3176,1.3176,1.3176,1.3176,0
2026-01-05 11:13:00,1.3176,1.3176,1.3176,1.3176,0
2026-01-05 11:14:00,1.3176,1.3176,1.3176,1.3176,0
2026-01-05 11:15:00,1.3176,1.3176,1.3176,1.3176,0
2026-01-05 11:16:00,1.3176,1.3176,1.3176,1.3176,0
2026-01-05 11:17:00,1.3176,1.3176,1.3176,1.3176,0
2026-01-05 11:18:00,1.3176,1.3176,1.3176,1.3176,0
2026-01-05 11:19:00,1.3176,1.3176,1.3176,1.3176,0
2026-01-05 11:20:00,1.3176,1.3176,1.3176,1.3176,0
2026-01-05 11:21:00,1.3176,1.3176,1.3176,1.3176,0
2026-01-05 11:22:00,1.3176,1.3176,1.3176,1.3176,0
2026-01-05 11:23:00,1.3176,1.3176,1.3176,1.3176,0
2026-01-05 11:24:00,1.3176,1.3176,1.3176,1.3176,0
2026-01-05 11:25:00,1.3176,1.3176,1.3176,1.3176,0
2026-01-05 11:26:00,1.3176,1.3176,1.3176,1.3176,0
2026-01-05 11:27:00,1.2858,1.2858,1.2858,1.2858,3
2026-01-05 11:28:00,1.2858,1.2858,1.2858,1.2858,0
2026-01-05 11:29:00,1.2858,1.2858,1.2858,1.2858,0
2026-01-05 11:30:00,1.2858,1.2858,1.2858,1.2858,0
2026-01-05 11:31:00,1.2858,1.2858,1.2858,1.2858,0
2026-01-05 11:32:00,1.2858,1.2858,1.2858,1.2858,0
2026-01-05 11:33:00,1.2858,1.2858,1.2858,1.2858,0
2026-01-05 11:34:00,1.2858,1.2858,1.2858,1.2858,0
2026-01-05 11:35:00,1.2858,1.2858,1.2858,1.2858,0
2026-01-05 11:36:00,1.2858,1.2858,1.2858,1.2858,0
2026-01-05 11:37:00,1.2858,1.2858,1.2858,1.2858,0
2026-01-05 11:38:00,1.2858,1.2858,1.2858,1.2858,0
2026-01-05 11:39:00,1.2858,1.2858,1.2858,1.2858,0
2026-01-05 11:40:00,1.2858,1.2858,1.2858,1.2858,0
2026-01-05 11:41:00,1.2858,1.2858,1.2858,1.2858,0
2026-01-05 11:42:00,1.2921,1.2921,1.2921,1.2921,1
2026-01-05 11:43:00,1.2921,1.2921,1.2921,1.2921,0
2026-01-05 11:44:00,1.2921,1.2921,1.2921,1.2921,0
2026-01-05 11:45:00,1.295,1.2999,1.285,1.285,22
2026-01-05 11:46:00,1.2884,1.2884,1.2884,1.2884,10
2026-01-05 11:47:00,1.2884,1.2884,1.2884,1.2884,0
2026-01-05 11:48:00,1.2884,1.2884,1.2884,1.2884,0
2026-01-05 11:49:00,1.2884,1.2884,1.2884,1.2884,0
2026-01-05 11:50:00,1.2884,1.2884,1.2884,1.2884,0
2026-01-05 11:51:00,1.2884,1.2884,1.2884,1.2884,0
2026-01-05 11:52:00,1.2884,1.2884,1.2884,1.2884,0
2026-01-05 11:53:00,1.2884,1.2884,1.2884,1.2884,0
2026-01-05 11:54:00,1.2884,1.2884,1.2884,1.2884,0
2026-01-05 11:55:00,1.2884,1.2884,1.2884,1.2884,0
2026-01-05 11:56:00,1.2884,1.2884,1.2884,1.2884,0
2026-01-05 11:57:00,1.2884,1.2884,1.2884,1.2884,0
2026-01-05 11:58:00,1.28,1.28,1.28,1.28,5
2026-01-05 11:59:00,1.28,1.28,1.28,1.28,0
2026-01-05 12:00:00,1.28,1.28,1.28,1.28,0
2026-01-05 12:01:00,1.28,1.28,1.28,1.28,0
2026-01-05 12:02:00,1.28,1.28,1.28,1.28,0
2026-01-05 12:03:00,1.28,1.28,1.28,1.28,0
2026-01-05 12:04:00,1.28,1.28,1.28,1.28,0
2026-01-05 12:05:00,1.28,1.28,1.28,1.28,0
2026-01-05 12:06:00,1.28,1.28,1.28,1.28,0
2026-01-05 12:07:00,1.28,1.28,1.28,1.28,0
2026-01-05 12:08:00,1.28,1.28,1.28,1.28,0
2026-01-05 12:09:00,1.28,1.28,1.28,1.28,0
2026-01-05 12:10:00,1.28,1.28,1.28,1.28,0
2026-01-05 12:11:00,1.28,1.28,1.28,1.28,0
2026-01-05 12:12:00,1.28,1.28,1.28,1.28,0
2026-01-05 12:13:00,1.28,1.28,1.28,1.28,0
2026-01-05 12:14:00,1.28,1.28,1.28,1.28,0
2026-01-05 12:15:00,1.28,1.28,1.28,1.28,0
2026-01-05 12:16:00,1.28,1.28,1.28,1.28,0
2026-01-05 12:17:00,1.28,1.28,1.28,1.28,0
2026-01-05 12:18:00,1.28,1.28,1.28,1.28,0
2026-01-05 12:19:00,1.28,1.28,1.28,1.28,0
2026-01-05 12:20:00,1.28,1.28,1.28,1.28,0
2026-01-05 12:21:00,1.28,1.28,1.28,1.28,0
2026-01-05 12:22:00,1.28,1.28,1.28,1.28,0
2026-01-05 12:23:00,1.28,1.28,1.28,1.28,0
2026-01-05 12:24:00,1.28,1.28,1.28,1.28,0
2026-01-05 12:25:00,1.28,1.28,1.28,1.28,0
2026-01-05 12:26:00,1.28,1.28,1.28,1.28,0
2026-01-05 12:27:00,1.28,1.28,1.28,1.28,0
2026-01-05 12:28:00,1.28,1.28,1.28,1.28,0
2026-01-05 12:29:00,1.28,1.28,1.28,1.28,0
2026-01-05 12:30:00,1.28,1.28,1.28,1.28,0
2026-01-05 12:31:00,1.28,1.28,1.28,1.28,0
2026-01-05 12:32:00,1.28,1.28,1.28,1.28,0
2026-01-05 12:33:00,1.28,1.28,1.28,1.28,0
2026-01-05 12:34:00,1.28,1.28,1.28,1.28,0
2026-01-05 12:35:00,1.28,1.28,1.28,1.28,0
2026-01-05 12:36:00,1.28,1.28,1.28,1.28,0
2026-01-05 12:37:00,1.28,1.28,1.28,1.28,0
2026-01-05 12:38:00,1.28,1.28,1.28,1.28,0
2026-01-05 12:39:00,1.28,1.28,1.28,1.28,0
2026-01-05 12:40:00,1.28,1.28,1.28,1.28,0
2026-01-05 12:41:00,1.28,1.28,1.28,1.28,0
2026-01-05 12:42:00,1.28,1.28,1.28,1.28,0
2026-01-05 12:43:00,1.28,1.28,1.28,1.28,0
2026-01-05 12:44:00,1.28,1.28,1.28,1.28,0
2026-01-05 12:45:00,1.2812,1.29,1.28,1.29,44
2026-01-05 12:46:00,1.29,1.29,1.29,1.29,0
2026-01-05 12:47:00,1.29,1.29,1.29,1.29,0
2026-01-05 12:48:00,1.29,1.29,1.29,1.29,0
2026-01-05 12:49:00,1.29,1.29,1.29,1.29,0
2026-01-05 12:50:00,1.29,1.29,1.29,1.29,0
2026-01-05 12:51:00,1.29,1.29,1.29,1.29,0
2026-01-05 12:52:00,1.29,1.29,1.29,1.29,0
2026-01-05 12:53:00,1.29,1.29,1.29,1.29,0
2026-01-05 12:54:00,1.29,1.29,1.29,1.29,0
2026-01-05 12:55:00,1.29,1.29,1.29,1.29,0
2026-01-05 12:56:00,1.29,1.29,1.29,1.29,0
2026-01-05 12:57:00,1.29,1.29,1.29,1.29,0
2026-01-05 12:58:00,1.29,1.29,1.29,1.29,0
2026-01-05 12:59:00,1.29,1.29,1.29,1.29,0
2026-01-05 13:00:00,1.29,1.29,1.29,1.29,0
2026-01-05 13:01:00,1.29,1.29,1.29,1.29,0
2026-01-05 13:02:00,1.29,1.29,1.29,1.29,0
2026-01-05 13:03:00,1.29,1.29,1.29,1.29,0
2026-01-05 13:04:00,1.29,1.29,1.29,1.29,0
2026-01-05 13:05:00,1.29,1.29,1.29,1.29,0
2026-01-05 13:06:00,1.29,1.29,1.29,1.29,0
2026-01-05 13:07:00,1.29,1.29,1.29,1.29,0
2026-01-05 13:08:00,1.29,1.29,1.29,1.29,0
2026-01-05 13:09:00,1.29,1.29,1.29,1.29,0
2026-01-05 13:10:00,1.29,1.29,1.29,1.29,0
2026-01-05 13:11:00,1.29,1.29,1.29,1.29,0
2026-01-05 13:12:00,1.29,1.29,1.29,1.29,0
2026-01-05 13:13:00,1.29,1.29,1.29,1.29,0
2026-01-05 13:14:00,1.29,1.29,1.29,1.29,0
2026-01-05 13:15:00,1.29,1.29,1.29,1.29,0
2026-01-05 13:16:00,1.29,1.29,1.29,1.29,0
2026-01-05 13:17:00,1.29,1.29,1.29,1.29,0
2026-01-05 13:18:00,1.29,1.29,1.29,1.29,0
2026-01-05 13:19:00,1.29,1.29,1.29,1.29,0
2026-01-05 13:20:00,1.29,1.29,1.29,1.29,0
2026-01-05 13:21:00,1.29,1.29,1.29,1.29,0
2026-01-05 13:22:00,1.29,1.29,1.29,1.29,0
2026-01-05 13:23:00,1.29,1.29,1.29,1.29,0
2026-01-05 13:24:00,1.29,1.29,1.29,1.29,0
2026-01-05 13:25:00,1.29,1.29,1.29,1.29,0
2026-01-05 13:26:00,1.29,1.29,1.29,1.29,0
2026-01-05 13:27:00,1.29,1.29,1.29,1.29,0
2026-01-05 13:28:00,1.29,1.29,1.29,1.29,0
2026-01-05 13:29:00,1.29,1.29,1.29,1.29,0
2026-01-05 13:30:00,1.29,1.29,1.29,1.29,0
2026-01-05 13:31:00,1.29,1.29,1.29,1.29,0
2026-01-05 13:32:00,1.29,1.29,1.29,1.29,0
2026-01-05 13:33:00,1.29,1.29,1.29,1.29,0
2026-01-05 13:34:00,1.29,1.29,1.29,1.29,0
2026-01-05 13:35:00,1.29,1.29,1.29,1.29,0
2026-01-05 13:36:00,1.29,1.29,1.29,1.29,0
2026-01-05 13:37:00,1.29,1.29,1.29,1.29,0
2026-01-05 13:38:00,1.29,1.29,1.29,1.29,0
2026-01-05 13:39:00,1.29,1.29,1.29,1.29,0
2026-01-05 13:40:00,1.29,1.29,1.29,1.29,0
2026-01-05 13:41:00,1.29,1.29,1.29,1.29,0
2026-01-05 13:42:00,1.29,1.29,1.29,1.29,0
2026-01-05 13:43:00,1.29,1.29,1.29,1.29,0
2026-01-05 13:44:00,1.29,1.29,1.29,1.29,0
2026-01-05 13:45:00,1.29,1.29,1.29,1.29,0
2026-01-05 13:46:00,1.29,1.29,1.29,1.29,0
2026-01-05 13:47:00,1.29,1.29,1.29,1.29,0
2026-01-05 13:48:00,1.29,1.29,1.29,1.29,0
2026-01-05 13:49:00,1.29,1.29,1.29,1.29,0
2026-01-05 13:50:00,1.29,1.29,1.29,1.29,0
2026-01-05 13:51:00,1.29,1.29,1.29,1.29,0
2026-01-05 13:52:00,1.29,1.29,1.29,1.29,0
2026-01-05 13:53:00,1.29,1.29,1.29,1.29,0
2026-01-05 13:54:00,1.29,1.29,1.29,1.29,0
2026-01-05 13:55:00,1.29,1.29,1.29,1.29,0
2026-01-05 13:56:00,1.29,1.29,1.29,1.29,0
2026-01-05 13:57:00,1.28,1.28,1.28,1.28,4
2026-01-05 13:58:00,1.28,1.28,1.28,1.28,0
2026-01-05 13:59:00,1.28,1.28,1.28,1.28,0
2026-01-05 14:00:00,1.28,1.28,1.28,1.28,0
2026-01-05 14:01:00,1.28,1.28,1.28,1.28,0
2026-01-05 14:02:00,1.285,1.285,1.285,1.285,3
2026-01-05 14:03:00,1.2849,1.2849,1.275,1.28,9
2026-01-05 14:04:00,1.28,1.28,1.28,1.28,0
2026-01-05 14:05:00,1.272,1.272,1.272,1.272,3
2026-01-05 14:06:00,1.272,1.272,1.272,1.272,0
2026-01-05 14:07:00,1.272,1.272,1.272,1.272,0
2026-01-05 14:08:00,1.272,1.272,1.272,1.272,0
2026-01-05 14:09:00,1.272,1.272,1.272,1.272,0
2026-01-05 14:10:00,1.272,1.272,1.272,1.272,0
2026-01-05 14:11:00,1.272,1.272,1.272,1.272,0
2026-01-05 14:12:00,1.272,1.272,1.272,1.272,0
2026-01-05 14:13:00,1.272,1.272,1.272,1.272,0
2026-01-05 14:14:00,1.272,1.272,1.272,1.272,0
2026-01-05 14:15:00,1.272,1.272,1.272,1.272,0
2026-01-05 14:16:00,1.272,1.272,1.272,1.272,0
2026-01-05 14:17:00,1.272,1.272,1.272,1.272,0
2026-01-05 14:18:00,1.272,1.272,1.272,1.272,0
2026-01-05 14:19:00,1.272,1.272,1.272,1.272,0
2026-01-05 14:20:00,1.272,1.272,1.272,1.272,0
2026-01-05 14:21:00,1.272,1.272,1.272,1.272,0
2026-01-05 14:22:00,1.272,1.272,1.272,1.272,0
2026-01-05 14:23:00,1.272,1.272,1.272,1.272,0
2026-01-05 14:24:00,1.272,1.272,1.272,1.272,0
2026-01-05 14:25:00,1.272,1.272,1.272,1.272,0
2026-01-05 14:26:00,1.272,1.272,1.272,1.272,0
2026-01-05 14:27:00,1.272,1.272,1.272,1.272,0
2026-01-05 14:28:00,1.272,1.272,1.272,1.272,0
2026-01-05 14:29:00,1.272,1.272,1.272,1.272,0
2026-01-05 14:30:00,1.272,1.272,1.272,1.272,0
2026-01-05 14:31:00,1.272,1.272,1.272,1.272,0
2026-01-05 14:32:00,1.272,1.272,1.272,1.272,0
2026-01-05 14:33:00,1.272,1.272,1.272,1.272,0
2026-01-05 14:34:00,1.272,1.272,1.272,1.272,0
2026-01-05 14:35:00,1.272,1.272,1.272,1.272,0
2026-01-05 14:36:00,1.272,1.272,1.272,1.272,0
2026-01-05 14:37:00,1.272,1.272,1.272,1.272,0
2026-01-05 14:38:00,1.272,1.272,1.272,1.272,0
2026-01-05 14:39:00,1.2801,1.2801,1.2801,1.2801,1
2026-01-05 14:40:00,1.2801,1.2801,1.2801,1.2801,0
2026-01-05 14:41:00,1.2801,1.2801,1.2801,1.2801,0
2026-01-05 14:42:00,1.2801,1.2801,1.2801,1.2801,0
2026-01-05 14:43:00,1.285,1.2898,1.285,1.2898,4
2026-01-05 14:44:00,1.2898,1.2898,1.2898,1.2898,0
2026-01-05 14:45:00,1.2898,1.2898,1.2898,1.2898,0
2026-01-05 14:46:00,1.2898,1.2898,1.2898,1.2898,0
2026-01-05 14:47:00,1.2898,1.2898,1.2898,1.2898,0
2026-01-05 14:48:00,1.2898,1.2898,1.2898,1.2898,0
2026-01-05 14:49:00,1.2898,1.2898,1.2898,1.2898,0
2026-01-05 14:50:00,1.29,1.29,1.29,1.29,2
2026-01-05 14:51:00,1.29,1.29,1.29,1.29,0
2026-01-05 14:52:00,1.29,1.29,1.29,1.29,0
2026-01-05 14:53:00,1.29,1.29,1.29,1.29,0
2026-01-05 14:54:00,1.29,1.29,1.29,1.29,0
2026-01-05 14:55:00,1.29,1.29,1.29,1.29,0
2026-01-05 14:56:00,1.29,1.29,1.29,1.29,0
2026-01-05 14:57:00,1.29,1.29,1.29,1.29,0
2026-01-05 14:58:00,1.29,1.29,1.29,1.29,0
2026-01-05 14:59:00,1.29,1.29,1.29,1.29,0
2026-01-05 15:00:00,1.29,1.29,1.29,1.29,0
2026-01-05 15:01:00,1.29,1.29,1.29,1.29,0
2026-01-05 15:02:00,1.29,1.29,1.29,1.29,0
2026-01-05 15:03:00,1.29,1.29,1.29,1.29,0
2026-01-05 15:04:00,1.29,1.29,1.29,1.29,0
2026-01-05 15:05:00,1.29,1.29,1.29,1.29,0
2026-01-05 15:06:00,1.29,1.29,1.29,1.29,0
2026-01-05 15:07:00,1.29,1.29,1.29,1.29,0
2026-01-05 15:08:00,1.29,1.29,1.29,1.29,0
2026-01-05 15:09:00,1.29,1.29,1.29,1.29,0
2026-01-05 15:10:00,1.29,1.29,1.29,1.29,0
2026-01-05 15:11:00,1.29,1.29,1.29,1.29,0
2026-01-05 15:12:00,1.29,1.29,1.29,1.29,0
2026-01-05 15:13:00,1.29,1.29,1.29,1.29,0
2026-01-05 15:14:00,1.29,1.29,1.29,1.29,0
2026-01-05 15:15:00,1.29,1.29,1.29,1.29,0
2026-01-05 15:16:00,1.29,1.29,1.29,1.29,0
2026-01-05 15:17:00,1.29,1.29,1.29,1.29,0
2026-01-05 15:18:00,1.29,1.29,1.29,1.29,0
2026-01-05 15:19:00,1.29,1.29,1.29,1.29,0
2026-01-05 15:20:00,1.29,1.29,1.29,1.29,0
2026-01-05 15:21:00,1.29,1.29,1.29,1.29,0
2026-01-05 15:22:00,1.29,1.29,1.29,1.29,0
2026-01-05 15:23:00,1.29,1.29,1.29,1.29,0
2026-01-05 15:24:00,1.29,1.29,1.29,1.29,0
2026-01-05 15:25:00,1.29,1.29,1.29,1.29,0
2026-01-05 15:26:00,1.29,1.29,1.29,1.29,0
2026-01-05 15:27:00,1.29,1.29,1.29,1.29,0
2026-01-05 15:28:00,1.29,1.29,1.29,1.29,0
2026-01-05 15:29:00,1.29,1.29,1.29,1.29,0
2026-01-05 15:30:00,1.29,1.29,1.29,1.29,0
2026-01-05 15:31:00,1.29,1.29,1.29,1.29,0
2026-01-05 15:32:00,1.29,1.29,1.29,1.29,0
2026-01-05 15:33:00,1.29,1.29,1.29,1.29,0
2026-01-05 15:34:00,1.29,1.29,1.29,1.29,0
2026-01-05 15:35:00,1.29,1.29,1.29,1.29,0
2026-01-05 15:36:00,1.29,1.29,1.29,1.29,0
2026-01-05 15:37:00,1.29,1.29,1.29,1.29,0
2026-01-05 15:38:00,1.29,1.29,1.29,1.29,0
2026-01-05 15:39:00,1.29,1.29,1.29,1.29,0
2026-01-05 15:40:00,1.2908,1.2908,1.2908,1.2908,20
2026-01-05 15:41:00,1.29,1.29,1.28,1.29,5
2026-01-05 15:42:00,1.29,1.29,1.29,1.29,0
2026-01-05 15:43:00,1.29,1.29,1.29,1.29,0
2026-01-05 15:44:00,1.29,1.29,1.29,1.29,0
2026-01-05 15:45:00,1.3,1.3,1.3,1.3,1
2026-01-05 15:46:00,1.3,1.3,1.3,1.3,0
2026-01-05 15:47:00,1.3,1.3,1.3,1.3,0
2026-01-05 15:48:00,1.3,1.3,1.3,1.3,0
2026-01-05 15:49:00,1.3,1.3,1.3,1.3,0
2026-01-05 15:50:00,1.29,1.29,1.29,1.29,2
2026-01-05 15:51:00,1.29,1.29,1.29,1.29,0
2026-01-05 15:52:00,1.29,1.29,1.29,1.29,0
2026-01-05 15:53:00,1.285,1.3,1.285,1.3,15
2026-01-05 15:54:00,1.3,1.3,1.3,1.3,0
2026-01-05 15:55:00,1.3,1.3,1.3,1.3,0
2026-01-05 15:56:00,1.2901,1.2901,1.2901,1.2901,1
2026-01-05 15:57:00,1.2901,1.2901,1.2901,1.2901,0
2026-01-05 15:58:00,1.2901,1.2901,1.2901,1.2901,0
2026-01-05 15:59:00,1.31,1.31,1.29,1.3,25
2026-01-06 09:30:00,1.28,1.28,1.28,1.28,2
2026-01-06 09:31:00,1.28,1.28,1.28,1.28,0
2026-01-06 09:32:00,1.31,1.3101,1.31,1.3101,25
2026-01-06 09:33:00,1.31,1.31,1.31,1.31,146
2026-01-06 09:34:00,1.31,1.31,1.31,1.31,0
2026-01-06 09:35:00,1.31,1.31,1.31,1.31,0
2026-01-06 09:36:00,1.31,1.31,1.31,1.31,0
2026-01-06 09:37:00,1.31,1.31,1.31,1.31,0
2026-01-06 09:38:00,1.31,1.31,1.31,1.31,0
2026-01-06 09:39:00,1.31,1.31,1.31,1.31,0
2026-01-06 09:40:00,1.31,1.31,1.31,1.31,0
2026-01-06 09:41:00,1.31,1.31,1.31,1.31,0
2026-01-06 09:42:00,1.31,1.31,1.31,1.31,0
2026-01-06 09:43:00,1.31,1.31,1.31,1.31,0
2026-01-06 09:44:00,1.31,1.31,1.31,1.31,0
2026-01-06 09:45:00,1.31,1.31,1.31,1.31,0
2026-01-06 09:46:00,1.31,1.31,1.31,1.31,0
2026-01-06 09:47:00,1.31,1.31,1.31,1.31,0
2026-01-06 09:48:00,1.31,1.31,1.31,1.31,0
2026-01-06 09:49:00,1.31,1.31,1.31,1.31,0
2026-01-06 09:50:00,1.31,1.31,1.31,1.31,0
2026-01-06 09:51:00,1.31,1.31,1.31,1.31,0
2026-01-06 09:52:00,1.31,1.31,1.31,1.31,0
2026-01-06 09:53:00,1.31,1.31,1.31,1.31,0
2026-01-06 09:54:00,1.31,1.31,1.31,1.31,0
2026-01-06 09:55:00,1.31,1.31,1.31,1.31,0
2026-01-06 09:56:00,1.31,1.31,1.31,1.31,0
2026-01-06 09:57:00,1.31,1.31,1.31,1.31,0
2026-01-06 09:58:00,1.31,1.31,1.31,1.31,0
2026-01-06 09:59:00,1.31,1.31,1.31,1.31,0
2026-01-06 10:00:00,1.31,1.31,1.31,1.31,0
2026-01-06 10:01:00,1.31,1.31,1.31,1.31,0
2026-01-06 10:02:00,1.31,1.31,1.31,1.31,0
2026-01-06 10:03:00,1.31,1.31,1.31,1.31,0
2026-01-06 10:04:00,1.31,1.31,1.31,1.31,0
2026-01-06 10:05:00,1.31,1.31,1.31,1.31,0
2026-01-06 10:06:00,1.31,1.31,1.31,1.31,0
2026-01-06 10:07:00,1.31,1.31,1.31,1.31,0
2026-01-06 10:08:00,1.31,1.31,1.31,1.31,0
2026-01-06 10:09:00,1.31,1.31,1.31,1.31,0
2026-01-06 10:10:00,1.31,1.31,1.31,1.31,0
2026-01-06 10:11:00,1.31,1.31,1.31,1.31,0
2026-01-06 10:12:00,1.31,1.31,1.31,1.31,0
2026-01-06 10:13:00,1.31,1.31,1.31,1.31,0
2026-01-06 10:14:00,1.31,1.31,1.31,1.31,0
2026-01-06 10:15:00,1.31,1.31,1.31,1.31,0
2026-01-06 10:16:00,1.31,1.31,1.31,1.31,0
2026-01-06 10:17:00,1.31,1.31,1.31,1.31,0
2026-01-06 10:18:00,1.31,1.31,1.31,1.31,0
2026-01-06 10:19:00,1.31,1.31,1.31,1.31,0
2026-01-06 10:20:00,1.31,1.31,1.31,1.31,0
2026-01-06 10:21:00,1.31,1.31,1.31,1.31,0
2026-01-06 10:22:00,1.31,1.31,1.31,1.31,0
2026-01-06 10:23:00,1.31,1.31,1.31,1.31,0
2026-01-06 10:24:00,1.31,1.31,1.31,1.31,0
2026-01-06 10:25:00,1.31,1.31,1.31,1.31,0
2026-01-06 10:26:00,1.31,1.31,1.31,1.31,0
2026-01-06 10:27:00,1.31,1.31,1.31,1.31,0
2026-01-06 10:28:00,1.31,1.31,1.31,1.31,0
2026-01-06 10:29:00,1.31,1.31,1.31,1.31,0
2026-01-06 10:30:00,1.31,1.31,1.31,1.31,0
2026-01-06 10:31:00,1.31,1.31,1.31,1.31,2
2026-01-06 10:32:00,1.3,1.3,1.3,1.3,7
2026-01-06 10:33:00,1.3,1.3,1.3,1.3,0
2026-01-06 10:34:00,1.3,1.3,1.3,1.3,0
2026-01-06 10:35:00,1.3,1.3,1.3,1.3,0
2026-01-06 10:36:00,1.3,1.3,1.3,1.3,0
2026-01-06 10:37:00,1.3,1.3,1.3,1.3,0
2026-01-06 10:38:00,1.3,1.3,1.3,1.3,0
2026-01-06 10:39:00,1.3,1.3,1.3,1.3,0
2026-01-06 10:40:00,1.3,1.3,1.3,1.3,0
2026-01-06 10:41:00,1.3,1.3,1.3,1.3,0
2026-01-06 10:42:00,1.3,1.3,1.3,1.3,0
2026-01-06 10:43:00,1.3,1.3,1.3,1.3,0
2026-01-06 10:44:00,1.3,1.3,1.3,1.3,0
2026-01-06 10:45:00,1.3,1.3,1.3,1.3,0
2026-01-06 10:46:00,1.3,1.3,1.3,1.3,0
2026-01-06 10:47:00,1.3,1.3,1.3,1.3,0
2026-01-06 10:48:00,1.3,1.3,1.3,1.3,0
2026-01-06 10:49:00,1.3,1.3,1.3,1.3,0
2026-01-06 10:50:00,1.3,1.3,1.3,1.3,0
2026-01-06 10:51:00,1.3,1.3,1.3,1.3,0
2026-01-06 10:52:00,1.3,1.3,1.3,1.3,0
2026-01-06 10:53:00,1.3,1.3,1.3,1.3,0
2026-01-06 10:54:00,1.3,1.3,1.3,1.3,0
2026-01-06 10:55:00,1.3,1.3,1.3,1.3,0
2026-01-06 10:56:00,1.3,1.3,1.3,1.3,0
2026-01-06 10:57:00,1.3,1.3,1.3,1.3,0
2026-01-06 10:58:00,1.3,1.3,1.3,1.3,0
2026-01-06 10:59:00,1.3,1.3,1.3,1.3,0
2026-01-06 11:00:00,1.3,1.3,1.3,1.3,0
2026-01-06 11:01:00,1.3,1.3,1.3,1.3,0
2026-01-06 11:02:00,1.3,1.3,1.3,1.3,0
2026-01-06 11:03:00,1.3,1.3,1.3,1.3,0
2026-01-06 11:04:00,1.3,1.3,1.3,1.3,0
2026-01-06 11:05:00,1.3,1.3,1.3,1.3,0
2026-01-06 11:06:00,1.3,1.3,1.3,1.3,0
2026-01-06 11:07:00,1.3,1.3,1.3,1.3,0
2026-01-06 11:08:00,1.3,1.3,1.3,1.3,0
2026-01-06 11:09:00,1.3,1.3,1.3,1.3,0
2026-01-06 11:10:00,1.3,1.3,1.3,1.3,0
2026-01-06 11:11:00,1.3,1.3,1.3,1.3,0
2026-01-06 11:12:00,1.3,1.3,1.3,1.3,0
2026-01-06 11:13:00,1.3,1.3,1.3,1.3,0
2026-01-06 11:14:00,1.327,1.327,1.327,1.327,4
2026-01-06 11:15:00,1.327,1.327,1.327,1.327,0
2026-01-06 11:16:00,1.327,1.327,1.327,1.327,0
2026-01-06 11:17:00,1.327,1.327,1.327,1.327,0
2026-01-06 11:18:00,1.327,1.327,1.327,1.327,0
2026-01-06 11:19:00,1.327,1.327,1.327,1.327,0
2026-01-06 11:20:00,1.327,1.327,1.327,1.327,0
2026-01-06 11:21:00,1.327,1.327,1.327,1.327,0
2026-01-06 11:22:00,1.327,1.327,1.327,1.327,0
2026-01-06 11:23:00,1.327,1.327,1.327,1.327,0
2026-01-06 11:24:00,1.327,1.327,1.327,1.327,0
2026-01-06 11:25:00,1.327,1.327,1.327,1.327,0
2026-01-06 11:26:00,1.32,1.32,1.32,1.32,1
2026-01-06 11:27:00,1.32,1.32,1.32,1.32,0
2026-01-06 11:28:00,1.32,1.32,1.32,1.32,0
2026-01-06 11:29:00,1.32,1.32,1.32,1.32,0
2026-01-06 11:30:00,1.32,1.32,1.32,1.32,0
2026-01-06 11:31:00,1.32,1.32,1.32,1.32,0
2026-01-06 11:32:00,1.32,1.32,1.32,1.32,0
2026-01-06 11:33:00,1.32,1.32,1.32,1.32,0
2026-01-06 11:34:00,1.32,1.32,1.32,1.32,0
2026-01-06 11:35:00,1.32,1.32,1.32,1.32,0
2026-01-06 11:36:00,1.32,1.32,1.32,1.32,0
2026-01-06 11:37:00,1.32,1.32,1.32,1.32,0
2026-01-06 11:38:00,1.32,1.32,1.32,1.32,0
2026-01-06 11:39:00,1.32,1.32,1.32,1.32,0
2026-01-06 11:40:00,1.32,1.32,1.32,1.32,0
2026-01-06 11:41:00,1.32,1.32,1.32,1.32,0
2026-01-06 11:42:00,1.32,1.32,1.32,1.32,0
2026-01-06 11:43:00,1.32,1.32,1.32,1.32,0
2026-01-06 11:44:00,1.32,1.32,1.32,1.32,0
2026-01-06 11:45:00,1.32,1.32,1.32,1.32,0
2026-01-06 11:46:00,1.32,1.32,1.32,1.32,0
2026-01-06 11:47:00,1.32,1.32,1.32,1.32,0
2026-01-06 11:48:00,1.32,1.32,1.32,1.32,0
2026-01-06 11:49:00,1.32,1.32,1.32,1.32,0
2026-01-06 11:50:00,1.32,1.32,1.32,1.32,0
2026-01-06 11:51:00,1.32,1.32,1.32,1.32,0
2026-01-06 11:52:00,1.32,1.32,1.32,1.32,0
2026-01-06 11:53:00,1.32,1.32,1.32,1.32,0
2026-01-06 11:54:00,1.32,1.32,1.32,1.32,0
2026-01-06 11:55:00,1.32,1.32,1.32,1.32,0
2026-01-06 11:56:00,1.32,1.32,1.32,1.32,0
2026-01-06 11:57:00,1.32,1.32,1.32,1.32,0
2026-01-06 11:58:00,1.32,1.32,1.32,1.32,0
2026-01-06 11:59:00,1.32,1.32,1.32,1.32,0
2026-01-06 12:00:00,1.32,1.32,1.32,1.32,0
2026-01-06 12:01:00,1.32,1.32,1.32,1.32,0
2026-01-06 12:02:00,1.32,1.32,1.32,1.32,0
2026-01-06 12:03:00,1.31,1.31,1.31,1.31,1
2026-01-06 12:04:00,1.31,1.31,1.31,1.31,0
2026-01-06 12:05:00,1.31,1.31,1.31,1.31,0
2026-01-06 12:06:00,1.31,1.31,1.31,1.31,0
2026-01-06 12:07:00,1.31,1.31,1.31,1.31,0
2026-01-06 12:08:00,1.31,1.31,1.31,1.31,0
2026-01-06 12:09:00,1.31,1.31,1.31,1.31,0
2026-01-06 12:10:00,1.31,1.31,1.31,1.31,0
2026-01-06 12:11:00,1.31,1.31,1.31,1.31,0
2026-01-06 12:12:00,1.31,1.31,1.31,1.31,0
2026-01-06 12:13:00,1.31,1.31,1.31,1.31,0
2026-01-06 12:14:00,1.31,1.31,1.31,1.31,0
2026-01-06 12:15:00,1.31,1.31,1.31,1.31,0
2026-01-06 12:16:00,1.31,1.31,1.31,1.31,0
2026-01-06 12:17:00,1.31,1.31,1.31,1.31,0
2026-01-06 12:18:00,1.31,1.31,1.31,1.31,0
2026-01-06 12:19:00,1.31,1.31,1.31,1.31,0
2026-01-06 12:20:00,1.31,1.31,1.31,1.31,0
2026-01-06 12:21:00,1.31,1.31,1.31,1.31,0
2026-01-06 12:22:00,1.31,1.31,1.31,1.31,0
2026-01-06 12:23:00,1.31,1.31,1.31,1.31,0
2026-01-06 12:24:00,1.31,1.31,1.31,1.31,0
2026-01-06 12:25:00,1.31,1.31,1.31,1.31,0
2026-01-06 12:26:00,1.31,1.31,1.31,1.31,0
2026-01-06 12:27:00,1.31,1.31,1.31,1.31,0
2026-01-06 12:28:00,1.31,1.31,1.31,1.31,0
2026-01-06 12:29:00,1.31,1.31,1.31,1.31,0
2026-01-06 12:30:00,1.31,1.31,1.31,1.31,0
2026-01-06 12:31:00,1.31,1.31,1.31,1.31,0
2026-01-06 12:32:00,1.31,1.31,1.31,1.31,0
2026-01-06 12:33:00,1.31,1.31,1.31,1.31,0
2026-01-06 12:34:00,1.31,1.31,1.31,1.31,0
2026-01-06 12:35:00,1.31,1.31,1.31,1.31,0
2026-01-06 12:36:00,1.31,1.31,1.31,1.31,0
2026-01-06 12:37:00,1.31,1.31,1.31,1.31,0
2026-01-06 12:38:00,1.31,1.31,1.31,1.31,0
2026-01-06 12:39:00,1.31,1.31,1.31,1.31,0
2026-01-06 12:40:00,1.31,1.31,1.31,1.31,0
2026-01-06 12:41:00,1.31,1.31,1.31,1.31,0
2026-01-06 12:42:00,1.31,1.31,1.31,1.31,0
2026-01-06 12:43:00,1.32,1.32,1.32,1.32,4
2026-01-06 12:44:00,1.32,1.32,1.32,1.32,0
2026-01-06 12:45:00,1.32,1.32,1.32,1.32,0
2026-01-06 12:46:00,1.32,1.32,1.32,1.32,0
2026-01-06 12:47:00,1.32,1.32,1.32,1.32,0
2026-01-06 12:48:00,1.32,1.32,1.32,1.32,0
2026-01-06 12:49:00,1.32,1.32,1.32,1.32,0
2026-01-06 12:50:00,1.32,1.32,1.32,1.32,0
2026-01-06 12:51:00,1.32,1.32,1.32,1.32,6
2026-01-06 12:52:00,1.32,1.32,1.32,1.32,0
2026-01-06 12:53:00,1.32,1.32,1.32,1.32,11
2026-01-06 12:54:00,1.32,1.32,1.32,1.32,0
2026-01-06 12:55:00,1.32,1.32,1.32,1.32,0
2026-01-06 12:56:00,1.32,1.32,1.32,1.32,0
2026-01-06 12:57:00,1.32,1.32,1.32,1.32,0
2026-01-06 12:58:00,1.32,1.32,1.32,1.32,0
2026-01-06 12:59:00,1.32,1.32,1.32,1.32,0
2026-01-06 13:00:00,1.32,1.32,1.32,1.32,0
2026-01-06 13:01:00,1.32,1.32,1.32,1.32,0
2026-01-06 13:02:00,1.32,1.32,1.32,1.32,0
2026-01-06 13:03:00,1.312,1.312,1.312,1.312,2
2026-01-06 13:04:00,1.312,1.312,1.312,1.312,0
2026-01-06 13:05:00,1.312,1.312,1.312,1.312,0
2026-01-06 13:06:00,1.312,1.312,1.312,1.312,0
2026-01-06 13:07:00,1.312,1.312,1.312,1.312,0
2026-01-06 13:08:00,1.312,1.312,1.312,1.312,0
2026-01-06 13:09:00,1.312,1.312,1.312,1.312,0
2026-01-06 13:10:00,1.312,1.312,1.312,1.312,0
2026-01-06 13:11:00,1.312,1.312,1.312,1.312,0
2026-01-06 13:12:00,1.312,1.312,1.312,1.312,0
2026-01-06 13:13:00,1.312,1.312,1.312,1.312,0
2026-01-06 13:14:00,1.312,1.312,1.312,1.312,0
2026-01-06 13:15:00,1.312,1.312,1.312,1.312,0
2026-01-06 13:16:00,1.312,1.312,1.312,1.312,0
2026-01-06 13:17:00,1.312,1.312,1.312,1.312,0
2026-01-06 13:18:00,1.312,1.312,1.312,1.312,0
2026-01-06 13:19:00,1.312,1.312,1.312,1.312,0
2026-01-06 13:20:00,1.312,1.312,1.312,1.312,0
2026-01-06 13:21:00,1.312,1.312,1.312,1.312,0
2026-01-06 13:22:00,1.312,1.312,1.312,1.312,0
2026-01-06 13:23:00,1.312,1.312,1.312,1.312,0
2026-01-06 13:24:00,1.312,1.312,1.312,1.312,0
2026-01-06 13:25:00,1.312,1.312,1.312,1.312,0
2026-01-06 13:26:00,1.312,1.312,1.312,1.312,0
2026-01-06 13:27:00,1.312,1.312,1.312,1.312,0
2026-01-06 13:28:00,1.312,1.312,1.312,1.312,0
2026-01-06 13:29:00,1.312,1.312,1.312,1.312,0
2026-01-06 13:30:00,1.32,1.32,1.32,1.32,1
2026-01-06 13:31:00,1.32,1.32,1.32,1.32,0
2026-01-06 13:32:00,1.32,1.32,1.32,1.32,0
2026-01-06 13:33:00,1.32,1.32,1.32,1.32,0
2026-01-06 13:34:00,1.32,1.32,1.32,1.32,0
2026-01-06 13:35:00,1.32,1.32,1.32,1.32,0
2026-01-06 13:36:00,1.32,1.32,1.32,1.32,0
2026-01-06 13:37:00,1.32,1.32,1.32,1.32,0
2026-01-06 13:38:00,1.32,1.32,1.32,1.32,0
2026-01-06 13:39:00,1.32,1.32,1.32,1.32,0
2026-01-06 13:40:00,1.32,1.32,1.32,1.32,0
2026-01-06 13:41:00,1.32,1.32,1.32,1.32,0
2026-01-06 13:42:00,1.32,1.32,1.32,1.32,0
2026-01-06 13:43:00,1.32,1.32,1.32,1.32,0
2026-01-06 13:44:00,1.32,1.32,1.32,1.32,0
2026-01-06 13:45:00,1.32,1.32,1.32,1.32,0
2026-01-06 13:46:00,1.32,1.32,1.32,1.32,0
2026-01-06 13:47:00,1.32,1.32,1.32,1.32,0
2026-01-06 13:48:00,1.32,1.32,1.32,1.32,0
2026-01-06 13:49:00,1.32,1.32,1.32,1.32,0
2026-01-06 13:50:00,1.32,1.32,1.32,1.32,0
2026-01-06 13:51:00,1.32,1.32,1.32,1.32,0
2026-01-06 13:52:00,1.32,1.32,1.32,1.32,0
2026-01-06 13:53:00,1.32,1.32,1.32,1.32,0
2026-01-06 13:54:00,1.32,1.32,1.32,1.32,0
2026-01-06 13:55:00,1.32,1.32,1.32,1.32,0
2026-01-06 13:56:00,1.32,1.32,1.32,1.32,0
2026-01-06 13:57:00,1.32,1.32,1.32,1.32,0
2026-01-06 13:58:00,1.3262,1.345,1.3262,1.345,4
2026-01-06 13:59:00,1.345,1.345,1.345,1.345,0
2026-01-06 14:00:00,1.345,1.345,1.345,1.345,0
2026-01-06 14:01:00,1.345,1.345,1.345,1.345,0
2026-01-06 14:02:00,1.345,1.345,1.345,1.345,0
2026-01-06 14:03:00,1.345,1.345,1.345,1.345,0
2026-01-06 14:04:00,1.345,1.345,1.345,1.345,0
2026-01-06 14:05:00,1.345,1.345,1.345,1.345,0
2026-01-06 14:06:00,1.345,1.345,1.345,1.345,0
2026-01-06 14:07:00,1.345,1.345,1.345,1.345,0
2026-01-06 14:08:00,1.345,1.345,1.345,1.345,0
2026-01-06 14:09:00,1.345,1.345,1.345,1.345,0
2026-01-06 14:10:00,1.3445,1.3445,1.3445,1.3445,1
2026-01-06 14:11:00,1.3445,1.3445,1.3445,1.3445,0
2026-01-06 14:12:00,1.3445,1.3445,1.3445,1.3445,0
2026-01-06 14:13:00,1.3445,1.3445,1.3445,1.3445,0
2026-01-06 14:14:00,1.3445,1.3445,1.3445,1.3445,0
2026-01-06 14:15:00,1.3445,1.3445,1.3445,1.3445,0
2026-01-06 14:16:00,1.3445,1.3445,1.3445,1.3445,0
2026-01-06 14:17:00,1.3445,1.3445,1.3445,1.3445,0
2026-01-06 14:18:00,1.3445,1.3445,1.3445,1.3445,0
2026-01-06 14:19:00,1.3445,1.3445,1.3445,1.3445,0
2026-01-06 14:20:00,1.3445,1.3445,1.3445,1.3445,0
2026-01-06 14:21:00,1.3445,1.3445,1.3445,1.3445,0
2026-01-06 14:22:00,1.3445,1.3445,1.3445,1.3445,0
2026-01-06 14:23:00,1.3445,1.3445,1.3445,1.3445,0
2026-01-06 14:24:00,1.3445,1.3445,1.3445,1.3445,0
2026-01-06 14:25:00,1.3445,1.3445,1.3445,1.3445,0
2026-01-06 14:26:00,1.3445,1.3445,1.3445,1.3445,0
2026-01-06 14:27:00,1.33,1.33,1.33,1.33,1
2026-01-06 14:28:00,1.33,1.33,1.33,1.33,0
2026-01-06 14:29:00,1.33,1.33,1.33,1.33,0
2026-01-06 14:30:00,1.3499,1.3499,1.3499,1.3499,3
2026-01-06 14:31:00,1.3499,1.3499,1.3499,1.3499,0
2026-01-06 14:32:00,1.3499,1.3499,1.3499,1.3499,0
2026-01-06 14:33:00,1.3499,1.3499,1.3499,1.3499,0
2026-01-06 14:34:00,1.3499,1.3499,1.3499,1.3499,0
2026-01-06 14:35:00,1.3499,1.3499,1.3499,1.3499,0
2026-01-06 14:36:00,1.3499,1.3499,1.3499,1.3499,0
2026-01-06 14:37:00,1.3499,1.3499,1.3499,1.3499,0
2026-01-06 14:38:00,1.3499,1.3499,1.3499,1.3499,0
2026-01-06 14:39:00,1.3499,1.3499,1.3499,1.3499,0
2026-01-06 14:40:00,1.3499,1.3499,1.3499,1.3499,0
2026-01-06 14:41:00,1.3499,1.3499,1.3499,1.3499,0
2026-01-06 14:42:00,1.3499,1.3499,1.3499,1.3499,0
2026-01-06 14:43:00,1.3499,1.3499,1.3499,1.3499,0
2026-01-06 14:44:00,1.3499,1.3499,1.3499,1.3499,0
2026-01-06 14:45:00,1.3475,1.3475,1.3475,1.3475,10
2026-01-06 14:46:00,1.3475,1.3475,1.3475,1.3475,0
2026-01-06 14:47:00,1.3475,1.3475,1.3475,1.3475,0
2026-01-06 14:48:00,1.3475,1.3475,1.3475,1.3475,0
2026-01-06 14:49:00,1.3475,1.3475,1.3475,1.3475,0
2026-01-06 14:50:00,1.3475,1.3475,1.3475,1.3475,0
2026-01-06 14:51:00,1.3475,1.3475,1.3475,1.3475,0
2026-01-06 14:52:00,1.3475,1.3475,1.3475,1.3475,0
2026-01-06 14:53:00,1.3475,1.3475,1.3475,1.3475,0
2026-01-06 14:54:00,1.3475,1.3475,1.3475,1.3475,0
2026-01-06 14:55:00,1.3475,1.3475,1.3475,1.3475,0
2026-01-06 14:56:00,1.3475,1.3475,1.3475,1.3475,0
2026-01-06 14:57:00,1.35,1.35,1.35,1.35,2
2026-01-06 14:58:00,1.35,1.35,1.35,1.35,0
2026-01-06 14:59:00,1.35,1.35,1.35,1.35,0
2026-01-06 15:00:00,1.35,1.35,1.35,1.35,0
2026-01-06 15:01:00,1.35,1.35,1.35,1.35,0
2026-01-06 15:02:00,1.35,1.35,1.35,1.35,0
2026-01-06 15:03:00,1.335,1.335,1.335,1.335,1
2026-01-06 15:04:00,1.335,1.335,1.335,1.335,0
2026-01-06 15:05:00,1.335,1.335,1.335,1.335,0
2026-01-06 15:06:00,1.335,1.335,1.335,1.335,0
2026-01-06 15:07:00,1.33,1.33,1.33,1.33,1
2026-01-06 15:08:00,1.33,1.33,1.33,1.33,0
2026-01-06 15:09:00,1.33,1.33,1.33,1.33,0
2026-01-06 15:10:00,1.33,1.33,1.33,1.33,0
2026-01-06 15:11:00,1.33,1.33,1.33,1.33,0
2026-01-06 15:12:00,1.33,1.33,1.33,1.33,0
2026-01-06 15:13:00,1.33,1.33,1.33,1.33,0
2026-01-06 15:14:00,1.33,1.33,1.33,1.33,0
2026-01-06 15:15:00,1.33,1.33,1.33,1.33,0
2026-01-06 15:16:00,1.33,1.33,1.33,1.33,0
2026-01-06 15:17:00,1.33,1.33,1.33,1.33,0
2026-01-06 15:18:00,1.33,1.33,1.33,1.33,0
2026-01-06 15:19:00,1.33,1.33,1.33,1.33,0
2026-01-06 15:20:00,1.33,1.33,1.33,1.33,0
2026-01-06 15:21:00,1.33,1.33,1.33,1.33,0
2026-01-06 15:22:00,1.33,1.33,1.33,1.33,0
2026-01-06 15:23:00,1.33,1.33,1.33,1.33,0
2026-01-06 15:24:00,1.33,1.33,1.33,1.33,0
2026-01-06 15:25:00,1.33,1.33,1.33,1.33,0
2026-01-06 15:26:00,1.33,1.33,1.33,1.33,0
2026-01-06 15:27:00,1.33,1.33,1.33,1.33,0
2026-01-06 15:28:00,1.33,1.33,1.33,1.33,0
2026-01-06 15:29:00,1.33,1.33,1.33,1.33,0
2026-01-06 15:30:00,1.33,1.33,1.33,1.33,0
2026-01-06 15:31:00,1.33,1.33,1.33,1.33,0
2026-01-06 15:32:00,1.33,1.33,1.33,1.33,0
2026-01-06 15:33:00,1.33,1.33,1.33,1.33,0
2026-01-06 15:34:00,1.33,1.33,1.33,1.33,0
2026-01-06 15:35:00,1.33,1.33,1.33,1.33,0
2026-01-06 15:36:00,1.33,1.33,1.33,1.33,0
2026-01-06 15:37:00,1.33,1.33,1.33,1.33,0
2026-01-06 15:38:00,1.33,1.33,1.33,1.33,0
2026-01-06 15:39:00,1.33,1.33,1.33,1.33,0
2026-01-06 15:40:00,1.33,1.33,1.33,1.33,0
2026-01-06 15:41:00,1.33,1.33,1.33,1.33,0
2026-01-06 15:42:00,1.33,1.33,1.33,1.33,0
2026-01-06 15:43:00,1.33,1.33,1.33,1.33,0
2026-01-06 15:44:00,1.33,1.33,1.33,1.33,0
2026-01-06 15:45:00,1.33,1.33,1.33,1.33,0
2026-01-06 15:46:00,1.3201,1.3201,1.3201,1.3201,10
2026-01-06 15:47:00,1.3201,1.3201,1.3201,1.3201,0
2026-01-06 15:48:00,1.3201,1.3201,1.3201,1.3201,0
2026-01-06 15:49:00,1.3201,1.3201,1.3201,1.3201,0
2026-01-06 15:50:00,1.3201,1.3201,1.3201,1.3201,0
2026-01-06 15:51:00,1.3201,1.3201,1.3201,1.3201,0
2026-01-06 15:52:00,1.3201,1.3201,1.3201,1.3201,0
2026-01-06 15:53:00,1.33,1.33,1.33,1.33,1
2026-01-06 15:54:00,1.33,1.33,1.33,1.33,0
2026-01-06 15:55:00,1.31,1.31,1.31,1.31,3
2026-01-06 15:56:00,1.31,1.31,1.31,1.31,0
2026-01-06 15:57:00,1.33,1.33,1.33,1.33,1
2026-01-06 15:58:00,1.33,1.33,1.33,1.33,0
2026-01-06 15:59:00,1.31,1.33,1.3,1.3,33
2026-01-07 09:30:00,1.35,1.35,1.35,1.35,0
2026-01-07 09:31:00,1.35,1.35,1.35,1.35,0
2026-01-07 09:32:00,1.35,1.35,1.35,1.35,0
2026-01-07 09:33:00,1.35,1.35,1.35,1.35,0
2026-01-07 09:34:00,1.35,1.35,1.35,1.35,0
2026-01-07 09:35:00,1.35,1.35,1.35,1.35,0
2026-01-07 09:36:00,1.35,1.35,1.35,1.35,0
2026-01-07 09:37:00,1.35,1.35,1.35,1.35,0
2026-01-07 09:38:00,1.35,1.35,1.35,1.35,0
2026-01-07 09:39:00,1.35,1.35,1.35,1.35,0
2026-01-07 09:40:00,1.35,1.35,1.35,1.35,0
2026-01-07 09:41:00,1.35,1.35,1.35,1.35,0
2026-01-07 09:42:00,1.35,1.35,1.35,1.35,0
2026-01-07 09:43:00,1.35,1.35,1.35,1.35,0
2026-01-07 09:44:00,1.35,1.35,1.35,1.35,0
2026-01-07 09:45:00,1.35,1.35,1.35,1.35,0
2026-01-07 09:46:00,1.35,1.35,1.35,1.35,0
2026-01-07 09:47:00,1.35,1.35,1.35,1.35,0
2026-01-07 09:48:00,1.35,1.35,1.35,1.35,0
2026-01-07 09:49:00,1.35,1.35,1.35,1.35,0
2026-01-07 09:50:00,1.35,1.35,1.35,1.35,0
2026-01-07 09:51:00,1.35,1.35,1.35,1.35,0
2026-01-07 09:52:00,1.35,1.35,1.35,1.35,0
2026-01-07 09:53:00,1.35,1.35,1.35,1.35,0
2026-01-07 09:54:00,1.35,1.35,1.35,1.35,0
2026-01-07 09:55:00,1.35,1.35,1.35,1.35,0
2026-01-07 09:56:00,1.35,1.35,1.35,1.35,0
2026-01-07 09:57:00,1.35,1.35,1.35,1.35,0
2026-01-07 09:58:00,1.35,1.35,1.35,1.35,0
2026-01-07 09:59:00,1.35,1.35,1.35,1.35,0
2026-01-07 10:00:00,1.35,1.35,1.35,1.35,0
2026-01-07 10:01:00,1.35,1.35,1.35,1.35,0
2026-01-07 10:02:00,1.35,1.35,1.35,1.35,0
2026-01-07 10:03:00,1.35,1.35,1.35,1.35,0
2026-01-07 10:04:00,1.35,1.35,1.35,1.35,0
2026-01-07 10:05:00,1.35,1.35,1.35,1.35,0
2026-01-07 10:06:00,1.35,1.35,1.35,1.35,0
2026-01-07 10:07:00,1.33,1.33,1.33,1.33,3
2026-01-07 10:08:00,1.33,1.33,1.33,1.33,1
2026-01-07 10:09:00,1.33,1.33,1.33,1.33,0
2026-01-07 10:10:00,1.33,1.33,1.33,1.33,0
2026-01-07 10:11:00,1.33,1.33,1.33,1.33,0
2026-01-07 10:12:00,1.33,1.33,1.33,1.33,0
2026-01-07 10:13:00,1.33,1.33,1.33,1.33,0
2026-01-07 10:14:00,1.33,1.33,1.33,1.33,0
2026-01-07 10:15:00,1.33,1.33,1.33,1.33,0
2026-01-07 10:16:00,1.345,1.345,1.34,1.34,99
2026-01-07 10:17:00,1.3547,1.3547,1.345,1.345,100
2026-01-07 10:18:00,1.345,1.345,1.345,1.345,0
2026-01-07 10:19:00,1.345,1.345,1.345,1.345,0
2026-01-07 10:20:00,1.345,1.345,1.345,1.345,0
2026-01-07 10:21:00,1.345,1.345,1.345,1.345,0
2026-01-07 10:22:00,1.345,1.345,1.345,1.345,100
2026-01-07 10:23:00,1.345,1.345,1.345,1.345,0
2026-01-07 10:24:00,1.345,1.345,1.345,1.345,0
2026-01-07 10:25:00,1.345,1.345,1.345,1.345,0
2026-01-07 10:26:00,1.345,1.345,1.345,1.345,0
2026-01-07 10:27:00,1.345,1.345,1.345,1.345,0
2026-01-07 10:28:00,1.345,1.345,1.345,1.345,0
2026-01-07 10:29:00,1.345,1.345,1.345,1.345,0
2026-01-07 10:30:00,1.345,1.345,1.345,1.345,0
2026-01-07 10:31:00,1.345,1.345,1.345,1.345,0
2026-01-07 10:32:00,1.345,1.345,1.345,1.345,0
2026-01-07 10:33:00,1.345,1.345,1.345,1.345,0
2026-01-07 10:34:00,1.345,1.345,1.345,1.345,0
2026-01-07 10:35:00,1.36,1.36,1.36,1.36,1
2026-01-07 10:36:00,1.36,1.36,1.36,1.36,0
2026-01-07 10:37:00,1.36,1.36,1.36,1.36,11
2026-01-07 10:38:00,1.3548,1.3548,1.3548,1.3548,1
2026-01-07 10:39:00,1.3548,1.3548,1.3548,1.3548,0
2026-01-07 10:40:00,1.3548,1.3548,1.3548,1.3548,0
2026-01-07 10:41:00,1.3548,1.3548,1.3548,1.3548,0
2026-01-07 10:42:00,1.3548,1.3548,1.3548,1.3548,0
2026-01-07 10:43:00,1.3548,1.3548,1.3548,1.3548,0
2026-01-07 10:44:00,1.3548,1.3548,1.3548,1.3548,0
2026-01-07 10:45:00,1.3548,1.3548,1.3548,1.3548,0
2026-01-07 10:46:00,1.3548,1.3548,1.3548,1.3548,0
2026-01-07 10:47:00,1.3548,1.3548,1.3548,1.3548,0
2026-01-07 10:48:00,1.3548,1.3548,1.3548,1.3548,0
2026-01-07 10:49:00,1.3548,1.3548,1.3548,1.3548,0
2026-01-07 10:50:00,1.3548,1.3548,1.3548,1.3548,0
2026-01-07 10:51:00,1.3548,1.3548,1.3548,1.3548,0
2026-01-07 10:52:00,1.3548,1.3548,1.3548,1.3548,0
2026-01-07 10:53:00,1.3548,1.3548,1.3548,1.3548,0
2026-01-07 10:54:00,1.3548,1.3548,1.3548,1.3548,0
2026-01-07 10:55:00,1.3548,1.3548,1.3548,1.3548,0
2026-01-07 10:56:00,1.3548,1.3548,1.3548,1.3548,0
2026-01-07 10:57:00,1.3548,1.3548,1.3548,1.3548,0
2026-01-07 10:58:00,1.3548,1.3548,1.3548,1.3548,0
2026-01-07 10:59:00,1.3548,1.3548,1.3548,1.3548,0
2026-01-07 11:00:00,1.3548,1.3548,1.3548,1.3548,0
2026-01-07 11:01:00,1.35,1.35,1.35,1.35,4
2026-01-07 11:02:00,1.35,1.35,1.35,1.35,0
2026-01-07 11:03:00,1.35,1.35,1.35,1.35,0
2026-01-07 11:04:00,1.35,1.35,1.35,1.35,0
2026-01-07 11:05:00,1.35,1.35,1.35,1.35,0
2026-01-07 11:06:00,1.35,1.35,1.35,1.35,0
2026-01-07 11:07:00,1.35,1.35,1.35,1.35,0
2026-01-07 11:08:00,1.36,1.37,1.36,1.37,32
2026-01-07 11:09:00,1.37,1.37,1.37,1.37,0
2026-01-07 11:10:00,1.37,1.37,1.37,1.37,0
2026-01-07 11:11:00,1.37,1.37,1.37,1.37,0
2026-01-07 11:12:00,1.37,1.37,1.37,1.37,0
2026-01-07 11:13:00,1.37,1.37,1.37,1.37,30
2026-01-07 11:14:00,1.37,1.37,1.37,1.37,0
2026-01-07 11:15:00,1.37,1.37,1.37,1.37,0
2026-01-07 11:16:00,1.37,1.37,1.37,1.37,0
2026-01-07 11:17:00,1.37,1.37,1.37,1.37,0
2026-01-07 11:18:00,1.37,1.37,1.37,1.37,0
2026-01-07 11:19:00,1.37,1.37,1.37,1.37,0
2026-01-07 11:20:00,1.37,1.37,1.37,1.37,0
2026-01-07 11:21:00,1.37,1.37,1.37,1.37,0
2026-01-07 11:22:00,1.37,1.37,1.37,1.37,0
2026-01-07 11:23:00,1.37,1.37,1.37,1.37,0
2026-01-07 11:24:00,1.37,1.37,1.37,1.37,0
2026-01-07 11:25:00,1.37,1.37,1.37,1.37,0
2026-01-07 11:26:00,1.37,1.37,1.37,1.37,0
2026-01-07 11:27:00,1.37,1.37,1.37,1.37,0
2026-01-07 11:28:00,1.37,1.37,1.37,1.37,0
2026-01-07 11:29:00,1.37,1.37,1.37,1.37,0
2026-01-07 11:30:00,1.37,1.37,1.37,1.37,0
2026-01-07 11:31:00,1.37,1.37,1.37,1.37,0
2026-01-07 11:32:00,1.37,1.37,1.37,1.37,0
2026-01-07 11:33:00,1.37,1.37,1.37,1.37,0
2026-01-07 11:34:00,1.37,1.37,1.37,1.37,0
2026-01-07 11:35:00,1.37,1.37,1.37,1.37,0
2026-01-07 11:36:00,1.37,1.37,1.37,1.37,0
2026-01-07 11:37:00,1.37,1.37,1.37,1.37,0
2026-01-07 11:38:00,1.37,1.37,1.37,1.37,0
2026-01-07 11:39:00,1.37,1.37,1.37,1.37,0
2026-01-07 11:40:00,1.37,1.37,1.37,1.37,0
2026-01-07 11:41:00,1.37,1.37,1.37,1.37,0
2026-01-07 11:42:00,1.37,1.37,1.37,1.37,0
2026-01-07 11:43:00,1.37,1.37,1.37,1.37,0
2026-01-07 11:44:00,1.37,1.37,1.37,1.37,0
2026-01-07 11:45:00,1.37,1.37,1.37,1.37,0
2026-01-07 11:46:00,1.37,1.37,1.37,1.37,0
2026-01-07 11:47:00,1.37,1.37,1.37,1.37,0
2026-01-07 11:48:00,1.37,1.37,1.37,1.37,0
2026-01-07 11:49:00,1.37,1.37,1.37,1.37,0
2026-01-07 11:50:00,1.37,1.37,1.37,1.37,0
2026-01-07 11:51:00,1.37,1.37,1.37,1.37,0
2026-01-07 11:52:00,1.41,1.41,1.4032,1.4032,22
2026-01-07 11:53:00,1.39,1.39,1.39,1.39,5
2026-01-07 11:54:00,1.39,1.39,1.39,1.39,0
2026-01-07 11:55:00,1.39,1.39,1.39,1.39,0
2026-01-07 11:56:00,1.39,1.39,1.39,1.39,0
2026-01-07 11:57:00,1.39,1.39,1.39,1.39,0
2026-01-07 11:58:00,1.39,1.39,1.39,1.39,0
2026-01-07 11:59:00,1.39,1.39,1.39,1.39,0
2026-01-07 12:00:00,1.39,1.39,1.39,1.39,0
2026-01-07 12:01:00,1.39,1.39,1.39,1.39,0
2026-01-07 12:02:00,1.396,1.396,1.396,1.396,2
2026-01-07 12:03:00,1.396,1.396,1.396,1.396,0
2026-01-07 12:04:00,1.396,1.396,1.396,1.396,0
2026-01-07 12:05:00,1.39,1.39,1.39,1.39,1
2026-01-07 12:06:00,1.39,1.39,1.39,1.39,0
2026-01-07 12:07:00,1.39,1.39,1.39,1.39,1
2026-01-07 12:08:00,1.39,1.39,1.39,1.39,0
2026-01-07 12:09:00,1.39,1.39,1.39,1.39,0
2026-01-07 12:10:00,1.39,1.39,1.39,1.39,0
2026-01-07 12:11:00,1.39,1.39,1.39,1.39,0
2026-01-07 12:12:00,1.39,1.39,1.39,1.39,0
2026-01-07 12:13:00,1.39,1.39,1.39,1.39,0
2026-01-07 12:14:00,1.39,1.39,1.39,1.39,0
2026-01-07 12:15:00,1.39,1.39,1.39,1.39,0
2026-01-07 12:16:00,1.39,1.39,1.39,1.39,0
2026-01-07 12:17:00,1.39,1.39,1.39,1.39,0
2026-01-07 12:18:00,1.39,1.39,1.39,1.39,0
2026-01-07 12:19:00,1.39,1.39,1.39,1.39,0
2026-01-07 12:20:00,1.39,1.39,1.39,1.39,0
2026-01-07 12:21:00,1.39,1.39,1.39,1.39,0
2026-01-07 12:22:00,1.39,1.39,1.39,1.39,0
2026-01-07 12:23:00,1.39,1.39,1.39,1.39,0
2026-01-07 12:24:00,1.39,1.39,1.39,1.39,0
2026-01-07 12:25:00,1.39,1.39,1.39,1.39,0
2026-01-07 12:26:00,1.39,1.39,1.39,1.39,0
2026-01-07 12:27:00,1.4091,1.41,1.4091,1.41,3
2026-01-07 12:28:00,1.415,1.415,1.415,1.415,40
2026-01-07 12:29:00,1.42,1.43,1.42,1.43,7
2026-01-07 12:30:00,1.43,1.43,1.43,1.43,0
2026-01-07 12:31:00,1.43,1.43,1.43,1.43,0
2026-01-07 12:32:00,1.43,1.43,1.43,1.43,0
2026-01-07 12:33:00,1.43,1.43,1.43,1.43,0
2026-01-07 12:34:00,1.43,1.43,1.43,1.43,0
2026-01-07 12:35:00,1.43,1.43,1.43,1.43,0
2026-01-07 12:36:00,1.43,1.43,1.43,1.43,0
2026-01-07 12:37:00,1.43,1.43,1.43,1.43,0
2026-01-07 12:38:00,1.43,1.43,1.43,1.43,0
2026-01-07 12:39:00,1.43,1.43,1.43,1.43,0
2026-01-07 12:40:00,1.43,1.43,1.43,1.43,0
2026-01-07 12:41:00,1.43,1.43,1.43,1.43,0
2026-01-07 12:42:00,1.43,1.43,1.43,1.43,0
2026-01-07 12:43:00,1.43,1.43,1.43,1.43,0
2026-01-07 12:44:00,1.43,1.43,1.43,1.43,0
2026-01-07 12:45:00,1.43,1.43,1.43,1.43,0
2026-01-07 12:46:00,1.42,1.43,1.42,1.43,9
2026-01-07 12:47:00,1.4287,1.4287,1.4287,1.4287,6
2026-01-07 12:48:00,1.4287,1.4287,1.4287,1.4287,0
2026-01-07 12:49:00,1.42,1.42,1.42,1.42,10
2026-01-07 12:50:00,1.42,1.42,1.42,1.42,0
2026-01-07 12:51:00,1.42,1.42,1.42,1.42,0
2026-01-07 12:52:00,1.43,1.43,1.4,1.4,34
2026-01-07 12:53:00,1.4142,1.4142,1.4142,1.4142,5
2026-01-07 12:54:00,1.4142,1.4142,1.4142,1.4142,0
2026-01-07 12:55:00,1.4142,1.4142,1.4142,1.4142,0
2026-01-07 12:56:00,1.4142,1.4142,1.4142,1.4142,0
2026-01-07 12:57:00,1.4142,1.4142,1.4142,1.4142,0
2026-01-07 12:58:00,1.4142,1.4142,1.4142,1.4142,0
2026-01-07 12:59:00,1.4142,1.4142,1.4142,1.4142,0
2026-01-07 13:00:00,1.4142,1.4142,1.4142,1.4142,0
2026-01-07 13:01:00,1.4142,1.4142,1.4142,1.4142,0
2026-01-07 13:02:00,1.4142,1.4142,1.4142,1.4142,0
2026-01-07 13:03:00,1.4142,1.4142,1.4142,1.4142,0
2026-01-07 13:04:00,1.4142,1.4142,1.4142,1.4142,0
2026-01-07 13:05:00,1.4142,1.4142,1.4142,1.4142,0
2026-01-07 13:06:00,1.4142,1.4142,1.4142,1.4142,0
2026-01-07 13:07:00,1.4142,1.4142,1.4142,1.4142,0
2026-01-07 13:08:00,1.4142,1.4142,1.4142,1.4142,0
2026-01-07 13:09:00,1.4142,1.4142,1.4142,1.4142,0
2026-01-07 13:10:00,1.4142,1.4142,1.4142,1.4142,0
2026-01-07 13:11:00,1.4142,1.4142,1.4142,1.4142,0
2026-01-07 13:12:00,1.4142,1.4142,1.4142,1.4142,0
2026-01-07 13:13:00,1.4142,1.4142,1.4142,1.4142,0
2026-01-07 13:14:00,1.4142,1.4142,1.4142,1.4142,0
2026-01-07 13:15:00,1.4142,1.4142,1.4142,1.4142,0
2026-01-07 13:16:00,1.4142,1.4142,1.4142,1.4142,0
2026-01-07 13:17:00,1.4142,1.4142,1.4142,1.4142,0
2026-01-07 13:18:00,1.4142,1.4142,1.4142,1.4142,0
2026-01-07 13:19:00,1.4142,1.4142,1.4142,1.4142,0
2026-01-07 13:20:00,1.4142,1.4142,1.4142,1.4142,0
2026-01-07 13:21:00,1.4142,1.4142,1.4142,1.4142,0
2026-01-07 13:22:00,1.42,1.42,1.42,1.42,1
2026-01-07 13:23:00,1.42,1.42,1.42,1.42,0
2026-01-07 13:24:00,1.42,1.42,1.42,1.42,0
2026-01-07 13:25:00,1.42,1.42,1.42,1.42,0
2026-01-07 13:26:00,1.42,1.42,1.42,1.42,0
2026-01-07 13:27:00,1.42,1.42,1.42,1.42,0
2026-01-07 13:28:00,1.42,1.42,1.42,1.42,0
2026-01-07 13:29:00,1.42,1.42,1.42,1.42,0
2026-01-07 13:30:00,1.42,1.42,1.42,1.42,0
2026-01-07 13:31:00,1.42,1.42,1.42,1.42,0
2026-01-07 13:32:00,1.42,1.42,1.42,1.42,0
2026-01-07 13:33:00,1.42,1.42,1.42,1.42,9
2026-01-07 13:34:00,1.42,1.42,1.42,1.42,0
2026-01-07 13:35:00,1.42,1.42,1.42,1.42,0
2026-01-07 13:36:00,1.42,1.42,1.42,1.42,0
2026-01-07 13:37:00,1.42,1.42,1.42,1.42,0
2026-01-07 13:38:00,1.42,1.42,1.42,1.42,0
2026-01-07 13:39:00,1.42,1.42,1.42,1.42,0
2026-01-07 13:40:00,1.42,1.42,1.42,1.42,0
2026-01-07 13:41:00,1.42,1.42,1.42,1.42,0
2026-01-07 13:42:00,1.42,1.42,1.42,1.42,0
2026-01-07 13:43:00,1.42,1.42,1.42,1.42,0
2026-01-07 13:44:00,1.42,1.42,1.42,1.42,0
2026-01-07 13:45:00,1.42,1.42,1.42,1.42,0
2026-01-07 13:46:00,1.42,1.42,1.42,1.42,0
2026-01-07 13:47:00,1.42,1.42,1.42,1.42,0
2026-01-07 13:48:00,1.42,1.42,1.42,1.42,0
2026-01-07 13:49:00,1.42,1.42,1.42,1.42,0
2026-01-07 13:50:00,1.42,1.42,1.42,1.42,0
2026-01-07 13:51:00,1.42,1.42,1.42,1.42,0
2026-01-07 13:52:00,1.43,1.43,1.43,1.43,1
2026-01-07 13:53:00,1.43,1.43,1.43,1.43,0
2026-01-07 13:54:00,1.43,1.43,1.43,1.43,0
2026-01-07 13:55:00,1.43,1.43,1.43,1.43,0
2026-01-07 13:56:00,1.43,1.43,1.43,1.43,0
2026-01-07 13:57:00,1.43,1.43,1.43,1.43,0
2026-01-07 13:58:00,1.43,1.43,1.43,1.43,0
2026-01-07 13:59:00,1.43,1.43,1.43,1.43,0
2026-01-07 14:00:00,1.43,1.43,1.43,1.43,0
2026-01-07 14:01:00,1.43,1.43,1.43,1.43,0
2026-01-07 14:02:00,1.43,1.43,1.43,1.43,0
2026-01-07 14:03:00,1.43,1.43,1.43,1.43,3
2026-01-07 14:04:00,1.425,1.425,1.421,1.421,9
2026-01-07 14:05:00,1.421,1.421,1.421,1.421,0
2026-01-07 14:06:00,1.421,1.421,1.421,1.421,0
2026-01-07 14:07:00,1.4287,1.4287,1.4287,1.4287,1
2026-01-07 14:08:00,1.43,1.43,1.43,1.43,10
2026-01-07 14:09:00,1.43,1.43,1.43,1.43,0
2026-01-07 14:10:00,1.43,1.43,1.43,1.43,0
2026-01-07 14:11:00,1.43,1.43,1.43,1.43,0
2026-01-07 14:12:00,1.43,1.43,1.43,1.43,0
2026-01-07 14:13:00,1.43,1.43,1.43,1.43,0
2026-01-07 14:14:00,1.43,1.43,1.43,1.43,0
2026-01-07 14:15:00,1.43,1.43,1.43,1.43,0
2026-01-07 14:16:00,1.43,1.43,1.43,1.43,0
2026-01-07 14:17:00,1.43,1.43,1.43,1.43,0
2026-01-07 14:18:00,1.43,1.48,1.43,1.44,122
2026-01-07 14:19:00,1.44,1.44,1.44,1.44,0
2026-01-07 14:20:00,1.4857,1.4857,1.4857,1.4857,1
2026-01-07 14:21:00,1.49,1.5,1.49,1.5,6
2026-01-07 14:22:00,1.5,1.5,1.5,1.5,0
2026-01-07 14:23:00,1.5,1.5,1.5,1.5,0
2026-01-07 14:24:00,1.5,1.5,1.5,1.5,0
2026-01-07 14:25:00,1.5,1.5,1.5,1.5,0
2026-01-07 14:26:00,1.5,1.5,1.5,1.5,0
2026-01-07 14:27:00,1.5,1.5,1.5,1.5,0
2026-01-07 14:28:00,1.49,1.49,1.48,1.48,37
2026-01-07 14:29:00,1.48,1.48,1.48,1.48,0
2026-01-07 14:30:00,1.48,1.48,1.48,1.48,0
2026-01-07 14:31:00,1.48,1.48,1.48,1.48,0
2026-01-07 14:32:00,1.475,1.475,1.475,1.475,1
2026-01-07 14:33:00,1.475,1.475,1.475,1.475,0
2026-01-07 14:34:00,1.475,1.475,1.475,1.475,0
2026-01-07 14:35:00,1.475,1.475,1.475,1.475,0
2026-01-07 14:36:00,1.475,1.475,1.475,1.475,0
2026-01-07 14:37:00,1.475,1.475,1.475,1.475,0
2026-01-07 14:38:00,1.475,1.475,1.475,1.475,0
2026-01-07 14:39:00,1.475,1.475,1.475,1.475,0
2026-01-07 14:40:00,1.49,1.4999,1.49,1.4999,5
2026-01-07 14:41:00,1.4999,1.4999,1.4999,1.4999,0
2026-01-07 14:42:00,1.4999,1.4999,1.4999,1.4999,0
2026-01-07 14:43:00,1.49,1.49,1.49,1.49,4
2026-01-07 14:44:00,1.49,1.49,1.49,1.49,0
2026-01-07 14:45:00,1.49,1.49,1.49,1.49,0
2026-01-07 14:46:00,1.49,1.49,1.49,1.49,0
2026-01-07 14:47:00,1.49,1.49,1.49,1.49,0
2026-01-07 14:48:00,1.48,1.48,1.48,1.48,5
2026-01-07 14:49:00,1.5,1.51,1.5,1.51,12
2026-01-07 14:50:00,1.51,1.51,1.51,1.51,0
2026-01-07 14:51:00,1.5368,1.5368,1.5368,1.5368,10
2026-01-07 14:52:00,1.5368,1.5368,1.5368,1.5368,0
2026-01-07 14:53:00,1.5368,1.5368,1.5368,1.5368,0
2026-01-07 14:54:00,1.5368,1.5368,1.5368,1.5368,0
2026-01-07 14:55:00,1.5368,1.5368,1.5368,1.5368,0
2026-01-07 14:56:00,1.5368,1.5368,1.5368,1.5368,0
2026-01-07 14:57:00,1.5226,1.5226,1.5226,1.5226,40
2026-01-07 14:58:00,1.5226,1.5226,1.5226,1.5226,0
2026-01-07 14:59:00,1.5226,1.5226,1.5226,1.5226,0
2026-01-07 15:00:00,1.5226,1.5226,1.5226,1.5226,0
2026-01-07 15:01:00,1.5226,1.5226,1.5226,1.5226,0
2026-01-07 15:02:00,1.5226,1.5226,1.5226,1.5226,0
2026-01-07 15:03:00,1.5226,1.5226,1.5226,1.5226,0
2026-01-07 15:04:00,1.5299,1.53,1.5299,1.53,11
2026-01-07 15:05:00,1.53,1.53,1.53,1.53,0
2026-01-07 15:06:00,1.53,1.53,1.53,1.53,0
2026-01-07 15:07:00,1.53,1.53,1.53,1.53,0
2026-01-07 15:08:00,1.55,1.55,1.55,1.55,11
2026-01-07 15:09:00,1.55,1.55,1.55,1.55,0
2026-01-07 15:10:00,1.55,1.55,1.55,1.55,0
2026-01-07 15:11:00,1.55,1.55,1.55,1.55,0
2026-01-07 15:12:00,1.55,1.55,1.55,1.55,0
2026-01-07 15:13:00,1.55,1.55,1.55,1.55,0
2026-01-07 15:14:00,1.55,1.55,1.55,1.55,0
2026-01-07 15:15:00,1.55,1.55,1.55,1.55,0
2026-01-07 15:16:00,1.55,1.55,1.55,1.55,0
2026-01-07 15:17:00,1.55,1.55,1.55,1.55,0
2026-01-07 15:18:00,1.55,1.55,1.55,1.55,0
2026-01-07 15:19:00,1.56,1.56,1.56,1.56,4
2026-01-07 15:20:00,1.52,1.54,1.52,1.54,15
2026-01-07 15:21:00,1.54,1.54,1.54,1.54,0
2026-01-07 15:22:00,1.54,1.54,1.54,1.54,0
2026-01-07 15:23:00,1.54,1.54,1.54,1.54,0
2026-01-07 15:24:00,1.54,1.54,1.54,1.54,0
2026-01-07 15:25:00,1.54,1.54,1.54,1.54,0
2026-01-07 15:26:00,1.54,1.54,1.54,1.54,0
2026-01-07 15:27:00,1.54,1.54,1.54,1.54,0
2026-01-07 15:28:00,1.54,1.54,1.54,1.54,0
2026-01-07 15:29:00,1.54,1.54,1.54,1.54,0
2026-01-07 15:30:00,1.54,1.54,1.54,1.54,0
2026-01-07 15:31:00,1.54,1.54,1.54,1.54,0
2026-01-07 15:32:00,1.54,1.54,1.54,1.54,0
2026-01-07 15:33:00,1.5325,1.5325,1.5325,1.5325,1
2026-01-07 15:34:00,1.5325,1.5325,1.5325,1.5325,0
2026-01-07 15:35:00,1.5325,1.5325,1.5325,1.5325,0
2026-01-07 15:36:00,1.5325,1.5325,1.5325,1.5325,0
2026-01-07 15:37:00,1.5325,1.5325,1.5325,1.5325,0
2026-01-07 15:38:00,1.5325,1.5325,1.5325,1.5325,0
2026-01-07 15:39:00,1.5325,1.5325,1.5325,1.5325,0
2026-01-07 15:40:00,1.5325,1.5325,1.5325,1.5325,0
2026-01-07 15:41:00,1.52,1.52,1.52,1.52,1
2026-01-07 15:42:00,1.52,1.52,1.52,1.52,0
2026-01-07 15:43:00,1.52,1.52,1.52,1.52,0
2026-01-07 15:44:00,1.52,1.52,1.52,1.52,0
2026-01-07 15:45:00,1.52,1.52,1.52,1.52,0
2026-01-07 15:46:00,1.52,1.52,1.52,1.52,0
2026-01-07 15:47:00,1.52,1.52,1.52,1.52,0
2026-01-07 15:48:00,1.52,1.52,1.52,1.52,0
2026-01-07 15:49:00,1.51,1.51,1.51,1.51,3
2026-01-07 15:50:00,1.51,1.51,1.51,1.51,0
2026-01-07 15:51:00,1.5072,1.5072,1.5072,1.5072,10
2026-01-07 15:52:00,1.5072,1.5072,1.5072,1.5072,0
2026-01-07 15:53:00,1.52,1.52,1.5,1.5124,43
2026-01-07 15:54:00,1.52,1.52,1.52,1.52,9
2026-01-07 15:55:00,1.51,1.51,1.51,1.51,6
2026-01-07 15:56:00,1.505,1.505,1.5002,1.5002,3
2026-01-07 15:57:00,1.51,1.52,1.51,1.52,13
2026-01-07 15:58:00,1.52,1.52,1.52,1.52,3
2026-01-07 15:59:00,1.53,1.54,1.53,1.535,16
2026-01-08 09:30:00,1.53,1.53,1.5155,1.5155,15
2026-01-08 09:31:00,1.5,1.505,1.5,1.505,8
2026-01-08 09:32:00,1.505,1.505,1.505,1.505,0
2026-01-08 09:33:00,1.505,1.505,1.505,1.505,0
2026-01-08 09:34:00,1.505,1.505,1.505,1.505,0
2026-01-08 09:35:00,1.505,1.505,1.505,1.505,0
2026-01-08 09:36:00,1.505,1.505,1.505,1.505,0
2026-01-08 09:37:00,1.505,1.505,1.505,1.505,0
2026-01-08 09:38:00,1.505,1.505,1.505,1.505,0
2026-01-08 09:39:00,1.505,1.505,1.505,1.505,0
2026-01-08 09:40:00,1.505,1.505,1.505,1.505,0
2026-01-08 09:41:00,1.505,1.505,1.505,1.505,0
2026-01-08 09:42:00,1.505,1.505,1.505,1.505,0
2026-01-08 09:43:00,1.505,1.505,1.505,1.505,0
2026-01-08 09:44:00,1.505,1.505,1.505,1.505,0
2026-01-08 09:45:00,1.505,1.505,1.505,1.505,0
2026-01-08 09:46:00,1.505,1.505,1.505,1.505,0
2026-01-08 09:47:00,1.505,1.505,1.505,1.505,0
2026-01-08 09:48:00,1.505,1.505,1.505,1.505,0
2026-01-08 09:49:00,1.505,1.505,1.505,1.505,0
2026-01-08 09:50:00,1.505,1.505,1.505,1.505,0
2026-01-08 09:51:00,1.505,1.505,1.505,1.505,0
2026-01-08 09:52:00,1.505,1.505,1.505,1.505,0
2026-01-08 09:53:00,1.505,1.505,1.505,1.505,0
2026-01-08 09:54:00,1.505,1.505,1.505,1.505,0
2026-01-08 09:55:00,1.505,1.505,1.505,1.505,0
2026-01-08 09:56:00,1.505,1.505,1.505,1.505,0
2026-01-08 09:57:00,1.505,1.505,1.505,1.505,0
2026-01-08 09:58:00,1.505,1.505,1.505,1.505,0
2026-01-08 09:59:00,1.505,1.505,1.505,1.505,0
2026-01-08 10:00:00,1.505,1.505,1.505,1.505,0
2026-01-08 10:01:00,1.505,1.505,1.505,1.505,0
2026-01-08 10:02:00,1.505,1.505,1.505,1.505,0
2026-01-08 10:03:00,1.505,1.505,1.505,1.505,0
2026-01-08 10:04:00,1.505,1.505,1.505,1.505,0
2026-01-08 10:05:00,1.505,1.505,1.505,1.505,0
2026-01-08 10:06:00,1.505,1.505,1.505,1.505,0
2026-01-08 10:07:00,1.505,1.505,1.505,1.505,0
2026-01-08 10:08:00,1.505,1.505,1.505,1.505,0
2026-01-08 10:09:00,1.505,1.505,1.505,1.505,0
2026-01-08 10:10:00,1.505,1.505,1.505,1.505,0
2026-01-08 10:11:00,1.505,1.505,1.505,1.505,0
2026-01-08 10:12:00,1.505,1.505,1.505,1.505,0
2026-01-08 10:13:00,1.505,1.505,1.505,1.505,0
2026-01-08 10:14:00,1.505,1.505,1.505,1.505,0
2026-01-08 10:15:00,1.505,1.505,1.505,1.505,0
2026-01-08 10:16:00,1.505,1.505,1.505,1.505,0
2026-01-08 10:17:00,1.505,1.505,1.505,1.505,0
2026-01-08 10:18:00,1.505,1.505,1.505,1.505,0
2026-01-08 10:19:00,1.505,1.505,1.505,1.505,0
2026-01-08 10:20:00,1.505,1.505,1.505,1.505,0
2026-01-08 10:21:00,1.505,1.505,1.505,1.505,0
2026-01-08 10:22:00,1.505,1.505,1.505,1.505,0
2026-01-08 10:23:00,1.505,1.505,1.505,1.505,0
2026-01-08 10:24:00,1.505,1.505,1.505,1.505,0
2026-01-08 10:25:00,1.505,1.505,1.505,1.505,0
2026-01-08 10:26:00,1.505,1.505,1.505,1.505,0
2026-01-08 10:27:00,1.505,1.505,1.505,1.505,0
2026-01-08 10:28:00,1.505,1.505,1.505,1.505,0
2026-01-08 10:29:00,1.505,1.505,1.505,1.505,0
2026-01-08 10:30:00,1.505,1.505,1.505,1.505,0
2026-01-08 10:31:00,1.505,1.505,1.505,1.505,0
2026-01-08 10:32:00,1.49,1.49,1.49,1.49,2
2026-01-08 10:33:00,1.49,1.49,1.49,1.49,0
2026-01-08 10:34:00,1.51,1.5238,1.51,1.5238,13
2026-01-08 10:35:00,1.5238,1.5238,1.5238,1.5238,0
2026-01-08 10:36:00,1.5238,1.5238,1.5238,1.5238,0
2026-01-08 10:37:00,1.5238,1.5238,1.5238,1.5238,0
2026-01-08 10:38:00,1.5238,1.5238,1.5238,1.5238,0
2026-01-08 10:39:00,1.5238,1.5238,1.5238,1.5238,0
2026-01-08 10:40:00,1.5238,1.5238,1.5238,1.5238,0
2026-01-08 10:41:00,1.5238,1.5238,1.5238,1.5238,0
2026-01-08 10:42:00,1.5238,1.5238,1.5238,1.5238,0
2026-01-08 10:43:00,1.5238,1.5238,1.5238,1.5238,0
2026-01-08 10:44:00,1.5238,1.5238,1.5238,1.5238,0
2026-01-08 10:45:00,1.5238,1.5238,1.5238,1.5238,0
2026-01-08 10:46:00,1.5238,1.5238,1.5238,1.5238,0
2026-01-08 10:47:00,1.5238,1.5238,1.5238,1.5238,0
2026-01-08 10:48:00,1.5238,1.5238,1.5238,1.5238,0
2026-01-08 10:49:00,1.5238,1.5238,1.5238,1.5238,0
2026-01-08 10:50:00,1.5238,1.5238,1.5238,1.5238,0
2026-01-08 10:51:00,1.5238,1.5238,1.5238,1.5238,0
2026-01-08 10:52:00,1.5238,1.5238,1.5238,1.5238,0
2026-01-08 10:53:00,1.5238,1.5238,1.5238,1.5238,0
2026-01-08 10:54:00,1.5238,1.5238,1.5238,1.5238,0
2026-01-08 10:55:00,1.5238,1.5238,1.5238,1.5238,0
2026-01-08 10:56:00,1.5238,1.5238,1.5238,1.5238,0
2026-01-08 10:57:00,1.5238,1.5238,1.5238,1.5238,0
2026-01-08 10:58:00,1.5238,1.5238,1.5238,1.5238,0
2026-01-08 10:59:00,1.5238,1.5238,1.5238,1.5238,0
2026-01-08 11:00:00,1.5238,1.5238,1.5238,1.5238,0
2026-01-08 11:01:00,1.5238,1.5238,1.5238,1.5238,0
2026-01-08 11:02:00,1.5238,1.5238,1.5238,1.5238,0
2026-01-08 11:03:00,1.5238,1.5238,1.5238,1.5238,0
2026-01-08 11:04:00,1.5238,1.5238,1.5238,1.5238,0
2026-01-08 11:05:00,1.51,1.51,1.51,1.51,8
2026-01-08 11:06:00,1.51,1.51,1.51,1.51,0
2026-01-08 11:07:00,1.51,1.51,1.51,1.51,0
2026-01-08 11:08:00,1.51,1.51,1.51,1.51,0
2026-01-08 11:09:00,1.51,1.51,1.51,1.51,0
2026-01-08 11:10:00,1.51,1.51,1.51,1.51,0
2026-01-08 11:11:00,1.51,1.51,1.51,1.51,0
2026-01-08 11:12:00,1.51,1.51,1.51,1.51,0
2026-01-08 11:13:00,1.51,1.51,1.51,1.51,0
2026-01-08 11:14:00,1.51,1.51,1.51,1.51,0
2026-01-08 11:15:00,1.51,1.51,1.51,1.51,0
2026-01-08 11:16:00,1.51,1.51,1.51,1.51,0
2026-01-08 11:17:00,1.51,1.51,1.51,1.51,0
2026-01-08 11:18:00,1.51,1.51,1.51,1.51,0
2026-01-08 11:19:00,1.51,1.51,1.51,1.51,0
2026-01-08 11:20:00,1.51,1.51,1.51,1.51,0
2026-01-08 11:21:00,1.51,1.51,1.51,1.51,0
2026-01-08 11:22:00,1.51,1.51,1.51,1.51,0
2026-01-08 11:23:00,1.51,1.51,1.51,1.51,0
2026-01-08 11:24:00,1.51,1.51,1.51,1.51,0
2026-01-08 11:25:00,1.51,1.51,1.51,1.51,0
2026-01-08 11:26:00,1.51,1.51,1.51,1.51,0
2026-01-08 11:27:00,1.51,1.51,1.51,1.51,0
2026-01-08 11:28:00,1.51,1.51,1.51,1.51,0
2026-01-08 11:29:00,1.51,1.51,1.51,1.51,0
2026-01-08 11:30:00,1.51,1.51,1.51,1.51,0
2026-01-08 11:31:00,1.51,1.51,1.51,1.51,0
2026-01-08 11:32:00,1.51,1.51,1.51,1.51,0
2026-01-08 11:33:00,1.51,1.51,1.51,1.51,0
2026-01-08 11:34:00,1.51,1.51,1.51,1.51,0
2026-01-08 11:35:00,1.51,1.51,1.51,1.51,0
2026-01-08 11:36:00,1.51,1.51,1.51,1.51,0
2026-01-08 11:37:00,1.51,1.51,1.51,1.51,0
2026-01-08 11:38:00,1.51,1.51,1.51,1.51,0
2026-01-08 11:39:00,1.51,1.51,1.51,1.51,0
2026-01-08 11:40:00,1.51,1.51,1.51,1.51,0
2026-01-08 11:41:00,1.51,1.51,1.51,1.51,0
2026-01-08 11:42:00,1.51,1.51,1.51,1.51,0
2026-01-08 11:43:00,1.51,1.51,1.51,1.51,0
2026-01-08 11:44:00,1.51,1.51,1.51,1.51,0
2026-01-08 11:45:00,1.51,1.51,1.51,1.51,0
2026-01-08 11:46:00,1.51,1.51,1.51,1.51,0
2026-01-08 11:47:00,1.51,1.51,1.51,1.51,0
2026-01-08 11:48:00,1.51,1.51,1.51,1.51,0
2026-01-08 11:49:00,1.51,1.51,1.51,1.51,0
2026-01-08 11:50:00,1.51,1.51,1.51,1.51,0
2026-01-08 11:51:00,1.51,1.51,1.51,1.51,0
2026-01-08 11:52:00,1.51,1.51,1.51,1.51,0
2026-01-08 11:53:00,1.51,1.51,1.51,1.51,0
2026-01-08 11:54:00,1.51,1.51,1.51,1.51,0
2026-01-08 11:55:00,1.51,1.51,1.51,1.51,0
2026-01-08 11:56:00,1.51,1.51,1.51,1.51,0
2026-01-08 11:57:00,1.51,1.51,1.51,1.51,0
2026-01-08 11:58:00,1.51,1.51,1.51,1.51,0
2026-01-08 11:59:00,1.51,1.51,1.51,1.51,0
2026-01-08 12:00:00,1.51,1.51,1.51,1.51,0
2026-01-08 12:01:00,1.51,1.51,1.51,1.51,0
2026-01-08 12:02:00,1.51,1.51,1.51,1.51,0
2026-01-08 12:03:00,1.51,1.51,1.51,1.51,0
2026-01-08 12:04:00,1.51,1.51,1.51,1.51,0
2026-01-08 12:05:00,1.51,1.51,1.51,1.51,0
2026-01-08 12:06:00,1.51,1.51,1.51,1.51,0
2026-01-08 12:07:00,1.5199,1.5199,1.5199,1.5199,2
2026-01-08 12:08:00,1.5199,1.5199,1.5199,1.5199,0
2026-01-08 12:09:00,1.5199,1.5199,1.5199,1.5199,0
2026-01-08 12:10:00,1.5199,1.5199,1.5199,1.5199,0
2026-01-08 12:11:00,1.5199,1.5199,1.5199,1.5199,0
2026-01-08 12:12:00,1.5199,1.5199,1.5199,1.5199,0
2026-01-08 12:13:00,1.5199,1.5199,1.5199,1.5199,0
2026-01-08 12:14:00,1.5199,1.5199,1.5199,1.5199,0
2026-01-08 12:15:00,1.5199,1.5199,1.5199,1.5199,0
2026-01-08 12:16:00,1.5199,1.5199,1.5199,1.5199,0
2026-01-08 12:17:00,1.5199,1.5199,1.5199,1.5199,0
2026-01-08 12:18:00,1.5199,1.5199,1.5199,1.5199,0
2026-01-08 12:19:00,1.5199,1.5199,1.5199,1.5199,0
2026-01-08 12:20:00,1.5199,1.5199,1.5199,1.5199,0
2026-01-08 12:21:00,1.5199,1.5199,1.5199,1.5199,0
2026-01-08 12:22:00,1.5199,1.5199,1.5199,1.5199,0
2026-01-08 12:23:00,1.5199,1.5199,1.5199,1.5199,0
2026-01-08 12:24:00,1.5199,1.5199,1.5199,1.5199,0
2026-01-08 12:25:00,1.5199,1.5199,1.5199,1.5199,0
2026-01-08 12:26:00,1.5199,1.5199,1.5199,1.5199,0
2026-01-08 12:27:00,1.5199,1.5199,1.5199,1.5199,0
2026-01-08 12:28:00,1.5199,1.5199,1.5199,1.5199,0
2026-01-08 12:29:00,1.5199,1.5199,1.5199,1.5199,0
2026-01-08 12:30:00,1.47,1.47,1.47,1.47,1
2026-01-08 12:31:00,1.47,1.47,1.47,1.47,0
2026-01-08 12:32:00,1.47,1.47,1.47,1.47,0
2026-01-08 12:33:00,1.47,1.47,1.47,1.47,0
2026-01-08 12:34:00,1.47,1.47,1.47,1.47,0
2026-01-08 12:35:00,1.47,1.47,1.47,1.47,0
2026-01-08 12:36:00,1.47,1.47,1.47,1.47,0
2026-01-08 12:37:00,1.47,1.47,1.47,1.47,0
2026-01-08 12:38:00,1.47,1.47,1.47,1.47,0
2026-01-08 12:39:00,1.47,1.47,1.47,1.47,0
2026-01-08 12:40:00,1.47,1.47,1.47,1.47,0
2026-01-08 12:41:00,1.47,1.47,1.47,1.47,0
2026-01-08 12:42:00,1.47,1.47,1.47,1.47,0
2026-01-08 12:43:00,1.47,1.47,1.47,1.47,0
2026-01-08 12:44:00,1.47,1.47,1.47,1.47,0
2026-01-08 12:45:00,1.47,1.47,1.47,1.47,0
2026-01-08 12:46:00,1.47,1.47,1.47,1.47,0
2026-01-08 12:47:00,1.47,1.47,1.47,1.47,0
2026-01-08 12:48:00,1.47,1.47,1.47,1.47,0
2026-01-08 12:49:00,1.47,1.47,1.47,1.47,0
2026-01-08 12:50:00,1.47,1.47,1.47,1.47,0
2026-01-08 12:51:00,1.47,1.47,1.47,1.47,0
2026-01-08 12:52:00,1.47,1.47,1.47,1.47,0
2026-01-08 12:53:00,1.494,1.4994,1.49,1.494,29
2026-01-08 12:54:00,1.494,1.494,1.494,1.494,0
2026-01-08 12:55:00,1.494,1.494,1.494,1.494,0
2026-01-08 12:56:00,1.494,1.494,1.494,1.494,0
2026-01-08 12:57:00,1.494,1.494,1.494,1.494,0
2026-01-08 12:58:00,1.494,1.494,1.494,1.494,0
2026-01-08 12:59:00,1.494,1.494,1.494,1.494,0
2026-01-08 13:00:00,1.494,1.494,1.494,1.494,0
2026-01-08 13:01:00,1.494,1.494,1.494,1.494,0
2026-01-08 13:02:00,1.494,1.494,1.494,1.494,0
2026-01-08 13:03:00,1.494,1.494,1.494,1.494,0
2026-01-08 13:04:00,1.494,1.494,1.494,1.494,0
2026-01-08 13:05:00,1.494,1.494,1.494,1.494,0
2026-01-08 13:06:00,1.494,1.494,1.494,1.494,0
2026-01-08 13:07:00,1.494,1.494,1.494,1.494,0
2026-01-08 13:08:00,1.494,1.494,1.494,1.494,0
2026-01-08 13:09:00,1.494,1.494,1.494,1.494,0
2026-01-08 13:10:00,1.494,1.494,1.494,1.494,0
2026-01-08 13:11:00,1.494,1.494,1.494,1.494,0
2026-01-08 13:12:00,1.494,1.494,1.494,1.494,0
2026-01-08 13:13:00,1.494,1.494,1.494,1.494,0
2026-01-08 13:14:00,1.494,1.494,1.494,1.494,0
2026-01-08 13:15:00,1.494,1.494,1.494,1.494,0
2026-01-08 13:16:00,1.494,1.494,1.494,1.494,0
2026-01-08 13:17:00,1.494,1.494,1.494,1.494,0
2026-01-08 13:18:00,1.494,1.494,1.494,1.494,0
2026-01-08 13:19:00,1.5,1.5,1.49,1.49,9
2026-01-08 13:20:00,1.49,1.49,1.49,1.49,0
2026-01-08 13:21:00,1.49,1.49,1.49,1.49,0
2026-01-08 13:22:00,1.49,1.49,1.49,1.49,0
2026-01-08 13:23:00,1.49,1.49,1.49,1.49,0
2026-01-08 13:24:00,1.49,1.49,1.49,1.49,0
2026-01-08 13:25:00,1.49,1.49,1.49,1.49,0
2026-01-08 13:26:00,1.49,1.49,1.49,1.49,0
2026-01-08 13:27:00,1.49,1.49,1.49,1.49,0
2026-01-08 13:28:00,1.49,1.49,1.49,1.49,0
2026-01-08 13:29:00,1.49,1.49,1.49,1.49,0
2026-01-08 13:30:00,1.49,1.49,1.49,1.49,0
2026-01-08 13:31:00,1.49,1.49,1.49,1.49,0
2026-01-08 13:32:00,1.49,1.49,1.49,1.49,0
2026-01-08 13:33:00,1.49,1.49,1.49,1.49,0
2026-01-08 13:34:00,1.49,1.49,1.49,1.49,0
2026-01-08 13:35:00,1.49,1.49,1.49,1.49,3
2026-01-08 13:36:00,1.49,1.49,1.49,1.49,0
2026-01-08 13:37:00,1.48,1.5,1.48,1.5,8
2026-01-08 13:38:00,1.5,1.5,1.5,1.5,0
2026-01-08 13:39:00,1.5,1.5,1.5,1.5,0
2026-01-08 13:40:00,1.5,1.5,1.5,1.5,0
2026-01-08 13:41:00,1.5,1.5,1.5,1.5,0
2026-01-08 13:42:00,1.5,1.5,1.5,1.5,0
2026-01-08 13:43:00,1.5,1.5,1.5,1.5,0
2026-01-08 13:44:00,1.5,1.5,1.5,1.5,0
2026-01-08 13:45:00,1.5,1.5,1.5,1.5,0
2026-01-08 13:46:00,1.5098,1.5098,1.5098,1.5098,1
2026-01-08 13:47:00,1.5098,1.5098,1.5098,1.5098,0
2026-01-08 13:48:00,1.5098,1.5098,1.5098,1.5098,0
2026-01-08 13:49:00,1.5098,1.5098,1.5098,1.5098,0
2026-01-08 13:50:00,1.5098,1.5098,1.5098,1.5098,0
2026-01-08 13:51:00,1.5098,1.5098,1.5098,1.5098,0
2026-01-08 13:52:00,1.5098,1.5098,1.5098,1.5098,0
2026-01-08 13:53:00,1.5098,1.5098,1.5098,1.5098,0
2026-01-08 13:54:00,1.5098,1.5098,1.5098,1.5098,0
2026-01-08 13:55:00,1.5098,1.5098,1.5098,1.5098,0
2026-01-08 13:56:00,1.5098,1.5098,1.5098,1.5098,0
2026-01-08 13:57:00,1.5098,1.5098,1.5098,1.5098,0
2026-01-08 13:58:00,1.5098,1.5098,1.5098,1.5098,0
2026-01-08 13:59:00,1.5098,1.5098,1.5098,1.5098,0
2026-01-08 14:00:00,1.5098,1.5098,1.5098,1.5098,0
2026-01-08 14:01:00,1.5098,1.5098,1.5098,1.5098,0
2026-01-08 14:02:00,1.5098,1.5098,1.5098,1.5098,0
2026-01-08 14:03:00,1.5098,1.5098,1.5098,1.5098,0
2026-01-08 14:04:00,1.5098,1.5098,1.5098,1.5098,0
2026-01-08 14:05:00,1.5098,1.5098,1.5098,1.5098,0
2026-01-08 14:06:00,1.5098,1.5098,1.5098,1.5098,0
2026-01-08 14:07:00,1.5098,1.5098,1.5098,1.5098,0
2026-01-08 14:08:00,1.5098,1.5098,1.5098,1.5098,0
2026-01-08 14:09:00,1.5098,1.5098,1.5098,1.5098,0
2026-01-08 14:10:00,1.5098,1.5098,1.5098,1.5098,0
2026-01-08 14:11:00,1.5098,1.5098,1.5098,1.5098,0
2026-01-08 14:12:00,1.5098,1.5098,1.5098,1.5098,0
2026-01-08 14:13:00,1.5098,1.5098,1.5098,1.5098,0
2026-01-08 14:14:00,1.5098,1.5098,1.5098,1.5098,0
2026-01-08 14:15:00,1.4856,1.4856,1.4856,1.4856,10
2026-01-08 14:16:00,1.4856,1.4856,1.4856,1.4856,0
2026-01-08 14:17:00,1.4856,1.4856,1.4856,1.4856,0
2026-01-08 14:18:00,1.4856,1.4856,1.4856,1.4856,0
2026-01-08 14:19:00,1.4856,1.4856,1.4856,1.4856,0
2026-01-08 14:20:00,1.4856,1.4856,1.4856,1.4856,0
2026-01-08 14:21:00,1.4856,1.4856,1.4856,1.4856,0
2026-01-08 14:22:00,1.4856,1.4856,1.4856,1.4856,0
2026-01-08 14:23:00,1.4856,1.4856,1.4856,1.4856,0
2026-01-08 14:24:00,1.4856,1.4856,1.4856,1.4856,0
2026-01-08 14:25:00,1.4856,1.4856,1.4856,1.4856,0
2026-01-08 14:26:00,1.4856,1.4856,1.4856,1.4856,0
2026-01-08 14:27:00,1.4856,1.4856,1.4856,1.4856,0
2026-01-08 14:28:00,1.4856,1.4856,1.4856,1.4856,0
2026-01-08 14:29:00,1.4856,1.4856,1.4856,1.4856,0
2026-01-08 14:30:00,1.4856,1.4856,1.4856,1.4856,0
2026-01-08 14:31:00,1.4856,1.4856,1.4856,1.4856,0
2026-01-08 14:32:00,1.4856,1.4856,1.4856,1.4856,0
2026-01-08 14:33:00,1.4856,1.4856,1.4856,1.4856,0
2026-01-08 14:34:00,1.4856,1.4856,1.4856,1.4856,0
2026-01-08 14:35:00,1.49,1.49,1.49,1.49,21
2026-01-08 14:36:00,1.49,1.49,1.49,1.49,0
2026-01-08 14:37:00,1.49,1.49,1.49,1.49,0
2026-01-08 14:38:00,1.49,1.49,1.49,1.49,0
2026-01-08 14:39:00,1.49,1.49,1.49,1.49,0
2026-01-08 14:40:00,1.49,1.49,1.49,1.49,0
2026-01-08 14:41:00,1.49,1.49,1.49,1.49,0
2026-01-08 14:42:00,1.49,1.49,1.49,1.49,0
2026-01-08 14:43:00,1.49,1.49,1.49,1.49,0
2026-01-08 14:44:00,1.49,1.49,1.49,1.49,0
2026-01-08 14:45:00,1.49,1.49,1.49,1.49,0
2026-01-08 14:46:00,1.49,1.49,1.49,1.49,0
2026-01-08 14:47:00,1.49,1.49,1.49,1.49,0
2026-01-08 14:48:00,1.49,1.49,1.49,1.49,0
2026-01-08 14:49:00,1.49,1.49,1.49,1.49,1
2026-01-08 14:50:00,1.49,1.49,1.49,1.49,0
2026-01-08 14:51:00,1.49,1.49,1.49,1.49,0
2026-01-08 14:52:00,1.49,1.49,1.49,1.49,0
2026-01-08 14:53:00,1.49,1.49,1.49,1.49,0
2026-01-08 14:54:00,1.49,1.49,1.49,1.49,18
2026-01-08 14:55:00,1.49,1.49,1.49,1.49,0
2026-01-08 14:56:00,1.49,1.49,1.49,1.49,0
2026-01-08 14:57:00,1.49,1.49,1.49,1.49,0
2026-01-08 14:58:00,1.49,1.49,1.49,1.49,0
2026-01-08 14:59:00,1.49,1.49,1.49,1.49,0
2026-01-08 15:00:00,1.49,1.49,1.49,1.49,0
2026-01-08 15:01:00,1.49,1.49,1.49,1.49,0
2026-01-08 15:02:00,1.49,1.49,1.49,1.49,0
2026-01-08 15:03:00,1.49,1.49,1.49,1.49,0
2026-01-08 15:04:00,1.49,1.49,1.49,1.49,0
2026-01-08 15:05:00,1.49,1.49,1.49,1.49,3
2026-01-08 15:06:00,1.49,1.49,1.49,1.49,1
2026-01-08 15:07:00,1.48,1.48,1.48,1.48,3
2026-01-08 15:08:00,1.48,1.48,1.48,1.48,0
2026-01-08 15:09:00,1.48,1.48,1.48,1.48,7
2026-01-08 15:10:00,1.48,1.48,1.48,1.48,0
2026-01-08 15:11:00,1.48,1.48,1.48,1.48,0
2026-01-08 15:12:00,1.48,1.48,1.48,1.48,0
2026-01-08 15:13:00,1.48,1.48,1.48,1.48,0
2026-01-08 15:14:00,1.49,1.49,1.49,1.49,1
2026-01-08 15:15:00,1.49,1.49,1.49,1.49,0
2026-01-08 15:16:00,1.51,1.51,1.51,1.51,10
2026-01-08 15:17:00,1.51,1.51,1.51,1.51,20
2026-01-08 15:18:00,1.51,1.51,1.51,1.51,0
2026-01-08 15:19:00,1.51,1.51,1.51,1.51,0
2026-01-08 15:20:00,1.495,1.495,1.495,1.495,10
2026-01-08 15:21:00,1.495,1.495,1.495,1.495,0
2026-01-08 15:22:00,1.495,1.495,1.495,1.495,0
2026-01-08 15:23:00,1.495,1.495,1.495,1.495,0
2026-01-08 15:24:00,1.495,1.495,1.495,1.495,0
2026-01-08 15:25:00,1.495,1.495,1.495,1.495,0
2026-01-08 15:26:00,1.495,1.495,1.495,1.495,0
2026-01-08 15:27:00,1.495,1.495,1.495,1.495,0
2026-01-08 15:28:00,1.495,1.495,1.495,1.495,0
2026-01-08 15:29:00,1.495,1.495,1.495,1.495,0
2026-01-08 15:30:00,1.495,1.495,1.495,1.495,0
2026-01-08 15:31:00,1.495,1.495,1.495,1.495,0
2026-01-08 15:32:00,1.495,1.495,1.495,1.495,0
2026-01-08 15:33:00,1.495,1.495,1.495,1.495,0
2026-01-08 15:34:00,1.495,1.495,1.495,1.495,0
2026-01-08 15:35:00,1.51,1.51,1.51,1.51,20
2026-01-08 15:36:00,1.51,1.51,1.51,1.51,0
2026-01-08 15:37:00,1.51,1.51,1.51,1.51,0
2026-01-08 15:38:00,1.51,1.51,1.51,1.51,0
2026-01-08 15:39:00,1.495,1.5,1.495,1.5,8
2026-01-08 15:40:00,1.5,1.5,1.5,1.5,0
2026-01-08 15:41:00,1.5,1.5,1.5,1.5,0
2026-01-08 15:42:00,1.5,1.5,1.5,1.5,0
2026-01-08 15:43:00,1.495,1.52,1.495,1.52,14
2026-01-08 15:44:00,1.52,1.52,1.52,1.52,0
2026-01-08 15:45:00,1.52,1.52,1.52,1.52,0
2026-01-08 15:46:00,1.52,1.52,1.52,1.52,0
2026-01-08 15:47:00,1.52,1.53,1.4901,1.4901,19
2026-01-08 15:48:00,1.4901,1.4901,1.4901,1.4901,0
2026-01-08 15:49:00,1.4901,1.4901,1.4901,1.4901,0
2026-01-08 15:50:00,1.4901,1.4901,1.4901,1.4901,0
2026-01-08 15:51:00,1.4901,1.4901,1.4901,1.4901,0
2026-01-08 15:52:00,1.4901,1.4901,1.4901,1.4901,0
2026-01-08 15:53:00,1.4901,1.4901,1.4901,1.4901,0
2026-01-08 15:54:00,1.51,1.51,1.5,1.5,5
2026-01-08 15:55:00,1.5,1.5,1.5,1.5,0
2026-01-08 15:56:00,1.5,1.5,1.5,1.5,0
2026-01-08 15:57:00,1.506,1.67,1.506,1.6425,633
2026-01-08 15:58:00,1.66,1.82,1.635,1.6999,828
2026-01-08 15:59:00,1.67,1.7837,1.51,1.565,1587
2026-01-09 09:30:00,1.54,1.56,1.47,1.5363,31
2026-01-09 09:31:00,1.5363,1.5363,1.5363,1.5363,0
2026-01-09 09:32:00,1.5363,1.5363,1.5363,1.5363,0
2026-01-09 09:33:00,1.47,1.47,1.47,1.47,1
2026-01-09 09:34:00,1.46,1.46,1.46,1.46,1
2026-01-09 09:35:00,1.45,1.45,1.41,1.425,37
2026-01-09 09:36:00,1.44,1.465,1.44,1.465,55
2026-01-09 09:37:00,1.465,1.465,1.465,1.465,0
2026-01-09 09:38:00,1.465,1.465,1.465,1.465,0
2026-01-09 09:39:00,1.4599,1.4599,1.4599,1.4599,10
2026-01-09 09:40:00,1.432,1.432,1.432,1.432,5
2026-01-09 09:41:00,1.4301,1.4301,1.4301,1.4301,34
2026-01-09 09:42:00,1.4301,1.4301,1.4301,1.4301,5
2026-01-09 09:43:00,1.4301,1.4301,1.4301,1.4301,0
2026-01-09 09:44:00,1.4301,1.4301,1.4301,1.4301,0
2026-01-09 09:45:00,1.4301,1.4301,1.4301,1.4301,0
2026-01-09 09:46:00,1.4301,1.4301,1.4301,1.4301,0
2026-01-09 09:47:00,1.44,1.445,1.44,1.445,5
2026-01-09 09:48:00,1.445,1.445,1.445,1.445,0
2026-01-09 09:49:00,1.445,1.445,1.445,1.445,0
2026-01-09 09:50:00,1.4384,1.445,1.43,1.43,59
2026-01-09 09:51:00,1.425,1.4318,1.425,1.4318,46
2026-01-09 09:52:00,1.43,1.44,1.43,1.44,10
2026-01-09 09:53:00,1.44,1.44,1.44,1.44,0
2026-01-09 09:54:00,1.44,1.44,1.44,1.44,0
2026-01-09 09:55:00,1.44,1.44,1.44,1.44,0
2026-01-09 09:56:00,1.44,1.44,1.44,1.44,0
2026-01-09 09:57:00,1.44,1.44,1.44,1.44,0
2026-01-09 09:58:00,1.44,1.44,1.44,1.44,0
2026-01-09 09:59:00,1.44,1.44,1.44,1.44,0
2026-01-09 10:00:00,1.44,1.44,1.44,1.44,0
2026-01-09 10:01:00,1.44,1.44,1.44,1.44,0
2026-01-09 10:02:00,1.44,1.44,1.44,1.44,0
2026-01-09 10:03:00,1.44,1.44,1.44,1.44,0
2026-01-09 10:04:00,1.44,1.44,1.44,1.44,0
2026-01-09 10:05:00,1.44,1.44,1.44,1.44,0
2026-01-09 10:06:00,1.44,1.44,1.44,1.44,0
2026-01-09 10:07:00,1.49,1.49,1.49,1.49,10
2026-01-09 10:08:00,1.49,1.49,1.49,1.49,4
2026-01-09 10:09:00,1.49,1.49,1.49,1.49,0
2026-01-09 10:10:00,1.49,1.49,1.49,1.49,0
2026-01-09 10:11:00,1.49,1.49,1.49,1.49,0
2026-01-09 10:12:00,1.49,1.49,1.49,1.49,0
2026-01-09 10:13:00,1.4602,1.4602,1.4602,1.4602,10
2026-01-09 10:14:00,1.4602,1.4602,1.4602,1.4602,0
2026-01-09 10:15:00,1.49,1.49,1.49,1.49,10
2026-01-09 10:16:00,1.49,1.49,1.49,1.49,0
2026-01-09 10:17:00,1.49,1.49,1.49,1.49,0
2026-01-09 10:18:00,1.49,1.49,1.49,1.49,0
2026-01-09 10:19:00,1.49,1.49,1.49,1.49,0
2026-01-09 10:20:00,1.49,1.49,1.49,1.49,0
2026-01-09 10:21:00,1.49,1.49,1.49,1.49,0
2026-01-09 10:22:00,1.49,1.49,1.49,1.49,0
2026-01-09 10:23:00,1.49,1.49,1.49,1.49,0
2026-01-09 10:24:00,1.49,1.49,1.49,1.49,0
2026-01-09 10:25:00,1.49,1.49,1.49,1.49,0
2026-01-09 10:26:00,1.49,1.49,1.49,1.49,0
2026-01-09 10:27:00,1.46,1.46,1.46,1.46,1
2026-01-09 10:28:00,1.4601,1.4601,1.44,1.4413,18
2026-01-09 10:29:00,1.4413,1.4413,1.4413,1.4413,0
2026-01-09 10:30:00,1.4413,1.4413,1.4413,1.4413,0
2026-01-09 10:31:00,1.451,1.4631,1.44,1.44,14
2026-01-09 10:32:00,1.44,1.44,1.44,1.44,0
2026-01-09 10:33:00,1.44,1.44,1.44,1.44,0
2026-01-09 10:34:00,1.44,1.44,1.44,1.44,0
2026-01-09 10:35:00,1.44,1.44,1.44,1.44,0
2026-01-09 10:36:00,1.44,1.44,1.44,1.44,0
2026-01-09 10:37:00,1.44,1.44,1.44,1.44,0
2026-01-09 10:38:00,1.44,1.44,1.44,1.44,0
2026-01-09 10:39:00,1.44,1.44,1.44,1.44,0
2026-01-09 10:40:00,1.44,1.44,1.44,1.44,0
2026-01-09 10:41:00,1.44,1.44,1.44,1.44,0
2026-01-09 10:42:00,1.44,1.44,1.44,1.44,0
2026-01-09 10:43:00,1.44,1.44,1.44,1.44,0
2026-01-09 10:44:00,1.44,1.44,1.44,1.44,0
2026-01-09 10:45:00,1.44,1.44,1.44,1.44,0
2026-01-09 10:46:00,1.44,1.44,1.44,1.44,0
2026-01-09 10:47:00,1.44,1.44,1.44,1.44,0
2026-01-09 10:48:00,1.44,1.44,1.44,1.44,0
2026-01-09 10:49:00,1.44,1.44,1.44,1.44,0
2026-01-09 10:50:00,1.44,1.44,1.44,1.44,0
2026-01-09 10:51:00,1.44,1.44,1.44,1.44,0
2026-01-09 10:52:00,1.44,1.44,1.44,1.44,0
2026-01-09 10:53:00,1.44,1.44,1.44,1.44,0
2026-01-09 10:54:00,1.44,1.44,1.44,1.44,0
2026-01-09 10:55:00,1.4452,1.4452,1.4452,1.4452,4
2026-01-09 10:56:00,1.4452,1.4452,1.4452,1.4452,0
2026-01-09 10:57:00,1.4452,1.4452,1.4452,1.4452,0
2026-01-09 10:58:00,1.4452,1.4452,1.4452,1.4452,0
2026-01-09 10:59:00,1.4452,1.4452,1.4452,1.4452,0
2026-01-09 11:00:00,1.4452,1.4452,1.4452,1.4452,0
2026-01-09 11:01:00,1.4452,1.4452,1.4452,1.4452,0
2026-01-09 11:02:00,1.451,1.451,1.45,1.45,4
2026-01-09 11:03:00,1.45,1.45,1.45,1.45,0
2026-01-09 11:04:00,1.45,1.45,1.45,1.45,0
2026-01-09 11:05:00,1.45,1.45,1.45,1.45,0
2026-01-09 11:06:00,1.45,1.45,1.45,1.45,0
2026-01-09 11:07:00,1.45,1.45,1.45,1.45,0
2026-01-09 11:08:00,1.45,1.45,1.45,1.45,0
2026-01-09 11:09:00,1.45,1.45,1.45,1.45,0
2026-01-09 11:10:00,1.45,1.45,1.45,1.45,0
2026-01-09 11:11:00,1.45,1.45,1.45,1.45,0
2026-01-09 11:12:00,1.45,1.45,1.45,1.45,0
2026-01-09 11:13:00,1.45,1.45,1.45,1.45,0
2026-01-09 11:14:00,1.45,1.45,1.45,1.45,0
2026-01-09 11:15:00,1.45,1.45,1.45,1.45,0
2026-01-09 11:16:00,1.45,1.45,1.45,1.45,0
2026-01-09 11:17:00,1.45,1.45,1.45,1.45,0
2026-01-09 11:18:00,1.45,1.45,1.45,1.45,0
2026-01-09 11:19:00,1.45,1.45,1.45,1.45,0
2026-01-09 11:20:00,1.45,1.45,1.45,1.45,5
2026-01-09 11:21:00,1.45,1.45,1.45,1.45,0
2026-01-09 11:22:00,1.45,1.45,1.45,1.45,0
2026-01-09 11:23:00,1.45,1.45,1.45,1.45,0
2026-01-09 11:24:00,1.4401,1.4401,1.4401,1.4401,5
2026-01-09 11:25:00,1.4401,1.4401,1.4401,1.4401,0
2026-01-09 11:26:00,1.4401,1.4401,1.4401,1.4401,0
2026-01-09 11:27:00,1.4401,1.4401,1.4401,1.4401,0
2026-01-09 11:28:00,1.4401,1.4401,1.4401,1.4401,0
2026-01-09 11:29:00,1.4401,1.4401,1.4401,1.4401,0
2026-01-09 11:30:00,1.53,1.53,1.53,1.53,5
2026-01-09 11:31:00,1.53,1.53,1.53,1.53,0
2026-01-09 11:32:00,1.53,1.53,1.53,1.53,0
2026-01-09 11:33:00,1.53,1.53,1.53,1.53,0
2026-01-09 11:34:00,1.53,1.53,1.53,1.53,0
2026-01-09 11:35:00,1.53,1.53,1.53,1.53,0
2026-01-09 11:36:00,1.53,1.53,1.53,1.53,0
2026-01-09 11:37:00,1.53,1.53,1.53,1.53,0
2026-01-09 11:38:00,1.53,1.53,1.53,1.53,0
2026-01-09 11:39:00,1.53,1.53,1.53,1.53,0
2026-01-09 11:40:00,1.53,1.53,1.53,1.53,0
2026-01-09 11:41:00,1.51,1.51,1.51,1.51,3
2026-01-09 11:42:00,1.51,1.51,1.51,1.51,0
2026-01-09 11:43:00,1.485,1.5088,1.4506,1.4506,16
2026-01-09 11:44:00,1.4506,1.4506,1.4506,1.4506,0
2026-01-09 11:45:00,1.4506,1.4506,1.4506,1.4506,0
2026-01-09 11:46:00,1.459,1.46,1.459,1.46,2
2026-01-09 11:47:00,1.46,1.46,1.46,1.46,0
2026-01-09 11:48:00,1.46,1.46,1.46,1.46,0
2026-01-09 11:49:00,1.46,1.46,1.46,1.46,0
2026-01-09 11:50:00,1.46,1.46,1.46,1.46,0
2026-01-09 11:51:00,1.46,1.46,1.46,1.46,0
2026-01-09 11:52:00,1.46,1.46,1.46,1.46,0
2026-01-09 11:53:00,1.46,1.46,1.46,1.46,0
2026-01-09 11:54:00,1.46,1.46,1.46,1.46,0
2026-01-09 11:55:00,1.46,1.46,1.46,1.46,0
2026-01-09 11:56:00,1.46,1.46,1.46,1.46,0
2026-01-09 11:57:00,1.46,1.46,1.46,1.46,0
2026-01-09 11:58:00,1.47,1.47,1.47,1.47,1
2026-01-09 11:59:00,1.5,1.5,1.5,1.5,5
2026-01-09 12:00:00,1.5,1.5,1.5,1.5,0
2026-01-09 12:01:00,1.5,1.5,1.5,1.5,0
2026-01-09 12:02:00,1.5,1.5,1.5,1.5,0
2026-01-09 12:03:00,1.5,1.5,1.5,1.5,0
2026-01-09 12:04:00,1.5,1.5,1.5,1.5,0
2026-01-09 12:05:00,1.5,1.5,1.5,1.5,0
2026-01-09 12:06:00,1.5,1.5,1.5,1.5,0
2026-01-09 12:07:00,1.5,1.5,1.5,1.5,0
2026-01-09 12:08:00,1.5,1.5,1.5,1.5,0
2026-01-09 12:09:00,1.5,1.5,1.5,1.5,0
2026-01-09 12:10:00,1.5,1.5,1.5,1.5,0
2026-01-09 12:11:00,1.4872,1.4872,1.4872,1.4872,7
2026-01-09 12:12:00,1.4872,1.4872,1.4872,1.4872,0
2026-01-09 12:13:00,1.4872,1.4872,1.4872,1.4872,0
2026-01-09 12:14:00,1.4872,1.4872,1.4872,1.4872,0
2026-01-09 12:15:00,1.4872,1.4872,1.4872,1.4872,0
2026-01-09 12:16:00,1.4872,1.4872,1.4872,1.4872,0
2026-01-09 12:17:00,1.4872,1.4872,1.4872,1.4872,0
2026-01-09 12:18:00,1.4872,1.4872,1.4872,1.4872,0
2026-01-09 12:19:00,1.4872,1.4872,1.4872,1.4872,0
2026-01-09 12:20:00,1.4872,1.4872,1.4872,1.4872,0
2026-01-09 12:21:00,1.4872,1.4872,1.4872,1.4872,0
2026-01-09 12:22:00,1.4872,1.4872,1.4872,1.4872,0
2026-01-09 12:23:00,1.4872,1.4872,1.4872,1.4872,0
2026-01-09 12:24:00,1.4872,1.4872,1.4872,1.4872,0
2026-01-09 12:25:00,1.4872,1.4872,1.4872,1.4872,0
2026-01-09 12:26:00,1.4872,1.4872,1.4872,1.4872,0
2026-01-09 12:27:00,1.4872,1.4872,1.4872,1.4872,0
2026-01-09 12:28:00,1.4872,1.4872,1.4872,1.4872,0
2026-01-09 12:29:00,1.4872,1.4872,1.4872,1.4872,0
2026-01-09 12:30:00,1.4872,1.4872,1.4872,1.4872,0
2026-01-09 12:31:00,1.4872,1.4872,1.4872,1.4872,0
2026-01-09 12:32:00,1.4872,1.4872,1.4872,1.4872,0
2026-01-09 12:33:00,1.4872,1.4872,1.4872,1.4872,0
2026-01-09 12:34:00,1.4872,1.4872,1.4872,1.4872,0
2026-01-09 12:35:00,1.4872,1.4872,1.4872,1.4872,0
2026-01-09 12:36:00,1.4872,1.4872,1.4872,1.4872,0
2026-01-09 12:37:00,1.4402,1.475,1.4401,1.4401,19
2026-01-09 12:38:00,1.4401,1.4401,1.4401,1.4401,0
2026-01-09 12:39:00,1.44,1.44,1.44,1.44,6
2026-01-09 12:40:00,1.44,1.44,1.44,1.44,0
2026-01-09 12:41:00,1.44,1.44,1.44,1.44,0
2026-01-09 12:42:00,1.44,1.44,1.44,1.44,0
2026-01-09 12:43:00,1.44,1.44,1.44,1.44,0
2026-01-09 12:44:00,1.44,1.44,1.44,1.44,0
2026-01-09 12:45:00,1.44,1.44,1.44,1.44,0
2026-01-09 12:46:00,1.44,1.44,1.44,1.44,0
2026-01-09 12:47:00,1.44,1.44,1.44,1.44,0
2026-01-09 12:48:00,1.44,1.44,1.44,1.44,0
2026-01-09 12:49:00,1.44,1.44,1.44,1.44,0
2026-01-09 12:50:00,1.44,1.44,1.44,1.44,0
2026-01-09 12:51:00,1.44,1.44,1.44,1.44,0
2026-01-09 12:52:00,1.44,1.44,1.44,1.44,0
2026-01-09 12:53:00,1.44,1.44,1.44,1.44,0
2026-01-09 12:54:00,1.44,1.44,1.44,1.44,0
2026-01-09 12:55:00,1.475,1.475,1.475,1.475,2
2026-01-09 12:56:00,1.475,1.475,1.475,1.475,0
2026-01-09 12:57:00,1.475,1.475,1.475,1.475,0
2026-01-09 12:58:00,1.475,1.475,1.475,1.475,0
2026-01-09 12:59:00,1.475,1.475,1.475,1.475,0
2026-01-09 13:00:00,1.475,1.475,1.475,1.475,0
2026-01-09 13:01:00,1.475,1.475,1.475,1.475,0
2026-01-09 13:02:00,1.475,1.475,1.475,1.475,0
2026-01-09 13:03:00,1.475,1.475,1.475,1.475,0
2026-01-09 13:04:00,1.475,1.475,1.475,1.475,0
2026-01-09 13:05:00,1.475,1.475,1.475,1.475,0
2026-01-09 13:06:00,1.475,1.475,1.475,1.475,0
2026-01-09 13:07:00,1.46,1.46,1.46,1.46,1
2026-01-09 13:08:00,1.46,1.46,1.46,1.46,0
2026-01-09 13:09:00,1.46,1.46,1.46,1.46,0
2026-01-09 13:10:00,1.46,1.46,1.46,1.46,0
2026-01-09 13:11:00,1.46,1.46,1.46,1.46,0
2026-01-09 13:12:00,1.46,1.46,1.46,1.46,0
2026-01-09 13:13:00,1.46,1.46,1.46,1.46,0
2026-01-09 13:14:00,1.46,1.46,1.46,1.46,0
2026-01-09 13:15:00,1.46,1.46,1.46,1.46,0
2026-01-09 13:16:00,1.46,1.46,1.46,1.46,0
2026-01-09 13:17:00,1.46,1.46,1.46,1.46,0
2026-01-09 13:18:00,1.47,1.47,1.47,1.47,1
2026-01-09 13:19:00,1.47,1.47,1.47,1.47,0
2026-01-09 13:20:00,1.47,1.47,1.47,1.47,0
2026-01-09 13:21:00,1.47,1.47,1.47,1.47,0
2026-01-09 13:22:00,1.47,1.47,1.47,1.47,0
2026-01-09 13:23:00,1.47,1.47,1.47,1.47,0
2026-01-09 13:24:00,1.47,1.47,1.47,1.47,0
2026-01-09 13:25:00,1.4864,1.4864,1.4864,1.4864,10
2026-01-09 13:26:00,1.4864,1.4864,1.4864,1.4864,0
2026-01-09 13:27:00,1.4864,1.4864,1.4864,1.4864,0
2026-01-09 13:28:00,1.48,1.49,1.47,1.49,3
2026-01-09 13:29:00,1.49,1.49,1.49,1.49,0
2026-01-09 13:30:00,1.49,1.49,1.49,1.49,0
2026-01-09 13:31:00,1.49,1.49,1.49,1.49,0
2026-01-09 13:32:00,1.49,1.49,1.49,1.49,0
2026-01-09 13:33:00,1.49,1.49,1.49,1.49,0
2026-01-09 13:34:00,1.49,1.49,1.49,1.49,0
2026-01-09 13:35:00,1.49,1.49,1.49,1.49,0
2026-01-09 13:36:00,1.49,1.49,1.49,1.49,0
2026-01-09 13:37:00,1.49,1.49,1.49,1.49,0
2026-01-09 13:38:00,1.49,1.49,1.49,1.49,0
2026-01-09 13:39:00,1.49,1.49,1.49,1.49,0
2026-01-09 13:40:00,1.49,1.49,1.49,1.49,0
2026-01-09 13:41:00,1.49,1.49,1.49,1.49,0
2026-01-09 13:42:00,1.49,1.49,1.49,1.49,0
2026-01-09 13:43:00,1.49,1.49,1.49,1.49,0
2026-01-09 13:44:00,1.48,1.48,1.47,1.47,4
2026-01-09 13:45:00,1.47,1.47,1.47,1.47,0
2026-01-09 13:46:00,1.47,1.47,1.47,1.47,0
2026-01-09 13:47:00,1.47,1.47,1.47,1.47,0
2026-01-09 13:48:00,1.47,1.47,1.47,1.47,0
2026-01-09 13:49:00,1.47,1.47,1.47,1.47,0
2026-01-09 13:50:00,1.47,1.47,1.47,1.47,0
2026-01-09 13:51:00,1.47,1.47,1.47,1.47,0
2026-01-09 13:52:00,1.47,1.47,1.47,1.47,0
2026-01-09 13:53:00,1.47,1.47,1.47,1.47,0
2026-01-09 13:54:00,1.47,1.47,1.47,1.47,0
2026-01-09 13:55:00,1.47,1.47,1.47,1.47,0
2026-01-09 13:56:00,1.47,1.47,1.47,1.47,0
2026-01-09 13:57:00,1.47,1.47,1.47,1.47,0
2026-01-09 13:58:00,1.47,1.47,1.47,1.47,0
2026-01-09 13:59:00,1.46,1.46,1.44,1.44,11
2026-01-09 14:00:00,1.44,1.44,1.44,1.44,0
2026-01-09 14:01:00,1.44,1.44,1.44,1.44,0
2026-01-09 14:02:00,1.44,1.44,1.44,1.44,0
2026-01-09 14:03:00,1.44,1.44,1.44,1.44,0
2026-01-09 14:04:00,1.44,1.44,1.44,1.44,0
2026-01-09 14:05:00,1.44,1.44,1.44,1.44,0
2026-01-09 14:06:00,1.44,1.44,1.44,1.44,0
2026-01-09 14:07:00,1.44,1.44,1.44,1.44,0
2026-01-09 14:08:00,1.44,1.44,1.44,1.44,0
2026-01-09 14:09:00,1.44,1.44,1.44,1.44,0
2026-01-09 14:10:00,1.44,1.44,1.44,1.44,0
2026-01-09 14:11:00,1.44,1.44,1.44,1.44,0
2026-01-09 14:12:00,1.44,1.44,1.44,1.44,0
2026-01-09 14:13:00,1.44,1.44,1.44,1.44,0
2026-01-09 14:14:00,1.46,1.46,1.46,1.46,1
2026-01-09 14:15:00,1.46,1.46,1.46,1.46,0
2026-01-09 14:16:00,1.46,1.46,1.46,1.46,0
2026-01-09 14:17:00,1.46,1.46,1.46,1.46,0
2026-01-09 14:18:00,1.44,1.45,1.44,1.45,5
2026-01-09 14:19:00,1.45,1.45,1.45,1.45,0
2026-01-09 14:20:00,1.4594,1.4594,1.4594,1.4594,2
2026-01-09 14:21:00,1.4594,1.4594,1.4594,1.4594,0
2026-01-09 14:22:00,1.4594,1.4594,1.4594,1.4594,0
2026-01-09 14:23:00,1.4594,1.4594,1.4594,1.4594,0
2026-01-09 14:24:00,1.4594,1.4594,1.4594,1.4594,0
2026-01-09 14:25:00,1.4594,1.4594,1.4594,1.4594,0
2026-01-09 14:26:00,1.4594,1.4594,1.4594,1.4594,0
2026-01-09 14:27:00,1.4594,1.4594,1.4594,1.4594,0
2026-01-09 14:28:00,1.4594,1.4594,1.4594,1.4594,0
2026-01-09 14:29:00,1.4594,1.4594,1.4594,1.4594,0
2026-01-09 14:30:00,1.4594,1.4594,1.4594,1.4594,0
2026-01-09 14:31:00,1.4594,1.4594,1.4594,1.4594,0
2026-01-09 14:32:00,1.4594,1.4594,1.4594,1.4594,0
2026-01-09 14:33:00,1.4594,1.4594,1.4594,1.4594,0
2026-01-09 14:34:00,1.4594,1.4594,1.4594,1.4594,0
2026-01-09 14:35:00,1.4594,1.4594,1.4594,1.4594,0
2026-01-09 14:36:00,1.4594,1.4594,1.4594,1.4594,0
2026-01-09 14:37:00,1.4594,1.4594,1.4594,1.4594,0
2026-01-09 14:38:00,1.4594,1.4594,1.4594,1.4594,0
2026-01-09 14:39:00,1.4594,1.4594,1.4594,1.4594,0
2026-01-09 14:40:00,1.4594,1.4594,1.4594,1.4594,0
2026-01-09 14:41:00,1.4594,1.4594,1.4594,1.4594,0
2026-01-09 14:42:00,1.4594,1.4594,1.4594,1.4594,0
2026-01-09 14:43:00,1.442,1.442,1.442,1.442,27
2026-01-09 14:44:00,1.442,1.442,1.442,1.442,0
2026-01-09 14:45:00,1.442,1.442,1.442,1.442,0
2026-01-09 14:46:00,1.442,1.442,1.442,1.442,0
2026-01-09 14:47:00,1.4499,1.4499,1.43,1.44,27
2026-01-09 14:48:00,1.44,1.44,1.44,1.44,0
2026-01-09 14:49:00,1.44,1.44,1.44,1.44,0
2026-01-09 14:50:00,1.44,1.44,1.44,1.44,0
2026-01-09 14:51:00,1.44,1.44,1.44,1.44,0
2026-01-09 14:52:00,1.44,1.44,1.44,1.44,0
2026-01-09 14:53:00,1.44,1.44,1.44,1.44,0
2026-01-09 14:54:00,1.44,1.44,1.44,1.44,0
2026-01-09 14:55:00,1.44,1.44,1.44,1.44,0
2026-01-09 14:56:00,1.44,1.44,1.44,1.44,0
2026-01-09 14:57:00,1.44,1.44,1.44,1.44,0
2026-01-09 14:58:00,1.44,1.44,1.44,1.44,0
2026-01-09 14:59:00,1.44,1.44,1.44,1.44,0
2026-01-09 15:00:00,1.4384,1.4384,1.4384,1.4384,3
2026-01-09 15:01:00,1.4318,1.4318,1.4318,1.4318,10
2026-01-09 15:02:00,1.4318,1.4318,1.4318,1.4318,0
2026-01-09 15:03:00,1.4318,1.4318,1.4318,1.4318,0
2026-01-09 15:04:00,1.4318,1.4318,1.4318,1.4318,0
2026-01-09 15:05:00,1.4318,1.4318,1.4318,1.4318,0
2026-01-09 15:06:00,1.41,1.42,1.41,1.41,7
2026-01-09 15:07:00,1.41,1.41,1.41,1.41,0
2026-01-09 15:08:00,1.41,1.41,1.41,1.41,0
2026-01-09 15:09:00,1.41,1.41,1.41,1.41,0
2026-01-09 15:10:00,1.41,1.41,1.41,1.41,0
2026-01-09 15:11:00,1.41,1.41,1.41,1.41,0
2026-01-09 15:12:00,1.41,1.41,1.41,1.41,0
2026-01-09 15:13:00,1.41,1.41,1.41,1.41,0
2026-01-09 15:14:00,1.41,1.41,1.41,1.41,0
2026-01-09 15:15:00,1.41,1.41,1.41,1.41,0
2026-01-09 15:16:00,1.41,1.41,1.41,1.41,0
2026-01-09 15:17:00,1.41,1.41,1.41,1.41,0
2026-01-09 15:18:00,1.41,1.41,1.41,1.41,0
2026-01-09 15:19:00,1.41,1.41,1.41,1.41,0
2026-01-09 15:20:00,1.41,1.41,1.41,1.41,0
2026-01-09 15:21:00,1.41,1.41,1.41,1.41,0
2026-01-09 15:22:00,1.402,1.41,1.38,1.39,59
2026-01-09 15:23:00,1.3936,1.43,1.3892,1.4,92
2026-01-09 15:24:00,1.4,1.4,1.4,1.4,0
2026-01-09 15:25:00,1.395,1.395,1.39,1.39,4
2026-01-09 15:26:00,1.4,1.4,1.4,1.4,2
2026-01-09 15:27:00,1.4,1.4,1.4,1.4,0
2026-01-09 15:28:00,1.4,1.4,1.4,1.4,1
2026-01-09 15:29:00,1.4,1.4,1.4,1.4,0
2026-01-09 15:30:00,1.4,1.4,1.4,1.4,4
2026-01-09 15:31:00,1.3999,1.44,1.3975,1.4,91
2026-01-09 15:32:00,1.4,1.4,1.4,1.4,0
2026-01-09 15:33:00,1.4,1.4,1.4,1.4,0
2026-01-09 15:34:00,1.4,1.4,1.4,1.4,1
2026-01-09 15:35:00,1.4,1.4,1.4,1.4,0
2026-01-09 15:36:00,1.4,1.4,1.4,1.4,0
2026-01-09 15:37:00,1.4,1.4,1.4,1.4,0
2026-01-09 15:38:00,1.4,1.4,1.4,1.4,1
2026-01-09 15:39:00,1.4,1.4,1.4,1.4,1
2026-01-09 15:40:00,1.4,1.4,1.4,1.4,0
2026-01-09 15:41:00,1.4,1.4,1.4,1.4,0
2026-01-09 15:42:00,1.4,1.4,1.4,1.4,0
2026-01-09 15:43:00,1.4,1.42,1.4,1.41,17
2026-01-09 15:44:00,1.4059,1.415,1.4059,1.415,14
2026-01-09 15:45:00,1.415,1.415,1.415,1.415,0
2026-01-09 15:46:00,1.415,1.415,1.415,1.415,0
2026-01-09 15:47:00,1.415,1.415,1.415,1.415,0
2026-01-09 15:48:00,1.415,1.415,1.415,1.415,0
2026-01-09 15:49:00,1.42,1.42,1.41,1.42,6
2026-01-09 15:50:00,1.42,1.42,1.42,1.42,0
2026-01-09 15:51:00,1.42,1.42,1.42,1.42,0
2026-01-09 15:52:00,1.42,1.42,1.42,1.42,0
2026-01-09 15:53:00,1.42,1.42,1.42,1.42,0
2026-01-09 15:54:00,1.42,1.42,1.42,1.42,0
2026-01-09 15:55:00,1.42,1.42,1.42,1.42,0
2026-01-09 15:56:00,1.42,1.42,1.42,1.42,0
2026-01-09 15:57:00,1.42,1.42,1.42,1.42,0
2026-01-09 15:58:00,1.415,1.43,1.415,1.43,17
2026-01-09 15:59:00,1.4141,1.43,1.4,1.4,22
2026-01-12 09:30:00,1.39,1.42,1.385,1.385,34
2026-01-12 09:31:00,1.385,1.395,1.385,1.385,6
2026-01-12 09:32:00,1.385,1.385,1.385,1.385,0
2026-01-12 09:33:00,1.385,1.385,1.385,1.385,0
2026-01-12 09:34:00,1.385,1.385,1.385,1.385,0
2026-01-12 09:35:00,1.385,1.385,1.385,1.385,0
2026-01-12 09:36:00,1.385,1.385,1.385,1.385,0
2026-01-12 09:37:00,1.385,1.385,1.385,1.385,0
2026-01-12 09:38:00,1.385,1.385,1.385,1.385,0
2026-01-12 09:39:00,1.385,1.385,1.385,1.385,0
2026-01-12 09:40:00,1.385,1.385,1.385,1.385,0
2026-01-12 09:41:00,1.385,1.385,1.385,1.385,0
2026-01-12 09:42:00,1.385,1.385,1.385,1.385,0
2026-01-12 09:43:00,1.385,1.385,1.385,1.385,0
2026-01-12 09:44:00,1.385,1.385,1.385,1.385,0
2026-01-12 09:45:00,1.385,1.385,1.385,1.385,0
2026-01-12 09:46:00,1.41,1.41,1.35,1.35,53
2026-01-12 09:47:00,1.355,1.355,1.355,1.355,1
2026-01-12 09:48:00,1.355,1.355,1.355,1.355,0
2026-01-12 09:49:00,1.355,1.355,1.355,1.355,0
2026-01-12 09:50:00,1.355,1.355,1.355,1.355,0
2026-01-12 09:51:00,1.355,1.355,1.355,1.355,0
2026-01-12 09:52:00,1.355,1.355,1.355,1.355,0
2026-01-12 09:53:00,1.355,1.355,1.355,1.355,0
2026-01-12 09:54:00,1.355,1.355,1.355,1.355,0
2026-01-12 09:55:00,1.355,1.355,1.355,1.355,0
2026-01-12 09:56:00,1.355,1.355,1.355,1.355,0
2026-01-12 09:57:00,1.355,1.355,1.355,1.355,0
2026-01-12 09:58:00,1.355,1.355,1.355,1.355,0
2026-01-12 09:59:00,1.355,1.355,1.355,1.355,0
2026-01-12 10:00:00,1.3999,1.3999,1.3999,1.3999,10
2026-01-12 10:01:00,1.38,1.41,1.38,1.41,57
2026-01-12 10:02:00,1.41,1.41,1.41,1.41,0
2026-01-12 10:03:00,1.428,1.428,1.428,1.428,10
2026-01-12 10:04:00,1.428,1.428,1.428,1.428,0
2026-01-12 10:05:00,1.428,1.428,1.428,1.428,0
2026-01-12 10:06:00,1.428,1.428,1.428,1.428,0
2026-01-12 10:07:00,1.4252,1.4252,1.4252,1.4252,5
2026-01-12 10:08:00,1.4291,1.4291,1.4291,1.4291,20
2026-01-12 10:09:00,1.4291,1.4291,1.4291,1.4291,0
2026-01-12 10:10:00,1.4291,1.4291,1.4291,1.4291,0
2026-01-12 10:11:00,1.4291,1.4291,1.4291,1.4291,0
2026-01-12 10:12:00,1.4291,1.4291,1.4291,1.4291,0
2026-01-12 10:13:00,1.4291,1.4291,1.4291,1.4291,0
2026-01-12 10:14:00,1.4291,1.4291,1.4291,1.4291,0
2026-01-12 10:15:00,1.4291,1.4291,1.4291,1.4291,0
2026-01-12 10:16:00,1.4291,1.4291,1.4291,1.4291,0
2026-01-12 10:17:00,1.4291,1.4291,1.4291,1.4291,0
2026-01-12 10:18:00,1.4291,1.4291,1.4291,1.4291,0
2026-01-12 10:19:00,1.4291,1.4291,1.4291,1.4291,0
2026-01-12 10:20:00,1.4291,1.4291,1.4291,1.4291,0
2026-01-12 10:21:00,1.4291,1.4291,1.4291,1.4291,0
2026-01-12 10:22:00,1.4291,1.4291,1.4291,1.4291,0
2026-01-12 10:23:00,1.4291,1.4291,1.4291,1.4291,0
2026-01-12 10:24:00,1.4291,1.4291,1.4291,1.4291,0
2026-01-12 10:25:00,1.4291,1.4291,1.4291,1.4291,0
2026-01-12 10:26:00,1.4291,1.4291,1.4291,1.4291,0
2026-01-12 10:27:00,1.4291,1.4291,1.4291,1.4291,0
2026-01-12 10:28:00,1.4291,1.4291,1.4291,1.4291,0
2026-01-12 10:29:00,1.4291,1.4291,1.4291,1.4291,0
2026-01-12 10:30:00,1.4291,1.4291,1.4291,1.4291,0
2026-01-12 10:31:00,1.4291,1.4291,1.4291,1.4291,0
2026-01-12 10:32:00,1.4291,1.4291,1.4291,1.4291,0
2026-01-12 10:33:00,1.4291,1.4291,1.4291,1.4291,0
2026-01-12 10:34:00,1.4291,1.4291,1.4291,1.4291,0
2026-01-12 10:35:00,1.4291,1.4291,1.4291,1.4291,0
2026-01-12 10:36:00,1.4291,1.4291,1.4291,1.4291,0
2026-01-12 10:37:00,1.4291,1.4291,1.4291,1.4291,0
2026-01-12 10:38:00,1.41,1.41,1.41,1.41,2
2026-01-12 10:39:00,1.41,1.41,1.41,1.41,0
2026-01-12 10:40:00,1.41,1.41,1.41,1.41,0
2026-01-12 10:41:00,1.41,1.41,1.41,1.41,0
2026-01-12 10:42:00,1.41,1.41,1.41,1.41,0
2026-01-12 10:43:00,1.41,1.41,1.41,1.41,0
2026-01-12 10:44:00,1.41,1.41,1.41,1.41,0
2026-01-12 10:45:00,1.41,1.41,1.41,1.41,0
2026-01-12 10:46:00,1.41,1.41,1.41,1.41,0
2026-01-12 10:47:00,1.41,1.41,1.41,1.41,0
2026-01-12 10:48:00,1.41,1.41,1.41,1.41,0
2026-01-12 10:49:00,1.41,1.41,1.41,1.41,0
2026-01-12 10:50:00,1.41,1.41,1.41,1.41,0
2026-01-12 10:51:00,1.41,1.41,1.41,1.41,0
2026-01-12 10:52:00,1.41,1.41,1.41,1.41,1
2026-01-12 10:53:00,1.41,1.41,1.41,1.41,0
2026-01-12 10:54:00,1.41,1.41,1.41,1.41,0
2026-01-12 10:55:00,1.41,1.41,1.41,1.41,0
2026-01-12 10:56:00,1.41,1.41,1.41,1.41,0
2026-01-12 10:57:00,1.41,1.41,1.41,1.41,0
2026-01-12 10:58:00,1.41,1.41,1.41,1.41,0
2026-01-12 10:59:00,1.41,1.41,1.41,1.41,0
2026-01-12 11:00:00,1.41,1.41,1.41,1.41,0
2026-01-12 11:01:00,1.41,1.41,1.41,1.41,0
2026-01-12 11:02:00,1.41,1.41,1.41,1.41,0
2026-01-12 11:03:00,1.41,1.41,1.41,1.41,0
2026-01-12 11:04:00,1.39,1.39,1.39,1.39,1
2026-01-12 11:05:00,1.39,1.39,1.39,1.39,0
2026-01-12 11:06:00,1.39,1.39,1.39,1.39,0
2026-01-12 11:07:00,1.39,1.39,1.39,1.39,0
2026-01-12 11:08:00,1.39,1.39,1.39,1.39,0
2026-01-12 11:09:00,1.39,1.39,1.39,1.39,0
2026-01-12 11:10:00,1.39,1.39,1.39,1.39,0
2026-01-12 11:11:00,1.39,1.39,1.39,1.39,0
2026-01-12 11:12:00,1.395,1.395,1.395,1.395,3
2026-01-12 11:13:00,1.395,1.395,1.395,1.395,0
2026-01-12 11:14:00,1.395,1.395,1.395,1.395,0
2026-01-12 11:15:00,1.395,1.395,1.395,1.395,0
2026-01-12 11:16:00,1.395,1.395,1.395,1.395,0
2026-01-12 11:17:00,1.395,1.395,1.395,1.395,0
2026-01-12 11:18:00,1.395,1.395,1.395,1.395,0
2026-01-12 11:19:00,1.395,1.395,1.395,1.395,0
2026-01-12 11:20:00,1.395,1.395,1.395,1.395,0
2026-01-12 11:21:00,1.395,1.395,1.395,1.395,0
2026-01-12 11:22:00,1.395,1.395,1.395,1.395,0
2026-01-12 11:23:00,1.395,1.395,1.395,1.395,0
2026-01-12 11:24:00,1.395,1.395,1.395,1.395,0
2026-01-12 11:25:00,1.395,1.395,1.395,1.395,0
2026-01-12 11:26:00,1.395,1.395,1.395,1.395,0
2026-01-12 11:27:00,1.395,1.395,1.395,1.395,0
2026-01-12 11:28:00,1.395,1.395,1.395,1.395,0
2026-01-12 11:29:00,1.395,1.395,1.395,1.395,0
2026-01-12 11:30:00,1.395,1.395,1.395,1.395,0
2026-01-12 11:31:00,1.395,1.395,1.395,1.395,0
2026-01-12 11:32:00,1.391,1.391,1.38,1.38,14
2026-01-12 11:33:00,1.38,1.38,1.38,1.38,0
2026-01-12 11:34:00,1.38,1.38,1.38,1.38,0
2026-01-12 11:35:00,1.38,1.38,1.38,1.38,0
2026-01-12 11:36:00,1.38,1.38,1.38,1.38,0
2026-01-12 11:37:00,1.38,1.38,1.38,1.38,0
2026-01-12 11:38:00,1.38,1.38,1.38,1.38,0
2026-01-12 11:39:00,1.38,1.38,1.38,1.38,0
2026-01-12 11:40:00,1.38,1.38,1.38,1.38,0
2026-01-12 11:41:00,1.38,1.38,1.38,1.38,0
2026-01-12 11:42:00,1.38,1.38,1.38,1.38,0
2026-01-12 11:43:00,1.38,1.38,1.38,1.38,0
2026-01-12 11:44:00,1.38,1.38,1.38,1.38,0
2026-01-12 11:45:00,1.38,1.38,1.38,1.38,0
2026-01-12 11:46:00,1.38,1.38,1.38,1.38,0
2026-01-12 11:47:00,1.38,1.38,1.38,1.38,0
2026-01-12 11:48:00,1.38,1.38,1.38,1.38,0
2026-01-12 11:49:00,1.38,1.38,1.38,1.38,0
2026-01-12 11:50:00,1.3885,1.3885,1.3885,1.3885,5
2026-01-12 11:51:00,1.3885,1.3885,1.3885,1.3885,0
2026-01-12 11:52:00,1.3885,1.3885,1.3885,1.3885,0
2026-01-12 11:53:00,1.3885,1.3885,1.3885,1.3885,0
2026-01-12 11:54:00,1.38,1.38,1.38,1.38,147
2026-01-12 11:55:00,1.38,1.38,1.38,1.38,0
2026-01-12 11:56:00,1.38,1.38,1.38,1.38,0
2026-01-12 11:57:00,1.38,1.38,1.38,1.38,0
2026-01-12 11:58:00,1.38,1.38,1.38,1.38,0
2026-01-12 11:59:00,1.38,1.38,1.38,1.38,0
2026-01-12 12:00:00,1.38,1.38,1.38,1.38,0
2026-01-12 12:01:00,1.38,1.38,1.38,1.38,0
2026-01-12 12:02:00,1.38,1.38,1.38,1.38,0
2026-01-12 12:03:00,1.38,1.38,1.38,1.38,0
2026-01-12 12:04:00,1.38,1.38,1.38,1.38,0
2026-01-12 12:05:00,1.38,1.38,1.38,1.38,0
2026-01-12 12:06:00,1.38,1.38,1.38,1.38,0
2026-01-12 12:07:00,1.38,1.38,1.38,1.38,0
2026-01-12 12:08:00,1.38,1.38,1.38,1.38,0
2026-01-12 12:09:00,1.39,1.39,1.39,1.39,10
2026-01-12 12:10:00,1.39,1.39,1.39,1.39,0
2026-01-12 12:11:00,1.39,1.39,1.39,1.39,0
2026-01-12 12:12:00,1.39,1.39,1.39,1.39,0
2026-01-12 12:13:00,1.39,1.39,1.39,1.39,0
2026-01-12 12:14:00,1.39,1.39,1.39,1.39,0
2026-01-12 12:15:00,1.39,1.39,1.39,1.39,0
2026-01-12 12:16:00,1.39,1.39,1.39,1.39,0
2026-01-12 12:17:00,1.39,1.39,1.39,1.39,0
2026-01-12 12:18:00,1.39,1.39,1.39,1.39,0
2026-01-12 12:19:00,1.39,1.39,1.39,1.39,0
2026-01-12 12:20:00,1.39,1.39,1.39,1.39,0
2026-01-12 12:21:00,1.39,1.39,1.39,1.39,0
2026-01-12 12:22:00,1.39,1.39,1.39,1.39,0
2026-01-12 12:23:00,1.39,1.39,1.39,1.39,0
2026-01-12 12:24:00,1.39,1.39,1.39,1.39,0
2026-01-12 12:25:00,1.39,1.39,1.39,1.39,0
2026-01-12 12:26:00,1.39,1.39,1.39,1.39,0
2026-01-12 12:27:00,1.39,1.39,1.39,1.39,0
2026-01-12 12:28:00,1.39,1.39,1.39,1.39,0
2026-01-12 12:29:00,1.39,1.39,1.39,1.39,0
2026-01-12 12:30:00,1.39,1.39,1.39,1.39,0
2026-01-12 12:31:00,1.39,1.39,1.39,1.39,0
2026-01-12 12:32:00,1.39,1.39,1.39,1.39,0
2026-01-12 12:33:00,1.39,1.39,1.39,1.39,0
2026-01-12 12:34:00,1.39,1.39,1.39,1.39,0
2026-01-12 12:35:00,1.39,1.39,1.39,1.39,19
2026-01-12 12:36:00,1.39,1.39,1.39,1.39,0
2026-01-12 12:37:00,1.39,1.39,1.39,1.39,0
2026-01-12 12:38:00,1.39,1.39,1.39,1.39,0
2026-01-12 12:39:00,1.39,1.39,1.39,1.39,0
2026-01-12 12:40:00,1.39,1.39,1.39,1.39,0
2026-01-12 12:41:00,1.39,1.39,1.39,1.39,0
2026-01-12 12:42:00,1.39,1.39,1.39,1.39,0
2026-01-12 12:43:00,1.39,1.39,1.39,1.39,0
2026-01-12 12:44:00,1.39,1.39,1.39,1.39,0
2026-01-12 12:45:00,1.39,1.39,1.39,1.39,0
2026-01-12 12:46:00,1.39,1.39,1.39,1.39,0
2026-01-12 12:47:00,1.39,1.39,1.39,1.39,0
2026-01-12 12:48:00,1.39,1.39,1.39,1.39,0
2026-01-12 12:49:00,1.3999,1.4,1.3901,1.4,48
2026-01-12 12:50:00,1.4,1.4,1.4,1.4,0
2026-01-12 12:51:00,1.4,1.4,1.4,1.4,1
2026-01-12 12:52:00,1.4,1.4,1.4,1.4,0
2026-01-12 12:53:00,1.4,1.4,1.4,1.4,0
2026-01-12 12:54:00,1.4,1.4,1.4,1.4,0
2026-01-12 12:55:00,1.4,1.4,1.4,1.4,0
2026-01-12 12:56:00,1.4,1.4,1.4,1.4,0
2026-01-12 12:57:00,1.4,1.4,1.4,1.4,0
2026-01-12 12:58:00,1.4,1.4,1.4,1.4,0
2026-01-12 12:59:00,1.4,1.4,1.4,1.4,0
2026-01-12 13:00:00,1.4,1.4,1.4,1.4,0
2026-01-12 13:01:00,1.4,1.4,1.4,1.4,0
2026-01-12 13:02:00,1.4,1.4,1.4,1.4,0
2026-01-12 13:03:00,1.4,1.4,1.4,1.4,0
2026-01-12 13:04:00,1.405,1.405,1.405,1.405,1
2026-01-12 13:05:00,1.405,1.405,1.405,1.405,0
2026-01-12 13:06:00,1.405,1.405,1.405,1.405,0
2026-01-12 13:07:00,1.405,1.405,1.405,1.405,0
2026-01-12 13:08:00,1.405,1.405,1.405,1.405,0
2026-01-12 13:09:00,1.405,1.405,1.405,1.405,0
2026-01-12 13:10:00,1.405,1.405,1.405,1.405,0
2026-01-12 13:11:00,1.405,1.405,1.405,1.405,0
2026-01-12 13:12:00,1.405,1.405,1.405,1.405,0
2026-01-12 13:13:00,1.405,1.405,1.405,1.405,0
2026-01-12 13:14:00,1.405,1.405,1.405,1.405,0
2026-01-12 13:15:00,1.405,1.405,1.405,1.405,0
2026-01-12 13:16:00,1.405,1.405,1.405,1.405,0
2026-01-12 13:17:00,1.405,1.405,1.405,1.405,0
2026-01-12 13:18:00,1.405,1.405,1.405,1.405,0
2026-01-12 13:19:00,1.405,1.405,1.405,1.405,0
2026-01-12 13:20:00,1.405,1.405,1.405,1.405,0
2026-01-12 13:21:00,1.405,1.405,1.405,1.405,0
2026-01-12 13:22:00,1.405,1.405,1.405,1.405,0
2026-01-12 13:23:00,1.405,1.405,1.405,1.405,0
2026-01-12 13:24:00,1.405,1.405,1.405,1.405,0
2026-01-12 13:25:00,1.405,1.405,1.405,1.405,0
2026-01-12 13:26:00,1.405,1.405,1.405,1.405,0
2026-01-12 13:27:00,1.405,1.405,1.405,1.405,0
2026-01-12 13:28:00,1.405,1.405,1.405,1.405,0
2026-01-12 13:29:00,1.405,1.405,1.405,1.405,0
2026-01-12 13:30:00,1.405,1.405,1.405,1.405,0
2026-01-12 13:31:00,1.405,1.405,1.405,1.405,0
2026-01-12 13:32:00,1.405,1.405,1.405,1.405,0
2026-01-12 13:33:00,1.405,1.405,1.405,1.405,0
2026-01-12 13:34:00,1.405,1.405,1.405,1.405,0
2026-01-12 13:35:00,1.405,1.405,1.405,1.405,0
2026-01-12 13:36:00,1.405,1.405,1.405,1.405,0
2026-01-12 13:37:00,1.39,1.39,1.39,1.39,1
2026-01-12 13:38:00,1.39,1.39,1.39,1.39,0
2026-01-12 13:39:00,1.39,1.39,1.39,1.39,0
2026-01-12 13:40:00,1.39,1.39,1.39,1.39,0
2026-01-12 13:41:00,1.39,1.39,1.39,1.39,0
2026-01-12 13:42:00,1.39,1.39,1.39,1.39,0
2026-01-12 13:43:00,1.39,1.39,1.39,1.39,0
2026-01-12 13:44:00,1.39,1.39,1.39,1.39,0
2026-01-12 13:45:00,1.39,1.39,1.39,1.39,0
2026-01-12 13:46:00,1.39,1.39,1.39,1.39,0
2026-01-12 13:47:00,1.39,1.39,1.39,1.39,0
2026-01-12 13:48:00,1.39,1.39,1.39,1.39,0
2026-01-12 13:49:00,1.39,1.39,1.39,1.39,0
2026-01-12 13:50:00,1.39,1.39,1.39,1.39,0
2026-01-12 13:51:00,1.39,1.39,1.39,1.39,0
2026-01-12 13:52:00,1.39,1.39,1.39,1.39,0
2026-01-12 13:53:00,1.39,1.39,1.39,1.39,0
2026-01-12 13:54:00,1.39,1.39,1.39,1.39,0
2026-01-12 13:55:00,1.39,1.39,1.39,1.39,0
2026-01-12 13:56:00,1.39,1.39,1.39,1.39,0
2026-01-12 13:57:00,1.39,1.39,1.39,1.39,0
2026-01-12 13:58:00,1.39,1.39,1.39,1.39,0
2026-01-12 13:59:00,1.39,1.39,1.39,1.39,0
2026-01-12 14:00:00,1.39,1.39,1.39,1.39,0
2026-01-12 14:01:00,1.39,1.39,1.39,1.39,0
2026-01-12 14:02:00,1.39,1.39,1.39,1.39,0
2026-01-12 14:03:00,1.39,1.39,1.39,1.39,0
2026-01-12 14:04:00,1.39,1.39,1.39,1.39,0
2026-01-12 14:05:00,1.39,1.39,1.39,1.39,0
2026-01-12 14:06:00,1.39,1.39,1.39,1.39,0
2026-01-12 14:07:00,1.39,1.39,1.39,1.39,0
2026-01-12 14:08:00,1.39,1.39,1.39,1.39,0
2026-01-12 14:09:00,1.39,1.39,1.39,1.39,0
2026-01-12 14:10:00,1.39,1.39,1.39,1.39,0
2026-01-12 14:11:00,1.39,1.39,1.39,1.39,0
2026-01-12 14:12:00,1.39,1.405,1.39,1.39,20
2026-01-12 14:13:00,1.39,1.39,1.39,1.39,0
2026-01-12 14:14:00,1.39,1.39,1.39,1.39,0
2026-01-12 14:15:00,1.39,1.39,1.39,1.39,0
2026-01-12 14:16:00,1.39,1.39,1.39,1.39,0
2026-01-12 14:17:00,1.39,1.39,1.39,1.39,0
2026-01-12 14:18:00,1.39,1.39,1.39,1.39,0
2026-01-12 14:19:00,1.39,1.39,1.39,1.39,0
2026-01-12 14:20:00,1.39,1.39,1.39,1.39,0
2026-01-12 14:21:00,1.39,1.39,1.39,1.39,0
2026-01-12 14:22:00,1.39,1.39,1.39,1.39,0
2026-01-12 14:23:00,1.39,1.39,1.39,1.39,0
2026-01-12 14:24:00,1.39,1.39,1.39,1.39,0
2026-01-12 14:25:00,1.39,1.39,1.39,1.39,0
2026-01-12 14:26:00,1.39,1.39,1.39,1.39,0
2026-01-12 14:27:00,1.3601,1.3601,1.3601,1.3601,2
2026-01-12 14:28:00,1.3601,1.3601,1.3601,1.3601,0
2026-01-12 14:29:00,1.3601,1.3601,1.3601,1.3601,0
2026-01-12 14:30:00,1.3601,1.3601,1.3601,1.3601,0
2026-01-12 14:31:00,1.3601,1.3601,1.3601,1.3601,0
2026-01-12 14:32:00,1.3601,1.3601,1.3601,1.3601,0
2026-01-12 14:33:00,1.38,1.38,1.38,1.38,6
2026-01-12 14:34:00,1.38,1.38,1.38,1.38,0
2026-01-12 14:35:00,1.38,1.38,1.38,1.38,0
2026-01-12 14:36:00,1.38,1.38,1.38,1.38,0
2026-01-12 14:37:00,1.38,1.38,1.38,1.38,0
2026-01-12 14:38:00,1.38,1.38,1.38,1.38,0
2026-01-12 14:39:00,1.38,1.38,1.38,1.38,0
2026-01-12 14:40:00,1.38,1.38,1.38,1.38,0
2026-01-12 14:41:00,1.38,1.38,1.38,1.38,0
2026-01-12 14:42:00,1.3899,1.3899,1.375,1.375,80
2026-01-12 14:43:00,1.375,1.375,1.375,1.375,0
2026-01-12 14:44:00,1.375,1.375,1.375,1.375,0
2026-01-12 14:45:00,1.375,1.375,1.375,1.375,0
2026-01-12 14:46:00,1.375,1.375,1.375,1.375,0
2026-01-12 14:47:00,1.375,1.375,1.375,1.375,0
2026-01-12 14:48:00,1.375,1.375,1.375,1.375,0
2026-01-12 14:49:00,1.375,1.375,1.375,1.375,0
2026-01-12 14:50:00,1.375,1.375,1.375,1.375,0
2026-01-12 14:51:00,1.375,1.375,1.375,1.375,0
2026-01-12 14:52:00,1.375,1.375,1.375,1.375,0
2026-01-12 14:53:00,1.375,1.375,1.375,1.375,0
2026-01-12 14:54:00,1.375,1.375,1.375,1.375,0
2026-01-12 14:55:00,1.375,1.375,1.375,1.375,0
2026-01-12 14:56:00,1.375,1.375,1.375,1.375,0
2026-01-12 14:57:00,1.375,1.375,1.375,1.375,0
2026-01-12 14:58:00,1.375,1.375,1.375,1.375,0
2026-01-12 14:59:00,1.375,1.375,1.375,1.375,0
2026-01-12 15:00:00,1.375,1.375,1.375,1.375,0
2026-01-12 15:01:00,1.375,1.375,1.375,1.375,0
2026-01-12 15:02:00,1.375,1.375,1.375,1.375,0
2026-01-12 15:03:00,1.375,1.375,1.375,1.375,0
2026-01-12 15:04:00,1.375,1.375,1.375,1.375,0
2026-01-12 15:05:00,1.375,1.375,1.375,1.375,0
2026-01-12 15:06:00,1.375,1.375,1.375,1.375,0
2026-01-12 15:07:00,1.375,1.375,1.375,1.375,0
2026-01-12 15:08:00,1.38,1.38,1.38,1.38,1
2026-01-12 15:09:00,1.38,1.38,1.38,1.38,0
2026-01-12 15:10:00,1.38,1.38,1.38,1.38,1
2026-01-12 15:11:00,1.38,1.38,1.38,1.38,0
2026-01-12 15:12:00,1.375,1.375,1.375,1.375,1
2026-01-12 15:13:00,1.375,1.375,1.375,1.375,0
2026-01-12 15:14:00,1.375,1.375,1.375,1.375,1
2026-01-12 15:15:00,1.375,1.375,1.375,1.375,0
2026-01-12 15:16:00,1.375,1.375,1.375,1.375,0
2026-01-12 15:17:00,1.375,1.375,1.375,1.375,1
2026-01-12 15:18:00,1.375,1.375,1.375,1.375,0
2026-01-12 15:19:00,1.375,1.375,1.375,1.375,2
2026-01-12 15:20:00,1.375,1.375,1.375,1.375,2
2026-01-12 15:21:00,1.375,1.375,1.375,1.375,0
2026-01-12 15:22:00,1.375,1.375,1.375,1.375,0
2026-01-12 15:23:00,1.375,1.375,1.375,1.375,0
2026-01-12 15:24:00,1.375,1.375,1.375,1.375,0
2026-01-12 15:25:00,1.375,1.375,1.375,1.375,0
2026-01-12 15:26:00,1.36,1.36,1.36,1.36,1
2026-01-12 15:27:00,1.38,1.38,1.38,1.38,1
2026-01-12 15:28:00,1.37,1.37,1.37,1.37,5
2026-01-12 15:29:00,1.37,1.37,1.37,1.37,2
2026-01-12 15:30:00,1.37,1.37,1.37,1.37,0
2026-01-12 15:31:00,1.375,1.375,1.375,1.375,1
2026-01-12 15:32:00,1.375,1.375,1.375,1.375,0
2026-01-12 15:33:00,1.375,1.375,1.375,1.375,0
2026-01-12 15:34:00,1.375,1.375,1.375,1.375,0
2026-01-12 15:35:00,1.375,1.375,1.375,1.375,0
2026-01-12 15:36:00,1.375,1.375,1.375,1.375,0
2026-01-12 15:37:00,1.375,1.375,1.375,1.375,0
2026-01-12 15:38:00,1.375,1.375,1.375,1.375,0
2026-01-12 15:39:00,1.375,1.375,1.375,1.375,0
2026-01-12 15:40:00,1.375,1.375,1.375,1.375,0
2026-01-12 15:41:00,1.375,1.375,1.375,1.375,0
2026-01-12 15:42:00,1.375,1.375,1.375,1.375,0
2026-01-12 15:43:00,1.375,1.375,1.375,1.375,0
2026-01-12 15:44:00,1.375,1.375,1.375,1.375,0
2026-01-12 15:45:00,1.375,1.375,1.375,1.375,0
2026-01-12 15:46:00,1.375,1.375,1.375,1.375,0
2026-01-12 15:47:00,1.3728,1.38,1.3728,1.38,16
2026-01-12 15:48:00,1.38,1.38,1.38,1.38,0
2026-01-12 15:49:00,1.38,1.38,1.38,1.38,0
2026-01-12 15:50:00,1.38,1.38,1.38,1.38,0
2026-01-12 15:51:00,1.38,1.38,1.38,1.38,0
2026-01-12 15:52:00,1.38,1.38,1.38,1.38,0
2026-01-12 15:53:00,1.3799,1.3799,1.3799,1.3799,5
2026-01-12 15:54:00,1.3799,1.3799,1.3799,1.3799,0
2026-01-12 15:55:00,1.3799,1.3799,1.3799,1.3799,0
2026-01-12 15:56:00,1.3799,1.3799,1.3799,1.3799,0
2026-01-12 15:57:00,1.3705,1.3705,1.3705,1.3705,50
2026-01-12 15:58:00,1.375,1.39,1.375,1.39,10
2026-01-12 15:59:00,1.39,1.39,1.39,1.39,0
2026-01-13 09:30:00,1.39,1.39,1.39,1.39,1
2026-01-13 09:31:00,1.39,1.39,1.39,1.39,0
2026-01-13 09:32:00,1.39,1.39,1.39,1.39,0
2026-01-13 09:33:00,1.39,1.39,1.39,1.39,0
2026-01-13 09:34:00,1.39,1.39,1.39,1.39,0
2026-01-13 09:35:00,1.39,1.39,1.39,1.39,0
2026-01-13 09:36:00,1.39,1.39,1.39,1.39,0
2026-01-13 09:37:00,1.39,1.39,1.39,1.39,0
2026-01-13 09:38:00,1.39,1.39,1.39,1.39,0
2026-01-13 09:39:00,1.39,1.39,1.39,1.39,0
2026-01-13 09:40:00,1.39,1.39,1.39,1.39,0
2026-01-13 09:41:00,1.39,1.39,1.39,1.39,0
2026-01-13 09:42:00,1.43,1.51,1.43,1.43,242
2026-01-13 09:43:00,1.43,1.43,1.43,1.43,0
2026-01-13 09:44:00,1.47,1.52,1.47,1.52,199
2026-01-13 09:45:00,1.52,1.52,1.52,1.52,0
2026-01-13 09:46:00,1.52,1.52,1.52,1.52,3
2026-01-13 09:47:00,1.52,1.52,1.52,1.52,4
2026-01-13 09:48:00,1.448,1.52,1.448,1.52,18
2026-01-13 09:49:00,1.495,1.495,1.47,1.49,17
2026-01-13 09:50:00,1.4533,1.4533,1.4533,1.4533,5
2026-01-13 09:51:00,1.554,1.554,1.554,1.554,10
2026-01-13 09:52:00,1.554,1.554,1.554,1.554,0
2026-01-13 09:53:00,1.52,1.52,1.51,1.51,3
2026-01-13 09:54:00,1.5,1.5,1.49,1.49,30
2026-01-13 09:55:00,1.465,1.55,1.465,1.54,66
2026-01-13 09:56:00,1.54,1.54,1.54,1.54,12
2026-01-13 09:57:00,1.54,1.54,1.54,1.54,0
2026-01-13 09:58:00,1.54,1.54,1.54,1.54,0
2026-01-13 09:59:00,1.54,1.54,1.54,1.54,0
2026-01-13 10:00:00,1.54,1.54,1.54,1.54,0
2026-01-13 10:01:00,1.54,1.54,1.54,1.54,0
2026-01-13 10:02:00,1.465,1.465,1.465,1.465,7
2026-01-13 10:03:00,1.465,1.465,1.465,1.465,0
2026-01-13 10:04:00,1.5,1.5,1.5,1.5,3
2026-01-13 10:05:00,1.46,1.46,1.46,1.46,3
2026-01-13 10:06:00,1.46,1.46,1.46,1.46,0
2026-01-13 10:07:00,1.46,1.46,1.46,1.46,0
2026-01-13 10:08:00,1.46,1.46,1.46,1.46,0
2026-01-13 10:09:00,1.46,1.46,1.46,1.46,0
2026-01-13 10:10:00,1.46,1.46,1.46,1.46,0
2026-01-13 10:11:00,1.41,1.44,1.41,1.44,7
2026-01-13 10:12:00,1.44,1.44,1.44,1.44,0
2026-01-13 10:13:00,1.44,1.44,1.44,1.44,0
2026-01-13 10:14:00,1.44,1.44,1.44,1.44,0
2026-01-13 10:15:00,1.44,1.44,1.44,1.44,0
2026-01-13 10:16:00,1.44,1.44,1.44,1.44,0
2026-01-13 10:17:00,1.44,1.44,1.44,1.44,0
2026-01-13 10:18:00,1.44,1.44,1.44,1.44,0
2026-01-13 10:19:00,1.44,1.44,1.44,1.44,0
2026-01-13 10:20:00,1.44,1.44,1.44,1.44,0
2026-01-13 10:21:00,1.44,1.44,1.44,1.44,0
2026-01-13 10:22:00,1.44,1.44,1.44,1.44,0
2026-01-13 10:23:00,1.44,1.44,1.44,1.44,0
2026-01-13 10:24:00,1.44,1.44,1.44,1.44,0
2026-01-13 10:25:00,1.44,1.44,1.44,1.44,0
2026-01-13 10:26:00,1.44,1.44,1.44,1.44,0
2026-01-13 10:27:00,1.44,1.44,1.44,1.44,0
2026-01-13 10:28:00,1.44,1.44,1.44,1.44,0
2026-01-13 10:29:00,1.44,1.44,1.44,1.44,0
2026-01-13 10:30:00,1.44,1.44,1.44,1.44,0
2026-01-13 10:31:00,1.44,1.44,1.44,1.44,0
2026-01-13 10:32:00,1.44,1.44,1.44,1.44,0
2026-01-13 10:33:00,1.44,1.44,1.44,1.44,0
2026-01-13 10:34:00,1.44,1.44,1.44,1.44,0
2026-01-13 10:35:00,1.44,1.44,1.44,1.44,0
2026-01-13 10:36:00,1.44,1.44,1.44,1.44,0
2026-01-13 10:37:00,1.44,1.44,1.44,1.44,0
2026-01-13 10:38:00,1.44,1.44,1.44,1.44,0
2026-01-13 10:39:00,1.44,1.44,1.44,1.44,0
2026-01-13 10:40:00,1.44,1.44,1.44,1.44,0
2026-01-13 10:41:00,1.44,1.44,1.44,1.44,0
2026-01-13 10:42:00,1.44,1.44,1.44,1.44,0
2026-01-13 10:43:00,1.44,1.44,1.44,1.44,0
2026-01-13 10:44:00,1.44,1.44,1.44,1.44,0
2026-01-13 10:45:00,1.44,1.44,1.44,1.44,0
2026-01-13 10:46:00,1.44,1.44,1.44,1.44,0
2026-01-13 10:47:00,1.44,1.44,1.44,1.44,0
2026-01-13 10:48:00,1.44,1.44,1.44,1.44,0
2026-01-13 10:49:00,1.44,1.44,1.44,1.44,30
2026-01-13 10:50:00,1.44,1.44,1.44,1.44,0
2026-01-13 10:51:00,1.44,1.44,1.44,1.44,0
2026-01-13 10:52:00,1.44,1.44,1.44,1.44,0
2026-01-13 10:53:00,1.44,1.44,1.44,1.44,0
2026-01-13 10:54:00,1.44,1.44,1.44,1.44,0
2026-01-13 10:55:00,1.44,1.44,1.44,1.44,0
2026-01-13 10:56:00,1.44,1.44,1.44,1.44,0
2026-01-13 10:57:00,1.44,1.44,1.44,1.44,0
2026-01-13 10:58:00,1.44,1.44,1.44,1.44,0
2026-01-13 10:59:00,1.44,1.44,1.44,1.44,0
2026-01-13 11:00:00,1.44,1.44,1.44,1.44,0
2026-01-13 11:01:00,1.44,1.44,1.44,1.44,0
2026-01-13 11:02:00,1.44,1.44,1.44,1.44,0
2026-01-13 11:03:00,1.44,1.44,1.44,1.44,0
2026-01-13 11:04:00,1.44,1.44,1.44,1.44,0
2026-01-13 11:05:00,1.44,1.44,1.44,1.44,0
2026-01-13 11:06:00,1.467,1.467,1.467,1.467,1
2026-01-13 11:07:00,1.467,1.467,1.467,1.467,0
2026-01-13 11:08:00,1.467,1.467,1.467,1.467,0
2026-01-13 11:09:00,1.467,1.467,1.467,1.467,0
2026-01-13 11:10:00,1.467,1.467,1.467,1.467,0
2026-01-13 11:11:00,1.48,1.49,1.475,1.475,12
2026-01-13 11:12:00,1.475,1.475,1.475,1.475,0
2026-01-13 11:13:00,1.475,1.475,1.475,1.475,0
2026-01-13 11:14:00,1.475,1.475,1.475,1.475,0
2026-01-13 11:15:00,1.475,1.475,1.475,1.475,0
2026-01-13 11:16:00,1.475,1.475,1.475,1.475,0
2026-01-13 11:17:00,1.47,1.47,1.47,1.47,10
2026-01-13 11:18:00,1.47,1.47,1.47,1.47,0
2026-01-13 11:19:00,1.47,1.47,1.47,1.47,0
2026-01-13 11:20:00,1.47,1.47,1.47,1.47,0
2026-01-13 11:21:00,1.47,1.47,1.47,1.47,0
2026-01-13 11:22:00,1.47,1.47,1.47,1.47,0
2026-01-13 11:23:00,1.47,1.47,1.47,1.47,0
2026-01-13 11:24:00,1.47,1.47,1.47,1.47,0
2026-01-13 11:25:00,1.47,1.47,1.47,1.47,0
2026-01-13 11:26:00,1.48,1.48,1.48,1.48,6
2026-01-13 11:27:00,1.48,1.48,1.48,1.48,0
2026-01-13 11:28:00,1.48,1.48,1.48,1.48,0
2026-01-13 11:29:00,1.48,1.48,1.48,1.48,0
2026-01-13 11:30:00,1.48,1.48,1.48,1.48,0
2026-01-13 11:31:00,1.48,1.48,1.48,1.48,0
2026-01-13 11:32:00,1.48,1.48,1.48,1.48,0
2026-01-13 11:33:00,1.48,1.48,1.48,1.48,0
2026-01-13 11:34:00,1.48,1.48,1.48,1.48,0
2026-01-13 11:35:00,1.48,1.48,1.48,1.48,0
2026-01-13 11:36:00,1.48,1.48,1.48,1.48,0
2026-01-13 11:37:00,1.5,1.52,1.5,1.52,49
2026-01-13 11:38:00,1.52,1.52,1.52,1.52,0
2026-01-13 11:39:00,1.52,1.52,1.52,1.52,0
2026-01-13 11:40:00,1.52,1.52,1.52,1.52,0
2026-01-13 11:41:00,1.52,1.52,1.52,1.52,0
2026-01-13 11:42:00,1.52,1.52,1.52,1.52,0
2026-01-13 11:43:00,1.52,1.52,1.52,1.52,0
2026-01-13 11:44:00,1.52,1.52,1.52,1.52,0
2026-01-13 11:45:00,1.52,1.52,1.52,1.52,0
2026-01-13 11:46:00,1.52,1.52,1.52,1.52,0
2026-01-13 11:47:00,1.52,1.52,1.52,1.52,0
2026-01-13 11:48:00,1.5,1.5,1.5,1.5,10
2026-01-13 11:49:00,1.5,1.5,1.5,1.5,0
2026-01-13 11:50:00,1.5,1.5,1.5,1.5,0
2026-01-13 11:51:00,1.5,1.5,1.5,1.5,0
2026-01-13 11:52:00,1.5131,1.5131,1.5131,1.5131,11
2026-01-13 11:53:00,1.5131,1.5131,1.5131,1.5131,0
2026-01-13 11:54:00,1.5131,1.5131,1.5131,1.5131,0
2026-01-13 11:55:00,1.5131,1.5131,1.5131,1.5131,0
2026-01-13 11:56:00,1.5131,1.5131,1.5131,1.5131,0
2026-01-13 11:57:00,1.5131,1.5131,1.5131,1.5131,0
2026-01-13 11:58:00,1.5131,1.5131,1.5131,1.5131,0
2026-01-13 11:59:00,1.5131,1.5131,1.5131,1.5131,0
2026-01-13 12:00:00,1.5131,1.5131,1.5131,1.5131,0
2026-01-13 12:01:00,1.5131,1.5131,1.5131,1.5131,0
2026-01-13 12:02:00,1.5131,1.5131,1.5131,1.5131,0
2026-01-13 12:03:00,1.5131,1.5131,1.5131,1.5131,0
2026-01-13 12:04:00,1.5131,1.5131,1.5131,1.5131,0
2026-01-13 12:05:00,1.5131,1.5131,1.5131,1.5131,0
2026-01-13 12:06:00,1.5131,1.5131,1.5131,1.5131,0
2026-01-13 12:07:00,1.5131,1.5131,1.5131,1.5131,0
2026-01-13 12:08:00,1.5131,1.5131,1.5131,1.5131,0
2026-01-13 12:09:00,1.5131,1.5131,1.5131,1.5131,0
2026-01-13 12:10:00,1.5131,1.5131,1.5131,1.5131,0
2026-01-13 12:11:00,1.5131,1.5131,1.5131,1.5131,0
2026-01-13 12:12:00,1.5131,1.5131,1.5131,1.5131,0
2026-01-13 12:13:00,1.51,1.51,1.51,1.51,2
2026-01-13 12:14:00,1.51,1.51,1.51,1.51,0
2026-01-13 12:15:00,1.51,1.51,1.51,1.51,0
2026-01-13 12:16:00,1.51,1.51,1.51,1.51,0
2026-01-13 12:17:00,1.495,1.495,1.495,1.495,10
2026-01-13 12:18:00,1.495,1.495,1.495,1.495,0
2026-01-13 12:19:00,1.495,1.495,1.495,1.495,0
2026-01-13 12:20:00,1.4946,1.4962,1.4946,1.4962,31
2026-01-13 12:21:00,1.4962,1.4962,1.4962,1.4962,0
2026-01-13 12:22:00,1.49,1.49,1.49,1.49,4
2026-01-13 12:23:00,1.49,1.49,1.49,1.49,0
2026-01-13 12:24:00,1.49,1.49,1.49,1.49,0
2026-01-13 12:25:00,1.49,1.49,1.49,1.49,0
2026-01-13 12:26:00,1.49,1.49,1.49,1.49,0
2026-01-13 12:27:00,1.49,1.49,1.49,1.49,0
2026-01-13 12:28:00,1.49,1.49,1.49,1.49,0
2026-01-13 12:29:00,1.49,1.49,1.49,1.49,0
2026-01-13 12:30:00,1.49,1.49,1.49,1.49,0
2026-01-13 12:31:00,1.49,1.49,1.49,1.49,0
2026-01-13 12:32:00,1.49,1.49,1.49,1.49,0
2026-01-13 12:33:00,1.49,1.49,1.49,1.49,0
2026-01-13 12:34:00,1.49,1.49,1.49,1.49,0
2026-01-13 12:35:00,1.49,1.49,1.49,1.49,0
2026-01-13 12:36:00,1.49,1.49,1.49,1.49,0
2026-01-13 12:37:00,1.5233,1.5233,1.5233,1.5233,1
2026-01-13 12:38:00,1.5233,1.5233,1.5233,1.5233,0
2026-01-13 12:39:00,1.5233,1.5233,1.5233,1.5233,0
2026-01-13 12:40:00,1.5233,1.5233,1.5233,1.5233,0
2026-01-13 12:41:00,1.505,1.505,1.505,1.505,40
2026-01-13 12:42:00,1.505,1.505,1.505,1.505,0
2026-01-13 12:43:00,1.5238,1.5238,1.5238,1.5238,1
2026-01-13 12:44:00,1.5238,1.5238,1.5238,1.5238,0
2026-01-13 12:45:00,1.5238,1.5238,1.5238,1.5238,0
2026-01-13 12:46:00,1.5238,1.5238,1.5238,1.5238,0
2026-01-13 12:47:00,1.5238,1.5238,1.5238,1.5238,0
2026-01-13 12:48:00,1.5238,1.5238,1.5238,1.5238,0
2026-01-13 12:49:00,1.5238,1.5238,1.5238,1.5238,0
2026-01-13 12:50:00,1.5238,1.5238,1.5238,1.5238,0
2026-01-13 12:51:00,1.5238,1.5238,1.5238,1.5238,0
2026-01-13 12:52:00,1.5238,1.5238,1.5238,1.5238,0
2026-01-13 12:53:00,1.5238,1.5238,1.5238,1.5238,0
2026-01-13 12:54:00,1.5238,1.5238,1.5238,1.5238,0
2026-01-13 12:55:00,1.5238,1.5238,1.5238,1.5238,0
2026-01-13 12:56:00,1.495,1.495,1.495,1.495,8
2026-01-13 12:57:00,1.495,1.495,1.495,1.495,2
2026-01-13 12:58:00,1.495,1.495,1.495,1.495,0
2026-01-13 12:59:00,1.49,1.49,1.485,1.485,14
2026-01-13 13:00:00,1.485,1.485,1.485,1.485,0
2026-01-13 13:01:00,1.48,1.48,1.48,1.48,6
2026-01-13 13:02:00,1.48,1.48,1.48,1.48,0
2026-01-13 13:03:00,1.48,1.48,1.48,1.48,0
2026-01-13 13:04:00,1.48,1.48,1.48,1.48,0
2026-01-13 13:05:00,1.48,1.48,1.48,1.48,0
2026-01-13 13:06:00,1.48,1.48,1.48,1.48,0
2026-01-13 13:07:00,1.48,1.48,1.48,1.48,0
2026-01-13 13:08:00,1.48,1.48,1.48,1.48,0
2026-01-13 13:09:00,1.48,1.48,1.48,1.48,0
2026-01-13 13:10:00,1.48,1.48,1.48,1.48,0
2026-01-13 13:11:00,1.48,1.48,1.48,1.48,0
2026-01-13 13:12:00,1.48,1.48,1.48,1.48,0
2026-01-13 13:13:00,1.48,1.48,1.48,1.48,0
2026-01-13 13:14:00,1.48,1.48,1.48,1.48,0
2026-01-13 13:15:00,1.48,1.48,1.48,1.48,0
2026-01-13 13:16:00,1.48,1.48,1.48,1.48,0
2026-01-13 13:17:00,1.48,1.48,1.48,1.48,0
2026-01-13 13:18:00,1.48,1.48,1.48,1.48,0
2026-01-13 13:19:00,1.48,1.48,1.48,1.48,0
2026-01-13 13:20:00,1.48,1.48,1.48,1.48,0
2026-01-13 13:21:00,1.48,1.48,1.48,1.48,0
2026-01-13 13:22:00,1.48,1.48,1.48,1.48,0
2026-01-13 13:23:00,1.48,1.48,1.48,1.48,0
2026-01-13 13:24:00,1.48,1.48,1.48,1.48,0
2026-01-13 13:25:00,1.48,1.48,1.48,1.48,0
2026-01-13 13:26:00,1.48,1.48,1.48,1.48,0
2026-01-13 13:27:00,1.48,1.48,1.48,1.48,0
2026-01-13 13:28:00,1.48,1.48,1.48,1.48,0
2026-01-13 13:29:00,1.46,1.46,1.46,1.46,5
2026-01-13 13:30:00,1.46,1.46,1.46,1.46,0
2026-01-13 13:31:00,1.46,1.46,1.46,1.46,0
2026-01-13 13:32:00,1.46,1.46,1.46,1.46,0
2026-01-13 13:33:00,1.46,1.46,1.46,1.46,0
2026-01-13 13:34:00,1.46,1.46,1.46,1.46,0
2026-01-13 13:35:00,1.46,1.46,1.46,1.46,0
2026-01-13 13:36:00,1.46,1.46,1.46,1.46,0
2026-01-13 13:37:00,1.46,1.46,1.46,1.46,0
2026-01-13 13:38:00,1.46,1.46,1.46,1.46,0
2026-01-13 13:39:00,1.46,1.46,1.46,1.46,0
2026-01-13 13:40:00,1.46,1.46,1.46,1.46,0
2026-01-13 13:41:00,1.46,1.46,1.46,1.46,0
2026-01-13 13:42:00,1.46,1.46,1.46,1.46,0
2026-01-13 13:43:00,1.46,1.46,1.46,1.46,0
2026-01-13 13:44:00,1.445,1.445,1.445,1.445,2
2026-01-13 13:45:00,1.445,1.445,1.445,1.445,0
2026-01-13 13:46:00,1.445,1.445,1.445,1.445,0
2026-01-13 13:47:00,1.445,1.445,1.445,1.445,0
2026-01-13 13:48:00,1.445,1.445,1.445,1.445,0
2026-01-13 13:49:00,1.445,1.445,1.445,1.445,0
2026-01-13 13:50:00,1.445,1.445,1.445,1.445,0
2026-01-13 13:51:00,1.445,1.445,1.445,1.445,0
2026-01-13 13:52:00,1.445,1.445,1.445,1.445,0
2026-01-13 13:53:00,1.445,1.445,1.445,1.445,0
2026-01-13 13:54:00,1.445,1.445,1.445,1.445,0
2026-01-13 13:55:00,1.445,1.445,1.445,1.445,0
2026-01-13 13:56:00,1.445,1.445,1.445,1.445,0
2026-01-13 13:57:00,1.445,1.445,1.445,1.445,0
2026-01-13 13:58:00,1.445,1.445,1.445,1.445,0
2026-01-13 13:59:00,1.445,1.445,1.445,1.445,0
2026-01-13 14:00:00,1.445,1.445,1.445,1.445,0
2026-01-13 14:01:00,1.445,1.445,1.445,1.445,0
2026-01-13 14:02:00,1.445,1.445,1.445,1.445,0
2026-01-13 14:03:00,1.445,1.445,1.445,1.445,0
2026-01-13 14:04:00,1.445,1.445,1.445,1.445,0
2026-01-13 14:05:00,1.445,1.445,1.445,1.445,0
2026-01-13 14:06:00,1.445,1.445,1.445,1.445,0
2026-01-13 14:07:00,1.445,1.445,1.445,1.445,0
2026-01-13 14:08:00,1.445,1.445,1.445,1.445,0
2026-01-13 14:09:00,1.445,1.445,1.445,1.445,0
2026-01-13 14:10:00,1.445,1.445,1.445,1.445,0
2026-01-13 14:11:00,1.445,1.445,1.445,1.445,0
2026-01-13 14:12:00,1.445,1.445,1.445,1.445,0
2026-01-13 14:13:00,1.445,1.445,1.445,1.445,0
2026-01-13 14:14:00,1.445,1.445,1.445,1.445,0
2026-01-13 14:15:00,1.445,1.445,1.445,1.445,0
2026-01-13 14:16:00,1.445,1.445,1.445,1.445,0
2026-01-13 14:17:00,1.445,1.445,1.445,1.445,0
2026-01-13 14:18:00,1.445,1.445,1.445,1.445,0
2026-01-13 14:19:00,1.445,1.445,1.445,1.445,0
2026-01-13 14:20:00,1.445,1.445,1.445,1.445,0
2026-01-13 14:21:00,1.445,1.445,1.445,1.445,0
2026-01-13 14:22:00,1.445,1.445,1.445,1.445,0
2026-01-13 14:23:00,1.445,1.445,1.445,1.445,0
2026-01-13 14:24:00,1.445,1.445,1.445,1.445,0
2026-01-13 14:25:00,1.445,1.445,1.445,1.445,0
2026-01-13 14:26:00,1.445,1.445,1.445,1.445,0
2026-01-13 14:27:00,1.45,1.45,1.45,1.45,3
2026-01-13 14:28:00,1.45,1.45,1.45,1.45,0
2026-01-13 14:29:00,1.45,1.45,1.45,1.45,0
2026-01-13 14:30:00,1.45,1.45,1.45,1.45,0
2026-01-13 14:31:00,1.4467,1.4467,1.4467,1.4467,1
2026-01-13 14:32:00,1.4467,1.4467,1.4467,1.4467,0
2026-01-13 14:33:00,1.4467,1.4467,1.4467,1.4467,0
2026-01-13 14:34:00,1.4467,1.4467,1.4467,1.4467,0
2026-01-13 14:35:00,1.4467,1.4467,1.4467,1.4467,0
2026-01-13 14:36:00,1.4467,1.4467,1.4467,1.4467,0
2026-01-13 14:37:00,1.4467,1.4467,1.4467,1.4467,0
2026-01-13 14:38:00,1.4467,1.4467,1.4467,1.4467,0
2026-01-13 14:39:00,1.4467,1.4467,1.4467,1.4467,0
2026-01-13 14:40:00,1.4467,1.4467,1.4467,1.4467,0
2026-01-13 14:41:00,1.4467,1.4467,1.4467,1.4467,0
2026-01-13 14:42:00,1.4467,1.4467,1.4467,1.4467,0
2026-01-13 14:43:00,1.4467,1.4467,1.4467,1.4467,0
2026-01-13 14:44:00,1.4467,1.4467,1.4467,1.4467,0
2026-01-13 14:45:00,1.4467,1.4467,1.4467,1.4467,0
2026-01-13 14:46:00,1.4467,1.4467,1.4467,1.4467,0
2026-01-13 14:47:00,1.4467,1.4467,1.4467,1.4467,0
2026-01-13 14:48:00,1.4467,1.4467,1.4467,1.4467,0
2026-01-13 14:49:00,1.4467,1.4467,1.4467,1.4467,0
2026-01-13 14:50:00,1.4467,1.4467,1.4467,1.4467,0
2026-01-13 14:51:00,1.4467,1.4467,1.4467,1.4467,0
2026-01-13 14:52:00,1.4467,1.4467,1.4467,1.4467,0
2026-01-13 14:53:00,1.4467,1.4467,1.4467,1.4467,0
2026-01-13 14:54:00,1.4467,1.4467,1.4467,1.4467,0
2026-01-13 14:55:00,1.4467,1.4467,1.4467,1.4467,0
2026-01-13 14:56:00,1.4467,1.4467,1.4467,1.4467,0
2026-01-13 14:57:00,1.4467,1.4467,1.4467,1.4467,0
2026-01-13 14:58:00,1.4467,1.4467,1.4467,1.4467,0
2026-01-13 14:59:00,1.4467,1.4467,1.4467,1.4467,0
2026-01-13 15:00:00,1.4467,1.4467,1.4467,1.4467,0
2026-01-13 15:01:00,1.4467,1.4467,1.4467,1.4467,0
2026-01-13 15:02:00,1.4467,1.4467,1.4467,1.4467,0
2026-01-13 15:03:00,1.4467,1.4467,1.4467,1.4467,0
2026-01-13 15:04:00,1.4467,1.4467,1.4467,1.4467,0
2026-01-13 15:05:00,1.4467,1.4467,1.4467,1.4467,0
2026-01-13 15:06:00,1.4467,1.4467,1.4467,1.4467,0
2026-01-13 15:07:00,1.4467,1.4467,1.4467,1.4467,0
2026-01-13 15:08:00,1.4467,1.4467,1.4467,1.4467,0
2026-01-13 15:09:00,1.4467,1.4467,1.4467,1.4467,0
2026-01-13 15:10:00,1.4467,1.4467,1.4467,1.4467,0
2026-01-13 15:11:00,1.4467,1.4467,1.4467,1.4467,0
2026-01-13 15:12:00,1.4467,1.4467,1.4467,1.4467,0
2026-01-13 15:13:00,1.4467,1.4467,1.4467,1.4467,0
2026-01-13 15:14:00,1.4467,1.4467,1.4467,1.4467,0
2026-01-13 15:15:00,1.4467,1.4467,1.4467,1.4467,0
2026-01-13 15:16:00,1.4467,1.4467,1.4467,1.4467,0
2026-01-13 15:17:00,1.4467,1.4467,1.4467,1.4467,0
2026-01-13 15:18:00,1.49,1.55,1.49,1.5496,49
2026-01-13 15:19:00,1.54,1.54,1.54,1.54,1
2026-01-13 15:20:00,1.54,1.54,1.54,1.54,0
2026-01-13 15:21:00,1.54,1.54,1.54,1.54,0
2026-01-13 15:22:00,1.505,1.505,1.505,1.505,2
2026-01-13 15:23:00,1.505,1.505,1.505,1.505,0
2026-01-13 15:24:00,1.505,1.505,1.505,1.505,0
2026-01-13 15:25:00,1.505,1.505,1.505,1.505,0
2026-01-13 15:26:00,1.505,1.505,1.505,1.505,0
2026-01-13 15:27:00,1.505,1.505,1.505,1.505,0
2026-01-13 15:28:00,1.505,1.505,1.505,1.505,0
2026-01-13 15:29:00,1.505,1.505,1.505,1.505,0
2026-01-13 15:30:00,1.507,1.507,1.507,1.507,6
2026-01-13 15:31:00,1.49,1.49,1.49,1.49,1
2026-01-13 15:32:00,1.49,1.49,1.49,1.49,0
2026-01-13 15:33:00,1.49,1.49,1.49,1.49,0
2026-01-13 15:34:00,1.49,1.49,1.49,1.49,0
2026-01-13 15:35:00,1.49,1.49,1.49,1.49,0
2026-01-13 15:36:00,1.49,1.49,1.49,1.49,0
2026-01-13 15:37:00,1.49,1.49,1.49,1.49,0
2026-01-13 15:38:00,1.49,1.49,1.49,1.49,0
2026-01-13 15:39:00,1.49,1.49,1.49,1.49,0
2026-01-13 15:40:00,1.49,1.49,1.49,1.49,0
2026-01-13 15:41:00,1.49,1.49,1.49,1.49,0
2026-01-13 15:42:00,1.49,1.49,1.49,1.49,0
2026-01-13 15:43:00,1.49,1.49,1.49,1.49,0
2026-01-13 15:44:00,1.49,1.49,1.49,1.49,0
2026-01-13 15:45:00,1.49,1.49,1.49,1.49,0
2026-01-13 15:46:00,1.49,1.49,1.49,1.49,0
2026-01-13 15:47:00,1.49,1.49,1.49,1.49,0
2026-01-13 15:48:00,1.49,1.49,1.49,1.49,0
2026-01-13 15:49:00,1.49,1.49,1.49,1.49,0
2026-01-13 15:50:00,1.49,1.49,1.49,1.49,3
2026-01-13 15:51:00,1.49,1.49,1.49,1.49,0
2026-01-13 15:52:00,1.4985,1.57,1.4985,1.55,103
2026-01-13 15:53:00,1.53,1.545,1.53,1.545,3
2026-01-13 15:54:00,1.53,1.53,1.525,1.525,21
2026-01-13 15:55:00,1.525,1.525,1.525,1.525,0
2026-01-13 15:56:00,1.525,1.525,1.525,1.525,10
2026-01-13 15:57:00,1.525,1.545,1.525,1.545,17
2026-01-13 15:58:00,1.5418,1.55,1.53,1.5306,128
2026-01-13 15:59:00,1.56,1.56,1.56,1.56,5
2026-01-14 09:30:00,1.58,1.58,1.58,1.58,9
2026-01-14 09:31:00,1.58,1.58,1.58,1.58,0
2026-01-14 09:32:00,1.58,1.58,1.58,1.58,0
2026-01-14 09:33:00,1.58,1.58,1.58,1.58,0
2026-01-14 09:34:00,1.58,1.58,1.58,1.58,0
2026-01-14 09:35:00,1.58,1.58,1.58,1.58,0
2026-01-14 09:36:00,1.58,1.58,1.58,1.58,0
2026-01-14 09:37:00,1.58,1.58,1.58,1.58,0
2026-01-14 09:38:00,1.535,1.535,1.535,1.535,112
2026-01-14 09:39:00,1.535,1.535,1.535,1.535,0
2026-01-14 09:40:00,1.5699,1.585,1.56,1.58,110
2026-01-14 09:41:00,1.58,1.58,1.58,1.58,0
2026-01-14 09:42:00,1.58,1.58,1.58,1.58,0
2026-01-14 09:43:00,1.58,1.58,1.58,1.58,0
2026-01-14 09:44:00,1.58,1.58,1.58,1.58,0
2026-01-14 09:45:00,1.58,1.58,1.58,1.58,0
2026-01-14 09:46:00,1.5876,1.5876,1.5876,1.5876,1
2026-01-14 09:47:00,1.59,1.6,1.59,1.5942,82
2026-01-14 09:48:00,1.5942,1.5942,1.5942,1.5942,0
2026-01-14 09:49:00,1.5942,1.5942,1.5942,1.5942,0
2026-01-14 09:50:00,1.5942,1.5942,1.5942,1.5942,0
2026-01-14 09:51:00,1.599,1.599,1.599,1.599,5
2026-01-14 09:52:00,1.599,1.599,1.599,1.599,0
2026-01-14 09:53:00,1.5999,1.5999,1.5999,1.5999,3
2026-01-14 09:54:00,1.5494,1.5723,1.5357,1.5723,22
2026-01-14 09:55:00,1.6,1.65,1.6,1.65,52
2026-01-14 09:56:00,1.65,1.65,1.65,1.65,0
2026-01-14 09:57:00,1.65,1.65,1.65,1.65,0
2026-01-14 09:58:00,1.65,1.65,1.65,1.65,0
2026-01-14 09:59:00,1.65,1.65,1.65,1.65,0
2026-01-14 10:00:00,1.65,1.65,1.65,1.65,0
2026-01-14 10:01:00,1.63,1.63,1.6,1.6,31
2026-01-14 10:02:00,1.6,1.6,1.6,1.6,0
2026-01-14 10:03:00,1.6,1.6,1.6,1.6,0
2026-01-14 10:04:00,1.595,1.595,1.595,1.595,1
2026-01-14 10:05:00,1.595,1.595,1.595,1.595,0
2026-01-14 10:06:00,1.55,1.592,1.55,1.592,2
2026-01-14 10:07:00,1.592,1.592,1.592,1.592,0
2026-01-14 10:08:00,1.592,1.592,1.592,1.592,0
2026-01-14 10:09:00,1.592,1.592,1.592,1.592,0
2026-01-14 10:10:00,1.592,1.592,1.592,1.592,0
2026-01-14 10:11:00,1.592,1.592,1.592,1.592,0
2026-01-14 10:12:00,1.592,1.592,1.592,1.592,0
2026-01-14 10:13:00,1.592,1.592,1.592,1.592,0
2026-01-14 10:14:00,1.595,1.6399,1.5522,1.6399,8
2026-01-14 10:15:00,1.64,1.64,1.64,1.64,5
2026-01-14 10:16:00,1.64,1.64,1.64,1.64,0
2026-01-14 10:17:00,1.64,1.64,1.64,1.64,0
2026-01-14 10:18:00,1.64,1.64,1.64,1.64,0
2026-01-14 10:19:00,1.64,1.64,1.64,1.64,0
2026-01-14 10:20:00,1.64,1.64,1.64,1.64,0
2026-01-14 10:21:00,1.64,1.64,1.64,1.64,0
2026-01-14 10:22:00,1.6174,1.6174,1.6174,1.6174,6
2026-01-14 10:23:00,1.6174,1.6174,1.6174,1.6174,0
2026-01-14 10:24:00,1.6174,1.6174,1.6174,1.6174,0
2026-01-14 10:25:00,1.6174,1.6174,1.6174,1.6174,0
2026-01-14 10:26:00,1.6174,1.6174,1.6174,1.6174,0
2026-01-14 10:27:00,1.6174,1.6174,1.6174,1.6174,0
2026-01-14 10:28:00,1.6174,1.6174,1.6174,1.6174,0
2026-01-14 10:29:00,1.6174,1.6174,1.6174,1.6174,0
2026-01-14 10:30:00,1.6174,1.6174,1.6174,1.6174,0
2026-01-14 10:31:00,1.6174,1.6174,1.6174,1.6174,0
2026-01-14 10:32:00,1.6174,1.6174,1.6174,1.6174,0
2026-01-14 10:33:00,1.6174,1.6174,1.6174,1.6174,0
2026-01-14 10:34:00,1.6174,1.6174,1.6174,1.6174,0
2026-01-14 10:35:00,1.6174,1.6174,1.6174,1.6174,0
2026-01-14 10:36:00,1.6174,1.6174,1.6174,1.6174,0
2026-01-14 10:37:00,1.6174,1.6174,1.6174,1.6174,0
2026-01-14 10:38:00,1.6174,1.6174,1.6174,1.6174,0
2026-01-14 10:39:00,1.6174,1.6174,1.6174,1.6174,0
2026-01-14 10:40:00,1.6174,1.6174,1.6174,1.6174,0
2026-01-14 10:41:00,1.6174,1.6174,1.6174,1.6174,0
2026-01-14 10:42:00,1.6174,1.6174,1.6174,1.6174,0
2026-01-14 10:43:00,1.64,1.64,1.64,1.64,2
2026-01-14 10:44:00,1.58,1.58,1.58,1.58,5
2026-01-14 10:45:00,1.65,1.6554,1.65,1.65,53
2026-01-14 10:46:00,1.65,1.65,1.65,1.65,0
2026-01-14 10:47:00,1.65,1.65,1.65,1.65,0
2026-01-14 10:48:00,1.65,1.65,1.65,1.65,0
2026-01-14 10:49:00,1.65,1.65,1.65,1.65,0
2026-01-14 10:50:00,1.65,1.65,1.65,1.65,0
2026-01-14 10:51:00,1.66,1.66,1.645,1.645,11
2026-01-14 10:52:00,1.65,1.65,1.65,1.65,11
2026-01-14 10:53:00,1.65,1.65,1.65,1.65,1
2026-01-14 10:54:00,1.64,1.64,1.64,1.64,1
2026-01-14 10:55:00,1.64,1.64,1.64,1.64,2
2026-01-14 10:56:00,1.61,1.61,1.61,1.61,1
2026-01-14 10:57:00,1.64,1.64,1.64,1.64,4
2026-01-14 10:58:00,1.64,1.64,1.64,1.64,0
2026-01-14 10:59:00,1.64,1.64,1.64,1.64,0
2026-01-14 11:00:00,1.64,1.64,1.64,1.64,0
2026-01-14 11:01:00,1.64,1.64,1.64,1.64,0
2026-01-14 11:02:00,1.64,1.64,1.64,1.64,2
2026-01-14 11:03:00,1.64,1.64,1.64,1.64,0
2026-01-14 11:04:00,1.64,1.64,1.64,1.64,2
2026-01-14 11:05:00,1.64,1.64,1.64,1.64,1
2026-01-14 11:06:00,1.64,1.64,1.6301,1.6301,24
2026-01-14 11:07:00,1.643,1.643,1.6308,1.6396,158
2026-01-14 11:08:00,1.6396,1.6396,1.6396,1.6396,0
2026-01-14 11:09:00,1.6396,1.6396,1.6396,1.6396,0
2026-01-14 11:10:00,1.6396,1.6396,1.6396,1.6396,0
2026-01-14 11:11:00,1.6396,1.6396,1.6396,1.6396,0
2026-01-14 11:12:00,1.65,1.65,1.65,1.65,33
2026-01-14 11:13:00,1.66,1.66,1.66,1.66,1
2026-01-14 11:14:00,1.66,1.66,1.66,1.66,0
2026-01-14 11:15:00,1.65,1.65,1.65,1.65,1
2026-01-14 11:16:00,1.65,1.65,1.65,1.65,0
2026-01-14 11:17:00,1.65,1.65,1.65,1.65,0
2026-01-14 11:18:00,1.65,1.65,1.65,1.65,0
2026-01-14 11:19:00,1.65,1.65,1.65,1.65,0
2026-01-14 11:20:00,1.658,1.67,1.645,1.66,66
2026-01-14 11:21:00,1.66,1.66,1.66,1.66,0
2026-01-14 11:22:00,1.66,1.66,1.66,1.66,0
2026-01-14 11:23:00,1.66,1.66,1.66,1.66,0
2026-01-14 11:24:00,1.665,1.665,1.665,1.665,1
2026-01-14 11:25:00,1.675,1.6899,1.66,1.66,19
2026-01-14 11:26:00,1.66,1.66,1.66,1.66,0
2026-01-14 11:27:00,1.66,1.66,1.66,1.66,0
2026-01-14 11:28:00,1.66,1.66,1.66,1.66,0
2026-01-14 11:29:00,1.66,1.66,1.66,1.66,0
2026-01-14 11:30:00,1.66,1.66,1.66,1.66,0
2026-01-14 11:31:00,1.66,1.66,1.66,1.66,0
2026-01-14 11:32:00,1.66,1.66,1.66,1.66,0
2026-01-14 11:33:00,1.66,1.66,1.66,1.66,0
2026-01-14 11:34:00,1.66,1.66,1.66,1.66,0
2026-01-14 11:35:00,1.66,1.66,1.66,1.66,0
2026-01-14 11:36:00,1.66,1.66,1.66,1.66,0
2026-01-14 11:37:00,1.66,1.66,1.66,1.66,0
2026-01-14 11:38:00,1.66,1.66,1.66,1.66,0
2026-01-14 11:39:00,1.66,1.66,1.66,1.66,0
2026-01-14 11:40:00,1.66,1.66,1.66,1.66,0
2026-01-14 11:41:00,1.66,1.66,1.66,1.66,0
2026-01-14 11:42:00,1.66,1.66,1.66,1.66,0
2026-01-14 11:43:00,1.66,1.66,1.66,1.66,0
2026-01-14 11:44:00,1.66,1.66,1.66,1.66,0
2026-01-14 11:45:00,1.66,1.66,1.66,1.66,0
2026-01-14 11:46:00,1.66,1.66,1.66,1.66,0
2026-01-14 11:47:00,1.66,1.66,1.66,1.66,0
2026-01-14 11:48:00,1.66,1.66,1.66,1.66,0
2026-01-14 11:49:00,1.66,1.66,1.66,1.66,9
2026-01-14 11:50:00,1.66,1.66,1.66,1.66,0
2026-01-14 11:51:00,1.66,1.66,1.66,1.66,0
2026-01-14 11:52:00,1.66,1.66,1.66,1.66,0
2026-01-14 11:53:00,1.66,1.66,1.66,1.66,0
2026-01-14 11:54:00,1.66,1.66,1.66,1.66,0
2026-01-14 11:55:00,1.64,1.64,1.64,1.64,2
2026-01-14 11:56:00,1.64,1.64,1.64,1.64,0
2026-01-14 11:57:00,1.64,1.64,1.64,1.64,0
2026-01-14 11:58:00,1.64,1.64,1.64,1.64,0
2026-01-14 11:59:00,1.64,1.64,1.64,1.64,0
2026-01-14 12:00:00,1.64,1.64,1.64,1.64,0
2026-01-14 12:01:00,1.64,1.64,1.64,1.64,0
2026-01-14 12:02:00,1.64,1.64,1.64,1.64,0
2026-01-14 12:03:00,1.64,1.64,1.64,1.64,0
2026-01-14 12:04:00,1.64,1.64,1.64,1.64,0
2026-01-14 12:05:00,1.64,1.64,1.64,1.64,0
2026-01-14 12:06:00,1.64,1.64,1.64,1.64,0
2026-01-14 12:07:00,1.64,1.64,1.64,1.64,0
2026-01-14 12:08:00,1.64,1.64,1.64,1.64,0
2026-01-14 12:09:00,1.64,1.64,1.64,1.64,0
2026-01-14 12:10:00,1.63,1.63,1.63,1.63,22
2026-01-14 12:11:00,1.63,1.63,1.63,1.63,0
2026-01-14 12:12:00,1.63,1.63,1.63,1.63,0
2026-01-14 12:13:00,1.63,1.63,1.63,1.63,0
2026-01-14 12:14:00,1.63,1.63,1.63,1.63,0
2026-01-14 12:15:00,1.63,1.63,1.63,1.63,0
2026-01-14 12:16:00,1.63,1.63,1.63,1.63,0
2026-01-14 12:17:00,1.63,1.63,1.63,1.63,0
2026-01-14 12:18:00,1.63,1.63,1.63,1.63,0
2026-01-14 12:19:00,1.63,1.63,1.63,1.63,0
2026-01-14 12:20:00,1.63,1.63,1.63,1.63,0
2026-01-14 12:21:00,1.625,1.625,1.625,1.625,10
2026-01-14 12:22:00,1.625,1.625,1.625,1.625,10
2026-01-14 12:23:00,1.625,1.625,1.625,1.625,0
2026-01-14 12:24:00,1.625,1.625,1.625,1.625,0
2026-01-14 12:25:00,1.625,1.625,1.625,1.625,0
2026-01-14 12:26:00,1.625,1.625,1.625,1.625,0
2026-01-14 12:27:00,1.625,1.625,1.625,1.625,0
2026-01-14 12:28:00,1.625,1.625,1.625,1.625,0
2026-01-14 12:29:00,1.625,1.625,1.625,1.625,0
2026-01-14 12:30:00,1.625,1.625,1.625,1.625,0
2026-01-14 12:31:00,1.625,1.625,1.625,1.625,0
2026-01-14 12:32:00,1.625,1.625,1.625,1.625,0
2026-01-14 12:33:00,1.625,1.625,1.625,1.625,0
2026-01-14 12:34:00,1.625,1.625,1.625,1.625,0
2026-01-14 12:35:00,1.625,1.625,1.625,1.625,0
2026-01-14 12:36:00,1.625,1.625,1.625,1.625,0
2026-01-14 12:37:00,1.625,1.625,1.625,1.625,0
2026-01-14 12:38:00,1.625,1.625,1.625,1.625,0
2026-01-14 12:39:00,1.625,1.625,1.625,1.625,0
2026-01-14 12:40:00,1.625,1.625,1.625,1.625,0
2026-01-14 12:41:00,1.62,1.62,1.62,1.62,10
2026-01-14 12:42:00,1.62,1.62,1.62,1.62,0
2026-01-14 12:43:00,1.62,1.62,1.62,1.62,0
2026-01-14 12:44:00,1.62,1.62,1.62,1.62,0
2026-01-14 12:45:00,1.62,1.62,1.62,1.62,0
2026-01-14 12:46:00,1.62,1.62,1.62,1.62,0
2026-01-14 12:47:00,1.604,1.604,1.604,1.604,1
2026-01-14 12:48:00,1.604,1.604,1.604,1.604,0
2026-01-14 12:49:00,1.604,1.604,1.604,1.604,0
2026-01-14 12:50:00,1.604,1.604,1.604,1.604,0
2026-01-14 12:51:00,1.604,1.604,1.604,1.604,0
2026-01-14 12:52:00,1.604,1.604,1.604,1.604,0
2026-01-14 12:53:00,1.604,1.604,1.604,1.604,0
2026-01-14 12:54:00,1.604,1.604,1.604,1.604,0
2026-01-14 12:55:00,1.604,1.604,1.604,1.604,0
2026-01-14 12:56:00,1.604,1.604,1.604,1.604,0
2026-01-14 12:57:00,1.604,1.604,1.604,1.604,0
2026-01-14 12:58:00,1.61,1.61,1.59,1.6,56
2026-01-14 12:59:00,1.6,1.6,1.6,1.6,0
2026-01-14 13:00:00,1.6,1.6,1.6,1.6,0
2026-01-14 13:01:00,1.6,1.6,1.6,1.6,0
2026-01-14 13:02:00,1.6,1.6,1.6,1.6,0
2026-01-14 13:03:00,1.6,1.6,1.6,1.6,0
2026-01-14 13:04:00,1.6,1.6,1.6,1.6,0
2026-01-14 13:05:00,1.6,1.6,1.6,1.6,0
2026-01-14 13:06:00,1.6,1.6,1.6,1.6,0
2026-01-14 13:07:00,1.6,1.6,1.6,1.6,0
2026-01-14 13:08:00,1.6,1.6,1.6,1.6,0
2026-01-14 13:09:00,1.62,1.62,1.62,1.62,45
2026-01-14 13:10:00,1.62,1.62,1.62,1.62,0
2026-01-14 13:11:00,1.62,1.62,1.62,1.62,0
2026-01-14 13:12:00,1.62,1.62,1.62,1.62,0
2026-01-14 13:13:00,1.62,1.62,1.62,1.62,0
2026-01-14 13:14:00,1.62,1.62,1.62,1.62,0
2026-01-14 13:15:00,1.62,1.62,1.62,1.62,0
2026-01-14 13:16:00,1.62,1.62,1.62,1.62,0
2026-01-14 13:17:00,1.62,1.62,1.62,1.62,0
2026-01-14 13:18:00,1.62,1.62,1.62,1.62,0
2026-01-14 13:19:00,1.62,1.62,1.62,1.62,0
2026-01-14 13:20:00,1.62,1.62,1.62,1.62,0
2026-01-14 13:21:00,1.62,1.62,1.62,1.62,0
2026-01-14 13:22:00,1.62,1.62,1.62,1.62,0
2026-01-14 13:23:00,1.62,1.62,1.62,1.62,0
2026-01-14 13:24:00,1.62,1.62,1.62,1.62,0
2026-01-14 13:25:00,1.62,1.62,1.62,1.62,0
2026-01-14 13:26:00,1.62,1.62,1.62,1.62,0
2026-01-14 13:27:00,1.62,1.62,1.62,1.62,0
2026-01-14 13:28:00,1.63,1.635,1.63,1.635,46
2026-01-14 13:29:00,1.635,1.65,1.635,1.65,24
2026-01-14 13:30:00,1.65,1.65,1.65,1.65,0
2026-01-14 13:31:00,1.65,1.65,1.65,1.65,0
2026-01-14 13:32:00,1.6552,1.68,1.65,1.6699,135
2026-01-14 13:33:00,1.6704,1.6704,1.6704,1.6704,5
2026-01-14 13:34:00,1.6725,1.69,1.665,1.69,90
2026-01-14 13:35:00,1.68,1.68,1.68,1.68,1
2026-01-14 13:36:00,1.68,1.68,1.68,1.68,0
2026-01-14 13:37:00,1.68,1.68,1.68,1.68,0
2026-01-14 13:38:00,1.6696,1.675,1.6502,1.6502,13
2026-01-14 13:39:00,1.6502,1.6502,1.6502,1.6502,0
2026-01-14 13:40:00,1.6502,1.6502,1.6502,1.6502,0
2026-01-14 13:41:00,1.6502,1.6502,1.6502,1.6502,0
2026-01-14 13:42:00,1.6502,1.6502,1.6502,1.6502,0
2026-01-14 13:43:00,1.6502,1.6502,1.6502,1.6502,0
2026-01-14 13:44:00,1.6502,1.6502,1.6502,1.6502,0
2026-01-14 13:45:00,1.6502,1.6502,1.6502,1.6502,0
2026-01-14 13:46:00,1.6502,1.6502,1.6502,1.6502,0
2026-01-14 13:47:00,1.6502,1.6502,1.6502,1.6502,0
2026-01-14 13:48:00,1.6502,1.6502,1.6502,1.6502,0
2026-01-14 13:49:00,1.6502,1.6502,1.6502,1.6502,0
2026-01-14 13:50:00,1.66,1.66,1.66,1.66,13
2026-01-14 13:51:00,1.68,1.7,1.6719,1.68,87
2026-01-14 13:52:00,1.68,1.72,1.68,1.6899,74
2026-01-14 13:53:00,1.68,1.6802,1.68,1.6801,9
2026-01-14 13:54:00,1.6801,1.6801,1.6801,1.6801,0
2026-01-14 13:55:00,1.6801,1.6801,1.6801,1.6801,0
2026-01-14 13:56:00,1.707,1.707,1.707,1.707,10
2026-01-14 13:57:00,1.68,1.68,1.66,1.66,11
2026-01-14 13:58:00,1.67,1.67,1.67,1.67,5
2026-01-14 13:59:00,1.6574,1.6574,1.6574,1.6574,1
2026-01-14 14:00:00,1.68,1.68,1.68,1.68,11
2026-01-14 14:01:00,1.67,1.67,1.66,1.66,4
2026-01-14 14:02:00,1.66,1.66,1.66,1.66,0
2026-01-14 14:03:00,1.66,1.66,1.66,1.66,0
2026-01-14 14:04:00,1.67,1.67,1.66,1.66,7
2026-01-14 14:05:00,1.66,1.66,1.66,1.66,0
2026-01-14 14:06:00,1.66,1.66,1.66,1.66,0
2026-01-14 14:07:00,1.66,1.66,1.66,1.66,0
2026-01-14 14:08:00,1.66,1.66,1.66,1.66,0
2026-01-14 14:09:00,1.67,1.69,1.67,1.68,39
2026-01-14 14:10:00,1.7,1.71,1.7,1.7,114
2026-01-14 14:11:00,1.7,1.7,1.7,1.7,0
2026-01-14 14:12:00,1.7,1.7,1.7,1.7,0
2026-01-14 14:13:00,1.7,1.7,1.7,1.7,0
2026-01-14 14:14:00,1.7,1.7,1.7,1.7,0
2026-01-14 14:15:00,1.7,1.7,1.7,1.7,0
2026-01-14 14:16:00,1.7,1.7,1.7,1.7,0
2026-01-14 14:17:00,1.7,1.7,1.7,1.7,0
2026-01-14 14:18:00,1.7,1.7,1.7,1.7,0
2026-01-14 14:19:00,1.7,1.7,1.7,1.7,0
2026-01-14 14:20:00,1.7,1.7,1.7,1.7,0
2026-01-14 14:21:00,1.68,1.69,1.68,1.69,7
2026-01-14 14:22:00,1.69,1.69,1.69,1.69,0
2026-01-14 14:23:00,1.69,1.69,1.69,1.69,0
2026-01-14 14:24:00,1.6683,1.6683,1.6683,1.6683,1
2026-01-14 14:25:00,1.6683,1.6683,1.6683,1.6683,0
2026-01-14 14:26:00,1.6683,1.6683,1.6683,1.6683,0
2026-01-14 14:27:00,1.6683,1.6683,1.6683,1.6683,0
2026-01-14 14:28:00,1.6683,1.6683,1.6683,1.6683,0
2026-01-14 14:29:00,1.6683,1.6683,1.6683,1.6683,0
2026-01-14 14:30:00,1.6683,1.6683,1.6683,1.6683,0
2026-01-14 14:31:00,1.67,1.67,1.67,1.67,50
2026-01-14 14:32:00,1.67,1.67,1.67,1.67,0
2026-01-14 14:33:00,1.67,1.67,1.67,1.67,2
2026-01-14 14:34:00,1.67,1.67,1.67,1.67,0
2026-01-14 14:35:00,1.67,1.67,1.67,1.67,0
2026-01-14 14:36:00,1.69,1.69,1.685,1.685,43
2026-01-14 14:37:00,1.685,1.69,1.68,1.68,11
2026-01-14 14:38:00,1.67,1.67,1.67,1.67,3
2026-01-14 14:39:00,1.67,1.67,1.67,1.67,0
2026-01-14 14:40:00,1.6616,1.6616,1.6616,1.6616,2
2026-01-14 14:41:00,1.6616,1.6616,1.6616,1.6616,0
2026-01-14 14:42:00,1.6616,1.6616,1.6616,1.6616,0
2026-01-14 14:43:00,1.6616,1.6616,1.6616,1.6616,0
2026-01-14 14:44:00,1.6616,1.6616,1.6616,1.6616,0
2026-01-14 14:45:00,1.6616,1.6616,1.6616,1.6616,0
2026-01-14 14:46:00,1.6616,1.6616,1.6616,1.6616,0
2026-01-14 14:47:00,1.6616,1.6616,1.6616,1.6616,0
2026-01-14 14:48:00,1.6616,1.6616,1.6616,1.6616,0
2026-01-14 14:49:00,1.6616,1.6616,1.6616,1.6616,0
2026-01-14 14:50:00,1.68,1.68,1.68,1.68,1
2026-01-14 14:51:00,1.68,1.68,1.68,1.68,0
2026-01-14 14:52:00,1.68,1.68,1.68,1.68,0
2026-01-14 14:53:00,1.68,1.68,1.68,1.68,0
2026-01-14 14:54:00,1.68,1.68,1.68,1.68,0
2026-01-14 14:55:00,1.68,1.68,1.68,1.68,0
2026-01-14 14:56:00,1.68,1.68,1.68,1.68,0
2026-01-14 14:57:00,1.68,1.68,1.68,1.68,0
2026-01-14 14:58:00,1.68,1.68,1.68,1.68,0
2026-01-14 14:59:00,1.68,1.68,1.68,1.68,0
2026-01-14 15:00:00,1.68,1.68,1.68,1.68,0
2026-01-14 15:01:00,1.68,1.68,1.68,1.68,0
2026-01-14 15:02:00,1.68,1.68,1.68,1.68,0
2026-01-14 15:03:00,1.68,1.68,1.68,1.68,0
2026-01-14 15:04:00,1.68,1.68,1.68,1.68,0
2026-01-14 15:05:00,1.68,1.68,1.68,1.68,0
2026-01-14 15:06:00,1.68,1.68,1.68,1.68,0
2026-01-14 15:07:00,1.68,1.68,1.68,1.68,1
2026-01-14 15:08:00,1.68,1.68,1.68,1.68,0
2026-01-14 15:09:00,1.68,1.68,1.68,1.68,0
2026-01-14 15:10:00,1.68,1.68,1.68,1.68,0
2026-01-14 15:11:00,1.68,1.68,1.68,1.68,0
2026-01-14 15:12:00,1.68,1.68,1.68,1.68,0
2026-01-14 15:13:00,1.68,1.68,1.68,1.68,0
2026-01-14 15:14:00,1.68,1.68,1.68,1.68,0
2026-01-14 15:15:00,1.68,1.68,1.68,1.68,0
2026-01-14 15:16:00,1.68,1.68,1.68,1.68,0
2026-01-14 15:17:00,1.68,1.68,1.68,1.68,0
2026-01-14 15:18:00,1.68,1.68,1.68,1.68,0
2026-01-14 15:19:00,1.68,1.68,1.68,1.68,0
2026-01-14 15:20:00,1.68,1.68,1.67,1.67,10
2026-01-14 15:21:00,1.67,1.67,1.67,1.67,0
2026-01-14 15:22:00,1.67,1.67,1.67,1.67,0
2026-01-14 15:23:00,1.67,1.67,1.67,1.67,0
2026-01-14 15:24:00,1.67,1.67,1.67,1.67,0
2026-01-14 15:25:00,1.66,1.66,1.66,1.66,1
2026-01-14 15:26:00,1.66,1.66,1.66,1.66,0
2026-01-14 15:27:00,1.66,1.66,1.66,1.66,0
2026-01-14 15:28:00,1.66,1.66,1.66,1.66,0
2026-01-14 15:29:00,1.66,1.66,1.66,1.66,0
2026-01-14 15:30:00,1.66,1.66,1.66,1.66,0
2026-01-14 15:31:00,1.66,1.66,1.66,1.66,0
2026-01-14 15:32:00,1.66,1.66,1.66,1.66,0
2026-01-14 15:33:00,1.66,1.66,1.66,1.66,0
2026-01-14 15:34:00,1.66,1.66,1.66,1.66,0
2026-01-14 15:35:00,1.66,1.6703,1.6582,1.6582,71
2026-01-14 15:36:00,1.6582,1.6582,1.6582,1.6582,0
2026-01-14 15:37:00,1.66,1.66,1.66,1.66,3
2026-01-14 15:38:00,1.66,1.66,1.66,1.66,0
2026-01-14 15:39:00,1.66,1.66,1.66,1.66,0
2026-01-14 15:40:00,1.66,1.66,1.66,1.66,0
2026-01-14 15:41:00,1.66,1.66,1.66,1.66,0
2026-01-14 15:42:00,1.66,1.66,1.66,1.66,0
2026-01-14 15:43:00,1.66,1.66,1.66,1.66,0
2026-01-14 15:44:00,1.66,1.66,1.66,1.66,0
2026-01-14 15:45:00,1.66,1.66,1.66,1.66,0
2026-01-14 15:46:00,1.66,1.66,1.66,1.66,0
2026-01-14 15:47:00,1.66,1.66,1.66,1.66,0
2026-01-14 15:48:00,1.66,1.66,1.66,1.66,0
2026-01-14 15:49:00,1.65,1.65,1.65,1.65,2
2026-01-14 15:50:00,1.65,1.65,1.65,1.65,0
2026-01-14 15:51:00,1.65,1.65,1.65,1.65,0
2026-01-14 15:52:00,1.64,1.64,1.64,1.64,1
2026-01-14 15:53:00,1.64,1.64,1.64,1.64,0
2026-01-14 15:54:00,1.625,1.625,1.625,1.625,7
2026-01-14 15:55:00,1.64,1.64,1.64,1.64,5
2026-01-14 15:56:00,1.63,1.63,1.63,1.63,4
2026-01-14 15:57:00,1.63,1.63,1.63,1.63,0
2026-01-14 15:58:00,1.63,1.63,1.63,1.63,0
2026-01-14 15:59:00,1.625,1.64,1.62,1.63,12
2026-01-15 09:30:00,1.6,1.61,1.59,1.61,17
2026-01-15 09:31:00,1.6,1.6,1.6,1.6,5
2026-01-15 09:32:00,1.6,1.6,1.6,1.6,1
2026-01-15 09:33:00,1.6,1.6,1.6,1.6,0
2026-01-15 09:34:00,1.6,1.6,1.6,1.6,0
2026-01-15 09:35:00,1.6,1.6,1.6,1.6,0
2026-01-15 09:36:00,1.6,1.6,1.6,1.6,0
2026-01-15 09:37:00,1.6,1.6,1.6,1.6,0
2026-01-15 09:38:00,1.6,1.6,1.6,1.6,0
2026-01-15 09:39:00,1.5871,1.591,1.5871,1.591,51
2026-01-15 09:40:00,1.58,1.58,1.57,1.57,4
2026-01-15 09:41:00,1.57,1.57,1.57,1.57,0
2026-01-15 09:42:00,1.61,1.62,1.61,1.62,8
2026-01-15 09:43:00,1.62,1.62,1.62,1.62,0
2026-01-15 09:44:00,1.62,1.62,1.62,1.62,0
2026-01-15 09:45:00,1.62,1.62,1.62,1.62,0
2026-01-15 09:46:00,1.62,1.62,1.62,1.62,0
2026-01-15 09:47:00,1.62,1.62,1.62,1.62,0
2026-01-15 09:48:00,1.62,1.62,1.62,1.62,0
2026-01-15 09:49:00,1.62,1.62,1.62,1.62,0
2026-01-15 09:50:00,1.62,1.62,1.62,1.62,0
2026-01-15 09:51:00,1.62,1.62,1.62,1.62,0
2026-01-15 09:52:00,1.665,1.665,1.665,1.665,1
2026-01-15 09:53:00,1.665,1.665,1.665,1.665,0
2026-01-15 09:54:00,1.665,1.665,1.665,1.665,0
2026-01-15 09:55:00,1.665,1.665,1.665,1.665,0
2026-01-15 09:56:00,1.665,1.665,1.665,1.665,0
2026-01-15 09:57:00,1.65,1.65,1.65,1.65,5
2026-01-15 09:58:00,1.65,1.65,1.65,1.65,0
2026-01-15 09:59:00,1.65,1.65,1.65,1.65,0
2026-01-15 10:00:00,1.65,1.65,1.65,1.65,0
2026-01-15 10:01:00,1.65,1.65,1.65,1.65,0
2026-01-15 10:02:00,1.65,1.65,1.65,1.65,0
2026-01-15 10:03:00,1.65,1.65,1.65,1.65,0
2026-01-15 10:04:00,1.65,1.65,1.65,1.65,0
2026-01-15 10:05:00,1.65,1.65,1.65,1.65,0
2026-01-15 10:06:00,1.65,1.65,1.65,1.65,0
2026-01-15 10:07:00,1.65,1.65,1.65,1.65,0
2026-01-15 10:08:00,1.65,1.65,1.65,1.65,0
2026-01-15 10:09:00,1.65,1.65,1.65,1.65,0
2026-01-15 10:10:00,1.65,1.65,1.65,1.65,0
2026-01-15 10:11:00,1.65,1.65,1.65,1.65,0
2026-01-15 10:12:00,1.65,1.65,1.65,1.65,0
2026-01-15 10:13:00,1.65,1.65,1.65,1.65,0
2026-01-15 10:14:00,1.65,1.65,1.65,1.65,0
2026-01-15 10:15:00,1.65,1.65,1.65,1.65,0
2026-01-15 10:16:00,1.65,1.65,1.65,1.65,0
2026-01-15 10:17:00,1.65,1.65,1.65,1.65,0
2026-01-15 10:18:00,1.65,1.65,1.65,1.65,0
2026-01-15 10:19:00,1.65,1.65,1.65,1.65,0
2026-01-15 10:20:00,1.65,1.65,1.65,1.65,0
2026-01-15 10:21:00,1.65,1.65,1.65,1.65,0
2026-01-15 10:22:00,1.65,1.65,1.65,1.65,0
2026-01-15 10:23:00,1.65,1.65,1.65,1.65,0
2026-01-15 10:24:00,1.65,1.65,1.65,1.65,0
2026-01-15 10:25:00,1.65,1.65,1.65,1.65,0
2026-01-15 10:26:00,1.65,1.65,1.65,1.65,0
2026-01-15 10:27:00,1.65,1.65,1.65,1.65,0
2026-01-15 10:28:00,1.65,1.65,1.65,1.65,0
2026-01-15 10:29:00,1.65,1.65,1.65,1.65,0
2026-01-15 10:30:00,1.65,1.65,1.65,1.65,0
2026-01-15 10:31:00,1.65,1.65,1.65,1.65,0
2026-01-15 10:32:00,1.65,1.65,1.65,1.65,0
2026-01-15 10:33:00,1.65,1.65,1.65,1.65,0
2026-01-15 10:34:00,1.65,1.65,1.65,1.65,0
2026-01-15 10:35:00,1.65,1.65,1.65,1.65,0
2026-01-15 10:36:00,1.65,1.65,1.65,1.65,0
2026-01-15 10:37:00,1.65,1.65,1.65,1.65,0
2026-01-15 10:38:00,1.65,1.65,1.65,1.65,0
2026-01-15 10:39:00,1.65,1.65,1.65,1.65,0
2026-01-15 10:40:00,1.65,1.65,1.65,1.65,0
2026-01-15 10:41:00,1.65,1.65,1.65,1.65,0
2026-01-15 10:42:00,1.65,1.65,1.65,1.65,0
2026-01-15 10:43:00,1.65,1.65,1.65,1.65,0
2026-01-15 10:44:00,1.65,1.65,1.65,1.65,0
2026-01-15 10:45:00,1.65,1.65,1.65,1.65,0
2026-01-15 10:46:00,1.65,1.65,1.65,1.65,0
2026-01-15 10:47:00,1.65,1.65,1.65,1.65,0
2026-01-15 10:48:00,1.65,1.65,1.65,1.65,0
2026-01-15 10:49:00,1.65,1.65,1.65,1.65,0
2026-01-15 10:50:00,1.65,1.65,1.65,1.65,0
2026-01-15 10:51:00,1.65,1.65,1.65,1.65,0
2026-01-15 10:52:00,1.65,1.65,1.65,1.65,0
2026-01-15 10:53:00,1.65,1.65,1.65,1.65,0
2026-01-15 10:54:00,1.65,1.65,1.65,1.65,0
2026-01-15 10:55:00,1.65,1.65,1.65,1.65,0
2026-01-15 10:56:00,1.65,1.65,1.65,1.65,0
2026-01-15 10:57:00,1.65,1.65,1.65,1.65,0
2026-01-15 10:58:00,1.65,1.65,1.65,1.65,0
2026-01-15 10:59:00,1.65,1.65,1.65,1.65,0
2026-01-15 11:00:00,1.65,1.65,1.65,1.65,0
2026-01-15 11:01:00,1.65,1.65,1.65,1.65,0
2026-01-15 11:02:00,1.685,1.685,1.685,1.685,1
2026-01-15 11:03:00,1.685,1.685,1.685,1.685,0
2026-01-15 11:04:00,1.685,1.685,1.685,1.685,0
2026-01-15 11:05:00,1.685,1.685,1.685,1.685,0
2026-01-15 11:06:00,1.685,1.685,1.685,1.685,0
2026-01-15 11:07:00,1.685,1.685,1.685,1.685,0
2026-01-15 11:08:00,1.685,1.685,1.685,1.685,0
2026-01-15 11:09:00,1.685,1.685,1.685,1.685,0
2026-01-15 11:10:00,1.685,1.685,1.685,1.685,0
2026-01-15 11:11:00,1.685,1.685,1.685,1.685,0
2026-01-15 11:12:00,1.685,1.685,1.685,1.685,0
2026-01-15 11:13:00,1.685,1.685,1.685,1.685,0
2026-01-15 11:14:00,1.685,1.685,1.685,1.685,0
2026-01-15 11:15:00,1.685,1.685,1.685,1.685,0
2026-01-15 11:16:00,1.685,1.685,1.685,1.685,0
2026-01-15 11:17:00,1.7151,1.7151,1.7151,1.7151,10
2026-01-15 11:18:00,1.7151,1.7151,1.7151,1.7151,0
2026-01-15 11:19:00,1.65,1.72,1.65,1.72,12
2026-01-15 11:20:00,1.6822,1.6822,1.6822,1.6822,5
2026-01-15 11:21:00,1.6822,1.6822,1.6822,1.6822,0
2026-01-15 11:22:00,1.6822,1.6822,1.6822,1.6822,0
2026-01-15 11:23:00,1.6822,1.6822,1.6822,1.6822,0
2026-01-15 11:24:00,1.6822,1.6822,1.6822,1.6822,0
2026-01-15 11:25:00,1.6822,1.6822,1.6822,1.6822,0
2026-01-15 11:26:00,1.6822,1.6822,1.6822,1.6822,0
2026-01-15 11:27:00,1.6822,1.6822,1.6822,1.6822,0
2026-01-15 11:28:00,1.6822,1.6822,1.6822,1.6822,0
2026-01-15 11:29:00,1.6822,1.6822,1.6822,1.6822,0
2026-01-15 11:30:00,1.6822,1.6822,1.6822,1.6822,0
2026-01-15 11:31:00,1.6822,1.6822,1.6822,1.6822,0
2026-01-15 11:32:00,1.6822,1.6822,1.6822,1.6822,0
2026-01-15 11:33:00,1.6822,1.6822,1.6822,1.6822,0
2026-01-15 11:34:00,1.6822,1.6822,1.6822,1.6822,0
2026-01-15 11:35:00,1.6822,1.6822,1.6822,1.6822,0
2026-01-15 11:36:00,1.6822,1.6822,1.6822,1.6822,0
2026-01-15 11:37:00,1.6822,1.6822,1.6822,1.6822,0
2026-01-15 11:38:00,1.6822,1.6822,1.6822,1.6822,0
2026-01-15 11:39:00,1.6822,1.6822,1.6822,1.6822,0
2026-01-15 11:40:00,1.6822,1.6822,1.6822,1.6822,0
2026-01-15 11:41:00,1.6822,1.6822,1.6822,1.6822,0
2026-01-15 11:42:00,1.6822,1.6822,1.6822,1.6822,0
2026-01-15 11:43:00,1.6822,1.6822,1.6822,1.6822,0
2026-01-15 11:44:00,1.6822,1.6822,1.6822,1.6822,0
2026-01-15 11:45:00,1.6822,1.6822,1.6822,1.6822,0
2026-01-15 11:46:00,1.675,1.75,1.675,1.73,52
2026-01-15 11:47:00,1.73,1.73,1.73,1.73,0
2026-01-15 11:48:00,1.73,1.73,1.73,1.73,0
2026-01-15 11:49:00,1.73,1.73,1.73,1.73,0
2026-01-15 11:50:00,1.6892,1.6892,1.6892,1.6892,12
2026-01-15 11:51:00,1.6892,1.6892,1.6892,1.6892,0
2026-01-15 11:52:00,1.6892,1.6892,1.6892,1.6892,0
2026-01-15 11:53:00,1.6892,1.6892,1.6892,1.6892,0
2026-01-15 11:54:00,1.6892,1.6892,1.6892,1.6892,0
2026-01-15 11:55:00,1.6892,1.6892,1.6892,1.6892,0
2026-01-15 11:56:00,1.6892,1.6892,1.6892,1.6892,0
2026-01-15 11:57:00,1.6892,1.6892,1.6892,1.6892,0
2026-01-15 11:58:00,1.69,1.73,1.69,1.73,97
2026-01-15 11:59:00,1.648,1.648,1.648,1.648,4
2026-01-15 12:00:00,1.648,1.648,1.648,1.648,0
2026-01-15 12:01:00,1.648,1.648,1.648,1.648,0
2026-01-15 12:02:00,1.648,1.648,1.648,1.648,0
2026-01-15 12:03:00,1.648,1.648,1.648,1.648,0
2026-01-15 12:04:00,1.648,1.648,1.648,1.648,0
2026-01-15 12:05:00,1.648,1.648,1.648,1.648,0
2026-01-15 12:06:00,1.7035,1.7035,1.7035,1.7035,20
2026-01-15 12:07:00,1.71,1.72,1.71,1.7194,18
2026-01-15 12:08:00,1.7194,1.7194,1.7194,1.7194,0
2026-01-15 12:09:00,1.7194,1.7194,1.7194,1.7194,0
2026-01-15 12:10:00,1.7194,1.7194,1.7194,1.7194,0
2026-01-15 12:11:00,1.7194,1.7194,1.7194,1.7194,0
2026-01-15 12:12:00,1.7194,1.7194,1.7194,1.7194,0
2026-01-15 12:13:00,1.7194,1.7194,1.7194,1.7194,0
2026-01-15 12:14:00,1.69,1.69,1.69,1.69,10
2026-01-15 12:15:00,1.69,1.69,1.69,1.69,0
2026-01-15 12:16:00,1.69,1.69,1.69,1.69,0
2026-01-15 12:17:00,1.69,1.69,1.69,1.69,0
2026-01-15 12:18:00,1.69,1.69,1.69,1.69,0
2026-01-15 12:19:00,1.69,1.69,1.69,1.69,0
2026-01-15 12:20:00,1.69,1.69,1.69,1.69,0
2026-01-15 12:21:00,1.685,1.685,1.67,1.685,4
2026-01-15 12:22:00,1.67,1.67,1.67,1.67,1
2026-01-15 12:23:00,1.67,1.67,1.67,1.67,0
2026-01-15 12:24:00,1.67,1.67,1.67,1.67,0
2026-01-15 12:25:00,1.67,1.67,1.67,1.67,0
2026-01-15 12:26:00,1.67,1.67,1.67,1.67,0
2026-01-15 12:27:00,1.67,1.67,1.67,1.67,0
2026-01-15 12:28:00,1.67,1.67,1.67,1.67,0
2026-01-15 12:29:00,1.65,1.66,1.65,1.66,10
2026-01-15 12:30:00,1.66,1.66,1.66,1.66,0
2026-01-15 12:31:00,1.66,1.66,1.66,1.66,0
2026-01-15 12:32:00,1.66,1.66,1.66,1.66,0
2026-01-15 12:33:00,1.66,1.66,1.66,1.66,0
2026-01-15 12:34:00,1.66,1.66,1.66,1.66,0
2026-01-15 12:35:00,1.66,1.66,1.66,1.66,0
2026-01-15 12:36:00,1.66,1.66,1.66,1.66,0
2026-01-15 12:37:00,1.66,1.66,1.66,1.66,0
2026-01-15 12:38:00,1.66,1.66,1.66,1.66,0
2026-01-15 12:39:00,1.66,1.66,1.66,1.66,0
2026-01-15 12:40:00,1.66,1.66,1.66,1.66,0
2026-01-15 12:41:00,1.66,1.66,1.66,1.66,0
2026-01-15 12:42:00,1.66,1.66,1.66,1.66,0
2026-01-15 12:43:00,1.66,1.66,1.66,1.66,0
2026-01-15 12:44:00,1.66,1.66,1.66,1.66,0
2026-01-15 12:45:00,1.66,1.66,1.66,1.66,0
2026-01-15 12:46:00,1.66,1.66,1.66,1.66,0
2026-01-15 12:47:00,1.66,1.66,1.66,1.66,0
2026-01-15 12:48:00,1.66,1.66,1.66,1.66,0
2026-01-15 12:49:00,1.66,1.66,1.66,1.66,0
2026-01-15 12:50:00,1.69,1.69,1.66,1.68,6
2026-01-15 12:51:00,1.68,1.68,1.68,1.68,0
2026-01-15 12:52:00,1.68,1.68,1.68,1.68,0
2026-01-15 12:53:00,1.68,1.68,1.68,1.68,0
2026-01-15 12:54:00,1.68,1.68,1.68,1.68,0
2026-01-15 12:55:00,1.65,1.65,1.61,1.61,19
2026-01-15 12:56:00,1.61,1.61,1.61,1.61,0
2026-01-15 12:57:00,1.61,1.61,1.61,1.61,0
2026-01-15 12:58:00,1.61,1.61,1.61,1.61,0
2026-01-15 12:59:00,1.61,1.61,1.61,1.61,0
2026-01-15 13:00:00,1.61,1.61,1.61,1.61,0
2026-01-15 13:01:00,1.61,1.61,1.61,1.61,0
2026-01-15 13:02:00,1.61,1.61,1.61,1.61,0
2026-01-15 13:03:00,1.61,1.61,1.61,1.61,0
2026-01-15 13:04:00,1.61,1.61,1.61,1.61,0
2026-01-15 13:05:00,1.61,1.61,1.61,1.61,0
2026-01-15 13:06:00,1.61,1.61,1.61,1.61,0
2026-01-15 13:07:00,1.61,1.61,1.61,1.61,0
2026-01-15 13:08:00,1.61,1.61,1.61,1.61,0
2026-01-15 13:09:00,1.61,1.61,1.61,1.61,0
2026-01-15 13:10:00,1.61,1.61,1.61,1.61,0
2026-01-15 13:11:00,1.67,1.67,1.67,1.67,1
2026-01-15 13:12:00,1.67,1.67,1.67,1.67,0
2026-01-15 13:13:00,1.67,1.67,1.67,1.67,0
2026-01-15 13:14:00,1.67,1.67,1.67,1.67,0
2026-01-15 13:15:00,1.67,1.67,1.67,1.67,0
2026-01-15 13:16:00,1.67,1.67,1.67,1.67,0
2026-01-15 13:17:00,1.67,1.67,1.67,1.67,0
2026-01-15 13:18:00,1.67,1.67,1.67,1.67,0
2026-01-15 13:19:00,1.67,1.67,1.67,1.67,0
2026-01-15 13:20:00,1.67,1.67,1.67,1.67,0
2026-01-15 13:21:00,1.67,1.67,1.67,1.67,0
2026-01-15 13:22:00,1.67,1.67,1.67,1.67,0
2026-01-15 13:23:00,1.67,1.67,1.67,1.67,0
2026-01-15 13:24:00,1.67,1.67,1.67,1.67,0
2026-01-15 13:25:00,1.67,1.67,1.67,1.67,0
2026-01-15 13:26:00,1.67,1.67,1.67,1.67,0
2026-01-15 13:27:00,1.67,1.67,1.67,1.67,0
2026-01-15 13:28:00,1.67,1.67,1.67,1.67,0
2026-01-15 13:29:00,1.67,1.67,1.67,1.67,0
2026-01-15 13:30:00,1.67,1.67,1.67,1.67,0
2026-01-15 13:31:00,1.67,1.67,1.67,1.67,0
2026-01-15 13:32:00,1.67,1.67,1.67,1.67,0
2026-01-15 13:33:00,1.66,1.66,1.66,1.66,1
2026-01-15 13:34:00,1.65,1.65,1.65,1.65,2
2026-01-15 13:35:00,1.65,1.65,1.65,1.65,0
2026-01-15 13:36:00,1.65,1.65,1.65,1.65,0
2026-01-15 13:37:00,1.65,1.65,1.65,1.65,0
2026-01-15 13:38:00,1.65,1.65,1.65,1.65,0
2026-01-15 13:39:00,1.65,1.65,1.65,1.65,0
2026-01-15 13:40:00,1.65,1.65,1.65,1.65,0
2026-01-15 13:41:00,1.65,1.65,1.65,1.65,0
2026-01-15 13:42:00,1.65,1.65,1.65,1.65,0
2026-01-15 13:43:00,1.65,1.65,1.65,1.65,0
2026-01-15 13:44:00,1.65,1.65,1.65,1.65,0
2026-01-15 13:45:00,1.65,1.65,1.65,1.65,0
2026-01-15 13:46:00,1.65,1.65,1.65,1.65,0
2026-01-15 13:47:00,1.65,1.65,1.65,1.65,0
2026-01-15 13:48:00,1.67,1.67,1.67,1.67,1
2026-01-15 13:49:00,1.67,1.67,1.67,1.67,0
2026-01-15 13:50:00,1.67,1.67,1.67,1.67,0
2026-01-15 13:51:00,1.67,1.67,1.67,1.67,0
2026-01-15 13:52:00,1.67,1.67,1.67,1.67,0
2026-01-15 13:53:00,1.67,1.67,1.67,1.67,0
2026-01-15 13:54:00,1.67,1.67,1.67,1.67,0
2026-01-15 13:55:00,1.67,1.67,1.67,1.67,0
2026-01-15 13:56:00,1.67,1.67,1.67,1.67,0
2026-01-15 13:57:00,1.67,1.67,1.67,1.67,0
2026-01-15 13:58:00,1.67,1.67,1.67,1.67,0
2026-01-15 13:59:00,1.67,1.67,1.67,1.67,0
2026-01-15 14:00:00,1.67,1.67,1.67,1.67,0
2026-01-15 14:01:00,1.67,1.67,1.67,1.67,0
2026-01-15 14:02:00,1.67,1.67,1.67,1.67,0
2026-01-15 14:03:00,1.67,1.67,1.67,1.67,0
2026-01-15 14:04:00,1.67,1.67,1.67,1.67,0
2026-01-15 14:05:00,1.67,1.67,1.67,1.67,0
2026-01-15 14:06:00,1.67,1.67,1.67,1.67,0
2026-01-15 14:07:00,1.67,1.67,1.67,1.67,0
2026-01-15 14:08:00,1.67,1.67,1.67,1.67,0
2026-01-15 14:09:00,1.66,1.68,1.66,1.68,12
2026-01-15 14:10:00,1.68,1.68,1.68,1.68,0
2026-01-15 14:11:00,1.68,1.68,1.68,1.68,0
2026-01-15 14:12:00,1.68,1.68,1.68,1.68,0
2026-01-15 14:13:00,1.67,1.67,1.67,1.67,5
2026-01-15 14:14:00,1.67,1.67,1.67,1.67,0
2026-01-15 14:15:00,1.67,1.67,1.67,1.67,0
2026-01-15 14:16:00,1.67,1.67,1.67,1.67,0
2026-01-15 14:17:00,1.67,1.7,1.67,1.7,65
2026-01-15 14:18:00,1.7,1.7,1.7,1.7,0
2026-01-15 14:19:00,1.7,1.7,1.7,1.7,0
2026-01-15 14:20:00,1.7,1.7,1.7,1.7,0
2026-01-15 14:21:00,1.7,1.7,1.7,1.7,0
2026-01-15 14:22:00,1.7,1.7,1.7,1.7,0
2026-01-15 14:23:00,1.7,1.7,1.7,1.7,0
2026-01-15 14:24:00,1.69,1.69,1.69,1.69,3
2026-01-15 14:25:00,1.67,1.67,1.67,1.67,2
2026-01-15 14:26:00,1.67,1.67,1.67,1.67,0
2026-01-15 14:27:00,1.67,1.67,1.67,1.67,0
2026-01-15 14:28:00,1.67,1.67,1.67,1.67,0
2026-01-15 14:29:00,1.67,1.67,1.67,1.67,0
2026-01-15 14:30:00,1.67,1.67,1.67,1.67,0
2026-01-15 14:31:00,1.67,1.67,1.67,1.67,0
2026-01-15 14:32:00,1.67,1.67,1.67,1.67,0
2026-01-15 14:33:00,1.655,1.655,1.655,1.655,1
2026-01-15 14:34:00,1.655,1.655,1.655,1.655,0
2026-01-15 14:35:00,1.655,1.655,1.655,1.655,0
2026-01-15 14:36:00,1.655,1.655,1.655,1.655,0
2026-01-15 14:37:00,1.655,1.655,1.655,1.655,0
2026-01-15 14:38:00,1.655,1.655,1.655,1.655,0
2026-01-15 14:39:00,1.655,1.655,1.655,1.655,0
2026-01-15 14:40:00,1.655,1.655,1.655,1.655,0
2026-01-15 14:41:00,1.655,1.655,1.655,1.655,0
2026-01-15 14:42:00,1.655,1.655,1.655,1.655,0
2026-01-15 14:43:00,1.655,1.655,1.655,1.655,0
2026-01-15 14:44:00,1.6522,1.6522,1.6522,1.6522,1
2026-01-15 14:45:00,1.6522,1.6522,1.6522,1.6522,0
2026-01-15 14:46:00,1.6522,1.6522,1.6522,1.6522,0
2026-01-15 14:47:00,1.6522,1.6522,1.6522,1.6522,0
2026-01-15 14:48:00,1.6522,1.6522,1.6522,1.6522,0
2026-01-15 14:49:00,1.6522,1.6522,1.6522,1.6522,0
2026-01-15 14:50:00,1.6522,1.6522,1.6522,1.6522,0
2026-01-15 14:51:00,1.6522,1.6522,1.6522,1.6522,0
2026-01-15 14:52:00,1.655,1.655,1.655,1.655,1
2026-01-15 14:53:00,1.6899,1.6899,1.6899,1.6899,5
2026-01-15 14:54:00,1.6899,1.6899,1.6899,1.6899,0
2026-01-15 14:55:00,1.6899,1.6899,1.6899,1.6899,0
2026-01-15 14:56:00,1.6899,1.6899,1.6899,1.6899,0
2026-01-15 14:57:00,1.6899,1.6899,1.6899,1.6899,0
2026-01-15 14:58:00,1.6899,1.6899,1.6899,1.6899,0
2026-01-15 14:59:00,1.6899,1.6899,1.6899,1.6899,0
2026-01-15 15:00:00,1.6899,1.6899,1.6899,1.6899,0
2026-01-15 15:01:00,1.6899,1.6899,1.6899,1.6899,0
2026-01-15 15:02:00,1.6899,1.6899,1.6899,1.6899,0
2026-01-15 15:03:00,1.6899,1.6899,1.6899,1.6899,0
2026-01-15 15:04:00,1.6899,1.6899,1.6899,1.6899,0
2026-01-15 15:05:00,1.6899,1.6899,1.6899,1.6899,0
2026-01-15 15:06:00,1.6899,1.6899,1.6899,1.6899,0
2026-01-15 15:07:00,1.6899,1.6899,1.6899,1.6899,0
2026-01-15 15:08:00,1.6899,1.6899,1.6899,1.6899,0
2026-01-15 15:09:00,1.6899,1.6899,1.6899,1.6899,0
2026-01-15 15:10:00,1.6899,1.6899,1.6899,1.6899,0
2026-01-15 15:11:00,1.65,1.65,1.62,1.62,5
2026-01-15 15:12:00,1.62,1.62,1.62,1.62,0
2026-01-15 15:13:00,1.62,1.62,1.62,1.62,0
2026-01-15 15:14:00,1.6198,1.6198,1.6198,1.6198,10
2026-01-15 15:15:00,1.6198,1.6198,1.6198,1.6198,0
2026-01-15 15:16:00,1.6198,1.6198,1.6198,1.6198,0
2026-01-15 15:17:00,1.6198,1.6198,1.6198,1.6198,0
2026-01-15 15:18:00,1.6198,1.6198,1.6198,1.6198,0
2026-01-15 15:19:00,1.6198,1.6198,1.6198,1.6198,0
2026-01-15 15:20:00,1.6198,1.6198,1.6198,1.6198,0
2026-01-15 15:21:00,1.6198,1.6198,1.6198,1.6198,0
2026-01-15 15:22:00,1.6198,1.6198,1.6198,1.6198,0
2026-01-15 15:23:00,1.6198,1.6198,1.6198,1.6198,0
2026-01-15 15:24:00,1.6198,1.6198,1.6198,1.6198,0
2026-01-15 15:25:00,1.6198,1.6198,1.6198,1.6198,0
2026-01-15 15:26:00,1.6198,1.6198,1.6198,1.6198,0
2026-01-15 15:27:00,1.6198,1.6198,1.6198,1.6198,0
2026-01-15 15:28:00,1.6198,1.6198,1.6198,1.6198,0
2026-01-15 15:29:00,1.6198,1.6198,1.6198,1.6198,0
2026-01-15 15:30:00,1.6198,1.6198,1.6198,1.6198,0
2026-01-15 15:31:00,1.6198,1.6198,1.6198,1.6198,0
2026-01-15 15:32:00,1.6198,1.6198,1.6198,1.6198,0
2026-01-15 15:33:00,1.6198,1.6198,1.6198,1.6198,0
2026-01-15 15:34:00,1.6198,1.6198,1.6198,1.6198,0
2026-01-15 15:35:00,1.6198,1.6198,1.6198,1.6198,0
2026-01-15 15:36:00,1.6198,1.6198,1.6198,1.6198,0
2026-01-15 15:37:00,1.6198,1.6198,1.6198,1.6198,0
2026-01-15 15:38:00,1.6198,1.6198,1.6198,1.6198,0
2026-01-15 15:39:00,1.6198,1.6198,1.6198,1.6198,0
2026-01-15 15:40:00,1.6198,1.6198,1.6198,1.6198,0
2026-01-15 15:41:00,1.6198,1.6198,1.6198,1.6198,0
2026-01-15 15:42:00,1.6198,1.6198,1.6198,1.6198,0
2026-01-15 15:43:00,1.6198,1.6198,1.6198,1.6198,0
2026-01-15 15:44:00,1.6198,1.6198,1.6198,1.6198,0
2026-01-15 15:45:00,1.6198,1.6198,1.6198,1.6198,0
2026-01-15 15:46:00,1.6198,1.6198,1.6198,1.6198,0
2026-01-15 15:47:00,1.6198,1.6198,1.6198,1.6198,0
2026-01-15 15:48:00,1.6198,1.6198,1.6198,1.6198,0
2026-01-15 15:49:00,1.6198,1.6198,1.6198,1.6198,0
2026-01-15 15:50:00,1.6198,1.6198,1.6198,1.6198,0
2026-01-15 15:51:00,1.6163,1.6163,1.6163,1.6163,2
2026-01-15 15:52:00,1.6163,1.6163,1.6163,1.6163,0
2026-01-15 15:53:00,1.6163,1.6163,1.6163,1.6163,0
2026-01-15 15:54:00,1.6163,1.6163,1.6163,1.6163,0
2026-01-15 15:55:00,1.65,1.675,1.65,1.66,4
2026-01-15 15:56:00,1.66,1.66,1.66,1.66,0
2026-01-15 15:57:00,1.66,1.66,1.66,1.66,0
2026-01-15 15:58:00,1.66,1.66,1.66,1.66,0
2026-01-15 15:59:00,1.68,1.68,1.64,1.64,10
2026-01-16 09:30:00,1.62,1.62,1.62,1.62,13
2026-01-16 09:31:00,1.62,1.62,1.62,1.62,0
2026-01-16 09:32:00,1.62,1.62,1.62,1.62,0
2026-01-16 09:33:00,1.62,1.62,1.62,1.62,0
2026-01-16 09:34:00,1.62,1.62,1.62,1.62,0
2026-01-16 09:35:00,1.62,1.62,1.62,1.62,0
2026-01-16 09:36:00,1.62,1.62,1.62,1.62,0
2026-01-16 09:37:00,1.64,1.65,1.64,1.65,5
2026-01-16 09:38:00,1.65,1.65,1.65,1.65,0
2026-01-16 09:39:00,1.65,1.65,1.65,1.65,0
2026-01-16 09:40:00,1.65,1.65,1.65,1.65,0
2026-01-16 09:41:00,1.65,1.65,1.65,1.65,0
2026-01-16 09:42:00,1.6355,1.6486,1.63,1.63,6
2026-01-16 09:43:00,1.63,1.63,1.63,1.63,0
2026-01-16 09:44:00,1.6301,1.6301,1.6301,1.6301,2
2026-01-16 09:45:00,1.6301,1.6301,1.6301,1.6301,0
2026-01-16 09:46:00,1.6301,1.6301,1.6301,1.6301,0
2026-01-16 09:47:00,1.6301,1.6301,1.6301,1.6301,0
2026-01-16 09:48:00,1.6301,1.6301,1.6301,1.6301,0
2026-01-16 09:49:00,1.6301,1.6301,1.6301,1.6301,0
2026-01-16 09:50:00,1.6301,1.6301,1.6301,1.6301,0
2026-01-16 09:51:00,1.6301,1.6301,1.6301,1.6301,0
2026-01-16 09:52:00,1.6301,1.6301,1.6301,1.6301,0
2026-01-16 09:53:00,1.6301,1.6301,1.6301,1.6301,0
2026-01-16 09:54:00,1.6301,1.6301,1.6301,1.6301,0
2026-01-16 09:55:00,1.6301,1.6301,1.6301,1.6301,0
2026-01-16 09:56:00,1.6301,1.6301,1.6301,1.6301,0
2026-01-16 09:57:00,1.6301,1.6301,1.6301,1.6301,0
2026-01-16 09:58:00,1.59,1.59,1.59,1.59,1
2026-01-16 09:59:00,1.59,1.59,1.59,1.59,0
2026-01-16 10:00:00,1.59,1.59,1.59,1.59,0
2026-01-16 10:01:00,1.59,1.59,1.59,1.59,0
2026-01-16 10:02:00,1.6,1.6,1.59,1.59,3
2026-01-16 10:03:00,1.59,1.59,1.59,1.59,0
2026-01-16 10:04:00,1.59,1.59,1.59,1.59,0
2026-01-16 10:05:00,1.59,1.59,1.59,1.59,0
2026-01-16 10:06:00,1.59,1.59,1.59,1.59,0
2026-01-16 10:07:00,1.59,1.59,1.59,1.59,0
2026-01-16 10:08:00,1.6399,1.6399,1.6399,1.6399,1
2026-01-16 10:09:00,1.6399,1.6399,1.6399,1.6399,0
2026-01-16 10:10:00,1.6399,1.6399,1.6399,1.6399,0
2026-01-16 10:11:00,1.6399,1.6399,1.6399,1.6399,0
2026-01-16 10:12:00,1.6399,1.6399,1.6399,1.6399,0
2026-01-16 10:13:00,1.6399,1.6399,1.6399,1.6399,0
2026-01-16 10:14:00,1.6399,1.6399,1.6399,1.6399,0
2026-01-16 10:15:00,1.64,1.64,1.64,1.64,2
2026-01-16 10:16:00,1.64,1.64,1.64,1.64,0
2026-01-16 10:17:00,1.64,1.64,1.64,1.64,0
2026-01-16 10:18:00,1.64,1.64,1.64,1.64,0
2026-01-16 10:19:00,1.64,1.64,1.64,1.64,0
2026-01-16 10:20:00,1.64,1.64,1.64,1.64,0
2026-01-16 10:21:00,1.64,1.64,1.64,1.64,0
2026-01-16 10:22:00,1.64,1.64,1.64,1.64,0
2026-01-16 10:23:00,1.64,1.64,1.64,1.64,0
2026-01-16 10:24:00,1.64,1.64,1.64,1.64,0
2026-01-16 10:25:00,1.64,1.64,1.64,1.64,0
2026-01-16 10:26:00,1.64,1.64,1.64,1.64,0
2026-01-16 10:27:00,1.64,1.64,1.64,1.64,0
2026-01-16 10:28:00,1.64,1.64,1.64,1.64,0
2026-01-16 10:29:00,1.64,1.64,1.64,1.64,0
2026-01-16 10:30:00,1.64,1.64,1.64,1.64,0
2026-01-16 10:31:00,1.64,1.64,1.64,1.64,0
2026-01-16 10:32:00,1.64,1.64,1.64,1.64,0
2026-01-16 10:33:00,1.64,1.64,1.64,1.64,0
2026-01-16 10:34:00,1.64,1.64,1.64,1.64,0
2026-01-16 10:35:00,1.64,1.64,1.64,1.64,0
2026-01-16 10:36:00,1.64,1.64,1.64,1.64,0
2026-01-16 10:37:00,1.64,1.64,1.64,1.64,0
2026-01-16 10:38:00,1.64,1.64,1.64,1.64,0
2026-01-16 10:39:00,1.64,1.64,1.64,1.64,0
2026-01-16 10:40:00,1.64,1.64,1.64,1.64,0
2026-01-16 10:41:00,1.64,1.64,1.64,1.64,0
2026-01-16 10:42:00,1.64,1.64,1.64,1.64,0
2026-01-16 10:43:00,1.64,1.64,1.64,1.64,0
2026-01-16 10:44:00,1.64,1.64,1.64,1.64,0
2026-01-16 10:45:00,1.64,1.64,1.64,1.64,0
2026-01-16 10:46:00,1.64,1.64,1.64,1.64,0
2026-01-16 10:47:00,1.64,1.64,1.64,1.64,0
2026-01-16 10:48:00,1.615,1.615,1.615,1.615,1
2026-01-16 10:49:00,1.615,1.615,1.615,1.615,0
2026-01-16 10:50:00,1.615,1.615,1.615,1.615,0
2026-01-16 10:51:00,1.615,1.615,1.615,1.615,0
2026-01-16 10:52:00,1.615,1.615,1.615,1.615,0
2026-01-16 10:53:00,1.615,1.615,1.615,1.615,0
2026-01-16 10:54:00,1.615,1.615,1.615,1.615,0
2026-01-16 10:55:00,1.615,1.615,1.615,1.615,0
2026-01-16 10:56:00,1.615,1.615,1.615,1.615,0
2026-01-16 10:57:00,1.615,1.615,1.615,1.615,0
2026-01-16 10:58:00,1.615,1.615,1.615,1.615,0
2026-01-16 10:59:00,1.615,1.615,1.615,1.615,0
2026-01-16 11:00:00,1.615,1.615,1.615,1.615,0
2026-01-16 11:01:00,1.615,1.615,1.615,1.615,0
2026-01-16 11:02:00,1.615,1.615,1.615,1.615,0
2026-01-16 11:03:00,1.615,1.615,1.615,1.615,0
2026-01-16 11:04:00,1.615,1.615,1.615,1.615,0
2026-01-16 11:05:00,1.64,1.69,1.64,1.69,21
2026-01-16 11:06:00,1.69,1.69,1.69,1.69,0
2026-01-16 11:07:00,1.69,1.69,1.69,1.69,0
2026-01-16 11:08:00,1.69,1.69,1.69,1.69,0
2026-01-16 11:09:00,1.69,1.69,1.69,1.69,0
2026-01-16 11:10:00,1.68,1.7,1.68,1.6899,16
2026-01-16 11:11:00,1.6899,1.6899,1.6899,1.6899,0
2026-01-16 11:12:00,1.6899,1.6899,1.6899,1.6899,0
2026-01-16 11:13:00,1.645,1.645,1.645,1.645,2
2026-01-16 11:14:00,1.645,1.645,1.645,1.645,0
2026-01-16 11:15:00,1.645,1.645,1.645,1.645,0
2026-01-16 11:16:00,1.645,1.645,1.645,1.645,0
2026-01-16 11:17:00,1.645,1.645,1.645,1.645,0
2026-01-16 11:18:00,1.645,1.645,1.645,1.645,0
2026-01-16 11:19:00,1.645,1.645,1.645,1.645,0
2026-01-16 11:20:00,1.645,1.645,1.645,1.645,0
2026-01-16 11:21:00,1.645,1.645,1.645,1.645,0
2026-01-16 11:22:00,1.645,1.645,1.645,1.645,0
2026-01-16 11:23:00,1.645,1.645,1.645,1.645,0
2026-01-16 11:24:00,1.645,1.645,1.645,1.645,0
2026-01-16 11:25:00,1.645,1.645,1.645,1.645,0
2026-01-16 11:26:00,1.645,1.645,1.645,1.645,0
2026-01-16 11:27:00,1.645,1.645,1.645,1.645,0
2026-01-16 11:28:00,1.645,1.645,1.645,1.645,0
2026-01-16 11:29:00,1.645,1.645,1.645,1.645,0
2026-01-16 11:30:00,1.645,1.645,1.645,1.645,0
2026-01-16 11:31:00,1.7,1.77,1.7,1.76,68
2026-01-16 11:32:00,1.76,1.76,1.76,1.76,0
2026-01-16 11:33:00,1.76,1.76,1.76,1.76,0
2026-01-16 11:34:00,1.76,1.76,1.76,1.76,0
2026-01-16 11:35:00,1.76,1.76,1.76,1.76,0
2026-01-16 11:36:00,1.76,1.76,1.76,1.76,0
2026-01-16 11:37:00,1.7301,1.74,1.7301,1.74,16
2026-01-16 11:38:00,1.73,1.73,1.73,1.73,3
2026-01-16 11:39:00,1.73,1.73,1.73,1.73,16
2026-01-16 11:40:00,1.73,1.76,1.7299,1.7299,48
2026-01-16 11:41:00,1.7299,1.7299,1.7299,1.7299,0
2026-01-16 11:42:00,1.7299,1.7299,1.7299,1.7299,0
2026-01-16 11:43:00,1.7299,1.7299,1.7299,1.7299,0
2026-01-16 11:44:00,1.7299,1.7299,1.7299,1.7299,0
2026-01-16 11:45:00,1.75,1.75,1.75,1.75,15
2026-01-16 11:46:00,1.75,1.75,1.75,1.75,0
2026-01-16 11:47:00,1.75,1.75,1.75,1.75,0
2026-01-16 11:48:00,1.75,1.75,1.75,1.75,0
2026-01-16 11:49:00,1.75,1.75,1.75,1.75,0
2026-01-16 11:50:00,1.75,1.75,1.75,1.75,0
2026-01-16 11:51:00,1.75,1.75,1.75,1.75,0
2026-01-16 11:52:00,1.75,1.75,1.75,1.75,0
2026-01-16 11:53:00,1.75,1.75,1.75,1.75,1
2026-01-16 11:54:00,1.75,1.75,1.75,1.75,0
2026-01-16 11:55:00,1.75,1.75,1.75,1.75,0
2026-01-16 11:56:00,1.75,1.75,1.75,1.75,0
2026-01-16 11:57:00,1.75,1.75,1.75,1.75,0
2026-01-16 11:58:00,1.75,1.75,1.75,1.75,0
2026-01-16 11:59:00,1.75,1.75,1.75,1.75,0
2026-01-16 12:00:00,1.75,1.75,1.75,1.75,0
2026-01-16 12:01:00,1.75,1.75,1.75,1.75,0
2026-01-16 12:02:00,1.75,1.75,1.75,1.75,0
2026-01-16 12:03:00,1.75,1.75,1.75,1.75,0
2026-01-16 12:04:00,1.75,1.75,1.75,1.75,0
2026-01-16 12:05:00,1.75,1.75,1.75,1.75,0
2026-01-16 12:06:00,1.75,1.75,1.75,1.75,0
2026-01-16 12:07:00,1.75,1.75,1.75,1.75,0
2026-01-16 12:08:00,1.75,1.75,1.75,1.75,0
2026-01-16 12:09:00,1.75,1.75,1.75,1.75,0
2026-01-16 12:10:00,1.75,1.75,1.75,1.75,0
2026-01-16 12:11:00,1.75,1.75,1.75,1.75,0
2026-01-16 12:12:00,1.75,1.75,1.75,1.75,0
2026-01-16 12:13:00,1.75,1.75,1.75,1.75,0
2026-01-16 12:14:00,1.75,1.75,1.75,1.75,0
2026-01-16 12:15:00,1.75,1.75,1.75,1.75,0
2026-01-16 12:16:00,1.75,1.75,1.75,1.75,0
2026-01-16 12:17:00,1.75,1.75,1.75,1.75,0
2026-01-16 12:18:00,1.75,1.75,1.75,1.75,0
2026-01-16 12:19:00,1.75,1.75,1.75,1.75,0
2026-01-16 12:20:00,1.75,1.75,1.75,1.75,0
2026-01-16 12:21:00,1.62,1.62,1.62,1.62,1
2026-01-16 12:22:00,1.62,1.62,1.62,1.62,0
2026-01-16 12:23:00,1.62,1.62,1.62,1.62,0
2026-01-16 12:24:00,1.62,1.62,1.62,1.62,0
2026-01-16 12:25:00,1.62,1.62,1.62,1.62,0
2026-01-16 12:26:00,1.62,1.62,1.62,1.62,0
2026-01-16 12:27:00,1.62,1.62,1.62,1.62,0
2026-01-16 12:28:00,1.62,1.62,1.62,1.62,0
2026-01-16 12:29:00,1.62,1.62,1.62,1.62,0
2026-01-16 12:30:00,1.62,1.62,1.62,1.62,0
2026-01-16 12:31:00,1.62,1.62,1.62,1.62,0
2026-01-16 12:32:00,1.62,1.62,1.62,1.62,0
2026-01-16 12:33:00,1.62,1.62,1.62,1.62,0
2026-01-16 12:34:00,1.7335,1.7335,1.7335,1.7335,50
2026-01-16 12:35:00,1.7335,1.7335,1.7335,1.7335,0
2026-01-16 12:36:00,1.7335,1.7335,1.7335,1.7335,0
2026-01-16 12:37:00,1.7335,1.7335,1.7335,1.7335,0
2026-01-16 12:38:00,1.7335,1.7335,1.7335,1.7335,0
2026-01-16 12:39:00,1.7335,1.7335,1.7335,1.7335,0
2026-01-16 12:40:00,1.7335,1.7335,1.7335,1.7335,0
2026-01-16 12:41:00,1.7335,1.7335,1.7335,1.7335,0
2026-01-16 12:42:00,1.74,1.75,1.7124,1.75,160
2026-01-16 12:43:00,1.75,1.75,1.75,1.75,2
2026-01-16 12:44:00,1.75,1.75,1.75,1.75,0
2026-01-16 12:45:00,1.75,1.75,1.75,1.75,0
2026-01-16 12:46:00,1.75,1.75,1.75,1.75,0
2026-01-16 12:47:00,1.75,1.75,1.75,1.75,0
2026-01-16 12:48:00,1.75,1.75,1.75,1.75,0
2026-01-16 12:49:00,1.75,1.75,1.75,1.75,0
2026-01-16 12:50:00,1.75,1.75,1.75,1.75,0
2026-01-16 12:51:00,1.75,1.75,1.75,1.75,0
2026-01-16 12:52:00,1.75,1.75,1.75,1.75,0
2026-01-16 12:53:00,1.75,1.75,1.75,1.75,0
2026-01-16 12:54:00,1.75,1.75,1.75,1.75,0
2026-01-16 12:55:00,1.75,1.75,1.75,1.75,0
2026-01-16 12:56:00,1.75,1.75,1.75,1.75,0
2026-01-16 12:57:00,1.75,1.75,1.75,1.75,0
2026-01-16 12:58:00,1.75,1.75,1.75,1.75,0
2026-01-16 12:59:00,1.73,1.73,1.73,1.73,1
2026-01-16 13:00:00,1.73,1.73,1.73,1.73,0
2026-01-16 13:01:00,1.74,1.74,1.74,1.74,1
2026-01-16 13:02:00,1.74,1.74,1.74,1.74,0
2026-01-16 13:03:00,1.74,1.74,1.74,1.74,0
2026-01-16 13:04:00,1.75,1.765,1.75,1.75,241
2026-01-16 13:05:00,1.75,1.75,1.75,1.75,12
2026-01-16 13:06:00,1.75,1.75,1.75,1.75,0
2026-01-16 13:07:00,1.74,1.74,1.74,1.74,6
2026-01-16 13:08:00,1.74,1.74,1.74,1.74,1
2026-01-16 13:09:00,1.74,1.74,1.74,1.74,0
2026-01-16 13:10:00,1.74,1.74,1.74,1.74,0
2026-01-16 13:11:00,1.74,1.74,1.74,1.74,0
2026-01-16 13:12:00,1.74,1.74,1.74,1.74,0
2026-01-16 13:13:00,1.74,1.74,1.74,1.74,0
2026-01-16 13:14:00,1.74,1.74,1.74,1.74,2
2026-01-16 13:15:00,1.74,1.74,1.74,1.74,2
2026-01-16 13:16:00,1.74,1.74,1.74,1.74,0
2026-01-16 13:17:00,1.74,1.74,1.74,1.74,0
2026-01-16 13:18:00,1.74,1.74,1.74,1.74,0
2026-01-16 13:19:00,1.74,1.74,1.74,1.74,0
2026-01-16 13:20:00,1.74,1.74,1.74,1.74,0
2026-01-16 13:21:00,1.74,1.74,1.74,1.74,0
2026-01-16 13:22:00,1.74,1.74,1.74,1.74,0
2026-01-16 13:23:00,1.74,1.74,1.74,1.74,0
2026-01-16 13:24:00,1.74,1.74,1.74,1.74,0
2026-01-16 13:25:00,1.73,1.73,1.73,1.73,2
2026-01-16 13:26:00,1.73,1.73,1.73,1.73,0
2026-01-16 13:27:00,1.7366,1.7366,1.7366,1.7366,36
2026-01-16 13:28:00,1.7366,1.7366,1.7366,1.7366,0
2026-01-16 13:29:00,1.7366,1.7366,1.7366,1.7366,0
2026-01-16 13:30:00,1.7366,1.7366,1.7366,1.7366,0
2026-01-16 13:31:00,1.7366,1.7366,1.7366,1.7366,0
2026-01-16 13:32:00,1.7366,1.7366,1.7366,1.7366,0
2026-01-16 13:33:00,1.7366,1.7366,1.7366,1.7366,0
2026-01-16 13:34:00,1.7366,1.7366,1.7366,1.7366,0
2026-01-16 13:35:00,1.7366,1.7366,1.7366,1.7366,0
2026-01-16 13:36:00,1.7366,1.7366,1.7366,1.7366,0
2026-01-16 13:37:00,1.7366,1.7366,1.7366,1.7366,0
2026-01-16 13:38:00,1.715,1.75,1.715,1.75,5
2026-01-16 13:39:00,1.75,1.75,1.75,1.75,0
2026-01-16 13:40:00,1.75,1.75,1.75,1.75,0
2026-01-16 13:41:00,1.75,1.75,1.75,1.75,0
2026-01-16 13:42:00,1.75,1.75,1.75,1.75,0
2026-01-16 13:43:00,1.75,1.75,1.75,1.75,0
2026-01-16 13:44:00,1.75,1.75,1.75,1.75,0
2026-01-16 13:45:00,1.75,1.75,1.75,1.75,0
2026-01-16 13:46:00,1.75,1.75,1.75,1.75,0
2026-01-16 13:47:00,1.75,1.75,1.75,1.75,0
2026-01-16 13:48:00,1.75,1.75,1.75,1.75,0
2026-01-16 13:49:00,1.75,1.75,1.75,1.75,0
2026-01-16 13:50:00,1.75,1.75,1.75,1.75,0
2026-01-16 13:51:00,1.75,1.75,1.75,1.75,0
2026-01-16 13:52:00,1.75,1.75,1.75,1.75,0
2026-01-16 13:53:00,1.75,1.75,1.75,1.75,0
2026-01-16 13:54:00,1.75,1.75,1.75,1.75,0
2026-01-16 13:55:00,1.75,1.75,1.75,1.75,0
2026-01-16 13:56:00,1.75,1.75,1.75,1.75,0
2026-01-16 13:57:00,1.75,1.75,1.75,1.75,0
2026-01-16 13:58:00,1.75,1.75,1.75,1.75,0
2026-01-16 13:59:00,1.75,1.75,1.75,1.75,0
2026-01-16 14:00:00,1.75,1.75,1.75,1.75,0
2026-01-16 14:01:00,1.69,1.69,1.69,1.69,1
2026-01-16 14:02:00,1.69,1.69,1.69,1.69,0
2026-01-16 14:03:00,1.69,1.69,1.69,1.69,0
2026-01-16 14:04:00,1.69,1.69,1.69,1.69,0
2026-01-16 14:05:00,1.69,1.69,1.69,1.69,0
2026-01-16 14:06:00,1.69,1.69,1.69,1.69,0
2026-01-16 14:07:00,1.69,1.69,1.69,1.69,0
2026-01-16 14:08:00,1.69,1.69,1.69,1.69,0
2026-01-16 14:09:00,1.69,1.69,1.69,1.69,0
2026-01-16 14:10:00,1.69,1.69,1.69,1.69,0
2026-01-16 14:11:00,1.69,1.69,1.69,1.69,0
2026-01-16 14:12:00,1.69,1.69,1.69,1.69,0
2026-01-16 14:13:00,1.69,1.69,1.69,1.69,0
2026-01-16 14:14:00,1.69,1.69,1.69,1.69,0
2026-01-16 14:15:00,1.69,1.69,1.69,1.69,0
2026-01-16 14:16:00,1.69,1.69,1.69,1.69,0
2026-01-16 14:17:00,1.69,1.69,1.69,1.69,0
2026-01-16 14:18:00,1.69,1.69,1.69,1.69,0
2026-01-16 14:19:00,1.69,1.69,1.69,1.69,0
2026-01-16 14:20:00,1.69,1.69,1.69,1.69,0
2026-01-16 14:21:00,1.69,1.69,1.69,1.69,0
2026-01-16 14:22:00,1.69,1.69,1.69,1.69,0
2026-01-16 14:23:00,1.69,1.69,1.69,1.69,0
2026-01-16 14:24:00,1.69,1.69,1.69,1.69,0
2026-01-16 14:25:00,1.69,1.69,1.69,1.69,0
2026-01-16 14:26:00,1.69,1.69,1.69,1.69,0
2026-01-16 14:27:00,1.69,1.69,1.69,1.69,0
2026-01-16 14:28:00,1.69,1.69,1.69,1.69,0
2026-01-16 14:29:00,1.69,1.69,1.69,1.69,0
2026-01-16 14:30:00,1.69,1.69,1.69,1.69,0
2026-01-16 14:31:00,1.69,1.69,1.69,1.69,0
2026-01-16 14:32:00,1.69,1.69,1.69,1.69,0
2026-01-16 14:33:00,1.69,1.69,1.69,1.69,0
2026-01-16 14:34:00,1.71,1.74,1.71,1.72,15
2026-01-16 14:35:00,1.72,1.72,1.72,1.72,0
2026-01-16 14:36:00,1.72,1.72,1.72,1.72,0
2026-01-16 14:37:00,1.72,1.72,1.72,1.72,0
2026-01-16 14:38:00,1.72,1.72,1.72,1.72,0
2026-01-16 14:39:00,1.72,1.72,1.72,1.72,0
2026-01-16 14:40:00,1.72,1.72,1.72,1.72,0
2026-01-16 14:41:00,1.72,1.72,1.72,1.72,0
2026-01-16 14:42:00,1.72,1.72,1.72,1.72,0
2026-01-16 14:43:00,1.72,1.72,1.72,1.72,0
2026-01-16 14:44:00,1.72,1.72,1.72,1.72,0
2026-01-16 14:45:00,1.72,1.72,1.72,1.72,0
2026-01-16 14:46:00,1.72,1.72,1.72,1.72,0
2026-01-16 14:47:00,1.72,1.72,1.72,1.72,0
2026-01-16 14:48:00,1.72,1.72,1.72,1.72,0
2026-01-16 14:49:00,1.72,1.72,1.72,1.72,0
2026-01-16 14:50:00,1.72,1.72,1.72,1.72,0
2026-01-16 14:51:00,1.72,1.72,1.72,1.72,0
2026-01-16 14:52:00,1.72,1.72,1.72,1.72,0
2026-01-16 14:53:00,1.72,1.72,1.72,1.72,0
2026-01-16 14:54:00,1.72,1.72,1.72,1.72,0
2026-01-16 14:55:00,1.72,1.72,1.72,1.72,0
2026-01-16 14:56:00,1.72,1.72,1.72,1.72,0
2026-01-16 14:57:00,1.72,1.72,1.72,1.72,0
2026-01-16 14:58:00,1.72,1.72,1.72,1.72,0
2026-01-16 14:59:00,1.72,1.72,1.72,1.72,0
2026-01-16 15:00:00,1.72,1.72,1.72,1.72,0
2026-01-16 15:01:00,1.72,1.72,1.72,1.72,0
2026-01-16 15:02:00,1.72,1.72,1.72,1.72,0
2026-01-16 15:03:00,1.72,1.72,1.72,1.72,0
2026-01-16 15:04:00,1.72,1.72,1.72,1.72,0
2026-01-16 15:05:00,1.72,1.72,1.72,1.72,0
2026-01-16 15:06:00,1.72,1.72,1.72,1.72,0
2026-01-16 15:07:00,1.72,1.72,1.72,1.72,0
2026-01-16 15:08:00,1.72,1.72,1.72,1.72,0
2026-01-16 15:09:00,1.72,1.72,1.72,1.72,0
2026-01-16 15:10:00,1.72,1.72,1.72,1.72,0
2026-01-16 15:11:00,1.72,1.72,1.72,1.72,0
2026-01-16 15:12:00,1.72,1.72,1.72,1.72,0
2026-01-16 15:13:00,1.715,1.715,1.715,1.715,1
2026-01-16 15:14:00,1.71,1.71,1.71,1.71,1
2026-01-16 15:15:00,1.71,1.71,1.71,1.71,0
2026-01-16 15:16:00,1.72,1.72,1.72,1.72,1
2026-01-16 15:17:00,1.72,1.72,1.72,1.72,0
2026-01-16 15:18:00,1.72,1.72,1.72,1.72,0
2026-01-16 15:19:00,1.72,1.72,1.72,1.72,0
2026-01-16 15:20:00,1.72,1.72,1.72,1.72,0
2026-01-16 15:21:00,1.72,1.72,1.72,1.72,0
2026-01-16 15:22:00,1.72,1.72,1.72,1.72,0
2026-01-16 15:23:00,1.72,1.72,1.72,1.72,0
2026-01-16 15:24:00,1.72,1.72,1.72,1.72,0
2026-01-16 15:25:00,1.72,1.72,1.72,1.72,0
2026-01-16 15:26:00,1.72,1.72,1.72,1.72,0
2026-01-16 15:27:00,1.72,1.72,1.72,1.72,0
2026-01-16 15:28:00,1.72,1.72,1.72,1.72,0
2026-01-16 15:29:00,1.72,1.72,1.72,1.72,0
2026-01-16 15:30:00,1.72,1.72,1.72,1.72,0
2026-01-16 15:31:00,1.72,1.72,1.72,1.72,0
2026-01-16 15:32:00,1.72,1.72,1.72,1.72,0
2026-01-16 15:33:00,1.72,1.72,1.72,1.72,0
2026-01-16 15:34:00,1.7,1.7,1.7,1.7,1
2026-01-16 15:35:00,1.7,1.7,1.7,1.7,0
2026-01-16 15:36:00,1.6948,1.6948,1.6948,1.6948,1
2026-01-16 15:37:00,1.6948,1.6948,1.6948,1.6948,0
2026-01-16 15:38:00,1.7,1.7,1.6918,1.6918,2
2026-01-16 15:39:00,1.6918,1.6918,1.6918,1.6918,0
2026-01-16 15:40:00,1.705,1.705,1.705,1.705,13
2026-01-16 15:41:00,1.6924,1.714,1.6924,1.714,21
2026-01-16 15:42:00,1.71,1.72,1.71,1.72,2
2026-01-16 15:43:00,1.72,1.72,1.72,1.72,0
2026-01-16 15:44:00,1.7,1.71,1.7,1.71,3
2026-01-16 15:45:00,1.71,1.71,1.71,1.71,0
2026-01-16 15:46:00,1.71,1.71,1.71,1.71,0
2026-01-16 15:47:00,1.71,1.71,1.71,1.71,0
2026-01-16 15:48:00,1.71,1.71,1.71,1.71,0
2026-01-16 15:49:00,1.71,1.71,1.71,1.71,0
2026-01-16 15:50:00,1.71,1.71,1.71,1.71,0
2026-01-16 15:51:00,1.71,1.71,1.71,1.71,0
2026-01-16 15:52:00,1.7,1.7,1.7,1.7,30
2026-01-16 15:53:00,1.7,1.7,1.69,1.69,12
2026-01-16 15:54:00,1.69,1.69,1.69,1.69,32
2026-01-16 15:55:00,1.69,1.69,1.69,1.69,1
2026-01-16 15:56:00,1.6886,1.69,1.6886,1.69,26
2026-01-16 15:57:00,1.6967,1.7,1.6967,1.7,19
2026-01-16 15:58:00,1.7,1.7,1.7,1.7,3
2026-01-16 15:59:00,1.69,1.7,1.66,1.69,21
2026-01-20 09:30:00,1.66,1.66,1.66,1.66,2
2026-01-20 09:31:00,1.66,1.66,1.66,1.66,0
2026-01-20 09:32:00,1.66,1.66,1.66,1.66,0
2026-01-20 09:33:00,1.66,1.66,1.66,1.66,0
2026-01-20 09:34:00,1.66,1.66,1.66,1.66,0
2026-01-20 09:35:00,1.66,1.66,1.66,1.66,0
2026-01-20 09:36:00,1.69,1.69,1.69,1.69,1
2026-01-20 09:37:00,1.69,1.69,1.69,1.69,0
2026-01-20 09:38:00,1.655,1.655,1.655,1.655,1
2026-01-20 09:39:00,1.655,1.655,1.655,1.655,0
2026-01-20 09:40:00,1.655,1.655,1.655,1.655,0
2026-01-20 09:41:00,1.655,1.655,1.655,1.655,0
2026-01-20 09:42:00,1.655,1.655,1.655,1.655,0
2026-01-20 09:43:00,1.655,1.655,1.655,1.655,0
2026-01-20 09:44:00,1.655,1.655,1.655,1.655,0
2026-01-20 09:45:00,1.655,1.655,1.655,1.655,0
2026-01-20 09:46:00,1.655,1.655,1.655,1.655,0
2026-01-20 09:47:00,1.655,1.655,1.655,1.655,0
2026-01-20 09:48:00,1.655,1.655,1.655,1.655,0
2026-01-20 09:49:00,1.69,1.69,1.69,1.69,3
2026-01-20 09:50:00,1.69,1.69,1.69,1.69,0
2026-01-20 09:51:00,1.6667,1.6667,1.6667,1.6667,2
2026-01-20 09:52:00,1.6667,1.6667,1.6667,1.6667,0
2026-01-20 09:53:00,1.6667,1.6667,1.6667,1.6667,0
2026-01-20 09:54:00,1.73,1.73,1.73,1.73,2
2026-01-20 09:55:00,1.73,1.73,1.73,1.73,0
2026-01-20 09:56:00,1.73,1.73,1.73,1.73,0
2026-01-20 09:57:00,1.73,1.73,1.73,1.73,0
2026-01-20 09:58:00,1.73,1.73,1.73,1.73,0
2026-01-20 09:59:00,1.73,1.73,1.73,1.73,0
2026-01-20 10:00:00,1.73,1.73,1.73,1.73,0
2026-01-20 10:01:00,1.73,1.73,1.73,1.73,0
2026-01-20 10:02:00,1.73,1.73,1.73,1.73,0
2026-01-20 10:03:00,1.73,1.73,1.73,1.73,0
2026-01-20 10:04:00,1.73,1.73,1.73,1.73,0
2026-01-20 10:05:00,1.73,1.73,1.73,1.73,0
2026-01-20 10:06:00,1.73,1.73,1.73,1.73,0
2026-01-20 10:07:00,1.73,1.73,1.73,1.73,0
2026-01-20 10:08:00,1.73,1.73,1.73,1.73,0
2026-01-20 10:09:00,1.73,1.73,1.73,1.73,0
2026-01-20 10:10:00,1.73,1.73,1.73,1.73,0
2026-01-20 10:11:00,1.73,1.73,1.73,1.73,0
2026-01-20 10:12:00,1.71,1.71,1.71,1.71,3
2026-01-20 10:13:00,1.71,1.71,1.71,1.71,0
2026-01-20 10:14:00,1.71,1.71,1.71,1.71,0
2026-01-20 10:15:00,1.71,1.71,1.71,1.71,0
2026-01-20 10:16:00,1.71,1.71,1.71,1.71,0
2026-01-20 10:17:00,1.71,1.71,1.71,1.71,0
2026-01-20 10:18:00,1.71,1.71,1.71,1.71,0
2026-01-20 10:19:00,1.71,1.71,1.71,1.71,0
2026-01-20 10:20:00,1.66,1.66,1.64,1.642,54
2026-01-20 10:21:00,1.642,1.642,1.642,1.642,0
2026-01-20 10:22:00,1.642,1.642,1.642,1.642,0
2026-01-20 10:23:00,1.6305,1.6305,1.6305,1.6305,1
2026-01-20 10:24:00,1.6305,1.6305,1.6305,1.6305,0
2026-01-20 10:25:00,1.6305,1.6305,1.6305,1.6305,0
2026-01-20 10:26:00,1.6305,1.6305,1.6305,1.6305,0
2026-01-20 10:27:00,1.6305,1.6305,1.6305,1.6305,0
2026-01-20 10:28:00,1.6305,1.6305,1.6305,1.6305,0
2026-01-20 10:29:00,1.6305,1.6305,1.6305,1.6305,0
2026-01-20 10:30:00,1.695,1.695,1.63,1.64,12
2026-01-20 10:31:00,1.64,1.64,1.64,1.64,0
2026-01-20 10:32:00,1.64,1.64,1.64,1.64,0
2026-01-20 10:33:00,1.64,1.64,1.64,1.64,0
2026-01-20 10:34:00,1.64,1.64,1.64,1.64,0
2026-01-20 10:35:00,1.64,1.64,1.64,1.64,0
2026-01-20 10:36:00,1.64,1.64,1.64,1.64,0
2026-01-20 10:37:00,1.64,1.64,1.64,1.64,0
2026-01-20 10:38:00,1.695,1.695,1.695,1.695,2
2026-01-20 10:39:00,1.695,1.695,1.695,1.695,0
2026-01-20 10:40:00,1.695,1.695,1.695,1.695,0
2026-01-20 10:41:00,1.695,1.695,1.695,1.695,0
2026-01-20 10:42:00,1.695,1.695,1.695,1.695,0
2026-01-20 10:43:00,1.695,1.695,1.695,1.695,0
2026-01-20 10:44:00,1.695,1.695,1.695,1.695,0
2026-01-20 10:45:00,1.695,1.695,1.695,1.695,0
2026-01-20 10:46:00,1.695,1.695,1.695,1.695,0
2026-01-20 10:47:00,1.695,1.695,1.695,1.695,0
2026-01-20 10:48:00,1.695,1.695,1.695,1.695,0
2026-01-20 10:49:00,1.695,1.695,1.695,1.695,0
2026-01-20 10:50:00,1.695,1.695,1.695,1.695,0
2026-01-20 10:51:00,1.695,1.695,1.695,1.695,0
2026-01-20 10:52:00,1.695,1.695,1.695,1.695,0
2026-01-20 10:53:00,1.695,1.695,1.695,1.695,0
2026-01-20 10:54:00,1.695,1.695,1.695,1.695,0
2026-01-20 10:55:00,1.695,1.695,1.695,1.695,0
2026-01-20 10:56:00,1.695,1.695,1.695,1.695,0
2026-01-20 10:57:00,1.695,1.695,1.695,1.695,0
2026-01-20 10:58:00,1.695,1.695,1.695,1.695,0
2026-01-20 10:59:00,1.695,1.695,1.695,1.695,0
2026-01-20 11:00:00,1.695,1.695,1.695,1.695,0
2026-01-20 11:01:00,1.695,1.695,1.695,1.695,0
2026-01-20 11:02:00,1.695,1.695,1.695,1.695,0
2026-01-20 11:03:00,1.695,1.695,1.695,1.695,0
2026-01-20 11:04:00,1.695,1.695,1.695,1.695,0
2026-01-20 11:05:00,1.695,1.695,1.695,1.695,0
2026-01-20 11:06:00,1.695,1.695,1.695,1.695,0
2026-01-20 11:07:00,1.695,1.695,1.695,1.695,0
2026-01-20 11:08:00,1.695,1.695,1.695,1.695,0
2026-01-20 11:09:00,1.695,1.695,1.695,1.695,0
2026-01-20 11:10:00,1.695,1.695,1.695,1.695,0
2026-01-20 11:11:00,1.695,1.695,1.695,1.695,0
2026-01-20 11:12:00,1.695,1.695,1.695,1.695,0
2026-01-20 11:13:00,1.695,1.695,1.695,1.695,0
2026-01-20 11:14:00,1.695,1.695,1.695,1.695,0
2026-01-20 11:15:00,1.695,1.695,1.695,1.695,0
2026-01-20 11:16:00,1.695,1.695,1.695,1.695,0
2026-01-20 11:17:00,1.695,1.695,1.695,1.695,0
2026-01-20 11:18:00,1.695,1.695,1.695,1.695,0
2026-01-20 11:19:00,1.695,1.695,1.695,1.695,0
2026-01-20 11:20:00,1.695,1.695,1.695,1.695,0
2026-01-20 11:21:00,1.695,1.695,1.695,1.695,0
2026-01-20 11:22:00,1.695,1.695,1.695,1.695,0
2026-01-20 11:23:00,1.695,1.695,1.695,1.695,0
2026-01-20 11:24:00,1.695,1.695,1.695,1.695,0
2026-01-20 11:25:00,1.695,1.695,1.695,1.695,0
2026-01-20 11:26:00,1.695,1.695,1.695,1.695,0
2026-01-20 11:27:00,1.695,1.695,1.695,1.695,0
2026-01-20 11:28:00,1.695,1.695,1.695,1.695,0
2026-01-20 11:29:00,1.695,1.695,1.695,1.695,0
2026-01-20 11:30:00,1.695,1.695,1.695,1.695,0
2026-01-20 11:31:00,1.695,1.695,1.695,1.695,0
2026-01-20 11:32:00,1.695,1.695,1.695,1.695,0
2026-01-20 11:33:00,1.695,1.695,1.695,1.695,0
2026-01-20 11:34:00,1.695,1.695,1.695,1.695,0
2026-01-20 11:35:00,1.695,1.695,1.695,1.695,0
2026-01-20 11:36:00,1.695,1.695,1.695,1.695,0
2026-01-20 11:37:00,1.695,1.695,1.695,1.695,0
2026-01-20 11:38:00,1.695,1.695,1.695,1.695,0
2026-01-20 11:39:00,1.695,1.695,1.695,1.695,0
2026-01-20 11:40:00,1.695,1.695,1.695,1.695,0
2026-01-20 11:41:00,1.695,1.695,1.695,1.695,0
2026-01-20 11:42:00,1.695,1.695,1.695,1.695,0
2026-01-20 11:43:00,1.695,1.695,1.695,1.695,0
2026-01-20 11:44:00,1.695,1.695,1.695,1.695,0
2026-01-20 11:45:00,1.695,1.695,1.695,1.695,0
2026-01-20 11:46:00,1.695,1.695,1.695,1.695,0
2026-01-20 11:47:00,1.695,1.695,1.695,1.695,0
2026-01-20 11:48:00,1.695,1.695,1.695,1.695,0
2026-01-20 11:49:00,1.695,1.695,1.695,1.695,0
2026-01-20 11:50:00,1.695,1.695,1.695,1.695,0
2026-01-20 11:51:00,1.695,1.695,1.695,1.695,0
2026-01-20 11:52:00,1.695,1.695,1.695,1.695,1
2026-01-20 11:53:00,1.695,1.695,1.695,1.695,0
2026-01-20 11:54:00,1.695,1.695,1.695,1.695,0
2026-01-20 11:55:00,1.695,1.695,1.695,1.695,0
2026-01-20 11:56:00,1.695,1.695,1.695,1.695,0
2026-01-20 11:57:00,1.6301,1.6301,1.6301,1.6301,15
2026-01-20 11:58:00,1.6301,1.6301,1.6301,1.6301,0
2026-01-20 11:59:00,1.7,1.7,1.7,1.7,1
2026-01-20 12:00:00,1.7,1.7,1.7,1.7,0
2026-01-20 12:01:00,1.7,1.7,1.7,1.7,0
2026-01-20 12:02:00,1.7,1.7,1.7,1.7,0
2026-01-20 12:03:00,1.7,1.7,1.7,1.7,0
2026-01-20 12:04:00,1.7,1.7,1.7,1.7,0
2026-01-20 12:05:00,1.7,1.7,1.7,1.7,0
2026-01-20 12:06:00,1.7,1.7,1.7,1.7,0
2026-01-20 12:07:00,1.7,1.7,1.7,1.7,0
2026-01-20 12:08:00,1.7,1.7,1.7,1.7,0
2026-01-20 12:09:00,1.7,1.7,1.7,1.7,0
2026-01-20 12:10:00,1.7,1.7,1.7,1.7,0
2026-01-20 12:11:00,1.76,1.76,1.76,1.76,22
2026-01-20 12:12:00,1.76,1.76,1.76,1.76,0
2026-01-20 12:13:00,1.76,1.76,1.76,1.76,0
2026-01-20 12:14:00,1.76,1.76,1.76,1.76,0
2026-01-20 12:15:00,1.76,1.76,1.76,1.76,0
2026-01-20 12:16:00,1.76,1.76,1.76,1.76,0
2026-01-20 12:17:00,1.76,1.76,1.76,1.76,0
2026-01-20 12:18:00,1.76,1.76,1.76,1.76,0
2026-01-20 12:19:00,1.76,1.76,1.76,1.76,0
2026-01-20 12:20:00,1.76,1.76,1.76,1.76,0
2026-01-20 12:21:00,1.76,1.76,1.76,1.76,0
2026-01-20 12:22:00,1.76,1.76,1.76,1.76,0
2026-01-20 12:23:00,1.76,1.76,1.76,1.76,0
2026-01-20 12:24:00,1.76,1.76,1.76,1.76,0
2026-01-20 12:25:00,1.76,1.76,1.76,1.76,0
2026-01-20 12:26:00,1.76,1.76,1.76,1.76,0
2026-01-20 12:27:00,1.76,1.76,1.76,1.76,0
2026-01-20 12:28:00,1.76,1.76,1.76,1.76,0
2026-01-20 12:29:00,1.76,1.76,1.76,1.76,0
2026-01-20 12:30:00,1.76,1.76,1.76,1.76,0
2026-01-20 12:31:00,1.76,1.76,1.76,1.76,0
2026-01-20 12:32:00,1.76,1.76,1.76,1.76,0
2026-01-20 12:33:00,1.76,1.76,1.76,1.76,0
2026-01-20 12:34:00,1.76,1.76,1.76,1.76,0
2026-01-20 12:35:00,1.76,1.76,1.76,1.76,0
2026-01-20 12:36:00,1.76,1.76,1.76,1.76,0
2026-01-20 12:37:00,1.76,1.76,1.76,1.76,0
2026-01-20 12:38:00,1.76,1.76,1.76,1.76,0
2026-01-20 12:39:00,1.76,1.76,1.76,1.76,0
2026-01-20 12:40:00,1.76,1.76,1.76,1.76,0
2026-01-20 12:41:00,1.76,1.76,1.76,1.76,0
2026-01-20 12:42:00,1.76,1.76,1.76,1.76,0
2026-01-20 12:43:00,1.76,1.76,1.76,1.76,0
2026-01-20 12:44:00,1.76,1.76,1.76,1.76,0
2026-01-20 12:45:00,1.76,1.76,1.76,1.76,0
2026-01-20 12:46:00,1.76,1.76,1.76,1.76,0
2026-01-20 12:47:00,1.76,1.76,1.76,1.76,0
2026-01-20 12:48:00,1.76,1.76,1.76,1.76,0
2026-01-20 12:49:00,1.76,1.76,1.76,1.76,0
2026-01-20 12:50:00,1.76,1.76,1.76,1.76,0
2026-01-20 12:51:00,1.76,1.76,1.76,1.76,0
2026-01-20 12:52:00,1.76,1.76,1.76,1.76,0
2026-01-20 12:53:00,1.67,1.67,1.67,1.67,3
2026-01-20 12:54:00,1.67,1.67,1.67,1.67,0
2026-01-20 12:55:00,1.67,1.67,1.67,1.67,0
2026-01-20 12:56:00,1.67,1.67,1.67,1.67,0
2026-01-20 12:57:00,1.67,1.67,1.67,1.67,0
2026-01-20 12:58:00,1.67,1.67,1.67,1.67,0
2026-01-20 12:59:00,1.67,1.67,1.67,1.67,0
2026-01-20 13:00:00,1.67,1.67,1.67,1.67,0
2026-01-20 13:01:00,1.67,1.67,1.67,1.67,0
2026-01-20 13:02:00,1.7279,1.7279,1.7279,1.7279,1
2026-01-20 13:03:00,1.7279,1.7279,1.7279,1.7279,0
2026-01-20 13:04:00,1.7279,1.7279,1.7279,1.7279,0
2026-01-20 13:05:00,1.7279,1.7279,1.7279,1.7279,0
2026-01-20 13:06:00,1.74,1.74,1.74,1.74,9
2026-01-20 13:07:00,1.74,1.74,1.74,1.74,0
2026-01-20 13:08:00,1.74,1.74,1.74,1.74,0
2026-01-20 13:09:00,1.74,1.74,1.74,1.74,0
2026-01-20 13:10:00,1.74,1.74,1.74,1.74,0
2026-01-20 13:11:00,1.7,1.7,1.7,1.7,1
2026-01-20 13:12:00,1.7,1.7,1.7,1.7,0
2026-01-20 13:13:00,1.68,1.74,1.68,1.74,7
2026-01-20 13:14:00,1.74,1.74,1.74,1.74,0
2026-01-20 13:15:00,1.74,1.74,1.74,1.74,0
2026-01-20 13:16:00,1.74,1.74,1.74,1.74,0
2026-01-20 13:17:00,1.74,1.74,1.74,1.74,0
2026-01-20 13:18:00,1.74,1.74,1.74,1.74,0
2026-01-20 13:19:00,1.74,1.74,1.74,1.74,0
2026-01-20 13:20:00,1.74,1.74,1.74,1.74,0
2026-01-20 13:21:00,1.7,1.7,1.7,1.7,5
2026-01-20 13:22:00,1.7,1.7,1.7,1.7,0
2026-01-20 13:23:00,1.7,1.7,1.7,1.7,0
2026-01-20 13:24:00,1.7,1.7,1.7,1.7,0
2026-01-20 13:25:00,1.7,1.7,1.7,1.7,0
2026-01-20 13:26:00,1.7,1.7,1.7,1.7,0
2026-01-20 13:27:00,1.7,1.7,1.7,1.7,0
2026-01-20 13:28:00,1.7,1.7,1.7,1.7,0
2026-01-20 13:29:00,1.7,1.7,1.7,1.7,0
2026-01-20 13:30:00,1.7,1.7,1.7,1.7,0
2026-01-20 13:31:00,1.7,1.7,1.7,1.7,0
2026-01-20 13:32:00,1.7,1.7,1.7,1.7,0
2026-01-20 13:33:00,1.7,1.7,1.7,1.7,0
2026-01-20 13:34:00,1.7,1.7,1.7,1.7,0
2026-01-20 13:35:00,1.7,1.7,1.7,1.7,0
2026-01-20 13:36:00,1.7,1.7,1.7,1.7,0
2026-01-20 13:37:00,1.7,1.7,1.7,1.7,0
2026-01-20 13:38:00,1.7,1.7,1.7,1.7,0
2026-01-20 13:39:00,1.7,1.7,1.7,1.7,0
2026-01-20 13:40:00,1.7,1.7,1.7,1.7,0
2026-01-20 13:41:00,1.7,1.7,1.7,1.7,0
2026-01-20 13:42:00,1.7,1.7,1.7,1.7,0
2026-01-20 13:43:00,1.7,1.7,1.7,1.7,0
2026-01-20 13:44:00,1.685,1.685,1.685,1.685,1
2026-01-20 13:45:00,1.685,1.685,1.685,1.685,0
2026-01-20 13:46:00,1.685,1.685,1.685,1.685,0
2026-01-20 13:47:00,1.685,1.685,1.685,1.685,0
2026-01-20 13:48:00,1.685,1.685,1.685,1.685,0
2026-01-20 13:49:00,1.685,1.685,1.685,1.685,0
2026-01-20 13:50:00,1.67,1.67,1.67,1.67,2
2026-01-20 13:51:00,1.67,1.67,1.67,1.67,0
2026-01-20 13:52:00,1.67,1.67,1.67,1.67,0
2026-01-20 13:53:00,1.67,1.67,1.67,1.67,0
2026-01-20 13:54:00,1.67,1.67,1.67,1.67,0
2026-01-20 13:55:00,1.67,1.67,1.67,1.67,0
2026-01-20 13:56:00,1.67,1.67,1.67,1.67,1
2026-01-20 13:57:00,1.67,1.67,1.67,1.67,0
2026-01-20 13:58:00,1.67,1.67,1.67,1.67,0
2026-01-20 13:59:00,1.67,1.67,1.67,1.67,0
2026-01-20 14:00:00,1.67,1.67,1.67,1.67,0
2026-01-20 14:01:00,1.68,1.68,1.68,1.68,2
2026-01-20 14:02:00,1.68,1.68,1.68,1.68,2
2026-01-20 14:03:00,1.68,1.68,1.68,1.68,0
2026-01-20 14:04:00,1.68,1.68,1.68,1.68,0
2026-01-20 14:05:00,1.68,1.68,1.68,1.68,0
2026-01-20 14:06:00,1.68,1.68,1.68,1.68,0
2026-01-20 14:07:00,1.68,1.68,1.68,1.68,0
2026-01-20 14:08:00,1.68,1.68,1.68,1.68,0
2026-01-20 14:09:00,1.68,1.68,1.68,1.68,0
2026-01-20 14:10:00,1.68,1.68,1.68,1.68,0
2026-01-20 14:11:00,1.68,1.68,1.68,1.68,0
2026-01-20 14:12:00,1.68,1.68,1.68,1.68,0
2026-01-20 14:13:00,1.68,1.68,1.68,1.68,0
2026-01-20 14:14:00,1.68,1.68,1.68,1.68,0
2026-01-20 14:15:00,1.68,1.68,1.68,1.68,0
2026-01-20 14:16:00,1.68,1.68,1.68,1.68,0
2026-01-20 14:17:00,1.68,1.68,1.68,1.68,0
2026-01-20 14:18:00,1.68,1.68,1.68,1.68,0
2026-01-20 14:19:00,1.68,1.68,1.68,1.68,0
2026-01-20 14:20:00,1.68,1.68,1.68,1.68,0
2026-01-20 14:21:00,1.68,1.68,1.68,1.68,0
2026-01-20 14:22:00,1.68,1.68,1.68,1.68,0
2026-01-20 14:23:00,1.65,1.65,1.65,1.65,3
2026-01-20 14:24:00,1.65,1.65,1.65,1.65,0
2026-01-20 14:25:00,1.65,1.65,1.65,1.65,0
2026-01-20 14:26:00,1.65,1.65,1.65,1.65,0
2026-01-20 14:27:00,1.65,1.65,1.65,1.65,0
2026-01-20 14:28:00,1.65,1.65,1.65,1.65,0
2026-01-20 14:29:00,1.65,1.65,1.65,1.65,0
2026-01-20 14:30:00,1.65,1.65,1.65,1.65,0
2026-01-20 14:31:00,1.65,1.65,1.65,1.65,0
2026-01-20 14:32:00,1.65,1.65,1.65,1.65,0
2026-01-20 14:33:00,1.65,1.65,1.65,1.65,0
2026-01-20 14:34:00,1.65,1.65,1.65,1.65,0
2026-01-20 14:35:00,1.65,1.65,1.65,1.65,0
2026-01-20 14:36:00,1.65,1.65,1.65,1.65,0
2026-01-20 14:37:00,1.65,1.65,1.65,1.65,0
2026-01-20 14:38:00,1.65,1.65,1.65,1.65,0
2026-01-20 14:39:00,1.65,1.65,1.65,1.65,0
2026-01-20 14:40:00,1.65,1.65,1.65,1.65,0
2026-01-20 14:41:00,1.65,1.65,1.65,1.65,0
2026-01-20 14:42:00,1.65,1.65,1.65,1.65,0
2026-01-20 14:43:00,1.65,1.65,1.65,1.65,0
2026-01-20 14:44:00,1.65,1.65,1.65,1.65,0
2026-01-20 14:45:00,1.65,1.65,1.65,1.65,0
2026-01-20 14:46:00,1.65,1.65,1.65,1.65,0
2026-01-20 14:47:00,1.65,1.65,1.65,1.65,0
2026-01-20 14:48:00,1.65,1.65,1.65,1.65,0
2026-01-20 14:49:00,1.65,1.65,1.65,1.65,0
2026-01-20 14:50:00,1.65,1.65,1.65,1.65,0
2026-01-20 14:51:00,1.65,1.65,1.65,1.65,0
2026-01-20 14:52:00,1.65,1.65,1.65,1.65,0
2026-01-20 14:53:00,1.65,1.65,1.65,1.65,0
2026-01-20 14:54:00,1.65,1.65,1.65,1.65,0
2026-01-20 14:55:00,1.65,1.65,1.65,1.65,0
2026-01-20 14:56:00,1.65,1.65,1.65,1.65,0
2026-01-20 14:57:00,1.65,1.65,1.65,1.65,0
2026-01-20 14:58:00,1.65,1.65,1.65,1.65,0
2026-01-20 14:59:00,1.645,1.645,1.645,1.645,1
2026-01-20 15:00:00,1.64,1.64,1.64,1.64,1
2026-01-20 15:01:00,1.64,1.64,1.64,1.64,1
2026-01-20 15:02:00,1.64,1.64,1.64,1.64,0
2026-01-20 15:03:00,1.64,1.64,1.64,1.64,0
2026-01-20 15:04:00,1.64,1.64,1.64,1.64,0
2026-01-20 15:05:00,1.63,1.63,1.63,1.63,9
2026-01-20 15:06:00,1.63,1.63,1.63,1.63,0
2026-01-20 15:07:00,1.63,1.63,1.63,1.63,0
2026-01-20 15:08:00,1.63,1.63,1.63,1.63,0
2026-01-20 15:09:00,1.63,1.63,1.63,1.63,0
2026-01-20 15:10:00,1.63,1.63,1.63,1.63,0
2026-01-20 15:11:00,1.63,1.63,1.63,1.63,0
2026-01-20 15:12:00,1.63,1.63,1.63,1.63,0
2026-01-20 15:13:00,1.63,1.63,1.63,1.63,0
2026-01-20 15:14:00,1.63,1.63,1.63,1.63,0
2026-01-20 15:15:00,1.63,1.63,1.63,1.63,0
2026-01-20 15:16:00,1.63,1.63,1.63,1.63,0
2026-01-20 15:17:00,1.63,1.63,1.63,1.63,0
2026-01-20 15:18:00,1.63,1.63,1.63,1.63,0
2026-01-20 15:19:00,1.63,1.63,1.63,1.63,0
2026-01-20 15:20:00,1.63,1.63,1.63,1.63,0
2026-01-20 15:21:00,1.63,1.63,1.63,1.63,0
2026-01-20 15:22:00,1.63,1.63,1.63,1.63,0
2026-01-20 15:23:00,1.63,1.63,1.63,1.63,0
2026-01-20 15:24:00,1.63,1.63,1.63,1.63,0
2026-01-20 15:25:00,1.64,1.64,1.63,1.64,6
2026-01-20 15:26:00,1.64,1.64,1.64,1.64,0
2026-01-20 15:27:00,1.64,1.64,1.64,1.64,0
2026-01-20 15:28:00,1.64,1.64,1.64,1.64,0
2026-01-20 15:29:00,1.64,1.64,1.64,1.64,0
2026-01-20 15:30:00,1.64,1.64,1.64,1.64,0
2026-01-20 15:31:00,1.6596,1.6596,1.6596,1.6596,1
2026-01-20 15:32:00,1.6596,1.6596,1.6596,1.6596,0
2026-01-20 15:33:00,1.6596,1.6596,1.6596,1.6596,0
2026-01-20 15:34:00,1.6596,1.6596,1.6596,1.6596,0
2026-01-20 15:35:00,1.6596,1.6596,1.6596,1.6596,0
2026-01-20 15:36:00,1.6596,1.6596,1.6596,1.6596,0
2026-01-20 15:37:00,1.6596,1.6596,1.6596,1.6596,0
2026-01-20 15:38:00,1.6596,1.6596,1.6596,1.6596,0
2026-01-20 15:39:00,1.6596,1.6596,1.6596,1.6596,0
2026-01-20 15:40:00,1.6596,1.6596,1.6596,1.6596,0
2026-01-20 15:41:00,1.6596,1.6596,1.6596,1.6596,0
2026-01-20 15:42:00,1.6596,1.6596,1.6596,1.6596,0
2026-01-20 15:43:00,1.6596,1.6596,1.6596,1.6596,0
2026-01-20 15:44:00,1.6596,1.6596,1.6596,1.6596,0
2026-01-20 15:45:00,1.6596,1.6596,1.6596,1.6596,0
2026-01-20 15:46:00,1.6596,1.6596,1.6596,1.6596,0
2026-01-20 15:47:00,1.6596,1.6596,1.6596,1.6596,0
2026-01-20 15:48:00,1.6596,1.6596,1.6596,1.6596,0
2026-01-20 15:49:00,1.6596,1.6596,1.6596,1.6596,0
2026-01-20 15:50:00,1.6596,1.6596,1.6596,1.6596,0
2026-01-20 15:51:00,1.6596,1.6596,1.6596,1.6596,0
2026-01-20 15:52:00,1.6596,1.6596,1.6596,1.6596,0
2026-01-20 15:53:00,1.6596,1.6596,1.6596,1.6596,0
2026-01-20 15:54:00,1.6596,1.6596,1.6596,1.6596,0
2026-01-20 15:55:00,1.6596,1.6596,1.6596,1.6596,0
2026-01-20 15:56:00,1.6596,1.6596,1.6596,1.6596,0
2026-01-20 15:57:00,1.6596,1.6596,1.6596,1.6596,0
2026-01-20 15:58:00,1.6596,1.6596,1.6596,1.6596,0
2026-01-20 15:59:00,1.64,1.65,1.63,1.65,9
2026-01-21 09:30:00,1.69,1.69,1.66,1.66,2
2026-01-21 09:31:00,1.69,1.69,1.69,1.69,1
2026-01-21 09:32:00,1.69,1.69,1.69,1.69,0
2026-01-21 09:33:00,1.69,1.69,1.69,1.69,0
2026-01-21 09:34:00,1.69,1.69,1.69,1.69,0
2026-01-21 09:35:00,1.69,1.69,1.69,1.69,0
2026-01-21 09:36:00,1.69,1.69,1.69,1.69,0
2026-01-21 09:37:00,1.69,1.69,1.69,1.69,0
2026-01-21 09:38:00,1.69,1.69,1.69,1.69,0
2026-01-21 09:39:00,1.69,1.69,1.69,1.69,0
2026-01-21 09:40:00,1.69,1.69,1.69,1.69,0
2026-01-21 09:41:00,1.69,1.69,1.69,1.69,0
2026-01-21 09:42:00,1.69,1.69,1.69,1.69,0
2026-01-21 09:43:00,1.69,1.69,1.69,1.69,0
2026-01-21 09:44:00,1.69,1.69,1.69,1.69,0
2026-01-21 09:45:00,1.69,1.69,1.69,1.69,0
2026-01-21 09:46:00,1.69,1.69,1.69,1.69,0
2026-01-21 09:47:00,1.69,1.69,1.69,1.69,0
2026-01-21 09:48:00,1.69,1.69,1.69,1.69,0
2026-01-21 09:49:00,1.69,1.69,1.69,1.69,0
2026-01-21 09:50:00,1.69,1.69,1.69,1.69,0
2026-01-21 09:51:00,1.69,1.69,1.69,1.69,0
2026-01-21 09:52:00,1.69,1.69,1.69,1.69,0
2026-01-21 09:53:00,1.69,1.69,1.69,1.69,0
2026-01-21 09:54:00,1.69,1.69,1.69,1.69,0
2026-01-21 09:55:00,1.69,1.69,1.69,1.69,0
2026-01-21 09:56:00,1.69,1.69,1.69,1.69,0
2026-01-21 09:57:00,1.69,1.69,1.69,1.69,0
2026-01-21 09:58:00,1.69,1.69,1.69,1.69,0
2026-01-21 09:59:00,1.69,1.69,1.69,1.69,0
2026-01-21 10:00:00,1.6704,1.6704,1.6704,1.6704,1
2026-01-21 10:01:00,1.6704,1.6704,1.6704,1.6704,0
2026-01-21 10:02:00,1.6704,1.6704,1.6704,1.6704,0
2026-01-21 10:03:00,1.64,1.64,1.6301,1.6301,27
2026-01-21 10:04:00,1.6301,1.6301,1.6301,1.6301,0
2026-01-21 10:05:00,1.6301,1.6301,1.6301,1.6301,0
2026-01-21 10:06:00,1.6301,1.6301,1.6301,1.6301,0
2026-01-21 10:07:00,1.6301,1.6301,1.6301,1.6301,0
2026-01-21 10:08:00,1.6301,1.6301,1.6301,1.6301,0
2026-01-21 10:09:00,1.6301,1.6301,1.6301,1.6301,0
2026-01-21 10:10:00,1.6301,1.6301,1.6301,1.6301,0
2026-01-21 10:11:00,1.6301,1.6301,1.6301,1.6301,0
2026-01-21 10:12:00,1.6301,1.6301,1.6301,1.6301,0
2026-01-21 10:13:00,1.6301,1.6301,1.6301,1.6301,0
2026-01-21 10:14:00,1.6301,1.6301,1.6301,1.6301,0
2026-01-21 10:15:00,1.6301,1.6301,1.6301,1.6301,0
2026-01-21 10:16:00,1.6301,1.6301,1.6301,1.6301,0
2026-01-21 10:17:00,1.6301,1.6301,1.6301,1.6301,0
2026-01-21 10:18:00,1.6301,1.6301,1.6301,1.6301,0
2026-01-21 10:19:00,1.6301,1.6301,1.6301,1.6301,0
2026-01-21 10:20:00,1.6301,1.6301,1.6301,1.6301,0
2026-01-21 10:21:00,1.6301,1.6301,1.6301,1.6301,0
2026-01-21 10:22:00,1.6301,1.6301,1.6301,1.6301,0
2026-01-21 10:23:00,1.6301,1.6301,1.6301,1.6301,0
2026-01-21 10:24:00,1.6301,1.6301,1.6301,1.6301,0
2026-01-21 10:25:00,1.6301,1.6301,1.6301,1.6301,0
2026-01-21 10:26:00,1.6301,1.6301,1.6301,1.6301,0
2026-01-21 10:27:00,1.6301,1.6301,1.6301,1.6301,0
2026-01-21 10:28:00,1.6301,1.6301,1.6301,1.6301,0
2026-01-21 10:29:00,1.6301,1.6301,1.6301,1.6301,0
2026-01-21 10:30:00,1.6301,1.6301,1.6301,1.6301,0
2026-01-21 10:31:00,1.6301,1.6301,1.6301,1.6301,0
2026-01-21 10:32:00,1.6301,1.6301,1.6301,1.6301,0
2026-01-21 10:33:00,1.6301,1.6301,1.6301,1.6301,0
2026-01-21 10:34:00,1.6301,1.6301,1.6301,1.6301,0
2026-01-21 10:35:00,1.6301,1.6301,1.6301,1.6301,0
2026-01-21 10:36:00,1.6301,1.6301,1.6301,1.6301,2
2026-01-21 10:37:00,1.6301,1.6301,1.6301,1.6301,0
2026-01-21 10:38:00,1.6301,1.6301,1.6301,1.6301,0
2026-01-21 10:39:00,1.6301,1.6301,1.6301,1.6301,0
2026-01-21 10:40:00,1.6301,1.6301,1.6301,1.6301,0
2026-01-21 10:41:00,1.6301,1.6301,1.6301,1.6301,0
2026-01-21 10:42:00,1.6301,1.6301,1.6301,1.6301,0
2026-01-21 10:43:00,1.6301,1.6301,1.6301,1.6301,0
2026-01-21 10:44:00,1.6301,1.6301,1.6301,1.6301,0
2026-01-21 10:45:00,1.6301,1.6301,1.6301,1.6301,0
2026-01-21 10:46:00,1.66,1.6799,1.66,1.6798,48
2026-01-21 10:47:00,1.6798,1.6798,1.6798,1.6798,0
2026-01-21 10:48:00,1.6798,1.6798,1.6798,1.6798,0
2026-01-21 10:49:00,1.6798,1.6798,1.6798,1.6798,0
2026-01-21 10:50:00,1.6616,1.6616,1.6616,1.6616,20
2026-01-21 10:51:00,1.6616,1.6616,1.6616,1.6616,0
2026-01-21 10:52:00,1.6616,1.6616,1.6616,1.6616,0
2026-01-21 10:53:00,1.6616,1.6616,1.6616,1.6616,0
2026-01-21 10:54:00,1.6616,1.6616,1.6616,1.6616,0
2026-01-21 10:55:00,1.6616,1.6616,1.6616,1.6616,0
2026-01-21 10:56:00,1.6616,1.6616,1.6616,1.6616,0
2026-01-21 10:57:00,1.6616,1.6616,1.6616,1.6616,0
2026-01-21 10:58:00,1.6616,1.6616,1.6616,1.6616,0
2026-01-21 10:59:00,1.6616,1.6616,1.6616,1.6616,0
2026-01-21 11:00:00,1.6616,1.6616,1.6616,1.6616,0
2026-01-21 11:01:00,1.6616,1.6616,1.6616,1.6616,0
2026-01-21 11:02:00,1.6616,1.6616,1.6616,1.6616,0
2026-01-21 11:03:00,1.6616,1.6616,1.6616,1.6616,0
2026-01-21 11:04:00,1.6616,1.6616,1.6616,1.6616,0
2026-01-21 11:05:00,1.6616,1.6616,1.6616,1.6616,0
2026-01-21 11:06:00,1.6616,1.6616,1.6616,1.6616,0
2026-01-21 11:07:00,1.6616,1.6616,1.6616,1.6616,0
2026-01-21 11:08:00,1.67,1.67,1.67,1.67,1
2026-01-21 11:09:00,1.67,1.67,1.67,1.67,0
2026-01-21 11:10:00,1.67,1.67,1.67,1.67,0
2026-01-21 11:11:00,1.67,1.67,1.67,1.67,0
2026-01-21 11:12:00,1.67,1.67,1.67,1.67,0
2026-01-21 11:13:00,1.67,1.67,1.67,1.67,0
2026-01-21 11:14:00,1.67,1.67,1.67,1.67,0
2026-01-21 11:15:00,1.67,1.67,1.67,1.67,0
2026-01-21 11:16:00,1.67,1.67,1.67,1.67,0
2026-01-21 11:17:00,1.67,1.67,1.67,1.67,0
2026-01-21 11:18:00,1.67,1.67,1.67,1.67,0
2026-01-21 11:19:00,1.67,1.67,1.67,1.67,0
2026-01-21 11:20:00,1.67,1.7099,1.67,1.7099,40
2026-01-21 11:21:00,1.7099,1.7099,1.7099,1.7099,0
2026-01-21 11:22:00,1.7099,1.7099,1.7099,1.7099,0
2026-01-21 11:23:00,1.7099,1.7099,1.7099,1.7099,0
2026-01-21 11:24:00,1.7099,1.7099,1.7099,1.7099,0
2026-01-21 11:25:00,1.7099,1.7099,1.7099,1.7099,0
2026-01-21 11:26:00,1.6872,1.6872,1.6872,1.6872,1
2026-01-21 11:27:00,1.6872,1.6872,1.6872,1.6872,0
2026-01-21 11:28:00,1.6872,1.6872,1.6872,1.6872,0
2026-01-21 11:29:00,1.6872,1.6872,1.6872,1.6872,0
2026-01-21 11:30:00,1.6872,1.6872,1.6872,1.6872,0
2026-01-21 11:31:00,1.6872,1.6872,1.6872,1.6872,0
2026-01-21 11:32:00,1.6872,1.6872,1.6872,1.6872,0
2026-01-21 11:33:00,1.6872,1.6872,1.6872,1.6872,0
2026-01-21 11:34:00,1.6872,1.6872,1.6872,1.6872,0
2026-01-21 11:35:00,1.6872,1.6872,1.6872,1.6872,0
2026-01-21 11:36:00,1.6872,1.6872,1.6872,1.6872,0
2026-01-21 11:37:00,1.6872,1.6872,1.6872,1.6872,0
2026-01-21 11:38:00,1.6872,1.6872,1.6872,1.6872,0
2026-01-21 11:39:00,1.6872,1.6872,1.6872,1.6872,0
2026-01-21 11:40:00,1.6872,1.6872,1.6872,1.6872,0
2026-01-21 11:41:00,1.6872,1.6872,1.6872,1.6872,0
2026-01-21 11:42:00,1.6872,1.6872,1.6872,1.6872,0
2026-01-21 11:43:00,1.6872,1.6872,1.6872,1.6872,0
2026-01-21 11:44:00,1.7,1.77,1.7,1.75,152
2026-01-21 11:45:00,1.75,1.75,1.75,1.75,0
2026-01-21 11:46:00,1.75,1.75,1.75,1.75,0
2026-01-21 11:47:00,1.75,1.75,1.75,1.75,0
2026-01-21 11:48:00,1.75,1.75,1.75,1.75,0
2026-01-21 11:49:00,1.75,1.75,1.75,1.75,0
2026-01-21 11:50:00,1.75,1.75,1.75,1.75,0
2026-01-21 11:51:00,1.69,1.69,1.69,1.69,1
2026-01-21 11:52:00,1.69,1.69,1.69,1.69,0
2026-01-21 11:53:00,1.69,1.69,1.69,1.69,0
2026-01-21 11:54:00,1.69,1.69,1.69,1.69,0
2026-01-21 11:55:00,1.69,1.69,1.69,1.69,0
2026-01-21 11:56:00,1.69,1.69,1.69,1.69,0
2026-01-21 11:57:00,1.69,1.69,1.69,1.69,0
2026-01-21 11:58:00,1.69,1.69,1.69,1.69,0
2026-01-21 11:59:00,1.69,1.69,1.69,1.69,0
2026-01-21 12:00:00,1.69,1.69,1.69,1.69,0
2026-01-21 12:01:00,1.69,1.69,1.69,1.69,0
2026-01-21 12:02:00,1.69,1.69,1.69,1.69,0
2026-01-21 12:03:00,1.69,1.69,1.69,1.69,0
2026-01-21 12:04:00,1.69,1.69,1.69,1.69,0
2026-01-21 12:05:00,1.69,1.69,1.69,1.69,0
2026-01-21 12:06:00,1.69,1.69,1.69,1.69,0
2026-01-21 12:07:00,1.69,1.69,1.69,1.69,0
2026-01-21 12:08:00,1.69,1.69,1.69,1.69,0
2026-01-21 12:09:00,1.68,1.68,1.67,1.67,24
2026-01-21 12:10:00,1.67,1.67,1.67,1.67,0
2026-01-21 12:11:00,1.67,1.67,1.67,1.67,0
2026-01-21 12:12:00,1.67,1.67,1.67,1.67,0
2026-01-21 12:13:00,1.67,1.67,1.67,1.67,0
2026-01-21 12:14:00,1.67,1.67,1.67,1.67,0
2026-01-21 12:15:00,1.67,1.67,1.67,1.67,0
2026-01-21 12:16:00,1.67,1.67,1.67,1.67,0
2026-01-21 12:17:00,1.68,1.69,1.68,1.6898,24
2026-01-21 12:18:00,1.68,1.68,1.68,1.68,5
2026-01-21 12:19:00,1.68,1.68,1.68,1.68,0
2026-01-21 12:20:00,1.68,1.68,1.68,1.68,0
2026-01-21 12:21:00,1.68,1.68,1.68,1.68,0
2026-01-21 12:22:00,1.68,1.68,1.68,1.68,0
2026-01-21 12:23:00,1.68,1.68,1.68,1.68,0
2026-01-21 12:24:00,1.68,1.68,1.68,1.68,0
2026-01-21 12:25:00,1.68,1.68,1.68,1.68,0
2026-01-21 12:26:00,1.68,1.68,1.68,1.68,0
2026-01-21 12:27:00,1.68,1.68,1.68,1.68,0
2026-01-21 12:28:00,1.68,1.68,1.68,1.68,0
2026-01-21 12:29:00,1.68,1.68,1.68,1.68,0
2026-01-21 12:30:00,1.68,1.68,1.68,1.68,0
2026-01-21 12:31:00,1.68,1.68,1.68,1.68,0
2026-01-21 12:32:00,1.68,1.68,1.68,1.68,0
2026-01-21 12:33:00,1.68,1.68,1.68,1.68,0
2026-01-21 12:34:00,1.68,1.68,1.68,1.68,0
2026-01-21 12:35:00,1.68,1.68,1.68,1.68,0
2026-01-21 12:36:00,1.68,1.68,1.68,1.68,0
2026-01-21 12:37:00,1.68,1.68,1.68,1.68,0
2026-01-21 12:38:00,1.68,1.68,1.68,1.68,0
2026-01-21 12:39:00,1.68,1.68,1.68,1.68,0
2026-01-21 12:40:00,1.68,1.68,1.68,1.68,0
2026-01-21 12:41:00,1.68,1.68,1.68,1.68,0
2026-01-21 12:42:00,1.68,1.68,1.68,1.68,0
2026-01-21 12:43:00,1.68,1.68,1.68,1.68,0
2026-01-21 12:44:00,1.6608,1.6608,1.6608,1.6608,2
2026-01-21 12:45:00,1.6608,1.6608,1.6608,1.6608,0
2026-01-21 12:46:00,1.69,1.69,1.69,1.69,1
2026-01-21 12:47:00,1.66,1.66,1.66,1.66,20
2026-01-21 12:48:00,1.66,1.66,1.66,1.66,0
2026-01-21 12:49:00,1.66,1.66,1.66,1.66,0
2026-01-21 12:50:00,1.66,1.66,1.66,1.66,0
2026-01-21 12:51:00,1.66,1.66,1.66,1.66,0
2026-01-21 12:52:00,1.66,1.66,1.66,1.66,0
2026-01-21 12:53:00,1.66,1.66,1.66,1.66,0
2026-01-21 12:54:00,1.66,1.66,1.66,1.66,0
2026-01-21 12:55:00,1.66,1.66,1.66,1.66,0
2026-01-21 12:56:00,1.66,1.66,1.66,1.66,0
2026-01-21 12:57:00,1.66,1.66,1.66,1.66,0
2026-01-21 12:58:00,1.66,1.66,1.66,1.66,0
2026-01-21 12:59:00,1.66,1.66,1.66,1.66,0
2026-01-21 13:00:00,1.66,1.66,1.66,1.66,0
2026-01-21 13:01:00,1.66,1.66,1.66,1.66,0
2026-01-21 13:02:00,1.66,1.66,1.66,1.66,0
2026-01-21 13:03:00,1.66,1.66,1.66,1.66,0
2026-01-21 13:04:00,1.66,1.66,1.66,1.66,0
2026-01-21 13:05:00,1.66,1.66,1.66,1.66,0
2026-01-21 13:06:00,1.66,1.66,1.66,1.66,0
2026-01-21 13:07:00,1.66,1.66,1.66,1.66,0
2026-01-21 13:08:00,1.66,1.66,1.66,1.66,0
2026-01-21 13:09:00,1.66,1.66,1.66,1.66,0
2026-01-21 13:10:00,1.66,1.66,1.66,1.66,0
2026-01-21 13:11:00,1.6584,1.6584,1.6584,1.6584,17
2026-01-21 13:12:00,1.6584,1.6584,1.6584,1.6584,0
2026-01-21 13:13:00,1.6584,1.6584,1.6584,1.6584,0
2026-01-21 13:14:00,1.6584,1.6584,1.6584,1.6584,0
2026-01-21 13:15:00,1.6584,1.6584,1.6584,1.6584,0
2026-01-21 13:16:00,1.6584,1.6584,1.6584,1.6584,0
2026-01-21 13:17:00,1.6584,1.6584,1.6584,1.6584,0
2026-01-21 13:18:00,1.6584,1.6584,1.6584,1.6584,0
2026-01-21 13:19:00,1.6584,1.6584,1.6584,1.6584,0
2026-01-21 13:20:00,1.6584,1.6584,1.6584,1.6584,0
2026-01-21 13:21:00,1.6584,1.6584,1.6584,1.6584,0
2026-01-21 13:22:00,1.6584,1.6584,1.6584,1.6584,0
2026-01-21 13:23:00,1.6584,1.6584,1.6584,1.6584,0
2026-01-21 13:24:00,1.6584,1.6584,1.6584,1.6584,0
2026-01-21 13:25:00,1.6584,1.6584,1.6584,1.6584,0
2026-01-21 13:26:00,1.6584,1.6584,1.6584,1.6584,0
2026-01-21 13:27:00,1.6584,1.6584,1.6584,1.6584,0
2026-01-21 13:28:00,1.6584,1.6584,1.6584,1.6584,0
2026-01-21 13:29:00,1.6584,1.6584,1.6584,1.6584,0
2026-01-21 13:30:00,1.64,1.64,1.64,1.64,5
2026-01-21 13:31:00,1.64,1.64,1.64,1.64,0
2026-01-21 13:32:00,1.64,1.64,1.64,1.64,0
2026-01-21 13:33:00,1.64,1.64,1.64,1.64,0
2026-01-21 13:34:00,1.64,1.64,1.64,1.64,0
2026-01-21 13:35:00,1.64,1.64,1.64,1.64,0
2026-01-21 13:36:00,1.64,1.64,1.64,1.64,0
2026-01-21 13:37:00,1.64,1.64,1.64,1.64,0
2026-01-21 13:38:00,1.64,1.64,1.64,1.64,0
2026-01-21 13:39:00,1.64,1.64,1.64,1.64,0
2026-01-21 13:40:00,1.64,1.64,1.64,1.64,0
2026-01-21 13:41:00,1.64,1.64,1.64,1.64,0
2026-01-21 13:42:00,1.64,1.64,1.64,1.64,0
2026-01-21 13:43:00,1.705,1.705,1.705,1.705,2
2026-01-21 13:44:00,1.67,1.67,1.67,1.67,1
2026-01-21 13:45:00,1.67,1.67,1.67,1.67,0
2026-01-21 13:46:00,1.67,1.67,1.67,1.67,0
2026-01-21 13:47:00,1.67,1.67,1.67,1.67,0
2026-01-21 13:48:00,1.67,1.67,1.67,1.67,0
2026-01-21 13:49:00,1.67,1.67,1.67,1.67,0
2026-01-21 13:50:00,1.67,1.67,1.67,1.67,0
2026-01-21 13:51:00,1.67,1.67,1.67,1.67,0
2026-01-21 13:52:00,1.67,1.67,1.67,1.67,0
2026-01-21 13:53:00,1.67,1.67,1.67,1.67,0
2026-01-21 13:54:00,1.67,1.67,1.67,1.67,0
2026-01-21 13:55:00,1.67,1.67,1.67,1.67,0
2026-01-21 13:56:00,1.67,1.67,1.67,1.67,0
2026-01-21 13:57:00,1.67,1.67,1.67,1.67,0
2026-01-21 13:58:00,1.67,1.67,1.67,1.67,0
2026-01-21 13:59:00,1.67,1.67,1.67,1.67,0
2026-01-21 14:00:00,1.67,1.67,1.67,1.67,0
2026-01-21 14:01:00,1.67,1.67,1.67,1.67,0
2026-01-21 14:02:00,1.72,1.72,1.72,1.72,1
2026-01-21 14:03:00,1.72,1.72,1.72,1.72,0
2026-01-21 14:04:00,1.72,1.72,1.72,1.72,1
2026-01-21 14:05:00,1.72,1.72,1.72,1.72,0
2026-01-21 14:06:00,1.72,1.72,1.72,1.72,0
2026-01-21 14:07:00,1.72,1.72,1.72,1.72,0
2026-01-21 14:08:00,1.72,1.72,1.72,1.72,0
2026-01-21 14:09:00,1.72,1.72,1.72,1.72,0
2026-01-21 14:10:00,1.72,1.72,1.72,1.72,0
2026-01-21 14:11:00,1.72,1.72,1.72,1.72,0
2026-01-21 14:12:00,1.72,1.72,1.72,1.72,0
2026-01-21 14:13:00,1.72,1.72,1.72,1.72,0
2026-01-21 14:14:00,1.72,1.72,1.72,1.72,0
2026-01-21 14:15:00,1.72,1.72,1.72,1.72,0
2026-01-21 14:16:00,1.75,1.75,1.75,1.75,29
2026-01-21 14:17:00,1.75,1.75,1.75,1.75,0
2026-01-21 14:18:00,1.75,1.75,1.75,1.75,0
2026-01-21 14:19:00,1.75,1.75,1.75,1.75,0
2026-01-21 14:20:00,1.75,1.75,1.75,1.75,0
2026-01-21 14:21:00,1.75,1.75,1.75,1.75,0
2026-01-21 14:22:00,1.75,1.75,1.75,1.75,0
2026-01-21 14:23:00,1.75,1.75,1.75,1.75,0
2026-01-21 14:24:00,1.75,1.75,1.75,1.75,0
2026-01-21 14:25:00,1.68,1.68,1.68,1.68,1
2026-01-21 14:26:00,1.68,1.68,1.68,1.68,0
2026-01-21 14:27:00,1.68,1.68,1.68,1.68,0
2026-01-21 14:28:00,1.68,1.68,1.68,1.68,0
2026-01-21 14:29:00,1.68,1.68,1.68,1.68,0
2026-01-21 14:30:00,1.68,1.68,1.68,1.68,0
2026-01-21 14:31:00,1.68,1.68,1.68,1.68,0
2026-01-21 14:32:00,1.68,1.68,1.68,1.68,0
2026-01-21 14:33:00,1.68,1.68,1.68,1.68,0
2026-01-21 14:34:00,1.7,1.71,1.7,1.71,4
2026-01-21 14:35:00,1.71,1.71,1.71,1.71,0
2026-01-21 14:36:00,1.71,1.71,1.71,1.71,0
2026-01-21 14:37:00,1.71,1.71,1.71,1.71,0
2026-01-21 14:38:00,1.71,1.71,1.71,1.71,0
2026-01-21 14:39:00,1.71,1.71,1.71,1.71,0
2026-01-21 14:40:00,1.71,1.71,1.71,1.71,0
2026-01-21 14:41:00,1.71,1.71,1.71,1.71,0
2026-01-21 14:42:00,1.71,1.71,1.71,1.71,0
2026-01-21 14:43:00,1.71,1.71,1.71,1.71,0
2026-01-21 14:44:00,1.71,1.71,1.71,1.71,0
2026-01-21 14:45:00,1.71,1.71,1.71,1.71,0
2026-01-21 14:46:00,1.71,1.71,1.71,1.71,0
2026-01-21 14:47:00,1.71,1.71,1.71,1.71,0
2026-01-21 14:48:00,1.71,1.71,1.71,1.71,0
2026-01-21 14:49:00,1.71,1.71,1.71,1.71,0
2026-01-21 14:50:00,1.71,1.71,1.71,1.71,0
2026-01-21 14:51:00,1.71,1.71,1.71,1.71,0
2026-01-21 14:52:00,1.71,1.71,1.71,1.71,0
2026-01-21 14:53:00,1.71,1.71,1.71,1.71,9
2026-01-21 14:54:00,1.71,1.71,1.71,1.71,0
2026-01-21 14:55:00,1.71,1.71,1.71,1.71,0
2026-01-21 14:56:00,1.71,1.71,1.71,1.71,0
2026-01-21 14:57:00,1.71,1.71,1.71,1.71,0
2026-01-21 14:58:00,1.71,1.71,1.71,1.71,0
2026-01-21 14:59:00,1.71,1.71,1.71,1.71,0
2026-01-21 15:00:00,1.71,1.71,1.71,1.71,0
2026-01-21 15:01:00,1.71,1.71,1.71,1.71,0
2026-01-21 15:02:00,1.71,1.71,1.71,1.71,0
2026-01-21 15:03:00,1.71,1.71,1.71,1.71,0
2026-01-21 15:04:00,1.71,1.71,1.71,1.71,0
2026-01-21 15:05:00,1.71,1.71,1.71,1.71,0
2026-01-21 15:06:00,1.71,1.71,1.71,1.71,0
2026-01-21 15:07:00,1.71,1.71,1.71,1.71,0
2026-01-21 15:08:00,1.71,1.71,1.71,1.71,0
2026-01-21 15:09:00,1.71,1.71,1.71,1.71,0
2026-01-21 15:10:00,1.71,1.71,1.71,1.71,0
2026-01-21 15:11:00,1.71,1.71,1.71,1.71,0
2026-01-21 15:12:00,1.71,1.71,1.71,1.71,0
2026-01-21 15:13:00,1.71,1.71,1.71,1.71,0
2026-01-21 15:14:00,1.71,1.71,1.71,1.71,2
2026-01-21 15:15:00,1.71,1.71,1.71,1.71,0
2026-01-21 15:16:00,1.71,1.71,1.71,1.71,0
2026-01-21 15:17:00,1.71,1.71,1.71,1.71,0
2026-01-21 15:18:00,1.71,1.71,1.71,1.71,0
2026-01-21 15:19:00,1.7,1.7,1.7,1.7,2
2026-01-21 15:20:00,1.7,1.7,1.7,1.7,0
2026-01-21 15:21:00,1.7,1.7,1.7,1.7,0
2026-01-21 15:22:00,1.7,1.7,1.7,1.7,0
2026-01-21 15:23:00,1.7,1.7,1.7,1.7,0
2026-01-21 15:24:00,1.7,1.7,1.7,1.7,0
2026-01-21 15:25:00,1.7,1.7,1.7,1.7,0
2026-01-21 15:26:00,1.7,1.7,1.7,1.7,0
2026-01-21 15:27:00,1.71,1.71,1.71,1.71,2
2026-01-21 15:28:00,1.71,1.71,1.71,1.71,0
2026-01-21 15:29:00,1.71,1.71,1.71,1.71,0
2026-01-21 15:30:00,1.71,1.71,1.71,1.71,0
2026-01-21 15:31:00,1.71,1.71,1.71,1.71,0
2026-01-21 15:32:00,1.71,1.71,1.71,1.71,0
2026-01-21 15:33:00,1.71,1.71,1.71,1.71,0
2026-01-21 15:34:00,1.71,1.71,1.71,1.71,0
2026-01-21 15:35:00,1.71,1.71,1.71,1.71,0
2026-01-21 15:36:00,1.71,1.71,1.71,1.71,0
2026-01-21 15:37:00,1.71,1.71,1.71,1.71,0
2026-01-21 15:38:00,1.71,1.71,1.71,1.71,0
2026-01-21 15:39:00,1.71,1.71,1.71,1.71,0
2026-01-21 15:40:00,1.71,1.71,1.71,1.71,0
2026-01-21 15:41:00,1.71,1.71,1.71,1.71,0
2026-01-21 15:42:00,1.71,1.71,1.71,1.71,0
2026-01-21 15:43:00,1.71,1.71,1.71,1.71,0
2026-01-21 15:44:00,1.71,1.71,1.71,1.71,0
2026-01-21 15:45:00,1.71,1.71,1.71,1.71,0
2026-01-21 15:46:00,1.71,1.71,1.71,1.71,0
2026-01-21 15:47:00,1.71,1.71,1.71,1.71,0
2026-01-21 15:48:00,1.71,1.71,1.71,1.71,0
2026-01-21 15:49:00,1.71,1.71,1.71,1.71,0
2026-01-21 15:50:00,1.71,1.71,1.71,1.71,0
2026-01-21 15:51:00,1.71,1.71,1.71,1.71,0
2026-01-21 15:52:00,1.71,1.71,1.71,1.71,0
2026-01-21 15:53:00,1.71,1.71,1.71,1.71,0
2026-01-21 15:54:00,1.71,1.71,1.71,1.71,0
2026-01-21 15:55:00,1.71,1.71,1.71,1.71,0
2026-01-21 15:56:00,1.71,1.71,1.71,1.71,0
2026-01-21 15:57:00,1.71,1.71,1.71,1.71,0
2026-01-21 15:58:00,1.71,1.71,1.71,1.71,0
2026-01-21 15:59:00,1.71,1.71,1.71,1.71,0
2026-01-22 09:30:00,1.71,1.71,1.71,1.71,0
2026-01-22 09:31:00,1.71,1.71,1.71,1.71,0
2026-01-22 09:32:00,1.71,1.71,1.71,1.71,0
2026-01-22 09:33:00,1.71,1.71,1.71,1.71,0
2026-01-22 09:34:00,1.71,1.71,1.71,1.71,0
2026-01-22 09:35:00,1.71,1.71,1.71,1.71,0
2026-01-22 09:36:00,1.71,1.71,1.71,1.71,0
2026-01-22 09:37:00,1.71,1.71,1.71,1.71,0
2026-01-22 09:38:00,1.71,1.71,1.71,1.71,0
2026-01-22 09:39:00,1.71,1.71,1.71,1.71,0
2026-01-22 09:40:00,1.71,1.71,1.71,1.71,0
2026-01-22 09:41:00,1.71,1.71,1.71,1.71,0
2026-01-22 09:42:00,1.71,1.71,1.71,1.71,0
2026-01-22 09:43:00,1.71,1.71,1.71,1.71,0
2026-01-22 09:44:00,1.71,1.71,1.71,1.71,0
2026-01-22 09:45:00,1.71,1.71,1.71,1.71,0
2026-01-22 09:46:00,1.71,1.71,1.71,1.71,0
2026-01-22 09:47:00,1.71,1.71,1.71,1.71,0
2026-01-22 09:48:00,1.71,1.71,1.71,1.71,0
2026-01-22 09:49:00,1.71,1.71,1.71,1.71,0
2026-01-22 09:50:00,1.71,1.71,1.71,1.71,0
2026-01-22 09:51:00,1.71,1.71,1.71,1.71,0
2026-01-22 09:52:00,1.71,1.71,1.71,1.71,0
2026-01-22 09:53:00,1.71,1.71,1.71,1.71,0
2026-01-22 09:54:00,1.71,1.71,1.71,1.71,0
2026-01-22 09:55:00,1.65,1.65,1.65,1.65,5
2026-01-22 09:56:00,1.65,1.65,1.65,1.65,5
2026-01-22 09:57:00,1.66,1.66,1.66,1.66,1
2026-01-22 09:58:00,1.67,1.67,1.66,1.66,23
2026-01-22 09:59:00,1.66,1.66,1.66,1.66,0
2026-01-22 10:00:00,1.66,1.66,1.66,1.66,0
2026-01-22 10:01:00,1.66,1.66,1.66,1.66,0
2026-01-22 10:02:00,1.66,1.66,1.66,1.66,0
2026-01-22 10:03:00,1.66,1.66,1.66,1.66,1
2026-01-22 10:04:00,1.66,1.66,1.66,1.66,4
2026-01-22 10:05:00,1.66,1.66,1.66,1.66,0
2026-01-22 10:06:00,1.66,1.66,1.66,1.66,0
2026-01-22 10:07:00,1.66,1.66,1.66,1.66,0
2026-01-22 10:08:00,1.66,1.66,1.66,1.66,0
2026-01-22 10:09:00,1.66,1.66,1.66,1.66,0
2026-01-22 10:10:00,1.66,1.66,1.66,1.66,0
2026-01-22 10:11:00,1.66,1.66,1.66,1.66,0
2026-01-22 10:12:00,1.66,1.66,1.66,1.66,0
2026-01-22 10:13:00,1.71,1.71,1.71,1.71,53
2026-01-22 10:14:00,1.7699,1.7699,1.7699,1.7699,30
2026-01-22 10:15:00,1.77,1.77,1.77,1.77,50
2026-01-22 10:16:00,1.6825,1.6825,1.6825,1.6825,17
2026-01-22 10:17:00,1.73,1.73,1.65,1.65,123
2026-01-22 10:18:00,1.65,1.65,1.65,1.65,0
2026-01-22 10:19:00,1.71,1.71,1.71,1.71,5
2026-01-22 10:20:00,1.71,1.71,1.71,1.71,0
2026-01-22 10:21:00,1.71,1.71,1.71,1.71,0
2026-01-22 10:22:00,1.71,1.71,1.71,1.71,0
2026-01-22 10:23:00,1.71,1.71,1.71,1.71,0
2026-01-22 10:24:00,1.71,1.71,1.71,1.71,0
2026-01-22 10:25:00,1.71,1.71,1.71,1.71,0
2026-01-22 10:26:00,1.71,1.71,1.71,1.71,0
2026-01-22 10:27:00,1.71,1.71,1.71,1.71,0
2026-01-22 10:28:00,1.6907,1.6907,1.6907,1.6907,2
2026-01-22 10:29:00,1.6907,1.6907,1.6907,1.6907,0
2026-01-22 10:30:00,1.6907,1.6907,1.6907,1.6907,0
2026-01-22 10:31:00,1.6907,1.6907,1.6907,1.6907,0
2026-01-22 10:32:00,1.6907,1.6907,1.6907,1.6907,0
2026-01-22 10:33:00,1.6907,1.6907,1.6907,1.6907,0
2026-01-22 10:34:00,1.6907,1.6907,1.6907,1.6907,0
2026-01-22 10:35:00,1.6907,1.6907,1.6907,1.6907,0
2026-01-22 10:36:00,1.72,1.72,1.72,1.72,1
2026-01-22 10:37:00,1.72,1.72,1.72,1.72,0
2026-01-22 10:38:00,1.72,1.72,1.72,1.72,0
2026-01-22 10:39:00,1.72,1.72,1.72,1.72,0
2026-01-22 10:40:00,1.72,1.72,1.72,1.72,0
2026-01-22 10:41:00,1.72,1.72,1.72,1.72,0
2026-01-22 10:42:00,1.72,1.72,1.72,1.72,0
2026-01-22 10:43:00,1.72,1.72,1.72,1.72,0
2026-01-22 10:44:00,1.72,1.72,1.72,1.72,0
2026-01-22 10:45:00,1.72,1.72,1.72,1.72,0
2026-01-22 10:46:00,1.72,1.72,1.72,1.72,0
2026-01-22 10:47:00,1.72,1.72,1.72,1.72,0
2026-01-22 10:48:00,1.724,1.724,1.724,1.724,3
2026-01-22 10:49:00,1.724,1.724,1.724,1.724,0
2026-01-22 10:50:00,1.724,1.724,1.724,1.724,0
2026-01-22 10:51:00,1.724,1.724,1.724,1.724,0
2026-01-22 10:52:00,1.724,1.724,1.724,1.724,0
2026-01-22 10:53:00,1.724,1.724,1.724,1.724,0
2026-01-22 10:54:00,1.724,1.724,1.724,1.724,0
2026-01-22 10:55:00,1.724,1.724,1.724,1.724,0
2026-01-22 10:56:00,1.724,1.724,1.724,1.724,0
2026-01-22 10:57:00,1.724,1.724,1.724,1.724,0
2026-01-22 10:58:00,1.724,1.724,1.724,1.724,0
2026-01-22 10:59:00,1.724,1.724,1.724,1.724,0
2026-01-22 11:00:00,1.724,1.724,1.724,1.724,0
2026-01-22 11:01:00,1.724,1.724,1.724,1.724,0
2026-01-22 11:02:00,1.724,1.724,1.724,1.724,0
2026-01-22 11:03:00,1.724,1.724,1.724,1.724,0
2026-01-22 11:04:00,1.724,1.724,1.724,1.724,0
2026-01-22 11:05:00,1.724,1.724,1.724,1.724,0
2026-01-22 11:06:00,1.724,1.724,1.724,1.724,0
2026-01-22 11:07:00,1.724,1.724,1.724,1.724,0
2026-01-22 11:08:00,1.724,1.724,1.724,1.724,0
2026-01-22 11:09:00,1.74,1.7545,1.74,1.7545,10
2026-01-22 11:10:00,1.7545,1.7545,1.7545,1.7545,0
2026-01-22 11:11:00,1.7545,1.7545,1.7545,1.7545,0
2026-01-22 11:12:00,1.7545,1.7545,1.7545,1.7545,0
2026-01-22 11:13:00,1.7545,1.7545,1.7545,1.7545,0
2026-01-22 11:14:00,1.7545,1.7545,1.7545,1.7545,0
2026-01-22 11:15:00,1.7545,1.7545,1.7545,1.7545,0
2026-01-22 11:16:00,1.7545,1.7545,1.7545,1.7545,0
2026-01-22 11:17:00,1.7545,1.7545,1.7545,1.7545,0
2026-01-22 11:18:00,1.7545,1.7545,1.7545,1.7545,0
2026-01-22 11:19:00,1.7545,1.7545,1.7545,1.7545,0
2026-01-22 11:20:00,1.7545,1.7545,1.7545,1.7545,0
2026-01-22 11:21:00,1.7545,1.7545,1.7545,1.7545,0
2026-01-22 11:22:00,1.7545,1.7545,1.7545,1.7545,0
2026-01-22 11:23:00,1.7545,1.7545,1.7545,1.7545,0
2026-01-22 11:24:00,1.7545,1.7545,1.7545,1.7545,0
2026-01-22 11:25:00,1.7545,1.7545,1.7545,1.7545,0
2026-01-22 11:26:00,1.7545,1.7545,1.7545,1.7545,0
2026-01-22 11:27:00,1.7545,1.7545,1.7545,1.7545,0
2026-01-22 11:28:00,1.7545,1.7545,1.7545,1.7545,0
2026-01-22 11:29:00,1.6704,1.72,1.6704,1.72,12
2026-01-22 11:30:00,1.72,1.72,1.72,1.72,0
2026-01-22 11:31:00,1.72,1.72,1.72,1.72,0
2026-01-22 11:32:00,1.72,1.72,1.72,1.72,0
2026-01-22 11:33:00,1.72,1.72,1.72,1.72,0
2026-01-22 11:34:00,1.72,1.72,1.72,1.72,0
2026-01-22 11:35:00,1.72,1.72,1.72,1.72,0
2026-01-22 11:36:00,1.72,1.72,1.72,1.72,0
2026-01-22 11:37:00,1.72,1.72,1.72,1.72,0
2026-01-22 11:38:00,1.72,1.72,1.72,1.72,0
2026-01-22 11:39:00,1.72,1.72,1.72,1.72,0
2026-01-22 11:40:00,1.72,1.72,1.72,1.72,0
2026-01-22 11:41:00,1.72,1.72,1.72,1.72,0
2026-01-22 11:42:00,1.72,1.72,1.72,1.72,0
2026-01-22 11:43:00,1.72,1.72,1.72,1.72,0
2026-01-22 11:44:00,1.72,1.72,1.72,1.72,0
2026-01-22 11:45:00,1.72,1.73,1.69,1.72,9
2026-01-22 11:46:00,1.72,1.72,1.72,1.72,0
2026-01-22 11:47:00,1.72,1.72,1.72,1.72,0
2026-01-22 11:48:00,1.72,1.72,1.72,1.72,0
2026-01-22 11:49:00,1.72,1.72,1.72,1.72,0
2026-01-22 11:50:00,1.72,1.72,1.72,1.72,0
2026-01-22 11:51:00,1.72,1.72,1.72,1.72,0
2026-01-22 11:52:00,1.72,1.72,1.72,1.72,0
2026-01-22 11:53:00,1.72,1.72,1.72,1.72,0
2026-01-22 11:54:00,1.72,1.72,1.72,1.72,0
2026-01-22 11:55:00,1.72,1.72,1.72,1.72,0
2026-01-22 11:56:00,1.72,1.72,1.72,1.72,1
2026-01-22 11:57:00,1.72,1.72,1.72,1.72,0
2026-01-22 11:58:00,1.72,1.72,1.72,1.72,0
2026-01-22 11:59:00,1.72,1.72,1.72,1.72,0
2026-01-22 12:00:00,1.72,1.72,1.72,1.72,0
2026-01-22 12:01:00,1.72,1.72,1.72,1.72,0
2026-01-22 12:02:00,1.72,1.72,1.72,1.72,0
2026-01-22 12:03:00,1.72,1.72,1.72,1.72,0
2026-01-22 12:04:00,1.72,1.72,1.72,1.72,0
2026-01-22 12:05:00,1.72,1.72,1.72,1.72,0
2026-01-22 12:06:00,1.72,1.72,1.72,1.72,0
2026-01-22 12:07:00,1.72,1.72,1.72,1.72,0
2026-01-22 12:08:00,1.72,1.72,1.72,1.72,0
2026-01-22 12:09:00,1.72,1.72,1.72,1.72,0
2026-01-22 12:10:00,1.72,1.72,1.72,1.72,0
2026-01-22 12:11:00,1.72,1.72,1.72,1.72,0
2026-01-22 12:12:00,1.72,1.72,1.72,1.72,0
2026-01-22 12:13:00,1.72,1.72,1.72,1.72,0
2026-01-22 12:14:00,1.72,1.72,1.72,1.72,0
2026-01-22 12:15:00,1.72,1.72,1.72,1.72,0
2026-01-22 12:16:00,1.72,1.72,1.72,1.72,0
2026-01-22 12:17:00,1.72,1.72,1.72,1.72,0
2026-01-22 12:18:00,1.72,1.72,1.72,1.72,0
2026-01-22 12:19:00,1.72,1.72,1.72,1.72,0
2026-01-22 12:20:00,1.72,1.72,1.72,1.72,0
2026-01-22 12:21:00,1.72,1.72,1.72,1.72,0
2026-01-22 12:22:00,1.72,1.72,1.72,1.72,0
2026-01-22 12:23:00,1.72,1.72,1.72,1.72,0
2026-01-22 12:24:00,1.72,1.72,1.72,1.72,0
2026-01-22 12:25:00,1.72,1.72,1.72,1.72,0
2026-01-22 12:26:00,1.72,1.72,1.72,1.72,0
2026-01-22 12:27:00,1.72,1.72,1.72,1.72,0
2026-01-22 12:28:00,1.72,1.72,1.72,1.72,0
2026-01-22 12:29:00,1.72,1.72,1.72,1.72,0
2026-01-22 12:30:00,1.72,1.72,1.72,1.72,0
2026-01-22 12:31:00,1.72,1.72,1.72,1.72,0
2026-01-22 12:32:00,1.72,1.72,1.72,1.72,2
2026-01-22 12:33:00,1.72,1.72,1.72,1.72,0
2026-01-22 12:34:00,1.72,1.72,1.72,1.72,0
2026-01-22 12:35:00,1.72,1.72,1.72,1.72,0
2026-01-22 12:36:00,1.72,1.72,1.72,1.72,0
2026-01-22 12:37:00,1.72,1.72,1.72,1.72,0
2026-01-22 12:38:00,1.72,1.72,1.72,1.72,0
2026-01-22 12:39:00,1.72,1.72,1.72,1.72,0
2026-01-22 12:40:00,1.72,1.72,1.72,1.72,0
2026-01-22 12:41:00,1.72,1.72,1.72,1.72,0
2026-01-22 12:42:00,1.72,1.72,1.72,1.72,0
2026-01-22 12:43:00,1.72,1.72,1.72,1.72,0
2026-01-22 12:44:00,1.705,1.705,1.705,1.705,2
2026-01-22 12:45:00,1.705,1.7099,1.705,1.7099,2
2026-01-22 12:46:00,1.7099,1.7099,1.7099,1.7099,0
2026-01-22 12:47:00,1.7099,1.7099,1.7099,1.7099,0
2026-01-22 12:48:00,1.7099,1.7099,1.7099,1.7099,0
2026-01-22 12:49:00,1.7099,1.7099,1.7099,1.7099,0
2026-01-22 12:50:00,1.7099,1.7099,1.7099,1.7099,0
2026-01-22 12:51:00,1.7099,1.7099,1.7099,1.7099,0
2026-01-22 12:52:00,1.7099,1.7099,1.7099,1.7099,0
2026-01-22 12:53:00,1.71,1.71,1.71,1.71,14
2026-01-22 12:54:00,1.71,1.71,1.71,1.71,0
2026-01-22 12:55:00,1.71,1.71,1.71,1.71,0
2026-01-22 12:56:00,1.71,1.71,1.71,1.71,0
2026-01-22 12:57:00,1.71,1.71,1.71,1.71,0
2026-01-22 12:58:00,1.71,1.71,1.71,1.71,0
2026-01-22 12:59:00,1.715,1.715,1.715,1.715,2
2026-01-22 13:00:00,1.715,1.715,1.715,1.715,0
2026-01-22 13:01:00,1.715,1.715,1.715,1.715,0
2026-01-22 13:02:00,1.715,1.715,1.715,1.715,0
2026-01-22 13:03:00,1.715,1.715,1.715,1.715,0
2026-01-22 13:04:00,1.715,1.715,1.715,1.715,0
2026-01-22 13:05:00,1.715,1.715,1.715,1.715,0
2026-01-22 13:06:00,1.715,1.715,1.715,1.715,0
2026-01-22 13:07:00,1.715,1.715,1.715,1.715,0
2026-01-22 13:08:00,1.715,1.715,1.715,1.715,0
2026-01-22 13:09:00,1.715,1.715,1.715,1.715,0
2026-01-22 13:10:00,1.715,1.715,1.715,1.715,0
2026-01-22 13:11:00,1.715,1.715,1.715,1.715,0
2026-01-22 13:12:00,1.715,1.715,1.715,1.715,0
2026-01-22 13:13:00,1.7378,1.7378,1.7378,1.7378,2
2026-01-22 13:14:00,1.7,1.7,1.7,1.7,2
2026-01-22 13:15:00,1.7,1.7,1.7,1.7,0
2026-01-22 13:16:00,1.7,1.7,1.7,1.7,0
2026-01-22 13:17:00,1.7,1.7,1.7,1.7,0
2026-01-22 13:18:00,1.7,1.7,1.7,1.7,0
2026-01-22 13:19:00,1.7,1.7,1.7,1.7,0
2026-01-22 13:20:00,1.7,1.7,1.7,1.7,0
2026-01-22 13:21:00,1.7,1.7,1.7,1.7,0
2026-01-22 13:22:00,1.7,1.7,1.7,1.7,0
2026-01-22 13:23:00,1.7,1.7,1.7,1.7,0
2026-01-22 13:24:00,1.7,1.7,1.7,1.7,0
2026-01-22 13:25:00,1.7,1.7,1.7,1.7,0
2026-01-22 13:26:00,1.7,1.7,1.7,1.7,0
2026-01-22 13:27:00,1.7,1.7,1.7,1.7,0
2026-01-22 13:28:00,1.7,1.7,1.7,1.7,0
2026-01-22 13:29:00,1.7,1.7,1.7,1.7,0
2026-01-22 13:30:00,1.7,1.7,1.7,1.7,0
2026-01-22 13:31:00,1.7,1.7,1.7,1.7,0
2026-01-22 13:32:00,1.7,1.7,1.7,1.7,0
2026-01-22 13:33:00,1.7,1.7,1.7,1.7,0
2026-01-22 13:34:00,1.7,1.7,1.7,1.7,0
2026-01-22 13:35:00,1.7,1.7,1.7,1.7,0
2026-01-22 13:36:00,1.7,1.7,1.7,1.7,0
2026-01-22 13:37:00,1.7,1.7,1.7,1.7,0
2026-01-22 13:38:00,1.7,1.7,1.7,1.7,0
2026-01-22 13:39:00,1.7,1.7,1.7,1.7,0
2026-01-22 13:40:00,1.7,1.7,1.7,1.7,0
2026-01-22 13:41:00,1.7,1.7,1.7,1.7,0
2026-01-22 13:42:00,1.7,1.7,1.7,1.7,0
2026-01-22 13:43:00,1.7,1.7,1.7,1.7,0
2026-01-22 13:44:00,1.7,1.7,1.7,1.7,0
2026-01-22 13:45:00,1.7,1.7,1.7,1.7,0
2026-01-22 13:46:00,1.7,1.7,1.7,1.7,0
2026-01-22 13:47:00,1.7,1.7,1.7,1.7,0
2026-01-22 13:48:00,1.7,1.7,1.7,1.7,0
2026-01-22 13:49:00,1.7,1.7,1.7,1.7,0
2026-01-22 13:50:00,1.7,1.7,1.7,1.7,0
2026-01-22 13:51:00,1.7,1.7,1.7,1.7,0
2026-01-22 13:52:00,1.7,1.7,1.7,1.7,0
2026-01-22 13:53:00,1.7,1.7,1.7,1.7,0
2026-01-22 13:54:00,1.7,1.7,1.7,1.7,0
2026-01-22 13:55:00,1.7,1.7,1.7,1.7,0
2026-01-22 13:56:00,1.7,1.7,1.7,1.7,0
2026-01-22 13:57:00,1.7,1.7,1.7,1.7,0
2026-01-22 13:58:00,1.7,1.7,1.7,1.7,0
2026-01-22 13:59:00,1.7,1.7,1.7,1.7,2
2026-01-22 14:00:00,1.7,1.7,1.7,1.7,0
2026-01-22 14:01:00,1.7,1.7,1.7,1.7,0
2026-01-22 14:02:00,1.7,1.7,1.7,1.7,0
2026-01-22 14:03:00,1.7,1.7,1.7,1.7,0
2026-01-22 14:04:00,1.7,1.7,1.7,1.7,0
2026-01-22 14:05:00,1.7,1.7,1.7,1.7,0
2026-01-22 14:06:00,1.7,1.7,1.7,1.7,0
2026-01-22 14:07:00,1.7,1.7,1.7,1.7,0
2026-01-22 14:08:00,1.7,1.7,1.7,1.7,0
2026-01-22 14:09:00,1.7,1.7,1.7,1.7,0
2026-01-22 14:10:00,1.7,1.7,1.7,1.7,0
2026-01-22 14:11:00,1.7,1.7,1.7,1.7,0
2026-01-22 14:12:00,1.7,1.7,1.7,1.7,0
2026-01-22 14:13:00,1.7,1.7,1.7,1.7,0
2026-01-22 14:14:00,1.7,1.7,1.7,1.7,0
2026-01-22 14:15:00,1.7,1.7,1.7,1.7,0
2026-01-22 14:16:00,1.7,1.7,1.7,1.7,0
2026-01-22 14:17:00,1.7,1.7,1.7,1.7,0
2026-01-22 14:18:00,1.7,1.7,1.7,1.7,0
2026-01-22 14:19:00,1.7,1.7,1.7,1.7,0
2026-01-22 14:20:00,1.7,1.7,1.7,1.7,0
2026-01-22 14:21:00,1.7,1.7,1.7,1.7,0
2026-01-22 14:22:00,1.7,1.7,1.7,1.7,0
2026-01-22 14:23:00,1.7,1.7,1.7,1.7,0
2026-01-22 14:24:00,1.7,1.7,1.7,1.7,0
2026-01-22 14:25:00,1.7,1.7,1.7,1.7,0
2026-01-22 14:26:00,1.7,1.7,1.7,1.7,0
2026-01-22 14:27:00,1.7,1.7,1.7,1.7,0
2026-01-22 14:28:00,1.7,1.7,1.7,1.7,0
2026-01-22 14:29:00,1.7,1.7,1.7,1.7,0
2026-01-22 14:30:00,1.7,1.7,1.7,1.7,0
2026-01-22 14:31:00,1.7,1.7,1.7,1.7,0
2026-01-22 14:32:00,1.7,1.7,1.7,1.7,0
2026-01-22 14:33:00,1.7,1.7,1.7,1.7,0
2026-01-22 14:34:00,1.7,1.7,1.7,1.7,0
2026-01-22 14:35:00,1.7,1.7,1.7,1.7,0
2026-01-22 14:36:00,1.7,1.7,1.7,1.7,0
2026-01-22 14:37:00,1.7,1.7,1.7,1.7,0
2026-01-22 14:38:00,1.7,1.7,1.7,1.7,0
2026-01-22 14:39:00,1.7,1.7,1.7,1.7,0
2026-01-22 14:40:00,1.7,1.7,1.7,1.7,0
2026-01-22 14:41:00,1.7,1.7,1.7,1.7,0
2026-01-22 14:42:00,1.7,1.7,1.7,1.7,0
2026-01-22 14:43:00,1.7,1.7,1.7,1.7,0
2026-01-22 14:44:00,1.7,1.7,1.7,1.7,0
2026-01-22 14:45:00,1.7,1.7,1.7,1.7,0
2026-01-22 14:46:00,1.7,1.7,1.7,1.7,0
2026-01-22 14:47:00,1.7,1.7,1.7,1.7,0
2026-01-22 14:48:00,1.7,1.7,1.7,1.7,0
2026-01-22 14:49:00,1.7,1.7,1.7,1.7,0
2026-01-22 14:50:00,1.7,1.7,1.7,1.7,0
2026-01-22 14:51:00,1.7,1.7,1.7,1.7,0
2026-01-22 14:52:00,1.7,1.7,1.7,1.7,0
2026-01-22 14:53:00,1.7,1.7,1.7,1.7,0
2026-01-22 14:54:00,1.7,1.7,1.7,1.7,0
2026-01-22 14:55:00,1.7,1.7,1.7,1.7,0
2026-01-22 14:56:00,1.7,1.7,1.7,1.7,0
2026-01-22 14:57:00,1.7,1.7,1.7,1.7,0
2026-01-22 14:58:00,1.7,1.7,1.7,1.7,0
2026-01-22 14:59:00,1.7,1.7,1.7,1.7,0
2026-01-22 15:00:00,1.7,1.7,1.7,1.7,0
2026-01-22 15:01:00,1.7,1.7,1.7,1.7,0
2026-01-22 15:02:00,1.7,1.7,1.7,1.7,0
2026-01-22 15:03:00,1.7,1.7,1.7,1.7,0
2026-01-22 15:04:00,1.7,1.7,1.7,1.7,0
2026-01-22 15:05:00,1.7,1.7,1.7,1.7,0
2026-01-22 15:06:00,1.7,1.7,1.7,1.7,0
2026-01-22 15:07:00,1.7,1.7,1.7,1.7,0
2026-01-22 15:08:00,1.7,1.7,1.7,1.7,0
2026-01-22 15:09:00,1.7,1.7,1.7,1.7,0
2026-01-22 15:10:00,1.7,1.7,1.7,1.7,0
2026-01-22 15:11:00,1.7,1.7,1.7,1.7,0
2026-01-22 15:12:00,1.7,1.7,1.7,1.7,0
2026-01-22 15:13:00,1.7,1.7,1.7,1.7,0
2026-01-22 15:14:00,1.7,1.7,1.7,1.7,0
2026-01-22 15:15:00,1.7,1.7,1.7,1.7,0
2026-01-22 15:16:00,1.7,1.7,1.7,1.7,0
2026-01-22 15:17:00,1.7,1.7,1.7,1.7,0
2026-01-22 15:18:00,1.7,1.7,1.7,1.7,0
2026-01-22 15:19:00,1.7,1.7,1.7,1.7,0
2026-01-22 15:20:00,1.7,1.7,1.7,1.7,0
2026-01-22 15:21:00,1.7,1.7,1.7,1.7,0
2026-01-22 15:22:00,1.7,1.7,1.7,1.7,0
2026-01-22 15:23:00,1.7,1.7,1.7,1.7,0
2026-01-22 15:24:00,1.7,1.7,1.7,1.7,0
2026-01-22 15:25:00,1.7,1.7,1.7,1.7,0
2026-01-22 15:26:00,1.7,1.7,1.7,1.7,0
2026-01-22 15:27:00,1.7,1.7,1.7,1.7,0
2026-01-22 15:28:00,1.7,1.7,1.7,1.7,0
2026-01-22 15:29:00,1.7,1.7,1.7,1.7,0
2026-01-22 15:30:00,1.7,1.7,1.7,1.7,0
2026-01-22 15:31:00,1.7,1.7,1.7,1.7,0
2026-01-22 15:32:00,1.7,1.7,1.7,1.7,0
2026-01-22 15:33:00,1.7,1.7,1.7,1.7,0
2026-01-22 15:34:00,1.7,1.7,1.7,1.7,0
2026-01-22 15:35:00,1.7,1.7,1.7,1.7,0
2026-01-22 15:36:00,1.7,1.7,1.7,1.7,0
2026-01-22 15:37:00,1.7,1.7,1.7,1.7,0
2026-01-22 15:38:00,1.7,1.7,1.7,1.7,0
2026-01-22 15:39:00,1.7,1.7,1.7,1.7,0
2026-01-22 15:40:00,1.7006,1.7006,1.7006,1.7006,10
2026-01-22 15:41:00,1.7006,1.7006,1.7006,1.7006,0
2026-01-22 15:42:00,1.7006,1.7006,1.7006,1.7006,0
2026-01-22 15:43:00,1.7006,1.7006,1.7006,1.7006,0
2026-01-22 15:44:00,1.7006,1.7006,1.7006,1.7006,0
2026-01-22 15:45:00,1.7006,1.7006,1.7006,1.7006,0
2026-01-22 15:46:00,1.7006,1.7006,1.7006,1.7006,0
2026-01-22 15:47:00,1.7006,1.7006,1.7006,1.7006,0
2026-01-22 15:48:00,1.7006,1.7006,1.7006,1.7006,0
2026-01-22 15:49:00,1.7006,1.7006,1.7006,1.7006,0
2026-01-22 15:50:00,1.7006,1.7006,1.7006,1.7006,0
2026-01-22 15:51:00,1.7006,1.7006,1.7006,1.7006,0
2026-01-22 15:52:00,1.7006,1.7006,1.7006,1.7006,0
2026-01-22 15:53:00,1.7006,1.7006,1.7006,1.7006,0
2026-01-22 15:54:00,1.7006,1.7006,1.7006,1.7006,0
2026-01-22 15:55:00,1.7006,1.7006,1.7006,1.7006,0
2026-01-22 15:56:00,1.7006,1.7006,1.7006,1.7006,0
2026-01-22 15:57:00,1.7006,1.7006,1.7006,1.7006,0
2026-01-22 15:58:00,1.7006,1.7006,1.7006,1.7006,0
2026-01-22 15:59:00,1.7,1.7,1.7,1.7,1
2026-01-23 09:30:00,1.73,1.73,1.73,1.73,3
2026-01-23 09:31:00,1.73,1.73,1.73,1.73,0
2026-01-23 09:32:00,1.73,1.73,1.73,1.73,0
2026-01-23 09:33:00,1.73,1.73,1.73,1.73,0
2026-01-23 09:34:00,1.73,1.73,1.73,1.73,0
2026-01-23 09:35:00,1.73,1.73,1.73,1.73,0
2026-01-23 09:36:00,1.73,1.73,1.73,1.73,0
2026-01-23 09:37:00,1.73,1.73,1.73,1.73,0
2026-01-23 09:38:00,1.73,1.73,1.73,1.73,0
2026-01-23 09:39:00,1.73,1.73,1.73,1.73,0
2026-01-23 09:40:00,1.73,1.73,1.73,1.73,0
2026-01-23 09:41:00,1.7,1.7,1.7,1.7,6
2026-01-23 09:42:00,1.7,1.7,1.7,1.7,0
2026-01-23 09:43:00,1.7,1.7,1.7,1.7,0
2026-01-23 09:44:00,1.7,1.7,1.7,1.7,0
2026-01-23 09:45:00,1.72,1.75,1.72,1.75,11
2026-01-23 09:46:00,1.75,1.75,1.75,1.75,0
2026-01-23 09:47:00,1.75,1.75,1.75,1.75,0
2026-01-23 09:48:00,1.7154,1.7154,1.7154,1.7154,5
2026-01-23 09:49:00,1.7154,1.7154,1.7154,1.7154,0
2026-01-23 09:50:00,1.7154,1.7154,1.7154,1.7154,0
2026-01-23 09:51:00,1.7154,1.7154,1.7154,1.7154,0
2026-01-23 09:52:00,1.7154,1.7154,1.7154,1.7154,0
2026-01-23 09:53:00,1.7154,1.7154,1.7154,1.7154,0
2026-01-23 09:54:00,1.7154,1.7154,1.7154,1.7154,0
2026-01-23 09:55:00,1.7154,1.7154,1.7154,1.7154,0
2026-01-23 09:56:00,1.7154,1.7154,1.7154,1.7154,0
2026-01-23 09:57:00,1.7154,1.7154,1.7154,1.7154,0
2026-01-23 09:58:00,1.7154,1.7154,1.7154,1.7154,0
2026-01-23 09:59:00,1.7154,1.7154,1.7154,1.7154,0
2026-01-23 10:00:00,1.7154,1.7154,1.7154,1.7154,0
2026-01-23 10:01:00,1.7154,1.7154,1.7154,1.7154,0
2026-01-23 10:02:00,1.7154,1.7154,1.7154,1.7154,0
2026-01-23 10:03:00,1.7154,1.7154,1.7154,1.7154,0
2026-01-23 10:04:00,1.7154,1.7154,1.7154,1.7154,0
2026-01-23 10:05:00,1.7154,1.7154,1.7154,1.7154,0
2026-01-23 10:06:00,1.7154,1.7154,1.7154,1.7154,0
2026-01-23 10:07:00,1.7154,1.7154,1.7154,1.7154,0
2026-01-23 10:08:00,1.7154,1.7154,1.7154,1.7154,0
2026-01-23 10:09:00,1.7154,1.7154,1.7154,1.7154,0
2026-01-23 10:10:00,1.7154,1.7154,1.7154,1.7154,0
2026-01-23 10:11:00,1.7154,1.7154,1.7154,1.7154,0
2026-01-23 10:12:00,1.7154,1.7154,1.7154,1.7154,0
2026-01-23 10:13:00,1.7154,1.7154,1.7154,1.7154,0
2026-01-23 10:14:00,1.7154,1.7154,1.7154,1.7154,0
2026-01-23 10:15:00,1.7154,1.7154,1.7154,1.7154,0
2026-01-23 10:16:00,1.7154,1.7154,1.7154,1.7154,0
2026-01-23 10:17:00,1.7154,1.7154,1.7154,1.7154,0
2026-01-23 10:18:00,1.7154,1.7154,1.7154,1.7154,0
2026-01-23 10:19:00,1.7154,1.7154,1.7154,1.7154,0
2026-01-23 10:20:00,1.7154,1.7154,1.7154,1.7154,0
2026-01-23 10:21:00,1.7154,1.7154,1.7154,1.7154,0
2026-01-23 10:22:00,1.7154,1.7154,1.7154,1.7154,0
2026-01-23 10:23:00,1.7154,1.7154,1.7154,1.7154,0
2026-01-23 10:24:00,1.7154,1.7154,1.7154,1.7154,0
2026-01-23 10:25:00,1.7651,1.7651,1.7651,1.7651,1
2026-01-23 10:26:00,1.7651,1.7651,1.7651,1.7651,0
2026-01-23 10:27:00,1.7651,1.7651,1.7651,1.7651,1
2026-01-23 10:28:00,1.7651,1.7651,1.7651,1.7651,0
2026-01-23 10:29:00,1.7651,1.7651,1.7651,1.7651,0
2026-01-23 10:30:00,1.7651,1.7651,1.7651,1.7651,0
2026-01-23 10:31:00,1.7651,1.7651,1.7651,1.7651,0
2026-01-23 10:32:00,1.7651,1.7651,1.7651,1.7651,0
2026-01-23 10:33:00,1.754,1.754,1.754,1.754,2
2026-01-23 10:34:00,1.754,1.754,1.754,1.754,0
2026-01-23 10:35:00,1.754,1.754,1.754,1.754,0
2026-01-23 10:36:00,1.754,1.754,1.754,1.754,0
2026-01-23 10:37:00,1.754,1.754,1.754,1.754,0
2026-01-23 10:38:00,1.754,1.754,1.754,1.754,0
2026-01-23 10:39:00,1.754,1.754,1.754,1.754,0
2026-01-23 10:40:00,1.754,1.754,1.754,1.754,0
2026-01-23 10:41:00,1.754,1.754,1.754,1.754,0
2026-01-23 10:42:00,1.754,1.754,1.754,1.754,0
2026-01-23 10:43:00,1.754,1.754,1.754,1.754,0
2026-01-23 10:44:00,1.754,1.754,1.754,1.754,0
2026-01-23 10:45:00,1.754,1.754,1.754,1.754,0
2026-01-23 10:46:00,1.754,1.754,1.754,1.754,0
2026-01-23 10:47:00,1.754,1.754,1.754,1.754,0
2026-01-23 10:48:00,1.754,1.754,1.754,1.754,0
2026-01-23 10:49:00,1.754,1.754,1.754,1.754,0
2026-01-23 10:50:00,1.754,1.754,1.754,1.754,0
2026-01-23 10:51:00,1.754,1.754,1.754,1.754,0
2026-01-23 10:52:00,1.754,1.754,1.754,1.754,0
2026-01-23 10:53:00,1.754,1.754,1.754,1.754,0
2026-01-23 10:54:00,1.754,1.754,1.754,1.754,0
2026-01-23 10:55:00,1.754,1.754,1.754,1.754,0
2026-01-23 10:56:00,1.754,1.754,1.754,1.754,0
2026-01-23 10:57:00,1.7465,1.7465,1.7465,1.7465,2
2026-01-23 10:58:00,1.72,1.72,1.72,1.72,5
2026-01-23 10:59:00,1.72,1.72,1.72,1.72,19
2026-01-23 11:00:00,1.72,1.72,1.72,1.72,0
2026-01-23 11:01:00,1.72,1.72,1.72,1.72,0
2026-01-23 11:02:00,1.72,1.72,1.72,1.72,0
2026-01-23 11:03:00,1.72,1.72,1.72,1.72,0
2026-01-23 11:04:00,1.72,1.72,1.72,1.72,0
2026-01-23 11:05:00,1.72,1.72,1.72,1.72,0
2026-01-23 11:06:00,1.72,1.72,1.72,1.72,0
2026-01-23 11:07:00,1.72,1.72,1.72,1.72,0
2026-01-23 11:08:00,1.72,1.72,1.72,1.72,0
2026-01-23 11:09:00,1.72,1.72,1.72,1.72,0
2026-01-23 11:10:00,1.72,1.72,1.72,1.72,0
2026-01-23 11:11:00,1.72,1.72,1.72,1.72,0
2026-01-23 11:12:00,1.72,1.72,1.72,1.72,0
2026-01-23 11:13:00,1.72,1.72,1.72,1.72,0
2026-01-23 11:14:00,1.72,1.72,1.72,1.72,0
2026-01-23 11:15:00,1.72,1.72,1.72,1.72,0
2026-01-23 11:16:00,1.72,1.72,1.72,1.72,0
2026-01-23 11:17:00,1.72,1.72,1.72,1.72,0
2026-01-23 11:18:00,1.72,1.72,1.72,1.72,0
2026-01-23 11:19:00,1.72,1.72,1.72,1.72,0
2026-01-23 11:20:00,1.72,1.72,1.72,1.72,0
2026-01-23 11:21:00,1.72,1.72,1.72,1.72,0
2026-01-23 11:22:00,1.72,1.72,1.72,1.72,0
2026-01-23 11:23:00,1.72,1.72,1.72,1.72,0
2026-01-23 11:24:00,1.72,1.72,1.72,1.72,0
2026-01-23 11:25:00,1.72,1.72,1.72,1.72,0
2026-01-23 11:26:00,1.72,1.72,1.72,1.72,0
2026-01-23 11:27:00,1.72,1.72,1.72,1.72,0
2026-01-23 11:28:00,1.72,1.72,1.72,1.72,0
2026-01-23 11:29:00,1.72,1.72,1.72,1.72,0
2026-01-23 11:30:00,1.72,1.72,1.72,1.72,0
2026-01-23 11:31:00,1.72,1.72,1.72,1.72,0
2026-01-23 11:32:00,1.72,1.72,1.72,1.72,0
2026-01-23 11:33:00,1.72,1.72,1.72,1.72,0
2026-01-23 11:34:00,1.72,1.72,1.72,1.72,0
2026-01-23 11:35:00,1.72,1.72,1.72,1.72,0
2026-01-23 11:36:00,1.72,1.72,1.72,1.72,0
2026-01-23 11:37:00,1.72,1.72,1.72,1.72,0
2026-01-23 11:38:00,1.72,1.72,1.72,1.72,0
2026-01-23 11:39:00,1.72,1.72,1.72,1.72,0
2026-01-23 11:40:00,1.72,1.72,1.72,1.72,0
2026-01-23 11:41:00,1.72,1.72,1.72,1.72,0
2026-01-23 11:42:00,1.72,1.72,1.72,1.72,0
2026-01-23 11:43:00,1.72,1.72,1.72,1.72,0
2026-01-23 11:44:00,1.72,1.72,1.72,1.72,0
2026-01-23 11:45:00,1.72,1.72,1.72,1.72,0
2026-01-23 11:46:00,1.72,1.72,1.72,1.72,0
2026-01-23 11:47:00,1.73,1.73,1.73,1.73,8
2026-01-23 11:48:00,1.73,1.73,1.73,1.73,0
2026-01-23 11:49:00,1.73,1.73,1.73,1.73,0
2026-01-23 11:50:00,1.73,1.73,1.73,1.73,0
2026-01-23 11:51:00,1.73,1.73,1.73,1.73,0
2026-01-23 11:52:00,1.73,1.73,1.73,1.73,0
2026-01-23 11:53:00,1.73,1.73,1.73,1.73,0
2026-01-23 11:54:00,1.73,1.73,1.73,1.73,0
2026-01-23 11:55:00,1.73,1.73,1.73,1.73,0
2026-01-23 11:56:00,1.73,1.73,1.73,1.73,0
2026-01-23 11:57:00,1.73,1.73,1.73,1.73,0
2026-01-23 11:58:00,1.73,1.73,1.73,1.73,0
2026-01-23 11:59:00,1.73,1.73,1.73,1.73,0
2026-01-23 12:00:00,1.73,1.73,1.73,1.73,0
2026-01-23 12:01:00,1.73,1.73,1.73,1.73,0
2026-01-23 12:02:00,1.73,1.73,1.73,1.73,0
2026-01-23 12:03:00,1.73,1.73,1.73,1.73,0
2026-01-23 12:04:00,1.73,1.73,1.73,1.73,0
2026-01-23 12:05:00,1.73,1.73,1.73,1.73,0
2026-01-23 12:06:00,1.73,1.73,1.73,1.73,0
2026-01-23 12:07:00,1.73,1.73,1.73,1.73,0
2026-01-23 12:08:00,1.73,1.73,1.73,1.73,0
2026-01-23 12:09:00,1.73,1.73,1.73,1.73,0
2026-01-23 12:10:00,1.73,1.73,1.73,1.73,0
2026-01-23 12:11:00,1.73,1.73,1.73,1.73,0
2026-01-23 12:12:00,1.73,1.73,1.73,1.73,0
2026-01-23 12:13:00,1.73,1.73,1.73,1.73,0
2026-01-23 12:14:00,1.73,1.73,1.73,1.73,0
2026-01-23 12:15:00,1.73,1.73,1.73,1.73,0
2026-01-23 12:16:00,1.73,1.73,1.73,1.73,0
2026-01-23 12:17:00,1.73,1.73,1.73,1.73,0
2026-01-23 12:18:00,1.73,1.73,1.73,1.73,0
2026-01-23 12:19:00,1.73,1.73,1.73,1.73,0
2026-01-23 12:20:00,1.73,1.73,1.73,1.73,0
2026-01-23 12:21:00,1.73,1.73,1.73,1.73,0
2026-01-23 12:22:00,1.73,1.73,1.73,1.73,0
2026-01-23 12:23:00,1.73,1.73,1.73,1.73,0
2026-01-23 12:24:00,1.73,1.73,1.73,1.73,1
2026-01-23 12:25:00,1.73,1.73,1.73,1.73,0
2026-01-23 12:26:00,1.73,1.73,1.73,1.73,0
2026-01-23 12:27:00,1.73,1.73,1.73,1.73,0
2026-01-23 12:28:00,1.73,1.73,1.73,1.73,0
2026-01-23 12:29:00,1.73,1.73,1.73,1.73,0
2026-01-23 12:30:00,1.73,1.73,1.73,1.73,0
2026-01-23 12:31:00,1.73,1.73,1.73,1.73,0
2026-01-23 12:32:00,1.73,1.73,1.73,1.73,0
2026-01-23 12:33:00,1.73,1.73,1.73,1.73,0
2026-01-23 12:34:00,1.73,1.73,1.73,1.73,0
2026-01-23 12:35:00,1.73,1.73,1.73,1.73,0
2026-01-23 12:36:00,1.73,1.73,1.73,1.73,0
2026-01-23 12:37:00,1.73,1.73,1.73,1.73,0
2026-01-23 12:38:00,1.73,1.73,1.73,1.73,0
2026-01-23 12:39:00,1.73,1.73,1.73,1.73,0
2026-01-23 12:40:00,1.73,1.73,1.73,1.73,0
2026-01-23 12:41:00,1.73,1.73,1.73,1.73,0
2026-01-23 12:42:00,1.73,1.73,1.73,1.73,0
2026-01-23 12:43:00,1.73,1.73,1.73,1.73,0
2026-01-23 12:44:00,1.73,1.73,1.73,1.73,0
2026-01-23 12:45:00,1.73,1.73,1.73,1.73,0
2026-01-23 12:46:00,1.73,1.73,1.73,1.73,0
2026-01-23 12:47:00,1.73,1.73,1.73,1.73,0
2026-01-23 12:48:00,1.73,1.73,1.73,1.73,0
2026-01-23 12:49:00,1.73,1.73,1.73,1.73,0
2026-01-23 12:50:00,1.73,1.73,1.73,1.73,0
2026-01-23 12:51:00,1.73,1.73,1.73,1.73,0
2026-01-23 12:52:00,1.73,1.73,1.73,1.73,0
2026-01-23 12:53:00,1.73,1.73,1.73,1.73,0
2026-01-23 12:54:00,1.73,1.73,1.73,1.73,0
2026-01-23 12:55:00,1.73,1.73,1.73,1.73,0
2026-01-23 12:56:00,1.73,1.73,1.73,1.73,0
2026-01-23 12:57:00,1.73,1.73,1.73,1.73,0
2026-01-23 12:58:00,1.73,1.73,1.73,1.73,0
2026-01-23 12:59:00,1.73,1.73,1.73,1.73,0
2026-01-23 13:00:00,1.73,1.73,1.73,1.73,0
2026-01-23 13:01:00,1.73,1.73,1.73,1.73,0
2026-01-23 13:02:00,1.73,1.73,1.73,1.73,0
2026-01-23 13:03:00,1.73,1.73,1.73,1.73,0
2026-01-23 13:04:00,1.73,1.73,1.73,1.73,0
2026-01-23 13:05:00,1.73,1.73,1.73,1.73,0
2026-01-23 13:06:00,1.73,1.73,1.73,1.73,0
2026-01-23 13:07:00,1.73,1.73,1.73,1.73,0
2026-01-23 13:08:00,1.73,1.73,1.73,1.73,0
2026-01-23 13:09:00,1.73,1.73,1.73,1.73,0
2026-01-23 13:10:00,1.73,1.73,1.73,1.73,0
2026-01-23 13:11:00,1.73,1.73,1.73,1.73,0
2026-01-23 13:12:00,1.73,1.73,1.73,1.73,0
2026-01-23 13:13:00,1.73,1.73,1.73,1.73,0
2026-01-23 13:14:00,1.73,1.73,1.73,1.73,0
2026-01-23 13:15:00,1.73,1.73,1.73,1.73,0
2026-01-23 13:16:00,1.73,1.73,1.73,1.73,0
2026-01-23 13:17:00,1.73,1.73,1.73,1.73,0
2026-01-23 13:18:00,1.73,1.73,1.73,1.73,0
2026-01-23 13:19:00,1.73,1.73,1.73,1.73,0
2026-01-23 13:20:00,1.73,1.73,1.73,1.73,0
2026-01-23 13:21:00,1.73,1.73,1.73,1.73,0
2026-01-23 13:22:00,1.73,1.73,1.73,1.73,0
2026-01-23 13:23:00,1.73,1.73,1.73,1.73,0
2026-01-23 13:24:00,1.73,1.73,1.73,1.73,0
2026-01-23 13:25:00,1.73,1.73,1.73,1.73,0
2026-01-23 13:26:00,1.73,1.73,1.73,1.73,0
2026-01-23 13:27:00,1.73,1.73,1.73,1.73,0
2026-01-23 13:28:00,1.73,1.73,1.73,1.73,0
2026-01-23 13:29:00,1.73,1.73,1.73,1.73,0
2026-01-23 13:30:00,1.73,1.73,1.73,1.73,0
2026-01-23 13:31:00,1.73,1.73,1.73,1.73,0
2026-01-23 13:32:00,1.73,1.73,1.73,1.73,0
2026-01-23 13:33:00,1.73,1.73,1.73,1.73,0
2026-01-23 13:34:00,1.73,1.73,1.73,1.73,0
2026-01-23 13:35:00,1.73,1.73,1.73,1.73,0
2026-01-23 13:36:00,1.73,1.73,1.73,1.73,0
2026-01-23 13:37:00,1.73,1.73,1.73,1.73,0
2026-01-23 13:38:00,1.73,1.73,1.73,1.73,0
2026-01-23 13:39:00,1.73,1.73,1.73,1.73,0
2026-01-23 13:40:00,1.73,1.73,1.73,1.73,0
2026-01-23 13:41:00,1.73,1.73,1.73,1.73,0
2026-01-23 13:42:00,1.73,1.73,1.73,1.73,0
2026-01-23 13:43:00,1.73,1.73,1.73,1.73,0
2026-01-23 13:44:00,1.73,1.73,1.73,1.73,0
2026-01-23 13:45:00,1.73,1.73,1.73,1.73,0
2026-01-23 13:46:00,1.73,1.73,1.73,1.73,0
2026-01-23 13:47:00,1.73,1.73,1.73,1.73,0
2026-01-23 13:48:00,1.73,1.73,1.73,1.73,0
2026-01-23 13:49:00,1.73,1.73,1.73,1.73,0
2026-01-23 13:50:00,1.73,1.73,1.73,1.73,0
2026-01-23 13:51:00,1.73,1.73,1.73,1.73,0
2026-01-23 13:52:00,1.73,1.73,1.73,1.73,0
2026-01-23 13:53:00,1.73,1.73,1.73,1.73,0
2026-01-23 13:54:00,1.73,1.73,1.73,1.73,0
2026-01-23 13:55:00,1.7324,1.7324,1.7324,1.7324,5
2026-01-23 13:56:00,1.7324,1.7324,1.7324,1.7324,0
2026-01-23 13:57:00,1.7324,1.7324,1.7324,1.7324,0
2026-01-23 13:58:00,1.7324,1.7324,1.7324,1.7324,0
2026-01-23 13:59:00,1.7324,1.7324,1.7324,1.7324,0
2026-01-23 14:00:00,1.7324,1.7324,1.7324,1.7324,0
2026-01-23 14:01:00,1.7324,1.7324,1.7324,1.7324,0
2026-01-23 14:02:00,1.7324,1.7324,1.7324,1.7324,0
2026-01-23 14:03:00,1.7324,1.7324,1.7324,1.7324,0
2026-01-23 14:04:00,1.7324,1.7324,1.7324,1.7324,0
2026-01-23 14:05:00,1.7324,1.7324,1.7324,1.7324,0
2026-01-23 14:06:00,1.7324,1.7324,1.7324,1.7324,0
2026-01-23 14:07:00,1.7324,1.7324,1.7324,1.7324,0
2026-01-23 14:08:00,1.7324,1.7324,1.7324,1.7324,0
2026-01-23 14:09:00,1.7324,1.7324,1.7324,1.7324,0
2026-01-23 14:10:00,1.7324,1.7324,1.7324,1.7324,0
2026-01-23 14:11:00,1.7324,1.7324,1.7324,1.7324,0
2026-01-23 14:12:00,1.7324,1.7324,1.7324,1.7324,0
2026-01-23 14:13:00,1.7324,1.7324,1.7324,1.7324,0
2026-01-23 14:14:00,1.7324,1.7324,1.7324,1.7324,0
2026-01-23 14:15:00,1.7324,1.7324,1.7324,1.7324,0
2026-01-23 14:16:00,1.7324,1.7324,1.7324,1.7324,0
2026-01-23 14:17:00,1.7324,1.7324,1.7324,1.7324,0
2026-01-23 14:18:00,1.7324,1.7324,1.7324,1.7324,0
2026-01-23 14:19:00,1.7324,1.7324,1.7324,1.7324,0
2026-01-23 14:20:00,1.7324,1.7324,1.7324,1.7324,0
2026-01-23 14:21:00,1.7324,1.7324,1.7324,1.7324,0
2026-01-23 14:22:00,1.7324,1.7324,1.7324,1.7324,0
2026-01-23 14:23:00,1.7324,1.7324,1.7324,1.7324,0
2026-01-23 14:24:00,1.7576,1.7576,1.7576,1.7576,5
2026-01-23 14:25:00,1.7576,1.7576,1.7576,1.7576,0
2026-01-23 14:26:00,1.7576,1.7576,1.7576,1.7576,0
2026-01-23 14:27:00,1.7576,1.7576,1.7576,1.7576,0
2026-01-23 14:28:00,1.7576,1.7576,1.7576,1.7576,0
2026-01-23 14:29:00,1.7411,1.7411,1.7411,1.7411,10
2026-01-23 14:30:00,1.7411,1.7411,1.7411,1.7411,0
2026-01-23 14:31:00,1.7411,1.7411,1.7411,1.7411,0
2026-01-23 14:32:00,1.7411,1.7411,1.7411,1.7411,0
2026-01-23 14:33:00,1.7411,1.7411,1.7411,1.7411,0
2026-01-23 14:34:00,1.745,1.76,1.745,1.745,100
2026-01-23 14:35:00,1.745,1.745,1.745,1.745,0
2026-01-23 14:36:00,1.745,1.745,1.745,1.745,0
2026-01-23 14:37:00,1.745,1.745,1.745,1.745,0
2026-01-23 14:38:00,1.745,1.745,1.745,1.745,0
2026-01-23 14:39:00,1.745,1.745,1.745,1.745,0
2026-01-23 14:40:00,1.745,1.745,1.745,1.745,0
2026-01-23 14:41:00,1.745,1.745,1.745,1.745,0
2026-01-23 14:42:00,1.745,1.745,1.745,1.745,0
2026-01-23 14:43:00,1.745,1.745,1.745,1.745,0
2026-01-23 14:44:00,1.745,1.745,1.745,1.745,0
2026-01-23 14:45:00,1.745,1.745,1.745,1.745,0
2026-01-23 14:46:00,1.745,1.745,1.745,1.745,0
2026-01-23 14:47:00,1.745,1.745,1.745,1.745,0
2026-01-23 14:48:00,1.745,1.745,1.745,1.745,0
2026-01-23 14:49:00,1.745,1.745,1.745,1.745,0
2026-01-23 14:50:00,1.745,1.745,1.745,1.745,0
2026-01-23 14:51:00,1.745,1.745,1.745,1.745,0
2026-01-23 14:52:00,1.745,1.745,1.745,1.745,0
2026-01-23 14:53:00,1.745,1.745,1.745,1.745,0
2026-01-23 14:54:00,1.745,1.745,1.745,1.745,0
2026-01-23 14:55:00,1.745,1.745,1.745,1.745,0
2026-01-23 14:56:00,1.745,1.745,1.745,1.745,0
2026-01-23 14:57:00,1.745,1.745,1.745,1.745,0
2026-01-23 14:58:00,1.745,1.745,1.745,1.745,0
2026-01-23 14:59:00,1.745,1.745,1.745,1.745,0
2026-01-23 15:00:00,1.745,1.745,1.745,1.745,0
2026-01-23 15:01:00,1.745,1.745,1.745,1.745,0
2026-01-23 15:02:00,1.745,1.745,1.745,1.745,0
2026-01-23 15:03:00,1.745,1.745,1.745,1.745,0
2026-01-23 15:04:00,1.765,1.765,1.765,1.765,1
2026-01-23 15:05:00,1.765,1.765,1.765,1.765,0
2026-01-23 15:06:00,1.765,1.765,1.765,1.765,0
2026-01-23 15:07:00,1.765,1.765,1.765,1.765,0
2026-01-23 15:08:00,1.765,1.765,1.765,1.765,0
2026-01-23 15:09:00,1.765,1.765,1.765,1.765,0
2026-01-23 15:10:00,1.765,1.765,1.765,1.765,0
2026-01-23 15:11:00,1.765,1.765,1.765,1.765,0
2026-01-23 15:12:00,1.765,1.765,1.765,1.765,0
2026-01-23 15:13:00,1.765,1.765,1.765,1.765,0
2026-01-23 15:14:00,1.765,1.765,1.765,1.765,0
2026-01-23 15:15:00,1.765,1.765,1.765,1.765,0
2026-01-23 15:16:00,1.765,1.765,1.765,1.765,0
2026-01-23 15:17:00,1.765,1.765,1.765,1.765,0
2026-01-23 15:18:00,1.765,1.765,1.765,1.765,0
2026-01-23 15:19:00,1.765,1.765,1.765,1.765,0
2026-01-23 15:20:00,1.765,1.765,1.765,1.765,0
2026-01-23 15:21:00,1.765,1.765,1.765,1.765,0
2026-01-23 15:22:00,1.765,1.765,1.765,1.765,0
2026-01-23 15:23:00,1.765,1.765,1.765,1.765,0
2026-01-23 15:24:00,1.765,1.765,1.765,1.765,0
2026-01-23 15:25:00,1.765,1.765,1.765,1.765,0
2026-01-23 15:26:00,1.765,1.765,1.765,1.765,0
2026-01-23 15:27:00,1.765,1.765,1.765,1.765,0
2026-01-23 15:28:00,1.765,1.765,1.765,1.765,0
2026-01-23 15:29:00,1.765,1.765,1.765,1.765,0
2026-01-23 15:30:00,1.765,1.765,1.765,1.765,0
2026-01-23 15:31:00,1.765,1.765,1.765,1.765,0
2026-01-23 15:32:00,1.765,1.765,1.765,1.765,0
2026-01-23 15:33:00,1.765,1.765,1.765,1.765,0
2026-01-23 15:34:00,1.765,1.765,1.765,1.765,0
2026-01-23 15:35:00,1.7699,1.7699,1.7699,1.7699,3
2026-01-23 15:36:00,1.7699,1.7699,1.7699,1.7699,0
2026-01-23 15:37:00,1.7699,1.7699,1.7699,1.7699,0
2026-01-23 15:38:00,1.7699,1.7699,1.7699,1.7699,0
2026-01-23 15:39:00,1.7699,1.7699,1.7699,1.7699,0
2026-01-23 15:40:00,1.7699,1.7699,1.7699,1.7699,0
2026-01-23 15:41:00,1.7699,1.7699,1.7699,1.7699,0
2026-01-23 15:42:00,1.7699,1.7699,1.7699,1.7699,0
2026-01-23 15:43:00,1.7699,1.7699,1.7699,1.7699,0
2026-01-23 15:44:00,1.7699,1.7699,1.7699,1.7699,0
2026-01-23 15:45:00,1.7699,1.7699,1.7699,1.7699,0
2026-01-23 15:46:00,1.7699,1.7699,1.7699,1.7699,0
2026-01-23 15:47:00,1.7699,1.7699,1.7699,1.7699,0
2026-01-23 15:48:00,1.7699,1.7699,1.7699,1.7699,0
2026-01-23 15:49:00,1.7699,1.7699,1.7699,1.7699,0
2026-01-23 15:50:00,1.7699,1.7699,1.7699,1.7699,0
2026-01-23 15:51:00,1.7301,1.7301,1.7301,1.7301,1
2026-01-23 15:52:00,1.7301,1.7301,1.7301,1.7301,0
2026-01-23 15:53:00,1.7301,1.7301,1.7301,1.7301,0
2026-01-23 15:54:00,1.745,1.745,1.745,1.745,1
2026-01-23 15:55:00,1.745,1.745,1.745,1.745,0
2026-01-23 15:56:00,1.745,1.745,1.745,1.745,0
2026-01-23 15:57:00,1.745,1.745,1.745,1.745,0
2026-01-23 15:58:00,1.745,1.745,1.745,1.745,0
2026-01-23 15:59:00,1.73,1.73,1.73,1.73,6
2026-01-26 09:37:00,1.69,1.69,1.69,1.69,8
2026-01-26 09:38:00,1.72,1.72,1.72,1.72,9
2026-01-26 09:39:00,1.72,1.72,1.72,1.72,0
2026-01-26 09:40:00,1.72,1.72,1.72,1.72,0
2026-01-26 09:41:00,1.72,1.72,1.72,1.72,0
2026-01-26 09:42:00,1.72,1.72,1.72,1.72,0
2026-01-26 09:43:00,1.72,1.72,1.72,1.72,0
2026-01-26 09:44:00,1.72,1.72,1.72,1.72,0
2026-01-26 09:45:00,1.72,1.72,1.72,1.72,0
2026-01-26 09:46:00,1.7,1.7,1.7,1.7,1
2026-01-26 09:47:00,1.7,1.7,1.7,1.7,0
2026-01-26 09:48:00,1.7,1.7,1.7,1.7,0
2026-01-26 09:49:00,1.7,1.7,1.7,1.7,0
2026-01-26 09:50:00,1.7,1.7,1.7,1.7,0
2026-01-26 09:51:00,1.7,1.7,1.7,1.7,0
2026-01-26 09:52:00,1.7,1.7,1.7,1.7,0
2026-01-26 09:53:00,1.7,1.7,1.7,1.7,0
2026-01-26 09:54:00,1.7,1.7,1.7,1.7,0
2026-01-26 09:55:00,1.7,1.7,1.7,1.7,0
2026-01-26 09:56:00,1.7,1.7,1.7,1.7,3
2026-01-26 09:57:00,1.7,1.7,1.7,1.7,0
2026-01-26 09:58:00,1.7,1.7,1.7,1.7,0
2026-01-26 09:59:00,1.7,1.7,1.7,1.7,0
2026-01-26 10:00:00,1.7,1.7,1.7,1.7,0
2026-01-26 10:01:00,1.7,1.7,1.7,1.7,0
2026-01-26 10:02:00,1.7,1.7,1.7,1.7,0
2026-01-26 10:03:00,1.7,1.7,1.7,1.7,0
2026-01-26 10:04:00,1.7,1.7,1.7,1.7,0
2026-01-26 10:05:00,1.72,1.72,1.72,1.72,4
2026-01-26 10:06:00,1.72,1.72,1.72,1.72,0
2026-01-26 10:07:00,1.72,1.72,1.72,1.72,0
2026-01-26 10:08:00,1.72,1.72,1.72,1.72,0
2026-01-26 10:09:00,1.72,1.72,1.72,1.72,0
2026-01-26 10:10:00,1.72,1.72,1.72,1.72,0
2026-01-26 10:11:00,1.72,1.72,1.72,1.72,0
2026-01-26 10:12:00,1.72,1.72,1.72,1.72,0
2026-01-26 10:13:00,1.72,1.72,1.72,1.72,0
2026-01-26 10:14:00,1.7099,1.7099,1.7099,1.7099,20
2026-01-26 10:15:00,1.7099,1.7099,1.7099,1.7099,0
2026-01-26 10:16:00,1.7008,1.7008,1.7008,1.7008,1
2026-01-26 10:17:00,1.7008,1.7008,1.7008,1.7008,0
2026-01-26 10:18:00,1.7008,1.7008,1.7008,1.7008,0
2026-01-26 10:19:00,1.7008,1.7008,1.7008,1.7008,0
2026-01-26 10:20:00,1.7008,1.7008,1.7008,1.7008,0
2026-01-26 10:21:00,1.705,1.705,1.705,1.705,2
2026-01-26 10:22:00,1.705,1.705,1.705,1.705,0
2026-01-26 10:23:00,1.705,1.705,1.705,1.705,0
2026-01-26 10:24:00,1.705,1.705,1.705,1.705,0
2026-01-26 10:25:00,1.705,1.705,1.705,1.705,0
2026-01-26 10:26:00,1.705,1.705,1.705,1.705,0
2026-01-26 10:27:00,1.705,1.705,1.705,1.705,0
2026-01-26 10:28:00,1.705,1.705,1.705,1.705,0
2026-01-26 10:29:00,1.705,1.705,1.705,1.705,0
2026-01-26 10:30:00,1.705,1.705,1.705,1.705,0
2026-01-26 10:31:00,1.705,1.705,1.705,1.705,0
2026-01-26 10:32:00,1.705,1.705,1.705,1.705,0
2026-01-26 10:33:00,1.705,1.705,1.705,1.705,0
2026-01-26 10:34:00,1.705,1.705,1.705,1.705,0
2026-01-26 10:35:00,1.71,1.71,1.71,1.71,2
2026-01-26 10:36:00,1.71,1.71,1.71,1.71,0
2026-01-26 10:37:00,1.71,1.71,1.71,1.71,0
2026-01-26 10:38:00,1.71,1.71,1.71,1.71,0
2026-01-26 10:39:00,1.71,1.71,1.71,1.71,0
2026-01-26 10:40:00,1.71,1.71,1.71,1.71,0
2026-01-26 10:41:00,1.71,1.71,1.71,1.71,0
2026-01-26 10:42:00,1.71,1.71,1.71,1.71,0
2026-01-26 10:43:00,1.71,1.71,1.71,1.71,0
2026-01-26 10:44:00,1.71,1.71,1.71,1.71,0
2026-01-26 10:45:00,1.69,1.69,1.68,1.68,5
2026-01-26 10:46:00,1.68,1.68,1.68,1.68,0
2026-01-26 10:47:00,1.68,1.68,1.68,1.68,0
2026-01-26 10:48:00,1.68,1.68,1.68,1.68,0
2026-01-26 10:49:00,1.68,1.68,1.68,1.68,0
2026-01-26 10:50:00,1.68,1.68,1.68,1.68,0
2026-01-26 10:51:00,1.68,1.68,1.68,1.68,0
2026-01-26 10:52:00,1.68,1.68,1.68,1.68,0
2026-01-26 10:53:00,1.68,1.68,1.68,1.68,0
2026-01-26 10:54:00,1.68,1.68,1.68,1.68,0
2026-01-26 10:55:00,1.68,1.68,1.68,1.68,0
2026-01-26 10:56:00,1.68,1.68,1.68,1.68,0
2026-01-26 10:57:00,1.68,1.68,1.68,1.68,0
2026-01-26 10:58:00,1.68,1.68,1.68,1.68,0
2026-01-26 10:59:00,1.68,1.68,1.68,1.68,0
2026-01-26 11:00:00,1.68,1.68,1.68,1.68,0
2026-01-26 11:01:00,1.68,1.68,1.68,1.68,0
2026-01-26 11:02:00,1.68,1.68,1.68,1.68,0
2026-01-26 11:03:00,1.68,1.68,1.68,1.68,0
2026-01-26 11:04:00,1.68,1.68,1.68,1.68,0
2026-01-26 11:05:00,1.68,1.68,1.68,1.68,0
2026-01-26 11:06:00,1.68,1.68,1.68,1.68,0
2026-01-26 11:07:00,1.68,1.68,1.68,1.68,0
2026-01-26 11:08:00,1.68,1.68,1.68,1.68,0
2026-01-26 11:09:00,1.68,1.68,1.68,1.68,0
2026-01-26 11:10:00,1.68,1.68,1.68,1.68,0
2026-01-26 11:11:00,1.68,1.68,1.68,1.68,0
2026-01-26 11:12:00,1.68,1.68,1.68,1.68,0
2026-01-26 11:13:00,1.68,1.68,1.68,1.68,0
2026-01-26 11:14:00,1.7,1.7,1.6999,1.6999,11
2026-01-26 11:15:00,1.6999,1.6999,1.6999,1.6999,0
2026-01-26 11:16:00,1.6999,1.6999,1.6999,1.6999,0
2026-01-26 11:17:00,1.6999,1.6999,1.6999,1.6999,0
2026-01-26 11:18:00,1.6999,1.6999,1.6999,1.6999,0
2026-01-26 11:19:00,1.6999,1.6999,1.6999,1.6999,0
2026-01-26 11:20:00,1.6999,1.6999,1.6999,1.6999,0
2026-01-26 11:21:00,1.6999,1.6999,1.6999,1.6999,0
2026-01-26 11:22:00,1.6999,1.6999,1.6999,1.6999,0
2026-01-26 11:23:00,1.6999,1.6999,1.6999,1.6999,0
2026-01-26 11:24:00,1.6999,1.6999,1.6999,1.6999,0
2026-01-26 11:25:00,1.6999,1.6999,1.6999,1.6999,0
2026-01-26 11:26:00,1.6999,1.6999,1.6999,1.6999,0
2026-01-26 11:27:00,1.6999,1.6999,1.6999,1.6999,0
2026-01-26 11:28:00,1.6999,1.6999,1.6999,1.6999,0
2026-01-26 11:29:00,1.6999,1.6999,1.6999,1.6999,0
2026-01-26 11:30:00,1.6999,1.6999,1.6999,1.6999,0
2026-01-26 11:31:00,1.6999,1.6999,1.6999,1.6999,0
2026-01-26 11:32:00,1.6999,1.6999,1.6999,1.6999,0
2026-01-26 11:33:00,1.6999,1.6999,1.6999,1.6999,0
2026-01-26 11:34:00,1.6999,1.6999,1.6999,1.6999,0
2026-01-26 11:35:00,1.67,1.67,1.67,1.67,4
2026-01-26 11:36:00,1.67,1.67,1.67,1.67,0
2026-01-26 11:37:00,1.67,1.67,1.67,1.67,0
2026-01-26 11:38:00,1.67,1.67,1.67,1.67,0
2026-01-26 11:39:00,1.67,1.67,1.67,1.67,0
2026-01-26 11:40:00,1.67,1.67,1.67,1.67,0
2026-01-26 11:41:00,1.67,1.67,1.67,1.67,0
2026-01-26 11:42:00,1.67,1.67,1.67,1.67,0
2026-01-26 11:43:00,1.67,1.67,1.67,1.67,0
2026-01-26 11:44:00,1.67,1.67,1.67,1.67,0
2026-01-26 11:45:00,1.67,1.67,1.67,1.67,0
2026-01-26 11:46:00,1.67,1.67,1.67,1.67,0
2026-01-26 11:47:00,1.67,1.67,1.67,1.67,0
2026-01-26 11:48:00,1.67,1.67,1.67,1.67,0
2026-01-26 11:49:00,1.67,1.67,1.67,1.67,0
2026-01-26 11:50:00,1.67,1.67,1.67,1.67,0
2026-01-26 11:51:00,1.67,1.67,1.67,1.67,0
2026-01-26 11:52:00,1.67,1.67,1.67,1.67,0
2026-01-26 11:53:00,1.67,1.67,1.67,1.67,0
2026-01-26 11:54:00,1.67,1.67,1.67,1.67,0
2026-01-26 11:55:00,1.67,1.67,1.67,1.67,0
2026-01-26 11:56:00,1.67,1.67,1.67,1.67,0
2026-01-26 11:57:00,1.67,1.67,1.67,1.67,0
2026-01-26 11:58:00,1.67,1.67,1.67,1.67,0
2026-01-26 11:59:00,1.67,1.67,1.67,1.67,0
2026-01-26 12:00:00,1.67,1.67,1.67,1.67,0
2026-01-26 12:01:00,1.67,1.67,1.67,1.67,0
2026-01-26 12:02:00,1.7,1.7,1.7,1.7,1
2026-01-26 12:03:00,1.7,1.7,1.7,1.7,0
2026-01-26 12:04:00,1.7,1.7,1.7,1.7,0
2026-01-26 12:05:00,1.7,1.7,1.7,1.7,0
2026-01-26 12:06:00,1.7,1.7,1.7,1.7,0
2026-01-26 12:07:00,1.7,1.7,1.7,1.7,0
2026-01-26 12:08:00,1.7,1.7,1.7,1.7,0
2026-01-26 12:09:00,1.7,1.7,1.7,1.7,0
2026-01-26 12:10:00,1.7,1.7,1.7,1.7,0
2026-01-26 12:11:00,1.7,1.7,1.7,1.7,0
2026-01-26 12:12:00,1.7,1.7,1.7,1.7,0
2026-01-26 12:13:00,1.7,1.7,1.7,1.7,0
2026-01-26 12:14:00,1.7,1.7,1.7,1.7,0
2026-01-26 12:15:00,1.7,1.7,1.7,1.7,0
2026-01-26 12:16:00,1.7,1.7,1.7,1.7,1
2026-01-26 12:17:00,1.7,1.7,1.7,1.7,0
2026-01-26 12:18:00,1.7,1.7,1.7,1.7,0
2026-01-26 12:19:00,1.7,1.7,1.7,1.7,0
2026-01-26 12:20:00,1.7,1.7,1.7,1.7,0
2026-01-26 12:21:00,1.7,1.7,1.7,1.7,0
2026-01-26 12:22:00,1.7,1.7,1.7,1.7,0
2026-01-26 12:23:00,1.7,1.7,1.7,1.7,0
2026-01-26 12:24:00,1.7,1.7,1.7,1.7,0
2026-01-26 12:25:00,1.7,1.7,1.7,1.7,0
2026-01-26 12:26:00,1.7,1.7,1.7,1.7,0
2026-01-26 12:27:00,1.7,1.7,1.7,1.7,0
2026-01-26 12:28:00,1.7,1.7,1.7,1.7,0
2026-01-26 12:29:00,1.7,1.7,1.7,1.7,0
2026-01-26 12:30:00,1.7,1.7,1.7,1.7,0
2026-01-26 12:31:00,1.7,1.7,1.7,1.7,0
2026-01-26 12:32:00,1.7,1.7,1.7,1.7,0
2026-01-26 12:33:00,1.7,1.7,1.7,1.7,0
2026-01-26 12:34:00,1.7,1.7,1.7,1.7,0
2026-01-26 12:35:00,1.7,1.7,1.7,1.7,0
2026-01-26 12:36:00,1.7,1.7,1.7,1.7,0
2026-01-26 12:37:00,1.7,1.7,1.7,1.7,0
2026-01-26 12:38:00,1.7,1.7,1.7,1.7,0
2026-01-26 12:39:00,1.7,1.7,1.7,1.7,0
2026-01-26 12:40:00,1.7,1.7,1.7,1.7,0
2026-01-26 12:41:00,1.7,1.7,1.7,1.7,0
2026-01-26 12:42:00,1.7,1.7,1.7,1.7,0
2026-01-26 12:43:00,1.7,1.7,1.7,1.7,0
2026-01-26 12:44:00,1.7,1.7,1.7,1.7,0
2026-01-26 12:45:00,1.7,1.7,1.7,1.7,0
2026-01-26 12:46:00,1.7,1.7,1.7,1.7,0
2026-01-26 12:47:00,1.7,1.7,1.7,1.7,0
2026-01-26 12:48:00,1.7,1.7,1.7,1.7,0
2026-01-26 12:49:00,1.7,1.7,1.7,1.7,0
2026-01-26 12:50:00,1.7,1.7,1.7,1.7,0
2026-01-26 12:51:00,1.7,1.7,1.7,1.7,0
2026-01-26 12:52:00,1.7,1.7,1.7,1.7,0
2026-01-26 12:53:00,1.7,1.7,1.7,1.7,0
2026-01-26 12:54:00,1.7,1.7,1.7,1.7,0
2026-01-26 12:55:00,1.7,1.7,1.7,1.7,0
2026-01-26 12:56:00,1.7,1.7,1.7,1.7,0
2026-01-26 12:57:00,1.7,1.7,1.7,1.7,0
2026-01-26 12:58:00,1.7,1.7,1.7,1.7,0
2026-01-26 12:59:00,1.7,1.7,1.7,1.7,0
2026-01-26 13:00:00,1.7,1.7,1.7,1.7,0
2026-01-26 13:01:00,1.7,1.7,1.7,1.7,0
2026-01-26 13:02:00,1.7,1.7,1.7,1.7,0
2026-01-26 13:03:00,1.7,1.7,1.7,1.7,0
2026-01-26 13:04:00,1.7,1.7,1.7,1.7,0
2026-01-26 13:05:00,1.7,1.7,1.7,1.7,0
2026-01-26 13:06:00,1.7,1.7,1.7,1.7,0
2026-01-26 13:07:00,1.7,1.7,1.7,1.7,0
2026-01-26 13:08:00,1.7,1.7,1.7,1.7,0
2026-01-26 13:09:00,1.7,1.7,1.7,1.7,0
2026-01-26 13:10:00,1.7,1.7,1.7,1.7,0
2026-01-26 13:11:00,1.7,1.7,1.7,1.7,0
2026-01-26 13:12:00,1.7,1.7,1.7,1.7,0
2026-01-26 13:13:00,1.7,1.7,1.7,1.7,0
2026-01-26 13:14:00,1.7,1.7,1.7,1.7,0
2026-01-26 13:15:00,1.7,1.7,1.7,1.7,0
2026-01-26 13:16:00,1.7,1.7,1.7,1.7,0
2026-01-26 13:17:00,1.7,1.7,1.7,1.7,0
2026-01-26 13:18:00,1.7,1.7,1.7,1.7,0
2026-01-26 13:19:00,1.7,1.7,1.7,1.7,0
2026-01-26 13:20:00,1.7,1.7,1.7,1.7,0
2026-01-26 13:21:00,1.69,1.69,1.69,1.69,11
2026-01-26 13:22:00,1.69,1.69,1.69,1.69,0
2026-01-26 13:23:00,1.69,1.69,1.69,1.69,0
2026-01-26 13:24:00,1.69,1.69,1.69,1.69,0
2026-01-26 13:25:00,1.69,1.69,1.69,1.69,0
2026-01-26 13:26:00,1.69,1.69,1.69,1.69,0
2026-01-26 13:27:00,1.69,1.69,1.69,1.69,0
2026-01-26 13:28:00,1.69,1.69,1.69,1.69,0
2026-01-26 13:29:00,1.69,1.69,1.69,1.69,0
2026-01-26 13:30:00,1.69,1.69,1.69,1.69,0
2026-01-26 13:31:00,1.69,1.69,1.69,1.69,0
2026-01-26 13:32:00,1.69,1.69,1.69,1.69,0
2026-01-26 13:33:00,1.69,1.69,1.69,1.69,0
2026-01-26 13:34:00,1.69,1.69,1.69,1.69,0
2026-01-26 13:35:00,1.69,1.69,1.69,1.69,0
2026-01-26 13:36:00,1.69,1.69,1.69,1.69,0
2026-01-26 13:37:00,1.69,1.69,1.69,1.69,0
2026-01-26 13:38:00,1.69,1.69,1.69,1.69,0
2026-01-26 13:39:00,1.69,1.69,1.69,1.69,0
2026-01-26 13:40:00,1.69,1.69,1.69,1.69,0
2026-01-26 13:41:00,1.69,1.69,1.69,1.69,0
2026-01-26 13:42:00,1.7197,1.7197,1.7197,1.7197,6
2026-01-26 13:43:00,1.7197,1.7197,1.7197,1.7197,0
2026-01-26 13:44:00,1.7197,1.7197,1.7197,1.7197,0
2026-01-26 13:45:00,1.7197,1.7197,1.7197,1.7197,0
2026-01-26 13:46:00,1.7197,1.7197,1.7197,1.7197,0
2026-01-26 13:47:00,1.7197,1.7197,1.7197,1.7197,0
2026-01-26 13:48:00,1.7197,1.7197,1.7197,1.7197,0
2026-01-26 13:49:00,1.695,1.695,1.695,1.695,2
2026-01-26 13:50:00,1.695,1.695,1.695,1.695,0
2026-01-26 13:51:00,1.695,1.695,1.695,1.695,0
2026-01-26 13:52:00,1.695,1.695,1.695,1.695,0
2026-01-26 13:53:00,1.695,1.695,1.695,1.695,0
2026-01-26 13:54:00,1.695,1.695,1.695,1.695,0
2026-01-26 13:55:00,1.695,1.695,1.695,1.695,0
2026-01-26 13:56:00,1.695,1.695,1.695,1.695,0
2026-01-26 13:57:00,1.695,1.695,1.695,1.695,0
2026-01-26 13:58:00,1.695,1.695,1.695,1.695,0
2026-01-26 13:59:00,1.695,1.695,1.695,1.695,0
2026-01-26 14:00:00,1.695,1.695,1.695,1.695,0
2026-01-26 14:01:00,1.695,1.695,1.695,1.695,0
2026-01-26 14:02:00,1.695,1.695,1.695,1.695,0
2026-01-26 14:03:00,1.695,1.695,1.695,1.695,0
2026-01-26 14:04:00,1.695,1.695,1.695,1.695,0
2026-01-26 14:05:00,1.695,1.695,1.695,1.695,0
2026-01-26 14:06:00,1.695,1.695,1.695,1.695,0
2026-01-26 14:07:00,1.695,1.695,1.695,1.695,0
2026-01-26 14:08:00,1.695,1.695,1.695,1.695,0
2026-01-26 14:09:00,1.695,1.695,1.695,1.695,0
2026-01-26 14:10:00,1.695,1.695,1.695,1.695,0
2026-01-26 14:11:00,1.695,1.695,1.695,1.695,0
2026-01-26 14:12:00,1.695,1.695,1.695,1.695,0
2026-01-26 14:13:00,1.695,1.695,1.695,1.695,0
2026-01-26 14:14:00,1.695,1.695,1.695,1.695,0
2026-01-26 14:15:00,1.695,1.695,1.695,1.695,0
2026-01-26 14:16:00,1.695,1.695,1.695,1.695,0
2026-01-26 14:17:00,1.695,1.695,1.695,1.695,0
2026-01-26 14:18:00,1.695,1.695,1.695,1.695,0
2026-01-26 14:19:00,1.695,1.695,1.695,1.695,0
2026-01-26 14:20:00,1.695,1.695,1.695,1.695,0
2026-01-26 14:21:00,1.695,1.695,1.695,1.695,0
2026-01-26 14:22:00,1.695,1.695,1.695,1.695,0
2026-01-26 14:23:00,1.695,1.695,1.695,1.695,0
2026-01-26 14:24:00,1.695,1.695,1.695,1.695,0
2026-01-26 14:25:00,1.695,1.695,1.695,1.695,0
2026-01-26 14:26:00,1.695,1.695,1.695,1.695,0
2026-01-26 14:27:00,1.695,1.695,1.695,1.695,0
2026-01-26 14:28:00,1.695,1.695,1.695,1.695,0
2026-01-26 14:29:00,1.695,1.695,1.695,1.695,0
2026-01-26 14:30:00,1.695,1.695,1.695,1.695,0
2026-01-26 14:31:00,1.695,1.695,1.695,1.695,0
2026-01-26 14:32:00,1.695,1.695,1.695,1.695,0
2026-01-26 14:33:00,1.695,1.695,1.695,1.695,0
2026-01-26 14:34:00,1.695,1.695,1.695,1.695,0
2026-01-26 14:35:00,1.695,1.695,1.695,1.695,0
2026-01-26 14:36:00,1.695,1.695,1.695,1.695,0
2026-01-26 14:37:00,1.695,1.695,1.695,1.695,0
2026-01-26 14:38:00,1.695,1.695,1.695,1.695,0
2026-01-26 14:39:00,1.695,1.695,1.695,1.695,0
2026-01-26 14:40:00,1.695,1.695,1.695,1.695,0
2026-01-26 14:41:00,1.72,1.72,1.72,1.72,1
2026-01-26 14:42:00,1.72,1.72,1.72,1.72,9
2026-01-26 14:43:00,1.72,1.72,1.72,1.72,0
2026-01-26 14:44:00,1.72,1.72,1.72,1.72,0
2026-01-26 14:45:00,1.72,1.72,1.72,1.72,0
2026-01-26 14:46:00,1.72,1.72,1.72,1.72,0
2026-01-26 14:47:00,1.72,1.72,1.72,1.72,0
2026-01-26 14:48:00,1.72,1.72,1.72,1.72,0
2026-01-26 14:49:00,1.72,1.72,1.72,1.72,0
2026-01-26 14:50:00,1.72,1.72,1.72,1.72,0
2026-01-26 14:51:00,1.72,1.72,1.72,1.72,0
2026-01-26 14:52:00,1.72,1.72,1.72,1.72,0
2026-01-26 14:53:00,1.72,1.72,1.72,1.72,0
2026-01-26 14:54:00,1.72,1.72,1.72,1.72,0
2026-01-26 14:55:00,1.72,1.72,1.72,1.72,0
2026-01-26 14:56:00,1.72,1.72,1.72,1.72,0
2026-01-26 14:57:00,1.72,1.72,1.72,1.72,0
2026-01-26 14:58:00,1.72,1.72,1.72,1.72,0
2026-01-26 14:59:00,1.72,1.72,1.72,1.72,0
2026-01-26 15:00:00,1.72,1.72,1.72,1.72,0
2026-01-26 15:01:00,1.72,1.72,1.72,1.72,0
2026-01-26 15:02:00,1.72,1.72,1.72,1.72,0
2026-01-26 15:03:00,1.72,1.72,1.72,1.72,0
2026-01-26 15:04:00,1.72,1.72,1.72,1.72,0
2026-01-26 15:05:00,1.72,1.72,1.72,1.72,0
2026-01-26 15:06:00,1.72,1.72,1.72,1.72,0
2026-01-26 15:07:00,1.72,1.72,1.72,1.72,0
2026-01-26 15:08:00,1.72,1.72,1.72,1.72,0
2026-01-26 15:09:00,1.72,1.72,1.72,1.72,0
2026-01-26 15:10:00,1.72,1.72,1.72,1.72,0
2026-01-26 15:11:00,1.72,1.72,1.72,1.72,0
2026-01-26 15:12:00,1.72,1.72,1.72,1.72,0
2026-01-26 15:13:00,1.72,1.72,1.72,1.72,0
2026-01-26 15:14:00,1.75,1.75,1.75,1.75,1
2026-01-26 15:15:00,1.75,1.75,1.75,1.75,0
2026-01-26 15:16:00,1.75,1.75,1.75,1.75,0
2026-01-26 15:17:00,1.75,1.75,1.75,1.75,0
2026-01-26 15:18:00,1.75,1.75,1.75,1.75,0
2026-01-26 15:19:00,1.75,1.75,1.75,1.75,0
2026-01-26 15:20:00,1.75,1.75,1.75,1.75,0
2026-01-26 15:21:00,1.75,1.75,1.75,1.75,0
2026-01-26 15:22:00,1.75,1.75,1.75,1.75,0
2026-01-26 15:23:00,1.75,1.75,1.75,1.75,0
2026-01-26 15:24:00,1.75,1.75,1.75,1.75,0
2026-01-26 15:25:00,1.75,1.75,1.75,1.75,0
2026-01-26 15:26:00,1.75,1.75,1.75,1.75,0
2026-01-26 15:27:00,1.75,1.75,1.75,1.75,0
2026-01-26 15:28:00,1.75,1.75,1.75,1.75,0
2026-01-26 15:29:00,1.75,1.75,1.75,1.75,0
2026-01-26 15:30:00,1.75,1.75,1.75,1.75,0
2026-01-26 15:31:00,1.75,1.75,1.75,1.75,0
2026-01-26 15:32:00,1.75,1.75,1.75,1.75,0
2026-01-26 15:33:00,1.75,1.75,1.75,1.75,0
2026-01-26 15:34:00,1.75,1.75,1.75,1.75,0
2026-01-26 15:35:00,1.75,1.75,1.75,1.75,0
2026-01-26 15:36:00,1.75,1.75,1.75,1.75,0
2026-01-26 15:37:00,1.75,1.75,1.75,1.75,0
2026-01-26 15:38:00,1.75,1.75,1.75,1.75,0
2026-01-26 15:39:00,1.75,1.75,1.75,1.75,0
2026-01-26 15:40:00,1.75,1.75,1.75,1.75,0
2026-01-26 15:41:00,1.75,1.75,1.75,1.75,0
2026-01-26 15:42:00,1.75,1.75,1.75,1.75,0
2026-01-26 15:43:00,1.75,1.75,1.75,1.75,0
2026-01-26 15:44:00,1.75,1.75,1.75,1.75,0
2026-01-26 15:45:00,1.75,1.75,1.75,1.75,0
2026-01-26 15:46:00,1.75,1.75,1.75,1.75,0
2026-01-26 15:47:00,1.75,1.75,1.75,1.75,0
2026-01-26 15:48:00,1.75,1.75,1.75,1.75,0
2026-01-26 15:49:00,1.75,1.75,1.75,1.75,0
2026-01-26 15:50:00,1.75,1.75,1.75,1.75,0
2026-01-26 15:51:00,1.75,1.75,1.75,1.75,0
2026-01-26 15:52:00,1.75,1.75,1.75,1.75,0
2026-01-26 15:53:00,1.75,1.75,1.75,1.75,0
2026-01-26 15:54:00,1.75,1.75,1.75,1.75,0
2026-01-26 15:55:00,1.75,1.75,1.75,1.75,0
2026-01-26 15:56:00,1.75,1.75,1.75,1.75,0
2026-01-26 15:57:00,1.75,1.75,1.75,1.75,0
2026-01-26 15:58:00,1.75,1.75,1.75,1.75,0
2026-01-26 15:59:00,1.765,1.765,1.765,1.765,1
2026-01-27 09:30:00,1.74,1.74,1.74,1.74,1
2026-01-27 09:31:00,1.74,1.74,1.74,1.74,0
2026-01-27 09:32:00,1.74,1.74,1.74,1.74,0
2026-01-27 09:33:00,1.74,1.74,1.74,1.74,0
2026-01-27 09:34:00,1.74,1.74,1.74,1.74,0
2026-01-27 09:35:00,1.74,1.74,1.74,1.74,0
2026-01-27 09:36:00,1.74,1.74,1.74,1.74,0
2026-01-27 09:37:00,1.74,1.74,1.74,1.74,0
2026-01-27 09:38:00,1.74,1.74,1.74,1.74,0
2026-01-27 09:39:00,1.74,1.74,1.74,1.74,0
2026-01-27 09:40:00,1.74,1.74,1.74,1.74,0
2026-01-27 09:41:00,1.74,1.74,1.74,1.74,0
2026-01-27 09:42:00,1.74,1.74,1.74,1.74,0
2026-01-27 09:43:00,1.74,1.74,1.74,1.74,0
2026-01-27 09:44:00,1.74,1.74,1.74,1.74,0
2026-01-27 09:45:00,1.74,1.74,1.74,1.74,0
2026-01-27 09:46:00,1.74,1.74,1.74,1.74,0
2026-01-27 09:47:00,1.74,1.74,1.74,1.74,0
2026-01-27 09:48:00,1.74,1.74,1.74,1.74,0
2026-01-27 09:49:00,1.74,1.74,1.74,1.74,0
2026-01-27 09:50:00,1.74,1.74,1.74,1.74,0
2026-01-27 09:51:00,1.74,1.74,1.74,1.74,0
2026-01-27 09:52:00,1.74,1.74,1.74,1.74,0
2026-01-27 09:53:00,1.74,1.74,1.74,1.74,0
2026-01-27 09:54:00,1.74,1.74,1.74,1.74,0
2026-01-27 09:55:00,1.74,1.74,1.74,1.74,0
2026-01-27 09:56:00,1.74,1.74,1.74,1.74,0
2026-01-27 09:57:00,1.74,1.74,1.74,1.74,0
2026-01-27 09:58:00,1.74,1.74,1.74,1.74,0
2026-01-27 09:59:00,1.74,1.74,1.74,1.74,0
2026-01-27 10:00:00,1.74,1.74,1.74,1.74,0
2026-01-27 10:01:00,1.74,1.74,1.74,1.74,0
2026-01-27 10:02:00,1.74,1.74,1.74,1.74,0
2026-01-27 10:03:00,1.74,1.74,1.74,1.74,0
2026-01-27 10:04:00,1.74,1.74,1.74,1.74,0
2026-01-27 10:05:00,1.74,1.74,1.74,1.74,0
2026-01-27 10:06:00,1.74,1.74,1.74,1.74,0
2026-01-27 10:07:00,1.74,1.74,1.74,1.74,0
2026-01-27 10:08:00,1.74,1.74,1.74,1.74,0
2026-01-27 10:09:00,1.74,1.74,1.74,1.74,0
2026-01-27 10:10:00,1.74,1.74,1.74,1.74,0
2026-01-27 10:11:00,1.74,1.74,1.74,1.74,0
2026-01-27 10:12:00,1.74,1.74,1.74,1.74,0
2026-01-27 10:13:00,1.74,1.74,1.74,1.74,0
2026-01-27 10:14:00,1.74,1.74,1.74,1.74,0
2026-01-27 10:15:00,1.74,1.74,1.74,1.74,0
2026-01-27 10:16:00,1.74,1.74,1.74,1.74,0
2026-01-27 10:17:00,1.74,1.74,1.74,1.74,0
2026-01-27 10:18:00,1.74,1.74,1.74,1.74,0
2026-01-27 10:19:00,1.74,1.74,1.74,1.74,0
2026-01-27 10:20:00,1.74,1.74,1.74,1.74,0
2026-01-27 10:21:00,1.74,1.74,1.74,1.74,0
2026-01-27 10:22:00,1.74,1.74,1.74,1.74,0
2026-01-27 10:23:00,1.74,1.74,1.74,1.74,0
2026-01-27 10:24:00,1.74,1.74,1.74,1.74,0
2026-01-27 10:25:00,1.74,1.74,1.74,1.74,0
2026-01-27 10:26:00,1.74,1.74,1.74,1.74,0
2026-01-27 10:27:00,1.74,1.74,1.74,1.74,0
2026-01-27 10:28:00,1.74,1.74,1.74,1.74,0
2026-01-27 10:29:00,1.74,1.74,1.74,1.74,0
2026-01-27 10:30:00,1.74,1.74,1.74,1.74,0
2026-01-27 10:31:00,1.74,1.74,1.74,1.74,0
2026-01-27 10:32:00,1.74,1.74,1.74,1.74,0
2026-01-27 10:33:00,1.74,1.74,1.74,1.74,0
2026-01-27 10:34:00,1.74,1.74,1.74,1.74,0
2026-01-27 10:35:00,1.74,1.74,1.74,1.74,0
2026-01-27 10:36:00,1.74,1.74,1.74,1.74,0
2026-01-27 10:37:00,1.74,1.74,1.74,1.74,0
2026-01-27 10:38:00,1.74,1.74,1.74,1.74,0
2026-01-27 10:39:00,1.74,1.74,1.74,1.74,0
2026-01-27 10:40:00,1.74,1.74,1.74,1.74,0
2026-01-27 10:41:00,1.74,1.74,1.74,1.74,0
2026-01-27 10:42:00,1.74,1.74,1.74,1.74,0
2026-01-27 10:43:00,1.74,1.74,1.74,1.74,0
2026-01-27 10:44:00,1.74,1.74,1.74,1.74,0
2026-01-27 10:45:00,1.74,1.74,1.74,1.74,0
2026-01-27 10:46:00,1.74,1.74,1.74,1.74,0
2026-01-27 10:47:00,1.74,1.74,1.74,1.74,0
2026-01-27 10:48:00,1.74,1.74,1.74,1.74,0
2026-01-27 10:49:00,1.74,1.74,1.74,1.74,0
2026-01-27 10:50:00,1.74,1.74,1.74,1.74,0
2026-01-27 10:51:00,1.74,1.74,1.74,1.74,0
2026-01-27 10:52:00,1.74,1.74,1.74,1.74,0
2026-01-27 10:53:00,1.74,1.74,1.74,1.74,0
2026-01-27 10:54:00,1.74,1.74,1.74,1.74,0
2026-01-27 10:55:00,1.74,1.74,1.74,1.74,0
2026-01-27 10:56:00,1.74,1.74,1.74,1.74,0
2026-01-27 10:57:00,1.74,1.74,1.74,1.74,0
2026-01-27 10:58:00,1.74,1.74,1.74,1.74,0
2026-01-27 10:59:00,1.74,1.74,1.74,1.74,0
2026-01-27 11:00:00,1.74,1.74,1.74,1.74,0
2026-01-27 11:01:00,1.8,1.8,1.79,1.79,3
2026-01-27 11:02:00,1.79,1.79,1.79,1.79,0
2026-01-27 11:03:00,1.79,1.79,1.79,1.79,0
2026-01-27 11:04:00,1.79,1.79,1.79,1.79,0
2026-01-27 11:05:00,1.8199,1.85,1.8199,1.85,130
2026-01-27 11:06:00,1.85,1.85,1.85,1.85,0
2026-01-27 11:07:00,1.85,1.85,1.85,1.85,0
2026-01-27 11:08:00,1.85,1.85,1.85,1.85,0
2026-01-27 11:09:00,1.85,1.85,1.85,1.85,0
2026-01-27 11:10:00,1.85,1.85,1.85,1.85,0
2026-01-27 11:11:00,1.85,1.85,1.85,1.85,0
2026-01-27 11:12:00,1.84,1.8622,1.84,1.8622,6
2026-01-27 11:13:00,1.8622,1.8622,1.8622,1.8622,0
2026-01-27 11:14:00,1.8622,1.8622,1.8622,1.8622,0
2026-01-27 11:15:00,1.8622,1.8622,1.8622,1.8622,0
2026-01-27 11:16:00,1.8622,1.8622,1.8622,1.8622,0
2026-01-27 11:17:00,1.8622,1.8622,1.8622,1.8622,0
2026-01-27 11:18:00,1.835,1.835,1.835,1.835,5
2026-01-27 11:19:00,1.835,1.835,1.835,1.835,0
2026-01-27 11:20:00,1.835,1.835,1.835,1.835,0
2026-01-27 11:21:00,1.835,1.835,1.835,1.835,0
2026-01-27 11:22:00,1.835,1.835,1.835,1.835,0
2026-01-27 11:23:00,1.835,1.835,1.835,1.835,0
2026-01-27 11:24:00,1.835,1.835,1.835,1.835,0
2026-01-27 11:25:00,1.835,1.835,1.835,1.835,0
2026-01-27 11:26:00,1.86,1.86,1.86,1.86,10
2026-01-27 11:27:00,1.86,1.86,1.86,1.86,0
2026-01-27 11:28:00,1.86,1.86,1.86,1.86,0
2026-01-27 11:29:00,1.86,1.86,1.86,1.86,0
2026-01-27 11:30:00,1.86,1.86,1.86,1.86,0
2026-01-27 11:31:00,1.8532,1.8532,1.8532,1.8532,2
2026-01-27 11:32:00,1.8532,1.8532,1.8532,1.8532,0
2026-01-27 11:33:00,1.8532,1.8532,1.8532,1.8532,0
2026-01-27 11:34:00,1.8532,1.8532,1.8532,1.8532,0
2026-01-27 11:35:00,1.8532,1.8532,1.8532,1.8532,0
2026-01-27 11:36:00,1.8532,1.8532,1.8532,1.8532,0
2026-01-27 11:37:00,1.8532,1.8532,1.8532,1.8532,0
2026-01-27 11:38:00,1.8532,1.8532,1.8532,1.8532,0
2026-01-27 11:39:00,1.8532,1.8532,1.8532,1.8532,0
2026-01-27 11:40:00,1.8532,1.8532,1.8532,1.8532,0
2026-01-27 11:41:00,1.8532,1.8532,1.8532,1.8532,0
2026-01-27 11:42:00,1.8532,1.8532,1.8532,1.8532,0
2026-01-27 11:43:00,1.8532,1.8532,1.8532,1.8532,0
2026-01-27 11:44:00,1.8532,1.8532,1.8532,1.8532,0
2026-01-27 11:45:00,1.8532,1.8532,1.8532,1.8532,0
2026-01-27 11:46:00,1.8532,1.8532,1.8532,1.8532,0
2026-01-27 11:47:00,1.8532,1.8532,1.8532,1.8532,0
2026-01-27 11:48:00,1.8532,1.8532,1.8532,1.8532,0
2026-01-27 11:49:00,1.8532,1.8532,1.8532,1.8532,0
2026-01-27 11:50:00,1.8532,1.8532,1.8532,1.8532,0
2026-01-27 11:51:00,1.8532,1.8532,1.8532,1.8532,0
2026-01-27 11:52:00,1.8532,1.8532,1.8532,1.8532,0
2026-01-27 11:53:00,1.8532,1.8532,1.8532,1.8532,0
2026-01-27 11:54:00,1.8532,1.8532,1.8532,1.8532,0
2026-01-27 11:55:00,1.8532,1.8532,1.8532,1.8532,0
2026-01-27 11:56:00,1.8532,1.8532,1.8532,1.8532,0
2026-01-27 11:57:00,1.8532,1.8532,1.8532,1.8532,0
2026-01-27 11:58:00,1.8532,1.8532,1.8532,1.8532,0
2026-01-27 11:59:00,1.8532,1.8532,1.8532,1.8532,0
2026-01-27 12:00:00,1.8532,1.8532,1.8532,1.8532,0
2026-01-27 12:01:00,1.8532,1.8532,1.8532,1.8532,0
2026-01-27 12:02:00,1.8532,1.8532,1.8532,1.8532,0
2026-01-27 12:03:00,1.8532,1.8532,1.8532,1.8532,0
2026-01-27 12:04:00,1.85,1.86,1.85,1.8599,19
2026-01-27 12:05:00,1.8599,1.8599,1.8599,1.8599,0
2026-01-27 12:06:00,1.8599,1.8599,1.8599,1.8599,0
2026-01-27 12:07:00,1.8599,1.8599,1.8599,1.8599,0
2026-01-27 12:08:00,1.8599,1.8599,1.8599,1.8599,0
2026-01-27 12:09:00,1.8599,1.8599,1.8599,1.8599,0
2026-01-27 12:10:00,1.8599,1.8599,1.8599,1.8599,0
2026-01-27 12:11:00,1.8599,1.8599,1.8599,1.8599,0
2026-01-27 12:12:00,1.8599,1.8599,1.8599,1.8599,0
2026-01-27 12:13:00,1.8599,1.8599,1.8599,1.8599,0
2026-01-27 12:14:00,1.8599,1.8599,1.8599,1.8599,0
2026-01-27 12:15:00,1.8791,1.8791,1.8791,1.8791,5
2026-01-27 12:16:00,1.8791,1.8791,1.8791,1.8791,0
2026-01-27 12:17:00,1.8791,1.8791,1.8791,1.8791,0
2026-01-27 12:18:00,1.8791,1.8791,1.8791,1.8791,0
2026-01-27 12:19:00,1.8791,1.8791,1.8791,1.8791,0
2026-01-27 12:20:00,1.8791,1.8791,1.8791,1.8791,0
2026-01-27 12:21:00,1.8791,1.8791,1.8791,1.8791,0
2026-01-27 12:22:00,1.8791,1.8791,1.8791,1.8791,0
2026-01-27 12:23:00,1.8791,1.8791,1.8791,1.8791,0
2026-01-27 12:24:00,1.846,1.87,1.8301,1.855,107
2026-01-27 12:25:00,1.8301,1.8301,1.8301,1.8301,1
2026-01-27 12:26:00,1.8301,1.8301,1.8301,1.8301,0
2026-01-27 12:27:00,1.8301,1.8301,1.8301,1.8301,0
2026-01-27 12:28:00,1.8301,1.8301,1.8301,1.8301,0
2026-01-27 12:29:00,1.8301,1.8301,1.8301,1.8301,0
2026-01-27 12:30:00,1.8301,1.8301,1.8301,1.8301,0
2026-01-27 12:31:00,1.8301,1.8301,1.8301,1.8301,0
2026-01-27 12:32:00,1.8301,1.8301,1.8301,1.8301,0
2026-01-27 12:33:00,1.8301,1.8301,1.8301,1.8301,0
2026-01-27 12:34:00,1.8301,1.8301,1.8301,1.8301,0
2026-01-27 12:35:00,1.8301,1.8301,1.8301,1.8301,0
2026-01-27 12:36:00,1.8301,1.8301,1.8301,1.8301,0
2026-01-27 12:37:00,1.8301,1.8301,1.8301,1.8301,0
2026-01-27 12:38:00,1.8301,1.8301,1.8301,1.8301,0
2026-01-27 12:39:00,1.8301,1.8301,1.8301,1.8301,0
2026-01-27 12:40:00,1.8301,1.8301,1.8301,1.8301,0
2026-01-27 12:41:00,1.8301,1.8301,1.8301,1.8301,0
2026-01-27 12:42:00,1.8301,1.8301,1.8301,1.8301,0
2026-01-27 12:43:00,1.8301,1.8301,1.8301,1.8301,0
2026-01-27 12:44:00,1.83,1.845,1.83,1.845,8
2026-01-27 12:45:00,1.845,1.845,1.845,1.845,0
2026-01-27 12:46:00,1.845,1.845,1.845,1.845,0
2026-01-27 12:47:00,1.845,1.845,1.845,1.845,0
2026-01-27 12:48:00,1.845,1.845,1.845,1.845,0
2026-01-27 12:49:00,1.845,1.845,1.845,1.845,0
2026-01-27 12:50:00,1.845,1.845,1.845,1.845,0
2026-01-27 12:51:00,1.845,1.845,1.845,1.845,0
2026-01-27 12:52:00,1.845,1.845,1.845,1.845,0
2026-01-27 12:53:00,1.845,1.845,1.845,1.845,0
2026-01-27 12:54:00,1.845,1.845,1.845,1.845,0
2026-01-27 12:55:00,1.845,1.845,1.845,1.845,0
2026-01-27 12:56:00,1.845,1.845,1.845,1.845,0
2026-01-27 12:57:00,1.845,1.845,1.845,1.845,0
2026-01-27 12:58:00,1.845,1.845,1.845,1.845,0
2026-01-27 12:59:00,1.845,1.845,1.845,1.845,0
2026-01-27 13:00:00,1.845,1.845,1.845,1.845,0
2026-01-27 13:01:00,1.845,1.845,1.845,1.845,0
2026-01-27 13:02:00,1.845,1.845,1.845,1.845,0
2026-01-27 13:03:00,1.845,1.845,1.845,1.845,0
2026-01-27 13:04:00,1.845,1.845,1.845,1.845,0
2026-01-27 13:05:00,1.83,1.83,1.83,1.83,1
2026-01-27 13:06:00,1.83,1.83,1.83,1.83,0
2026-01-27 13:07:00,1.83,1.83,1.83,1.83,0
2026-01-27 13:08:00,1.83,1.83,1.83,1.83,0
2026-01-27 13:09:00,1.83,1.84,1.83,1.84,3
2026-01-27 13:10:00,1.84,1.84,1.84,1.84,0
2026-01-27 13:11:00,1.84,1.84,1.84,1.84,0
2026-01-27 13:12:00,1.84,1.84,1.84,1.84,0
2026-01-27 13:13:00,1.84,1.84,1.84,1.84,0
2026-01-27 13:14:00,1.84,1.84,1.84,1.84,0
2026-01-27 13:15:00,1.84,1.84,1.84,1.84,0
2026-01-27 13:16:00,1.84,1.84,1.84,1.84,0
2026-01-27 13:17:00,1.84,1.84,1.84,1.84,0
2026-01-27 13:18:00,1.84,1.84,1.84,1.84,0
2026-01-27 13:19:00,1.84,1.84,1.84,1.84,0
2026-01-27 13:20:00,1.84,1.84,1.84,1.84,0
2026-01-27 13:21:00,1.84,1.84,1.84,1.84,0
2026-01-27 13:22:00,1.84,1.84,1.84,1.84,0
2026-01-27 13:23:00,1.84,1.84,1.84,1.84,0
2026-01-27 13:24:00,1.84,1.84,1.84,1.84,0
2026-01-27 13:25:00,1.84,1.84,1.84,1.84,0
2026-01-27 13:26:00,1.84,1.84,1.84,1.84,0
2026-01-27 13:27:00,1.81,1.81,1.81,1.81,3
2026-01-27 13:28:00,1.81,1.81,1.81,1.81,0
2026-01-27 13:29:00,1.81,1.81,1.81,1.81,0
2026-01-27 13:30:00,1.81,1.81,1.81,1.81,0
2026-01-27 13:31:00,1.81,1.81,1.81,1.81,0
2026-01-27 13:32:00,1.81,1.81,1.81,1.81,0
2026-01-27 13:33:00,1.81,1.81,1.81,1.81,0
2026-01-27 13:34:00,1.8141,1.8141,1.8141,1.8141,36
2026-01-27 13:35:00,1.8141,1.8141,1.8141,1.8141,0
2026-01-27 13:36:00,1.8141,1.8141,1.8141,1.8141,0
2026-01-27 13:37:00,1.8141,1.8141,1.8141,1.8141,0
2026-01-27 13:38:00,1.8141,1.8141,1.8141,1.8141,0
2026-01-27 13:39:00,1.81,1.81,1.81,1.81,1
2026-01-27 13:40:00,1.81,1.81,1.81,1.81,0
2026-01-27 13:41:00,1.81,1.81,1.81,1.81,0
2026-01-27 13:42:00,1.81,1.81,1.81,1.81,0
2026-01-27 13:43:00,1.81,1.81,1.81,1.81,0
2026-01-27 13:44:00,1.81,1.81,1.81,1.81,0
2026-01-27 13:45:00,1.79,1.79,1.79,1.79,1
2026-01-27 13:46:00,1.79,1.79,1.79,1.79,0
2026-01-27 13:47:00,1.79,1.79,1.79,1.79,0
2026-01-27 13:48:00,1.79,1.79,1.79,1.79,0
2026-01-27 13:49:00,1.79,1.79,1.79,1.79,0
2026-01-27 13:50:00,1.79,1.79,1.79,1.79,0
2026-01-27 13:51:00,1.79,1.79,1.79,1.79,0
2026-01-27 13:52:00,1.79,1.79,1.79,1.79,0
2026-01-27 13:53:00,1.79,1.79,1.79,1.79,0
2026-01-27 13:54:00,1.79,1.79,1.79,1.79,0
2026-01-27 13:55:00,1.79,1.79,1.79,1.79,0
2026-01-27 13:56:00,1.79,1.79,1.79,1.79,0
2026-01-27 13:57:00,1.79,1.79,1.79,1.79,0
2026-01-27 13:58:00,1.79,1.79,1.79,1.79,0
2026-01-27 13:59:00,1.79,1.79,1.79,1.79,0
2026-01-27 14:00:00,1.79,1.79,1.79,1.79,0
2026-01-27 14:01:00,1.79,1.79,1.79,1.79,0
2026-01-27 14:02:00,1.79,1.79,1.79,1.79,0
2026-01-27 14:03:00,1.79,1.79,1.79,1.79,0
2026-01-27 14:04:00,1.79,1.79,1.79,1.79,0
2026-01-27 14:05:00,1.8,1.8,1.8,1.8,1
2026-01-27 14:06:00,1.8,1.8,1.8,1.8,0
2026-01-27 14:07:00,1.8,1.8,1.8,1.8,0
2026-01-27 14:08:00,1.8,1.8,1.8,1.8,0
2026-01-27 14:09:00,1.8,1.8,1.8,1.8,0
2026-01-27 14:10:00,1.8,1.8,1.8,1.8,0
2026-01-27 14:11:00,1.833,1.833,1.833,1.833,20
2026-01-27 14:12:00,1.833,1.833,1.833,1.833,0
2026-01-27 14:13:00,1.833,1.833,1.833,1.833,0
2026-01-27 14:14:00,1.82,1.82,1.82,1.82,1
2026-01-27 14:15:00,1.82,1.82,1.82,1.82,0
2026-01-27 14:16:00,1.82,1.82,1.82,1.82,0
2026-01-27 14:17:00,1.82,1.82,1.82,1.82,0
2026-01-27 14:18:00,1.82,1.82,1.82,1.82,0
2026-01-27 14:19:00,1.82,1.82,1.82,1.82,0
2026-01-27 14:20:00,1.82,1.82,1.82,1.82,0
2026-01-27 14:21:00,1.82,1.82,1.82,1.82,0
2026-01-27 14:22:00,1.82,1.82,1.82,1.82,0
2026-01-27 14:23:00,1.82,1.82,1.82,1.82,0
2026-01-27 14:24:00,1.82,1.82,1.82,1.82,0
2026-01-27 14:25:00,1.83,1.83,1.83,1.83,2
2026-01-27 14:26:00,1.83,1.83,1.83,1.83,0
2026-01-27 14:27:00,1.83,1.83,1.83,1.83,0
2026-01-27 14:28:00,1.83,1.83,1.83,1.83,0
2026-01-27 14:29:00,1.83,1.83,1.83,1.83,0
2026-01-27 14:30:00,1.83,1.83,1.83,1.83,0
2026-01-27 14:31:00,1.83,1.83,1.83,1.83,0
2026-01-27 14:32:00,1.83,1.83,1.83,1.83,0
2026-01-27 14:33:00,1.83,1.83,1.83,1.83,0
2026-01-27 14:34:00,1.83,1.83,1.83,1.83,0
2026-01-27 14:35:00,1.83,1.83,1.83,1.83,0
2026-01-27 14:36:00,1.83,1.83,1.83,1.83,0
2026-01-27 14:37:00,1.83,1.83,1.83,1.83,0
2026-01-27 14:38:00,1.83,1.83,1.83,1.83,0
2026-01-27 14:39:00,1.83,1.83,1.83,1.83,0
2026-01-27 14:40:00,1.83,1.83,1.83,1.83,0
2026-01-27 14:41:00,1.83,1.83,1.83,1.83,0
2026-01-27 14:42:00,1.83,1.83,1.83,1.83,0
2026-01-27 14:43:00,1.83,1.83,1.83,1.83,0
2026-01-27 14:44:00,1.83,1.83,1.83,1.83,0
2026-01-27 14:45:00,1.83,1.83,1.83,1.83,0
2026-01-27 14:46:00,1.83,1.83,1.83,1.83,0
2026-01-27 14:47:00,1.83,1.83,1.83,1.83,0
2026-01-27 14:48:00,1.83,1.83,1.83,1.83,0
2026-01-27 14:49:00,1.83,1.83,1.83,1.83,0
2026-01-27 14:50:00,1.83,1.83,1.83,1.83,0
2026-01-27 14:51:00,1.83,1.83,1.83,1.83,4
2026-01-27 14:52:00,1.83,1.83,1.83,1.83,0
2026-01-27 14:53:00,1.83,1.83,1.83,1.83,0
2026-01-27 14:54:00,1.83,1.83,1.83,1.83,0
2026-01-27 14:55:00,1.83,1.83,1.83,1.83,0
2026-01-27 14:56:00,1.83,1.83,1.83,1.83,0
2026-01-27 14:57:00,1.83,1.83,1.83,1.83,0
2026-01-27 14:58:00,1.83,1.83,1.83,1.83,0
2026-01-27 14:59:00,1.83,1.83,1.83,1.83,0
2026-01-27 15:00:00,1.83,1.83,1.83,1.83,0
2026-01-27 15:01:00,1.83,1.83,1.83,1.83,0
2026-01-27 15:02:00,1.83,1.83,1.83,1.83,0
2026-01-27 15:03:00,1.83,1.83,1.83,1.83,0
2026-01-27 15:04:00,1.83,1.83,1.83,1.83,0
2026-01-27 15:05:00,1.83,1.83,1.83,1.83,0
2026-01-27 15:06:00,1.83,1.83,1.83,1.83,0
2026-01-27 15:07:00,1.83,1.83,1.83,1.83,0
2026-01-27 15:08:00,1.83,1.83,1.83,1.83,0
2026-01-27 15:09:00,1.83,1.83,1.83,1.83,1
2026-01-27 15:10:00,1.83,1.83,1.83,1.83,0
2026-01-27 15:11:00,1.83,1.83,1.83,1.83,0
2026-01-27 15:12:00,1.83,1.83,1.83,1.83,0
2026-01-27 15:13:00,1.83,1.83,1.83,1.83,0
2026-01-27 15:14:00,1.83,1.83,1.83,1.83,0
2026-01-27 15:15:00,1.83,1.83,1.83,1.83,0
2026-01-27 15:16:00,1.83,1.83,1.83,1.83,0
2026-01-27 15:17:00,1.83,1.83,1.83,1.83,0
2026-01-27 15:18:00,1.83,1.83,1.83,1.83,0
2026-01-27 15:19:00,1.83,1.83,1.83,1.83,0
2026-01-27 15:20:00,1.83,1.83,1.83,1.83,0
2026-01-27 15:21:00,1.83,1.83,1.83,1.83,0
2026-01-27 15:22:00,1.83,1.83,1.83,1.83,0
2026-01-27 15:23:00,1.83,1.83,1.83,1.83,0
2026-01-27 15:24:00,1.83,1.83,1.83,1.83,0
2026-01-27 15:25:00,1.83,1.83,1.83,1.83,0
2026-01-27 15:26:00,1.83,1.83,1.83,1.83,0
2026-01-27 15:27:00,1.83,1.83,1.83,1.83,0
2026-01-27 15:28:00,1.83,1.83,1.83,1.83,0
2026-01-27 15:29:00,1.83,1.83,1.83,1.83,0
2026-01-27 15:30:00,1.83,1.83,1.83,1.83,0
2026-01-27 15:31:00,1.83,1.83,1.83,1.83,0
2026-01-27 15:32:00,1.83,1.83,1.83,1.83,0
2026-01-27 15:33:00,1.83,1.83,1.83,1.83,0
2026-01-27 15:34:00,1.83,1.83,1.83,1.83,0
2026-01-27 15:35:00,1.83,1.83,1.83,1.83,0
2026-01-27 15:36:00,1.83,1.83,1.83,1.83,0
2026-01-27 15:37:00,1.83,1.83,1.83,1.83,0
2026-01-27 15:38:00,1.8699,1.8699,1.8699,1.8699,2
2026-01-27 15:39:00,1.8699,1.8699,1.8699,1.8699,0
2026-01-27 15:40:00,1.8699,1.8699,1.8699,1.8699,0
2026-01-27 15:41:00,1.8699,1.8699,1.8699,1.8699,0
2026-01-27 15:42:00,1.8699,1.8699,1.8699,1.8699,0
2026-01-27 15:43:00,1.8699,1.8699,1.8699,1.8699,0
2026-01-27 15:44:00,1.8699,1.8699,1.8699,1.8699,0
2026-01-27 15:45:00,1.827,1.827,1.827,1.827,10
2026-01-27 15:46:00,1.827,1.827,1.827,1.827,0
2026-01-27 15:47:00,1.827,1.827,1.827,1.827,0
2026-01-27 15:48:00,1.827,1.827,1.827,1.827,0
2026-01-27 15:49:00,1.827,1.827,1.827,1.827,0
2026-01-27 15:50:00,1.827,1.827,1.827,1.827,0
2026-01-27 15:51:00,1.827,1.827,1.827,1.827,0
2026-01-27 15:52:00,1.827,1.827,1.827,1.827,0
2026-01-27 15:53:00,1.81,1.81,1.81,1.81,1
2026-01-27 15:54:00,1.81,1.81,1.81,1.81,0
2026-01-27 15:55:00,1.81,1.81,1.81,1.81,0
2026-01-27 15:56:00,1.81,1.81,1.81,1.81,0
2026-01-27 15:57:00,1.81,1.81,1.81,1.81,0
2026-01-27 15:58:00,1.81,1.81,1.81,1.81,0
2026-01-27 15:59:00,1.8,1.8,1.8,1.8,2
2026-01-28 09:30:00,1.84,1.84,1.84,1.84,1
2026-01-28 09:31:00,1.81,1.81,1.81,1.81,3
2026-01-28 09:32:00,1.81,1.81,1.81,1.81,0
2026-01-28 09:33:00,1.81,1.81,1.81,1.81,0
2026-01-28 09:34:00,1.81,1.81,1.81,1.81,0
2026-01-28 09:35:00,1.81,1.81,1.81,1.81,0
2026-01-28 09:36:00,1.81,1.81,1.81,1.81,0
2026-01-28 09:37:00,1.81,1.81,1.81,1.81,0
2026-01-28 09:38:00,1.81,1.81,1.81,1.81,0
2026-01-28 09:39:00,1.81,1.81,1.81,1.81,0
2026-01-28 09:40:00,1.81,1.81,1.81,1.81,0
2026-01-28 09:41:00,1.81,1.81,1.81,1.81,0
2026-01-28 09:42:00,1.81,1.81,1.81,1.81,0
2026-01-28 09:43:00,1.81,1.81,1.81,1.81,0
2026-01-28 09:44:00,1.845,1.845,1.845,1.845,1
2026-01-28 09:45:00,1.845,1.845,1.845,1.845,0
2026-01-28 09:46:00,1.845,1.845,1.845,1.845,0
2026-01-28 09:47:00,1.845,1.845,1.845,1.845,0
2026-01-28 09:48:00,1.85,1.85,1.85,1.85,7
2026-01-28 09:49:00,1.85,1.85,1.85,1.85,0
2026-01-28 09:50:00,1.85,1.85,1.85,1.85,0
2026-01-28 09:51:00,1.85,1.85,1.85,1.85,0
2026-01-28 09:52:00,1.85,1.85,1.85,1.85,0
2026-01-28 09:53:00,1.85,1.85,1.85,1.85,0
2026-01-28 09:54:00,1.85,1.85,1.85,1.85,0
2026-01-28 09:55:00,1.85,1.85,1.85,1.85,0
2026-01-28 09:56:00,1.85,1.85,1.85,1.85,0
2026-01-28 09:57:00,1.85,1.85,1.85,1.85,0
2026-01-28 09:58:00,1.85,1.85,1.85,1.85,0
2026-01-28 09:59:00,1.85,1.85,1.85,1.85,0
2026-01-28 10:00:00,1.85,1.85,1.85,1.85,0
2026-01-28 10:01:00,1.85,1.85,1.85,1.85,0
2026-01-28 10:02:00,1.85,1.85,1.85,1.85,0
2026-01-28 10:03:00,1.85,1.85,1.85,1.85,0
2026-01-28 10:04:00,1.85,1.85,1.85,1.85,0
2026-01-28 10:05:00,1.85,1.85,1.85,1.85,0
2026-01-28 10:06:00,1.85,1.85,1.85,1.85,0
2026-01-28 10:07:00,1.85,1.85,1.85,1.85,0
2026-01-28 10:08:00,1.85,1.85,1.85,1.85,0
2026-01-28 10:09:00,1.85,1.85,1.85,1.85,0
2026-01-28 10:10:00,1.85,1.85,1.85,1.85,0
2026-01-28 10:11:00,1.85,1.85,1.85,1.85,0
2026-01-28 10:12:00,1.85,1.85,1.85,1.85,0
2026-01-28 10:13:00,1.85,1.85,1.85,1.85,0
2026-01-28 10:14:00,1.85,1.85,1.85,1.85,0
2026-01-28 10:15:00,1.85,1.85,1.85,1.85,0
2026-01-28 10:16:00,1.85,1.85,1.85,1.85,0
2026-01-28 10:17:00,1.85,1.85,1.85,1.85,0
2026-01-28 10:18:00,1.85,1.85,1.85,1.85,0
2026-01-28 10:19:00,1.85,1.85,1.85,1.85,0
2026-01-28 10:20:00,1.85,1.85,1.85,1.85,0
2026-01-28 10:21:00,1.85,1.85,1.85,1.85,0
2026-01-28 10:22:00,1.85,1.85,1.85,1.85,0
2026-01-28 10:23:00,1.85,1.85,1.85,1.85,0
2026-01-28 10:24:00,1.85,1.85,1.85,1.85,0
2026-01-28 10:25:00,1.85,1.85,1.85,1.85,0
2026-01-28 10:26:00,1.82,1.82,1.82,1.82,1
2026-01-28 10:27:00,1.82,1.82,1.82,1.82,0
2026-01-28 10:28:00,1.82,1.82,1.82,1.82,0
2026-01-28 10:29:00,1.82,1.82,1.82,1.82,0
2026-01-28 10:30:00,1.82,1.82,1.82,1.82,0
2026-01-28 10:31:00,1.82,1.82,1.82,1.82,0
2026-01-28 10:32:00,1.82,1.82,1.82,1.82,0
2026-01-28 10:33:00,1.83,1.83,1.83,1.83,3
2026-01-28 10:34:00,1.83,1.83,1.83,1.83,0
2026-01-28 10:35:00,1.83,1.83,1.83,1.83,0
2026-01-28 10:36:00,1.83,1.83,1.83,1.83,0
2026-01-28 10:37:00,1.83,1.83,1.83,1.83,0
2026-01-28 10:38:00,1.81,1.81,1.81,1.81,2
2026-01-28 10:39:00,1.81,1.81,1.81,1.81,0
2026-01-28 10:40:00,1.81,1.81,1.81,1.81,0
2026-01-28 10:41:00,1.81,1.81,1.81,1.81,0
2026-01-28 10:42:00,1.81,1.81,1.81,1.81,0
2026-01-28 10:43:00,1.81,1.81,1.81,1.81,0
2026-01-28 10:44:00,1.81,1.81,1.81,1.81,0
2026-01-28 10:45:00,1.81,1.81,1.81,1.81,0
2026-01-28 10:46:00,1.81,1.81,1.81,1.81,0
2026-01-28 10:47:00,1.81,1.81,1.81,1.81,0
2026-01-28 10:48:00,1.81,1.81,1.81,1.81,0
2026-01-28 10:49:00,1.81,1.81,1.81,1.81,0
2026-01-28 10:50:00,1.81,1.81,1.81,1.81,1
2026-01-28 10:51:00,1.81,1.81,1.81,1.81,0
2026-01-28 10:52:00,1.81,1.81,1.81,1.81,0
2026-01-28 10:53:00,1.81,1.81,1.81,1.81,0
2026-01-28 10:54:00,1.81,1.81,1.81,1.81,0
2026-01-28 10:55:00,1.81,1.81,1.81,1.81,0
2026-01-28 10:56:00,1.81,1.81,1.81,1.81,0
2026-01-28 10:57:00,1.81,1.81,1.81,1.81,0
2026-01-28 10:58:00,1.81,1.81,1.81,1.81,0
2026-01-28 10:59:00,1.81,1.81,1.81,1.81,0
2026-01-28 11:00:00,1.81,1.81,1.81,1.81,0
2026-01-28 11:01:00,1.81,1.81,1.81,1.81,0
2026-01-28 11:02:00,1.81,1.81,1.81,1.81,0
2026-01-28 11:03:00,1.81,1.81,1.81,1.81,0
2026-01-28 11:04:00,1.81,1.81,1.81,1.81,0
2026-01-28 11:05:00,1.81,1.81,1.81,1.81,0
2026-01-28 11:06:00,1.81,1.81,1.81,1.81,0
2026-01-28 11:07:00,1.81,1.81,1.81,1.81,0
2026-01-28 11:08:00,1.81,1.81,1.81,1.81,0
2026-01-28 11:09:00,1.81,1.81,1.81,1.81,0
2026-01-28 11:10:00,1.81,1.81,1.81,1.81,0
2026-01-28 11:11:00,1.81,1.81,1.81,1.81,0
2026-01-28 11:12:00,1.81,1.81,1.81,1.81,0
2026-01-28 11:13:00,1.81,1.81,1.81,1.81,0
2026-01-28 11:14:00,1.81,1.81,1.81,1.81,0
2026-01-28 11:15:00,1.81,1.81,1.81,1.81,0
2026-01-28 11:16:00,1.81,1.81,1.81,1.81,0
2026-01-28 11:17:00,1.81,1.81,1.81,1.81,0
2026-01-28 11:18:00,1.81,1.81,1.81,1.81,0
2026-01-28 11:19:00,1.82,1.82,1.82,1.82,3
2026-01-28 11:20:00,1.82,1.82,1.82,1.82,0
2026-01-28 11:21:00,1.82,1.82,1.82,1.82,0
2026-01-28 11:22:00,1.81,1.81,1.81,1.81,1
2026-01-28 11:23:00,1.81,1.81,1.81,1.81,0
2026-01-28 11:24:00,1.81,1.81,1.81,1.81,0
2026-01-28 11:25:00,1.81,1.81,1.81,1.81,0
2026-01-28 11:26:00,1.81,1.81,1.81,1.81,0
2026-01-28 11:27:00,1.81,1.81,1.81,1.81,0
2026-01-28 11:28:00,1.81,1.81,1.81,1.81,0
2026-01-28 11:29:00,1.81,1.81,1.81,1.81,0
2026-01-28 11:30:00,1.81,1.81,1.81,1.81,0
2026-01-28 11:31:00,1.81,1.81,1.81,1.81,0
2026-01-28 11:32:00,1.81,1.81,1.81,1.81,0
2026-01-28 11:33:00,1.81,1.81,1.81,1.81,0
2026-01-28 11:34:00,1.81,1.81,1.81,1.81,0
2026-01-28 11:35:00,1.81,1.81,1.81,1.81,0
2026-01-28 11:36:00,1.81,1.81,1.81,1.81,0
2026-01-28 11:37:00,1.81,1.81,1.81,1.81,0
2026-01-28 11:38:00,1.81,1.81,1.81,1.81,0
2026-01-28 11:39:00,1.81,1.81,1.81,1.81,0
2026-01-28 11:40:00,1.81,1.81,1.81,1.81,0
2026-01-28 11:41:00,1.81,1.81,1.81,1.81,0
2026-01-28 11:42:00,1.81,1.81,1.81,1.81,0
2026-01-28 11:43:00,1.81,1.81,1.81,1.81,0
2026-01-28 11:44:00,1.81,1.81,1.81,1.81,0
2026-01-28 11:45:00,1.81,1.81,1.81,1.81,0
2026-01-28 11:46:00,1.81,1.81,1.81,1.81,0
2026-01-28 11:47:00,1.81,1.81,1.81,1.81,0
2026-01-28 11:48:00,1.81,1.81,1.81,1.81,0
2026-01-28 11:49:00,1.81,1.81,1.81,1.81,0
2026-01-28 11:50:00,1.81,1.81,1.81,1.81,0
2026-01-28 11:51:00,1.81,1.81,1.81,1.81,0
2026-01-28 11:52:00,1.81,1.81,1.81,1.81,0
2026-01-28 11:53:00,1.81,1.81,1.81,1.81,0
2026-01-28 11:54:00,1.81,1.81,1.81,1.81,0
2026-01-28 11:55:00,1.81,1.81,1.81,1.81,0
2026-01-28 11:56:00,1.81,1.81,1.81,1.81,0
2026-01-28 11:57:00,1.81,1.81,1.81,1.81,0
2026-01-28 11:58:00,1.81,1.81,1.81,1.81,0
2026-01-28 11:59:00,1.81,1.81,1.81,1.81,0
2026-01-28 12:00:00,1.815,1.815,1.815,1.815,1
2026-01-28 12:01:00,1.815,1.815,1.815,1.815,1
2026-01-28 12:02:00,1.815,1.815,1.815,1.815,0
2026-01-28 12:03:00,1.815,1.815,1.815,1.815,0
2026-01-28 12:04:00,1.815,1.815,1.815,1.815,0
2026-01-28 12:05:00,1.815,1.815,1.815,1.815,0
2026-01-28 12:06:00,1.815,1.815,1.815,1.815,0
2026-01-28 12:07:00,1.815,1.815,1.815,1.815,1
2026-01-28 12:08:00,1.815,1.815,1.815,1.815,0
2026-01-28 12:09:00,1.815,1.815,1.815,1.815,0
2026-01-28 12:10:00,1.815,1.815,1.815,1.815,0
2026-01-28 12:11:00,1.815,1.815,1.815,1.815,0
2026-01-28 12:12:00,1.815,1.815,1.815,1.815,0
2026-01-28 12:13:00,1.815,1.815,1.815,1.815,0
2026-01-28 12:14:00,1.815,1.815,1.815,1.815,0
2026-01-28 12:15:00,1.815,1.815,1.815,1.815,0
2026-01-28 12:16:00,1.815,1.815,1.815,1.815,0
2026-01-28 12:17:00,1.815,1.815,1.815,1.815,0
2026-01-28 12:18:00,1.815,1.815,1.815,1.815,0
2026-01-28 12:19:00,1.815,1.815,1.815,1.815,0
2026-01-28 12:20:00,1.815,1.815,1.815,1.815,0
2026-01-28 12:21:00,1.815,1.815,1.815,1.815,0
2026-01-28 12:22:00,1.815,1.815,1.815,1.815,0
2026-01-28 12:23:00,1.815,1.815,1.815,1.815,0
2026-01-28 12:24:00,1.815,1.815,1.815,1.815,0
2026-01-28 12:25:00,1.815,1.815,1.815,1.815,0
2026-01-28 12:26:00,1.815,1.815,1.815,1.815,0
2026-01-28 12:27:00,1.815,1.815,1.815,1.815,0
2026-01-28 12:28:00,1.815,1.815,1.815,1.815,0
2026-01-28 12:29:00,1.815,1.815,1.815,1.815,0
2026-01-28 12:30:00,1.815,1.815,1.815,1.815,0
2026-01-28 12:31:00,1.815,1.815,1.815,1.815,0
2026-01-28 12:32:00,1.815,1.815,1.815,1.815,0
2026-01-28 12:33:00,1.815,1.815,1.815,1.815,0
2026-01-28 12:34:00,1.815,1.815,1.815,1.815,0
2026-01-28 12:35:00,1.815,1.815,1.815,1.815,0
2026-01-28 12:36:00,1.815,1.815,1.815,1.815,0
2026-01-28 12:37:00,1.815,1.815,1.815,1.815,0
2026-01-28 12:38:00,1.815,1.815,1.815,1.815,0
2026-01-28 12:39:00,1.815,1.815,1.815,1.815,0
2026-01-28 12:40:00,1.815,1.815,1.815,1.815,0
2026-01-28 12:41:00,1.815,1.815,1.815,1.815,0
2026-01-28 12:42:00,1.815,1.815,1.815,1.815,0
2026-01-28 12:43:00,1.815,1.815,1.815,1.815,0
2026-01-28 12:44:00,1.815,1.815,1.815,1.815,0
2026-01-28 12:45:00,1.815,1.815,1.815,1.815,0
2026-01-28 12:46:00,1.815,1.815,1.815,1.815,0
2026-01-28 12:47:00,1.81,1.815,1.8,1.815,46
2026-01-28 12:48:00,1.815,1.815,1.815,1.815,0
2026-01-28 12:49:00,1.815,1.815,1.815,1.815,0
2026-01-28 12:50:00,1.815,1.815,1.815,1.815,0
2026-01-28 12:51:00,1.815,1.815,1.815,1.815,0
2026-01-28 12:52:00,1.815,1.815,1.815,1.815,0
2026-01-28 12:53:00,1.815,1.815,1.815,1.815,0
2026-01-28 12:54:00,1.815,1.815,1.815,1.815,0
2026-01-28 12:55:00,1.815,1.815,1.815,1.815,0
2026-01-28 12:56:00,1.815,1.815,1.815,1.815,0
2026-01-28 12:57:00,1.815,1.815,1.815,1.815,0
2026-01-28 12:58:00,1.815,1.815,1.815,1.815,0
2026-01-28 12:59:00,1.815,1.815,1.815,1.815,0
2026-01-28 13:00:00,1.815,1.815,1.815,1.815,0
2026-01-28 13:01:00,1.815,1.815,1.815,1.815,0
2026-01-28 13:02:00,1.815,1.815,1.815,1.815,0
2026-01-28 13:03:00,1.815,1.815,1.815,1.815,0
2026-01-28 13:04:00,1.815,1.815,1.815,1.815,0
2026-01-28 13:05:00,1.815,1.815,1.815,1.815,0
2026-01-28 13:06:00,1.815,1.815,1.815,1.815,0
2026-01-28 13:07:00,1.815,1.815,1.815,1.815,0
2026-01-28 13:08:00,1.815,1.815,1.815,1.815,0
2026-01-28 13:09:00,1.815,1.815,1.815,1.815,0
2026-01-28 13:10:00,1.815,1.815,1.815,1.815,0
2026-01-28 13:11:00,1.815,1.815,1.815,1.815,0
2026-01-28 13:12:00,1.815,1.815,1.815,1.815,0
2026-01-28 13:13:00,1.815,1.815,1.815,1.815,0
2026-01-28 13:14:00,1.815,1.815,1.815,1.815,0
2026-01-28 13:15:00,1.815,1.815,1.815,1.815,0
2026-01-28 13:16:00,1.815,1.815,1.815,1.815,0
2026-01-28 13:17:00,1.815,1.815,1.815,1.815,0
2026-01-28 13:18:00,1.815,1.815,1.815,1.815,0
2026-01-28 13:19:00,1.815,1.815,1.815,1.815,0
2026-01-28 13:20:00,1.82,1.82,1.82,1.82,1
2026-01-28 13:21:00,1.82,1.82,1.82,1.82,0
2026-01-28 13:22:00,1.82,1.82,1.82,1.82,0
2026-01-28 13:23:00,1.82,1.82,1.82,1.82,0
2026-01-28 13:24:00,1.82,1.82,1.82,1.82,0
2026-01-28 13:25:00,1.82,1.82,1.82,1.82,0
2026-01-28 13:26:00,1.82,1.82,1.82,1.82,0
2026-01-28 13:27:00,1.82,1.82,1.82,1.82,0
2026-01-28 13:28:00,1.82,1.82,1.82,1.82,0
2026-01-28 13:29:00,1.82,1.82,1.82,1.82,0
2026-01-28 13:30:00,1.82,1.82,1.82,1.82,0
2026-01-28 13:31:00,1.82,1.82,1.82,1.82,0
2026-01-28 13:32:00,1.82,1.82,1.82,1.82,0
2026-01-28 13:33:00,1.82,1.82,1.82,1.82,0
2026-01-28 13:34:00,1.82,1.82,1.82,1.82,0
2026-01-28 13:35:00,1.82,1.82,1.82,1.82,0
2026-01-28 13:36:00,1.82,1.82,1.82,1.82,0
2026-01-28 13:37:00,1.82,1.82,1.82,1.82,0
2026-01-28 13:38:00,1.82,1.82,1.82,1.82,0
2026-01-28 13:39:00,1.82,1.82,1.82,1.82,0
2026-01-28 13:40:00,1.82,1.82,1.82,1.82,0
2026-01-28 13:41:00,1.82,1.82,1.82,1.82,0
2026-01-28 13:42:00,1.82,1.82,1.82,1.82,0
2026-01-28 13:43:00,1.82,1.82,1.82,1.82,0
2026-01-28 13:44:00,1.82,1.82,1.82,1.82,0
2026-01-28 13:45:00,1.8,1.8,1.8,1.8,3
2026-01-28 13:46:00,1.8,1.8,1.8,1.8,0
2026-01-28 13:47:00,1.8,1.8,1.8,1.8,0
2026-01-28 13:48:00,1.8,1.8,1.8,1.8,0
2026-01-28 13:49:00,1.8,1.8,1.8,1.8,0
2026-01-28 13:50:00,1.8,1.8,1.8,1.8,0
2026-01-28 13:51:00,1.8,1.8,1.8,1.8,0
2026-01-28 13:52:00,1.8,1.8,1.8,1.8,0
2026-01-28 13:53:00,1.8,1.8,1.8,1.8,0
2026-01-28 13:54:00,1.8,1.8,1.8,1.8,0
2026-01-28 13:55:00,1.8,1.8,1.8,1.8,0
2026-01-28 13:56:00,1.8,1.8,1.8,1.8,0
2026-01-28 13:57:00,1.8,1.8,1.8,1.8,0
2026-01-28 13:58:00,1.8,1.8,1.8,1.8,0
2026-01-28 13:59:00,1.8,1.8,1.8,1.8,0
2026-01-28 14:00:00,1.8,1.8,1.8,1.8,0
2026-01-28 14:01:00,1.8,1.8,1.8,1.8,0
2026-01-28 14:02:00,1.8,1.8,1.8,1.8,0
2026-01-28 14:03:00,1.8,1.8,1.8,1.8,0
2026-01-28 14:04:00,1.8,1.8,1.8,1.8,0
2026-01-28 14:05:00,1.8,1.8,1.8,1.8,0
2026-01-28 14:06:00,1.7861,1.7861,1.7861,1.7861,3
2026-01-28 14:07:00,1.7861,1.7861,1.7861,1.7861,0
2026-01-28 14:08:00,1.7861,1.7861,1.7861,1.7861,0
2026-01-28 14:09:00,1.7861,1.7861,1.7861,1.7861,0
2026-01-28 14:10:00,1.7861,1.7861,1.7861,1.7861,0
2026-01-28 14:11:00,1.7861,1.7861,1.7861,1.7861,0
2026-01-28 14:12:00,1.7861,1.7861,1.7861,1.7861,0
2026-01-28 14:13:00,1.7861,1.7861,1.7861,1.7861,0
2026-01-28 14:14:00,1.7861,1.7861,1.7861,1.7861,0
2026-01-28 14:15:00,1.7861,1.7861,1.7861,1.7861,0
2026-01-28 14:16:00,1.7861,1.7861,1.7861,1.7861,0
2026-01-28 14:17:00,1.7861,1.7861,1.7861,1.7861,0
2026-01-28 14:18:00,1.7861,1.7861,1.7861,1.7861,0
2026-01-28 14:19:00,1.7861,1.7861,1.7861,1.7861,0
2026-01-28 14:20:00,1.7861,1.7861,1.7861,1.7861,0
2026-01-28 14:21:00,1.7861,1.7861,1.7861,1.7861,0
2026-01-28 14:22:00,1.7861,1.7861,1.7861,1.7861,0
2026-01-28 14:23:00,1.7861,1.7861,1.7861,1.7861,0
2026-01-28 14:24:00,1.7861,1.7861,1.7861,1.7861,0
2026-01-28 14:25:00,1.7861,1.7861,1.7861,1.7861,0
2026-01-28 14:26:00,1.7861,1.7861,1.7861,1.7861,0
2026-01-28 14:27:00,1.7861,1.7861,1.7861,1.7861,0
2026-01-28 14:28:00,1.7861,1.7861,1.7861,1.7861,0
2026-01-28 14:29:00,1.7861,1.7861,1.7861,1.7861,0
2026-01-28 14:30:00,1.7861,1.7861,1.7861,1.7861,0
2026-01-28 14:31:00,1.7861,1.7861,1.7861,1.7861,0
2026-01-28 14:32:00,1.7861,1.7861,1.7861,1.7861,0
2026-01-28 14:33:00,1.7861,1.7861,1.7861,1.7861,0
2026-01-28 14:34:00,1.7861,1.7861,1.7861,1.7861,0
2026-01-28 14:35:00,1.7861,1.7861,1.7861,1.7861,0
2026-01-28 14:36:00,1.7861,1.7861,1.7861,1.7861,0
2026-01-28 14:37:00,1.7861,1.7861,1.7861,1.7861,0
2026-01-28 14:38:00,1.7861,1.7861,1.7861,1.7861,0
2026-01-28 14:39:00,1.7861,1.7861,1.7861,1.7861,0
2026-01-28 14:40:00,1.7861,1.7861,1.7861,1.7861,0
2026-01-28 14:41:00,1.7861,1.7861,1.7861,1.7861,0
2026-01-28 14:42:00,1.7861,1.7861,1.7861,1.7861,0
2026-01-28 14:43:00,1.7861,1.7861,1.7861,1.7861,0
2026-01-28 14:44:00,1.7861,1.7861,1.7861,1.7861,0
2026-01-28 14:45:00,1.7861,1.7861,1.7861,1.7861,0
2026-01-28 14:46:00,1.7861,1.7861,1.7861,1.7861,0
2026-01-28 14:47:00,1.7861,1.7861,1.7861,1.7861,0
2026-01-28 14:48:00,1.7861,1.7861,1.7861,1.7861,0
2026-01-28 14:49:00,1.7861,1.7861,1.7861,1.7861,0
2026-01-28 14:50:00,1.7861,1.7861,1.7861,1.7861,0
2026-01-28 14:51:00,1.8199,1.8199,1.8199,1.8199,18
2026-01-28 14:52:00,1.8199,1.8199,1.8199,1.8199,0
2026-01-28 14:53:00,1.8199,1.8199,1.8199,1.8199,0
2026-01-28 14:54:00,1.8199,1.8199,1.8199,1.8199,0
2026-01-28 14:55:00,1.8199,1.8199,1.8199,1.8199,0
2026-01-28 14:56:00,1.8199,1.8199,1.8199,1.8199,0
2026-01-28 14:57:00,1.8199,1.8199,1.8199,1.8199,0
2026-01-28 14:58:00,1.8199,1.8199,1.8199,1.8199,0
2026-01-28 14:59:00,1.8199,1.8199,1.8199,1.8199,0
2026-01-28 15:00:00,1.8199,1.8199,1.8199,1.8199,0
2026-01-28 15:01:00,1.8199,1.8199,1.8199,1.8199,0
2026-01-28 15:02:00,1.8199,1.8199,1.8199,1.8199,0
2026-01-28 15:03:00,1.8199,1.8199,1.8199,1.8199,0
2026-01-28 15:04:00,1.8199,1.8199,1.8199,1.8199,0
2026-01-28 15:05:00,1.8199,1.8199,1.8199,1.8199,0
2026-01-28 15:06:00,1.8199,1.8199,1.8199,1.8199,0
2026-01-28 15:07:00,1.8199,1.8199,1.8199,1.8199,0
2026-01-28 15:08:00,1.8199,1.8199,1.8199,1.8199,0
2026-01-28 15:09:00,1.8199,1.8199,1.8199,1.8199,0
2026-01-28 15:10:00,1.8199,1.8199,1.8199,1.8199,0
2026-01-28 15:11:00,1.8199,1.8199,1.8199,1.8199,0
2026-01-28 15:12:00,1.8199,1.8199,1.8199,1.8199,0
2026-01-28 15:13:00,1.8199,1.8199,1.8199,1.8199,0
2026-01-28 15:14:00,1.8199,1.8199,1.8199,1.8199,0
2026-01-28 15:15:00,1.8199,1.8199,1.8199,1.8199,0
2026-01-28 15:16:00,1.8199,1.8199,1.8199,1.8199,0
2026-01-28 15:17:00,1.8199,1.8199,1.8199,1.8199,0
2026-01-28 15:18:00,1.8199,1.8199,1.8199,1.8199,0
2026-01-28 15:19:00,1.8199,1.8199,1.8199,1.8199,0
2026-01-28 15:20:00,1.8199,1.8199,1.8199,1.8199,0
2026-01-28 15:21:00,1.8199,1.8199,1.8199,1.8199,0
2026-01-28 15:22:00,1.8199,1.8199,1.8199,1.8199,0
2026-01-28 15:23:00,1.8199,1.8199,1.8199,1.8199,0
2026-01-28 15:24:00,1.8199,1.8199,1.8199,1.8199,0
2026-01-28 15:25:00,1.8199,1.8199,1.8199,1.8199,0
2026-01-28 15:26:00,1.8199,1.8199,1.8199,1.8199,0
2026-01-28 15:27:00,1.8199,1.8199,1.8199,1.8199,0
2026-01-28 15:28:00,1.8199,1.8199,1.8199,1.8199,0
2026-01-28 15:29:00,1.8199,1.8199,1.8199,1.8199,0
2026-01-28 15:30:00,1.8199,1.8199,1.8199,1.8199,0
2026-01-28 15:31:00,1.8199,1.8199,1.8199,1.8199,0
2026-01-28 15:32:00,1.8199,1.8199,1.8199,1.8199,0
2026-01-28 15:33:00,1.8199,1.8199,1.8199,1.8199,0
2026-01-28 15:34:00,1.8199,1.8199,1.8199,1.8199,0
2026-01-28 15:35:00,1.8199,1.8199,1.8199,1.8199,0
2026-01-28 15:36:00,1.8199,1.8199,1.8199,1.8199,0
2026-01-28 15:37:00,1.8199,1.8199,1.8199,1.8199,0
2026-01-28 15:38:00,1.8199,1.8199,1.8199,1.8199,0
2026-01-28 15:39:00,1.8199,1.8199,1.8199,1.8199,0
2026-01-28 15:40:00,1.8199,1.8199,1.8199,1.8199,0
2026-01-28 15:41:00,1.8199,1.8199,1.8199,1.8199,0
2026-01-28 15:42:00,1.8199,1.8199,1.8199,1.8199,0
2026-01-28 15:43:00,1.8199,1.8199,1.8199,1.8199,0
2026-01-28 15:44:00,1.8199,1.8199,1.8199,1.8199,0
2026-01-28 15:45:00,1.8199,1.8199,1.8199,1.8199,0
2026-01-28 15:46:00,1.8199,1.8199,1.8199,1.8199,0
2026-01-28 15:47:00,1.8199,1.8199,1.8199,1.8199,0
2026-01-28 15:48:00,1.805,1.805,1.805,1.805,2
2026-01-28 15:49:00,1.805,1.805,1.805,1.805,0
2026-01-28 15:50:00,1.805,1.805,1.805,1.805,0
2026-01-28 15:51:00,1.805,1.805,1.805,1.805,0
2026-01-28 15:52:00,1.805,1.805,1.805,1.805,0
2026-01-28 15:53:00,1.805,1.805,1.805,1.805,0
2026-01-28 15:54:00,1.805,1.805,1.805,1.805,0
2026-01-28 15:55:00,1.805,1.805,1.805,1.805,0
2026-01-28 15:56:00,1.795,1.795,1.79,1.79,9
2026-01-28 15:57:00,1.79,1.79,1.79,1.79,0
2026-01-28 15:58:00,1.79,1.79,1.79,1.79,0
2026-01-28 15:59:00,1.79,1.79,1.79,1.79,2
2026-01-29 09:30:00,1.77,1.77,1.77,1.77,0
2026-01-29 09:31:00,1.77,1.77,1.77,1.77,0
2026-01-29 09:32:00,1.77,1.77,1.77,1.77,0
2026-01-29 09:33:00,1.77,1.77,1.77,1.77,0
2026-01-29 09:34:00,1.77,1.77,1.77,1.77,0
2026-01-29 09:35:00,1.77,1.77,1.77,1.77,0
2026-01-29 09:36:00,1.77,1.77,1.77,1.77,0
2026-01-29 09:37:00,1.77,1.77,1.77,1.77,0
2026-01-29 09:38:00,1.8,1.8,1.8,1.8,5
2026-01-29 09:39:00,1.8,1.8,1.8,1.8,0
2026-01-29 09:40:00,1.8,1.8,1.8,1.8,0
2026-01-29 09:41:00,1.8,1.8,1.8,1.8,0
2026-01-29 09:42:00,1.8,1.8,1.8,1.8,0
2026-01-29 09:43:00,1.8,1.8,1.8,1.8,0
2026-01-29 09:44:00,1.8,1.8,1.8,1.8,0
2026-01-29 09:45:00,1.8,1.8,1.8,1.8,0
2026-01-29 09:46:00,1.8,1.8,1.8,1.8,0
2026-01-29 09:47:00,1.8,1.8,1.8,1.8,0
2026-01-29 09:48:00,1.8,1.8,1.8,1.8,0
2026-01-29 09:49:00,1.8,1.8,1.8,1.8,0
2026-01-29 09:50:00,1.8,1.8,1.8,1.8,0
2026-01-29 09:51:00,1.8,1.8,1.8,1.8,0
2026-01-29 09:52:00,1.8,1.8,1.8,1.8,0
2026-01-29 09:53:00,1.8,1.8,1.8,1.8,0
2026-01-29 09:54:00,1.8,1.8,1.8,1.8,0
2026-01-29 09:55:00,1.8,1.8,1.8,1.8,0
2026-01-29 09:56:00,1.8,1.8,1.8,1.8,0
2026-01-29 09:57:00,1.8,1.8,1.8,1.8,0
2026-01-29 09:58:00,1.8,1.8,1.8,1.8,0
2026-01-29 09:59:00,1.8,1.8,1.8,1.8,0
2026-01-29 10:00:00,1.8,1.8,1.8,1.8,0
2026-01-29 10:01:00,1.8,1.8,1.8,1.8,0
2026-01-29 10:02:00,1.8,1.8,1.8,1.8,0
2026-01-29 10:03:00,1.77,1.77,1.77,1.77,4
2026-01-29 10:04:00,1.77,1.77,1.77,1.77,0
2026-01-29 10:05:00,1.77,1.77,1.77,1.77,0
2026-01-29 10:06:00,1.77,1.77,1.77,1.77,0
2026-01-29 10:07:00,1.77,1.77,1.77,1.77,0
2026-01-29 10:08:00,1.77,1.77,1.77,1.77,0
2026-01-29 10:09:00,1.77,1.77,1.77,1.77,0
2026-01-29 10:10:00,1.77,1.77,1.77,1.77,0
2026-01-29 10:11:00,1.77,1.77,1.77,1.77,0
2026-01-29 10:12:00,1.77,1.77,1.77,1.77,0
2026-01-29 10:13:00,1.77,1.77,1.77,1.77,0
2026-01-29 10:14:00,1.77,1.77,1.77,1.77,0
2026-01-29 10:15:00,1.77,1.77,1.77,1.77,0
2026-01-29 10:16:00,1.77,1.77,1.77,1.77,0
2026-01-29 10:17:00,1.77,1.77,1.77,1.77,0
2026-01-29 10:18:00,1.77,1.77,1.77,1.77,0
2026-01-29 10:19:00,1.77,1.77,1.77,1.77,0
2026-01-29 10:20:00,1.76,1.76,1.75,1.75,29
2026-01-29 10:21:00,1.75,1.75,1.75,1.75,0
2026-01-29 10:22:00,1.74,1.74,1.73,1.7316,35
2026-01-29 10:23:00,1.7316,1.7316,1.7316,1.7316,0
2026-01-29 10:24:00,1.75,1.75,1.73,1.73,6
2026-01-29 10:25:00,1.73,1.73,1.73,1.73,0
2026-01-29 10:26:00,1.73,1.73,1.73,1.73,0
2026-01-29 10:27:00,1.73,1.73,1.73,1.73,0
2026-01-29 10:28:00,1.73,1.73,1.73,1.73,0
2026-01-29 10:29:00,1.73,1.73,1.73,1.73,0
2026-01-29 10:30:00,1.73,1.73,1.73,1.73,0
2026-01-29 10:31:00,1.73,1.73,1.73,1.73,0
2026-01-29 10:32:00,1.73,1.73,1.73,1.73,0
2026-01-29 10:33:00,1.73,1.73,1.73,1.73,0
2026-01-29 10:34:00,1.73,1.73,1.73,1.73,0
2026-01-29 10:35:00,1.73,1.73,1.73,1.73,0
2026-01-29 10:36:00,1.73,1.73,1.73,1.73,0
2026-01-29 10:37:00,1.73,1.73,1.73,1.73,0
2026-01-29 10:38:00,1.73,1.73,1.73,1.73,0
2026-01-29 10:39:00,1.73,1.73,1.73,1.73,0
2026-01-29 10:40:00,1.73,1.73,1.73,1.73,0
2026-01-29 10:41:00,1.73,1.73,1.73,1.73,0
2026-01-29 10:42:00,1.73,1.73,1.73,1.73,0
2026-01-29 10:43:00,1.7,1.71,1.68,1.69,61
2026-01-29 10:44:00,1.69,1.69,1.69,1.69,0
2026-01-29 10:45:00,1.69,1.69,1.69,1.69,0
2026-01-29 10:46:00,1.69,1.69,1.69,1.69,0
2026-01-29 10:47:00,1.73,1.76,1.73,1.76,6
2026-01-29 10:48:00,1.76,1.76,1.76,1.76,0
2026-01-29 10:49:00,1.76,1.76,1.76,1.76,0
2026-01-29 10:50:00,1.76,1.76,1.76,1.76,0
2026-01-29 10:51:00,1.7,1.7,1.7,1.7,2
2026-01-29 10:52:00,1.7,1.7,1.7,1.7,0
2026-01-29 10:53:00,1.7,1.7,1.7,1.7,0
2026-01-29 10:54:00,1.73,1.73,1.73,1.73,1
2026-01-29 10:55:00,1.73,1.73,1.73,1.73,0
2026-01-29 10:56:00,1.73,1.73,1.73,1.73,0
2026-01-29 10:57:00,1.73,1.73,1.73,1.73,0
2026-01-29 10:58:00,1.73,1.73,1.73,1.73,0
2026-01-29 10:59:00,1.7,1.7,1.7,1.7,1
2026-01-29 11:00:00,1.7,1.7,1.7,1.7,0
2026-01-29 11:01:00,1.7,1.7,1.7,1.7,0
2026-01-29 11:02:00,1.745,1.745,1.745,1.745,2
2026-01-29 11:03:00,1.745,1.745,1.745,1.745,0
2026-01-29 11:04:00,1.745,1.745,1.745,1.745,0
2026-01-29 11:05:00,1.745,1.745,1.745,1.745,0
2026-01-29 11:06:00,1.745,1.745,1.745,1.745,0
2026-01-29 11:07:00,1.745,1.745,1.745,1.745,0
2026-01-29 11:08:00,1.745,1.745,1.745,1.745,0
2026-01-29 11:09:00,1.745,1.745,1.745,1.745,0
2026-01-29 11:10:00,1.745,1.745,1.745,1.745,0
2026-01-29 11:11:00,1.745,1.745,1.745,1.745,0
2026-01-29 11:12:00,1.745,1.745,1.745,1.745,0
2026-01-29 11:13:00,1.745,1.745,1.745,1.745,0
2026-01-29 11:14:00,1.745,1.745,1.745,1.745,0
2026-01-29 11:15:00,1.745,1.745,1.745,1.745,0
2026-01-29 11:16:00,1.745,1.745,1.745,1.745,0
2026-01-29 11:17:00,1.745,1.745,1.745,1.745,0
2026-01-29 11:18:00,1.745,1.745,1.745,1.745,0
2026-01-29 11:19:00,1.73,1.73,1.73,1.73,1
2026-01-29 11:20:00,1.73,1.73,1.73,1.73,0
2026-01-29 11:21:00,1.73,1.73,1.73,1.73,0
2026-01-29 11:22:00,1.73,1.73,1.73,1.73,0
2026-01-29 11:23:00,1.73,1.73,1.73,1.73,0
2026-01-29 11:24:00,1.73,1.73,1.73,1.73,0
2026-01-29 11:25:00,1.73,1.73,1.73,1.73,0
2026-01-29 11:26:00,1.73,1.73,1.73,1.73,0
2026-01-29 11:27:00,1.73,1.73,1.73,1.73,0
2026-01-29 11:28:00,1.73,1.73,1.73,1.73,0
2026-01-29 11:29:00,1.73,1.73,1.73,1.73,0
2026-01-29 11:30:00,1.73,1.73,1.73,1.73,0
2026-01-29 11:31:00,1.73,1.73,1.73,1.73,0
2026-01-29 11:32:00,1.73,1.73,1.73,1.73,0
2026-01-29 11:33:00,1.73,1.73,1.73,1.73,0
2026-01-29 11:34:00,1.73,1.73,1.73,1.73,0
2026-01-29 11:35:00,1.73,1.73,1.73,1.73,0
2026-01-29 11:36:00,1.73,1.73,1.73,1.73,0
2026-01-29 11:37:00,1.73,1.73,1.73,1.73,0
2026-01-29 11:38:00,1.73,1.73,1.73,1.73,0
2026-01-29 11:39:00,1.73,1.73,1.73,1.73,0
2026-01-29 11:40:00,1.73,1.73,1.73,1.73,0
2026-01-29 11:41:00,1.73,1.73,1.73,1.73,0
2026-01-29 11:42:00,1.73,1.73,1.73,1.73,0
2026-01-29 11:43:00,1.73,1.73,1.73,1.73,0
2026-01-29 11:44:00,1.73,1.73,1.73,1.73,0
2026-01-29 11:45:00,1.73,1.73,1.73,1.73,0
2026-01-29 11:46:00,1.73,1.73,1.73,1.73,0
2026-01-29 11:47:00,1.73,1.73,1.73,1.73,0
2026-01-29 11:48:00,1.745,1.745,1.745,1.745,1
2026-01-29 11:49:00,1.745,1.745,1.745,1.745,0
2026-01-29 11:50:00,1.745,1.745,1.745,1.745,0
2026-01-29 11:51:00,1.745,1.745,1.745,1.745,0
2026-01-29 11:52:00,1.745,1.745,1.745,1.745,1
2026-01-29 11:53:00,1.745,1.745,1.745,1.745,0
2026-01-29 11:54:00,1.745,1.745,1.745,1.745,0
2026-01-29 11:55:00,1.73,1.73,1.73,1.73,6
2026-01-29 11:56:00,1.73,1.73,1.73,1.73,0
2026-01-29 11:57:00,1.73,1.73,1.73,1.73,0
2026-01-29 11:58:00,1.73,1.73,1.73,1.73,0
2026-01-29 11:59:00,1.73,1.73,1.73,1.73,0
2026-01-29 12:00:00,1.73,1.73,1.73,1.73,0
2026-01-29 12:01:00,1.73,1.73,1.73,1.73,0
2026-01-29 12:02:00,1.73,1.73,1.73,1.73,0
2026-01-29 12:03:00,1.73,1.73,1.73,1.73,0
2026-01-29 12:04:00,1.73,1.73,1.73,1.73,0
2026-01-29 12:05:00,1.73,1.73,1.73,1.73,0
2026-01-29 12:06:00,1.73,1.73,1.73,1.73,0
2026-01-29 12:07:00,1.73,1.73,1.73,1.73,0
2026-01-29 12:08:00,1.73,1.73,1.73,1.73,0
2026-01-29 12:09:00,1.73,1.73,1.73,1.73,0
2026-01-29 12:10:00,1.73,1.73,1.73,1.73,0
2026-01-29 12:11:00,1.73,1.73,1.73,1.73,0
2026-01-29 12:12:00,1.73,1.73,1.73,1.73,0
2026-01-29 12:13:00,1.73,1.73,1.73,1.73,0
2026-01-29 12:14:00,1.73,1.73,1.73,1.73,0
2026-01-29 12:15:00,1.73,1.73,1.73,1.73,0
2026-01-29 12:16:00,1.73,1.73,1.73,1.73,0
2026-01-29 12:17:00,1.73,1.73,1.73,1.73,0
2026-01-29 12:18:00,1.73,1.73,1.73,1.73,0
2026-01-29 12:19:00,1.73,1.73,1.73,1.73,0
2026-01-29 12:20:00,1.73,1.73,1.73,1.73,0
2026-01-29 12:21:00,1.73,1.73,1.73,1.73,0
2026-01-29 12:22:00,1.73,1.73,1.73,1.73,0
2026-01-29 12:23:00,1.73,1.73,1.73,1.73,0
2026-01-29 12:24:00,1.73,1.73,1.73,1.73,0
2026-01-29 12:25:00,1.73,1.73,1.73,1.73,0
2026-01-29 12:26:00,1.73,1.73,1.73,1.73,2
2026-01-29 12:27:00,1.73,1.73,1.73,1.73,0
2026-01-29 12:28:00,1.73,1.73,1.73,1.73,0
2026-01-29 12:29:00,1.73,1.73,1.73,1.73,0
2026-01-29 12:30:00,1.73,1.73,1.73,1.73,0
2026-01-29 12:31:00,1.73,1.73,1.73,1.73,0
2026-01-29 12:32:00,1.73,1.73,1.73,1.73,0
2026-01-29 12:33:00,1.73,1.73,1.73,1.73,0
2026-01-29 12:34:00,1.73,1.73,1.73,1.73,0
2026-01-29 12:35:00,1.73,1.73,1.73,1.73,0
2026-01-29 12:36:00,1.73,1.73,1.73,1.73,0
2026-01-29 12:37:00,1.73,1.73,1.73,1.73,0
2026-01-29 12:38:00,1.73,1.73,1.73,1.73,0
2026-01-29 12:39:00,1.73,1.73,1.73,1.73,0
2026-01-29 12:40:00,1.73,1.73,1.73,1.73,0
2026-01-29 12:41:00,1.73,1.73,1.73,1.73,0
2026-01-29 12:42:00,1.73,1.73,1.73,1.73,0
2026-01-29 12:43:00,1.73,1.73,1.73,1.73,0
2026-01-29 12:44:00,1.73,1.73,1.73,1.73,0
2026-01-29 12:45:00,1.73,1.73,1.73,1.73,0
2026-01-29 12:46:00,1.73,1.73,1.73,1.73,0
2026-01-29 12:47:00,1.73,1.73,1.73,1.73,0
2026-01-29 12:48:00,1.73,1.73,1.73,1.73,0
2026-01-29 12:49:00,1.73,1.73,1.73,1.73,0
2026-01-29 12:50:00,1.73,1.73,1.73,1.73,0
2026-01-29 12:51:00,1.73,1.73,1.73,1.73,0
2026-01-29 12:52:00,1.73,1.73,1.73,1.73,0
2026-01-29 12:53:00,1.73,1.73,1.73,1.73,0
2026-01-29 12:54:00,1.73,1.73,1.73,1.73,0
2026-01-29 12:55:00,1.73,1.73,1.73,1.73,0
2026-01-29 12:56:00,1.73,1.73,1.73,1.73,0
2026-01-29 12:57:00,1.73,1.73,1.73,1.73,0
2026-01-29 12:58:00,1.73,1.73,1.73,1.73,0
2026-01-29 12:59:00,1.73,1.73,1.73,1.73,0
2026-01-29 13:00:00,1.73,1.73,1.73,1.73,0
2026-01-29 13:01:00,1.73,1.73,1.73,1.73,0
2026-01-29 13:02:00,1.73,1.73,1.73,1.73,0
2026-01-29 13:03:00,1.73,1.73,1.73,1.73,0
2026-01-29 13:04:00,1.73,1.73,1.73,1.73,0
2026-01-29 13:05:00,1.73,1.73,1.73,1.73,0
2026-01-29 13:06:00,1.73,1.73,1.73,1.73,0
2026-01-29 13:07:00,1.73,1.73,1.73,1.73,0
2026-01-29 13:08:00,1.745,1.745,1.745,1.745,2
2026-01-29 13:09:00,1.745,1.745,1.745,1.745,0
2026-01-29 13:10:00,1.745,1.745,1.745,1.745,0
2026-01-29 13:11:00,1.745,1.745,1.745,1.745,0
2026-01-29 13:12:00,1.745,1.745,1.745,1.745,0
2026-01-29 13:13:00,1.745,1.745,1.745,1.745,0
2026-01-29 13:14:00,1.745,1.745,1.745,1.745,0
2026-01-29 13:15:00,1.745,1.745,1.745,1.745,0
2026-01-29 13:16:00,1.745,1.745,1.745,1.745,0
2026-01-29 13:17:00,1.745,1.745,1.745,1.745,0
2026-01-29 13:18:00,1.745,1.745,1.745,1.745,0
2026-01-29 13:19:00,1.745,1.745,1.745,1.745,0
2026-01-29 13:20:00,1.745,1.745,1.745,1.745,0
2026-01-29 13:21:00,1.745,1.745,1.745,1.745,0
2026-01-29 13:22:00,1.745,1.745,1.745,1.745,0
2026-01-29 13:23:00,1.745,1.745,1.745,1.745,0
2026-01-29 13:24:00,1.745,1.745,1.745,1.745,0
2026-01-29 13:25:00,1.745,1.745,1.745,1.745,0
2026-01-29 13:26:00,1.745,1.745,1.745,1.745,0
2026-01-29 13:27:00,1.745,1.745,1.745,1.745,0
2026-01-29 13:28:00,1.745,1.745,1.745,1.745,0
2026-01-29 13:29:00,1.745,1.745,1.745,1.745,0
2026-01-29 13:30:00,1.745,1.745,1.745,1.745,0
2026-01-29 13:31:00,1.745,1.745,1.745,1.745,0
2026-01-29 13:32:00,1.745,1.745,1.745,1.745,0
2026-01-29 13:33:00,1.745,1.745,1.745,1.745,0
2026-01-29 13:34:00,1.745,1.745,1.745,1.745,0
2026-01-29 13:35:00,1.745,1.745,1.745,1.745,0
2026-01-29 13:36:00,1.745,1.745,1.745,1.745,0
2026-01-29 13:37:00,1.745,1.745,1.745,1.745,0
2026-01-29 13:38:00,1.745,1.745,1.745,1.745,0
2026-01-29 13:39:00,1.745,1.745,1.745,1.745,0
2026-01-29 13:40:00,1.745,1.745,1.745,1.745,0
2026-01-29 13:41:00,1.745,1.745,1.745,1.745,0
2026-01-29 13:42:00,1.745,1.745,1.745,1.745,0
2026-01-29 13:43:00,1.745,1.745,1.745,1.745,0
2026-01-29 13:44:00,1.745,1.745,1.745,1.745,0
2026-01-29 13:45:00,1.745,1.745,1.745,1.745,0
2026-01-29 13:46:00,1.745,1.745,1.745,1.745,0
2026-01-29 13:47:00,1.745,1.745,1.745,1.745,0
2026-01-29 13:48:00,1.745,1.745,1.745,1.745,0
2026-01-29 13:49:00,1.745,1.745,1.745,1.745,0
2026-01-29 13:50:00,1.745,1.745,1.745,1.745,0
2026-01-29 13:51:00,1.745,1.745,1.745,1.745,0
2026-01-29 13:52:00,1.745,1.745,1.745,1.745,0
2026-01-29 13:53:00,1.745,1.745,1.745,1.745,0
2026-01-29 13:54:00,1.745,1.745,1.745,1.745,0
2026-01-29 13:55:00,1.745,1.745,1.745,1.745,0
2026-01-29 13:56:00,1.745,1.745,1.745,1.745,0
2026-01-29 13:57:00,1.745,1.745,1.745,1.745,0
2026-01-29 13:58:00,1.745,1.745,1.745,1.745,0
2026-01-29 13:59:00,1.745,1.745,1.745,1.745,0
2026-01-29 14:00:00,1.745,1.745,1.745,1.745,0
2026-01-29 14:01:00,1.745,1.745,1.745,1.745,0
2026-01-29 14:02:00,1.745,1.745,1.745,1.745,0
2026-01-29 14:03:00,1.745,1.745,1.745,1.745,0
2026-01-29 14:04:00,1.745,1.745,1.745,1.745,0
2026-01-29 14:05:00,1.745,1.745,1.745,1.745,0
2026-01-29 14:06:00,1.745,1.745,1.745,1.745,0
2026-01-29 14:07:00,1.745,1.745,1.745,1.745,0
2026-01-29 14:08:00,1.745,1.745,1.745,1.745,0
2026-01-29 14:09:00,1.745,1.745,1.745,1.745,0
2026-01-29 14:10:00,1.745,1.745,1.745,1.745,0
2026-01-29 14:11:00,1.745,1.745,1.745,1.745,0
2026-01-29 14:12:00,1.745,1.745,1.745,1.745,0
2026-01-29 14:13:00,1.745,1.745,1.745,1.745,0
2026-01-29 14:14:00,1.745,1.745,1.745,1.745,0
2026-01-29 14:15:00,1.745,1.745,1.745,1.745,0
2026-01-29 14:16:00,1.745,1.745,1.745,1.745,0
2026-01-29 14:17:00,1.745,1.745,1.745,1.745,0
2026-01-29 14:18:00,1.745,1.745,1.745,1.745,0
2026-01-29 14:19:00,1.745,1.745,1.745,1.745,0
2026-01-29 14:20:00,1.745,1.745,1.745,1.745,0
2026-01-29 14:21:00,1.745,1.745,1.745,1.745,0
2026-01-29 14:22:00,1.745,1.745,1.745,1.745,0
2026-01-29 14:23:00,1.745,1.745,1.745,1.745,0
2026-01-29 14:24:00,1.745,1.745,1.745,1.745,0
2026-01-29 14:25:00,1.745,1.745,1.745,1.745,0
2026-01-29 14:26:00,1.745,1.745,1.745,1.745,0
2026-01-29 14:27:00,1.745,1.745,1.745,1.745,0
2026-01-29 14:28:00,1.745,1.745,1.745,1.745,0
2026-01-29 14:29:00,1.745,1.745,1.745,1.745,0
2026-01-29 14:30:00,1.745,1.745,1.745,1.745,0
2026-01-29 14:31:00,1.71,1.71,1.7,1.71,9
2026-01-29 14:32:00,1.71,1.71,1.71,1.71,0
2026-01-29 14:33:00,1.71,1.71,1.71,1.71,0
2026-01-29 14:34:00,1.71,1.71,1.71,1.71,0
2026-01-29 14:35:00,1.71,1.71,1.71,1.71,0
2026-01-29 14:36:00,1.71,1.71,1.71,1.71,0
2026-01-29 14:37:00,1.71,1.71,1.71,1.71,0
2026-01-29 14:38:00,1.71,1.71,1.71,1.71,0
2026-01-29 14:39:00,1.71,1.71,1.71,1.71,0
2026-01-29 14:40:00,1.71,1.71,1.71,1.71,0
2026-01-29 14:41:00,1.71,1.71,1.71,1.71,0
2026-01-29 14:42:00,1.71,1.71,1.71,1.71,0
2026-01-29 14:43:00,1.71,1.71,1.71,1.71,0
2026-01-29 14:44:00,1.71,1.71,1.71,1.71,0
2026-01-29 14:45:00,1.71,1.71,1.71,1.71,0
2026-01-29 14:46:00,1.71,1.71,1.71,1.71,0
2026-01-29 14:47:00,1.71,1.71,1.71,1.71,0
2026-01-29 14:48:00,1.71,1.71,1.71,1.71,0
2026-01-29 14:49:00,1.71,1.71,1.71,1.71,0
2026-01-29 14:50:00,1.71,1.71,1.71,1.71,0
2026-01-29 14:51:00,1.71,1.71,1.71,1.71,0
2026-01-29 14:52:00,1.71,1.71,1.71,1.71,0
2026-01-29 14:53:00,1.71,1.71,1.71,1.71,0
2026-01-29 14:54:00,1.71,1.71,1.71,1.71,0
2026-01-29 14:55:00,1.71,1.71,1.71,1.71,0
2026-01-29 14:56:00,1.71,1.71,1.71,1.71,0
2026-01-29 14:57:00,1.71,1.71,1.71,1.71,0
2026-01-29 14:58:00,1.71,1.71,1.71,1.71,0
2026-01-29 14:59:00,1.71,1.71,1.71,1.71,0
2026-01-29 15:00:00,1.71,1.71,1.71,1.71,0
2026-01-29 15:01:00,1.71,1.71,1.71,1.71,0
2026-01-29 15:02:00,1.71,1.71,1.71,1.71,0
2026-01-29 15:03:00,1.71,1.71,1.71,1.71,0
2026-01-29 15:04:00,1.71,1.71,1.71,1.71,0
2026-01-29 15:05:00,1.71,1.71,1.71,1.71,0
2026-01-29 15:06:00,1.71,1.71,1.71,1.71,0
2026-01-29 15:07:00,1.71,1.71,1.71,1.71,0
2026-01-29 15:08:00,1.71,1.71,1.71,1.71,0
2026-01-29 15:09:00,1.71,1.71,1.71,1.71,0
2026-01-29 15:10:00,1.71,1.71,1.71,1.71,0
2026-01-29 15:11:00,1.71,1.71,1.71,1.71,0
2026-01-29 15:12:00,1.71,1.71,1.71,1.71,0
2026-01-29 15:13:00,1.71,1.71,1.71,1.71,0
2026-01-29 15:14:00,1.71,1.71,1.71,1.71,0
2026-01-29 15:15:00,1.71,1.71,1.71,1.71,0
2026-01-29 15:16:00,1.71,1.71,1.71,1.71,0
2026-01-29 15:17:00,1.71,1.71,1.71,1.71,0
2026-01-29 15:18:00,1.71,1.71,1.71,1.71,0
2026-01-29 15:19:00,1.71,1.71,1.71,1.71,0
2026-01-29 15:20:00,1.71,1.71,1.71,1.71,0
2026-01-29 15:21:00,1.71,1.71,1.71,1.71,0
2026-01-29 15:22:00,1.71,1.71,1.71,1.71,0
2026-01-29 15:23:00,1.71,1.71,1.71,1.71,0
2026-01-29 15:24:00,1.71,1.71,1.71,1.71,0
2026-01-29 15:25:00,1.71,1.71,1.71,1.71,0
2026-01-29 15:26:00,1.71,1.71,1.71,1.71,0
2026-01-29 15:27:00,1.71,1.71,1.71,1.71,0
2026-01-29 15:28:00,1.71,1.71,1.71,1.71,0
2026-01-29 15:29:00,1.68,1.68,1.68,1.68,3
2026-01-29 15:30:00,1.68,1.68,1.68,1.68,0
2026-01-29 15:31:00,1.68,1.68,1.68,1.68,0
2026-01-29 15:32:00,1.68,1.68,1.68,1.68,0
2026-01-29 15:33:00,1.68,1.68,1.68,1.68,0
2026-01-29 15:34:00,1.68,1.68,1.68,1.68,0
2026-01-29 15:35:00,1.68,1.68,1.68,1.68,0
2026-01-29 15:36:00,1.68,1.68,1.68,1.68,0
2026-01-29 15:37:00,1.68,1.68,1.68,1.68,0
2026-01-29 15:38:00,1.68,1.68,1.68,1.68,0
2026-01-29 15:39:00,1.68,1.68,1.68,1.68,0
2026-01-29 15:40:00,1.68,1.68,1.68,1.68,0
2026-01-29 15:41:00,1.68,1.68,1.68,1.68,0
2026-01-29 15:42:00,1.68,1.68,1.68,1.68,0
2026-01-29 15:43:00,1.68,1.68,1.68,1.68,0
2026-01-29 15:44:00,1.68,1.68,1.68,1.68,0
2026-01-29 15:45:00,1.68,1.68,1.68,1.68,0
2026-01-29 15:46:00,1.68,1.68,1.68,1.68,0
2026-01-29 15:47:00,1.68,1.68,1.68,1.68,0
2026-01-29 15:48:00,1.68,1.68,1.68,1.68,0
2026-01-29 15:49:00,1.68,1.68,1.68,1.68,0
2026-01-29 15:50:00,1.68,1.68,1.68,1.68,0
2026-01-29 15:51:00,1.68,1.68,1.68,1.68,0
2026-01-29 15:52:00,1.68,1.68,1.68,1.68,0
2026-01-29 15:53:00,1.68,1.68,1.68,1.68,0
2026-01-29 15:54:00,1.68,1.68,1.68,1.68,0
2026-01-29 15:55:00,1.65,1.65,1.65,1.65,1
2026-01-29 15:56:00,1.62,1.63,1.62,1.63,14
2026-01-29 15:57:00,1.63,1.63,1.63,1.63,0
2026-01-29 15:58:00,1.63,1.63,1.63,1.63,0
2026-01-29 15:59:00,1.67,1.67,1.67,1.67,2
2026-01-30 09:30:00,1.57,1.57,1.57,1.57,10
2026-01-30 09:31:00,1.7545,1.7545,1.7545,1.7545,8
2026-01-30 09:32:00,1.7545,1.7545,1.7545,1.7545,0
2026-01-30 09:33:00,1.7545,1.7545,1.7545,1.7545,0
2026-01-30 09:34:00,1.7545,1.7545,1.7545,1.7545,0
2026-01-30 09:35:00,1.7545,1.7545,1.7545,1.7545,0
2026-01-30 09:36:00,1.7545,1.7545,1.7545,1.7545,0
2026-01-30 09:37:00,1.7545,1.7545,1.7545,1.7545,0
2026-01-30 09:38:00,1.7545,1.7545,1.7545,1.7545,0
2026-01-30 09:39:00,1.7545,1.7545,1.7545,1.7545,0
2026-01-30 09:40:00,1.7545,1.7545,1.7545,1.7545,0
2026-01-30 09:41:00,1.7545,1.7545,1.7545,1.7545,0
2026-01-30 09:42:00,1.7545,1.7545,1.7545,1.7545,0
2026-01-30 09:43:00,1.7545,1.7545,1.7545,1.7545,0
2026-01-30 09:44:00,1.7545,1.7545,1.7545,1.7545,0
2026-01-30 09:45:00,1.7545,1.7545,1.7545,1.7545,0
2026-01-30 09:46:00,1.7545,1.7545,1.7545,1.7545,0
2026-01-30 09:47:00,1.7545,1.7545,1.7545,1.7545,0
2026-01-30 09:48:00,1.7545,1.7545,1.7545,1.7545,0
2026-01-30 09:49:00,1.7545,1.7545,1.7545,1.7545,0
2026-01-30 09:50:00,1.7545,1.7545,1.7545,1.7545,0
2026-01-30 09:51:00,1.68,1.68,1.68,1.68,1
2026-01-30 09:52:00,1.68,1.68,1.68,1.68,0
2026-01-30 09:53:00,1.68,1.68,1.68,1.68,0
2026-01-30 09:54:00,1.68,1.68,1.68,1.68,0
2026-01-30 09:55:00,1.68,1.68,1.68,1.68,0
2026-01-30 09:56:00,1.68,1.68,1.68,1.68,0
2026-01-30 09:57:00,1.68,1.68,1.68,1.68,0
2026-01-30 09:58:00,1.68,1.68,1.68,1.68,0
2026-01-30 09:59:00,1.68,1.68,1.68,1.68,0
2026-01-30 10:00:00,1.68,1.68,1.68,1.68,0
2026-01-30 10:01:00,1.68,1.68,1.68,1.68,0
2026-01-30 10:02:00,1.68,1.68,1.68,1.68,0
2026-01-30 10:03:00,1.68,1.68,1.68,1.68,0
2026-01-30 10:04:00,1.68,1.68,1.68,1.68,0
2026-01-30 10:05:00,1.68,1.68,1.68,1.68,0
2026-01-30 10:06:00,1.68,1.68,1.68,1.68,0
2026-01-30 10:07:00,1.68,1.68,1.68,1.68,0
2026-01-30 10:08:00,1.68,1.68,1.68,1.68,0
2026-01-30 10:09:00,1.68,1.68,1.68,1.68,0
2026-01-30 10:10:00,1.68,1.68,1.68,1.68,0
2026-01-30 10:11:00,1.68,1.68,1.68,1.68,0
2026-01-30 10:12:00,1.68,1.68,1.68,1.68,0
2026-01-30 10:13:00,1.68,1.68,1.68,1.68,0
2026-01-30 10:14:00,1.68,1.68,1.68,1.68,0
2026-01-30 10:15:00,1.68,1.68,1.68,1.68,0
2026-01-30 10:16:00,1.68,1.68,1.68,1.68,0
2026-01-30 10:17:00,1.68,1.68,1.68,1.68,0
2026-01-30 10:18:00,1.68,1.68,1.68,1.68,0
2026-01-30 10:19:00,1.68,1.68,1.68,1.68,0
2026-01-30 10:20:00,1.68,1.68,1.68,1.68,0
2026-01-30 10:21:00,1.68,1.68,1.68,1.68,0
2026-01-30 10:22:00,1.68,1.68,1.68,1.68,0
2026-01-30 10:23:00,1.68,1.68,1.68,1.68,0
2026-01-30 10:24:00,1.68,1.68,1.68,1.68,0
2026-01-30 10:25:00,1.68,1.68,1.68,1.68,0
2026-01-30 10:26:00,1.68,1.68,1.68,1.68,0
2026-01-30 10:27:00,1.68,1.68,1.68,1.68,0
2026-01-30 10:28:00,1.68,1.68,1.68,1.68,0
2026-01-30 10:29:00,1.68,1.68,1.68,1.68,0
2026-01-30 10:30:00,1.68,1.68,1.68,1.68,0
2026-01-30 10:31:00,1.68,1.68,1.68,1.68,0
2026-01-30 10:32:00,1.68,1.68,1.68,1.68,0
2026-01-30 10:33:00,1.68,1.68,1.68,1.68,0
2026-01-30 10:34:00,1.68,1.68,1.68,1.68,0
2026-01-30 10:35:00,1.68,1.68,1.68,1.68,0
2026-01-30 10:36:00,1.68,1.68,1.68,1.68,0
2026-01-30 10:37:00,1.68,1.68,1.68,1.68,0
2026-01-30 10:38:00,1.68,1.68,1.68,1.68,0
2026-01-30 10:39:00,1.68,1.68,1.68,1.68,0
2026-01-30 10:40:00,1.68,1.68,1.68,1.68,0
2026-01-30 10:41:00,1.68,1.68,1.68,1.68,0
2026-01-30 10:42:00,1.68,1.68,1.68,1.68,0
2026-01-30 10:43:00,1.68,1.68,1.68,1.68,0
2026-01-30 10:44:00,1.68,1.68,1.68,1.68,0
2026-01-30 10:45:00,1.68,1.68,1.68,1.68,0
2026-01-30 10:46:00,1.68,1.68,1.68,1.68,0
2026-01-30 10:47:00,1.68,1.68,1.68,1.68,0
2026-01-30 10:48:00,1.68,1.68,1.68,1.68,0
2026-01-30 10:49:00,1.68,1.68,1.68,1.68,0
2026-01-30 10:50:00,1.68,1.68,1.68,1.68,0
2026-01-30 10:51:00,1.68,1.68,1.68,1.68,0
2026-01-30 10:52:00,1.68,1.68,1.68,1.68,0
2026-01-30 10:53:00,1.68,1.68,1.68,1.68,0
2026-01-30 10:54:00,1.68,1.68,1.68,1.68,0
2026-01-30 10:55:00,1.68,1.68,1.68,1.68,0
2026-01-30 10:56:00,1.68,1.68,1.68,1.68,0
2026-01-30 10:57:00,1.68,1.68,1.68,1.68,0
2026-01-30 10:58:00,1.68,1.68,1.68,1.68,0
2026-01-30 10:59:00,1.68,1.68,1.68,1.68,0
2026-01-30 11:00:00,1.68,1.68,1.68,1.68,0
2026-01-30 11:01:00,1.68,1.68,1.68,1.68,0
2026-01-30 11:02:00,1.68,1.68,1.68,1.68,0
2026-01-30 11:03:00,1.68,1.68,1.68,1.68,0
2026-01-30 11:04:00,1.68,1.68,1.68,1.68,0
2026-01-30 11:05:00,1.68,1.68,1.68,1.68,0
2026-01-30 11:06:00,1.68,1.68,1.68,1.68,0
2026-01-30 11:07:00,1.68,1.68,1.68,1.68,0
2026-01-30 11:08:00,1.68,1.68,1.68,1.68,0
2026-01-30 11:09:00,1.68,1.68,1.68,1.68,0
2026-01-30 11:10:00,1.68,1.68,1.68,1.68,0
2026-01-30 11:11:00,1.68,1.68,1.68,1.68,0
2026-01-30 11:12:00,1.68,1.68,1.68,1.68,0
2026-01-30 11:13:00,1.68,1.68,1.68,1.68,0
2026-01-30 11:14:00,1.68,1.68,1.68,1.68,0
2026-01-30 11:15:00,1.68,1.68,1.68,1.68,0
2026-01-30 11:16:00,1.68,1.68,1.68,1.68,0
2026-01-30 11:17:00,1.68,1.68,1.68,1.68,0
2026-01-30 11:18:00,1.68,1.68,1.68,1.68,0
2026-01-30 11:19:00,1.68,1.68,1.68,1.68,0
2026-01-30 11:20:00,1.68,1.68,1.68,1.68,0
2026-01-30 11:21:00,1.68,1.68,1.68,1.68,0
2026-01-30 11:22:00,1.68,1.68,1.68,1.68,0
2026-01-30 11:23:00,1.68,1.68,1.68,1.68,0
2026-01-30 11:24:00,1.68,1.68,1.68,1.68,0
2026-01-30 11:25:00,1.68,1.68,1.68,1.68,0
2026-01-30 11:26:00,1.68,1.68,1.68,1.68,0
2026-01-30 11:27:00,1.68,1.68,1.68,1.68,0
2026-01-30 11:28:00,1.68,1.68,1.68,1.68,0
2026-01-30 11:29:00,1.68,1.68,1.68,1.68,0
2026-01-30 11:30:00,1.68,1.68,1.68,1.68,0
2026-01-30 11:31:00,1.68,1.68,1.68,1.68,0
2026-01-30 11:32:00,1.68,1.68,1.68,1.68,0
2026-01-30 11:33:00,1.68,1.68,1.68,1.68,0
2026-01-30 11:34:00,1.68,1.68,1.68,1.68,0
2026-01-30 11:35:00,1.68,1.68,1.68,1.68,0
2026-01-30 11:36:00,1.68,1.68,1.68,1.68,0
2026-01-30 11:37:00,1.68,1.68,1.68,1.68,0
2026-01-30 11:38:00,1.68,1.68,1.68,1.68,0
2026-01-30 11:39:00,1.68,1.68,1.68,1.68,0
2026-01-30 11:40:00,1.68,1.68,1.68,1.68,0
2026-01-30 11:41:00,1.68,1.68,1.68,1.68,0
2026-01-30 11:42:00,1.68,1.68,1.68,1.68,0
2026-01-30 11:43:00,1.68,1.68,1.68,1.68,0
2026-01-30 11:44:00,1.68,1.68,1.68,1.68,0
2026-01-30 11:45:00,1.68,1.68,1.68,1.68,0
2026-01-30 11:46:00,1.68,1.68,1.68,1.68,0
2026-01-30 11:47:00,1.68,1.68,1.68,1.68,0
2026-01-30 11:48:00,1.68,1.68,1.68,1.68,0
2026-01-30 11:49:00,1.68,1.68,1.68,1.68,0
2026-01-30 11:50:00,1.68,1.68,1.68,1.68,0
2026-01-30 11:51:00,1.68,1.68,1.68,1.68,0
2026-01-30 11:52:00,1.68,1.68,1.68,1.68,0
2026-01-30 11:53:00,1.68,1.68,1.68,1.68,0
2026-01-30 11:54:00,1.68,1.68,1.68,1.68,0
2026-01-30 11:55:00,1.68,1.68,1.68,1.68,0
2026-01-30 11:56:00,1.68,1.68,1.68,1.68,0
2026-01-30 11:57:00,1.68,1.68,1.68,1.68,0
2026-01-30 11:58:00,1.68,1.68,1.68,1.68,0
2026-01-30 11:59:00,1.68,1.68,1.68,1.68,0
2026-01-30 12:00:00,1.68,1.68,1.68,1.68,0
2026-01-30 12:01:00,1.68,1.68,1.68,1.68,0
2026-01-30 12:02:00,1.68,1.68,1.68,1.68,0
2026-01-30 12:03:00,1.68,1.68,1.68,1.68,0
2026-01-30 12:04:00,1.68,1.68,1.68,1.68,0
2026-01-30 12:05:00,1.68,1.68,1.68,1.68,0
2026-01-30 12:06:00,1.68,1.68,1.68,1.68,0
2026-01-30 12:07:00,1.665,1.665,1.665,1.665,1
2026-01-30 12:08:00,1.665,1.665,1.665,1.665,0
2026-01-30 12:09:00,1.665,1.665,1.665,1.665,0
2026-01-30 12:10:00,1.665,1.665,1.665,1.665,0
2026-01-30 12:11:00,1.665,1.665,1.665,1.665,0
2026-01-30 12:12:00,1.665,1.665,1.665,1.665,0
2026-01-30 12:13:00,1.665,1.665,1.665,1.665,0
2026-01-30 12:14:00,1.665,1.665,1.665,1.665,0
2026-01-30 12:15:00,1.665,1.665,1.665,1.665,0
2026-01-30 12:16:00,1.665,1.665,1.665,1.665,0
2026-01-30 12:17:00,1.665,1.665,1.665,1.665,0
2026-01-30 12:18:00,1.665,1.665,1.665,1.665,0
2026-01-30 12:19:00,1.665,1.665,1.665,1.665,0
2026-01-30 12:20:00,1.665,1.665,1.665,1.665,0
2026-01-30 12:21:00,1.665,1.665,1.665,1.665,0
2026-01-30 12:22:00,1.665,1.665,1.665,1.665,0
2026-01-30 12:23:00,1.665,1.665,1.665,1.665,0
2026-01-30 12:24:00,1.665,1.665,1.665,1.665,0
2026-01-30 12:25:00,1.665,1.665,1.665,1.665,0
2026-01-30 12:26:00,1.665,1.665,1.665,1.665,0
2026-01-30 12:27:00,1.665,1.665,1.665,1.665,0
2026-01-30 12:28:00,1.665,1.665,1.665,1.665,0
2026-01-30 12:29:00,1.665,1.665,1.665,1.665,0
2026-01-30 12:30:00,1.665,1.665,1.665,1.665,0
2026-01-30 12:31:00,1.665,1.665,1.665,1.665,0
2026-01-30 12:32:00,1.665,1.665,1.665,1.665,0
2026-01-30 12:33:00,1.665,1.665,1.665,1.665,0
2026-01-30 12:34:00,1.665,1.665,1.665,1.665,0
2026-01-30 12:35:00,1.665,1.665,1.665,1.665,0
2026-01-30 12:36:00,1.665,1.665,1.665,1.665,0
2026-01-30 12:37:00,1.665,1.665,1.665,1.665,0
2026-01-30 12:38:00,1.665,1.665,1.665,1.665,0
2026-01-30 12:39:00,1.665,1.665,1.665,1.665,0
2026-01-30 12:40:00,1.665,1.665,1.665,1.665,0
2026-01-30 12:41:00,1.665,1.665,1.665,1.665,0
2026-01-30 12:42:00,1.665,1.665,1.665,1.665,0
2026-01-30 12:43:00,1.61,1.6116,1.61,1.6116,8
2026-01-30 12:44:00,1.6116,1.6116,1.6116,1.6116,0
2026-01-30 12:45:00,1.6116,1.6116,1.6116,1.6116,0
2026-01-30 12:46:00,1.6116,1.6116,1.6116,1.6116,0
2026-01-30 12:47:00,1.6116,1.6116,1.6116,1.6116,0
2026-01-30 12:48:00,1.6116,1.6116,1.6116,1.6116,0
2026-01-30 12:49:00,1.6116,1.6116,1.6116,1.6116,0
2026-01-30 12:50:00,1.6116,1.6116,1.6116,1.6116,0
2026-01-30 12:51:00,1.6116,1.6116,1.6116,1.6116,0
2026-01-30 12:52:00,1.6116,1.6116,1.6116,1.6116,0
2026-01-30 12:53:00,1.6116,1.6116,1.6116,1.6116,0
2026-01-30 12:54:00,1.6116,1.6116,1.6116,1.6116,0
2026-01-30 12:55:00,1.6116,1.6116,1.6116,1.6116,0
2026-01-30 12:56:00,1.6116,1.6116,1.6116,1.6116,0
2026-01-30 12:57:00,1.6116,1.6116,1.6116,1.6116,0
2026-01-30 12:58:00,1.6116,1.6116,1.6116,1.6116,0
2026-01-30 12:59:00,1.6116,1.6116,1.6116,1.6116,0
2026-01-30 13:00:00,1.6116,1.6116,1.6116,1.6116,0
2026-01-30 13:01:00,1.6116,1.6116,1.6116,1.6116,0
2026-01-30 13:02:00,1.6116,1.6116,1.6116,1.6116,0
2026-01-30 13:03:00,1.6116,1.6116,1.6116,1.6116,0
2026-01-30 13:04:00,1.6116,1.6116,1.6116,1.6116,0
2026-01-30 13:05:00,1.6116,1.6116,1.6116,1.6116,0
2026-01-30 13:06:00,1.6116,1.6116,1.6116,1.6116,0
2026-01-30 13:07:00,1.6116,1.6116,1.6116,1.6116,0
2026-01-30 13:08:00,1.6116,1.6116,1.6116,1.6116,0
2026-01-30 13:09:00,1.6116,1.6116,1.6116,1.6116,0
2026-01-30 13:10:00,1.6116,1.6116,1.6116,1.6116,0
2026-01-30 13:11:00,1.6116,1.6116,1.6116,1.6116,0
2026-01-30 13:12:00,1.6116,1.6116,1.6116,1.6116,0
2026-01-30 13:13:00,1.6116,1.6116,1.6116,1.6116,0
2026-01-30 13:14:00,1.6116,1.6116,1.6116,1.6116,0
2026-01-30 13:15:00,1.6116,1.6116,1.6116,1.6116,0
2026-01-30 13:16:00,1.6116,1.6116,1.6116,1.6116,0
2026-01-30 13:17:00,1.6116,1.6116,1.6116,1.6116,0
2026-01-30 13:18:00,1.6116,1.6116,1.6116,1.6116,0
2026-01-30 13:19:00,1.6116,1.6116,1.6116,1.6116,0
2026-01-30 13:20:00,1.6116,1.6116,1.6116,1.6116,0
2026-01-30 13:21:00,1.6116,1.6116,1.6116,1.6116,0
2026-01-30 13:22:00,1.6116,1.6116,1.6116,1.6116,0
2026-01-30 13:23:00,1.64,1.64,1.63,1.63,2
2026-01-30 13:24:00,1.63,1.63,1.63,1.63,0
2026-01-30 13:25:00,1.64,1.64,1.64,1.64,4
2026-01-30 13:26:00,1.64,1.64,1.64,1.64,1
2026-01-30 13:27:00,1.65,1.65,1.65,1.65,4
2026-01-30 13:28:00,1.66,1.68,1.66,1.68,19
2026-01-30 13:29:00,1.68,1.68,1.68,1.68,0
2026-01-30 13:30:00,1.68,1.68,1.68,1.68,0
2026-01-30 13:31:00,1.68,1.68,1.68,1.68,0
2026-01-30 13:32:00,1.68,1.68,1.68,1.68,0
2026-01-30 13:33:00,1.68,1.68,1.68,1.68,0
2026-01-30 13:34:00,1.68,1.68,1.68,1.68,0
2026-01-30 13:35:00,1.68,1.68,1.68,1.68,0
2026-01-30 13:36:00,1.68,1.68,1.68,1.68,0
2026-01-30 13:37:00,1.68,1.68,1.68,1.68,0
2026-01-30 13:38:00,1.68,1.68,1.68,1.68,0
2026-01-30 13:39:00,1.68,1.68,1.68,1.68,0
2026-01-30 13:40:00,1.68,1.68,1.68,1.68,0
2026-01-30 13:41:00,1.68,1.68,1.68,1.68,0
2026-01-30 13:42:00,1.68,1.68,1.68,1.68,0
2026-01-30 13:43:00,1.68,1.68,1.68,1.68,0
2026-01-30 13:44:00,1.68,1.68,1.68,1.68,0
2026-01-30 13:45:00,1.68,1.68,1.68,1.68,0
2026-01-30 13:46:00,1.68,1.68,1.68,1.68,0
2026-01-30 13:47:00,1.68,1.68,1.68,1.68,0
2026-01-30 13:48:00,1.68,1.68,1.68,1.68,0
2026-01-30 13:49:00,1.68,1.68,1.68,1.68,0
2026-01-30 13:50:00,1.68,1.68,1.68,1.68,0
2026-01-30 13:51:00,1.68,1.68,1.68,1.68,0
2026-01-30 13:52:00,1.68,1.68,1.68,1.68,0
2026-01-30 13:53:00,1.68,1.68,1.68,1.68,0
2026-01-30 13:54:00,1.68,1.68,1.68,1.68,0
2026-01-30 13:55:00,1.68,1.68,1.68,1.68,0
2026-01-30 13:56:00,1.68,1.68,1.68,1.68,0
2026-01-30 13:57:00,1.68,1.68,1.68,1.68,0
2026-01-30 13:58:00,1.68,1.68,1.68,1.68,0
2026-01-30 13:59:00,1.68,1.68,1.68,1.68,0
2026-01-30 14:00:00,1.68,1.68,1.68,1.68,0
2026-01-30 14:01:00,1.68,1.68,1.68,1.68,0
2026-01-30 14:02:00,1.68,1.68,1.68,1.68,0
2026-01-30 14:03:00,1.68,1.68,1.68,1.68,0
2026-01-30 14:04:00,1.68,1.68,1.68,1.68,0
2026-01-30 14:05:00,1.68,1.68,1.68,1.68,0
2026-01-30 14:06:00,1.68,1.68,1.68,1.68,0
2026-01-30 14:07:00,1.68,1.68,1.68,1.68,0
2026-01-30 14:08:00,1.68,1.68,1.68,1.68,0
2026-01-30 14:09:00,1.68,1.68,1.68,1.68,0
2026-01-30 14:10:00,1.68,1.68,1.68,1.68,0
2026-01-30 14:11:00,1.69,1.69,1.669,1.669,10
2026-01-30 14:12:00,1.669,1.669,1.669,1.669,0
2026-01-30 14:13:00,1.705,1.705,1.705,1.705,5
2026-01-30 14:14:00,1.705,1.705,1.705,1.705,0
2026-01-30 14:15:00,1.705,1.705,1.705,1.705,0
2026-01-30 14:16:00,1.705,1.705,1.705,1.705,0
2026-01-30 14:17:00,1.705,1.705,1.705,1.705,0
2026-01-30 14:18:00,1.705,1.705,1.705,1.705,0
2026-01-30 14:19:00,1.705,1.705,1.705,1.705,0
2026-01-30 14:20:00,1.705,1.705,1.705,1.705,0
2026-01-30 14:21:00,1.705,1.705,1.705,1.705,0
2026-01-30 14:22:00,1.705,1.705,1.705,1.705,0
2026-01-30 14:23:00,1.705,1.705,1.705,1.705,0
2026-01-30 14:24:00,1.705,1.705,1.705,1.705,0
2026-01-30 14:25:00,1.705,1.705,1.705,1.705,0
2026-01-30 14:26:00,1.705,1.705,1.705,1.705,0
2026-01-30 14:27:00,1.705,1.705,1.705,1.705,0
2026-01-30 14:28:00,1.705,1.705,1.705,1.705,0
2026-01-30 14:29:00,1.705,1.705,1.705,1.705,0
2026-01-30 14:30:00,1.705,1.705,1.705,1.705,0
2026-01-30 14:31:00,1.7407,1.7407,1.7407,1.7407,15
2026-01-30 14:32:00,1.7407,1.7407,1.7407,1.7407,0
2026-01-30 14:33:00,1.7407,1.7407,1.7407,1.7407,0
2026-01-30 14:34:00,1.7407,1.7407,1.7407,1.7407,0
2026-01-30 14:35:00,1.7407,1.7407,1.7407,1.7407,0
2026-01-30 14:36:00,1.7407,1.7407,1.7407,1.7407,0
2026-01-30 14:37:00,1.7407,1.7407,1.7407,1.7407,0
2026-01-30 14:38:00,1.7407,1.7407,1.7407,1.7407,0
2026-01-30 14:39:00,1.7407,1.7407,1.7407,1.7407,0
2026-01-30 14:40:00,1.7407,1.7407,1.7407,1.7407,0
2026-01-30 14:41:00,1.7407,1.7407,1.7407,1.7407,0
2026-01-30 14:42:00,1.7407,1.7407,1.7407,1.7407,0
2026-01-30 14:43:00,1.7407,1.7407,1.7407,1.7407,0
2026-01-30 14:44:00,1.7407,1.7407,1.7407,1.7407,0
2026-01-30 14:45:00,1.7407,1.7407,1.7407,1.7407,0
2026-01-30 14:46:00,1.7407,1.7407,1.7407,1.7407,0
2026-01-30 14:47:00,1.7,1.7,1.7,1.7,17
2026-01-30 14:48:00,1.74,1.74,1.74,1.74,8
2026-01-30 14:49:00,1.74,1.74,1.74,1.74,0
2026-01-30 14:50:00,1.74,1.74,1.74,1.74,0
2026-01-30 14:51:00,1.74,1.74,1.74,1.74,0
2026-01-30 14:52:00,1.74,1.74,1.74,1.74,0
2026-01-30 14:53:00,1.74,1.74,1.74,1.74,0
2026-01-30 14:54:00,1.74,1.74,1.74,1.74,0
2026-01-30 14:55:00,1.74,1.74,1.74,1.74,0
2026-01-30 14:56:00,1.74,1.74,1.74,1.74,0
2026-01-30 14:57:00,1.74,1.74,1.74,1.74,0
2026-01-30 14:58:00,1.74,1.74,1.74,1.74,0
2026-01-30 14:59:00,1.74,1.74,1.74,1.74,0
2026-01-30 15:00:00,1.74,1.74,1.74,1.74,0
2026-01-30 15:01:00,1.74,1.74,1.74,1.74,0
2026-01-30 15:02:00,1.74,1.74,1.74,1.74,0
2026-01-30 15:03:00,1.74,1.74,1.74,1.74,0
2026-01-30 15:04:00,1.74,1.74,1.74,1.74,0
2026-01-30 15:05:00,1.74,1.74,1.74,1.74,0
2026-01-30 15:06:00,1.74,1.74,1.74,1.74,0
2026-01-30 15:07:00,1.74,1.74,1.74,1.74,0
2026-01-30 15:08:00,1.74,1.74,1.74,1.74,0
2026-01-30 15:09:00,1.7058,1.7058,1.7058,1.7058,25
2026-01-30 15:10:00,1.7058,1.7058,1.7058,1.7058,0
2026-01-30 15:11:00,1.7058,1.7058,1.7058,1.7058,0
2026-01-30 15:12:00,1.7058,1.7058,1.7058,1.7058,0
2026-01-30 15:13:00,1.7058,1.7058,1.7058,1.7058,0
2026-01-30 15:14:00,1.7058,1.7058,1.7058,1.7058,0
2026-01-30 15:15:00,1.7058,1.7058,1.7058,1.7058,0
2026-01-30 15:16:00,1.7058,1.7058,1.7058,1.7058,0
2026-01-30 15:17:00,1.7058,1.7058,1.7058,1.7058,0
2026-01-30 15:18:00,1.7058,1.7058,1.7058,1.7058,0
2026-01-30 15:19:00,1.7058,1.7058,1.7058,1.7058,0
2026-01-30 15:20:00,1.7058,1.7058,1.7058,1.7058,0
2026-01-30 15:21:00,1.7058,1.7058,1.7058,1.7058,0
2026-01-30 15:22:00,1.7058,1.7058,1.7058,1.7058,0
2026-01-30 15:23:00,1.7058,1.7058,1.7058,1.7058,0
2026-01-30 15:24:00,1.7058,1.7058,1.7058,1.7058,0
2026-01-30 15:25:00,1.6782,1.6782,1.6782,1.6782,1
2026-01-30 15:26:00,1.6782,1.6782,1.6782,1.6782,0
2026-01-30 15:27:00,1.6782,1.6782,1.6782,1.6782,0
2026-01-30 15:28:00,1.6782,1.6782,1.6782,1.6782,0
2026-01-30 15:29:00,1.6782,1.6782,1.6782,1.6782,0
2026-01-30 15:30:00,1.6702,1.6702,1.6702,1.6702,2
2026-01-30 15:31:00,1.6702,1.6702,1.6702,1.6702,0
2026-01-30 15:32:00,1.6702,1.6702,1.6702,1.6702,0
2026-01-30 15:33:00,1.6702,1.6702,1.6702,1.6702,0
2026-01-30 15:34:00,1.6702,1.6702,1.6702,1.6702,0
2026-01-30 15:35:00,1.6702,1.6702,1.6702,1.6702,0
2026-01-30 15:36:00,1.6702,1.6702,1.6702,1.6702,0
2026-01-30 15:37:00,1.6702,1.6702,1.6702,1.6702,0
2026-01-30 15:38:00,1.6702,1.6702,1.6702,1.6702,0
2026-01-30 15:39:00,1.6702,1.6702,1.6702,1.6702,0
2026-01-30 15:40:00,1.6702,1.6702,1.6702,1.6702,0
2026-01-30 15:41:00,1.6702,1.6702,1.6702,1.6702,0
2026-01-30 15:42:00,1.6702,1.6702,1.6702,1.6702,0
2026-01-30 15:43:00,1.6702,1.6702,1.6702,1.6702,0
2026-01-30 15:44:00,1.6702,1.6702,1.6702,1.6702,0
2026-01-30 15:45:00,1.6702,1.6702,1.6702,1.6702,0
2026-01-30 15:46:00,1.71,1.71,1.68,1.695,18
2026-01-30 15:47:00,1.695,1.695,1.695,1.695,0
2026-01-30 15:48:00,1.695,1.695,1.695,1.695,0
2026-01-30 15:49:00,1.695,1.695,1.695,1.695,0
2026-01-30 15:50:00,1.687,1.687,1.687,1.687,1
2026-01-30 15:51:00,1.68,1.68,1.68,1.68,1
2026-01-30 15:52:00,1.68,1.68,1.68,1.68,0
2026-01-30 15:53:00,1.68,1.68,1.68,1.68,0
2026-01-30 15:54:00,1.68,1.68,1.68,1.68,0
2026-01-30 15:55:00,1.68,1.68,1.68,1.68,0
2026-01-30 15:56:00,1.68,1.68,1.68,1.68,0
2026-01-30 15:57:00,1.68,1.68,1.68,1.68,0
2026-01-30 15:58:00,1.68,1.68,1.68,1.68,0
2026-01-30 15:59:00,1.69,1.74,1.69,1.71,13
