datetime,open,high,low,close,volume
2025-12-22 09:30:00,68.07,68.195,67.685,67.685,154
2025-12-22 09:31:00,67.8905,68.3476,67.8905,68.3476,7
2025-12-22 09:32:00,68.195,68.74,68.195,68.53,12
2025-12-22 09:33:00,68.48,68.98,68.48,68.98,63
2025-12-22 09:34:00,68.98,69.0,68.895,68.99,73
2025-12-22 09:35:00,69.0,69.4699,68.81,68.81,140
2025-12-22 09:36:00,68.81,68.81,68.81,68.81,0
2025-12-22 09:37:00,68.8755,68.8755,68.86,68.865,26
2025-12-22 09:38:00,68.9,68.97,68.3,68.3,50
2025-12-22 09:39:00,68.25,68.48,68.23,68.23,19
2025-12-22 09:40:00,68.52,68.52,68.515,68.515,12
2025-12-22 09:41:00,68.37,68.37,68.37,68.37,1
2025-12-22 09:42:00,68.31,68.5,68.31,68.5,9
2025-12-22 09:43:00,68.6469,68.6469,68.455,68.455,13
2025-12-22 09:44:00,68.455,68.485,68.085,68.085,82
2025-12-22 09:45:00,68.21,68.49,68.2,68.4472,20
2025-12-22 09:46:00,68.2,68.49,68.2,68.2,6
2025-12-22 09:47:00,68.195,68.195,68.19,68.19,13
2025-12-22 09:48:00,67.9863,68.43,67.9863,68.04,44
2025-12-22 09:49:00,68.055,68.35,68.055,68.35,22
2025-12-22 09:50:00,68.2534,68.32,67.9,67.9,22
2025-12-22 09:51:00,68.095,68.095,68.095,68.095,4
2025-12-22 09:52:00,68.1,68.1,68.0,68.0,29
2025-12-22 09:53:00,68.0,68.0,68.0,68.0,0
2025-12-22 09:54:00,68.04,68.44,68.04,68.44,28
2025-12-22 09:55:00,68.44,68.44,68.44,68.44,1
2025-12-22 09:56:00,67.9778,68.73,67.9778,68.57,38
2025-12-22 09:57:00,68.61,68.75,68.61,68.69,25
2025-12-22 09:58:00,68.75,68.83,68.62,68.62,7
2025-12-22 09:59:00,68.79,68.79,68.79,68.79,2
2025-12-22 10:00:00,68.785,68.93,68.785,68.785,15
2025-12-22 10:01:00,68.765,68.765,68.725,68.725,7
2025-12-22 10:02:00,68.725,68.73,68.725,68.73,9
2025-12-22 10:03:00,68.72,68.85,68.72,68.85,12
2025-12-22 10:04:00,68.86,68.86,68.8,68.8,2
2025-12-22 10:05:00,68.9899,69.07,68.925,68.925,18
2025-12-22 10:06:00,68.835,68.835,68.835,68.835,3
2025-12-22 10:07:00,68.835,68.835,68.835,68.835,0
2025-12-22 10:08:00,68.93,68.94,68.82,68.82,10
2025-12-22 10:09:00,68.85,68.9,68.74,68.74,14
2025-12-22 10:10:00,68.68,68.68,68.52,68.52,3
2025-12-22 10:11:00,68.6899,68.6899,68.46,68.47,14
2025-12-22 10:12:00,68.44,68.44,68.44,68.44,1
2025-12-22 10:13:00,68.33,68.3599,68.1,68.235,19
2025-12-22 10:14:00,68.275,68.36,68.11,68.11,23
2025-12-22 10:15:00,68.11,68.13,68.0,68.11,17
2025-12-22 10:16:00,68.004,68.11,68.004,68.11,4
2025-12-22 10:17:00,68.11,68.125,68.0,68.03,4
2025-12-22 10:18:00,68.15,68.15,67.91,68.03,26
2025-12-22 10:19:00,68.09,68.1,67.91,67.91,65
2025-12-22 10:20:00,67.91,67.91,67.91,67.91,0
2025-12-22 10:21:00,68.0,68.076,68.0,68.076,4
2025-12-22 10:22:00,68.08,68.135,67.91,67.91,18
2025-12-22 10:23:00,67.91,67.91,67.91,67.91,0
2025-12-22 10:24:00,68.045,68.045,67.93,67.93,2
2025-12-22 10:25:00,67.91,67.995,67.6,67.6824,14
2025-12-22 10:26:00,67.78,67.94,67.62,67.94,47
2025-12-22 10:27:00,68.04,68.1977,68.04,68.1977,6
2025-12-22 10:28:00,68.2,68.2,68.13,68.195,7
2025-12-22 10:29:00,68.19,68.19,68.19,68.19,4
2025-12-22 10:30:00,68.14,68.17,68.085,68.17,12
2025-12-22 10:31:00,68.1,68.1,68.1,68.1,11
2025-12-22 10:32:00,68.19,68.315,68.11,68.11,20
2025-12-22 10:33:00,68.11,68.11,68.11,68.11,0
2025-12-22 10:34:00,68.19,68.36,68.19,68.19,15
2025-12-22 10:35:00,68.19,68.19,68.19,68.19,0
2025-12-22 10:36:00,68.16,68.17,68.05,68.05,59
2025-12-22 10:37:00,68.16,68.2,68.02,68.02,52
2025-12-22 10:38:00,68.02,68.02,68.02,68.02,0
2025-12-22 10:39:00,68.12,68.3,68.03,68.16,124
2025-12-22 10:40:00,68.32,68.51,68.15,68.51,19
2025-12-22 10:41:00,68.51,68.515,68.42,68.515,7
2025-12-22 10:42:00,68.6,68.62,68.55,68.56,10
2025-12-22 10:43:00,68.675,68.675,68.395,68.4196,39
2025-12-22 10:44:00,68.41,68.41,68.31,68.31,7
2025-12-22 10:45:00,68.38,68.38,68.38,68.38,1
2025-12-22 10:46:00,68.4973,68.4973,68.38,68.38,6
2025-12-22 10:47:00,68.38,68.38,68.38,68.38,0
2025-12-22 10:48:00,68.3927,68.45,68.3,68.395,15
2025-12-22 10:49:00,68.31,68.32,68.26,68.28,31
2025-12-22 10:50:00,68.28,68.28,68.28,68.28,3
2025-12-22 10:51:00,68.31,68.31,68.31,68.31,1
2025-12-22 10:52:00,68.31,68.31,68.31,68.31,0
2025-12-22 10:53:00,68.13,68.13,68.13,68.13,6
2025-12-22 10:54:00,68.27,68.27,68.11,68.12,19
2025-12-22 10:55:00,68.11,68.19,68.11,68.11,4
2025-12-22 10:56:00,68.27,68.58,68.26,68.37,108
2025-12-22 10:57:00,68.595,68.6799,68.51,68.6799,13
2025-12-22 10:58:00,68.6799,68.7722,68.52,68.62,26
2025-12-22 10:59:00,68.735,68.735,68.62,68.6201,8
2025-12-22 11:00:00,68.69,68.76,68.67,68.67,9
2025-12-22 11:01:00,68.735,68.8499,68.735,68.8499,2
2025-12-22 11:02:00,68.85,68.93,68.74,68.86,9
2025-12-22 11:03:00,68.93,68.93,68.86,68.86,17
2025-12-22 11:04:00,68.88,68.9,68.825,68.875,7
2025-12-22 11:05:00,68.87,68.87,68.87,68.87,1
2025-12-22 11:06:00,68.865,68.875,68.62,68.62,20
2025-12-22 11:07:00,68.6392,68.6392,68.51,68.52,15
2025-12-22 11:08:00,68.52,68.52,68.37,68.4125,14
2025-12-22 11:09:00,68.455,68.66,68.455,68.53,35
2025-12-22 11:10:00,68.53,68.53,68.53,68.53,1
2025-12-22 11:11:00,68.53,68.53,68.53,68.53,0
2025-12-22 11:12:00,68.57,68.66,68.5,68.5,30
2025-12-22 11:13:00,68.56,68.565,68.5,68.565,4
2025-12-22 11:14:00,68.5,68.54,68.38,68.39,23
2025-12-22 11:15:00,68.4,68.4,68.3,68.3,4
2025-12-22 11:16:00,68.4411,68.47,68.02,68.02,75
2025-12-22 11:17:00,68.02,68.09,68.02,68.02,3
2025-12-22 11:18:00,68.02,68.02,68.02,68.02,0
2025-12-22 11:19:00,68.02,68.02,68.02,68.02,0
2025-12-22 11:20:00,68.16,68.16,68.08,68.08,4
2025-12-22 11:21:00,68.165,68.185,68.165,68.185,2
2025-12-22 11:22:00,68.215,68.27,68.02,68.04,50
2025-12-22 11:23:00,68.28,68.28,68.04,68.05,4
2025-12-22 11:24:00,68.06,68.13,67.88,68.01,97
2025-12-22 11:25:00,68.01,68.34,68.01,68.34,43
2025-12-22 11:26:00,68.35,68.4,68.35,68.4,11
2025-12-22 11:27:00,68.395,68.395,68.35,68.35,4
2025-12-22 11:28:00,68.2582,68.2848,68.2582,68.2848,2
2025-12-22 11:29:00,68.49,68.705,68.475,68.475,54
2025-12-22 11:30:00,68.475,68.475,68.475,68.475,0
2025-12-22 11:31:00,68.73,68.78,68.7075,68.78,9
2025-12-22 11:32:00,68.73,68.73,68.71,68.71,2
2025-12-22 11:33:00,68.79,68.79,68.705,68.705,2
2025-12-22 11:34:00,68.73,68.74,68.73,68.74,2
2025-12-22 11:35:00,68.6561,68.72,68.6561,68.72,2
2025-12-22 11:36:00,68.77,68.77,68.665,68.665,14
2025-12-22 11:37:00,68.665,68.73,68.665,68.73,5
2025-12-22 11:38:00,68.73,68.73,68.73,68.73,0
2025-12-22 11:39:00,68.75,68.75,68.665,68.665,2
2025-12-22 11:40:00,68.68,68.76,68.68,68.76,6
2025-12-22 11:41:00,68.73,68.78,68.73,68.76,19
2025-12-22 11:42:00,68.73,68.75,68.73,68.75,2
2025-12-22 11:43:00,68.775,68.775,68.68,68.68,6
2025-12-22 11:44:00,68.75,68.75,68.67,68.67,2
2025-12-22 11:45:00,68.57,68.675,68.57,68.67,43
2025-12-22 11:46:00,68.58,68.675,68.56,68.6,37
2025-12-22 11:47:00,68.53,68.57,68.52,68.555,45
2025-12-22 11:48:00,68.56,68.7,68.56,68.67,83
2025-12-22 11:49:00,68.62,68.62,68.62,68.62,4
2025-12-22 11:50:00,68.725,68.77,68.71,68.77,5
2025-12-22 11:51:00,68.7008,68.75,68.7008,68.75,2
2025-12-22 11:52:00,68.635,68.66,68.61,68.61,8
2025-12-22 11:53:00,68.5368,68.67,68.5368,68.67,19
2025-12-22 11:54:00,68.77,68.795,68.69,68.69,11
2025-12-22 11:55:00,68.68,68.91,68.68,68.9,100
2025-12-22 11:56:00,68.9,68.9,68.595,68.595,113
2025-12-22 11:57:00,68.58,68.71,68.51,68.71,32
2025-12-22 11:58:00,68.71,68.71,68.71,68.71,0
2025-12-22 11:59:00,68.71,68.71,68.71,68.71,0
2025-12-22 12:00:00,68.71,68.71,68.71,68.71,0
2025-12-22 12:01:00,68.9,68.9,68.9,68.9,1
2025-12-22 12:02:00,68.9,69.0,68.9,68.94,56
2025-12-22 12:03:00,68.8867,68.9478,68.8867,68.9478,5
2025-12-22 12:04:00,68.99,68.99,68.99,68.99,2
2025-12-22 12:05:00,68.99,68.99,68.99,68.99,0
2025-12-22 12:06:00,68.99,69.0,68.8401,68.8401,4
2025-12-22 12:07:00,68.99,68.99,68.99,68.99,1
2025-12-22 12:08:00,68.99,68.99,68.99,68.99,0
2025-12-22 12:09:00,68.99,69.045,68.99,69.045,31
2025-12-22 12:10:00,69.05,69.11,69.05,69.11,7
2025-12-22 12:11:00,69.09,69.09,69.09,69.09,1
2025-12-22 12:12:00,69.04,69.13,69.02,69.13,7
2025-12-22 12:13:00,69.095,69.095,69.03,69.03,7
2025-12-22 12:14:00,69.106,69.106,69.106,69.106,2
2025-12-22 12:15:00,69.085,69.12,69.065,69.12,10
2025-12-22 12:16:00,69.12,69.12,69.12,69.12,0
2025-12-22 12:17:00,69.09,69.14,69.0101,69.09,13
2025-12-22 12:18:00,69.01,69.01,68.98,68.98,17
2025-12-22 12:19:00,68.905,68.905,68.905,68.905,1
2025-12-22 12:20:00,69.0,69.0,69.0,69.0,1
2025-12-22 12:21:00,69.03,69.03,69.03,69.03,2
2025-12-22 12:22:00,69.03,69.03,69.03,69.03,0
2025-12-22 12:23:00,68.99,68.99,68.99,68.99,1
2025-12-22 12:24:00,68.94,68.94,68.94,68.94,2
2025-12-22 12:25:00,68.87,68.91,68.83,68.88,19
2025-12-22 12:26:00,68.88,68.95,68.84,68.95,15
2025-12-22 12:27:00,68.95,68.95,68.95,68.95,0
2025-12-22 12:28:00,68.95,68.95,68.95,68.95,1
2025-12-22 12:29:00,68.95,68.95,68.95,68.95,2
2025-12-22 12:30:00,68.85,68.85,68.85,68.85,5
2025-12-22 12:31:00,68.95,68.98,68.88,68.89,44
2025-12-22 12:32:00,68.82,68.89,68.82,68.89,3
2025-12-22 12:33:00,68.89,68.9325,68.89,68.915,9
2025-12-22 12:34:00,68.84,68.95,68.73,68.78,37
2025-12-22 12:35:00,68.82,68.82,68.82,68.82,2
2025-12-22 12:36:00,68.88,68.92,68.88,68.92,4
2025-12-22 12:37:00,68.92,68.925,68.91,68.925,5
2025-12-22 12:38:00,68.925,68.925,68.925,68.925,0
2025-12-22 12:39:00,68.925,68.925,68.925,68.925,0
2025-12-22 12:40:00,69.02,69.02,69.02,69.02,4
2025-12-22 12:41:00,69.02,69.02,69.02,69.02,0
2025-12-22 12:42:00,69.02,69.02,69.02,69.02,0
2025-12-22 12:43:00,69.02,69.02,69.02,69.02,0
2025-12-22 12:44:00,69.02,69.02,69.02,69.02,0
2025-12-22 12:45:00,68.95,68.955,68.95,68.955,7
2025-12-22 12:46:00,68.955,68.955,68.955,68.955,0
2025-12-22 12:47:00,68.955,69.07,68.955,69.04,5
2025-12-22 12:48:00,69.005,69.05,69.005,69.005,12
2025-12-22 12:49:00,68.86,68.86,68.86,68.86,1
2025-12-22 12:50:00,68.85,68.865,68.82,68.865,27
2025-12-22 12:51:00,68.91,68.91,68.875,68.91,17
2025-12-22 12:52:00,68.96,68.96,68.895,68.935,55
2025-12-22 12:53:00,68.935,68.935,68.935,68.935,0
2025-12-22 12:54:00,68.91,68.91,68.9,68.91,5
2025-12-22 12:55:00,68.88,68.93,68.88,68.93,2
2025-12-22 12:56:00,68.86,68.945,68.86,68.945,11
2025-12-22 12:57:00,68.945,68.98,68.945,68.98,4
2025-12-22 12:58:00,68.91,68.97,68.91,68.955,25
2025-12-22 12:59:00,68.9,68.96,68.9,68.96,7
2025-12-22 13:00:00,68.96,68.96,68.85,68.885,12
2025-12-22 13:01:00,68.885,68.94,68.885,68.94,20
2025-12-22 13:02:00,68.97,68.97,68.94,68.94,9
2025-12-22 13:03:00,68.94,68.94,68.89,68.91,7
2025-12-22 13:04:00,68.89,68.89,68.86,68.86,7
2025-12-22 13:05:00,68.885,68.885,68.83,68.83,7
2025-12-22 13:06:00,68.885,68.885,68.8,68.8,3
2025-12-22 13:07:00,68.79,68.79,68.54,68.58,62
2025-12-22 13:08:00,68.52,68.6,68.5,68.53,22
2025-12-22 13:09:00,68.53,68.66,68.53,68.64,22
2025-12-22 13:10:00,68.72,68.72,68.61,68.64,17
2025-12-22 13:11:00,68.64,68.64,68.64,68.64,1
2025-12-22 13:12:00,68.6261,68.635,68.6261,68.635,3
2025-12-22 13:13:00,68.635,68.635,68.635,68.635,0
2025-12-22 13:14:00,68.635,68.635,68.635,68.635,0
2025-12-22 13:15:00,68.5401,68.64,68.32,68.32,52
2025-12-22 13:16:00,68.32,68.59,68.32,68.59,18
2025-12-22 13:17:00,68.545,68.57,68.545,68.57,17
2025-12-22 13:18:00,68.55,68.55,68.5,68.5,2
2025-12-22 13:19:00,68.5,68.51,68.46,68.46,6
2025-12-22 13:20:00,68.46,68.46,68.46,68.46,0
2025-12-22 13:21:00,68.455,68.455,68.455,68.455,2
2025-12-22 13:22:00,68.47,68.56,68.465,68.465,6
2025-12-22 13:23:00,68.57,68.66,68.52,68.55,10
2025-12-22 13:24:00,68.55,68.55,68.55,68.55,0
2025-12-22 13:25:00,68.505,68.51,68.505,68.51,2
2025-12-22 13:26:00,68.51,68.525,68.51,68.525,2
2025-12-22 13:27:00,68.525,68.525,68.525,68.525,0
2025-12-22 13:28:00,68.61,68.66,68.55,68.555,14
2025-12-22 13:29:00,68.63,68.67,68.58,68.58,18
2025-12-22 13:30:00,68.58,68.67,68.58,68.67,5
2025-12-22 13:31:00,68.67,68.67,68.56,68.58,15
2025-12-22 13:32:00,68.58,68.58,68.58,68.58,5
2025-12-22 13:33:00,68.58,68.58,68.58,68.58,3
2025-12-22 13:34:00,68.68,68.68,68.68,68.68,2
2025-12-22 13:35:00,68.655,68.655,68.49,68.51,35
2025-12-22 13:36:00,68.51,68.51,68.51,68.51,0
2025-12-22 13:37:00,68.51,68.51,68.51,68.51,0
2025-12-22 13:38:00,68.51,68.51,68.51,68.51,0
2025-12-22 13:39:00,68.51,68.51,68.51,68.51,0
2025-12-22 13:40:00,68.51,68.51,68.51,68.51,0
2025-12-22 13:41:00,68.56,68.59,68.55,68.59,10
2025-12-22 13:42:00,68.535,68.535,68.535,68.535,5
2025-12-22 13:43:00,68.59,68.59,68.49,68.49,2
2025-12-22 13:44:00,68.49,68.49,68.49,68.49,0
2025-12-22 13:45:00,68.4801,68.4801,68.4801,68.4801,1
2025-12-22 13:46:00,68.5483,68.5483,68.4,68.41,19
2025-12-22 13:47:00,68.41,68.41,68.41,68.41,0
2025-12-22 13:48:00,68.431,68.46,68.431,68.46,6
2025-12-22 13:49:00,68.4,68.55,68.4,68.55,16
2025-12-22 13:50:00,68.6,68.6,68.55,68.55,7
2025-12-22 13:51:00,68.55,68.55,68.55,68.55,0
2025-12-22 13:52:00,68.63,68.63,68.555,68.555,3
2025-12-22 13:53:00,68.555,68.555,68.555,68.555,0
2025-12-22 13:54:00,68.6285,68.6285,68.6285,68.6285,3
2025-12-22 13:55:00,68.63,68.65,68.629,68.64,15
2025-12-22 13:56:00,68.63,68.65,68.5274,68.5274,20
2025-12-22 13:57:00,68.64,68.64,68.6,68.6,2
2025-12-22 13:58:00,68.6,68.66,68.585,68.66,33
2025-12-22 13:59:00,68.58,68.66,68.58,68.66,2
2025-12-22 14:00:00,68.58,68.58,68.58,68.58,1
2025-12-22 14:01:00,68.58,68.58,68.58,68.58,1
2025-12-22 14:02:00,68.585,68.61,68.45,68.45,12
2025-12-22 14:03:00,68.54,68.54,68.525,68.525,2
2025-12-22 14:04:00,68.525,68.525,68.525,68.525,0
2025-12-22 14:05:00,68.525,68.525,68.525,68.525,0
2025-12-22 14:06:00,68.5325,68.58,68.5325,68.58,7
2025-12-22 14:07:00,68.58,68.65,68.58,68.61,63
2025-12-22 14:08:00,68.64,68.64,68.6,68.63,9
2025-12-22 14:09:00,68.62,68.62,68.62,68.62,1
2025-12-22 14:10:00,68.62,68.62,68.62,68.62,0
2025-12-22 14:11:00,68.56,68.67,68.56,68.61,25
2025-12-22 14:12:00,68.57,68.6,68.55,68.56,23
2025-12-22 14:13:00,68.57,68.57,68.53,68.53,8
2025-12-22 14:14:00,68.53,68.53,68.52,68.52,3
2025-12-22 14:15:00,68.545,68.57,68.48,68.5,11
2025-12-22 14:16:00,68.48,68.48,68.47,68.47,6
2025-12-22 14:17:00,68.45,68.45,68.41,68.41,6
2025-12-22 14:18:00,68.41,68.41,68.36,68.36,3
2025-12-22 14:19:00,68.38,68.41,68.375,68.41,7
2025-12-22 14:20:00,68.43,68.44,68.43,68.435,6
2025-12-22 14:21:00,68.395,68.395,68.395,68.395,1
2025-12-22 14:22:00,68.405,68.405,68.405,68.405,2
2025-12-22 14:23:00,68.34,68.49,68.34,68.49,6
2025-12-22 14:24:00,68.405,68.405,68.405,68.405,3
2025-12-22 14:25:00,68.405,68.4169,68.405,68.405,9
2025-12-22 14:26:00,68.405,68.405,68.405,68.405,0
2025-12-22 14:27:00,68.4,68.42,68.4,68.42,2
2025-12-22 14:28:00,68.36,68.49,68.36,68.48,8
2025-12-22 14:29:00,68.43,68.43,68.37,68.38,16
2025-12-22 14:30:00,68.42,68.49,68.42,68.48,13
2025-12-22 14:31:00,68.5,68.5,68.5,68.5,7
2025-12-22 14:32:00,68.455,68.5,68.455,68.47,9
2025-12-22 14:33:00,68.4,68.455,68.39,68.39,9
2025-12-22 14:34:00,68.39,68.39,68.39,68.39,0
2025-12-22 14:35:00,68.38,68.44,68.38,68.425,4
2025-12-22 14:36:00,68.4,68.4,68.4,68.4,1
2025-12-22 14:37:00,68.4,68.4,68.4,68.4,0
2025-12-22 14:38:00,68.47,68.47,68.47,68.47,1
2025-12-22 14:39:00,68.48,68.48,68.4111,68.4111,11
2025-12-22 14:40:00,68.41,68.47,68.41,68.455,12
2025-12-22 14:41:00,68.4425,68.49,68.42,68.42,7
2025-12-22 14:42:00,68.47,68.54,68.46,68.46,6
2025-12-22 14:43:00,68.46,68.46,68.46,68.46,0
2025-12-22 14:44:00,68.57,68.57,68.57,68.57,1
2025-12-22 14:45:00,68.57,68.57,68.57,68.57,0
2025-12-22 14:46:00,68.54,68.54,68.54,68.54,1
2025-12-22 14:47:00,68.555,68.555,68.555,68.555,4
2025-12-22 14:48:00,68.51,68.51,68.51,68.51,4
2025-12-22 14:49:00,68.5,68.515,68.48,68.48,3
2025-12-22 14:50:00,68.515,68.68,68.515,68.68,27
2025-12-22 14:51:00,68.68,68.68,68.68,68.68,0
2025-12-22 14:52:00,68.68,68.68,68.68,68.68,0
2025-12-22 14:53:00,68.68,68.68,68.68,68.68,0
2025-12-22 14:54:00,68.57,68.57,68.57,68.57,4
2025-12-22 14:55:00,68.57,68.57,68.57,68.57,0
2025-12-22 14:56:00,68.6,68.69,68.6,68.655,4
2025-12-22 14:57:00,68.68,68.68,68.67,68.67,2
2025-12-22 14:58:00,68.7,68.7,68.7,68.7,1
2025-12-22 14:59:00,68.735,68.79,68.735,68.79,3
2025-12-22 15:00:00,68.79,68.82,68.79,68.82,5
2025-12-22 15:01:00,68.8,68.8,68.65,68.65,17
2025-12-22 15:02:00,68.65,68.65,68.65,68.65,0
2025-12-22 15:03:00,68.664,68.664,68.664,68.664,10
2025-12-22 15:04:00,68.56,68.57,68.455,68.57,14
2025-12-22 15:05:00,68.64,68.64,68.6,68.6,3
2025-12-22 15:06:00,68.59,68.59,68.59,68.59,1
2025-12-22 15:07:00,68.65,68.67,68.58,68.58,10
2025-12-22 15:08:00,68.69,68.69,68.69,68.69,1
2025-12-22 15:09:00,68.69,68.76,68.685,68.7,17
2025-12-22 15:10:00,68.7,68.74,68.7,68.73,3
2025-12-22 15:11:00,68.73,68.73,68.73,68.73,0
2025-12-22 15:12:00,68.75,68.79,68.75,68.79,4
2025-12-22 15:13:00,68.825,68.825,68.78,68.78,17
2025-12-22 15:14:00,68.78,68.78,68.77,68.77,3
2025-12-22 15:15:00,68.77,68.77,68.77,68.77,0
2025-12-22 15:16:00,68.72,68.73,68.705,68.73,12
2025-12-22 15:17:00,68.65,68.65,68.64,68.65,8
2025-12-22 15:18:00,68.6,68.6,68.6,68.6,1
2025-12-22 15:19:00,68.66,68.66,68.66,68.66,1
2025-12-22 15:20:00,68.695,68.695,68.62,68.62,3
2025-12-22 15:21:00,68.635,68.7,68.6165,68.6165,10
2025-12-22 15:22:00,68.77,68.915,68.77,68.915,13
2025-12-22 15:23:00,68.915,68.915,68.915,68.915,7
2025-12-22 15:24:00,68.9388,68.9388,68.915,68.915,3
2025-12-22 15:25:00,68.915,68.98,68.915,68.98,2
2025-12-22 15:26:00,68.95,68.99,68.9328,68.99,23
2025-12-22 15:27:00,68.94,69.0,68.925,68.925,16
2025-12-22 15:28:00,68.925,68.98,68.925,68.98,3
2025-12-22 15:29:00,68.95,68.95,68.86,68.905,18
2025-12-22 15:30:00,68.905,68.905,68.895,68.895,2
2025-12-22 15:31:00,68.895,68.895,68.82,68.875,43
2025-12-22 15:32:00,68.875,68.875,68.875,68.875,4
2025-12-22 15:33:00,68.875,68.91,68.875,68.91,5
2025-12-22 15:34:00,68.922,68.922,68.84,68.84,11
2025-12-22 15:35:00,68.92,69.1,68.92,69.055,28
2025-12-22 15:36:00,69.15,69.22,69.1,69.22,31
2025-12-22 15:37:00,69.22,69.22,69.22,69.22,10
2025-12-22 15:38:00,69.23,69.235,69.115,69.115,26
2025-12-22 15:39:00,69.14,69.16,69.14,69.16,5
2025-12-22 15:40:00,69.16,69.2,69.16,69.19,12
2025-12-22 15:41:00,69.185,69.185,69.18,69.185,13
2025-12-22 15:42:00,69.185,69.3,69.12,69.23,25
2025-12-22 15:43:00,69.32,69.32,69.32,69.32,1
2025-12-22 15:44:00,69.25,69.29,69.06,69.06,21
2025-12-22 15:45:00,69.075,69.075,69.02,69.02,7
2025-12-22 15:46:00,69.05,69.05,68.96,68.97,25
2025-12-22 15:47:00,68.965,68.99,68.965,68.99,2
2025-12-22 15:48:00,68.965,69.035,68.965,69.005,21
2025-12-22 15:49:00,68.96,69.025,68.93,68.955,24
2025-12-22 15:50:00,68.96,68.96,68.67,68.67,58
2025-12-22 15:51:00,68.655,68.699,68.64,68.655,20
2025-12-22 15:52:00,68.74,69.01,68.67,68.99,63
2025-12-22 15:53:00,68.98,69.07,68.9548,69.07,13
2025-12-22 15:54:00,68.99,69.09,68.99,69.02,32
2025-12-22 15:55:00,69.03,69.03,68.96,68.97,24
2025-12-22 15:56:00,69.0,69.03,68.95,68.98,30
2025-12-22 15:57:00,68.97,69.02,68.94,68.998,55
2025-12-22 15:58:00,69.03,69.04,69.0,69.02,63
2025-12-22 15:59:00,69.04,69.09,69.0,69.05,250
2025-12-23 09:30:00,69.02,69.67,68.48,69.11,250
2025-12-23 09:31:00,69.325,69.8682,69.03,69.365,17
2025-12-23 09:32:00,68.96,69.86,68.96,69.25,17
2025-12-23 09:33:00,69.545,69.545,69.25,69.33,7
2025-12-23 09:34:00,69.26,69.555,69.25,69.28,7
2025-12-23 09:35:00,69.55,69.55,69.13,69.17,50
2025-12-23 09:36:00,69.15,69.53,69.15,69.365,73
2025-12-23 09:37:00,69.49,69.49,69.3725,69.4,18
2025-12-23 09:38:00,69.55,69.74,69.35,69.605,14
2025-12-23 09:39:00,69.48,69.48,69.29,69.29,7
2025-12-23 09:40:00,69.42,69.62,69.42,69.62,3
2025-12-23 09:41:00,69.63,69.7,69.49,69.58,11
2025-12-23 09:42:00,69.44,69.78,69.04,69.78,27
2025-12-23 09:43:00,69.92,69.93,69.5281,69.5281,9
2025-12-23 09:44:00,69.89,69.97,69.615,69.97,37
2025-12-23 09:45:00,69.74,70.24,69.74,70.0,131
2025-12-23 09:46:00,70.21,70.29,69.98,70.21,128
2025-12-23 09:47:00,70.08,70.21,70.08,70.2,11
2025-12-23 09:48:00,70.17,70.21,70.07,70.07,86
2025-12-23 09:49:00,70.2,70.21,70.0863,70.11,188
2025-12-23 09:50:00,70.07,70.07,69.81,69.88,22
2025-12-23 09:51:00,69.875,70.2,69.76,69.93,195
2025-12-23 09:52:00,69.935,69.94,69.75,69.865,107
2025-12-23 09:53:00,69.87,69.87,69.645,69.77,27
2025-12-23 09:54:00,69.84,69.87,69.66,69.67,35
2025-12-23 09:55:00,69.754,69.754,69.64,69.64,4
2025-12-23 09:56:00,69.58,69.58,69.405,69.41,28
2025-12-23 09:57:00,69.5,69.585,69.41,69.4995,41
2025-12-23 09:58:00,69.515,69.515,69.335,69.335,14
2025-12-23 09:59:00,69.37,69.37,69.25,69.25,12
2025-12-23 10:00:00,69.2,69.33,69.2,69.21,23
2025-12-23 10:01:00,69.27,69.3,69.12,69.26,9
2025-12-23 10:02:00,69.215,69.215,69.215,69.215,1
2025-12-23 10:03:00,69.145,69.168,69.04,69.04,19
2025-12-23 10:04:00,69.03,69.03,69.0,69.015,8
2025-12-23 10:05:00,69.0,69.145,68.995,69.06,69
2025-12-23 10:06:00,69.1,69.33,69.06,69.09,72
2025-12-23 10:07:00,69.115,69.115,69.085,69.085,3
2025-12-23 10:08:00,69.1,69.18,69.09,69.095,11
2025-12-23 10:09:00,69.23,69.31,69.19,69.31,7
2025-12-23 10:10:00,69.31,69.31,69.31,69.31,0
2025-12-23 10:11:00,69.26,69.26,69.01,69.01,24
2025-12-23 10:12:00,69.0,69.08,68.94,69.03,49
2025-12-23 10:13:00,69.025,69.13,69.025,69.025,12
2025-12-23 10:14:00,69.03,69.07,69.03,69.06,37
2025-12-23 10:15:00,69.08,69.08,69.0,69.08,33
2025-12-23 10:16:00,68.995,69.165,68.995,69.165,25
2025-12-23 10:17:00,69.24,69.32,69.145,69.265,28
2025-12-23 10:18:00,69.225,69.225,69.17,69.17,2
2025-12-23 10:19:00,69.17,69.17,69.17,69.17,0
2025-12-23 10:20:00,69.17,69.17,69.17,69.17,0
2025-12-23 10:21:00,69.35,69.46,69.35,69.46,6
2025-12-23 10:22:00,69.32,69.41,69.23,69.41,5
2025-12-23 10:23:00,69.345,69.345,69.27,69.28,12
2025-12-23 10:24:00,69.23,69.315,69.23,69.315,2
2025-12-23 10:25:00,69.315,69.315,69.315,69.315,0
2025-12-23 10:26:00,69.44,69.46,69.325,69.46,8
2025-12-23 10:27:00,69.37,69.37,69.37,69.37,1
2025-12-23 10:28:00,69.33,69.44,69.33,69.44,2
2025-12-23 10:29:00,69.44,69.44,69.34,69.34,4
2025-12-23 10:30:00,69.34,69.34,69.34,69.34,0
2025-12-23 10:31:00,69.46,69.46,69.46,69.46,1
2025-12-23 10:32:00,69.45,69.46,69.45,69.46,8
2025-12-23 10:33:00,69.51,69.53,69.46,69.53,12
2025-12-23 10:34:00,69.68,69.68,69.51,69.56,11
2025-12-23 10:35:00,69.56,69.56,69.49,69.505,7
2025-12-23 10:36:00,69.505,69.505,69.505,69.505,0
2025-12-23 10:37:00,69.555,69.56,69.555,69.56,5
2025-12-23 10:38:00,69.56,69.56,69.56,69.56,0
2025-12-23 10:39:00,69.62,69.66,69.55,69.55,5
2025-12-23 10:40:00,69.55,69.57,69.52,69.52,8
2025-12-23 10:41:00,69.4647,69.485,69.45,69.46,7
2025-12-23 10:42:00,69.32,69.42,69.25,69.295,11
2025-12-23 10:43:00,69.46,69.47,69.45,69.45,7
2025-12-23 10:44:00,69.48,69.49,69.375,69.405,9
2025-12-23 10:45:00,69.4,69.4,69.4,69.4,2
2025-12-23 10:46:00,69.4,69.4,69.4,69.4,3
2025-12-23 10:47:00,69.42,69.42,69.32,69.42,4
2025-12-23 10:48:00,69.42,69.42,69.31,69.31,5
2025-12-23 10:49:00,69.31,69.31,69.31,69.31,0
2025-12-23 10:50:00,69.42,69.42,69.3,69.3,4
2025-12-23 10:51:00,69.36,69.36,69.36,69.36,2
2025-12-23 10:52:00,69.36,69.36,69.36,69.36,1
2025-12-23 10:53:00,69.355,69.355,69.355,69.355,3
2025-12-23 10:54:00,69.355,69.355,69.355,69.355,0
2025-12-23 10:55:00,69.41,69.41,69.21,69.34,9
2025-12-23 10:56:00,69.4125,69.48,69.33,69.48,52
2025-12-23 10:57:00,69.35,69.35,69.345,69.35,14
2025-12-23 10:58:00,69.35,69.355,69.35,69.355,4
2025-12-23 10:59:00,69.27,69.36,69.22,69.265,24
2025-12-23 11:00:00,69.22,69.28,69.2,69.2,97
2025-12-23 11:01:00,69.35,69.37,69.35,69.37,7
2025-12-23 11:02:00,69.4024,69.54,69.4024,69.54,6
2025-12-23 11:03:00,69.27,69.27,69.27,69.27,1
2025-12-23 11:04:00,69.27,69.27,69.27,69.27,0
2025-12-23 11:05:00,69.62,69.63,69.61,69.61,4
2025-12-23 11:06:00,69.61,69.61,69.61,69.61,0
2025-12-23 11:07:00,69.89,69.91,69.715,69.79,20
2025-12-23 11:08:00,69.824,69.824,69.63,69.76,17
2025-12-23 11:09:00,69.795,69.795,69.65,69.68,5
2025-12-23 11:10:00,69.7275,69.7275,69.4,69.52,6
2025-12-23 11:11:00,69.52,69.52,69.52,69.52,0
2025-12-23 11:12:00,69.525,69.525,69.525,69.525,2
2025-12-23 11:13:00,69.59,69.59,69.59,69.59,1
2025-12-23 11:14:00,69.6,69.65,69.6,69.65,3
2025-12-23 11:15:00,69.64,69.64,69.5351,69.5351,2
2025-12-23 11:16:00,69.65,69.69,69.65,69.68,9
2025-12-23 11:17:00,69.69,69.73,69.635,69.635,5
2025-12-23 11:18:00,69.72,69.72,69.63,69.63,12
2025-12-23 11:19:00,69.73,69.73,69.73,69.73,1
2025-12-23 11:20:00,69.6575,69.76,69.6575,69.73,5
2025-12-23 11:21:00,69.8,69.81,69.8,69.81,3
2025-12-23 11:22:00,69.72,69.81,69.72,69.81,3
2025-12-23 11:23:00,69.81,69.81,69.81,69.81,0
2025-12-23 11:24:00,69.81,69.81,69.63,69.63,21
2025-12-23 11:25:00,69.65,69.72,69.29,69.29,112
2025-12-23 11:26:00,69.365,69.365,69.365,69.365,1
2025-12-23 11:27:00,69.32,69.3416,69.12,69.3225,50
2025-12-23 11:28:00,69.325,69.43,69.325,69.43,7
2025-12-23 11:29:00,69.33,69.33,69.32,69.33,32
2025-12-23 11:30:00,69.335,69.335,69.3,69.3,11
2025-12-23 11:31:00,69.16,69.325,69.16,69.32,3
2025-12-23 11:32:00,69.33,69.33,69.33,69.33,2
2025-12-23 11:33:00,69.335,69.335,69.17,69.19,13
2025-12-23 11:34:00,69.295,69.295,69.295,69.295,1
2025-12-23 11:35:00,69.385,69.4,69.365,69.365,8
2025-12-23 11:36:00,69.37,69.4,69.335,69.34,25
2025-12-23 11:37:00,69.52,69.64,69.45,69.5,59
2025-12-23 11:38:00,69.5,69.505,69.5,69.505,3
2025-12-23 11:39:00,69.38,69.4725,69.37,69.4725,11
2025-12-23 11:40:00,69.395,69.395,69.395,69.395,1
2025-12-23 11:41:00,69.39,69.485,69.39,69.485,2
2025-12-23 11:42:00,69.495,69.495,69.495,69.495,2
2025-12-23 11:43:00,69.485,69.54,69.485,69.485,6
2025-12-23 11:44:00,69.4751,69.4751,69.4751,69.4751,3
2025-12-23 11:45:00,69.4751,69.4751,69.4751,69.4751,0
2025-12-23 11:46:00,69.508,69.6099,69.508,69.56,10
2025-12-23 11:47:00,69.54,69.54,69.47,69.47,5
2025-12-23 11:48:00,69.47,69.47,69.47,69.47,0
2025-12-23 11:49:00,69.545,69.545,69.545,69.545,1
2025-12-23 11:50:00,69.56,69.59,69.56,69.57,7
2025-12-23 11:51:00,69.53,69.56,69.53,69.56,7
2025-12-23 11:52:00,69.5755,69.5755,69.5755,69.5755,2
2025-12-23 11:53:00,69.56,69.56,69.53,69.53,16
2025-12-23 11:54:00,69.53,69.53,69.35,69.35,10
2025-12-23 11:55:00,69.35,69.36,69.3,69.34,13
2025-12-23 11:56:00,69.4,69.44,69.3,69.44,38
2025-12-23 11:57:00,69.5,69.5,69.475,69.475,4
2025-12-23 11:58:00,69.51,69.51,69.51,69.51,1
2025-12-23 11:59:00,69.54,69.62,69.5,69.56,32
2025-12-23 12:00:00,69.56,69.56,69.56,69.56,0
2025-12-23 12:01:00,69.565,69.565,69.43,69.43,34
2025-12-23 12:02:00,69.51,69.51,69.51,69.51,1
2025-12-23 12:03:00,69.51,69.53,69.475,69.475,12
2025-12-23 12:04:00,69.51,69.56,69.51,69.55,6
2025-12-23 12:05:00,69.4925,69.4925,69.4875,69.49,3
2025-12-23 12:06:00,69.55,69.57,69.5,69.5,39
2025-12-23 12:07:00,69.48,69.48,69.48,69.48,2
2025-12-23 12:08:00,69.48,69.48,69.48,69.48,3
2025-12-23 12:09:00,69.53,69.53,69.53,69.53,1
2025-12-23 12:10:00,69.53,69.53,69.53,69.53,0
2025-12-23 12:11:00,69.63,69.63,69.51,69.51,2
2025-12-23 12:12:00,69.51,69.51,69.51,69.51,0
2025-12-23 12:13:00,69.63,69.63,69.565,69.565,5
2025-12-23 12:14:00,69.6,69.61,69.6,69.61,2
2025-12-23 12:15:00,69.63,69.63,69.62,69.62,3
2025-12-23 12:16:00,69.59,69.59,69.59,69.59,2
2025-12-23 12:17:00,69.63,69.63,69.59,69.59,3
2025-12-23 12:18:00,69.59,69.59,69.59,69.59,2
2025-12-23 12:19:00,69.572,69.6,69.455,69.5287,52
2025-12-23 12:20:00,69.535,69.58,69.535,69.58,2
2025-12-23 12:21:00,69.58,69.58,69.58,69.58,1
2025-12-23 12:22:00,69.52,69.545,69.48,69.48,6
2025-12-23 12:23:00,69.44,69.585,69.44,69.585,41
2025-12-23 12:24:00,69.63,69.99,69.63,69.765,196
2025-12-23 12:25:00,69.78,69.78,69.61,69.63,24
2025-12-23 12:26:00,69.47,69.47,69.45,69.45,2
2025-12-23 12:27:00,69.52,69.52,69.52,69.52,2
2025-12-23 12:28:00,69.52,69.52,69.52,69.52,0
2025-12-23 12:29:00,69.545,69.545,69.545,69.545,1
2025-12-23 12:30:00,69.63,69.63,69.63,69.63,1
2025-12-23 12:31:00,69.63,69.76,69.615,69.76,15
2025-12-23 12:32:00,69.665,69.76,69.665,69.76,4
2025-12-23 12:33:00,69.76,69.76,69.73,69.73,4
2025-12-23 12:34:00,69.76,69.76,69.67,69.75,9
2025-12-23 12:35:00,69.75,69.76,69.67,69.75,5
2025-12-23 12:36:00,69.67,70.0,69.67,70.0,111
2025-12-23 12:37:00,70.0,70.0,69.755,69.875,81
2025-12-23 12:38:00,69.77,69.77,69.755,69.755,6
2025-12-23 12:39:00,69.85,69.85,69.65,69.65,13
2025-12-23 12:40:00,69.76,69.76,69.736,69.755,6
2025-12-23 12:41:00,69.755,69.85,69.755,69.83,3
2025-12-23 12:42:00,69.75,69.77,69.75,69.77,3
2025-12-23 12:43:00,69.715,69.77,69.715,69.715,18
2025-12-23 12:44:00,69.77,69.87,69.755,69.8375,16
2025-12-23 12:45:00,69.8375,69.88,69.8375,69.88,4
2025-12-23 12:46:00,69.94,69.97,69.94,69.97,4
2025-12-23 12:47:00,69.92,69.97,69.92,69.97,4
2025-12-23 12:48:00,69.89,69.925,69.89,69.92,10
2025-12-23 12:49:00,69.89,69.89,69.86,69.89,14
2025-12-23 12:50:00,69.82,69.86,69.82,69.86,4
2025-12-23 12:51:00,69.78,69.79,69.7,69.7,8
2025-12-23 12:52:00,69.68,69.72,69.66,69.66,11
2025-12-23 12:53:00,69.73,69.73,69.73,69.73,1
2025-12-23 12:54:00,69.72,69.72,69.72,69.72,8
2025-12-23 12:55:00,69.7,69.7,69.63,69.66,17
2025-12-23 12:56:00,69.62,69.67,69.62,69.635,8
2025-12-23 12:57:00,69.65,69.69,69.65,69.66,5
2025-12-23 12:58:00,69.63,69.63,69.59,69.59,10
2025-12-23 12:59:00,69.615,69.64,69.615,69.64,3
2025-12-23 13:00:00,69.6,69.6,69.53,69.53,14
2025-12-23 13:01:00,69.53,69.53,69.53,69.53,0
2025-12-23 13:02:00,69.6,69.6,69.6,69.6,1
2025-12-23 13:03:00,69.56,69.56,69.56,69.56,10
2025-12-23 13:04:00,69.56,69.56,69.56,69.56,0
2025-12-23 13:05:00,69.59,69.6,69.58,69.58,7
2025-12-23 13:06:00,69.535,69.535,69.52,69.53,11
2025-12-23 13:07:00,69.53,69.53,69.53,69.53,0
2025-12-23 13:08:00,69.515,69.58,69.515,69.535,7
2025-12-23 13:09:00,69.6,69.62,69.59,69.6,11
2025-12-23 13:10:00,69.58,69.58,69.54,69.54,6
2025-12-23 13:11:00,69.5,69.545,69.5,69.545,5
2025-12-23 13:12:00,69.545,69.545,69.545,69.545,0
2025-12-23 13:13:00,69.61,69.61,69.61,69.61,1
2025-12-23 13:14:00,69.54,69.54,69.54,69.54,2
2025-12-23 13:15:00,69.63,69.63,69.6,69.6,3
2025-12-23 13:16:00,69.57,69.615,69.57,69.615,5
2025-12-23 13:17:00,69.65,69.65,69.65,69.65,3
2025-12-23 13:18:00,69.65,69.65,69.65,69.65,0
2025-12-23 13:19:00,69.65,69.65,69.65,69.65,0
2025-12-23 13:20:00,69.61,69.65,69.61,69.65,3
2025-12-23 13:21:00,69.62,69.67,69.62,69.67,3
2025-12-23 13:22:00,69.69,69.69,69.635,69.635,3
2025-12-23 13:23:00,69.69,69.71,69.69,69.71,7
2025-12-23 13:24:00,69.71,69.71,69.71,69.71,0
2025-12-23 13:25:00,69.71,69.71,69.66,69.68,5
2025-12-23 13:26:00,69.72,69.72,69.71,69.71,2
2025-12-23 13:27:00,69.68,69.68,69.68,69.68,1
2025-12-23 13:28:00,69.68,69.68,69.68,69.68,0
2025-12-23 13:29:00,69.73,69.74,69.72,69.725,17
2025-12-23 13:30:00,69.75,69.75,69.75,69.75,2
2025-12-23 13:31:00,69.7,69.7,69.65,69.65,13
2025-12-23 13:32:00,69.64,69.6475,69.62,69.6475,11
2025-12-23 13:33:00,69.65,69.66,69.65,69.66,11
2025-12-23 13:34:00,69.68,69.68,69.68,69.68,1
2025-12-23 13:35:00,69.7,69.7,69.69,69.69,2
2025-12-23 13:36:00,69.69,69.69,69.69,69.69,0
2025-12-23 13:37:00,69.73,69.73,69.73,69.73,1
2025-12-23 13:38:00,69.74,69.78,69.74,69.78,12
2025-12-23 13:39:00,69.74,69.76,69.74,69.76,6
2025-12-23 13:40:00,69.76,69.76,69.76,69.76,0
2025-12-23 13:41:00,69.8,69.83,69.75,69.75,7
2025-12-23 13:42:00,69.75,69.75,69.75,69.75,0
2025-12-23 13:43:00,69.815,69.815,69.815,69.815,5
2025-12-23 13:44:00,69.78,69.815,69.78,69.815,6
2025-12-23 13:45:00,69.84,69.84,69.84,69.84,1
2025-12-23 13:46:00,69.84,69.84,69.84,69.84,1
2025-12-23 13:47:00,69.805,69.84,69.8001,69.84,5
2025-12-23 13:48:00,69.84,69.85,69.84,69.85,9
2025-12-23 13:49:00,69.89,69.91,69.87,69.9,7
2025-12-23 13:50:00,69.99,69.99,69.905,69.93,7
2025-12-23 13:51:00,69.99,69.99,69.99,69.99,1
2025-12-23 13:52:00,69.99,70.11,69.96,70.03,63
2025-12-23 13:53:00,70.01,70.1,70.01,70.1,4
2025-12-23 13:54:00,70.065,70.1,70.065,70.1,9
2025-12-23 13:55:00,70.11,70.16,70.11,70.16,15
2025-12-23 13:56:00,70.15,70.15,70.15,70.15,1
2025-12-23 13:57:00,70.15,70.15,70.15,70.15,2
2025-12-23 13:58:00,70.13,70.17,70.01,70.01,37
2025-12-23 13:59:00,69.9407,69.96,69.81,69.81,20
2025-12-23 14:00:00,69.9,69.9,69.75,69.78,8
2025-12-23 14:01:00,69.78,69.78,69.78,69.78,0
2025-12-23 14:02:00,69.79,69.795,69.67,69.67,9
2025-12-23 14:03:00,69.67,69.67,69.67,69.67,0
2025-12-23 14:04:00,69.71,69.72,69.71,69.72,8
2025-12-23 14:05:00,69.74,69.74,69.69,69.69,8
2025-12-23 14:06:00,69.66,69.66,69.635,69.635,4
2025-12-23 14:07:00,69.69,69.69,69.69,69.69,1
2025-12-23 14:08:00,69.69,69.71,69.69,69.71,3
2025-12-23 14:09:00,69.75,69.78,69.75,69.75,3
2025-12-23 14:10:00,69.78,69.78,69.7,69.7,9
2025-12-23 14:11:00,69.7,69.7,69.7,69.7,0
2025-12-23 14:12:00,69.67,69.67,69.62,69.62,4
2025-12-23 14:13:00,69.62,69.62,69.51,69.51,10
2025-12-23 14:14:00,69.51,69.51,69.51,69.51,0
2025-12-23 14:15:00,69.6,69.65,69.6,69.65,10
2025-12-23 14:16:00,69.61,69.61,69.61,69.61,2
2025-12-23 14:17:00,69.61,69.61,69.61,69.61,0
2025-12-23 14:18:00,69.58,69.595,69.58,69.595,2
2025-12-23 14:19:00,69.58,69.58,69.56,69.56,6
2025-12-23 14:20:00,69.56,69.56,69.56,69.56,0
2025-12-23 14:21:00,69.62,69.62,69.6,69.6,5
2025-12-23 14:22:00,69.63,69.63,69.63,69.63,2
2025-12-23 14:23:00,69.63,69.63,69.63,69.63,1
2025-12-23 14:24:00,69.63,69.63,69.63,69.63,0
2025-12-23 14:25:00,69.63,69.63,69.58,69.58,12
2025-12-23 14:26:00,69.565,69.565,69.505,69.54,6
2025-12-23 14:27:00,69.56,69.56,69.56,69.56,1
2025-12-23 14:28:00,69.55,69.55,69.55,69.55,1
2025-12-23 14:29:00,69.525,69.59,69.525,69.59,5
2025-12-23 14:30:00,69.525,69.68,69.525,69.58,9
2025-12-23 14:31:00,69.59,69.59,69.59,69.59,1
2025-12-23 14:32:00,69.63,69.65,69.61,69.64,14
2025-12-23 14:33:00,69.64,69.64,69.64,69.64,0
2025-12-23 14:34:00,69.66,69.73,69.64,69.7253,33
2025-12-23 14:35:00,69.7,69.91,69.7,69.91,19
2025-12-23 14:36:00,69.91,69.91,69.82,69.88,6
2025-12-23 14:37:00,69.87,69.9,69.865,69.9,4
2025-12-23 14:38:00,69.865,69.88,69.86,69.87,22
2025-12-23 14:39:00,69.895,69.97,69.895,69.97,3
2025-12-23 14:40:00,69.91,69.915,69.91,69.915,3
2025-12-23 14:41:00,69.915,69.97,69.915,69.97,3
2025-12-23 14:42:00,69.93,69.97,69.93,69.97,8
2025-12-23 14:43:00,69.93,69.97,69.93,69.93,3
2025-12-23 14:44:00,69.96,70.1,69.93,70.06,24
2025-12-23 14:45:00,70.08,70.2,70.08,70.2,36
2025-12-23 14:46:00,70.15,70.44,70.15,70.425,45
2025-12-23 14:47:00,70.4,70.47,70.3,70.3,33
2025-12-23 14:48:00,70.345,70.345,70.3,70.315,4
2025-12-23 14:49:00,70.28,70.285,69.95,69.97,184
2025-12-23 14:50:00,69.95,69.955,69.87,69.955,16
2025-12-23 14:51:00,69.87,69.87,69.84,69.84,7
2025-12-23 14:52:00,69.89,69.895,69.89,69.895,4
2025-12-23 14:53:00,69.895,69.965,69.84,69.885,47
2025-12-23 14:54:00,69.875,69.93,69.82,69.93,12
2025-12-23 14:55:00,69.92,70.15,69.9,69.94,36
2025-12-23 14:56:00,69.88,69.88,69.87,69.87,3
2025-12-23 14:57:00,69.98,69.98,69.86,69.86,6
2025-12-23 14:58:00,69.8,69.81,69.8,69.81,3
2025-12-23 14:59:00,69.865,69.98,69.76,69.76,8
2025-12-23 15:00:00,69.78,69.9,69.78,69.9,38
2025-12-23 15:01:00,69.9,69.9,69.805,69.805,6
2025-12-23 15:02:00,69.9,69.95,69.9,69.95,29
2025-12-23 15:03:00,69.93,69.94,69.86,69.94,3
2025-12-23 15:04:00,69.94,69.94,69.94,69.94,1
2025-12-23 15:05:00,69.88,69.88,69.88,69.88,1
2025-12-23 15:06:00,69.94,70.04,69.9,70.03,30
2025-12-23 15:07:00,70.01,70.02,69.91,70.02,32
2025-12-23 15:08:00,70.025,70.025,70.025,70.025,3
2025-12-23 15:09:00,70.035,70.04,70.015,70.015,12
2025-12-23 15:10:00,70.02,70.02,70.02,70.02,3
2025-12-23 15:11:00,69.99,70.025,69.97,69.97,36
2025-12-23 15:12:00,69.97,69.97,69.88,69.88,10
2025-12-23 15:13:00,69.88,69.88,69.88,69.88,0
2025-12-23 15:14:00,69.885,69.885,69.885,69.885,1
2025-12-23 15:15:00,69.885,69.885,69.885,69.885,0
2025-12-23 15:16:00,69.885,69.885,69.885,69.885,0
2025-12-23 15:17:00,69.92,69.94,69.89,69.94,19
2025-12-23 15:18:00,69.97,70.0,69.925,69.995,10
2025-12-23 15:19:00,69.98,70.17,69.98,70.17,21
2025-12-23 15:20:00,70.17,70.17,70.03,70.03,35
2025-12-23 15:21:00,70.08,70.1,70.02,70.04,169
2025-12-23 15:22:00,70.12,70.16,70.12,70.16,11
2025-12-23 15:23:00,70.09,70.09,70.09,70.09,1
2025-12-23 15:24:00,70.09,70.09,70.09,70.09,0
2025-12-23 15:25:00,70.1,70.16,70.1,70.16,3
2025-12-23 15:26:00,70.15,70.16,70.15,70.16,4
2025-12-23 15:27:00,70.16,70.16,70.16,70.16,2
2025-12-23 15:28:00,70.15,70.21,70.13,70.205,25
2025-12-23 15:29:00,70.205,70.27,70.2,70.27,21
2025-12-23 15:30:00,70.27,70.27,70.225,70.26,5
2025-12-23 15:31:00,70.27,70.32,70.09,70.17,83
2025-12-23 15:32:00,70.17,70.17,70.17,70.17,0
2025-12-23 15:33:00,70.175,70.175,70.175,70.175,2
2025-12-23 15:34:00,70.18,70.25,70.155,70.24,18
2025-12-23 15:35:00,70.21,70.34,70.21,70.34,23
2025-12-23 15:36:00,70.35,70.46,70.35,70.44,11
2025-12-23 15:37:00,70.47,70.49,70.37,70.38,52
2025-12-23 15:38:00,70.32,70.32,70.32,70.32,1
2025-12-23 15:39:00,70.27,70.42,70.27,70.345,25
2025-12-23 15:40:00,70.35,70.41,70.35,70.41,13
2025-12-23 15:41:00,70.37,70.405,70.355,70.4,23
2025-12-23 15:42:00,70.4,70.4,70.321,70.365,8
2025-12-23 15:43:00,70.4099,70.4099,70.365,70.365,9
2025-12-23 15:44:00,70.4,70.41,70.31,70.315,35
2025-12-23 15:45:00,70.31,70.31,70.305,70.3051,11
2025-12-23 15:46:00,70.32,70.35,70.305,70.35,29
2025-12-23 15:47:00,70.34,70.35,70.29,70.31,19
2025-12-23 15:48:00,70.3,70.3,70.14,70.29,43
2025-12-23 15:49:00,70.17,70.18,70.13,70.13,9
2025-12-23 15:50:00,70.27,70.29,70.1724,70.29,6
2025-12-23 15:51:00,70.3,70.3,70.19,70.205,70
2025-12-23 15:52:00,70.23,70.23,70.23,70.23,1
2025-12-23 15:53:00,70.255,70.255,70.1,70.1,10
2025-12-23 15:54:00,70.1019,70.17,69.81,69.87,28
2025-12-23 15:55:00,69.83,69.83,69.63,69.69,44
2025-12-23 15:56:00,69.655,69.81,69.655,69.8,57
2025-12-23 15:57:00,69.85,69.89,69.73,69.73,121
2025-12-23 15:58:00,69.76,69.77,69.72,69.77,122
2025-12-23 15:59:00,69.76,69.85,69.76,69.84,250
2025-12-24 09:30:00,68.47,68.87,68.0,68.5,232
2025-12-24 09:31:00,68.27,68.27,68.27,68.27,1
2025-12-24 09:32:00,68.895,69.47,68.895,69.02,10
2025-12-24 09:33:00,68.82,68.82,68.81,68.81,2
2025-12-24 09:34:00,69.16,69.8,69.09,69.8,41
2025-12-24 09:35:00,69.69,69.69,69.665,69.665,11
2025-12-24 09:36:00,69.665,69.665,69.665,69.665,0
2025-12-24 09:37:00,69.6878,69.7209,69.6878,69.7209,11
2025-12-24 09:38:00,69.68,69.68,69.68,69.68,8
2025-12-24 09:39:00,69.68,69.68,69.68,69.68,0
2025-12-24 09:40:00,69.63,70.0,69.63,69.86,31
2025-12-24 09:41:00,70.0,70.06,69.87,70.06,54
2025-12-24 09:42:00,70.2979,70.67,70.15,70.67,67
2025-12-24 09:43:00,70.81,70.97,70.755,70.755,51
2025-12-24 09:44:00,70.755,70.755,70.5,70.53,34
2025-12-24 09:45:00,70.6,70.64,70.6,70.64,4
2025-12-24 09:46:00,70.74,70.75,70.74,70.745,46
2025-12-24 09:47:00,70.61,70.7971,70.53,70.5973,39
2025-12-24 09:48:00,70.6532,71.14,70.6532,71.14,152
2025-12-24 09:49:00,71.12,71.29,71.05,71.05,58
2025-12-24 09:50:00,71.135,71.2965,71.04,71.04,6
2025-12-24 09:51:00,71.03,71.1025,70.94,70.94,21
2025-12-24 09:52:00,71.03,71.1,70.8601,70.8601,18
2025-12-24 09:53:00,71.13,71.13,71.13,71.13,2
2025-12-24 09:54:00,71.0138,71.055,71.0138,71.055,2
2025-12-24 09:55:00,71.06,71.06,70.95,71.06,34
2025-12-24 09:56:00,71.06,71.06,70.75,70.75,34
2025-12-24 09:57:00,70.68,70.9,70.545,70.88,26
2025-12-24 09:58:00,70.77,70.77,70.77,70.77,1
2025-12-24 09:59:00,70.86,70.86,70.86,70.86,1
2025-12-24 10:00:00,70.87,70.87,70.715,70.78,67
2025-12-24 10:01:00,70.79,70.79,70.73,70.74,28
2025-12-24 10:02:00,70.74,70.74,70.72,70.74,43
2025-12-24 10:03:00,70.7049,70.735,70.7049,70.735,15
2025-12-24 10:04:00,70.735,70.785,70.7,70.728,34
2025-12-24 10:05:00,70.7,70.705,70.37,70.68,145
2025-12-24 10:06:00,70.62,70.77,70.615,70.77,18
2025-12-24 10:07:00,70.66,70.66,70.66,70.66,2
2025-12-24 10:08:00,70.7,70.7,70.7,70.7,6
2025-12-24 10:09:00,70.665,70.86,70.665,70.805,28
2025-12-24 10:10:00,70.8,70.8,70.69,70.695,41
2025-12-24 10:11:00,70.695,70.695,70.695,70.695,12
2025-12-24 10:12:00,70.7125,70.7125,70.6401,70.705,5
2025-12-24 10:13:00,70.75,70.75,70.7225,70.7225,8
2025-12-24 10:14:00,70.715,70.78,70.715,70.77,10
2025-12-24 10:15:00,70.6529,70.93,70.6529,70.93,16
2025-12-24 10:16:00,70.93,70.94,70.93,70.94,4
2025-12-24 10:17:00,70.94,70.94,70.94,70.94,0
2025-12-24 10:18:00,70.895,70.895,70.69,70.72,37
2025-12-24 10:19:00,70.67,70.735,70.67,70.735,4
2025-12-24 10:20:00,70.74,70.7401,70.67,70.675,36
2025-12-24 10:21:00,70.63,70.64,70.63,70.64,2
2025-12-24 10:22:00,70.635,70.635,70.635,70.635,2
2025-12-24 10:23:00,70.57,70.64,70.55,70.57,22
2025-12-24 10:24:00,70.5,70.63,70.5,70.63,6
2025-12-24 10:25:00,70.63,70.63,70.36,70.36,19
2025-12-24 10:26:00,70.4,70.5,70.4,70.5,8
2025-12-24 10:27:00,70.52,70.53,70.485,70.485,5
2025-12-24 10:28:00,70.38,70.38,70.38,70.38,1
2025-12-24 10:29:00,70.59,70.6,70.59,70.6,5
2025-12-24 10:30:00,70.565,70.565,70.41,70.505,10
2025-12-24 10:31:00,70.39,70.4,70.38,70.4,4
2025-12-24 10:32:00,70.405,70.42,70.405,70.42,3
2025-12-24 10:33:00,70.4368,70.4368,70.3401,70.3401,2
2025-12-24 10:34:00,70.35,70.35,70.32,70.32,4
2025-12-24 10:35:00,70.23,70.365,70.23,70.36,5
2025-12-24 10:36:00,70.23,70.23,70.23,70.23,3
2025-12-24 10:37:00,70.18,70.19,70.11,70.11,3
2025-12-24 10:38:00,70.175,70.175,70.1,70.1,2
2025-12-24 10:39:00,70.175,70.18,70.175,70.18,2
2025-12-24 10:40:00,70.25,70.415,70.25,70.315,17
2025-12-24 10:41:00,70.315,70.315,70.315,70.315,0
2025-12-24 10:42:00,70.295,70.295,70.295,70.295,1
2025-12-24 10:43:00,70.295,70.295,70.295,70.295,0
2025-12-24 10:44:00,70.3,70.3,70.21,70.21,2
2025-12-24 10:45:00,70.295,70.4,70.295,70.4,27
2025-12-24 10:46:00,70.4,70.41,70.325,70.325,13
2025-12-24 10:47:00,70.33,70.33,70.33,70.33,2
2025-12-24 10:48:00,70.335,70.335,70.24,70.24,2
2025-12-24 10:49:00,70.24,70.26,70.14,70.14,136
2025-12-24 10:50:00,70.13,70.3312,70.11,70.3312,19
2025-12-24 10:51:00,70.295,70.295,70.295,70.295,7
2025-12-24 10:52:00,70.295,70.43,70.295,70.38,4
2025-12-24 10:53:00,70.44,70.52,70.38,70.46,82
2025-12-24 10:54:00,70.46,70.46,70.4522,70.4522,5
2025-12-24 10:55:00,70.45,70.45,70.4486,70.4486,3
2025-12-24 10:56:00,70.45,70.45,70.45,70.45,1
2025-12-24 10:57:00,70.45,70.45,70.32,70.36,17
2025-12-24 10:58:00,70.29,70.37,70.29,70.37,2
2025-12-24 10:59:00,70.4494,70.4494,70.34,70.34,6
2025-12-24 11:00:00,70.37,70.37,70.37,70.37,1
2025-12-24 11:01:00,70.362,70.44,70.362,70.44,6
2025-12-24 11:02:00,70.44,70.44,70.37,70.37,5
2025-12-24 11:03:00,70.37,70.37,70.37,70.37,0
2025-12-24 11:04:00,70.38,70.45,70.24,70.24,33
2025-12-24 11:05:00,70.19,70.2,69.92,70.1921,41
2025-12-24 11:06:00,70.1425,70.1425,70.1425,70.1425,1
2025-12-24 11:07:00,70.1425,70.1425,70.1425,70.1425,0
2025-12-24 11:08:00,70.135,70.135,69.99,70.05,4
2025-12-24 11:09:00,70.05,70.05,70.05,70.05,1
2025-12-24 11:10:00,70.05,70.05,70.05,70.05,0
2025-12-24 11:11:00,70.03,70.15,70.03,70.04,5
2025-12-24 11:12:00,70.05,70.07,70.05,70.07,10
2025-12-24 11:13:00,70.15,70.17,70.12,70.12,4
2025-12-24 11:14:00,70.12,70.12,70.12,70.12,0
2025-12-24 11:15:00,70.11,70.29,70.11,70.29,34
2025-12-24 11:16:00,70.295,70.295,70.21,70.285,13
2025-12-24 11:17:00,70.285,70.285,70.135,70.185,12
2025-12-24 11:18:00,70.22,70.22,70.12,70.18,20
2025-12-24 11:19:00,70.13,70.13,70.06,70.06,6
2025-12-24 11:20:00,70.1025,70.15,70.1025,70.15,4
2025-12-24 11:21:00,70.06,70.06,70.06,70.06,3
2025-12-24 11:22:00,70.0,70.0,69.95,69.97,11
2025-12-24 11:23:00,69.97,69.97,69.97,69.97,0
2025-12-24 11:24:00,69.97,69.97,69.97,69.97,1
2025-12-24 11:25:00,69.9612,69.9612,69.9612,69.9612,7
2025-12-24 11:26:00,69.88,69.88,69.81,69.865,11
2025-12-24 11:27:00,69.865,69.865,69.865,69.865,0
2025-12-24 11:28:00,69.85,69.87,69.85,69.87,7
2025-12-24 11:29:00,69.91,69.92,69.91,69.92,4
2025-12-24 11:30:00,69.92,69.93,69.92,69.93,3
2025-12-24 11:31:00,69.93,69.95,69.92,69.92,3
2025-12-24 11:32:00,70.0,70.01,70.0,70.0099,4
2025-12-24 11:33:00,70.0099,70.0099,70.0099,70.0099,0
2025-12-24 11:34:00,70.0099,70.0099,70.0099,70.0099,0
2025-12-24 11:35:00,70.02,70.08,70.02,70.08,8
2025-12-24 11:36:00,70.12,70.15,70.12,70.14,5
2025-12-24 11:37:00,70.105,70.105,70.105,70.105,1
2025-12-24 11:38:00,70.22,70.31,70.22,70.31,15
2025-12-24 11:39:00,70.37,70.43,70.24,70.355,17
2025-12-24 11:40:00,70.5,70.51,70.49,70.5,8
2025-12-24 11:41:00,70.51,70.51,70.43,70.43,2
2025-12-24 11:42:00,70.48,70.52,70.48,70.52,3
2025-12-24 11:43:00,70.52,70.55,70.51,70.55,71
2025-12-24 11:44:00,70.58,70.58,70.58,70.58,5
2025-12-24 11:45:00,70.49,70.49,70.485,70.485,2
2025-12-24 11:46:00,70.485,70.485,70.485,70.485,2
2025-12-24 11:47:00,70.485,70.49,70.485,70.49,2
2025-12-24 11:48:00,70.41,70.5,70.41,70.5,3
2025-12-24 11:49:00,70.41,70.43,70.245,70.245,51
2025-12-24 11:50:00,70.24,70.24,70.225,70.225,2
2025-12-24 11:51:00,70.225,70.225,70.13,70.13,9
2025-12-24 11:52:00,70.16,70.175,70.15,70.15,7
2025-12-24 11:53:00,70.16,70.16,70.16,70.16,1
2025-12-24 11:54:00,70.25,70.26,70.25,70.26,2
2025-12-24 11:55:00,70.26,70.4734,70.26,70.4734,35
2025-12-24 11:56:00,70.46,70.49,70.46,70.49,5
2025-12-24 11:57:00,70.56,70.57,70.55,70.57,3
2025-12-24 11:58:00,70.6,70.67,70.585,70.585,9
2025-12-24 11:59:00,70.67,70.67,70.585,70.67,4
2025-12-24 12:00:00,70.67,70.68,70.585,70.68,4
2025-12-24 12:01:00,70.585,70.67,70.585,70.585,8
2025-12-24 12:02:00,70.585,70.585,70.58,70.585,5
2025-12-24 12:03:00,70.51,70.51,70.45,70.455,26
2025-12-24 12:04:00,70.455,70.455,70.455,70.455,0
2025-12-24 12:05:00,70.445,70.455,70.445,70.455,3
2025-12-24 12:06:00,70.52,70.61,70.455,70.61,9
2025-12-24 12:07:00,70.62,70.62,70.62,70.62,1
2025-12-24 12:08:00,70.6,70.6,70.5045,70.525,9
2025-12-24 12:09:00,70.525,70.525,70.525,70.525,0
2025-12-24 12:10:00,70.61,70.64,70.61,70.64,2
2025-12-24 12:11:00,70.64,70.66,70.62,70.66,9
2025-12-24 12:12:00,70.66,70.67,70.66,70.67,3
2025-12-24 12:13:00,70.605,70.68,70.605,70.68,20
2025-12-24 12:14:00,70.68,70.71,70.68,70.71,3
2025-12-24 12:15:00,70.71,70.71,70.7,70.71,3
2025-12-24 12:16:00,70.66,70.705,70.58,70.645,35
2025-12-24 12:17:00,70.63,70.7,70.63,70.64,16
2025-12-24 12:18:00,70.68,70.71,70.65,70.675,7
2025-12-24 12:19:00,70.675,70.74,70.675,70.71,26
2025-12-24 12:20:00,70.74,70.74,70.74,70.74,2
2025-12-24 12:21:00,70.7,70.7,70.61,70.67,25
2025-12-24 12:22:00,70.67,70.67,70.53,70.636,35
2025-12-24 12:23:00,70.555,70.5912,70.5,70.51,10
2025-12-24 12:24:00,70.47,70.53,70.47,70.47,3
2025-12-24 12:25:00,70.4725,70.5,70.445,70.445,6
2025-12-24 12:26:00,70.435,70.51,70.43,70.43,3
2025-12-24 12:27:00,70.46,70.495,70.41,70.47,13
2025-12-24 12:28:00,70.506,70.67,70.506,70.655,45
2025-12-24 12:29:00,70.73,70.74,70.66,70.66,6
2025-12-24 12:30:00,70.736,70.736,70.736,70.736,1
2025-12-24 12:31:00,70.765,70.765,70.73,70.73,7
2025-12-24 12:32:00,70.695,70.7,70.695,70.7,8
2025-12-24 12:33:00,70.71,70.71,70.71,70.71,1
2025-12-24 12:34:00,70.8006,70.8006,70.8006,70.8006,2
2025-12-24 12:35:00,70.7,70.705,70.6,70.705,30
2025-12-24 12:36:00,70.7,70.7,70.7,70.7,2
2025-12-24 12:37:00,70.705,70.7175,70.61,70.71,15
2025-12-24 12:38:00,70.77,70.84,70.74,70.839,31
2025-12-24 12:39:00,70.75,70.785,70.555,70.58,60
2025-12-24 12:40:00,70.525,70.525,70.525,70.525,1
2025-12-24 12:41:00,70.58,70.689,70.58,70.625,17
2025-12-24 12:42:00,70.625,70.625,70.625,70.625,0
2025-12-24 12:43:00,70.625,70.689,70.6013,70.689,26
2025-12-24 12:44:00,70.625,70.64,70.25,70.25,92
2025-12-24 12:45:00,70.13,70.2,70.13,70.2,2
2025-12-24 12:46:00,70.2,70.25,70.2,70.25,6
2025-12-24 12:47:00,70.286,70.289,70.17,70.23,13
2025-12-24 12:48:00,70.23,70.28,70.06,70.06,44
2025-12-24 12:49:00,69.945,70.175,69.945,70.175,11
2025-12-24 12:50:00,70.23,70.23,69.98,69.99,52
2025-12-24 12:51:00,69.965,70.13,69.95,70.07,32
2025-12-24 12:52:00,70.13,70.24,70.075,70.2,28
2025-12-24 12:53:00,70.24,70.24,70.07,70.07,17
2025-12-24 12:54:00,70.14,70.165,70.07,70.095,6
2025-12-24 12:55:00,70.07,70.22,70.07,70.215,19
2025-12-24 12:56:00,70.12,70.21,70.12,70.13,10
2025-12-24 12:57:00,70.14,70.15,70.01,70.09,104
2025-12-24 12:58:00,70.11,70.22,70.11,70.22,128
2025-12-24 12:59:00,70.21,70.22,70.1,70.17,138
2025-12-26 09:30:00,69.95,70.0,69.32,69.66,187
2025-12-26 09:31:00,69.66,69.66,69.66,69.66,0
2025-12-26 09:32:00,69.58,69.97,69.55,69.55,27
2025-12-26 09:33:00,69.75,69.775,69.57,69.6,4
2025-12-26 09:34:00,69.68,69.795,69.56,69.795,94
2025-12-26 09:35:00,69.795,70.05,69.795,70.05,53
2025-12-26 09:36:00,69.98,70.3475,69.8601,69.97,54
2025-12-26 09:37:00,69.97,70.235,69.86,70.205,33
2025-12-26 09:38:00,70.5625,70.5625,70.365,70.365,4
2025-12-26 09:39:00,70.185,70.185,69.9,69.93,20
2025-12-26 09:40:00,69.97,69.97,69.97,69.97,2
2025-12-26 09:41:00,69.92,69.92,69.92,69.92,1
2025-12-26 09:42:00,69.9,69.9,69.9,69.9,1
2025-12-26 09:43:00,69.9,69.9,69.9,69.9,0
2025-12-26 09:44:00,69.9,69.9,69.9,69.9,1
2025-12-26 09:45:00,70.11,70.12,69.86,70.1,22
2025-12-26 09:46:00,70.11,70.11,70.1,70.1,8
2025-12-26 09:47:00,70.22,70.28,70.0952,70.0952,11
2025-12-26 09:48:00,69.95,70.005,69.905,69.905,16
2025-12-26 09:49:00,70.0,70.01,69.905,69.95,9
2025-12-26 09:50:00,69.93,70.085,69.9,70.005,14
2025-12-26 09:51:00,70.005,70.2,70.0,70.0,14
2025-12-26 09:52:00,70.015,70.29,69.91,70.15,51
2025-12-26 09:53:00,70.14,70.34,70.14,70.187,8
2025-12-26 09:54:00,70.214,70.275,70.0,70.0,32
2025-12-26 09:55:00,70.22,70.285,70.01,70.01,31
2025-12-26 09:56:00,70.11,70.15,69.95,70.08,49
2025-12-26 09:57:00,70.12,70.155,70.06,70.1,18
2025-12-26 09:58:00,70.14,70.3,70.11,70.16,22
2025-12-26 09:59:00,70.08,70.3,70.08,70.2025,16
2025-12-26 10:00:00,70.3,70.3,70.165,70.165,6
2025-12-26 10:01:00,70.16,70.16,69.91,69.985,61
2025-12-26 10:02:00,70.06,70.07,69.74,69.74,16
2025-12-26 10:03:00,69.87,69.87,69.74,69.87,5
2025-12-26 10:04:00,69.8333,69.8333,69.74,69.83,8
2025-12-26 10:05:00,69.62,69.84,69.575,69.83,15
2025-12-26 10:06:00,69.8,69.83,69.596,69.596,7
2025-12-26 10:07:00,69.635,69.83,69.635,69.69,9
2025-12-26 10:08:00,69.64,69.81,69.635,69.635,7
2025-12-26 10:09:00,69.4601,69.635,69.4601,69.62,23
2025-12-26 10:10:00,69.74,69.77,69.43,69.465,41
2025-12-26 10:11:00,69.465,69.465,69.2,69.3,58
2025-12-26 10:12:00,69.24,69.3,69.0,69.2,81
2025-12-26 10:13:00,69.2425,69.43,69.2425,69.43,25
2025-12-26 10:14:00,69.45,69.46,69.45,69.46,4
2025-12-26 10:15:00,69.31,69.38,69.31,69.36,8
2025-12-26 10:16:00,69.31,69.38,69.31,69.38,5
2025-12-26 10:17:00,69.4,69.43,69.4,69.43,9
2025-12-26 10:18:00,69.45,69.45,69.45,69.45,1
2025-12-26 10:19:00,69.36,69.36,69.36,69.36,3
2025-12-26 10:20:00,69.42,69.42,69.24,69.24,3
2025-12-26 10:21:00,69.24,69.24,69.24,69.24,0
2025-12-26 10:22:00,69.345,69.345,69.345,69.345,1
2025-12-26 10:23:00,69.42,69.7,69.42,69.7,11
2025-12-26 10:24:00,69.49,69.78,69.49,69.78,27
2025-12-26 10:25:00,69.78,69.78,69.78,69.78,0
2025-12-26 10:26:00,69.78,69.78,69.78,69.78,0
2025-12-26 10:27:00,69.77,69.78,69.67,69.67,8
2025-12-26 10:28:00,69.83,69.84,69.83,69.84,4
2025-12-26 10:29:00,69.72,69.765,69.67,69.72,60
2025-12-26 10:30:00,69.63,69.63,69.495,69.495,23
2025-12-26 10:31:00,69.57,69.64,69.57,69.64,5
2025-12-26 10:32:00,69.69,69.7,69.69,69.7,5
2025-12-26 10:33:00,69.7,69.7,69.7,69.7,0
2025-12-26 10:34:00,69.7,69.7,69.7,69.7,0
2025-12-26 10:35:00,69.625,69.625,69.625,69.625,10
2025-12-26 10:36:00,69.74,69.75,69.6281,69.6281,25
2025-12-26 10:37:00,69.72,69.72,69.72,69.72,1
2025-12-26 10:38:00,69.625,69.625,69.625,69.625,2
2025-12-26 10:39:00,69.625,69.625,69.625,69.625,0
2025-12-26 10:40:00,69.62,69.64,69.62,69.64,4
2025-12-26 10:41:00,69.64,69.64,69.64,69.64,0
2025-12-26 10:42:00,69.63,69.63,69.565,69.565,3
2025-12-26 10:43:00,69.565,69.565,69.565,69.565,0
2025-12-26 10:44:00,69.565,69.75,69.565,69.75,34
2025-12-26 10:45:00,69.68,69.68,69.68,69.68,2
2025-12-26 10:46:00,69.7,69.75,69.7,69.75,9
2025-12-26 10:47:00,69.74,69.75,69.74,69.75,2
2025-12-26 10:48:00,69.79,69.84,69.775,69.775,12
2025-12-26 10:49:00,69.78,69.78,69.78,69.78,1
2025-12-26 10:50:00,69.67,69.72,69.63,69.63,16
2025-12-26 10:51:00,69.59,69.59,69.59,69.59,1
2025-12-26 10:52:00,69.53,69.53,69.53,69.53,1
2025-12-26 10:53:00,69.56,69.65,69.56,69.65,18
2025-12-26 10:54:00,69.6,69.67,69.6,69.67,2
2025-12-26 10:55:00,69.5815,69.5815,69.5402,69.5525,20
2025-12-26 10:56:00,69.61,69.61,69.52,69.53,22
2025-12-26 10:57:00,69.5,69.5,69.5,69.5,1
2025-12-26 10:58:00,69.52,69.5908,69.52,69.55,5
2025-12-26 10:59:00,69.62,69.65,69.47,69.47,54
2025-12-26 11:00:00,69.48,69.49,69.47,69.47,4
2025-12-26 11:01:00,69.56,69.56,69.53,69.53,11
2025-12-26 11:02:00,69.4994,69.6299,69.4994,69.53,13
2025-12-26 11:03:00,69.555,69.555,69.555,69.555,2
2025-12-26 11:04:00,69.63,69.63,69.63,69.63,4
2025-12-26 11:05:00,69.6,69.6,69.6,69.6,1
2025-12-26 11:06:00,69.63,69.73,69.57,69.73,22
2025-12-26 11:07:00,69.68,69.74,69.67,69.695,17
2025-12-26 11:08:00,69.695,69.695,69.695,69.695,0
2025-12-26 11:09:00,69.76,69.76,69.76,69.76,1
2025-12-26 11:10:00,69.76,69.76,69.76,69.76,0
2025-12-26 11:11:00,69.765,69.765,69.53,69.53,35
2025-12-26 11:12:00,69.52,69.52,69.52,69.52,1
2025-12-26 11:13:00,69.52,69.52,69.52,69.52,1
2025-12-26 11:14:00,69.48,69.51,69.48,69.5,4
2025-12-26 11:15:00,69.5,69.525,69.46,69.525,15
2025-12-26 11:16:00,69.525,69.525,69.525,69.525,0
2025-12-26 11:17:00,69.535,69.535,69.535,69.535,1
2025-12-26 11:18:00,69.535,69.535,69.535,69.535,0
2025-12-26 11:19:00,69.47,69.47,69.45,69.45,5
2025-12-26 11:20:00,69.53,69.54,69.52,69.525,8
2025-12-26 11:21:00,69.49,69.49,69.49,69.49,1
2025-12-26 11:22:00,69.53,69.61,69.53,69.59,18
2025-12-26 11:23:00,69.59,69.59,69.59,69.59,0
2025-12-26 11:24:00,69.66,69.69,69.66,69.69,6
2025-12-26 11:25:00,69.71,69.71,69.665,69.665,4
2025-12-26 11:26:00,69.665,69.665,69.665,69.665,0
2025-12-26 11:27:00,69.71,69.75,69.71,69.75,3
2025-12-26 11:28:00,69.75,69.785,69.72,69.785,6
2025-12-26 11:29:00,69.8,69.8,69.72,69.72,4
2025-12-26 11:30:00,69.8,69.81,69.76,69.78,15
2025-12-26 11:31:00,69.75,69.75,69.74,69.74,7
2025-12-26 11:32:00,69.77,69.77,69.74,69.74,7
2025-12-26 11:33:00,69.68,69.68,69.62,69.67,17
2025-12-26 11:34:00,69.67,69.67,69.67,69.67,2
2025-12-26 11:35:00,69.57,69.57,69.52,69.53,11
2025-12-26 11:36:00,69.6125,69.84,69.6125,69.76,41
2025-12-26 11:37:00,69.8,69.8,69.8,69.8,1
2025-12-26 11:38:00,69.73,69.75,69.72,69.73,15
2025-12-26 11:39:00,69.76,69.78,69.76,69.78,6
2025-12-26 11:40:00,69.69,69.8,69.69,69.8,8
2025-12-26 11:41:00,69.88,70.0,69.88,70.0,29
2025-12-26 11:42:00,70.0,70.0,69.99,69.99,9
2025-12-26 11:43:00,69.99,69.99,69.99,69.99,0
2025-12-26 11:44:00,70.06,70.06,69.83,69.83,70
2025-12-26 11:45:00,69.81,69.81,69.78,69.78,12
2025-12-26 11:46:00,69.74,69.74,69.74,69.74,3
2025-12-26 11:47:00,69.77,69.8,69.66,69.66,62
2025-12-26 11:48:00,69.68,69.68,69.68,69.68,3
2025-12-26 11:49:00,69.68,69.68,69.68,69.68,0
2025-12-26 11:50:00,69.66,69.67,69.66,69.67,4
2025-12-26 11:51:00,69.66,69.66,69.66,69.66,1
2025-12-26 11:52:00,69.66,69.66,69.66,69.66,0
2025-12-26 11:53:00,69.74,69.79,69.74,69.79,6
2025-12-26 11:54:00,69.82,69.87,69.76,69.78,46
2025-12-26 11:55:00,69.78,69.78,69.78,69.78,0
2025-12-26 11:56:00,69.78,69.78,69.78,69.78,0
2025-12-26 11:57:00,69.72,69.84,69.72,69.8,8
2025-12-26 11:58:00,69.87,69.87,69.87,69.87,5
2025-12-26 11:59:00,69.84,69.84,69.84,69.84,1
2025-12-26 12:00:00,69.81,69.81,69.81,69.81,1
2025-12-26 12:01:00,69.86,69.87,69.845,69.87,11
2025-12-26 12:02:00,69.88,69.88,69.88,69.88,5
2025-12-26 12:03:00,69.82,69.82,69.79,69.79,17
2025-12-26 12:04:00,69.79,69.79,69.79,69.79,0
2025-12-26 12:05:00,69.75,69.75,69.75,69.75,8
2025-12-26 12:06:00,69.8283,69.8283,69.8283,69.8283,5
2025-12-26 12:07:00,69.795,69.795,69.795,69.795,5
2025-12-26 12:08:00,69.78,69.78,69.78,69.78,1
2025-12-26 12:09:00,69.84,69.87,69.82,69.87,8
2025-12-26 12:10:00,69.87,69.87,69.87,69.87,0
2025-12-26 12:11:00,69.87,69.87,69.87,69.87,3
2025-12-26 12:12:00,69.87,69.87,69.87,69.87,0
2025-12-26 12:13:00,69.93,69.94,69.93,69.94,5
2025-12-26 12:14:00,69.94,69.94,69.94,69.94,0
2025-12-26 12:15:00,69.94,69.96,69.915,69.96,6
2025-12-26 12:16:00,70.02,70.02,70.02,70.02,1
2025-12-26 12:17:00,70.02,70.07,70.01,70.01,8
2025-12-26 12:18:00,70.0514,70.0514,70.0514,70.0514,1
2025-12-26 12:19:00,70.0514,70.0514,70.0514,70.0514,0
2025-12-26 12:20:00,70.025,70.025,69.91,69.9552,20
2025-12-26 12:21:00,69.92,69.92,69.9,69.9,3
2025-12-26 12:22:00,69.88,69.88,69.88,69.88,5
2025-12-26 12:23:00,69.86,69.86,69.84,69.85,9
2025-12-26 12:24:00,69.84,69.878,69.82,69.83,11
2025-12-26 12:25:00,69.91,69.95,69.91,69.93,10
2025-12-26 12:26:00,69.98,69.9901,69.93,69.9901,13
2025-12-26 12:27:00,69.99,69.99,69.99,69.99,2
2025-12-26 12:28:00,69.99,69.995,69.89,69.89,10
2025-12-26 12:29:00,69.89,69.945,69.865,69.935,10
2025-12-26 12:30:00,69.935,69.935,69.935,69.935,0
2025-12-26 12:31:00,69.91,69.955,69.91,69.955,2
2025-12-26 12:32:00,69.955,69.955,69.955,69.955,3
2025-12-26 12:33:00,69.96,69.96,69.96,69.96,4
2025-12-26 12:34:00,70.02,70.09,70.02,70.055,15
2025-12-26 12:35:00,70.065,70.12,70.065,70.12,7
2025-12-26 12:36:00,70.12,70.12,70.12,70.12,0
2025-12-26 12:37:00,70.065,70.065,70.065,70.065,1
2025-12-26 12:38:00,70.065,70.065,70.065,70.065,3
2025-12-26 12:39:00,70.13,70.13,70.12,70.13,5
2025-12-26 12:40:00,70.065,70.065,70.065,70.065,3
2025-12-26 12:41:00,70.13,70.13,70.1,70.1,2
2025-12-26 12:42:00,70.125,70.16,70.125,70.16,3
2025-12-26 12:43:00,70.125,70.2,70.125,70.2,9
2025-12-26 12:44:00,70.225,70.225,70.16,70.16,4
2025-12-26 12:45:00,70.16,70.16,70.16,70.16,1
2025-12-26 12:46:00,70.23,70.28,70.23,70.28,8
2025-12-26 12:47:00,70.28,70.28,70.28,70.28,0
2025-12-26 12:48:00,70.25,70.25,70.24,70.24,6
2025-12-26 12:49:00,70.3,70.3,70.3,70.3,4
2025-12-26 12:50:00,70.255,70.3,70.255,70.255,8
2025-12-26 12:51:00,70.21,70.255,70.21,70.255,18
2025-12-26 12:52:00,70.255,70.255,70.255,70.255,4
2025-12-26 12:53:00,70.255,70.255,70.255,70.255,1
2025-12-26 12:54:00,70.255,70.255,70.02,70.02,49
2025-12-26 12:55:00,70.07,70.08,70.065,70.065,6
2025-12-26 12:56:00,70.05,70.11,70.05,70.1,10
2025-12-26 12:57:00,70.1,70.1,70.1,70.1,0
2025-12-26 12:58:00,70.17,70.18,70.17,70.18,4
2025-12-26 12:59:00,70.18,70.18,70.18,70.18,0
2025-12-26 13:00:00,70.12,70.2,70.12,70.2,9
2025-12-26 13:01:00,70.145,70.2,70.145,70.2,10
2025-12-26 13:02:00,70.145,70.15,70.09,70.09,31
2025-12-26 13:03:00,70.09,70.09,70.09,70.09,0
2025-12-26 13:04:00,70.09,70.09,70.09,70.09,0
2025-12-26 13:05:00,70.1,70.135,70.08,70.135,22
2025-12-26 13:06:00,70.06,70.07,69.89,69.965,42
2025-12-26 13:07:00,69.965,69.965,69.965,69.965,0
2025-12-26 13:08:00,69.94,69.94,69.94,69.94,1
2025-12-26 13:09:00,70.02,70.03,69.94,69.9675,17
2025-12-26 13:10:00,69.93,69.93,69.915,69.915,4
2025-12-26 13:11:00,69.97,69.99,69.97,69.99,4
2025-12-26 13:12:00,70.02,70.03,70.02,70.03,7
2025-12-26 13:13:00,70.07,70.1176,70.07,70.1176,5
2025-12-26 13:14:00,70.1176,70.1176,70.1176,70.1176,0
2025-12-26 13:15:00,69.99,69.99,69.96,69.99,9
2025-12-26 13:16:00,69.99,69.99,69.99,69.99,0
2025-12-26 13:17:00,69.99,69.99,69.99,69.99,0
2025-12-26 13:18:00,70.07,70.07,70.07,70.07,2
2025-12-26 13:19:00,70.07,70.07,70.07,70.07,1
2025-12-26 13:20:00,70.14,70.14,70.03,70.03,17
2025-12-26 13:21:00,70.0,70.0,69.87,69.87,23
2025-12-26 13:22:00,69.83,69.86,69.815,69.86,12
2025-12-26 13:23:00,69.76,69.8,69.75,69.8,14
2025-12-26 13:24:00,69.8,69.8,69.8,69.8,0
2025-12-26 13:25:00,69.8478,69.87,69.8478,69.85,16
2025-12-26 13:26:00,69.835,69.835,69.835,69.835,1
2025-12-26 13:27:00,69.95,70.02,69.945,70.0,22
2025-12-26 13:28:00,69.985,70.0831,69.985,70.035,7
2025-12-26 13:29:00,70.035,70.035,70.035,70.035,0
2025-12-26 13:30:00,70.06,70.06,70.06,70.06,1
2025-12-26 13:31:00,70.07,70.07,69.9772,69.9772,4
2025-12-26 13:32:00,69.9772,69.9772,69.9772,69.9772,0
2025-12-26 13:33:00,70.08,70.08,70.08,70.08,1
2025-12-26 13:34:00,70.08,70.08,69.96,70.0075,13
2025-12-26 13:35:00,70.02,70.02,70.02,70.02,2
2025-12-26 13:36:00,70.02,70.02,70.02,70.02,0
2025-12-26 13:37:00,70.055,70.09,70.055,70.09,2
2025-12-26 13:38:00,70.1,70.1,69.99,69.99,10
2025-12-26 13:39:00,70.035,70.04,70.035,70.04,2
2025-12-26 13:40:00,70.04,70.04,70.04,70.04,0
2025-12-26 13:41:00,70.04,70.04,70.04,70.04,0
2025-12-26 13:42:00,70.052,70.08,70.052,70.08,5
2025-12-26 13:43:00,70.04,70.1,69.97,70.1,30
2025-12-26 13:44:00,70.07,70.12,70.07,70.12,2
2025-12-26 13:45:00,70.12,70.12,70.12,70.12,0
2025-12-26 13:46:00,70.13,70.13,70.085,70.085,3
2025-12-26 13:47:00,70.085,70.085,70.085,70.085,0
2025-12-26 13:48:00,70.14,70.178,70.14,70.178,9
2025-12-26 13:49:00,70.19,70.24,70.19,70.24,7
2025-12-26 13:50:00,70.15,70.195,70.15,70.195,12
2025-12-26 13:51:00,70.16,70.16,70.14,70.14,16
2025-12-26 13:52:00,70.15,70.15,70.13,70.15,10
2025-12-26 13:53:00,70.176,70.176,70.165,70.165,3
2025-12-26 13:54:00,70.12,70.12,70.08,70.09,6
2025-12-26 13:55:00,70.13,70.154,70.13,70.14,6
2025-12-26 13:56:00,70.14,70.14,70.14,70.14,9
2025-12-26 13:57:00,70.14,70.21,70.14,70.15,8
2025-12-26 13:58:00,70.15,70.15,70.11,70.135,9
2025-12-26 13:59:00,70.135,70.135,70.06,70.085,29
2025-12-26 14:00:00,70.085,70.085,70.0,70.06,20
2025-12-26 14:01:00,70.055,70.055,70.055,70.055,6
2025-12-26 14:02:00,70.055,70.055,70.0,70.055,9
2025-12-26 14:03:00,70.02,70.02,69.98,69.98,13
2025-12-26 14:04:00,69.98,69.995,69.98,69.995,4
2025-12-26 14:05:00,70.06,70.1,70.03,70.07,14
2025-12-26 14:06:00,70.07,70.07,70.07,70.07,0
2025-12-26 14:07:00,70.16,70.18,70.16,70.18,3
2025-12-26 14:08:00,70.135,70.18,70.1325,70.18,9
2025-12-26 14:09:00,70.135,70.145,70.135,70.145,7
2025-12-26 14:10:00,70.17,70.17,70.145,70.145,2
2025-12-26 14:11:00,70.18,70.18,70.18,70.18,1
2025-12-26 14:12:00,70.13,70.13,70.11,70.12,17
2025-12-26 14:13:00,70.14,70.15,70.135,70.15,6
2025-12-26 14:14:00,70.135,70.17,70.135,70.17,2
2025-12-26 14:15:00,70.17,70.17,70.17,70.17,0
2025-12-26 14:16:00,70.18,70.18,70.18,70.18,2
2025-12-26 14:17:00,70.18,70.18,70.18,70.18,0
2025-12-26 14:18:00,70.18,70.18,70.18,70.18,0
2025-12-26 14:19:00,70.21,70.21,70.175,70.175,3
2025-12-26 14:20:00,70.21,70.21,70.21,70.21,4
2025-12-26 14:21:00,70.175,70.175,70.175,70.175,1
2025-12-26 14:22:00,70.22,70.22,70.22,70.22,1
2025-12-26 14:23:00,70.22,70.26,70.22,70.26,10
2025-12-26 14:24:00,70.2,70.225,70.18,70.19,22
2025-12-26 14:25:00,70.19,70.19,70.17,70.19,8
2025-12-26 14:26:00,70.19,70.19,70.19,70.19,0
2025-12-26 14:27:00,70.13,70.13,70.04,70.04,20
2025-12-26 14:28:00,70.04,70.07,70.0301,70.0301,8
2025-12-26 14:29:00,70.11,70.11,70.07,70.07,11
2025-12-26 14:30:00,70.07,70.07,70.07,70.07,0
2025-12-26 14:31:00,70.06,70.08,70.01,70.02,13
2025-12-26 14:32:00,70.02,70.02,70.005,70.005,2
2025-12-26 14:33:00,70.04,70.05,70.04,70.05,2
2025-12-26 14:34:00,70.05,70.05,70.05,70.05,0
2025-12-26 14:35:00,70.09,70.09,70.09,70.09,3
2025-12-26 14:36:00,70.1154,70.215,70.09,70.215,10
2025-12-26 14:37:00,70.235,70.235,70.17,70.17,5
2025-12-26 14:38:00,70.17,70.17,70.17,70.17,0
2025-12-26 14:39:00,70.17,70.17,70.17,70.17,0
2025-12-26 14:40:00,70.17,70.17,70.17,70.17,0
2025-12-26 14:41:00,70.17,70.17,70.17,70.17,0
2025-12-26 14:42:00,70.12,70.12,70.1,70.1,6
2025-12-26 14:43:00,70.15,70.18,70.15,70.18,15
2025-12-26 14:44:00,70.145,70.145,70.145,70.145,1
2025-12-26 14:45:00,70.145,70.145,70.145,70.145,0
2025-12-26 14:46:00,70.23,70.25,70.145,70.24,12
2025-12-26 14:47:00,70.24,70.24,70.24,70.24,0
2025-12-26 14:48:00,70.21,70.21,70.18,70.21,4
2025-12-26 14:49:00,70.21,70.21,70.21,70.21,1
2025-12-26 14:50:00,70.23,70.23,70.16,70.18,8
2025-12-26 14:51:00,70.18,70.18,70.18,70.18,0
2025-12-26 14:52:00,70.17,70.17,70.17,70.17,4
2025-12-26 14:53:00,70.16,70.23,70.16,70.23,3
2025-12-26 14:54:00,70.23,70.23,70.23,70.23,0
2025-12-26 14:55:00,70.14,70.14,70.14,70.14,1
2025-12-26 14:56:00,70.14,70.14,70.14,70.14,1
2025-12-26 14:57:00,70.2,70.2,70.14,70.14,6
2025-12-26 14:58:00,70.08,70.12,70.07,70.12,12
2025-12-26 14:59:00,70.12,70.12,70.12,70.12,1
2025-12-26 15:00:00,70.12,70.12,70.06,70.08,7
2025-12-26 15:01:00,70.08,70.08,70.08,70.08,0
2025-12-26 15:02:00,70.08,70.08,70.08,70.08,0
2025-12-26 15:03:00,70.17,70.18,70.115,70.115,3
2025-12-26 15:04:00,70.11,70.11,70.11,70.11,1
2025-12-26 15:05:00,70.11,70.11,70.11,70.11,0
2025-12-26 15:06:00,70.11,70.16,70.11,70.16,3
2025-12-26 15:07:00,70.16,70.17,70.16,70.17,2
2025-12-26 15:08:00,70.17,70.17,70.17,70.17,0
2025-12-26 15:09:00,70.14,70.14,70.14,70.14,1
2025-12-26 15:10:00,70.15,70.15,70.105,70.15,3
2025-12-26 15:11:00,70.15,70.15,70.13,70.13,6
2025-12-26 15:12:00,70.1,70.14,70.09,70.1,25
2025-12-26 15:13:00,70.1,70.1,70.1,70.1,4
2025-12-26 15:14:00,70.1,70.1,70.1,70.1,0
2025-12-26 15:15:00,70.05,70.07,70.04,70.07,7
2025-12-26 15:16:00,70.07,70.11,70.07,70.11,8
2025-12-26 15:17:00,70.12,70.12,70.12,70.12,4
2025-12-26 15:18:00,70.095,70.14,70.095,70.14,3
2025-12-26 15:19:00,70.15,70.15,70.15,70.15,2
2025-12-26 15:20:00,70.14,70.14,70.11,70.11,4
2025-12-26 15:21:00,70.11,70.11,70.1,70.105,20
2025-12-26 15:22:00,70.105,70.105,70.105,70.105,0
2025-12-26 15:23:00,70.105,70.105,70.105,70.105,1
2025-12-26 15:24:00,70.105,70.105,70.105,70.105,0
2025-12-26 15:25:00,70.14,70.15,70.13,70.15,7
2025-12-26 15:26:00,70.15,70.245,70.15,70.245,16
2025-12-26 15:27:00,70.19,70.2225,70.16,70.16,16
2025-12-26 15:28:00,70.16,70.16,70.15,70.15,4
2025-12-26 15:29:00,70.15,70.15,70.15,70.15,0
2025-12-26 15:30:00,70.13,70.14,70.13,70.14,8
2025-12-26 15:31:00,70.16,70.16,70.11,70.11,9
2025-12-26 15:32:00,70.125,70.125,70.09,70.1,8
2025-12-26 15:33:00,70.16,70.21,70.16,70.195,4
2025-12-26 15:34:00,70.23,70.23,70.2,70.2,3
2025-12-26 15:35:00,70.18,70.18,70.15,70.15,6
2025-12-26 15:36:00,70.135,70.135,70.135,70.135,1
2025-12-26 15:37:00,70.145,70.23,70.145,70.23,12
2025-12-26 15:38:00,70.23,70.23,70.23,70.23,1
2025-12-26 15:39:00,70.24,70.295,70.24,70.295,4
2025-12-26 15:40:00,70.3,70.36,70.3,70.36,10
2025-12-26 15:41:00,70.355,70.36,70.33,70.35,9
2025-12-26 15:42:00,70.32,70.375,70.31,70.31,25
2025-12-26 15:43:00,70.29,70.31,70.28,70.3,16
2025-12-26 15:44:00,70.3,70.33,70.3,70.3,5
2025-12-26 15:45:00,70.33,70.34,70.33,70.34,2
2025-12-26 15:46:00,70.46,70.46,70.425,70.425,7
2025-12-26 15:47:00,70.46,70.46,70.38,70.38,13
2025-12-26 15:48:00,70.365,70.365,70.34,70.34,6
2025-12-26 15:49:00,70.37,70.37,70.345,70.345,2
2025-12-26 15:50:00,70.37,70.38,70.27,70.275,15
2025-12-26 15:51:00,70.28,70.35,70.28,70.33,24
2025-12-26 15:52:00,70.345,70.41,70.33,70.3308,33
2025-12-26 15:53:00,70.3,70.33,70.25,70.25,21
2025-12-26 15:54:00,70.26,70.295,70.11,70.11,35
2025-12-26 15:55:00,70.13,70.32,70.13,70.275,50
2025-12-26 15:56:00,70.3,70.3,70.19,70.19,42
2025-12-26 15:57:00,70.18,70.23,70.18,70.19,43
2025-12-26 15:58:00,70.19,70.23,70.16,70.19,71
2025-12-26 15:59:00,70.19,70.195,70.1115,70.15,259
2025-12-29 09:30:00,69.39,69.55,68.74,68.875,132
2025-12-29 09:31:00,68.88,68.9,68.08,68.16,49
2025-12-29 09:32:00,68.4151,68.42,68.18,68.21,25
2025-12-29 09:33:00,68.3822,68.44,68.21,68.22,18
2025-12-29 09:34:00,68.43,68.785,68.43,68.51,46
2025-12-29 09:35:00,68.8,68.9952,68.51,68.9952,23
2025-12-29 09:36:00,68.96,68.97,68.51,68.51,8
2025-12-29 09:37:00,68.53,68.75,68.53,68.53,15
2025-12-29 09:38:00,68.66,68.7,68.0,68.0,106
2025-12-29 09:39:00,68.0,68.37,68.0,68.32,21
2025-12-29 09:40:00,68.28,68.49,68.28,68.35,29
2025-12-29 09:41:00,68.555,68.72,68.36,68.555,21
2025-12-29 09:42:00,68.5551,68.75,68.45,68.45,10
2025-12-29 09:43:00,68.45,68.77,68.3,68.3,39
2025-12-29 09:44:00,68.7,68.7,68.4,68.4,2
2025-12-29 09:45:00,68.7,68.7,68.02,68.08,50
2025-12-29 09:46:00,68.28,68.28,68.08,68.08,4
2025-12-29 09:47:00,68.09,68.44,68.04,68.14,46
2025-12-29 09:48:00,68.29,68.29,68.29,68.29,2
2025-12-29 09:49:00,68.465,68.465,68.06,68.21,31
2025-12-29 09:50:00,68.3,68.34,68.07,68.235,18
2025-12-29 09:51:00,68.4,68.4275,68.235,68.32,40
2025-12-29 09:52:00,68.465,68.465,68.08,68.3746,3
2025-12-29 09:53:00,68.49,68.52,68.19,68.19,20
2025-12-29 09:54:00,68.49,68.49,68.08,68.12,38
2025-12-29 09:55:00,68.36,68.36,68.09,68.15,11
2025-12-29 09:56:00,68.33,68.43,68.15,68.33,7
2025-12-29 09:57:00,68.47,68.525,68.34,68.525,19
2025-12-29 09:58:00,68.45,68.69,68.44,68.625,48
2025-12-29 09:59:00,68.625,68.625,68.48,68.615,3
2025-12-29 10:00:00,68.61,69.07,68.55,68.99,52
2025-12-29 10:01:00,69.09,69.095,68.805,68.805,27
2025-12-29 10:02:00,68.88,69.17,68.88,69.11,10
2025-12-29 10:03:00,69.285,69.336,69.1,69.1,9
2025-12-29 10:04:00,69.12,69.12,69.05,69.05,4
2025-12-29 10:05:00,69.05,69.075,68.98,69.02,20
2025-12-29 10:06:00,68.97,69.05,68.97,69.05,3
2025-12-29 10:07:00,69.05,69.05,69.05,69.05,1
2025-12-29 10:08:00,69.13,69.255,69.1,69.245,7
2025-12-29 10:09:00,69.08,69.24,69.05,69.05,10
2025-12-29 10:10:00,69.0001,69.0001,69.0001,69.0001,20
2025-12-29 10:11:00,69.01,69.085,68.97,68.97,22
2025-12-29 10:12:00,68.89,68.915,68.89,68.915,5
2025-12-29 10:13:00,68.85,69.14,68.85,69.105,60
2025-12-29 10:14:00,69.0001,69.03,68.65,68.66,155
2025-12-29 10:15:00,68.73,68.73,68.67,68.67,2
2025-12-29 10:16:00,68.66,68.66,68.66,68.66,1
2025-12-29 10:17:00,68.66,68.66,68.66,68.66,0
2025-12-29 10:18:00,68.8,68.81,68.67,68.8,4
2025-12-29 10:19:00,68.674,68.94,68.67,68.73,29
2025-12-29 10:20:00,68.845,68.8564,68.75,68.8564,7
2025-12-29 10:21:00,68.845,68.8564,68.845,68.8564,2
2025-12-29 10:22:00,68.75,68.845,68.75,68.76,5
2025-12-29 10:23:00,68.85,68.85,68.76,68.76,5
2025-12-29 10:24:00,68.85,68.85,68.76,68.76,5
2025-12-29 10:25:00,68.75,68.75,68.64,68.64,17
2025-12-29 10:26:00,68.805,68.805,68.68,68.805,3
2025-12-29 10:27:00,68.805,68.805,68.71,68.72,6
2025-12-29 10:28:00,68.73,68.76,68.65,68.65,4
2025-12-29 10:29:00,68.65,68.65,68.49,68.58,9
2025-12-29 10:30:00,68.6,68.67,68.5,68.54,61
2025-12-29 10:31:00,68.55,68.55,68.44,68.44,29
2025-12-29 10:32:00,68.465,68.5,68.4,68.44,46
2025-12-29 10:33:00,68.53,68.53,68.48,68.48,2
2025-12-29 10:34:00,68.555,68.555,68.49,68.55,3
2025-12-29 10:35:00,68.6,68.62,68.5,68.5,7
2025-12-29 10:36:00,68.545,68.6,68.49,68.49,14
2025-12-29 10:37:00,68.49,68.53,68.26,68.26,27
2025-12-29 10:38:00,68.26,68.26,68.18,68.18,2
2025-12-29 10:39:00,68.18,68.245,68.07,68.235,6
2025-12-29 10:40:00,68.08,68.2,68.03,68.2,23
2025-12-29 10:41:00,68.05,68.18,68.05,68.18,2
2025-12-29 10:42:00,68.4,68.465,68.4,68.465,8
2025-12-29 10:43:00,68.46,68.46,68.46,68.46,1
2025-12-29 10:44:00,68.57,68.57,68.57,68.57,1
2025-12-29 10:45:00,68.62,68.67,68.5,68.5,9
2025-12-29 10:46:00,68.61,68.61,68.55,68.61,3
2025-12-29 10:47:00,68.66,68.75,68.54,68.54,70
2025-12-29 10:48:00,68.64,68.69,68.54,68.69,11
2025-12-29 10:49:00,68.725,68.725,68.725,68.725,1
2025-12-29 10:50:00,68.79,68.795,68.61,68.795,11
2025-12-29 10:51:00,68.73,68.86,68.73,68.86,2
2025-12-29 10:52:00,68.85,68.98,68.73,68.92,7
2025-12-29 10:53:00,68.9,68.91,68.73,68.73,7
2025-12-29 10:54:00,68.7401,68.9,68.7401,68.9,2
2025-12-29 10:55:00,68.74,68.9,68.74,68.74,4
2025-12-29 10:56:00,68.74,68.74,68.74,68.74,0
2025-12-29 10:57:00,68.83,68.83,68.74,68.83,3
2025-12-29 10:58:00,68.92,68.98,68.62,68.62,70
2025-12-29 10:59:00,68.81,68.815,68.63,68.63,4
2025-12-29 11:00:00,68.63,68.63,68.63,68.63,0
2025-12-29 11:01:00,68.795,68.795,68.63,68.68,18
2025-12-29 11:02:00,68.64,68.79,68.63,68.634,7
2025-12-29 11:03:00,68.79,68.795,68.64,68.64,14
2025-12-29 11:04:00,68.8,68.8,68.65,68.65,3
2025-12-29 11:05:00,68.87,68.87,68.71,68.71,2
2025-12-29 11:06:00,68.94,69.0,68.9,68.9,14
2025-12-29 11:07:00,68.99,69.25,68.9,69.25,39
2025-12-29 11:08:00,69.32,69.455,69.31,69.31,21
2025-12-29 11:09:00,69.29,69.31,69.23,69.31,7
2025-12-29 11:10:00,69.32,69.345,69.24,69.345,16
2025-12-29 11:11:00,69.37,69.37,69.37,69.37,1
2025-12-29 11:12:00,69.44,69.44,69.44,69.44,1
2025-12-29 11:13:00,69.46,69.475,69.46,69.465,4
2025-12-29 11:14:00,69.46,69.46,69.38,69.42,25
2025-12-29 11:15:00,69.41,69.41,69.33,69.33,24
2025-12-29 11:16:00,69.29,69.3,69.29,69.3,2
2025-12-29 11:17:00,69.27,69.305,69.27,69.305,3
2025-12-29 11:18:00,69.29,69.29,69.29,69.29,1
2025-12-29 11:19:00,69.26,69.26,69.22,69.22,8
2025-12-29 11:20:00,69.245,69.245,69.245,69.245,1
2025-12-29 11:21:00,69.22,69.23,69.22,69.23,5
2025-12-29 11:22:00,69.23,69.23,69.1,69.1225,62
2025-12-29 11:23:00,69.1,69.105,69.09,69.09,4
2025-12-29 11:24:00,69.1,69.2,69.1,69.2,5
2025-12-29 11:25:00,69.26,69.26,69.2217,69.2217,4
2025-12-29 11:26:00,69.26,69.31,69.26,69.28,11
2025-12-29 11:27:00,69.3,69.3,69.3,69.3,1
2025-12-29 11:28:00,69.35,69.4675,69.35,69.43,6
2025-12-29 11:29:00,69.51,69.51,69.51,69.51,1
2025-12-29 11:30:00,69.5199,69.5199,69.41,69.41,36
2025-12-29 11:31:00,69.44,69.44,69.26,69.26,15
2025-12-29 11:32:00,69.34,69.35,69.34,69.35,6
2025-12-29 11:33:00,69.36,69.52,69.36,69.52,11
2025-12-29 11:34:00,69.49,69.5,69.45,69.46,7
2025-12-29 11:35:00,69.46,69.46,69.46,69.46,0
2025-12-29 11:36:00,69.49,69.5,69.485,69.5,16
2025-12-29 11:37:00,69.5,69.51,69.5,69.51,4
2025-12-29 11:38:00,69.45,69.45,69.44,69.44,7
2025-12-29 11:39:00,69.4,69.48,69.4,69.48,27
2025-12-29 11:40:00,69.51,69.51,69.51,69.51,1
2025-12-29 11:41:00,69.49,69.51,69.49,69.5,11
2025-12-29 11:42:00,69.55,69.55,69.55,69.55,1
2025-12-29 11:43:00,69.505,69.505,69.37,69.44,12
2025-12-29 11:44:00,69.44,69.44,69.36,69.43,6
2025-12-29 11:45:00,69.41,69.44,69.35,69.4,16
2025-12-29 11:46:00,69.4,69.4,69.4,69.4,0
2025-12-29 11:47:00,69.5,69.5,69.5,69.5,1
2025-12-29 11:48:00,69.465,69.47,69.465,69.47,11
2025-12-29 11:49:00,69.51,69.51,69.51,69.51,1
2025-12-29 11:50:00,69.5,69.51,69.485,69.51,5
2025-12-29 11:51:00,69.53,69.53,69.5,69.5,6
2025-12-29 11:52:00,69.5,69.5,69.5,69.5,0
2025-12-29 11:53:00,69.55,69.6,69.54,69.6,17
2025-12-29 11:54:00,69.63,69.63,69.63,69.63,1
2025-12-29 11:55:00,69.63,69.63,69.63,69.63,0
2025-12-29 11:56:00,69.615,69.62,69.615,69.62,4
2025-12-29 11:57:00,69.6,69.6,69.58,69.58,13
2025-12-29 11:58:00,69.56,69.56,69.46,69.485,12
2025-12-29 11:59:00,69.595,69.595,69.58,69.58,9
2025-12-29 12:00:00,69.585,69.69,69.585,69.62,5
2025-12-29 12:01:00,69.62,69.62,69.62,69.62,0
2025-12-29 12:02:00,69.62,69.62,69.62,69.62,1
2025-12-29 12:03:00,69.57,69.64,69.55,69.6,11
2025-12-29 12:04:00,69.6,69.6,69.5501,69.5501,11
2025-12-29 12:05:00,69.6,69.6,69.485,69.535,32
2025-12-29 12:06:00,69.53,69.53,69.53,69.53,2
2025-12-29 12:07:00,69.535,69.535,69.535,69.535,3
2025-12-29 12:08:00,69.546,69.546,69.46,69.48,10
2025-12-29 12:09:00,69.495,69.495,69.495,69.495,4
2025-12-29 12:10:00,69.45,69.47,69.375,69.375,20
2025-12-29 12:11:00,69.37,69.425,69.37,69.425,7
2025-12-29 12:12:00,69.46,69.47,69.43,69.47,12
2025-12-29 12:13:00,69.425,69.425,69.425,69.425,1
2025-12-29 12:14:00,69.425,69.425,69.425,69.425,0
2025-12-29 12:15:00,69.425,69.425,69.31,69.31,19
2025-12-29 12:16:00,69.3,69.31,69.3,69.31,2
2025-12-29 12:17:00,69.345,69.345,69.25,69.25,21
2025-12-29 12:18:00,69.25,69.25,69.25,69.25,0
2025-12-29 12:19:00,69.25,69.255,69.25,69.255,5
2025-12-29 12:20:00,69.255,69.265,69.22,69.25,11
2025-12-29 12:21:00,69.265,69.29,69.24,69.25,16
2025-12-29 12:22:00,69.255,69.255,69.255,69.255,2
2025-12-29 12:23:00,69.22,69.22,69.13,69.13,7
2025-12-29 12:24:00,69.11,69.11,69.05,69.11,3
2025-12-29 12:25:00,69.05,69.17,69.04,69.05,35
2025-12-29 12:26:00,69.05,69.31,69.05,69.31,43
2025-12-29 12:27:00,69.31,69.31,69.31,69.31,0
2025-12-29 12:28:00,69.17,69.305,69.14,69.14,4
2025-12-29 12:29:00,69.14,69.14,69.14,69.14,0
2025-12-29 12:30:00,69.14,69.1575,69.14,69.1575,5
2025-12-29 12:31:00,69.23,69.23,69.23,69.23,1
2025-12-29 12:32:00,69.23,69.23,69.23,69.23,0
2025-12-29 12:33:00,69.24,69.24,69.18,69.18,9
2025-12-29 12:34:00,69.28,69.28,69.28,69.28,1
2025-12-29 12:35:00,69.28,69.28,69.28,69.28,0
2025-12-29 12:36:00,69.3,69.31,69.3,69.3,10
2025-12-29 12:37:00,69.345,69.345,69.345,69.345,1
2025-12-29 12:38:00,69.3,69.3,69.3,69.3,5
2025-12-29 12:39:00,69.325,69.35,69.32,69.32,3
2025-12-29 12:40:00,69.3,69.38,69.29,69.29,26
2025-12-29 12:41:00,69.27,69.27,69.27,69.27,1
2025-12-29 12:42:00,69.3,69.38,69.3,69.38,5
2025-12-29 12:43:00,69.38,69.38,69.38,69.38,0
2025-12-29 12:44:00,69.32,69.35,69.32,69.35,2
2025-12-29 12:45:00,69.34,69.38,69.34,69.38,4
2025-12-29 12:46:00,69.38,69.38,69.38,69.38,0
2025-12-29 12:47:00,69.38,69.38,69.38,69.38,0
2025-12-29 12:48:00,69.39,69.445,69.37,69.37,13
2025-12-29 12:49:00,69.37,69.37,69.37,69.37,0
2025-12-29 12:50:00,69.43,69.49,69.43,69.49,2
2025-12-29 12:51:00,69.53,69.53,69.48,69.48,2
2025-12-29 12:52:00,69.51,69.51,69.51,69.51,1
2025-12-29 12:53:00,69.51,69.51,69.51,69.51,0
2025-12-29 12:54:00,69.47,69.52,69.47,69.52,2
2025-12-29 12:55:00,69.47,69.47,69.47,69.47,1
2025-12-29 12:56:00,69.55,69.55,69.485,69.485,2
2025-12-29 12:57:00,69.42,69.42,69.4,69.4,7
2025-12-29 12:58:00,69.47,69.47,69.47,69.47,1
2025-12-29 12:59:00,69.47,69.47,69.47,69.47,1
2025-12-29 13:00:00,69.47,69.47,69.36,69.39,13
2025-12-29 13:01:00,69.38,69.39,69.33,69.33,13
2025-12-29 13:02:00,69.29,69.3,69.28,69.28,7
2025-12-29 13:03:00,69.2601,69.2601,69.2601,69.2601,11
2025-12-29 13:04:00,69.305,69.305,69.2636,69.2636,6
2025-12-29 13:05:00,69.2636,69.2636,69.2636,69.2636,0
2025-12-29 13:06:00,69.2636,69.2636,69.2636,69.2636,0
2025-12-29 13:07:00,69.35,69.36,69.35,69.36,5
2025-12-29 13:08:00,69.3504,69.39,69.3504,69.39,3
2025-12-29 13:09:00,69.37,69.37,69.37,69.37,1
2025-12-29 13:10:00,69.42,69.42,69.395,69.395,2
2025-12-29 13:11:00,69.405,69.405,69.405,69.405,1
2025-12-29 13:12:00,69.405,69.405,69.405,69.405,0
2025-12-29 13:13:00,69.44,69.52,69.38,69.4,35
2025-12-29 13:14:00,69.39,69.39,69.39,69.39,1
2025-12-29 13:15:00,69.39,69.41,69.39,69.41,7
2025-12-29 13:16:00,69.47,69.47,69.39,69.41,7
2025-12-29 13:17:00,69.41,69.41,69.41,69.41,0
2025-12-29 13:18:00,69.41,69.41,69.39,69.404,5
2025-12-29 13:19:00,69.43,69.43,69.43,69.43,2
2025-12-29 13:20:00,69.49,69.49,69.49,69.49,1
2025-12-29 13:21:00,69.46,69.48,69.46,69.46,3
2025-12-29 13:22:00,69.48,69.49,69.48,69.49,2
2025-12-29 13:23:00,69.46,69.46,69.46,69.46,1
2025-12-29 13:24:00,69.45,69.45,69.43,69.45,7
2025-12-29 13:25:00,69.47,69.47,69.47,69.47,1
2025-12-29 13:26:00,69.43,69.43,69.3,69.3,27
2025-12-29 13:27:00,69.3238,69.37,69.3238,69.37,5
2025-12-29 13:28:00,69.345,69.345,69.32,69.32,9
2025-12-29 13:29:00,69.33,69.33,69.2901,69.33,22
2025-12-29 13:30:00,69.33,69.33,69.33,69.33,0
2025-12-29 13:31:00,69.31,69.31,69.29,69.31,5
2025-12-29 13:32:00,69.27,69.32,69.27,69.32,5
2025-12-29 13:33:00,69.27,69.32,69.25,69.25,18
2025-12-29 13:34:00,69.22,69.22,69.2,69.2,5
2025-12-29 13:35:00,69.2,69.2,69.2,69.2,0
2025-12-29 13:36:00,69.21,69.21,69.175,69.2,8
2025-12-29 13:37:00,69.2,69.2,69.2,69.2,3
2025-12-29 13:38:00,69.21,69.21,69.21,69.21,2
2025-12-29 13:39:00,69.21,69.21,69.21,69.21,1
2025-12-29 13:40:00,69.16,69.16,69.16,69.16,1
2025-12-29 13:41:00,69.27,69.27,69.225,69.225,4
2025-12-29 13:42:00,69.225,69.225,69.225,69.225,1
2025-12-29 13:43:00,69.225,69.26,69.225,69.23,5
2025-12-29 13:44:00,69.2,69.24,69.2,69.215,9
2025-12-29 13:45:00,69.25,69.28,69.25,69.28,6
2025-12-29 13:46:00,69.255,69.29,69.255,69.26,10
2025-12-29 13:47:00,69.24,69.24,69.22,69.22,23
2025-12-29 13:48:00,69.255,69.255,69.22,69.23,6
2025-12-29 13:49:00,69.21,69.215,69.21,69.215,2
2025-12-29 13:50:00,69.23,69.27,69.215,69.22,46
2025-12-29 13:51:00,69.21,69.21,69.2,69.21,5
2025-12-29 13:52:00,69.21,69.21,69.16,69.16,4
2025-12-29 13:53:00,69.16,69.16,69.15,69.15,2
2025-12-29 13:54:00,69.135,69.145,69.135,69.145,3
2025-12-29 13:55:00,69.17,69.17,69.17,69.17,3
2025-12-29 13:56:00,69.16,69.16,69.16,69.16,1
2025-12-29 13:57:00,69.16,69.16,69.16,69.16,0
2025-12-29 13:58:00,69.16,69.16,69.16,69.16,0
2025-12-29 13:59:00,69.15,69.15,69.15,69.15,1
2025-12-29 14:00:00,69.135,69.135,69.1,69.12,12
2025-12-29 14:01:00,69.12,69.12,69.12,69.12,0
2025-12-29 14:02:00,69.17,69.17,69.09,69.09,3
2025-12-29 14:03:00,69.09,69.09,69.09,69.09,0
2025-12-29 14:04:00,69.125,69.16,69.125,69.15,6
2025-12-29 14:05:00,69.18,69.19,69.165,69.165,3
2025-12-29 14:06:00,69.2,69.26,69.2,69.26,10
2025-12-29 14:07:00,69.23,69.23,69.17,69.17,11
2025-12-29 14:08:00,69.14,69.15,69.06,69.11,14
2025-12-29 14:09:00,69.11,69.11,69.11,69.11,14
2025-12-29 14:10:00,69.11,69.11,69.11,69.11,0
2025-12-29 14:11:00,69.11,69.11,69.11,69.11,0
2025-12-29 14:12:00,69.094,69.094,69.094,69.094,5
2025-12-29 14:13:00,69.135,69.135,69.11,69.11,11
2025-12-29 14:14:00,69.09,69.09,69.08,69.08,7
2025-12-29 14:15:00,69.08,69.12,69.08,69.12,11
2025-12-29 14:16:00,69.17,69.17,69.13,69.13,2
2025-12-29 14:17:00,69.13,69.13,69.13,69.13,2
2025-12-29 14:18:00,69.12,69.12,69.1,69.1,24
2025-12-29 14:19:00,69.08,69.18,69.08,69.18,21
2025-12-29 14:20:00,69.2,69.2,69.13,69.165,25
2025-12-29 14:21:00,69.165,69.165,69.165,69.165,0
2025-12-29 14:22:00,69.17,69.25,69.17,69.25,7
2025-12-29 14:23:00,69.25,69.26,69.21,69.21,12
2025-12-29 14:24:00,69.22,69.22,69.175,69.175,11
2025-12-29 14:25:00,69.18,69.21,69.18,69.21,3
2025-12-29 14:26:00,69.21,69.21,69.21,69.21,0
2025-12-29 14:27:00,69.21,69.21,69.21,69.21,0
2025-12-29 14:28:00,69.2,69.21,69.18,69.21,14
2025-12-29 14:29:00,69.21,69.21,69.21,69.21,0
2025-12-29 14:30:00,69.215,69.215,69.215,69.215,1
2025-12-29 14:31:00,69.215,69.215,69.215,69.215,5
2025-12-29 14:32:00,69.21,69.21,69.21,69.21,1
2025-12-29 14:33:00,69.225,69.25,69.225,69.25,2
2025-12-29 14:34:00,69.2,69.22,69.19,69.22,8
2025-12-29 14:35:00,69.22,69.22,69.22,69.22,0
2025-12-29 14:36:00,69.25,69.25,69.25,69.25,1
2025-12-29 14:37:00,69.25,69.25,69.25,69.25,0
2025-12-29 14:38:00,69.26,69.26,69.26,69.26,1
2025-12-29 14:39:00,69.26,69.29,69.26,69.29,11
2025-12-29 14:40:00,69.28,69.28,69.28,69.28,1
2025-12-29 14:41:00,69.27,69.27,69.25,69.27,10
2025-12-29 14:42:00,69.27,69.27,69.27,69.27,1
2025-12-29 14:43:00,69.29,69.29,69.27,69.27,2
2025-12-29 14:44:00,69.28,69.29,69.23,69.27,22
2025-12-29 14:45:00,69.265,69.265,69.265,69.265,1
2025-12-29 14:46:00,69.265,69.265,69.265,69.265,0
2025-12-29 14:47:00,69.2,69.22,69.12,69.12,16
2025-12-29 14:48:00,69.1,69.11,69.0718,69.08,27
2025-12-29 14:49:00,69.07,69.235,69.07,69.17,22
2025-12-29 14:50:00,69.245,69.39,69.245,69.39,7
2025-12-29 14:51:00,69.39,69.39,69.39,69.39,0
2025-12-29 14:52:00,69.4,69.4,69.4,69.4,2
2025-12-29 14:53:00,69.33,69.35,69.19,69.205,18
2025-12-29 14:54:00,69.205,69.205,69.205,69.205,0
2025-12-29 14:55:00,69.205,69.205,69.205,69.205,0
2025-12-29 14:56:00,69.205,69.205,69.205,69.205,0
2025-12-29 14:57:00,69.255,69.255,69.255,69.255,1
2025-12-29 14:58:00,69.25,69.25,69.19,69.19,5
2025-12-29 14:59:00,69.19,69.19,69.19,69.19,0
2025-12-29 15:00:00,69.16,69.26,69.16,69.26,6
2025-12-29 15:01:00,69.265,69.31,69.265,69.31,3
2025-12-29 15:02:00,69.31,69.31,69.31,69.31,0
2025-12-29 15:03:00,69.275,69.275,69.275,69.275,2
2025-12-29 15:04:00,69.28,69.28,69.28,69.28,2
2025-12-29 15:05:00,69.22,69.2401,69.17,69.17,15
2025-12-29 15:06:00,69.19,69.2,69.19,69.2,5
2025-12-29 15:07:00,69.2,69.2,69.2,69.2,0
2025-12-29 15:08:00,69.2,69.2,69.2,69.2,0
2025-12-29 15:09:00,69.215,69.215,69.215,69.215,5
2025-12-29 15:10:00,69.215,69.215,69.215,69.215,2
2025-12-29 15:11:00,69.215,69.215,69.19,69.19,8
2025-12-29 15:12:00,69.185,69.185,69.185,69.185,1
2025-12-29 15:13:00,69.185,69.27,69.185,69.27,24
2025-12-29 15:14:00,69.29,69.29,69.28,69.29,5
2025-12-29 15:15:00,69.31,69.32,69.31,69.315,10
2025-12-29 15:16:00,69.31,69.34,69.29,69.34,18
2025-12-29 15:17:00,69.31,69.31,69.25,69.25,8
2025-12-29 15:18:00,69.29,69.29,69.29,69.29,1
2025-12-29 15:19:00,69.29,69.29,69.29,69.29,0
2025-12-29 15:20:00,69.295,69.295,69.295,69.295,1
2025-12-29 15:21:00,69.305,69.305,69.27,69.295,4
2025-12-29 15:22:00,69.295,69.33,69.295,69.33,8
2025-12-29 15:23:00,69.33,69.33,69.33,69.33,0
2025-12-29 15:24:00,69.27,69.32,69.27,69.31,5
2025-12-29 15:25:00,69.33,69.33,69.29,69.3,4
2025-12-29 15:26:00,69.295,69.295,69.29,69.29,3
2025-12-29 15:27:00,69.285,69.285,69.285,69.285,1
2025-12-29 15:28:00,69.3,69.3,69.27,69.27,8
2025-12-29 15:29:00,69.295,69.295,69.2,69.2,12
2025-12-29 15:30:00,69.16,69.18,69.16,69.18,5
2025-12-29 15:31:00,69.18,69.18,69.18,69.18,0
2025-12-29 15:32:00,69.205,69.215,69.205,69.215,3
2025-12-29 15:33:00,69.215,69.255,69.215,69.23,15
2025-12-29 15:34:00,69.23,69.23,69.23,69.23,0
2025-12-29 15:35:00,69.245,69.245,69.245,69.245,2
2025-12-29 15:36:00,69.245,69.25,69.245,69.25,13
2025-12-29 15:37:00,69.24,69.26,69.24,69.255,9
2025-12-29 15:38:00,69.255,69.27,69.205,69.225,35
2025-12-29 15:39:00,69.19,69.19,69.17,69.17,15
2025-12-29 15:40:00,69.19,69.28,69.19,69.27,24
2025-12-29 15:41:00,69.25,69.25,69.25,69.25,2
2025-12-29 15:42:00,69.25,69.25,69.25,69.25,3
2025-12-29 15:43:00,69.25,69.27,69.25,69.25,6
2025-12-29 15:44:00,69.23,69.26,69.21,69.23,19
2025-12-29 15:45:00,69.23,69.23,69.19,69.215,11
2025-12-29 15:46:00,69.215,69.29,69.215,69.27,16
2025-12-29 15:47:00,69.29,69.345,69.27,69.27,29
2025-12-29 15:48:00,69.265,69.2653,69.25,69.25,16
2025-12-29 15:49:00,69.26,69.28,69.255,69.28,14
2025-12-29 15:50:00,69.35,69.475,69.33,69.46,29
2025-12-29 15:51:00,69.48,69.5,69.35,69.35,80
2025-12-29 15:52:00,69.37,69.405,69.35,69.38,44
2025-12-29 15:53:00,69.38,69.38,69.31,69.355,37
2025-12-29 15:54:00,69.36,69.4,69.31,69.34,62
2025-12-29 15:55:00,69.37,69.58,69.335,69.58,40
2025-12-29 15:56:00,69.58,69.655,69.505,69.51,75
2025-12-29 15:57:00,69.52,69.61,69.52,69.6,84
2025-12-29 15:58:00,69.61,69.62,69.57,69.605,84
2025-12-29 15:59:00,69.59,69.65,69.58,69.62,158
2025-12-30 09:30:00,69.71,69.71,68.95,69.305,156
2025-12-30 09:31:00,69.305,69.305,68.95,69.305,17
2025-12-30 09:32:00,69.305,69.305,68.95,69.305,22
2025-12-30 09:33:00,69.33,69.34,68.95,69.1,38
2025-12-30 09:34:00,68.96,69.0,68.65,69.0,35
2025-12-30 09:35:00,68.885,69.3,68.885,69.07,19
2025-12-30 09:36:00,69.08,69.25,69.055,69.14,9
2025-12-30 09:37:00,69.0,69.115,69.0,69.09,13
2025-12-30 09:38:00,68.98,69.08,68.68,68.755,30
2025-12-30 09:39:00,68.94,68.94,68.375,68.615,51
2025-12-30 09:40:00,68.75,68.75,68.49,68.6,10
2025-12-30 09:41:00,68.455,69.236,68.455,69.236,22
2025-12-30 09:42:00,68.84,69.47,68.76,69.15,34
2025-12-30 09:43:00,68.915,68.915,68.915,68.915,19
2025-12-30 09:44:00,68.91,69.125,68.91,69.125,17
2025-12-30 09:45:00,69.055,69.055,68.79,68.84,18
2025-12-30 09:46:00,68.77,68.77,68.55,68.55,22
2025-12-30 09:47:00,68.475,68.6799,68.3212,68.6799,22
2025-12-30 09:48:00,68.58,68.67,68.5,68.665,22
2025-12-30 09:49:00,68.68,68.68,68.51,68.51,47
2025-12-30 09:50:00,68.36,68.36,68.3501,68.3501,3
2025-12-30 09:51:00,68.35,68.4,68.3,68.3662,18
2025-12-30 09:52:00,68.41,68.5099,68.41,68.5099,9
2025-12-30 09:53:00,68.51,68.51,68.505,68.505,6
2025-12-30 09:54:00,68.495,68.5,67.64,67.9,115
2025-12-30 09:55:00,67.82,68.1299,67.77,67.89,19
2025-12-30 09:56:00,67.785,67.91,67.785,67.91,15
2025-12-30 09:57:00,67.9,68.0099,67.8,67.8,10
2025-12-30 09:58:00,67.95,67.95,67.28,67.5699,88
2025-12-30 09:59:00,67.4987,67.64,67.455,67.46,33
2025-12-30 10:00:00,67.51,67.72,67.48,67.6,18
2025-12-30 10:01:00,67.46,67.71,67.46,67.46,25
2025-12-30 10:02:00,67.55,67.58,67.34,67.39,27
2025-12-30 10:03:00,67.4697,67.53,67.4,67.4,14
2025-12-30 10:04:00,67.45,67.45,67.28,67.28,55
2025-12-30 10:05:00,67.37,67.47,67.22,67.4,64
2025-12-30 10:06:00,67.455,67.52,67.07,67.07,96
2025-12-30 10:07:00,67.22,67.22,67.07,67.0713,13
2025-12-30 10:08:00,67.14,67.2,66.92,67.06,49
2025-12-30 10:09:00,67.06,67.06,66.93,66.94,37
2025-12-30 10:10:00,66.94,67.135,66.78,67.06,40
2025-12-30 10:11:00,67.0,67.1,66.81,67.015,28
2025-12-30 10:12:00,67.115,67.26,67.02,67.25,49
2025-12-30 10:13:00,67.21,67.22,67.03,67.13,34
2025-12-30 10:14:00,67.2,67.36,66.91,67.03,248
2025-12-30 10:15:00,67.23,67.51,66.79,67.47,68
2025-12-30 10:16:00,67.75,67.75,67.07,67.21,73
2025-12-30 10:17:00,67.07,67.48,67.06,67.3,69
2025-12-30 10:18:00,67.3,67.3,67.3,67.3,0
2025-12-30 10:19:00,67.48,67.64,67.33,67.33,7
2025-12-30 10:20:00,67.515,67.515,67.515,67.515,1
2025-12-30 10:21:00,67.4,67.475,67.09,67.475,12
2025-12-30 10:22:00,67.12,67.345,67.03,67.03,35
2025-12-30 10:23:00,67.13,67.1576,66.995,66.995,5
2025-12-30 10:24:00,67.085,67.085,67.0,67.065,14
2025-12-30 10:25:00,67.065,67.065,67.065,67.065,0
2025-12-30 10:26:00,67.09,67.09,66.93,66.93,3
2025-12-30 10:27:00,67.095,67.095,67.095,67.095,1
2025-12-30 10:28:00,67.1,67.11,66.91,67.11,6
2025-12-30 10:29:00,66.95,67.27,66.89,66.89,11
2025-12-30 10:30:00,66.87,66.87,66.63,66.65,47
2025-12-30 10:31:00,66.86,66.86,66.86,66.86,1
2025-12-30 10:32:00,66.895,66.895,66.76,66.844,19
2025-12-30 10:33:00,66.8464,66.935,66.8464,66.935,3
2025-12-30 10:34:00,66.85,66.98,66.85,66.96,10
2025-12-30 10:35:00,66.8,66.8,66.79,66.79,7
2025-12-30 10:36:00,66.84,66.84,66.73,66.75,17
2025-12-30 10:37:00,66.84,66.89,66.77,66.89,6
2025-12-30 10:38:00,66.87,66.96,66.845,66.845,19
2025-12-30 10:39:00,66.8159,66.87,66.8,66.87,13
2025-12-30 10:40:00,66.79,66.79,66.75,66.75,8
2025-12-30 10:41:00,66.785,66.785,66.71,66.71,4
2025-12-30 10:42:00,66.765,66.765,66.7,66.7,9
2025-12-30 10:43:00,66.69,66.84,66.69,66.825,9
2025-12-30 10:44:00,66.835,66.86,66.75,66.805,23
2025-12-30 10:45:00,66.805,66.88,66.805,66.88,41
2025-12-30 10:46:00,66.9,66.9,66.79,66.845,64
2025-12-30 10:47:00,66.78,66.8,66.71,66.75,41
2025-12-30 10:48:00,66.78,66.88,66.77,66.88,9
2025-12-30 10:49:00,66.885,66.9025,66.885,66.895,28
2025-12-30 10:50:00,66.84,66.84,66.82,66.83,8
2025-12-30 10:51:00,66.885,66.94,66.86,66.86,30
2025-12-30 10:52:00,66.86,66.86,66.86,66.86,3
2025-12-30 10:53:00,66.86,66.86,66.8001,66.8001,14
2025-12-30 10:54:00,66.835,66.88,66.835,66.88,14
2025-12-30 10:55:00,66.905,66.905,66.905,66.905,1
2025-12-30 10:56:00,66.87,66.905,66.73,66.73,115
2025-12-30 10:57:00,66.73,66.73,66.65,66.65,18
2025-12-30 10:58:00,66.745,66.84,66.6501,66.81,23
2025-12-30 10:59:00,66.85,66.95,66.85,66.94,42
2025-12-30 11:00:00,66.94,66.94,66.84,66.91,34
2025-12-30 11:01:00,66.915,67.0,66.84,66.945,83
2025-12-30 11:02:00,66.8501,66.8501,66.8501,66.8501,4
2025-12-30 11:03:00,66.925,66.925,66.895,66.895,4
2025-12-30 11:04:00,66.895,66.935,66.895,66.935,3
2025-12-30 11:05:00,66.935,66.935,66.935,66.935,0
2025-12-30 11:06:00,66.9336,66.95,66.9336,66.95,4
2025-12-30 11:07:00,66.94,66.94,66.91,66.92,12
2025-12-30 11:08:00,66.96,66.96,66.88,66.88,3
2025-12-30 11:09:00,66.94,66.94,66.91,66.91,3
2025-12-30 11:10:00,66.905,66.905,66.87,66.88,4
2025-12-30 11:11:00,66.86,66.8601,66.73,66.73,67
2025-12-30 11:12:00,66.78,66.785,66.72,66.74,28
2025-12-30 11:13:00,66.785,66.85,66.73,66.85,32
2025-12-30 11:14:00,66.85,66.85,66.8301,66.85,10
2025-12-30 11:15:00,66.83,66.83,66.81,66.81,4
2025-12-30 11:16:00,66.82,66.87,66.815,66.8475,28
2025-12-30 11:17:00,66.855,66.855,66.845,66.845,4
2025-12-30 11:18:00,66.845,66.845,66.845,66.845,1
2025-12-30 11:19:00,66.85,66.85,66.78,66.78,20
2025-12-30 11:20:00,66.805,66.82,66.805,66.82,2
2025-12-30 11:21:00,66.84,66.85,66.84,66.85,2
2025-12-30 11:22:00,66.85,66.94,66.78,66.85,60
2025-12-30 11:23:00,66.76,66.865,66.65,66.865,25
2025-12-30 11:24:00,66.865,66.865,66.865,66.865,1
2025-12-30 11:25:00,66.865,66.865,66.865,66.865,0
2025-12-30 11:26:00,66.68,66.79,66.67,66.79,10
2025-12-30 11:27:00,66.76,66.76,66.76,66.76,6
2025-12-30 11:28:00,66.76,66.76,66.76,66.76,0
2025-12-30 11:29:00,66.76,66.76,66.76,66.76,0
2025-12-30 11:30:00,66.67,66.685,66.62,66.685,25
2025-12-30 11:31:00,66.685,66.7,66.62,66.62,4
2025-12-30 11:32:00,66.61,66.61,66.59,66.59,3
2025-12-30 11:33:00,66.565,66.565,66.565,66.565,2
2025-12-30 11:34:00,66.565,66.565,66.5,66.5,103
2025-12-30 11:35:00,66.48,66.5,66.41,66.45,45
2025-12-30 11:36:00,66.505,66.74,66.505,66.665,246
2025-12-30 11:37:00,66.58,66.7024,66.55,66.7024,13
2025-12-30 11:38:00,66.635,66.635,66.47,66.47,25
2025-12-30 11:39:00,66.51,66.5646,66.51,66.515,9
2025-12-30 11:40:00,66.515,66.515,66.515,66.515,0
2025-12-30 11:41:00,66.515,66.515,66.515,66.515,0
2025-12-30 11:42:00,66.565,66.66,66.45,66.45,157
2025-12-30 11:43:00,66.575,66.575,66.575,66.575,1
2025-12-30 11:44:00,66.45,66.5325,66.44,66.4501,116
2025-12-30 11:45:00,66.4501,66.4501,66.4501,66.4501,0
2025-12-30 11:46:00,66.6,66.6,66.515,66.515,26
2025-12-30 11:47:00,66.52,66.52,66.52,66.52,2
2025-12-30 11:48:00,66.52,66.6,66.52,66.52,28
2025-12-30 11:49:00,66.565,66.59,66.51,66.5775,74
2025-12-30 11:50:00,66.56,66.61,66.52,66.6,55
2025-12-30 11:51:00,66.5,66.5,66.5,66.5,1
2025-12-30 11:52:00,66.49,66.6,66.48,66.5201,39
2025-12-30 11:53:00,66.622,66.622,66.622,66.622,3
2025-12-30 11:54:00,66.575,66.575,66.47,66.47,28
2025-12-30 11:55:00,66.48,66.48,66.42,66.42,15
2025-12-30 11:56:00,66.42,66.42,66.42,66.42,0
2025-12-30 11:57:00,66.42,66.42,66.42,66.42,0
2025-12-30 11:58:00,66.41,66.41,66.35,66.35,2
2025-12-30 11:59:00,66.33,66.35,66.28,66.28,11
2025-12-30 12:00:00,66.27,66.335,66.25,66.25,16
2025-12-30 12:01:00,66.25,66.27,66.23,66.25,9
2025-12-30 12:02:00,66.26,66.39,66.26,66.32,79
2025-12-30 12:03:00,66.3,66.3,66.205,66.23,25
2025-12-30 12:04:00,66.22,66.265,66.22,66.265,7
2025-12-30 12:05:00,66.265,66.265,66.265,66.265,0
2025-12-30 12:06:00,66.21,66.3266,66.21,66.3266,28
2025-12-30 12:07:00,66.28,66.28,66.28,66.28,2
2025-12-30 12:08:00,66.285,66.285,66.285,66.285,5
2025-12-30 12:09:00,66.29,66.29,66.29,66.29,3
2025-12-30 12:10:00,66.285,66.285,66.285,66.285,1
2025-12-30 12:11:00,66.24,66.24,66.23,66.23,2
2025-12-30 12:12:00,66.275,66.275,66.275,66.275,1
2025-12-30 12:13:00,66.28,66.305,66.21,66.22,33
2025-12-30 12:14:00,66.14,66.225,66.13,66.225,8
2025-12-30 12:15:00,66.13,66.13,66.05,66.05,18
2025-12-30 12:16:00,66.05,66.05,66.05,66.05,0
2025-12-30 12:17:00,66.09,66.09,66.09,66.09,1
2025-12-30 12:18:00,66.106,66.11,66.08,66.11,4
2025-12-30 12:19:00,66.145,66.145,66.145,66.145,2
2025-12-30 12:20:00,66.145,66.145,66.145,66.145,0
2025-12-30 12:21:00,66.145,66.145,66.145,66.145,0
2025-12-30 12:22:00,66.265,66.265,66.265,66.265,7
2025-12-30 12:23:00,66.22,66.23,66.22,66.23,4
2025-12-30 12:24:00,66.14,66.14,66.14,66.14,1
2025-12-30 12:25:00,66.14,66.14,66.14,66.14,0
2025-12-30 12:26:00,66.23,66.23,66.23,66.23,1
2025-12-30 12:27:00,66.14,66.215,66.14,66.215,3
2025-12-30 12:28:00,66.215,66.215,66.215,66.215,0
2025-12-30 12:29:00,66.155,66.155,65.94,65.94,91
2025-12-30 12:30:00,65.98,66.01,65.98,66.005,7
2025-12-30 12:31:00,66.0,66.0,66.0,66.0,4
2025-12-30 12:32:00,66.0,66.12,66.0,66.0275,61
2025-12-30 12:33:00,66.12,66.35,66.12,66.35,25
2025-12-30 12:34:00,66.34,66.34,66.34,66.34,1
2025-12-30 12:35:00,66.35,66.37,66.28,66.28,8
2025-12-30 12:36:00,66.28,66.3575,66.26,66.355,86
2025-12-30 12:37:00,66.385,66.46,66.385,66.46,23
2025-12-30 12:38:00,66.41,66.55,66.405,66.55,30
2025-12-30 12:39:00,66.61,66.63,66.61,66.63,4
2025-12-30 12:40:00,66.63,66.63,66.63,66.63,0
2025-12-30 12:41:00,66.76,66.76,66.6,66.76,47
2025-12-30 12:42:00,66.765,66.765,66.6,66.6,7
2025-12-30 12:43:00,66.565,66.565,66.565,66.565,3
2025-12-30 12:44:00,66.47,66.47,66.47,66.47,1
2025-12-30 12:45:00,66.47,66.67,66.41,66.64,38
2025-12-30 12:46:00,66.79,66.82,66.79,66.8,15
2025-12-30 12:47:00,66.8,66.8,66.8,66.8,0
2025-12-30 12:48:00,66.82,66.82,66.82,66.82,5
2025-12-30 12:49:00,66.93,67.08,66.92,67.01,45
2025-12-30 12:50:00,67.045,67.045,67.045,67.045,1
2025-12-30 12:51:00,67.09,67.16,67.09,67.12,4
2025-12-30 12:52:00,67.09,67.1,67.09,67.1,2
2025-12-30 12:53:00,67.1,67.1,67.1,67.1,4
2025-12-30 12:54:00,67.07,67.07,67.07,67.07,1
2025-12-30 12:55:00,67.12,67.12,67.11,67.11,10
2025-12-30 12:56:00,67.17,67.28,67.17,67.2,27
2025-12-30 12:57:00,67.2,67.2,67.2,67.2,0
2025-12-30 12:58:00,67.23,67.23,67.23,67.23,3
2025-12-30 12:59:00,67.26,67.26,67.25,67.25,2
2025-12-30 13:00:00,67.21,67.21,67.0059,67.0059,19
2025-12-30 13:01:00,67.015,67.015,66.97,66.98,22
2025-12-30 13:02:00,66.975,67.04,66.975,67.04,2
2025-12-30 13:03:00,67.07,67.22,67.07,67.22,30
2025-12-30 13:04:00,67.14,67.14,67.14,67.14,5
2025-12-30 13:05:00,67.14,67.14,67.14,67.14,4
2025-12-30 13:06:00,67.22,67.23,67.21,67.21,8
2025-12-30 13:07:00,67.24,67.3799,67.24,67.328,21
2025-12-30 13:08:00,67.315,67.32,67.0,67.0,142
2025-12-30 13:09:00,66.96,67.01,66.94,66.95,23
2025-12-30 13:10:00,66.95,66.95,66.95,66.95,0
2025-12-30 13:11:00,66.86,66.86,66.85,66.85,2
2025-12-30 13:12:00,66.79,66.8,66.72,66.72,12
2025-12-30 13:13:00,66.9212,66.9212,66.53,66.6669,34
2025-12-30 13:14:00,66.715,66.73,66.685,66.685,10
2025-12-30 13:15:00,66.69,66.6963,66.69,66.6963,6
2025-12-30 13:16:00,66.69,66.73,66.69,66.73,4
2025-12-30 13:17:00,66.7,66.7,66.54,66.54,5
2025-12-30 13:18:00,66.705,66.71,66.635,66.71,8
2025-12-30 13:19:00,66.72,66.88,66.71,66.88,38
2025-12-30 13:20:00,66.8993,66.8993,66.8993,66.8993,1
2025-12-30 13:21:00,66.875,66.875,66.875,66.875,1
2025-12-30 13:22:00,66.88,66.935,66.88,66.935,5
2025-12-30 13:23:00,66.8704,66.8704,66.8704,66.8704,1
2025-12-30 13:24:00,66.8704,66.8704,66.8704,66.8704,0
2025-12-30 13:25:00,66.8704,66.8704,66.8704,66.8704,0
2025-12-30 13:26:00,66.92,66.92,66.885,66.885,2
2025-12-30 13:27:00,66.86,66.885,66.86,66.885,4
2025-12-30 13:28:00,66.885,66.885,66.885,66.885,0
2025-12-30 13:29:00,66.885,66.925,66.84,66.885,30
2025-12-30 13:30:00,66.99,67.01,66.93,67.0,19
2025-12-30 13:31:00,67.02,67.07,67.0,67.055,18
2025-12-30 13:32:00,67.01,67.01,67.0,67.0,6
2025-12-30 13:33:00,67.02,67.02,66.99,66.99,13
2025-12-30 13:34:00,67.0,67.05,67.0,67.05,4
2025-12-30 13:35:00,67.04,67.07,67.04,67.07,4
2025-12-30 13:36:00,67.07,67.07,67.07,67.07,0
2025-12-30 13:37:00,67.09,67.1,67.09,67.1,6
2025-12-30 13:38:00,67.1,67.1,67.1,67.1,0
2025-12-30 13:39:00,67.1,67.1,67.1,67.1,2
2025-12-30 13:40:00,67.16,67.16,67.07,67.07,5
2025-12-30 13:41:00,67.1,67.1,67.1,67.1,1
2025-12-30 13:42:00,67.1,67.24,67.05,67.24,12
2025-12-30 13:43:00,67.23,67.26,67.195,67.195,18
2025-12-30 13:44:00,67.195,67.195,67.195,67.195,0
2025-12-30 13:45:00,67.195,67.195,67.195,67.195,0
2025-12-30 13:46:00,67.24,67.27,67.24,67.27,5
2025-12-30 13:47:00,67.276,67.39,67.276,67.39,18
2025-12-30 13:48:00,67.42,67.43,67.37,67.37,3
2025-12-30 13:49:00,67.37,67.37,67.37,67.37,0
2025-12-30 13:50:00,67.37,67.37,67.37,67.37,0
2025-12-30 13:51:00,67.43,67.475,67.4,67.4,14
2025-12-30 13:52:00,67.36,67.395,67.36,67.395,2
2025-12-30 13:53:00,67.31,67.31,67.31,67.31,2
2025-12-30 13:54:00,67.29,67.29,67.29,67.29,1
2025-12-30 13:55:00,67.29,67.31,67.28,67.31,3
2025-12-30 13:56:00,67.28,67.28,67.27,67.27,2
2025-12-30 13:57:00,67.27,67.315,67.27,67.315,7
2025-12-30 13:58:00,67.369,67.369,67.369,67.369,1
2025-12-30 13:59:00,67.26,67.27,67.26,67.27,3
2025-12-30 14:00:00,67.2,67.2,67.2,67.2,2
2025-12-30 14:01:00,67.18,67.18,67.16,67.16,4
2025-12-30 14:02:00,67.14,67.14,67.14,67.14,1
2025-12-30 14:03:00,67.1451,67.18,67.11,67.18,10
2025-12-30 14:04:00,67.14,67.19,67.14,67.19,4
2025-12-30 14:05:00,67.19,67.19,67.19,67.19,0
2025-12-30 14:06:00,67.1,67.15,67.1,67.15,2
2025-12-30 14:07:00,67.19,67.34,67.18,67.33,28
2025-12-30 14:08:00,67.3,67.3,67.24,67.24,8
2025-12-30 14:09:00,67.23,67.24,67.23,67.24,3
2025-12-30 14:10:00,67.24,67.24,67.23,67.23,3
2025-12-30 14:11:00,67.24,67.24,67.21,67.24,3
2025-12-30 14:12:00,67.19,67.1925,67.17,67.17,9
2025-12-30 14:13:00,67.165,67.22,67.165,67.22,16
2025-12-30 14:14:00,67.18,67.25,67.18,67.25,10
2025-12-30 14:15:00,67.235,67.235,67.235,67.235,2
2025-12-30 14:16:00,67.235,67.235,67.235,67.235,0
2025-12-30 14:17:00,67.17,67.17,67.16,67.16,2
2025-12-30 14:18:00,67.12,67.12,67.1,67.12,8
2025-12-30 14:19:00,67.13,67.13,67.13,67.13,1
2025-12-30 14:20:00,67.1,67.1,67.1,67.1,3
2025-12-30 14:21:00,67.1,67.1,67.1,67.1,0
2025-12-30 14:22:00,67.04,67.05,67.04,67.05,5
2025-12-30 14:23:00,67.065,67.065,67.065,67.065,2
2025-12-30 14:24:00,67.05,67.05,67.015,67.05,17
2025-12-30 14:25:00,67.03,67.03,67.03,67.03,2
2025-12-30 14:26:00,67.01,67.08,67.01,67.08,20
2025-12-30 14:27:00,67.09,67.09,67.085,67.085,3
2025-12-30 14:28:00,67.1,67.1,67.07,67.085,4
2025-12-30 14:29:00,67.085,67.085,67.085,67.085,0
2025-12-30 14:30:00,67.06,67.06,67.05,67.05,5
2025-12-30 14:31:00,67.04,67.1,67.04,67.08,13
2025-12-30 14:32:00,67.15,67.35,67.1445,67.34,111
2025-12-30 14:33:00,67.36,67.39,67.305,67.3299,49
2025-12-30 14:34:00,67.316,67.32,67.27,67.27,31
2025-12-30 14:35:00,67.29,67.48,67.28,67.38,51
2025-12-30 14:36:00,67.325,67.37,67.325,67.335,6
2025-12-30 14:37:00,67.33,67.37,67.25,67.315,42
2025-12-30 14:38:00,67.32,67.47,67.32,67.47,27
2025-12-30 14:39:00,67.42,67.44,67.38,67.4141,19
2025-12-30 14:40:00,67.37,67.37,67.31,67.31,3
2025-12-30 14:41:00,67.28,67.32,67.25,67.315,17
2025-12-30 14:42:00,67.32,67.33,67.32,67.32,4
2025-12-30 14:43:00,67.355,67.45,67.355,67.395,13
2025-12-30 14:44:00,67.395,67.51,67.36,67.36,49
2025-12-30 14:45:00,67.35,67.56,67.35,67.5,76
2025-12-30 14:46:00,67.46,67.51,67.46,67.51,2
2025-12-30 14:47:00,67.53,67.53,67.465,67.465,41
2025-12-30 14:48:00,67.37,67.4375,67.32,67.34,34
2025-12-30 14:49:00,67.3961,67.41,67.27,67.27,21
2025-12-30 14:50:00,67.275,67.33,67.275,67.3,27
2025-12-30 14:51:00,67.36,67.36,67.3,67.3,13
2025-12-30 14:52:00,67.3149,67.3149,67.3149,67.3149,1
2025-12-30 14:53:00,67.3,67.3,67.3,67.3,8
2025-12-30 14:54:00,67.28,67.3555,67.28,67.3555,16
2025-12-30 14:55:00,67.35,67.42,67.345,67.41,28
2025-12-30 14:56:00,67.345,67.345,67.28,67.29,14
2025-12-30 14:57:00,67.29,67.29,67.29,67.29,0
2025-12-30 14:58:00,67.25,67.275,67.19,67.21,18
2025-12-30 14:59:00,67.175,67.23,67.175,67.23,4
2025-12-30 15:00:00,67.2,67.2,67.18,67.2,4
2025-12-30 15:01:00,67.16,67.18,67.14,67.165,6
2025-12-30 15:02:00,67.14,67.2,67.13,67.16,15
2025-12-30 15:03:00,67.16,67.16,67.16,67.16,0
2025-12-30 15:04:00,67.22,67.23,67.22,67.23,4
2025-12-30 15:05:00,67.21,67.22,67.185,67.185,14
2025-12-30 15:06:00,67.2137,67.2137,67.1768,67.1768,5
2025-12-30 15:07:00,67.185,67.185,67.06,67.075,23
2025-12-30 15:08:00,67.05,67.066,67.05,67.05,13
2025-12-30 15:09:00,67.055,67.15,67.055,67.15,16
2025-12-30 15:10:00,67.15,67.15,67.12,67.12,8
2025-12-30 15:11:00,67.07,67.07,67.07,67.07,5
2025-12-30 15:12:00,67.065,67.065,67.065,67.065,3
2025-12-30 15:13:00,67.065,67.27,67.065,67.155,24
2025-12-30 15:14:00,67.26,67.26,67.19,67.19,2
2025-12-30 15:15:00,67.255,67.33,67.255,67.305,15
2025-12-30 15:16:00,67.305,67.305,67.305,67.305,0
2025-12-30 15:17:00,67.32,67.34,67.3,67.32,8
2025-12-30 15:18:00,67.365,67.37,67.345,67.345,3
2025-12-30 15:19:00,67.36,67.36,67.3,67.3,15
2025-12-30 15:20:00,67.29,67.29,67.25,67.255,7
2025-12-30 15:21:00,67.27,67.3,67.27,67.285,5
2025-12-30 15:22:00,67.31,67.34,67.25,67.27,32
2025-12-30 15:23:00,67.34,67.42,67.27,67.27,41
2025-12-30 15:24:00,67.25,67.25,67.25,67.25,2
2025-12-30 15:25:00,67.235,67.235,67.2245,67.2245,2
2025-12-30 15:26:00,67.24,67.24,67.235,67.235,2
2025-12-30 15:27:00,67.23,67.28,67.23,67.26,20
2025-12-30 15:28:00,67.26,67.26,67.26,67.26,2
2025-12-30 15:29:00,67.32,67.32,67.25,67.25,23
2025-12-30 15:30:00,67.31,67.31,67.22,67.22,21
2025-12-30 15:31:00,67.23,67.23,67.17,67.2,10
2025-12-30 15:32:00,67.205,67.205,67.14,67.15,10
2025-12-30 15:33:00,67.08,67.115,67.07,67.07,21
2025-12-30 15:34:00,67.0301,67.11,67.0301,67.09,39
2025-12-30 15:35:00,67.115,67.17,67.11,67.17,9
2025-12-30 15:36:00,67.16,67.19,67.16,67.165,12
2025-12-30 15:37:00,67.155,67.155,67.13,67.13,7
2025-12-30 15:38:00,67.11,67.12,67.08,67.0901,13
2025-12-30 15:39:00,67.09,67.09,67.08,67.08,6
2025-12-30 15:40:00,67.07,67.095,67.07,67.07,4
2025-12-30 15:41:00,67.07,67.11,67.06,67.11,11
2025-12-30 15:42:00,67.105,67.15,67.1,67.14,33
2025-12-30 15:43:00,67.15,67.1651,67.11,67.11,23
2025-12-30 15:44:00,67.12,67.27,67.12,67.27,27
2025-12-30 15:45:00,67.28,67.28,67.09,67.09,36
2025-12-30 15:46:00,67.06,67.07,66.98,67.0092,20
2025-12-30 15:47:00,67.0,67.02,67.0,67.02,15
2025-12-30 15:48:00,67.015,67.015,66.97,67.0099,17
2025-12-30 15:49:00,66.995,67.03,66.98,67.025,37
2025-12-30 15:50:00,67.03,67.06,66.95,66.95,14
2025-12-30 15:51:00,66.95,66.95,66.87,66.89,98
2025-12-30 15:52:00,66.92,66.9202,66.85,66.875,36
2025-12-30 15:53:00,66.9,67.13,66.9,67.04,42
2025-12-30 15:54:00,67.13,67.13,67.01,67.07,60
2025-12-30 15:55:00,67.07,67.15,67.05,67.12,58
2025-12-30 15:56:00,67.12,67.16,67.07,67.13,93
2025-12-30 15:57:00,67.105,67.105,67.05,67.09,112
2025-12-30 15:58:00,67.095,67.095,67.06,67.08,141
2025-12-30 15:59:00,67.08,67.27,67.08,67.27,309
2025-12-31 09:30:00,66.505,66.56,66.28,66.28,74
2025-12-31 09:31:00,66.28,67.255,66.28,66.8,8
2025-12-31 09:32:00,66.28,66.55,66.28,66.55,2
2025-12-31 09:33:00,66.6698,66.915,66.28,66.28,16
2025-12-31 09:34:00,66.2801,66.77,66.28,66.77,5
2025-12-31 09:35:00,66.775,66.775,66.29,66.29,5
2025-12-31 09:36:00,66.684,66.684,66.31,66.31,19
2025-12-31 09:37:00,66.79,66.79,66.79,66.79,1
2025-12-31 09:38:00,66.51,66.51,66.51,66.51,6
2025-12-31 09:39:00,66.54,66.942,66.32,66.324,32
2025-12-31 09:40:00,66.59,66.59,66.585,66.585,3
2025-12-31 09:41:00,66.75,66.75,66.61,66.61,9
2025-12-31 09:42:00,66.925,66.94,66.62,66.82,8
2025-12-31 09:43:00,66.82,66.82,66.65,66.65,9
2025-12-31 09:44:00,66.75,66.84,66.68,66.68,36
2025-12-31 09:45:00,66.64,66.64,66.01,66.255,173
2025-12-31 09:46:00,66.12,66.12,66.12,66.12,1
2025-12-31 09:47:00,66.3,66.3,66.004,66.004,10
2025-12-31 09:48:00,66.25,66.25,66.004,66.2476,6
2025-12-31 09:49:00,66.1925,66.1925,66.0,66.0,2
2025-12-31 09:50:00,66.3,66.62,66.2392,66.58,29
2025-12-31 09:51:00,66.7,66.75,66.65,66.75,3
2025-12-31 09:52:00,66.765,66.765,66.765,66.765,14
2025-12-31 09:53:00,66.765,67.0,66.75,66.85,15
2025-12-31 09:54:00,66.83,66.83,66.83,66.83,1
2025-12-31 09:55:00,66.565,66.68,66.55,66.55,5
2025-12-31 09:56:00,66.65,66.65,66.56,66.56,4
2025-12-31 09:57:00,66.74,66.785,66.74,66.785,18
2025-12-31 09:58:00,66.785,66.785,66.78,66.78,6
2025-12-31 09:59:00,66.58,66.64,66.57,66.64,23
2025-12-31 10:00:00,66.64,66.64,66.64,66.64,0
2025-12-31 10:01:00,66.54,66.59,66.51,66.52,10
2025-12-31 10:02:00,66.4936,66.4936,66.4936,66.4936,1
2025-12-31 10:03:00,66.45,66.45,66.45,66.45,1
2025-12-31 10:04:00,66.44,66.44,66.32,66.32,2
2025-12-31 10:05:00,66.275,66.275,66.275,66.275,2
2025-12-31 10:06:00,66.275,66.275,66.275,66.275,0
2025-12-31 10:07:00,66.375,66.45,66.375,66.45,5
2025-12-31 10:08:00,66.405,66.405,66.405,66.405,2
2025-12-31 10:09:00,66.405,66.405,66.31,66.31,7
2025-12-31 10:10:00,66.31,66.355,66.29,66.355,3
2025-12-31 10:11:00,66.31,66.54,66.31,66.54,10
2025-12-31 10:12:00,66.375,66.375,66.375,66.375,2
2025-12-31 10:13:00,66.35,66.541,66.35,66.541,2
2025-12-31 10:14:00,66.33,66.55,66.33,66.55,4
2025-12-31 10:15:00,66.52,66.59,66.52,66.552,13
2025-12-31 10:16:00,66.57,66.57,66.57,66.57,1
2025-12-31 10:17:00,66.47,66.575,66.47,66.525,3
2025-12-31 10:18:00,66.47,66.53,66.435,66.435,9
2025-12-31 10:19:00,66.4,66.44,66.4,66.4,3
2025-12-31 10:20:00,66.4304,66.48,66.425,66.45,6
2025-12-31 10:21:00,66.45,66.45,66.45,66.45,0
2025-12-31 10:22:00,66.5,66.53,66.445,66.45,10
2025-12-31 10:23:00,66.445,66.445,66.435,66.44,3
2025-12-31 10:24:00,66.53,66.53,66.47,66.47,2
2025-12-31 10:25:00,66.56,66.59,66.56,66.59,5
2025-12-31 10:26:00,66.575,66.575,66.575,66.575,8
2025-12-31 10:27:00,66.575,66.575,66.38,66.38,19
2025-12-31 10:28:00,66.36,66.36,66.34,66.34,2
2025-12-31 10:29:00,66.53,66.53,66.39,66.39,3
2025-12-31 10:30:00,66.54,66.585,66.42,66.42,5
2025-12-31 10:31:00,66.45,66.6,66.45,66.6,2
2025-12-31 10:32:00,66.5,66.5,66.5,66.5,1
2025-12-31 10:33:00,66.625,66.75,66.625,66.66,14
2025-12-31 10:34:00,66.56,66.66,66.55,66.66,4
2025-12-31 10:35:00,66.66,66.66,66.66,66.66,1
2025-12-31 10:36:00,66.54,66.6775,66.54,66.665,8
2025-12-31 10:37:00,66.53,66.53,66.43,66.48,35
2025-12-31 10:38:00,66.49,66.5,66.49,66.5,2
2025-12-31 10:39:00,66.46,66.46,66.41,66.41,3
2025-12-31 10:40:00,66.41,66.48,66.4,66.48,10
2025-12-31 10:41:00,66.48,66.48,66.48,66.48,0
2025-12-31 10:42:00,66.52,66.53,66.52,66.53,2
2025-12-31 10:43:00,66.53,66.53,66.53,66.53,0
2025-12-31 10:44:00,66.485,66.4875,66.485,66.485,3
2025-12-31 10:45:00,66.5,66.56,66.485,66.515,16
2025-12-31 10:46:00,66.515,66.515,66.515,66.515,2
2025-12-31 10:47:00,66.61,66.68,66.61,66.63,8
2025-12-31 10:48:00,66.56,66.565,66.5,66.565,18
2025-12-31 10:49:00,66.535,66.535,66.535,66.535,1
2025-12-31 10:50:00,66.535,66.62,66.535,66.62,9
2025-12-31 10:51:00,66.535,66.58,66.5,66.535,48
2025-12-31 10:52:00,66.595,66.595,66.54,66.54,3
2025-12-31 10:53:00,66.605,66.66,66.55,66.55,83
2025-12-31 10:54:00,66.53,66.54,66.52,66.54,16
2025-12-31 10:55:00,66.48,66.5196,66.48,66.5196,3
2025-12-31 10:56:00,66.52,66.54,66.4575,66.4575,17
2025-12-31 10:57:00,66.485,66.485,66.485,66.485,16
2025-12-31 10:58:00,66.5,66.62,66.485,66.51,44
2025-12-31 10:59:00,66.51,66.51,66.51,66.51,0
2025-12-31 11:00:00,66.44,66.44,66.4,66.42,11
2025-12-31 11:01:00,66.42,66.42,66.42,66.42,0
2025-12-31 11:02:00,66.42,66.42,66.42,66.42,0
2025-12-31 11:03:00,66.47,66.52,66.47,66.51,15
2025-12-31 11:04:00,66.47,66.59,66.47,66.565,91
2025-12-31 11:05:00,66.57,66.57,66.5484,66.57,8
2025-12-31 11:06:00,66.5592,66.66,66.5592,66.5969,25
2025-12-31 11:07:00,66.645,66.645,66.5026,66.5026,19
2025-12-31 11:08:00,66.4941,66.54,66.4427,66.52,75
2025-12-31 11:09:00,66.565,66.565,66.5054,66.56,28
2025-12-31 11:10:00,66.6,66.85,66.6,66.7174,54
2025-12-31 11:11:00,66.7374,66.7375,66.7374,66.7375,5
2025-12-31 11:12:00,66.91,66.91,66.64,66.8,54
2025-12-31 11:13:00,66.64,66.64,66.58,66.59,13
2025-12-31 11:14:00,66.61,66.61,66.58,66.58,2
2025-12-31 11:15:00,66.57,66.58,66.53,66.55,12
2025-12-31 11:16:00,66.55,66.55,66.55,66.55,0
2025-12-31 11:17:00,66.55,66.5572,66.49,66.5073,20
2025-12-31 11:18:00,66.5,66.56,66.44,66.51,39
2025-12-31 11:19:00,66.495,66.57,66.495,66.57,30
2025-12-31 11:20:00,66.56,66.56,66.52,66.54,3
2025-12-31 11:21:00,66.54,66.54,66.54,66.54,0
2025-12-31 11:22:00,66.54,66.54,66.54,66.54,0
2025-12-31 11:23:00,66.54,66.54,66.54,66.54,0
2025-12-31 11:24:00,66.56,66.605,66.551,66.551,7
2025-12-31 11:25:00,66.551,66.551,66.551,66.551,0
2025-12-31 11:26:00,66.61,66.61,66.61,66.61,4
2025-12-31 11:27:00,66.61,66.61,66.61,66.61,3
2025-12-31 11:28:00,66.56,66.61,66.55,66.55,16
2025-12-31 11:29:00,66.5754,66.635,66.5754,66.635,15
2025-12-31 11:30:00,66.64,66.64,66.64,66.64,2
2025-12-31 11:31:00,66.64,66.68,66.605,66.64,21
2025-12-31 11:32:00,66.66,66.66,66.6185,66.64,6
2025-12-31 11:33:00,66.67,66.68,66.62,66.66,49
2025-12-31 11:34:00,66.665,66.665,66.665,66.665,5
2025-12-31 11:35:00,66.7,66.76,66.66,66.73,70
2025-12-31 11:36:00,66.725,66.885,66.72,66.885,44
2025-12-31 11:37:00,66.885,66.93,66.81,66.868,20
2025-12-31 11:38:00,66.915,66.97,66.87,66.905,45
2025-12-31 11:39:00,66.955,66.955,66.93,66.93,2
2025-12-31 11:40:00,66.9201,66.93,66.9201,66.9278,4
2025-12-31 11:41:00,66.92,66.93,66.92,66.93,7
2025-12-31 11:42:00,66.99,67.105,66.965,67.105,19
2025-12-31 11:43:00,67.095,67.095,67.095,67.095,2
2025-12-31 11:44:00,67.115,67.115,66.88,66.88,29
2025-12-31 11:45:00,66.79,66.81,66.74,66.74,40
2025-12-31 11:46:00,66.74,66.74,66.74,66.74,0
2025-12-31 11:47:00,66.92,67.04,66.7701,66.925,16
2025-12-31 11:48:00,66.945,66.945,66.945,66.945,10
2025-12-31 11:49:00,66.92,66.925,66.8598,66.925,18
2025-12-31 11:50:00,66.8201,66.8951,66.8,66.8775,22
2025-12-31 11:51:00,66.885,66.885,66.69,66.7518,37
2025-12-31 11:52:00,66.7518,66.7518,66.7518,66.7518,0
2025-12-31 11:53:00,66.84,66.84,66.7,66.7,11
2025-12-31 11:54:00,66.69,66.81,66.69,66.81,2
2025-12-31 11:55:00,66.71,66.7101,66.7,66.7101,7
2025-12-31 11:56:00,66.69,66.69,66.65,66.66,15
2025-12-31 11:57:00,66.64,66.73,66.64,66.73,4
2025-12-31 11:58:00,66.735,66.735,66.735,66.735,1
2025-12-31 11:59:00,66.74,66.74,66.74,66.74,2
2025-12-31 12:00:00,66.74,66.76,66.62,66.76,16
2025-12-31 12:01:00,66.76,66.76,66.6,66.6,4
2025-12-31 12:02:00,66.65,66.65,66.65,66.65,2
2025-12-31 12:03:00,66.65,66.65,66.65,66.65,0
2025-12-31 12:04:00,66.62,66.62,66.62,66.62,10
2025-12-31 12:05:00,66.7057,66.805,66.7057,66.805,3
2025-12-31 12:06:00,66.6499,66.76,66.6321,66.76,16
2025-12-31 12:07:00,66.78,66.78,66.78,66.78,1
2025-12-31 12:08:00,66.61,66.65,66.605,66.65,6
2025-12-31 12:09:00,66.65,66.65,66.65,66.65,0
2025-12-31 12:10:00,66.62,66.785,66.62,66.785,6
2025-12-31 12:11:00,66.6477,66.6477,66.6477,66.6477,1
2025-12-31 12:12:00,66.79,66.79,66.77,66.77,16
2025-12-31 12:13:00,66.8,66.8,66.8,66.8,4
2025-12-31 12:14:00,66.8,66.8,66.8,66.8,0
2025-12-31 12:15:00,66.805,66.805,66.805,66.805,1
2025-12-31 12:16:00,66.81,66.81,66.69,66.69,8
2025-12-31 12:17:00,66.8,66.8,66.8,66.8,4
2025-12-31 12:18:00,66.775,66.775,66.775,66.775,2
2025-12-31 12:19:00,66.775,66.775,66.6501,66.6501,29
2025-12-31 12:20:00,66.6601,66.6601,66.64,66.64,8
2025-12-31 12:21:00,66.64,66.64,66.525,66.54,16
2025-12-31 12:22:00,66.5,66.725,66.5,66.725,24
2025-12-31 12:23:00,66.725,66.725,66.725,66.725,4
2025-12-31 12:24:00,66.725,66.725,66.725,66.725,0
2025-12-31 12:25:00,66.725,66.73,66.725,66.73,2
2025-12-31 12:26:00,66.7251,66.7251,66.7032,66.7032,3
2025-12-31 12:27:00,66.82,66.82,66.82,66.82,5
2025-12-31 12:28:00,66.715,66.715,66.66,66.66,14
2025-12-31 12:29:00,66.705,66.705,66.705,66.705,1
2025-12-31 12:30:00,66.7,66.7,66.7,66.7,4
2025-12-31 12:31:00,66.7,66.7,66.7,66.7,0
2025-12-31 12:32:00,66.71,66.71,66.71,66.71,1
2025-12-31 12:33:00,66.71,66.71,66.71,66.71,1
2025-12-31 12:34:00,66.71,66.71,66.71,66.71,0
2025-12-31 12:35:00,66.72,66.72,66.72,66.72,1
2025-12-31 12:36:00,66.715,66.76,66.715,66.73,16
2025-12-31 12:37:00,66.73,66.73,66.73,66.73,3
2025-12-31 12:38:00,66.73,66.77,66.73,66.735,38
2025-12-31 12:39:00,66.745,66.75,66.745,66.75,6
2025-12-31 12:40:00,66.75,66.75,66.68,66.68,13
2025-12-31 12:41:00,66.64,66.64,66.59,66.6,46
2025-12-31 12:42:00,66.61,66.61,66.56,66.56,8
2025-12-31 12:43:00,66.585,66.62,66.585,66.62,4
2025-12-31 12:44:00,66.62,66.62,66.62,66.62,0
2025-12-31 12:45:00,66.6425,66.6425,66.6425,66.6425,1
2025-12-31 12:46:00,66.665,66.665,66.665,66.665,1
2025-12-31 12:47:00,66.62,66.62,66.6,66.6,6
2025-12-31 12:48:00,66.58,66.58,66.57,66.57,7
2025-12-31 12:49:00,66.57,66.57,66.57,66.57,0
2025-12-31 12:50:00,66.55,66.55,66.55,66.55,1
2025-12-31 12:51:00,66.54,66.54,66.54,66.54,2
2025-12-31 12:52:00,66.54,66.54,66.54,66.54,0
2025-12-31 12:53:00,66.55,66.55,66.53,66.53,3
2025-12-31 12:54:00,66.57,66.57,66.57,66.57,1
2025-12-31 12:55:00,66.57,66.57,66.52,66.52,3
2025-12-31 12:56:00,66.52,66.52,66.52,66.52,0
2025-12-31 12:57:00,66.62,66.62,66.62,66.62,1
2025-12-31 12:58:00,66.59,66.59,66.59,66.59,1
2025-12-31 12:59:00,66.59,66.59,66.59,66.59,0
2025-12-31 13:00:00,66.59,66.59,66.59,66.59,1
2025-12-31 13:01:00,66.53,66.535,66.48,66.48,4
2025-12-31 13:02:00,66.46,66.5,66.46,66.5,2
2025-12-31 13:03:00,66.5,66.53,66.5,66.53,5
2025-12-31 13:04:00,66.53,66.53,66.53,66.53,0
2025-12-31 13:05:00,66.47,66.53,66.47,66.5188,5
2025-12-31 13:06:00,66.56,66.56,66.52,66.54,6
2025-12-31 13:07:00,66.56,66.56,66.44,66.49,36
2025-12-31 13:08:00,66.49,66.49,66.45,66.47,6
2025-12-31 13:09:00,66.47,66.47,66.42,66.42,20
2025-12-31 13:10:00,66.4,66.46,66.39,66.46,18
2025-12-31 13:11:00,66.48,66.49,66.48,66.49,5
2025-12-31 13:12:00,66.545,66.56,66.4801,66.5525,15
2025-12-31 13:13:00,66.545,66.545,66.465,66.465,20
2025-12-31 13:14:00,66.52,66.52,66.5,66.5,2
2025-12-31 13:15:00,66.49,66.49,66.49,66.49,2
2025-12-31 13:16:00,66.5,66.5,66.49,66.49,3
2025-12-31 13:17:00,66.43,66.45,66.42,66.44,9
2025-12-31 13:18:00,66.42,66.42,66.38,66.38,8
2025-12-31 13:19:00,66.38,66.38,66.38,66.38,0
2025-12-31 13:20:00,66.36,66.4,66.35,66.4,3
2025-12-31 13:21:00,66.35,66.35,66.35,66.35,1
2025-12-31 13:22:00,66.35,66.35,66.32,66.32,6
2025-12-31 13:23:00,66.31,66.31,66.29,66.31,8
2025-12-31 13:24:00,66.31,66.31,66.31,66.31,0
2025-12-31 13:25:00,66.3,66.32,66.3,66.32,3
2025-12-31 13:26:00,66.32,66.32,66.32,66.32,0
2025-12-31 13:27:00,66.29,66.335,66.29,66.335,4
2025-12-31 13:28:00,66.3,66.3,66.3,66.3,1
2025-12-31 13:29:00,66.3,66.34,66.29,66.3,6
2025-12-31 13:30:00,66.332,66.332,66.285,66.285,15
2025-12-31 13:31:00,66.3,66.3,66.3,66.3,1
2025-12-31 13:32:00,66.315,66.315,66.315,66.315,1
2025-12-31 13:33:00,66.31,66.34,66.31,66.34,7
2025-12-31 13:34:00,66.34,66.36,66.34,66.345,3
2025-12-31 13:35:00,66.39,66.39,66.38,66.38,6
2025-12-31 13:36:00,66.38,66.38,66.38,66.38,0
2025-12-31 13:37:00,66.38,66.38,66.38,66.38,0
2025-12-31 13:38:00,66.37,66.405,66.36,66.36,12
2025-12-31 13:39:00,66.36,66.36,66.36,66.36,0
2025-12-31 13:40:00,66.36,66.36,66.305,66.305,6
2025-12-31 13:41:00,66.33,66.345,66.29,66.345,3
2025-12-31 13:42:00,66.345,66.345,66.345,66.345,0
2025-12-31 13:43:00,66.32,66.32,66.29,66.29,2
2025-12-31 13:44:00,66.29,66.29,66.29,66.29,0
2025-12-31 13:45:00,66.3,66.3,66.3,66.3,1
2025-12-31 13:46:00,66.3,66.3,66.3,66.3,0
2025-12-31 13:47:00,66.29,66.29,66.28,66.28,2
2025-12-31 13:48:00,66.28,66.28,66.27,66.28,4
2025-12-31 13:49:00,66.28,66.28,66.28,66.28,1
2025-12-31 13:50:00,66.28,66.28,66.28,66.28,1
2025-12-31 13:51:00,66.28,66.295,66.2,66.2,21
2025-12-31 13:52:00,66.21,66.22,66.21,66.22,2
2025-12-31 13:53:00,66.23,66.24,66.23,66.23,4
2025-12-31 13:54:00,66.265,66.27,66.265,66.265,9
2025-12-31 13:55:00,66.265,66.29,66.265,66.265,4
2025-12-31 13:56:00,66.265,66.265,66.265,66.265,4
2025-12-31 13:57:00,66.265,66.3,66.265,66.29,9
2025-12-31 13:58:00,66.27,66.3,66.25,66.27,10
2025-12-31 13:59:00,66.23,66.35,66.23,66.29,17
2025-12-31 14:00:00,66.3,66.35,66.29,66.35,24
2025-12-31 14:01:00,66.4,66.4,66.34,66.35,44
2025-12-31 14:02:00,66.4,66.445,66.4,66.445,4
2025-12-31 14:03:00,66.37,66.37,66.325,66.325,9
2025-12-31 14:04:00,66.31,66.31,66.31,66.31,4
2025-12-31 14:05:00,66.32,66.32,66.32,66.32,2
2025-12-31 14:06:00,66.28,66.32,66.28,66.32,18
2025-12-31 14:07:00,66.3108,66.3108,66.27,66.27,6
2025-12-31 14:08:00,66.27,66.27,66.27,66.27,1
2025-12-31 14:09:00,66.27,66.27,66.27,66.27,0
2025-12-31 14:10:00,66.28,66.28,66.28,66.28,4
2025-12-31 14:11:00,66.295,66.295,66.295,66.295,3
2025-12-31 14:12:00,66.33,66.38,66.33,66.375,33
2025-12-31 14:13:00,66.375,66.375,66.34,66.36,8
2025-12-31 14:14:00,66.37,66.38,66.36,66.38,12
2025-12-31 14:15:00,66.375,66.375,66.32,66.33,25
2025-12-31 14:16:00,66.31,66.315,66.29,66.315,11
2025-12-31 14:17:00,66.29,66.3,66.275,66.3,14
2025-12-31 14:18:00,66.3,66.3,66.3,66.3,0
2025-12-31 14:19:00,66.305,66.305,66.28,66.28,2
2025-12-31 14:20:00,66.295,66.295,66.28,66.295,4
2025-12-31 14:21:00,66.275,66.295,66.245,66.245,19
2025-12-31 14:22:00,66.29,66.29,66.29,66.29,5
2025-12-31 14:23:00,66.25,66.27,66.24,66.265,18
2025-12-31 14:24:00,66.26,66.26,66.26,66.26,2
2025-12-31 14:25:00,66.24,66.24,66.21,66.23,12
2025-12-31 14:26:00,66.2,66.21,66.155,66.19,15
2025-12-31 14:27:00,66.19,66.19,66.175,66.175,2
2025-12-31 14:28:00,66.18,66.25,66.18,66.25,10
2025-12-31 14:29:00,66.28,66.28,66.25,66.25,2
2025-12-31 14:30:00,66.2578,66.2578,66.2578,66.2578,2
2025-12-31 14:31:00,66.25,66.264,66.25,66.264,10
2025-12-31 14:32:00,66.21,66.2469,66.21,66.2469,7
2025-12-31 14:33:00,66.24,66.25,66.24,66.25,6
2025-12-31 14:34:00,66.25,66.27,66.2301,66.2301,19
2025-12-31 14:35:00,66.27,66.305,66.22,66.23,11
2025-12-31 14:36:00,66.24,66.24,66.24,66.24,1
2025-12-31 14:37:00,66.25,66.28,66.245,66.245,11
2025-12-31 14:38:00,66.24,66.24,66.24,66.24,1
2025-12-31 14:39:00,66.245,66.25,66.245,66.25,2
2025-12-31 14:40:00,66.256,66.256,66.256,66.256,1
2025-12-31 14:41:00,66.256,66.256,66.256,66.256,0
2025-12-31 14:42:00,66.25,66.25,66.25,66.25,4
2025-12-31 14:43:00,66.23,66.28,66.21,66.28,44
2025-12-31 14:44:00,66.28,66.28,66.28,66.28,1
2025-12-31 14:45:00,66.295,66.325,66.24,66.325,33
2025-12-31 14:46:00,66.35,66.355,66.35,66.355,4
2025-12-31 14:47:00,66.3,66.31,66.25,66.25,20
2025-12-31 14:48:00,66.26,66.35,66.26,66.27,78
2025-12-31 14:49:00,66.27,66.275,66.24,66.27,15
2025-12-31 14:50:00,66.27,66.43,66.27,66.43,42
2025-12-31 14:51:00,66.36,66.455,66.36,66.36,6
2025-12-31 14:52:00,66.485,66.485,66.45,66.45,3
2025-12-31 14:53:00,66.38,66.46,66.32,66.32,28
2025-12-31 14:54:00,66.46,66.46,66.445,66.445,5
2025-12-31 14:55:00,66.425,66.425,66.425,66.425,2
2025-12-31 14:56:00,66.425,66.46,66.349,66.375,9
2025-12-31 14:57:00,66.375,66.375,66.375,66.375,0
2025-12-31 14:58:00,66.47,66.47,66.42,66.47,3
2025-12-31 14:59:00,66.48,66.515,66.41,66.41,9
2025-12-31 15:00:00,66.485,66.485,66.4,66.4,12
2025-12-31 15:01:00,66.38,66.38,66.38,66.38,1
2025-12-31 15:02:00,66.375,66.46,66.33,66.46,25
2025-12-31 15:03:00,66.55,66.55,66.55,66.55,2
2025-12-31 15:04:00,66.57,66.6007,66.57,66.575,6
2025-12-31 15:05:00,66.5,66.65,66.46,66.6,25
2025-12-31 15:06:00,66.58,66.58,66.58,66.58,3
2025-12-31 15:07:00,66.58,66.58,66.58,66.58,0
2025-12-31 15:08:00,66.54,66.54,66.5,66.515,13
2025-12-31 15:09:00,66.515,66.515,66.515,66.515,2
2025-12-31 15:10:00,66.515,66.515,66.515,66.515,1
2025-12-31 15:11:00,66.52,66.52,66.52,66.52,1
2025-12-31 15:12:00,66.52,66.52,66.48,66.52,5
2025-12-31 15:13:00,66.52,66.52,66.49,66.52,5
2025-12-31 15:14:00,66.49,66.52,66.49,66.52,8
2025-12-31 15:15:00,66.52,66.58,66.52,66.535,24
2025-12-31 15:16:00,66.57,66.57,66.535,66.5351,3
2025-12-31 15:17:00,66.49,66.49,66.41,66.41,18
2025-12-31 15:18:00,66.38,66.39,66.38,66.39,4
2025-12-31 15:19:00,66.43,66.51,66.43,66.475,7
2025-12-31 15:20:00,66.47,66.5,66.47,66.5,3
2025-12-31 15:21:00,66.44,66.5,66.44,66.4507,10
2025-12-31 15:22:00,66.5,66.5,66.45,66.47,5
2025-12-31 15:23:00,66.505,66.505,66.43,66.43,49
2025-12-31 15:24:00,66.4,66.45,66.35,66.385,27
2025-12-31 15:25:00,66.4,66.425,66.4,66.425,2
2025-12-31 15:26:00,66.425,66.425,66.425,66.425,1
2025-12-31 15:27:00,66.46,66.46,66.44,66.44,4
2025-12-31 15:28:00,66.44,66.47,66.41,66.425,8
2025-12-31 15:29:00,66.425,66.425,66.38,66.38,17
2025-12-31 15:30:00,66.38,66.42,66.38,66.415,20
2025-12-31 15:31:00,66.41,66.41,66.39,66.41,12
2025-12-31 15:32:00,66.42,67.075,66.42,66.9569,204
2025-12-31 15:33:00,66.89,67.215,66.86,67.215,25
2025-12-31 15:34:00,67.15,67.23,67.08,67.145,55
2025-12-31 15:35:00,67.115,67.115,66.85,67.01,33
2025-12-31 15:36:00,67.01,67.01,67.01,67.01,12
2025-12-31 15:37:00,66.985,66.985,66.89,66.9775,9
2025-12-31 15:38:00,66.96,67.0,66.96,66.99,5
2025-12-31 15:39:00,67.0,67.0,66.9,66.96,28
2025-12-31 15:40:00,67.06,67.12,67.0,67.075,76
2025-12-31 15:41:00,67.07,67.14,67.0,67.05,44
2025-12-31 15:42:00,67.075,67.075,66.99,66.99,15
2025-12-31 15:43:00,66.95,66.965,66.91,66.94,11
2025-12-31 15:44:00,67.0,67.0,66.88,66.97,19
2025-12-31 15:45:00,66.9935,66.9935,66.94,66.975,9
2025-12-31 15:46:00,66.95,66.96,66.9,66.915,19
2025-12-31 15:47:00,66.87,66.87,66.725,66.725,25
2025-12-31 15:48:00,66.735,66.79,66.735,66.74,14
2025-12-31 15:49:00,66.74,66.75,66.7,66.75,18
2025-12-31 15:50:00,66.71,66.79,66.6713,66.725,33
2025-12-31 15:51:00,66.71,66.83,66.71,66.83,18
2025-12-31 15:52:00,66.85,66.88,66.79,66.79,34
2025-12-31 15:53:00,66.79,66.79,66.725,66.725,56
2025-12-31 15:54:00,66.74,66.76,66.57,66.6,45
2025-12-31 15:55:00,66.585,66.6856,66.585,66.6856,11
2025-12-31 15:56:00,66.6488,66.6488,66.49,66.49,28
2025-12-31 15:57:00,66.515,66.515,66.35,66.37,93
2025-12-31 15:58:00,66.405,66.4151,66.4,66.4,26
2025-12-31 15:59:00,66.4,66.4,66.34,66.38,284
2026-01-02 09:30:00,66.4,66.475,65.9,66.17,92
2026-01-02 09:31:00,66.405,66.405,66.1,66.1,7
2026-01-02 09:32:00,65.89,66.34,65.83,65.93,17
2026-01-02 09:33:00,65.9,65.9,65.8,65.8,6
2026-01-02 09:34:00,65.75,65.81,65.585,65.595,35
2026-01-02 09:35:00,65.74,65.84,65.25,65.25,90
2026-01-02 09:36:00,65.2836,65.73,65.0,65.655,50
2026-01-02 09:37:00,65.64,65.8095,65.64,65.8095,8
2026-01-02 09:38:00,65.52,65.665,65.415,65.415,15
2026-01-02 09:39:00,65.415,65.875,65.415,65.775,14
2026-01-02 09:40:00,66.0035,66.0035,65.52,65.53,15
2026-01-02 09:41:00,65.71,65.71,65.7,65.7,3
2026-01-02 09:42:00,65.55,65.55,65.55,65.55,1
2026-01-02 09:43:00,65.55,65.55,65.55,65.55,0
2026-01-02 09:44:00,65.875,65.875,65.39,65.39,37
2026-01-02 09:45:00,65.455,65.51,65.25,65.51,27
2026-01-02 09:46:00,65.25,65.38,65.2,65.2,11
2026-01-02 09:47:00,65.2,65.4,65.2,65.26,23
2026-01-02 09:48:00,65.45,65.59,65.31,65.545,63
2026-01-02 09:49:00,65.68,65.89,65.56,65.89,17
2026-01-02 09:50:00,65.9,66.1199,65.87,66.1199,18
2026-01-02 09:51:00,65.87,65.995,65.87,65.87,5
2026-01-02 09:52:00,65.91,66.0201,65.8,65.986,32
2026-01-02 09:53:00,65.842,65.87,65.53,65.57,115
2026-01-02 09:54:00,65.495,65.515,65.48,65.515,3
2026-01-02 09:55:00,65.51,65.89,65.51,65.51,13
2026-01-02 09:56:00,65.7,65.9,65.51,65.9,12
2026-01-02 09:57:00,65.72,65.72,65.72,65.72,1
2026-01-02 09:58:00,65.71,66.02,65.58,65.935,39
2026-01-02 09:59:00,65.94,66.07,65.94,65.94,10
2026-01-02 10:00:00,66.11,66.16,65.72,65.95,15
2026-01-02 10:01:00,65.9,66.04,65.9,65.91,8
2026-01-02 10:02:00,65.92,66.17,65.91,66.0,14
2026-01-02 10:03:00,66.0,66.085,66.0,66.085,2
2026-01-02 10:04:00,66.01,66.17,66.01,66.01,4
2026-01-02 10:05:00,66.08,66.1,65.99,66.0,24
2026-01-02 10:06:00,66.07,66.36,66.07,66.34,33
2026-01-02 10:07:00,66.53,66.53,66.34,66.35,68
2026-01-02 10:08:00,66.42,66.53,66.395,66.53,8
2026-01-02 10:09:00,66.575,66.6,66.45,66.45,4
2026-01-02 10:10:00,66.5225,66.5875,66.5225,66.5875,3
2026-01-02 10:11:00,66.35,66.54,66.28,66.34,6
2026-01-02 10:12:00,66.34,66.34,66.34,66.34,0
2026-01-02 10:13:00,66.67,66.67,66.52,66.52,2
2026-01-02 10:14:00,66.38,66.44,66.31,66.31,19
2026-01-02 10:15:00,66.28,66.28,66.28,66.28,1
2026-01-02 10:16:00,66.3,66.3,66.3,66.3,5
2026-01-02 10:17:00,66.12,66.12,66.1,66.1,3
2026-01-02 10:18:00,66.1,66.1,66.1,66.1,0
2026-01-02 10:19:00,66.16,66.16,66.16,66.16,2
2026-01-02 10:20:00,66.17,66.17,66.17,66.17,6
2026-01-02 10:21:00,66.04,66.08,66.0,66.01,23
2026-01-02 10:22:00,65.95,66.06,65.87,66.06,43
2026-01-02 10:23:00,66.095,66.095,66.05,66.05,3
2026-01-02 10:24:00,66.0,66.05,65.74,65.74,21
2026-01-02 10:25:00,65.74,65.74,65.74,65.74,0
2026-01-02 10:26:00,65.88,65.88,65.88,65.88,2
2026-01-02 10:27:00,66.02,66.03,65.96,65.96,4
2026-01-02 10:28:00,65.75,65.75,65.75,65.75,1
2026-01-02 10:29:00,65.88,65.93,65.82,65.88,6
2026-01-02 10:30:00,65.88,65.88,65.88,65.88,0
2026-01-02 10:31:00,65.74,65.74,65.42,65.51,63
2026-01-02 10:32:00,65.55,65.74,65.55,65.73,12
2026-01-02 10:33:00,65.7234,65.88,65.7234,65.88,14
2026-01-02 10:34:00,65.88,66.18,65.88,66.18,7
2026-01-02 10:35:00,66.06,66.06,66.06,66.06,4
2026-01-02 10:36:00,66.06,66.06,66.06,66.06,0
2026-01-02 10:37:00,66.28,66.28,66.28,66.28,1
2026-01-02 10:38:00,66.13,66.13,66.13,66.13,1
2026-01-02 10:39:00,66.26,66.515,66.25,66.515,24
2026-01-02 10:40:00,66.56,66.56,66.43,66.43,3
2026-01-02 10:41:00,66.42,66.42,66.23,66.23,6
2026-01-02 10:42:00,66.23,66.23,66.23,66.23,0
2026-01-02 10:43:00,66.325,66.345,66.325,66.345,2
2026-01-02 10:44:00,66.24,66.35,66.15,66.15,25
2026-01-02 10:45:00,66.385,66.385,66.26,66.26,3
2026-01-02 10:46:00,66.28,66.28,66.28,66.28,1
2026-01-02 10:47:00,66.4,66.43,66.36,66.36,10
2026-01-02 10:48:00,66.28,66.28,66.1572,66.28,5
2026-01-02 10:49:00,66.275,66.28,66.21,66.28,4
2026-01-02 10:50:00,66.33,66.33,66.33,66.33,1
2026-01-02 10:51:00,66.12,66.28,66.12,66.1301,12
2026-01-02 10:52:00,66.1301,66.1301,66.1301,66.1301,0
2026-01-02 10:53:00,66.28,66.415,66.28,66.29,7
2026-01-02 10:54:00,66.43,66.5,66.28,66.5,9
2026-01-02 10:55:00,66.44,66.485,66.44,66.485,2
2026-01-02 10:56:00,66.485,66.485,66.485,66.485,0
2026-01-02 10:57:00,66.4,66.405,66.4,66.405,3
2026-01-02 10:58:00,66.4,66.4,66.4,66.4,1
2026-01-02 10:59:00,66.415,66.415,66.2,66.2,28
2026-01-02 11:00:00,66.31,66.32,66.31,66.31,5
2026-01-02 11:01:00,66.305,66.305,66.21,66.26,6
2026-01-02 11:02:00,66.24,66.3308,66.24,66.3308,11
2026-01-02 11:03:00,66.35,66.44,66.32,66.39,15
2026-01-02 11:04:00,66.39,66.39,66.3789,66.3789,2
2026-01-02 11:05:00,66.38,66.395,66.24,66.26,5
2026-01-02 11:06:00,66.26,66.26,66.26,66.26,0
2026-01-02 11:07:00,66.27,66.27,66.09,66.14,20
2026-01-02 11:08:00,66.14,66.14,66.14,66.14,2
2026-01-02 11:09:00,66.08,66.15,66.08,66.15,8
2026-01-02 11:10:00,66.21,66.2435,66.21,66.2435,8
2026-01-02 11:11:00,66.24,66.24,66.24,66.24,2
2026-01-02 11:12:00,66.24,66.24,66.24,66.24,0
2026-01-02 11:13:00,66.2826,66.36,66.245,66.36,4
2026-01-02 11:14:00,66.32,66.4,66.31,66.4,21
2026-01-02 11:15:00,66.41,66.41,66.3,66.395,4
2026-01-02 11:16:00,66.52,66.52,66.52,66.52,1
2026-01-02 11:17:00,66.535,66.535,66.405,66.41,5
2026-01-02 11:18:00,66.43,66.43,66.2,66.21,27
2026-01-02 11:19:00,66.22,66.22,66.12,66.18,27
2026-01-02 11:20:00,66.13,66.155,65.97,66.0,26
2026-01-02 11:21:00,66.01,66.02,66.01,66.02,4
2026-01-02 11:22:00,66.1,66.1,66.1,66.1,2
2026-01-02 11:23:00,66.13,66.13,66.07,66.085,7
2026-01-02 11:24:00,66.09,66.09,66.09,66.09,3
2026-01-02 11:25:00,66.11,66.13,66.11,66.13,2
2026-01-02 11:26:00,66.11,66.2,66.11,66.2,5
2026-01-02 11:27:00,66.1944,66.1944,66.1871,66.1871,3
2026-01-02 11:28:00,66.15,66.22,66.13,66.13,32
2026-01-02 11:29:00,66.17,66.18,66.06,66.18,41
2026-01-02 11:30:00,66.18,66.18,66.18,66.18,3
2026-01-02 11:31:00,66.185,66.185,66.185,66.185,5
2026-01-02 11:32:00,66.09,66.1,65.96,65.985,84
2026-01-02 11:33:00,65.95,66.32,65.91,66.31,99
2026-01-02 11:34:00,66.37,66.37,66.37,66.37,20
2026-01-02 11:35:00,66.385,66.385,66.385,66.385,5
2026-01-02 11:36:00,66.395,66.4,66.395,66.4,4
2026-01-02 11:37:00,66.405,66.46,66.405,66.45,6
2026-01-02 11:38:00,66.405,66.4175,66.405,66.4175,4
2026-01-02 11:39:00,66.4175,66.4175,66.4175,66.4175,0
2026-01-02 11:40:00,66.425,66.435,66.425,66.435,5
2026-01-02 11:41:00,66.445,66.56,66.405,66.5,34
2026-01-02 11:42:00,66.54,66.58,66.48,66.58,24
2026-01-02 11:43:00,66.56,66.58,66.45,66.58,4
2026-01-02 11:44:00,66.55,66.62,66.35,66.38,97
2026-01-02 11:45:00,66.34,66.365,66.28,66.3575,26
2026-01-02 11:46:00,66.3575,66.3575,66.3575,66.3575,0
2026-01-02 11:47:00,66.42,66.43,66.41,66.425,21
2026-01-02 11:48:00,66.42,66.47,66.42,66.46,4
2026-01-02 11:49:00,66.425,66.44,66.32,66.34,16
2026-01-02 11:50:00,66.38,66.46,66.38,66.46,10
2026-01-02 11:51:00,66.5,66.5,66.5,66.5,1
2026-01-02 11:52:00,66.48,66.48,66.44,66.44,14
2026-01-02 11:53:00,66.49,66.49,66.49,66.49,2
2026-01-02 11:54:00,66.5,66.5,66.41,66.45,18
2026-01-02 11:55:00,66.45,66.49,66.45,66.45,3
2026-01-02 11:56:00,66.48,66.5,66.44,66.45,25
2026-01-02 11:57:00,66.4,66.435,66.38,66.435,33
2026-01-02 11:58:00,66.41,66.425,66.37,66.4,11
2026-01-02 11:59:00,66.44,66.66,66.44,66.66,13
2026-01-02 12:00:00,66.66,66.715,66.66,66.715,10
2026-01-02 12:01:00,66.715,66.715,66.49,66.5778,39
2026-01-02 12:02:00,66.565,66.57,66.53,66.57,4
2026-01-02 12:03:00,66.57,66.745,66.54,66.745,35
2026-01-02 12:04:00,66.735,66.735,66.71,66.71,3
2026-01-02 12:05:00,66.74,66.745,66.74,66.745,6
2026-01-02 12:06:00,66.74,66.74,66.74,66.74,1
2026-01-02 12:07:00,66.7,66.705,66.62,66.7,11
2026-01-02 12:08:00,66.62,66.69,66.6,66.69,18
2026-01-02 12:09:00,66.695,66.695,66.695,66.695,1
2026-01-02 12:10:00,66.63,66.695,66.63,66.695,3
2026-01-02 12:11:00,66.69,66.7,66.51,66.59,29
2026-01-02 12:12:00,66.61,66.62,66.61,66.62,4
2026-01-02 12:13:00,66.76,66.81,66.76,66.81,5
2026-01-02 12:14:00,66.825,66.89,66.825,66.86,7
2026-01-02 12:15:00,66.86,66.87,66.845,66.845,5
2026-01-02 12:16:00,66.845,66.93,66.845,66.9,3
2026-01-02 12:17:00,66.9,66.93,66.9,66.93,2
2026-01-02 12:18:00,66.92,67.165,66.92,67.135,73
2026-01-02 12:19:00,67.14,67.195,67.05,67.1,16
2026-01-02 12:20:00,67.135,67.135,67.135,67.135,2
2026-01-02 12:21:00,67.05,67.11,67.05,67.11,2
2026-01-02 12:22:00,67.05,67.05,67.05,67.05,1
2026-01-02 12:23:00,67.085,67.085,67.025,67.05,6
2026-01-02 12:24:00,67.0,67.03,67.0,67.02,8
2026-01-02 12:25:00,67.02,67.02,66.985,66.985,7
2026-01-02 12:26:00,66.985,66.985,66.985,66.985,0
2026-01-02 12:27:00,66.995,67.095,66.92,67.01,40
2026-01-02 12:28:00,67.0,67.0,66.99,67.0,3
2026-01-02 12:29:00,66.965,66.965,66.965,66.965,2
2026-01-02 12:30:00,67.015,67.065,67.015,67.065,2
2026-01-02 12:31:00,67.09,67.09,67.09,67.09,1
2026-01-02 12:32:00,67.09,67.09,67.09,67.09,1
2026-01-02 12:33:00,67.095,67.095,67.095,67.095,2
2026-01-02 12:34:00,67.05,67.05,67.05,67.05,5
2026-01-02 12:35:00,67.01,67.03,66.85,67.0,58
2026-01-02 12:36:00,67.03,67.03,66.845,66.87,42
2026-01-02 12:37:00,66.875,66.88,66.875,66.875,16
2026-01-02 12:38:00,66.88,66.88,66.88,66.88,6
2026-01-02 12:39:00,66.88,66.97,66.83,66.97,41
2026-01-02 12:40:00,67.0235,67.05,67.0235,67.05,4
2026-01-02 12:41:00,67.06,67.06,67.03,67.03,2
2026-01-02 12:42:00,67.03,67.03,67.03,67.03,2
2026-01-02 12:43:00,67.035,67.035,67.035,67.035,3
2026-01-02 12:44:00,67.04,67.04,67.04,67.04,1
2026-01-02 12:45:00,67.11,67.11,67.11,67.11,5
2026-01-02 12:46:00,67.11,67.11,67.105,67.11,7
2026-01-02 12:47:00,67.11,67.11,67.11,67.11,0
2026-01-02 12:48:00,67.16,67.16,67.11,67.11,3
2026-01-02 12:49:00,67.11,67.11,67.11,67.11,0
2026-01-02 12:50:00,67.115,67.235,67.115,67.235,6
2026-01-02 12:51:00,67.235,67.25,67.2,67.25,9
2026-01-02 12:52:00,67.25,67.43,67.25,67.43,27
2026-01-02 12:53:00,67.35,67.37,67.29,67.365,25
2026-01-02 12:54:00,67.27,67.37,67.22,67.22,13
2026-01-02 12:55:00,67.285,67.33,67.285,67.33,5
2026-01-02 12:56:00,67.28,67.28,67.28,67.28,4
2026-01-02 12:57:00,67.28,67.28,67.28,67.28,0
2026-01-02 12:58:00,67.31,67.31,67.28,67.28,2
2026-01-02 12:59:00,67.28,67.28,67.28,67.28,1
2026-01-02 13:00:00,67.28,67.28,67.28,67.28,1
2026-01-02 13:01:00,67.28,67.28,67.14,67.16,80
2026-01-02 13:02:00,67.14,67.14,66.98,66.99,70
2026-01-02 13:03:00,66.995,67.16,66.965,67.16,91
2026-01-02 13:04:00,67.1999,67.1999,67.18,67.18,6
2026-01-02 13:05:00,67.13,67.135,67.13,67.135,2
2026-01-02 13:06:00,67.15,67.23,67.15,67.1601,5
2026-01-02 13:07:00,67.1601,67.1601,67.1601,67.1601,0
2026-01-02 13:08:00,67.2799,67.2799,67.2799,67.2799,10
2026-01-02 13:09:00,67.225,67.225,67.225,67.225,8
2026-01-02 13:10:00,67.28,67.28,67.18,67.26,13
2026-01-02 13:11:00,67.265,67.265,67.265,67.265,1
2026-01-02 13:12:00,67.2525,67.265,67.2525,67.265,14
2026-01-02 13:13:00,67.265,67.265,67.265,67.265,0
2026-01-02 13:14:00,67.3024,67.3024,67.3024,67.3024,1
2026-01-02 13:15:00,67.28,67.28,67.21,67.21,10
2026-01-02 13:16:00,67.26,67.29,67.26,67.29,4
2026-01-02 13:17:00,67.31,67.315,67.31,67.315,5
2026-01-02 13:18:00,67.35,67.42,67.35,67.42,5
2026-01-02 13:19:00,67.47,67.5075,67.47,67.5075,2
2026-01-02 13:20:00,67.5075,67.5075,67.5075,67.5075,0
2026-01-02 13:21:00,67.545,67.56,67.54,67.56,3
2026-01-02 13:22:00,67.58,67.63,67.58,67.63,7
2026-01-02 13:23:00,67.7,67.7,67.49,67.49,20
2026-01-02 13:24:00,67.43,67.43,67.42,67.42,2
2026-01-02 13:25:00,67.51,67.51,67.41,67.51,17
2026-01-02 13:26:00,67.4,67.4,67.3665,67.3665,30
2026-01-02 13:27:00,67.35,67.45,67.35,67.42,8
2026-01-02 13:28:00,67.42,67.42,67.42,67.42,0
2026-01-02 13:29:00,67.4,67.44,67.4,67.44,3
2026-01-02 13:30:00,67.34,67.34,67.29,67.29,16
2026-01-02 13:31:00,67.39,67.39,67.335,67.335,6
2026-01-02 13:32:00,67.27,67.27,67.27,67.27,1
2026-01-02 13:33:00,67.27,67.27,67.27,67.27,0
2026-01-02 13:34:00,67.375,67.375,67.26,67.26,5
2026-01-02 13:35:00,67.21,67.21,67.2,67.2,6
2026-01-02 13:36:00,67.17,67.17,67.17,67.17,1
2026-01-02 13:37:00,67.26,67.265,67.26,67.265,3
2026-01-02 13:38:00,67.265,67.36,67.265,67.36,4
2026-01-02 13:39:00,67.35,67.35,67.35,67.35,3
2026-01-02 13:40:00,67.35,67.35,67.32,67.32,3
2026-01-02 13:41:00,67.26,67.26,67.26,67.26,1
2026-01-02 13:42:00,67.27,67.27,67.26,67.26,5
2026-01-02 13:43:00,67.27,67.27,67.27,67.27,1
2026-01-02 13:44:00,67.27,67.29,67.26,67.29,16
2026-01-02 13:45:00,67.28,67.28,67.25,67.25,3
2026-01-02 13:46:00,67.21,67.21,67.19,67.2,4
2026-01-02 13:47:00,67.2,67.2,67.2,67.2,0
2026-01-02 13:48:00,67.23,67.23,67.2,67.2,2
2026-01-02 13:49:00,67.15,67.15,67.13,67.13,6
2026-01-02 13:50:00,67.085,67.085,67.085,67.085,1
2026-01-02 13:51:00,67.03,67.03,67.03,67.03,2
2026-01-02 13:52:00,67.05,67.1899,67.05,67.17,49
2026-01-02 13:53:00,67.155,67.155,67.11,67.12,6
2026-01-02 13:54:00,67.13,67.27,67.12,67.27,16
2026-01-02 13:55:00,67.27,67.27,67.27,67.27,0
2026-01-02 13:56:00,67.3,67.3082,67.3,67.3082,4
2026-01-02 13:57:00,67.27,67.345,67.27,67.345,2
2026-01-02 13:58:00,67.345,67.345,67.345,67.345,0
2026-01-02 13:59:00,67.26,67.26,67.24,67.24,8
2026-01-02 14:00:00,67.3,67.3,67.3,67.3,1
2026-01-02 14:01:00,67.22,67.325,67.22,67.22,13
2026-01-02 14:02:00,67.27,67.325,67.22,67.325,6
2026-01-02 14:03:00,67.335,67.335,67.335,67.335,5
2026-01-02 14:04:00,67.335,67.335,67.335,67.335,0
2026-01-02 14:05:00,67.38,67.39,67.36,67.375,4
2026-01-02 14:06:00,67.3725,67.3725,67.3725,67.3725,1
2026-01-02 14:07:00,67.43,67.46,67.43,67.435,10
2026-01-02 14:08:00,67.465,67.465,67.39,67.39,6
2026-01-02 14:09:00,67.44,67.44,67.44,67.44,1
2026-01-02 14:10:00,67.44,67.44,67.44,67.44,0
2026-01-02 14:11:00,67.44,67.44,67.44,67.44,1
2026-01-02 14:12:00,67.48,67.55,67.48,67.545,29
2026-01-02 14:13:00,67.55,67.55,67.55,67.55,1
2026-01-02 14:14:00,67.55,67.6247,67.48,67.6247,19
2026-01-02 14:15:00,67.49,67.555,67.41,67.46,25
2026-01-02 14:16:00,67.48,67.4801,67.471,67.471,5
2026-01-02 14:17:00,67.44,67.44,67.44,67.44,2
2026-01-02 14:18:00,67.475,67.475,67.475,67.475,1
2026-01-02 14:19:00,67.48,67.52,67.42,67.42,16
2026-01-02 14:20:00,67.5,67.5,67.25,67.31,76
2026-01-02 14:21:00,67.33,67.67,67.33,67.38,97
2026-01-02 14:22:00,67.36,67.37,67.36,67.37,2
2026-01-02 14:23:00,67.38,67.38,67.34,67.34,7
2026-01-02 14:24:00,67.33,67.425,67.33,67.425,2
2026-01-02 14:25:00,67.43,67.43,67.43,67.43,2
2026-01-02 14:26:00,67.5,67.5,67.46,67.46,3
2026-01-02 14:27:00,67.46,67.46,67.46,67.46,0
2026-01-02 14:28:00,67.47,67.5,67.445,67.47,22
2026-01-02 14:29:00,67.55,67.55,67.48,67.48,2
2026-01-02 14:30:00,67.53,67.59,67.53,67.57,9
2026-01-02 14:31:00,67.605,67.605,67.605,67.605,3
2026-01-02 14:32:00,67.61,67.675,67.61,67.675,5
2026-01-02 14:33:00,67.72,67.8,67.72,67.8,3
2026-01-02 14:34:00,67.805,67.805,67.76,67.77,10
2026-01-02 14:35:00,67.74,67.74,67.58,67.58,20
2026-01-02 14:36:00,67.58,67.58,67.58,67.58,0
2026-01-02 14:37:00,67.595,67.595,67.595,67.595,2
2026-01-02 14:38:00,67.6,67.6,67.6,67.6,1
2026-01-02 14:39:00,67.62,67.62,67.62,67.62,1
2026-01-02 14:40:00,67.57,67.61,67.56,67.565,5
2026-01-02 14:41:00,67.6,67.62,67.59,67.62,5
2026-01-02 14:42:00,67.62,67.8,67.615,67.76,32
2026-01-02 14:43:00,67.795,67.8,67.78,67.8,4
2026-01-02 14:44:00,67.79,67.84,67.755,67.84,29
2026-01-02 14:45:00,67.84,67.91,67.84,67.8775,8
2026-01-02 14:46:00,67.92,67.92,67.83,67.905,17
2026-01-02 14:47:00,68.0,68.0,68.0,68.0,1
2026-01-02 14:48:00,67.915,67.915,67.915,67.915,2
2026-01-02 14:49:00,67.9157,67.9157,67.915,67.915,7
2026-01-02 14:50:00,67.96,68.0,67.95,67.97,21
2026-01-02 14:51:00,68.01,68.01,67.94,67.985,8
2026-01-02 14:52:00,67.9788,67.985,67.925,67.925,8
2026-01-02 14:53:00,67.905,67.905,67.905,67.905,3
2026-01-02 14:54:00,67.88,67.91,67.88,67.91,11
2026-01-02 14:55:00,67.94,67.955,67.94,67.955,10
2026-01-02 14:56:00,67.97,68.08,67.97,68.08,26
2026-01-02 14:57:00,68.05,68.13,67.99,68.12,40
2026-01-02 14:58:00,68.15,68.24,68.15,68.21,24
2026-01-02 14:59:00,68.245,68.245,68.21,68.21,11
2026-01-02 15:00:00,68.18,68.19,68.09,68.09,49
2026-01-02 15:01:00,68.08,68.15,68.01,68.01,23
2026-01-02 15:02:00,68.01,68.06,67.96,68.055,65
2026-01-02 15:03:00,68.1,68.14,67.75,67.82,329
2026-01-02 15:04:00,67.85,68.055,67.69,67.74,103
2026-01-02 15:05:00,67.77,67.94,67.76,67.94,30
2026-01-02 15:06:00,67.94,67.945,67.91,67.945,5
2026-01-02 15:07:00,67.84,67.895,67.83,67.895,3
2026-01-02 15:08:00,67.895,67.895,67.895,67.895,0
2026-01-02 15:09:00,67.895,67.895,67.895,67.895,0
2026-01-02 15:10:00,68.0,68.0,68.0,68.0,2
2026-01-02 15:11:00,68.025,68.025,68.025,68.025,1
2026-01-02 15:12:00,67.99,68.01,67.92,67.92,31
2026-01-02 15:13:00,67.95,67.97,67.95,67.97,3
2026-01-02 15:14:00,67.98,68.01,67.98,68.01,5
2026-01-02 15:15:00,68.0252,68.06,67.96,67.96,11
2026-01-02 15:16:00,67.93,67.985,67.885,67.895,19
2026-01-02 15:17:00,67.87,67.91,67.87,67.91,4
2026-01-02 15:18:00,67.915,67.95,67.79,67.93,65
2026-01-02 15:19:00,67.94,67.94,67.86,67.91,27
2026-01-02 15:20:00,67.91,68.0,67.91,68.0,33
2026-01-02 15:21:00,68.01,68.01,67.975,67.975,7
2026-01-02 15:22:00,67.98,68.0,67.95,67.99,37
2026-01-02 15:23:00,67.98,67.98,67.9658,67.9658,3
2026-01-02 15:24:00,67.98,68.16,67.83,68.135,55
2026-01-02 15:25:00,68.08,68.08,68.01,68.01,6
2026-01-02 15:26:00,67.99,67.99,67.89,67.89,17
2026-01-02 15:27:00,67.885,67.885,67.83,67.83,20
2026-01-02 15:28:00,67.81,67.81,67.81,67.81,2
2026-01-02 15:29:00,67.79,67.81,67.77,67.7925,24
2026-01-02 15:30:00,67.76,67.76,67.62,67.67,31
2026-01-02 15:31:00,67.69,67.71,67.69,67.71,8
2026-01-02 15:32:00,67.71,67.71,67.71,67.71,4
2026-01-02 15:33:00,67.71,67.71,67.71,67.71,1
2026-01-02 15:34:00,67.705,67.705,67.61,67.64,21
2026-01-02 15:35:00,67.6119,67.635,67.61,67.635,5
2026-01-02 15:36:00,67.635,67.635,67.61,67.61,4
2026-01-02 15:37:00,67.6292,67.6292,67.56,67.56,5
2026-01-02 15:38:00,67.57,67.6,67.57,67.59,20
2026-01-02 15:39:00,67.625,67.625,67.625,67.625,3
2026-01-02 15:40:00,67.67,67.67,67.59,67.59,10
2026-01-02 15:41:00,67.59,67.59,67.59,67.59,0
2026-01-02 15:42:00,67.6898,67.745,67.6538,67.6538,5
2026-01-02 15:43:00,67.7,67.7,67.65,67.66,26
2026-01-02 15:44:00,67.63,67.64,67.53,67.57,19
2026-01-02 15:45:00,67.55,67.55,67.54,67.54,5
2026-01-02 15:46:00,67.51,67.657,67.5,67.657,20
2026-01-02 15:47:00,67.6,67.615,67.6,67.6,4
2026-01-02 15:48:00,67.6,67.6,67.6,67.6,0
2026-01-02 15:49:00,67.62,67.63,67.605,67.615,19
2026-01-02 15:50:00,67.59,67.71,67.58,67.7,23
2026-01-02 15:51:00,67.78,67.83,67.765,67.82,14
2026-01-02 15:52:00,67.81,67.81,67.6705,67.6705,28
2026-01-02 15:53:00,67.71,67.71,67.66,67.665,25
2026-01-02 15:54:00,67.67,67.68,67.62,67.62,21
2026-01-02 15:55:00,67.63,67.715,67.61,67.6627,76
2026-01-02 15:56:00,67.64,67.65,67.61,67.63,41
2026-01-02 15:57:00,67.63,67.72,67.62,67.7,92
2026-01-02 15:58:00,67.705,67.72,67.68,67.7,98
2026-01-02 15:59:00,67.69,67.82,67.69,67.82,114
2026-01-05 09:30:00,67.95,68.295,66.595,66.595,297
2026-01-05 09:31:00,66.87,66.87,64.9,65.7265,95
2026-01-05 09:32:00,65.5,66.12,65.115,65.94,192
2026-01-05 09:33:00,65.77,65.77,64.0,64.5,142
2026-01-05 09:34:00,65.0,65.0,63.91,63.93,99
2026-01-05 09:35:00,64.135,64.33,63.8,63.945,153
2026-01-05 09:36:00,64.1235,65.26,64.0,64.91,170
2026-01-05 09:37:00,64.53,64.9,64.47,64.64,23
2026-01-05 09:38:00,64.82,64.9,64.08,64.23,82
2026-01-05 09:39:00,64.24,64.46,64.15,64.3,92
2026-01-05 09:40:00,64.46,65.42,64.42,65.0,47
2026-01-05 09:41:00,65.07,65.07,64.3,64.42,33
2026-01-05 09:42:00,65.07,65.07,64.28,64.585,24
2026-01-05 09:43:00,64.5,64.5,64.19,64.21,61
2026-01-05 09:44:00,64.2,64.3725,63.53,63.6982,344
2026-01-05 09:45:00,63.69,63.71,63.23,63.35,154
2026-01-05 09:46:00,63.4444,64.36,63.4444,64.26,90
2026-01-05 09:47:00,64.0,64.17,63.605,63.9208,72
2026-01-05 09:48:00,63.86,63.86,62.5,62.985,130
2026-01-05 09:49:00,63.055,63.245,62.73,63.245,77
2026-01-05 09:50:00,63.2,63.25,62.73,62.73,71
2026-01-05 09:51:00,62.64,62.715,62.375,62.715,85
2026-01-05 09:52:00,62.86,62.94,62.6201,62.78,49
2026-01-05 09:53:00,62.635,62.93,62.635,62.93,37
2026-01-05 09:54:00,62.75,63.336,62.75,63.065,160
2026-01-05 09:55:00,63.05,63.1,62.31,62.31,71
2026-01-05 09:56:00,62.57,62.57,62.42,62.42,28
2026-01-05 09:57:00,62.4315,62.47,62.02,62.15,143
2026-01-05 09:58:00,62.275,62.34,62.02,62.19,145
2026-01-05 09:59:00,62.02,62.34,62.02,62.126,25
2026-01-05 10:00:00,62.12,62.23,61.87,61.9,284
2026-01-05 10:01:00,62.02,62.37,61.87,62.36,245
2026-01-05 10:02:00,62.22,62.33,62.08,62.08,178
2026-01-05 10:03:00,62.07,62.308,61.81,62.3,156
2026-01-05 10:04:00,62.105,62.33,62.0001,62.0356,202
2026-01-05 10:05:00,62.1999,62.22,62.0,62.04,162
2026-01-05 10:06:00,62.04,62.07,61.9,62.035,82
2026-01-05 10:07:00,61.95,62.18,61.9,61.9,97
2026-01-05 10:08:00,61.87,61.96,61.6,61.77,65
2026-01-05 10:09:00,61.765,61.765,61.3389,61.4,92
2026-01-05 10:10:00,61.2043,61.55,61.2043,61.435,47
2026-01-05 10:11:00,61.3979,61.63,61.2964,61.41,79
2026-01-05 10:12:00,61.318,61.64,61.31,61.51,59
2026-01-05 10:13:00,61.4,61.63,61.375,61.575,76
2026-01-05 10:14:00,61.57,61.59,61.265,61.265,57
2026-01-05 10:15:00,61.25,61.43,61.0,61.34,137
2026-01-05 10:16:00,61.285,61.29,61.175,61.175,63
2026-01-05 10:17:00,61.175,61.32,61.175,61.239,36
2026-01-05 10:18:00,61.19,61.19,61.1,61.1,25
2026-01-05 10:19:00,61.085,61.09,61.02,61.05,68
2026-01-05 10:20:00,61.1,61.29,61.1,61.185,39
2026-01-05 10:21:00,61.28,61.38,61.2103,61.3001,44
2026-01-05 10:22:00,61.34,61.38,61.24,61.25,42
2026-01-05 10:23:00,61.24,61.24,61.1,61.17,52
2026-01-05 10:24:00,61.18,61.2419,61.145,61.2419,41
2026-01-05 10:25:00,61.1737,61.2499,61.17,61.2499,4
2026-01-05 10:26:00,61.185,61.23,61.16,61.23,14
2026-01-05 10:27:00,61.19,61.2502,61.19,61.195,8
2026-01-05 10:28:00,61.13,61.25,61.09,61.25,43
2026-01-05 10:29:00,61.21,61.2417,61.15,61.185,15
2026-01-05 10:30:00,61.1925,61.1925,61.02,61.04,15
2026-01-05 10:31:00,61.04,61.05,61.02,61.025,25
2026-01-05 10:32:00,61.0299,61.0299,60.7717,60.95,118
2026-01-05 10:33:00,60.99,61.03,60.62,60.96,117
2026-01-05 10:34:00,60.83,61.29,60.83,60.99,107
2026-01-05 10:35:00,61.3733,61.3733,61.0,61.17,21
2026-01-05 10:36:00,61.11,61.25,61.11,61.25,17
2026-01-05 10:37:00,61.17,61.4328,61.17,61.36,13
2026-01-05 10:38:00,61.42,61.5125,61.41,61.41,9
2026-01-05 10:39:00,61.44,61.44,61.18,61.25,32
2026-01-05 10:40:00,61.225,61.28,61.135,61.225,23
2026-01-05 10:41:00,61.3413,61.3413,61.12,61.16,30
2026-01-05 10:42:00,61.11,61.2,61.105,61.19,17
2026-01-05 10:43:00,61.22,61.41,61.17,61.41,47
2026-01-05 10:44:00,61.385,61.5562,61.385,61.47,8
2026-01-05 10:45:00,61.47,61.59,61.3077,61.3077,72
2026-01-05 10:46:00,61.4326,61.8759,61.38,61.8759,22
2026-01-05 10:47:00,61.815,62.16,61.815,62.16,68
2026-01-05 10:48:00,62.05,62.1671,62.05,62.1,37
2026-01-05 10:49:00,61.99,62.1099,61.85,62.0711,20
2026-01-05 10:50:00,61.895,62.0711,61.76,61.76,34
2026-01-05 10:51:00,61.7,61.84,61.59,61.8,45
2026-01-05 10:52:00,61.88,61.93,61.835,61.85,14
2026-01-05 10:53:00,61.87,62.03,61.87,61.95,28
2026-01-05 10:54:00,61.96,62.19,61.8001,62.18,119
2026-01-05 10:55:00,62.2,62.43,62.13,62.13,113
2026-01-05 10:56:00,62.2,62.31,62.18,62.31,61
2026-01-05 10:57:00,62.28,62.776,62.215,62.69,198
2026-01-05 10:58:00,62.69,62.8799,62.27,62.69,114
2026-01-05 10:59:00,62.55,62.92,62.42,62.9,191
2026-01-05 11:00:00,62.84,63.2,62.64,62.925,207
2026-01-05 11:01:00,62.93,62.96,62.715,62.715,56
2026-01-05 11:02:00,62.72,62.72,62.64,62.665,41
2026-01-05 11:03:00,62.69,62.69,62.44,62.68,31
2026-01-05 11:04:00,62.69,62.73,62.575,62.7,18
2026-01-05 11:05:00,62.7099,62.85,62.62,62.795,104
2026-01-05 11:06:00,62.91,63.1,62.91,63.01,62
2026-01-05 11:07:00,63.01,63.01,63.01,63.01,1
2026-01-05 11:08:00,63.1,63.1,62.78,62.81,58
2026-01-05 11:09:00,62.77,62.775,62.47,62.47,17
2026-01-05 11:10:00,62.58,62.7299,62.58,62.7299,5
2026-01-05 11:11:00,62.59,62.87,62.59,62.87,35
2026-01-05 11:12:00,62.835,63.545,62.835,63.5088,71
2026-01-05 11:13:00,63.48,63.57,63.33,63.33,31
2026-01-05 11:14:00,63.33,63.47,63.295,63.295,82
2026-01-05 11:15:00,63.295,63.505,63.295,63.42,42
2026-01-05 11:16:00,63.305,63.39,63.24,63.305,43
2026-01-05 11:17:00,63.37,63.5099,63.37,63.5099,17
2026-01-05 11:18:00,63.455,63.455,63.31,63.31,10
2026-01-05 11:19:00,63.23,63.316,63.225,63.225,10
2026-01-05 11:20:00,63.3,63.3199,63.1817,63.26,46
2026-01-05 11:21:00,63.2509,63.2509,63.15,63.16,14
2026-01-05 11:22:00,63.175,63.25,63.175,63.18,33
2026-01-05 11:23:00,63.2091,63.223,63.19,63.19,15
2026-01-05 11:24:00,63.19,63.21,63.105,63.14,30
2026-01-05 11:25:00,63.14,63.2088,63.11,63.2088,12
2026-01-05 11:26:00,63.1,63.1525,63.08,63.08,20
2026-01-05 11:27:00,63.08,63.21,63.0,63.15,59
2026-01-05 11:28:00,63.075,63.14,63.05,63.0825,6
2026-01-05 11:29:00,63.065,63.13,63.0,63.055,13
2026-01-05 11:30:00,63.055,63.2,63.05,63.145,51
2026-01-05 11:31:00,63.145,63.17,63.145,63.145,4
2026-01-05 11:32:00,63.145,63.2,63.1,63.15,19
2026-01-05 11:33:00,63.2,63.2,63.1,63.15,8
2026-01-05 11:34:00,63.11,63.11,62.955,62.99,30
2026-01-05 11:35:00,62.99,63.01,62.915,62.93,28
2026-01-05 11:36:00,62.895,62.895,62.7,62.71,31
2026-01-05 11:37:00,62.7,62.8,62.67,62.7,19
2026-01-05 11:38:00,62.72,62.72,62.6709,62.69,6
2026-01-05 11:39:00,62.66,62.6895,62.5,62.54,26
2026-01-05 11:40:00,62.41,62.58,62.4001,62.54,35
2026-01-05 11:41:00,62.57,62.62,62.57,62.59,20
2026-01-05 11:42:00,62.53,62.53,62.53,62.53,4
2026-01-05 11:43:00,62.63,62.665,62.53,62.54,23
2026-01-05 11:44:00,62.575,62.575,62.575,62.575,1
2026-01-05 11:45:00,62.575,62.575,62.44,62.44,8
2026-01-05 11:46:00,62.38,62.765,62.38,62.6,169
2026-01-05 11:47:00,62.66,62.7799,62.61,62.61,4
2026-01-05 11:48:00,62.625,62.625,62.47,62.47,15
2026-01-05 11:49:00,62.6768,62.6768,62.44,62.44,15
2026-01-05 11:50:00,62.51,62.51,62.44,62.45,11
2026-01-05 11:51:00,62.44,62.53,62.43,62.51,43
2026-01-05 11:52:00,62.54,62.555,62.505,62.53,28
2026-01-05 11:53:00,62.5,62.55,62.5,62.55,2
2026-01-05 11:54:00,62.51,62.51,62.451,62.46,18
2026-01-05 11:55:00,62.46,62.5099,62.41,62.45,9
2026-01-05 11:56:00,62.47,62.49,62.39,62.39,29
2026-01-05 11:57:00,62.415,62.508,62.34,62.42,8
2026-01-05 11:58:00,62.33,62.34,62.18,62.28,30
2026-01-05 11:59:00,62.285,62.49,62.285,62.48,32
2026-01-05 12:00:00,62.49,62.4998,62.3501,62.4025,16
2026-01-05 12:01:00,62.425,62.425,62.35,62.35,14
2026-01-05 12:02:00,62.285,62.45,62.28,62.42,38
2026-01-05 12:03:00,62.5325,62.71,62.51,62.63,100
2026-01-05 12:04:00,62.6,62.6,62.45,62.45,58
2026-01-05 12:05:00,62.44,62.48,62.34,62.4138,48
2026-01-05 12:06:00,62.35,62.35,62.25,62.25,18
2026-01-05 12:07:00,62.33,62.33,62.25,62.29,19
2026-01-05 12:08:00,62.29,62.29,62.225,62.23,17
2026-01-05 12:09:00,62.23,62.34,62.2101,62.2101,48
2026-01-05 12:10:00,62.21,62.41,62.21,62.39,62
2026-01-05 12:11:00,62.3065,62.39,62.3065,62.38,18
2026-01-05 12:12:00,62.41,62.505,62.385,62.505,24
2026-01-05 12:13:00,62.46,62.505,62.4,62.4,72
2026-01-05 12:14:00,62.35,62.4525,62.35,62.435,18
2026-01-05 12:15:00,62.43,62.43,62.295,62.295,16
2026-01-05 12:16:00,62.31,62.34,62.21,62.21,12
2026-01-05 12:17:00,62.22,62.255,62.22,62.22,3
2026-01-05 12:18:00,62.221,62.23,62.205,62.21,11
2026-01-05 12:19:00,62.21,62.38,62.17,62.255,63
2026-01-05 12:20:00,62.35,62.37,62.285,62.335,18
2026-01-05 12:21:00,62.35,62.35,62.31,62.345,3
2026-01-05 12:22:00,62.3244,62.345,62.31,62.345,14
2026-01-05 12:23:00,62.31,62.43,62.31,62.36,42
2026-01-05 12:24:00,62.35,62.44,62.31,62.42,47
2026-01-05 12:25:00,62.4482,62.46,62.42,62.45,10
2026-01-05 12:26:00,62.47,62.53,62.43,62.505,27
2026-01-05 12:27:00,62.54,62.73,62.54,62.73,19
2026-01-05 12:28:00,62.71,62.895,62.69,62.88,129
2026-01-05 12:29:00,62.895,62.962,62.895,62.962,36
2026-01-05 12:30:00,62.99,62.99,62.8,62.8,44
2026-01-05 12:31:00,62.79,62.86,62.7101,62.77,28
2026-01-05 12:32:00,62.82,62.82,62.73,62.73,15
2026-01-05 12:33:00,62.69,62.705,62.62,62.63,19
2026-01-05 12:34:00,62.63,62.63,62.58,62.62,27
2026-01-05 12:35:00,62.626,62.68,62.58,62.65,107
2026-01-05 12:36:00,62.635,62.82,62.635,62.75,61
2026-01-05 12:37:00,62.7,62.772,62.69,62.76,25
2026-01-05 12:38:00,62.8,62.82,62.745,62.755,57
2026-01-05 12:39:00,62.82,62.82,62.79,62.79,7
2026-01-05 12:40:00,62.865,62.865,62.78,62.78,5
2026-01-05 12:41:00,62.83,62.83,62.74,62.75,27
2026-01-05 12:42:00,62.73,62.73,62.61,62.7,31
2026-01-05 12:43:00,62.74,62.905,62.74,62.86,94
2026-01-05 12:44:00,62.75,62.765,62.69,62.765,12
2026-01-05 12:45:00,62.7253,62.7253,62.63,62.63,26
2026-01-05 12:46:00,62.585,62.728,62.585,62.715,19
2026-01-05 12:47:00,62.715,62.86,62.702,62.86,24
2026-01-05 12:48:00,62.82,62.82,62.81,62.82,6
2026-01-05 12:49:00,62.82,62.8975,62.81,62.885,14
2026-01-05 12:50:00,62.931,62.99,62.8875,62.92,31
2026-01-05 12:51:00,62.905,62.905,62.905,62.905,8
2026-01-05 12:52:00,62.85,62.98,62.85,62.9475,24
2026-01-05 12:53:00,62.93,62.9301,62.9,62.9,28
2026-01-05 12:54:00,62.925,62.925,62.84,62.84,13
2026-01-05 12:55:00,62.8,62.85,62.775,62.805,30
2026-01-05 12:56:00,62.805,62.805,62.76,62.76,3
2026-01-05 12:57:00,62.805,62.9235,62.76,62.9235,38
2026-01-05 12:58:00,62.905,62.905,62.64,62.64,17
2026-01-05 12:59:00,62.62,62.75,62.61,62.74,20
2026-01-05 13:00:00,62.77,62.77,62.72,62.72,3
2026-01-05 13:01:00,62.72,62.89,62.71,62.89,56
2026-01-05 13:02:00,62.88,62.88,62.86,62.86,12
2026-01-05 13:03:00,62.9169,62.9169,62.875,62.9,6
2026-01-05 13:04:00,62.87,62.9,62.665,62.665,66
2026-01-05 13:05:00,62.67,62.69,62.63,62.69,13
2026-01-05 13:06:00,62.72,62.81,62.72,62.81,42
2026-01-05 13:07:00,62.825,62.825,62.77,62.77,13
2026-01-05 13:08:00,62.75,62.78,62.69,62.78,19
2026-01-05 13:09:00,62.78,62.78,62.765,62.765,3
2026-01-05 13:10:00,62.7653,62.7653,62.7653,62.7653,7
2026-01-05 13:11:00,62.78,62.8631,62.78,62.8631,27
2026-01-05 13:12:00,62.87,62.88,62.86,62.86,12
2026-01-05 13:13:00,62.87,62.96,62.87,62.94,11
2026-01-05 13:14:00,62.93,63.0,62.93,63.0,17
2026-01-05 13:15:00,63.03,63.135,63.03,63.09,23
2026-01-05 13:16:00,63.09,63.11,63.07,63.07,9
2026-01-05 13:17:00,63.0805,63.1,63.07,63.07,23
2026-01-05 13:18:00,63.065,63.065,63.065,63.065,1
2026-01-05 13:19:00,63.065,63.065,63.065,63.065,0
2026-01-05 13:20:00,63.1,63.11,63.1,63.1,6
2026-01-05 13:21:00,63.11,63.185,63.11,63.11,23
2026-01-05 13:22:00,63.13,63.135,63.13,63.1341,7
2026-01-05 13:23:00,63.12,63.14,63.12,63.14,3
2026-01-05 13:24:00,63.12,63.14,63.12,63.12,21
2026-01-05 13:25:00,63.14,63.17,63.1,63.105,27
2026-01-05 13:26:00,63.12,63.14,63.085,63.1,11
2026-01-05 13:27:00,63.09,63.16,63.09,63.155,13
2026-01-05 13:28:00,63.15,63.2,63.15,63.17,4
2026-01-05 13:29:00,63.19,63.19,63.15,63.15,9
2026-01-05 13:30:00,63.13,63.14,63.1001,63.1001,13
2026-01-05 13:31:00,63.1,63.1,62.94,62.94,18
2026-01-05 13:32:00,62.95,62.99,62.94,62.9825,20
2026-01-05 13:33:00,62.98,62.98,62.975,62.975,3
2026-01-05 13:34:00,62.975,62.975,62.94,62.95,14
2026-01-05 13:35:00,62.97,62.99,62.93,62.965,22
2026-01-05 13:36:00,62.95,62.965,62.86,62.89,22
2026-01-05 13:37:00,62.89,62.89,62.89,62.89,1
2026-01-05 13:38:00,62.89,62.89,62.89,62.89,0
2026-01-05 13:39:00,62.85,62.85,62.79,62.79,37
2026-01-05 13:40:00,62.76,62.85,62.755,62.8,12
2026-01-05 13:41:00,62.85,62.91,62.85,62.91,4
2026-01-05 13:42:00,62.915,63.005,62.915,63.005,27
2026-01-05 13:43:00,63.005,63.01,62.925,62.93,10
2026-01-05 13:44:00,62.87,62.905,62.83,62.905,13
2026-01-05 13:45:00,62.86,62.86,62.82,62.85,12
2026-01-05 13:46:00,62.845,62.86,62.785,62.86,23
2026-01-05 13:47:00,62.835,62.835,62.8,62.8,6
2026-01-05 13:48:00,62.79,62.81,62.75,62.75,13
2026-01-05 13:49:00,62.75,62.77,62.73,62.73,17
2026-01-05 13:50:00,62.78,62.88,62.77,62.87,56
2026-01-05 13:51:00,62.85,62.97,62.85,62.91,15
2026-01-05 13:52:00,62.91,62.91,62.91,62.91,0
2026-01-05 13:53:00,62.89,62.92,62.78,62.88,48
2026-01-05 13:54:00,62.965,62.97,62.9275,62.9275,4
2026-01-05 13:55:00,62.9275,62.9275,62.9275,62.9275,0
2026-01-05 13:56:00,63.03,63.03,62.91,62.91,8
2026-01-05 13:57:00,62.9,62.91,62.9,62.91,3
2026-01-05 13:58:00,62.91,62.91,62.91,62.91,0
2026-01-05 13:59:00,62.9725,62.985,62.935,62.985,15
2026-01-05 14:00:00,62.99,62.99,62.99,62.99,4
2026-01-05 14:01:00,62.99,62.99,62.99,62.99,1
2026-01-05 14:02:00,62.96,62.995,62.9501,62.9501,5
2026-01-05 14:03:00,63.0,63.0,63.0,63.0,1
2026-01-05 14:04:00,63.0,63.0283,62.89,62.91,46
2026-01-05 14:05:00,62.95,63.16,62.935,63.16,58
2026-01-05 14:06:00,63.19,63.19,63.135,63.135,8
2026-01-05 14:07:00,63.135,63.135,63.035,63.05,16
2026-01-05 14:08:00,63.07,63.1,63.06,63.1,9
2026-01-05 14:09:00,63.1,63.24,63.08,63.195,44
2026-01-05 14:10:00,63.13,63.185,63.01,63.07,43
2026-01-05 14:11:00,63.06,63.06,63.04,63.04,2
2026-01-05 14:12:00,63.075,63.075,63.03,63.035,6
2026-01-05 14:13:00,63.04,63.05,63.04,63.05,19
2026-01-05 14:14:00,63.06,63.06,62.88,63.0,16
2026-01-05 14:15:00,62.935,63.01,62.935,62.95,13
2026-01-05 14:16:00,63.0,63.0,62.97,62.99,13
2026-01-05 14:17:00,62.94,62.95,62.92,62.92,11
2026-01-05 14:18:00,62.84,62.8495,62.84,62.8495,6
2026-01-05 14:19:00,62.8386,62.88,62.8,62.88,10
2026-01-05 14:20:00,62.87,62.88,62.87,62.88,2
2026-01-05 14:21:00,62.86,62.91,62.86,62.885,9
2026-01-05 14:22:00,62.85,62.89,62.85,62.8612,19
2026-01-05 14:23:00,62.87,62.95,62.87,62.95,25
2026-01-05 14:24:00,62.97,62.995,62.97,62.98,10
2026-01-05 14:25:00,62.96,62.96,62.95,62.95,13
2026-01-05 14:26:00,62.94,62.94,62.8,62.8,34
2026-01-05 14:27:00,62.81,62.92,62.81,62.92,11
2026-01-05 14:28:00,62.875,62.95,62.875,62.91,17
2026-01-05 14:29:00,62.97,63.05,62.96,63.0,24
2026-01-05 14:30:00,63.02,63.215,62.97,63.09,25
2026-01-05 14:31:00,63.165,63.2,63.165,63.2,8
2026-01-05 14:32:00,63.12,63.13,62.99,62.995,40
2026-01-05 14:33:00,62.99,63.19,62.99,63.19,34
2026-01-05 14:34:00,63.19,63.19,63.19,63.19,0
2026-01-05 14:35:00,63.245,63.28,63.17,63.17,10
2026-01-05 14:36:00,63.16,63.294,63.16,63.24,25
2026-01-05 14:37:00,63.17,63.17,63.09,63.15,19
2026-01-05 14:38:00,63.085,63.125,63.085,63.125,2
2026-01-05 14:39:00,63.125,63.25,63.1,63.245,50
2026-01-05 14:40:00,63.2,63.24,63.19,63.23,12
2026-01-05 14:41:00,63.2305,63.28,63.2305,63.26,8
2026-01-05 14:42:00,63.21,63.21,63.1375,63.145,19
2026-01-05 14:43:00,63.17,63.21,63.17,63.19,6
2026-01-05 14:44:00,63.17,63.255,63.17,63.255,8
2026-01-05 14:45:00,63.21,63.21,63.21,63.21,6
2026-01-05 14:46:00,63.215,63.25,63.19,63.24,37
2026-01-05 14:47:00,63.235,63.38,63.235,63.33,38
2026-01-05 14:48:00,63.355,63.4512,63.355,63.39,10
2026-01-05 14:49:00,63.37,63.37,63.35,63.35,2
2026-01-05 14:50:00,63.35,63.41,63.35,63.3597,18
2026-01-05 14:51:00,63.385,63.53,63.385,63.53,26
2026-01-05 14:52:00,63.53,63.53,63.44,63.475,74
2026-01-05 14:53:00,63.48,63.49,63.48,63.48,8
2026-01-05 14:54:00,63.53,63.58,63.53,63.55,16
2026-01-05 14:55:00,63.59,63.665,63.59,63.665,17
2026-01-05 14:56:00,63.62,63.805,63.62,63.76,60
2026-01-05 14:57:00,63.765,63.78,63.69,63.7,21
2026-01-05 14:58:00,63.68,63.72,63.605,63.705,49
2026-01-05 14:59:00,63.75,63.83,63.71,63.785,15
2026-01-05 15:00:00,63.8,63.8,63.8,63.8,3
2026-01-05 15:01:00,63.8,63.8,63.75,63.8,10
2026-01-05 15:02:00,63.8,63.8,63.74,63.77,26
2026-01-05 15:03:00,63.735,63.74,63.7,63.705,25
2026-01-05 15:04:00,63.705,63.705,63.69,63.705,11
2026-01-05 15:05:00,63.705,63.87,63.705,63.84,39
2026-01-05 15:06:00,63.885,63.98,63.85,63.93,35
2026-01-05 15:07:00,63.93,63.98,63.8,63.93,100
2026-01-05 15:08:00,63.95,64.09,63.94,64.09,103
2026-01-05 15:09:00,64.12,64.13,64.11,64.12,4
2026-01-05 15:10:00,64.15,64.515,64.07,64.33,195
2026-01-05 15:11:00,64.33,64.33,64.25,64.25,129
2026-01-05 15:12:00,64.265,64.265,64.265,64.265,5
2026-01-05 15:13:00,64.265,64.265,64.255,64.255,5
2026-01-05 15:14:00,64.255,64.26,64.11,64.23,165
2026-01-05 15:15:00,64.25,64.28,64.16,64.165,21
2026-01-05 15:16:00,64.15,64.15,63.95,64.04,50
2026-01-05 15:17:00,64.06,64.1,63.985,63.985,67
2026-01-05 15:18:00,63.975,63.98,63.83,63.92,19
2026-01-05 15:19:00,63.92,63.96,63.905,63.91,17
2026-01-05 15:20:00,63.905,63.96,63.835,63.9188,73
2026-01-05 15:21:00,63.83,63.83,63.795,63.8,17
2026-01-05 15:22:00,63.8,63.84,63.8,63.83,32
2026-01-05 15:23:00,63.835,63.84,63.73,63.81,41
2026-01-05 15:24:00,63.81,63.84,63.73,63.73,19
2026-01-05 15:25:00,63.73,63.83,63.73,63.79,14
2026-01-05 15:26:00,63.775,63.87,63.77,63.77,54
2026-01-05 15:27:00,63.825,63.89,63.825,63.89,11
2026-01-05 15:28:00,63.86,63.89,63.86,63.88,5
2026-01-05 15:29:00,63.85,63.88,63.84,63.845,16
2026-01-05 15:30:00,63.85,63.85,63.8,63.8,36
2026-01-05 15:31:00,63.82,63.93,63.81,63.83,60
2026-01-05 15:32:00,63.83,64.255,63.83,64.255,97
2026-01-05 15:33:00,64.2,64.28,64.17,64.225,16
2026-01-05 15:34:00,64.18,64.26,64.17,64.21,12
2026-01-05 15:35:00,64.21,64.21,64.1,64.17,84
2026-01-05 15:36:00,64.2,64.29,63.955,63.955,132
2026-01-05 15:37:00,63.965,64.16,63.9,64.16,110
2026-01-05 15:38:00,64.19,64.2,63.87,63.93,109
2026-01-05 15:39:00,63.93,64.05,63.91,63.975,87
2026-01-05 15:40:00,63.975,64.06,63.975,64.03,38
2026-01-05 15:41:00,63.99,63.995,63.7201,63.745,75
2026-01-05 15:42:00,63.7201,63.79,63.6,63.61,84
2026-01-05 15:43:00,63.6098,63.73,63.57,63.73,89
2026-01-05 15:44:00,63.7,63.79,63.685,63.76,61
2026-01-05 15:45:00,63.74,63.8,63.56,63.56,46
2026-01-05 15:46:00,63.5,63.5,63.34,63.36,47
2026-01-05 15:47:00,63.34,63.46,63.33,63.41,78
2026-01-05 15:48:00,63.41,63.6548,63.41,63.6548,132
2026-01-05 15:49:00,63.685,63.78,63.61,63.78,39
2026-01-05 15:50:00,63.73,63.73,63.455,63.71,175
2026-01-05 15:51:00,63.66,63.715,63.66,63.69,71
2026-01-05 15:52:00,63.69,63.765,63.57,63.58,159
2026-01-05 15:53:00,63.555,63.655,63.55,63.645,102
2026-01-05 15:54:00,63.645,63.84,63.645,63.805,86
2026-01-05 15:55:00,63.78,63.84,63.53,63.745,225
2026-01-05 15:56:00,63.77,64.04,63.77,64.02,90
2026-01-05 15:57:00,64.02,64.02,63.91,63.98,139
2026-01-05 15:58:00,63.94,64.16,63.94,64.11,174
2026-01-05 15:59:00,64.11,64.16,63.87,63.875,372
2026-01-06 09:30:00,72.065,73.7,70.641,72.265,2227
2026-01-06 09:31:00,72.265,74.54,71.6293,74.1229,993
2026-01-06 09:32:00,74.52,76.76,74.29,75.0,1368
2026-01-06 09:33:00,75.04,76.26,74.13,75.04,662
2026-01-06 09:34:00,75.12,75.59,74.97,74.98,326
2026-01-06 09:35:00,75.1904,75.1904,72.31,73.37,679
2026-01-06 09:36:00,73.6,74.77,73.24,73.955,522
2026-01-06 09:37:00,73.955,74.31,73.0,73.32,414
2026-01-06 09:38:00,73.595,74.0197,73.32,73.77,304
2026-01-06 09:39:00,73.77,73.8986,73.23,73.43,200
2026-01-06 09:40:00,73.37,74.0,72.8,73.7,897
2026-01-06 09:41:00,73.97,74.6099,73.61,74.2851,148
2026-01-06 09:42:00,74.33,74.93,74.325,74.82,1284
2026-01-06 09:43:00,74.83,75.52,74.82,75.3561,320
2026-01-06 09:44:00,75.29,75.4,74.91,74.91,240
2026-01-06 09:45:00,74.91,75.3,74.3426,74.81,220
2026-01-06 09:46:00,75.0,75.04,74.55,74.65,93
2026-01-06 09:47:00,74.51,74.695,73.5919,74.03,207
2026-01-06 09:48:00,73.89,74.195,73.055,73.55,67
2026-01-06 09:49:00,73.5,74.413,73.5,74.2499,101
2026-01-06 09:50:00,73.55,74.6581,73.55,74.23,167
2026-01-06 09:51:00,73.82,74.599,73.65,73.76,58
2026-01-06 09:52:00,73.76,74.02,73.49,73.93,102
2026-01-06 09:53:00,73.98,74.44,73.98,74.31,44
2026-01-06 09:54:00,74.46,74.76,74.2701,74.565,206
2026-01-06 09:55:00,74.685,75.15,74.6201,74.9632,290
2026-01-06 09:56:00,74.6663,75.0,74.57,74.67,233
2026-01-06 09:57:00,74.7,74.91,74.343,74.47,110
2026-01-06 09:58:00,74.6,74.98,74.4101,74.98,68
2026-01-06 09:59:00,74.98,75.18,74.47,75.0,414
2026-01-06 10:00:00,74.965,75.5,74.78,75.33,659
2026-01-06 10:01:00,75.3653,75.53,75.0,75.0477,115
2026-01-06 10:02:00,75.01,75.17,74.9,75.07,270
2026-01-06 10:03:00,75.0912,75.3,74.86,75.3,123
2026-01-06 10:04:00,75.15,75.5,75.0,75.15,344
2026-01-06 10:05:00,75.16,75.4699,75.0,75.33,230
2026-01-06 10:06:00,75.33,75.8,75.33,75.65,320
2026-01-06 10:07:00,75.74,76.22,75.61,76.025,417
2026-01-06 10:08:00,75.9301,76.32,75.7,75.86,387
2026-01-06 10:09:00,75.99,76.02,75.32,75.48,380
2026-01-06 10:10:00,75.48,75.75,75.0,75.0598,209
2026-01-06 10:11:00,75.19,75.51,75.19,75.39,88
2026-01-06 10:12:00,75.3,75.55,75.3,75.37,100
2026-01-06 10:13:00,75.46,75.46,74.97,75.26,158
2026-01-06 10:14:00,75.31,75.39,75.195,75.3,42
2026-01-06 10:15:00,75.26,75.35,75.11,75.1152,71
2026-01-06 10:16:00,75.12,75.31,74.98,75.3,135
2026-01-06 10:17:00,75.39,75.4,74.98,75.01,39
2026-01-06 10:18:00,75.0464,75.4299,75.0,75.4299,112
2026-01-06 10:19:00,75.2,75.43,75.17,75.18,90
2026-01-06 10:20:00,75.18,75.18,75.0,75.011,43
2026-01-06 10:21:00,75.0794,75.0794,74.67,74.77,1008
2026-01-06 10:22:00,74.8014,75.39,74.54,75.09,522
2026-01-06 10:23:00,75.18,75.2601,75.01,75.2,140
2026-01-06 10:24:00,75.117,75.43,75.117,75.266,93
2026-01-06 10:25:00,75.33,75.35,75.05,75.155,58
2026-01-06 10:26:00,75.155,75.25,74.96,75.0,211
2026-01-06 10:27:00,75.0,75.17,74.9612,75.16,51
2026-01-06 10:28:00,75.16,75.31,75.12,75.28,60
2026-01-06 10:29:00,75.27,75.27,75.03,75.09,143
2026-01-06 10:30:00,75.09,75.25,74.9501,75.07,215
2026-01-06 10:31:00,75.01,75.0625,74.81,74.83,106
2026-01-06 10:32:00,74.76,74.76,74.48,74.585,219
2026-01-06 10:33:00,74.58,74.89,74.58,74.81,143
2026-01-06 10:34:00,74.8082,74.87,74.63,74.645,67
2026-01-06 10:35:00,74.6026,74.9,74.54,74.875,385
2026-01-06 10:36:00,74.93,74.97,74.86,74.94,25
2026-01-06 10:37:00,74.98,75.095,74.88,74.91,109
2026-01-06 10:38:00,74.94,75.35,74.94,75.35,174
2026-01-06 10:39:00,75.46,75.46,75.25,75.3496,72
2026-01-06 10:40:00,75.37,75.37,75.09,75.263,151
2026-01-06 10:41:00,75.27,75.27,75.12,75.183,140
2026-01-06 10:42:00,75.12,75.205,74.9061,75.205,77
2026-01-06 10:43:00,75.12,75.31,75.08,75.15,117
2026-01-06 10:44:00,75.15,75.206,75.07,75.13,95
2026-01-06 10:45:00,75.13,75.34,75.05,75.34,78
2026-01-06 10:46:00,75.23,75.46,75.23,75.42,31
2026-01-06 10:47:00,75.19,75.53,75.19,75.49,171
2026-01-06 10:48:00,75.56,75.99,75.56,75.91,179
2026-01-06 10:49:00,75.99,76.0946,75.85,75.89,122
2026-01-06 10:50:00,76.01,76.01,75.46,75.48,411
2026-01-06 10:51:00,75.54,75.7413,75.37,75.7413,60
2026-01-06 10:52:00,75.6233,75.7285,75.52,75.53,23
2026-01-06 10:53:00,75.5865,75.625,75.5,75.54,117
2026-01-06 10:54:00,75.535,75.575,75.04,75.2,140
2026-01-06 10:55:00,75.2899,75.3,75.09,75.2231,171
2026-01-06 10:56:00,75.18,75.28,75.11,75.115,240
2026-01-06 10:57:00,75.13,75.25,75.13,75.21,30
2026-01-06 10:58:00,75.2,75.2,75.06,75.06,81
2026-01-06 10:59:00,75.07,75.31,75.0601,75.255,101
2026-01-06 11:00:00,75.2,75.22,74.695,74.7,286
2026-01-06 11:01:00,74.65,74.69,74.35,74.51,84
2026-01-06 11:02:00,74.51,74.5517,74.47,74.5,108
2026-01-06 11:03:00,74.5001,74.81,74.5,74.65,430
2026-01-06 11:04:00,74.61,74.9,74.55,74.78,156
2026-01-06 11:05:00,74.73,74.8066,74.67,74.67,109
2026-01-06 11:06:00,74.63,74.73,74.505,74.635,142
2026-01-06 11:07:00,74.585,74.67,74.51,74.51,252
2026-01-06 11:08:00,74.5,74.52,74.5,74.505,124
2026-01-06 11:09:00,74.5,74.5099,74.12,74.28,830
2026-01-06 11:10:00,74.28,74.38,74.15,74.18,281
2026-01-06 11:11:00,74.18,74.21,74.15,74.155,35
2026-01-06 11:12:00,74.155,74.33,74.13,74.185,221
2026-01-06 11:13:00,74.21,74.29,74.18,74.2201,95
2026-01-06 11:14:00,74.225,74.28,74.01,74.28,194
2026-01-06 11:15:00,74.29,74.39,74.23,74.245,35
2026-01-06 11:16:00,74.245,74.245,74.05,74.1,96
2026-01-06 11:17:00,74.075,74.17,74.075,74.12,59
2026-01-06 11:18:00,74.11,74.1814,74.03,74.06,15
2026-01-06 11:19:00,74.06,74.28,74.06,74.255,59
2026-01-06 11:20:00,74.28,74.5,74.19,74.41,103
2026-01-06 11:21:00,74.435,74.55,74.35,74.5,130
2026-01-06 11:22:00,74.5,74.5,74.34,74.35,72
2026-01-06 11:23:00,74.365,74.365,74.13,74.13,119
2026-01-06 11:24:00,74.16,74.23,74.1,74.14,44
2026-01-06 11:25:00,74.14,74.14,74.09,74.14,21
2026-01-06 11:26:00,74.1,74.26,74.07,74.2375,56
2026-01-06 11:27:00,74.12,74.205,74.09,74.13,26
2026-01-06 11:28:00,74.15,74.217,74.06,74.145,8
2026-01-06 11:29:00,74.21,74.21,74.105,74.145,39
2026-01-06 11:30:00,74.1901,74.1901,74.1,74.14,27
2026-01-06 11:31:00,74.115,74.14,73.77,73.77,92
2026-01-06 11:32:00,73.77,73.91,73.66,73.9,252
2026-01-06 11:33:00,73.79,74.12,73.79,74.12,41
2026-01-06 11:34:00,74.08,74.1589,74.03,74.1025,30
2026-01-06 11:35:00,74.125,74.125,74.0,74.035,42
2026-01-06 11:36:00,74.035,74.24,74.035,74.14,61
2026-01-06 11:37:00,74.165,74.21,74.06,74.12,40
2026-01-06 11:38:00,74.095,74.145,74.0301,74.115,116
2026-01-06 11:39:00,74.11,74.4,74.0801,74.325,127
2026-01-06 11:40:00,74.335,74.3675,74.0,74.005,71
2026-01-06 11:41:00,74.04,74.11,73.95,74.008,55
2026-01-06 11:42:00,74.005,74.08,73.8502,73.9,31
2026-01-06 11:43:00,73.9,74.06,73.86,74.05,26
2026-01-06 11:44:00,74.015,74.06,73.98,74.024,12
2026-01-06 11:45:00,74.02,74.02,73.825,73.825,73
2026-01-06 11:46:00,73.8,73.86,73.73,73.86,52
2026-01-06 11:47:00,73.785,74.0,73.785,73.95,55
2026-01-06 11:48:00,73.9225,74.03,73.905,73.9875,93
2026-01-06 11:49:00,74.005,74.08,73.98,74.05,27
2026-01-06 11:50:00,74.04,74.1,74.02,74.055,43
2026-01-06 11:51:00,74.055,74.145,74.04,74.105,35
2026-01-06 11:52:00,74.078,74.2399,74.05,74.065,38
2026-01-06 11:53:00,74.04,74.04,73.95,74.02,31
2026-01-06 11:54:00,73.96,74.09,73.96,74.0,81
2026-01-06 11:55:00,73.99,74.0,73.86,73.865,60
2026-01-06 11:56:00,73.8504,73.865,73.775,73.775,41
2026-01-06 11:57:00,73.7701,73.85,73.29,73.42,120
2026-01-06 11:58:00,73.42,73.526,73.3335,73.385,57
2026-01-06 11:59:00,73.33,73.46,72.93,73.25,667
2026-01-06 12:00:00,73.2,73.33,72.9413,73.05,104
2026-01-06 12:01:00,73.05,73.31,73.03,73.205,65
2026-01-06 12:02:00,73.28,73.29,73.11,73.23,37
2026-01-06 12:03:00,73.175,73.23,73.08,73.085,74
2026-01-06 12:04:00,73.085,73.14,72.93,73.11,82
2026-01-06 12:05:00,73.13,73.2,73.085,73.2,45
2026-01-06 12:06:00,73.16,73.35,73.12,73.325,58
2026-01-06 12:07:00,73.468,73.54,73.37,73.45,17
2026-01-06 12:08:00,73.44,73.62,73.3401,73.55,79
2026-01-06 12:09:00,73.62,74.0,73.61,73.95,95
2026-01-06 12:10:00,73.865,73.97,73.72,73.97,98
2026-01-06 12:11:00,73.845,73.97,73.845,73.94,31
2026-01-06 12:12:00,73.8826,74.0,73.8001,73.9,69
2026-01-06 12:13:00,73.86,73.93,73.72,73.83,151
2026-01-06 12:14:00,73.774,73.8,73.68,73.73,264
2026-01-06 12:15:00,73.7,73.78,73.58,73.59,47
2026-01-06 12:16:00,73.6096,73.78,73.17,73.315,176
2026-01-06 12:17:00,73.32,73.49,73.1721,73.34,32
2026-01-06 12:18:00,73.35,73.45,73.25,73.375,38
2026-01-06 12:19:00,73.3,73.37,73.19,73.37,52
2026-01-06 12:20:00,73.295,73.41,73.16,73.24,41
2026-01-06 12:21:00,73.1785,73.1785,73.0,73.115,18
2026-01-06 12:22:00,73.01,73.219,72.99,73.055,72
2026-01-06 12:23:00,73.01,73.27,72.93,73.27,346
2026-01-06 12:24:00,73.28,73.31,73.28,73.29,11
2026-01-06 12:25:00,73.338,73.338,73.14,73.14,35
2026-01-06 12:26:00,73.09,73.09,73.01,73.03,51
2026-01-06 12:27:00,73.035,73.15,72.96,73.085,162
2026-01-06 12:28:00,73.1,73.21,73.08,73.2,105
2026-01-06 12:29:00,73.21,73.24,73.16,73.18,24
2026-01-06 12:30:00,73.19,73.23,72.85,73.005,409
2026-01-06 12:31:00,73.005,73.005,72.95,72.995,18
2026-01-06 12:32:00,72.935,72.935,72.55,72.68,100
2026-01-06 12:33:00,72.685,72.77,72.55,72.77,113
2026-01-06 12:34:00,72.92,72.93,72.645,72.645,104
2026-01-06 12:35:00,72.645,72.74,72.54,72.74,249
2026-01-06 12:36:00,72.8,72.86,72.73,72.86,78
2026-01-06 12:37:00,72.87,72.9473,72.69,72.69,91
2026-01-06 12:38:00,72.6901,72.9199,72.66,72.66,49
2026-01-06 12:39:00,72.65,72.7,72.43,72.51,189
2026-01-06 12:40:00,72.51,72.51,72.11,72.39,300
2026-01-06 12:41:00,72.51,72.51,71.4,71.51,558
2026-01-06 12:42:00,71.5372,71.75,71.4,71.725,242
2026-01-06 12:43:00,71.725,71.78,71.565,71.78,89
2026-01-06 12:44:00,71.68,71.93,71.68,71.76,74
2026-01-06 12:45:00,71.59,71.79,71.3595,71.51,140
2026-01-06 12:46:00,71.3301,71.55,71.33,71.43,247
2026-01-06 12:47:00,71.5,71.5,71.11,71.11,267
2026-01-06 12:48:00,71.225,71.23,70.9501,70.99,70
2026-01-06 12:49:00,70.95,71.1369,70.8001,71.0499,61
2026-01-06 12:50:00,70.9601,71.06,70.88,71.06,71
2026-01-06 12:51:00,71.13,71.29,70.7001,70.7867,80
2026-01-06 12:52:00,70.7101,70.81,70.12,70.6,328
2026-01-06 12:53:00,70.38,70.4899,70.27,70.395,270
2026-01-06 12:54:00,70.3001,70.61,70.185,70.6,208
2026-01-06 12:55:00,70.6,70.6,70.35,70.49,23
2026-01-06 12:56:00,70.485,70.485,70.22,70.22,46
2026-01-06 12:57:00,70.27,70.27,70.05,70.06,61
2026-01-06 12:58:00,70.08,70.15,69.85,69.944,143
2026-01-06 12:59:00,69.9963,69.9963,69.72,69.74,106
2026-01-06 13:00:00,69.7,69.845,69.2675,69.3248,259
2026-01-06 13:01:00,69.34,69.58,69.11,69.569,210
2026-01-06 13:02:00,69.84,69.84,69.62,69.82,64
2026-01-06 13:03:00,69.72,70.175,69.72,70.14,119
2026-01-06 13:04:00,70.175,70.51,70.0101,70.44,90
2026-01-06 13:05:00,70.5,70.77,70.5,70.77,76
2026-01-06 13:06:00,70.77,70.9094,70.65,70.8868,100
2026-01-06 13:07:00,70.9599,71.07,70.87,71.07,171
2026-01-06 13:08:00,71.07,71.33,70.95,71.21,90
2026-01-06 13:09:00,71.21,71.57,71.21,71.5112,71
2026-01-06 13:10:00,71.46,71.5,71.33,71.5,45
2026-01-06 13:11:00,71.5,71.58,71.2731,71.28,87
2026-01-06 13:12:00,71.33,71.3799,71.25,71.3,41
2026-01-06 13:13:00,71.24,71.25,71.08,71.09,97
2026-01-06 13:14:00,71.0731,71.12,70.9401,71.075,85
2026-01-06 13:15:00,71.11,71.3199,71.11,71.15,46
2026-01-06 13:16:00,71.16,71.31,70.9701,71.26,103
2026-01-06 13:17:00,71.3,71.3,71.225,71.2584,35
2026-01-06 13:18:00,71.28,71.309,71.135,71.135,33
2026-01-06 13:19:00,71.12,71.472,71.12,71.4,38
2026-01-06 13:20:00,71.4,71.5179,71.3596,71.38,28
2026-01-06 13:21:00,71.28,71.46,71.265,71.44,36
2026-01-06 13:22:00,71.4984,71.52,71.43,71.4775,46
2026-01-06 13:23:00,71.455,71.4868,71.35,71.35,21
2026-01-06 13:24:00,71.39,71.43,71.31,71.43,45
2026-01-06 13:25:00,71.43,71.44,71.39,71.415,22
2026-01-06 13:26:00,71.415,71.545,71.415,71.499,40
2026-01-06 13:27:00,71.485,71.52,71.48,71.515,27
2026-01-06 13:28:00,71.49,71.52,71.35,71.35,38
2026-01-06 13:29:00,71.365,71.365,71.15,71.215,73
2026-01-06 13:30:00,71.1712,71.39,71.1701,71.31,93
2026-01-06 13:31:00,71.31,71.37,71.22,71.32,67
2026-01-06 13:32:00,71.255,71.49,71.255,71.485,91
2026-01-06 13:33:00,71.49,71.6199,71.45,71.6199,114
2026-01-06 13:34:00,71.6,71.6,71.33,71.44,155
2026-01-06 13:35:00,71.49,71.86,71.49,71.61,179
2026-01-06 13:36:00,71.62,71.87,71.615,71.81,72
2026-01-06 13:37:00,71.88,72.15,71.88,72.0,229
2026-01-06 13:38:00,72.03,72.11,71.81,71.97,115
2026-01-06 13:39:00,71.895,72.015,71.8,72.015,81
2026-01-06 13:40:00,72.11,72.61,72.11,72.57,345
2026-01-06 13:41:00,72.61,72.9899,72.61,72.97,95
2026-01-06 13:42:00,72.84,73.26,72.77,73.16,181
2026-01-06 13:43:00,73.25,73.28,72.7804,72.7804,163
2026-01-06 13:44:00,72.98,73.08,72.61,72.61,67
2026-01-06 13:45:00,72.66,72.83,72.59,72.7496,76
2026-01-06 13:46:00,72.8,72.93,72.74,72.75,40
2026-01-06 13:47:00,72.74,72.77,72.61,72.66,55
2026-01-06 13:48:00,72.655,72.95,72.5401,72.94,56
2026-01-06 13:49:00,72.95,73.2029,72.865,73.085,139
2026-01-06 13:50:00,73.21,73.26,73.105,73.21,56
2026-01-06 13:51:00,73.105,73.26,73.105,73.26,26
2026-01-06 13:52:00,73.15,73.72,73.15,73.64,73
2026-01-06 13:53:00,73.665,73.72,73.46,73.72,258
2026-01-06 13:54:00,73.635,73.79,73.0007,73.45,216
2026-01-06 13:55:00,73.43,73.47,73.245,73.45,27
2026-01-06 13:56:00,73.51,73.51,73.16,73.16,65
2026-01-06 13:57:00,73.165,73.284,73.14,73.2,141
2026-01-06 13:58:00,73.25,73.34,73.13,73.22,21
2026-01-06 13:59:00,73.22,73.48,73.09,73.48,140
2026-01-06 14:00:00,73.58,73.58,73.17,73.18,34
2026-01-06 14:01:00,73.15,73.15,72.845,72.845,29
2026-01-06 14:02:00,72.87,73.2,72.87,73.2,67
2026-01-06 14:03:00,73.2,73.37,73.14,73.195,92
2026-01-06 14:04:00,73.2,73.36,73.0,73.105,86
2026-01-06 14:05:00,73.05,73.05,72.98,72.99,30
2026-01-06 14:06:00,73.0,73.05,72.98,73.05,38
2026-01-06 14:07:00,72.94,73.06,72.92,73.02,52
2026-01-06 14:08:00,73.03,73.19,73.02,73.145,68
2026-01-06 14:09:00,73.145,73.2,73.14,73.19,39
2026-01-06 14:10:00,73.19,73.45,73.17,73.44,104
2026-01-06 14:11:00,73.39,73.67,73.39,73.595,70
2026-01-06 14:12:00,73.595,73.66,73.5,73.57,66
2026-01-06 14:13:00,73.5,73.59,73.39,73.485,28
2026-01-06 14:14:00,73.39,73.5,73.29,73.35,101
2026-01-06 14:15:00,73.38,73.45,73.3114,73.39,11
2026-01-06 14:16:00,73.385,73.4,73.2601,73.31,11
2026-01-06 14:17:00,73.2687,73.27,73.12,73.12,25
2026-01-06 14:18:00,73.12,73.12,73.09,73.09,28
2026-01-06 14:19:00,73.0562,73.3999,73.05,73.25,121
2026-01-06 14:20:00,73.19,73.32,73.17,73.28,46
2026-01-06 14:21:00,73.22,73.22,73.09,73.2184,36
2026-01-06 14:22:00,73.22,73.22,73.14,73.14,3
2026-01-06 14:23:00,73.14,73.3627,73.14,73.32,151
2026-01-06 14:24:00,73.3,73.3,73.12,73.165,123
2026-01-06 14:25:00,73.145,73.17,73.07,73.1,61
2026-01-06 14:26:00,73.07,73.07,73.0,73.03,22
2026-01-06 14:27:00,72.98,73.06,72.98,73.06,27
2026-01-06 14:28:00,73.04,73.09,72.88,72.902,61
2026-01-06 14:29:00,72.9065,72.9065,72.55,72.55,39
2026-01-06 14:30:00,72.575,72.69,72.55,72.61,59
2026-01-06 14:31:00,72.63,72.63,72.555,72.59,5
2026-01-06 14:32:00,72.55,73.11,72.5069,72.9975,85
2026-01-06 14:33:00,72.7807,73.07,72.7807,72.99,63
2026-01-06 14:34:00,72.86,73.03,72.815,72.94,15
2026-01-06 14:35:00,72.82,72.94,72.82,72.91,21
2026-01-06 14:36:00,72.835,72.91,72.835,72.91,21
2026-01-06 14:37:00,72.91,72.97,72.67,72.7875,212
2026-01-06 14:38:00,72.8226,72.8226,72.67,72.725,76
2026-01-06 14:39:00,72.725,72.725,72.4633,72.61,57
2026-01-06 14:40:00,72.55,72.67,72.55,72.6,83
2026-01-06 14:41:00,72.6,72.67,72.595,72.6,41
2026-01-06 14:42:00,72.57,72.65,72.32,72.33,48
2026-01-06 14:43:00,72.29,72.35,72.18,72.18,34
2026-01-06 14:44:00,72.195,72.41,72.17,72.41,94
2026-01-06 14:45:00,72.42,72.5,72.26,72.5,161
2026-01-06 14:46:00,72.5,72.5,72.35,72.35,48
2026-01-06 14:47:00,72.34,72.38,72.3001,72.34,18
2026-01-06 14:48:00,72.34,72.69,72.34,72.68,225
2026-01-06 14:49:00,72.58,72.61,72.3,72.3,97
2026-01-06 14:50:00,72.28,72.305,72.02,72.03,147
2026-01-06 14:51:00,72.05,72.07,71.85,71.85,81
2026-01-06 14:52:00,71.85,71.85,71.63,71.63,46
2026-01-06 14:53:00,71.6525,71.67,71.5,71.5138,31
2026-01-06 14:54:00,71.44,71.5369,71.09,71.27,166
2026-01-06 14:55:00,71.27,71.27,71.0,71.2,217
2026-01-06 14:56:00,71.19,71.52,71.125,71.505,41
2026-01-06 14:57:00,71.51,71.615,71.45,71.46,20
2026-01-06 14:58:00,71.5,72.06,71.5,72.06,42
2026-01-06 14:59:00,71.795,71.95,71.79,71.79,21
2026-01-06 15:00:00,71.85,71.99,71.775,71.98,13
2026-01-06 15:01:00,71.895,71.98,71.465,71.465,174
2026-01-06 15:02:00,71.465,71.52,71.36,71.38,25
2026-01-06 15:03:00,71.39,71.39,71.002,71.1686,149
2026-01-06 15:04:00,71.18,71.49,71.11,71.415,55
2026-01-06 15:05:00,71.5,71.5,71.24,71.24,78
2026-01-06 15:06:00,71.2,71.2,71.01,71.05,16
2026-01-06 15:07:00,71.02,71.16,71.02,71.1025,35
2026-01-06 15:08:00,71.095,71.17,71.095,71.16,56
2026-01-06 15:09:00,71.105,71.16,71.1,71.1,17
2026-01-06 15:10:00,71.15,71.39,71.105,71.39,96
2026-01-06 15:11:00,71.395,71.485,71.245,71.4316,104
2026-01-06 15:12:00,71.4592,71.5,71.43,71.43,17
2026-01-06 15:13:00,71.41,71.5,71.28,71.35,138
2026-01-06 15:14:00,71.4,71.64,71.38,71.55,31
2026-01-06 15:15:00,71.57,71.57,71.35,71.44,84
2026-01-06 15:16:00,71.445,71.58,71.35,71.535,52
2026-01-06 15:17:00,71.535,71.63,71.53,71.58,106
2026-01-06 15:18:00,71.58,71.58,71.47,71.475,38
2026-01-06 15:19:00,71.43,71.4675,71.32,71.375,99
2026-01-06 15:20:00,71.375,71.47,71.375,71.47,92
2026-01-06 15:21:00,71.47,71.48,71.36,71.4,67
2026-01-06 15:22:00,71.38,71.425,70.86,70.86,180
2026-01-06 15:23:00,70.85,70.85,70.5309,70.6646,120
2026-01-06 15:24:00,70.575,70.6507,70.52,70.52,86
2026-01-06 15:25:00,70.525,70.525,70.29,70.29,156
2026-01-06 15:26:00,70.26,70.27,70.09,70.1,91
2026-01-06 15:27:00,70.12,70.27,70.07,70.14,184
2026-01-06 15:28:00,70.16,70.16,70.08,70.125,30
2026-01-06 15:29:00,70.08,70.34,70.08,70.26,98
2026-01-06 15:30:00,70.17,70.26,69.99,69.99,139
2026-01-06 15:31:00,70.0,70.02,69.675,69.98,212
2026-01-06 15:32:00,69.915,69.98,69.72,69.955,197
2026-01-06 15:33:00,69.955,70.02,69.78,69.82,172
2026-01-06 15:34:00,69.825,69.89,69.7637,69.84,21
2026-01-06 15:35:00,69.835,70.01,69.835,69.91,225
2026-01-06 15:36:00,69.925,70.015,69.89,69.9944,287
2026-01-06 15:37:00,70.0,70.2,69.99,70.0401,487
2026-01-06 15:38:00,70.16,70.26,69.98,70.1517,153
2026-01-06 15:39:00,70.13,70.24,70.115,70.2058,44
2026-01-06 15:40:00,70.12,70.22,70.07,70.16,81
2026-01-06 15:41:00,70.205,70.25,70.14,70.17,89
2026-01-06 15:42:00,70.17,70.25,70.17,70.2,84
2026-01-06 15:43:00,70.2101,70.2101,70.17,70.195,47
2026-01-06 15:44:00,70.19,70.5,70.14,70.445,187
2026-01-06 15:45:00,70.468,70.58,70.39,70.53,139
2026-01-06 15:46:00,70.53,70.72,70.325,70.325,120
2026-01-06 15:47:00,70.29,70.32,70.17,70.25,125
2026-01-06 15:48:00,70.245,70.69,70.245,70.31,181
2026-01-06 15:49:00,70.32,70.627,70.3,70.31,138
2026-01-06 15:50:00,70.36,70.6012,70.3,70.435,207
2026-01-06 15:51:00,70.435,70.6333,70.26,70.3801,257
2026-01-06 15:52:00,70.57,70.57,70.4,70.43,94
2026-01-06 15:53:00,70.445,70.475,70.25,70.35,212
2026-01-06 15:54:00,70.32,70.976,70.21,70.775,197
2026-01-06 15:55:00,70.77,71.025,70.562,70.65,351
2026-01-06 15:56:00,70.6681,70.7,70.56,70.68,198
2026-01-06 15:57:00,70.67,70.94,70.65,70.905,305
2026-01-06 15:58:00,70.91,70.94,70.83,70.835,387
2026-01-06 15:59:00,70.83,70.84,70.64,70.83,1653
2026-01-07 09:30:00,66.08,67.1587,63.0,64.425,1262
2026-01-07 09:31:00,64.0,64.9,63.9,64.695,225
2026-01-07 09:32:00,64.5,65.32,64.25,65.1438,326
2026-01-07 09:33:00,65.15,65.94,65.15,65.86,283
2026-01-07 09:34:00,65.97,67.06,65.75,66.875,357
2026-01-07 09:35:00,66.875,67.2,66.61,66.74,226
2026-01-07 09:36:00,66.76,66.765,66.0001,66.43,176
2026-01-07 09:37:00,66.6697,66.6697,65.7,66.21,203
2026-01-07 09:38:00,65.86,66.515,65.8,65.82,269
2026-01-07 09:39:00,65.92,66.25,65.81,65.85,113
2026-01-07 09:40:00,65.85,65.85,65.06,65.5,220
2026-01-07 09:41:00,65.27,65.4093,64.99,65.0,91
2026-01-07 09:42:00,64.9186,65.56,64.9186,65.4,393
2026-01-07 09:43:00,65.47,65.99,65.305,65.985,154
2026-01-07 09:44:00,65.985,66.0,65.23,65.32,41
2026-01-07 09:45:00,65.3201,65.41,65.1006,65.15,71
2026-01-07 09:46:00,65.22,65.2653,64.85,64.935,247
2026-01-07 09:47:00,64.935,65.3,64.51,65.295,458
2026-01-07 09:48:00,65.17,65.3836,65.005,65.195,35
2026-01-07 09:49:00,65.2,65.26,65.0,65.08,38
2026-01-07 09:50:00,65.08,65.4,65.05,65.05,138
2026-01-07 09:51:00,65.08,65.08,64.36,64.42,221
2026-01-07 09:52:00,64.385,64.73,64.385,64.68,64
2026-01-07 09:53:00,64.8,65.0,64.68,64.885,100
2026-01-07 09:54:00,64.885,64.99,64.66,64.7101,109
2026-01-07 09:55:00,64.704,64.704,64.35,64.35,292
2026-01-07 09:56:00,64.28,64.3,64.01,64.155,155
2026-01-07 09:57:00,64.1,64.5,63.97,64.5,133
2026-01-07 09:58:00,64.4,64.715,64.4,64.5,50
2026-01-07 09:59:00,64.42,64.78,64.42,64.78,126
2026-01-07 10:00:00,64.81,64.855,64.59,64.71,252
2026-01-07 10:01:00,64.7729,64.93,64.705,64.835,90
2026-01-07 10:02:00,64.9399,65.54,64.79,65.425,110
2026-01-07 10:03:00,65.34,65.34,65.02,65.07,137
2026-01-07 10:04:00,65.05,65.56,65.05,65.41,184
2026-01-07 10:05:00,65.38,65.74,65.33,65.7,75
2026-01-07 10:06:00,65.75,65.85,65.7,65.78,134
2026-01-07 10:07:00,65.82,66.02,65.7301,65.955,143
2026-01-07 10:08:00,66.01,66.01,65.82,65.95,325
2026-01-07 10:09:00,65.93,66.19,65.93,66.0592,153
2026-01-07 10:10:00,65.97,66.21,65.9,66.0,259
2026-01-07 10:11:00,66.015,66.05,65.8,65.8025,182
2026-01-07 10:12:00,65.805,65.82,65.33,65.435,142
2026-01-07 10:13:00,65.4,65.65,65.335,65.6459,113
2026-01-07 10:14:00,65.48,65.59,65.415,65.495,38
2026-01-07 10:15:00,65.5,65.609,65.16,65.185,160
2026-01-07 10:16:00,65.15,65.15,64.8406,64.8501,81
2026-01-07 10:17:00,64.92,65.03,64.906,65.0,79
2026-01-07 10:18:00,64.98,65.23,64.92,65.0899,112
2026-01-07 10:19:00,65.07,65.15,65.005,65.05,27
2026-01-07 10:20:00,64.98,65.16,64.97,65.16,61
2026-01-07 10:21:00,65.115,65.47,65.115,65.43,70
2026-01-07 10:22:00,65.42,65.61,65.41,65.51,41
2026-01-07 10:23:00,65.505,65.58,65.505,65.52,11
2026-01-07 10:24:00,65.5,65.59,65.455,65.5582,46
2026-01-07 10:25:00,65.52,65.545,65.46,65.49,23
2026-01-07 10:26:00,65.49,65.68,65.49,65.6,56
2026-01-07 10:27:00,65.53,65.78,65.53,65.77,33
2026-01-07 10:28:00,65.715,65.97,65.715,65.965,39
2026-01-07 10:29:00,65.96,66.0,65.665,65.675,105
2026-01-07 10:30:00,65.675,65.95,65.675,65.785,98
2026-01-07 10:31:00,65.79,65.95,65.785,65.95,62
2026-01-07 10:32:00,65.93,65.93,65.77,65.81,107
2026-01-07 10:33:00,65.82,66.04,65.82,66.015,71
2026-01-07 10:34:00,65.89,66.115,65.76,66.0,265
2026-01-07 10:35:00,65.975,66.02,65.87,65.97,65
2026-01-07 10:36:00,66.0185,66.0221,65.62,65.72,178
2026-01-07 10:37:00,65.65,65.805,65.65,65.8,41
2026-01-07 10:38:00,65.84,65.9,65.76,65.805,76
2026-01-07 10:39:00,65.805,65.86,65.66,65.83,183
2026-01-07 10:40:00,65.89,65.96,65.865,65.94,43
2026-01-07 10:41:00,66.0,66.045,65.94,66.04,61
2026-01-07 10:42:00,66.04,66.1,66.03,66.06,47
2026-01-07 10:43:00,66.1,66.18,66.05,66.18,132
2026-01-07 10:44:00,66.21,66.2995,66.1304,66.245,61
2026-01-07 10:45:00,66.27,66.32,66.18,66.31,133
2026-01-07 10:46:00,66.2614,66.32,66.19,66.26,76
2026-01-07 10:47:00,66.25,66.36,66.23,66.36,62
2026-01-07 10:48:00,66.36,66.41,66.26,66.33,53
2026-01-07 10:49:00,66.33,66.41,66.038,66.115,136
2026-01-07 10:50:00,66.1225,66.2,66.105,66.105,32
2026-01-07 10:51:00,66.105,66.18,65.9,65.945,185
2026-01-07 10:52:00,65.95,66.0,65.87,65.89,121
2026-01-07 10:53:00,65.89,65.92,65.85,65.9,85
2026-01-07 10:54:00,65.9,65.9,65.405,65.405,131
2026-01-07 10:55:00,65.405,65.56,65.405,65.5514,51
2026-01-07 10:56:00,65.555,65.6,65.4,65.4,95
2026-01-07 10:57:00,65.405,65.55,65.13,65.455,416
2026-01-07 10:58:00,65.455,65.74,65.324,65.505,82
2026-01-07 10:59:00,65.41,65.43,65.31,65.375,34
2026-01-07 11:00:00,65.3525,65.68,65.31,65.68,81
2026-01-07 11:01:00,65.62,65.71,65.585,65.62,26
2026-01-07 11:02:00,65.6,65.6899,65.5,65.5,71
2026-01-07 11:03:00,65.52,65.79,65.515,65.72,156
2026-01-07 11:04:00,65.715,65.77,65.5,65.5,62
2026-01-07 11:05:00,65.505,65.505,65.09,65.09,64
2026-01-07 11:06:00,65.17,65.26,65.17,65.18,45
2026-01-07 11:07:00,65.2199,65.2199,65.11,65.1928,81
2026-01-07 11:08:00,65.09,65.09,64.93,64.985,176
2026-01-07 11:09:00,64.99,65.12,64.98,65.0428,258
2026-01-07 11:10:00,65.01,65.13,65.0006,65.1,59
2026-01-07 11:11:00,65.105,65.19,65.1,65.19,23
2026-01-07 11:12:00,65.13,65.22,65.1,65.115,19
2026-01-07 11:13:00,65.128,65.19,65.115,65.165,50
2026-01-07 11:14:00,65.165,65.2,65.0,65.13,179
2026-01-07 11:15:00,65.15,65.3,65.14,65.29,51
2026-01-07 11:16:00,65.29,65.36,65.27,65.28,49
2026-01-07 11:17:00,65.225,65.225,65.16,65.16,22
2026-01-07 11:18:00,65.16,65.19,65.145,65.19,80
2026-01-07 11:19:00,65.195,65.24,65.17,65.24,41
2026-01-07 11:20:00,65.18,65.22,65.18,65.19,27
2026-01-07 11:21:00,65.15,65.16,65.14,65.14,19
2026-01-07 11:22:00,65.145,65.26,64.98,65.2425,116
2026-01-07 11:23:00,65.17,65.28,65.17,65.175,29
2026-01-07 11:24:00,65.17,65.2875,65.17,65.17,23
2026-01-07 11:25:00,65.17,65.2299,65.02,65.155,65
2026-01-07 11:26:00,65.09,65.32,65.05,65.215,45
2026-01-07 11:27:00,65.22,65.32,65.215,65.215,13
2026-01-07 11:28:00,65.18,65.27,65.09,65.27,44
2026-01-07 11:29:00,65.19,65.25,65.19,65.25,14
2026-01-07 11:30:00,65.25,65.25,65.1601,65.245,17
2026-01-07 11:31:00,65.25,65.35,65.21,65.33,72
2026-01-07 11:32:00,65.31,65.34,65.29,65.29,8
2026-01-07 11:33:00,65.33,65.33,65.23,65.23,12
2026-01-07 11:34:00,65.23,65.24,65.09,65.09,22
2026-01-07 11:35:00,65.09,65.17,65.02,65.08,52
2026-01-07 11:36:00,65.07,65.07,64.9224,64.99,71
2026-01-07 11:37:00,64.99,65.09,64.95,65.046,138
2026-01-07 11:38:00,65.035,65.06,65.03,65.04,16
2026-01-07 11:39:00,65.08,65.08,64.51,64.65,400
2026-01-07 11:40:00,64.55,64.715,64.49,64.69,49
2026-01-07 11:41:00,64.57,64.63,64.4001,64.455,113
2026-01-07 11:42:00,64.45,64.57,64.38,64.5199,160
2026-01-07 11:43:00,64.465,64.52,64.38,64.4,31
2026-01-07 11:44:00,64.49,64.49,64.42,64.435,41
2026-01-07 11:45:00,64.435,64.51,64.38,64.47,64
2026-01-07 11:46:00,64.48,64.64,64.31,64.385,170
2026-01-07 11:47:00,64.345,64.5,64.33,64.45,67
2026-01-07 11:48:00,64.45,64.45,64.08,64.18,53
2026-01-07 11:49:00,64.175,64.237,64.1692,64.18,11
2026-01-07 11:50:00,64.17,64.25,64.01,64.01,116
2026-01-07 11:51:00,64.01,64.29,63.995,64.245,262
2026-01-07 11:52:00,64.25,64.3299,64.17,64.24,88
2026-01-07 11:53:00,64.235,64.62,64.22,64.61,67
2026-01-07 11:54:00,64.6,64.6,64.415,64.415,123
2026-01-07 11:55:00,64.49,64.8,64.4,64.8,93
2026-01-07 11:56:00,64.62,64.725,64.6164,64.69,21
2026-01-07 11:57:00,64.6,64.73,64.58,64.64,33
2026-01-07 11:58:00,64.655,64.91,64.655,64.805,35
2026-01-07 11:59:00,64.74,64.75,64.62,64.66,133
2026-01-07 12:00:00,64.74,64.75,64.56,64.5601,53
2026-01-07 12:01:00,64.565,64.6299,64.56,64.6245,82
2026-01-07 12:02:00,64.595,64.595,64.5201,64.525,12
2026-01-07 12:03:00,64.525,64.63,64.52,64.59,83
2026-01-07 12:04:00,64.54,64.58,64.471,64.53,21
2026-01-07 12:05:00,64.52,64.63,64.49,64.63,48
2026-01-07 12:06:00,64.6,64.6271,64.565,64.595,7
2026-01-07 12:07:00,64.62,64.7,64.57,64.7,32
2026-01-07 12:08:00,64.67,64.78,64.67,64.78,25
2026-01-07 12:09:00,64.725,64.76,64.715,64.715,17
2026-01-07 12:10:00,64.72,64.825,64.6874,64.825,43
2026-01-07 12:11:00,64.86,64.98,64.86,64.935,24
2026-01-07 12:12:00,64.9,64.935,64.88,64.9,27
2026-01-07 12:13:00,64.9,64.9,64.76,64.82,33
2026-01-07 12:14:00,64.795,64.9,64.795,64.855,16
2026-01-07 12:15:00,64.77,64.93,64.77,64.905,30
2026-01-07 12:16:00,64.97,64.97,64.86,64.91,12
2026-01-07 12:17:00,64.93,65.0,64.92,64.95,61
2026-01-07 12:18:00,64.99,65.155,64.91,64.96,150
2026-01-07 12:19:00,64.92,64.92,64.7,64.785,65
2026-01-07 12:20:00,64.785,64.97,64.785,64.97,42
2026-01-07 12:21:00,64.9,65.18,64.9,65.17,35
2026-01-07 12:22:00,65.145,65.19,65.08,65.095,29
2026-01-07 12:23:00,65.13,65.14,64.92,64.94,99
2026-01-07 12:24:00,64.94,64.985,64.89,64.965,31
2026-01-07 12:25:00,64.99,65.0,64.8,64.82,54
2026-01-07 12:26:00,64.86,64.89,64.8,64.845,29
2026-01-07 12:27:00,64.9,65.14,64.87,65.14,59
2026-01-07 12:28:00,65.14,65.275,65.14,65.215,41
2026-01-07 12:29:00,65.215,65.3,65.17,65.25,36
2026-01-07 12:30:00,65.22,65.45,65.22,65.45,105
2026-01-07 12:31:00,65.395,65.53,65.395,65.52,192
2026-01-07 12:32:00,65.475,65.565,65.475,65.56,29
2026-01-07 12:33:00,65.57,65.71,65.53,65.68,94
2026-01-07 12:34:00,65.65,65.75,65.59,65.745,108
2026-01-07 12:35:00,65.75,65.76,65.68,65.71,70
2026-01-07 12:36:00,65.705,65.72,65.63,65.665,40
2026-01-07 12:37:00,65.665,65.72,65.63,65.65,49
2026-01-07 12:38:00,65.68,65.68,65.59,65.67,86
2026-01-07 12:39:00,65.66,65.71,65.64,65.6759,72
2026-01-07 12:40:00,65.71,65.71,65.64,65.655,77
2026-01-07 12:41:00,65.655,65.77,65.6525,65.73,136
2026-01-07 12:42:00,65.75,65.76,65.45,65.45,88
2026-01-07 12:43:00,65.37,65.4,65.31,65.4,6
2026-01-07 12:44:00,65.305,65.33,65.2,65.33,35
2026-01-07 12:45:00,65.27,65.5699,65.2,65.47,270
2026-01-07 12:46:00,65.455,65.49,65.45,65.49,23
2026-01-07 12:47:00,65.49,65.5,65.39,65.475,127
2026-01-07 12:48:00,65.51,65.51,65.435,65.445,40
2026-01-07 12:49:00,65.435,65.7,65.35,65.7,146
2026-01-07 12:50:00,65.665,65.666,65.62,65.64,49
2026-01-07 12:51:00,65.64,65.6801,65.53,65.53,128
2026-01-07 12:52:00,65.525,65.525,65.23,65.245,43
2026-01-07 12:53:00,65.3,65.37,65.3,65.3681,60
2026-01-07 12:54:00,65.37,65.37,65.22,65.305,26
2026-01-07 12:55:00,65.25,65.25,65.13,65.18,48
2026-01-07 12:56:00,65.2,65.2,65.035,65.15,166
2026-01-07 12:57:00,65.125,65.21,65.125,65.19,41
2026-01-07 12:58:00,65.165,65.1686,65.165,65.165,7
2026-01-07 12:59:00,65.1201,65.23,65.1201,65.22,93
2026-01-07 13:00:00,65.17,65.27,65.17,65.225,38
2026-01-07 13:01:00,65.225,65.27,65.15,65.2,55
2026-01-07 13:02:00,65.21,65.28,65.2,65.27,26
2026-01-07 13:03:00,65.235,65.3099,65.235,65.25,89
2026-01-07 13:04:00,65.255,65.3,65.17,65.17,47
2026-01-07 13:05:00,65.185,65.2,65.14,65.175,56
2026-01-07 13:06:00,65.175,65.3,65.175,65.195,41
2026-01-07 13:07:00,65.195,65.195,65.14,65.155,30
2026-01-07 13:08:00,65.16,65.23,65.15,65.23,80
2026-01-07 13:09:00,65.205,65.26,65.18,65.195,61
2026-01-07 13:10:00,65.23,65.29,65.08,65.095,135
2026-01-07 13:11:00,65.06,65.06,65.0,65.0001,35
2026-01-07 13:12:00,65.0001,65.28,65.0,65.12,124
2026-01-07 13:13:00,65.15,65.15,65.09,65.095,8
2026-01-07 13:14:00,65.1,65.1,64.855,64.89,98
2026-01-07 13:15:00,64.755,64.78,64.74,64.75,44
2026-01-07 13:16:00,64.765,64.85,64.72,64.7501,90
2026-01-07 13:17:00,64.755,64.755,64.75,64.7501,41
2026-01-07 13:18:00,64.755,64.755,64.71,64.7501,134
2026-01-07 13:19:00,64.755,64.935,64.745,64.935,176
2026-01-07 13:20:00,64.9,64.93,64.89,64.89,6
2026-01-07 13:21:00,64.88,64.885,64.76,64.7601,51
2026-01-07 13:22:00,64.765,64.765,64.51,64.52,188
2026-01-07 13:23:00,64.515,64.52,64.13,64.445,149
2026-01-07 13:24:00,64.445,64.445,64.3,64.32,16
2026-01-07 13:25:00,64.3,64.305,64.1,64.18,90
2026-01-07 13:26:00,64.23,64.29,64.23,64.25,21
2026-01-07 13:27:00,64.245,64.245,64.12,64.1316,25
2026-01-07 13:28:00,64.115,64.57,64.1,64.494,313
2026-01-07 13:29:00,64.465,64.49,64.41,64.435,37
2026-01-07 13:30:00,64.435,64.59,64.435,64.59,189
2026-01-07 13:31:00,64.54,64.63,64.46,64.46,75
2026-01-07 13:32:00,64.45,64.5583,64.34,64.47,176
2026-01-07 13:33:00,64.48,64.48,64.45,64.455,49
2026-01-07 13:34:00,64.455,64.455,64.29,64.32,102
2026-01-07 13:35:00,64.335,64.36,64.25,64.25,67
2026-01-07 13:36:00,64.2501,64.3788,64.21,64.235,196
2026-01-07 13:37:00,64.19,64.3,64.16,64.18,99
2026-01-07 13:38:00,64.18,64.23,64.1401,64.23,87
2026-01-07 13:39:00,64.21,64.23,64.14,64.165,31
2026-01-07 13:40:00,64.12,64.26,64.12,64.2575,101
2026-01-07 13:41:00,64.23,64.27,64.23,64.27,12
2026-01-07 13:42:00,64.27,64.43,64.27,64.43,39
2026-01-07 13:43:00,64.43,64.48,64.42,64.45,76
2026-01-07 13:44:00,64.44,64.51,64.42,64.47,38
2026-01-07 13:45:00,64.47,64.4988,64.41,64.425,15
2026-01-07 13:46:00,64.425,64.46,64.42,64.42,31
2026-01-07 13:47:00,64.41,64.44,64.385,64.44,40
2026-01-07 13:48:00,64.43,64.4499,64.43,64.4499,2
2026-01-07 13:49:00,64.45,64.52,64.445,64.515,34
2026-01-07 13:50:00,64.515,64.515,64.39,64.39,39
2026-01-07 13:51:00,64.41,64.48,64.36,64.42,68
2026-01-07 13:52:00,64.45,64.76,64.45,64.76,61
2026-01-07 13:53:00,64.7,64.71,64.63,64.68,12
2026-01-07 13:54:00,64.61,64.7,64.58,64.7,42
2026-01-07 13:55:00,64.7,64.71,64.58,64.58,74
2026-01-07 13:56:00,64.6,64.68,64.6,64.63,25
2026-01-07 13:57:00,64.64,64.74,64.64,64.74,28
2026-01-07 13:58:00,64.74,64.74,64.6301,64.665,30
2026-01-07 13:59:00,64.6406,64.76,64.6406,64.75,62
2026-01-07 14:00:00,64.71,64.7424,64.485,64.485,40
2026-01-07 14:01:00,64.45,64.49,64.43,64.465,19
2026-01-07 14:02:00,64.465,64.49,64.4,64.44,42
2026-01-07 14:03:00,64.44,64.46,64.375,64.375,19
2026-01-07 14:04:00,64.4,64.48,64.4,64.48,40
2026-01-07 14:05:00,64.49,64.49,64.41,64.43,11
2026-01-07 14:06:00,64.37,64.42,64.37,64.395,8
2026-01-07 14:07:00,64.38,64.45,64.38,64.42,24
2026-01-07 14:08:00,64.42,64.6,64.405,64.6,87
2026-01-07 14:09:00,64.57,64.595,64.515,64.515,25
2026-01-07 14:10:00,64.52,64.59,64.5,64.545,88
2026-01-07 14:11:00,64.535,64.54,64.505,64.54,28
2026-01-07 14:12:00,64.57,64.62,64.52,64.55,47
2026-01-07 14:13:00,64.555,64.705,64.555,64.65,38
2026-01-07 14:14:00,64.7,64.81,64.7,64.77,45
2026-01-07 14:15:00,64.77,64.785,64.72,64.785,18
2026-01-07 14:16:00,64.82,64.93,64.82,64.89,29
2026-01-07 14:17:00,64.91,65.05,64.89,64.97,78
2026-01-07 14:18:00,64.95,64.95,64.6501,64.76,79
2026-01-07 14:19:00,64.76,64.78,64.72,64.73,12
2026-01-07 14:20:00,64.755,64.77,64.705,64.77,38
2026-01-07 14:21:00,64.79,64.89,64.79,64.89,50
2026-01-07 14:22:00,64.9,64.915,64.795,64.795,56
2026-01-07 14:23:00,64.8,64.8,64.73,64.73,26
2026-01-07 14:24:00,64.71,64.8,64.71,64.77,58
2026-01-07 14:25:00,64.77,64.79,64.72,64.735,11
2026-01-07 14:26:00,64.71,64.77,64.68,64.735,117
2026-01-07 14:27:00,64.72,64.94,64.72,64.94,138
2026-01-07 14:28:00,64.935,64.935,64.79,64.79,31
2026-01-07 14:29:00,64.82,64.89,64.82,64.89,59
2026-01-07 14:30:00,64.91,64.92,64.86,64.91,25
2026-01-07 14:31:00,64.9,64.95,64.9,64.935,48
2026-01-07 14:32:00,64.935,65.02,64.9,64.9,292
2026-01-07 14:33:00,64.9,65.12,64.9,65.12,96
2026-01-07 14:34:00,65.12,65.28,64.98,65.28,244
2026-01-07 14:35:00,65.28,65.485,65.25,65.48,49
2026-01-07 14:36:00,65.49,66.07,65.45,66.06,335
2026-01-07 14:37:00,66.069,66.069,65.85,65.9,114
2026-01-07 14:38:00,65.96,66.09,65.88,66.025,168
2026-01-07 14:39:00,66.0,66.0,65.85,65.885,227
2026-01-07 14:40:00,65.885,66.015,65.83,65.87,357
2026-01-07 14:41:00,65.87,65.8835,65.54,65.54,53
2026-01-07 14:42:00,65.5,65.76,65.39,65.74,162
2026-01-07 14:43:00,65.73,65.79,65.68,65.74,207
2026-01-07 14:44:00,65.72,65.78,65.64,65.71,63
2026-01-07 14:45:00,65.68,65.68,65.51,65.51,46
2026-01-07 14:46:00,65.5,65.65,65.5,65.65,89
2026-01-07 14:47:00,65.62,65.68,65.6,65.63,13
2026-01-07 14:48:00,65.6,65.87,65.51,65.83,103
2026-01-07 14:49:00,65.87,65.95,65.84,65.9,46
2026-01-07 14:50:00,65.89,66.02,65.845,66.01,42
2026-01-07 14:51:00,66.16,66.48,66.13,66.45,82
2026-01-07 14:52:00,66.44,66.51,66.28,66.39,118
2026-01-07 14:53:00,66.3,66.475,66.29,66.409,59
2026-01-07 14:54:00,66.405,66.51,66.305,66.46,127
2026-01-07 14:55:00,66.465,66.6699,66.4602,66.53,197
2026-01-07 14:56:00,66.53,66.53,66.53,66.53,7
2026-01-07 14:57:00,66.61,67.0799,66.6,66.965,236
2026-01-07 14:58:00,67.07,67.22,66.861,67.145,98
2026-01-07 14:59:00,67.2,67.28,67.17,67.24,103
2026-01-07 15:00:00,67.205,67.35,66.9901,67.24,138
2026-01-07 15:01:00,67.255,67.29,67.09,67.27,86
2026-01-07 15:02:00,67.2686,67.31,67.1,67.28,89
2026-01-07 15:03:00,67.18,67.25,67.06,67.12,62
2026-01-07 15:04:00,67.05,67.05,66.83,66.88,90
2026-01-07 15:05:00,66.85,66.93,66.7592,66.82,136
2026-01-07 15:06:00,66.83,67.15,66.82,67.03,96
2026-01-07 15:07:00,67.03,67.09,66.985,67.025,78
2026-01-07 15:08:00,67.025,67.24,67.0,67.22,131
2026-01-07 15:09:00,67.22,67.28,66.99,67.28,323
2026-01-07 15:10:00,67.27,67.27,66.885,66.89,284
2026-01-07 15:11:00,66.885,67.07,66.885,67.0,179
2026-01-07 15:12:00,66.9987,66.9987,66.63,66.65,240
2026-01-07 15:13:00,66.65,66.73,66.56,66.685,93
2026-01-07 15:14:00,66.6301,66.685,66.62,66.65,97
2026-01-07 15:15:00,66.68,66.78,66.64,66.75,166
2026-01-07 15:16:00,66.76,66.79,66.71,66.735,151
2026-01-07 15:17:00,66.735,66.9,66.67,66.81,231
2026-01-07 15:18:00,66.83,66.83,66.665,66.69,181
2026-01-07 15:19:00,66.7,66.758,66.53,66.74,141
2026-01-07 15:20:00,66.735,66.82,66.72,66.79,142
2026-01-07 15:21:00,66.78,66.7889,66.66,66.75,128
2026-01-07 15:22:00,66.7,66.7,66.5701,66.5701,96
2026-01-07 15:23:00,66.57,66.57,66.15,66.21,169
2026-01-07 15:24:00,66.18,66.1893,66.0,66.025,253
2026-01-07 15:25:00,66.01,66.08,65.97,66.06,184
2026-01-07 15:26:00,66.06,66.185,66.015,66.16,225
2026-01-07 15:27:00,66.19,66.2,66.07,66.1185,193
2026-01-07 15:28:00,66.085,66.21,66.06,66.16,87
2026-01-07 15:29:00,66.16,66.28,66.07,66.1,226
2026-01-07 15:30:00,66.1,66.1,65.9,66.01,306
2026-01-07 15:31:00,66.005,66.29,66.005,66.245,250
2026-01-07 15:32:00,66.245,66.32,66.2201,66.27,249
2026-01-07 15:33:00,66.27,66.485,66.27,66.345,138
2026-01-07 15:34:00,66.37,66.39,66.3201,66.38,93
2026-01-07 15:35:00,66.385,66.41,66.2001,66.325,204
2026-01-07 15:36:00,66.33,66.39,66.32,66.32,100
2026-01-07 15:37:00,66.32,66.445,66.32,66.445,208
2026-01-07 15:38:00,66.445,66.56,66.4,66.495,146
2026-01-07 15:39:00,66.495,66.66,66.4601,66.645,205
2026-01-07 15:40:00,66.645,66.65,66.39,66.4399,245
2026-01-07 15:41:00,66.41,66.415,66.16,66.165,49
2026-01-07 15:42:00,66.17,66.49,66.1101,66.44,414
2026-01-07 15:43:00,66.4281,66.58,66.34,66.425,447
2026-01-07 15:44:00,66.425,66.61,66.42,66.515,366
2026-01-07 15:45:00,66.515,66.63,66.47,66.58,426
2026-01-07 15:46:00,66.575,66.68,66.56,66.63,257
2026-01-07 15:47:00,66.63,66.64,66.52,66.6225,304
2026-01-07 15:48:00,66.625,66.74,66.6201,66.64,325
2026-01-07 15:49:00,66.65,66.73,66.6101,66.64,340
2026-01-07 15:50:00,66.67,66.75,66.1601,66.46,882
2026-01-07 15:51:00,66.39,66.485,66.19,66.22,561
2026-01-07 15:52:00,66.22,66.26,66.135,66.225,963
2026-01-07 15:53:00,66.225,66.225,65.905,65.96,688
2026-01-07 15:54:00,65.89,65.92,65.5,65.82,678
2026-01-07 15:55:00,65.825,65.935,65.815,65.935,922
2026-01-07 15:56:00,65.92,65.92,65.8201,65.888,923
2026-01-07 15:57:00,65.885,65.89,65.64,65.765,1265
2026-01-07 15:58:00,65.76,65.78,65.71,65.715,1297
2026-01-07 15:59:00,65.72,65.72,65.58,65.685,2829
2026-01-08 09:30:00,67.26,67.4,67.18,67.285,1068
2026-01-08 09:31:00,67.28,67.39,66.77,67.27,613
2026-01-08 09:32:00,67.24,67.48,67.135,67.42,601
2026-01-08 09:33:00,67.37,67.85,67.37,67.74,900
2026-01-08 09:34:00,67.73,67.73,67.26,67.365,283
2026-01-08 09:35:00,67.365,67.59,67.22,67.505,632
2026-01-08 09:36:00,67.5,67.5264,67.335,67.35,163
2026-01-08 09:37:00,67.37,67.52,67.28,67.345,545
2026-01-08 09:38:00,67.36,67.44,67.2702,67.41,53
2026-01-08 09:39:00,67.32,67.54,67.32,67.51,778
2026-01-08 09:40:00,67.51,67.725,67.51,67.6425,346
2026-01-08 09:41:00,67.645,67.645,67.23,67.3,189
2026-01-08 09:42:00,67.3,67.37,67.13,67.265,53
2026-01-08 09:43:00,67.3171,67.7106,67.3,67.635,473
2026-01-08 09:44:00,67.6325,67.9606,67.475,67.91,168
2026-01-08 09:45:00,67.67,68.12,67.66,67.99,380
2026-01-08 09:46:00,68.0,68.6899,67.975,68.6299,894
2026-01-08 09:47:00,68.63,69.42,68.63,69.1398,406
2026-01-08 09:48:00,69.07,69.1,68.81,68.91,211
2026-01-08 09:49:00,68.94,68.94,68.19,68.19,344
2026-01-08 09:50:00,68.08,68.917,68.08,68.84,484
2026-01-08 09:51:00,68.76,68.8799,68.63,68.775,130
2026-01-08 09:52:00,68.775,68.88,68.0,68.545,368
2026-01-08 09:53:00,68.5,68.545,68.12,68.34,73
2026-01-08 09:54:00,68.335,68.475,67.74,68.0,197
2026-01-08 09:55:00,67.96,67.96,67.445,67.59,163
2026-01-08 09:56:00,67.58,67.72,67.37,67.3925,323
2026-01-08 09:57:00,67.37,67.89,67.37,67.645,169
2026-01-08 09:58:00,67.6,68.113,67.6,68.113,131
2026-01-08 09:59:00,68.075,68.2064,67.65,67.745,75
2026-01-08 10:00:00,67.745,67.745,67.5,67.51,189
2026-01-08 10:01:00,67.51,67.66,67.03,67.4,154
2026-01-08 10:02:00,67.56,67.81,67.46,67.81,65
2026-01-08 10:03:00,67.8,67.9199,67.65,67.9,69
2026-01-08 10:04:00,67.878,68.0,67.7,67.885,30
2026-01-08 10:05:00,67.9,68.04,67.835,67.97,86
2026-01-08 10:06:00,67.975,67.975,67.88,67.9543,7
2026-01-08 10:07:00,67.87,67.91,67.485,67.6,122
2026-01-08 10:08:00,67.51,67.62,67.42,67.51,86
2026-01-08 10:09:00,67.56,67.64,67.4,67.535,181
2026-01-08 10:10:00,67.6,67.74,67.56,67.6,188
2026-01-08 10:11:00,67.66,67.8453,67.505,67.8453,46
2026-01-08 10:12:00,67.74,68.09,67.74,68.056,117
2026-01-08 10:13:00,67.95,68.08,67.91,68.07,51
2026-01-08 10:14:00,67.955,68.022,67.84,67.96,44
2026-01-08 10:15:00,67.86,67.97,67.85,67.91,127
2026-01-08 10:16:00,67.88,68.17,67.83,68.005,266
2026-01-08 10:17:00,68.17,68.25,68.015,68.14,271
2026-01-08 10:18:00,68.05,68.05,67.9,67.92,58
2026-01-08 10:19:00,67.945,68.24,67.89,68.07,169
2026-01-08 10:20:00,68.22,68.22,68.04,68.07,20
2026-01-08 10:21:00,68.12,68.24,67.92,68.0527,66
2026-01-08 10:22:00,67.94,68.026,67.87,67.92,45
2026-01-08 10:23:00,67.86,67.87,67.6383,67.6383,34
2026-01-08 10:24:00,67.68,67.74,67.655,67.66,11
2026-01-08 10:25:00,67.68,67.74,67.37,67.56,369
2026-01-08 10:26:00,67.415,67.55,67.34,67.4212,43
2026-01-08 10:27:00,67.365,67.405,67.0102,67.06,151
2026-01-08 10:28:00,67.056,67.11,66.7761,66.95,186
2026-01-08 10:29:00,66.99,66.99,66.92,66.95,44
2026-01-08 10:30:00,66.95,67.11,66.93,67.11,172
2026-01-08 10:31:00,67.065,67.07,66.77,66.97,102
2026-01-08 10:32:00,66.89,66.98,66.89,66.895,144
2026-01-08 10:33:00,66.89,67.01,66.88,66.96,351
2026-01-08 10:34:00,66.93,67.37,66.93,67.255,48
2026-01-08 10:35:00,67.32,67.58,67.07,67.27,196
2026-01-08 10:36:00,67.25,67.25,67.12,67.25,46
2026-01-08 10:37:00,67.18,67.37,67.12,67.345,39
2026-01-08 10:38:00,67.29,67.36,66.96,67.06,125
2026-01-08 10:39:00,67.055,67.14,66.94,67.05,123
2026-01-08 10:40:00,67.05,67.055,66.92,66.94,54
2026-01-08 10:41:00,66.9,66.91,66.5,66.5,106
2026-01-08 10:42:00,66.51,66.84,66.51,66.84,440
2026-01-08 10:43:00,66.85,66.86,66.75,66.75,23
2026-01-08 10:44:00,66.72,66.84,66.71,66.81,27
2026-01-08 10:45:00,66.8,66.92,66.8,66.92,38
2026-01-08 10:46:00,66.91,67.02,66.87,67.02,121
2026-01-08 10:47:00,67.04,67.17,67.04,67.135,308
2026-01-08 10:48:00,67.13,67.135,66.88,66.88,11
2026-01-08 10:49:00,66.8,66.905,66.8,66.8,7
2026-01-08 10:50:00,66.82,66.87,66.72,66.795,39
2026-01-08 10:51:00,66.71,66.73,66.645,66.645,8
2026-01-08 10:52:00,66.66,66.67,66.56,66.59,15
2026-01-08 10:53:00,66.5,66.5,66.35,66.4,35
2026-01-08 10:54:00,66.37,66.595,66.25,66.505,86
2026-01-08 10:55:00,66.545,66.66,66.545,66.66,8
2026-01-08 10:56:00,66.635,66.635,66.57,66.63,9
2026-01-08 10:57:00,66.56,66.59,66.5,66.54,38
2026-01-08 10:58:00,66.59,66.68,66.59,66.63,136
2026-01-08 10:59:00,66.63,66.77,66.6,66.7,56
2026-01-08 11:00:00,66.68,66.78,66.53,66.53,45
2026-01-08 11:01:00,66.25,66.59,66.25,66.5,43
2026-01-08 11:02:00,66.505,66.59,66.4,66.4,22
2026-01-08 11:03:00,66.32,66.43,66.32,66.43,4
2026-01-08 11:04:00,66.45,66.5,66.39,66.4,32
2026-01-08 11:05:00,66.44,66.44,66.37,66.4,15
2026-01-08 11:06:00,66.4,66.5,66.4,66.475,27
2026-01-08 11:07:00,66.5,66.76,66.5,66.73,39
2026-01-08 11:08:00,66.725,66.73,66.67,66.68,12
2026-01-08 11:09:00,66.715,66.715,66.52,66.525,77
2026-01-08 11:10:00,66.525,66.85,66.49,66.85,116
2026-01-08 11:11:00,66.85,66.85,66.74,66.74,8
2026-01-08 11:12:00,66.7175,66.74,66.49,66.63,37
2026-01-08 11:13:00,66.67,66.8,66.67,66.715,18
2026-01-08 11:14:00,66.715,66.715,66.54,66.62,40
2026-01-08 11:15:00,66.5,66.54,66.4834,66.4834,5
2026-01-08 11:16:00,66.48,66.5,66.455,66.46,20
2026-01-08 11:17:00,66.5,66.55,66.5,66.54,23
2026-01-08 11:18:00,66.58,66.71,66.58,66.71,18
2026-01-08 11:19:00,66.77,66.805,66.72,66.73,40
2026-01-08 11:20:00,66.72,66.84,66.71,66.83,41
2026-01-08 11:21:00,66.84,66.91,66.72,66.815,71
2026-01-08 11:22:00,66.81,66.83,66.715,66.83,47
2026-01-08 11:23:00,66.805,66.81,66.73,66.73,33
2026-01-08 11:24:00,66.71,66.72,66.68,66.72,34
2026-01-08 11:25:00,66.66,66.66,66.64,66.64,3
2026-01-08 11:26:00,66.655,66.655,66.57,66.59,39
2026-01-08 11:27:00,66.59,66.59,66.53,66.53,23
2026-01-08 11:28:00,66.54,66.59,66.54,66.58,18
2026-01-08 11:29:00,66.58,66.58,66.545,66.55,17
2026-01-08 11:30:00,66.54,66.54,66.52,66.52,7
2026-01-08 11:31:00,66.52,66.56,66.43,66.495,59
2026-01-08 11:32:00,66.48,66.54,66.48,66.54,27
2026-01-08 11:33:00,66.52,66.52,66.52,66.52,6
2026-01-08 11:34:00,66.52,66.72,66.52,66.72,64
2026-01-08 11:35:00,66.695,66.775,66.62,66.77,115
2026-01-08 11:36:00,66.75,66.86,66.67,66.83,94
2026-01-08 11:37:00,66.82,66.82,66.805,66.805,9
2026-01-08 11:38:00,66.8,66.94,66.78,66.94,105
2026-01-08 11:39:00,67.0,67.065,66.99,66.99,39
2026-01-08 11:40:00,67.03,67.03,67.0,67.02,30
2026-01-08 11:41:00,66.98,67.11,66.98,67.08,54
2026-01-08 11:42:00,67.055,67.055,67.03,67.03,9
2026-01-08 11:43:00,67.03,67.1,66.965,67.1,44
2026-01-08 11:44:00,67.09,67.09,67.075,67.075,3
2026-01-08 11:45:00,67.09,67.14,67.08,67.1,236
2026-01-08 11:46:00,67.0982,67.25,67.0982,67.22,121
2026-01-08 11:47:00,67.2,67.2,67.16,67.16,7
2026-01-08 11:48:00,67.16,67.21,67.12,67.12,271
2026-01-08 11:49:00,67.12,67.2125,67.12,67.2125,46
2026-01-08 11:50:00,67.23,67.27,67.22,67.22,20
2026-01-08 11:51:00,67.245,67.32,67.245,67.28,34
2026-01-08 11:52:00,67.27,67.31,67.2,67.215,17
2026-01-08 11:53:00,67.205,67.36,67.205,67.36,34
2026-01-08 11:54:00,67.335,67.42,67.22,67.285,157
2026-01-08 11:55:00,67.27,67.435,67.265,67.435,216
2026-01-08 11:56:00,67.46,67.505,67.42,67.445,108
2026-01-08 11:57:00,67.445,67.445,67.35,67.37,84
2026-01-08 11:58:00,67.37,67.38,67.3,67.37,21
2026-01-08 11:59:00,67.4,67.43,67.36,67.36,24
2026-01-08 12:00:00,67.36,67.45,67.34,67.425,23
2026-01-08 12:01:00,67.47,67.75,67.47,67.65,349
2026-01-08 12:02:00,67.63,67.68,67.605,67.605,118
2026-01-08 12:03:00,67.605,67.76,67.605,67.75,77
2026-01-08 12:04:00,67.74,67.87,67.585,67.87,163
2026-01-08 12:05:00,67.9179,67.92,67.83,67.91,39
2026-01-08 12:06:00,67.875,67.875,67.8,67.87,56
2026-01-08 12:07:00,67.88,67.95,67.86,67.93,35
2026-01-08 12:08:00,67.93,67.93,67.71,67.77,77
2026-01-08 12:09:00,67.73,67.8,67.73,67.78,10
2026-01-08 12:10:00,67.78,67.94,67.78,67.93,65
2026-01-08 12:11:00,67.96,67.975,67.88,67.92,44
2026-01-08 12:12:00,67.9,67.9,67.81,67.83,44
2026-01-08 12:13:00,67.85,67.92,67.85,67.9193,27
2026-01-08 12:14:00,67.9,67.93,67.9,67.92,12
2026-01-08 12:15:00,67.92,68.1,67.92,67.98,189
2026-01-08 12:16:00,67.975,68.02,67.975,68.02,33
2026-01-08 12:17:00,68.02,68.02,67.98,67.98,76
2026-01-08 12:18:00,67.96,68.24,67.96,68.24,288
2026-01-08 12:19:00,68.24,68.24,68.07,68.1755,42
2026-01-08 12:20:00,68.04,68.04,67.89,67.89,24
2026-01-08 12:21:00,67.88,67.88,67.81,67.81,44
2026-01-08 12:22:00,67.81,67.83,67.78,67.78,14
2026-01-08 12:23:00,67.79,67.79,67.76,67.76,6
2026-01-08 12:24:00,67.7625,67.775,67.67,67.67,53
2026-01-08 12:25:00,67.66,67.74,67.56,67.57,62
2026-01-08 12:26:00,67.55,67.55,67.46,67.55,31
2026-01-08 12:27:00,67.53,67.53,67.44,67.47,22
2026-01-08 12:28:00,67.435,67.435,67.32,67.32,22
2026-01-08 12:29:00,67.35,67.47,67.35,67.47,29
2026-01-08 12:30:00,67.52,67.52,67.475,67.49,25
2026-01-08 12:31:00,67.465,67.49,67.45,67.465,44
2026-01-08 12:32:00,67.465,67.53,67.45,67.52,70
2026-01-08 12:33:00,67.52,67.52,67.435,67.435,131
2026-01-08 12:34:00,67.41,67.44,67.38,67.44,17
2026-01-08 12:35:00,67.4139,67.4139,67.2933,67.2933,17
2026-01-08 12:36:00,67.32,67.32,67.27,67.28,17
2026-01-08 12:37:00,67.26,67.35,67.26,67.35,48
2026-01-08 12:38:00,67.36,67.4,67.3222,67.355,12
2026-01-08 12:39:00,67.37,67.37,67.32,67.33,14
2026-01-08 12:40:00,67.3,67.3,67.14,67.14,29
2026-01-08 12:41:00,67.07,67.17,67.0682,67.15,35
2026-01-08 12:42:00,67.115,67.115,67.07,67.11,8
2026-01-08 12:43:00,67.09,67.11,67.04,67.1,25
2026-01-08 12:44:00,67.15,67.15,67.0801,67.145,23
2026-01-08 12:45:00,67.13,67.13,67.09,67.1,18
2026-01-08 12:46:00,67.06,67.095,67.05,67.05,7
2026-01-08 12:47:00,67.035,67.17,67.0,67.0131,150
2026-01-08 12:48:00,67.085,67.24,67.085,67.235,35
2026-01-08 12:49:00,67.16,67.16,67.13,67.13,16
2026-01-08 12:50:00,67.14,67.14,67.11,67.12,12
2026-01-08 12:51:00,67.12,67.12,67.095,67.12,7
2026-01-08 12:52:00,67.12,67.12,67.05,67.05,14
2026-01-08 12:53:00,67.07,67.11,67.05,67.11,19
2026-01-08 12:54:00,67.1499,67.1499,67.01,67.01,29
2026-01-08 12:55:00,67.01,67.01,66.961,67.0,56
2026-01-08 12:56:00,66.9925,67.03,66.85,66.9797,116
2026-01-08 12:57:00,66.995,67.0,66.995,67.0,7
2026-01-08 12:58:00,67.0,67.0,66.92,66.93,9
2026-01-08 12:59:00,66.9,66.93,66.9,66.93,2
2026-01-08 13:00:00,66.9,66.9,66.85,66.85,13
2026-01-08 13:01:00,66.825,66.825,66.79,66.79,12
2026-01-08 13:02:00,66.77,66.77,66.67,66.69,17
2026-01-08 13:03:00,66.66,66.7173,66.655,66.7173,15
2026-01-08 13:04:00,66.73,66.7416,66.73,66.7416,8
2026-01-08 13:05:00,66.72,66.72,66.605,66.66,26
2026-01-08 13:06:00,66.655,66.69,66.62,66.65,50
2026-01-08 13:07:00,66.635,66.68,66.635,66.68,4
2026-01-08 13:08:00,66.625,66.6488,66.595,66.6488,12
2026-01-08 13:09:00,66.66,66.66,66.645,66.645,22
2026-01-08 13:10:00,66.64,66.64,66.585,66.585,14
2026-01-08 13:11:00,66.58,66.58,66.564,66.564,4
2026-01-08 13:12:00,66.56,66.56,66.54,66.54,4
2026-01-08 13:13:00,66.53,66.53,66.41,66.43,30
2026-01-08 13:14:00,66.41,66.47,66.41,66.4101,30
2026-01-08 13:15:00,66.47,66.5,66.31,66.32,18
2026-01-08 13:16:00,66.295,66.295,66.18,66.235,17
2026-01-08 13:17:00,66.235,66.28,66.201,66.23,69
2026-01-08 13:18:00,66.2582,66.2582,66.19,66.225,10
2026-01-08 13:19:00,66.23,66.29,66.2,66.255,21
2026-01-08 13:20:00,66.31,66.44,66.3,66.44,22
2026-01-08 13:21:00,66.42,66.495,66.42,66.495,16
2026-01-08 13:22:00,66.54,66.55,66.49,66.495,18
2026-01-08 13:23:00,66.495,66.545,66.495,66.52,35
2026-01-08 13:24:00,66.52,66.58,66.52,66.58,17
2026-01-08 13:25:00,66.565,66.59,66.56,66.575,9
2026-01-08 13:26:00,66.58,66.59,66.55,66.565,24
2026-01-08 13:27:00,66.565,66.565,66.51,66.535,59
2026-01-08 13:28:00,66.53,66.59,66.5,66.565,30
2026-01-08 13:29:00,66.575,66.59,66.575,66.59,9
2026-01-08 13:30:00,66.62,66.66,66.62,66.62,8
2026-01-08 13:31:00,66.615,66.69,66.615,66.69,6
2026-01-08 13:32:00,66.71,66.71,66.59,66.605,56
2026-01-08 13:33:00,66.6,66.645,66.6,66.62,16
2026-01-08 13:34:00,66.62,66.66,66.61,66.66,12
2026-01-08 13:35:00,66.67,66.67,66.54,66.595,44
2026-01-08 13:36:00,66.605,66.625,66.53,66.56,26
2026-01-08 13:37:00,66.51,66.53,66.485,66.51,13
2026-01-08 13:38:00,66.55,66.55,66.49,66.51,12
2026-01-08 13:39:00,66.505,66.51,66.505,66.51,5
2026-01-08 13:40:00,66.505,66.53,66.495,66.52,28
2026-01-08 13:41:00,66.525,66.55,66.525,66.55,10
2026-01-08 13:42:00,66.55,66.57,66.535,66.535,5
2026-01-08 13:43:00,66.56,66.56,66.51,66.51,24
2026-01-08 13:44:00,66.49,66.5,66.435,66.48,35
2026-01-08 13:45:00,66.51,66.51,66.39,66.425,23
2026-01-08 13:46:00,66.38,66.42,66.355,66.42,16
2026-01-08 13:47:00,66.395,66.41,66.33,66.365,22
2026-01-08 13:48:00,66.35,66.37,66.35,66.37,13
2026-01-08 13:49:00,66.37,66.38,66.335,66.36,92
2026-01-08 13:50:00,66.39,66.55,66.38,66.475,33
2026-01-08 13:51:00,66.455,66.48,66.455,66.48,2
2026-01-08 13:52:00,66.48,66.48,66.355,66.395,47
2026-01-08 13:53:00,66.375,66.455,66.335,66.335,92
2026-01-08 13:54:00,66.32,66.32,66.28,66.28,9
2026-01-08 13:55:00,66.275,66.43,66.275,66.43,22
2026-01-08 13:56:00,66.415,66.415,66.3,66.3,6
2026-01-08 13:57:00,66.335,66.36,66.31,66.36,12
2026-01-08 13:58:00,66.305,66.35,66.27,66.3,21
2026-01-08 13:59:00,66.3,66.3,66.3,66.3,9
2026-01-08 14:00:00,66.34,66.37,66.32,66.325,14
2026-01-08 14:01:00,66.36,66.36,66.3117,66.35,12
2026-01-08 14:02:00,66.37,66.37,66.33,66.36,24
2026-01-08 14:03:00,66.38,66.42,66.38,66.4,19
2026-01-08 14:04:00,66.41,66.41,66.37,66.38,15
2026-01-08 14:05:00,66.375,66.375,66.32,66.32,8
2026-01-08 14:06:00,66.34,66.42,66.335,66.42,47
2026-01-08 14:07:00,66.35,66.35,66.03,66.03,22
2026-01-08 14:08:00,66.0,66.0,65.89,65.89,20
2026-01-08 14:09:00,65.93,65.945,65.92,65.92,31
2026-01-08 14:10:00,65.915,66.0,65.915,65.955,25
2026-01-08 14:11:00,65.95,66.0,65.95,65.985,19
2026-01-08 14:12:00,65.985,65.985,65.825,65.825,15
2026-01-08 14:13:00,65.82,65.82,65.6,65.6,128
2026-01-08 14:14:00,65.59,65.6,65.4853,65.4853,57
2026-01-08 14:15:00,65.465,65.465,65.42,65.455,11
2026-01-08 14:16:00,65.415,65.43,65.4001,65.425,31
2026-01-08 14:17:00,65.45,65.46,65.43,65.43,13
2026-01-08 14:18:00,65.43,65.43,65.43,65.43,0
2026-01-08 14:19:00,65.45,65.4792,65.42,65.42,24
2026-01-08 14:20:00,65.37,65.37,65.23,65.295,57
2026-01-08 14:21:00,65.24,65.32,65.19,65.31,63
2026-01-08 14:22:00,65.3,65.42,65.25,65.405,161
2026-01-08 14:23:00,65.395,65.48,65.304,65.4,57
2026-01-08 14:24:00,65.4,65.425,65.39,65.4,27
2026-01-08 14:25:00,65.43,65.46,65.16,65.185,89
2026-01-08 14:26:00,65.185,65.25,65.125,65.235,20
2026-01-08 14:27:00,65.235,65.46,65.235,65.46,34
2026-01-08 14:28:00,65.44,65.47,65.43,65.47,24
2026-01-08 14:29:00,65.445,65.5899,65.4416,65.535,41
2026-01-08 14:30:00,65.525,65.56,65.52,65.52,15
2026-01-08 14:31:00,65.52,65.52,65.38,65.38,24
2026-01-08 14:32:00,65.38,65.38,65.34,65.355,48
2026-01-08 14:33:00,65.346,65.355,65.2165,65.2165,34
2026-01-08 14:34:00,65.215,65.22,65.11,65.18,68
2026-01-08 14:35:00,65.15,65.15,65.1,65.12,12
2026-01-08 14:36:00,65.12,65.12,65.01,65.025,28
2026-01-08 14:37:00,65.01,65.025,64.9609,65.025,81
2026-01-08 14:38:00,65.0352,65.07,65.0,65.05,47
2026-01-08 14:39:00,65.03,65.14,65.025,65.14,38
2026-01-08 14:40:00,65.16,65.18,65.02,65.04,33
2026-01-08 14:41:00,64.99,65.04,64.985,65.04,13
2026-01-08 14:42:00,65.12,65.12,65.12,65.12,1
2026-01-08 14:43:00,65.1,65.17,65.1,65.17,22
2026-01-08 14:44:00,65.18,65.235,65.18,65.235,12
2026-01-08 14:45:00,65.25,65.26,65.2,65.235,27
2026-01-08 14:46:00,65.22,65.22,65.02,65.15,40
2026-01-08 14:47:00,65.17,65.24,65.045,65.045,34
2026-01-08 14:48:00,65.045,65.045,64.98,64.98,26
2026-01-08 14:49:00,64.98,64.98,64.96,64.965,23
2026-01-08 14:50:00,64.99,65.1,64.95,65.09,47
2026-01-08 14:51:00,65.145,65.1697,65.12,65.14,13
2026-01-08 14:52:00,65.155,65.17,65.13,65.15,7
2026-01-08 14:53:00,65.12,65.12,64.99,64.99,9
2026-01-08 14:54:00,65.0,65.01,64.8,64.8,37
2026-01-08 14:55:00,64.73,64.73,64.55,64.67,41
2026-01-08 14:56:00,64.61,64.67,64.61,64.64,22
2026-01-08 14:57:00,64.62,64.695,64.62,64.69,41
2026-01-08 14:58:00,64.69,64.69,64.631,64.665,31
2026-01-08 14:59:00,64.67,64.77,64.67,64.755,22
2026-01-08 15:00:00,64.75,64.89,64.73,64.86,82
2026-01-08 15:01:00,64.9038,64.92,64.885,64.92,12
2026-01-08 15:02:00,64.9,65.07,64.89,65.07,26
2026-01-08 15:03:00,65.07,65.2,65.0,65.0,38
2026-01-08 15:04:00,65.03,65.03,64.9,64.9,23
2026-01-08 15:05:00,64.85,64.94,64.84,64.885,16
2026-01-08 15:06:00,64.88,64.93,64.88,64.93,22
2026-01-08 15:07:00,64.915,65.03,64.9,65.0,56
2026-01-08 15:08:00,65.0,65.0,65.0,65.0,3
2026-01-08 15:09:00,65.015,65.035,65.015,65.02,6
2026-01-08 15:10:00,65.0309,65.08,65.0,65.01,66
2026-01-08 15:11:00,65.0,65.1,64.99,64.9987,49
2026-01-08 15:12:00,65.035,65.07,64.97,65.0,27
2026-01-08 15:13:00,65.0,65.005,64.9,64.9,10
2026-01-08 15:14:00,64.9,64.9,64.81,64.82,7
2026-01-08 15:15:00,64.81,65.03,64.785,65.03,39
2026-01-08 15:16:00,65.03,65.03,65.01,65.03,15
2026-01-08 15:17:00,65.03,65.04,65.02,65.04,7
2026-01-08 15:18:00,65.07,65.15,65.06,65.12,23
2026-01-08 15:19:00,65.16,65.16,64.98,65.0,74
2026-01-08 15:20:00,65.02,65.1982,65.0158,65.1982,39
2026-01-08 15:21:00,65.16,65.17,65.16,65.165,5
2026-01-08 15:22:00,65.13,65.17,65.13,65.17,7
2026-01-08 15:23:00,65.18,65.2975,65.18,65.23,65
2026-01-08 15:24:00,65.23,65.35,65.23,65.3,38
2026-01-08 15:25:00,65.32,65.41,65.32,65.41,17
2026-01-08 15:26:00,65.42,65.49,65.42,65.4437,22
2026-01-08 15:27:00,65.455,65.58,65.455,65.58,53
2026-01-08 15:28:00,65.58,65.86,65.58,65.86,25
2026-01-08 15:29:00,65.86,65.88,65.74,65.74,61
2026-01-08 15:30:00,65.7232,65.8378,65.65,65.799,83
2026-01-08 15:31:00,65.725,65.79,65.71,65.78,31
2026-01-08 15:32:00,65.81,65.86,65.75,65.86,172
2026-01-08 15:33:00,65.86,65.86,65.72,65.75,39
2026-01-08 15:34:00,65.78,65.84,65.76,65.84,33
2026-01-08 15:35:00,65.84,65.87,65.8,65.8,54
2026-01-08 15:36:00,65.75,65.755,65.75,65.755,7
2026-01-08 15:37:00,65.76,65.84,65.76,65.82,44
2026-01-08 15:38:00,65.84,65.86,65.83,65.84,13
2026-01-08 15:39:00,65.84,65.87,65.76,65.85,205
2026-01-08 15:40:00,65.85,66.26,65.85,65.98,303
2026-01-08 15:41:00,66.055,66.055,65.85,65.85,40
2026-01-08 15:42:00,65.84,65.93,65.81,65.93,72
2026-01-08 15:43:00,65.95,65.95,65.91,65.915,9
2026-01-08 15:44:00,65.915,65.915,65.74,65.81,60
2026-01-08 15:45:00,65.8,65.885,65.8,65.81,36
2026-01-08 15:46:00,65.813,65.87,65.813,65.87,47
2026-01-08 15:47:00,65.86,65.86,65.695,65.72,32
2026-01-08 15:48:00,65.72,65.76,65.62,65.63,70
2026-01-08 15:49:00,65.59,65.61,65.43,65.44,79
2026-01-08 15:50:00,65.49,65.515,65.18,65.425,147
2026-01-08 15:51:00,65.425,65.425,65.23,65.255,85
2026-01-08 15:52:00,65.29,65.49,65.23,65.23,119
2026-01-08 15:53:00,65.275,65.33,65.24,65.3,153
2026-01-08 15:54:00,65.27,65.27,65.14,65.165,94
2026-01-08 15:55:00,65.18,65.33,65.08,65.11,185
2026-01-08 15:56:00,65.125,65.32,65.125,65.215,166
2026-01-08 15:57:00,65.21,65.22,65.03,65.03,178
2026-01-08 15:58:00,65.035,65.04,64.96,64.975,467
2026-01-08 15:59:00,64.975,64.99,64.91,64.96,590
2026-01-09 09:30:00,65.5,65.89,65.45,65.885,195
2026-01-09 09:31:00,65.885,66.23,65.51,66.23,82
2026-01-09 09:32:00,66.19,66.1944,65.87,66.05,52
2026-01-09 09:33:00,65.87,65.87,65.41,65.7,199
2026-01-09 09:34:00,65.43,66.09,65.42,66.09,93
2026-01-09 09:35:00,66.03,66.03,66.0,66.0,26
2026-01-09 09:36:00,66.0694,66.23,66.0694,66.19,57
2026-01-09 09:37:00,66.19,66.3,65.98,65.99,64
2026-01-09 09:38:00,66.0,66.21,66.0,66.12,148
2026-01-09 09:39:00,66.2,66.85,66.19,66.39,45
2026-01-09 09:40:00,66.53,66.57,66.1,66.155,112
2026-01-09 09:41:00,66.1165,66.19,65.98,66.11,41
2026-01-09 09:42:00,66.01,66.31,65.87,66.1,107
2026-01-09 09:43:00,66.15,66.26,66.04,66.07,24
2026-01-09 09:44:00,66.08,66.1,65.74,65.74,38
2026-01-09 09:45:00,65.75,66.055,65.74,66.055,27
2026-01-09 09:46:00,66.065,66.24,65.87,66.24,31
2026-01-09 09:47:00,66.175,66.41,66.175,66.33,46
2026-01-09 09:48:00,66.22,66.335,66.05,66.165,139
2026-01-09 09:49:00,66.22,66.23,66.05,66.205,25
2026-01-09 09:50:00,66.32,66.32,66.21,66.21,2
2026-01-09 09:51:00,66.21,66.37,66.21,66.37,21
2026-01-09 09:52:00,66.39,66.615,66.38,66.59,64
2026-01-09 09:53:00,66.44,66.63,66.34,66.5,67
2026-01-09 09:54:00,66.5,66.63,66.45,66.6036,19
2026-01-09 09:55:00,66.51,66.69,66.51,66.69,8
2026-01-09 09:56:00,66.69,66.94,66.69,66.855,96
2026-01-09 09:57:00,66.86,66.86,66.72,66.85,26
2026-01-09 09:58:00,66.86,66.925,66.8,66.885,31
2026-01-09 09:59:00,66.99,67.0,66.64,66.64,96
2026-01-09 10:00:00,66.84,67.03,66.75,66.905,58
2026-01-09 10:01:00,66.88,66.88,66.7,66.7,8
2026-01-09 10:02:00,66.69,66.695,66.685,66.685,6
2026-01-09 10:03:00,66.695,66.74,66.59,66.71,82
2026-01-09 10:04:00,66.67,66.7,66.66,66.68,13
2026-01-09 10:05:00,66.685,66.685,66.4,66.525,125
2026-01-09 10:06:00,66.4,66.4,66.27,66.27,36
2026-01-09 10:07:00,66.34,66.44,66.235,66.24,40
2026-01-09 10:08:00,66.12,66.12,66.0,66.035,22
2026-01-09 10:09:00,66.15,66.15,65.99,66.1151,34
2026-01-09 10:10:00,66.23,66.23,66.12,66.12,22
2026-01-09 10:11:00,66.24,66.25,66.0,66.205,33
2026-01-09 10:12:00,66.17,66.29,66.17,66.29,4
2026-01-09 10:13:00,66.32,66.32,66.21,66.21,2
2026-01-09 10:14:00,66.205,66.22,65.84,65.84,112
2026-01-09 10:15:00,65.78,65.78,65.61,65.6946,24
2026-01-09 10:16:00,65.64,65.85,65.47,65.6,95
2026-01-09 10:17:00,65.54,65.54,65.4,65.4,29
2026-01-09 10:18:00,65.445,65.45,65.3236,65.4,13
2026-01-09 10:19:00,65.405,65.47,65.405,65.44,3
2026-01-09 10:20:00,65.41,65.44,65.31,65.44,22
2026-01-09 10:21:00,65.4088,65.4088,65.4,65.4,3
2026-01-09 10:22:00,65.4,65.509,65.38,65.41,70
2026-01-09 10:23:00,65.395,65.3951,65.32,65.3951,5
2026-01-09 10:24:00,65.4805,65.658,65.425,65.658,43
2026-01-09 10:25:00,65.625,65.69,65.565,65.565,20
2026-01-09 10:26:00,65.565,65.57,65.565,65.57,2
2026-01-09 10:27:00,65.57,65.57,65.57,65.57,0
2026-01-09 10:28:00,65.57,65.66,65.57,65.66,12
2026-01-09 10:29:00,65.66,65.66,65.6,65.61,22
2026-01-09 10:30:00,65.61,65.635,65.55,65.635,6
2026-01-09 10:31:00,65.635,65.635,65.57,65.57,5
2026-01-09 10:32:00,65.55,65.81,65.55,65.765,36
2026-01-09 10:33:00,65.765,65.765,65.64,65.64,23
2026-01-09 10:34:00,65.65,65.715,65.58,65.6775,20
2026-01-09 10:35:00,65.6898,65.6898,65.55,65.57,26
2026-01-09 10:36:00,65.6,65.62,65.56,65.62,38
2026-01-09 10:37:00,65.6,65.6,65.43,65.485,19
2026-01-09 10:38:00,65.37,65.6499,65.37,65.48,8
2026-01-09 10:39:00,65.3101,65.42,65.31,65.31,4
2026-01-09 10:40:00,65.36,65.36,65.11,65.11,47
2026-01-09 10:41:00,65.1,65.13,65.09,65.13,10
2026-01-09 10:42:00,65.12,65.55,65.0,65.475,104
2026-01-09 10:43:00,65.39,65.41,65.39,65.41,2
2026-01-09 10:44:00,65.23,65.23,65.22,65.22,2
2026-01-09 10:45:00,65.2175,65.2175,65.2175,65.2175,1
2026-01-09 10:46:00,65.33,65.33,65.33,65.33,1
2026-01-09 10:47:00,65.33,65.33,65.11,65.33,18
2026-01-09 10:48:00,65.32,65.32,65.315,65.315,4
2026-01-09 10:49:00,65.32,65.32,65.32,65.32,3
2026-01-09 10:50:00,65.335,65.615,65.33,65.605,23
2026-01-09 10:51:00,65.61,65.61,65.5,65.53,24
2026-01-09 10:52:00,65.37,65.41,65.36,65.36,7
2026-01-09 10:53:00,65.39,65.39,65.37,65.37,3
2026-01-09 10:54:00,65.35,65.425,65.35,65.425,10
2026-01-09 10:55:00,65.4286,65.4286,65.3101,65.425,13
2026-01-09 10:56:00,65.435,65.435,65.39,65.39,2
2026-01-09 10:57:00,65.415,65.445,65.3507,65.42,13
2026-01-09 10:58:00,65.42,65.42,65.42,65.42,0
2026-01-09 10:59:00,65.48,65.48,65.48,65.48,1
2026-01-09 11:00:00,65.44,65.44,65.34,65.36,17
2026-01-09 11:01:00,65.405,65.41,65.34,65.41,11
2026-01-09 11:02:00,65.4,65.4,65.39,65.39,6
2026-01-09 11:03:00,65.39,65.39,65.38,65.38,4
2026-01-09 11:04:00,65.425,65.425,65.37,65.41,5
2026-01-09 11:05:00,65.38,65.38,65.35,65.35,2
2026-01-09 11:06:00,65.41,65.41,65.41,65.41,1
2026-01-09 11:07:00,65.37,65.4,65.33,65.395,38
2026-01-09 11:08:00,65.395,65.45,65.3475,65.45,18
2026-01-09 11:09:00,65.48,65.48,65.4375,65.4375,2
2026-01-09 11:10:00,65.455,65.455,65.455,65.455,3
2026-01-09 11:11:00,65.455,65.455,65.455,65.455,0
2026-01-09 11:12:00,65.5,65.7,65.5,65.66,37
2026-01-09 11:13:00,65.57,65.67,65.57,65.6303,17
2026-01-09 11:14:00,65.67,65.67,65.67,65.67,1
2026-01-09 11:15:00,65.6774,65.6774,65.56,65.57,15
2026-01-09 11:16:00,65.49,65.49,65.3,65.31,31
2026-01-09 11:17:00,65.3426,65.3718,65.28,65.3718,14
2026-01-09 11:18:00,65.27,65.27,65.27,65.27,1
2026-01-09 11:19:00,65.27,65.28,65.27,65.28,5
2026-01-09 11:20:00,65.28,65.28,65.28,65.28,1
2026-01-09 11:21:00,65.3474,65.355,65.28,65.355,7
2026-01-09 11:22:00,65.28,65.35,65.24,65.305,34
2026-01-09 11:23:00,65.37,65.37,65.33,65.335,10
2026-01-09 11:24:00,65.38,65.38,65.3318,65.3318,8
2026-01-09 11:25:00,65.355,65.43,65.355,65.43,4
2026-01-09 11:26:00,65.37,65.37,65.35,65.35,2
2026-01-09 11:27:00,65.45,65.63,65.45,65.56,43
2026-01-09 11:28:00,65.565,65.57,65.565,65.57,16
2026-01-09 11:29:00,65.57,65.7,65.57,65.58,13
2026-01-09 11:30:00,65.71,65.71,65.64,65.64,2
2026-01-09 11:31:00,65.635,65.64,65.48,65.48,25
2026-01-09 11:32:00,65.48,65.5,65.48,65.5,6
2026-01-09 11:33:00,65.5,65.63,65.5,65.615,6
2026-01-09 11:34:00,65.53,65.53,65.35,65.48,29
2026-01-09 11:35:00,65.48,65.48,65.48,65.48,0
2026-01-09 11:36:00,65.48,65.48,65.48,65.48,0
2026-01-09 11:37:00,65.4,65.4,65.37,65.39,13
2026-01-09 11:38:00,65.44,65.49,65.43,65.43,7
2026-01-09 11:39:00,65.49,65.49,65.435,65.435,3
2026-01-09 11:40:00,65.5,65.52,65.5,65.52,6
2026-01-09 11:41:00,65.52,65.52,65.48,65.48,6
2026-01-09 11:42:00,65.56,65.56,65.56,65.56,1
2026-01-09 11:43:00,65.48,65.55,65.48,65.48,20
2026-01-09 11:44:00,65.48,65.48,65.29,65.3,49
2026-01-09 11:45:00,65.35,65.35,65.35,65.35,4
2026-01-09 11:46:00,65.35,65.355,65.28,65.355,13
2026-01-09 11:47:00,65.41,65.55,65.355,65.515,30
2026-01-09 11:48:00,65.515,65.515,65.41,65.48,30
2026-01-09 11:49:00,65.42,65.43,65.4,65.429,12
2026-01-09 11:50:00,65.415,65.45,65.415,65.42,23
2026-01-09 11:51:00,65.32,65.39,65.32,65.39,10
2026-01-09 11:52:00,65.39,65.39,65.306,65.36,3
2026-01-09 11:53:00,65.4,65.47,65.4,65.47,3
2026-01-09 11:54:00,65.47,65.47,65.47,65.47,0
2026-01-09 11:55:00,65.36,65.36,65.105,65.17,64
2026-01-09 11:56:00,65.135,65.135,65.1,65.13,3
2026-01-09 11:57:00,65.14,65.22,65.0,65.08,90
2026-01-09 11:58:00,65.11,65.15,65.11,65.15,10
2026-01-09 11:59:00,65.205,65.21,65.205,65.21,3
2026-01-09 12:00:00,65.21,65.21,65.21,65.21,0
2026-01-09 12:01:00,65.21,65.21,65.21,65.21,0
2026-01-09 12:02:00,65.0442,65.17,65.0442,65.1228,14
2026-01-09 12:03:00,65.1182,65.2,65.1182,65.125,3
2026-01-09 12:04:00,65.09,65.13,64.94,64.97,75
2026-01-09 12:05:00,65.0,65.118,65.0,65.118,17
2026-01-09 12:06:00,65.118,65.118,65.118,65.118,0
2026-01-09 12:07:00,65.0,65.055,65.0,65.0,13
2026-01-09 12:08:00,65.03,65.06,64.99,65.0,5
2026-01-09 12:09:00,65.0,65.0,64.93,64.965,12
2026-01-09 12:10:00,64.99,65.01,64.985,65.01,4
2026-01-09 12:11:00,65.01,65.01,64.97,64.97,12
2026-01-09 12:12:00,64.985,64.985,64.95,64.95,6
2026-01-09 12:13:00,64.93,64.93,64.9,64.9,14
2026-01-09 12:14:00,64.88,64.88,64.79,64.845,21
2026-01-09 12:15:00,64.75,64.75,64.64,64.67,13
2026-01-09 12:16:00,64.71,64.79,64.71,64.7101,20
2026-01-09 12:17:00,64.63,64.68,64.58,64.68,41
2026-01-09 12:18:00,64.64,64.67,64.595,64.61,10
2026-01-09 12:19:00,64.603,64.68,64.6,64.68,53
2026-01-09 12:20:00,64.73,64.75,64.73,64.75,3
2026-01-09 12:21:00,64.7,64.7,64.7,64.7,5
2026-01-09 12:22:00,64.7,64.775,64.7,64.775,12
2026-01-09 12:23:00,64.75,64.75,64.7,64.7,2
2026-01-09 12:24:00,64.75,64.75,64.73,64.73,2
2026-01-09 12:25:00,64.72,64.73,64.7,64.7,6
2026-01-09 12:26:00,64.67,64.67,64.67,64.67,1
2026-01-09 12:27:00,64.66,64.7199,64.65,64.7199,6
2026-01-09 12:28:00,64.6,64.6,64.6,64.6,1
2026-01-09 12:29:00,64.6,64.67,64.6,64.635,8
2026-01-09 12:30:00,64.55,64.55,64.55,64.55,3
2026-01-09 12:31:00,64.605,64.605,64.4,64.56,78
2026-01-09 12:32:00,64.53,64.59,64.491,64.5,24
2026-01-09 12:33:00,64.5,64.59,64.5,64.59,25
2026-01-09 12:34:00,64.5855,64.59,64.55,64.55,3
2026-01-09 12:35:00,64.59,64.63,64.58,64.63,16
2026-01-09 12:36:00,64.62,64.62,64.54,64.54,13
2026-01-09 12:37:00,64.5,64.54,64.435,64.51,70
2026-01-09 12:38:00,64.51,64.54,64.49,64.5,26
2026-01-09 12:39:00,64.5,64.51,64.395,64.395,29
2026-01-09 12:40:00,64.395,64.47,64.395,64.47,37
2026-01-09 12:41:00,64.42,64.47,64.4,64.4,10
2026-01-09 12:42:00,64.4035,64.47,64.25,64.27,214
2026-01-09 12:43:00,64.4,64.43,64.37,64.3756,8
2026-01-09 12:44:00,64.37,64.37,64.37,64.37,11
2026-01-09 12:45:00,64.37,64.37,64.21,64.305,20
2026-01-09 12:46:00,64.22,64.255,64.1429,64.18,22
2026-01-09 12:47:00,64.196,64.21,64.08,64.09,45
2026-01-09 12:48:00,64.095,64.095,64.095,64.095,2
2026-01-09 12:49:00,64.095,64.18,64.09,64.175,31
2026-01-09 12:50:00,64.2299,64.2299,64.18,64.18,3
2026-01-09 12:51:00,64.13,64.18,64.13,64.18,2
2026-01-09 12:52:00,64.14,64.14,64.07,64.11,11
2026-01-09 12:53:00,64.115,64.16,64.09,64.09,41
2026-01-09 12:54:00,64.155,64.16,64.155,64.16,6
2026-01-09 12:55:00,64.16,64.16,64.16,64.16,0
2026-01-09 12:56:00,64.1,64.1,64.1,64.1,1
2026-01-09 12:57:00,64.11,64.13,64.08,64.13,28
2026-01-09 12:58:00,64.08,64.08,64.02,64.02,15
2026-01-09 12:59:00,64.0775,64.096,63.82,63.83,123
2026-01-09 13:00:00,63.885,63.95,63.75,63.8,39
2026-01-09 13:01:00,63.875,63.881,63.875,63.881,2
2026-01-09 13:02:00,63.82,63.85,63.82,63.85,3
2026-01-09 13:03:00,63.81,63.82,63.75,63.75,13
2026-01-09 13:04:00,63.75,63.75,63.75,63.75,0
2026-01-09 13:05:00,63.776,63.776,63.565,63.565,27
2026-01-09 13:06:00,63.565,63.66,63.5,63.5301,54
2026-01-09 13:07:00,63.635,63.76,63.62,63.68,34
2026-01-09 13:08:00,63.73,63.73,63.5501,63.5501,13
2026-01-09 13:09:00,63.685,63.685,63.685,63.685,1
2026-01-09 13:10:00,63.68,63.729,63.64,63.64,22
2026-01-09 13:11:00,63.724,63.724,63.5,63.5,22
2026-01-09 13:12:00,63.51,63.57,63.4501,63.4501,12
2026-01-09 13:13:00,63.57,63.57,63.48,63.48,2
2026-01-09 13:14:00,63.64,63.69,63.57,63.595,64
2026-01-09 13:15:00,63.6,63.69,63.52,63.56,134
2026-01-09 13:16:00,63.56,63.63,63.56,63.6,71
2026-01-09 13:17:00,63.6,63.71,63.6,63.64,14
2026-01-09 13:18:00,63.635,63.635,63.6,63.635,41
2026-01-09 13:19:00,63.6518,63.77,63.57,63.57,48
2026-01-09 13:20:00,63.6,63.6,63.5,63.51,19
2026-01-09 13:21:00,63.5148,63.5148,63.49,63.5,33
2026-01-09 13:22:00,63.51,63.57,63.51,63.57,4
2026-01-09 13:23:00,63.55,63.67,63.55,63.67,6
2026-01-09 13:24:00,63.705,63.705,63.61,63.7,26
2026-01-09 13:25:00,63.68,63.7,63.63,63.685,33
2026-01-09 13:26:00,63.63,63.645,63.56,63.56,14
2026-01-09 13:27:00,63.57,63.63,63.57,63.58,14
2026-01-09 13:28:00,63.56,63.6423,63.53,63.6423,30
2026-01-09 13:29:00,63.645,63.645,63.6,63.6,2
2026-01-09 13:30:00,63.58,63.655,63.58,63.59,4
2026-01-09 13:31:00,63.6,63.66,63.56,63.56,28
2026-01-09 13:32:00,63.61,63.66,63.56,63.63,27
2026-01-09 13:33:00,63.625,63.68,63.615,63.615,31
2026-01-09 13:34:00,63.615,63.75,63.615,63.7485,22
2026-01-09 13:35:00,63.75,63.81,63.75,63.78,31
2026-01-09 13:36:00,63.775,63.78,63.775,63.78,2
2026-01-09 13:37:00,63.73,63.74,63.7,63.74,14
2026-01-09 13:38:00,63.745,63.8,63.745,63.7912,14
2026-01-09 13:39:00,63.7912,63.7912,63.7912,63.7912,0
2026-01-09 13:40:00,63.78,63.78,63.64,63.675,37
2026-01-09 13:41:00,63.62,63.72,63.61,63.72,26
2026-01-09 13:42:00,63.65,63.6799,63.65,63.6799,24
2026-01-09 13:43:00,63.66,63.69,63.65,63.69,22
2026-01-09 13:44:00,63.68,63.68,63.645,63.645,15
2026-01-09 13:45:00,63.6,63.6,63.58,63.58,4
2026-01-09 13:46:00,63.61,63.61,63.54,63.57,20
2026-01-09 13:47:00,63.57,63.57,63.57,63.57,0
2026-01-09 13:48:00,63.58,63.65,63.58,63.625,6
2026-01-09 13:49:00,63.63,63.63,63.55,63.55,23
2026-01-09 13:50:00,63.51,63.57,63.47,63.57,35
2026-01-09 13:51:00,63.545,63.55,63.545,63.55,13
2026-01-09 13:52:00,63.55,63.55,63.55,63.55,4
2026-01-09 13:53:00,63.56,63.67,63.56,63.67,2
2026-01-09 13:54:00,63.67,63.67,63.67,63.67,0
2026-01-09 13:55:00,63.65,63.65,63.65,63.65,10
2026-01-09 13:56:00,63.58,63.6387,63.58,63.6387,2
2026-01-09 13:57:00,63.72,63.72,63.63,63.72,7
2026-01-09 13:58:00,63.68,63.72,63.63,63.66,37
2026-01-09 13:59:00,63.66,63.68,63.62,63.655,24
2026-01-09 14:00:00,63.655,63.655,63.61,63.655,8
2026-01-09 14:01:00,63.655,63.655,63.655,63.655,4
2026-01-09 14:02:00,63.655,63.655,63.655,63.655,1
2026-01-09 14:03:00,63.61,64.1,63.61,64.1,67
2026-01-09 14:04:00,64.125,64.2,64.125,64.195,9
2026-01-09 14:05:00,64.195,64.26,64.04,64.26,160
2026-01-09 14:06:00,64.08,64.13,64.0,64.12,108
2026-01-09 14:07:00,64.12,64.12,64.1,64.12,45
2026-01-09 14:08:00,64.145,64.145,64.14,64.145,12
2026-01-09 14:09:00,64.045,64.15,64.045,64.11,18
2026-01-09 14:10:00,64.11,64.11,63.92,64.07,39
2026-01-09 14:11:00,63.93,63.93,63.92,63.92,2
2026-01-09 14:12:00,64.005,64.02,63.93,64.02,14
2026-01-09 14:13:00,64.02,64.02,64.02,64.02,18
2026-01-09 14:14:00,64.1,64.135,64.1,64.135,10
2026-01-09 14:15:00,64.135,64.135,64.135,64.135,9
2026-01-09 14:16:00,64.135,64.135,64.135,64.135,4
2026-01-09 14:17:00,64.135,64.135,64.135,64.135,6
2026-01-09 14:18:00,64.13,64.13,64.13,64.13,24
2026-01-09 14:19:00,64.13,64.14,64.095,64.1,11
2026-01-09 14:20:00,64.095,64.15,64.0,64.03,55
2026-01-09 14:21:00,64.03,64.03,63.95,64.02,68
2026-01-09 14:22:00,64.02,64.02,64.02,64.02,2
2026-01-09 14:23:00,64.02,64.02,64.02,64.02,26
2026-01-09 14:24:00,64.0207,64.08,64.02,64.08,17
2026-01-09 14:25:00,64.03,64.075,63.93,64.03,68
2026-01-09 14:26:00,64.03,64.03,64.01,64.01,11
2026-01-09 14:27:00,64.015,64.015,64.015,64.015,1
2026-01-09 14:28:00,64.015,64.015,64.015,64.015,0
2026-01-09 14:29:00,64.07,64.18,64.025,64.18,18
2026-01-09 14:30:00,64.14,64.14,63.95,63.95,25
2026-01-09 14:31:00,63.99,64.02,63.99,64.02,17
2026-01-09 14:32:00,64.015,64.03,63.96,64.015,11
2026-01-09 14:33:00,64.05,64.22,64.01,64.19,21
2026-01-09 14:34:00,64.25,64.25,63.95,63.98,79
2026-01-09 14:35:00,63.98,64.185,63.98,64.16,18
2026-01-09 14:36:00,64.17,64.17,64.09,64.16,22
2026-01-09 14:37:00,64.06,64.16,64.06,64.14,14
2026-01-09 14:38:00,64.135,64.335,64.13,64.33,29
2026-01-09 14:39:00,64.16,64.24,64.11,64.17,33
2026-01-09 14:40:00,64.17,64.17,64.17,64.17,0
2026-01-09 14:41:00,64.23,64.23,64.14,64.14,9
2026-01-09 14:42:00,64.18,64.24,64.18,64.24,6
2026-01-09 14:43:00,64.31,64.31,64.13,64.13,42
2026-01-09 14:44:00,64.13,64.145,64.12,64.145,16
2026-01-09 14:45:00,64.16,64.16,64.16,64.16,5
2026-01-09 14:46:00,64.26,64.27,64.13,64.22,86
2026-01-09 14:47:00,64.22,64.225,64.14,64.16,6
2026-01-09 14:48:00,64.225,64.28,64.225,64.225,41
2026-01-09 14:49:00,64.22,64.22,64.22,64.22,1
2026-01-09 14:50:00,64.215,64.215,64.215,64.215,1
2026-01-09 14:51:00,64.21,64.21,64.1,64.175,52
2026-01-09 14:52:00,64.175,64.236,64.17,64.236,29
2026-01-09 14:53:00,64.175,64.175,64.175,64.175,1
2026-01-09 14:54:00,64.12,64.17,64.11,64.1525,20
2026-01-09 14:55:00,64.11,64.23,64.09,64.23,42
2026-01-09 14:56:00,64.265,64.295,64.26,64.29,5
2026-01-09 14:57:00,64.3,64.305,64.22,64.295,18
2026-01-09 14:58:00,64.255,64.33,64.22,64.33,86
2026-01-09 14:59:00,64.33,64.33,64.33,64.33,7
2026-01-09 15:00:00,64.335,64.335,64.27,64.32,26
2026-01-09 15:01:00,64.32,64.98,64.31,64.895,714
2026-01-09 15:02:00,64.94,64.94,64.71,64.765,45
2026-01-09 15:03:00,64.8,64.8,64.66,64.66,42
2026-01-09 15:04:00,64.755,64.755,64.65,64.65,9
2026-01-09 15:05:00,64.63,64.68,64.61,64.62,17
2026-01-09 15:06:00,64.61,64.62,64.61,64.62,3
2026-01-09 15:07:00,64.62,64.62,64.49,64.53,90
2026-01-09 15:08:00,64.5,64.5,64.37,64.37,42
2026-01-09 15:09:00,64.37,64.375,64.34,64.34,6
2026-01-09 15:10:00,64.34,64.375,64.34,64.35,15
2026-01-09 15:11:00,64.355,64.41,64.29,64.29,28
2026-01-09 15:12:00,64.26,64.335,64.26,64.29,31
2026-01-09 15:13:00,64.26,64.34,64.26,64.325,18
2026-01-09 15:14:00,64.27,64.33,64.27,64.33,5
2026-01-09 15:15:00,64.29,64.35,64.28,64.325,24
2026-01-09 15:16:00,64.38,64.52,64.34,64.48,62
2026-01-09 15:17:00,64.54,64.54,64.42,64.42,24
2026-01-09 15:18:00,64.45,64.47,64.4,64.465,53
2026-01-09 15:19:00,64.4842,64.605,64.4842,64.59,68
2026-01-09 15:20:00,64.595,64.595,64.595,64.595,13
2026-01-09 15:21:00,64.605,64.735,64.59,64.735,58
2026-01-09 15:22:00,64.835,64.835,64.58,64.58,31
2026-01-09 15:23:00,64.56,64.6,64.53,64.59,31
2026-01-09 15:24:00,64.622,64.64,64.59,64.63,29
2026-01-09 15:25:00,64.63,64.635,64.57,64.635,31
2026-01-09 15:26:00,64.635,64.64,64.49,64.49,46
2026-01-09 15:27:00,64.45,64.49,64.44,64.49,7
2026-01-09 15:28:00,64.4625,64.465,64.4,64.41,12
2026-01-09 15:29:00,64.4,64.465,64.39,64.39,15
2026-01-09 15:30:00,64.35,64.3899,64.31,64.32,34
2026-01-09 15:31:00,64.32,64.42,64.3,64.42,37
2026-01-09 15:32:00,64.47,64.95,64.47,64.89,76
2026-01-09 15:33:00,64.935,64.95,64.72,64.9475,106
2026-01-09 15:34:00,64.95,64.965,64.86,64.87,26
2026-01-09 15:35:00,64.895,64.895,64.81,64.83,28
2026-01-09 15:36:00,64.86,64.9,64.8,64.9,74
2026-01-09 15:37:00,64.9,64.905,64.86,64.885,45
2026-01-09 15:38:00,64.89,64.935,64.89,64.935,11
2026-01-09 15:39:00,64.91,65.01,64.9,64.93,64
2026-01-09 15:40:00,64.965,64.97,64.88,64.89,78
2026-01-09 15:41:00,64.88,64.88,64.85,64.85,14
2026-01-09 15:42:00,64.84,64.9,64.82,64.895,43
2026-01-09 15:43:00,64.895,64.9295,64.87,64.92,27
2026-01-09 15:44:00,64.905,64.93,64.88,64.9,43
2026-01-09 15:45:00,64.9,64.95,64.86,64.94,80
2026-01-09 15:46:00,64.96,65.015,64.91,64.91,70
2026-01-09 15:47:00,64.915,64.931,64.9,64.92,20
2026-01-09 15:48:00,64.92,65.07,64.88,64.97,77
2026-01-09 15:49:00,64.94,64.94,64.9,64.9,33
2026-01-09 15:50:00,64.95,65.05,64.86,64.86,149
2026-01-09 15:51:00,64.88,64.91,64.83,64.84,71
2026-01-09 15:52:00,64.83,64.8349,64.7,64.78,108
2026-01-09 15:53:00,64.7,65.0,64.7,64.83,147
2026-01-09 15:54:00,64.84,64.87,64.56,64.56,82
2026-01-09 15:55:00,64.62,64.62,64.4701,64.54,74
2026-01-09 15:56:00,64.57,64.63,64.46,64.505,210
2026-01-09 15:57:00,64.505,64.53,64.49,64.51,107
2026-01-09 15:58:00,64.505,64.55,64.43,64.55,349
2026-01-09 15:59:00,64.55,64.62,64.455,64.55,854
2026-01-12 09:30:00,64.57,64.97,64.35,64.645,533
2026-01-12 09:31:00,64.65,65.36,64.34,64.7,99
2026-01-12 09:32:00,64.7,65.36,64.51,65.36,18
2026-01-12 09:33:00,64.835,65.1,64.71,64.71,7
2026-01-12 09:34:00,65.0,65.1,64.71,65.1,37
2026-01-12 09:35:00,64.885,65.1,64.79,65.09,39
2026-01-12 09:36:00,64.8,64.99,64.67,64.99,47
2026-01-12 09:37:00,64.83,65.09,64.795,65.09,36
2026-01-12 09:38:00,64.965,65.09,64.89,65.0,9
2026-01-12 09:39:00,65.09,65.95,64.995,65.95,653
2026-01-12 09:40:00,65.79,66.0,65.72,65.87,93
2026-01-12 09:41:00,66.0,66.25,65.9,65.905,60
2026-01-12 09:42:00,65.7807,65.81,65.534,65.785,91
2026-01-12 09:43:00,65.87,65.88,65.48,65.556,38
2026-01-12 09:44:00,65.43,65.43,65.34,65.39,24
2026-01-12 09:45:00,64.9468,65.43,64.8669,64.97,37
2026-01-12 09:46:00,64.97,65.39,64.92,65.39,56
2026-01-12 09:47:00,65.18,65.18,65.18,65.18,1
2026-01-12 09:48:00,65.38,65.39,65.215,65.39,27
2026-01-12 09:49:00,65.11,65.37,65.07,65.3,19
2026-01-12 09:50:00,65.3,65.3,65.3,65.3,0
2026-01-12 09:51:00,65.235,65.626,65.235,65.425,19
2026-01-12 09:52:00,65.46,65.56,65.3,65.56,57
2026-01-12 09:53:00,65.49,65.87,65.49,65.67,90
2026-01-12 09:54:00,65.64,65.64,65.29,65.316,74
2026-01-12 09:55:00,65.25,65.375,65.245,65.375,62
2026-01-12 09:56:00,65.39,65.646,65.385,65.646,16
2026-01-12 09:57:00,65.52,65.59,65.41,65.529,29
2026-01-12 09:58:00,65.53,65.53,65.11,65.11,81
2026-01-12 09:59:00,65.1191,65.15,65.03,65.15,30
2026-01-12 10:00:00,65.175,65.23,65.07,65.12,12
2026-01-12 10:01:00,65.22,65.575,65.22,65.575,21
2026-01-12 10:02:00,65.5,65.65,65.08,65.235,42
2026-01-12 10:03:00,65.2118,65.27,65.0,65.27,20
2026-01-12 10:04:00,65.0,65.26,65.0,65.26,10
2026-01-12 10:05:00,65.105,65.26,64.9543,65.1,6
2026-01-12 10:06:00,65.24,65.25,64.96,65.25,26
2026-01-12 10:07:00,65.125,65.24,65.02,65.02,15
2026-01-12 10:08:00,65.11,65.22,65.11,65.21,24
2026-01-12 10:09:00,65.105,65.2,64.67,64.79,105
2026-01-12 10:10:00,64.58,64.78,64.26,64.51,44
2026-01-12 10:11:00,64.4999,64.65,64.27,64.61,17
2026-01-12 10:12:00,64.64,64.9625,64.54,64.9625,39
2026-01-12 10:13:00,65.025,65.14,64.975,64.98,25
2026-01-12 10:14:00,65.14,65.3,65.03,65.3,7
2026-01-12 10:15:00,65.09,65.11,64.86,65.0,24
2026-01-12 10:16:00,65.14,65.4,65.07,65.395,105
2026-01-12 10:17:00,65.25,65.34,65.2,65.2,18
2026-01-12 10:18:00,65.18,65.35,65.15,65.295,21
2026-01-12 10:19:00,65.2731,65.34,65.061,65.29,23
2026-01-12 10:20:00,65.13,65.29,65.13,65.29,3
2026-01-12 10:21:00,65.2636,65.2636,65.0,65.12,21
2026-01-12 10:22:00,65.04,65.14,65.02,65.14,12
2026-01-12 10:23:00,64.95,65.35,64.91,65.23,135
2026-01-12 10:24:00,65.34,65.34,65.22,65.34,9
2026-01-12 10:25:00,65.18,65.47,65.18,65.47,36
2026-01-12 10:26:00,65.47,65.47,65.32,65.47,10
2026-01-12 10:27:00,65.39,65.47,65.39,65.4,14
2026-01-12 10:28:00,65.4699,65.62,65.23,65.365,208
2026-01-12 10:29:00,65.25,65.25,65.115,65.115,11
2026-01-12 10:30:00,65.19,65.2,64.94,64.94,38
2026-01-12 10:31:00,64.872,65.15,64.872,65.15,11
2026-01-12 10:32:00,64.99,65.14,64.92,65.0,85
2026-01-12 10:33:00,65.0,65.0,65.0,65.0,0
2026-01-12 10:34:00,64.925,65.0,64.675,64.82,116
2026-01-12 10:35:00,64.7,64.91,64.55,64.91,47
2026-01-12 10:36:00,64.9,65.0,64.9,65.0,5
2026-01-12 10:37:00,65.0,65.0,65.0,65.0,0
2026-01-12 10:38:00,64.9098,65.0,64.77,65.0,25
2026-01-12 10:39:00,64.93,64.99,64.88,64.99,20
2026-01-12 10:40:00,64.89,64.98,64.67,64.67,108
2026-01-12 10:41:00,64.63,64.74,64.525,64.65,18
2026-01-12 10:42:00,64.65,64.65,64.65,64.65,0
2026-01-12 10:43:00,64.69,65.0,64.69,64.99,106
2026-01-12 10:44:00,64.955,65.0,64.8602,64.88,64
2026-01-12 10:45:00,64.87,64.97,64.835,64.89,87
2026-01-12 10:46:00,64.83,65.0,64.83,65.0,61
2026-01-12 10:47:00,64.88,64.99,64.75,64.97,70
2026-01-12 10:48:00,64.72,64.82,64.71,64.82,8
2026-01-12 10:49:00,64.74,64.816,64.535,64.62,23
2026-01-12 10:50:00,64.6,64.6,64.43,64.485,15
2026-01-12 10:51:00,64.4692,64.58,64.39,64.39,3
2026-01-12 10:52:00,64.4161,64.58,64.4161,64.49,127
2026-01-12 10:53:00,64.49,64.67,64.49,64.66,24
2026-01-12 10:54:00,64.47,64.66,64.44,64.66,9
2026-01-12 10:55:00,64.6056,64.6056,64.49,64.53,9
2026-01-12 10:56:00,64.53,64.64,64.5152,64.5152,15
2026-01-12 10:57:00,64.63,64.63,64.44,64.444,4
2026-01-12 10:58:00,64.44,64.63,64.44,64.6,61
2026-01-12 10:59:00,64.46,64.586,64.45,64.52,14
2026-01-12 11:00:00,64.451,64.58,64.34,64.48,60
2026-01-12 11:01:00,64.48,64.48,64.41,64.48,7
2026-01-12 11:02:00,64.405,64.55,64.405,64.425,12
2026-01-12 11:03:00,64.425,64.57,64.374,64.374,81
2026-01-12 11:04:00,64.37,64.47,64.23,64.29,60
2026-01-12 11:05:00,64.37,64.42,64.2449,64.32,11
2026-01-12 11:06:00,64.42,64.58,64.29,64.29,38
2026-01-12 11:07:00,64.34,64.35,64.34,64.35,3
2026-01-12 11:08:00,64.35,64.385,64.23,64.375,16
2026-01-12 11:09:00,64.375,64.385,64.29,64.29,14
2026-01-12 11:10:00,64.385,64.385,64.22,64.24,42
2026-01-12 11:11:00,64.22,64.27,64.09,64.27,35
2026-01-12 11:12:00,64.3,64.363,64.3,64.345,16
2026-01-12 11:13:00,64.27,64.35,64.27,64.345,3
2026-01-12 11:14:00,64.335,64.48,64.335,64.48,4
2026-01-12 11:15:00,64.48,64.48,64.48,64.48,0
2026-01-12 11:16:00,64.465,64.525,64.465,64.5,9
2026-01-12 11:17:00,64.5,64.58,64.5,64.5,57
2026-01-12 11:18:00,64.525,64.525,64.37,64.37,23
2026-01-12 11:19:00,64.33,64.35,64.3,64.35,10
2026-01-12 11:20:00,64.33,64.33,64.19,64.19,12
2026-01-12 11:21:00,64.14,64.19,64.05,64.19,27
2026-01-12 11:22:00,64.19,64.26,64.19,64.2398,17
2026-01-12 11:23:00,64.235,64.235,64.235,64.235,1
2026-01-12 11:24:00,64.235,64.235,64.11,64.12,10
2026-01-12 11:25:00,64.18,64.18,64.04,64.04,13
2026-01-12 11:26:00,64.04,64.04,63.94,63.94,26
2026-01-12 11:27:00,63.91,63.91,63.81,63.82,22
2026-01-12 11:28:00,63.84,63.9,63.81,63.9,29
2026-01-12 11:29:00,63.9,63.9,63.77,63.8,52
2026-01-12 11:30:00,63.88,63.88,63.785,63.7975,50
2026-01-12 11:31:00,63.84,63.84,63.7013,63.7013,45
2026-01-12 11:32:00,63.73,63.84,63.63,63.76,70
2026-01-12 11:33:00,63.68,63.7028,63.53,63.58,68
2026-01-12 11:34:00,63.65,63.65,63.465,63.465,108
2026-01-12 11:35:00,63.58,63.58,63.47,63.575,23
2026-01-12 11:36:00,63.575,63.575,63.37,63.46,132
2026-01-12 11:37:00,63.46,63.46,63.46,63.46,0
2026-01-12 11:38:00,63.4,63.4602,63.33,63.4602,17
2026-01-12 11:39:00,63.34,63.34,63.34,63.34,3
2026-01-12 11:40:00,63.4,63.4,63.34,63.34,9
2026-01-12 11:41:00,63.41,63.41,63.41,63.41,2
2026-01-12 11:42:00,63.48,63.48,63.47,63.48,7
2026-01-12 11:43:00,63.4302,63.4302,63.36,63.39,3
2026-01-12 11:44:00,63.415,63.45,63.37,63.42,24
2026-01-12 11:45:00,63.425,63.56,63.425,63.535,15
2026-01-12 11:46:00,63.615,63.615,63.56,63.61,4
2026-01-12 11:47:00,63.615,63.615,63.54,63.615,9
2026-01-12 11:48:00,63.6,63.695,63.59,63.695,30
2026-01-12 11:49:00,63.695,63.775,63.695,63.77,19
2026-01-12 11:50:00,63.711,63.78,63.69,63.73,113
2026-01-12 11:51:00,63.76,63.77,63.75,63.77,25
2026-01-12 11:52:00,63.76,64.06,63.76,63.88,59
2026-01-12 11:53:00,63.88,63.96,63.88,63.96,4
2026-01-12 11:54:00,63.96,63.965,63.9,63.965,5
2026-01-12 11:55:00,63.965,64.1,63.93,64.1,111
2026-01-12 11:56:00,64.035,64.15,63.97,64.15,19
2026-01-12 11:57:00,64.06,64.08,64.02,64.08,4
2026-01-12 11:58:00,64.105,64.105,64.105,64.105,1
2026-01-12 11:59:00,64.105,64.105,64.105,64.105,0
2026-01-12 12:00:00,64.105,64.105,63.89,63.935,40
2026-01-12 12:01:00,63.935,63.945,63.935,63.945,3
2026-01-12 12:02:00,63.8801,63.95,63.87,63.905,19
2026-01-12 12:03:00,63.9773,63.9773,63.7935,63.8219,13
2026-01-12 12:04:00,63.83,63.93,63.83,63.83,14
2026-01-12 12:05:00,63.945,63.945,63.945,63.945,1
2026-01-12 12:06:00,63.955,63.97,63.84,63.88,50
2026-01-12 12:07:00,63.82,63.82,63.78,63.785,24
2026-01-12 12:08:00,63.77,63.89,63.77,63.8,44
2026-01-12 12:09:00,63.86,63.86,63.85,63.85,3
2026-01-12 12:10:00,63.895,63.99,63.83,63.87,31
2026-01-12 12:11:00,63.905,63.91,63.84,63.91,8
2026-01-12 12:12:00,63.91,64.06,63.91,64.06,39
2026-01-12 12:13:00,64.11,64.17,64.055,64.11,74
2026-01-12 12:14:00,64.06,64.06,64.06,64.06,3
2026-01-12 12:15:00,64.09,64.09,63.86,63.91,35
2026-01-12 12:16:00,63.85,63.865,63.835,63.85,18
2026-01-12 12:17:00,63.83,63.83,63.83,63.83,2
2026-01-12 12:18:00,63.88,63.88,63.805,63.805,7
2026-01-12 12:19:00,63.805,63.805,63.805,63.805,0
2026-01-12 12:20:00,63.8552,63.8552,63.785,63.79,19
2026-01-12 12:21:00,63.845,63.851,63.845,63.851,2
2026-01-12 12:22:00,63.79,63.79,63.79,63.79,1
2026-01-12 12:23:00,63.845,63.845,63.77,63.845,12
2026-01-12 12:24:00,63.805,63.86,63.805,63.86,29
2026-01-12 12:25:00,63.81,63.81,63.81,63.81,1
2026-01-12 12:26:00,63.8225,63.845,63.8225,63.845,9
2026-01-12 12:27:00,63.8,63.8,63.78,63.78,4
2026-01-12 12:28:00,63.815,63.815,63.73,63.8,8
2026-01-12 12:29:00,63.8,63.8,63.8,63.8,2
2026-01-12 12:30:00,63.7913,63.7913,63.7913,63.7913,1
2026-01-12 12:31:00,63.7913,63.7913,63.7913,63.7913,0
2026-01-12 12:32:00,63.75,63.75,63.671,63.68,22
2026-01-12 12:33:00,63.73,63.76,63.73,63.7475,14
2026-01-12 12:34:00,63.68,63.78,63.66,63.78,44
2026-01-12 12:35:00,63.785,63.785,63.7633,63.7633,5
2026-01-12 12:36:00,63.815,63.815,63.815,63.815,1
2026-01-12 12:37:00,63.815,63.815,63.815,63.815,3
2026-01-12 12:38:00,63.76,63.77,63.71,63.765,30
2026-01-12 12:39:00,63.72,63.85,63.72,63.85,13
2026-01-12 12:40:00,63.87,63.89,63.805,63.825,38
2026-01-12 12:41:00,63.79,63.83,63.72,63.74,19
2026-01-12 12:42:00,63.71,63.795,63.7,63.715,49
2026-01-12 12:43:00,63.735,63.77,63.7089,63.7089,12
2026-01-12 12:44:00,63.77,63.795,63.745,63.795,10
2026-01-12 12:45:00,63.795,63.8,63.7,63.7,52
2026-01-12 12:46:00,63.7,63.7,63.7,63.7,1
2026-01-12 12:47:00,63.79,63.79,63.7,63.735,26
2026-01-12 12:48:00,63.8,63.8,63.795,63.795,2
2026-01-12 12:49:00,63.87,63.935,63.81,63.935,17
2026-01-12 12:50:00,63.935,63.9576,63.935,63.9576,3
2026-01-12 12:51:00,63.97,64.0,63.955,63.99,60
2026-01-12 12:52:00,63.995,63.995,63.87,63.874,20
2026-01-12 12:53:00,63.95,63.95,63.86,63.86,14
2026-01-12 12:54:00,63.86,63.86,63.86,63.86,0
2026-01-12 12:55:00,63.905,63.9213,63.85,63.855,11
2026-01-12 12:56:00,63.86,63.88,63.86,63.88,4
2026-01-12 12:57:00,63.88,63.88,63.8403,63.8403,6
2026-01-12 12:58:00,63.895,63.9,63.86,63.86,7
2026-01-12 12:59:00,63.89,63.975,63.89,63.975,17
2026-01-12 13:00:00,63.925,63.94,63.925,63.94,4
2026-01-12 13:01:00,63.975,63.975,63.975,63.975,2
2026-01-12 13:02:00,63.975,63.98,63.975,63.975,6
2026-01-12 13:03:00,63.975,64.01,63.975,63.98,4
2026-01-12 13:04:00,63.98,64.03,63.96,64.0075,27
2026-01-12 13:05:00,64.025,64.055,64.025,64.055,4
2026-01-12 13:06:00,63.99,64.07,63.98,64.0,20
2026-01-12 13:07:00,64.055,64.14,64.055,64.11,11
2026-01-12 13:08:00,64.14,64.39,64.14,64.365,28
2026-01-12 13:09:00,64.3,64.61,64.27,64.56,57
2026-01-12 13:10:00,64.44,64.515,64.41,64.515,27
2026-01-12 13:11:00,64.42,64.57,64.42,64.57,2
2026-01-12 13:12:00,64.45,64.53,64.44,64.53,13
2026-01-12 13:13:00,64.61,64.705,64.53,64.66,52
2026-01-12 13:14:00,64.77,64.77,64.69,64.69,3
2026-01-12 13:15:00,64.7,64.745,64.66,64.7,30
2026-01-12 13:16:00,64.735,64.82,64.735,64.82,63
2026-01-12 13:17:00,64.89,64.94,64.8,64.8,7
2026-01-12 13:18:00,64.81,64.81,64.81,64.81,2
2026-01-12 13:19:00,64.8793,64.8793,64.8793,64.8793,8
2026-01-12 13:20:00,64.8793,64.8793,64.8793,64.8793,0
2026-01-12 13:21:00,64.968,64.968,64.92,64.92,6
2026-01-12 13:22:00,64.8914,64.92,64.8914,64.92,5
2026-01-12 13:23:00,64.915,64.97,64.88,64.88,5
2026-01-12 13:24:00,64.915,64.925,64.915,64.925,2
2026-01-12 13:25:00,64.98,64.99,64.98,64.98,10
2026-01-12 13:26:00,64.945,65.01,64.82,64.91,114
2026-01-12 13:27:00,64.92,64.92,64.92,64.92,4
2026-01-12 13:28:00,65.0,65.02,64.92,64.93,74
2026-01-12 13:29:00,64.94,65.05,64.93,65.05,34
2026-01-12 13:30:00,65.025,65.05,64.9501,64.9501,27
2026-01-12 13:31:00,65.0,65.0,64.95,64.95,18
2026-01-12 13:32:00,64.965,64.965,64.95,64.95,2
2026-01-12 13:33:00,64.97,65.03,64.97,65.025,54
2026-01-12 13:34:00,65.0275,65.2,65.0,65.1,257
2026-01-12 13:35:00,65.11,65.15,65.1,65.15,14
2026-01-12 13:36:00,65.15,65.15,65.15,65.15,2
2026-01-12 13:37:00,65.2,65.29,65.1,65.19,83
2026-01-12 13:38:00,65.19,65.26,65.19,65.2,8
2026-01-12 13:39:00,65.13,65.305,65.12,65.2625,67
2026-01-12 13:40:00,65.2706,65.2706,65.14,65.14,94
2026-01-12 13:41:00,65.14,65.14,65.14,65.14,0
2026-01-12 13:42:00,65.15,65.15,65.08,65.12,22
2026-01-12 13:43:00,65.08,65.24,65.08,65.24,10
2026-01-12 13:44:00,65.17,65.17,65.17,65.17,4
2026-01-12 13:45:00,65.175,65.295,65.14,65.27,59
2026-01-12 13:46:00,65.25,65.25,65.25,65.25,1
2026-01-12 13:47:00,65.235,65.31,65.235,65.31,6
2026-01-12 13:48:00,65.35,65.35,65.25,65.3347,10
2026-01-12 13:49:00,65.24,65.24,65.21,65.21,18
2026-01-12 13:50:00,65.22,65.225,65.22,65.225,2
2026-01-12 13:51:00,65.24,65.295,65.24,65.295,12
2026-01-12 13:52:00,65.29,65.29,65.23,65.23,3
2026-01-12 13:53:00,65.35,65.425,65.35,65.425,21
2026-01-12 13:54:00,65.38,65.38,65.33,65.33,12
2026-01-12 13:55:00,65.33,65.33,65.33,65.33,0
2026-01-12 13:56:00,65.395,65.395,65.34,65.34,2
2026-01-12 13:57:00,65.38,65.38,65.31,65.31,4
2026-01-12 13:58:00,65.29,65.29,65.101,65.2,62
2026-01-12 13:59:00,65.17,65.25,65.17,65.25,13
2026-01-12 14:00:00,65.19,65.19,65.16,65.17,3
2026-01-12 14:01:00,65.12,65.17,65.08,65.17,19
2026-01-12 14:02:00,65.09,65.16,65.09,65.15,5
2026-01-12 14:03:00,65.18,65.2,65.18,65.2,4
2026-01-12 14:04:00,65.235,65.275,65.22,65.275,10
2026-01-12 14:05:00,65.25,65.25,65.25,65.25,1
2026-01-12 14:06:00,65.31,65.38,65.31,65.38,7
2026-01-12 14:07:00,65.45,65.45,65.41,65.45,7
2026-01-12 14:08:00,65.435,65.435,65.435,65.435,1
2026-01-12 14:09:00,65.46,65.56,65.4,65.4,22
2026-01-12 14:10:00,65.4,65.4,65.4,65.4,1
2026-01-12 14:11:00,65.4,65.4,65.4,65.4,0
2026-01-12 14:12:00,65.47,65.475,65.47,65.475,5
2026-01-12 14:13:00,65.43,65.52,65.425,65.455,33
2026-01-12 14:14:00,65.44,65.4475,65.4,65.4,12
2026-01-12 14:15:00,65.4,65.42,65.3801,65.3801,10
2026-01-12 14:16:00,65.4,65.4,65.38,65.39,5
2026-01-12 14:17:00,65.38,65.4,65.38,65.4,4
2026-01-12 14:18:00,65.37,65.435,65.37,65.435,8
2026-01-12 14:19:00,65.44,65.44,65.42,65.44,9
2026-01-12 14:20:00,65.44,65.445,65.44,65.445,2
2026-01-12 14:21:00,65.39,65.52,65.39,65.5,15
2026-01-12 14:22:00,65.5,65.55,65.5,65.5401,18
2026-01-12 14:23:00,65.55,65.55,65.48,65.55,14
2026-01-12 14:24:00,65.545,65.55,65.45,65.47,28
2026-01-12 14:25:00,65.5174,65.5174,65.46,65.46,25
2026-01-12 14:26:00,65.44,65.5,65.44,65.46,4
2026-01-12 14:27:00,65.46,65.46,65.46,65.46,0
2026-01-12 14:28:00,65.52,65.6,65.38,65.4,300
2026-01-12 14:29:00,65.4348,65.65,65.39,65.58,417
2026-01-12 14:30:00,65.65,65.65,65.65,65.65,3
2026-01-12 14:31:00,65.655,66.06,65.655,65.96,86
2026-01-12 14:32:00,65.95,65.995,65.86,65.895,33
2026-01-12 14:33:00,65.895,65.895,65.87,65.87,2
2026-01-12 14:34:00,65.89,66.09,65.86,66.051,115
2026-01-12 14:35:00,66.06,66.13,66.01,66.13,28
2026-01-12 14:36:00,66.0,66.01,65.654,65.69,57
2026-01-12 14:37:00,65.665,65.73,65.64,65.715,15
2026-01-12 14:38:00,65.715,65.715,65.715,65.715,0
2026-01-12 14:39:00,65.735,65.8,65.735,65.78,11
2026-01-12 14:40:00,65.785,65.82,65.74,65.74,5
2026-01-12 14:41:00,65.74,65.74,65.74,65.74,0
2026-01-12 14:42:00,65.865,65.865,65.865,65.865,1
2026-01-12 14:43:00,65.865,65.865,65.865,65.865,3
2026-01-12 14:44:00,65.87,65.87,65.87,65.87,2
2026-01-12 14:45:00,65.81,65.86,65.8,65.86,8
2026-01-12 14:46:00,65.86,66.06,65.86,66.01,196
2026-01-12 14:47:00,66.0075,66.075,65.95,66.015,91
2026-01-12 14:48:00,66.13,66.55,66.11,66.49,124
2026-01-12 14:49:00,66.63,66.66,66.39,66.48,70
2026-01-12 14:50:00,66.44,66.44,66.44,66.44,1
2026-01-12 14:51:00,66.57,66.64,66.57,66.571,35
2026-01-12 14:52:00,66.65,66.65,66.65,66.65,2
2026-01-12 14:53:00,66.615,66.615,66.5,66.525,18
2026-01-12 14:54:00,66.47,66.47,66.36,66.445,25
2026-01-12 14:55:00,66.445,66.445,66.445,66.445,1
2026-01-12 14:56:00,66.49,66.5,66.435,66.435,14
2026-01-12 14:57:00,66.44,66.44,66.44,66.44,1
2026-01-12 14:58:00,66.4848,66.495,66.44,66.44,7
2026-01-12 14:59:00,66.44,66.6,66.39,66.405,141
2026-01-12 15:00:00,66.38,66.426,66.34,66.34,45
2026-01-12 15:01:00,66.38,66.38,66.38,66.38,2
2026-01-12 15:02:00,66.38,66.385,66.33,66.385,11
2026-01-12 15:03:00,66.44,66.52,66.39,66.39,48
2026-01-12 15:04:00,66.39,66.4799,66.33,66.4799,22
2026-01-12 15:05:00,66.42,66.48,66.36,66.48,11
2026-01-12 15:06:00,66.43,66.43,66.36,66.38,19
2026-01-12 15:07:00,66.37,66.37,66.29,66.29,4
2026-01-12 15:08:00,66.2901,66.47,66.2901,66.3,93
2026-01-12 15:09:00,66.355,66.365,66.355,66.365,25
2026-01-12 15:10:00,66.32,66.32,66.24,66.24,30
2026-01-12 15:11:00,66.28,66.365,66.24,66.355,153
2026-01-12 15:12:00,66.3101,66.61,66.31,66.53,217
2026-01-12 15:13:00,66.54,66.69,66.52,66.67,72
2026-01-12 15:14:00,66.675,66.675,66.46,66.47,75
2026-01-12 15:15:00,66.5015,66.5015,66.43,66.48,30
2026-01-12 15:16:00,66.48,66.48,66.43,66.48,3
2026-01-12 15:17:00,66.495,66.495,66.405,66.41,19
2026-01-12 15:18:00,66.41,66.45,66.37,66.37,11
2026-01-12 15:19:00,66.3826,66.5,66.3826,66.5,23
2026-01-12 15:20:00,66.51,66.51,66.41,66.45,40
2026-01-12 15:21:00,66.411,66.49,66.41,66.47,80
2026-01-12 15:22:00,66.465,66.465,66.44,66.455,21
2026-01-12 15:23:00,66.43,66.43,66.38,66.38,49
2026-01-12 15:24:00,66.37,66.37,66.31,66.315,26
2026-01-12 15:25:00,66.315,66.365,66.3,66.365,20
2026-01-12 15:26:00,66.375,66.375,66.211,66.25,50
2026-01-12 15:27:00,66.23,66.27,66.23,66.27,8
2026-01-12 15:28:00,66.27,66.35,66.25,66.25,21
2026-01-12 15:29:00,66.24,66.24,66.2,66.2,14
2026-01-12 15:30:00,66.21,66.25,66.19,66.235,17
2026-01-12 15:31:00,66.19,66.19,65.93,65.975,60
2026-01-12 15:32:00,66.0,66.0,65.92,65.93,37
2026-01-12 15:33:00,65.93,65.944,65.93,65.944,8
2026-01-12 15:34:00,65.93,66.02,65.93,66.015,29
2026-01-12 15:35:00,66.015,66.195,66.015,66.195,26
2026-01-12 15:36:00,66.13,66.13,66.03,66.045,24
2026-01-12 15:37:00,66.045,66.11,66.02,66.065,25
2026-01-12 15:38:00,66.1,66.1,66.02,66.03,20
2026-01-12 15:39:00,66.03,66.075,66.01,66.03,15
2026-01-12 15:40:00,66.0,66.205,66.0,66.18,19
2026-01-12 15:41:00,66.22,66.23,66.22,66.23,3
2026-01-12 15:42:00,66.235,66.235,66.14,66.145,47
2026-01-12 15:43:00,66.13,66.13,66.0,66.04,25
2026-01-12 15:44:00,66.04,66.08,66.02,66.08,32
2026-01-12 15:45:00,66.07,66.07,66.01,66.01,19
2026-01-12 15:46:00,66.0,66.0,65.91,65.915,29
2026-01-12 15:47:00,65.93,65.93,65.72,65.735,63
2026-01-12 15:48:00,65.77,65.84,65.735,65.83,28
2026-01-12 15:49:00,65.83,65.87,65.78,65.79,19
2026-01-12 15:50:00,65.78,65.88,65.76,65.835,71
2026-01-12 15:51:00,65.89,65.91,65.84,65.855,52
2026-01-12 15:52:00,65.85,65.88,65.84,65.865,54
2026-01-12 15:53:00,65.865,65.95,65.67,65.68,169
2026-01-12 15:54:00,65.705,66.1,65.705,66.05,148
2026-01-12 15:55:00,66.07,66.32,66.07,66.18,90
2026-01-12 15:56:00,66.18,66.18,66.09,66.135,125
2026-01-12 15:57:00,66.14,66.17,66.08,66.105,289
2026-01-12 15:58:00,66.15,66.17,66.04,66.05,376
2026-01-12 15:59:00,66.04,66.045,65.91,65.93,876
2026-01-13 09:30:00,66.13,66.55,66.1,66.295,133
2026-01-13 09:31:00,66.55,66.55,66.295,66.295,2
2026-01-13 09:32:00,66.29,66.37,65.515,65.515,83
2026-01-13 09:33:00,65.515,65.515,65.51,65.5125,8
2026-01-13 09:34:00,65.505,65.655,65.5,65.655,79
2026-01-13 09:35:00,65.745,65.98,65.745,65.745,12
2026-01-13 09:36:00,65.65,66.18,65.65,66.18,54
2026-01-13 09:37:00,66.1,66.17,66.0,66.015,14
2026-01-13 09:38:00,66.0,66.19,66.0,66.12,25
2026-01-13 09:39:00,66.045,66.045,66.045,66.045,2
2026-01-13 09:40:00,66.16,66.5,66.09,66.19,23
2026-01-13 09:41:00,66.25,66.29,66.205,66.285,7
2026-01-13 09:42:00,66.3,66.53,66.3,66.53,60
2026-01-13 09:43:00,66.47,66.485,66.47,66.4725,3
2026-01-13 09:44:00,66.485,66.9,66.485,66.7373,66
2026-01-13 09:45:00,66.76,66.8,66.68,66.68,12
2026-01-13 09:46:00,66.66,67.0,66.6122,66.75,27
2026-01-13 09:47:00,66.76,66.79,66.755,66.755,14
2026-01-13 09:48:00,66.76,66.76,66.6,66.645,20
2026-01-13 09:49:00,66.645,66.645,66.51,66.55,15
2026-01-13 09:50:00,66.555,66.76,66.555,66.76,4
2026-01-13 09:51:00,66.84,67.09,66.84,66.955,41
2026-01-13 09:52:00,67.02,67.1099,66.96,67.1099,87
2026-01-13 09:53:00,66.975,67.27,66.93,67.22,321
2026-01-13 09:54:00,67.25,67.76,67.21,67.55,396
2026-01-13 09:55:00,67.825,68.07,67.6601,68.0628,85
2026-01-13 09:56:00,68.1061,68.1061,67.81,67.9785,28
2026-01-13 09:57:00,67.9,67.9,67.485,67.69,28
2026-01-13 09:58:00,67.97,68.01,67.67,67.93,97
2026-01-13 09:59:00,67.93,68.1,67.585,67.905,61
2026-01-13 10:00:00,67.905,67.935,67.29,67.45,81
2026-01-13 10:01:00,67.45,67.45,67.3,67.3,181
2026-01-13 10:02:00,67.3,67.305,66.9301,66.9301,141
2026-01-13 10:03:00,67.08,67.18,67.0002,67.13,64
2026-01-13 10:04:00,67.15,67.31,67.0,67.23,26
2026-01-13 10:05:00,67.3,67.36,67.1,67.24,26
2026-01-13 10:06:00,67.24,67.24,67.1,67.1,10
2026-01-13 10:07:00,67.198,67.2,67.1,67.19,45
2026-01-13 10:08:00,67.19,67.37,67.19,67.37,47
2026-01-13 10:09:00,67.17,67.4,67.16,67.16,30
2026-01-13 10:10:00,67.11,67.11,67.0,67.0,11
2026-01-13 10:11:00,67.12,67.33,67.12,67.23,29
2026-01-13 10:12:00,67.15,67.15,67.14,67.15,4
2026-01-13 10:13:00,67.235,67.235,67.02,67.17,41
2026-01-13 10:14:00,67.14,67.15,67.14,67.15,4
2026-01-13 10:15:00,67.15,67.155,67.0,67.0,77
2026-01-13 10:16:00,67.0,67.05,66.92,66.96,93
2026-01-13 10:17:00,67.025,67.15,66.965,66.97,171
2026-01-13 10:18:00,66.97,67.1,66.95,67.04,38
2026-01-13 10:19:00,67.1,67.155,67.0,67.11,28
2026-01-13 10:20:00,67.01,67.145,67.01,67.05,10
2026-01-13 10:21:00,67.16,67.26,67.06,67.19,36
2026-01-13 10:22:00,67.195,67.45,67.195,67.35,207
2026-01-13 10:23:00,67.5,67.53,67.35,67.42,42
2026-01-13 10:24:00,67.42,67.49,67.2,67.3031,123
2026-01-13 10:25:00,67.26,67.26,67.19,67.22,20
2026-01-13 10:26:00,67.23,67.23,67.025,67.11,37
2026-01-13 10:27:00,67.04,67.06,67.02,67.06,12
2026-01-13 10:28:00,67.05,67.05,67.05,67.05,1
2026-01-13 10:29:00,67.05,67.1,67.05,67.1,6
2026-01-13 10:30:00,67.1,67.27,67.1,67.26,18
2026-01-13 10:31:00,67.3,67.3,67.3,67.3,1
2026-01-13 10:32:00,67.235,67.32,67.235,67.31,22
2026-01-13 10:33:00,67.32,67.55,67.32,67.55,73
2026-01-13 10:34:00,67.56,67.64,67.56,67.63,25
2026-01-13 10:35:00,67.595,67.73,67.595,67.645,166
2026-01-13 10:36:00,67.66,67.69,67.66,67.67,23
2026-01-13 10:37:00,67.675,67.76,67.56,67.615,257
2026-01-13 10:38:00,67.62,68.01,67.5593,68.01,168
2026-01-13 10:39:00,68.02,68.0415,68.01,68.035,37
2026-01-13 10:40:00,67.94,68.0,67.785,68.0,86
2026-01-13 10:41:00,68.04,68.22,68.01,68.145,63
2026-01-13 10:42:00,68.16,68.38,68.16,68.33,120
2026-01-13 10:43:00,68.28,68.4,68.11,68.245,86
2026-01-13 10:44:00,68.18,68.38,68.18,68.38,54
2026-01-13 10:45:00,68.28,68.29,68.18,68.29,29
2026-01-13 10:46:00,68.29,68.29,68.14,68.22,48
2026-01-13 10:47:00,68.21,68.25,68.14,68.18,68
2026-01-13 10:48:00,68.3,68.3,68.284,68.284,2
2026-01-13 10:49:00,68.22,68.3,68.16,68.22,62
2026-01-13 10:50:00,68.22,68.25,68.2,68.25,29
2026-01-13 10:51:00,68.25,68.255,68.1555,68.186,33
2026-01-13 10:52:00,68.25,68.25,68.14,68.25,70
2026-01-13 10:53:00,68.24,68.25,68.17,68.175,32
2026-01-13 10:54:00,68.21,68.345,68.21,68.3202,125
2026-01-13 10:55:00,68.4,68.44,68.3475,68.375,45
2026-01-13 10:56:00,68.375,68.42,68.29,68.29,31
2026-01-13 10:57:00,68.28,68.335,68.21,68.27,74
2026-01-13 10:58:00,68.33,68.33,68.23,68.26,30
2026-01-13 10:59:00,68.265,68.265,68.175,68.205,29
2026-01-13 11:00:00,68.13,68.13,67.8,67.83,95
2026-01-13 11:01:00,67.93,68.02,67.8,68.02,39
2026-01-13 11:02:00,68.015,68.015,67.93,67.96,14
2026-01-13 11:03:00,68.005,68.09,67.92,68.035,15
2026-01-13 11:04:00,68.0175,68.0175,67.92,67.97,18
2026-01-13 11:05:00,67.92,67.92,67.92,67.92,3
2026-01-13 11:06:00,68.0,68.035,67.95,68.035,23
2026-01-13 11:07:00,68.0,68.1061,67.92,68.02,56
2026-01-13 11:08:00,68.065,68.24,68.065,68.24,32
2026-01-13 11:09:00,68.27,68.28,68.04,68.07,63
2026-01-13 11:10:00,68.12,68.12,68.09,68.12,14
2026-01-13 11:11:00,68.12,68.12,67.95,68.03,67
2026-01-13 11:12:00,68.09,68.24,67.99,67.99,14
2026-01-13 11:13:00,67.95,67.98,67.88,67.95,52
2026-01-13 11:14:00,67.92,67.92,67.74,67.78,28
2026-01-13 11:15:00,67.82,67.87,67.82,67.855,18
2026-01-13 11:16:00,67.9,67.92,67.78,67.78,15
2026-01-13 11:17:00,67.83,68.02,67.83,67.895,15
2026-01-13 11:18:00,67.875,67.875,67.83,67.84,6
2026-01-13 11:19:00,67.91,67.925,67.9,67.925,5
2026-01-13 11:20:00,67.82,67.91,67.815,67.91,14
2026-01-13 11:21:00,67.83,67.96,67.83,67.94,9
2026-01-13 11:22:00,68.02,68.02,67.83,67.88,13
2026-01-13 11:23:00,67.88,67.99,67.81,67.83,46
2026-01-13 11:24:00,67.86,67.87,67.86,67.87,5
2026-01-13 11:25:00,67.88,67.88,67.56,67.63,204
2026-01-13 11:26:00,67.63,67.65,67.57,67.65,43
2026-01-13 11:27:00,67.63,67.63,67.55,67.6,13
2026-01-13 11:28:00,67.6,67.6,67.55,67.55,6
2026-01-13 11:29:00,67.6,67.6,67.5,67.5,32
2026-01-13 11:30:00,67.6,67.71,67.56,67.71,32
2026-01-13 11:31:00,67.785,67.84,67.785,67.84,10
2026-01-13 11:32:00,67.885,67.885,67.865,67.865,10
2026-01-13 11:33:00,67.97,67.97,67.83,67.935,12
2026-01-13 11:34:00,67.844,67.93,67.844,67.925,14
2026-01-13 11:35:00,67.86,67.99,67.86,67.99,6
2026-01-13 11:36:00,68.01,68.08,67.98,68.08,25
2026-01-13 11:37:00,68.08,68.19,68.06,68.06,7
2026-01-13 11:38:00,68.0,68.0,67.87,67.87,32
2026-01-13 11:39:00,67.91,67.93,67.88,67.88,8
2026-01-13 11:40:00,67.93,68.01,67.9,68.0,63
2026-01-13 11:41:00,67.965,67.97,67.85,67.97,20
2026-01-13 11:42:00,68.0,68.1,67.985,67.985,22
2026-01-13 11:43:00,67.99,67.99,67.87,67.95,20
2026-01-13 11:44:00,67.92,67.92,67.81,67.82,25
2026-01-13 11:45:00,67.86,67.98,67.85,67.85,20
2026-01-13 11:46:00,67.97,67.97,67.78,67.835,37
2026-01-13 11:47:00,67.89,67.9,67.8,67.9,26
2026-01-13 11:48:00,67.96,67.96,67.88,67.91,6
2026-01-13 11:49:00,67.91,67.96,67.91,67.915,7
2026-01-13 11:50:00,67.88,67.88,67.88,67.88,1
2026-01-13 11:51:00,67.925,67.96,67.925,67.96,2
2026-01-13 11:52:00,67.96,68.02,67.96,67.985,33
2026-01-13 11:53:00,67.985,68.11,67.985,68.11,36
2026-01-13 11:54:00,68.11,68.11,67.95,67.95,29
2026-01-13 11:55:00,68.035,68.11,67.95,67.96,30
2026-01-13 11:56:00,67.9724,68.1,67.9724,68.035,12
2026-01-13 11:57:00,68.0,68.0,67.93,67.93,20
2026-01-13 11:58:00,68.045,68.125,68.045,68.125,8
2026-01-13 11:59:00,68.1,68.1,68.04,68.04,9
2026-01-13 12:00:00,68.02,68.03,67.97,67.97,7
2026-01-13 12:01:00,67.96,68.04,67.96,67.99,15
2026-01-13 12:02:00,68.0,68.0,67.88,67.96,28
2026-01-13 12:03:00,67.965,67.965,67.89,67.89,3
2026-01-13 12:04:00,67.9,67.9,67.835,67.89,16
2026-01-13 12:05:00,67.98,68.04,67.98,68.04,6
2026-01-13 12:06:00,68.25,68.25,68.01,68.135,8
2026-01-13 12:07:00,68.03,68.1446,68.03,68.05,12
2026-01-13 12:08:00,68.145,68.145,68.13,68.13,10
2026-01-13 12:09:00,68.21,68.25,68.165,68.165,3
2026-01-13 12:10:00,68.165,68.165,68.165,68.165,0
2026-01-13 12:11:00,68.25,68.25,68.175,68.175,2
2026-01-13 12:12:00,68.24,68.24,68.19,68.19,2
2026-01-13 12:13:00,68.24,68.24,68.185,68.19,5
2026-01-13 12:14:00,68.24,68.41,68.22,68.33,92
2026-01-13 12:15:00,68.26,68.28,68.21,68.26,54
2026-01-13 12:16:00,68.22,68.43,68.22,68.43,27
2026-01-13 12:17:00,68.43,68.43,68.1,68.14,90
2026-01-13 12:18:00,68.185,68.185,68.185,68.185,1
2026-01-13 12:19:00,68.19,68.19,68.19,68.19,2
2026-01-13 12:20:00,68.19,68.19,68.19,68.19,0
2026-01-13 12:21:00,68.27,68.27,68.27,68.27,1
2026-01-13 12:22:00,68.17,68.19,68.1,68.145,19
2026-01-13 12:23:00,68.145,68.22,68.145,68.195,17
2026-01-13 12:24:00,68.12,68.13,68.06,68.06,12
2026-01-13 12:25:00,68.12,68.27,68.06,68.27,20
2026-01-13 12:26:00,68.17,68.34,68.12,68.16,111
2026-01-13 12:27:00,68.2285,68.2285,68.2285,68.2285,1
2026-01-13 12:28:00,68.19,68.21,68.19,68.21,6
2026-01-13 12:29:00,68.21,68.21,68.1,68.11,28
2026-01-13 12:30:00,68.1,68.15,67.79,67.81,143
2026-01-13 12:31:00,67.81,67.885,67.635,67.66,78
2026-01-13 12:32:00,67.7,67.79,67.59,67.66,151
2026-01-13 12:33:00,67.8,67.99,67.59,67.99,119
2026-01-13 12:34:00,67.92,67.99,67.77,67.85,66
2026-01-13 12:35:00,67.945,67.99,67.67,67.67,79
2026-01-13 12:36:00,67.73,67.8,67.73,67.73,13
2026-01-13 12:37:00,67.73,67.73,67.57,67.57,26
2026-01-13 12:38:00,67.56,67.645,67.53,67.58,22
2026-01-13 12:39:00,67.58,67.58,67.58,67.58,0
2026-01-13 12:40:00,67.53,67.53,67.26,67.37,40
2026-01-13 12:41:00,67.44,67.44,67.34,67.34,3
2026-01-13 12:42:00,67.44,67.44,67.39,67.435,8
2026-01-13 12:43:00,67.435,67.435,67.435,67.435,2
2026-01-13 12:44:00,67.35,67.55,67.35,67.55,36
2026-01-13 12:45:00,67.82,67.82,67.5,67.5,7
2026-01-13 12:46:00,67.59,67.74,67.5688,67.6,18
2026-01-13 12:47:00,67.695,67.755,67.695,67.755,2
2026-01-13 12:48:00,67.755,67.78,67.67,67.78,9
2026-01-13 12:49:00,67.64,67.78,67.64,67.78,3
2026-01-13 12:50:00,67.93,67.93,67.67,67.6711,10
2026-01-13 12:51:00,67.74,67.75,67.66,67.75,8
2026-01-13 12:52:00,67.84,67.845,67.84,67.845,5
2026-01-13 12:53:00,67.82,67.82,67.67,67.785,7
2026-01-13 12:54:00,67.79,67.79,67.79,67.79,2
2026-01-13 12:55:00,67.805,67.91,67.805,67.91,2
2026-01-13 12:56:00,67.7,67.725,67.65,67.65,22
2026-01-13 12:57:00,67.68,67.68,67.4,67.4001,78
2026-01-13 12:58:00,67.41,67.44,67.4,67.4,24
2026-01-13 12:59:00,67.51,67.61,67.51,67.51,7
2026-01-13 13:00:00,67.61,67.61,67.345,67.345,13
2026-01-13 13:01:00,67.345,67.345,67.27,67.295,15
2026-01-13 13:02:00,67.26,67.295,67.26,67.26,17
2026-01-13 13:03:00,67.285,67.34,67.23,67.23,29
2026-01-13 13:04:00,67.25,67.25,67.2,67.2,4
2026-01-13 13:05:00,67.26,67.285,67.26,67.285,5
2026-01-13 13:06:00,67.285,67.36,67.23,67.28,10
2026-01-13 13:07:00,67.28,67.28,67.27,67.275,3
2026-01-13 13:08:00,67.2,67.2,67.12,67.12,19
2026-01-13 13:09:00,67.19,67.27,67.09,67.25,55
2026-01-13 13:10:00,67.12,67.12,67.05,67.07,18
2026-01-13 13:11:00,67.13,67.2,67.13,67.165,23
2026-01-13 13:12:00,67.165,67.165,67.165,67.165,15
2026-01-13 13:13:00,67.25,67.29,67.2,67.29,4
2026-01-13 13:14:00,67.27,67.28,67.22,67.28,6
2026-01-13 13:15:00,67.27,67.27,67.27,67.27,1
2026-01-13 13:16:00,67.27,67.27,67.27,67.27,1
2026-01-13 13:17:00,67.235,67.235,67.175,67.175,32
2026-01-13 13:18:00,67.21,67.35,67.21,67.3,16
2026-01-13 13:19:00,67.4,67.4,67.3276,67.3999,16
2026-01-13 13:20:00,67.2718,67.305,67.2718,67.305,3
2026-01-13 13:21:00,67.4,67.4,67.31,67.35,5
2026-01-13 13:22:00,67.31,67.4,67.31,67.4,9
2026-01-13 13:23:00,67.35,67.35,67.31,67.32,11
2026-01-13 13:24:00,67.24,67.32,67.22,67.25,44
2026-01-13 13:25:00,67.28,67.28,67.26,67.26,18
2026-01-13 13:26:00,67.305,67.4,67.305,67.4,9
2026-01-13 13:27:00,67.4,67.4,67.295,67.38,10
2026-01-13 13:28:00,67.295,67.3,67.295,67.3,3
2026-01-13 13:29:00,67.3,67.3,67.3,67.3,5
2026-01-13 13:30:00,67.3,67.38,67.3,67.3,16
2026-01-13 13:31:00,67.3,67.3,67.3,67.3,13
2026-01-13 13:32:00,67.37,67.38,67.3,67.38,32
2026-01-13 13:33:00,67.38,67.47,67.3,67.395,35
2026-01-13 13:34:00,67.46,67.51,67.42,67.425,8
2026-01-13 13:35:00,67.425,67.51,67.34,67.49,13
2026-01-13 13:36:00,67.415,67.56,67.34,67.56,173
2026-01-13 13:37:00,67.47,67.515,67.42,67.515,16
2026-01-13 13:38:00,67.515,67.515,67.515,67.515,9
2026-01-13 13:39:00,67.62,67.62,67.43,67.525,21
2026-01-13 13:40:00,67.525,67.61,67.5174,67.5174,46
2026-01-13 13:41:00,67.53,67.62,67.48,67.62,14
2026-01-13 13:42:00,67.61,67.61,67.53,67.53,14
2026-01-13 13:43:00,67.45,67.5299,67.12,67.12,87
2026-01-13 13:44:00,67.12,67.12,67.12,67.12,3
2026-01-13 13:45:00,67.12,67.12,67.02,67.045,88
2026-01-13 13:46:00,67.09,67.1,67.055,67.055,12
2026-01-13 13:47:00,67.15,67.15,67.13,67.13,15
2026-01-13 13:48:00,67.07,67.21,67.07,67.21,10
2026-01-13 13:49:00,67.03,67.115,67.03,67.115,3
2026-01-13 13:50:00,67.115,67.115,67.03,67.05,15
2026-01-13 13:51:00,67.18,67.18,67.18,67.18,1
2026-01-13 13:52:00,67.12,67.18,67.12,67.18,5
2026-01-13 13:53:00,67.18,67.18,67.125,67.125,4
2026-01-13 13:54:00,67.06,67.06,67.06,67.06,1
2026-01-13 13:55:00,67.1,67.1,67.01,67.02,6
2026-01-13 13:56:00,66.99,67.03,66.96,67.0,27
2026-01-13 13:57:00,66.9479,67.03,66.9479,67.03,2
2026-01-13 13:58:00,67.09,67.09,67.015,67.015,2
2026-01-13 13:59:00,67.015,67.09,67.015,67.09,7
2026-01-13 14:00:00,67.09,67.1,67.03,67.03,17
2026-01-13 14:01:00,66.99,67.0672,66.99,67.0672,7
2026-01-13 14:02:00,66.98,67.12,66.94,67.12,32
2026-01-13 14:03:00,67.15,67.24,67.13,67.18,12
2026-01-13 14:04:00,67.18,67.18,66.85,66.85,45
2026-01-13 14:05:00,66.99,66.99,66.99,66.99,2
2026-01-13 14:06:00,66.88,66.88,66.87,66.87,5
2026-01-13 14:07:00,66.85,66.85,66.73,66.74,16
2026-01-13 14:08:00,66.83,66.83,66.83,66.83,1
2026-01-13 14:09:00,66.71,66.74,66.71,66.74,8
2026-01-13 14:10:00,66.78,66.78,66.78,66.78,4
2026-01-13 14:11:00,66.84,66.84,66.775,66.81,7
2026-01-13 14:12:00,66.82,66.84,66.78,66.79,6
2026-01-13 14:13:00,66.79,66.85,66.79,66.795,14
2026-01-13 14:14:00,66.72,66.73,66.69,66.72,28
2026-01-13 14:15:00,66.72,66.88,66.65,66.795,85
2026-01-13 14:16:00,66.795,66.795,66.72,66.72,2
2026-01-13 14:17:00,66.88,66.88,66.88,66.88,1
2026-01-13 14:18:00,66.8,66.8,66.57,66.57,13
2026-01-13 14:19:00,66.56,66.6,66.56,66.6,11
2026-01-13 14:20:00,66.64,66.65,66.6,66.65,14
2026-01-13 14:21:00,66.69,66.69,66.69,66.69,1
2026-01-13 14:22:00,66.65,66.65,66.28,66.3666,27
2026-01-13 14:23:00,66.36,66.41,66.205,66.39,248
2026-01-13 14:24:00,66.37,66.37,66.28,66.32,13
2026-01-13 14:25:00,66.28,66.44,66.28,66.42,30
2026-01-13 14:26:00,66.43,66.43,66.37,66.4,16
2026-01-13 14:27:00,66.4,66.44,66.295,66.295,18
2026-01-13 14:28:00,66.295,66.295,66.175,66.175,22
2026-01-13 14:29:00,66.22,66.22,66.175,66.1825,7
2026-01-13 14:30:00,66.22,66.245,66.175,66.2,47
2026-01-13 14:31:00,66.2,66.2,66.2,66.2,1
2026-01-13 14:32:00,66.2,66.2,66.07,66.07,10
2026-01-13 14:33:00,66.135,66.19,66.11,66.11,45
2026-01-13 14:34:00,66.09,66.09,66.09,66.09,4
2026-01-13 14:35:00,66.1556,66.19,66.15,66.19,16
2026-01-13 14:36:00,66.155,66.29,66.155,66.225,72
2026-01-13 14:37:00,66.28,66.28,66.15,66.15,47
2026-01-13 14:38:00,66.19,66.24,66.19,66.24,3
2026-01-13 14:39:00,66.2,66.28,66.2,66.28,5
2026-01-13 14:40:00,66.251,66.251,66.22,66.22,12
2026-01-13 14:41:00,66.23,66.25,66.205,66.2275,31
2026-01-13 14:42:00,66.22,66.3,66.22,66.285,41
2026-01-13 14:43:00,66.285,66.35,66.23,66.3,97
2026-01-13 14:44:00,66.2,66.22,66.18,66.18,17
2026-01-13 14:45:00,66.18,66.18,66.11,66.11,16
2026-01-13 14:46:00,66.195,66.195,66.195,66.195,3
2026-01-13 14:47:00,66.24,66.24,66.13,66.13,20
2026-01-13 14:48:00,66.12,66.12,66.06,66.06,13
2026-01-13 14:49:00,66.06,66.31,66.041,66.245,66
2026-01-13 14:50:00,66.28,66.28,66.28,66.28,5
2026-01-13 14:51:00,66.23,66.24,66.22,66.22,18
2026-01-13 14:52:00,66.34,66.34,66.34,66.34,2
2026-01-13 14:53:00,66.28,66.52,66.28,66.4275,111
2026-01-13 14:54:00,66.4,66.41,66.32,66.4075,27
2026-01-13 14:55:00,66.38,66.385,66.3,66.3356,15
2026-01-13 14:56:00,66.34,66.55,66.2801,66.55,282
2026-01-13 14:57:00,66.5499,66.5499,66.48,66.48,2
2026-01-13 14:58:00,66.44,66.44,66.28,66.28,39
2026-01-13 14:59:00,66.26,66.29,66.21,66.29,79
2026-01-13 15:00:00,66.3,66.33,66.3,66.33,9
2026-01-13 15:01:00,66.25,66.26,66.15,66.15,37
2026-01-13 15:02:00,66.09,66.12,66.05,66.105,50
2026-01-13 15:03:00,66.11,66.11,66.11,66.11,1
2026-01-13 15:04:00,66.06,66.06,66.06,66.06,2
2026-01-13 15:05:00,66.04,66.05,66.0,66.01,38
2026-01-13 15:06:00,66.05,66.17,66.05,66.17,49
2026-01-13 15:07:00,66.1651,66.23,66.14,66.2,57
2026-01-13 15:08:00,66.18,66.28,66.08,66.14,126
2026-01-13 15:09:00,66.15,66.17,66.1,66.15,19
2026-01-13 15:10:00,66.2,66.22,66.155,66.2,7
2026-01-13 15:11:00,66.1925,66.24,66.15,66.19,28
2026-01-13 15:12:00,66.16,66.16,66.1,66.14,12
2026-01-13 15:13:00,66.09,66.11,66.02,66.02,30
2026-01-13 15:14:00,66.035,66.07,65.91,66.01,13
2026-01-13 15:15:00,66.01,66.13,65.995,66.07,126
2026-01-13 15:16:00,66.095,66.16,66.04,66.095,13
2026-01-13 15:17:00,66.1001,66.1111,65.99,65.99,58
2026-01-13 15:18:00,65.99,65.99,65.9875,65.9875,23
2026-01-13 15:19:00,65.9601,66.13,65.95,66.115,86
2026-01-13 15:20:00,66.1176,66.12,66.07,66.11,27
2026-01-13 15:21:00,66.16,66.16,66.09,66.09,4
2026-01-13 15:22:00,66.11,66.11,66.07,66.08,20
2026-01-13 15:23:00,66.1,66.15,65.99,65.99,55
2026-01-13 15:24:00,66.03,66.06,66.0175,66.06,8
2026-01-13 15:25:00,66.03,66.035,66.03,66.035,2
2026-01-13 15:26:00,66.035,66.09,66.025,66.09,80
2026-01-13 15:27:00,66.03,66.03,65.93,65.96,26
2026-01-13 15:28:00,65.94,65.94,65.89,65.91,33
2026-01-13 15:29:00,65.93,65.935,65.88,65.91,21
2026-01-13 15:30:00,65.905,65.905,65.85,65.89,39
2026-01-13 15:31:00,65.94,65.94,65.85,65.85,5
2026-01-13 15:32:00,65.9083,65.9399,65.9083,65.9399,15
2026-01-13 15:33:00,65.89,65.89,65.88,65.89,10
2026-01-13 15:34:00,65.89,65.94,65.88,65.94,8
2026-01-13 15:35:00,65.86,65.935,65.78,65.81,62
2026-01-13 15:36:00,65.81,65.835,65.75,65.75,26
2026-01-13 15:37:00,65.775,65.96,65.775,65.9,131
2026-01-13 15:38:00,65.85,65.85,65.825,65.84,24
2026-01-13 15:39:00,65.88,65.91,65.8745,65.91,12
2026-01-13 15:40:00,65.875,65.875,65.75,65.82,38
2026-01-13 15:41:00,65.855,65.895,65.855,65.895,13
2026-01-13 15:42:00,65.915,65.915,65.915,65.915,3
2026-01-13 15:43:00,65.84,65.9,65.84,65.9,13
2026-01-13 15:44:00,65.94,65.965,65.89,65.89,23
2026-01-13 15:45:00,65.9,65.9,65.88,65.88,11
2026-01-13 15:46:00,65.92,65.95,65.88,65.9,77
2026-01-13 15:47:00,65.93,65.99,65.93,65.98,24
2026-01-13 15:48:00,65.98,65.98,65.85,65.855,75
2026-01-13 15:49:00,65.875,65.875,65.84,65.85,38
2026-01-13 15:50:00,65.83,65.89,65.75,65.88,90
2026-01-13 15:51:00,65.852,65.865,65.83,65.83,47
2026-01-13 15:52:00,65.86,65.89,65.83,65.88,71
2026-01-13 15:53:00,65.875,65.89,65.85,65.86,86
2026-01-13 15:54:00,65.85,65.85,65.595,65.6,92
2026-01-13 15:55:00,65.57,65.62,65.53,65.605,78
2026-01-13 15:56:00,65.61,65.61,65.475,65.55,112
2026-01-13 15:57:00,65.57,65.5825,65.53,65.535,86
2026-01-13 15:58:00,65.54,65.58,65.54,65.57,133
2026-01-13 15:59:00,65.57,65.59,65.47,65.54,352
2026-01-14 09:30:00,65.2,65.29,64.87,65.235,195
2026-01-14 09:31:00,64.99,65.06,64.85,64.85,17
2026-01-14 09:32:00,64.994,65.11,64.84,65.1,25
2026-01-14 09:33:00,65.15,65.53,65.06,65.37,50
2026-01-14 09:34:00,65.21,65.54,65.05,65.05,56
2026-01-14 09:35:00,65.345,65.345,65.14,65.14,2
2026-01-14 09:36:00,65.3,65.3,65.04,65.044,58
2026-01-14 09:37:00,65.05,65.19,64.91,65.1,18
2026-01-14 09:38:00,65.04,65.18,64.91,64.91,18
2026-01-14 09:39:00,65.235,65.235,64.92,65.085,11
2026-01-14 09:40:00,65.0,65.085,64.91,65.085,18
2026-01-14 09:41:00,64.92,64.92,64.75,64.875,24
2026-01-14 09:42:00,65.05,65.08,64.724,64.724,6
2026-01-14 09:43:00,64.72,65.0,64.72,65.0,25
2026-01-14 09:44:00,65.0,65.07,64.91,65.01,5
2026-01-14 09:45:00,65.07,65.16,64.91,64.95,18
2026-01-14 09:46:00,65.15,65.205,65.03,65.205,6
2026-01-14 09:47:00,65.25,65.48,65.25,65.31,51
2026-01-14 09:48:00,65.48,65.49,65.48,65.49,2
2026-01-14 09:49:00,65.52,65.87,65.52,65.735,18
2026-01-14 09:50:00,65.68,65.685,65.68,65.685,6
2026-01-14 09:51:00,65.685,65.95,65.685,65.81,29
2026-01-14 09:52:00,65.875,65.875,65.875,65.875,2
2026-01-14 09:53:00,65.89,65.94,65.58,65.64,41
2026-01-14 09:54:00,65.58,65.68,65.53,65.53,13
2026-01-14 09:55:00,65.54,65.71,65.47,65.5,20
2026-01-14 09:56:00,65.48,65.53,65.41,65.44,23
2026-01-14 09:57:00,65.44,65.56,65.405,65.56,32
2026-01-14 09:58:00,65.56,65.56,65.56,65.56,0
2026-01-14 09:59:00,65.535,65.535,65.37,65.37,18
2026-01-14 10:00:00,65.48,65.48,65.3,65.31,91
2026-01-14 10:01:00,65.375,65.375,65.26,65.26,16
2026-01-14 10:02:00,65.25,65.445,65.25,65.37,35
2026-01-14 10:03:00,65.37,65.43,65.37,65.37,4
2026-01-14 10:04:00,65.46,65.49,65.37,65.49,36
2026-01-14 10:05:00,65.44,65.54,65.37,65.445,36
2026-01-14 10:06:00,65.37,65.37,65.2675,65.2675,13
2026-01-14 10:07:00,65.255,65.2861,65.16,65.262,31
2026-01-14 10:08:00,65.19,65.2899,65.19,65.26,6
2026-01-14 10:09:00,65.185,65.2493,65.185,65.2493,3
2026-01-14 10:10:00,65.1137,65.21,65.1137,65.21,9
2026-01-14 10:11:00,65.175,65.31,65.13,65.27,43
2026-01-14 10:12:00,65.2101,65.35,65.2101,65.29,17
2026-01-14 10:13:00,65.41,65.56,65.41,65.52,30
2026-01-14 10:14:00,65.555,65.555,65.555,65.555,1
2026-01-14 10:15:00,65.595,65.74,65.59,65.74,6
2026-01-14 10:16:00,65.6,65.6,65.43,65.43,31
2026-01-14 10:17:00,65.43,65.67,65.42,65.67,46
2026-01-14 10:18:00,65.645,65.645,65.645,65.645,1
2026-01-14 10:19:00,65.6059,65.77,65.6059,65.74,70
2026-01-14 10:20:00,65.765,65.81,65.68,65.73,132
2026-01-14 10:21:00,65.76,65.8193,65.75,65.8193,21
2026-01-14 10:22:00,65.82,65.89,65.755,65.865,58
2026-01-14 10:23:00,65.76,65.8305,65.74,65.74,22
2026-01-14 10:24:00,65.8199,65.8199,65.69,65.69,17
2026-01-14 10:25:00,65.755,65.755,65.69,65.69,12
2026-01-14 10:26:00,65.7,66.02,65.7,65.99,230
2026-01-14 10:27:00,65.95,65.95,65.88,65.88,57
2026-01-14 10:28:00,65.885,65.9088,65.718,65.718,26
2026-01-14 10:29:00,65.72,65.72,65.57,65.57,27
2026-01-14 10:30:00,65.58,65.58,65.195,65.195,75
2026-01-14 10:31:00,65.2,65.2,65.15,65.195,16
2026-01-14 10:32:00,65.23,65.34,65.23,65.25,44
2026-01-14 10:33:00,65.3,65.32,65.3,65.32,4
2026-01-14 10:34:00,65.325,65.36,65.175,65.175,16
2026-01-14 10:35:00,65.27,65.28,65.17,65.17,37
2026-01-14 10:36:00,65.17,65.17,65.11,65.16,17
2026-01-14 10:37:00,65.185,65.2131,65.185,65.2131,20
2026-01-14 10:38:00,65.225,65.28,65.2,65.28,16
2026-01-14 10:39:00,65.28,65.395,65.28,65.395,7
2026-01-14 10:40:00,65.27,65.39,65.26,65.39,3
2026-01-14 10:41:00,65.39,65.39,65.31,65.31,6
2026-01-14 10:42:00,65.31,65.34,65.3,65.31,7
2026-01-14 10:43:00,65.3,65.455,65.29,65.41,69
2026-01-14 10:44:00,65.455,65.47,65.44,65.46,20
2026-01-14 10:45:00,65.46,65.48,65.38,65.38,17
2026-01-14 10:46:00,65.355,65.48,65.355,65.38,16
2026-01-14 10:47:00,65.36,65.5,65.32,65.45,42
2026-01-14 10:48:00,65.44,65.44,65.395,65.395,2
2026-01-14 10:49:00,65.31,65.34,65.27,65.31,17
2026-01-14 10:50:00,65.285,65.325,65.27,65.27,10
2026-01-14 10:51:00,65.32,65.38,65.3001,65.3001,18
2026-01-14 10:52:00,65.31,65.31,65.31,65.31,2
2026-01-14 10:53:00,65.32,65.33,65.28,65.28,13
2026-01-14 10:54:00,65.285,65.29,65.285,65.29,13
2026-01-14 10:55:00,65.37,65.39,65.37,65.39,5
2026-01-14 10:56:00,65.38,65.39,65.37,65.39,10
2026-01-14 10:57:00,65.39,65.39,65.31,65.31,7
2026-01-14 10:58:00,65.31,65.44,65.3019,65.3019,57
2026-01-14 10:59:00,65.36,65.36,65.36,65.36,1
2026-01-14 11:00:00,65.38,65.38,65.3,65.3,2
2026-01-14 11:01:00,65.34,65.34,65.315,65.32,5
2026-01-14 11:02:00,65.33,65.415,65.31,65.34,13
2026-01-14 11:03:00,65.33,65.33,65.3,65.3,16
2026-01-14 11:04:00,65.33,65.33,65.33,65.33,8
2026-01-14 11:05:00,65.325,65.325,65.28,65.28,18
2026-01-14 11:06:00,65.28,65.33,65.28,65.29,13
2026-01-14 11:07:00,65.3,65.36,65.28,65.32,22
2026-01-14 11:08:00,65.32,65.69,65.32,65.63,376
2026-01-14 11:09:00,65.675,65.69,65.675,65.69,4
2026-01-14 11:10:00,65.74,65.74,65.74,65.74,1
2026-01-14 11:11:00,65.71,65.71,65.6,65.61,17
2026-01-14 11:12:00,65.55,65.59,65.5,65.52,18
2026-01-14 11:13:00,65.51,65.56,65.47,65.56,24
2026-01-14 11:14:00,65.53,65.55,65.47,65.55,54
2026-01-14 11:15:00,65.55,65.55,65.55,65.55,0
2026-01-14 11:16:00,65.61,65.61,65.61,65.61,1
2026-01-14 11:17:00,65.715,65.715,65.71,65.71,2
2026-01-14 11:18:00,65.69,65.7,65.6,65.6,9
2026-01-14 11:19:00,65.58,65.78,65.58,65.69,66
2026-01-14 11:20:00,65.735,65.735,65.73,65.735,11
2026-01-14 11:21:00,65.735,65.79,65.735,65.735,12
2026-01-14 11:22:00,65.735,65.735,65.6,65.61,23
2026-01-14 11:23:00,65.61,65.68,65.59,65.68,27
2026-01-14 11:24:00,65.63,65.67,65.63,65.67,3
2026-01-14 11:25:00,65.62,65.625,65.58,65.58,7
2026-01-14 11:26:00,65.57,65.58,65.56,65.57,12
2026-01-14 11:27:00,65.59,65.6,65.575,65.575,9
2026-01-14 11:28:00,65.61,65.61,65.605,65.605,5
2026-01-14 11:29:00,65.57,65.57,65.42,65.42,27
2026-01-14 11:30:00,65.45,65.45,65.41,65.42,10
2026-01-14 11:31:00,65.41,65.445,65.29,65.29,24
2026-01-14 11:32:00,65.29,65.29,65.26,65.26,8
2026-01-14 11:33:00,65.27,65.32,65.27,65.29,11
2026-01-14 11:34:00,65.22,65.28,65.22,65.27,5
2026-01-14 11:35:00,65.3,65.3,65.3,65.3,4
2026-01-14 11:36:00,65.26,65.26,65.26,65.26,1
2026-01-14 11:37:00,65.265,65.265,65.19,65.19,5
2026-01-14 11:38:00,65.19,65.2,65.19,65.19,4
2026-01-14 11:39:00,65.19,65.19,65.19,65.19,0
2026-01-14 11:40:00,65.19,65.19,65.19,65.19,0
2026-01-14 11:41:00,65.17,65.175,65.14,65.14,14
2026-01-14 11:42:00,65.18,65.2,65.18,65.2,5
2026-01-14 11:43:00,65.1801,65.22,65.15,65.2,36
2026-01-14 11:44:00,65.16,65.25,65.16,65.22,22
2026-01-14 11:45:00,65.2,65.25,65.19,65.25,9
2026-01-14 11:46:00,65.25,65.26,65.215,65.215,6
2026-01-14 11:47:00,65.26,65.34,65.24,65.34,17
2026-01-14 11:48:00,65.31,65.34,65.285,65.34,6
2026-01-14 11:49:00,65.34,65.34,65.31,65.315,8
2026-01-14 11:50:00,65.28,65.31,65.24,65.275,34
2026-01-14 11:51:00,65.26,65.28,65.21,65.28,51
2026-01-14 11:52:00,65.25,65.25,65.21,65.225,9
2026-01-14 11:53:00,65.26,65.26,65.26,65.26,2
2026-01-14 11:54:00,65.26,65.27,65.19,65.24,35
2026-01-14 11:55:00,65.19,65.19,65.13,65.15,15
2026-01-14 11:56:00,65.18,65.27,65.17,65.25,31
2026-01-14 11:57:00,65.234,65.295,65.234,65.25,12
2026-01-14 11:58:00,65.25,65.31,65.21,65.21,8
2026-01-14 11:59:00,65.27,65.27,65.245,65.245,5
2026-01-14 12:00:00,65.26,65.325,65.24,65.325,32
2026-01-14 12:01:00,65.28,65.29,65.27,65.29,9
2026-01-14 12:02:00,65.29,65.33,65.29,65.32,10
2026-01-14 12:03:00,65.34,65.35,65.34,65.35,6
2026-01-14 12:04:00,65.36,65.38,65.29,65.305,19
2026-01-14 12:05:00,65.325,65.325,65.26,65.26,13
2026-01-14 12:06:00,65.26,65.28,65.23,65.255,17
2026-01-14 12:07:00,65.255,65.255,65.255,65.255,4
2026-01-14 12:08:00,65.255,65.255,65.255,65.255,0
2026-01-14 12:09:00,65.28,65.315,65.28,65.315,17
2026-01-14 12:10:00,65.3325,65.335,65.3325,65.335,4
2026-01-14 12:11:00,65.34,65.34,65.3325,65.3325,2
2026-01-14 12:12:00,65.31,65.36,65.31,65.36,13
2026-01-14 12:13:00,65.38,65.38,65.38,65.38,1
2026-01-14 12:14:00,65.38,65.41,65.38,65.395,12
2026-01-14 12:15:00,65.37,65.38,65.34,65.34,8
2026-01-14 12:16:00,65.34,65.38,65.28,65.37,56
2026-01-14 12:17:00,65.3101,65.3101,65.3101,65.3101,1
2026-01-14 12:18:00,65.32,65.355,65.31,65.31,8
2026-01-14 12:19:00,65.33,65.4,65.33,65.4,29
2026-01-14 12:20:00,65.37,65.37,65.31,65.31,35
2026-01-14 12:21:00,65.31,65.32,65.27,65.29,6
2026-01-14 12:22:00,65.29,65.36,65.29,65.35,31
2026-01-14 12:23:00,65.35,65.44,65.35,65.37,44
2026-01-14 12:24:00,65.44,65.52,65.43,65.52,21
2026-01-14 12:25:00,65.51,65.51,65.51,65.51,1
2026-01-14 12:26:00,65.5,65.53,65.5,65.53,2
2026-01-14 12:27:00,65.49,65.53,65.46,65.46,9
2026-01-14 12:28:00,65.53,65.53,65.46,65.46,10
2026-01-14 12:29:00,65.46,65.53,65.44,65.465,19
2026-01-14 12:30:00,65.44,65.445,65.37,65.43,22
2026-01-14 12:31:00,65.415,65.415,65.33,65.33,14
2026-01-14 12:32:00,65.33,65.335,65.28,65.28,6
2026-01-14 12:33:00,65.32,65.415,65.28,65.41,45
2026-01-14 12:34:00,65.41,65.41,65.38,65.38,4
2026-01-14 12:35:00,65.38,65.42,65.38,65.415,23
2026-01-14 12:36:00,65.43,65.52,65.43,65.52,13
2026-01-14 12:37:00,65.44,65.51,65.44,65.5,6
2026-01-14 12:38:00,65.46,65.5,65.41,65.5,25
2026-01-14 12:39:00,65.5,65.5,65.45,65.47,9
2026-01-14 12:40:00,65.51,65.575,65.51,65.575,12
2026-01-14 12:41:00,65.54,65.61,65.54,65.55,46
2026-01-14 12:42:00,65.605,65.68,65.605,65.66,12
2026-01-14 12:43:00,65.68,65.7,65.55,65.55,48
2026-01-14 12:44:00,65.6,65.615,65.56,65.615,23
2026-01-14 12:45:00,65.615,65.66,65.615,65.66,15
2026-01-14 12:46:00,65.71,65.86,65.71,65.7354,17
2026-01-14 12:47:00,65.73,65.86,65.51,65.51,22
2026-01-14 12:48:00,65.59,65.59,65.48,65.48,12
2026-01-14 12:49:00,65.48,65.48,65.36,65.36,11
2026-01-14 12:50:00,65.34,65.355,65.28,65.28,16
2026-01-14 12:51:00,65.27,65.32,65.27,65.3,16
2026-01-14 12:52:00,65.33,65.335,65.3,65.3,16
2026-01-14 12:53:00,65.27,65.31,65.23,65.285,12
2026-01-14 12:54:00,65.34,65.36,65.3,65.31,21
2026-01-14 12:55:00,65.31,65.36,65.31,65.36,10
2026-01-14 12:56:00,65.37,65.37,65.35,65.37,7
2026-01-14 12:57:00,65.37,65.37,65.27,65.3,44
2026-01-14 12:58:00,65.315,65.315,65.315,65.315,1
2026-01-14 12:59:00,65.315,65.315,65.27,65.31,9
2026-01-14 13:00:00,65.31,65.31,65.26,65.26,44
2026-01-14 13:01:00,65.32,65.38,65.32,65.37,27
2026-01-14 13:02:00,65.345,65.345,65.345,65.345,2
2026-01-14 13:03:00,65.36,65.41,65.36,65.41,3
2026-01-14 13:04:00,65.41,65.415,65.3736,65.41,21
2026-01-14 13:05:00,65.39,65.41,65.35,65.35,6
2026-01-14 13:06:00,65.35,65.38,65.34,65.34,10
2026-01-14 13:07:00,65.35,65.35,65.31,65.31,5
2026-01-14 13:08:00,65.32,65.37,65.32,65.33,26
2026-01-14 13:09:00,65.35,65.42,65.34,65.35,10
2026-01-14 13:10:00,65.355,65.36,65.345,65.345,52
2026-01-14 13:11:00,65.38,65.38,65.3,65.3,100
2026-01-14 13:12:00,65.33,65.42,65.33,65.42,35
2026-01-14 13:13:00,65.375,65.42,65.375,65.4,11
2026-01-14 13:14:00,65.4,65.53,65.4,65.53,20
2026-01-14 13:15:00,65.53,65.53,65.51,65.53,3
2026-01-14 13:16:00,65.505,65.505,65.505,65.505,5
2026-01-14 13:17:00,65.505,65.56,65.45,65.51,15
2026-01-14 13:18:00,65.46,65.56,65.46,65.55,12
2026-01-14 13:19:00,65.55,65.68,65.55,65.68,23
2026-01-14 13:20:00,65.68,65.68,65.58,65.58,39
2026-01-14 13:21:00,65.58,65.58,65.58,65.58,0
2026-01-14 13:22:00,65.6,65.64,65.58,65.59,17
2026-01-14 13:23:00,65.59,65.64,65.58,65.63,35
2026-01-14 13:24:00,65.65,65.65,65.61,65.65,8
2026-01-14 13:25:00,65.64,65.64,65.61,65.61,16
2026-01-14 13:26:00,65.61,65.71,65.61,65.69,17
2026-01-14 13:27:00,65.72,65.72,65.68,65.7,8
2026-01-14 13:28:00,65.69,65.7,65.65,65.7,48
2026-01-14 13:29:00,65.74,65.785,65.74,65.785,13
2026-01-14 13:30:00,65.76,65.76,65.7,65.7,17
2026-01-14 13:31:00,65.67,65.75,65.64,65.75,38
2026-01-14 13:32:00,65.775,65.775,65.775,65.775,2
2026-01-14 13:33:00,65.775,65.775,65.64,65.65,16
2026-01-14 13:34:00,65.61,65.61,65.59,65.59,3
2026-01-14 13:35:00,65.62,65.685,65.62,65.62,38
2026-01-14 13:36:00,65.64,65.64,65.5,65.5,23
2026-01-14 13:37:00,65.47,65.47,65.47,65.47,2
2026-01-14 13:38:00,65.415,65.48,65.33,65.33,51
2026-01-14 13:39:00,65.32,65.38,65.24,65.3,70
2026-01-14 13:40:00,65.26,65.315,65.14,65.16,81
2026-01-14 13:41:00,65.08,65.115,65.08,65.115,5
2026-01-14 13:42:00,65.15,65.23,65.15,65.23,17
2026-01-14 13:43:00,65.25,65.25,65.2,65.21,12
2026-01-14 13:44:00,65.21,65.21,65.21,65.21,0
2026-01-14 13:45:00,65.2,65.225,65.2,65.225,4
2026-01-14 13:46:00,65.19,65.22,65.19,65.22,5
2026-01-14 13:47:00,65.225,65.25,65.21,65.25,8
2026-01-14 13:48:00,65.21,65.215,65.2,65.215,3
2026-01-14 13:49:00,65.18,65.19,65.1415,65.1415,5
2026-01-14 13:50:00,65.12,65.18,65.11,65.18,16
2026-01-14 13:51:00,65.2,65.2,65.17,65.2,7
2026-01-14 13:52:00,65.18,65.18,65.18,65.18,1
2026-01-14 13:53:00,65.24,65.24,65.19,65.19,4
2026-01-14 13:54:00,65.19,65.19,65.14,65.17,9
2026-01-14 13:55:00,65.17,65.17,65.17,65.17,0
2026-01-14 13:56:00,65.11,65.11,65.08,65.1,7
2026-01-14 13:57:00,65.08,65.08,65.08,65.08,1
2026-01-14 13:58:00,65.17,65.17,65.14,65.14,7
2026-01-14 13:59:00,65.15,65.19,65.15,65.19,6
2026-01-14 14:00:00,65.19,65.19,65.17,65.17,3
2026-01-14 14:01:00,65.24,65.25,65.2,65.25,25
2026-01-14 14:02:00,65.205,65.25,65.1731,65.25,4
2026-01-14 14:03:00,65.2329,65.25,65.2329,65.24,14
2026-01-14 14:04:00,65.23,65.25,65.18,65.18,19
2026-01-14 14:05:00,65.18,65.19,65.14,65.18,42
2026-01-14 14:06:00,65.21,65.21,65.21,65.21,2
2026-01-14 14:07:00,65.25,65.25,65.2,65.2,7
2026-01-14 14:08:00,65.25,65.25,65.25,65.25,5
2026-01-14 14:09:00,65.23,65.26,65.2275,65.26,7
2026-01-14 14:10:00,65.235,65.25,65.22,65.23,8
2026-01-14 14:11:00,65.23,65.25,65.19,65.215,17
2026-01-14 14:12:00,65.215,65.27,65.21,65.27,19
2026-01-14 14:13:00,65.26,65.27,65.25,65.25,30
2026-01-14 14:14:00,65.22,65.22,65.2,65.215,11
2026-01-14 14:15:00,65.16,65.25,65.16,65.24,38
2026-01-14 14:16:00,65.24,65.26,65.18,65.18,23
2026-01-14 14:17:00,65.18,65.2099,65.17,65.2099,3
2026-01-14 14:18:00,65.14,65.15,65.1,65.1,13
2026-01-14 14:19:00,65.1,65.1,65.1,65.1,0
2026-01-14 14:20:00,65.11,65.11,65.09,65.09,5
2026-01-14 14:21:00,65.08,65.14,65.08,65.14,9
2026-01-14 14:22:00,65.14,65.18,65.12,65.12,6
2026-01-14 14:23:00,65.2,65.21,65.2,65.21,2
2026-01-14 14:24:00,65.23,65.23,65.19,65.19,2
2026-01-14 14:25:00,65.16,65.16,65.1,65.1,19
2026-01-14 14:26:00,65.11,65.12,65.04,65.04,62
2026-01-14 14:27:00,65.05,65.14,65.02,65.14,62
2026-01-14 14:28:00,65.13,65.28,65.07,65.085,107
2026-01-14 14:29:00,65.085,65.09,65.06,65.08,16
2026-01-14 14:30:00,65.1,65.115,65.09,65.115,11
2026-01-14 14:31:00,65.115,65.115,65.115,65.115,3
2026-01-14 14:32:00,65.115,65.14,65.11,65.11,4
2026-01-14 14:33:00,65.14,65.14,65.05,65.06,15
2026-01-14 14:34:00,65.02,65.09,65.02,65.09,18
2026-01-14 14:35:00,65.1,65.1,65.1,65.1,1
2026-01-14 14:36:00,65.14,65.14,65.14,65.14,1
2026-01-14 14:37:00,65.12,65.17,65.12,65.13,19
2026-01-14 14:38:00,65.145,65.145,65.145,65.145,1
2026-01-14 14:39:00,65.13,65.14,65.13,65.13,7
2026-01-14 14:40:00,65.14,65.16,65.04,65.04,71
2026-01-14 14:41:00,65.02,65.02,64.975,65.02,85
2026-01-14 14:42:00,65.0,65.02,64.985,65.02,38
2026-01-14 14:43:00,65.02,65.0275,64.98,64.98,22
2026-01-14 14:44:00,64.985,65.07,64.985,65.02,79
2026-01-14 14:45:00,65.02,65.02,64.9884,65.02,11
2026-01-14 14:46:00,65.0201,65.06,65.005,65.01,14
2026-01-14 14:47:00,65.005,65.015,65.0025,65.0025,4
2026-01-14 14:48:00,65.015,65.1,65.01,65.1,24
2026-01-14 14:49:00,65.12,65.12,65.12,65.12,1
2026-01-14 14:50:00,65.125,65.125,65.125,65.125,1
2026-01-14 14:51:00,65.115,65.15,65.115,65.15,6
2026-01-14 14:52:00,65.125,65.125,65.125,65.125,3
2026-01-14 14:53:00,65.155,65.155,65.155,65.155,1
2026-01-14 14:54:00,65.125,65.15,65.09,65.11,29
2026-01-14 14:55:00,65.15,65.255,65.15,65.255,34
2026-01-14 14:56:00,65.255,65.26,65.255,65.26,2
2026-01-14 14:57:00,65.26,65.26,65.23,65.24,12
2026-01-14 14:58:00,65.265,65.58,65.265,65.47,33
2026-01-14 14:59:00,65.52,65.57,65.4946,65.57,17
2026-01-14 15:00:00,65.57,65.57,65.48,65.48,27
2026-01-14 15:01:00,65.47,65.47,65.43,65.43,6
2026-01-14 15:02:00,65.44,65.5025,65.35,65.35,56
2026-01-14 15:03:00,65.38,65.43,65.38,65.43,39
2026-01-14 15:04:00,65.415,65.5,65.415,65.495,29
2026-01-14 15:05:00,65.46,65.46,65.43,65.43,5
2026-01-14 15:06:00,65.465,65.465,65.465,65.465,1
2026-01-14 15:07:00,65.43,65.5,65.42,65.48,88
2026-01-14 15:08:00,65.52,65.54,65.51,65.54,8
2026-01-14 15:09:00,65.54,65.54,65.51,65.51,20
2026-01-14 15:10:00,65.53,65.58,65.48,65.57,45
2026-01-14 15:11:00,65.5401,65.6,65.5401,65.55,15
2026-01-14 15:12:00,65.585,65.585,65.5,65.5,38
2026-01-14 15:13:00,65.51,65.56,65.51,65.55,96
2026-01-14 15:14:00,65.56,65.66,65.56,65.6575,16
2026-01-14 15:15:00,65.66,65.66,65.66,65.66,1
2026-01-14 15:16:00,65.66,65.66,65.48,65.48,57
2026-01-14 15:17:00,65.48,65.48,65.44,65.445,27
2026-01-14 15:18:00,65.49,65.565,65.49,65.5,42
2026-01-14 15:19:00,65.545,65.57,65.545,65.57,3
2026-01-14 15:20:00,65.56,65.56,65.46,65.46,8
2026-01-14 15:21:00,65.5,65.5,65.41,65.4607,20
2026-01-14 15:22:00,65.44,65.48,65.41,65.46,26
2026-01-14 15:23:00,65.42,65.48,65.39,65.45,105
2026-01-14 15:24:00,65.445,65.45,65.42,65.42,11
2026-01-14 15:25:00,65.4,65.47,65.37,65.47,72
2026-01-14 15:26:00,65.46,65.47,65.43,65.46,15
2026-01-14 15:27:00,65.45,65.5,65.45,65.49,79
2026-01-14 15:28:00,65.5,65.51,65.47,65.47,25
2026-01-14 15:29:00,65.45,65.51,65.445,65.455,47
2026-01-14 15:30:00,65.42,65.42,65.37,65.38,15
2026-01-14 15:31:00,65.37,65.44,65.37,65.44,103
2026-01-14 15:32:00,65.45,65.47,65.41,65.43,173
2026-01-14 15:33:00,65.38,65.57,65.38,65.565,95
2026-01-14 15:34:00,65.56,65.565,65.56,65.565,6
2026-01-14 15:35:00,65.6,65.62,65.565,65.59,35
2026-01-14 15:36:00,65.59,65.66,65.57,65.635,58
2026-01-14 15:37:00,65.635,65.635,65.52,65.52,49
2026-01-14 15:38:00,65.52,65.55,65.5,65.5,44
2026-01-14 15:39:00,65.49,65.585,65.48,65.56,88
2026-01-14 15:40:00,65.585,65.67,65.58,65.615,27
2026-01-14 15:41:00,65.615,65.8,65.61,65.68,129
2026-01-14 15:42:00,65.75,65.77,65.655,65.655,57
2026-01-14 15:43:00,65.7,65.7,65.56,65.56,60
2026-01-14 15:44:00,65.57,65.595,65.56,65.58,36
2026-01-14 15:45:00,65.56,65.65,65.5,65.565,65
2026-01-14 15:46:00,65.6,65.645,65.6,65.64,59
2026-01-14 15:47:00,65.64,65.665,65.545,65.545,63
2026-01-14 15:48:00,65.545,65.735,65.545,65.66,80
2026-01-14 15:49:00,65.655,65.66,65.55,65.59,63
2026-01-14 15:50:00,65.56,65.84,65.54,65.675,175
2026-01-14 15:51:00,65.675,65.835,65.675,65.74,111
2026-01-14 15:52:00,65.75,65.875,65.75,65.82,139
2026-01-14 15:53:00,65.82,65.8605,65.78,65.845,143
2026-01-14 15:54:00,65.845,66.04,65.7,65.7,333
2026-01-14 15:55:00,65.72,65.81,65.69,65.795,87
2026-01-14 15:56:00,65.81,65.93,65.795,65.92,134
2026-01-14 15:57:00,65.925,65.925,65.86,65.9,189
2026-01-14 15:58:00,65.9,65.94,65.8,65.83,590
2026-01-14 15:59:00,65.82,65.92,65.774,65.91,503
2026-01-15 09:30:00,66.13,66.9,66.13,66.78,125
2026-01-15 09:31:00,66.84,66.96,66.76,66.845,22
2026-01-15 09:32:00,66.91,66.91,66.685,66.69,74
2026-01-15 09:33:00,66.685,66.685,66.41,66.58,20
2026-01-15 09:34:00,66.58,66.68,66.58,66.68,4
2026-01-15 09:35:00,66.625,66.625,66.625,66.625,2
2026-01-15 09:36:00,66.51,66.66,65.8587,65.96,239
2026-01-15 09:37:00,66.235,66.6,66.235,66.25,98
2026-01-15 09:38:00,66.59,66.83,66.59,66.83,9
2026-01-15 09:39:00,66.705,66.88,66.705,66.855,26
2026-01-15 09:40:00,66.91,67.015,66.85,67.0125,605
2026-01-15 09:41:00,67.05,67.05,66.815,66.815,77
2026-01-15 09:42:00,66.83,66.83,66.825,66.825,3
2026-01-15 09:43:00,66.83,66.97,66.83,66.97,5
2026-01-15 09:44:00,66.885,66.9025,66.68,66.77,38
2026-01-15 09:45:00,66.811,67.02,66.74,66.95,83
2026-01-15 09:46:00,66.91,66.91,66.82,66.835,21
2026-01-15 09:47:00,66.795,66.795,66.79,66.79,13
2026-01-15 09:48:00,66.93,67.15,66.92,67.0,111
2026-01-15 09:49:00,67.0,67.19,67.0,67.19,62
2026-01-15 09:50:00,67.245,67.365,67.24,67.365,84
2026-01-15 09:51:00,67.375,67.375,67.23,67.295,23
2026-01-15 09:52:00,67.37,67.451,66.935,67.04,93
2026-01-15 09:53:00,66.86,66.88,66.86,66.88,2
2026-01-15 09:54:00,66.87,66.87,66.72,66.72,44
2026-01-15 09:55:00,66.64,66.7,66.6,66.6,9
2026-01-15 09:56:00,66.6,66.6,66.56,66.56,2
2026-01-15 09:57:00,66.6,66.6,66.5,66.6,38
2026-01-15 09:58:00,66.45,66.57,66.45,66.57,30
2026-01-15 09:59:00,66.5,66.56,66.5,66.56,2
2026-01-15 10:00:00,66.51,67.42,66.5,67.32,266
2026-01-15 10:01:00,67.32,67.4,67.28,67.33,59
2026-01-15 10:02:00,67.39,67.89,67.35,67.85,29
2026-01-15 10:03:00,68.0,68.12,67.865,67.99,313
2026-01-15 10:04:00,67.83,68.24,67.68,68.24,69
2026-01-15 10:05:00,67.49,67.49,67.195,67.195,22
2026-01-15 10:06:00,67.285,67.4,67.1,67.15,14
2026-01-15 10:07:00,66.99,67.0,66.805,66.805,8
2026-01-15 10:08:00,66.92,66.97,66.92,66.97,2
2026-01-15 10:09:00,66.89,66.9,66.89,66.9,2
2026-01-15 10:10:00,66.9,66.9,66.9,66.9,0
2026-01-15 10:11:00,66.9,66.9,66.9,66.9,1
2026-01-15 10:12:00,66.78,66.78,66.78,66.78,3
2026-01-15 10:13:00,66.87,66.87,66.8,66.845,4
2026-01-15 10:14:00,66.89,67.155,66.88,67.155,12
2026-01-15 10:15:00,66.94,66.985,66.89,66.985,27
2026-01-15 10:16:00,66.89,66.89,66.83,66.83,3
2026-01-15 10:17:00,66.83,66.83,66.83,66.83,0
2026-01-15 10:18:00,66.82,66.82,66.65,66.685,43
2026-01-15 10:19:00,66.685,66.7486,66.605,66.605,13
2026-01-15 10:20:00,66.5825,66.6,66.38,66.57,7
2026-01-15 10:21:00,66.61,66.61,66.61,66.61,1
2026-01-15 10:22:00,66.53,66.53,66.4517,66.52,21
2026-01-15 10:23:00,66.3792,66.3792,66.37,66.37,3
2026-01-15 10:24:00,66.335,66.48,66.265,66.48,94
2026-01-15 10:25:00,66.51,66.58,66.5,66.5,4
2026-01-15 10:26:00,66.58,66.58,66.5018,66.5018,7
2026-01-15 10:27:00,66.49,66.52,66.46,66.5,7
2026-01-15 10:28:00,66.505,66.61,66.505,66.61,23
2026-01-15 10:29:00,66.58,66.68,66.57,66.63,32
2026-01-15 10:30:00,66.63,66.63,66.45,66.46,24
2026-01-15 10:31:00,66.58,66.58,66.58,66.58,5
2026-01-15 10:32:00,66.71,66.7143,66.6,66.625,6
2026-01-15 10:33:00,66.82,66.82,66.6651,66.6651,26
2026-01-15 10:34:00,66.74,66.86,66.55,66.655,29
2026-01-15 10:35:00,66.655,66.73,66.54,66.645,84
2026-01-15 10:36:00,66.645,66.77,66.57,66.77,17
2026-01-15 10:37:00,66.77,66.77,66.77,66.77,0
2026-01-15 10:38:00,66.715,66.72,66.62,66.62,9
2026-01-15 10:39:00,66.62,66.65,66.62,66.65,3
2026-01-15 10:40:00,66.61,66.71,66.61,66.69,19
2026-01-15 10:41:00,66.69,66.69,66.58,66.58,5
2026-01-15 10:42:00,66.54,66.665,66.54,66.58,6
2026-01-15 10:43:00,66.7055,66.7055,66.59,66.59,9
2026-01-15 10:44:00,66.62,66.685,66.59,66.59,3
2026-01-15 10:45:00,66.685,66.685,66.54,66.54,6
2026-01-15 10:46:00,66.54,66.54,66.54,66.54,0
2026-01-15 10:47:00,66.63,66.7866,66.63,66.7866,13
2026-01-15 10:48:00,66.81,66.83,66.745,66.83,6
2026-01-15 10:49:00,66.79,66.79,66.62,66.735,8
2026-01-15 10:50:00,66.735,66.735,66.735,66.735,2
2026-01-15 10:51:00,66.73,66.73,66.63,66.63,2
2026-01-15 10:52:00,66.725,66.725,66.65,66.725,9
2026-01-15 10:53:00,66.72,66.8,66.63,66.8,5
2026-01-15 10:54:00,66.72,66.72,66.72,66.72,5
2026-01-15 10:55:00,66.64,66.87,66.64,66.87,9
2026-01-15 10:56:00,66.9,66.9,66.76,66.8,28
2026-01-15 10:57:00,66.775,66.775,66.685,66.71,13
2026-01-15 10:58:00,66.72,66.72,66.72,66.72,3
2026-01-15 10:59:00,66.7246,66.8,66.72,66.72,25
2026-01-15 11:00:00,66.65,66.65,66.65,66.65,5
2026-01-15 11:01:00,66.65,66.72,66.65,66.72,16
2026-01-15 11:02:00,66.695,66.805,66.64,66.805,14
2026-01-15 11:03:00,66.74,66.76,66.58,66.635,38
2026-01-15 11:04:00,66.64,66.7,66.6,66.66,34
2026-01-15 11:05:00,66.77,66.78,66.77,66.78,2
2026-01-15 11:06:00,66.73,66.73,66.65,66.65,7
2026-01-15 11:07:00,66.74,66.74,66.74,66.74,2
2026-01-15 11:08:00,66.745,66.755,66.63,66.755,12
2026-01-15 11:09:00,66.8699,66.8699,66.66,66.66,3
2026-01-15 11:10:00,66.755,66.755,66.755,66.755,1
2026-01-15 11:11:00,66.755,66.755,66.66,66.66,3
2026-01-15 11:12:00,66.75,66.795,66.75,66.7843,5
2026-01-15 11:13:00,66.795,66.85,66.795,66.805,4
2026-01-15 11:14:00,66.8,66.81,66.78,66.8,12
2026-01-15 11:15:00,66.785,66.83,66.78,66.83,3
2026-01-15 11:16:00,66.83,66.835,66.69,66.74,13
2026-01-15 11:17:00,66.88,66.88,66.88,66.88,1
2026-01-15 11:18:00,66.85,66.94,66.8,66.94,12
2026-01-15 11:19:00,66.95,67.01,66.95,67.01,2
2026-01-15 11:20:00,67.015,67.015,66.9751,67.015,7
2026-01-15 11:21:00,67.015,67.015,67.015,67.015,0
2026-01-15 11:22:00,66.99,67.1157,66.99,67.105,9
2026-01-15 11:23:00,67.1,67.1,66.93,66.99,23
2026-01-15 11:24:00,67.0089,67.0089,67.0089,67.0089,3
2026-01-15 11:25:00,67.0089,67.0089,67.0089,67.0089,0
2026-01-15 11:26:00,67.04,67.04,67.04,67.04,3
2026-01-15 11:27:00,67.09,67.09,67.04,67.04,3
2026-01-15 11:28:00,67.0,67.02,66.96,66.99,23
2026-01-15 11:29:00,67.04,67.105,67.04,67.105,9
2026-01-15 11:30:00,67.1,67.194,67.1,67.194,11
2026-01-15 11:31:00,67.18,67.185,67.18,67.185,2
2026-01-15 11:32:00,67.185,67.19,67.185,67.19,3
2026-01-15 11:33:00,67.23,67.3,67.22,67.28,10
2026-01-15 11:34:00,67.34,67.35,67.34,67.35,2
2026-01-15 11:35:00,67.4,67.41,67.4,67.41,7
2026-01-15 11:36:00,67.4,67.415,67.3,67.37,23
2026-01-15 11:37:00,67.33,67.345,67.23,67.345,43
2026-01-15 11:38:00,67.35,67.42,67.345,67.42,9
2026-01-15 11:39:00,67.35,67.35,67.28,67.28,4
2026-01-15 11:40:00,67.26,67.335,67.26,67.325,14
2026-01-15 11:41:00,67.325,67.33,67.325,67.33,7
2026-01-15 11:42:00,67.325,67.325,67.325,67.325,1
2026-01-15 11:43:00,67.325,67.325,67.22,67.265,23
2026-01-15 11:44:00,67.3,67.3,67.215,67.26,9
2026-01-15 11:45:00,67.315,67.36,67.2401,67.345,24
2026-01-15 11:46:00,67.345,67.41,67.345,67.355,9
2026-01-15 11:47:00,67.41,67.85,67.41,67.84,130
2026-01-15 11:48:00,67.805,67.82,67.74,67.77,5
2026-01-15 11:49:00,67.76,67.795,67.76,67.76,5
2026-01-15 11:50:00,67.79,67.795,67.68,67.78,44
2026-01-15 11:51:00,67.68,67.68,67.65,67.675,25
2026-01-15 11:52:00,67.77,67.77,67.77,67.77,3
2026-01-15 11:53:00,67.765,67.765,67.755,67.76,8
2026-01-15 11:54:00,67.76,67.77,67.75,67.76,16
2026-01-15 11:55:00,67.67,67.76,67.64,67.64,12
2026-01-15 11:56:00,67.64,67.64,67.62,67.64,6
2026-01-15 11:57:00,67.6,67.61,67.53,67.53,65
2026-01-15 11:58:00,67.5,67.54,67.47,67.48,10
2026-01-15 11:59:00,67.48,67.48,67.48,67.48,0
2026-01-15 12:00:00,67.5,67.8,67.5,67.8,15
2026-01-15 12:01:00,67.83,67.85,67.735,67.75,9
2026-01-15 12:02:00,67.75,67.85,67.75,67.76,41
2026-01-15 12:03:00,67.76,67.8383,67.76,67.775,68
2026-01-15 12:04:00,67.86,68.085,67.83,67.83,34
2026-01-15 12:05:00,67.8885,67.8885,67.69,67.77,23
2026-01-15 12:06:00,67.73,67.84,67.73,67.75,4
2026-01-15 12:07:00,67.65,67.65,67.6,67.61,10
2026-01-15 12:08:00,67.695,67.695,67.695,67.695,4
2026-01-15 12:09:00,67.695,67.7,67.695,67.7,3
2026-01-15 12:10:00,67.715,67.715,67.57,67.66,6
2026-01-15 12:11:00,67.66,67.66,67.57,67.6,25
2026-01-15 12:12:00,67.6,67.6,67.6,67.6,0
2026-01-15 12:13:00,67.56,67.605,67.52,67.565,14
2026-01-15 12:14:00,67.625,67.64,67.565,67.565,33
2026-01-15 12:15:00,67.565,67.59,67.51,67.51,7
2026-01-15 12:16:00,67.56,67.62,67.56,67.62,4
2026-01-15 12:17:00,67.57,67.62,67.57,67.62,10
2026-01-15 12:18:00,67.58,67.62,67.58,67.62,2
2026-01-15 12:19:00,67.62,67.65,67.62,67.625,11
2026-01-15 12:20:00,67.625,67.625,67.5,67.53,20
2026-01-15 12:21:00,67.46,67.485,67.45,67.485,4
2026-01-15 12:22:00,67.485,67.52,67.45,67.4583,9
2026-01-15 12:23:00,67.465,67.52,67.44,67.48,24
2026-01-15 12:24:00,67.48,67.48,67.48,67.48,0
2026-01-15 12:25:00,67.48,67.48,67.45,67.4555,7
2026-01-15 12:26:00,67.46,67.48,67.45,67.455,17
2026-01-15 12:27:00,67.5,67.59,67.47,67.59,15
2026-01-15 12:28:00,67.59,67.59,67.59,67.59,2
2026-01-15 12:29:00,67.52,67.53,67.43,67.43,13
2026-01-15 12:30:00,67.47,67.47,67.42,67.42,3
2026-01-15 12:31:00,67.41,67.43,67.39,67.39,6
2026-01-15 12:32:00,67.3951,67.41,67.37,67.41,7
2026-01-15 12:33:00,67.45,67.47,67.41,67.44,9
2026-01-15 12:34:00,67.44,67.44,67.44,67.44,0
2026-01-15 12:35:00,67.485,67.53,67.485,67.485,8
2026-01-15 12:36:00,67.45,67.535,67.45,67.5,25
2026-01-15 12:37:00,67.535,67.535,67.485,67.51,8
2026-01-15 12:38:00,67.47,67.49,67.46,67.49,7
2026-01-15 12:39:00,67.49,67.49,67.49,67.49,0
2026-01-15 12:40:00,67.5,67.51,67.41,67.41,14
2026-01-15 12:41:00,67.45,67.45,67.42,67.42,4
2026-01-15 12:42:00,67.435,67.485,67.435,67.485,18
2026-01-15 12:43:00,67.47,67.53,67.455,67.53,23
2026-01-15 12:44:00,67.495,67.495,67.475,67.475,2
2026-01-15 12:45:00,67.47,67.49,67.47,67.49,9
2026-01-15 12:46:00,67.53,67.54,67.53,67.54,4
2026-01-15 12:47:00,67.6,67.61,67.53,67.61,5
2026-01-15 12:48:00,67.61,67.615,67.41,67.42,31
2026-01-15 12:49:00,67.33,67.33,67.33,67.33,3
2026-01-15 12:50:00,67.31,67.31,67.28,67.28,2
2026-01-15 12:51:00,67.26,67.36,67.25,67.35,31
2026-01-15 12:52:00,67.35,67.46,67.35,67.46,4
2026-01-15 12:53:00,67.32,67.39,67.32,67.325,3
2026-01-15 12:54:00,67.32,67.32,67.22,67.22,18
2026-01-15 12:55:00,67.25,67.28,67.24,67.24,8
2026-01-15 12:56:00,67.28,67.31,67.28,67.3,7
2026-01-15 12:57:00,67.34,67.34,67.2,67.2,4
2026-01-15 12:58:00,67.275,67.275,67.165,67.165,5
2026-01-15 12:59:00,67.23,67.23,67.23,67.23,2
2026-01-15 13:00:00,67.26,67.32,67.26,67.305,5
2026-01-15 13:01:00,67.305,67.305,67.26,67.26,6
2026-01-15 13:02:00,67.26,67.26,67.26,67.26,1
2026-01-15 13:03:00,67.325,67.33,67.325,67.33,2
2026-01-15 13:04:00,67.29,67.35,67.25,67.33,5
2026-01-15 13:05:00,67.34,67.34,67.34,67.34,1
2026-01-15 13:06:00,67.35,67.35,67.28,67.35,9
2026-01-15 13:07:00,67.34,67.42,67.34,67.42,2
2026-01-15 13:08:00,67.34,67.45,67.335,67.45,22
2026-01-15 13:09:00,67.45,67.45,67.45,67.45,0
2026-01-15 13:10:00,67.43,67.43,67.375,67.375,3
2026-01-15 13:11:00,67.33,67.38,67.33,67.38,5
2026-01-15 13:12:00,67.46,67.46,67.33,67.45,4
2026-01-15 13:13:00,67.31,67.365,67.31,67.365,2
2026-01-15 13:14:00,67.36,67.4,67.33,67.33,19
2026-01-15 13:15:00,67.32,67.37,67.32,67.37,3
2026-01-15 13:16:00,67.29,67.39,67.29,67.39,11
2026-01-15 13:17:00,67.375,67.375,67.335,67.335,9
2026-01-15 13:18:00,67.33,67.38,67.33,67.38,2
2026-01-15 13:19:00,67.335,67.335,67.335,67.335,2
2026-01-15 13:20:00,67.335,67.335,67.335,67.335,2
2026-01-15 13:21:00,67.335,67.335,67.28,67.28,9
2026-01-15 13:22:00,67.3,67.35,67.3,67.35,5
2026-01-15 13:23:00,67.32,67.37,67.32,67.37,6
2026-01-15 13:24:00,67.36,67.4,67.36,67.36,4
2026-01-15 13:25:00,67.31,67.31,67.24,67.25,19
2026-01-15 13:26:00,67.288,67.288,67.288,67.288,10
2026-01-15 13:27:00,67.3,67.3,67.165,67.165,18
2026-01-15 13:28:00,67.165,67.23,67.14,67.14,4
2026-01-15 13:29:00,67.165,67.23,67.165,67.23,7
2026-01-15 13:30:00,67.22,67.26,67.22,67.22,7
2026-01-15 13:31:00,67.28,67.29,67.28,67.29,5
2026-01-15 13:32:00,67.23,67.23,67.23,67.23,3
2026-01-15 13:33:00,67.23,67.23,67.23,67.23,0
2026-01-15 13:34:00,67.18,67.235,67.18,67.19,3
2026-01-15 13:35:00,67.275,67.275,67.275,67.275,1
2026-01-15 13:36:00,67.2401,67.28,67.2401,67.28,2
2026-01-15 13:37:00,67.23,67.23,67.12,67.12,14
2026-01-15 13:38:00,67.165,67.165,66.815,66.86,78
2026-01-15 13:39:00,66.905,67.08,66.905,66.9401,64
2026-01-15 13:40:00,66.895,66.92,66.895,66.92,6
2026-01-15 13:41:00,66.9799,66.9799,66.89,66.94,35
2026-01-15 13:42:00,66.94,66.94,66.94,66.94,0
2026-01-15 13:43:00,66.94,66.94,66.94,66.94,0
2026-01-15 13:44:00,66.92,67.07,66.92,67.07,3
2026-01-15 13:45:00,67.09,67.19,67.09,67.185,8
2026-01-15 13:46:00,67.0901,67.185,67.07,67.09,11
2026-01-15 13:47:00,67.09,67.09,67.09,67.09,0
2026-01-15 13:48:00,67.1,67.14,67.1,67.12,5
2026-01-15 13:49:00,67.11,67.11,67.055,67.055,10
2026-01-15 13:50:00,67.09,67.09,67.08,67.09,8
2026-01-15 13:51:00,67.09,67.09,67.09,67.09,0
2026-01-15 13:52:00,67.14,67.14,67.11,67.11,5
2026-01-15 13:53:00,67.11,67.14,67.055,67.055,18
2026-01-15 13:54:00,67.01,67.01,67.01,67.01,1
2026-01-15 13:55:00,67.01,67.0475,66.895,66.895,15
2026-01-15 13:56:00,66.9,66.9,66.9,66.9,1
2026-01-15 13:57:00,66.85,66.85,66.85,66.85,1
2026-01-15 13:58:00,66.86,66.87,66.855,66.855,5
2026-01-15 13:59:00,66.9,66.9,66.9,66.9,2
2026-01-15 14:00:00,66.82,66.82,66.77,66.77,8
2026-01-15 14:01:00,66.8,66.8,66.8,66.8,10
2026-01-15 14:02:00,66.8,66.84,66.8,66.8,10
2026-01-15 14:03:00,66.75,66.795,66.6001,66.795,46
2026-01-15 14:04:00,66.8,66.85,66.795,66.795,16
2026-01-15 14:05:00,66.83,66.855,66.8,66.855,11
2026-01-15 14:06:00,66.86,66.9,66.86,66.87,9
2026-01-15 14:07:00,66.91,66.98,66.89,66.97,18
2026-01-15 14:08:00,66.975,66.975,66.79,66.795,27
2026-01-15 14:09:00,66.81,66.82,66.74,66.79,21
2026-01-15 14:10:00,66.74,66.86,66.74,66.86,7
2026-01-15 14:11:00,66.86,66.88,66.86,66.87,16
2026-01-15 14:12:00,66.865,66.865,66.855,66.855,2
2026-01-15 14:13:00,66.855,66.89,66.855,66.86,10
2026-01-15 14:14:00,66.89,66.92,66.855,66.92,8
2026-01-15 14:15:00,66.965,66.965,66.88,66.88,13
2026-01-15 14:16:00,66.92,66.92,66.92,66.92,3
2026-01-15 14:17:00,67.0,67.0,67.0,67.0,2
2026-01-15 14:18:00,67.0,67.005,67.0,67.005,2
2026-01-15 14:19:00,66.93,66.93,66.88,66.9,12
2026-01-15 14:20:00,66.9,66.9,66.9,66.9,0
2026-01-15 14:21:00,66.84,66.935,66.84,66.935,6
2026-01-15 14:22:00,66.935,66.935,66.935,66.935,0
2026-01-15 14:23:00,66.9,66.9,66.9,66.9,1
2026-01-15 14:24:00,66.88,66.935,66.87,66.935,3
2026-01-15 14:25:00,66.93,66.93,66.87,66.87,6
2026-01-15 14:26:00,66.83,66.85,66.81,66.825,6
2026-01-15 14:27:00,66.82,66.82,66.82,66.82,2
2026-01-15 14:28:00,66.82,66.82,66.82,66.82,0
2026-01-15 14:29:00,66.82,66.82,66.82,66.82,0
2026-01-15 14:30:00,66.9,66.9,66.835,66.835,18
2026-01-15 14:31:00,66.77,66.77,66.77,66.77,4
2026-01-15 14:32:00,66.76,66.76,66.735,66.735,13
2026-01-15 14:33:00,66.74,66.77,66.74,66.77,5
2026-01-15 14:34:00,66.765,66.7746,66.765,66.7746,11
2026-01-15 14:35:00,66.71,66.71,66.64,66.645,29
2026-01-15 14:36:00,66.645,66.67,66.58,66.585,23
2026-01-15 14:37:00,66.59,66.61,66.58,66.58,25
2026-01-15 14:38:00,66.61,66.69,66.61,66.69,22
2026-01-15 14:39:00,66.71,66.72,66.71,66.72,4
2026-01-15 14:40:00,66.73,66.79,66.725,66.79,4
2026-01-15 14:41:00,66.805,66.97,66.74,66.92,41
2026-01-15 14:42:00,66.9,66.99,66.9,66.99,13
2026-01-15 14:43:00,67.02,67.02,66.9,66.95,30
2026-01-15 14:44:00,66.97,66.97,66.95,66.96,8
2026-01-15 14:45:00,66.95,66.95,66.95,66.95,1
2026-01-15 14:46:00,66.93,66.95,66.735,66.735,75
2026-01-15 14:47:00,66.735,66.79,66.71,66.79,5
2026-01-15 14:48:00,66.74,66.74,66.73,66.73,3
2026-01-15 14:49:00,66.72,66.72,66.705,66.705,2
2026-01-15 14:50:00,66.67,66.75,66.67,66.75,7
2026-01-15 14:51:00,66.765,66.765,66.765,66.765,4
2026-01-15 14:52:00,66.82,66.83,66.72,66.72,3
2026-01-15 14:53:00,66.72,66.72,66.66,66.66,20
2026-01-15 14:54:00,66.61,66.61,66.5,66.5,31
2026-01-15 14:55:00,66.4975,66.4975,66.412,66.425,6
2026-01-15 14:56:00,66.43,66.43,66.4,66.4,8
2026-01-15 14:57:00,66.385,66.425,66.385,66.425,10
2026-01-15 14:58:00,66.425,66.425,66.425,66.425,1
2026-01-15 14:59:00,66.48,66.5,66.37,66.425,21
2026-01-15 15:00:00,66.38,66.44,66.33,66.4,199
2026-01-15 15:01:00,66.38,66.5,66.38,66.49,50
2026-01-15 15:02:00,66.475,66.475,66.4,66.4,2
2026-01-15 15:03:00,66.4,66.4,66.4,66.4,0
2026-01-15 15:04:00,66.58,66.58,66.58,66.58,2
2026-01-15 15:05:00,66.525,66.5795,66.46,66.57,11
2026-01-15 15:06:00,66.52,66.55,66.45,66.55,14
2026-01-15 15:07:00,66.47,66.53,66.465,66.465,5
2026-01-15 15:08:00,66.54,66.54,66.49,66.5,19
2026-01-15 15:09:00,66.494,66.54,66.494,66.54,4
2026-01-15 15:10:00,66.49,66.55,66.45,66.51,10
2026-01-15 15:11:00,66.55,66.62,66.55,66.62,4
2026-01-15 15:12:00,66.65,66.72,66.62,66.72,5
2026-01-15 15:13:00,66.655,66.69,66.635,66.635,7
2026-01-15 15:14:00,66.67,66.69,66.635,66.69,17
2026-01-15 15:15:00,66.8,66.825,66.8,66.825,4
2026-01-15 15:16:00,66.795,66.795,66.74,66.755,22
2026-01-15 15:17:00,66.8,66.825,66.8,66.825,4
2026-01-15 15:18:00,66.825,66.825,66.67,66.75,44
2026-01-15 15:19:00,66.74,66.81,66.65,66.65,99
2026-01-15 15:20:00,66.62,66.62,66.5,66.55,10
2026-01-15 15:21:00,66.53,66.64,66.5,66.64,16
2026-01-15 15:22:00,66.66,66.66,66.66,66.66,3
2026-01-15 15:23:00,66.66,66.66,66.59,66.65,12
2026-01-15 15:24:00,66.615,66.67,66.615,66.67,16
2026-01-15 15:25:00,66.62,66.67,66.62,66.62,7
2026-01-15 15:26:00,66.62,66.69,66.56,66.67,53
2026-01-15 15:27:00,66.665,66.665,66.65,66.65,5
2026-01-15 15:28:00,66.7,66.71,66.64,66.675,7
2026-01-15 15:29:00,66.72,66.72,66.62,66.64,38
2026-01-15 15:30:00,66.64,66.86,66.64,66.85,48
2026-01-15 15:31:00,66.8,66.85,66.8,66.85,22
2026-01-15 15:32:00,66.85,66.87,66.77,66.785,44
2026-01-15 15:33:00,66.785,66.925,66.76,66.9,46
2026-01-15 15:34:00,66.8472,66.91,66.8472,66.89,31
2026-01-15 15:35:00,66.89,66.97,66.89,66.97,16
2026-01-15 15:36:00,66.95,67.07,66.95,67.065,31
2026-01-15 15:37:00,67.055,67.06,66.85,66.88,53
2026-01-15 15:38:00,66.87,66.875,66.82,66.875,18
2026-01-15 15:39:00,66.83,66.85,66.81,66.83,11
2026-01-15 15:40:00,66.85,66.91,66.85,66.875,10
2026-01-15 15:41:00,66.88,66.89,66.865,66.87,15
2026-01-15 15:42:00,66.87,66.87,66.83,66.87,10
2026-01-15 15:43:00,66.88,66.88,66.73,66.77,19
2026-01-15 15:44:00,66.77,66.77,66.72,66.72,10
2026-01-15 15:45:00,66.71,66.75,66.71,66.75,14
2026-01-15 15:46:00,66.71,66.72,66.67,66.67,5
2026-01-15 15:47:00,66.67,66.7,66.65,66.675,9
2026-01-15 15:48:00,66.69,66.69,66.59,66.6,17
2026-01-15 15:49:00,66.575,66.64,66.575,66.59,13
2026-01-15 15:50:00,66.62,66.68,66.61,66.68,42
2026-01-15 15:51:00,66.66,66.69,66.625,66.67,48
2026-01-15 15:52:00,66.65,66.65,66.38,66.45,94
2026-01-15 15:53:00,66.45,66.46,66.305,66.355,69
2026-01-15 15:54:00,66.355,66.36,66.25,66.275,81
2026-01-15 15:55:00,66.24,66.24,65.88,65.93,94
2026-01-15 15:56:00,65.98,66.16,65.98,66.1079,80
2026-01-15 15:57:00,66.11,66.14,66.09,66.12,132
2026-01-15 15:58:00,66.13,66.21,66.1,66.21,277
2026-01-15 15:59:00,66.2,66.32,66.185,66.27,499
2026-01-16 09:30:00,66.45,66.7315,66.45,66.645,506
2026-01-16 09:31:00,66.645,66.645,66.645,66.645,0
2026-01-16 09:32:00,66.645,66.645,66.645,66.645,1
2026-01-16 09:33:00,66.31,66.38,65.88,66.165,22
2026-01-16 09:34:00,65.98,66.53,65.98,66.53,29
2026-01-16 09:35:00,66.29,66.675,66.19,66.4,21
2026-01-16 09:36:00,66.17,66.295,66.06,66.225,35
2026-01-16 09:37:00,65.99,65.99,65.99,65.99,2
2026-01-16 09:38:00,66.01,66.195,65.92,65.92,30
2026-01-16 09:39:00,66.23,66.51,66.09,66.49,51
2026-01-16 09:40:00,66.495,66.495,66.185,66.27,8
2026-01-16 09:41:00,66.3073,66.3073,65.45,65.45,101
2026-01-16 09:42:00,65.665,65.7,65.21,65.21,84
2026-01-16 09:43:00,65.375,65.39,65.31,65.31,35
2026-01-16 09:44:00,65.31,65.45,65.21,65.34,30
2026-01-16 09:45:00,65.39,65.4,65.39,65.4,2
2026-01-16 09:46:00,65.32,65.39,65.32,65.39,3
2026-01-16 09:47:00,65.39,65.7,65.375,65.7,19
2026-01-16 09:48:00,65.72,65.72,65.72,65.72,5
2026-01-16 09:49:00,65.46,65.5,65.33,65.33,9
2026-01-16 09:50:00,65.29,65.42,65.29,65.42,8
2026-01-16 09:51:00,65.43,65.43,65.43,65.43,1
2026-01-16 09:52:00,65.3598,65.3598,65.3,65.3,5
2026-01-16 09:53:00,65.3,65.41,65.25,65.41,26
2026-01-16 09:54:00,65.25,65.425,65.25,65.42,8
2026-01-16 09:55:00,65.34,65.41,65.34,65.41,6
2026-01-16 09:56:00,65.31,65.455,65.21,65.31,23
2026-01-16 09:57:00,65.315,65.44,65.26,65.44,7
2026-01-16 09:58:00,65.23,65.3725,65.23,65.33,18
2026-01-16 09:59:00,65.55,65.55,65.1101,65.55,8
2026-01-16 10:00:00,65.55,65.55,65.55,65.55,0
2026-01-16 10:01:00,65.2419,65.4,65.14,65.14,8
2026-01-16 10:02:00,65.1972,65.1972,65.1972,65.1972,1
2026-01-16 10:03:00,65.25,65.52,65.21,65.49,40
2026-01-16 10:04:00,65.49,65.55,65.43,65.4936,5
2026-01-16 10:05:00,65.46,65.88,65.46,65.8,17
2026-01-16 10:06:00,65.845,66.09,65.845,66.0,30
2026-01-16 10:07:00,66.0,66.0899,65.78,65.8,20
2026-01-16 10:08:00,65.925,66.03,65.76,66.03,22
2026-01-16 10:09:00,65.82,65.99,65.63,65.71,22
2026-01-16 10:10:00,65.71,65.8,65.48,65.535,10
2026-01-16 10:11:00,65.535,65.535,65.535,65.535,0
2026-01-16 10:12:00,65.59,65.59,65.43,65.43,5
2026-01-16 10:13:00,65.435,65.435,65.37,65.37,5
2026-01-16 10:14:00,65.59,65.59,65.345,65.45,13
2026-01-16 10:15:00,65.33,65.34,65.02,65.12,32
2026-01-16 10:16:00,65.04,65.16,65.0,65.16,88
2026-01-16 10:17:00,65.16,65.19,65.065,65.12,25
2026-01-16 10:18:00,65.06,65.07,64.96,64.98,22
2026-01-16 10:19:00,64.97,64.97,64.58,64.72,81
2026-01-16 10:20:00,64.77,64.89,64.6,64.8775,42
2026-01-16 10:21:00,64.74,64.74,64.61,64.68,16
2026-01-16 10:22:00,64.75,64.75,64.69,64.69,3
2026-01-16 10:23:00,64.65,64.86,64.65,64.86,3
2026-01-16 10:24:00,64.825,64.87,64.825,64.87,2
2026-01-16 10:25:00,64.85,65.02,64.76,64.9,155
2026-01-16 10:26:00,64.97,64.97,64.94,64.94,199
2026-01-16 10:27:00,64.96,65.06,64.96,65.03,78
2026-01-16 10:28:00,65.03,65.085,65.02,65.085,10
2026-01-16 10:29:00,65.005,65.18,65.005,65.075,28
2026-01-16 10:30:00,65.14,65.55,65.09,65.55,184
2026-01-16 10:31:00,65.55,65.55,65.55,65.55,0
2026-01-16 10:32:00,65.74,65.74,65.32,65.32,20
2026-01-16 10:33:00,65.32,65.32,65.32,65.32,1
2026-01-16 10:34:00,65.52,65.52,65.37,65.47,12
2026-01-16 10:35:00,65.39,65.39,65.25,65.3076,24
2026-01-16 10:36:00,65.35,65.35,65.22,65.24,17
2026-01-16 10:37:00,65.25,65.27,65.23,65.24,10
2026-01-16 10:38:00,65.21,65.28,65.21,65.27,14
2026-01-16 10:39:00,65.27,65.27,65.27,65.27,1
2026-01-16 10:40:00,65.31,65.36,65.3,65.36,9
2026-01-16 10:41:00,65.33,65.39,65.12,65.12,18
2026-01-16 10:42:00,65.13,65.14,64.97,65.09,9
2026-01-16 10:43:00,65.0,65.06,64.96,64.96,4
2026-01-16 10:44:00,65.035,65.06,64.99,65.06,17
2026-01-16 10:45:00,65.035,65.035,65.035,65.035,3
2026-01-16 10:46:00,64.98,65.08,64.98,65.08,2
2026-01-16 10:47:00,65.075,65.075,64.99,64.99,2
2026-01-16 10:48:00,65.0,65.03,65.0,65.03,3
2026-01-16 10:49:00,65.14,65.18,65.075,65.1,6
2026-01-16 10:50:00,65.085,65.2,65.085,65.16,8
2026-01-16 10:51:00,65.11,65.11,65.03,65.03,2
2026-01-16 10:52:00,65.04,65.11,65.02,65.02,4
2026-01-16 10:53:00,65.05,65.115,65.05,65.11,15
2026-01-16 10:54:00,65.11,65.15,65.03,65.03,24
2026-01-16 10:55:00,65.085,65.15,65.08,65.12,34
2026-01-16 10:56:00,65.12,65.15,65.05,65.105,9
2026-01-16 10:57:00,65.03,65.03,64.945,65.03,17
2026-01-16 10:58:00,64.95,64.95,64.91,64.91,4
2026-01-16 10:59:00,64.87,64.87,64.835,64.86,37
2026-01-16 11:00:00,64.915,64.915,64.705,64.83,87
2026-01-16 11:01:00,64.805,64.96,64.805,64.96,9
2026-01-16 11:02:00,64.85,64.8724,64.85,64.8724,3
2026-01-16 11:03:00,64.85,64.855,64.84,64.855,7
2026-01-16 11:04:00,64.93,64.95,64.84,64.88,20
2026-01-16 11:05:00,64.88,64.895,64.88,64.895,4
2026-01-16 11:06:00,64.9,64.9,64.9,64.9,3
2026-01-16 11:07:00,64.87,64.94,64.86,64.86,20
2026-01-16 11:08:00,64.855,64.93,64.855,64.93,7
2026-01-16 11:09:00,64.87,64.9263,64.86,64.865,26
2026-01-16 11:10:00,64.86,65.05,64.86,65.04,36
2026-01-16 11:11:00,65.01,65.01,64.955,64.96,9
2026-01-16 11:12:00,64.95,65.0,64.95,65.0,5
2026-01-16 11:13:00,65.06,65.06,65.06,65.06,1
2026-01-16 11:14:00,65.065,65.065,65.03,65.03,8
2026-01-16 11:15:00,65.05,65.08,65.05,65.08,9
2026-01-16 11:16:00,65.08,65.085,65.08,65.085,3
2026-01-16 11:17:00,65.05,65.09,65.05,65.09,5
2026-01-16 11:18:00,65.05,65.09,65.005,65.01,21
2026-01-16 11:19:00,65.068,65.08,65.068,65.075,6
2026-01-16 11:20:00,65.22,65.22,65.1,65.16,20
2026-01-16 11:21:00,65.2,65.35,65.2,65.23,26
2026-01-16 11:22:00,65.23,65.27,65.2,65.21,20
2026-01-16 11:23:00,65.26,65.27,65.2,65.255,11
2026-01-16 11:24:00,65.255,65.255,65.2,65.2,3
2026-01-16 11:25:00,65.21,65.27,65.21,65.22,10
2026-01-16 11:26:00,65.22,65.25,65.15,65.185,14
2026-01-16 11:27:00,65.22,65.275,65.22,65.27,8
2026-01-16 11:28:00,65.27,65.27,65.27,65.27,0
2026-01-16 11:29:00,65.2762,65.2762,65.2762,65.2762,10
2026-01-16 11:30:00,65.265,65.33,65.24,65.315,22
2026-01-16 11:31:00,65.38,65.39,65.38,65.39,3
2026-01-16 11:32:00,65.39,65.39,65.39,65.39,0
2026-01-16 11:33:00,65.4,65.405,65.4,65.4,3
2026-01-16 11:34:00,65.405,65.405,65.33,65.33,16
2026-01-16 11:35:00,65.345,65.345,65.28,65.29,24
2026-01-16 11:36:00,65.29,65.37,65.29,65.37,7
2026-01-16 11:37:00,65.37,65.42,65.28,65.3,32
2026-01-16 11:38:00,65.305,65.305,65.27,65.275,20
2026-01-16 11:39:00,65.28,65.325,65.28,65.31,8
2026-01-16 11:40:00,65.33,65.43,65.33,65.385,13
2026-01-16 11:41:00,65.44,65.5619,65.44,65.5619,33
2026-01-16 11:42:00,65.52,65.64,65.45,65.64,11
2026-01-16 11:43:00,65.575,65.575,65.54,65.54,15
2026-01-16 11:44:00,65.57,65.675,65.57,65.64,38
2026-01-16 11:45:00,65.65,65.72,65.39,65.415,168
2026-01-16 11:46:00,65.415,65.46,65.38,65.46,40
2026-01-16 11:47:00,65.43,65.54,65.43,65.535,36
2026-01-16 11:48:00,65.535,65.535,65.535,65.535,0
2026-01-16 11:49:00,65.55,65.66,65.55,65.56,32
2026-01-16 11:50:00,65.66,65.72,65.565,65.72,269
2026-01-16 11:51:00,65.645,65.76,65.59,65.76,29
2026-01-16 11:52:00,65.66,65.7313,65.63,65.635,21
2026-01-16 11:53:00,65.58,65.59,65.385,65.395,66
2026-01-16 11:54:00,65.4,65.6,65.4,65.59,87
2026-01-16 11:55:00,65.555,65.555,65.555,65.555,2
2026-01-16 11:56:00,65.565,65.6939,65.565,65.575,24
2026-01-16 11:57:00,65.73,65.73,65.55,65.635,22
2026-01-16 11:58:00,65.645,65.645,65.53,65.535,80
2026-01-16 11:59:00,65.54,65.69,65.54,65.69,76
2026-01-16 12:00:00,65.73,65.77,65.73,65.735,13
2026-01-16 12:01:00,65.64,65.74,65.64,65.74,4
2026-01-16 12:02:00,65.745,65.75,65.745,65.75,6
2026-01-16 12:03:00,65.75,65.75,65.67,65.725,6
2026-01-16 12:04:00,65.725,65.725,65.725,65.725,4
2026-01-16 12:05:00,65.7,65.77,65.7,65.77,3
2026-01-16 12:06:00,65.77,65.77,65.64,65.645,22
2026-01-16 12:07:00,65.645,65.655,65.64,65.655,14
2026-01-16 12:08:00,65.655,65.655,65.63,65.63,3
2026-01-16 12:09:00,65.63,65.66,65.56,65.57,59
2026-01-16 12:10:00,65.55,65.55,65.545,65.545,3
2026-01-16 12:11:00,65.545,65.62,65.545,65.62,22
2026-01-16 12:12:00,65.585,65.585,65.5,65.58,248
2026-01-16 12:13:00,65.575,65.58,65.575,65.575,12
2026-01-16 12:14:00,65.63,65.63,65.625,65.625,5
2026-01-16 12:15:00,65.625,65.625,65.5,65.525,21
2026-01-16 12:16:00,65.51,65.53,65.5,65.51,8
2026-01-16 12:17:00,65.48,65.5,65.44,65.47,12
2026-01-16 12:18:00,65.52,65.52,65.48,65.5,7
2026-01-16 12:19:00,65.45,65.49,65.44,65.46,9
2026-01-16 12:20:00,65.45,65.45,65.39,65.4,14
2026-01-16 12:21:00,65.42,65.425,65.39,65.425,7
2026-01-16 12:22:00,65.4268,65.4268,65.37,65.4,17
2026-01-16 12:23:00,65.4,65.53,65.4,65.465,11
2026-01-16 12:24:00,65.43,65.47,65.43,65.47,2
2026-01-16 12:25:00,65.43,65.43,65.275,65.3,28
2026-01-16 12:26:00,65.3,65.3,65.3,65.3,0
2026-01-16 12:27:00,65.27,65.27,65.26,65.26,2
2026-01-16 12:28:00,65.27,65.27,65.27,65.27,1
2026-01-16 12:29:00,65.27,65.34,65.26,65.34,13
2026-01-16 12:30:00,65.32,65.355,65.32,65.355,6
2026-01-16 12:31:00,65.32,65.32,65.17,65.19,97
2026-01-16 12:32:00,65.15,65.15,65.08,65.08,3
2026-01-16 12:33:00,65.06,65.105,65.06,65.105,4
2026-01-16 12:34:00,65.105,65.105,65.105,65.105,1
2026-01-16 12:35:00,65.105,65.22,65.105,65.18,47
2026-01-16 12:36:00,65.16,65.16,65.16,65.16,1
2026-01-16 12:37:00,65.1185,65.16,65.1185,65.16,4
2026-01-16 12:38:00,65.185,65.21,65.17,65.17,9
2026-01-16 12:39:00,65.16,65.1901,65.15,65.15,18
2026-01-16 12:40:00,65.105,65.115,65.0857,65.115,12
2026-01-16 12:41:00,65.12,65.25,65.0725,65.2,15
2026-01-16 12:42:00,65.2,65.2,65.2,65.2,2
2026-01-16 12:43:00,65.2,65.29,65.2,65.26,7
2026-01-16 12:44:00,65.285,65.4017,65.28,65.305,8
2026-01-16 12:45:00,65.305,65.49,65.305,65.4304,49
2026-01-16 12:46:00,65.445,65.5599,65.445,65.45,6
2026-01-16 12:47:00,65.56,65.57,65.56,65.57,4
2026-01-16 12:48:00,65.57,65.57,65.57,65.57,0
2026-01-16 12:49:00,65.5,65.55,65.48,65.55,4
2026-01-16 12:50:00,65.48,65.48,65.46,65.46,2
2026-01-16 12:51:00,65.6,65.6,65.475,65.48,61
2026-01-16 12:52:00,65.42,65.465,65.42,65.425,61
2026-01-16 12:53:00,65.43,65.44,65.43,65.44,3
2026-01-16 12:54:00,65.5,65.5,65.43,65.43,6
2026-01-16 12:55:00,65.43,65.43,65.34,65.34,36
2026-01-16 12:56:00,65.34,65.34,65.34,65.34,0
2026-01-16 12:57:00,65.33,65.33,65.26,65.26,6
2026-01-16 12:58:00,65.25,65.25,65.21,65.21,17
2026-01-16 12:59:00,65.16,65.16,65.12,65.12,4
2026-01-16 13:00:00,65.08,65.09,65.08,65.09,4
2026-01-16 13:01:00,65.18,65.24,65.18,65.23,10
2026-01-16 13:02:00,65.225,65.305,65.225,65.29,4
2026-01-16 13:03:00,65.305,65.305,65.305,65.305,2
2026-01-16 13:04:00,65.31,65.315,65.31,65.315,4
2026-01-16 13:05:00,65.315,65.39,65.315,65.39,4
2026-01-16 13:06:00,65.3,65.42,65.3,65.375,3
2026-01-16 13:07:00,65.375,65.375,65.375,65.375,0
2026-01-16 13:08:00,65.33,65.33,65.33,65.33,2
2026-01-16 13:09:00,65.39,65.44,65.36,65.395,8
2026-01-16 13:10:00,65.395,65.395,65.395,65.395,1
2026-01-16 13:11:00,65.4,65.47,65.4,65.4,4
2026-01-16 13:12:00,65.47,65.485,65.39,65.39,5
2026-01-16 13:13:00,65.38,65.38,65.38,65.38,1
2026-01-16 13:14:00,65.38,65.38,65.38,65.38,0
2026-01-16 13:15:00,65.465,65.465,65.41,65.465,4
2026-01-16 13:16:00,65.465,65.465,65.465,65.465,1
2026-01-16 13:17:00,65.43,65.43,65.34,65.4,17
2026-01-16 13:18:00,65.4,65.4,65.4,65.4,0
2026-01-16 13:19:00,65.41,65.41,65.41,65.41,4
2026-01-16 13:20:00,65.46,65.525,65.45,65.45,29
2026-01-16 13:21:00,65.475,65.475,65.475,65.475,1
2026-01-16 13:22:00,65.485,65.485,65.485,65.485,7
2026-01-16 13:23:00,65.485,65.52,65.44,65.52,15
2026-01-16 13:24:00,65.485,65.58,65.485,65.58,9
2026-01-16 13:25:00,65.58,65.58,65.58,65.58,0
2026-01-16 13:26:00,65.48,65.48,65.48,65.48,9
2026-01-16 13:27:00,65.51,65.57,65.51,65.51,4
2026-01-16 13:28:00,65.45,65.45,65.45,65.45,1
2026-01-16 13:29:00,65.48,65.485,65.48,65.485,4
2026-01-16 13:30:00,65.45,65.45,65.45,65.45,3
2026-01-16 13:31:00,65.44,65.44,65.43,65.43,6
2026-01-16 13:32:00,65.41,65.41,65.4,65.4,2
2026-01-16 13:33:00,65.405,65.405,65.405,65.405,1
2026-01-16 13:34:00,65.405,65.405,65.405,65.405,0
2026-01-16 13:35:00,65.41,65.41,65.38,65.38,2
2026-01-16 13:36:00,65.4,65.5,65.4,65.5,21
2026-01-16 13:37:00,65.5,65.5,65.5,65.5,0
2026-01-16 13:38:00,65.495,65.52,65.47,65.47,32
2026-01-16 13:39:00,65.45,65.45,65.36,65.36,7
2026-01-16 13:40:00,65.36,65.4879,65.35,65.41,54
2026-01-16 13:41:00,65.44,65.44,65.44,65.44,1
2026-01-16 13:42:00,65.455,65.455,65.455,65.455,2
2026-01-16 13:43:00,65.38,65.38,65.34,65.34,5
2026-01-16 13:44:00,65.34,65.34,65.34,65.34,0
2026-01-16 13:45:00,65.34,65.39,65.34,65.35,3
2026-01-16 13:46:00,65.34,65.34,65.32,65.32,9
2026-01-16 13:47:00,65.26,65.315,65.26,65.315,2
2026-01-16 13:48:00,65.315,65.315,65.315,65.315,7
2026-01-16 13:49:00,65.36,65.37,65.335,65.335,4
2026-01-16 13:50:00,65.335,65.335,65.335,65.335,0
2026-01-16 13:51:00,65.3,65.355,65.26,65.355,23
2026-01-16 13:52:00,65.36,65.38,65.335,65.335,9
2026-01-16 13:53:00,65.3,65.345,65.3,65.345,12
2026-01-16 13:54:00,65.41,65.41,65.345,65.345,3
2026-01-16 13:55:00,65.35,65.35,65.3,65.3,2
2026-01-16 13:56:00,65.3,65.3,65.3,65.3,0
2026-01-16 13:57:00,65.3,65.3,65.12,65.13,74
2026-01-16 13:58:00,65.12,65.12,65.12,65.12,2
2026-01-16 13:59:00,65.14,65.19,65.12,65.13,31
2026-01-16 14:00:00,65.125,65.125,65.12,65.12,17
2026-01-16 14:01:00,65.075,65.17,65.075,65.17,11
2026-01-16 14:02:00,65.185,65.185,65.185,65.185,3
2026-01-16 14:03:00,65.23,65.35,65.23,65.35,9
2026-01-16 14:04:00,65.39,65.39,65.33,65.33,2
2026-01-16 14:05:00,65.26,65.4,65.26,65.3,35
2026-01-16 14:06:00,65.3,65.3,65.3,65.3,3
2026-01-16 14:07:00,65.27,65.29,65.2,65.22,30
2026-01-16 14:08:00,65.22,65.3,65.22,65.29,6
2026-01-16 14:09:00,65.265,65.265,65.265,65.265,7
2026-01-16 14:10:00,65.27,65.27,65.2,65.245,6
2026-01-16 14:11:00,65.24,65.24,65.08,65.11,51
2026-01-16 14:12:00,65.11,65.11,65.11,65.11,3
2026-01-16 14:13:00,65.11,65.16,65.08,65.08,10
2026-01-16 14:14:00,65.07,65.085,65.07,65.085,2
2026-01-16 14:15:00,65.085,65.085,64.96,64.96,10
2026-01-16 14:16:00,64.975,65.0,64.95,65.0,32
2026-01-16 14:17:00,65.0,65.0,65.0,65.0,0
2026-01-16 14:18:00,64.95,64.955,64.95,64.95,27
2026-01-16 14:19:00,64.99,65.0,64.99,65.0,3
2026-01-16 14:20:00,65.02,65.02,65.0045,65.02,19
2026-01-16 14:21:00,65.05,65.05,64.9269,64.9269,18
2026-01-16 14:22:00,64.95,65.04,64.95,65.0,18
2026-01-16 14:23:00,64.96,65.09,64.96,65.09,58
2026-01-16 14:24:00,65.01,65.01,65.005,65.005,7
2026-01-16 14:25:00,64.96,64.96,64.9489,64.9489,3
2026-01-16 14:26:00,64.93,64.96,64.93,64.96,8
2026-01-16 14:27:00,64.94,64.94,64.82,64.82,9
2026-01-16 14:28:00,64.79,64.79,64.73,64.755,11
2026-01-16 14:29:00,64.75,64.82,64.75,64.82,9
2026-01-16 14:30:00,64.805,64.85,64.805,64.85,6
2026-01-16 14:31:00,64.8575,64.8575,64.8575,64.8575,1
2026-01-16 14:32:00,64.8,64.86,64.795,64.815,12
2026-01-16 14:33:00,64.87,64.91,64.84,64.91,3
2026-01-16 14:34:00,64.885,64.885,64.885,64.885,1
2026-01-16 14:35:00,64.9104,64.94,64.89,64.94,7
2026-01-16 14:36:00,64.95,64.97,64.86,64.8926,133
2026-01-16 14:37:00,64.9,64.9,64.9,64.9,1
2026-01-16 14:38:00,64.93,64.93,64.89,64.89,3
2026-01-16 14:39:00,64.89,64.89,64.76,64.78,150
2026-01-16 14:40:00,64.76,64.76,64.72,64.75,22
2026-01-16 14:41:00,64.75,64.775,64.75,64.775,24
2026-01-16 14:42:00,64.79,64.87,64.7621,64.86,14
2026-01-16 14:43:00,64.84,64.84,64.75,64.8,45
2026-01-16 14:44:00,64.74,64.74,64.705,64.71,8
2026-01-16 14:45:00,64.74,64.77,64.735,64.76,13
2026-01-16 14:46:00,64.725,64.725,64.715,64.715,10
2026-01-16 14:47:00,64.715,64.74,64.62,64.62,65
2026-01-16 14:48:00,64.615,64.66,64.55,64.59,69
2026-01-16 14:49:00,64.615,64.62,64.615,64.62,10
2026-01-16 14:50:00,64.62,64.65,64.59,64.65,75
2026-01-16 14:51:00,64.68,64.68,64.68,64.68,2
2026-01-16 14:52:00,64.69,64.73,64.67,64.71,20
2026-01-16 14:53:00,64.72,64.75,64.69,64.69,8
2026-01-16 14:54:00,64.735,64.75,64.735,64.75,4
2026-01-16 14:55:00,64.72,64.73,64.695,64.695,20
2026-01-16 14:56:00,64.74,64.74,64.69,64.725,42
2026-01-16 14:57:00,64.7,64.7,64.68,64.68,6
2026-01-16 14:58:00,64.705,64.705,64.69,64.705,7
2026-01-16 14:59:00,64.705,64.705,64.61,64.61,13
2026-01-16 15:00:00,64.6,64.6,64.475,64.475,34
2026-01-16 15:01:00,64.49,64.71,64.46,64.71,19
2026-01-16 15:02:00,64.71,64.71,64.585,64.585,19
2026-01-16 15:03:00,64.59,64.59,64.59,64.59,15
2026-01-16 15:04:00,64.595,64.595,64.595,64.595,3
2026-01-16 15:05:00,64.55,64.55,64.53,64.53,7
2026-01-16 15:06:00,64.525,64.525,64.485,64.485,9
2026-01-16 15:07:00,64.49,64.54,64.49,64.54,88
2026-01-16 15:08:00,64.54,64.63,64.54,64.595,43
2026-01-16 15:09:00,64.57,64.5925,64.57,64.5925,9
2026-01-16 15:10:00,64.59,64.625,64.59,64.595,11
2026-01-16 15:11:00,64.62,64.655,64.62,64.6245,6
2026-01-16 15:12:00,64.65,64.65,64.58,64.62,39
2026-01-16 15:13:00,64.615,64.615,64.59,64.59,6
2026-01-16 15:14:00,64.56,64.56,64.56,64.56,1
2026-01-16 15:15:00,64.6005,64.605,64.56,64.56,3
2026-01-16 15:16:00,64.56,64.57,64.54,64.54,44
2026-01-16 15:17:00,64.54,64.635,64.54,64.61,121
2026-01-16 15:18:00,64.61,64.61,64.605,64.61,4
2026-01-16 15:19:00,64.61,64.61,64.61,64.61,9
2026-01-16 15:20:00,64.61,64.61,64.5,64.55,23
2026-01-16 15:21:00,64.5,64.55,64.5,64.55,4
2026-01-16 15:22:00,64.5375,64.5375,64.35,64.385,45
2026-01-16 15:23:00,64.36,64.36,64.26,64.32,17
2026-01-16 15:24:00,64.285,64.285,64.26,64.28,22
2026-01-16 15:25:00,64.29,64.29,64.26,64.26,12
2026-01-16 15:26:00,64.26,64.31,64.25,64.29,97
2026-01-16 15:27:00,64.305,64.305,64.29,64.29,15
2026-01-16 15:28:00,64.305,64.34,64.19,64.19,127
2026-01-16 15:29:00,64.19,64.23,64.18,64.225,28
2026-01-16 15:30:00,64.215,64.22,64.08,64.08,48
2026-01-16 15:31:00,64.08,64.15,64.045,64.12,67
2026-01-16 15:32:00,64.12,64.17,64.12,64.12,17
2026-01-16 15:33:00,64.124,64.15,64.04,64.12,79
2026-01-16 15:34:00,64.125,64.2,64.06,64.06,10
2026-01-16 15:35:00,64.155,64.21,64.135,64.2,8
2026-01-16 15:36:00,64.23,64.43,64.23,64.42,64
2026-01-16 15:37:00,64.38,64.3856,64.32,64.32,12
2026-01-16 15:38:00,64.38,64.4299,64.32,64.37,30
2026-01-16 15:39:00,64.32,64.365,64.32,64.365,3
2026-01-16 15:40:00,64.31,64.33,64.12,64.215,32
2026-01-16 15:41:00,64.215,64.225,64.11,64.13,92
2026-01-16 15:42:00,64.11,64.11,64.0,64.04,31
2026-01-16 15:43:00,64.065,64.065,64.06,64.06,4
2026-01-16 15:44:00,64.1,64.1,64.06,64.06,2
2026-01-16 15:45:00,64.02,64.03,64.0,64.025,58
2026-01-16 15:46:00,64.01,64.01,63.97,63.975,12
2026-01-16 15:47:00,63.96,63.995,63.88,63.89,40
2026-01-16 15:48:00,63.905,64.04,63.89,64.0,40
2026-01-16 15:49:00,64.025,64.025,64.0,64.0,16
2026-01-16 15:50:00,64.05,64.05,63.8,63.81,142
2026-01-16 15:51:00,63.9272,63.9272,63.82,63.9,109
2026-01-16 15:52:00,63.91,63.92,63.81,63.91,70
2026-01-16 15:53:00,63.94,63.94,63.92,63.935,51
2026-01-16 15:54:00,63.9432,63.9432,63.71,63.71,108
2026-01-16 15:55:00,63.8,63.88,63.74,63.74,80
2026-01-16 15:56:00,63.73,63.775,63.69,63.735,94
2026-01-16 15:57:00,63.71,63.77,63.69,63.73,191
2026-01-16 15:58:00,63.74,63.84,63.74,63.84,194
2026-01-16 15:59:00,63.84,63.88,63.81,63.86,300
2026-01-20 09:30:00,62.0,62.46,61.77,62.13,420
2026-01-20 09:31:00,62.135,62.135,61.69,61.945,27
2026-01-20 09:32:00,61.9,62.035,61.69,61.69,21
2026-01-20 09:33:00,61.73,62.0162,61.65,61.935,94
2026-01-20 09:34:00,61.94,62.055,61.71,61.89,122
2026-01-20 09:35:00,62.05,62.55,61.91,62.41,153
2026-01-20 09:36:00,62.41,62.58,62.25,62.25,53
2026-01-20 09:37:00,62.38,62.555,62.35,62.4,37
2026-01-20 09:38:00,62.54,62.6929,62.35,62.57,34
2026-01-20 09:39:00,62.49,62.57,62.49,62.52,17
2026-01-20 09:40:00,62.52,62.52,62.35,62.505,11
2026-01-20 09:41:00,62.515,62.66,62.515,62.56,18
2026-01-20 09:42:00,62.645,62.65,62.37,62.37,50
2026-01-20 09:43:00,62.39,62.5567,62.36,62.48,39
2026-01-20 09:44:00,62.37,62.69,62.37,62.68,54
2026-01-20 09:45:00,62.63,62.63,62.48,62.48,11
2026-01-20 09:46:00,62.6,62.6,62.4,62.4,39
2026-01-20 09:47:00,62.495,62.495,62.17,62.17,89
2026-01-20 09:48:00,62.46,62.48,62.26,62.31,24
2026-01-20 09:49:00,62.25,62.455,62.09,62.3,109
2026-01-20 09:50:00,62.3,62.53,62.22,62.485,11
2026-01-20 09:51:00,62.65,62.8699,62.4,62.61,81
2026-01-20 09:52:00,62.61,62.61,62.61,62.61,1
2026-01-20 09:53:00,62.41,62.54,62.35,62.415,21
2026-01-20 09:54:00,62.415,62.58,62.35,62.58,29
2026-01-20 09:55:00,62.58,62.58,62.35,62.35,7
2026-01-20 09:56:00,62.4225,62.585,62.4225,62.585,3
2026-01-20 09:57:00,62.49,62.49,62.37,62.4,65
2026-01-20 09:58:00,62.465,62.55,62.38,62.4,22
2026-01-20 09:59:00,62.425,62.705,62.39,62.48,18
2026-01-20 10:00:00,62.535,62.74,62.535,62.725,34
2026-01-20 10:01:00,62.725,62.94,62.65,62.94,55
2026-01-20 10:02:00,62.94,62.94,62.66,62.795,46
2026-01-20 10:03:00,62.75,62.97,62.67,62.88,78
2026-01-20 10:04:00,62.88,62.95,62.78,62.885,10
2026-01-20 10:05:00,62.97,63.08,62.875,63.08,25
2026-01-20 10:06:00,63.07,63.07,62.73,62.795,60
2026-01-20 10:07:00,62.77,62.77,62.5,62.5,18
2026-01-20 10:08:00,62.64,62.8,62.38,62.61,16
2026-01-20 10:09:00,62.67,62.67,62.6025,62.61,4
2026-01-20 10:10:00,62.61,62.61,62.37,62.515,22
2026-01-20 10:11:00,62.42,62.515,62.125,62.25,29
2026-01-20 10:12:00,62.495,62.58,62.485,62.485,17
2026-01-20 10:13:00,62.6251,62.67,62.4,62.67,15
2026-01-20 10:14:00,62.6625,62.675,62.42,62.46,18
2026-01-20 10:15:00,62.46,62.46,62.26,62.38,16
2026-01-20 10:16:00,62.48,62.63,62.29,62.49,23
2026-01-20 10:17:00,62.61,62.61,62.36,62.52,6
2026-01-20 10:18:00,62.52,62.53,62.36,62.425,16
2026-01-20 10:19:00,62.43,62.66,62.37,62.535,35
2026-01-20 10:20:00,62.66,62.775,62.54,62.775,72
2026-01-20 10:21:00,62.98,63.1,62.805,63.1,10
2026-01-20 10:22:00,63.39,63.395,63.37,63.375,8
2026-01-20 10:23:00,63.51,63.51,63.32,63.47,15
2026-01-20 10:24:00,63.4699,63.76,63.39,63.76,15
2026-01-20 10:25:00,63.77,63.77,63.56,63.63,19
2026-01-20 10:26:00,63.7,63.7,63.51,63.57,12
2026-01-20 10:27:00,63.675,63.84,63.52,63.84,5
2026-01-20 10:28:00,63.53,63.55,63.53,63.54,5
2026-01-20 10:29:00,63.68,63.68,63.56,63.57,3
2026-01-20 10:30:00,63.56,63.88,63.56,63.88,42
2026-01-20 10:31:00,63.89,63.89,63.809,63.82,18
2026-01-20 10:32:00,63.77,63.78,63.56,63.71,66
2026-01-20 10:33:00,63.68,63.68,63.65,63.66,18
2026-01-20 10:34:00,63.5938,63.8,63.5938,63.63,12
2026-01-20 10:35:00,63.67,63.67,63.67,63.67,1
2026-01-20 10:36:00,63.74,63.74,63.54,63.685,21
2026-01-20 10:37:00,63.685,63.685,63.52,63.58,11
2026-01-20 10:38:00,63.59,63.64,63.58,63.61,15
2026-01-20 10:39:00,63.625,63.7,63.55,63.57,20
2026-01-20 10:40:00,63.575,63.6,63.49,63.5,19
2026-01-20 10:41:00,63.455,63.455,63.455,63.455,2
2026-01-20 10:42:00,63.4,63.48,63.37,63.37,3
2026-01-20 10:43:00,63.335,63.43,63.335,63.405,8
2026-01-20 10:44:00,63.4,63.53,63.4,63.53,4
2026-01-20 10:45:00,63.41,63.41,63.3,63.39,7
2026-01-20 10:46:00,63.39,63.39,63.39,63.39,0
2026-01-20 10:47:00,63.46,63.46,63.31,63.325,12
2026-01-20 10:48:00,63.375,63.375,63.375,63.375,1
2026-01-20 10:49:00,63.365,63.43,63.365,63.375,15
2026-01-20 10:50:00,63.4313,63.4313,63.38,63.38,2
2026-01-20 10:51:00,63.39,63.45,63.38,63.45,10
2026-01-20 10:52:00,63.46,63.53,63.29,63.42,99
2026-01-20 10:53:00,63.52,64.0,63.52,63.69,163
2026-01-20 10:54:00,63.715,63.84,63.69,63.825,23
2026-01-20 10:55:00,63.9999,63.9999,63.75,63.77,70
2026-01-20 10:56:00,63.775,63.825,63.725,63.73,15
2026-01-20 10:57:00,63.735,63.79,63.73,63.78,4
2026-01-20 10:58:00,63.86,63.86,63.86,63.86,1
2026-01-20 10:59:00,63.83,63.905,63.83,63.9,5
2026-01-20 11:00:00,63.905,63.985,63.905,63.985,8
2026-01-20 11:01:00,63.96,64.0,63.96,63.985,6
2026-01-20 11:02:00,63.985,64.0,63.925,63.96,33
2026-01-20 11:03:00,64.0,64.11,63.86,63.91,110
2026-01-20 11:04:00,63.905,63.905,63.815,63.82,10
2026-01-20 11:05:00,63.86,63.92,63.86,63.905,23
2026-01-20 11:06:00,63.89,63.89,63.82,63.82,16
2026-01-20 11:07:00,63.87,63.93,63.855,63.88,24
2026-01-20 11:08:00,63.82,63.82,63.8,63.805,14
2026-01-20 11:09:00,63.75,63.78,63.69,63.73,17
2026-01-20 11:10:00,63.78,63.905,63.78,63.83,4
2026-01-20 11:11:00,64.0,64.13,63.925,63.97,32
2026-01-20 11:12:00,63.965,63.965,63.945,63.96,6
2026-01-20 11:13:00,63.96,63.96,63.95,63.95,2
2026-01-20 11:14:00,63.97,64.035,63.93,64.035,4
2026-01-20 11:15:00,63.96,64.045,63.96,64.045,4
2026-01-20 11:16:00,63.97,63.97,63.88,63.88,18
2026-01-20 11:17:00,63.89,63.9,63.72,63.755,49
2026-01-20 11:18:00,63.77,63.78,63.66,63.71,15
2026-01-20 11:19:00,63.61,63.745,63.53,63.53,36
2026-01-20 11:20:00,63.75,63.9,63.675,63.9,5
2026-01-20 11:21:00,63.935,63.975,63.86,63.935,7
2026-01-20 11:22:00,63.985,63.985,63.985,63.985,1
2026-01-20 11:23:00,63.99,63.99,63.98,63.99,3
2026-01-20 11:24:00,63.99,63.99,63.985,63.985,4
2026-01-20 11:25:00,63.86,63.86,63.86,63.86,2
2026-01-20 11:26:00,63.935,64.0,63.935,64.0,3
2026-01-20 11:27:00,64.0,64.18,64.0,64.16,7
2026-01-20 11:28:00,64.29,64.29,64.14,64.1887,12
2026-01-20 11:29:00,64.3,64.335,64.25,64.25,4
2026-01-20 11:30:00,64.345,64.345,64.2,64.25,12
2026-01-20 11:31:00,64.16,64.16,64.16,64.16,2
2026-01-20 11:32:00,64.2,64.2,64.2,64.2,1
2026-01-20 11:33:00,64.2,64.2,64.015,64.05,23
2026-01-20 11:34:00,64.18,64.18,64.02,64.05,7
2026-01-20 11:35:00,64.06,64.31,64.05,64.245,87
2026-01-20 11:36:00,64.32,64.32,64.24,64.245,28
2026-01-20 11:37:00,64.2263,64.245,64.21,64.22,21
2026-01-20 11:38:00,64.2,64.2,64.2,64.2,2
2026-01-20 11:39:00,64.15,64.15,64.15,64.15,2
2026-01-20 11:40:00,64.205,64.21,64.04,64.1,23
2026-01-20 11:41:00,64.05,64.05,64.03,64.04,3
2026-01-20 11:42:00,64.0875,64.0875,64.0875,64.0875,1
2026-01-20 11:43:00,64.0567,64.0567,64.0,64.0,5
2026-01-20 11:44:00,64.105,64.105,64.02,64.065,27
2026-01-20 11:45:00,64.11,64.115,64.03,64.03,23
2026-01-20 11:46:00,64.03,64.03,64.02,64.03,7
2026-01-20 11:47:00,63.97,63.98,63.88,63.88,12
2026-01-20 11:48:00,63.89,63.89,63.89,63.89,1
2026-01-20 11:49:00,63.98,63.98,63.98,63.98,1
2026-01-20 11:50:00,63.9,64.005,63.9,64.005,5
2026-01-20 11:51:00,63.92,64.0,63.92,64.0,2
2026-01-20 11:52:00,63.93,64.0,63.87,64.0,15
2026-01-20 11:53:00,63.93,64.005,63.93,64.005,2
2026-01-20 11:54:00,63.89,63.89,63.745,63.745,11
2026-01-20 11:55:00,63.7,63.79,63.7,63.7575,4
2026-01-20 11:56:00,63.84,63.88,63.7401,63.7401,29
2026-01-20 11:57:00,63.87,63.89,63.82,63.82,6
2026-01-20 11:58:00,63.9,63.94,63.89,63.94,27
2026-01-20 11:59:00,63.95,63.95,63.95,63.95,3
2026-01-20 12:00:00,64.0499,64.0499,63.94,64.005,50
2026-01-20 12:01:00,64.005,64.2,64.005,64.2,12
2026-01-20 12:02:00,64.24,64.3925,64.19,64.3925,51
2026-01-20 12:03:00,64.4,64.4,64.34,64.34,2
2026-01-20 12:04:00,64.2925,64.2925,64.2,64.2,21
2026-01-20 12:05:00,64.23,64.24,64.22,64.22,3
2026-01-20 12:06:00,64.29,64.405,64.285,64.285,116
2026-01-20 12:07:00,64.285,64.285,64.285,64.285,0
2026-01-20 12:08:00,64.25,64.25,64.25,64.25,3
2026-01-20 12:09:00,64.26,64.27,64.21,64.24,15
2026-01-20 12:10:00,64.2324,64.25,64.18,64.18,54
2026-01-20 12:11:00,64.245,64.26,64.245,64.245,16
2026-01-20 12:12:00,64.335,64.43,64.335,64.43,2
2026-01-20 12:13:00,64.385,64.385,64.37,64.37,9
2026-01-20 12:14:00,64.37,64.37,64.37,64.37,0
2026-01-20 12:15:00,64.37,64.47,64.37,64.375,11
2026-01-20 12:16:00,64.395,64.41,64.395,64.41,3
2026-01-20 12:17:00,64.41,64.41,64.41,64.41,1
2026-01-20 12:18:00,64.49,64.5,64.475,64.48,10
2026-01-20 12:19:00,64.48,64.48,64.42,64.44,23
2026-01-20 12:20:00,64.48,64.49,64.38,64.39,5
2026-01-20 12:21:00,64.45,64.5,64.38,64.405,56
2026-01-20 12:22:00,64.405,64.44,64.345,64.44,18
2026-01-20 12:23:00,64.5,64.565,64.49,64.565,5
2026-01-20 12:24:00,64.51,64.51,64.51,64.51,1
2026-01-20 12:25:00,64.51,64.51,64.51,64.51,1
2026-01-20 12:26:00,64.5,64.505,64.41,64.41,8
2026-01-20 12:27:00,64.505,64.51,64.41,64.41,35
2026-01-20 12:28:00,64.41,64.49,64.41,64.49,14
2026-01-20 12:29:00,64.515,64.515,64.515,64.515,3
2026-01-20 12:30:00,64.525,64.525,64.515,64.515,3
2026-01-20 12:31:00,64.51,64.51,64.42,64.43,9
2026-01-20 12:32:00,64.405,64.405,64.36,64.405,8
2026-01-20 12:33:00,64.4,64.41,64.33,64.4,11
2026-01-20 12:34:00,64.4,64.4,64.34,64.39,7
2026-01-20 12:35:00,64.385,64.475,64.385,64.47,23
2026-01-20 12:36:00,64.47,64.47,64.47,64.47,2
2026-01-20 12:37:00,64.47,64.49,64.425,64.445,23
2026-01-20 12:38:00,64.45,64.585,64.45,64.585,11
2026-01-20 12:39:00,64.59,64.59,64.49,64.59,14
2026-01-20 12:40:00,64.59,64.59,64.59,64.59,0
2026-01-20 12:41:00,64.54,64.54,64.54,64.54,1
2026-01-20 12:42:00,64.53,64.53,64.53,64.53,4
2026-01-20 12:43:00,64.53,64.585,64.53,64.585,2
2026-01-20 12:44:00,64.585,64.585,64.585,64.585,0
2026-01-20 12:45:00,64.53,64.53,64.52,64.52,6
2026-01-20 12:46:00,64.575,64.575,64.43,64.47,40
2026-01-20 12:47:00,64.49,64.64,64.49,64.64,10
2026-01-20 12:48:00,64.54,64.54,64.43,64.465,6
2026-01-20 12:49:00,64.465,64.4715,64.465,64.465,11
2026-01-20 12:50:00,64.465,64.465,64.465,64.465,2
2026-01-20 12:51:00,64.49,64.49,64.42,64.44,19
2026-01-20 12:52:00,64.44,64.48,64.44,64.48,3
2026-01-20 12:53:00,64.585,64.585,64.585,64.585,1
2026-01-20 12:54:00,64.575,64.575,64.575,64.575,2
2026-01-20 12:55:00,64.575,64.575,64.575,64.575,0
2026-01-20 12:56:00,64.58,64.75,64.58,64.75,24
2026-01-20 12:57:00,64.75,64.75,64.75,64.75,0
2026-01-20 12:58:00,64.76,64.76,64.7367,64.7367,2
2026-01-20 12:59:00,64.7,64.7,64.7,64.7,19
2026-01-20 13:00:00,64.67,64.71,64.65,64.65,8
2026-01-20 13:01:00,64.695,64.75,64.695,64.74,10
2026-01-20 13:02:00,64.735,64.735,64.735,64.735,1
2026-01-20 13:03:00,64.8,64.83,64.8,64.83,9
2026-01-20 13:04:00,64.86,64.86,64.75,64.83,12
2026-01-20 13:05:00,64.83,64.83,64.83,64.83,0
2026-01-20 13:06:00,64.81,64.81,64.81,64.81,3
2026-01-20 13:07:00,64.88,64.88,64.88,64.88,3
2026-01-20 13:08:00,64.9,64.9,64.82,64.8201,31
2026-01-20 13:09:00,64.9,64.9,64.9,64.9,4
2026-01-20 13:10:00,64.935,64.94,64.935,64.94,14
2026-01-20 13:11:00,64.945,64.945,64.945,64.945,2
2026-01-20 13:12:00,64.9406,64.95,64.9406,64.95,6
2026-01-20 13:13:00,64.91,64.91,64.91,64.91,8
2026-01-20 13:14:00,64.895,65.0,64.895,65.0,12
2026-01-20 13:15:00,64.97,64.97,64.89,64.91,23
2026-01-20 13:16:00,65.0,65.11,64.955,65.05,21
2026-01-20 13:17:00,65.04,65.06,65.02,65.05,10
2026-01-20 13:18:00,65.03,65.14,64.99,65.055,34
2026-01-20 13:19:00,65.055,65.055,65.055,65.055,0
2026-01-20 13:20:00,65.02,65.02,65.0,65.0,27
2026-01-20 13:21:00,65.01,65.105,65.01,65.105,11
2026-01-20 13:22:00,65.125,65.125,65.02,65.07,27
2026-01-20 13:23:00,65.02,65.02,65.02,65.02,1
2026-01-20 13:24:00,65.075,65.08,65.075,65.08,2
2026-01-20 13:25:00,65.085,65.085,65.085,65.085,1
2026-01-20 13:26:00,65.085,65.09,65.085,65.09,3
2026-01-20 13:27:00,65.09,65.09,65.09,65.09,2
2026-01-20 13:28:00,65.09,65.09,65.09,65.09,0
2026-01-20 13:29:00,65.09,65.09,64.99,64.99,16
2026-01-20 13:30:00,64.99,65.05,64.98,65.05,14
2026-01-20 13:31:00,65.0,65.04,64.96,64.96,3
2026-01-20 13:32:00,64.9701,64.9701,64.88,64.9,12
2026-01-20 13:33:00,64.87,64.885,64.85,64.85,12
2026-01-20 13:34:00,64.845,64.91,64.845,64.91,8
2026-01-20 13:35:00,64.94,64.94,64.94,64.94,1
2026-01-20 13:36:00,64.91,64.94,64.775,64.82,17
2026-01-20 13:37:00,64.79,64.83,64.79,64.83,4
2026-01-20 13:38:00,64.89,64.89,64.89,64.89,1
2026-01-20 13:39:00,64.84,64.885,64.84,64.8806,7
2026-01-20 13:40:00,64.9,64.9,64.9,64.9,1
2026-01-20 13:41:00,64.9,64.94,64.85,64.94,12
2026-01-20 13:42:00,64.905,64.905,64.905,64.905,1
2026-01-20 13:43:00,64.905,64.905,64.905,64.905,0
2026-01-20 13:44:00,64.905,64.905,64.905,64.905,2
2026-01-20 13:45:00,64.905,64.905,64.81,64.81,8
2026-01-20 13:46:00,64.81,64.81,64.81,64.81,0
2026-01-20 13:47:00,64.77,64.77,64.7562,64.7562,3
2026-01-20 13:48:00,64.7562,64.7562,64.7562,64.7562,0
2026-01-20 13:49:00,64.75,64.8144,64.71,64.8144,12
2026-01-20 13:50:00,64.77,64.77,64.68,64.735,8
2026-01-20 13:51:00,64.69,64.775,64.69,64.775,4
2026-01-20 13:52:00,64.69,64.745,64.69,64.745,11
2026-01-20 13:53:00,64.69,64.69,64.65,64.65,7
2026-01-20 13:54:00,64.66,64.66,64.61,64.61,6
2026-01-20 13:55:00,64.645,64.72,64.635,64.7,20
2026-01-20 13:56:00,64.79,64.8182,64.79,64.8182,3
2026-01-20 13:57:00,64.795,64.82,64.76,64.765,23
2026-01-20 13:58:00,64.74,64.8189,64.73,64.73,8
2026-01-20 13:59:00,64.8,64.8471,64.69,64.725,27
2026-01-20 14:00:00,64.725,64.725,64.71,64.71,8
2026-01-20 14:01:00,64.77,64.805,64.755,64.755,6
2026-01-20 14:02:00,64.73,64.855,64.73,64.84,4
2026-01-20 14:03:00,64.84,64.84,64.76,64.84,4
2026-01-20 14:04:00,64.845,64.845,64.76,64.76,2
2026-01-20 14:05:00,64.805,64.84,64.805,64.84,9
2026-01-20 14:06:00,64.9,64.97,64.9,64.97,6
2026-01-20 14:07:00,64.955,64.955,64.955,64.955,2
2026-01-20 14:08:00,64.955,65.09,64.955,65.09,9
2026-01-20 14:09:00,65.14,65.14,64.96,64.995,18
2026-01-20 14:10:00,65.03,65.05,64.96,64.9961,9
2026-01-20 14:11:00,64.99,65.055,64.99,64.995,14
2026-01-20 14:12:00,64.995,64.995,64.995,64.995,2
2026-01-20 14:13:00,65.0,65.0,64.995,64.995,6
2026-01-20 14:14:00,65.05,65.1,65.05,65.1,9
2026-01-20 14:15:00,65.08,65.08,64.93,64.93,9
2026-01-20 14:16:00,64.92,64.92,64.92,64.92,1
2026-01-20 14:17:00,64.955,64.955,64.955,64.955,3
2026-01-20 14:18:00,65.0,65.0,64.97,64.97,4
2026-01-20 14:19:00,65.03,65.035,65.03,65.035,3
2026-01-20 14:20:00,65.09,65.095,65.09,65.095,17
2026-01-20 14:21:00,65.04,65.04,64.87,64.87,20
2026-01-20 14:22:00,64.81,64.82,64.775,64.78,34
2026-01-20 14:23:00,64.8041,64.805,64.8041,64.805,2
2026-01-20 14:24:00,64.81,64.81,64.81,64.81,4
2026-01-20 14:25:00,64.81,64.81,64.81,64.81,0
2026-01-20 14:26:00,64.815,64.815,64.815,64.815,1
2026-01-20 14:27:00,64.91,64.96,64.91,64.96,6
2026-01-20 14:28:00,64.9,64.94,64.89,64.89,15
2026-01-20 14:29:00,64.92,64.92,64.92,64.92,1
2026-01-20 14:30:00,64.93,64.96,64.86,64.865,18
2026-01-20 14:31:00,64.84,64.84,64.62,64.645,39
2026-01-20 14:32:00,64.81,64.81,64.81,64.81,1
2026-01-20 14:33:00,64.81,64.81,64.81,64.81,0
2026-01-20 14:34:00,64.73,64.73,64.57,64.57,14
2026-01-20 14:35:00,64.51,64.51,64.485,64.485,2
2026-01-20 14:36:00,64.42,64.48,64.42,64.45,20
2026-01-20 14:37:00,64.47,64.54,64.47,64.54,6
2026-01-20 14:38:00,64.54,64.54,64.535,64.535,6
2026-01-20 14:39:00,64.5601,64.675,64.53,64.545,31
2026-01-20 14:40:00,64.545,64.545,64.545,64.545,0
2026-01-20 14:41:00,64.65,64.765,64.65,64.765,5
2026-01-20 14:42:00,64.78,64.78,64.7101,64.7101,3
2026-01-20 14:43:00,64.72,64.85,64.7,64.85,11
2026-01-20 14:44:00,64.86,64.86,64.795,64.795,3
2026-01-20 14:45:00,64.84,64.84,64.84,64.84,2
2026-01-20 14:46:00,64.79,64.8,64.495,64.575,131
2026-01-20 14:47:00,64.585,64.595,64.585,64.595,3
2026-01-20 14:48:00,64.55,64.68,64.55,64.68,9
2026-01-20 14:49:00,64.68,64.695,64.68,64.695,3
2026-01-20 14:50:00,64.695,64.695,64.6,64.63,4
2026-01-20 14:51:00,64.69,64.69,64.67,64.68,10
2026-01-20 14:52:00,64.68,64.8,64.68,64.8,9
2026-01-20 14:53:00,64.79,64.8612,64.7401,64.7401,9
2026-01-20 14:54:00,64.83,64.875,64.83,64.8434,9
2026-01-20 14:55:00,64.77,64.87,64.68,64.6865,26
2026-01-20 14:56:00,64.62,64.62,64.595,64.595,12
2026-01-20 14:57:00,64.595,64.64,64.595,64.64,11
2026-01-20 14:58:00,64.6,64.71,64.6,64.71,3
2026-01-20 14:59:00,64.73,64.73,64.67,64.67,2
2026-01-20 15:00:00,64.6,64.6,64.45,64.57,16
2026-01-20 15:01:00,64.572,64.66,64.572,64.64,3
2026-01-20 15:02:00,64.65,64.65,64.65,64.65,2
2026-01-20 15:03:00,64.76,64.76,64.75,64.75,2
2026-01-20 15:04:00,64.83,64.83,64.83,64.83,1
2026-01-20 15:05:00,64.835,64.835,64.76,64.76,8
2026-01-20 15:06:00,64.73,64.73,64.62,64.62,19
2026-01-20 15:07:00,64.64,64.65,64.64,64.64,4
2026-01-20 15:08:00,64.64,64.67,64.64,64.67,8
2026-01-20 15:09:00,64.675,64.73,64.6695,64.73,11
2026-01-20 15:10:00,64.71,64.71,64.7,64.7,6
2026-01-20 15:11:00,64.73,64.925,64.73,64.925,31
2026-01-20 15:12:00,64.9,64.9,64.84,64.84,9
2026-01-20 15:13:00,64.8,64.825,64.8,64.825,4
2026-01-20 15:14:00,64.825,64.89,64.825,64.86,11
2026-01-20 15:15:00,64.86,64.86,64.72,64.72,11
2026-01-20 15:16:00,64.68,64.68,64.65,64.66,8
2026-01-20 15:17:00,64.72,64.75,64.72,64.74,7
2026-01-20 15:18:00,64.745,64.8157,64.745,64.775,14
2026-01-20 15:19:00,64.78,64.81,64.78,64.79,5
2026-01-20 15:20:00,64.76,64.78,64.73,64.76,13
2026-01-20 15:21:00,64.76,64.76,64.69,64.69,23
2026-01-20 15:22:00,64.64,64.66,64.6,64.6,36
2026-01-20 15:23:00,64.59,64.59,64.5,64.5,17
2026-01-20 15:24:00,64.53,64.53,64.4975,64.505,4
2026-01-20 15:25:00,64.53,64.53,64.53,64.53,3
2026-01-20 15:26:00,64.525,64.64,64.518,64.64,8
2026-01-20 15:27:00,64.59,64.59,64.58,64.58,10
2026-01-20 15:28:00,64.55,64.605,64.55,64.605,5
2026-01-20 15:29:00,64.65,64.65,64.595,64.595,13
2026-01-20 15:30:00,64.58,64.63,64.58,64.63,14
2026-01-20 15:31:00,64.61,64.66,64.61,64.645,10
2026-01-20 15:32:00,64.6625,64.6625,64.63,64.63,42
2026-01-20 15:33:00,64.62,64.66,64.505,64.51,40
2026-01-20 15:34:00,64.6093,64.6093,64.555,64.555,12
2026-01-20 15:35:00,64.5,64.555,64.5,64.55,3
2026-01-20 15:36:00,64.545,64.5532,64.51,64.51,12
2026-01-20 15:37:00,64.53,64.545,64.48,64.48,17
2026-01-20 15:38:00,64.49,64.49,64.39,64.47,36
2026-01-20 15:39:00,64.48,64.56,64.45,64.515,17
2026-01-20 15:40:00,64.493,64.51,64.47,64.47,44
2026-01-20 15:41:00,64.46,64.48,64.46,64.48,7
2026-01-20 15:42:00,64.51,64.53,64.5,64.51,122
2026-01-20 15:43:00,64.52,64.7,64.52,64.7,27
2026-01-20 15:44:00,64.7,64.81,64.7,64.81,51
2026-01-20 15:45:00,64.82,64.9032,64.815,64.9032,4
2026-01-20 15:46:00,64.9,64.932,64.84,64.9,27
2026-01-20 15:47:00,64.96,65.02,64.94,64.94,82
2026-01-20 15:48:00,64.98,65.0,64.98,65.0,9
2026-01-20 15:49:00,64.97,65.0,64.86,64.86,54
2026-01-20 15:50:00,64.88,64.98,64.8498,64.98,46
2026-01-20 15:51:00,64.955,65.03,64.93,64.93,49
2026-01-20 15:52:00,64.91,65.07,64.905,65.07,69
2026-01-20 15:53:00,65.09,65.115,65.06,65.115,83
2026-01-20 15:54:00,65.13,65.13,64.93,64.93,85
2026-01-20 15:55:00,65.0,65.28,64.95,65.28,59
2026-01-20 15:56:00,65.295,65.33,65.25,65.27,59
2026-01-20 15:57:00,65.27,65.3,65.25,65.265,180
2026-01-20 15:58:00,65.28,65.32,65.25,65.25,200
2026-01-20 15:59:00,65.25,65.28,65.19,65.27,236
2026-01-21 09:30:00,65.76,65.78,65.51,65.725,123
2026-01-21 09:31:00,65.7574,65.7574,65.23,65.53,19
2026-01-21 09:32:00,65.47,65.53,65.23,65.23,13
2026-01-21 09:33:00,65.23,65.23,65.23,65.23,0
2026-01-21 09:34:00,65.505,65.505,65.25,65.27,16
2026-01-21 09:35:00,65.4284,65.52,65.27,65.29,14
2026-01-21 09:36:00,65.29,65.29,65.29,65.29,0
2026-01-21 09:37:00,65.29,65.29,65.29,65.29,0
2026-01-21 09:38:00,65.75,66.0,65.705,65.99,55
2026-01-21 09:39:00,66.0,66.0,66.0,66.0,1
2026-01-21 09:40:00,66.018,66.035,65.82,65.82,7
2026-01-21 09:41:00,66.0,66.09,65.94,65.94,3
2026-01-21 09:42:00,66.1,66.36,66.0,66.3,40
2026-01-21 09:43:00,66.25,66.25,66.0,66.0,8
2026-01-21 09:44:00,66.47,66.62,66.47,66.475,24
2026-01-21 09:45:00,66.6,66.87,66.6,66.87,21
2026-01-21 09:46:00,66.99,67.01,66.9409,66.9409,40
2026-01-21 09:47:00,66.73,67.01,66.6889,66.97,42
2026-01-21 09:48:00,66.93,67.01,66.83,67.01,15
2026-01-21 09:49:00,66.897,67.15,66.897,66.97,41
2026-01-21 09:50:00,66.97,66.97,66.61,66.615,20
2026-01-21 09:51:00,66.6,66.61,66.59,66.61,6
2026-01-21 09:52:00,66.8425,66.8425,66.65,66.793,9
2026-01-21 09:53:00,66.793,66.793,66.793,66.793,0
2026-01-21 09:54:00,66.76,66.76,66.76,66.76,7
2026-01-21 09:55:00,66.76,66.76,66.76,66.76,3
2026-01-21 09:56:00,66.59,66.59,66.53,66.53,7
2026-01-21 09:57:00,66.59,66.8742,66.59,66.8742,13
2026-01-21 09:58:00,66.8742,66.8742,66.8742,66.8742,0
2026-01-21 09:59:00,66.55,66.59,66.53,66.57,15
2026-01-21 10:00:00,66.69,66.69,66.63,66.63,2
2026-01-21 10:01:00,66.63,66.63,66.63,66.63,0
2026-01-21 10:02:00,66.75,67.1766,66.75,66.8432,160
2026-01-21 10:03:00,66.92,67.015,66.84,67.015,23
2026-01-21 10:04:00,67.0,67.06,66.91,66.92,38
2026-01-21 10:05:00,66.9,67.065,66.87,66.88,21
2026-01-21 10:06:00,66.77,66.995,66.77,66.995,158
2026-01-21 10:07:00,67.0,67.0,67.0,67.0,1
2026-01-21 10:08:00,66.81,67.055,66.81,66.87,4
2026-01-21 10:09:00,66.87,66.87,66.87,66.87,0
2026-01-21 10:10:00,66.84,66.97,66.75,66.97,9
2026-01-21 10:11:00,66.97,66.97,66.8301,66.8301,17
2026-01-21 10:12:00,66.84,66.93,66.83,66.93,9
2026-01-21 10:13:00,66.87,66.87,66.82,66.82,9
2026-01-21 10:14:00,66.82,66.82,66.82,66.82,0
2026-01-21 10:15:00,66.965,66.965,66.86,66.86,4
2026-01-21 10:16:00,67.0,67.015,67.0,67.015,3
2026-01-21 10:17:00,67.015,67.08,66.985,67.0,228
2026-01-21 10:18:00,67.0954,67.23,66.99,67.14,130
2026-01-21 10:19:00,67.14,67.145,67.07,67.07,10
2026-01-21 10:20:00,67.1,67.1,67.1,67.1,1
2026-01-21 10:21:00,67.05,67.08,67.04,67.06,18
2026-01-21 10:22:00,67.05,67.18,67.0,67.06,81
2026-01-21 10:23:00,67.075,67.1,67.075,67.095,6
2026-01-21 10:24:00,67.1458,67.1458,67.105,67.125,9
2026-01-21 10:25:00,67.125,67.2075,67.12,67.2075,16
2026-01-21 10:26:00,67.12,67.25,67.06,67.2475,31
2026-01-21 10:27:00,67.17,67.175,67.17,67.175,4
2026-01-21 10:28:00,67.2423,67.44,67.23,67.44,63
2026-01-21 10:29:00,67.45,67.45,67.37,67.38,11
2026-01-21 10:30:00,67.34,67.405,67.3,67.405,17
2026-01-21 10:31:00,67.415,67.48,67.28,67.3269,7
2026-01-21 10:32:00,67.37,67.5,67.3699,67.5,22
2026-01-21 10:33:00,67.565,67.575,67.46,67.5,27
2026-01-21 10:34:00,67.53,67.585,67.44,67.461,18
2026-01-21 10:35:00,67.525,67.525,67.24,67.32,82
2026-01-21 10:36:00,67.32,67.32,67.32,67.32,0
2026-01-21 10:37:00,67.33,67.33,67.33,67.33,15
2026-01-21 10:38:00,67.362,67.362,67.26,67.26,18
2026-01-21 10:39:00,67.26,67.35,67.17,67.23,275
2026-01-21 10:40:00,67.36,67.36,67.3325,67.34,24
2026-01-21 10:41:00,67.355,67.37,67.355,67.37,3
2026-01-21 10:42:00,67.44,67.55,67.44,67.55,21
2026-01-21 10:43:00,67.55,67.55,67.55,67.55,1
2026-01-21 10:44:00,67.56,67.56,67.45,67.45,20
2026-01-21 10:45:00,67.58,67.75,67.58,67.7167,53
2026-01-21 10:46:00,67.7167,67.7167,67.7167,67.7167,0
2026-01-21 10:47:00,67.75,67.75,67.73,67.7472,4
2026-01-21 10:48:00,67.67,67.77,67.66,67.77,5
2026-01-21 10:49:00,67.7372,67.95,67.7372,67.8923,19
2026-01-21 10:50:00,67.9,67.96,67.9,67.92,6
2026-01-21 10:51:00,67.93,68.0,67.9,67.981,28
2026-01-21 10:52:00,67.981,67.981,67.981,67.981,0
2026-01-21 10:53:00,67.99,68.01,67.94,68.01,72
2026-01-21 10:54:00,68.015,68.0899,67.82,67.835,34
2026-01-21 10:55:00,67.84,67.84,67.83,67.83,4
2026-01-21 10:56:00,67.84,67.86,67.78,67.86,14
2026-01-21 10:57:00,67.86,67.86,67.86,67.86,0
2026-01-21 10:58:00,67.86,67.86,67.86,67.86,0
2026-01-21 10:59:00,67.81,67.88,67.78,67.88,12
2026-01-21 11:00:00,67.9152,67.92,67.9152,67.92,2
2026-01-21 11:01:00,67.945,67.945,67.9,67.9,7
2026-01-21 11:02:00,67.97,68.28,67.96,68.28,363
2026-01-21 11:03:00,68.4,68.5,68.39,68.5,25
2026-01-21 11:04:00,68.56,68.73,68.56,68.665,13
2026-01-21 11:05:00,68.67,68.8,68.67,68.775,16
2026-01-21 11:06:00,68.82,68.9549,68.82,68.9,30
2026-01-21 11:07:00,68.94,69.0,68.71,68.75,135
2026-01-21 11:08:00,68.72,68.72,68.31,68.31,52
2026-01-21 11:09:00,68.31,68.31,68.31,68.31,0
2026-01-21 11:10:00,68.455,68.52,68.455,68.52,12
2026-01-21 11:11:00,68.525,68.525,68.37,68.41,131
2026-01-21 11:12:00,68.39,68.395,68.39,68.395,21
2026-01-21 11:13:00,68.41,68.44,68.38,68.38,31
2026-01-21 11:14:00,68.44,68.44,68.44,68.44,12
2026-01-21 11:15:00,68.43,68.525,68.43,68.47,10
2026-01-21 11:16:00,68.47,68.5,68.47,68.5,3
2026-01-21 11:17:00,68.4201,68.4201,68.4201,68.4201,2
2026-01-21 11:18:00,68.515,68.52,68.44,68.47,9
2026-01-21 11:19:00,68.545,68.545,68.39,68.4,16
2026-01-21 11:20:00,68.4,68.45,68.4,68.42,4
2026-01-21 11:21:00,68.4,68.4,68.4,68.4,7
2026-01-21 11:22:00,68.425,68.435,68.425,68.435,2
2026-01-21 11:23:00,68.46,68.46,68.435,68.435,5
2026-01-21 11:24:00,68.435,68.48,68.435,68.47,14
2026-01-21 11:25:00,68.46,68.46,68.39,68.39,6
2026-01-21 11:26:00,68.37,68.37,68.33,68.34,17
2026-01-21 11:27:00,68.39,68.39,68.39,68.39,2
2026-01-21 11:28:00,68.4,68.53,68.38,68.53,53
2026-01-21 11:29:00,68.53,68.534,68.43,68.53,35
2026-01-21 11:30:00,68.49,68.5554,68.48,68.51,9
2026-01-21 11:31:00,68.51,68.51,68.51,68.51,0
2026-01-21 11:32:00,68.515,68.525,68.49,68.525,9
2026-01-21 11:33:00,68.53,68.64,68.46,68.54,49
2026-01-21 11:34:00,68.613,68.613,68.5,68.5,6
2026-01-21 11:35:00,68.56,68.56,68.43,68.43,9
2026-01-21 11:36:00,68.53,68.53,68.33,68.33,22
2026-01-21 11:37:00,68.32,68.355,68.32,68.35,15
2026-01-21 11:38:00,68.355,68.355,68.355,68.355,1
2026-01-21 11:39:00,68.34,68.3671,68.29,68.29,25
2026-01-21 11:40:00,68.29,68.34,68.29,68.34,3
2026-01-21 11:41:00,68.315,68.32,68.315,68.32,2
2026-01-21 11:42:00,68.29,68.32,68.18,68.23,41
2026-01-21 11:43:00,68.38,68.38,68.28,68.28,14
2026-01-21 11:44:00,68.24,68.25,68.23,68.23,5
2026-01-21 11:45:00,68.16,68.16,68.01,68.1199,90
2026-01-21 11:46:00,68.02,68.12,67.96,68.12,165
2026-01-21 11:47:00,68.11,68.21,68.11,68.21,19
2026-01-21 11:48:00,68.2609,68.2609,68.2042,68.2042,12
2026-01-21 11:49:00,68.23,68.23,68.16,68.16,5
2026-01-21 11:50:00,68.18,68.18,68.16,68.16,2
2026-01-21 11:51:00,68.3075,68.3075,68.3075,68.3075,1
2026-01-21 11:52:00,68.23,68.23,68.23,68.23,1
2026-01-21 11:53:00,68.22,68.265,68.1,68.175,22
2026-01-21 11:54:00,68.195,68.195,68.195,68.195,1
2026-01-21 11:55:00,68.19,68.19,68.19,68.19,1
2026-01-21 11:56:00,68.12,68.125,68.05,68.05,12
2026-01-21 11:57:00,68.08,68.08,68.01,68.01,14
2026-01-21 11:58:00,67.99,68.0201,67.99,68.0201,8
2026-01-21 11:59:00,67.96,68.05,67.96,68.05,4
2026-01-21 12:00:00,68.07,68.09,68.03,68.03,12
2026-01-21 12:01:00,68.105,68.18,68.105,68.16,6
2026-01-21 12:02:00,68.05,68.05,68.04,68.04,5
2026-01-21 12:03:00,67.979,68.055,67.96,68.055,27
2026-01-21 12:04:00,68.03,68.03,68.03,68.03,1
2026-01-21 12:05:00,67.96,67.99,67.96,67.96,4
2026-01-21 12:06:00,67.9901,67.9901,67.93,67.94,13
2026-01-21 12:07:00,67.97,67.97,67.97,67.97,3
2026-01-21 12:08:00,67.93,67.93,67.71,67.765,22
2026-01-21 12:09:00,67.71,67.7436,67.63,67.7436,28
2026-01-21 12:10:00,67.67,67.75,67.58,67.64,31
2026-01-21 12:11:00,67.62,67.62,67.57,67.58,6
2026-01-21 12:12:00,67.58,67.67,67.58,67.615,21
2026-01-21 12:13:00,67.66,67.67,67.61,67.635,9
2026-01-21 12:14:00,67.57,67.6,67.515,67.515,8
2026-01-21 12:15:00,67.515,67.52,67.46,67.46,4
2026-01-21 12:16:00,67.47,67.61,67.47,67.565,5
2026-01-21 12:17:00,67.6,67.81,67.6,67.81,20
2026-01-21 12:18:00,67.79,67.82,67.755,67.82,5
2026-01-21 12:19:00,67.94,67.995,67.94,67.995,3
2026-01-21 12:20:00,67.87,67.965,67.87,67.965,2
2026-01-21 12:21:00,67.87,67.87,67.87,67.87,1
2026-01-21 12:22:00,67.85,67.85,67.85,67.85,1
2026-01-21 12:23:00,67.98,68.105,67.98,68.08,18
2026-01-21 12:24:00,68.06,68.11,68.06,68.11,4
2026-01-21 12:25:00,68.12,68.18,68.12,68.18,5
2026-01-21 12:26:00,68.1694,68.1694,68.1694,68.1694,4
2026-01-21 12:27:00,68.17,68.17,68.17,68.17,2
2026-01-21 12:28:00,68.225,68.225,68.07,68.07,19
2026-01-21 12:29:00,68.06,68.23,68.05,68.15,39
2026-01-21 12:30:00,68.14,68.14,68.06,68.06,3
2026-01-21 12:31:00,68.02,68.02,68.01,68.01,2
2026-01-21 12:32:00,67.96,67.99,67.96,67.96,4
2026-01-21 12:33:00,67.95,67.97,67.85,67.93,26
2026-01-21 12:34:00,67.81,68.0,67.81,67.895,79
2026-01-21 12:35:00,67.9,67.93,67.86,67.91,8
2026-01-21 12:36:00,67.87,67.92,67.73,67.73,69
2026-01-21 12:37:00,67.62,67.62,67.6,67.6,5
2026-01-21 12:38:00,67.61,67.61,67.54,67.595,15
2026-01-21 12:39:00,67.635,67.66,67.59,67.59,9
2026-01-21 12:40:00,67.6025,67.65,67.56,67.56,9
2026-01-21 12:41:00,67.54,67.54,67.52,67.52,2
2026-01-21 12:42:00,67.51,67.57,67.38,67.405,25
2026-01-21 12:43:00,67.3911,67.48,67.3911,67.41,17
2026-01-21 12:44:00,67.44,67.46,67.37,67.39,20
2026-01-21 12:45:00,67.42,67.47,67.32,67.47,58
2026-01-21 12:46:00,67.46,67.48,67.3705,67.3705,15
2026-01-21 12:47:00,67.46,67.58,67.46,67.58,11
2026-01-21 12:48:00,67.62,67.65,67.62,67.65,4
2026-01-21 12:49:00,67.63,67.69,67.63,67.69,12
2026-01-21 12:50:00,67.71,67.71,67.61,67.665,4
2026-01-21 12:51:00,67.645,67.73,67.645,67.67,26
2026-01-21 12:52:00,67.68,67.69,67.68,67.69,2
2026-01-21 12:53:00,67.73,67.74,67.73,67.73,4
2026-01-21 12:54:00,67.68,67.745,67.68,67.745,2
2026-01-21 12:55:00,67.7,67.7722,67.7,67.7722,8
2026-01-21 12:56:00,67.79,67.79,67.72,67.74,24
2026-01-21 12:57:00,67.74,67.74,67.715,67.715,12
2026-01-21 12:58:00,67.75,67.82,67.75,67.82,7
2026-01-21 12:59:00,67.81,67.81,67.77,67.805,6
2026-01-21 13:00:00,67.76,67.77,67.68,67.68,5
2026-01-21 13:01:00,67.63,67.63,67.61,67.61,2
2026-01-21 13:02:00,67.58,67.58,67.53,67.53,5
2026-01-21 13:03:00,67.505,67.505,67.505,67.505,2
2026-01-21 13:04:00,67.475,67.475,67.475,67.475,1
2026-01-21 13:05:00,67.445,67.445,67.31,67.31,12
2026-01-21 13:06:00,67.22,67.3,67.05,67.17,31
2026-01-21 13:07:00,67.175,67.185,67.08,67.185,20
2026-01-21 13:08:00,67.19,67.2,67.19,67.19,6
2026-01-21 13:09:00,67.3,67.345,67.3,67.345,8
2026-01-21 13:10:00,67.31,67.38,67.305,67.305,15
2026-01-21 13:11:00,67.305,67.305,67.305,67.305,1
2026-01-21 13:12:00,67.31,67.31,67.31,67.31,5
2026-01-21 13:13:00,67.32,67.32,67.22,67.315,5
2026-01-21 13:14:00,67.24,67.32,67.24,67.32,4
2026-01-21 13:15:00,67.325,67.4,67.3,67.3,21
2026-01-21 13:16:00,67.28,67.28,67.28,67.28,2
2026-01-21 13:17:00,67.26,67.29,67.24,67.275,45
2026-01-21 13:18:00,67.24,67.345,67.23,67.345,25
2026-01-21 13:19:00,67.345,67.42,67.345,67.375,46
2026-01-21 13:20:00,67.375,67.38,67.375,67.38,4
2026-01-21 13:21:00,67.38,67.42,67.34,67.38,8
2026-01-21 13:22:00,67.385,67.385,67.385,67.385,4
2026-01-21 13:23:00,67.385,67.39,67.31,67.39,26
2026-01-21 13:24:00,67.39,67.39,67.39,67.39,0
2026-01-21 13:25:00,67.34,67.35,67.275,67.3075,27
2026-01-21 13:26:00,67.36,67.44,67.33,67.44,12
2026-01-21 13:27:00,67.44,67.44,67.44,67.44,6
2026-01-21 13:28:00,67.53,67.565,67.53,67.565,2
2026-01-21 13:29:00,67.575,67.675,67.54,67.54,21
2026-01-21 13:30:00,67.51,67.55,67.51,67.51,13
2026-01-21 13:31:00,67.53,67.55,67.53,67.55,4
2026-01-21 13:32:00,67.53,67.53,67.47,67.5,11
2026-01-21 13:33:00,67.5,67.5,67.48,67.5,9
2026-01-21 13:34:00,67.505,67.53,67.355,67.355,48
2026-01-21 13:35:00,67.36,67.36,67.26,67.26,7
2026-01-21 13:36:00,67.25,67.32,67.25,67.28,32
2026-01-21 13:37:00,67.2704,67.2704,67.195,67.195,34
2026-01-21 13:38:00,67.185,67.19,67.11,67.11,43
2026-01-21 13:39:00,67.085,67.26,67.085,67.26,39
2026-01-21 13:40:00,67.245,67.245,67.19,67.19,3
2026-01-21 13:41:00,67.14,67.14,67.03,67.03,22
2026-01-21 13:42:00,67.0,67.0,66.96,66.995,15
2026-01-21 13:43:00,66.96,66.995,66.96,66.9875,18
2026-01-21 13:44:00,67.03,67.03,67.02,67.02,6
2026-01-21 13:45:00,66.97,66.97,66.91,66.91,6
2026-01-21 13:46:00,66.87,66.8999,66.74,66.75,25
2026-01-21 13:47:00,66.88,66.97,66.83,66.96,31
2026-01-21 13:48:00,66.97,67.045,66.97,67.045,7
2026-01-21 13:49:00,67.07,67.07,67.07,67.07,1
2026-01-21 13:50:00,67.075,67.075,67.075,67.075,1
2026-01-21 13:51:00,67.03,67.1124,67.02,67.1124,5
2026-01-21 13:52:00,67.09,67.2225,67.09,67.1,32
2026-01-21 13:53:00,67.1,67.21,67.1,67.15,21
2026-01-21 13:54:00,67.17,67.2,66.96,67.17,78
2026-01-21 13:55:00,67.17,67.22,67.16,67.22,28
2026-01-21 13:56:00,67.2,67.2,67.15,67.15,11
2026-01-21 13:57:00,67.13,67.13,67.13,67.13,5
2026-01-21 13:58:00,67.13,67.18,67.13,67.16,13
2026-01-21 13:59:00,67.15,67.22,67.15,67.22,9
2026-01-21 14:00:00,67.24,67.24,67.19,67.2,20
2026-01-21 14:01:00,67.225,67.23,67.18,67.23,11
2026-01-21 14:02:00,67.2,67.2,67.16,67.2,21
2026-01-21 14:03:00,67.17,67.2,67.15,67.17,11
2026-01-21 14:04:00,67.09,67.09,67.06,67.08,17
2026-01-21 14:05:00,67.09,67.09,67.025,67.025,12
2026-01-21 14:06:00,66.93,66.965,66.895,66.895,22
2026-01-21 14:07:00,66.895,66.895,66.815,66.815,10
2026-01-21 14:08:00,66.85,66.85,66.78,66.815,4
2026-01-21 14:09:00,66.77,66.82,66.77,66.82,2
2026-01-21 14:10:00,66.815,66.895,66.815,66.88,10
2026-01-21 14:11:00,66.88,66.88,66.79,66.875,4
2026-01-21 14:12:00,66.88,66.915,66.8,66.89,13
2026-01-21 14:13:00,66.92,67.04,66.88,67.04,12
2026-01-21 14:14:00,67.035,67.035,66.96,66.96,7
2026-01-21 14:15:00,66.96,67.11,66.96,67.11,13
2026-01-21 14:16:00,67.03,67.045,67.03,67.04,5
2026-01-21 14:17:00,67.035,67.035,66.96,67.025,9
2026-01-21 14:18:00,67.025,67.025,67.025,67.025,4
2026-01-21 14:19:00,67.08,67.14,67.01,67.01,31
2026-01-21 14:20:00,66.96,67.0,66.96,67.0,10
2026-01-21 14:21:00,66.95,67.07,66.95,67.07,8
2026-01-21 14:22:00,67.01,67.09,67.01,67.09,2
2026-01-21 14:23:00,67.1,67.1,67.06,67.06,4
2026-01-21 14:24:00,67.09,67.09,67.09,67.09,4
2026-01-21 14:25:00,67.08,67.12,67.08,67.08,5
2026-01-21 14:26:00,67.12,67.21,67.12,67.19,16
2026-01-21 14:27:00,67.24,67.63,67.24,67.58,98
2026-01-21 14:28:00,67.64,67.925,67.64,67.79,60
2026-01-21 14:29:00,67.85,67.85,67.79,67.81,43
2026-01-21 14:30:00,67.835,67.835,67.77,67.77,2
2026-01-21 14:31:00,67.76,67.775,67.63,67.63,6
2026-01-21 14:32:00,67.64,67.78,67.64,67.715,8
2026-01-21 14:33:00,67.66,67.66,67.66,67.66,5
2026-01-21 14:34:00,67.73,67.79,67.68,67.75,15
2026-01-21 14:35:00,67.75,67.81,67.715,67.715,12
2026-01-21 14:36:00,67.68,67.705,67.68,67.705,12
2026-01-21 14:37:00,67.74,67.8525,67.74,67.815,24
2026-01-21 14:38:00,67.815,68.155,67.815,68.155,121
2026-01-21 14:39:00,68.16,68.16,68.16,68.16,4
2026-01-21 14:40:00,68.06,68.145,68.06,68.145,8
2026-01-21 14:41:00,68.23,68.23,67.88,67.88,135
2026-01-21 14:42:00,67.895,68.005,67.895,68.005,18
2026-01-21 14:43:00,68.005,68.05,67.91,67.91,45
2026-01-21 14:44:00,67.94,67.94,67.79,67.83,31
2026-01-21 14:45:00,67.845,67.845,67.72,67.72,13
2026-01-21 14:46:00,67.77,67.88,67.77,67.88,23
2026-01-21 14:47:00,67.93,67.93,67.91,67.91,4
2026-01-21 14:48:00,67.91,67.97,67.885,67.97,11
2026-01-21 14:49:00,67.88,67.88,67.87,67.87,3
2026-01-21 14:50:00,67.85,67.85,67.84,67.85,8
2026-01-21 14:51:00,67.865,67.865,67.765,67.765,14
2026-01-21 14:52:00,67.765,67.765,67.765,67.765,0
2026-01-21 14:53:00,67.78,67.78,67.73,67.7748,19
2026-01-21 14:54:00,67.77,67.83,67.77,67.82,18
2026-01-21 14:55:00,67.76,67.775,67.69,67.69,5
2026-01-21 14:56:00,67.76,67.83,67.7214,67.785,18
2026-01-21 14:57:00,67.785,67.785,67.7825,67.7825,2
2026-01-21 14:58:00,67.755,67.81,67.71,67.74,16
2026-01-21 14:59:00,67.73,67.74,67.73,67.74,2
2026-01-21 15:00:00,67.82,67.82,67.72,67.74,16
2026-01-21 15:01:00,67.765,67.765,67.7,67.7,3
2026-01-21 15:02:00,67.7,67.77,67.69,67.77,5
2026-01-21 15:03:00,67.77,67.775,67.77,67.775,5
2026-01-21 15:04:00,67.75,67.75,67.75,67.75,2
2026-01-21 15:05:00,67.79,67.83,67.75,67.79,57
2026-01-21 15:06:00,67.7901,67.7901,67.74,67.785,3
2026-01-21 15:07:00,67.785,67.79,67.75,67.78,10
2026-01-21 15:08:00,67.78,67.79,67.7101,67.775,29
2026-01-21 15:09:00,67.73,67.74,67.695,67.695,18
2026-01-21 15:10:00,67.7,67.7,67.63,67.63,10
2026-01-21 15:11:00,67.6,67.65,67.59,67.64,23
2026-01-21 15:12:00,67.64,67.64,67.64,67.64,9
2026-01-21 15:13:00,67.62,67.62,67.52,67.52,7
2026-01-21 15:14:00,67.51,67.535,67.5094,67.51,8
2026-01-21 15:15:00,67.56,67.62,67.56,67.56,19
2026-01-21 15:16:00,67.551,67.551,67.5,67.5,28
2026-01-21 15:17:00,67.5,67.64,67.5,67.55,22
2026-01-21 15:18:00,67.51,67.51,67.51,67.51,6
2026-01-21 15:19:00,67.5295,67.535,67.48,67.51,15
2026-01-21 15:20:00,67.4601,67.49,67.4601,67.49,2
2026-01-21 15:21:00,67.535,67.535,67.49,67.49,3
2026-01-21 15:22:00,67.48,67.48,67.48,67.48,2
2026-01-21 15:23:00,67.46,67.5,67.46,67.5,2
2026-01-21 15:24:00,67.46,67.505,67.46,67.505,5
2026-01-21 15:25:00,67.45,67.45,67.39,67.405,6
2026-01-21 15:26:00,67.405,67.405,67.35,67.405,12
2026-01-21 15:27:00,67.44,67.63,67.37,67.57,24
2026-01-21 15:28:00,67.59,67.59,67.59,67.59,1
2026-01-21 15:29:00,67.555,67.59,67.55,67.59,6
2026-01-21 15:30:00,67.52,67.6,67.51,67.51,58
2026-01-21 15:31:00,67.5749,67.5749,67.5,67.535,5
2026-01-21 15:32:00,67.5,67.68,67.5,67.66,44
2026-01-21 15:33:00,67.66,67.66,67.66,67.66,0
2026-01-21 15:34:00,67.68,67.68,67.66,67.66,10
2026-01-21 15:35:00,67.655,67.775,67.655,67.765,14
2026-01-21 15:36:00,67.74,67.75,67.68,67.75,9
2026-01-21 15:37:00,67.745,67.905,67.745,67.845,36
2026-01-21 15:38:00,67.89,67.89,67.86,67.86,2
2026-01-21 15:39:00,67.895,67.9,67.85,67.85,17
2026-01-21 15:40:00,67.87,67.89,67.85,67.89,10
2026-01-21 15:41:00,67.91,68.0,67.91,67.93,47
2026-01-21 15:42:00,67.92,67.95,67.92,67.93,15
2026-01-21 15:43:00,67.91,68.0,67.91,67.935,10
2026-01-21 15:44:00,67.955,67.995,67.94,67.995,12
2026-01-21 15:45:00,68.0,68.05,67.93,67.94,32
2026-01-21 15:46:00,67.92,67.98,67.89,67.935,26
2026-01-21 15:47:00,67.92,67.975,67.92,67.975,29
2026-01-21 15:48:00,67.95,67.975,67.91,67.94,27
2026-01-21 15:49:00,67.93,67.94,67.9,67.91,28
2026-01-21 15:50:00,67.92,67.96,67.85,67.9,55
2026-01-21 15:51:00,67.94,67.94,67.85,67.9,52
2026-01-21 15:52:00,67.93,68.0,67.8,67.81,130
2026-01-21 15:53:00,67.81,67.87,67.8,67.82,68
2026-01-21 15:54:00,67.8,67.86,67.63,67.71,134
2026-01-21 15:55:00,67.64,67.8,67.64,67.77,70
2026-01-21 15:56:00,67.78,67.785,67.63,67.63,63
2026-01-21 15:57:00,67.67,67.675,67.56,67.6,180
2026-01-21 15:58:00,67.6,67.625,67.54,67.56,232
2026-01-21 15:59:00,67.56,67.61,67.56,67.6,490
2026-01-22 09:30:00,68.95,68.95,68.17,68.56,247
2026-01-22 09:31:00,68.56,68.91,68.56,68.83,9
2026-01-22 09:32:00,68.94,69.0,68.76,68.77,20
2026-01-22 09:33:00,68.77,68.802,68.77,68.802,10
2026-01-22 09:34:00,68.755,69.099,68.755,69.0,146
2026-01-22 09:35:00,69.01,69.4627,69.0,69.36,168
2026-01-22 09:36:00,69.5,69.5,69.02,69.02,45
2026-01-22 09:37:00,69.14,69.545,69.03,69.545,46
2026-01-22 09:38:00,69.48,69.512,69.44,69.44,6
2026-01-22 09:39:00,69.55,69.62,69.39,69.5175,44
2026-01-22 09:40:00,69.52,69.52,69.27,69.46,23
2026-01-22 09:41:00,69.46,69.47,69.45,69.47,15
2026-01-22 09:42:00,69.465,69.61,69.14,69.18,102
2026-01-22 09:43:00,69.15,69.305,69.0,69.03,13
2026-01-22 09:44:00,69.165,69.19,69.0464,69.175,12
2026-01-22 09:45:00,69.05,69.17,68.96,69.1,33
2026-01-22 09:46:00,69.105,69.12,69.105,69.12,5
2026-01-22 09:47:00,69.12,69.15,69.115,69.14,28
2026-01-22 09:48:00,69.13,69.13,68.87,69.005,39
2026-01-22 09:49:00,68.945,68.945,68.945,68.945,1
2026-01-22 09:50:00,68.9373,68.945,68.868,68.945,8
2026-01-22 09:51:00,69.03,69.22,69.0,69.17,136
2026-01-22 09:52:00,69.27,69.95,69.17,69.77,269
2026-01-22 09:53:00,69.64,69.755,69.5175,69.565,38
2026-01-22 09:54:00,69.54,69.54,69.43,69.54,3
2026-01-22 09:55:00,69.545,70.18,69.545,70.035,119
2026-01-22 09:56:00,70.095,70.095,69.9401,69.9401,17
2026-01-22 09:57:00,70.0,70.0,69.9,69.93,44
2026-01-22 09:58:00,69.89,69.93,69.83,69.93,7
2026-01-22 09:59:00,70.0,70.015,69.98,69.98,180
2026-01-22 10:00:00,69.88,69.9352,69.6,69.6,35
2026-01-22 10:01:00,69.64,69.71,69.48,69.48,18
2026-01-22 10:02:00,69.34,69.34,69.265,69.265,20
2026-01-22 10:03:00,69.28,69.58,69.28,69.58,14
2026-01-22 10:04:00,69.71,69.94,69.71,69.94,4
2026-01-22 10:05:00,70.0,70.18,70.0,70.0896,34
2026-01-22 10:06:00,70.135,70.2101,70.135,70.2101,15
2026-01-22 10:07:00,70.18,70.33,70.0501,70.33,45
2026-01-22 10:08:00,70.335,70.345,70.26,70.295,63
2026-01-22 10:09:00,70.3,70.3838,70.24,70.3838,32
2026-01-22 10:10:00,70.3302,70.3845,70.23,70.255,19
2026-01-22 10:11:00,70.21,70.21,69.86,69.86,20
2026-01-22 10:12:00,69.995,70.01,69.88,70.01,33
2026-01-22 10:13:00,70.01,70.05,69.8,69.94,96
2026-01-22 10:14:00,69.925,70.0,69.91,69.91,6
2026-01-22 10:15:00,69.84,69.933,69.84,69.933,2
2026-01-22 10:16:00,69.905,69.99,69.9,69.9,26
2026-01-22 10:17:00,69.99,70.01,69.955,69.985,20
2026-01-22 10:18:00,69.99,69.99,69.99,69.99,1
2026-01-22 10:19:00,69.99,70.0,69.9101,69.93,28
2026-01-22 10:20:00,69.98,69.98,69.98,69.98,1
2026-01-22 10:21:00,69.99,69.99,69.91,69.9275,8
2026-01-22 10:22:00,69.92,70.07,69.92,70.06,15
2026-01-22 10:23:00,70.105,70.105,69.9616,70.025,11
2026-01-22 10:24:00,69.85,69.85,69.85,69.85,1
2026-01-22 10:25:00,69.82,69.82,69.73,69.73,17
2026-01-22 10:26:00,69.86,70.05,69.86,70.05,70
2026-01-22 10:27:00,70.105,70.2,69.93,69.93,21
2026-01-22 10:28:00,70.15,70.2,70.15,70.2,3
2026-01-22 10:29:00,70.15,70.25,70.1,70.1,10
2026-01-22 10:30:00,70.3,70.3,70.225,70.225,5
2026-01-22 10:31:00,70.2242,70.25,70.2242,70.25,20
2026-01-22 10:32:00,70.25,70.34,70.22,70.22,30
2026-01-22 10:33:00,70.13,70.23,70.11,70.23,28
2026-01-22 10:34:00,70.225,70.35,70.14,70.1499,78
2026-01-22 10:35:00,70.15,70.5975,70.15,70.55,316
2026-01-22 10:36:00,70.5999,70.64,70.47,70.64,81
2026-01-22 10:37:00,70.6384,71.0,70.6,70.91,50
2026-01-22 10:38:00,70.8868,71.01,70.86,71.0,45
2026-01-22 10:39:00,70.995,71.0,70.975,70.975,9
2026-01-22 10:40:00,71.0,71.035,70.89,70.89,61
2026-01-22 10:41:00,70.91,70.915,70.735,70.87,40
2026-01-22 10:42:00,70.99,71.1,70.9058,71.0258,7
2026-01-22 10:43:00,71.035,71.07,71.035,71.04,13
2026-01-22 10:44:00,71.095,71.095,71.05,71.055,13
2026-01-22 10:45:00,71.12,71.14,70.97,71.08,62
2026-01-22 10:46:00,70.985,70.985,70.93,70.945,30
2026-01-22 10:47:00,70.98,71.03,70.87,70.87,8
2026-01-22 10:48:00,70.95,70.95,70.95,70.95,4
2026-01-22 10:49:00,70.95,71.05,70.88,71.05,12
2026-01-22 10:50:00,71.01,71.1,71.0,71.09,24
2026-01-22 10:51:00,71.0,71.02,70.92,70.92,37
2026-01-22 10:52:00,70.9,70.98,70.81,70.83,46
2026-01-22 10:53:00,70.82,70.82,70.79,70.79,28
2026-01-22 10:54:00,70.7955,70.84,70.78,70.785,12
2026-01-22 10:55:00,70.85,70.85,70.68,70.68,15
2026-01-22 10:56:00,70.68,70.76,70.6249,70.6524,37
2026-01-22 10:57:00,70.65,70.69,70.65,70.69,7
2026-01-22 10:58:00,70.725,70.725,70.7184,70.7184,2
2026-01-22 10:59:00,70.7,70.7,70.64,70.685,8
2026-01-22 11:00:00,70.73,70.74,70.73,70.74,3
2026-01-22 11:01:00,70.69,70.7,70.69,70.7,5
2026-01-22 11:02:00,70.7,70.7,70.57,70.6,9
2026-01-22 11:03:00,70.69,70.865,70.66,70.82,22
2026-01-22 11:04:00,70.9299,70.9299,70.7501,70.925,7
2026-01-22 11:05:00,70.86,70.9993,70.86,70.935,13
2026-01-22 11:06:00,70.935,70.945,70.9,70.945,12
2026-01-22 11:07:00,70.95,70.95,70.74,70.74,16
2026-01-22 11:08:00,70.7101,70.84,70.7101,70.84,50
2026-01-22 11:09:00,70.84,70.84,70.825,70.825,4
2026-01-22 11:10:00,70.85,71.09,70.85,71.03,35
2026-01-22 11:11:00,70.98,70.98,70.93,70.93,9
2026-01-22 11:12:00,70.87,70.87,70.84,70.84,15
2026-01-22 11:13:00,70.835,70.8613,70.77,70.775,67
2026-01-22 11:14:00,70.825,70.825,70.76,70.76,12
2026-01-22 11:15:00,70.765,70.7728,70.75,70.75,7
2026-01-22 11:16:00,70.74,70.75,70.6629,70.6962,14
2026-01-22 11:17:00,70.71,70.71,70.55,70.62,36
2026-01-22 11:18:00,70.62,70.625,70.62,70.625,17
2026-01-22 11:19:00,70.635,70.675,70.58,70.62,20
2026-01-22 11:20:00,70.59,70.63,70.51,70.52,28
2026-01-22 11:21:00,70.47,70.58,70.47,70.58,21
2026-01-22 11:22:00,70.47,70.47,70.36,70.36,16
2026-01-22 11:23:00,70.36,70.36,70.36,70.36,0
2026-01-22 11:24:00,70.29,70.29,70.29,70.29,1
2026-01-22 11:25:00,70.31,70.385,70.285,70.285,14
2026-01-22 11:26:00,70.25,70.32,70.2,70.285,14
2026-01-22 11:27:00,70.285,70.285,70.285,70.285,0
2026-01-22 11:28:00,70.23,70.285,70.23,70.24,3
2026-01-22 11:29:00,70.265,70.265,70.15,70.22,11
2026-01-22 11:30:00,70.24,70.27,70.24,70.26,6
2026-01-22 11:31:00,70.24,70.27,70.21,70.27,13
2026-01-22 11:32:00,70.27,70.27,70.27,70.27,0
2026-01-22 11:33:00,70.25,70.3,70.25,70.3,7
2026-01-22 11:34:00,70.275,70.275,70.275,70.275,2
2026-01-22 11:35:00,70.26,70.285,70.26,70.285,3
2026-01-22 11:36:00,70.285,70.285,70.285,70.285,0
2026-01-22 11:37:00,70.3,70.3,70.3,70.3,1
2026-01-22 11:38:00,70.31,70.34,70.26,70.3,18
2026-01-22 11:39:00,70.34,70.34,70.34,70.34,1
2026-01-22 11:40:00,70.31,70.31,70.28,70.28,6
2026-01-22 11:41:00,70.28,70.315,70.26,70.275,9
2026-01-22 11:42:00,70.24,70.31,70.23,70.23,44
2026-01-22 11:43:00,70.22,70.22,70.2,70.215,14
2026-01-22 11:44:00,70.215,70.25,70.215,70.25,7
2026-01-22 11:45:00,70.25,70.29,70.25,70.27,21
2026-01-22 11:46:00,70.25,70.29,70.215,70.215,17
2026-01-22 11:47:00,70.215,70.23,70.15,70.2,35
2026-01-22 11:48:00,70.23,70.28,70.215,70.225,41
2026-01-22 11:49:00,70.23,70.2799,70.23,70.2799,2
2026-01-22 11:50:00,70.2225,70.2225,70.085,70.085,25
2026-01-22 11:51:00,70.085,70.3,70.075,70.3,23
2026-01-22 11:52:00,70.285,70.285,70.24,70.24,2
2026-01-22 11:53:00,70.27,70.27,70.27,70.27,2
2026-01-22 11:54:00,70.27,70.27,70.27,70.27,2
2026-01-22 11:55:00,70.27,70.31,70.24,70.265,23
2026-01-22 11:56:00,70.2,70.2,70.06,70.1,18
2026-01-22 11:57:00,70.12,70.12,69.74,69.8,113
2026-01-22 11:58:00,69.79,69.79,69.26,69.26,54
2026-01-22 11:59:00,69.42,69.4499,69.12,69.12,22
2026-01-22 12:00:00,69.12,69.12,69.12,69.12,8
2026-01-22 12:01:00,69.3,69.3,69.2,69.2,3
2026-01-22 12:02:00,69.16,69.33,69.155,69.2,10
2026-01-22 12:03:00,69.2249,69.2249,69.1,69.1,26
2026-01-22 12:04:00,69.23,69.265,69.225,69.265,48
2026-01-22 12:05:00,69.11,69.4799,69.11,69.32,27
2026-01-22 12:06:00,69.17,69.32,69.17,69.32,2
2026-01-22 12:07:00,69.33,69.335,69.33,69.335,2
2026-01-22 12:08:00,69.33,69.48,69.33,69.45,23
2026-01-22 12:09:00,69.46,69.47,69.455,69.455,4
2026-01-22 12:10:00,69.46,69.46,69.22,69.27,15
2026-01-22 12:11:00,69.26,69.38,69.26,69.38,4
2026-01-22 12:12:00,69.295,69.295,69.295,69.295,3
2026-01-22 12:13:00,69.39,69.39,69.39,69.39,4
2026-01-22 12:14:00,69.4,69.4,69.4,69.4,5
2026-01-22 12:15:00,69.41,69.42,69.41,69.41,6
2026-01-22 12:16:00,69.375,69.375,69.375,69.375,1
2026-01-22 12:17:00,69.29,69.37,69.26,69.26,4
2026-01-22 12:18:00,69.26,69.26,69.26,69.26,0
2026-01-22 12:19:00,69.26,69.26,69.26,69.26,0
2026-01-22 12:20:00,69.315,69.35,69.22,69.22,18
2026-01-22 12:21:00,69.18,69.25,69.18,69.215,8
2026-01-22 12:22:00,69.215,69.22,69.08,69.135,149
2026-01-22 12:23:00,69.23,69.36,69.23,69.36,15
2026-01-22 12:24:00,69.41,69.6994,69.41,69.63,13
2026-01-22 12:25:00,69.66,69.695,69.66,69.695,5
2026-01-22 12:26:00,69.51,69.695,69.51,69.69,6
2026-01-22 12:27:00,69.71,69.71,69.62,69.62,8
2026-01-22 12:28:00,69.62,69.75,69.62,69.75,2
2026-01-22 12:29:00,69.67,69.67,69.67,69.67,4
2026-01-22 12:30:00,69.665,69.79,69.665,69.69,14
2026-01-22 12:31:00,69.605,69.61,69.36,69.54,42
2026-01-22 12:32:00,69.475,69.48,69.475,69.48,3
2026-01-22 12:33:00,69.53,69.65,69.53,69.62,14
2026-01-22 12:34:00,69.62,69.68,69.605,69.68,10
2026-01-22 12:35:00,69.72,69.72,69.68,69.69,11
2026-01-22 12:36:00,69.69,69.69,69.69,69.69,0
2026-01-22 12:37:00,69.64,69.64,69.64,69.64,1
2026-01-22 12:38:00,69.74,69.805,69.74,69.79,10
2026-01-22 12:39:00,69.79,69.79,69.79,69.79,0
2026-01-22 12:40:00,69.82,69.895,69.82,69.89,5
2026-01-22 12:41:00,69.89,69.89,69.89,69.89,3
2026-01-22 12:42:00,69.83,69.855,69.83,69.85,6
2026-01-22 12:43:00,69.85,69.85,69.85,69.85,1
2026-01-22 12:44:00,69.81,69.845,69.81,69.845,4
2026-01-22 12:45:00,69.81,69.84,69.81,69.81,5
2026-01-22 12:46:00,69.79,69.79,69.79,69.79,1
2026-01-22 12:47:00,69.8,69.8,69.8,69.8,1
2026-01-22 12:48:00,69.82,69.99,69.82,69.98,26
2026-01-22 12:49:00,69.945,69.98,69.89,69.98,6
2026-01-22 12:50:00,69.965,70.0,69.96,69.96,11
2026-01-22 12:51:00,69.92,69.92,69.875,69.875,15
2026-01-22 12:52:00,69.87,69.895,69.87,69.895,2
2026-01-22 12:53:00,69.92,69.93,69.92,69.93,11
2026-01-22 12:54:00,69.96,69.96,69.925,69.925,4
2026-01-22 12:55:00,69.925,69.96,69.925,69.96,2
2026-01-22 12:56:00,69.925,69.925,69.92,69.92,3
2026-01-22 12:57:00,69.99,70.02,69.99,70.0,7
2026-01-22 12:58:00,70.0,70.04,70.0,70.04,2
2026-01-22 12:59:00,70.0,70.0,70.0,70.0,2
2026-01-22 13:00:00,69.97,70.0,69.96,69.98,9
2026-01-22 13:01:00,69.93,69.93,69.88,69.88,11
2026-01-22 13:02:00,69.88,69.88,69.88,69.88,0
2026-01-22 13:03:00,69.9,69.94,69.86,69.8632,40
2026-01-22 13:04:00,69.87,69.87,69.87,69.87,1
2026-01-22 13:05:00,69.94,69.94,69.745,69.745,15
2026-01-22 13:06:00,69.6922,69.91,69.6922,69.825,30
2026-01-22 13:07:00,69.91,69.97,69.91,69.97,3
2026-01-22 13:08:00,69.99,70.005,69.935,69.935,18
2026-01-22 13:09:00,69.94,69.945,69.94,69.945,6
2026-01-22 13:10:00,69.95,69.955,69.95,69.95,5
2026-01-22 13:11:00,69.88,69.88,69.86,69.88,4
2026-01-22 13:12:00,69.84,69.84,69.83,69.83,6
2026-01-22 13:13:00,69.815,69.815,69.74,69.74,9
2026-01-22 13:14:00,69.76,69.775,69.75,69.75,10
2026-01-22 13:15:00,69.755,69.755,69.755,69.755,1
2026-01-22 13:16:00,69.71,69.71,69.655,69.7,13
2026-01-22 13:17:00,69.675,69.675,69.675,69.675,1
2026-01-22 13:18:00,69.73,69.82,69.73,69.79,11
2026-01-22 13:19:00,69.8,69.8,69.8,69.8,5
2026-01-22 13:20:00,69.76,69.77,69.67,69.67,21
2026-01-22 13:21:00,69.655,69.655,69.62,69.655,5
2026-01-22 13:22:00,69.6475,69.6475,69.59,69.6,4
2026-01-22 13:23:00,69.5832,69.5832,69.5301,69.5301,4
2026-01-22 13:24:00,69.6,69.61,69.115,69.115,134
2026-01-22 13:25:00,69.21,69.21,69.115,69.115,17
2026-01-22 13:26:00,69.115,69.115,69.115,69.115,0
2026-01-22 13:27:00,69.12,69.25,69.12,69.1801,27
2026-01-22 13:28:00,69.18,69.31,69.18,69.31,16
2026-01-22 13:29:00,69.33,69.33,69.2,69.24,11
2026-01-22 13:30:00,69.24,69.24,69.24,69.24,0
2026-01-22 13:31:00,69.28,69.32,69.13,69.13,22
2026-01-22 13:32:00,69.135,69.135,69.135,69.135,1
2026-01-22 13:33:00,69.13,69.13,69.13,69.13,1
2026-01-22 13:34:00,69.13,69.13,69.13,69.13,0
2026-01-22 13:35:00,69.16,69.35,69.14,69.15,85
2026-01-22 13:36:00,69.35,69.38,69.33,69.33,5
2026-01-22 13:37:00,69.33,69.33,69.33,69.33,0
2026-01-22 13:38:00,69.42,69.42,69.36,69.36,3
2026-01-22 13:39:00,69.415,69.47,69.41,69.43,11
2026-01-22 13:40:00,69.425,69.43,69.22,69.235,38
2026-01-22 13:41:00,69.21,69.21,69.21,69.21,4
2026-01-22 13:42:00,69.16,69.17,69.08,69.17,9
2026-01-22 13:43:00,69.17,69.395,69.07,69.395,114
2026-01-22 13:44:00,69.395,69.47,69.34,69.34,21
2026-01-22 13:45:00,69.3,69.3,69.19,69.19,6
2026-01-22 13:46:00,69.19,69.19,69.19,69.19,1
2026-01-22 13:47:00,69.19,69.34,69.19,69.305,8
2026-01-22 13:48:00,69.305,69.305,69.305,69.305,3
2026-01-22 13:49:00,69.26,69.305,69.26,69.2848,5
2026-01-22 13:50:00,69.31,69.31,69.26,69.265,7
2026-01-22 13:51:00,69.23,69.25,69.22,69.22,5
2026-01-22 13:52:00,69.22,69.22,69.19,69.22,6
2026-01-22 13:53:00,69.22,69.27,69.22,69.27,7
2026-01-22 13:54:00,69.28,69.3499,69.28,69.3499,5
2026-01-22 13:55:00,69.35,69.35,69.255,69.28,31
2026-01-22 13:56:00,69.28,69.44,69.28,69.44,9
2026-01-22 13:57:00,69.44,69.44,69.34,69.34,6
2026-01-22 13:58:00,69.34,69.34,69.29,69.29,3
2026-01-22 13:59:00,69.2772,69.2772,69.2772,69.2772,1
2026-01-22 14:00:00,69.245,69.32,69.245,69.32,6
2026-01-22 14:01:00,69.32,69.32,69.275,69.28,8
2026-01-22 14:02:00,69.28,69.31,69.28,69.29,6
2026-01-22 14:03:00,69.2762,69.285,69.2762,69.28,12
2026-01-22 14:04:00,69.28,69.32,69.225,69.28,47
2026-01-22 14:05:00,69.28,69.315,69.28,69.315,8
2026-01-22 14:06:00,69.315,69.36,69.315,69.36,6
2026-01-22 14:07:00,69.33,69.35,69.33,69.35,4
2026-01-22 14:08:00,69.38,69.395,69.38,69.395,5
2026-01-22 14:09:00,69.395,69.395,69.26,69.34,29
2026-01-22 14:10:00,69.3,69.35,69.25,69.35,77
2026-01-22 14:11:00,69.37,69.37,69.34,69.345,16
2026-01-22 14:12:00,69.375,69.375,69.375,69.375,2
2026-01-22 14:13:00,69.35,69.35,69.35,69.35,2
2026-01-22 14:14:00,69.32,69.35,69.06,69.06,99
2026-01-22 14:15:00,69.04,69.095,69.04,69.095,12
2026-01-22 14:16:00,69.09,69.09,69.04,69.05,17
2026-01-22 14:17:00,69.05,69.14,69.03,69.14,102
2026-01-22 14:18:00,69.15,69.19,69.13,69.13,4
2026-01-22 14:19:00,69.09,69.1,69.06,69.09,6
2026-01-22 14:20:00,69.06,69.095,69.03,69.03,8
2026-01-22 14:21:00,69.05,69.1,69.0,69.0032,21
2026-01-22 14:22:00,69.055,69.06,69.055,69.06,2
2026-01-22 14:23:00,69.01,69.01,68.79,68.87,40
2026-01-22 14:24:00,68.87,69.01,68.87,68.995,22
2026-01-22 14:25:00,69.0,69.0,69.0,69.0,1
2026-01-22 14:26:00,69.005,69.005,68.93,68.93,3
2026-01-22 14:27:00,68.965,69.16,68.93,69.035,45
2026-01-22 14:28:00,69.11,69.21,69.11,69.17,42
2026-01-22 14:29:00,69.25,69.275,69.25,69.275,4
2026-01-22 14:30:00,69.275,69.275,69.275,69.275,0
2026-01-22 14:31:00,69.29,69.29,69.14,69.14,40
2026-01-22 14:32:00,69.11,69.11,69.11,69.11,6
2026-01-22 14:33:00,69.115,69.115,69.115,69.115,1
2026-01-22 14:34:00,69.12,69.12,69.115,69.115,3
2026-01-22 14:35:00,69.07,69.07,69.07,69.07,1
2026-01-22 14:36:00,69.07,69.07,69.07,69.07,0
2026-01-22 14:37:00,69.12,69.12,69.12,69.12,2
2026-01-22 14:38:00,69.17,69.19,69.09,69.09,21
2026-01-22 14:39:00,69.08,69.08,69.08,69.08,1
2026-01-22 14:40:00,69.07,69.13,69.02,69.13,39
2026-01-22 14:41:00,69.095,69.095,69.095,69.095,2
2026-01-22 14:42:00,69.12,69.12,69.1,69.1,9
2026-01-22 14:43:00,69.115,69.13,69.1,69.11,10
2026-01-22 14:44:00,69.14,69.19,69.14,69.185,3
2026-01-22 14:45:00,69.16,69.16,69.12,69.12,9
2026-01-22 14:46:00,69.16,69.29,69.16,69.25,10
2026-01-22 14:47:00,69.27,69.27,69.27,69.27,1
2026-01-22 14:48:00,69.24,69.32,69.24,69.32,24
2026-01-22 14:49:00,69.31,69.33,69.295,69.33,15
2026-01-22 14:50:00,69.37,69.38,69.32,69.33,20
2026-01-22 14:51:00,69.33,69.33,69.33,69.33,0
2026-01-22 14:52:00,69.375,69.38,69.375,69.38,3
2026-01-22 14:53:00,69.38,69.3909,69.38,69.38,4
2026-01-22 14:54:00,69.42,69.485,69.42,69.435,18
2026-01-22 14:55:00,69.435,69.5,69.435,69.5,2
2026-01-22 14:56:00,69.465,69.47,69.39,69.39,55
2026-01-22 14:57:00,69.43,69.43,69.43,69.43,10
2026-01-22 14:58:00,69.47,69.565,69.47,69.565,6
2026-01-22 14:59:00,69.565,69.59,69.565,69.59,3
2026-01-22 15:00:00,69.59,69.6,69.47,69.49,71
2026-01-22 15:01:00,69.52,69.52,69.52,69.52,6
2026-01-22 15:02:00,69.515,69.525,69.515,69.525,9
2026-01-22 15:03:00,69.525,69.525,69.435,69.5,53
2026-01-22 15:04:00,69.5,69.5,69.45,69.48,16
2026-01-22 15:05:00,69.44,69.44,69.41,69.41,10
2026-01-22 15:06:00,69.38,69.4,69.274,69.274,35
2026-01-22 15:07:00,69.27,69.36,69.2567,69.36,26
2026-01-22 15:08:00,69.346,69.375,69.346,69.37,10
2026-01-22 15:09:00,69.375,69.38,69.35,69.38,13
2026-01-22 15:10:00,69.4,69.4,69.28,69.2925,49
2026-01-22 15:11:00,69.33,69.6,69.33,69.6,20
2026-01-22 15:12:00,69.6,69.625,69.5,69.5,11
2026-01-22 15:13:00,69.495,69.495,69.495,69.495,3
2026-01-22 15:14:00,69.495,69.5,69.44,69.5,6
2026-01-22 15:15:00,69.51,69.53,69.5,69.5,24
2026-01-22 15:16:00,69.495,69.495,69.495,69.495,4
2026-01-22 15:17:00,69.5,69.6,69.46,69.55,54
2026-01-22 15:18:00,69.6,69.645,69.54,69.6,86
2026-01-22 15:19:00,69.61,69.61,69.5,69.55,12
2026-01-22 15:20:00,69.565,69.565,69.49,69.49,22
2026-01-22 15:21:00,69.485,69.485,69.45,69.485,6
2026-01-22 15:22:00,69.52,69.57,69.52,69.57,13
2026-01-22 15:23:00,69.57,69.575,69.53,69.53,21
2026-01-22 15:24:00,69.525,69.525,69.49,69.49,10
2026-01-22 15:25:00,69.48,69.52,69.48,69.52,6
2026-01-22 15:26:00,69.52,69.56,69.52,69.54,9
2026-01-22 15:27:00,69.54,69.54,69.54,69.54,5
2026-01-22 15:28:00,69.53,69.64,69.53,69.585,67
2026-01-22 15:29:00,69.6,69.75,69.5,69.51,51
2026-01-22 15:30:00,69.51,69.51,69.5,69.5,5
2026-01-22 15:31:00,69.5,69.5,69.14,69.205,65
2026-01-22 15:32:00,69.21,69.22,69.2,69.2,8
2026-01-22 15:33:00,69.22,69.24,69.18,69.21,14
2026-01-22 15:34:00,69.25,69.27,69.25,69.27,12
2026-01-22 15:35:00,69.245,69.3,69.245,69.3,11
2026-01-22 15:36:00,69.32,69.32,69.28,69.32,34
2026-01-22 15:37:00,69.32,69.37,69.32,69.33,21
2026-01-22 15:38:00,69.35,69.405,69.275,69.275,59
2026-01-22 15:39:00,69.28,69.28,69.18,69.18,38
2026-01-22 15:40:00,69.16,69.335,69.11,69.335,33
2026-01-22 15:41:00,69.38,69.47,69.33,69.33,55
2026-01-22 15:42:00,69.37,69.375,69.35,69.35,15
2026-01-22 15:43:00,69.35,69.35,69.35,69.35,1
2026-01-22 15:44:00,69.39,69.39,69.355,69.355,4
2026-01-22 15:45:00,69.355,69.365,69.3301,69.365,20
2026-01-22 15:46:00,69.37,69.37,69.34,69.36,12
2026-01-22 15:47:00,69.33,69.415,69.28,69.4,116
2026-01-22 15:48:00,69.39,69.46,69.36,69.41,22
2026-01-22 15:49:00,69.43,69.44,69.38,69.415,32
2026-01-22 15:50:00,69.39,69.4402,69.32,69.335,53
2026-01-22 15:51:00,69.33,69.49,69.31,69.49,111
2026-01-22 15:52:00,69.485,69.52,69.485,69.52,16
2026-01-22 15:53:00,69.49,69.55,69.46,69.495,46
2026-01-22 15:54:00,69.52,69.6,69.49,69.57,113
2026-01-22 15:55:00,69.55,69.6,69.55,69.5775,26
2026-01-22 15:56:00,69.57,69.59,69.565,69.565,37
2026-01-22 15:57:00,69.57,69.6,69.545,69.545,90
2026-01-22 15:58:00,69.55,69.56,69.53,69.54,108
2026-01-22 15:59:00,69.53,69.61,69.53,69.6,378
2026-01-23 09:30:00,69.2,69.7727,69.2,69.425,231
2026-01-23 09:31:00,69.02,69.495,69.0,69.06,6
2026-01-23 09:32:00,69.02,69.465,69.02,69.465,4
2026-01-23 09:33:00,69.11,69.495,69.11,69.495,6
2026-01-23 09:34:00,69.5,69.765,69.5,69.5397,12
2026-01-23 09:35:00,69.505,69.535,69.505,69.525,11
2026-01-23 09:36:00,69.53,69.58,69.53,69.56,8
2026-01-23 09:37:00,69.56,69.56,69.514,69.514,2
2026-01-23 09:38:00,69.7,69.7,69.655,69.655,3
2026-01-23 09:39:00,69.655,69.97,69.655,69.74,23
2026-01-23 09:40:00,69.54,69.73,69.52,69.73,22
2026-01-23 09:41:00,69.74,69.83,69.73,69.83,21
2026-01-23 09:42:00,70.0,70.1884,69.82,70.1884,117
2026-01-23 09:43:00,69.91,69.96,69.8,69.96,6
2026-01-23 09:44:00,69.96,69.96,69.96,69.96,0
2026-01-23 09:45:00,69.87,70.18,69.87,69.96,55
2026-01-23 09:46:00,69.96,70.0,69.87,70.0,56
2026-01-23 09:47:00,69.95,69.975,69.95,69.975,5
2026-01-23 09:48:00,69.8101,70.14,69.8101,69.975,35
2026-01-23 09:49:00,69.82,69.945,69.82,69.945,4
2026-01-23 09:50:00,69.84,69.84,69.62,69.68,37
2026-01-23 09:51:00,69.64,69.81,69.63,69.81,12
2026-01-23 09:52:00,69.91,69.915,69.765,69.9,34
2026-01-23 09:53:00,69.865,70.07,69.865,69.965,6
2026-01-23 09:54:00,69.97,70.16,69.97,70.16,5
2026-01-23 09:55:00,70.19,70.3,70.19,70.195,13
2026-01-23 09:56:00,70.09,70.1992,70.09,70.18,16
2026-01-23 09:57:00,70.18,70.2,70.18,70.2,22
2026-01-23 09:58:00,70.299,70.42,70.27,70.27,38
2026-01-23 09:59:00,70.225,70.3,70.15,70.15,42
2026-01-23 10:00:00,70.39,70.39,70.285,70.29,12
2026-01-23 10:01:00,70.2,70.265,70.14,70.265,17
2026-01-23 10:02:00,70.28,70.42,70.28,70.42,7
2026-01-23 10:03:00,70.45,70.47,70.45,70.47,2
2026-01-23 10:04:00,70.49,70.49,70.38,70.38,7
2026-01-23 10:05:00,70.5,70.55,70.445,70.445,33
2026-01-23 10:06:00,70.45,70.55,70.425,70.5,17
2026-01-23 10:07:00,70.55,70.67,70.3,70.635,100
2026-01-23 10:08:00,70.59,70.595,70.59,70.595,9
2026-01-23 10:09:00,70.595,70.6,70.46,70.46,39
2026-01-23 10:10:00,70.605,70.605,70.565,70.565,4
2026-01-23 10:11:00,70.585,70.78,70.5,70.655,40
2026-01-23 10:12:00,70.78,70.78,70.6,70.6,6
2026-01-23 10:13:00,70.685,70.685,70.59,70.635,19
2026-01-23 10:14:00,70.53,70.63,70.48,70.595,19
2026-01-23 10:15:00,70.625,70.63,70.625,70.63,11
2026-01-23 10:16:00,70.63,70.63,70.51,70.55,24
2026-01-23 10:17:00,70.61,70.61,70.475,70.5,47
2026-01-23 10:18:00,70.59,70.59,70.48,70.51,21
2026-01-23 10:19:00,70.595,70.595,70.49,70.55,35
2026-01-23 10:20:00,70.55,70.75,70.55,70.75,14
2026-01-23 10:21:00,70.75,71.01,70.6,70.965,47
2026-01-23 10:22:00,70.97,71.16,70.97,71.03,105
2026-01-23 10:23:00,71.0351,71.045,70.78,70.78,100
2026-01-23 10:24:00,70.82,70.82,70.82,70.82,6
2026-01-23 10:25:00,70.83,70.83,70.83,70.83,3
2026-01-23 10:26:00,70.93,70.93,70.63,70.63,21
2026-01-23 10:27:00,70.55,70.56,70.3,70.31,52
2026-01-23 10:28:00,70.26,70.26,70.12,70.15,16
2026-01-23 10:29:00,70.24,70.35,70.24,70.3,17
2026-01-23 10:30:00,70.25,70.35,70.25,70.3,17
2026-01-23 10:31:00,70.265,70.28,70.2,70.21,33
2026-01-23 10:32:00,70.15,70.245,70.12,70.12,16
2026-01-23 10:33:00,70.08,70.21,70.0,70.0,29
2026-01-23 10:34:00,70.075,70.075,70.07,70.07,2
2026-01-23 10:35:00,70.04,70.04,69.94,69.98,11
2026-01-23 10:36:00,69.985,70.0,69.985,69.99,3
2026-01-23 10:37:00,69.93,70.045,69.93,70.045,21
2026-01-23 10:38:00,70.05,70.055,70.04,70.055,11
2026-01-23 10:39:00,70.07,70.07,69.92,69.9925,23
2026-01-23 10:40:00,70.1057,70.1057,70.035,70.035,6
2026-01-23 10:41:00,70.035,70.185,70.015,70.14,30
2026-01-23 10:42:00,70.14,70.14,70.14,70.14,0
2026-01-23 10:43:00,70.1,70.31,70.0101,70.31,9
2026-01-23 10:44:00,70.16,70.16,70.16,70.16,2
2026-01-23 10:45:00,70.195,70.22,70.16,70.165,19
2026-01-23 10:46:00,70.165,70.2999,70.165,70.2999,2
2026-01-23 10:47:00,70.17,70.17,70.17,70.17,4
2026-01-23 10:48:00,70.115,70.115,70.115,70.115,1
2026-01-23 10:49:00,70.05,70.09,70.05,70.09,4
2026-01-23 10:50:00,70.09,70.17,70.09,70.14,8
2026-01-23 10:51:00,70.14,70.19,70.14,70.19,3
2026-01-23 10:52:00,70.18,70.18,70.09,70.1,6
2026-01-23 10:53:00,70.145,70.145,70.14,70.14,2
2026-01-23 10:54:00,70.135,70.25,70.135,70.1972,52
2026-01-23 10:55:00,70.195,70.23,70.195,70.23,2
2026-01-23 10:56:00,70.195,70.195,70.1,70.1,10
2026-01-23 10:57:00,70.11,70.29,70.11,70.275,63
2026-01-23 10:58:00,70.23,70.24,70.17,70.235,34
2026-01-23 10:59:00,70.24,70.255,70.15,70.15,4
2026-01-23 11:00:00,70.12,70.18,70.09,70.15,40
2026-01-23 11:01:00,70.15,70.165,70.09,70.165,6
2026-01-23 11:02:00,70.13,70.16,70.09,70.14,13
2026-01-23 11:03:00,70.14,70.2,70.09,70.09,19
2026-01-23 11:04:00,70.09,70.09,70.02,70.02,6
2026-01-23 11:05:00,70.06,70.06,70.0,70.0,2
2026-01-23 11:06:00,70.0,70.0,69.9,69.9,6
2026-01-23 11:07:00,69.85,70.04,69.82,69.82,57
2026-01-23 11:08:00,69.83,69.83,69.67,69.76,47
2026-01-23 11:09:00,69.695,69.79,69.69,69.78,7
2026-01-23 11:10:00,69.72,69.78,69.72,69.78,5
2026-01-23 11:11:00,69.81,69.81,69.785,69.795,10
2026-01-23 11:12:00,69.795,69.87,69.795,69.87,3
2026-01-23 11:13:00,69.87,69.87,69.87,69.87,0
2026-01-23 11:14:00,69.89,69.89,69.8283,69.8283,2
2026-01-23 11:15:00,69.9,69.9,69.89,69.9,4
2026-01-23 11:16:00,69.96,70.045,69.81,69.81,66
2026-01-23 11:17:00,69.8399,69.8399,69.7325,69.7325,6
2026-01-23 11:18:00,69.61,69.725,69.61,69.725,2
2026-01-23 11:19:00,69.725,69.73,69.63,69.63,4
2026-01-23 11:20:00,69.725,69.725,69.725,69.725,2
2026-01-23 11:21:00,69.73,69.73,69.72,69.72,4
2026-01-23 11:22:00,69.7343,69.7343,69.49,69.49,22
2026-01-23 11:23:00,69.49,69.49,69.49,69.49,0
2026-01-23 11:24:00,69.38,69.38,69.35,69.36,20
2026-01-23 11:25:00,69.2601,69.415,69.2601,69.4,7
2026-01-23 11:26:00,69.28,69.29,69.19,69.27,31
2026-01-23 11:27:00,69.245,69.245,69.245,69.245,3
2026-01-23 11:28:00,69.335,69.335,69.25,69.25,14
2026-01-23 11:29:00,69.2629,69.2629,69.22,69.22,20
2026-01-23 11:30:00,69.2,69.25,69.19,69.24,32
2026-01-23 11:31:00,69.24,69.24,69.24,69.24,2
2026-01-23 11:32:00,69.17,69.17,69.15,69.15,5
2026-01-23 11:33:00,69.1,69.26,69.1,69.26,22
2026-01-23 11:34:00,69.26,69.26,69.26,69.26,0
2026-01-23 11:35:00,69.265,69.265,69.22,69.22,5
2026-01-23 11:36:00,69.23,69.245,69.2,69.205,15
2026-01-23 11:37:00,69.16,69.2,69.15,69.2,3
2026-01-23 11:38:00,69.2,69.2,69.2,69.2,0
2026-01-23 11:39:00,69.195,69.31,69.195,69.285,11
2026-01-23 11:40:00,69.285,69.285,69.285,69.285,0
2026-01-23 11:41:00,69.27,69.275,69.27,69.275,3
2026-01-23 11:42:00,69.28,69.2817,69.16,69.2817,14
2026-01-23 11:43:00,69.29,69.33,69.28,69.3,15
2026-01-23 11:44:00,69.31,69.445,69.305,69.41,8
2026-01-23 11:45:00,69.415,69.415,69.31,69.31,11
2026-01-23 11:46:00,69.31,69.315,69.31,69.315,3
2026-01-23 11:47:00,69.25,69.3,69.17,69.23,59
2026-01-23 11:48:00,69.25,69.25,68.92,68.96,43
2026-01-23 11:49:00,68.965,68.965,68.965,68.965,10
2026-01-23 11:50:00,68.86,68.87,68.84,68.87,8
2026-01-23 11:51:00,68.87,68.87,68.87,68.87,0
2026-01-23 11:52:00,68.77,68.78,68.77,68.78,4
2026-01-23 11:53:00,68.78,68.78,68.64,68.64,35
2026-01-23 11:54:00,68.64,68.64,68.5675,68.5675,14
2026-01-23 11:55:00,68.645,68.645,68.645,68.645,3
2026-01-23 11:56:00,68.69,68.69,68.69,68.69,1
2026-01-23 11:57:00,68.59,68.6,68.44,68.44,33
2026-01-23 11:58:00,68.42,68.42,68.18,68.39,95
2026-01-23 11:59:00,68.38,68.415,68.38,68.415,17
2026-01-23 12:00:00,68.415,68.415,68.3316,68.415,6
2026-01-23 12:01:00,68.33,68.335,68.29,68.335,8
2026-01-23 12:02:00,68.34,68.35,68.34,68.35,2
2026-01-23 12:03:00,68.36,68.54,68.36,68.49,23
2026-01-23 12:04:00,68.425,68.6607,68.405,68.61,268
2026-01-23 12:05:00,68.62,68.72,68.58,68.59,12
2026-01-23 12:06:00,68.65,68.655,68.58,68.58,24
2026-01-23 12:07:00,68.63,68.63,68.52,68.52,4
2026-01-23 12:08:00,68.61,68.61,68.47,68.47,28
2026-01-23 12:09:00,68.47,68.47,68.09,68.12,54
2026-01-23 12:10:00,68.04,68.22,68.04,68.115,34
2026-01-23 12:11:00,68.16,68.285,68.125,68.285,10
2026-01-23 12:12:00,68.28,68.28,68.205,68.205,18
2026-01-23 12:13:00,68.225,68.225,68.0401,68.19,31
2026-01-23 12:14:00,68.19,68.19,68.19,68.19,0
2026-01-23 12:15:00,68.195,68.22,68.19,68.22,7
2026-01-23 12:16:00,68.14,68.14,67.9242,67.965,25
2026-01-23 12:17:00,67.97,67.97,67.97,67.97,4
2026-01-23 12:18:00,67.95,68.065,67.95,68.045,8
2026-01-23 12:19:00,68.0924,68.28,68.0924,68.27,64
2026-01-23 12:20:00,68.305,68.305,68.305,68.305,3
2026-01-23 12:21:00,68.295,68.295,68.255,68.255,4
2026-01-23 12:22:00,68.26,68.26,68.26,68.26,1
2026-01-23 12:23:00,68.31,68.31,68.27,68.27,2
2026-01-23 12:24:00,68.28,68.285,68.16,68.16,18
2026-01-23 12:25:00,68.14,68.215,68.06,68.215,8
2026-01-23 12:26:00,68.14,68.14,68.14,68.14,1
2026-01-23 12:27:00,68.11,68.11,68.085,68.09,5
2026-01-23 12:28:00,68.03,68.11,68.03,68.11,3
2026-01-23 12:29:00,68.01,68.01,68.01,68.01,1
2026-01-23 12:30:00,68.0101,68.0101,68.0,68.01,8
2026-01-23 12:31:00,67.9413,68.03,67.9413,68.03,12
2026-01-23 12:32:00,68.01,68.01,67.94,68.01,44
2026-01-23 12:33:00,67.96,67.99,67.94,67.94,6
2026-01-23 12:34:00,68.0,68.0,67.91,67.91,4
2026-01-23 12:35:00,67.94,67.94,67.885,67.89,19
2026-01-23 12:36:00,67.85,67.895,67.85,67.86,9
2026-01-23 12:37:00,67.8202,67.83,67.81,67.81,18
2026-01-23 12:38:00,67.75,67.8,67.7229,67.8,4
2026-01-23 12:39:00,67.82,67.82,67.74,67.79,26
2026-01-23 12:40:00,67.73,67.8,67.72,67.79,17
2026-01-23 12:41:00,67.8,67.8,67.8,67.8,4
2026-01-23 12:42:00,67.805,67.805,67.67,67.7,22
2026-01-23 12:43:00,67.715,67.78,67.695,67.7251,40
2026-01-23 12:44:00,67.73,67.8,67.67,67.67,24
2026-01-23 12:45:00,67.7383,67.7383,67.7383,67.7383,10
2026-01-23 12:46:00,67.75,67.75,67.745,67.745,11
2026-01-23 12:47:00,67.745,67.98,67.745,67.83,39
2026-01-23 12:48:00,67.855,67.855,67.855,67.855,5
2026-01-23 12:49:00,67.855,67.945,67.81,67.945,9
2026-01-23 12:50:00,67.945,67.945,67.94,67.945,17
2026-01-23 12:51:00,67.76,67.795,67.76,67.795,6
2026-01-23 12:52:00,67.775,67.775,67.775,67.775,3
2026-01-23 12:53:00,67.775,67.86,67.775,67.84,32
2026-01-23 12:54:00,67.75,67.75,67.74,67.74,3
2026-01-23 12:55:00,67.73,67.73,67.63,67.63,9
2026-01-23 12:56:00,67.6201,67.63,67.555,67.58,21
2026-01-23 12:57:00,67.575,67.575,67.575,67.575,1
2026-01-23 12:58:00,67.575,67.59,67.575,67.59,2
2026-01-23 12:59:00,67.685,67.685,67.6,67.6,3
2026-01-23 13:00:00,67.71,67.71,67.71,67.71,1
2026-01-23 13:01:00,67.685,67.69,67.68,67.685,5
2026-01-23 13:02:00,67.67,67.67,67.67,67.67,1
2026-01-23 13:03:00,67.78,67.78,67.67,67.68,14
2026-01-23 13:04:00,67.83,67.845,67.83,67.845,3
2026-01-23 13:05:00,67.89,67.905,67.89,67.905,2
2026-01-23 13:06:00,67.955,68.0,67.94,67.99,9
2026-01-23 13:07:00,68.045,68.05,67.995,67.995,3
2026-01-23 13:08:00,68.08,68.47,68.08,68.47,49
2026-01-23 13:09:00,68.425,68.425,68.27,68.27,15
2026-01-23 13:10:00,68.22,68.26,68.2,68.25,14
2026-01-23 13:11:00,68.25,68.25,68.25,68.25,0
2026-01-23 13:12:00,68.25,68.25,68.25,68.25,0
2026-01-23 13:13:00,68.265,68.265,68.265,68.265,1
2026-01-23 13:14:00,68.11,68.11,68.11,68.11,2
2026-01-23 13:15:00,68.2,68.2,68.15,68.15,3
2026-01-23 13:16:00,68.13,68.13,68.13,68.13,2
2026-01-23 13:17:00,68.13,68.13,68.13,68.13,0
2026-01-23 13:18:00,68.13,68.13,68.13,68.13,0
2026-01-23 13:19:00,68.08,68.08,67.96,67.98,8
2026-01-23 13:20:00,67.955,67.96,67.955,67.96,5
2026-01-23 13:21:00,67.97,68.07,67.955,68.0375,5
2026-01-23 13:22:00,67.97,67.97,67.76,67.8,15
2026-01-23 13:23:00,67.8,67.81,67.75,67.81,5
2026-01-23 13:24:00,67.81,67.81,67.81,67.81,1
2026-01-23 13:25:00,67.87,67.88,67.862,67.862,11
2026-01-23 13:26:00,67.87,67.97,67.86,67.97,89
2026-01-23 13:27:00,67.94,67.94,67.94,67.94,2
2026-01-23 13:28:00,67.975,67.975,67.87,67.945,19
2026-01-23 13:29:00,67.95,67.95,67.88,67.88,2
2026-01-23 13:30:00,67.88,67.88,67.88,67.88,0
2026-01-23 13:31:00,67.95,68.0,67.95,68.0,2
2026-01-23 13:32:00,67.9,67.945,67.87,67.945,12
2026-01-23 13:33:00,67.9451,67.95,67.9451,67.95,31
2026-01-23 13:34:00,67.95,67.955,67.88,67.955,11
2026-01-23 13:35:00,67.955,67.955,67.955,67.955,0
2026-01-23 13:36:00,67.96,67.96,67.96,67.96,3
2026-01-23 13:37:00,67.96,67.99,67.96,67.96,11
2026-01-23 13:38:00,67.97,68.175,67.965,68.175,12
2026-01-23 13:39:00,68.175,68.175,68.175,68.175,3
2026-01-23 13:40:00,68.07,68.13,68.01,68.05,13
2026-01-23 13:41:00,68.01,68.01,68.01,68.01,2
2026-01-23 13:42:00,67.99,67.99,67.99,67.99,2
2026-01-23 13:43:00,67.99,67.99,67.99,67.99,2
2026-01-23 13:44:00,67.91,67.91,67.88,67.88,3
2026-01-23 13:45:00,67.88,67.88,67.88,67.88,0
2026-01-23 13:46:00,67.88,67.88,67.88,67.88,0
2026-01-23 13:47:00,67.8,67.815,67.77,67.8,17
2026-01-23 13:48:00,67.8,67.98,67.8,67.89,23
2026-01-23 13:49:00,67.9603,67.9603,67.905,67.905,4
2026-01-23 13:50:00,67.91,67.98,67.91,67.98,4
2026-01-23 13:51:00,67.91,67.98,67.91,67.98,4
2026-01-23 13:52:00,68.08,68.12,68.05,68.12,13
2026-01-23 13:53:00,68.135,68.135,68.135,68.135,1
2026-01-23 13:54:00,68.135,68.135,68.135,68.135,0
2026-01-23 13:55:00,68.0,68.0,67.84,67.84,16
2026-01-23 13:56:00,67.825,67.825,67.825,67.825,1
2026-01-23 13:57:00,67.82,67.82,67.82,67.82,1
2026-01-23 13:58:00,67.82,67.82,67.82,67.82,0
2026-01-23 13:59:00,67.825,67.825,67.825,67.825,1
2026-01-23 14:00:00,67.815,67.815,67.815,67.815,1
2026-01-23 14:01:00,67.82,67.82,67.82,67.82,1
2026-01-23 14:02:00,67.865,67.88,67.865,67.88,3
2026-01-23 14:03:00,67.885,67.9,67.88,67.88,4
2026-01-23 14:04:00,67.95,68.015,67.95,68.015,5
2026-01-23 14:05:00,68.015,68.06,68.01,68.06,17
2026-01-23 14:06:00,68.15,68.155,68.1,68.1,20
2026-01-23 14:07:00,68.08,68.08,68.08,68.08,1
2026-01-23 14:08:00,68.13,68.13,68.12,68.12,2
2026-01-23 14:09:00,68.12,68.12,68.12,68.12,0
2026-01-23 14:10:00,68.09,68.09,68.09,68.09,1
2026-01-23 14:11:00,68.085,68.085,68.085,68.085,1
2026-01-23 14:12:00,68.085,68.085,68.085,68.085,4
2026-01-23 14:13:00,68.085,68.085,68.085,68.085,3
2026-01-23 14:14:00,68.18,68.255,68.18,68.255,4
2026-01-23 14:15:00,68.21,68.31,68.18,68.31,7
2026-01-23 14:16:00,68.31,68.31,68.31,68.31,0
2026-01-23 14:17:00,68.26,68.315,68.231,68.231,29
2026-01-23 14:18:00,68.325,68.325,68.32,68.32,2
2026-01-23 14:19:00,68.2518,68.2518,68.2518,68.2518,1
2026-01-23 14:20:00,68.32,68.4144,68.32,68.39,15
2026-01-23 14:21:00,68.3809,68.3809,68.3809,68.3809,1
2026-01-23 14:22:00,68.42,68.42,68.27,68.27,25
2026-01-23 14:23:00,68.33,68.33,68.33,68.33,1
2026-01-23 14:24:00,68.39,68.39,68.33,68.37,8
2026-01-23 14:25:00,68.3672,68.3672,68.3672,68.3672,1
2026-01-23 14:26:00,68.4,68.4,68.36,68.36,3
2026-01-23 14:27:00,68.4005,68.4005,68.37,68.4,17
2026-01-23 14:28:00,68.38,68.38,68.38,68.38,1
2026-01-23 14:29:00,68.37,68.385,68.32,68.385,6
2026-01-23 14:30:00,68.34,68.34,68.3,68.3,9
2026-01-23 14:31:00,68.2901,68.37,68.26,68.315,10
2026-01-23 14:32:00,68.32,68.32,68.32,68.32,1
2026-01-23 14:33:00,68.315,68.37,68.3,68.37,19
2026-01-23 14:34:00,68.355,68.405,68.34,68.4025,21
2026-01-23 14:35:00,68.405,68.405,68.33,68.365,20
2026-01-23 14:36:00,68.385,68.385,68.32,68.32,10
2026-01-23 14:37:00,68.28,68.28,68.225,68.225,6
2026-01-23 14:38:00,68.23,68.27,68.09,68.11,15
2026-01-23 14:39:00,68.07,68.145,68.07,68.145,5
2026-01-23 14:40:00,68.12,68.15,68.12,68.15,2
2026-01-23 14:41:00,68.15,68.15,68.07,68.07,4
2026-01-23 14:42:00,68.03,68.03,67.87,67.87,11
2026-01-23 14:43:00,67.85,68.02,67.85,68.02,46
2026-01-23 14:44:00,68.0,68.0,67.985,67.985,12
2026-01-23 14:45:00,67.92,67.985,67.92,67.92,3
2026-01-23 14:46:00,67.99,67.99,67.99,67.99,1
2026-01-23 14:47:00,67.985,68.0,67.985,68.0,3
2026-01-23 14:48:00,68.0,68.0,67.92,67.92,23
2026-01-23 14:49:00,67.89,67.94,67.89,67.94,6
2026-01-23 14:50:00,67.94,67.94,67.94,67.94,0
2026-01-23 14:51:00,67.9,67.99,67.9,67.99,9
2026-01-23 14:52:00,67.96,67.96,67.88,67.88,8
2026-01-23 14:53:00,67.88,67.88,67.88,67.88,0
2026-01-23 14:54:00,67.8321,67.8321,67.8321,67.8321,2
2026-01-23 14:55:00,67.93,67.93,67.86,67.8885,8
2026-01-23 14:56:00,67.8885,67.8885,67.8885,67.8885,0
2026-01-23 14:57:00,67.86,67.86,67.85,67.85,2
2026-01-23 14:58:00,67.9,67.94,67.9,67.94,2
2026-01-23 14:59:00,67.88,67.88,67.755,67.755,15
2026-01-23 15:00:00,67.71,67.71,67.4,67.49,55
2026-01-23 15:01:00,67.5,67.6133,67.5,67.6133,25
2026-01-23 15:02:00,67.64,67.64,67.59,67.59,4
2026-01-23 15:03:00,67.59,67.59,67.59,67.59,1
2026-01-23 15:04:00,67.53,67.585,67.52,67.585,6
2026-01-23 15:05:00,67.585,67.67,67.585,67.67,9
2026-01-23 15:06:00,67.69,67.69,67.69,67.69,3
2026-01-23 15:07:00,67.695,67.71,67.695,67.695,20
2026-01-23 15:08:00,67.705,67.825,67.68,67.75,54
2026-01-23 15:09:00,67.73,67.93,67.73,67.8,25
2026-01-23 15:10:00,67.75,67.75,67.75,67.75,1
2026-01-23 15:11:00,67.715,67.8,67.71,67.795,11
2026-01-23 15:12:00,67.795,67.795,67.795,67.795,0
2026-01-23 15:13:00,67.83,67.845,67.83,67.84,4
2026-01-23 15:14:00,67.84,67.9,67.83,67.84,11
2026-01-23 15:15:00,67.8855,67.8855,67.77,67.8375,12
2026-01-23 15:16:00,67.83,67.88,67.83,67.835,7
2026-01-23 15:17:00,67.835,67.84,67.835,67.835,5
2026-01-23 15:18:00,67.835,67.89,67.7901,67.86,39
2026-01-23 15:19:00,67.85,67.89,67.81,67.87,31
2026-01-23 15:20:00,67.87,67.87,67.8,67.845,9
2026-01-23 15:21:00,67.83,67.83,67.74,67.74,10
2026-01-23 15:22:00,67.75,67.75,67.73,67.745,28
2026-01-23 15:23:00,67.765,67.765,67.745,67.76,4
2026-01-23 15:24:00,67.7,67.7425,67.7,67.74,5
2026-01-23 15:25:00,67.74,67.78,67.735,67.74,24
2026-01-23 15:26:00,67.737,67.77,67.67,67.68,63
2026-01-23 15:27:00,67.685,67.79,67.685,67.76,49
2026-01-23 15:28:00,67.75,67.76,67.58,67.58,51
2026-01-23 15:29:00,67.63,67.63,67.46,67.46,26
2026-01-23 15:30:00,67.42,67.42,67.1542,67.33,70
2026-01-23 15:31:00,67.42,67.575,67.42,67.565,19
2026-01-23 15:32:00,67.61,67.64,67.61,67.615,16
2026-01-23 15:33:00,67.6,67.665,67.585,67.665,11
2026-01-23 15:34:00,67.67,67.71,67.67,67.705,6
2026-01-23 15:35:00,67.68,67.72,67.68,67.72,7
2026-01-23 15:36:00,67.72,67.72,67.71,67.71,6
2026-01-23 15:37:00,67.71,67.815,67.69,67.715,74
2026-01-23 15:38:00,67.67,67.6975,67.63,67.63,6
2026-01-23 15:39:00,67.64,67.66,67.6,67.655,10
2026-01-23 15:40:00,67.655,67.71,67.62,67.69,53
2026-01-23 15:41:00,67.64,67.64,67.48,67.51,22
2026-01-23 15:42:00,67.49,67.54,67.49,67.53,9
2026-01-23 15:43:00,67.49,67.53,67.49,67.53,12
2026-01-23 15:44:00,67.53,67.535,67.47,67.49,23
2026-01-23 15:45:00,67.39,67.435,67.38,67.425,23
2026-01-23 15:46:00,67.425,67.43,67.41,67.41,12
2026-01-23 15:47:00,67.42,67.47,67.38,67.46,51
2026-01-23 15:48:00,67.46,67.55,67.43,67.55,37
2026-01-23 15:49:00,67.545,67.71,67.47,67.675,115
2026-01-23 15:50:00,67.58,67.6521,67.54,67.6,38
2026-01-23 15:51:00,67.63,67.745,67.58,67.68,93
2026-01-23 15:52:00,67.65,67.71,67.47,67.71,123
2026-01-23 15:53:00,67.53,67.55,67.38,67.38,52
2026-01-23 15:54:00,67.42,67.44,67.37,67.39,64
2026-01-23 15:55:00,67.36,67.36,67.245,67.245,39
2026-01-23 15:56:00,67.23,67.23,67.0,67.02,142
2026-01-23 15:57:00,67.01,67.12,66.95,67.06,305
2026-01-23 15:58:00,67.05,67.06,66.96,66.96,190
2026-01-23 15:59:00,66.97,67.08,66.85,67.05,652
2026-01-26 09:30:00,66.4,66.5,65.65,66.19,129
2026-01-26 09:31:00,66.19,66.19,66.19,66.19,0
2026-01-26 09:32:00,65.6901,66.03,65.6901,66.03,3
2026-01-26 09:33:00,66.21,66.2507,66.21,66.21,26
2026-01-26 09:34:00,65.69,66.26,65.69,66.25,13
2026-01-26 09:35:00,66.275,66.8,66.275,66.7625,68
2026-01-26 09:36:00,66.77,66.77,66.72,66.72,12
2026-01-26 09:37:00,66.55,66.55,66.48,66.5,24
2026-01-26 09:38:00,66.345,66.345,66.14,66.3,16
2026-01-26 09:39:00,66.3,66.355,66.3,66.3254,10
2026-01-26 09:40:00,66.36,66.54,66.355,66.54,13
2026-01-26 09:41:00,66.9,67.06,66.89,67.045,55
2026-01-26 09:42:00,67.1399,67.37,67.045,67.37,21
2026-01-26 09:43:00,67.355,67.355,67.3434,67.3434,6
2026-01-26 09:44:00,67.355,67.64,67.23,67.63,118
2026-01-26 09:45:00,67.65,67.65,67.43,67.51,31
2026-01-26 09:46:00,67.515,67.65,67.3863,67.53,13
2026-01-26 09:47:00,67.6,67.68,67.53,67.68,12
2026-01-26 09:48:00,67.5218,67.55,67.42,67.42,36
2026-01-26 09:49:00,67.555,67.6899,67.32,67.6899,43
2026-01-26 09:50:00,67.6899,67.6899,67.6899,67.6899,0
2026-01-26 09:51:00,67.315,67.315,67.24,67.315,5
2026-01-26 09:52:00,67.24,67.31,67.24,67.31,6
2026-01-26 09:53:00,67.31,67.52,67.24,67.52,26
2026-01-26 09:54:00,67.58,67.58,67.2,67.2,13
2026-01-26 09:55:00,67.0,67.01,66.89,66.89,4
2026-01-26 09:56:00,66.9,67.1168,66.9,67.1168,2
2026-01-26 09:57:00,66.89,67.155,66.89,67.155,7
2026-01-26 09:58:00,67.155,67.155,67.155,67.155,1
2026-01-26 09:59:00,67.08,67.16,67.08,67.16,9
2026-01-26 10:00:00,67.16,67.16,67.13,67.13,16
2026-01-26 10:01:00,67.15,67.4,67.135,67.18,6
2026-01-26 10:02:00,67.41,67.615,67.34,67.615,15
2026-01-26 10:03:00,67.665,67.665,67.55,67.64,4
2026-01-26 10:04:00,67.55,67.64,67.44,67.62,38
2026-01-26 10:05:00,67.56,67.56,67.27,67.37,15
2026-01-26 10:06:00,67.425,67.425,67.27,67.27,5
2026-01-26 10:07:00,67.12,67.13,67.12,67.12,6
2026-01-26 10:08:00,67.13,67.13,67.04,67.04,3
2026-01-26 10:09:00,67.04,67.04,67.02,67.02,7
2026-01-26 10:10:00,67.01,67.01,66.9,66.9,8
2026-01-26 10:11:00,66.9,66.9,66.9,66.9,0
2026-01-26 10:12:00,66.995,67.06,66.72,66.795,162
2026-01-26 10:13:00,66.65,66.66,66.62,66.62,5
2026-01-26 10:14:00,66.62,66.62,66.62,66.62,0
2026-01-26 10:15:00,66.41,66.41,66.41,66.41,1
2026-01-26 10:16:00,66.41,66.635,66.41,66.635,4
2026-01-26 10:17:00,66.64,66.69,66.58,66.69,8
2026-01-26 10:18:00,66.82,67.0,66.82,66.925,30
2026-01-26 10:19:00,66.96,67.085,66.96,67.05,38
2026-01-26 10:20:00,67.05,67.11,66.96,66.96,10
2026-01-26 10:21:00,66.9,66.99,66.85,66.99,12
2026-01-26 10:22:00,66.96,66.96,66.96,66.96,1
2026-01-26 10:23:00,66.96,66.96,66.96,66.96,1
2026-01-26 10:24:00,66.875,66.94,66.791,66.87,30
2026-01-26 10:25:00,66.865,66.865,66.865,66.865,1
2026-01-26 10:26:00,66.86,66.995,66.86,66.995,29
2026-01-26 10:27:00,66.88,67.002,66.85,66.9525,15
2026-01-26 10:28:00,66.84,66.84,66.74,66.77,14
2026-01-26 10:29:00,66.77,66.77,66.73,66.73,7
2026-01-26 10:30:00,66.725,66.73,66.725,66.725,14
2026-01-26 10:31:00,66.72,66.93,66.72,66.91,20
2026-01-26 10:32:00,66.72,66.84,66.72,66.84,3
2026-01-26 10:33:00,66.9,66.91,66.9,66.91,2
2026-01-26 10:34:00,66.91,66.91,66.905,66.905,14
2026-01-26 10:35:00,66.91,67.1,66.91,66.97,23
2026-01-26 10:36:00,66.965,66.965,66.895,66.94,17
2026-01-26 10:37:00,66.89,66.91,66.83,66.91,15
2026-01-26 10:38:00,66.94,67.025,66.94,67.025,16
2026-01-26 10:39:00,67.01,67.025,66.87,66.87,17
2026-01-26 10:40:00,66.845,66.845,66.76,66.76,14
2026-01-26 10:41:00,66.73,66.78,66.73,66.78,8
2026-01-26 10:42:00,66.75,66.81,66.74,66.75,29
2026-01-26 10:43:00,66.81,66.81,66.73,66.77,14
2026-01-26 10:44:00,66.785,66.935,66.73,66.75,23
2026-01-26 10:45:00,66.77,66.77,66.74,66.77,25
2026-01-26 10:46:00,66.77,66.895,66.77,66.79,30
2026-01-26 10:47:00,66.79,66.835,66.79,66.79,10
2026-01-26 10:48:00,66.84,66.89,66.84,66.89,6
2026-01-26 10:49:00,66.88,66.97,66.83,66.89,82
2026-01-26 10:50:00,67.01,67.145,67.01,67.05,11
2026-01-26 10:51:00,67.11,67.215,67.0279,67.0279,16
2026-01-26 10:52:00,67.0485,67.1165,67.02,67.1165,69
2026-01-26 10:53:00,67.06,67.245,67.06,67.15,93
2026-01-26 10:54:00,67.0513,67.085,67.05,67.055,12
2026-01-26 10:55:00,67.0625,67.14,67.01,67.14,31
2026-01-26 10:56:00,67.15,67.155,67.11,67.155,44
2026-01-26 10:57:00,67.155,67.24,67.11,67.16,48
2026-01-26 10:58:00,67.2,67.29,67.1513,67.24,10
2026-01-26 10:59:00,67.24,67.24,67.24,67.24,2
2026-01-26 11:00:00,67.225,67.24,67.14,67.14,8
2026-01-26 11:01:00,67.12,67.15,67.06,67.06,27
2026-01-26 11:02:00,67.0437,67.0437,67.0437,67.0437,1
2026-01-26 11:03:00,67.04,67.17,67.01,67.17,31
2026-01-26 11:04:00,67.175,67.175,67.1,67.1,6
2026-01-26 11:05:00,67.1001,67.12,67.09,67.09,4
2026-01-26 11:06:00,67.09,67.09,67.04,67.04,8
2026-01-26 11:07:00,67.0404,67.35,67.04,67.21,57
2026-01-26 11:08:00,67.1972,67.34,67.18,67.34,31
2026-01-26 11:09:00,67.345,67.355,67.13,67.201,35
2026-01-26 11:10:00,67.11,67.13,67.11,67.13,7
2026-01-26 11:11:00,67.07,67.13,67.01,67.0851,47
2026-01-26 11:12:00,67.0165,67.045,67.0165,67.045,7
2026-01-26 11:13:00,67.04,67.045,67.04,67.045,5
2026-01-26 11:14:00,67.045,67.045,66.93,66.93,16
2026-01-26 11:15:00,66.92,67.05,66.88,67.05,31
2026-01-26 11:16:00,67.01,67.08,67.005,67.01,7
2026-01-26 11:17:00,67.005,67.0051,67.005,67.0051,2
2026-01-26 11:18:00,67.06,67.06,66.93,66.945,7
2026-01-26 11:19:00,66.91,66.96,66.8515,66.9,10
2026-01-26 11:20:00,66.86,66.86,66.86,66.86,1
2026-01-26 11:21:00,66.87,66.9751,66.8601,66.8601,15
2026-01-26 11:22:00,66.975,66.99,66.94,66.975,4
2026-01-26 11:23:00,66.975,66.975,66.975,66.975,2
2026-01-26 11:24:00,66.99,67.02,66.99,66.995,6
2026-01-26 11:25:00,66.995,66.995,66.89,66.89,3
2026-01-26 11:26:00,67.0,67.0,66.89,66.89,9
2026-01-26 11:27:00,66.985,66.985,66.87,66.87,3
2026-01-26 11:28:00,66.93,66.93,66.93,66.93,1
2026-01-26 11:29:00,66.955,66.955,66.955,66.955,1
2026-01-26 11:30:00,66.97,66.97,66.965,66.965,2
2026-01-26 11:31:00,66.89,66.92,66.84,66.92,12
2026-01-26 11:32:00,66.87,66.9,66.87,66.9,7
2026-01-26 11:33:00,66.97,66.99,66.86,66.99,19
2026-01-26 11:34:00,67.0,67.0,66.97,66.99,5
2026-01-26 11:35:00,66.995,66.995,66.995,66.995,1
2026-01-26 11:36:00,66.99,67.0,66.9,67.0,3
2026-01-26 11:37:00,67.0,67.0,67.0,67.0,4
2026-01-26 11:38:00,66.95,67.04,66.95,67.005,4
2026-01-26 11:39:00,67.02,67.02,66.92,67.01,5
2026-01-26 11:40:00,66.93,66.93,66.88,66.92,19
2026-01-26 11:41:00,66.88,66.88,66.88,66.88,1
2026-01-26 11:42:00,66.905,66.94,66.74,66.76,21
2026-01-26 11:43:00,66.76,66.78,66.76,66.78,2
2026-01-26 11:44:00,66.74,66.74,66.74,66.74,1
2026-01-26 11:45:00,66.77,66.78,66.77,66.78,3
2026-01-26 11:46:00,66.77,66.77,66.7436,66.755,5
2026-01-26 11:47:00,66.755,66.87,66.755,66.87,14
2026-01-26 11:48:00,66.83,66.86,66.78,66.805,17
2026-01-26 11:49:00,66.805,66.94,66.805,66.94,16
2026-01-26 11:50:00,67.0,67.0,66.825,66.825,12
2026-01-26 11:51:00,66.825,67.0,66.825,67.0,7
2026-01-26 11:52:00,66.81,66.86,66.64,66.64,25
2026-01-26 11:53:00,66.6,66.7,66.6,66.7,7
2026-01-26 11:54:00,66.63,66.63,66.63,66.63,1
2026-01-26 11:55:00,66.58,66.68,66.57,66.57,4
2026-01-26 11:56:00,66.57,66.57,66.57,66.57,0
2026-01-26 11:57:00,66.64,66.695,66.64,66.695,3
2026-01-26 11:58:00,66.64,66.6565,66.5938,66.5938,13
2026-01-26 11:59:00,66.6062,66.655,66.6062,66.655,5
2026-01-26 12:00:00,66.66,66.73,66.655,66.695,24
2026-01-26 12:01:00,66.695,66.695,66.695,66.695,2
2026-01-26 12:02:00,66.74,66.74,66.74,66.74,2
2026-01-26 12:03:00,66.65,66.65,66.65,66.65,1
2026-01-26 12:04:00,66.695,66.72,66.695,66.695,4
2026-01-26 12:05:00,66.695,66.695,66.58,66.62,24
2026-01-26 12:06:00,66.62,66.62,66.62,66.62,5
2026-01-26 12:07:00,66.62,66.62,66.5701,66.62,5
2026-01-26 12:08:00,66.612,66.612,66.57,66.57,3
2026-01-26 12:09:00,66.57,66.57,66.56,66.56,3
2026-01-26 12:10:00,66.56,66.56,66.56,66.56,1
2026-01-26 12:11:00,66.6,66.6,66.6,66.6,2
2026-01-26 12:12:00,66.6,66.6,66.6,66.6,0
2026-01-26 12:13:00,66.6,66.6,66.6,66.6,0
2026-01-26 12:14:00,66.62,66.62,66.6,66.6,2
2026-01-26 12:15:00,66.6,66.6,66.6,66.6,0
2026-01-26 12:16:00,66.605,66.64,66.58,66.58,6
2026-01-26 12:17:00,66.605,66.71,66.605,66.68,38
2026-01-26 12:18:00,66.68,66.74,66.675,66.74,3
2026-01-26 12:19:00,66.73,66.74,66.71,66.735,6
2026-01-26 12:20:00,66.8,66.8,66.775,66.775,2
2026-01-26 12:21:00,66.775,66.84,66.775,66.84,3
2026-01-26 12:22:00,66.84,66.84,66.74,66.83,5
2026-01-26 12:23:00,66.85,66.86,66.835,66.85,17
2026-01-26 12:24:00,66.9,66.9,66.865,66.865,5
2026-01-26 12:25:00,66.91,66.91,66.865,66.91,6
2026-01-26 12:26:00,66.915,66.93,66.915,66.93,5
2026-01-26 12:27:00,66.93,66.93,66.93,66.93,0
2026-01-26 12:28:00,66.9,66.9,66.87,66.88,10
2026-01-26 12:29:00,66.95,66.95,66.95,66.95,1
2026-01-26 12:30:00,67.0599,67.0599,66.95,66.95,2
2026-01-26 12:31:00,66.945,66.945,66.945,66.945,1
2026-01-26 12:32:00,66.945,67.04,66.94,66.94,55
2026-01-26 12:33:00,66.98,67.06,66.98,67.05,21
2026-01-26 12:34:00,66.985,67.05,66.985,67.05,3
2026-01-26 12:35:00,67.04,67.115,67.04,67.09,15
2026-01-26 12:36:00,67.15,67.15,67.135,67.14,4
2026-01-26 12:37:00,67.16,67.16,67.06,67.06,3
2026-01-26 12:38:00,67.14,67.27,67.14,67.245,26
2026-01-26 12:39:00,67.22,67.22,67.18,67.22,10
2026-01-26 12:40:00,67.22,67.355,67.22,67.28,50
2026-01-26 12:41:00,67.23,67.285,67.23,67.26,6
2026-01-26 12:42:00,67.22,67.26,67.11,67.22,59
2026-01-26 12:43:00,67.21,67.35,67.21,67.35,2
2026-01-26 12:44:00,67.35,67.35,67.35,67.35,0
2026-01-26 12:45:00,67.32,67.32,67.17,67.18,8
2026-01-26 12:46:00,67.25,67.26,67.25,67.26,12
2026-01-26 12:47:00,67.26,67.26,67.255,67.255,11
2026-01-26 12:48:00,67.3099,67.3099,67.3099,67.3099,3
2026-01-26 12:49:00,67.255,67.26,67.255,67.255,15
2026-01-26 12:50:00,67.255,67.32,67.255,67.315,38
2026-01-26 12:51:00,67.33,67.4405,67.28,67.37,30
2026-01-26 12:52:00,67.375,67.375,67.375,67.375,2
2026-01-26 12:53:00,67.425,67.425,67.425,67.425,2
2026-01-26 12:54:00,67.42,67.4515,67.3026,67.4515,18
2026-01-26 12:55:00,67.43,67.5599,67.43,67.43,15
2026-01-26 12:56:00,67.46,67.46,67.46,67.46,1
2026-01-26 12:57:00,67.45,67.45,67.45,67.45,2
2026-01-26 12:58:00,67.455,67.455,67.455,67.455,3
2026-01-26 12:59:00,67.455,67.5,67.455,67.455,8
2026-01-26 13:00:00,67.435,67.46,67.33,67.44,66
2026-01-26 13:01:00,67.44,67.51,67.39,67.41,33
2026-01-26 13:02:00,67.41,67.41,67.41,67.41,0
2026-01-26 13:03:00,67.37,67.44,67.35,67.35,21
2026-01-26 13:04:00,67.33,67.33,67.28,67.28,5
2026-01-26 13:05:00,67.28,67.28,67.28,67.28,0
2026-01-26 13:06:00,67.367,67.367,67.36,67.36,3
2026-01-26 13:07:00,67.36,67.36,67.36,67.36,0
2026-01-26 13:08:00,67.31,67.31,67.28,67.28,7
2026-01-26 13:09:00,67.28,67.34,67.27,67.325,14
2026-01-26 13:10:00,67.325,67.325,67.325,67.325,1
2026-01-26 13:11:00,67.39,67.515,67.39,67.51,16
2026-01-26 13:12:00,67.545,67.545,67.47,67.51,8
2026-01-26 13:13:00,67.46,67.5442,67.42,67.42,22
2026-01-26 13:14:00,67.435,67.435,67.435,67.435,3
2026-01-26 13:15:00,67.44,67.45,67.435,67.435,5
2026-01-26 13:16:00,67.44,67.5,67.44,67.5,6
2026-01-26 13:17:00,67.47,67.47,67.47,67.47,1
2026-01-26 13:18:00,67.47,67.47,67.47,67.47,0
2026-01-26 13:19:00,67.565,67.62,67.565,67.565,3
2026-01-26 13:20:00,67.565,67.565,67.565,67.565,2
2026-01-26 13:21:00,67.5,67.545,67.5,67.545,3
2026-01-26 13:22:00,67.545,67.545,67.545,67.545,0
2026-01-26 13:23:00,67.545,67.545,67.545,67.545,0
2026-01-26 13:24:00,67.53,67.5444,67.53,67.53,5
2026-01-26 13:25:00,67.61,67.62,67.5,67.5,4
2026-01-26 13:26:00,67.55,67.56,67.54,67.56,12
2026-01-26 13:27:00,67.52,67.53,67.49,67.53,7
2026-01-26 13:28:00,67.46,67.515,67.46,67.515,4
2026-01-26 13:29:00,67.46,67.46,67.46,67.46,2
2026-01-26 13:30:00,67.515,67.515,67.515,67.515,12
2026-01-26 13:31:00,67.515,67.515,67.515,67.515,3
2026-01-26 13:32:00,67.515,67.515,67.515,67.515,0
2026-01-26 13:33:00,67.47,67.5,67.46,67.495,10
2026-01-26 13:34:00,67.5,67.51,67.35,67.35,49
2026-01-26 13:35:00,67.35,67.35,67.35,67.35,0
2026-01-26 13:36:00,67.435,67.46,67.405,67.46,10
2026-01-26 13:37:00,67.46,67.46,67.46,67.46,0
2026-01-26 13:38:00,67.48,67.49,67.48,67.49,2
2026-01-26 13:39:00,67.4401,67.45,67.38,67.38,13
2026-01-26 13:40:00,67.405,67.405,67.405,67.405,1
2026-01-26 13:41:00,67.43,67.43,67.43,67.43,1
2026-01-26 13:42:00,67.451,67.451,67.38,67.385,7
2026-01-26 13:43:00,67.35,67.35,67.35,67.35,2
2026-01-26 13:44:00,67.34,67.34,67.32,67.32,7
2026-01-26 13:45:00,67.335,67.335,67.26,67.26,14
2026-01-26 13:46:00,67.29,67.3,67.29,67.295,6
2026-01-26 13:47:00,67.26,67.26,67.24,67.24,5
2026-01-26 13:48:00,67.23,67.26,67.2,67.26,13
2026-01-26 13:49:00,67.25,67.255,67.25,67.255,2
2026-01-26 13:50:00,67.255,67.255,67.255,67.255,0
2026-01-26 13:51:00,67.255,67.255,67.255,67.255,2
2026-01-26 13:52:00,67.255,67.26,67.255,67.26,7
2026-01-26 13:53:00,67.265,67.31,67.265,67.265,13
2026-01-26 13:54:00,67.265,67.265,67.265,67.265,0
2026-01-26 13:55:00,67.27,67.27,67.12,67.12,18
2026-01-26 13:56:00,67.14,67.15,67.12,67.12,9
2026-01-26 13:57:00,67.16,67.22,67.14,67.22,18
2026-01-26 13:58:00,67.2,67.2,67.13,67.15,7
2026-01-26 13:59:00,67.15,67.15,67.15,67.15,0
2026-01-26 14:00:00,67.08,67.1,67.08,67.0925,3
2026-01-26 14:01:00,67.0925,67.0925,67.0925,67.0925,0
2026-01-26 14:02:00,67.135,67.135,67.135,67.135,1
2026-01-26 14:03:00,67.135,67.135,67.135,67.135,1
2026-01-26 14:04:00,67.1464,67.1464,67.03,67.03,7
2026-01-26 14:05:00,67.0903,67.1,67.0903,67.1,12
2026-01-26 14:06:00,67.05,67.05,67.05,67.05,2
2026-01-26 14:07:00,67.01,67.045,67.01,67.0425,5
2026-01-26 14:08:00,67.0425,67.0425,67.01,67.01,2
2026-01-26 14:09:00,67.01,67.01,67.01,67.01,0
2026-01-26 14:10:00,67.03,67.03,67.03,67.03,1
2026-01-26 14:11:00,67.0415,67.0415,67.035,67.035,2
2026-01-26 14:12:00,67.0415,67.0415,67.035,67.035,6
2026-01-26 14:13:00,67.035,67.0402,67.035,67.0402,3
2026-01-26 14:14:00,67.0843,67.12,67.0843,67.095,28
2026-01-26 14:15:00,67.08,67.08,66.97,66.97,15
2026-01-26 14:16:00,67.01,67.02,67.01,67.0193,3
2026-01-26 14:17:00,66.995,67.05,66.995,67.05,8
2026-01-26 14:18:00,67.015,67.015,66.95,66.95,11
2026-01-26 14:19:00,66.95,66.95,66.95,66.95,0
2026-01-26 14:20:00,66.985,66.985,66.95,66.95,10
2026-01-26 14:21:00,66.95,66.95,66.95,66.95,0
2026-01-26 14:22:00,67.03,67.06,67.0,67.05,10
2026-01-26 14:23:00,67.09,67.145,67.09,67.145,2
2026-01-26 14:24:00,67.145,67.145,67.09,67.14,3
2026-01-26 14:25:00,67.12,67.15,67.11,67.12,11
2026-01-26 14:26:00,67.13,67.19,67.13,67.19,2
2026-01-26 14:27:00,67.12,67.12,67.12,67.12,1
2026-01-26 14:28:00,67.105,67.16,67.105,67.16,10
2026-01-26 14:29:00,67.18,67.2472,67.15,67.15,29
2026-01-26 14:30:00,67.2,67.2,67.17,67.17,7
2026-01-26 14:31:00,67.19,67.29,67.19,67.29,28
2026-01-26 14:32:00,67.2685,67.2685,67.2,67.22,18
2026-01-26 14:33:00,67.25,67.25,67.25,67.25,2
2026-01-26 14:34:00,67.26,67.3,67.25,67.27,12
2026-01-26 14:35:00,67.3899,67.3899,67.3899,67.3899,3
2026-01-26 14:36:00,67.2,67.2,67.19,67.19,4
2026-01-26 14:37:00,67.17,67.17,67.17,67.17,4
2026-01-26 14:38:00,67.16,67.26,67.16,67.26,6
2026-01-26 14:39:00,67.27,67.27,67.27,67.27,1
2026-01-26 14:40:00,67.27,67.27,67.11,67.145,17
2026-01-26 14:41:00,67.135,67.135,67.09,67.09,4
2026-01-26 14:42:00,67.13,67.13,67.13,67.13,2
2026-01-26 14:43:00,67.125,67.125,67.125,67.125,1
2026-01-26 14:44:00,67.125,67.135,67.125,67.135,3
2026-01-26 14:45:00,67.12,67.125,67.08,67.08,8
2026-01-26 14:46:00,67.07,67.085,67.0,67.04,22
2026-01-26 14:47:00,67.02,67.095,67.02,67.09,11
2026-01-26 14:48:00,67.1,67.1,67.08,67.0864,15
2026-01-26 14:49:00,67.06,67.06,66.91,66.91,10
2026-01-26 14:50:00,66.89,66.93,66.89,66.93,5
2026-01-26 14:51:00,66.93,66.96,66.93,66.95,8
2026-01-26 14:52:00,66.96,66.96,66.96,66.96,7
2026-01-26 14:53:00,66.91,66.915,66.91,66.915,2
2026-01-26 14:54:00,66.915,66.92,66.915,66.92,6
2026-01-26 14:55:00,66.95,66.985,66.93,66.93,27
2026-01-26 14:56:00,66.97,66.985,66.97,66.985,4
2026-01-26 14:57:00,66.985,66.985,66.89,66.89,13
2026-01-26 14:58:00,66.89,66.95,66.89,66.95,5
2026-01-26 14:59:00,66.95,66.95,66.95,66.95,0
2026-01-26 15:00:00,66.98,66.98,66.76,66.83,28
2026-01-26 15:01:00,66.73,66.73,66.73,66.73,1
2026-01-26 15:02:00,66.77,66.82,66.77,66.82,4
2026-01-26 15:03:00,66.82,66.82,66.78,66.8,3
2026-01-26 15:04:00,66.8,66.8,66.8,66.8,0
2026-01-26 15:05:00,66.805,66.93,66.805,66.92,21
2026-01-26 15:06:00,66.92,66.92,66.92,66.92,0
2026-01-26 15:07:00,66.88,66.88,66.88,66.88,2
2026-01-26 15:08:00,66.88,66.88,66.88,66.88,3
2026-01-26 15:09:00,66.88,66.95,66.88,66.91,16
2026-01-26 15:10:00,66.98,67.085,66.98,67.085,9
2026-01-26 15:11:00,66.98,67.065,66.905,66.94,15
2026-01-26 15:12:00,66.94,67.06,66.94,67.05,10
2026-01-26 15:13:00,67.06,67.06,67.06,67.06,1
2026-01-26 15:14:00,67.065,67.065,67.065,67.065,1
2026-01-26 15:15:00,67.06,67.06,67.06,67.06,2
2026-01-26 15:16:00,67.06,67.07,66.97,67.07,14
2026-01-26 15:17:00,66.99,66.99,66.915,66.915,17
2026-01-26 15:18:00,66.9,66.945,66.9,66.945,7
2026-01-26 15:19:00,66.9486,67.04,66.9486,67.04,16
2026-01-26 15:20:00,67.01,67.01,66.99,66.99,2
2026-01-26 15:21:00,67.05,67.135,67.05,67.12,20
2026-01-26 15:22:00,67.14,67.19,67.13,67.19,5
2026-01-26 15:23:00,67.23,67.23,67.23,67.23,2
2026-01-26 15:24:00,67.23,67.23,67.185,67.185,9
2026-01-26 15:25:00,67.185,67.2,67.185,67.185,18
2026-01-26 15:26:00,67.185,67.1921,67.14,67.185,15
2026-01-26 15:27:00,67.13,67.165,67.13,67.165,9
2026-01-26 15:28:00,67.16,67.16,67.1,67.11,9
2026-01-26 15:29:00,67.14,67.31,67.13,67.255,30
2026-01-26 15:30:00,67.19,67.3,67.17,67.2,39
2026-01-26 15:31:00,67.255,67.255,67.2,67.2,11
2026-01-26 15:32:00,67.245,67.3,67.22,67.22,29
2026-01-26 15:33:00,67.3,67.43,67.26,67.3,66
2026-01-26 15:34:00,67.33,67.33,67.33,67.33,1
2026-01-26 15:35:00,67.33,67.33,67.33,67.33,0
2026-01-26 15:36:00,67.36,67.38,67.27,67.295,18
2026-01-26 15:37:00,67.295,67.295,67.18,67.18,33
2026-01-26 15:38:00,67.1935,67.22,67.1935,67.21,8
2026-01-26 15:39:00,67.22,67.22,67.03,67.18,44
2026-01-26 15:40:00,67.18,67.18,67.18,67.18,0
2026-01-26 15:41:00,67.16,67.16,67.15,67.15,7
2026-01-26 15:42:00,67.19,67.27,67.19,67.26,14
2026-01-26 15:43:00,67.26,67.32,67.24,67.32,12
2026-01-26 15:44:00,67.39,67.41,67.39,67.41,6
2026-01-26 15:45:00,67.395,67.45,67.16,67.21,43
2026-01-26 15:46:00,67.15,67.17,67.11,67.11,11
2026-01-26 15:47:00,67.11,67.11,67.11,67.11,6
2026-01-26 15:48:00,67.11,67.12,67.055,67.07,34
2026-01-26 15:49:00,67.06,67.1,67.03,67.04,29
2026-01-26 15:50:00,67.11,67.14,66.99,67.14,104
2026-01-26 15:51:00,67.085,67.09,66.99,66.99,32
2026-01-26 15:52:00,66.97,67.03,66.97,67.025,57
2026-01-26 15:53:00,67.03,67.052,66.97,66.97,20
2026-01-26 15:54:00,67.01,67.03,66.92,66.985,57
2026-01-26 15:55:00,67.0,67.06,66.99,67.035,56
2026-01-26 15:56:00,67.035,67.04,66.94,66.94,50
2026-01-26 15:57:00,66.95,66.95,66.87,66.905,87
2026-01-26 15:58:00,66.881,66.95,66.88,66.92,139
2026-01-26 15:59:00,66.95,66.95,66.76,66.79,306
2026-01-27 09:30:00,66.65,66.8,66.65,66.8,62
2026-01-27 09:31:00,66.8,67.44,66.77,67.44,30
2026-01-27 09:32:00,67.45,67.68,67.18,67.18,5
2026-01-27 09:33:00,67.76,68.615,67.5,68.615,41
2026-01-27 09:34:00,68.7999,68.7999,68.1,68.39,48
2026-01-27 09:35:00,68.2,68.345,67.91,68.17,48
2026-01-27 09:36:00,68.17,68.18,67.93,67.95,24
2026-01-27 09:37:00,67.95,67.95,67.95,67.95,0
2026-01-27 09:38:00,68.0,68.02,67.445,67.8072,38
2026-01-27 09:39:00,67.405,67.405,67.4,67.4,2
2026-01-27 09:40:00,67.5,67.5,67.455,67.455,5
2026-01-27 09:41:00,67.68,67.8099,67.35,67.5,19
2026-01-27 09:42:00,67.76,67.78,67.64,67.78,14
2026-01-27 09:43:00,67.78,67.79,67.41,67.41,23
2026-01-27 09:44:00,67.53,67.53,67.28,67.435,20
2026-01-27 09:45:00,67.435,67.435,67.0,67.0,40
2026-01-27 09:46:00,66.99,66.99,66.98,66.98,3
2026-01-27 09:47:00,66.89,66.89,66.7,66.7,11
2026-01-27 09:48:00,66.965,67.08,66.685,66.95,54
2026-01-27 09:49:00,66.78,67.025,66.78,66.78,10
2026-01-27 09:50:00,67.025,67.025,66.29,66.685,21
2026-01-27 09:51:00,66.685,66.685,66.33,66.35,12
2026-01-27 09:52:00,66.495,66.79,66.495,66.7784,51
2026-01-27 09:53:00,66.99,66.99,66.8,66.8,3
2026-01-27 09:54:00,66.8,66.8,66.8,66.8,4
2026-01-27 09:55:00,66.8,66.8,66.8,66.8,9
2026-01-27 09:56:00,66.78,66.875,66.78,66.875,8
2026-01-27 09:57:00,66.875,66.875,66.875,66.875,0
2026-01-27 09:58:00,66.8499,66.8499,66.8499,66.8499,2
2026-01-27 09:59:00,66.85,66.9,66.69,66.82,54
2026-01-27 10:00:00,66.82,67.01,66.82,66.89,26
2026-01-27 10:01:00,66.74,66.87,66.7,66.87,26
2026-01-27 10:02:00,66.74,66.75,66.73,66.75,3
2026-01-27 10:03:00,66.69,66.69,66.69,66.69,1
2026-01-27 10:04:00,66.69,66.69,66.69,66.69,0
2026-01-27 10:05:00,66.845,66.845,66.64,66.66,14
2026-01-27 10:06:00,66.71,66.7856,66.69,66.69,12
2026-01-27 10:07:00,66.7664,66.92,66.76,66.92,15
2026-01-27 10:08:00,66.982,66.982,66.982,66.982,1
2026-01-27 10:09:00,66.94,66.94,66.94,66.94,5
2026-01-27 10:10:00,66.94,66.94,66.94,66.94,0
2026-01-27 10:11:00,67.055,67.055,67.055,67.055,1
2026-01-27 10:12:00,67.065,67.065,67.065,67.065,1
2026-01-27 10:13:00,67.06,67.07,67.0025,67.065,15
2026-01-27 10:14:00,66.94,67.07,66.94,67.02,14
2026-01-27 10:15:00,66.95,66.95,66.95,66.95,1
2026-01-27 10:16:00,66.93,67.08,66.92,67.08,11
2026-01-27 10:17:00,67.08,67.365,67.038,67.365,18
2026-01-27 10:18:00,67.581,67.581,67.581,67.581,2
2026-01-27 10:19:00,67.581,67.581,67.581,67.581,0
2026-01-27 10:20:00,67.34,67.37,67.28,67.28,3
2026-01-27 10:21:00,67.3,67.45,67.3,67.32,6
2026-01-27 10:22:00,67.45,67.45,67.45,67.45,10
2026-01-27 10:23:00,67.45,67.45,67.45,67.45,0
2026-01-27 10:24:00,67.43,67.77,67.36,67.77,14
2026-01-27 10:25:00,67.45,67.54,67.31,67.31,13
2026-01-27 10:26:00,67.485,67.555,67.45,67.492,18
2026-01-27 10:27:00,67.55,67.575,67.52,67.575,11
2026-01-27 10:28:00,67.575,67.575,67.575,67.575,0
2026-01-27 10:29:00,67.56,67.655,67.46,67.61,49
2026-01-27 10:30:00,67.59,67.64,67.49,67.55,39
2026-01-27 10:31:00,67.57,67.78,67.55,67.62,39
2026-01-27 10:32:00,67.63,67.63,67.55,67.55,2
2026-01-27 10:33:00,67.5,67.5,67.46,67.48,6
2026-01-27 10:34:00,67.46,67.63,67.46,67.63,11
2026-01-27 10:35:00,67.575,67.575,67.575,67.575,2
2026-01-27 10:36:00,67.575,67.575,67.575,67.575,0
2026-01-27 10:37:00,67.575,67.575,67.575,67.575,0
2026-01-27 10:38:00,67.575,67.575,67.575,67.575,0
2026-01-27 10:39:00,67.72,67.94,67.72,67.94,13
2026-01-27 10:40:00,67.87,67.875,67.87,67.875,2
2026-01-27 10:41:00,67.875,67.875,67.875,67.875,0
2026-01-27 10:42:00,67.88,67.88,67.82,67.82,2
2026-01-27 10:43:00,67.93,67.93,67.9,67.9,3
2026-01-27 10:44:00,67.93,68.0,67.93,68.0,2
2026-01-27 10:45:00,67.94,67.94,67.94,67.94,1
2026-01-27 10:46:00,67.94,67.94,67.94,67.94,0
2026-01-27 10:47:00,67.94,67.94,67.89,67.925,15
2026-01-27 10:48:00,67.965,67.99,67.88,67.99,20
2026-01-27 10:49:00,68.0,68.21,67.91,68.21,27
2026-01-27 10:50:00,68.091,68.11,68.0739,68.0739,31
2026-01-27 10:51:00,68.0739,68.0739,68.0739,68.0739,0
2026-01-27 10:52:00,68.0739,68.0739,68.0739,68.0739,0
2026-01-27 10:53:00,68.155,68.155,68.11,68.11,2
2026-01-27 10:54:00,68.11,68.11,68.11,68.11,0
2026-01-27 10:55:00,68.24,68.27,68.165,68.165,29
2026-01-27 10:56:00,68.165,68.165,68.165,68.165,0
2026-01-27 10:57:00,68.27,68.27,68.27,68.27,1
2026-01-27 10:58:00,68.2,68.2,68.0,68.105,77
2026-01-27 10:59:00,68.105,68.105,68.105,68.105,0
2026-01-27 11:00:00,68.05,68.055,67.925,68.02,24
2026-01-27 11:01:00,68.06,68.065,68.05,68.065,5
2026-01-27 11:02:00,68.06,68.06,67.92,67.92,23
2026-01-27 11:03:00,67.92,67.92,67.92,67.92,0
2026-01-27 11:04:00,67.93,68.045,67.88,68.045,37
2026-01-27 11:05:00,68.045,68.045,68.045,68.045,0
2026-01-27 11:06:00,68.14,68.14,68.135,68.135,3
2026-01-27 11:07:00,68.12,68.12,68.12,68.12,1
2026-01-27 11:08:00,68.12,68.12,68.12,68.12,0
2026-01-27 11:09:00,68.2,68.2,68.2,68.2,20
2026-01-27 11:10:00,68.0245,68.07,67.92,67.93,47
2026-01-27 11:11:00,67.9912,68.0,67.805,67.81,25
2026-01-27 11:12:00,67.82,68.0,67.82,67.95,4
2026-01-27 11:13:00,67.95,67.95,67.95,67.95,0
2026-01-27 11:14:00,67.79,67.9578,67.78,67.78,7
2026-01-27 11:15:00,67.985,67.985,67.75,67.76,9
2026-01-27 11:16:00,67.925,67.925,67.825,67.84,15
2026-01-27 11:17:00,67.84,67.84,67.84,67.84,0
2026-01-27 11:18:00,67.815,67.87,67.815,67.87,2
2026-01-27 11:19:00,67.82,67.87,67.82,67.825,5
2026-01-27 11:20:00,67.84,67.86,67.84,67.86,2
2026-01-27 11:21:00,67.825,67.825,67.825,67.825,1
2026-01-27 11:22:00,67.825,67.825,67.825,67.825,0
2026-01-27 11:23:00,67.76,67.76,67.76,67.76,1
2026-01-27 11:24:00,67.825,67.825,67.76,67.76,2
2026-01-27 11:25:00,67.825,67.825,67.825,67.825,1
2026-01-27 11:26:00,67.83,67.89,67.83,67.8425,3
2026-01-27 11:27:00,67.825,67.925,67.825,67.825,15
2026-01-27 11:28:00,67.985,67.985,67.91,67.91,7
2026-01-27 11:29:00,67.91,67.91,67.91,67.91,2
2026-01-27 11:30:00,68.0,68.0,67.89,68.0,14
2026-01-27 11:31:00,67.98,68.04,67.8401,67.8401,11
2026-01-27 11:32:00,67.8401,67.8401,67.8401,67.8401,0
2026-01-27 11:33:00,67.8401,67.8401,67.8401,67.8401,0
2026-01-27 11:34:00,67.975,67.975,67.945,67.945,2
2026-01-27 11:35:00,67.94,67.94,67.94,67.94,6
2026-01-27 11:36:00,67.945,67.945,67.945,67.945,1
2026-01-27 11:37:00,67.96,67.985,67.96,67.98,5
2026-01-27 11:38:00,67.99,68.0,67.975,67.975,4
2026-01-27 11:39:00,67.98,67.985,67.98,67.985,3
2026-01-27 11:40:00,67.985,67.985,67.985,67.985,0
2026-01-27 11:41:00,68.0,68.005,68.0,68.005,2
2026-01-27 11:42:00,67.9501,68.005,67.9501,68.005,3
2026-01-27 11:43:00,68.0,68.06,67.9975,68.06,19
2026-01-27 11:44:00,68.0725,68.13,68.0725,68.13,3
2026-01-27 11:45:00,68.07,68.19,68.05,68.1,24
2026-01-27 11:46:00,68.1,68.13,68.1,68.13,8
2026-01-27 11:47:00,68.075,68.075,68.075,68.075,1
2026-01-27 11:48:00,68.08,68.08,68.08,68.08,24
2026-01-27 11:49:00,68.1,68.14,68.1,68.14,4
2026-01-27 11:50:00,68.14,68.14,68.14,68.14,0
2026-01-27 11:51:00,68.105,68.105,68.105,68.105,1
2026-01-27 11:52:00,68.145,68.145,68.12,68.12,2
2026-01-27 11:53:00,68.085,68.085,68.02,68.02,12
2026-01-27 11:54:00,68.02,68.045,67.94,67.95,22
2026-01-27 11:55:00,68.05,68.15,68.015,68.1,29
2026-01-27 11:56:00,68.07,68.13,68.07,68.13,2
2026-01-27 11:57:00,68.13,68.13,68.13,68.13,0
2026-01-27 11:58:00,68.13,68.13,68.13,68.13,0
2026-01-27 11:59:00,68.065,68.065,68.06,68.06,3
2026-01-27 12:00:00,68.13,68.13,68.065,68.065,5
2026-01-27 12:01:00,68.06,68.06,68.06,68.06,3
2026-01-27 12:02:00,68.03,68.035,68.03,68.035,5
2026-01-27 12:03:00,67.995,68.02,67.995,68.02,2
2026-01-27 12:04:00,67.995,68.015,67.85,67.88,34
2026-01-27 12:05:00,67.875,67.925,67.785,67.875,18
2026-01-27 12:06:00,67.875,67.875,67.875,67.875,0
2026-01-27 12:07:00,67.89,67.89,67.88,67.89,6
2026-01-27 12:08:00,67.885,67.885,67.885,67.885,1
2026-01-27 12:09:00,67.88,67.88,67.88,67.88,4
2026-01-27 12:10:00,67.88,67.89,67.88,67.89,16
2026-01-27 12:11:00,67.89,67.89,67.89,67.89,0
2026-01-27 12:12:00,67.87,67.87,67.8,67.8,4
2026-01-27 12:13:00,67.865,67.865,67.865,67.865,1
2026-01-27 12:14:00,67.865,67.865,67.865,67.865,0
2026-01-27 12:15:00,67.855,67.855,67.8,67.81,4
2026-01-27 12:16:00,67.855,67.855,67.71,67.795,17
2026-01-27 12:17:00,67.78,67.78,67.78,67.78,1
2026-01-27 12:18:00,67.78,67.78,67.78,67.78,2
2026-01-27 12:19:00,67.77,67.77,67.77,67.77,1
2026-01-27 12:20:00,67.7701,67.7701,67.7701,67.7701,10
2026-01-27 12:21:00,67.7701,67.7701,67.7701,67.7701,0
2026-01-27 12:22:00,67.65,67.73,67.59,67.685,20
2026-01-27 12:23:00,67.68,67.68,67.68,67.68,1
2026-01-27 12:24:00,67.52,67.52,67.425,67.45,4
2026-01-27 12:25:00,67.445,67.445,67.445,67.445,1
2026-01-27 12:26:00,67.55,67.56,67.54,67.54,9
2026-01-27 12:27:00,67.539,67.6,67.539,67.6,6
2026-01-27 12:28:00,67.6,67.6,67.6,67.6,0
2026-01-27 12:29:00,67.54,67.54,67.54,67.54,1
2026-01-27 12:30:00,67.6,67.63,67.575,67.575,6
2026-01-27 12:31:00,67.65,67.66,67.5936,67.5936,12
2026-01-27 12:32:00,67.595,67.64,67.59,67.64,4
2026-01-27 12:33:00,67.595,67.6,67.595,67.6,9
2026-01-27 12:34:00,67.595,67.595,67.595,67.595,2
2026-01-27 12:35:00,67.595,67.595,67.595,67.595,0
2026-01-27 12:36:00,67.5725,67.5725,67.5725,67.5725,1
2026-01-27 12:37:00,67.5725,67.575,67.5725,67.575,3
2026-01-27 12:38:00,67.55,67.55,67.5,67.5,12
2026-01-27 12:39:00,67.56,67.6,67.55,67.55,11
2026-01-27 12:40:00,67.56,67.56,67.56,67.56,1
2026-01-27 12:41:00,67.565,67.565,67.5625,67.565,4
2026-01-27 12:42:00,67.565,67.5719,67.565,67.5719,3
2026-01-27 12:43:00,67.5719,67.5719,67.5719,67.5719,0
2026-01-27 12:44:00,67.49,67.51,67.42,67.42,7
2026-01-27 12:45:00,67.34,67.39,67.34,67.39,10
2026-01-27 12:46:00,67.36,67.43,67.36,67.405,13
2026-01-27 12:47:00,67.405,67.405,67.405,67.405,0
2026-01-27 12:48:00,67.37,67.44,67.37,67.4225,6
2026-01-27 12:49:00,67.41,67.41,67.41,67.41,1
2026-01-27 12:50:00,67.405,67.405,67.395,67.405,9
2026-01-27 12:51:00,67.36,67.385,67.34,67.385,13
2026-01-27 12:52:00,67.41,67.42,67.41,67.42,5
2026-01-27 12:53:00,67.38,67.38,67.38,67.38,7
2026-01-27 12:54:00,67.375,67.375,67.375,67.375,1
2026-01-27 12:55:00,67.34,67.35,67.315,67.315,7
2026-01-27 12:56:00,67.35,67.37,67.35,67.37,15
2026-01-27 12:57:00,67.38,67.38,67.355,67.355,2
2026-01-27 12:58:00,67.3388,67.3388,67.3388,67.3388,1
2026-01-27 12:59:00,67.3388,67.3388,67.3388,67.3388,0
2026-01-27 13:00:00,67.36,67.36,67.26,67.3,45
2026-01-27 13:01:00,67.3,67.3,67.3,67.3,0
2026-01-27 13:02:00,67.305,67.31,67.305,67.31,2
2026-01-27 13:03:00,67.315,67.315,67.19,67.21,5
2026-01-27 13:04:00,67.2,67.2,67.2,67.2,1
2026-01-27 13:05:00,67.185,67.185,67.185,67.185,2
2026-01-27 13:06:00,67.12,67.12,67.12,67.12,3
2026-01-27 13:07:00,67.06,67.06,67.06,67.06,2
2026-01-27 13:08:00,67.07,67.12,67.06,67.1,37
2026-01-27 13:09:00,67.08,67.08,67.07,67.07,4
2026-01-27 13:10:00,67.07,67.07,67.07,67.07,3
2026-01-27 13:11:00,67.07,67.07,67.07,67.07,0
2026-01-27 13:12:00,67.12,67.12,67.12,67.12,4
2026-01-27 13:13:00,67.12,67.12,67.12,67.12,0
2026-01-27 13:14:00,67.12,67.12,67.12,67.12,0
2026-01-27 13:15:00,67.17,67.17,67.17,67.17,2
2026-01-27 13:16:00,67.17,67.17,67.17,67.17,0
2026-01-27 13:17:00,67.105,67.105,67.105,67.105,6
2026-01-27 13:18:00,67.105,67.105,67.105,67.105,1
2026-01-27 13:19:00,67.105,67.105,67.105,67.105,0
2026-01-27 13:20:00,67.05,67.05,67.05,67.05,2
2026-01-27 13:21:00,67.105,67.105,66.88,67.0,18
2026-01-27 13:22:00,66.96,67.05,66.96,67.045,23
2026-01-27 13:23:00,67.045,67.045,67.045,67.045,0
2026-01-27 13:24:00,67.05,67.055,66.92,66.92,34
2026-01-27 13:25:00,66.98,66.98,66.86,66.86,4
2026-01-27 13:26:00,67.0,67.0,66.98,66.98,6
2026-01-27 13:27:00,66.975,66.975,66.975,66.975,6
2026-01-27 13:28:00,66.975,66.975,66.975,66.975,0
2026-01-27 13:29:00,67.0098,67.13,67.0098,67.11,14
2026-01-27 13:30:00,67.12,67.29,67.12,67.29,16
2026-01-27 13:31:00,67.15,67.175,67.101,67.1725,21
2026-01-27 13:32:00,67.175,67.175,67.175,67.175,2
2026-01-27 13:33:00,67.1175,67.1175,67.1175,67.1175,12
2026-01-27 13:34:00,67.18,67.18,67.18,67.18,1
2026-01-27 13:35:00,67.25,67.33,67.1401,67.1401,13
2026-01-27 13:36:00,67.1401,67.1401,67.1401,67.1401,0
2026-01-27 13:37:00,67.255,67.26,67.255,67.26,13
2026-01-27 13:38:00,67.33,67.33,67.18,67.19,9
2026-01-27 13:39:00,67.18,67.18,67.16,67.16,3
2026-01-27 13:40:00,67.1825,67.1825,67.175,67.175,5
2026-01-27 13:41:00,67.175,67.175,67.175,67.175,0
2026-01-27 13:42:00,67.19,67.19,67.175,67.175,2
2026-01-27 13:43:00,67.175,67.175,67.175,67.175,1
2026-01-27 13:44:00,67.18,67.18,67.18,67.18,1
2026-01-27 13:45:00,67.175,67.175,67.175,67.175,1
2026-01-27 13:46:00,67.18,67.18,67.18,67.18,1
2026-01-27 13:47:00,67.18,67.18,67.18,67.18,0
2026-01-27 13:48:00,67.21,67.22,67.205,67.205,11
2026-01-27 13:49:00,67.205,67.205,67.205,67.205,1
2026-01-27 13:50:00,67.24,67.24,67.1622,67.1622,6
2026-01-27 13:51:00,67.21,67.21,67.21,67.21,2
2026-01-27 13:52:00,67.21,67.21,67.21,67.21,8
2026-01-27 13:53:00,67.15,67.15,67.14,67.14,4
2026-01-27 13:54:00,67.14,67.14,67.14,67.14,0
2026-01-27 13:55:00,67.11,67.14,67.1,67.14,7
2026-01-27 13:56:00,67.16,67.3,67.13,67.3,14
2026-01-27 13:57:00,67.27,67.325,67.27,67.325,13
2026-01-27 13:58:00,67.37,67.43,67.33,67.33,7
2026-01-27 13:59:00,67.33,67.375,67.19,67.375,32
2026-01-27 14:00:00,67.2525,67.2525,67.165,67.165,10
2026-01-27 14:01:00,67.165,67.165,67.165,67.165,0
2026-01-27 14:02:00,67.185,67.185,67.185,67.185,1
2026-01-27 14:03:00,67.19,67.2,67.17,67.17,3
2026-01-27 14:04:00,67.12,67.12,67.11,67.11,2
2026-01-27 14:05:00,67.135,67.135,67.135,67.135,1
2026-01-27 14:06:00,67.135,67.135,67.135,67.135,2
2026-01-27 14:07:00,67.135,67.135,67.135,67.135,0
2026-01-27 14:08:00,67.135,67.135,67.135,67.135,0
2026-01-27 14:09:00,67.1524,67.1524,67.15,67.15,11
2026-01-27 14:10:00,67.23,67.29,67.23,67.29,5
2026-01-27 14:11:00,67.23,67.23,67.23,67.23,1
2026-01-27 14:12:00,67.23,67.23,67.23,67.23,0
2026-01-27 14:13:00,67.23,67.23,67.23,67.23,6
2026-01-27 14:14:00,67.18,67.23,67.18,67.23,7
2026-01-27 14:15:00,67.18,67.23,67.18,67.23,15
2026-01-27 14:16:00,67.23,67.23,67.23,67.23,2
2026-01-27 14:17:00,67.19,67.225,67.19,67.225,2
2026-01-27 14:18:00,67.265,67.265,67.265,67.265,4
2026-01-27 14:19:00,67.23,67.23,67.22,67.22,2
2026-01-27 14:20:00,67.22,67.25,67.22,67.22,17
2026-01-27 14:21:00,67.22,67.22,67.22,67.22,0
2026-01-27 14:22:00,67.2,67.23,67.2,67.22,8
2026-01-27 14:23:00,67.22,67.26,67.22,67.24,13
2026-01-27 14:24:00,67.24,67.2448,67.24,67.2448,8
2026-01-27 14:25:00,67.24,67.24,67.23,67.23,7
2026-01-27 14:26:00,67.24,67.24,67.24,67.24,1
2026-01-27 14:27:00,67.235,67.24,67.235,67.24,2
2026-01-27 14:28:00,67.24,67.24,67.24,67.24,0
2026-01-27 14:29:00,67.28,67.32,67.27,67.32,10
2026-01-27 14:30:00,67.33,67.39,67.3,67.315,26
2026-01-27 14:31:00,67.315,67.315,67.26,67.3,21
2026-01-27 14:32:00,67.28,67.295,67.095,67.12,17
2026-01-27 14:33:00,67.21,67.215,67.2,67.215,3
2026-01-27 14:34:00,67.215,67.215,67.215,67.215,0
2026-01-27 14:35:00,67.22,67.22,67.22,67.22,1
2026-01-27 14:36:00,67.3,67.3,67.3,67.3,2
2026-01-27 14:37:00,67.225,67.24,67.225,67.24,2
2026-01-27 14:38:00,67.215,67.215,67.215,67.215,1
2026-01-27 14:39:00,67.215,67.22,67.215,67.22,3
2026-01-27 14:40:00,67.27,67.27,67.27,67.27,1
2026-01-27 14:41:00,67.205,67.27,67.205,67.27,7
2026-01-27 14:42:00,67.27,67.27,67.27,67.27,0
2026-01-27 14:43:00,67.215,67.215,67.215,67.215,1
2026-01-27 14:44:00,67.215,67.215,67.215,67.215,1
2026-01-27 14:45:00,67.215,67.215,67.21,67.21,11
2026-01-27 14:46:00,67.18,67.18,67.17,67.17,5
2026-01-27 14:47:00,67.205,67.205,67.195,67.195,3
2026-01-27 14:48:00,67.195,67.23,67.195,67.23,4
2026-01-27 14:49:00,67.195,67.195,67.195,67.195,1
2026-01-27 14:50:00,67.1925,67.1925,67.12,67.17,35
2026-01-27 14:51:00,67.17,67.17,67.17,67.17,0
2026-01-27 14:52:00,67.1101,67.17,67.1101,67.17,2
2026-01-27 14:53:00,67.17,67.17,67.17,67.17,1
2026-01-27 14:54:00,67.17,67.17,67.152,67.152,2
2026-01-27 14:55:00,67.165,67.18,67.16,67.17,4
2026-01-27 14:56:00,67.17,67.17,67.11,67.15,11
2026-01-27 14:57:00,67.145,67.21,67.145,67.165,29
2026-01-27 14:58:00,67.22,67.285,67.22,67.285,14
2026-01-27 14:59:00,67.285,67.285,67.285,67.285,0
2026-01-27 15:00:00,67.26,67.34,67.25,67.34,19
2026-01-27 15:01:00,67.305,67.305,67.305,67.305,3
2026-01-27 15:02:00,67.3,67.3,67.12,67.12,14
2026-01-27 15:03:00,67.17,67.29,67.17,67.29,18
2026-01-27 15:04:00,67.25,67.25,67.25,67.25,3
2026-01-27 15:05:00,67.25,67.25,67.25,67.25,0
2026-01-27 15:06:00,67.25,67.25,67.25,67.25,0
2026-01-27 15:07:00,67.215,67.215,67.215,67.215,1
2026-01-27 15:08:00,67.215,67.32,67.18,67.22,33
2026-01-27 15:09:00,67.22,67.22,67.15,67.15,15
2026-01-27 15:10:00,67.16,67.245,67.16,67.245,12
2026-01-27 15:11:00,67.245,67.245,67.245,67.245,1
2026-01-27 15:12:00,67.25,67.25,67.25,67.25,4
2026-01-27 15:13:00,67.25,67.261,67.25,67.25,8
2026-01-27 15:14:00,67.255,67.255,67.2233,67.2233,11
2026-01-27 15:15:00,67.255,67.255,67.255,67.255,1
2026-01-27 15:16:00,67.15,67.24,67.14,67.195,28
2026-01-27 15:17:00,67.21,67.3,67.21,67.27,20
2026-01-27 15:18:00,67.27,67.27,67.14,67.17,26
2026-01-27 15:19:00,67.18,67.18,67.18,67.18,1
2026-01-27 15:20:00,67.18,67.18,67.18,67.18,2
2026-01-27 15:21:00,67.21,67.42,67.18,67.42,18
2026-01-27 15:22:00,67.38,67.38,67.38,67.38,1
2026-01-27 15:23:00,67.42,67.42,67.42,67.42,1
2026-01-27 15:24:00,67.425,67.425,67.425,67.425,1
2026-01-27 15:25:00,67.425,67.425,67.425,67.425,0
2026-01-27 15:26:00,67.29,67.37,67.27,67.37,9
2026-01-27 15:27:00,67.28,67.315,67.27,67.305,18
2026-01-27 15:28:00,67.2651,67.31,67.2651,67.31,5
2026-01-27 15:29:00,67.25,67.3,67.25,67.3,4
2026-01-27 15:30:00,67.3,67.3,67.21,67.255,8
2026-01-27 15:31:00,67.26,67.27,67.09,67.09,17
2026-01-27 15:32:00,67.1,67.1,67.1,67.1,1
2026-01-27 15:33:00,67.09,67.15,67.04,67.12,23
2026-01-27 15:34:00,67.11,67.11,67.1,67.1,3
2026-01-27 15:35:00,67.095,67.095,67.08,67.09,42
2026-01-27 15:36:00,67.13,67.17,67.07,67.16,32
2026-01-27 15:37:00,67.13,67.13,67.09,67.09,6
2026-01-27 15:38:00,67.12,67.12,66.97,66.97,56
2026-01-27 15:39:00,66.96,67.05,66.96,67.03,25
2026-01-27 15:40:00,67.03,67.03,66.97,66.97,35
2026-01-27 15:41:00,66.98,67.01,66.86,66.86,103
2026-01-27 15:42:00,66.83,66.83,66.72,66.72,73
2026-01-27 15:43:00,66.71,66.905,66.68,66.79,91
2026-01-27 15:44:00,66.775,66.81,66.745,66.81,19
2026-01-27 15:45:00,66.78,66.8899,66.78,66.8899,13
2026-01-27 15:46:00,66.825,66.8302,66.825,66.8302,5
2026-01-27 15:47:00,66.815,66.89,66.815,66.855,43
2026-01-27 15:48:00,66.8,66.855,66.77,66.835,42
2026-01-27 15:49:00,66.77,66.79,66.69,66.76,50
2026-01-27 15:50:00,66.77,66.77,66.59,66.73,114
2026-01-27 15:51:00,66.69,66.76,66.64,66.76,33
2026-01-27 15:52:00,66.62,66.695,66.62,66.695,5
2026-01-27 15:53:00,66.695,66.72,66.695,66.72,4
2026-01-27 15:54:00,66.68,66.89,66.62,66.75,128
2026-01-27 15:55:00,66.715,66.865,66.715,66.745,56
2026-01-27 15:56:00,66.75,66.83,66.745,66.83,80
2026-01-27 15:57:00,66.86,66.95,66.85,66.905,79
2026-01-27 15:58:00,66.905,67.045,66.905,66.93,353
2026-01-27 15:59:00,66.93,67.005,66.81,66.92,304
2026-01-28 09:30:00,66.86,66.91,66.25,66.9,114
2026-01-28 09:31:00,66.9,66.9,66.25,66.25,4
2026-01-28 09:32:00,67.075,67.075,66.56,66.56,5
2026-01-28 09:33:00,67.03,67.03,66.835,66.835,3
2026-01-28 09:34:00,66.675,66.84,66.675,66.76,11
2026-01-28 09:35:00,67.09,67.53,66.64,67.09,7
2026-01-28 09:36:00,67.09,67.09,67.09,67.09,0
2026-01-28 09:37:00,67.085,67.085,66.26,66.26,71
2026-01-28 09:38:00,66.425,66.425,66.27,66.27,6
2026-01-28 09:39:00,66.53,66.59,66.43,66.43,7
2026-01-28 09:40:00,66.42,66.64,66.42,66.62,55
2026-01-28 09:41:00,66.84,67.075,66.7,66.84,16
2026-01-28 09:42:00,67.0,67.0,66.8,67.0,3
2026-01-28 09:43:00,67.0,67.0,66.8,66.8,3
2026-01-28 09:44:00,66.8,67.135,66.65,66.87,81
2026-01-28 09:45:00,67.21,67.21,66.87,66.87,5
2026-01-28 09:46:00,67.2372,67.2372,66.72,66.7909,24
2026-01-28 09:47:00,66.7909,66.7909,66.7909,66.7909,0
2026-01-28 09:48:00,66.84,66.99,66.72,66.88,8
2026-01-28 09:49:00,66.88,66.885,66.62,66.885,20
2026-01-28 09:50:00,66.63,66.885,66.26,66.26,132
2026-01-28 09:51:00,66.435,66.6,66.27,66.46,37
2026-01-28 09:52:00,66.46,66.46,66.46,66.46,1
2026-01-28 09:53:00,66.46,66.465,65.74,65.74,36
2026-01-28 09:54:00,66.125,66.125,66.125,66.125,1
2026-01-28 09:55:00,66.175,66.175,65.91,66.01,5
2026-01-28 09:56:00,66.2535,66.2535,66.2535,66.2535,1
2026-01-28 09:57:00,66.27,66.28,66.225,66.225,6
2026-01-28 09:58:00,66.23,66.23,66.02,66.02,2
2026-01-28 09:59:00,66.18,66.27,66.1,66.1,8
2026-01-28 10:00:00,66.27,66.295,66.27,66.295,3
2026-01-28 10:01:00,66.3,66.3,66.16,66.17,5
2026-01-28 10:02:00,66.265,66.37,66.24,66.275,5
2026-01-28 10:03:00,66.28,66.28,66.1396,66.1396,10
2026-01-28 10:04:00,66.1586,66.285,66.1586,66.285,7
2026-01-28 10:05:00,66.285,66.285,66.13,66.285,12
2026-01-28 10:06:00,66.13,66.13,66.13,66.13,1
2026-01-28 10:07:00,66.3,66.305,66.1,66.205,22
2026-01-28 10:08:00,66.08,66.44,66.08,66.4,8
2026-01-28 10:09:00,66.235,66.46,66.235,66.31,21
2026-01-28 10:10:00,66.47,66.53,66.425,66.425,5
2026-01-28 10:11:00,66.375,66.375,66.375,66.375,1
2026-01-28 10:12:00,66.25,66.25,66.25,66.25,1
2026-01-28 10:13:00,66.305,66.305,66.25,66.3,7
2026-01-28 10:14:00,66.34,66.48,66.28,66.38,26
2026-01-28 10:15:00,66.5,66.51,66.44,66.44,9
2026-01-28 10:16:00,66.53,66.745,66.53,66.665,25
2026-01-28 10:17:00,66.665,66.6678,66.53,66.585,20
2026-01-28 10:18:00,66.69,66.785,66.69,66.785,6
2026-01-28 10:19:00,66.71,66.71,66.62,66.705,8
2026-01-28 10:20:00,66.705,67.09,66.45,66.77,14
2026-01-28 10:21:00,66.77,66.77,66.77,66.77,0
2026-01-28 10:22:00,66.77,66.77,66.77,66.77,0
2026-01-28 10:23:00,66.76,66.91,66.68,66.91,20
2026-01-28 10:24:00,66.72,67.01,66.66,66.66,102
2026-01-28 10:25:00,66.69,66.84,66.66,66.66,18
2026-01-28 10:26:00,66.66,66.66,66.66,66.66,0
2026-01-28 10:27:00,66.66,66.66,66.66,66.66,0
2026-01-28 10:28:00,66.87,66.87,66.87,66.87,3
2026-01-28 10:29:00,66.805,67.32,66.77,66.815,95
2026-01-28 10:30:00,67.0,67.32,66.91,67.21,32
2026-01-28 10:31:00,67.09,67.095,67.04,67.095,4
2026-01-28 10:32:00,67.14,67.14,67.14,67.14,1
2026-01-28 10:33:00,66.91,66.91,66.91,66.91,1
2026-01-28 10:34:00,66.92,67.01,66.92,66.945,10
2026-01-28 10:35:00,66.945,66.945,66.945,66.945,0
2026-01-28 10:36:00,67.02,67.02,67.02,67.02,1
2026-01-28 10:37:00,67.015,67.015,67.015,67.015,1
2026-01-28 10:38:00,67.015,67.015,67.015,67.015,0
2026-01-28 10:39:00,66.98,66.98,66.98,66.98,1
2026-01-28 10:40:00,66.98,66.98,66.98,66.98,0
2026-01-28 10:41:00,67.075,67.3499,67.075,67.3499,196
2026-01-28 10:42:00,67.19,67.195,66.94,67.0,25
2026-01-28 10:43:00,67.0,67.0,67.0,67.0,0
2026-01-28 10:44:00,67.05,67.09,67.05,67.08,14
2026-01-28 10:45:00,67.08,67.08,67.08,67.08,1
2026-01-28 10:46:00,67.08,67.09,67.08,67.085,6
2026-01-28 10:47:00,67.085,67.085,67.085,67.085,1
2026-01-28 10:48:00,67.11,67.155,67.06,67.06,47
2026-01-28 10:49:00,67.155,67.16,67.09,67.16,9
2026-01-28 10:50:00,67.185,67.28,67.175,67.175,23
2026-01-28 10:51:00,67.27,67.27,67.235,67.235,3
2026-01-28 10:52:00,67.29,67.35,67.24,67.34,22
2026-01-28 10:53:00,67.295,67.4,66.97,67.13,173
2026-01-28 10:54:00,67.13,67.13,67.13,67.13,2
2026-01-28 10:55:00,67.125,67.125,67.0,67.0,2
2026-01-28 10:56:00,67.03,67.205,67.0,67.205,25
2026-01-28 10:57:00,67.27,67.31,67.27,67.27,4
2026-01-28 10:58:00,67.245,67.245,67.245,67.245,3
2026-01-28 10:59:00,67.15,67.15,67.1,67.1,9
2026-01-28 11:00:00,67.095,67.15,67.095,67.15,2
2026-01-28 11:01:00,67.15,67.17,67.1,67.14,7
2026-01-28 11:02:00,67.08,67.08,67.08,67.08,1
2026-01-28 11:03:00,67.04,67.22,67.0,67.14,77
2026-01-28 11:04:00,67.14,67.14,67.14,67.14,0
2026-01-28 11:05:00,67.14,67.14,67.14,67.14,0
2026-01-28 11:06:00,67.145,67.145,67.145,67.145,1
2026-01-28 11:07:00,67.145,67.145,67.01,67.01,3
2026-01-28 11:08:00,67.15,67.15,67.09,67.09,2
2026-01-28 11:09:00,67.15,67.15,67.15,67.15,2
2026-01-28 11:10:00,67.12,67.12,67.11,67.11,2
2026-01-28 11:11:00,67.11,67.11,67.07,67.11,5
2026-01-28 11:12:00,67.11,67.11,67.11,67.11,4
2026-01-28 11:13:00,67.11,67.11,67.105,67.105,4
2026-01-28 11:14:00,67.105,67.105,67.105,67.105,2
2026-01-28 11:15:00,67.105,67.105,67.105,67.105,3
2026-01-28 11:16:00,67.1,67.115,66.64,66.64,85
2026-01-28 11:17:00,66.86,66.94,66.84,66.94,6
2026-01-28 11:18:00,66.94,66.94,66.94,66.94,0
2026-01-28 11:19:00,66.84,66.855,66.76,66.76,13
2026-01-28 11:20:00,66.86,66.86,66.635,66.735,48
2026-01-28 11:21:00,66.64,66.68,66.58,66.63,20
2026-01-28 11:22:00,66.68,66.7,66.59,66.59,8
2026-01-28 11:23:00,66.5825,66.5825,66.415,66.415,4
2026-01-28 11:24:00,66.3899,66.575,66.3899,66.575,8
2026-01-28 11:25:00,66.5,66.5,66.31,66.35,9
2026-01-28 11:26:00,66.39,66.43,66.31,66.33,31
2026-01-28 11:27:00,66.43,66.47,66.43,66.47,3
2026-01-28 11:28:00,66.47,66.47,66.47,66.47,1
2026-01-28 11:29:00,66.53,66.53,66.48,66.525,6
2026-01-28 11:30:00,66.48,66.48,66.38,66.48,8
2026-01-28 11:31:00,66.455,66.62,66.29,66.515,37
2026-01-28 11:32:00,66.575,66.65,66.575,66.65,2
2026-01-28 11:33:00,66.6499,66.6499,66.5475,66.59,6
2026-01-28 11:34:00,66.585,66.585,66.485,66.485,2
2026-01-28 11:35:00,66.555,66.555,66.48,66.48,3
2026-01-28 11:36:00,66.48,66.48,66.48,66.48,0
2026-01-28 11:37:00,66.556,66.556,66.49,66.53,4
2026-01-28 11:38:00,66.535,66.535,66.535,66.535,2
2026-01-28 11:39:00,66.5,66.52,66.49,66.5,4
2026-01-28 11:40:00,66.5,66.59,66.435,66.59,23
2026-01-28 11:41:00,66.59,66.59,66.59,66.59,0
2026-01-28 11:42:00,66.56,66.56,66.42,66.42,14
2026-01-28 11:43:00,66.55,66.55,66.55,66.55,1
2026-01-28 11:44:00,66.485,66.485,66.485,66.485,3
2026-01-28 11:45:00,66.485,66.56,66.48,66.56,8
2026-01-28 11:46:00,66.5279,66.5279,66.525,66.525,11
2026-01-28 11:47:00,66.58,66.65,66.51,66.595,54
2026-01-28 11:48:00,66.5,66.5,66.41,66.41,3
2026-01-28 11:49:00,66.52,66.52,66.52,66.52,1
2026-01-28 11:50:00,66.51,66.51,66.51,66.51,1
2026-01-28 11:51:00,66.41,66.43,66.31,66.43,16
2026-01-28 11:52:00,66.29,66.395,66.29,66.325,6
2026-01-28 11:53:00,66.45,66.455,66.415,66.415,4
2026-01-28 11:54:00,66.45,66.45,66.45,66.45,1
2026-01-28 11:55:00,66.425,66.425,66.425,66.425,1
2026-01-28 11:56:00,66.42,66.43,66.32,66.34,45
2026-01-28 11:57:00,66.43,66.43,66.43,66.43,1
2026-01-28 11:58:00,66.43,66.43,66.43,66.43,0
2026-01-28 11:59:00,66.43,66.43,66.43,66.43,2
2026-01-28 12:00:00,66.435,66.52,66.435,66.44,6
2026-01-28 12:01:00,66.445,66.445,66.445,66.445,1
2026-01-28 12:02:00,66.445,66.445,66.36,66.36,7
2026-01-28 12:03:00,66.335,66.4,66.315,66.315,5
2026-01-28 12:04:00,66.4,66.4,66.315,66.38,3
2026-01-28 12:05:00,66.31,66.31,66.22,66.305,4
2026-01-28 12:06:00,66.39,66.39,66.255,66.255,5
2026-01-28 12:07:00,66.4,66.475,66.36,66.475,16
2026-01-28 12:08:00,66.44,66.44,66.36,66.36,7
2026-01-28 12:09:00,66.51,66.51,66.51,66.51,1
2026-01-28 12:10:00,66.46,66.53,66.4,66.4,5
2026-01-28 12:11:00,66.465,66.465,66.46,66.46,2
2026-01-28 12:12:00,66.46,66.46,66.46,66.46,1
2026-01-28 12:13:00,66.46,66.46,66.46,66.46,0
2026-01-28 12:14:00,66.41,66.42,66.41,66.42,2
2026-01-28 12:15:00,66.41,66.415,66.33,66.38,20
2026-01-28 12:16:00,66.4,66.4,66.4,66.4,2
2026-01-28 12:17:00,66.34,66.38,66.34,66.375,5
2026-01-28 12:18:00,66.375,66.42,66.07,66.07,89
2026-01-28 12:19:00,66.07,66.075,66.03,66.06,12
2026-01-28 12:20:00,66.06,66.06,66.06,66.06,0
2026-01-28 12:21:00,66.09,66.17,66.04,66.135,9
2026-01-28 12:22:00,66.02,66.095,65.88,66.005,20
2026-01-28 12:23:00,66.005,66.005,65.99,65.99,6
2026-01-28 12:24:00,65.99,65.99,65.99,65.99,0
2026-01-28 12:25:00,65.88,65.88,65.88,65.88,1
2026-01-28 12:26:00,65.88,65.88,65.88,65.88,0
2026-01-28 12:27:00,65.975,65.975,65.975,65.975,1
2026-01-28 12:28:00,66.0299,66.03,65.945,65.95,20
2026-01-28 12:29:00,65.91,65.9854,65.91,65.98,31
2026-01-28 12:30:00,65.99,65.995,65.95,65.95,3
2026-01-28 12:31:00,65.995,65.995,65.995,65.995,5
2026-01-28 12:32:00,65.95,66.11,65.95,66.08,56
2026-01-28 12:33:00,66.0608,66.09,65.95,66.09,81
2026-01-28 12:34:00,66.11,66.11,65.95,65.95,5
2026-01-28 12:35:00,66.03,66.16,66.03,66.06,62
2026-01-28 12:36:00,66.1,66.21,66.1,66.19,17
2026-01-28 12:37:00,66.26,66.28,66.14,66.26,6
2026-01-28 12:38:00,66.2698,66.29,66.19,66.19,6
2026-01-28 12:39:00,66.2,66.2,66.12,66.19,23
2026-01-28 12:40:00,66.13,66.16,66.13,66.16,2
2026-01-28 12:41:00,66.195,66.195,66.185,66.19,3
2026-01-28 12:42:00,66.19,66.23,66.13,66.17,12
2026-01-28 12:43:00,66.17,66.17,66.17,66.17,0
2026-01-28 12:44:00,66.13,66.2,66.13,66.18,7
2026-01-28 12:45:00,66.14,66.15,66.09,66.13,25
2026-01-28 12:46:00,66.16,66.185,66.1,66.165,14
2026-01-28 12:47:00,66.19,66.19,66.1,66.1,5
2026-01-28 12:48:00,66.23,66.23,66.14,66.14,19
2026-01-28 12:49:00,66.1985,66.1985,66.19,66.19,2
2026-01-28 12:50:00,66.19,66.195,66.154,66.16,34
2026-01-28 12:51:00,66.16,66.16,66.16,66.16,0
2026-01-28 12:52:00,66.16,66.16,66.16,66.16,1
2026-01-28 12:53:00,66.195,66.195,66.16,66.195,5
2026-01-28 12:54:00,66.2,66.415,66.2,66.33,121
2026-01-28 12:55:00,66.2,66.3375,66.17,66.295,39
2026-01-28 12:56:00,66.305,66.315,66.23,66.23,5
2026-01-28 12:57:00,66.27,66.27,66.27,66.27,1
2026-01-28 12:58:00,66.27,66.27,66.27,66.27,0
2026-01-28 12:59:00,66.22,66.22,66.19,66.215,5
2026-01-28 13:00:00,66.19,66.38,66.17,66.27,108
2026-01-28 13:01:00,66.34,66.34,66.27,66.27,12
2026-01-28 13:02:00,66.37,66.41,66.28,66.3,28
2026-01-28 13:03:00,66.4,66.415,66.4,66.415,2
2026-01-28 13:04:00,66.415,66.415,66.415,66.415,0
2026-01-28 13:05:00,66.32,66.32,66.28,66.28,10
2026-01-28 13:06:00,66.29,66.355,66.25,66.25,19
2026-01-28 13:07:00,66.37,66.455,66.28,66.455,35
2026-01-28 13:08:00,66.31,66.365,66.27,66.27,3
2026-01-28 13:09:00,66.365,66.365,66.27,66.27,13
2026-01-28 13:10:00,66.365,66.365,66.26,66.31,5
2026-01-28 13:11:00,66.25,66.3,66.24,66.24,6
2026-01-28 13:12:00,66.24,66.3,66.24,66.3,2
2026-01-28 13:13:00,66.305,66.305,66.305,66.305,2
2026-01-28 13:14:00,66.255,66.255,66.255,66.255,1
2026-01-28 13:15:00,66.27,66.305,66.26,66.26,4
2026-01-28 13:16:00,66.36,66.38,66.26,66.26,9
2026-01-28 13:17:00,66.26,66.26,66.26,66.26,0
2026-01-28 13:18:00,66.335,66.34,66.31,66.31,3
2026-01-28 13:19:00,66.32,66.32,66.32,66.32,1
2026-01-28 13:20:00,66.32,66.32,66.32,66.32,0
2026-01-28 13:21:00,66.32,66.32,66.32,66.32,0
2026-01-28 13:22:00,66.29,66.3,66.225,66.285,22
2026-01-28 13:23:00,66.3,66.3,66.25,66.25,2
2026-01-28 13:24:00,66.25,66.25,66.25,66.25,0
2026-01-28 13:25:00,66.27,66.27,66.145,66.145,15
2026-01-28 13:26:00,66.145,66.145,66.145,66.145,3
2026-01-28 13:27:00,66.18,66.18,66.14,66.14,3
2026-01-28 13:28:00,66.14,66.21,66.12,66.12,19
2026-01-28 13:29:00,66.12,66.12,66.12,66.12,2
2026-01-28 13:30:00,66.2,66.2,66.185,66.185,11
2026-01-28 13:31:00,66.22,66.22,66.19,66.19,5
2026-01-28 13:32:00,66.19,66.19,66.1,66.1,3
2026-01-28 13:33:00,66.06,66.06,65.94,65.97,17
2026-01-28 13:34:00,66.02,66.07,65.995,66.03,10
2026-01-28 13:35:00,65.9201,65.9201,65.9201,65.9201,1
2026-01-28 13:36:00,66.03,66.03,66.03,66.03,1
2026-01-28 13:37:00,66.03,66.03,65.92,66.03,3
2026-01-28 13:38:00,66.03,66.03,66.03,66.03,0
2026-01-28 13:39:00,66.01,66.01,66.01,66.01,1
2026-01-28 13:40:00,66.01,66.01,66.01,66.01,0
2026-01-28 13:41:00,66.05,66.09,66.0,66.09,8
2026-01-28 13:42:00,66.05,66.05,65.85,65.915,31
2026-01-28 13:43:00,65.85,65.96,65.78,65.94,27
2026-01-28 13:44:00,65.94,65.94,65.94,65.94,0
2026-01-28 13:45:00,65.9,65.97,65.875,65.97,4
2026-01-28 13:46:00,65.8,65.8,65.8,65.8,1
2026-01-28 13:47:00,65.81,65.95,65.81,65.93,21
2026-01-28 13:48:00,65.8,65.98,65.8,65.98,4
2026-01-28 13:49:00,65.98,65.98,65.98,65.98,0
2026-01-28 13:50:00,65.895,65.895,65.895,65.895,2
2026-01-28 13:51:00,65.895,65.895,65.895,65.895,2
2026-01-28 13:52:00,65.81,65.9799,65.81,65.895,9
2026-01-28 13:53:00,65.9064,66.06,65.82,65.82,36
2026-01-28 13:54:00,65.96,66.07,65.82,65.82,23
2026-01-28 13:55:00,65.82,65.85,65.82,65.85,6
2026-01-28 13:56:00,65.85,65.85,65.85,65.85,0
2026-01-28 13:57:00,65.92,65.92,65.78,65.845,3
2026-01-28 13:58:00,65.86,65.86,65.86,65.86,1
2026-01-28 13:59:00,65.815,65.815,65.815,65.815,1
2026-01-28 14:00:00,65.81,66.02,65.73,65.935,71
2026-01-28 14:01:00,65.935,65.935,65.935,65.935,1
2026-01-28 14:02:00,65.88,65.935,65.87,65.935,9
2026-01-28 14:03:00,65.94,66.0,65.94,66.0,2
2026-01-28 14:04:00,65.94,65.99,65.94,65.99,10
2026-01-28 14:05:00,65.945,65.945,65.94,65.94,3
2026-01-28 14:06:00,65.94,65.94,65.8764,65.8764,12
2026-01-28 14:07:00,65.935,65.94,65.935,65.94,2
2026-01-28 14:08:00,65.935,65.935,65.935,65.935,3
2026-01-28 14:09:00,65.935,65.99,65.935,65.94,4
2026-01-28 14:10:00,65.94,65.94,65.94,65.94,1
2026-01-28 14:11:00,65.94,66.01,65.84,65.86,95
2026-01-28 14:12:00,65.86,65.86,65.75,65.75,9
2026-01-28 14:13:00,65.81,65.81,65.79,65.79,3
2026-01-28 14:14:00,65.78,65.79,65.78,65.78,3
2026-01-28 14:15:00,65.78,65.83,65.78,65.83,15
2026-01-28 14:16:00,65.79,65.86,65.79,65.86,3
2026-01-28 14:17:00,65.81,65.85,65.78,65.78,14
2026-01-28 14:18:00,65.77,65.77,65.75,65.77,4
2026-01-28 14:19:00,65.825,65.825,65.825,65.825,1
2026-01-28 14:20:00,65.825,65.825,65.76,65.76,2
2026-01-28 14:21:00,65.8,65.81,65.8,65.805,8
2026-01-28 14:22:00,65.81,65.91,65.81,65.855,95
2026-01-28 14:23:00,65.865,66.035,65.865,66.035,12
2026-01-28 14:24:00,66.04,66.045,66.04,66.04,3
2026-01-28 14:25:00,66.025,66.025,65.97,65.97,7
2026-01-28 14:26:00,66.0,66.0,66.0,66.0,2
2026-01-28 14:27:00,66.06,66.06,66.06,66.06,1
2026-01-28 14:28:00,66.1,66.175,66.1,66.175,9
2026-01-28 14:29:00,66.195,66.195,65.95,65.95,51
2026-01-28 14:30:00,65.91,66.9,65.91,66.9,66
2026-01-28 14:31:00,67.0,67.16,66.99,67.02,17
2026-01-28 14:32:00,66.81,66.88,66.63,66.63,24
2026-01-28 14:33:00,66.82,66.83,66.34,66.34,6
2026-01-28 14:34:00,66.385,66.385,66.0,66.0,34
2026-01-28 14:35:00,66.085,66.085,66.085,66.085,1
2026-01-28 14:36:00,66.0,66.09,66.0,66.09,4
2026-01-28 14:37:00,66.24,66.24,66.175,66.175,3
2026-01-28 14:38:00,66.165,66.165,66.165,66.165,1
2026-01-28 14:39:00,66.165,66.26,66.165,66.26,8
2026-01-28 14:40:00,66.26,66.41,66.24,66.41,12
2026-01-28 14:41:00,66.41,66.42,66.32,66.42,13
2026-01-28 14:42:00,66.3101,66.3101,66.3101,66.3101,1
2026-01-28 14:43:00,66.33,66.42,66.33,66.42,4
2026-01-28 14:44:00,66.42,66.42,66.32,66.4,5
2026-01-28 14:45:00,66.41,66.535,66.41,66.48,42
2026-01-28 14:46:00,66.49,66.62,66.49,66.51,4
2026-01-28 14:47:00,66.51,66.51,66.5,66.5,2
2026-01-28 14:48:00,66.595,66.595,66.59,66.59,2
2026-01-28 14:49:00,66.52,66.605,66.52,66.605,7
2026-01-28 14:50:00,66.605,66.73,66.605,66.73,3
2026-01-28 14:51:00,66.605,66.605,66.605,66.605,1
2026-01-28 14:52:00,66.61,66.63,66.46,66.475,59
2026-01-28 14:53:00,66.49,66.57,66.49,66.565,28
2026-01-28 14:54:00,66.63,66.67,66.63,66.63,8
2026-01-28 14:55:00,66.55,66.55,66.54,66.54,4
2026-01-28 14:56:00,66.55,66.55,66.4,66.425,10
2026-01-28 14:57:00,66.35,66.38,66.35,66.38,5
2026-01-28 14:58:00,66.4,66.4,66.4,66.4,1
2026-01-28 14:59:00,66.4,66.405,66.4,66.405,5
2026-01-28 15:00:00,66.41,66.41,66.28,66.29,19
2026-01-28 15:01:00,66.305,66.305,66.305,66.305,2
2026-01-28 15:02:00,66.305,66.32,66.24,66.29,24
2026-01-28 15:03:00,66.29,66.29,66.22,66.23,24
2026-01-28 15:04:00,66.21,66.2272,66.2,66.2272,5
2026-01-28 15:05:00,66.205,66.205,65.985,66.03,54
2026-01-28 15:06:00,66.0,66.0,65.905,66.0,35
2026-01-28 15:07:00,66.01,66.03,65.9625,65.965,15
2026-01-28 15:08:00,65.98,66.03,65.955,65.955,37
2026-01-28 15:09:00,65.96,65.98,65.945,65.98,13
2026-01-28 15:10:00,65.99,66.04,65.98,65.99,12
2026-01-28 15:11:00,65.99,65.99,65.99,65.99,1
2026-01-28 15:12:00,65.99,66.24,65.99,66.05,238
2026-01-28 15:13:00,66.01,66.01,65.94,66.005,28
2026-01-28 15:14:00,66.005,66.01,65.93,65.93,6
2026-01-28 15:15:00,65.9775,66.14,65.9775,66.14,32
2026-01-28 15:16:00,66.02,66.05,65.97,65.97,3
2026-01-28 15:17:00,65.95,65.9532,65.91,65.92,22
2026-01-28 15:18:00,65.92,66.08,65.92,66.08,7
2026-01-28 15:19:00,66.07,66.24,66.07,66.24,2
2026-01-28 15:20:00,66.12,66.12,66.12,66.12,1
2026-01-28 15:21:00,66.12,66.12,66.07,66.07,2
2026-01-28 15:22:00,66.11,66.24,66.08,66.125,15
2026-01-28 15:23:00,66.13,66.13,66.0,66.035,30
2026-01-28 15:24:00,66.035,66.055,66.02,66.02,11
2026-01-28 15:25:00,65.98,66.24,65.86,66.185,95
2026-01-28 15:26:00,66.13,66.16,66.09,66.09,9
2026-01-28 15:27:00,66.15,66.2,66.13,66.2,9
2026-01-28 15:28:00,66.145,66.21,66.05,66.115,32
2026-01-28 15:29:00,66.06,66.0642,66.06,66.0642,3
2026-01-28 15:30:00,65.97,66.027,65.97,66.01,3
2026-01-28 15:31:00,65.99,66.02,65.99,66.02,6
2026-01-28 15:32:00,66.015,66.02,66.0,66.015,5
2026-01-28 15:33:00,66.02,66.04,65.99,66.04,9
2026-01-28 15:34:00,66.015,66.03,65.98,66.01,17
2026-01-28 15:35:00,65.98,66.075,65.96,66.075,40
2026-01-28 15:36:00,66.02,66.02,65.99,65.99,9
2026-01-28 15:37:00,65.99,66.08,65.99,66.08,29
2026-01-28 15:38:00,66.0525,66.1,66.05,66.08,25
2026-01-28 15:39:00,66.08,66.16,66.08,66.16,17
2026-01-28 15:40:00,66.16,66.19,66.12,66.16,70
2026-01-28 15:41:00,66.155,66.16,66.09,66.1125,16
2026-01-28 15:42:00,66.08,66.11,66.06,66.09,15
2026-01-28 15:43:00,66.09,66.0975,66.07,66.07,6
2026-01-28 15:44:00,66.075,66.155,66.05,66.13,36
2026-01-28 15:45:00,66.11,66.11,66.02,66.0675,26
2026-01-28 15:46:00,66.08,66.08,65.96,65.96,24
2026-01-28 15:47:00,65.96,65.97,65.9101,65.94,18
2026-01-28 15:48:00,65.93,65.93,65.73,65.73,35
2026-01-28 15:49:00,65.7,65.735,65.7,65.73,34
2026-01-28 15:50:00,65.74,65.74,65.52,65.52,84
2026-01-28 15:51:00,65.55,65.665,65.54,65.57,75
2026-01-28 15:52:00,65.67,65.67,65.5,65.5379,63
2026-01-28 15:53:00,65.56,65.5834,65.53,65.545,38
2026-01-28 15:54:00,65.52,65.57,65.5,65.55,49
2026-01-28 15:55:00,65.575,65.7,65.475,65.7,96
2026-01-28 15:56:00,65.675,65.69,65.6396,65.66,79
2026-01-28 15:57:00,65.67,65.68,65.54,65.54,97
2026-01-28 15:58:00,65.55,65.6,65.535,65.6,117
2026-01-28 15:59:00,65.6,65.62,65.52,65.61,176
2026-01-29 09:30:00,65.58,66.2,65.4501,66.2,214
2026-01-29 09:31:00,65.6,66.73,65.6,66.73,2
2026-01-29 09:32:00,66.79,66.79,66.0932,66.0932,45
2026-01-29 09:33:00,66.25,66.41,66.25,66.41,13
2026-01-29 09:34:00,66.45,66.69,66.45,66.65,7
2026-01-29 09:35:00,66.69,67.94,66.69,67.6575,84
2026-01-29 09:36:00,67.65,67.75,67.47,67.6727,39
2026-01-29 09:37:00,67.68,67.68,67.45,67.68,17
2026-01-29 09:38:00,67.475,67.7,67.475,67.55,60
2026-01-29 09:39:00,67.67,67.81,67.628,67.725,96
2026-01-29 09:40:00,67.805,68.23,67.68,68.23,126
2026-01-29 09:41:00,68.22,68.47,68.16,68.16,89
2026-01-29 09:42:00,68.1414,68.36,68.11,68.18,26
2026-01-29 09:43:00,68.13,68.41,68.02,68.17,29
2026-01-29 09:44:00,68.155,68.155,67.84,67.84,51
2026-01-29 09:45:00,67.83,67.83,67.4,67.405,57
2026-01-29 09:46:00,67.41,67.415,67.37,67.37,9
2026-01-29 09:47:00,67.37,67.395,67.325,67.325,171
2026-01-29 09:48:00,67.46,68.22,67.46,68.22,59
2026-01-29 09:49:00,68.0,68.195,67.895,68.195,107
2026-01-29 09:50:00,68.2386,68.51,68.2386,68.325,115
2026-01-29 09:51:00,68.57,68.77,68.565,68.77,28
2026-01-29 09:52:00,68.8368,68.96,68.785,68.81,42
2026-01-29 09:53:00,68.81,68.81,68.37,68.385,71
2026-01-29 09:54:00,68.385,68.96,68.368,68.96,38
2026-01-29 09:55:00,68.785,68.89,68.705,68.71,32
2026-01-29 09:56:00,68.6201,68.82,68.2456,68.2456,97
2026-01-29 09:57:00,68.27,68.3215,68.27,68.3215,9
2026-01-29 09:58:00,68.4445,68.53,68.27,68.43,39
2026-01-29 09:59:00,68.38,68.6099,68.332,68.4,4
2026-01-29 10:00:00,68.34,68.34,68.2494,68.29,15
2026-01-29 10:01:00,68.3,68.31,68.11,68.11,19
2026-01-29 10:02:00,68.176,68.4,68.11,68.33,32
2026-01-29 10:03:00,68.38,68.42,68.34,68.34,6
2026-01-29 10:04:00,68.34,68.3586,68.34,68.3586,12
2026-01-29 10:05:00,68.34,68.5,68.34,68.5,2
2026-01-29 10:06:00,68.34,68.34,68.34,68.34,9
2026-01-29 10:07:00,68.34,68.34,68.34,68.34,1
2026-01-29 10:08:00,68.34,68.59,68.34,68.4,31
2026-01-29 10:09:00,68.28,68.32,68.18,68.32,18
2026-01-29 10:10:00,68.4999,68.4999,68.2975,68.3035,6
2026-01-29 10:11:00,68.4599,68.4599,68.315,68.315,19
2026-01-29 10:12:00,68.32,68.32,68.32,68.32,1
2026-01-29 10:13:00,68.355,68.73,68.355,68.64,25
2026-01-29 10:14:00,68.65,68.73,68.56,68.665,56
2026-01-29 10:15:00,68.61,68.67,68.59,68.65,14
2026-01-29 10:16:00,68.62,68.69,68.6,68.62,27
2026-01-29 10:17:00,68.71,68.71,68.57,68.58,13
2026-01-29 10:18:00,68.59,68.59,68.24,68.29,74
2026-01-29 10:19:00,68.3201,68.3201,68.16,68.16,7
2026-01-29 10:20:00,68.21,68.22,68.21,68.21,9
2026-01-29 10:21:00,68.3241,68.3241,68.13,68.2,6
2026-01-29 10:22:00,68.2,68.2,68.2,68.2,0
2026-01-29 10:23:00,68.24,68.24,68.17,68.17,3
2026-01-29 10:24:00,68.28,68.37,68.17,68.27,78
2026-01-29 10:25:00,68.285,68.49,68.14,68.34,7
2026-01-29 10:26:00,68.4489,68.4489,68.3355,68.43,8
2026-01-29 10:27:00,68.43,68.43,68.43,68.43,7
2026-01-29 10:28:00,68.33,68.33,68.11,68.2,26
2026-01-29 10:29:00,68.08,68.08,68.06,68.08,8
2026-01-29 10:30:00,68.08,68.08,68.08,68.08,0
2026-01-29 10:31:00,68.17,68.18,68.15,68.17,13
2026-01-29 10:32:00,68.17,68.18,67.9,67.9,30
2026-01-29 10:33:00,68.035,68.035,68.035,68.035,1
2026-01-29 10:34:00,68.035,68.035,68.035,68.035,0
2026-01-29 10:35:00,67.9,67.94,67.84,67.84,14
2026-01-29 10:36:00,67.8401,67.8401,67.83,67.83,3
2026-01-29 10:37:00,67.72,67.765,67.59,67.59,11
2026-01-29 10:38:00,67.53,67.57,67.53,67.57,4
2026-01-29 10:39:00,67.54,67.585,67.54,67.585,3
2026-01-29 10:40:00,67.48,67.49,67.33,67.405,8
2026-01-29 10:41:00,67.405,67.425,67.405,67.425,23
2026-01-29 10:42:00,67.4425,67.4425,67.34,67.34,3
2026-01-29 10:43:00,67.38,67.42,67.37,67.42,5
2026-01-29 10:44:00,67.42,67.42,67.35,67.35,6
2026-01-29 10:45:00,67.35,67.35,67.35,67.35,0
2026-01-29 10:46:00,67.3758,67.3758,67.3758,67.3758,2
2026-01-29 10:47:00,67.4322,67.4322,67.265,67.3,26
2026-01-29 10:48:00,67.425,67.425,67.425,67.425,5
2026-01-29 10:49:00,67.43,67.43,67.37,67.37,4
2026-01-29 10:50:00,67.3,67.31,67.08,67.13,65
2026-01-29 10:51:00,67.17,67.17,67.17,67.17,6
2026-01-29 10:52:00,67.175,67.175,67.04,67.04,3
2026-01-29 10:53:00,67.11,67.11,67.03,67.03,15
2026-01-29 10:54:00,67.0,67.065,66.77,66.77,80
2026-01-29 10:55:00,66.97,67.17,66.955,67.17,20
2026-01-29 10:56:00,67.235,67.235,67.235,67.235,2
2026-01-29 10:57:00,67.22,67.34,67.22,67.34,8
2026-01-29 10:58:00,67.37,67.45,67.35,67.385,33
2026-01-29 10:59:00,67.385,67.49,67.385,67.44,20
2026-01-29 11:00:00,67.5345,67.5345,67.5345,67.5345,1
2026-01-29 11:01:00,67.538,67.538,67.538,67.538,1
2026-01-29 11:02:00,67.53,67.53,67.4402,67.4402,5
2026-01-29 11:03:00,67.4,67.415,67.32,67.415,81
2026-01-29 11:04:00,67.32,67.32,67.26,67.26,9
2026-01-29 11:05:00,67.23,67.37,67.23,67.3,30
2026-01-29 11:06:00,67.26,67.26,67.2285,67.2285,3
2026-01-29 11:07:00,67.1,67.131,67.1,67.131,5
2026-01-29 11:08:00,67.1301,67.215,67.1301,67.215,7
2026-01-29 11:09:00,67.17,67.17,67.17,67.17,1
2026-01-29 11:10:00,67.17,67.21,67.14,67.21,5
2026-01-29 11:11:00,67.275,67.425,67.275,67.425,10
2026-01-29 11:12:00,67.49,67.615,67.47,67.53,11
2026-01-29 11:13:00,67.54,67.54,67.54,67.54,4
2026-01-29 11:14:00,67.44,67.44,67.44,67.44,1
2026-01-29 11:15:00,67.58,67.6951,67.58,67.65,23
2026-01-29 11:16:00,67.6,67.745,67.6,67.745,18
2026-01-29 11:17:00,67.79,68.0954,67.79,68.0954,35
2026-01-29 11:18:00,67.995,68.01,67.995,68.0,14
2026-01-29 11:19:00,68.0,68.13,67.98,68.115,15
2026-01-29 11:20:00,68.115,68.18,68.01,68.01,45
2026-01-29 11:21:00,67.98,67.98,67.83,67.83,17
2026-01-29 11:22:00,67.8,67.8,67.6,67.615,17
2026-01-29 11:23:00,67.615,67.615,67.615,67.615,1
2026-01-29 11:24:00,67.615,67.615,67.615,67.615,0
2026-01-29 11:25:00,67.615,67.615,67.615,67.615,0
2026-01-29 11:26:00,67.62,67.62,67.62,67.62,1
2026-01-29 11:27:00,67.75,67.75,67.58,67.75,10
2026-01-29 11:28:00,67.575,67.66,67.575,67.66,3
2026-01-29 11:29:00,67.575,67.75,67.575,67.75,6
2026-01-29 11:30:00,67.75,67.75,67.68,67.68,12
2026-01-29 11:31:00,67.79,67.8,67.7,67.7,3
2026-01-29 11:32:00,67.82,67.82,67.78,67.78,3
2026-01-29 11:33:00,67.78,67.78,67.78,67.78,0
2026-01-29 11:34:00,67.74,67.8,67.74,67.7401,4
2026-01-29 11:35:00,67.735,67.735,67.735,67.735,5
2026-01-29 11:36:00,67.7999,67.95,67.735,67.9,23
2026-01-29 11:37:00,67.9,67.9,67.9,67.9,0
2026-01-29 11:38:00,67.89,67.96,67.89,67.9177,10
2026-01-29 11:39:00,67.95,68.055,67.93,68.03,131
2026-01-29 11:40:00,68.02,68.2,67.95,68.15,79
2026-01-29 11:41:00,68.18,68.27,68.15,68.25,62
2026-01-29 11:42:00,68.34,68.34,68.34,68.34,1
2026-01-29 11:43:00,68.345,68.345,68.345,68.345,8
2026-01-29 11:44:00,68.355,68.5,68.04,68.04,26
2026-01-29 11:45:00,68.03,68.03,68.0,68.0,14
2026-01-29 11:46:00,68.105,68.23,68.105,68.225,20
2026-01-29 11:47:00,68.17,68.22,68.13,68.13,11
2026-01-29 11:48:00,68.22,68.22,68.1,68.1,11
2026-01-29 11:49:00,68.1,68.24,68.085,68.225,60
2026-01-29 11:50:00,68.26,68.375,68.26,68.2923,30
2026-01-29 11:51:00,68.26,68.285,68.26,68.285,8
2026-01-29 11:52:00,68.18,68.24,68.18,68.24,9
2026-01-29 11:53:00,68.16,68.16,68.15,68.15,23
2026-01-29 11:54:00,68.275,68.275,68.19,68.21,6
2026-01-29 11:55:00,68.27,68.27,68.27,68.27,1
2026-01-29 11:56:00,68.22,68.22,68.19,68.19,9
2026-01-29 11:57:00,68.13,68.13,68.13,68.13,6
2026-01-29 11:58:00,68.19,68.19,68.18,68.18,2
2026-01-29 11:59:00,68.185,68.185,68.045,68.045,24
2026-01-29 12:00:00,68.04,68.11,68.04,68.09,17
2026-01-29 12:01:00,68.0,68.2,68.0,68.18,13
2026-01-29 12:02:00,68.201,68.215,68.201,68.215,7
2026-01-29 12:03:00,68.25,68.25,68.19,68.19,10
2026-01-29 12:04:00,68.19,68.265,68.19,68.265,3
2026-01-29 12:05:00,68.17,68.23,68.17,68.23,11
2026-01-29 12:06:00,68.23,68.23,68.23,68.23,1
2026-01-29 12:07:00,68.26,68.3,68.26,68.27,12
2026-01-29 12:08:00,68.34,68.38,68.27,68.305,56
2026-01-29 12:09:00,68.26,68.26,68.25,68.25,3
2026-01-29 12:10:00,68.305,68.305,68.305,68.305,1
2026-01-29 12:11:00,68.305,68.305,68.305,68.305,0
2026-01-29 12:12:00,68.26,68.26,68.26,68.26,3
2026-01-29 12:13:00,68.31,68.31,68.31,68.31,5
2026-01-29 12:14:00,68.35,68.4044,68.32,68.4044,11
2026-01-29 12:15:00,68.37,68.37,68.36,68.365,5
2026-01-29 12:16:00,68.365,68.365,68.365,68.365,0
2026-01-29 12:17:00,68.43,68.43,68.37,68.37,4
2026-01-29 12:18:00,68.43,68.43,68.38,68.38,9
2026-01-29 12:19:00,68.43,68.45,68.41,68.42,5
2026-01-29 12:20:00,68.4617,68.6,68.39,68.58,68
2026-01-29 12:21:00,68.5,68.835,68.5,68.835,80
2026-01-29 12:22:00,68.78,69.19,68.78,69.035,149
2026-01-29 12:23:00,69.02,69.05,68.96,68.96,52
2026-01-29 12:24:00,68.97,68.97,68.72,68.73,49
2026-01-29 12:25:00,68.73,68.73,68.67,68.67,8
2026-01-29 12:26:00,68.58,68.58,68.58,68.58,3
2026-01-29 12:27:00,68.57,68.693,68.57,68.58,5
2026-01-29 12:28:00,68.58,68.58,68.57,68.57,4
2026-01-29 12:29:00,68.5601,68.65,68.5601,68.65,5
2026-01-29 12:30:00,68.65,68.65,68.4,68.49,47
2026-01-29 12:31:00,68.51,68.51,68.49,68.49,23
2026-01-29 12:32:00,68.5835,68.5835,68.455,68.5,13
2026-01-29 12:33:00,68.535,68.535,68.535,68.535,1
2026-01-29 12:34:00,68.57,68.58,68.57,68.58,2
2026-01-29 12:35:00,68.54,68.545,68.37,68.43,22
2026-01-29 12:36:00,68.41,68.43,68.38,68.43,8
2026-01-29 12:37:00,68.48,68.5051,68.4746,68.5051,5
2026-01-29 12:38:00,68.505,68.505,68.39,68.39,18
2026-01-29 12:39:00,68.4,68.41,68.24,68.24,28
2026-01-29 12:40:00,68.24,68.24,68.16,68.16,2
2026-01-29 12:41:00,68.245,68.245,68.245,68.245,1
2026-01-29 12:42:00,68.245,68.33,68.245,68.32,45
2026-01-29 12:43:00,68.18,68.18,68.1,68.15,18
2026-01-29 12:44:00,68.225,68.225,68.225,68.225,2
2026-01-29 12:45:00,68.14,68.23,68.14,68.225,9
2026-01-29 12:46:00,68.23,68.23,68.17,68.17,4
2026-01-29 12:47:00,68.205,68.23,68.14,68.23,15
2026-01-29 12:48:00,68.23,68.23,68.23,68.23,3
2026-01-29 12:49:00,68.23,68.38,68.23,68.32,61
2026-01-29 12:50:00,68.32,68.32,68.32,68.32,2
2026-01-29 12:51:00,68.27,68.325,68.2,68.325,7
2026-01-29 12:52:00,68.325,68.45,68.21,68.26,31
2026-01-29 12:53:00,68.22,68.265,68.2,68.21,38
2026-01-29 12:54:00,68.22,68.33,68.2101,68.33,20
2026-01-29 12:55:00,68.335,68.335,68.22,68.22,33
2026-01-29 12:56:00,68.22,68.22,68.22,68.22,1
2026-01-29 12:57:00,68.23,68.23,68.23,68.23,1
2026-01-29 12:58:00,68.23,68.23,68.23,68.23,1
2026-01-29 12:59:00,68.3,68.3618,68.23,68.3618,4
2026-01-29 13:00:00,68.23,68.23,68.23,68.23,1
2026-01-29 13:01:00,68.23,68.37,68.23,68.37,6
2026-01-29 13:02:00,68.38,68.38,68.28,68.31,10
2026-01-29 13:03:00,68.29,68.565,68.28,68.565,63
2026-01-29 13:04:00,68.565,68.565,68.565,68.565,2
2026-01-29 13:05:00,68.61,68.61,68.59,68.59,2
2026-01-29 13:06:00,68.6499,68.69,68.62,68.62,102
2026-01-29 13:07:00,68.615,68.615,68.615,68.615,1
2026-01-29 13:08:00,68.615,68.615,68.615,68.615,0
2026-01-29 13:09:00,68.6899,68.6899,68.6084,68.64,12
2026-01-29 13:10:00,68.68,68.68,68.59,68.66,28
2026-01-29 13:11:00,68.88,68.88,68.88,68.88,1
2026-01-29 13:12:00,68.91,68.97,68.91,68.94,12
2026-01-29 13:13:00,68.89,68.89,68.73,68.73,56
2026-01-29 13:14:00,68.8,68.805,68.8,68.805,2
2026-01-29 13:15:00,68.74,68.74,68.74,68.74,1
2026-01-29 13:16:00,68.75,68.87,68.73,68.73,36
2026-01-29 13:17:00,68.73,68.73,68.65,68.65,6
2026-01-29 13:18:00,68.74,68.75,68.66,68.66,3
2026-01-29 13:19:00,68.66,68.66,68.66,68.66,0
2026-01-29 13:20:00,68.69,68.69,68.66,68.66,16
2026-01-29 13:21:00,68.71,68.775,68.65,68.65,15
2026-01-29 13:22:00,68.755,68.82,68.755,68.82,8
2026-01-29 13:23:00,68.82,68.82,68.82,68.82,0
2026-01-29 13:24:00,68.82,68.82,68.82,68.82,0
2026-01-29 13:25:00,68.7,68.765,68.66,68.685,14
2026-01-29 13:26:00,68.66,68.66,68.66,68.66,1
2026-01-29 13:27:00,68.74,68.755,68.74,68.75,7
2026-01-29 13:28:00,68.68,68.68,68.68,68.68,1
2026-01-29 13:29:00,68.69,68.69,68.69,68.69,1
2026-01-29 13:30:00,68.67,68.67,68.63,68.63,17
2026-01-29 13:31:00,68.66,68.85,68.66,68.8,13
2026-01-29 13:32:00,68.86,68.86,68.86,68.86,1
2026-01-29 13:33:00,68.8033,68.8033,68.77,68.77,9
2026-01-29 13:34:00,68.815,68.815,68.73,68.73,6
2026-01-29 13:35:00,68.74,68.74,68.73,68.73,8
2026-01-29 13:36:00,68.74,68.74,68.64,68.66,33
2026-01-29 13:37:00,68.63,68.83,68.63,68.83,19
2026-01-29 13:38:00,68.83,68.85,68.74,68.79,28
2026-01-29 13:39:00,68.79,68.79,68.79,68.79,0
2026-01-29 13:40:00,68.84,68.88,68.84,68.86,24
2026-01-29 13:41:00,68.79,68.79,68.72,68.78,12
2026-01-29 13:42:00,68.8128,68.8128,68.72,68.72,3
2026-01-29 13:43:00,68.76,68.77,68.745,68.77,4
2026-01-29 13:44:00,68.82,68.84,68.78,68.84,4
2026-01-29 13:45:00,68.81,68.81,68.81,68.81,1
2026-01-29 13:46:00,68.81,68.81,68.71,68.75,32
2026-01-29 13:47:00,68.75,68.75,68.75,68.75,0
2026-01-29 13:48:00,68.71,68.71,68.66,68.66,28
2026-01-29 13:49:00,68.75,68.75,68.67,68.67,2
2026-01-29 13:50:00,68.68,68.68,68.66,68.66,3
2026-01-29 13:51:00,68.66,68.66,68.66,68.66,6
2026-01-29 13:52:00,68.65,68.7,68.65,68.7,3
2026-01-29 13:53:00,68.65,68.69,68.65,68.69,5
2026-01-29 13:54:00,68.69,68.69,68.69,68.69,0
2026-01-29 13:55:00,68.74,68.8,68.74,68.8,7
2026-01-29 13:56:00,68.74,68.75,68.73,68.75,21
2026-01-29 13:57:00,68.77,68.84,68.77,68.84,8
2026-01-29 13:58:00,68.84,68.84,68.84,68.84,0
2026-01-29 13:59:00,68.68,68.68,68.67,68.67,3
2026-01-29 14:00:00,68.59,68.59,68.58,68.58,3
2026-01-29 14:01:00,68.56,68.64,68.49,68.49,26
2026-01-29 14:02:00,68.425,68.45,68.425,68.45,5
2026-01-29 14:03:00,68.39,68.52,68.375,68.42,19
2026-01-29 14:04:00,68.42,68.42,68.42,68.42,0
2026-01-29 14:05:00,68.445,68.445,68.41,68.41,2
2026-01-29 14:06:00,68.415,68.432,68.37,68.37,6
2026-01-29 14:07:00,68.47,68.52,68.46,68.46,45
2026-01-29 14:08:00,68.5025,68.565,68.5025,68.54,63
2026-01-29 14:09:00,68.54,68.54,68.54,68.54,2
2026-01-29 14:10:00,68.61,68.67,68.6,68.6,10
2026-01-29 14:11:00,68.655,68.655,68.6,68.6,2
2026-01-29 14:12:00,68.65,68.655,68.63,68.63,3
2026-01-29 14:13:00,68.7,68.7926,68.69,68.7926,11
2026-01-29 14:14:00,68.68,68.7375,68.67,68.7375,26
2026-01-29 14:15:00,68.7375,68.7375,68.7375,68.7375,0
2026-01-29 14:16:00,68.81,68.81,68.78,68.78,2
2026-01-29 14:17:00,68.815,68.815,68.815,68.815,1
2026-01-29 14:18:00,68.8275,68.88,68.8275,68.8675,8
2026-01-29 14:19:00,68.82,68.83,68.79,68.79,12
2026-01-29 14:20:00,68.77,68.83,68.76,68.76,198
2026-01-29 14:21:00,68.78,68.815,68.71,68.792,213
2026-01-29 14:22:00,68.69,68.81,68.69,68.81,9
2026-01-29 14:23:00,68.85,68.86,68.85,68.86,3
2026-01-29 14:24:00,68.91,68.94,68.82,68.875,36
2026-01-29 14:25:00,68.875,68.885,68.79,68.79,21
2026-01-29 14:26:00,68.79,68.79,68.79,68.79,0
2026-01-29 14:27:00,68.83,68.83,68.81,68.83,27
2026-01-29 14:28:00,68.82,68.84,68.82,68.84,3
2026-01-29 14:29:00,68.89,68.905,68.89,68.905,2
2026-01-29 14:30:00,68.85,68.85,68.69,68.69,30
2026-01-29 14:31:00,68.67,69.19,68.65,69.19,85
2026-01-29 14:32:00,69.14,69.14,69.08,69.135,13
2026-01-29 14:33:00,69.2099,69.3,69.13,69.3,38
2026-01-29 14:34:00,69.21,69.21,69.2,69.2,2
2026-01-29 14:35:00,69.26,69.37,69.26,69.27,30
2026-01-29 14:36:00,69.315,69.315,69.315,69.315,1
2026-01-29 14:37:00,69.35,69.47,69.335,69.46,36
2026-01-29 14:38:00,69.415,69.48,69.415,69.4705,7
2026-01-29 14:39:00,69.415,69.42,69.28,69.28,37
2026-01-29 14:40:00,69.23,69.23,69.2,69.2,8
2026-01-29 14:41:00,69.18,69.26,69.18,69.26,8
2026-01-29 14:42:00,69.22,69.22,69.2,69.2,2
2026-01-29 14:43:00,69.2,69.205,69.2,69.205,2
2026-01-29 14:44:00,69.21,69.21,69.2,69.2,5
2026-01-29 14:45:00,69.18,69.18,69.14,69.14,3
2026-01-29 14:46:00,69.18,69.19,69.13,69.15,8
2026-01-29 14:47:00,69.13,69.13,69.06,69.06,4
2026-01-29 14:48:00,69.05,69.05,68.99,68.99,8
2026-01-29 14:49:00,69.0,69.0,68.995,68.995,3
2026-01-29 14:50:00,69.0,69.01,69.0,69.01,5
2026-01-29 14:51:00,69.0,69.075,69.0,69.0725,4
2026-01-29 14:52:00,69.075,69.075,69.075,69.075,1
2026-01-29 14:53:00,69.01,69.03,68.98,68.995,20
2026-01-29 14:54:00,68.96,69.045,68.96,69.0203,5
2026-01-29 14:55:00,69.045,69.19,69.045,69.19,34
2026-01-29 14:56:00,69.19,69.19,69.19,69.19,0
2026-01-29 14:57:00,69.2,69.2,68.99,69.075,53
2026-01-29 14:58:00,69.03,69.03,69.03,69.03,2
2026-01-29 14:59:00,69.01,69.0565,68.99,68.99,5
2026-01-29 15:00:00,69.05,69.055,68.97,68.97,5
2026-01-29 15:01:00,68.97,68.995,68.935,68.995,22
2026-01-29 15:02:00,68.985,69.125,68.985,69.125,17
2026-01-29 15:03:00,69.14,69.18,69.13,69.18,17
2026-01-29 15:04:00,69.15,69.15,69.15,69.15,3
2026-01-29 15:05:00,69.16,69.175,69.12,69.13,41
2026-01-29 15:06:00,69.17,69.21,69.15,69.15,6
2026-01-29 15:07:00,69.19,69.24,69.19,69.22,19
2026-01-29 15:08:00,69.22,69.31,69.19,69.27,71
2026-01-29 15:09:00,69.22,69.27,69.21,69.27,15
2026-01-29 15:10:00,69.27,69.33,69.27,69.325,23
2026-01-29 15:11:00,69.325,69.41,69.325,69.41,9
2026-01-29 15:12:00,69.41,69.46,69.41,69.46,17
2026-01-29 15:13:00,69.45,69.535,69.4264,69.4264,71
2026-01-29 15:14:00,69.45,69.455,69.45,69.455,6
2026-01-29 15:15:00,69.43,69.43,69.39,69.39,10
2026-01-29 15:16:00,69.39,69.47,69.39,69.47,4
2026-01-29 15:17:00,69.47,69.47,69.47,69.47,0
2026-01-29 15:18:00,69.43,69.4999,69.39,69.4999,17
2026-01-29 15:19:00,69.4,69.63,69.4,69.63,32
2026-01-29 15:20:00,69.63,69.65,69.58,69.6,27
2026-01-29 15:21:00,69.635,69.69,69.635,69.665,21
2026-01-29 15:22:00,69.6889,69.85,69.67,69.73,220
2026-01-29 15:23:00,69.71,69.71,69.705,69.71,6
2026-01-29 15:24:00,69.67,69.67,69.63,69.655,12
2026-01-29 15:25:00,69.63,69.63,69.59,69.615,16
2026-01-29 15:26:00,69.6,69.67,69.59,69.61,26
2026-01-29 15:27:00,69.59,69.63,69.58,69.6085,26
2026-01-29 15:28:00,69.605,69.67,69.605,69.625,21
2026-01-29 15:29:00,69.6,69.6,69.4541,69.52,37
2026-01-29 15:30:00,69.52,69.54,69.4,69.4675,33
2026-01-29 15:31:00,69.4675,69.4675,69.4675,69.4675,0
2026-01-29 15:32:00,69.4,69.45,69.39,69.395,27
2026-01-29 15:33:00,69.395,69.395,69.33,69.33,13
2026-01-29 15:34:00,69.355,69.42,69.33,69.34,37
2026-01-29 15:35:00,69.32,69.34,69.28,69.335,28
2026-01-29 15:36:00,69.35,69.47,69.33,69.375,46
2026-01-29 15:37:00,69.375,69.3927,69.375,69.3927,4
2026-01-29 15:38:00,69.4,69.43,69.38,69.39,19
2026-01-29 15:39:00,69.365,69.5,69.365,69.5,33
2026-01-29 15:40:00,69.49,69.5,69.48,69.48,4
2026-01-29 15:41:00,69.5,69.55,69.47,69.55,37
2026-01-29 15:42:00,69.5,69.5221,69.5,69.5221,8
2026-01-29 15:43:00,69.56,69.56,69.49,69.53,11
2026-01-29 15:44:00,69.53,69.73,69.5,69.725,81
2026-01-29 15:45:00,69.72,69.76,69.53,69.545,43
2026-01-29 15:46:00,69.545,69.59,69.54,69.58,55
2026-01-29 15:47:00,69.58,69.7,69.58,69.665,51
2026-01-29 15:48:00,69.64,69.665,69.6,69.64,56
2026-01-29 15:49:00,69.64,69.647,69.62,69.62,23
2026-01-29 15:50:00,69.65,69.73,69.62,69.645,108
2026-01-29 15:51:00,69.64,69.64,69.48,69.54,34
2026-01-29 15:52:00,69.52,69.58,69.47,69.47,35
2026-01-29 15:53:00,69.48,69.52,69.48,69.505,68
2026-01-29 15:54:00,69.48,69.53,69.44,69.47,107
2026-01-29 15:55:00,69.48,69.48,69.24,69.26,105
2026-01-29 15:56:00,69.25,69.275,69.1,69.12,173
2026-01-29 15:57:00,69.1,69.12,69.06,69.09,92
2026-01-29 15:58:00,69.1,69.21,69.09,69.13,247
2026-01-29 15:59:00,69.125,69.23,69.05,69.12,498
2026-01-30 09:30:00,70.15,70.97,70.08,70.6901,1016
2026-01-30 09:31:00,70.445,70.97,70.435,70.54,22
2026-01-30 09:32:00,70.48,71.13,70.295,70.84,126
2026-01-30 09:33:00,70.99,72.0,70.66,71.11,299
2026-01-30 09:34:00,71.43,71.44,70.695,70.695,55
2026-01-30 09:35:00,70.695,71.01,70.695,70.695,49
2026-01-30 09:36:00,70.695,70.719,70.695,70.719,8
2026-01-30 09:37:00,70.39,70.55,69.51,69.51,79
2026-01-30 09:38:00,69.7975,69.98,69.23,69.61,32
2026-01-30 09:39:00,69.96,69.99,69.33,69.7,152
2026-01-30 09:40:00,69.62,70.06,69.62,70.0,36
2026-01-30 09:41:00,70.0,70.03,69.83,69.87,108
2026-01-30 09:42:00,69.88,70.28,69.88,70.27,39
2026-01-30 09:43:00,70.28,70.28,69.965,70.095,19
2026-01-30 09:44:00,70.1,70.34,70.1,70.34,55
2026-01-30 09:45:00,70.36,70.46,70.19,70.23,43
2026-01-30 09:46:00,70.02,70.03,69.9,70.02,13
2026-01-30 09:47:00,69.9,70.045,69.89,70.045,22
2026-01-30 09:48:00,70.16,70.3,69.82,69.825,63
2026-01-30 09:49:00,69.92,70.27,69.87,70.16,102
2026-01-30 09:50:00,70.03,70.19,69.75,70.19,29
2026-01-30 09:51:00,70.19,70.48,70.13,70.42,25
2026-01-30 09:52:00,70.42,70.49,70.22,70.46,19
2026-01-30 09:53:00,70.44,70.47,70.275,70.44,14
2026-01-30 09:54:00,70.12,70.165,69.705,69.9,49
2026-01-30 09:55:00,69.705,69.78,69.52,69.69,53
2026-01-30 09:56:00,69.66,69.75,69.59,69.74,27
2026-01-30 09:57:00,69.63,69.88,69.51,69.685,50
2026-01-30 09:58:00,69.79,69.8,69.68,69.7,22
2026-01-30 09:59:00,69.65,69.78,69.235,69.3,66
2026-01-30 10:00:00,69.49,69.7,69.44,69.67,13
2026-01-30 10:01:00,69.69,69.72,69.5051,69.61,17
2026-01-30 10:02:00,69.68,69.72,69.32,69.67,23
2026-01-30 10:03:00,69.63,69.8,69.375,69.72,70
2026-01-30 10:04:00,69.71,69.83,69.7,69.83,23
2026-01-30 10:05:00,69.765,70.005,69.765,70.005,32
2026-01-30 10:06:00,70.12,70.27,70.1,70.26,27
2026-01-30 10:07:00,70.33,70.35,70.015,70.35,41
2026-01-30 10:08:00,70.105,70.24,70.105,70.22,43
2026-01-30 10:09:00,70.22,70.23,70.15,70.23,14
2026-01-30 10:10:00,70.24,70.41,70.14,70.35,27
2026-01-30 10:11:00,70.16,70.36,70.15,70.23,57
2026-01-30 10:12:00,70.16,70.16,69.6275,69.74,73
2026-01-30 10:13:00,69.72,69.86,69.71,69.85,26
2026-01-30 10:14:00,69.85,69.88,69.84,69.88,13
2026-01-30 10:15:00,70.0,70.11,69.9801,70.1,22
2026-01-30 10:16:00,70.15,70.23,70.0,70.125,19
2026-01-30 10:17:00,70.23,70.24,70.03,70.23,9
2026-01-30 10:18:00,70.115,70.26,70.02,70.22,100
2026-01-30 10:19:00,70.23,70.23,70.085,70.23,28
2026-01-30 10:20:00,70.23,70.23,70.09,70.23,33
2026-01-30 10:21:00,70.24,70.32,70.04,70.16,36
2026-01-30 10:22:00,70.14,70.14,69.99,70.11,25
2026-01-30 10:23:00,70.1,70.15,70.03,70.15,11
2026-01-30 10:24:00,70.14,70.15,69.96,70.12,26
2026-01-30 10:25:00,70.01,70.09,69.96,70.07,13
2026-01-30 10:26:00,70.07,70.07,69.75,69.81,45
2026-01-30 10:27:00,69.79,69.81,69.705,69.78,17
2026-01-30 10:28:00,69.77,69.78,69.37,69.37,67
2026-01-30 10:29:00,69.3775,69.39,68.8,68.8,215
2026-01-30 10:30:00,68.78,68.83,68.4001,68.57,206
2026-01-30 10:31:00,68.515,68.6,68.4101,68.505,41
2026-01-30 10:32:00,68.61,68.62,68.43,68.445,23
2026-01-30 10:33:00,68.41,68.41,68.41,68.41,2
2026-01-30 10:34:00,68.44,68.45,68.35,68.45,42
2026-01-30 10:35:00,68.33,68.49,68.33,68.44,40
2026-01-30 10:36:00,68.31,68.4,68.31,68.4,2
2026-01-30 10:37:00,68.3,68.385,68.3,68.385,3
2026-01-30 10:38:00,68.46,68.525,68.43,68.485,23
2026-01-30 10:39:00,68.4,68.49,68.34,68.49,21
2026-01-30 10:40:00,68.48,68.55,68.48,68.495,24
2026-01-30 10:41:00,68.495,68.7199,68.4,68.7199,5
2026-01-30 10:42:00,68.42,68.42,68.41,68.41,2
2026-01-30 10:43:00,68.47,68.62,68.4,68.62,29
2026-01-30 10:44:00,68.655,68.66,68.6,68.6,3
2026-01-30 10:45:00,68.6,68.6,68.6,68.6,0
2026-01-30 10:46:00,68.66,68.66,68.58,68.58,2
2026-01-30 10:47:00,68.57,68.65,68.57,68.65,7
2026-01-30 10:48:00,68.56,68.56,68.55,68.55,3
2026-01-30 10:49:00,68.55,69.04,68.52,69.03,34
2026-01-30 10:50:00,69.03,69.03,69.03,69.03,0
2026-01-30 10:51:00,68.89,68.9,68.71,68.71,10
2026-01-30 10:52:00,68.7,68.7,68.48,68.54,16
2026-01-30 10:53:00,68.3,68.3,68.295,68.295,2
2026-01-30 10:54:00,68.295,68.295,68.295,68.295,0
2026-01-30 10:55:00,68.27,68.27,68.27,68.27,1
2026-01-30 10:56:00,68.06,68.12,68.01,68.12,11
2026-01-30 10:57:00,68.12,68.12,68.12,68.12,0
2026-01-30 10:58:00,68.21,68.21,68.01,68.015,19
2026-01-30 10:59:00,68.01,68.17,67.9195,68.17,19
2026-01-30 11:00:00,68.17,68.17,68.112,68.112,3
2026-01-30 11:01:00,68.112,68.112,68.112,68.112,0
2026-01-30 11:02:00,68.085,68.085,68.085,68.085,1
2026-01-30 11:03:00,68.0,68.0,67.93,67.97,4
2026-01-30 11:04:00,67.885,67.885,67.885,67.885,2
2026-01-30 11:05:00,67.835,68.38,67.835,68.075,103
2026-01-30 11:06:00,68.53,68.53,68.49,68.51,3
2026-01-30 11:07:00,68.6,68.745,68.59,68.74,14
2026-01-30 11:08:00,68.58,68.58,68.44,68.475,123
2026-01-30 11:09:00,68.26,68.26,68.17,68.17,6
2026-01-30 11:10:00,68.245,68.245,68.01,68.01,54
2026-01-30 11:11:00,68.01,68.26,68.01,68.26,19
2026-01-30 11:12:00,68.17,68.17,68.165,68.165,2
2026-01-30 11:13:00,68.11,68.11,68.11,68.11,1
2026-01-30 11:14:00,68.15,68.15,68.125,68.125,2
2026-01-30 11:15:00,68.05,68.12,68.04,68.05,6
2026-01-30 11:16:00,68.105,68.11,68.08,68.08,7
2026-01-30 11:17:00,68.12,68.135,68.06,68.06,6
2026-01-30 11:18:00,68.06,68.13,68.03,68.07,8
2026-01-30 11:19:00,68.02,68.02,68.02,68.02,2
2026-01-30 11:20:00,68.07,68.13,68.01,68.13,18
2026-01-30 11:21:00,68.13,68.13,68.08,68.08,6
2026-01-30 11:22:00,68.16,68.26,68.16,68.22,10
2026-01-30 11:23:00,68.225,68.23,68.225,68.23,6
2026-01-30 11:24:00,68.3,68.44,68.23,68.425,46
2026-01-30 11:25:00,68.43,68.45,68.4,68.45,4
2026-01-30 11:26:00,68.49,68.525,68.4,68.4,54
2026-01-30 11:27:00,68.4,68.4,68.4,68.4,0
2026-01-30 11:28:00,68.39,68.5386,68.39,68.39,7
2026-01-30 11:29:00,68.475,68.48,68.43,68.465,33
2026-01-30 11:30:00,68.495,68.87,68.48,68.825,45
2026-01-30 11:31:00,68.97,68.97,68.86,68.86,3
2026-01-30 11:32:00,68.82,68.855,68.8,68.855,18
2026-01-30 11:33:00,68.85,68.87,68.74,68.865,34
2026-01-30 11:34:00,68.83,68.91,68.83,68.91,2
2026-01-30 11:35:00,68.81,68.91,68.71,68.79,154
2026-01-30 11:36:00,68.71,68.71,68.59,68.59,16
2026-01-30 11:37:00,68.59,68.74,68.59,68.74,9
2026-01-30 11:38:00,68.8,68.8,68.69,68.73,9
2026-01-30 11:39:00,68.64,68.64,68.63,68.63,3
2026-01-30 11:40:00,68.72,68.72,68.55,68.57,9
2026-01-30 11:41:00,68.57,68.67,68.57,68.57,3
2026-01-30 11:42:00,68.63,68.66,68.6,68.66,153
2026-01-30 11:43:00,68.695,68.78,68.695,68.75,6
2026-01-30 11:44:00,68.77,68.775,68.7,68.72,16
2026-01-30 11:45:00,68.68,68.71,68.65,68.68,8
2026-01-30 11:46:00,68.65,68.65,68.59,68.59,15
2026-01-30 11:47:00,68.52,68.52,68.5,68.5,3
2026-01-30 11:48:00,68.45,68.585,68.45,68.57,12
2026-01-30 11:49:00,68.62,68.62,68.61,68.61,3
2026-01-30 11:50:00,68.5,68.5,68.47,68.49,3
2026-01-30 11:51:00,68.49,68.56,68.49,68.49,8
2026-01-30 11:52:00,68.55,68.68,68.55,68.68,13
2026-01-30 11:53:00,68.595,68.68,68.59,68.65,7
2026-01-30 11:54:00,68.59,68.72,68.59,68.72,19
2026-01-30 11:55:00,68.715,68.76,68.715,68.76,2
2026-01-30 11:56:00,68.66,68.75,68.65,68.75,16
2026-01-30 11:57:00,68.79,68.87,68.79,68.83,6
2026-01-30 11:58:00,68.8,68.8,68.78,68.78,2
2026-01-30 11:59:00,68.85,68.85,68.81,68.815,8
2026-01-30 12:00:00,68.89,68.9,68.89,68.8925,6
2026-01-30 12:01:00,68.94,69.05,68.94,69.05,13
2026-01-30 12:02:00,69.045,69.05,68.98,69.005,16
2026-01-30 12:03:00,69.005,69.005,69.005,69.005,13
2026-01-30 12:04:00,68.93,68.93,68.84,68.84,21
2026-01-30 12:05:00,68.82,68.97,68.81,68.96,21
2026-01-30 12:06:00,68.9,68.945,68.72,68.72,25
2026-01-30 12:07:00,68.65,68.68,68.61,68.615,22
2026-01-30 12:08:00,68.69,68.69,68.69,68.69,3
2026-01-30 12:09:00,68.69,68.69,68.69,68.69,0
2026-01-30 12:10:00,68.7,68.79,68.7,68.79,7
2026-01-30 12:11:00,68.785,68.785,68.785,68.785,5
2026-01-30 12:12:00,68.7,68.7,68.66,68.66,4
2026-01-30 12:13:00,68.62,68.695,68.58,68.58,6
2026-01-30 12:14:00,68.59,68.73,68.59,68.73,16
2026-01-30 12:15:00,68.72,68.72,68.61,68.61,2
2026-01-30 12:16:00,68.66,68.66,68.47,68.53,124
2026-01-30 12:17:00,68.66,68.74,68.66,68.74,13
2026-01-30 12:18:00,68.725,68.78,68.725,68.725,4
2026-01-30 12:19:00,68.725,68.74,68.725,68.74,6
2026-01-30 12:20:00,68.76,68.76,68.6651,68.6651,5
2026-01-30 12:21:00,68.655,68.655,68.58,68.64,29
2026-01-30 12:22:00,68.7,68.74,68.7,68.7,4
2026-01-30 12:23:00,68.7,68.785,68.7,68.735,23
2026-01-30 12:24:00,68.7,68.825,68.7,68.775,15
2026-01-30 12:25:00,68.8,68.8,68.77,68.77,6
2026-01-30 12:26:00,68.8,68.88,68.775,68.86,18
2026-01-30 12:27:00,68.82,68.88,68.82,68.88,3
2026-01-30 12:28:00,68.82,68.825,68.77,68.825,8
2026-01-30 12:29:00,68.83,68.83,68.83,68.83,1
2026-01-30 12:30:00,68.89,68.9,68.89,68.9,2
2026-01-30 12:31:00,68.83,68.87,68.82,68.82,4
2026-01-30 12:32:00,68.86,69.0,68.82,69.0,22
2026-01-30 12:33:00,69.0,69.06,68.93,68.99,29
2026-01-30 12:34:00,69.1,69.13,69.09,69.09,9
2026-01-30 12:35:00,69.08,69.08,68.83,68.92,54
2026-01-30 12:36:00,69.0,69.0,68.84,68.84,65
2026-01-30 12:37:00,68.95,68.95,68.73,68.73,48
2026-01-30 12:38:00,68.68,68.74,68.68,68.74,3
2026-01-30 12:39:00,68.79,68.8,68.79,68.8,4
2026-01-30 12:40:00,68.71,68.77,68.7,68.715,5
2026-01-30 12:41:00,68.715,68.715,68.715,68.715,0
2026-01-30 12:42:00,68.78,68.79,68.78,68.78,3
2026-01-30 12:43:00,68.7,68.705,68.64,68.705,10
2026-01-30 12:44:00,68.72,68.9,68.715,68.9,10
2026-01-30 12:45:00,68.84,68.885,68.84,68.88,5
2026-01-30 12:46:00,68.885,69.12,68.885,69.08,18
2026-01-30 12:47:00,69.0621,69.0621,69.0621,69.0621,10
2026-01-30 12:48:00,69.055,69.055,69.055,69.055,1
2026-01-30 12:49:00,69.01,69.1395,68.96,68.96,13
2026-01-30 12:50:00,68.89,68.96,68.89,68.96,6
2026-01-30 12:51:00,69.04,69.05,69.0,69.0,9
2026-01-30 12:52:00,69.0,69.07,68.94,68.95,198
2026-01-30 12:53:00,68.95,68.95,68.95,68.95,0
2026-01-30 12:54:00,68.95,68.95,68.95,68.95,0
2026-01-30 12:55:00,69.03,69.03,69.0,69.0,25
2026-01-30 12:56:00,68.94,69.0,68.92,68.92,9
2026-01-30 12:57:00,69.0,69.06,68.95,69.01,17
2026-01-30 12:58:00,68.99,68.99,68.98,68.98,3
2026-01-30 12:59:00,68.99,68.99,68.9,68.9,18
2026-01-30 13:00:00,68.9,68.95,68.87,68.935,23
2026-01-30 13:01:00,68.86,68.945,68.86,68.945,5
2026-01-30 13:02:00,69.0,69.1,68.995,69.06,17
2026-01-30 13:03:00,69.12,69.21,69.12,69.21,15
2026-01-30 13:04:00,69.34,69.34,69.17,69.17,25
2026-01-30 13:05:00,69.195,69.195,69.13,69.145,14
2026-01-30 13:06:00,69.1,69.1,69.06,69.06,4
2026-01-30 13:07:00,69.06,69.06,68.99,69.0,8
2026-01-30 13:08:00,68.99,69.04,68.99,69.01,14
2026-01-30 13:09:00,69.0,69.0,69.0,69.0,1
2026-01-30 13:10:00,68.96,69.03,68.96,69.03,5
2026-01-30 13:11:00,68.95,69.0,68.95,68.96,5
2026-01-30 13:12:00,68.96,69.0,68.89,68.95,67
2026-01-30 13:13:00,68.92,68.92,68.9,68.9,3
2026-01-30 13:14:00,68.955,68.9893,68.89,68.91,29
2026-01-30 13:15:00,68.9,68.99,68.9,68.96,12
2026-01-30 13:16:00,68.93,68.99,68.93,68.95,41
2026-01-30 13:17:00,68.925,68.985,68.91,68.97,16
2026-01-30 13:18:00,68.95,68.95,68.95,68.95,1
2026-01-30 13:19:00,68.945,68.945,68.91,68.91,8
2026-01-30 13:20:00,68.945,68.945,68.91,68.91,4
2026-01-30 13:21:00,68.91,68.955,68.86,68.875,96
2026-01-30 13:22:00,68.84,68.92,68.82,68.85,97
2026-01-30 13:23:00,68.79,68.89,68.79,68.89,12
2026-01-30 13:24:00,68.89,69.005,68.89,69.005,9
2026-01-30 13:25:00,68.96,68.96,68.94,68.955,7
2026-01-30 13:26:00,68.955,68.955,68.955,68.955,0
2026-01-30 13:27:00,69.01,69.07,69.005,69.02,23
2026-01-30 13:28:00,69.01,69.02,69.0,69.02,85
2026-01-30 13:29:00,69.035,69.21,69.035,69.19,25
2026-01-30 13:30:00,69.2,69.22,69.13,69.14,128
2026-01-30 13:31:00,69.14,69.14,69.14,69.14,0
2026-01-30 13:32:00,69.16,69.16,69.09,69.14,10
2026-01-30 13:33:00,69.1,69.1,69.1,69.1,1
2026-01-30 13:34:00,69.02,69.03,68.98,68.98,6
2026-01-30 13:35:00,68.995,69.0,68.93,68.945,38
2026-01-30 13:36:00,68.945,69.01,68.945,68.99,8
2026-01-30 13:37:00,68.99,68.99,68.925,68.925,14
2026-01-30 13:38:00,68.96,68.975,68.96,68.97,18
2026-01-30 13:39:00,68.94,69.0,68.94,69.0,4
2026-01-30 13:40:00,68.995,68.995,68.96,68.995,15
2026-01-30 13:41:00,68.965,69.01,68.965,69.01,2
2026-01-30 13:42:00,68.95,68.97,68.93,68.97,5
2026-01-30 13:43:00,68.91,68.92,68.82,68.84,103
2026-01-30 13:44:00,68.84,68.86,68.78,68.855,26
2026-01-30 13:45:00,68.9,68.94,68.9,68.92,15
2026-01-30 13:46:00,68.885,68.885,68.885,68.885,4
2026-01-30 13:47:00,68.89,68.89,68.88,68.88,5
2026-01-30 13:48:00,68.91,68.91,68.91,68.91,1
2026-01-30 13:49:00,68.91,68.99,68.9,68.935,45
2026-01-30 13:50:00,68.935,69.05,68.935,69.04,14
2026-01-30 13:51:00,69.0221,69.03,68.96,69.0,17
2026-01-30 13:52:00,69.08,69.08,69.08,69.08,2
2026-01-30 13:53:00,69.06,69.11,69.06,69.11,6
2026-01-30 13:54:00,69.095,69.1,69.05,69.1,20
2026-01-30 13:55:00,69.09,69.09,69.04,69.085,4
2026-01-30 13:56:00,69.05,69.18,69.05,69.17,21
2026-01-30 13:57:00,69.21,69.25,69.21,69.25,4
2026-01-30 13:58:00,69.26,69.34,69.26,69.34,12
2026-01-30 13:59:00,69.375,69.42,69.365,69.395,22
2026-01-30 14:00:00,69.44,69.58,69.43,69.58,11
2026-01-30 14:01:00,69.5,69.53,69.47,69.53,196
2026-01-30 14:02:00,69.62,69.67,69.53,69.54,19
2026-01-30 14:03:00,69.545,69.61,69.4916,69.61,10
2026-01-30 14:04:00,69.63,69.72,69.62,69.71,8
2026-01-30 14:05:00,69.685,69.81,69.685,69.81,19
2026-01-30 14:06:00,69.81,69.96,69.81,69.91,32
2026-01-30 14:07:00,69.925,69.925,69.81,69.825,44
2026-01-30 14:08:00,69.8108,69.83,69.8108,69.83,8
2026-01-30 14:09:00,69.81,69.81,69.81,69.81,1
2026-01-30 14:10:00,69.83,69.94,69.82,69.82,24
2026-01-30 14:11:00,69.87,69.885,69.77,69.87,30
2026-01-30 14:12:00,69.82,69.85,69.82,69.85,2
2026-01-30 14:13:00,69.78,69.78,69.66,69.66,16
2026-01-30 14:14:00,69.651,69.73,69.651,69.7,18
2026-01-30 14:15:00,69.7,69.7,69.7,69.7,0
2026-01-30 14:16:00,69.7,69.78,69.7,69.78,20
2026-01-30 14:17:00,69.79,69.86,69.79,69.83,22
2026-01-30 14:18:00,69.9,69.95,69.87,69.87,17
2026-01-30 14:19:00,69.8501,69.8501,69.8501,69.8501,1
2026-01-30 14:20:00,69.93,70.03,69.93,69.96,21
2026-01-30 14:21:00,69.93,70.01,69.93,70.01,13
2026-01-30 14:22:00,70.0,70.0141,69.93,70.0141,20
2026-01-30 14:23:00,70.015,70.015,69.95,69.98,16
2026-01-30 14:24:00,70.005,70.15,70.005,70.0499,20
2026-01-30 14:25:00,70.13,70.15,70.11,70.11,15
2026-01-30 14:26:00,70.11,70.125,70.11,70.125,4
2026-01-30 14:27:00,70.125,70.125,70.125,70.125,0
2026-01-30 14:28:00,70.12,70.12,70.06,70.085,139
2026-01-30 14:29:00,70.08,70.13,69.88,69.88,98
2026-01-30 14:30:00,69.81,69.89,69.4,69.54,118
2026-01-30 14:31:00,69.6,69.72,69.58,69.72,36
2026-01-30 14:32:00,69.66,69.69,69.66,69.69,2
2026-01-30 14:33:00,69.685,69.695,69.62,69.66,33
2026-01-30 14:34:00,69.675,69.92,69.675,69.875,33
2026-01-30 14:35:00,69.83,69.875,69.8,69.875,3
2026-01-30 14:36:00,69.9,69.93,69.9,69.93,4
2026-01-30 14:37:00,69.82,69.82,69.82,69.82,1
2026-01-30 14:38:00,69.88,69.94,69.88,69.94,2
2026-01-30 14:39:00,69.88,69.88,69.88,69.88,1
2026-01-30 14:40:00,69.94,70.0,69.94,70.0,16
2026-01-30 14:41:00,69.97,70.08,69.97,70.08,3
2026-01-30 14:42:00,70.08,70.08,70.08,70.08,0
2026-01-30 14:43:00,70.15,70.15,70.15,70.15,4
2026-01-30 14:44:00,70.17,70.17,70.11,70.12,19
2026-01-30 14:45:00,70.155,70.345,70.13,70.13,157
2026-01-30 14:46:00,70.08,70.22,70.08,70.17,149
2026-01-30 14:47:00,70.14,70.16,70.1026,70.16,14
2026-01-30 14:48:00,70.1,70.1,70.04,70.04,7
2026-01-30 14:49:00,70.03,70.06,69.99,70.03,13
2026-01-30 14:50:00,70.025,70.12,70.025,70.12,10
2026-01-30 14:51:00,70.085,70.105,70.085,70.105,6
2026-01-30 14:52:00,70.105,70.11,70.105,70.11,7
2026-01-30 14:53:00,70.11,70.35,70.11,70.34,25
2026-01-30 14:54:00,70.41,70.5,70.41,70.5,100
2026-01-30 14:55:00,70.4954,70.56,70.47,70.56,14
2026-01-30 14:56:00,70.505,70.5699,70.5,70.5,16
2026-01-30 14:57:00,70.505,70.54,70.49,70.49,15
2026-01-30 14:58:00,70.45,70.63,70.41,70.575,142
2026-01-30 14:59:00,70.54,70.565,70.36,70.43,117
2026-01-30 15:00:00,70.41,70.44,70.25,70.38,184
2026-01-30 15:01:00,70.37,70.51,70.365,70.51,113
2026-01-30 15:02:00,70.555,70.6599,70.495,70.6599,95
2026-01-30 15:03:00,70.58,70.59,70.5,70.51,34
2026-01-30 15:04:00,70.545,70.58,70.51,70.545,12
2026-01-30 15:05:00,70.545,70.64,70.545,70.6,104
2026-01-30 15:06:00,70.55,70.55,70.51,70.51,21
2026-01-30 15:07:00,70.51,70.55,70.48,70.55,137
2026-01-30 15:08:00,70.56,70.57,70.55,70.57,23
2026-01-30 15:09:00,70.55,70.565,70.48,70.5,41
2026-01-30 15:10:00,70.49,70.52,70.49,70.52,8
2026-01-30 15:11:00,70.495,70.55,70.495,70.51,24
2026-01-30 15:12:00,70.51,70.51,70.45,70.465,40
2026-01-30 15:13:00,70.465,70.465,70.38,70.385,38
2026-01-30 15:14:00,70.385,70.405,70.37,70.37,55
2026-01-30 15:15:00,70.37,70.44,70.31,70.31,137
2026-01-30 15:16:00,70.32,70.485,70.32,70.48,40
2026-01-30 15:17:00,70.43,70.4325,70.42,70.43,13
2026-01-30 15:18:00,70.45,70.47,70.43,70.43,43
2026-01-30 15:19:00,70.43,70.43,70.34,70.355,31
2026-01-30 15:20:00,70.34,70.4,70.32,70.35,83
2026-01-30 15:21:00,70.35,70.35,70.29,70.35,27
2026-01-30 15:22:00,70.35,70.35,70.23,70.335,60
2026-01-30 15:23:00,70.35,70.425,70.325,70.425,33
2026-01-30 15:24:00,70.435,70.525,70.435,70.52,26
2026-01-30 15:25:00,70.55,70.625,70.55,70.625,33
2026-01-30 15:26:00,70.62,70.7,70.62,70.685,48
2026-01-30 15:27:00,70.68,70.76,70.66,70.76,13
2026-01-30 15:28:00,70.715,70.715,70.6,70.645,87
2026-01-30 15:29:00,70.67,70.7,70.62,70.655,26
2026-01-30 15:30:00,70.6235,70.655,70.48,70.505,146
2026-01-30 15:31:00,70.505,70.64,70.49,70.62,85
2026-01-30 15:32:00,70.66,70.71,70.45,70.46,121
2026-01-30 15:33:00,70.43,70.515,70.38,70.515,82
2026-01-30 15:34:00,70.5,70.575,70.37,70.43,146
2026-01-30 15:35:00,70.45,70.54,70.45,70.505,25
2026-01-30 15:36:00,70.47,70.47,70.19,70.32,29
2026-01-30 15:37:00,70.295,70.485,70.295,70.485,33
2026-01-30 15:38:00,70.5,70.5,70.5,70.5,2
2026-01-30 15:39:00,70.465,70.73,70.465,70.66,82
2026-01-30 15:40:00,70.68,70.71,70.68,70.68,16
2026-01-30 15:41:00,70.68,70.78,70.66,70.78,28
2026-01-30 15:42:00,70.76,70.765,70.68,70.685,81
2026-01-30 15:43:00,70.71,70.74,70.66,70.6725,76
2026-01-30 15:44:00,70.675,70.76,70.675,70.76,24
2026-01-30 15:45:00,70.77,70.88,70.77,70.845,48
2026-01-30 15:46:00,70.87,70.92,70.81,70.865,59
2026-01-30 15:47:00,70.83,70.885,70.77,70.77,34
2026-01-30 15:48:00,70.77,70.81,70.71,70.71,36
2026-01-30 15:49:00,70.69,70.76,70.54,70.71,96
2026-01-30 15:50:00,70.73,70.79,70.54,70.545,366
2026-01-30 15:51:00,70.575,70.63,70.44,70.44,124
2026-01-30 15:52:00,70.44,70.46,70.35,70.45,79
2026-01-30 15:53:00,70.445,70.49,70.3,70.3266,136
2026-01-30 15:54:00,70.305,70.33,69.61,69.685,132
2026-01-30 15:55:00,69.72,69.86,69.61,69.76,222
2026-01-30 15:56:00,69.78,69.78,69.63,69.63,144
2026-01-30 15:57:00,69.64,69.64,69.45,69.48,237
2026-01-30 15:58:00,69.46,69.465,69.24,69.305,719
2026-01-30 15:59:00,69.295,69.42,69.21,69.33,750
